Time_Sec;Pos_H;Pos_V;Pos_R;Temp_A;Temp_B;Set_A;Set_B;Stable_A;Stable_B
0.003;0.0;0.0;0.0;22.53846153846154;22.700854700854702;25.0;25.0;0;0
0.104;0.0;0.0;0.0;22.53846153846154;22.700854700854702;25.0;25.0;0;0
0.205;0.0;0.0;0.0;22.53846153846154;22.700854700854702;25.0;25.0;0;0
0.307;0.0;0.0;0.0;22.53846153846154;22.700854700854702;25.0;25.0;0;0
0.409;0.0;0.0;0.0;22.53846153846154;22.700854700854702;25.0;25.0;0;0
0.522;0.0;0.0;0.0;22.53846153846154;22.700854700854702;25.0;25.0;0;0
0.636;0.0;0.0;0.0;22.53846153846154;22.700854700854702;25.0;25.0;0;0
0.766;0.0;0.0;0.0;22.53846153846154;22.700854700854702;25.0;25.0;0;0
0.877;0.0;0.0;0.0;22.53846153846154;22.700854700854702;25.0;25.0;0;0
0.978;0.0;0.0;0.0;22.53846153846154;22.700854700854702;25.0;25.0;0;0
1.085;0.0;0.0;0.0;22.53846153846154;22.700854700854702;25.0;25.0;0;0
1.194;0.0;0.0;0.0;22.53846153846154;22.700854700854702;25.0;25.0;0;0
1.297;0.0;0.0;0.0;22.53846153846154;22.700854700854702;25.0;25.0;0;0
1.407;0.0;0.0;0.0;22.53846153846154;22.700854700854702;25.0;25.0;0;0
1.517;0.0;0.0;0.0;22.53846153846154;22.700854700854702;25.0;25.0;0;0
1.628;0.0;0.0;0.0;22.53846153846154;22.700854700854702;25.0;25.0;0;0
1.729;0.0;0.0;0.0;22.53846153846154;22.700854700854702;25.0;25.0;0;0
1.83;0.0;0.0;0.0;22.53846153846154;22.700854700854702;25.0;25.0;0;0
1.932;0.0;0.0;0.0;22.53846153846154;22.700854700854702;25.0;25.0;0;0
2.043;0.0;0.0;0.0;22.53846153846154;22.700854700854702;25.0;25.0;0;0
2.154;0.0;0.0;0.0;22.53846153846154;22.700854700854702;25.0;25.0;0;0
2.263;0.0;0.0;0.0;22.53846153846154;22.700854700854702;25.0;25.0;0;0
2.373;0.0;0.0;0.0;22.53846153846154;22.700854700854702;25.0;25.0;0;0
2.485;0.0;0.0;0.0;22.53846153846154;22.700854700854702;25.0;25.0;0;0
2.593;0.0;0.0;0.0;22.53846153846154;22.700854700854702;25.0;25.0;0;0
2.694;0.0;0.0;0.0;22.53846153846154;22.700854700854702;25.0;25.0;0;0
2.802;0.0;0.0;0.0;22.53846153846154;22.700854700854702;25.0;25.0;0;0
2.917;0.0;0.0;0.0;22.53846153846154;22.700854700854702;25.0;25.0;0;0
3.038;0.0;0.0;0.0;22.53846153846154;22.700854700854702;25.0;25.0;0;0
3.139;0.0;0.0;0.0;22.53846153846154;22.700854700854702;25.0;25.0;0;0
3.259;0.0;0.0;0.0;22.53846153846154;22.700854700854702;25.0;25.0;0;0
3.369;0.0;0.0;0.0;22.53846153846154;22.64957264957265;25.0;25.0;0;0
3.479;0.0;0.0;0.0;22.53846153846154;22.64957264957265;25.0;25.0;0;0
3.59;0.0;0.0;0.0;22.53846153846154;22.64957264957265;25.0;25.0;0;0
3.691;0.0;0.0;0.0;22.53846153846154;22.64957264957265;25.0;25.0;0;0
3.814;0.0;0.0;0.0;22.53846153846154;22.64957264957265;25.0;25.0;0;0
3.925;0.0;0.0;0.0;22.53846153846154;22.64957264957265;25.0;25.0;0;0
4.037;0.0;0.0;0.0;22.53846153846154;22.64957264957265;25.0;25.0;0;0
4.138;0.0;0.0;0.0;22.53846153846154;22.64957264957265;25.0;25.0;0;0
4.239;0.0;0.0;0.0;22.53846153846154;22.700854700854702;25.0;25.0;0;0
4.341;0.0;0.0;0.0;22.53846153846154;22.700854700854702;25.0;25.0;0;0
4.467;0.0;0.0;0.0;22.53846153846154;22.700854700854702;25.0;25.0;0;0
4.576;0.0;0.0;0.0;22.53846153846154;22.700854700854702;25.0;25.0;0;0
4.686;0.0;0.0;0.0;22.53846153846154;22.700854700854702;25.0;25.0;0;0
4.796;0.0;0.0;0.0;22.53846153846154;22.700854700854702;25.0;25.0;0;0
4.935;0.0;0.0;0.0;22.53846153846154;22.700854700854702;25.0;25.0;0;0
5.041;0.0;0.0;0.0;22.53846153846154;22.700854700854702;25.0;25.0;0;0
5.162;0.0;0.0;0.0;22.53846153846154;22.700854700854702;25.0;25.0;0;0
5.263;0.0;0.0;0.0;22.53846153846154;22.700854700854702;25.0;25.0;0;0
5.381;0.0;0.0;0.0;22.53846153846154;22.700854700854702;25.0;25.0;0;0
5.481;0.0;0.0;0.0;22.53846153846154;22.700854700854702;25.0;25.0;0;0
5.583;0.0;0.0;0.0;22.53846153846154;22.700854700854702;25.0;25.0;0;0
5.695;0.0;0.0;0.0;22.53846153846154;22.700854700854702;25.0;25.0;0;0
5.801;0.0;0.0;0.0;22.53846153846154;22.700854700854702;25.0;25.0;0;0
5.92;0.0;0.0;0.0;22.53846153846154;22.700854700854702;25.0;25.0;0;0
6.038;0.0;0.0;0.0;22.53846153846154;22.700854700854702;25.0;25.0;0;0
6.139;0.0;0.0;0.0;22.53846153846154;22.700854700854702;25.0;25.0;0;0
6.244;0.0;0.0;0.0;22.53846153846154;22.700854700854702;25.0;25.0;0;0
6.358;0.0;0.0;0.0;22.58974358974359;22.700854700854702;25.0;25.0;0;0
6.462;0.0;0.0;0.0;22.58974358974359;22.700854700854702;25.0;25.0;0;0
6.566;0.0;0.0;0.0;22.58974358974359;22.700854700854702;25.0;25.0;0;0
6.701;0.0;0.0;0.0;22.58974358974359;22.700854700854702;25.0;25.0;0;0
6.801;0.0;0.0;0.0;22.58974358974359;22.700854700854702;25.0;25.0;0;0
6.916;0.0;0.0;0.0;22.58974358974359;22.700854700854702;25.0;25.0;0;0
7.017;0.0;0.0;0.0;22.58974358974359;22.700854700854702;25.0;25.0;0;0
7.121;0.0;0.0;0.0;22.58974358974359;22.700854700854702;25.0;25.0;0;0
7.227;0.0;0.0;0.0;22.58974358974359;22.700854700854702;25.0;25.0;0;0
7.339;0.0;0.0;0.0;22.53846153846154;22.752136752136753;25.0;25.0;0;0
7.448;0.0;0.0;0.0;22.53846153846154;22.752136752136753;25.0;25.0;0;0
7.559;0.0;0.0;0.0;22.53846153846154;22.752136752136753;25.0;25.0;0;0
7.671;0.0;0.0;0.0;22.53846153846154;22.752136752136753;25.0;25.0;0;0
7.784;0.0;0.0;0.0;22.53846153846154;22.752136752136753;25.0;25.0;0;0
7.886;0.0;0.0;0.0;22.53846153846154;22.752136752136753;25.0;25.0;0;0
8.003;0.0;0.0;0.0;22.53846153846154;22.752136752136753;25.0;25.0;0;0
8.105;0.0;0.0;0.0;22.53846153846154;22.752136752136753;25.0;25.0;0;0
8.22;0.0;0.0;0.0;22.53846153846154;22.752136752136753;25.0;25.0;0;0
8.325;0.0;0.0;0.0;22.53846153846154;22.700854700854702;25.0;25.0;0;0
8.436;0.0;0.0;0.0;22.53846153846154;22.700854700854702;25.0;25.0;0;0
8.54;0.0;0.0;0.0;22.53846153846154;22.700854700854702;25.0;25.0;0;0
8.655;0.0;0.0;0.0;22.53846153846154;22.700854700854702;25.0;25.0;0;0
8.765;0.0;0.0;0.0;22.53846153846154;22.700854700854702;25.0;25.0;0;0
8.874;0.0;0.0;0.0;22.53846153846154;22.700854700854702;25.0;25.0;0;0
8.975;0.0;0.0;0.0;22.53846153846154;22.700854700854702;25.0;25.0;0;0
9.078;0.0;0.0;0.0;22.53846153846154;22.700854700854702;25.0;25.0;0;0
9.204;0.0;0.0;0.0;22.53846153846154;22.700854700854702;25.0;25.0;0;0
9.323;0.0;0.0;0.0;22.53846153846154;22.700854700854702;25.0;25.0;0;0
9.424;0.0;0.0;0.0;22.53846153846154;22.700854700854702;25.0;25.0;0;0
9.535;0.0;0.0;0.0;22.53846153846154;22.700854700854702;25.0;25.0;0;0
9.639;0.0;0.0;0.0;22.53846153846154;22.700854700854702;25.0;25.0;0;0
9.741;0.0;0.0;0.0;22.53846153846154;22.700854700854702;25.0;25.0;0;0
9.87;0.0;0.0;0.0;22.53846153846154;22.700854700854702;25.0;25.0;0;0
9.985;0.0;0.0;0.0;22.53846153846154;22.700854700854702;25.0;25.0;0;0
10.086;0.0;0.0;0.0;22.53846153846154;22.700854700854702;25.0;25.0;0;0
10.194;0.0;0.0;0.0;22.53846153846154;22.700854700854702;25.0;25.0;0;0
10.302;0.0;0.0;0.0;22.53846153846154;22.700854700854702;25.0;25.0;0;0
10.417;0.0;0.0;0.0;22.53846153846154;22.700854700854702;25.0;25.0;0;0
10.519;0.0;0.0;0.0;22.53846153846154;22.700854700854702;25.0;25.0;0;0
10.638;0.0;0.0;0.0;22.53846153846154;22.700854700854702;25.0;25.0;0;0
10.742;0.0;0.0;0.0;22.53846153846154;22.700854700854702;25.0;25.0;0;0
10.856;0.1525;0.0;0.0;22.53846153846154;22.700854700854702;25.0;25.0;0;0
10.956;0.66625;0.0;0.0;22.53846153846154;22.700854700854702;25.0;25.0;0;0
11.06;1.17625;0.0;0.0;22.53846153846154;22.700854700854702;25.0;25.0;0;0
11.162;1.6825;0.0;0.0;22.53846153846154;22.700854700854702;25.0;25.0;0;0
11.28;2.1925;0.0;0.0;22.53846153846154;22.700854700854702;25.0;25.0;0;0
11.403;2.95875;0.0;0.0;22.53846153846154;22.752136752136753;25.0;25.0;0;0
11.516;3.4625;0.0;0.0;22.53846153846154;22.752136752136753;25.0;25.0;0;0
11.625;4.22625;0.0;0.0;22.53846153846154;22.752136752136753;25.0;25.0;0;0
11.738;4.4825;0.0;0.0;22.53846153846154;22.752136752136753;25.0;25.0;0;0
11.841;5.0;0.0;0.0;22.53846153846154;22.752136752136753;25.0;25.0;0;0
11.956;5.0;0.0;0.0;22.53846153846154;22.752136752136753;25.0;25.0;0;0
12.057;5.0;0.0;0.0;22.53846153846154;22.752136752136753;25.0;25.0;0;0
12.159;5.0;0.0;0.0;22.53846153846154;22.752136752136753;25.0;25.0;0;0
12.277;5.0;0.0;0.0;22.53846153846154;22.752136752136753;25.0;25.0;0;0
12.378;5.0;0.0;0.0;22.58974358974359;22.700854700854702;25.0;25.0;0;0
12.498;5.0;0.0;0.0;22.58974358974359;22.700854700854702;25.0;25.0;0;0
12.611;5.0;0.0;0.0;22.58974358974359;22.700854700854702;25.0;25.0;0;0
12.721;5.0;0.0;0.0;22.58974358974359;22.700854700854702;25.0;25.0;0;0
12.833;5.0;0.0;0.0;22.58974358974359;22.700854700854702;25.0;25.0;0;0
12.936;5.0;0.0;0.0;22.58974358974359;22.700854700854702;25.0;25.0;0;0
13.038;5.0;0.0;0.0;22.58974358974359;22.700854700854702;25.0;25.0;0;0
13.14;5.0;0.0;0.0;22.58974358974359;22.700854700854702;25.0;25.0;0;0
13.249;5.0;0.0;0.0;22.58974358974359;22.700854700854702;25.0;25.0;0;0
13.35;5.0;0.0;0.0;22.58974358974359;22.700854700854702;25.0;25.0;0;0
13.451;5.0;0.0;0.0;22.58974358974359;22.700854700854702;25.0;25.0;0;0
13.558;5.0;0.0;0.0;22.58974358974359;22.700854700854702;25.0;25.0;0;0
13.665;5.0;0.0;0.0;22.58974358974359;22.700854700854702;25.0;25.0;0;0
13.776;5.0;0.0;0.0;22.58974358974359;22.700854700854702;25.0;25.0;0;0
13.891;5.0;0.0;0.0;22.58974358974359;22.700854700854702;25.0;25.0;0;0
13.995;5.0;0.0;0.0;22.58974358974359;22.700854700854702;25.0;25.0;0;0
14.106;4.805;0.0;0.0;22.58974358974359;22.700854700854702;25.0;25.0;0;0
14.209;4.2925;0.0;0.0;22.58974358974359;22.700854700854702;25.0;25.0;0;0
14.322;3.785;0.0;0.0;22.53846153846154;22.700854700854702;25.0;25.0;0;0
14.425;3.02625;0.0;0.0;22.53846153846154;22.700854700854702;25.0;25.0;0;0
14.526;2.5175;0.0;0.0;22.53846153846154;22.700854700854702;25.0;25.0;0;0
14.641;2.015;0.0;0.0;22.53846153846154;22.700854700854702;25.0;25.0;0;0
14.742;1.50625;0.0;0.0;22.53846153846154;22.700854700854702;25.0;25.0;0;0
14.847;1.0;0.0;0.0;22.53846153846154;22.700854700854702;25.0;25.0;0;0
14.951;0.49125;0.0;0.0;22.53846153846154;22.700854700854702;25.0;25.0;0;0
15.052;0.0325;0.0;0.0;22.53846153846154;22.700854700854702;25.0;25.0;0;0
15.162;0.0;0.0;0.0;22.53846153846154;22.700854700854702;25.0;25.0;0;0
15.266;0.0;0.0;0.0;22.53846153846154;22.700854700854702;25.0;25.0;0;0
15.367;0.0;0.0;0.0;22.53846153846154;22.700854700854702;25.0;25.0;0;0
15.468;0.0;0.0;0.0;22.53846153846154;22.700854700854702;25.0;25.0;0;0
15.569;0.0;0.0;0.0;22.53846153846154;22.700854700854702;25.0;25.0;0;0
15.678;0.0;0.0;0.0;22.53846153846154;22.700854700854702;25.0;25.0;0;0
15.792;0.0;0.0;0.0;22.53846153846154;22.700854700854702;25.0;25.0;0;0
15.899;0.0;0.0;0.0;22.53846153846154;22.700854700854702;25.0;25.0;0;0
16.009;0.0;0.0;0.0;22.53846153846154;22.700854700854702;25.0;25.0;0;0
16.12;0.0;0.0;0.0;22.53846153846154;22.700854700854702;25.0;25.0;0;0
16.232;0.0;0.0;0.0;22.53846153846154;22.700854700854702;25.0;25.0;0;0
16.332;0.0;0.0;0.0;22.53846153846154;22.700854700854702;25.0;25.0;0;0
16.437;0.0;0.0;0.0;22.53846153846154;22.700854700854702;25.0;25.0;0;0
16.543;0.0;0.0;0.0;22.53846153846154;22.700854700854702;25.0;25.0;0;0
16.656;0.0;0.0;0.0;22.53846153846154;22.700854700854702;25.0;25.0;0;0
16.766;0.0;0.0;0.0;22.53846153846154;22.700854700854702;25.0;25.0;0;0
16.876;0.0;0.0;0.0;22.53846153846154;22.700854700854702;25.0;25.0;0;0
16.985;0.0;0.0;0.0;22.53846153846154;22.700854700854702;25.0;25.0;0;0
17.087;0.0;0.0;0.0;22.53846153846154;22.700854700854702;25.0;25.0;0;0
17.207;0.0;0.0;0.0;22.53846153846154;22.700854700854702;25.0;25.0;0;0
17.318;0.0;0.0;0.0;22.53846153846154;22.700854700854702;25.0;25.0;0;0
17.426;0.23625;0.0;0.0;22.53846153846154;22.700854700854702;25.0;25.0;0;0
17.54;0.74875;0.0;0.0;22.53846153846154;22.700854700854702;25.0;25.0;0;0
17.652;1.50875;0.0;0.0;22.53846153846154;22.700854700854702;25.0;25.0;0;0
17.753;2.02;0.0;0.0;22.53846153846154;22.700854700854702;25.0;25.0;0;0
17.857;2.52625;0.0;0.0;22.53846153846154;22.700854700854702;25.0;25.0;0;0
17.967;3.04125;0.0;0.0;22.53846153846154;22.700854700854702;25.0;25.0;0;0
18.075;3.5575;0.0;0.0;22.53846153846154;22.700854700854702;25.0;25.0;0;0
18.178;4.06875;0.0;0.0;22.53846153846154;22.700854700854702;25.0;25.0;0;0
18.289;4.585;0.0;0.0;22.53846153846154;22.700854700854702;25.0;25.0;0;0
18.4;5.35375;0.0;0.0;22.53846153846154;22.700854700854702;25.0;25.0;0;0
18.511;5.86875;0.0;0.0;22.53846153846154;22.700854700854702;25.0;25.0;0;0
18.612;6.38375;0.0;0.0;22.53846153846154;22.700854700854702;25.0;25.0;0;0
18.715;6.64125;0.0;0.0;22.53846153846154;22.700854700854702;25.0;25.0;0;0
18.816;7.4075;0.0;0.0;22.53846153846154;22.700854700854702;25.0;25.0;0;0
18.923;7.9225;0.0;0.0;22.53846153846154;22.700854700854702;25.0;25.0;0;0
19.03;8.4325;0.0;0.0;22.53846153846154;22.700854700854702;25.0;25.0;0;0
19.141;8.9475;0.0;0.0;22.53846153846154;22.700854700854702;25.0;25.0;0;0
19.247;9.4625;0.0;0.0;22.53846153846154;22.700854700854702;25.0;25.0;0;0
19.361;10.235;0.0;0.0;22.53846153846154;22.700854700854702;25.0;25.0;0;0
19.466;10.74375;0.0;0.0;22.53846153846154;22.700854700854702;25.0;25.0;0;0
19.569;11.24875;0.0;0.0;22.53846153846154;22.700854700854702;25.0;25.0;0;0
19.673;11.75875;0.0;0.0;22.53846153846154;22.700854700854702;25.0;25.0;0;0
19.782;12.26875;0.0;0.0;22.53846153846154;22.700854700854702;25.0;25.0;0;0
19.895;12.6475;0.0;0.0;22.53846153846154;22.700854700854702;25.0;25.0;0;0
19.996;12.65;0.0;0.0;22.53846153846154;22.700854700854702;25.0;25.0;0;0
20.096;12.65;0.41375;0.0;22.53846153846154;22.700854700854702;25.0;25.0;0;0
20.208;12.65;0.9225;0.0;22.53846153846154;22.700854700854702;25.0;25.0;0;0
20.333;12.65;1.435;0.0;22.53846153846154;22.700854700854702;25.0;25.0;0;0
20.444;12.65;1.94875;0.0;22.53846153846154;22.64957264957265;25.0;25.0;0;0
20.552;12.65;2.45625;0.0;22.53846153846154;22.64957264957265;25.0;25.0;0;0
20.663;12.65;2.975;0.0;22.53846153846154;22.64957264957265;25.0;25.0;0;0
20.772;12.65;3.75375;0.0;22.53846153846154;22.64957264957265;25.0;25.0;0;0
20.895;12.65;4.0125;0.0;22.53846153846154;22.64957264957265;25.0;25.0;0;0
21.023;12.65;4.79125;0.0;22.53846153846154;22.64957264957265;25.0;25.0;0;0
21.127;12.65;5.56375;0.0;22.53846153846154;22.64957264957265;25.0;25.0;0;0
21.246;12.65;6.08125;0.0;22.53846153846154;22.64957264957265;25.0;25.0;0;0
21.366;12.65;6.8525;0.0;22.58974358974359;22.700854700854702;25.0;25.0;0;0
21.479;12.65;7.10875;0.0;22.58974358974359;22.700854700854702;25.0;25.0;0;0
21.58;12.65;7.8775;0.0;22.58974358974359;22.700854700854702;25.0;25.0;0;0
21.698;12.65;8.385;0.0;22.58974358974359;22.700854700854702;25.0;25.0;0;0
21.799;12.65;9.15625;0.0;22.58974358974359;22.700854700854702;25.0;25.0;0;0
21.916;12.65;9.36875;0.0;22.58974358974359;22.700854700854702;25.0;25.0;0;0
22.029;12.65;9.41;0.061896509036890326;22.58974358974359;22.700854700854702;25.0;25.0;0;0
22.136;12.65;9.41;0.12379301807378065;22.58974358974359;22.700854700854702;25.0;25.0;0;0
22.239;12.65;9.41;0.43327556325823224;22.58974358974359;22.700854700854702;25.0;25.0;0;0
22.341;12.65;9.41;0.5570685813320129;22.58974358974359;22.700854700854702;25.0;25.0;0;0
22.461;12.65;9.41;0.9284476355533549;22.58974358974359;22.700854700854702;25.0;25.0;0;0
22.568;12.65;9.41;0.9903441445902452;22.58974358974359;22.700854700854702;25.0;25.0;0;0
22.67;12.65;9.41;0.9903441445902452;22.58974358974359;22.700854700854702;25.0;25.0;0;0
22.779;12.65;9.41;0.9903441445902452;22.58974358974359;22.700854700854702;25.0;25.0;0;0
22.882;12.65;9.41;0.9903441445902452;22.58974358974359;22.700854700854702;25.0;25.0;0;0
22.999;12.65;9.41;0.9903441445902452;22.58974358974359;22.700854700854702;25.0;25.0;0;0
23.107;12.65;9.41;0.9903441445902452;22.58974358974359;22.700854700854702;25.0;25.0;0;0
23.218;12.65;9.41;0.9903441445902452;22.58974358974359;22.700854700854702;25.0;25.0;0;0
23.318;12.65;9.41;0.9903441445902452;22.58974358974359;22.700854700854702;25.0;25.0;0;0
23.423;12.65;9.41;0.9903441445902452;22.53846153846154;22.700854700854702;25.0;25.0;0;0
23.524;12.65;9.41;0.9903441445902452;22.53846153846154;22.700854700854702;25.0;25.0;0;0
23.642;12.65;9.41;0.9903441445902452;22.53846153846154;22.700854700854702;25.0;25.0;0;0
23.767;12.65;9.41;0.9903441445902452;22.53846153846154;22.700854700854702;25.0;25.0;0;0
23.876;12.65;9.41;0.9903441445902452;22.53846153846154;22.700854700854702;25.0;25.0;0;0
23.98;12.65;9.41;0.9903441445902452;22.53846153846154;22.700854700854702;25.0;25.0;0;0
24.095;12.65;9.41;0.9903441445902452;22.53846153846154;22.700854700854702;25.0;25.0;0;0
24.205;12.65;9.41;0.9903441445902452;22.53846153846154;22.700854700854702;25.0;25.0;0;0
24.311;12.65;9.41;0.9903441445902452;22.53846153846154;22.700854700854702;25.0;25.0;0;0
24.413;12.65;9.41;0.9903441445902452;22.53846153846154;22.700854700854702;25.0;25.0;0;0
24.532;12.65;9.41;0.9903441445902452;22.53846153846154;22.700854700854702;25.0;25.0;0;0
24.633;12.65;9.41;0.9903441445902452;22.53846153846154;22.700854700854702;25.0;25.0;0;0
24.735;12.65;9.41;0.9903441445902452;22.53846153846154;22.700854700854702;25.0;25.0;0;0
24.837;12.65;9.41;0.9903441445902452;22.53846153846154;22.700854700854702;25.0;25.0;0;0
24.952;12.65;9.41;0.9903441445902452;22.53846153846154;22.700854700854702;25.0;25.0;0;0
25.059;12.65;9.41;0.9903441445902452;22.53846153846154;22.700854700854702;25.0;25.0;0;0
25.172;12.65;9.41;0.9903441445902452;22.53846153846154;22.700854700854702;25.0;25.0;0;0
25.282;12.65;9.41;0.9903441445902452;22.53846153846154;22.700854700854702;25.0;25.0;0;0
25.39;12.65;9.41;0.9903441445902452;22.53846153846154;22.700854700854702;25.0;25.0;0;0
25.494;12.65;9.41;0.9903441445902452;22.53846153846154;22.700854700854702;25.0;25.0;0;0
25.608;12.65;9.41;0.9903441445902452;22.53846153846154;22.700854700854702;25.0;25.0;0;0
25.712;12.65;9.41;0.9903441445902452;22.53846153846154;22.700854700854702;25.0;25.0;0;0
25.813;12.65;9.41;0.9903441445902452;22.53846153846154;22.700854700854702;25.0;25.0;0;0
25.921;12.65;9.41;0.9903441445902452;22.53846153846154;22.700854700854702;25.0;25.0;0;0
26.036;12.65;9.41;0.9903441445902452;22.53846153846154;22.700854700854702;25.0;25.0;0;0
26.155;12.65;9.41;0.9903441445902452;22.53846153846154;22.700854700854702;25.0;25.0;0;0
26.28;12.65;9.41;0.9903441445902452;22.53846153846154;22.700854700854702;25.0;25.0;0;0
26.39;12.65;9.41;0.9903441445902452;22.53846153846154;22.700854700854702;25.0;25.0;0;0
26.498;12.65;9.41;0.9903441445902452;22.53846153846154;22.700854700854702;25.0;25.0;0;0
26.607;12.65;9.41;0.9903441445902452;22.53846153846154;22.700854700854702;25.0;25.0;0;0
26.707;12.65;9.41;0.9903441445902452;22.53846153846154;22.700854700854702;25.0;25.0;0;0
26.827;12.65;9.41;0.9903441445902452;22.53846153846154;22.700854700854702;25.0;25.0;0;0
26.953;12.65;9.41;0.9903441445902452;22.53846153846154;22.700854700854702;25.0;25.0;0;0
27.061;12.65;9.41;0.9903441445902452;22.53846153846154;22.700854700854702;25.0;25.0;0;0
27.171;12.65;9.41;0.9903441445902452;22.53846153846154;22.700854700854702;25.0;25.0;0;0
27.275;12.65;9.41;0.9903441445902452;22.53846153846154;22.700854700854702;25.0;25.0;0;0
27.39;12.65;9.41;0.9903441445902452;22.53846153846154;22.700854700854702;25.0;25.0;0;0
27.5;12.65;9.41;0.9903441445902452;22.53846153846154;22.700854700854702;25.0;25.0;0;0
27.609;12.65;9.41;0.9903441445902452;22.53846153846154;22.700854700854702;25.0;25.0;0;0
27.716;12.65;9.41;0.9903441445902452;22.53846153846154;22.700854700854702;25.0;25.0;0;0
27.829;12.65;9.41;0.9903441445902452;22.53846153846154;22.700854700854702;25.0;25.0;0;0
27.938;12.65;9.41;0.9903441445902452;22.53846153846154;22.700854700854702;25.0;25.0;0;0
28.049;12.65;9.41;0.9903441445902452;22.53846153846154;22.700854700854702;25.0;25.0;0;0
28.163;12.65;9.41;0.9903441445902452;22.53846153846154;22.700854700854702;25.0;25.0;0;0
28.269;12.65;9.41;0.9903441445902452;22.53846153846154;22.700854700854702;25.0;25.0;0;0
28.379;12.65;9.41;0.9903441445902452;22.58974358974359;22.700854700854702;25.0;25.0;0;0
28.489;12.65;9.41;0.9903441445902452;22.58974358974359;22.700854700854702;25.0;25.0;0;0
28.592;12.65;9.41;0.9903441445902452;22.58974358974359;22.700854700854702;25.0;25.0;0;0
28.708;12.65;9.41;0.9903441445902452;22.58974358974359;22.700854700854702;25.0;25.0;0;0
28.817;12.65;9.41;0.9903441445902452;22.58974358974359;22.700854700854702;25.0;25.0;0;0
28.928;12.65;9.41;0.9903441445902452;22.58974358974359;22.700854700854702;25.0;25.0;0;0
29.038;12.65;9.41;0.9903441445902452;22.58974358974359;22.700854700854702;25.0;25.0;0;0
29.148;12.65;9.41;0.9903441445902452;22.58974358974359;22.700854700854702;25.0;25.0;0;0
29.26;12.65;9.41;0.9903441445902452;22.58974358974359;22.700854700854702;25.0;25.0;0;0
29.363;12.65;9.41;0.9903441445902452;22.53846153846154;22.700854700854702;25.0;25.0;0;0
29.463;12.65;9.41;0.9903441445902452;22.53846153846154;22.700854700854702;25.0;25.0;0;0
29.584;12.65;9.41;0.9903441445902452;22.53846153846154;22.700854700854702;25.0;25.0;0;0
29.686;12.65;9.41;0.9903441445902452;22.53846153846154;22.700854700854702;25.0;25.0;0;0
29.788;12.65;9.41;0.9903441445902452;22.53846153846154;22.700854700854702;25.0;25.0;0;0
29.888;12.65;9.41;0.9903441445902452;22.53846153846154;22.700854700854702;25.0;25.0;0;0
29.991;12.65;9.41;0.9903441445902452;22.53846153846154;22.700854700854702;25.0;25.0;0;0
30.094;12.65;9.41;0.9903441445902452;22.53846153846154;22.700854700854702;25.0;25.0;0;0
30.196;12.65;9.41;0.9903441445902452;22.53846153846154;22.700854700854702;25.0;25.0;0;0
30.297;12.65;9.41;0.9903441445902452;22.53846153846154;22.700854700854702;25.0;25.0;0;0
30.405;12.65;9.41;0.9903441445902452;22.53846153846154;22.700854700854702;25.0;25.0;0;0
30.518;12.65;9.41;0.9903441445902452;22.53846153846154;22.700854700854702;25.0;25.0;0;0
30.627;12.65;9.41;0.9903441445902452;22.53846153846154;22.700854700854702;25.0;25.0;0;0
30.727;12.65;9.41;0.9903441445902452;22.53846153846154;22.700854700854702;25.0;25.0;0;0
30.829;12.65;9.41;0.9903441445902452;22.53846153846154;22.700854700854702;25.0;25.0;0;0
30.929;12.65;9.41;0.9903441445902452;22.53846153846154;22.700854700854702;25.0;25.0;0;0
31.041;12.65;9.41;0.9903441445902452;22.53846153846154;22.700854700854702;25.0;25.0;0;0
31.154;12.65;9.41;0.9903441445902452;22.53846153846154;22.700854700854702;25.0;25.0;0;0
31.263;12.65;9.41;0.9903441445902452;22.53846153846154;22.700854700854702;25.0;25.0;0;0
31.364;12.65;9.41;0.9903441445902452;22.53846153846154;22.700854700854702;25.0;25.0;0;0
31.47;12.65;9.41;0.9903441445902452;22.53846153846154;22.700854700854702;25.0;25.0;0;0
31.579;12.65;9.41;0.9903441445902452;22.53846153846154;22.700854700854702;25.0;25.0;0;0
31.69;12.65;9.41;0.9903441445902452;22.53846153846154;22.700854700854702;25.0;25.0;0;0
31.801;12.65;9.41;0.9903441445902452;22.53846153846154;22.700854700854702;25.0;25.0;0;0
31.911;12.65;9.41;0.9903441445902452;22.53846153846154;22.700854700854702;25.0;25.0;0;0
32.025;12.65;9.41;0.9903441445902452;22.53846153846154;22.700854700854702;25.0;25.0;0;0
32.136;12.65;9.41;0.9903441445902452;22.53846153846154;22.700854700854702;25.0;25.0;0;0
32.249;12.65;9.41;0.9903441445902452;22.53846153846154;22.700854700854702;25.0;25.0;0;0
32.35;12.65;9.41;0.9903441445902452;22.53846153846154;22.700854700854702;25.0;25.0;0;0
32.453;12.65;9.41;0.9903441445902452;22.53846153846154;22.700854700854702;25.0;25.0;0;0
32.563;12.65;9.41;0.9903441445902452;22.53846153846154;22.700854700854702;25.0;25.0;0;0
32.673;12.65;9.41;0.9903441445902452;22.53846153846154;22.700854700854702;25.0;25.0;0;0
32.785;12.65;9.41;0.9903441445902452;22.53846153846154;22.700854700854702;25.0;25.0;0;0
32.898;12.65;9.41;0.9903441445902452;22.53846153846154;22.700854700854702;25.0;25.0;0;0
33.008;12.65;9.41;0.9903441445902452;22.53846153846154;22.700854700854702;25.0;25.0;0;0
33.12;12.65;9.41;0.9903441445902452;22.53846153846154;22.700854700854702;25.0;25.0;0;0
33.229;12.65;9.41;0.9903441445902452;22.53846153846154;22.700854700854702;25.0;25.0;0;0
33.341;12.65;9.41;0.9903441445902452;22.53846153846154;22.700854700854702;25.0;25.0;0;0
33.452;12.65;9.41;0.9903441445902452;22.53846153846154;22.700854700854702;25.0;25.0;0;0
33.564;12.65;9.41;0.9903441445902452;22.53846153846154;22.700854700854702;25.0;25.0;0;0
33.671;12.65;9.41;0.9903441445902452;22.53846153846154;22.700854700854702;25.0;25.0;0;0
33.781;12.65;9.41;0.9903441445902452;22.53846153846154;22.700854700854702;25.0;25.0;0;0
33.894;12.65;9.41;0.9903441445902452;22.53846153846154;22.700854700854702;25.0;25.0;0;0
34.004;12.65;9.41;0.9903441445902452;22.53846153846154;22.700854700854702;25.0;25.0;0;0
34.117;12.65;9.41;0.9903441445902452;22.53846153846154;22.700854700854702;25.0;25.0;0;0
34.226;12.65;9.41;0.9903441445902452;22.53846153846154;22.700854700854702;25.0;25.0;0;0
34.337;12.65;9.41;0.9903441445902452;22.53846153846154;22.700854700854702;25.0;25.0;0;0
34.447;12.65;9.41;0.9903441445902452;22.53846153846154;22.752136752136753;25.0;25.0;0;0
34.547;12.65;9.41;0.9903441445902452;22.53846153846154;22.752136752136753;25.0;25.0;0;0
34.654;12.65;9.41;0.9903441445902452;22.53846153846154;22.752136752136753;25.0;25.0;0;0
34.764;12.65;9.41;0.9903441445902452;22.53846153846154;22.752136752136753;25.0;25.0;0;0
34.875;12.65;9.41;0.9903441445902452;22.53846153846154;22.752136752136753;25.0;25.0;0;0
34.981;12.65;9.41;0.9903441445902452;22.53846153846154;22.752136752136753;25.0;25.0;0;0
35.085;12.65;9.41;0.9903441445902452;22.53846153846154;22.752136752136753;25.0;25.0;0;0
35.192;12.65;9.41;0.9903441445902452;22.53846153846154;22.752136752136753;25.0;25.0;0;0
35.295;12.65;9.41;0.9903441445902452;22.53846153846154;22.752136752136753;25.0;25.0;0;0
35.408;12.65;9.41;0.9903441445902452;22.53846153846154;22.700854700854702;25.0;25.0;0;0
35.517;12.65;9.41;0.9903441445902452;22.53846153846154;22.700854700854702;25.0;25.0;0;0
35.626;12.65;9.41;0.9903441445902452;22.53846153846154;22.700854700854702;25.0;25.0;0;0
35.734;12.65;9.41;0.9903441445902452;22.53846153846154;22.700854700854702;25.0;25.0;0;0
35.845;12.65;9.41;0.9903441445902452;22.53846153846154;22.700854700854702;25.0;25.0;0;0
35.956;12.65;9.41;0.9903441445902452;22.53846153846154;22.700854700854702;25.0;25.0;0;0
36.065;12.65;9.41;0.9903441445902452;22.53846153846154;22.700854700854702;25.0;25.0;0;0
36.173;12.65;9.41;0.9903441445902452;22.53846153846154;22.700854700854702;25.0;25.0;0;0
36.282;12.65;9.41;0.9903441445902452;22.53846153846154;22.700854700854702;25.0;25.0;0;0
36.389;12.65;9.41;0.9903441445902452;22.53846153846154;22.700854700854702;25.0;25.0;0;0
36.505;12.65;9.41;0.9903441445902452;22.53846153846154;22.700854700854702;25.0;25.0;0;0
36.611;12.65;9.41;0.9903441445902452;22.53846153846154;22.700854700854702;25.0;25.0;0;0
36.724;12.65;9.41;0.9903441445902452;22.53846153846154;22.700854700854702;25.0;25.0;0;0
36.825;12.65;9.41;0.9903441445902452;22.53846153846154;22.700854700854702;25.0;25.0;0;0
36.941;12.65;9.41;0.9903441445902452;22.53846153846154;22.700854700854702;25.0;25.0;0;0
37.051;12.65;9.41;0.9903441445902452;22.53846153846154;22.700854700854702;25.0;25.0;0;0
37.16;12.65;9.41;0.9903441445902452;22.53846153846154;22.700854700854702;25.0;25.0;0;0
37.263;12.65;9.41;0.9903441445902452;22.53846153846154;22.700854700854702;25.0;25.0;0;0
37.364;12.65;9.41;0.9903441445902452;22.53846153846154;22.700854700854702;25.0;25.0;0;0
37.476;12.65;9.41;0.9903441445902452;22.53846153846154;22.752136752136753;25.0;25.0;0;0
37.576;12.65;9.41;0.9903441445902452;22.53846153846154;22.752136752136753;25.0;25.0;0;0
37.683;12.65;9.41;0.9903441445902452;22.53846153846154;22.752136752136753;25.0;25.0;0;0
37.785;12.65;9.41;0.9903441445902452;22.53846153846154;22.752136752136753;25.0;25.0;0;0
37.887;12.65;9.41;0.9903441445902452;22.53846153846154;22.752136752136753;25.0;25.0;0;0
37.99;12.65;9.41;0.9903441445902452;22.53846153846154;22.752136752136753;25.0;25.0;0;0
38.094;12.65;9.41;0.9903441445902452;22.53846153846154;22.752136752136753;25.0;25.0;0;0
38.196;12.65;9.41;0.9903441445902452;22.53846153846154;22.752136752136753;25.0;25.0;0;0
38.309;12.65;9.41;0.9903441445902452;22.53846153846154;22.752136752136753;25.0;25.0;0;0
38.411;12.65;9.41;0.9903441445902452;22.53846153846154;22.752136752136753;25.0;25.0;0;0
38.531;12.65;9.41;0.9903441445902452;22.53846153846154;22.752136752136753;25.0;25.0;0;0
38.631;12.65;9.41;0.9903441445902452;22.53846153846154;22.752136752136753;25.0;25.0;0;0
38.736;12.65;9.41;0.9903441445902452;22.53846153846154;22.752136752136753;25.0;25.0;0;0
38.837;12.65;9.41;0.9903441445902452;22.53846153846154;22.752136752136753;25.0;25.0;0;0
38.959;12.65;9.41;0.9903441445902452;22.53846153846154;22.752136752136753;25.0;25.0;0;0
39.061;12.65;9.41;0.9903441445902452;22.53846153846154;22.752136752136753;25.0;25.0;0;0
39.175;12.65;9.41;0.9903441445902452;22.53846153846154;22.752136752136753;25.0;25.0;0;0
39.276;12.65;9.41;0.9903441445902452;22.53846153846154;22.752136752136753;25.0;25.0;0;0
39.393;12.65;9.41;0.9903441445902452;22.53846153846154;22.700854700854702;25.0;25.0;0;0
39.493;12.65;9.41;0.9903441445902452;22.53846153846154;22.700854700854702;25.0;25.0;0;0
39.613;12.65;9.41;0.9903441445902452;22.53846153846154;22.700854700854702;25.0;25.0;0;0
39.724;12.65;9.41;0.9903441445902452;22.53846153846154;22.700854700854702;25.0;25.0;0;0
39.835;12.65;9.41;0.9903441445902452;22.53846153846154;22.700854700854702;25.0;25.0;0;0
39.935;12.65;9.41;0.9903441445902452;22.53846153846154;22.700854700854702;25.0;25.0;0;0
40.051;12.65;9.41;0.9903441445902452;22.53846153846154;22.700854700854702;25.0;25.0;0;0
40.153;12.65;9.41;0.9903441445902452;22.53846153846154;22.700854700854702;25.0;25.0;0;0
40.274;12.65;9.41;0.9903441445902452;22.53846153846154;22.700854700854702;25.0;25.0;0;0
40.374;12.65;9.41;0.9903441445902452;22.53846153846154;22.700854700854702;25.0;25.0;0;0
40.487;12.65;9.41;0.9903441445902452;22.53846153846154;22.700854700854702;25.0;25.0;0;0
40.598;12.65;9.41;0.9903441445902452;22.53846153846154;22.700854700854702;25.0;25.0;0;0
40.709;12.65;9.41;0.9903441445902452;22.53846153846154;22.700854700854702;25.0;25.0;0;0
40.81;12.65;9.41;0.9903441445902452;22.53846153846154;22.700854700854702;25.0;25.0;0;0
40.912;12.65;9.41;0.9903441445902452;22.53846153846154;22.700854700854702;25.0;25.0;0;0
41.03;12.65;9.41;0.9903441445902452;22.53846153846154;22.700854700854702;25.0;25.0;0;0
41.132;12.65;9.41;0.9903441445902452;22.53846153846154;22.700854700854702;25.0;25.0;0;0
41.234;12.65;9.41;0.9903441445902452;22.53846153846154;22.700854700854702;25.0;25.0;0;0
41.353;12.65;9.41;0.9903441445902452;22.53846153846154;22.700854700854702;25.0;25.0;0;0
41.456;12.65;9.41;0.9903441445902452;22.58974358974359;22.700854700854702;25.0;25.0;0;0
41.571;12.65;9.41;0.9903441445902452;22.58974358974359;22.700854700854702;25.0;25.0;0;0
41.689;12.65;9.41;0.9903441445902452;22.58974358974359;22.700854700854702;25.0;25.0;0;0
41.792;12.65;9.41;0.9903441445902452;22.58974358974359;22.700854700854702;25.0;25.0;0;0
41.896;12.65;9.41;0.9903441445902452;22.58974358974359;22.700854700854702;25.0;25.0;0;0
41.999;12.65;9.41;0.9903441445902452;22.58974358974359;22.700854700854702;25.0;25.0;0;0
42.111;12.65;9.41;0.9903441445902452;22.58974358974359;22.700854700854702;25.0;25.0;0;0
42.229;12.65;9.41;0.9903441445902452;22.58974358974359;22.700854700854702;25.0;25.0;0;0
42.357;12.65;9.41;0.9903441445902452;22.58974358974359;22.700854700854702;25.0;25.0;0;0
42.465;12.65;9.41;0.9903441445902452;22.53846153846154;22.700854700854702;25.0;25.0;0;0
42.568;12.65;9.41;0.9903441445902452;22.53846153846154;22.700854700854702;25.0;25.0;0;0
42.686;12.65;9.41;0.9903441445902452;22.53846153846154;22.700854700854702;25.0;25.0;0;0
42.798;12.65;9.41;0.9903441445902452;22.53846153846154;22.700854700854702;25.0;25.0;0;0
42.9;12.65;9.41;0.9903441445902452;22.53846153846154;22.700854700854702;25.0;25.0;0;0
43.001;12.65;9.41;0.9903441445902452;22.53846153846154;22.700854700854702;25.0;25.0;0;0
43.129;12.65;9.41;0.9903441445902452;22.53846153846154;22.700854700854702;25.0;25.0;0;0
43.234;12.65;9.41;0.9903441445902452;22.53846153846154;22.700854700854702;25.0;25.0;0;0
43.343;12.65;9.41;0.9903441445902452;22.53846153846154;22.700854700854702;25.0;25.0;0;0
43.452;12.65;9.41;0.9903441445902452;22.53846153846154;22.700854700854702;25.0;25.0;0;0
43.562;12.65;9.41;0.9903441445902452;22.53846153846154;22.700854700854702;25.0;25.0;0;0
43.669;12.65;9.41;0.9903441445902452;22.53846153846154;22.700854700854702;25.0;25.0;0;0
43.779;12.65;9.41;0.9903441445902452;22.53846153846154;22.700854700854702;25.0;25.0;0;0
43.88;12.65;9.41;0.9903441445902452;22.53846153846154;22.700854700854702;25.0;25.0;0;0
43.982;12.65;9.41;0.9903441445902452;22.53846153846154;22.700854700854702;25.0;25.0;0;0
44.085;12.65;9.41;0.9903441445902452;22.53846153846154;22.700854700854702;25.0;25.0;0;0
44.197;12.65;9.41;0.9903441445902452;22.53846153846154;22.700854700854702;25.0;25.0;0;0
44.309;12.65;9.41;0.9903441445902452;22.53846153846154;22.700854700854702;25.0;25.0;0;0
44.41;12.65;9.41;0.9903441445902452;22.53846153846154;22.700854700854702;25.0;25.0;0;0
44.526;12.65;9.41;0.9903441445902452;22.53846153846154;22.700854700854702;25.0;25.0;0;0
44.63;12.65;9.41;0.9903441445902452;22.53846153846154;22.700854700854702;25.0;25.0;0;0
44.741;12.65;9.41;0.9903441445902452;22.53846153846154;22.700854700854702;25.0;25.0;0;0
44.851;12.65;9.41;0.9903441445902452;22.53846153846154;22.700854700854702;25.0;25.0;0;0
44.963;12.65;9.41;0.9903441445902452;22.53846153846154;22.700854700854702;25.0;25.0;0;0
45.076;12.65;9.41;0.9903441445902452;22.53846153846154;22.700854700854702;25.0;25.0;0;0
45.184;12.65;9.41;0.9903441445902452;22.53846153846154;22.700854700854702;25.0;25.0;0;0
45.295;12.65;9.41;0.9903441445902452;22.53846153846154;22.700854700854702;25.0;25.0;0;0
45.402;12.65;9.41;0.9903441445902452;22.58974358974359;22.752136752136753;25.0;25.0;0;0
45.504;12.65;9.41;0.9903441445902452;22.58974358974359;22.752136752136753;25.0;25.0;0;0
45.613;12.65;9.41;0.9903441445902452;22.58974358974359;22.752136752136753;25.0;25.0;0;0
45.722;12.65;9.41;0.9903441445902452;22.58974358974359;22.752136752136753;25.0;25.0;0;0
45.831;12.65;9.41;0.9903441445902452;22.58974358974359;22.752136752136753;25.0;25.0;0;0
45.943;12.65;9.41;0.9903441445902452;22.58974358974359;22.752136752136753;25.0;25.0;0;0
46.053;12.65;9.41;0.9903441445902452;22.58974358974359;22.752136752136753;25.0;25.0;0;0
46.162;12.65;9.41;0.9903441445902452;22.58974358974359;22.752136752136753;25.0;25.0;0;0
46.274;12.65;9.41;0.9903441445902452;22.58974358974359;22.752136752136753;25.0;25.0;0;0
46.386;12.65;9.41;0.9903441445902452;22.58974358974359;22.752136752136753;25.0;25.0;0;0
46.495;12.65;9.41;0.9903441445902452;22.53846153846154;22.752136752136753;25.0;25.0;0;0
46.597;12.65;9.41;0.9903441445902452;22.53846153846154;22.752136752136753;25.0;25.0;0;0
46.705;12.65;9.41;0.9903441445902452;22.53846153846154;22.752136752136753;25.0;25.0;0;0
46.816;12.65;9.41;0.9903441445902452;22.53846153846154;22.752136752136753;25.0;25.0;0;0
46.926;12.65;9.41;0.9903441445902452;22.53846153846154;22.752136752136753;25.0;25.0;0;0
47.034;12.65;9.41;0.9903441445902452;22.53846153846154;22.752136752136753;25.0;25.0;0;0
47.153;12.65;9.41;0.9903441445902452;22.53846153846154;22.752136752136753;25.0;25.0;0;0
47.263;12.65;9.41;0.9903441445902452;22.53846153846154;22.752136752136753;25.0;25.0;0;0
47.374;12.65;9.41;0.9903441445902452;22.53846153846154;22.752136752136753;25.0;25.0;0;0
47.482;12.65;9.41;0.9903441445902452;22.58974358974359;22.700854700854702;25.0;25.0;0;0
47.583;12.65;9.41;0.9903441445902452;22.58974358974359;22.700854700854702;25.0;25.0;0;0
47.688;12.65;9.41;0.9903441445902452;22.58974358974359;22.700854700854702;25.0;25.0;0;0
47.799;12.65;9.41;0.9903441445902452;22.58974358974359;22.700854700854702;25.0;25.0;0;0
47.909;12.65;9.41;0.9903441445902452;22.58974358974359;22.700854700854702;25.0;25.0;0;0
48.023;12.65;9.41;0.9903441445902452;22.58974358974359;22.700854700854702;25.0;25.0;0;0
48.134;12.65;9.41;0.9903441445902452;22.58974358974359;22.700854700854702;25.0;25.0;0;0
48.243;12.65;9.41;0.9903441445902452;22.58974358974359;22.700854700854702;25.0;25.0;0;0
48.355;12.65;9.41;0.9903441445902452;22.58974358974359;22.700854700854702;25.0;25.0;0;0
48.466;12.65;9.41;0.9903441445902452;22.53846153846154;22.700854700854702;25.0;25.0;0;0
48.567;12.65;9.41;0.9903441445902452;22.53846153846154;22.700854700854702;25.0;25.0;0;0
48.674;12.65;9.41;0.9903441445902452;22.53846153846154;22.700854700854702;25.0;25.0;0;0
48.783;12.65;9.41;0.9903441445902452;22.53846153846154;22.700854700854702;25.0;25.0;0;0
48.895;12.65;9.41;0.9903441445902452;22.53846153846154;22.700854700854702;25.0;25.0;0;0
49.005;12.65;9.41;0.9903441445902452;22.53846153846154;22.700854700854702;25.0;25.0;0;0
49.115;12.65;9.41;0.9903441445902452;22.53846153846154;22.700854700854702;25.0;25.0;0;0
49.227;12.52;9.41;0.9903441445902452;22.53846153846154;22.700854700854702;25.0;25.0;0;0
49.339;12.015;9.41;0.9903441445902452;22.53846153846154;22.700854700854702;25.0;25.0;0;0
49.447;11.50625;9.41;0.9903441445902452;22.53846153846154;22.700854700854702;25.0;25.0;0;0
49.562;10.74875;9.41;0.9903441445902452;22.53846153846154;22.700854700854702;25.0;25.0;0;0
49.665;10.49375;9.41;0.9903441445902452;22.53846153846154;22.700854700854702;25.0;25.0;0;0
49.767;9.72625;9.41;0.9903441445902452;22.53846153846154;22.700854700854702;25.0;25.0;0;0
49.877;9.2125;9.41;0.9903441445902452;22.53846153846154;22.700854700854702;25.0;25.0;0;0
49.987;8.6975;9.41;0.9903441445902452;22.53846153846154;22.700854700854702;25.0;25.0;0;0
50.099;8.18375;9.41;0.9903441445902452;22.53846153846154;22.700854700854702;25.0;25.0;0;0
50.206;7.67375;9.41;0.9903441445902452;22.53846153846154;22.700854700854702;25.0;25.0;0;0
50.309;6.90375;9.41;0.9903441445902452;22.53846153846154;22.700854700854702;25.0;25.0;0;0
50.41;6.39625;9.41;0.9903441445902452;22.53846153846154;22.700854700854702;25.0;25.0;0;0
50.517;5.88375;9.41;0.9903441445902452;22.53846153846154;22.700854700854702;25.0;25.0;0;0
50.63;5.37125;9.41;0.9903441445902452;22.53846153846154;22.700854700854702;25.0;25.0;0;0
50.737;4.86375;9.41;0.9903441445902452;22.53846153846154;22.700854700854702;25.0;25.0;0;0
50.851;4.35;9.41;0.9903441445902452;22.53846153846154;22.700854700854702;25.0;25.0;0;0
50.958;3.83625;9.41;0.9903441445902452;22.53846153846154;22.700854700854702;25.0;25.0;0;0
51.072;3.0725;9.41;0.9903441445902452;22.53846153846154;22.700854700854702;25.0;25.0;0;0
51.181;2.55875;9.41;0.9903441445902452;22.53846153846154;22.700854700854702;25.0;25.0;0;0
51.293;2.05;9.41;0.9903441445902452;22.53846153846154;22.700854700854702;25.0;25.0;0;0
51.398;1.5425;9.41;0.9903441445902452;22.53846153846154;22.700854700854702;25.0;25.0;0;0
51.511;0.78125;9.41;0.9903441445902452;22.53846153846154;22.700854700854702;25.0;25.0;0;0
51.624;0.53125;9.41;0.9903441445902452;22.53846153846154;22.700854700854702;25.0;25.0;0;0
51.73;0.0;9.41;0.9903441445902452;22.53846153846154;22.700854700854702;25.0;25.0;0;0
51.846;0.0;9.41;0.9903441445902452;22.53846153846154;22.700854700854702;25.0;25.0;0;0
51.951;0.0;9.05625;0.9903441445902452;22.53846153846154;22.700854700854702;25.0;25.0;0;0
52.072;0.0;8.28875;0.9903441445902452;22.53846153846154;22.700854700854702;25.0;25.0;0;0
52.173;0.0;7.7825;0.9903441445902452;22.53846153846154;22.700854700854702;25.0;25.0;0;0
52.281;0.0;7.27125;0.9903441445902452;22.53846153846154;22.700854700854702;25.0;25.0;0;0
52.392;0.0;6.75875;0.9903441445902452;22.53846153846154;22.700854700854702;25.0;25.0;0;0
52.503;0.0;6.24625;0.9903441445902452;22.58974358974359;22.700854700854702;25.0;25.0;0;0
52.611;0.0;5.73;0.9903441445902452;22.58974358974359;22.700854700854702;25.0;25.0;0;0
52.72;0.0;4.95875;0.9903441445902452;22.58974358974359;22.700854700854702;25.0;25.0;0;0
52.83;0.0;4.44125;0.9903441445902452;22.58974358974359;22.700854700854702;25.0;25.0;0;0
52.939;0.0;3.925;0.9903441445902452;22.58974358974359;22.700854700854702;25.0;25.0;0;0
53.051;0.0;3.415;0.9903441445902452;22.58974358974359;22.700854700854702;25.0;25.0;0;0
53.154;0.0;2.89875;0.9903441445902452;22.58974358974359;22.700854700854702;25.0;25.0;0;0
53.269;0.0;2.12875;0.9903441445902452;22.58974358974359;22.700854700854702;25.0;25.0;0;0
53.379;0.0;1.62375;0.9903441445902452;22.58974358974359;22.700854700854702;25.0;25.0;0;0
53.49;0.0;1.11375;0.9903441445902452;22.53846153846154;22.700854700854702;25.0;25.0;0;0
53.603;0.0;0.60375;0.9903441445902452;22.53846153846154;22.700854700854702;25.0;25.0;0;0
53.71;0.0;0.1025;0.9903441445902452;22.53846153846154;22.700854700854702;25.0;25.0;0;0
53.814;0.0;0.0;0.9903441445902452;22.53846153846154;22.700854700854702;25.0;25.0;0;0
53.93;0.0;0.0;0.7427581084426839;22.53846153846154;22.700854700854702;25.0;25.0;0;0
54.044;0.0;0.0;0.5570685813320129;22.53846153846154;22.700854700854702;25.0;25.0;0;0
54.147;0.0;0.0;0.3094825451844516;22.53846153846154;22.700854700854702;25.0;25.0;0;0
54.256;0.0;0.0;0.12379301807378065;22.53846153846154;22.700854700854702;25.0;25.0;0;0
54.366;0.0;0.0;0.0;22.53846153846154;22.700854700854702;25.0;25.0;0;0
54.468;0.0;0.0;0.0;22.58974358974359;22.700854700854702;25.0;25.0;0;0
54.583;0.0;0.0;0.0;22.58974358974359;22.700854700854702;25.0;25.0;0;0
54.693;0.0;0.0;0.0;22.58974358974359;22.700854700854702;25.0;25.0;0;0
54.807;0.0;0.0;0.0;22.58974358974359;22.700854700854702;25.0;25.0;0;0
54.911;0.0;0.0;0.0;22.58974358974359;22.700854700854702;25.0;25.0;0;0
55.026;0.0;0.0;0.0;22.58974358974359;22.700854700854702;25.0;25.0;0;0
55.128;0.0;0.0;0.0;22.58974358974359;22.700854700854702;25.0;25.0;0;0
55.237;0.0;0.0;0.0;22.58974358974359;22.700854700854702;25.0;25.0;0;0
55.347;0.0;0.0;0.0;22.58974358974359;22.700854700854702;25.0;25.0;0;0
55.456;0.0;0.0;0.0;22.53846153846154;22.700854700854702;25.0;25.0;0;0
55.571;0.0;0.0;0.0;22.53846153846154;22.700854700854702;25.0;25.0;0;0
55.674;0.0;0.0;0.0;22.53846153846154;22.700854700854702;25.0;25.0;0;0
55.784;0.0;0.0;0.0;22.53846153846154;22.700854700854702;25.0;25.0;0;0
55.896;0.0;0.0;0.0;22.53846153846154;22.700854700854702;25.0;25.0;0;0
56.001;0.0;0.0;0.0;22.53846153846154;22.700854700854702;25.0;25.0;0;0
56.116;0.0;0.0;0.0;22.53846153846154;22.700854700854702;25.0;25.0;0;0
56.226;0.0;0.0;0.0;22.53846153846154;22.700854700854702;25.0;25.0;0;0
56.336;0.0;0.0;0.0;22.53846153846154;22.700854700854702;25.0;25.0;0;0
56.447;0.0;0.0;0.0;22.58974358974359;22.700854700854702;25.0;25.0;0;0
56.556;0.0;0.0;0.0;22.58974358974359;22.700854700854702;25.0;25.0;0;0
56.666;0.0;0.0;0.0;22.58974358974359;22.700854700854702;25.0;25.0;0;0
56.784;0.0;0.0;0.0;22.58974358974359;22.700854700854702;25.0;25.0;0;0
56.89;0.0;0.0;0.0;22.58974358974359;22.700854700854702;25.0;25.0;0;0
56.995;0.0;0.0;0.0;22.58974358974359;22.700854700854702;25.0;25.0;0;0
57.1;0.0;0.0;0.0;22.58974358974359;22.700854700854702;25.0;25.0;0;0
57.215;0.0;0.0;0.0;22.58974358974359;22.700854700854702;25.0;25.0;0;0
57.324;0.0;0.0;0.0;22.58974358974359;22.700854700854702;25.0;25.0;0;0
57.433;0.0;0.0;0.0;22.53846153846154;22.752136752136753;25.0;25.0;0;0
57.543;0.0;0.0;0.0;22.53846153846154;22.752136752136753;25.0;25.0;0;0
57.653;0.0;0.0;0.0;22.53846153846154;22.752136752136753;25.0;25.0;0;0
57.758;0.0;0.0;0.0;22.53846153846154;22.752136752136753;25.0;25.0;0;0
57.87;0.0;0.0;0.0;22.53846153846154;22.752136752136753;25.0;25.0;0;0
57.981;0.0;0.0;0.0;22.53846153846154;22.752136752136753;25.0;25.0;0;0
58.09;0.0;0.0;0.0;22.53846153846154;22.752136752136753;25.0;25.0;0;0
58.2;0.0;0.0;0.0;22.53846153846154;22.752136752136753;25.0;25.0;0;0
58.312;0.0;0.0;0.0;22.53846153846154;22.752136752136753;25.0;25.0;0;0
58.414;0.0;0.0;0.0;22.53846153846154;22.700854700854702;25.0;25.0;0;0
58.515;0.0;0.0;0.0;22.53846153846154;22.700854700854702;25.0;25.0;0;0
58.638;0.0;0.0;0.0;22.53846153846154;22.700854700854702;25.0;25.0;0;0
58.75;0.0;0.0;0.0;22.53846153846154;22.700854700854702;25.0;25.0;0;0
58.857;0.0;0.0;0.0;22.53846153846154;22.700854700854702;25.0;25.0;0;0
58.968;0.0;0.0;0.0;22.53846153846154;22.700854700854702;25.0;25.0;0;0
59.073;0.0;0.0;0.0;22.53846153846154;22.700854700854702;25.0;25.0;0;0
59.174;0.0;0.0;0.0;22.53846153846154;22.700854700854702;25.0;25.0;0;0
59.276;0.0;0.0;0.0;22.53846153846154;22.700854700854702;25.0;25.0;0;0
59.376;0.0;0.0;0.0;22.53846153846154;22.700854700854702;25.0;25.0;0;0
59.483;0.0;0.0;0.0;22.53846153846154;22.700854700854702;25.0;25.0;0;0
59.584;0.0;0.0;0.0;22.53846153846154;22.700854700854702;25.0;25.0;0;0
59.689;0.0;0.0;0.0;22.53846153846154;22.700854700854702;25.0;25.0;0;0
59.801;0.0;0.0;0.0;22.53846153846154;22.700854700854702;25.0;25.0;0;0
59.909;0.0;0.0;0.0;22.53846153846154;22.700854700854702;25.0;25.0;0;0
60.022;0.0;0.0;0.0;22.53846153846154;22.700854700854702;25.0;25.0;0;0
60.13;0.0;0.0;0.0;22.53846153846154;22.700854700854702;25.0;25.0;0;0
60.241;0.0;0.0;0.0;22.53846153846154;22.700854700854702;25.0;25.0;0;0
60.342;0.0;0.0;0.0;22.53846153846154;22.700854700854702;25.0;25.0;0;0
60.449;0.0;0.0;0.0;22.53846153846154;22.700854700854702;25.0;25.0;0;0
60.566;0.0;0.0;0.0;22.53846153846154;22.700854700854702;25.0;25.0;0;0
60.668;0.0;0.0;0.0;22.53846153846154;22.700854700854702;25.0;25.0;0;0
60.778;0.0;0.0;0.0;22.53846153846154;22.700854700854702;25.0;25.0;0;0
60.892;0.0;0.0;0.0;22.53846153846154;22.700854700854702;25.0;25.0;0;0
61.003;0.0;0.0;0.0;22.53846153846154;22.700854700854702;25.0;25.0;0;0
61.109;0.0;0.0;0.0;22.53846153846154;22.700854700854702;25.0;25.0;0;0
61.216;0.0;0.0;0.0;22.53846153846154;22.700854700854702;25.0;25.0;0;0
61.318;0.0;0.0;0.0;22.53846153846154;22.700854700854702;25.0;25.0;0;0
61.42;0.0;0.0;0.0;22.53846153846154;22.700854700854702;25.0;25.0;0;0
61.521;0.0;0.0;0.0;22.53846153846154;22.700854700854702;25.0;25.0;0;0
61.631;0.0;0.0;0.0;22.53846153846154;22.700854700854702;25.0;25.0;0;0
61.738;0.0;0.0;0.0;22.53846153846154;22.700854700854702;25.0;25.0;0;0
61.841;0.0;0.0;0.0;22.53846153846154;22.700854700854702;25.0;25.0;0;0
61.951;0.0;0.0;0.0;22.53846153846154;22.700854700854702;25.0;25.0;0;0
62.062;0.0;0.0;0.0;22.53846153846154;22.700854700854702;25.0;25.0;0;0
62.173;0.0;0.0;0.0;22.53846153846154;22.700854700854702;25.0;25.0;0;0
62.294;0.0;0.0;0.0;22.53846153846154;22.700854700854702;25.0;25.0;0;0
62.405;0.0;0.0;0.0;22.53846153846154;22.700854700854702;25.0;25.0;0;0
62.506;0.0;0.0;0.0;22.53846153846154;22.752136752136753;25.0;25.0;0;0
62.618;0.0;0.0;0.0;22.53846153846154;22.752136752136753;25.0;25.0;0;0
62.728;0.0;0.0;0.0;22.53846153846154;22.752136752136753;25.0;25.0;0;0
62.839;0.0;0.0;0.0;22.53846153846154;22.752136752136753;25.0;25.0;0;0
62.949;0.0;0.0;0.0;22.53846153846154;22.752136752136753;25.0;25.0;0;0
63.064;0.0;0.0;0.0;22.53846153846154;22.752136752136753;25.0;25.0;0;0
63.17;0.0;0.0;0.0;22.53846153846154;22.752136752136753;25.0;25.0;0;0
63.273;0.0;0.0;0.0;22.53846153846154;22.752136752136753;25.0;25.0;0;0
63.382;0.0;0.0;0.0;22.53846153846154;22.752136752136753;25.0;25.0;0;0
63.492;0.0;0.0;0.0;22.53846153846154;22.752136752136753;25.0;25.0;0;0
63.594;0.0;0.0;0.0;22.53846153846154;22.752136752136753;25.0;25.0;0;0
63.704;0.0;0.0;0.0;22.53846153846154;22.752136752136753;25.0;25.0;0;0
63.824;0.0;0.0;0.0;22.53846153846154;22.752136752136753;25.0;25.0;0;0
63.926;0.0;0.0;0.0;22.53846153846154;22.752136752136753;25.0;25.0;0;0
64.038;0.0;0.0;0.0;22.53846153846154;22.752136752136753;25.0;25.0;0;0
64.15;0.0;0.0;0.0;22.53846153846154;22.752136752136753;25.0;25.0;0;0
64.259;0.0;0.0;0.0;22.53846153846154;22.752136752136753;25.0;25.0;0;0
64.369;0.0;0.0;0.0;22.53846153846154;22.700854700854702;25.0;25.0;0;0
64.482;0.0;0.0;0.0;22.53846153846154;22.700854700854702;25.0;25.0;0;0
64.593;0.0;0.0;0.0;22.53846153846154;22.700854700854702;25.0;25.0;0;0
64.7;0.0;0.0;0.0;22.53846153846154;22.700854700854702;25.0;25.0;0;0
64.818;0.0;0.0;0.0;22.53846153846154;22.700854700854702;25.0;25.0;0;0
64.92;0.0;0.0;0.0;22.53846153846154;22.700854700854702;25.0;25.0;0;0
65.02;0.0;0.0;0.0;22.53846153846154;22.700854700854702;25.0;25.0;0;0
65.123;0.0;0.0;0.0;22.53846153846154;22.700854700854702;25.0;25.0;0;0
65.234;0.0;0.0;0.0;22.53846153846154;22.700854700854702;25.0;25.0;0;0
65.344;0.0;0.0;0.0;22.53846153846154;22.700854700854702;25.0;25.0;0;0
65.453;0.0;0.0;0.0;22.58974358974359;22.752136752136753;25.0;25.0;0;0
65.563;0.0;0.0;0.0;22.58974358974359;22.752136752136753;25.0;25.0;0;0
65.671;0.0;0.0;0.0;22.58974358974359;22.752136752136753;25.0;25.0;0;0
65.785;0.0;0.0;0.0;22.58974358974359;22.752136752136753;25.0;25.0;0;0
65.892;0.0;0.0;0.0;22.58974358974359;22.752136752136753;25.0;25.0;0;0
66.0;0.0;0.0;0.0;22.58974358974359;22.752136752136753;25.0;25.0;0;0
66.11;0.0;0.0;0.0;22.58974358974359;22.752136752136753;25.0;25.0;0;0
66.219;0.0;0.0;0.0;22.58974358974359;22.752136752136753;25.0;25.0;0;0
66.334;0.0;0.0;0.0;22.58974358974359;22.752136752136753;25.0;25.0;0;0
66.439;0.0;0.0;0.0;22.58974358974359;22.700854700854702;25.0;25.0;0;0
66.55;0.0;0.0;0.0;22.58974358974359;22.700854700854702;25.0;25.0;0;0
66.658;0.0;0.0;0.0;22.58974358974359;22.700854700854702;25.0;25.0;0;0
66.765;0.0;0.0;0.0;22.58974358974359;22.700854700854702;25.0;25.0;0;0
66.877;0.0;0.0;0.0;22.58974358974359;22.700854700854702;25.0;25.0;0;0
66.989;0.0;0.0;0.0;22.58974358974359;22.700854700854702;25.0;25.0;0;0
67.098;0.0;0.0;0.0;22.58974358974359;22.700854700854702;25.0;25.0;0;0
67.204;0.0;0.0;0.0;22.58974358974359;22.700854700854702;25.0;25.0;0;0
67.317;0.0;0.0;0.0;22.58974358974359;22.700854700854702;25.0;25.0;0;0
67.428;0.0;0.0;0.0;22.53846153846154;22.752136752136753;25.0;25.0;0;0
67.538;0.0;0.0;0.0;22.53846153846154;22.752136752136753;25.0;25.0;0;0
67.644;0.0;0.0;0.0;22.53846153846154;22.752136752136753;25.0;25.0;0;0
67.757;0.0;0.0;0.0;22.53846153846154;22.752136752136753;25.0;25.0;0;0
67.867;0.0;0.0;0.0;22.53846153846154;22.752136752136753;25.0;25.0;0;0
67.978;0.0;0.0;0.0;22.53846153846154;22.752136752136753;25.0;25.0;0;0
68.092;0.0;0.0;0.0;22.53846153846154;22.752136752136753;25.0;25.0;0;0
68.197;0.0;0.0;0.0;22.53846153846154;22.752136752136753;25.0;25.0;0;0
68.307;0.0;0.0;0.0;22.53846153846154;22.752136752136753;25.0;25.0;0;0
68.417;0.0;0.0;0.0;22.53846153846154;22.752136752136753;25.0;25.0;0;0
68.529;0.0;0.0;0.0;22.58974358974359;22.752136752136753;25.0;25.0;0;0
68.637;0.0;0.0;0.0;22.58974358974359;22.752136752136753;25.0;25.0;0;0
68.746;0.0;0.0;0.0;22.58974358974359;22.752136752136753;25.0;25.0;0;0
68.866;0.0;0.0;0.0;22.58974358974359;22.752136752136753;25.0;25.0;0;0
68.988;0.0;0.0;0.0;22.58974358974359;22.752136752136753;25.0;25.0;0;0
69.106;0.0;0.0;0.0;22.58974358974359;22.752136752136753;25.0;25.0;0;0
69.228;0.0;0.0;0.0;22.58974358974359;22.752136752136753;25.0;25.0;0;0
69.345;0.0;0.0;0.0;22.58974358974359;22.752136752136753;25.0;25.0;0;0
69.449;0.0;0.0;0.0;22.58974358974359;22.752136752136753;25.0;25.0;0;0
69.56;0.0;0.0;0.0;22.53846153846154;22.752136752136753;25.0;25.0;0;0
69.665;0.0;0.0;0.0;22.53846153846154;22.752136752136753;25.0;25.0;0;0
69.775;0.0;0.0;0.0;22.53846153846154;22.752136752136753;25.0;25.0;0;0
69.877;0.0;0.0;0.0;22.53846153846154;22.752136752136753;25.0;25.0;0;0
69.983;0.0;0.0;0.0;22.53846153846154;22.752136752136753;25.0;25.0;0;0
70.101;0.0;0.0;0.0;22.53846153846154;22.752136752136753;25.0;25.0;0;0
70.22;0.0;0.0;0.0;22.53846153846154;22.752136752136753;25.0;25.0;0;0
70.327;0.0;0.0;0.0;22.53846153846154;22.752136752136753;25.0;25.0;0;0
70.439;0.0;0.0;0.0;22.53846153846154;22.752136752136753;25.0;25.0;0;0
70.541;0.0;0.0;0.0;22.53846153846154;22.752136752136753;25.0;25.0;0;0
70.658;0.0;0.0;0.0;22.53846153846154;22.752136752136753;25.0;25.0;0;0
70.76;0.0;0.0;0.0;22.53846153846154;22.752136752136753;25.0;25.0;0;0
70.861;0.0;0.0;0.0;22.53846153846154;22.752136752136753;25.0;25.0;0;0
70.961;0.0;0.0;0.0;22.53846153846154;22.752136752136753;25.0;25.0;0;0
71.065;0.0;0.0;0.0;22.53846153846154;22.752136752136753;25.0;25.0;0;0
71.177;0.0;0.0;0.0;22.53846153846154;22.752136752136753;25.0;25.0;0;0
71.279;0.0;0.0;0.0;22.53846153846154;22.752136752136753;25.0;25.0;0;0
71.381;0.0;0.0;0.0;22.53846153846154;22.752136752136753;25.0;25.0;0;0
71.492;0.0;0.0;0.0;22.53846153846154;22.700854700854702;25.0;25.0;0;0
71.602;0.0;0.0;0.0;22.53846153846154;22.700854700854702;25.0;25.0;0;0
71.71;0.0;0.0;0.0;22.53846153846154;22.700854700854702;25.0;25.0;0;0
71.82;0.0;0.0;0.0;22.53846153846154;22.700854700854702;25.0;25.0;0;0
71.933;0.0;0.0;0.0;22.53846153846154;22.700854700854702;25.0;25.0;0;0
72.041;0.0;0.0;0.0;22.53846153846154;22.700854700854702;25.0;25.0;0;0
72.154;0.0;0.0;0.0;22.53846153846154;22.700854700854702;25.0;25.0;0;0
72.264;0.0;0.0;0.0;22.53846153846154;22.700854700854702;25.0;25.0;0;0
72.37;0.0;0.0;0.0;22.53846153846154;22.700854700854702;25.0;25.0;0;0
72.484;0.0;0.0;0.0;22.53846153846154;22.700854700854702;25.0;25.0;0;0
72.59;0.0;0.0;0.0;22.58974358974359;22.700854700854702;25.0;25.0;0;0
72.699;0.0;0.0;0.0;22.58974358974359;22.700854700854702;25.0;25.0;0;0
72.811;0.0;0.0;0.0;22.58974358974359;22.700854700854702;25.0;25.0;0;0
72.92;0.0;0.0;0.0;22.58974358974359;22.700854700854702;25.0;25.0;0;0
73.031;0.0;0.0;0.0;22.58974358974359;22.700854700854702;25.0;25.0;0;0
73.141;0.0;0.0;0.0;22.58974358974359;22.700854700854702;25.0;25.0;0;0
73.25;-0.0075;0.0;0.0;22.58974358974359;22.700854700854702;25.0;25.0;0;0
73.362;-0.42;0.0;0.0;22.58974358974359;22.700854700854702;25.0;25.0;0;0
73.469;-0.92375;0.0;0.0;22.58974358974359;22.700854700854702;25.0;25.0;0;0
73.594;-1.68625;0.0;0.0;22.53846153846154;22.700854700854702;25.0;25.0;0;0
73.7;-2.19;0.0;0.0;22.53846153846154;22.700854700854702;25.0;25.0;0;0
73.811;-2.70125;0.0;0.0;22.53846153846154;22.700854700854702;25.0;25.0;0;0
73.911;-3.215;0.0;0.0;22.53846153846154;22.700854700854702;25.0;25.0;0;0
74.021;-3.72375;0.0;0.0;22.53846153846154;22.700854700854702;25.0;25.0;0;0
74.129;-4.49625;0.0;0.0;22.53846153846154;22.700854700854702;25.0;25.0;0;0
74.249;-5.01125;0.0;0.0;22.53846153846154;22.700854700854702;25.0;25.0;0;0
74.352;-5.51875;0.0;0.0;22.53846153846154;22.700854700854702;25.0;25.0;0;0
74.458;-6.03125;0.0;0.0;22.53846153846154;22.700854700854702;25.0;25.0;0;0
74.599;-6.53875;0.0;0.0;22.53846153846154;22.700854700854702;25.0;25.0;0;0
74.717;-7.30875;0.0;0.0;22.53846153846154;22.700854700854702;25.0;25.0;0;0
74.835;-7.82125;0.0;0.0;22.53846153846154;22.700854700854702;25.0;25.0;0;0
74.936;-8.58625;0.0;0.0;22.53846153846154;22.700854700854702;25.0;25.0;0;0
75.04;-8.8425;0.0;0.0;22.53846153846154;22.700854700854702;25.0;25.0;0;0
75.142;-9.6075;0.0;0.0;22.53846153846154;22.700854700854702;25.0;25.0;0;0
75.254;-10.12125;0.0;0.0;22.53846153846154;22.700854700854702;25.0;25.0;0;0
75.368;-10.6325;0.0;0.0;22.53846153846154;22.700854700854702;25.0;25.0;0;0
75.476;-11.1375;0.0;0.0;22.53846153846154;22.700854700854702;25.0;25.0;0;0
75.586;-11.65;0.0;0.0;22.58974358974359;22.700854700854702;25.0;25.0;0;0
75.688;-12.16125;0.0;0.0;22.58974358974359;22.700854700854702;25.0;25.0;0;0
75.794;-12.6675;0.0;0.0;22.58974358974359;22.700854700854702;25.0;25.0;0;0
75.901;-13.435;0.0;0.0;22.58974358974359;22.700854700854702;25.0;25.0;0;0
76.012;-13.69125;0.0;0.0;22.58974358974359;22.700854700854702;25.0;25.0;0;0
76.117;-14.45875;0.0;0.0;22.58974358974359;22.700854700854702;25.0;25.0;0;0
76.222;-14.97;0.0;0.0;22.58974358974359;22.700854700854702;25.0;25.0;0;0
76.332;-15.47625;0.0;0.0;22.58974358974359;22.700854700854702;25.0;25.0;0;0
76.443;-15.98875;0.0;0.0;22.58974358974359;22.700854700854702;25.0;25.0;0;0
76.554;-16.5;0.0;0.0;22.58974358974359;22.752136752136753;25.0;25.0;0;0
76.67;-17.2625;0.0;0.0;22.58974358974359;22.752136752136753;25.0;25.0;0;0
76.782;-17.775;0.0;0.0;22.58974358974359;22.752136752136753;25.0;25.0;0;0
76.885;-18.28625;0.0;0.0;22.58974358974359;22.752136752136753;25.0;25.0;0;0
76.995;-18.79375;0.0;0.0;22.58974358974359;22.752136752136753;25.0;25.0;0;0
77.106;-19.5625;0.0;0.0;22.58974358974359;22.752136752136753;25.0;25.0;0;0
77.216;-20.06875;0.0;0.0;22.58974358974359;22.752136752136753;25.0;25.0;0;0
77.327;-20.58125;0.0;0.0;22.58974358974359;22.752136752136753;25.0;25.0;0;0
77.438;-21.0975;0.0;0.0;22.58974358974359;22.752136752136753;25.0;25.0;0;0
77.549;-21.8725;0.0;0.0;22.53846153846154;22.700854700854702;25.0;25.0;0;0
77.664;-22.39;0.0;0.0;22.53846153846154;22.700854700854702;25.0;25.0;0;0
77.772;-22.90125;0.0;0.0;22.53846153846154;22.700854700854702;25.0;25.0;0;0
77.888;-23.4175;0.0;0.0;22.53846153846154;22.700854700854702;25.0;25.0;0;0
77.993;-23.935;0.0;0.0;22.53846153846154;22.700854700854702;25.0;25.0;0;0
78.107;-24.705;0.0;0.0;22.53846153846154;22.700854700854702;25.0;25.0;0;0
78.215;-25.2225;0.0;0.0;22.53846153846154;22.700854700854702;25.0;25.0;0;0
78.327;-25.74;0.0;0.0;22.53846153846154;22.700854700854702;25.0;25.0;0;0
78.432;-26.25125;0.0;0.0;22.53846153846154;22.700854700854702;25.0;25.0;0;0
78.539;-26.76875;0.0;0.0;22.53846153846154;22.752136752136753;25.0;25.0;0;0
78.644;-27.285;0.0;0.0;22.53846153846154;22.752136752136753;25.0;25.0;0;0
78.762;-27.7975;0.0;0.0;22.53846153846154;22.752136752136753;25.0;25.0;0;0
78.863;-28.5725;0.0;0.0;22.53846153846154;22.752136752136753;25.0;25.0;0;0
78.974;-29.085;0.0;0.0;22.53846153846154;22.752136752136753;25.0;25.0;0;0
79.089;-29.60125;0.0;0.0;22.53846153846154;22.752136752136753;25.0;25.0;0;0
79.195;-30.11875;0.0;0.0;22.53846153846154;22.752136752136753;25.0;25.0;0;0
79.305;-30.63;0.0;0.0;22.53846153846154;22.752136752136753;25.0;25.0;0;0
79.419;-31.40625;0.0;0.0;22.53846153846154;22.752136752136753;25.0;25.0;0;0
79.535;-31.91875;0.0;0.0;22.58974358974359;22.700854700854702;25.0;25.0;0;0
79.635;-32.695;0.0;0.0;22.58974358974359;22.700854700854702;25.0;25.0;0;0
79.758;-32.9525;0.0;0.0;22.58974358974359;22.700854700854702;25.0;25.0;0;0
79.862;-33.72375;0.0;0.0;22.58974358974359;22.700854700854702;25.0;25.0;0;0
79.977;-34.24125;0.0;0.0;22.58974358974359;22.700854700854702;25.0;25.0;0;0
80.08;-34.75875;0.0;0.0;22.58974358974359;22.700854700854702;25.0;25.0;0;0
80.209;-35.27125;0.0;0.0;22.58974358974359;22.700854700854702;25.0;25.0;0;0
80.31;-36.03625;0.0;0.0;22.58974358974359;22.700854700854702;25.0;25.0;0;0
80.447;-36.545;0.0;0.0;22.58974358974359;22.700854700854702;25.0;25.0;0;0
80.549;-37.30625;0.0;0.0;22.53846153846154;22.752136752136753;25.0;25.0;0;0
80.654;-37.56;0.0;0.0;22.53846153846154;22.752136752136753;25.0;25.0;0;0
80.764;-37.97;0.0;0.0;22.53846153846154;22.752136752136753;25.0;25.0;0;0
80.873;-37.97;-0.01125;0.0;22.53846153846154;22.752136752136753;25.0;25.0;0;0
80.98;-37.97;-0.68625;0.0;22.53846153846154;22.752136752136753;25.0;25.0;0;0
81.092;-37.97;-1.19625;0.0;22.53846153846154;22.752136752136753;25.0;25.0;0;0
81.199;-37.97;-1.70875;0.0;22.53846153846154;22.752136752136753;25.0;25.0;0;0
81.312;-37.97;-2.47;0.0;22.53846153846154;22.752136752136753;25.0;25.0;0;0
81.434;-37.97;-2.9875;0.0;22.53846153846154;22.752136752136753;25.0;25.0;0;0
81.545;-37.97;-3.50375;0.0;22.58974358974359;22.700854700854702;25.0;25.0;0;0
81.664;-37.97;-4.275;0.0;22.58974358974359;22.700854700854702;25.0;25.0;0;0
81.766;-37.97;-4.53375;0.0;22.58974358974359;22.700854700854702;25.0;25.0;0;0
81.885;-37.97;-5.30875;0.0;22.58974358974359;22.700854700854702;25.0;25.0;0;0
82.003;-37.97;-5.825;0.0;22.58974358974359;22.700854700854702;25.0;25.0;0;0
82.104;-37.97;-6.5925;0.0;22.58974358974359;22.700854700854702;25.0;25.0;0;0
82.206;-37.97;-6.85;0.0;22.58974358974359;22.700854700854702;25.0;25.0;0;0
82.323;-37.97;-7.62375;0.0;22.58974358974359;22.700854700854702;25.0;25.0;0;0
82.426;-37.97;-7.8825;0.0;22.58974358974359;22.700854700854702;25.0;25.0;0;0
82.543;-37.97;-8.90875;0.0;22.58974358974359;22.752136752136753;25.0;25.0;0;0
82.646;-37.97;-9.1675;0.0;22.58974358974359;22.752136752136753;25.0;25.0;0;0
82.762;-37.97;-9.93625;0.0;22.58974358974359;22.752136752136753;25.0;25.0;0;0
82.882;-37.97;-10.45125;0.0;22.58974358974359;22.752136752136753;25.0;25.0;0;0
82.987;-37.97;-10.965;0.0;22.58974358974359;22.752136752136753;25.0;25.0;0;0
83.101;-37.97;-11.47375;0.0;22.58974358974359;22.752136752136753;25.0;25.0;0;0
83.206;-37.97;-12.245;0.0;22.58974358974359;22.752136752136753;25.0;25.0;0;0
83.322;-37.97;-12.4975;0.0;22.58974358974359;22.752136752136753;25.0;25.0;0;0
83.431;-37.97;-13.26875;0.0;22.58974358974359;22.752136752136753;25.0;25.0;0;0
83.543;-37.97;-13.78375;0.0;22.53846153846154;22.752136752136753;25.0;25.0;0;0
83.648;-37.97;-14.2925;0.0;22.53846153846154;22.752136752136753;25.0;25.0;0;0
83.765;-37.97;-14.8075;0.0;22.53846153846154;22.752136752136753;25.0;25.0;0;0
83.866;-37.97;-15.57375;0.0;22.53846153846154;22.752136752136753;25.0;25.0;0;0
83.98;-37.97;-15.83125;0.0;22.53846153846154;22.752136752136753;25.0;25.0;0;0
84.081;-37.97;-16.6025;0.0;22.53846153846154;22.752136752136753;25.0;25.0;0;0
84.197;-37.97;-16.86;0.0;22.53846153846154;22.752136752136753;25.0;25.0;0;0
84.301;-37.97;-17.6275;0.0;22.53846153846154;22.752136752136753;25.0;25.0;0;0
84.423;-37.97;-18.14125;0.0;22.53846153846154;22.752136752136753;25.0;25.0;0;0
84.523;-37.97;-18.90875;0.0;22.53846153846154;22.752136752136753;25.0;25.0;0;0
84.634;-37.97;-19.16625;0.0;22.53846153846154;22.752136752136753;25.0;25.0;0;0
84.737;-37.97;-19.93875;0.0;22.53846153846154;22.752136752136753;25.0;25.0;0;0
84.839;-37.97;-20.19625;0.0;22.53846153846154;22.752136752136753;25.0;25.0;0;0
84.939;-37.97;-20.9725;0.0;22.53846153846154;22.752136752136753;25.0;25.0;0;0
85.074;-37.97;-21.48625;0.0;22.53846153846154;22.752136752136753;25.0;25.0;0;0
85.183;-37.97;-22.265;0.0;22.53846153846154;22.752136752136753;25.0;25.0;0;0
85.294;-37.97;-22.785;0.0;22.53846153846154;22.752136752136753;25.0;25.0;0;0
85.406;-37.97;-23.3;0.0;22.53846153846154;22.752136752136753;25.0;25.0;0;0
85.514;-37.97;-23.82;0.0;22.58974358974359;22.752136752136753;25.0;25.0;0;0
85.617;-37.97;-24.59375;0.0;22.58974358974359;22.752136752136753;25.0;25.0;0;0
85.732;-37.97;-24.85375;0.0;22.58974358974359;22.752136752136753;25.0;25.0;0;0
85.835;-37.97;-25.63375;0.0;22.58974358974359;22.752136752136753;25.0;25.0;0;0
85.947;-37.97;-26.14875;0.0;22.58974358974359;22.752136752136753;25.0;25.0;0;0
86.049;-37.97;-26.67;0.0;22.58974358974359;22.752136752136753;25.0;25.0;0;0
86.165;-37.97;-27.18875;0.0;22.58974358974359;22.752136752136753;25.0;25.0;0;0
86.267;-37.97;-27.96875;0.0;22.58974358974359;22.752136752136753;25.0;25.0;0;0
86.367;-37.97;-28.2275;0.0;22.58974358974359;22.752136752136753;25.0;25.0;0;0
86.485;-37.97;-28.9975;0.0;22.58974358974359;22.752136752136753;25.0;25.0;0;0
86.587;-37.97;-29.25375;0.0;22.53846153846154;22.700854700854702;25.0;25.0;0;0
86.693;-37.97;-30.01875;0.0;22.53846153846154;22.700854700854702;25.0;25.0;0;0
86.828;-37.97;-30.52375;0.0;22.53846153846154;22.700854700854702;25.0;25.0;0;0
86.929;-37.97;-31.2125;0.0;22.53846153846154;22.700854700854702;25.0;25.0;0;0
87.042;-37.97;-31.23;0.0;22.53846153846154;22.700854700854702;25.0;25.0;0;0
87.142;-37.97;-31.23;0.12379301807378065;22.53846153846154;22.700854700854702;25.0;25.0;0;0
87.254;-37.97;-31.23;0.3094825451844516;22.53846153846154;22.700854700854702;25.0;25.0;0;0
87.354;-37.97;-31.23;0.6189650903689032;22.53846153846154;22.700854700854702;25.0;25.0;0;0
87.468;-37.97;-31.23;0.7427581084426839;22.53846153846154;22.700854700854702;25.0;25.0;0;0
87.574;-37.97;-31.23;1.0522406536271356;22.58974358974359;22.752136752136753;25.0;25.0;0;0
87.691;-37.97;-31.23;1.1141371626640257;22.58974358974359;22.752136752136753;25.0;25.0;0;0
87.792;-37.97;-31.23;1.4236197078484774;22.58974358974359;22.752136752136753;25.0;25.0;0;0
87.907;-37.97;-31.23;1.547412725922258;22.58974358974359;22.752136752136753;25.0;25.0;0;0
88.021;-37.97;-31.23;1.9187917801436;22.58974358974359;22.752136752136753;25.0;25.0;0;0
88.126;-37.97;-31.23;1.9806882891804904;22.58974358974359;22.752136752136753;25.0;25.0;0;0
88.24;-37.97;-31.23;1.9806882891804904;22.58974358974359;22.752136752136753;25.0;25.0;0;0
88.345;-37.97;-31.23;1.9806882891804904;22.58974358974359;22.752136752136753;25.0;25.0;0;0
88.47;-37.97;-31.23;1.9806882891804904;22.53846153846154;22.700854700854702;25.0;25.0;0;0
88.574;-37.97;-31.23;1.9806882891804904;22.53846153846154;22.700854700854702;25.0;25.0;0;0
88.676;-37.97;-31.23;1.9806882891804904;22.53846153846154;22.700854700854702;25.0;25.0;0;0
88.841;-37.97;-31.23;1.9806882891804904;22.53846153846154;22.700854700854702;25.0;25.0;0;0
88.946;-37.97;-31.23;1.9806882891804904;22.53846153846154;22.700854700854702;25.0;25.0;0;0
89.046;-37.97;-31.23;1.9806882891804904;22.53846153846154;22.700854700854702;25.0;25.0;0;0
89.157;-37.97;-31.23;1.9806882891804904;22.53846153846154;22.700854700854702;25.0;25.0;0;0
89.265;-37.97;-31.23;1.9806882891804904;22.53846153846154;22.700854700854702;25.0;25.0;0;0
89.376;-37.97;-31.23;1.9806882891804904;22.53846153846154;22.700854700854702;25.0;25.0;0;0
89.477;-37.97;-31.23;1.9806882891804904;22.53846153846154;22.700854700854702;25.0;25.0;0;0
89.585;-37.97;-31.23;1.9806882891804904;22.58974358974359;22.752136752136753;25.0;25.0;0;0
89.687;-37.97;-31.23;1.9806882891804904;22.58974358974359;22.752136752136753;25.0;25.0;0;0
89.792;-37.97;-31.23;1.9806882891804904;22.58974358974359;22.752136752136753;25.0;25.0;0;0
89.894;-37.97;-31.23;1.9806882891804904;22.58974358974359;22.752136752136753;25.0;25.0;0;0
90.001;-37.97;-31.23;1.9806882891804904;22.58974358974359;22.752136752136753;25.0;25.0;0;0
90.109;-37.97;-31.23;1.9806882891804904;22.58974358974359;22.752136752136753;25.0;25.0;0;0
90.219;-37.97;-31.23;1.9806882891804904;22.58974358974359;22.752136752136753;25.0;25.0;0;0
90.32;-37.97;-31.23;1.9806882891804904;22.58974358974359;22.752136752136753;25.0;25.0;0;0
90.42;-37.97;-31.23;1.9806882891804904;22.58974358974359;22.752136752136753;25.0;25.0;0;0
90.521;-37.97;-31.23;1.9806882891804904;22.53846153846154;22.700854700854702;25.0;25.0;0;0
90.622;-37.97;-31.23;1.9806882891804904;22.53846153846154;22.700854700854702;25.0;25.0;0;0
90.731;-37.97;-31.23;1.9806882891804904;22.53846153846154;22.700854700854702;25.0;25.0;0;0
90.849;-37.97;-31.23;1.9806882891804904;22.53846153846154;22.700854700854702;25.0;25.0;0;0
90.949;-37.97;-31.23;1.9806882891804904;22.53846153846154;22.700854700854702;25.0;25.0;0;0
91.051;-37.97;-31.23;1.9806882891804904;22.53846153846154;22.700854700854702;25.0;25.0;0;0
91.157;-37.97;-31.23;1.9806882891804904;22.53846153846154;22.700854700854702;25.0;25.0;0;0
91.268;-37.97;-31.23;1.9806882891804904;22.53846153846154;22.700854700854702;25.0;25.0;0;0
91.378;-37.97;-31.23;1.9806882891804904;22.53846153846154;22.700854700854702;25.0;25.0;0;0
91.5;-37.97;-31.23;1.9806882891804904;22.53846153846154;22.700854700854702;25.0;25.0;0;0
91.609;-37.97;-31.23;1.9806882891804904;22.58974358974359;22.752136752136753;25.0;25.0;0;0
91.713;-37.97;-31.23;1.9806882891804904;22.58974358974359;22.752136752136753;25.0;25.0;0;0
91.821;-37.97;-31.23;1.9806882891804904;22.58974358974359;22.752136752136753;25.0;25.0;0;0
91.931;-37.97;-31.23;1.9806882891804904;22.58974358974359;22.752136752136753;25.0;25.0;0;0
92.042;-37.97;-31.23;1.9806882891804904;22.58974358974359;22.752136752136753;25.0;25.0;0;0
92.159;-37.97;-31.23;1.9806882891804904;22.58974358974359;22.752136752136753;25.0;25.0;0;0
92.264;-37.97;-31.23;1.9806882891804904;22.58974358974359;22.752136752136753;25.0;25.0;0;0
92.378;-37.97;-31.23;1.9806882891804904;22.58974358974359;22.752136752136753;25.0;25.0;0;0
92.478;-37.97;-31.23;1.9806882891804904;22.58974358974359;22.752136752136753;25.0;25.0;0;0
92.579;-37.97;-31.23;1.9806882891804904;22.53846153846154;22.700854700854702;25.0;25.0;0;0
92.7;-37.97;-31.23;1.9806882891804904;22.53846153846154;22.700854700854702;25.0;25.0;0;0
92.807;-37.97;-31.23;1.9806882891804904;22.53846153846154;22.700854700854702;25.0;25.0;0;0
92.911;-37.97;-31.23;1.9806882891804904;22.53846153846154;22.700854700854702;25.0;25.0;0;0
93.02;-37.97;-31.23;1.9806882891804904;22.53846153846154;22.700854700854702;25.0;25.0;0;0
93.131;-37.97;-31.23;1.9806882891804904;22.53846153846154;22.700854700854702;25.0;25.0;0;0
93.241;-37.97;-31.23;1.9806882891804904;22.53846153846154;22.700854700854702;25.0;25.0;0;0
93.359;-37.97;-31.23;1.9806882891804904;22.53846153846154;22.700854700854702;25.0;25.0;0;0
93.473;-37.97;-31.23;1.9806882891804904;22.53846153846154;22.700854700854702;25.0;25.0;0;0
93.582;-37.97;-31.23;1.9806882891804904;22.53846153846154;22.700854700854702;25.0;25.0;0;0
93.692;-37.97;-31.23;1.9806882891804904;22.53846153846154;22.700854700854702;25.0;25.0;0;0
93.794;-37.97;-31.23;1.9806882891804904;22.53846153846154;22.700854700854702;25.0;25.0;0;0
93.906;-37.97;-31.23;1.9806882891804904;22.53846153846154;22.700854700854702;25.0;25.0;0;0
94.009;-37.97;-31.23;1.9806882891804904;22.53846153846154;22.700854700854702;25.0;25.0;0;0
94.111;-37.97;-31.23;1.9806882891804904;22.53846153846154;22.700854700854702;25.0;25.0;0;0
94.223;-37.97;-31.23;1.9806882891804904;22.53846153846154;22.700854700854702;25.0;25.0;0;0
94.333;-37.97;-31.23;1.9806882891804904;22.53846153846154;22.700854700854702;25.0;25.0;0;0
94.456;-37.97;-31.23;1.9806882891804904;22.53846153846154;22.700854700854702;25.0;25.0;0;0
94.564;-37.97;-31.23;1.9806882891804904;22.58974358974359;22.752136752136753;25.0;25.0;0;0
94.667;-37.97;-31.23;1.9806882891804904;22.58974358974359;22.752136752136753;25.0;25.0;0;0
94.778;-37.97;-31.23;1.9806882891804904;22.58974358974359;22.752136752136753;25.0;25.0;0;0
94.894;-37.97;-31.23;1.9806882891804904;22.58974358974359;22.752136752136753;25.0;25.0;0;0
94.994;-37.97;-31.23;1.9806882891804904;22.58974358974359;22.752136752136753;25.0;25.0;0;0
95.095;-37.97;-31.23;1.9806882891804904;22.58974358974359;22.752136752136753;25.0;25.0;0;0
95.196;-37.97;-31.23;1.9806882891804904;22.58974358974359;22.752136752136753;25.0;25.0;0;0
95.301;-37.97;-31.23;1.9806882891804904;22.58974358974359;22.752136752136753;25.0;25.0;0;0
95.409;-37.97;-31.23;1.9806882891804904;22.58974358974359;22.752136752136753;25.0;25.0;0;0
95.519;-37.97;-31.23;1.9806882891804904;22.58974358974359;22.752136752136753;25.0;25.0;0;0
95.658;-37.97;-31.23;1.9806882891804904;22.58974358974359;22.752136752136753;25.0;25.0;0;0
95.782;-37.97;-31.23;1.9806882891804904;22.58974358974359;22.752136752136753;25.0;25.0;0;0
95.892;-37.97;-31.23;1.9806882891804904;22.58974358974359;22.752136752136753;25.0;25.0;0;0
96.007;-37.97;-31.23;1.9806882891804904;22.58974358974359;22.752136752136753;25.0;25.0;0;0
96.112;-37.97;-31.23;1.9806882891804904;22.58974358974359;22.752136752136753;25.0;25.0;0;0
96.225;-37.97;-31.23;1.9806882891804904;22.58974358974359;22.752136752136753;25.0;25.0;0;0
96.33;-37.97;-31.23;1.9806882891804904;22.58974358974359;22.752136752136753;25.0;25.0;0;0
96.436;-37.97;-31.23;1.9806882891804904;22.58974358974359;22.752136752136753;25.0;25.0;0;0
96.55;-37.97;-31.23;1.9806882891804904;22.58974358974359;22.752136752136753;25.0;25.0;0;0
96.652;-37.97;-31.23;1.9806882891804904;22.58974358974359;22.752136752136753;25.0;25.0;0;0
96.754;-37.97;-31.23;1.9806882891804904;22.58974358974359;22.752136752136753;25.0;25.0;0;0
96.877;-37.97;-31.23;1.9806882891804904;22.58974358974359;22.752136752136753;25.0;25.0;0;0
96.991;-37.97;-31.23;1.9806882891804904;22.58974358974359;22.752136752136753;25.0;25.0;0;0
97.108;-37.97;-31.23;1.9806882891804904;22.58974358974359;22.752136752136753;25.0;25.0;0;0
97.212;-37.97;-31.23;1.9806882891804904;22.58974358974359;22.752136752136753;25.0;25.0;0;0
97.321;-37.97;-31.23;1.9806882891804904;22.58974358974359;22.752136752136753;25.0;25.0;0;0
97.43;-37.97;-31.23;1.9806882891804904;22.58974358974359;22.752136752136753;25.0;25.0;0;0
97.54;-37.97;-31.23;1.9806882891804904;22.58974358974359;22.752136752136753;25.0;25.0;0;0
97.653;-37.97;-31.23;1.9806882891804904;22.58974358974359;22.752136752136753;25.0;25.0;0;0
97.758;-37.97;-31.23;1.9806882891804904;22.58974358974359;22.752136752136753;25.0;25.0;0;0
97.87;-37.97;-31.23;1.9806882891804904;22.58974358974359;22.752136752136753;25.0;25.0;0;0
97.975;-37.97;-31.23;1.9806882891804904;22.58974358974359;22.752136752136753;25.0;25.0;0;0
98.089;-37.97;-31.23;1.9806882891804904;22.58974358974359;22.752136752136753;25.0;25.0;0;0
98.197;-37.97;-31.23;1.9806882891804904;22.58974358974359;22.752136752136753;25.0;25.0;0;0
98.315;-37.97;-31.23;1.9806882891804904;22.58974358974359;22.752136752136753;25.0;25.0;0;0
98.421;-37.97;-31.23;1.9806882891804904;22.58974358974359;22.752136752136753;25.0;25.0;0;0
98.527;-37.97;-31.23;1.9806882891804904;22.58974358974359;22.752136752136753;25.0;25.0;0;0
98.627;-37.97;-31.23;1.9806882891804904;22.53846153846154;22.752136752136753;25.0;25.0;0;0
98.728;-37.97;-31.23;1.9806882891804904;22.53846153846154;22.752136752136753;25.0;25.0;0;0
98.857;-37.97;-31.23;1.9806882891804904;22.53846153846154;22.752136752136753;25.0;25.0;0;0
98.964;-37.97;-31.23;1.9806882891804904;22.53846153846154;22.752136752136753;25.0;25.0;0;0
99.065;-37.97;-31.23;1.9806882891804904;22.53846153846154;22.752136752136753;25.0;25.0;0;0
99.183;-37.97;-31.23;1.9806882891804904;22.53846153846154;22.752136752136753;25.0;25.0;0;0
99.284;-37.97;-31.23;1.9806882891804904;22.53846153846154;22.752136752136753;25.0;25.0;0;0
99.386;-37.97;-31.23;1.9806882891804904;22.53846153846154;22.752136752136753;25.0;25.0;0;0
99.493;-37.97;-31.23;1.9806882891804904;22.53846153846154;22.752136752136753;25.0;25.0;0;0
99.595;-37.97;-31.23;1.9806882891804904;22.53846153846154;22.700854700854702;25.0;25.0;0;0
99.696;-37.97;-31.23;1.9806882891804904;22.53846153846154;22.700854700854702;25.0;25.0;0;0
99.798;-37.97;-31.23;1.9806882891804904;22.53846153846154;22.700854700854702;25.0;25.0;0;0
99.903;-37.97;-31.23;1.9806882891804904;22.53846153846154;22.700854700854702;25.0;25.0;0;0
100.044;-37.97;-31.23;1.9806882891804904;22.53846153846154;22.700854700854702;25.0;25.0;0;0
100.147;-37.97;-31.23;1.9806882891804904;22.53846153846154;22.700854700854702;25.0;25.0;0;0
100.25;-37.97;-31.23;1.9806882891804904;22.53846153846154;22.700854700854702;25.0;25.0;0;0
100.355;-37.97;-31.23;1.9806882891804904;22.53846153846154;22.700854700854702;25.0;25.0;0;0
100.471;-37.97;-31.23;1.9806882891804904;22.53846153846154;22.700854700854702;25.0;25.0;0;0
100.576;-37.97;-31.23;1.9806882891804904;22.53846153846154;22.752136752136753;25.0;25.0;0;0
100.703;-37.97;-31.23;1.9806882891804904;22.53846153846154;22.752136752136753;25.0;25.0;0;0
100.822;-37.97;-31.23;1.9806882891804904;22.53846153846154;22.752136752136753;25.0;25.0;0;0
100.937;-37.97;-31.23;1.9806882891804904;22.53846153846154;22.752136752136753;25.0;25.0;0;0
101.046;-37.97;-31.23;1.9806882891804904;22.53846153846154;22.752136752136753;25.0;25.0;0;0
101.164;-37.97;-31.23;1.9806882891804904;22.53846153846154;22.752136752136753;25.0;25.0;0;0
101.272;-37.97;-31.23;1.9806882891804904;22.53846153846154;22.752136752136753;25.0;25.0;0;0
101.381;-37.97;-31.23;1.9806882891804904;22.53846153846154;22.752136752136753;25.0;25.0;0;0
101.483;-37.97;-31.23;1.9806882891804904;22.53846153846154;22.752136752136753;25.0;25.0;0;0
101.596;-37.97;-31.23;1.9806882891804904;22.53846153846154;22.700854700854702;25.0;25.0;0;0
101.712;-37.97;-31.23;1.9806882891804904;22.53846153846154;22.700854700854702;25.0;25.0;0;0
101.814;-37.97;-31.23;1.9806882891804904;22.53846153846154;22.700854700854702;25.0;25.0;0;0
101.931;-37.97;-31.23;1.9806882891804904;22.53846153846154;22.700854700854702;25.0;25.0;0;0
102.032;-37.97;-31.23;1.9806882891804904;22.53846153846154;22.700854700854702;25.0;25.0;0;0
102.155;-37.97;-31.23;1.9806882891804904;22.53846153846154;22.700854700854702;25.0;25.0;0;0
102.273;-37.97;-31.23;1.9806882891804904;22.53846153846154;22.700854700854702;25.0;25.0;0;0
102.377;-37.97;-31.23;1.9806882891804904;22.53846153846154;22.700854700854702;25.0;25.0;0;0
102.481;-37.97;-31.23;1.9806882891804904;22.53846153846154;22.700854700854702;25.0;25.0;0;0
102.584;-37.97;-31.23;1.9806882891804904;22.58974358974359;22.752136752136753;25.0;25.0;0;0
102.69;-37.97;-31.23;1.9806882891804904;22.58974358974359;22.752136752136753;25.0;25.0;0;0
102.803;-37.97;-31.23;1.9806882891804904;22.58974358974359;22.752136752136753;25.0;25.0;0;0
102.907;-37.97;-31.23;1.9806882891804904;22.58974358974359;22.752136752136753;25.0;25.0;0;0
103.015;-37.97;-31.23;1.9806882891804904;22.58974358974359;22.752136752136753;25.0;25.0;0;0
103.127;-37.97;-31.23;1.9806882891804904;22.58974358974359;22.752136752136753;25.0;25.0;0;0
103.234;-37.97;-31.23;1.9806882891804904;22.58974358974359;22.752136752136753;25.0;25.0;0;0
103.347;-37.97;-31.23;1.9806882891804904;22.58974358974359;22.752136752136753;25.0;25.0;0;0
103.464;-37.97;-31.23;1.9806882891804904;22.58974358974359;22.752136752136753;25.0;25.0;0;0
103.566;-37.97;-31.23;1.9806882891804904;22.53846153846154;22.752136752136753;25.0;25.0;0;0
103.679;-37.97;-31.23;1.9806882891804904;22.53846153846154;22.752136752136753;25.0;25.0;0;0
103.784;-37.97;-31.23;1.9806882891804904;22.53846153846154;22.752136752136753;25.0;25.0;0;0
103.897;-37.97;-31.23;1.9806882891804904;22.53846153846154;22.752136752136753;25.0;25.0;0;0
104.004;-37.97;-31.23;1.9806882891804904;22.53846153846154;22.752136752136753;25.0;25.0;0;0
104.111;-37.97;-31.23;1.9806882891804904;22.53846153846154;22.752136752136753;25.0;25.0;0;0
104.222;-37.97;-31.23;1.9806882891804904;22.53846153846154;22.752136752136753;25.0;25.0;0;0
104.325;-37.97;-31.23;1.9806882891804904;22.53846153846154;22.752136752136753;25.0;25.0;0;0
104.427;-37.97;-31.23;1.9806882891804904;22.53846153846154;22.752136752136753;25.0;25.0;0;0
104.545;-37.97;-31.23;1.9806882891804904;22.53846153846154;22.752136752136753;25.0;25.0;0;0
104.675;-37.97;-31.23;1.9806882891804904;22.53846153846154;22.752136752136753;25.0;25.0;0;0
104.775;-37.97;-31.23;1.9806882891804904;22.53846153846154;22.752136752136753;25.0;25.0;0;0
104.88;-37.97;-31.23;1.9806882891804904;22.53846153846154;22.752136752136753;25.0;25.0;0;0
104.988;-37.97;-31.23;1.9806882891804904;22.53846153846154;22.752136752136753;25.0;25.0;0;0
105.088;-37.97;-31.23;1.9806882891804904;22.53846153846154;22.752136752136753;25.0;25.0;0;0
105.189;-37.97;-31.23;1.9806882891804904;22.53846153846154;22.752136752136753;25.0;25.0;0;0
105.289;-37.97;-31.23;1.9806882891804904;22.53846153846154;22.752136752136753;25.0;25.0;0;0
105.405;-37.97;-31.23;1.9806882891804904;22.53846153846154;22.752136752136753;25.0;25.0;0;0
105.51;-37.97;-31.23;1.9806882891804904;22.53846153846154;22.752136752136753;25.0;25.0;0;0
105.62;-37.97;-31.23;1.9806882891804904;22.58974358974359;22.752136752136753;25.0;25.0;0;0
105.731;-37.97;-31.23;1.9806882891804904;22.58974358974359;22.752136752136753;25.0;25.0;0;0
105.843;-37.97;-31.23;1.9806882891804904;22.58974358974359;22.752136752136753;25.0;25.0;0;0
105.953;-37.97;-31.23;1.9806882891804904;22.58974358974359;22.752136752136753;25.0;25.0;0;0
106.074;-37.97;-31.23;1.9806882891804904;22.58974358974359;22.752136752136753;25.0;25.0;0;0
106.176;-37.97;-31.23;1.9806882891804904;22.58974358974359;22.752136752136753;25.0;25.0;0;0
106.294;-37.97;-31.23;1.9806882891804904;22.58974358974359;22.752136752136753;25.0;25.0;0;0
106.397;-37.97;-31.23;1.9806882891804904;22.58974358974359;22.752136752136753;25.0;25.0;0;0
106.508;-37.97;-31.23;1.9806882891804904;22.58974358974359;22.752136752136753;25.0;25.0;0;0
106.618;-37.97;-31.23;1.9806882891804904;22.53846153846154;22.752136752136753;25.0;25.0;0;0
106.73;-37.97;-31.23;1.9806882891804904;22.53846153846154;22.752136752136753;25.0;25.0;0;0
106.84;-37.97;-31.23;1.9806882891804904;22.53846153846154;22.752136752136753;25.0;25.0;0;0
106.95;-37.97;-31.23;1.9806882891804904;22.53846153846154;22.752136752136753;25.0;25.0;0;0
107.068;-37.97;-31.23;1.9806882891804904;22.53846153846154;22.752136752136753;25.0;25.0;0;0
107.17;-37.97;-31.23;1.9806882891804904;22.53846153846154;22.752136752136753;25.0;25.0;0;0
107.281;-37.97;-31.23;1.9806882891804904;22.53846153846154;22.752136752136753;25.0;25.0;0;0
107.392;-37.97;-31.23;1.9806882891804904;22.53846153846154;22.752136752136753;25.0;25.0;0;0
107.512;-37.97;-31.23;1.9806882891804904;22.53846153846154;22.752136752136753;25.0;25.0;0;0
107.626;-37.97;-31.23;1.9806882891804904;22.53846153846154;22.752136752136753;25.0;25.0;0;0
107.734;-37.97;-31.23;1.9806882891804904;22.53846153846154;22.752136752136753;25.0;25.0;0;0
107.842;-37.97;-31.23;1.9806882891804904;22.53846153846154;22.752136752136753;25.0;25.0;0;0
107.944;-37.97;-31.23;1.9806882891804904;22.53846153846154;22.752136752136753;25.0;25.0;0;0
108.055;-37.97;-31.23;1.9806882891804904;22.53846153846154;22.752136752136753;25.0;25.0;0;0
108.166;-37.97;-31.23;1.9806882891804904;22.53846153846154;22.752136752136753;25.0;25.0;0;0
108.283;-37.97;-31.23;1.9806882891804904;22.53846153846154;22.752136752136753;25.0;25.0;0;0
108.396;-37.97;-31.23;1.9806882891804904;22.53846153846154;22.752136752136753;25.0;25.0;0;0
108.497;-37.97;-31.23;1.9806882891804904;22.53846153846154;22.752136752136753;25.0;25.0;0;0
108.603;-37.97;-31.23;1.9806882891804904;22.58974358974359;22.752136752136753;25.0;25.0;0;0
108.706;-37.97;-31.23;1.9806882891804904;22.58974358974359;22.752136752136753;25.0;25.0;0;0
108.817;-37.97;-31.23;1.9806882891804904;22.58974358974359;22.752136752136753;25.0;25.0;0;0
108.927;-37.97;-31.23;1.9806882891804904;22.58974358974359;22.752136752136753;25.0;25.0;0;0
109.037;-37.97;-31.23;1.9806882891804904;22.58974358974359;22.752136752136753;25.0;25.0;0;0
109.157;-37.97;-31.23;1.9806882891804904;22.58974358974359;22.752136752136753;25.0;25.0;0;0
109.267;-37.97;-31.23;1.9806882891804904;22.58974358974359;22.752136752136753;25.0;25.0;0;0
109.369;-37.97;-31.23;1.9806882891804904;22.58974358974359;22.752136752136753;25.0;25.0;0;0
109.479;-37.97;-31.23;1.9806882891804904;22.58974358974359;22.752136752136753;25.0;25.0;0;0
109.622;-37.97;-31.23;1.9806882891804904;22.53846153846154;22.752136752136753;25.0;25.0;0;0
109.722;-37.97;-31.23;1.9806882891804904;22.53846153846154;22.752136752136753;25.0;25.0;0;0
109.828;-37.97;-31.23;1.9806882891804904;22.53846153846154;22.752136752136753;25.0;25.0;0;0
109.931;-37.97;-31.23;1.9806882891804904;22.53846153846154;22.752136752136753;25.0;25.0;0;0
110.033;-37.97;-31.23;1.9806882891804904;22.53846153846154;22.752136752136753;25.0;25.0;0;0
110.149;-37.97;-31.23;1.9806882891804904;22.53846153846154;22.752136752136753;25.0;25.0;0;0
110.264;-37.97;-31.23;1.9806882891804904;22.53846153846154;22.752136752136753;25.0;25.0;0;0
110.396;-37.97;-31.23;1.9806882891804904;22.53846153846154;22.752136752136753;25.0;25.0;0;0
110.498;-37.97;-31.23;1.9806882891804904;22.53846153846154;22.752136752136753;25.0;25.0;0;0
110.614;-37.97;-31.23;1.9806882891804904;22.53846153846154;22.752136752136753;25.0;25.0;0;0
110.717;-37.97;-31.23;1.9806882891804904;22.53846153846154;22.752136752136753;25.0;25.0;0;0
110.819;-37.97;-31.23;1.9806882891804904;22.53846153846154;22.752136752136753;25.0;25.0;0;0
110.937;-37.97;-31.23;1.9806882891804904;22.53846153846154;22.752136752136753;25.0;25.0;0;0
111.062;-37.97;-31.23;1.9806882891804904;22.53846153846154;22.752136752136753;25.0;25.0;0;0
111.171;-37.97;-31.23;1.9806882891804904;22.53846153846154;22.752136752136753;25.0;25.0;0;0
111.284;-37.97;-31.23;1.9806882891804904;22.53846153846154;22.752136752136753;25.0;25.0;0;0
111.392;-37.97;-31.23;1.9806882891804904;22.53846153846154;22.752136752136753;25.0;25.0;0;0
111.509;-37.97;-31.23;1.9806882891804904;22.53846153846154;22.752136752136753;25.0;25.0;0;0
111.623;-37.97;-31.23;1.9806882891804904;22.53846153846154;22.752136752136753;25.0;25.0;0;0
111.726;-37.97;-31.23;1.9806882891804904;22.53846153846154;22.752136752136753;25.0;25.0;0;0
111.828;-37.97;-31.23;1.9806882891804904;22.53846153846154;22.752136752136753;25.0;25.0;0;0
111.933;-37.97;-31.23;1.9806882891804904;22.53846153846154;22.752136752136753;25.0;25.0;0;0
112.05;-37.97;-31.23;1.9806882891804904;22.53846153846154;22.752136752136753;25.0;25.0;0;0
112.153;-37.97;-31.23;1.9806882891804904;22.53846153846154;22.752136752136753;25.0;25.0;0;0
112.27;-37.97;-31.23;1.9806882891804904;22.53846153846154;22.752136752136753;25.0;25.0;0;0
112.371;-37.97;-31.23;1.9806882891804904;22.53846153846154;22.752136752136753;25.0;25.0;0;0
112.474;-37.97;-31.23;1.9806882891804904;22.53846153846154;22.752136752136753;25.0;25.0;0;0
112.577;-37.97;-31.23;1.9806882891804904;22.58974358974359;22.752136752136753;25.0;25.0;0;0
112.694;-37.97;-31.23;1.9806882891804904;22.58974358974359;22.752136752136753;25.0;25.0;0;0
112.816;-37.97;-31.23;1.9806882891804904;22.58974358974359;22.752136752136753;25.0;25.0;0;0
112.931;-37.97;-31.23;1.9806882891804904;22.58974358974359;22.752136752136753;25.0;25.0;0;0
113.036;-37.97;-31.23;1.9806882891804904;22.58974358974359;22.752136752136753;25.0;25.0;0;0
113.153;-37.97;-31.23;1.9806882891804904;22.58974358974359;22.752136752136753;25.0;25.0;0;0
113.261;-37.97;-31.23;1.9806882891804904;22.58974358974359;22.752136752136753;25.0;25.0;0;0
113.369;-37.97;-31.23;1.9806882891804904;22.58974358974359;22.752136752136753;25.0;25.0;0;0
113.475;-37.97;-31.23;1.9806882891804904;22.58974358974359;22.752136752136753;25.0;25.0;0;0
113.594;-37.97;-31.23;1.9806882891804904;22.58974358974359;22.700854700854702;25.0;25.0;0;0
113.694;-37.97;-31.23;1.9806882891804904;22.58974358974359;22.700854700854702;25.0;25.0;0;0
113.81;-37.97;-31.23;1.9806882891804904;22.58974358974359;22.700854700854702;25.0;25.0;0;0
113.913;-37.97;-31.23;1.9806882891804904;22.58974358974359;22.700854700854702;25.0;25.0;0;0
114.031;-37.97;-31.23;1.9806882891804904;22.58974358974359;22.700854700854702;25.0;25.0;0;0
114.132;-37.97;-31.23;1.9806882891804904;22.58974358974359;22.700854700854702;25.0;25.0;0;0
114.245;-37.97;-31.23;1.9806882891804904;22.58974358974359;22.700854700854702;25.0;25.0;0;0
114.354;-37.97;-31.23;1.9806882891804904;22.58974358974359;22.700854700854702;25.0;25.0;0;0
114.464;-37.97;-31.23;1.9806882891804904;22.58974358974359;22.700854700854702;25.0;25.0;0;0
114.578;-37.97;-31.23;1.9806882891804904;22.58974358974359;22.700854700854702;25.0;25.0;0;0
114.698;-37.97;-31.23;1.9806882891804904;22.53846153846154;22.752136752136753;25.0;25.0;0;0
114.798;-37.97;-31.23;1.9806882891804904;22.53846153846154;22.752136752136753;25.0;25.0;0;0
114.904;-37.97;-31.23;1.9806882891804904;22.53846153846154;22.752136752136753;25.0;25.0;0;0
115.015;-37.97;-31.23;1.9806882891804904;22.53846153846154;22.752136752136753;25.0;25.0;0;0
115.124;-37.97;-31.23;1.9806882891804904;22.53846153846154;22.752136752136753;25.0;25.0;0;0
115.228;-37.97;-31.23;1.9806882891804904;22.53846153846154;22.752136752136753;25.0;25.0;0;0
115.343;-37.97;-31.23;1.9806882891804904;22.53846153846154;22.752136752136753;25.0;25.0;0;0
115.455;-37.97;-31.23;1.9806882891804904;22.53846153846154;22.752136752136753;25.0;25.0;0;0
115.562;-37.97;-31.23;1.9806882891804904;22.53846153846154;22.752136752136753;25.0;25.0;0;0
115.678;-37.97;-31.23;1.9806882891804904;22.58974358974359;22.752136752136753;25.0;25.0;0;0
115.779;-37.97;-31.23;1.9806882891804904;22.58974358974359;22.752136752136753;25.0;25.0;0;0
115.88;-37.97;-31.23;1.9806882891804904;22.58974358974359;22.752136752136753;25.0;25.0;0;0
115.999;-37.97;-31.23;1.9806882891804904;22.58974358974359;22.752136752136753;25.0;25.0;0;0
116.099;-37.97;-31.23;1.9806882891804904;22.58974358974359;22.752136752136753;25.0;25.0;0;0
116.221;-37.97;-31.23;1.9806882891804904;22.58974358974359;22.752136752136753;25.0;25.0;0;0
116.321;-37.97;-31.23;1.9806882891804904;22.58974358974359;22.752136752136753;25.0;25.0;0;0
116.424;-37.97;-31.23;1.9806882891804904;22.58974358974359;22.752136752136753;25.0;25.0;0;0
116.526;-37.97;-31.23;1.9806882891804904;22.58974358974359;22.752136752136753;25.0;25.0;0;0
116.63;-37.97;-31.23;1.9806882891804904;22.58974358974359;22.752136752136753;25.0;25.0;0;0
116.73;-37.97;-31.23;1.9806882891804904;22.58974358974359;22.752136752136753;25.0;25.0;0;0
116.831;-37.97;-31.23;1.9806882891804904;22.58974358974359;22.752136752136753;25.0;25.0;0;0
116.932;-37.97;-31.23;1.9806882891804904;22.58974358974359;22.752136752136753;25.0;25.0;0;0
117.032;-37.97;-31.23;1.9806882891804904;22.58974358974359;22.752136752136753;25.0;25.0;0;0
117.14;-37.97;-31.23;1.9806882891804904;22.58974358974359;22.752136752136753;25.0;25.0;0;0
117.242;-37.97;-31.23;1.9806882891804904;22.58974358974359;22.752136752136753;25.0;25.0;0;0
117.345;-37.97;-31.23;1.9806882891804904;22.58974358974359;22.752136752136753;25.0;25.0;0;0
117.448;-37.97;-31.23;1.9806882891804904;22.58974358974359;22.752136752136753;25.0;25.0;0;0
117.563;-37.97;-31.23;1.9806882891804904;22.58974358974359;22.752136752136753;25.0;25.0;0;0
117.671;-37.97;-31.23;1.9806882891804904;22.58974358974359;22.752136752136753;25.0;25.0;0;0
117.782;-37.97;-31.23;1.9806882891804904;22.58974358974359;22.752136752136753;25.0;25.0;0;0
117.888;-37.97;-31.23;1.9806882891804904;22.58974358974359;22.752136752136753;25.0;25.0;0;0
118.014;-37.97;-31.23;1.9806882891804904;22.58974358974359;22.752136752136753;25.0;25.0;0;0
118.115;-37.97;-31.23;1.9806882891804904;22.58974358974359;22.752136752136753;25.0;25.0;0;0
118.235;-37.97;-31.23;1.9806882891804904;22.58974358974359;22.752136752136753;25.0;25.0;0;0
118.34;-37.97;-31.23;1.9806882891804904;22.58974358974359;22.752136752136753;25.0;25.0;0;0
118.449;-37.97;-31.23;1.9806882891804904;22.58974358974359;22.752136752136753;25.0;25.0;0;0
118.561;-37.97;-31.23;1.9806882891804904;22.58974358974359;22.752136752136753;25.0;25.0;0;0
118.676;-37.97;-31.23;1.9806882891804904;22.58974358974359;22.752136752136753;25.0;25.0;0;0
118.784;-37.97;-31.23;1.9806882891804904;22.58974358974359;22.752136752136753;25.0;25.0;0;0
118.885;-37.97;-31.23;1.9806882891804904;22.58974358974359;22.752136752136753;25.0;25.0;0;0
118.985;-37.97;-31.23;1.9806882891804904;22.58974358974359;22.752136752136753;25.0;25.0;0;0
119.087;-37.97;-31.23;1.9806882891804904;22.58974358974359;22.752136752136753;25.0;25.0;0;0
119.196;-37.97;-31.23;1.9806882891804904;22.58974358974359;22.752136752136753;25.0;25.0;0;0
119.301;-37.97;-31.23;1.9806882891804904;22.58974358974359;22.752136752136753;25.0;25.0;0;0
119.404;-37.97;-31.23;1.9806882891804904;22.58974358974359;22.752136752136753;25.0;25.0;0;0
119.518;-37.97;-31.23;1.9806882891804904;22.58974358974359;22.752136752136753;25.0;25.0;0;0
119.622;-37.97;-31.23;1.9806882891804904;22.58974358974359;22.752136752136753;25.0;25.0;0;0
119.729;-37.97;-31.23;1.9806882891804904;22.58974358974359;22.752136752136753;25.0;25.0;0;0
119.832;-37.97;-31.23;1.9806882891804904;22.58974358974359;22.752136752136753;25.0;25.0;0;0
119.946;-37.97;-31.23;1.9806882891804904;22.58974358974359;22.752136752136753;25.0;25.0;0;0
120.053;-37.97;-31.23;1.9806882891804904;22.58974358974359;22.752136752136753;25.0;25.0;0;0
120.17;-37.97;-31.23;1.9806882891804904;22.58974358974359;22.752136752136753;25.0;25.0;0;0
120.276;-37.97;-31.23;1.9806882891804904;22.58974358974359;22.752136752136753;25.0;25.0;0;0
120.387;-37.97;-31.23;1.9806882891804904;22.58974358974359;22.752136752136753;25.0;25.0;0;0
120.499;-37.97;-31.23;1.9806882891804904;22.58974358974359;22.752136752136753;25.0;25.0;0;0
120.599;-37.97;-31.23;1.9806882891804904;22.58974358974359;22.752136752136753;25.0;25.0;0;0
120.704;-37.97;-31.23;1.9806882891804904;22.58974358974359;22.752136752136753;25.0;25.0;0;0
120.815;-37.97;-31.23;1.9806882891804904;22.58974358974359;22.752136752136753;25.0;25.0;0;0
120.931;-37.97;-31.23;1.9806882891804904;22.58974358974359;22.752136752136753;25.0;25.0;0;0
121.036;-37.97;-31.23;1.9806882891804904;22.58974358974359;22.752136752136753;25.0;25.0;0;0
121.147;-37.97;-31.23;1.9806882891804904;22.58974358974359;22.752136752136753;25.0;25.0;0;0
121.258;-37.97;-31.23;1.9806882891804904;22.58974358974359;22.752136752136753;25.0;25.0;0;0
121.369;-37.97;-31.23;1.9806882891804904;22.58974358974359;22.752136752136753;25.0;25.0;0;0
121.48;-37.97;-31.23;1.9806882891804904;22.58974358974359;22.752136752136753;25.0;25.0;0;0
121.591;-37.97;-31.23;1.9806882891804904;22.58974358974359;22.752136752136753;25.0;25.0;0;0
121.702;-37.97;-31.23;1.9806882891804904;22.58974358974359;22.752136752136753;25.0;25.0;0;0
121.822;-37.97;-31.23;1.9806882891804904;22.58974358974359;22.752136752136753;25.0;25.0;0;0
121.939;-37.97;-31.23;1.9806882891804904;22.58974358974359;22.752136752136753;25.0;25.0;0;0
122.05;-37.97;-31.23;1.9806882891804904;22.58974358974359;22.752136752136753;25.0;25.0;0;0
122.158;-37.97;-31.23;1.9806882891804904;22.58974358974359;22.752136752136753;25.0;25.0;0;0
122.265;-37.97;-31.23;1.9806882891804904;22.58974358974359;22.752136752136753;25.0;25.0;0;0
122.387;-37.97;-31.23;1.9806882891804904;22.58974358974359;22.752136752136753;25.0;25.0;0;0
122.488;-37.97;-31.23;1.9806882891804904;22.58974358974359;22.752136752136753;25.0;25.0;0;0
122.602;-37.97;-31.23;1.9806882891804904;22.58974358974359;22.752136752136753;25.0;25.0;0;0
122.702;-37.97;-31.23;1.9806882891804904;22.58974358974359;22.752136752136753;25.0;25.0;0;0
122.821;-37.97;-31.23;1.9806882891804904;22.58974358974359;22.752136752136753;25.0;25.0;0;0
122.933;-37.97;-31.23;1.9806882891804904;22.58974358974359;22.752136752136753;25.0;25.0;0;0
123.035;-37.97;-31.23;1.9806882891804904;22.58974358974359;22.752136752136753;25.0;25.0;0;0
123.146;-37.97;-31.23;1.9806882891804904;22.58974358974359;22.752136752136753;25.0;25.0;0;0
123.247;-37.97;-31.23;1.9806882891804904;22.58974358974359;22.752136752136753;25.0;25.0;0;0
123.365;-37.97;-31.23;1.9806882891804904;22.58974358974359;22.752136752136753;25.0;25.0;0;0
123.467;-37.97;-31.23;1.9806882891804904;22.58974358974359;22.752136752136753;25.0;25.0;0;0
123.576;-37.97;-31.23;1.9806882891804904;22.58974358974359;22.752136752136753;25.0;25.0;0;0
123.68;-37.97;-31.23;1.9806882891804904;22.58974358974359;22.752136752136753;25.0;25.0;0;0
123.782;-37.97;-31.23;1.9806882891804904;22.58974358974359;22.752136752136753;25.0;25.0;0;0
123.892;-37.97;-31.23;1.9806882891804904;22.58974358974359;22.752136752136753;25.0;25.0;0;0
124.002;-37.97;-31.23;1.9806882891804904;22.58974358974359;22.752136752136753;25.0;25.0;0;0
124.121;-37.97;-31.23;1.9806882891804904;22.58974358974359;22.752136752136753;25.0;25.0;0;0
124.223;-37.97;-31.23;1.9806882891804904;22.58974358974359;22.752136752136753;25.0;25.0;0;0
124.348;-37.97;-31.23;1.9806882891804904;22.58974358974359;22.752136752136753;25.0;25.0;0;0
124.456;-37.97;-31.23;1.9806882891804904;22.58974358974359;22.752136752136753;25.0;25.0;0;0
124.563;-37.97;-31.23;1.9806882891804904;22.58974358974359;22.752136752136753;25.0;25.0;0;0
124.668;-37.97;-31.23;1.9806882891804904;22.58974358974359;22.752136752136753;25.0;25.0;0;0
124.779;-37.97;-31.23;1.9806882891804904;22.58974358974359;22.752136752136753;25.0;25.0;0;0
124.895;-37.97;-31.23;1.9806882891804904;22.58974358974359;22.752136752136753;25.0;25.0;0;0
125.01;-37.97;-31.23;1.9806882891804904;22.58974358974359;22.752136752136753;25.0;25.0;0;0
125.111;-37.97;-31.23;1.9806882891804904;22.58974358974359;22.752136752136753;25.0;25.0;0;0
125.234;-37.97;-31.23;1.9806882891804904;22.58974358974359;22.752136752136753;25.0;25.0;0;0
125.344;-37.97;-31.23;1.9806882891804904;22.58974358974359;22.752136752136753;25.0;25.0;0;0
125.447;-37.97;-31.23;1.9806882891804904;22.58974358974359;22.752136752136753;25.0;25.0;0;0
125.565;-37.97;-31.23;1.9806882891804904;22.58974358974359;22.752136752136753;25.0;25.0;0;0
125.703;-37.97;-31.23;1.9806882891804904;22.53846153846154;22.752136752136753;25.0;25.0;0;0
125.815;-37.97;-31.23;1.9806882891804904;22.53846153846154;22.752136752136753;25.0;25.0;0;0
125.916;-37.97;-31.23;1.9806882891804904;22.53846153846154;22.752136752136753;25.0;25.0;0;0
126.025;-37.97;-31.23;1.9806882891804904;22.53846153846154;22.752136752136753;25.0;25.0;0;0
126.126;-37.97;-31.23;1.9806882891804904;22.53846153846154;22.752136752136753;25.0;25.0;0;0
126.24;-37.97;-31.23;1.9806882891804904;22.53846153846154;22.752136752136753;25.0;25.0;0;0
126.348;-37.97;-31.23;1.9806882891804904;22.53846153846154;22.752136752136753;25.0;25.0;0;0
126.459;-37.97;-31.23;1.9806882891804904;22.53846153846154;22.752136752136753;25.0;25.0;0;0
126.567;-37.97;-31.23;1.9806882891804904;22.53846153846154;22.752136752136753;25.0;25.0;0;0
126.679;-37.97;-31.23;1.9806882891804904;22.58974358974359;22.752136752136753;25.0;25.0;0;0
126.785;-37.97;-31.23;1.9806882891804904;22.58974358974359;22.752136752136753;25.0;25.0;0;0
126.899;-37.97;-31.23;1.9806882891804904;22.58974358974359;22.752136752136753;25.0;25.0;0;0
127.003;-37.97;-31.23;1.9806882891804904;22.58974358974359;22.752136752136753;25.0;25.0;0;0
127.119;-37.97;-31.23;1.9806882891804904;22.58974358974359;22.752136752136753;25.0;25.0;0;0
127.227;-37.97;-31.23;1.9806882891804904;22.58974358974359;22.752136752136753;25.0;25.0;0;0
127.335;-37.97;-31.23;1.9806882891804904;22.58974358974359;22.752136752136753;25.0;25.0;0;0
127.449;-37.97;-31.23;1.9806882891804904;22.58974358974359;22.752136752136753;25.0;25.0;0;0
127.555;-37.97;-31.23;1.9806882891804904;22.58974358974359;22.752136752136753;25.0;25.0;0;0
127.659;-37.97;-31.23;1.9806882891804904;22.58974358974359;22.752136752136753;25.0;25.0;0;0
127.773;-37.97;-31.23;1.9806882891804904;22.58974358974359;22.752136752136753;25.0;25.0;0;0
127.883;-37.97;-31.23;1.9806882891804904;22.58974358974359;22.752136752136753;25.0;25.0;0;0
127.993;-37.97;-31.23;1.9806882891804904;22.58974358974359;22.752136752136753;25.0;25.0;0;0
128.1;-37.97;-31.23;1.9806882891804904;22.58974358974359;22.752136752136753;25.0;25.0;0;0
128.212;-37.97;-31.23;1.9806882891804904;22.58974358974359;22.752136752136753;25.0;25.0;0;0
128.317;-37.97;-31.23;1.9806882891804904;22.58974358974359;22.752136752136753;25.0;25.0;0;0
128.432;-37.97;-31.23;1.9806882891804904;22.58974358974359;22.752136752136753;25.0;25.0;0;0
128.541;-37.97;-31.23;1.9806882891804904;22.58974358974359;22.752136752136753;25.0;25.0;0;0
128.652;-37.97;-31.23;1.9806882891804904;22.53846153846154;22.752136752136753;25.0;25.0;0;0
128.757;-37.97;-31.23;1.9806882891804904;22.53846153846154;22.752136752136753;25.0;25.0;0;0
128.873;-37.97;-31.23;1.9806882891804904;22.53846153846154;22.752136752136753;25.0;25.0;0;0
128.973;-37.97;-31.23;1.9806882891804904;22.53846153846154;22.752136752136753;25.0;25.0;0;0
129.074;-37.97;-31.23;1.9806882891804904;22.53846153846154;22.752136752136753;25.0;25.0;0;0
129.195;-37.97;-31.23;1.9806882891804904;22.53846153846154;22.752136752136753;25.0;25.0;0;0
129.31;-37.97;-31.23;1.9806882891804904;22.53846153846154;22.752136752136753;25.0;25.0;0;0
129.411;-37.97;-31.23;1.9806882891804904;22.53846153846154;22.752136752136753;25.0;25.0;0;0
129.528;-37.97;-31.23;1.9806882891804904;22.53846153846154;22.752136752136753;25.0;25.0;0;0
129.664;-37.97;-31.23;1.9806882891804904;22.58974358974359;22.752136752136753;25.0;25.0;0;0
129.765;-37.97;-31.23;1.9806882891804904;22.58974358974359;22.752136752136753;25.0;25.0;0;0
129.866;-37.97;-31.23;1.9806882891804904;22.58974358974359;22.752136752136753;25.0;25.0;0;0
129.984;-37.97;-31.23;1.9806882891804904;22.58974358974359;22.752136752136753;25.0;25.0;0;0
130.093;-37.97;-31.23;1.9806882891804904;22.58974358974359;22.752136752136753;25.0;25.0;0;0
130.203;-37.97;-31.23;1.9806882891804904;22.58974358974359;22.752136752136753;25.0;25.0;0;0
130.32;-37.97;-31.23;1.9806882891804904;22.58974358974359;22.752136752136753;25.0;25.0;0;0
130.424;-37.97;-31.23;1.9806882891804904;22.58974358974359;22.752136752136753;25.0;25.0;0;0
130.539;-37.97;-31.23;1.9806882891804904;22.58974358974359;22.752136752136753;25.0;25.0;0;0
130.642;-37.97;-31.23;1.9806882891804904;22.53846153846154;22.752136752136753;25.0;25.0;0;0
130.743;-37.97;-31.23;1.9806882891804904;22.53846153846154;22.752136752136753;25.0;25.0;0;0
130.846;-37.97;-31.23;1.9806882891804904;22.53846153846154;22.752136752136753;25.0;25.0;0;0
130.962;-37.97;-31.23;1.9806882891804904;22.53846153846154;22.752136752136753;25.0;25.0;0;0
131.066;-37.97;-31.23;1.9806882891804904;22.53846153846154;22.752136752136753;25.0;25.0;0;0
131.167;-37.97;-31.23;1.9806882891804904;22.53846153846154;22.752136752136753;25.0;25.0;0;0
131.286;-37.97;-31.23;1.9806882891804904;22.53846153846154;22.752136752136753;25.0;25.0;0;0
131.409;-37.97;-31.23;1.9806882891804904;22.53846153846154;22.752136752136753;25.0;25.0;0;0
131.522;-37.97;-31.23;1.9806882891804904;22.53846153846154;22.752136752136753;25.0;25.0;0;0
131.624;-37.97;-31.23;1.9806882891804904;22.53846153846154;22.752136752136753;25.0;25.0;0;0
131.725;-37.97;-31.23;1.9806882891804904;22.58974358974359;22.752136752136753;25.0;25.0;0;0
131.846;-37.97;-31.23;1.9806882891804904;22.58974358974359;22.752136752136753;25.0;25.0;0;0
131.962;-37.97;-31.23;1.9806882891804904;22.58974358974359;22.752136752136753;25.0;25.0;0;0
132.086;-37.97;-31.23;1.9806882891804904;22.58974358974359;22.752136752136753;25.0;25.0;0;0
132.192;-37.97;-31.23;1.9806882891804904;22.58974358974359;22.752136752136753;25.0;25.0;0;0
132.297;-37.97;-31.23;1.9806882891804904;22.58974358974359;22.752136752136753;25.0;25.0;0;0
132.4;-37.97;-31.23;1.9806882891804904;22.58974358974359;22.752136752136753;25.0;25.0;0;0
132.51;-37.97;-31.23;1.9806882891804904;22.58974358974359;22.752136752136753;25.0;25.0;0;0
132.62;-37.97;-31.23;1.9806882891804904;22.58974358974359;22.752136752136753;25.0;25.0;0;0
132.722;-37.97;-31.23;1.9806882891804904;22.58974358974359;22.752136752136753;25.0;25.0;0;0
132.838;-37.97;-31.23;1.9806882891804904;22.58974358974359;22.752136752136753;25.0;25.0;0;0
132.96;-37.97;-31.23;1.9806882891804904;22.58974358974359;22.752136752136753;25.0;25.0;0;0
133.077;-37.97;-31.23;1.9806882891804904;22.58974358974359;22.752136752136753;25.0;25.0;0;0
133.184;-37.97;-31.23;1.9806882891804904;22.58974358974359;22.752136752136753;25.0;25.0;0;0
133.291;-37.97;-31.23;1.9806882891804904;22.58974358974359;22.752136752136753;25.0;25.0;0;0
133.397;-37.97;-31.23;1.9806882891804904;22.58974358974359;22.752136752136753;25.0;25.0;0;0
133.507;-37.97;-31.23;1.9806882891804904;22.58974358974359;22.752136752136753;25.0;25.0;0;0
133.617;-37.97;-31.23;1.9806882891804904;22.58974358974359;22.752136752136753;25.0;25.0;0;0
133.766;-37.97;-31.23;1.9806882891804904;22.58974358974359;22.752136752136753;25.0;25.0;0;0
133.885;-37.97;-31.23;1.9806882891804904;22.58974358974359;22.752136752136753;25.0;25.0;0;0
133.989;-37.97;-31.23;1.9806882891804904;22.58974358974359;22.752136752136753;25.0;25.0;0;0
134.097;-37.97;-31.23;1.9806882891804904;22.58974358974359;22.752136752136753;25.0;25.0;0;0
134.207;-37.97;-31.23;1.9806882891804904;22.58974358974359;22.752136752136753;25.0;25.0;0;0
134.317;-37.97;-31.23;1.9806882891804904;22.58974358974359;22.752136752136753;25.0;25.0;0;0
134.431;-37.97;-31.23;1.9806882891804904;22.58974358974359;22.752136752136753;25.0;25.0;0;0
134.553;-37.97;-31.23;1.9806882891804904;22.58974358974359;22.752136752136753;25.0;25.0;0;0
134.653;-37.97;-31.23;1.9806882891804904;22.58974358974359;22.700854700854702;25.0;25.0;0;0
134.794;-37.97;-31.23;1.9806882891804904;22.58974358974359;22.700854700854702;25.0;25.0;0;0
134.897;-37.97;-31.23;1.9806882891804904;22.58974358974359;22.700854700854702;25.0;25.0;0;0
135.012;-37.97;-31.23;1.9806882891804904;22.58974358974359;22.700854700854702;25.0;25.0;0;0
135.116;-37.97;-31.23;1.9806882891804904;22.58974358974359;22.700854700854702;25.0;25.0;0;0
135.237;-37.97;-31.23;1.9806882891804904;22.58974358974359;22.700854700854702;25.0;25.0;0;0
135.351;-37.97;-31.23;1.9806882891804904;22.58974358974359;22.700854700854702;25.0;25.0;0;0
135.46;-37.97;-31.23;1.9806882891804904;22.58974358974359;22.700854700854702;25.0;25.0;0;0
135.584;-37.97;-31.23;1.9806882891804904;22.58974358974359;22.700854700854702;25.0;25.0;0;0
135.685;-37.97;-31.23;1.9806882891804904;22.58974358974359;22.752136752136753;25.0;25.0;0;0
135.786;-37.97;-31.23;1.9806882891804904;22.58974358974359;22.752136752136753;25.0;25.0;0;0
135.886;-37.97;-31.23;1.9806882891804904;22.58974358974359;22.752136752136753;25.0;25.0;0;0
135.992;-37.97;-31.23;1.9806882891804904;22.58974358974359;22.752136752136753;25.0;25.0;0;0
136.1;-37.97;-31.23;1.9806882891804904;22.58974358974359;22.752136752136753;25.0;25.0;0;0
136.209;-37.97;-31.23;1.9806882891804904;22.58974358974359;22.752136752136753;25.0;25.0;0;0
136.318;-37.97;-31.23;1.9806882891804904;22.58974358974359;22.752136752136753;25.0;25.0;0;0
136.419;-37.97;-31.23;1.9806882891804904;22.58974358974359;22.752136752136753;25.0;25.0;0;0
136.528;-37.97;-31.23;1.9806882891804904;22.58974358974359;22.752136752136753;25.0;25.0;0;0
136.647;-37.97;-31.23;1.9806882891804904;22.58974358974359;22.752136752136753;25.0;25.0;0;0
136.748;-37.97;-31.23;1.9806882891804904;22.58974358974359;22.752136752136753;25.0;25.0;0;0
136.855;-37.97;-31.23;1.9806882891804904;22.58974358974359;22.752136752136753;25.0;25.0;0;0
136.965;-37.97;-31.23;1.9806882891804904;22.58974358974359;22.752136752136753;25.0;25.0;0;0
137.067;-37.97;-31.23;1.9806882891804904;22.58974358974359;22.752136752136753;25.0;25.0;0;0
137.177;-37.97;-31.23;1.9806882891804904;22.58974358974359;22.752136752136753;25.0;25.0;0;0
137.288;-37.97;-31.23;1.9806882891804904;22.58974358974359;22.752136752136753;25.0;25.0;0;0
137.401;-37.97;-31.23;1.9806882891804904;22.58974358974359;22.752136752136753;25.0;25.0;0;0
137.526;-37.97;-31.23;1.9806882891804904;22.58974358974359;22.752136752136753;25.0;25.0;0;0
137.629;-37.97;-31.23;1.9806882891804904;22.58974358974359;22.752136752136753;25.0;25.0;0;0
137.732;-37.97;-31.23;1.9806882891804904;22.53846153846154;22.752136752136753;25.0;25.0;0;0
137.852;-37.97;-31.23;1.9806882891804904;22.53846153846154;22.752136752136753;25.0;25.0;0;0
137.959;-37.97;-31.23;1.9806882891804904;22.53846153846154;22.752136752136753;25.0;25.0;0;0
138.06;-37.97;-31.23;1.9806882891804904;22.53846153846154;22.752136752136753;25.0;25.0;0;0
138.165;-37.97;-31.23;1.9806882891804904;22.53846153846154;22.752136752136753;25.0;25.0;0;0
138.268;-37.97;-31.23;1.9806882891804904;22.53846153846154;22.752136752136753;25.0;25.0;0;0
138.38;-37.97;-31.23;1.9806882891804904;22.53846153846154;22.752136752136753;25.0;25.0;0;0
138.491;-37.97;-31.23;1.9806882891804904;22.53846153846154;22.752136752136753;25.0;25.0;0;0
138.603;-37.97;-31.23;1.9806882891804904;22.53846153846154;22.752136752136753;25.0;25.0;0;0
138.713;-37.97;-31.23;1.9806882891804904;22.58974358974359;22.752136752136753;25.0;25.0;0;0
138.822;-37.97;-31.23;1.9806882891804904;22.58974358974359;22.752136752136753;25.0;25.0;0;0
138.935;-37.97;-31.23;1.9806882891804904;22.58974358974359;22.752136752136753;25.0;25.0;0;0
139.039;-37.97;-31.23;1.9806882891804904;22.58974358974359;22.752136752136753;25.0;25.0;0;0
139.143;-37.97;-31.23;1.9806882891804904;22.58974358974359;22.752136752136753;25.0;25.0;0;0
139.25;-37.97;-31.23;1.9806882891804904;22.58974358974359;22.752136752136753;25.0;25.0;0;0
139.354;-37.97;-31.23;1.9806882891804904;22.58974358974359;22.752136752136753;25.0;25.0;0;0
139.454;-37.97;-31.23;1.9806882891804904;22.58974358974359;22.752136752136753;25.0;25.0;0;0
139.574;-37.97;-31.23;1.9806882891804904;22.58974358974359;22.752136752136753;25.0;25.0;0;0
139.684;-37.97;-31.23;1.9806882891804904;22.58974358974359;22.752136752136753;25.0;25.0;0;0
139.784;-37.97;-31.23;1.9806882891804904;22.58974358974359;22.752136752136753;25.0;25.0;0;0
139.885;-37.97;-31.23;1.9806882891804904;22.58974358974359;22.752136752136753;25.0;25.0;0;0
139.985;-37.97;-31.23;1.9806882891804904;22.58974358974359;22.752136752136753;25.0;25.0;0;0
140.086;-37.97;-31.23;1.9806882891804904;22.58974358974359;22.752136752136753;25.0;25.0;0;0
140.188;-37.97;-31.23;1.9806882891804904;22.58974358974359;22.752136752136753;25.0;25.0;0;0
140.292;-37.97;-31.23;1.9806882891804904;22.58974358974359;22.752136752136753;25.0;25.0;0;0
140.401;-37.97;-31.23;1.9806882891804904;22.58974358974359;22.752136752136753;25.0;25.0;0;0
140.504;-37.97;-31.23;1.9806882891804904;22.58974358974359;22.752136752136753;25.0;25.0;0;0
140.616;-37.97;-31.23;1.9806882891804904;22.58974358974359;22.752136752136753;25.0;25.0;0;0
140.734;-37.97;-31.23;1.9806882891804904;22.58974358974359;22.752136752136753;25.0;25.0;0;0
140.852;-37.97;-31.23;1.9806882891804904;22.58974358974359;22.752136752136753;25.0;25.0;0;0
140.956;-37.97;-31.23;1.9806882891804904;22.58974358974359;22.752136752136753;25.0;25.0;0;0
141.071;-37.97;-31.23;1.9806882891804904;22.58974358974359;22.752136752136753;25.0;25.0;0;0
141.173;-37.97;-31.23;1.9806882891804904;22.58974358974359;22.752136752136753;25.0;25.0;0;0
141.282;-37.97;-31.23;1.9806882891804904;22.58974358974359;22.752136752136753;25.0;25.0;0;0
141.382;-37.97;-31.23;1.9806882891804904;22.58974358974359;22.752136752136753;25.0;25.0;0;0
141.491;-37.97;-31.23;1.9806882891804904;22.58974358974359;22.752136752136753;25.0;25.0;0;0
141.598;-37.97;-31.23;1.9806882891804904;22.58974358974359;22.752136752136753;25.0;25.0;0;0
141.709;-37.97;-31.23;1.9806882891804904;22.53846153846154;22.752136752136753;25.0;25.0;0;0
141.825;-37.97;-31.23;1.9806882891804904;22.53846153846154;22.752136752136753;25.0;25.0;0;0
141.929;-37.97;-31.23;1.9806882891804904;22.53846153846154;22.752136752136753;25.0;25.0;0;0
142.043;-37.97;-31.23;1.9806882891804904;22.53846153846154;22.752136752136753;25.0;25.0;0;0
142.146;-37.97;-31.23;1.9806882891804904;22.53846153846154;22.752136752136753;25.0;25.0;0;0
142.264;-37.97;-31.23;1.9806882891804904;22.53846153846154;22.752136752136753;25.0;25.0;0;0
142.369;-37.97;-31.23;1.9806882891804904;22.53846153846154;22.752136752136753;25.0;25.0;0;0
142.472;-37.97;-31.23;1.9806882891804904;22.53846153846154;22.752136752136753;25.0;25.0;0;0
142.585;-37.97;-31.23;1.9806882891804904;22.53846153846154;22.752136752136753;25.0;25.0;0;0
142.689;-37.97;-31.23;1.9806882891804904;22.53846153846154;22.752136752136753;25.0;25.0;0;0
142.803;-37.97;-31.23;1.9806882891804904;22.53846153846154;22.752136752136753;25.0;25.0;0;0
142.905;-37.97;-31.23;1.9806882891804904;22.53846153846154;22.752136752136753;25.0;25.0;0;0
143.007;-37.97;-31.23;1.9806882891804904;22.53846153846154;22.752136752136753;25.0;25.0;0;0
143.124;-37.97;-31.23;1.9806882891804904;22.53846153846154;22.752136752136753;25.0;25.0;0;0
143.226;-37.97;-31.23;1.9806882891804904;22.53846153846154;22.752136752136753;25.0;25.0;0;0
143.332;-37.97;-31.23;1.9806882891804904;22.53846153846154;22.752136752136753;25.0;25.0;0;0
143.444;-37.97;-31.23;1.9806882891804904;22.53846153846154;22.752136752136753;25.0;25.0;0;0
143.565;-37.97;-31.23;1.9806882891804904;22.53846153846154;22.752136752136753;25.0;25.0;0;0
143.666;-37.97;-31.23;1.9806882891804904;22.58974358974359;22.752136752136753;25.0;25.0;0;0
143.792;-37.97;-31.23;1.9806882891804904;22.58974358974359;22.752136752136753;25.0;25.0;0;0
143.903;-37.97;-31.23;1.9806882891804904;22.58974358974359;22.752136752136753;25.0;25.0;0;0
144.004;-37.97;-31.23;1.9806882891804904;22.58974358974359;22.752136752136753;25.0;25.0;0;0
144.107;-37.97;-31.23;1.9806882891804904;22.58974358974359;22.752136752136753;25.0;25.0;0;0
144.232;-37.97;-31.23;1.9806882891804904;22.58974358974359;22.752136752136753;25.0;25.0;0;0
144.357;-37.97;-31.23;1.9806882891804904;22.58974358974359;22.752136752136753;25.0;25.0;0;0
144.458;-37.97;-31.23;1.9806882891804904;22.58974358974359;22.752136752136753;25.0;25.0;0;0
144.56;-37.97;-31.23;1.9806882891804904;22.58974358974359;22.752136752136753;25.0;25.0;0;0
144.661;-37.97;-31.23;1.9806882891804904;22.58974358974359;22.752136752136753;25.0;25.0;0;0
144.78;-37.97;-31.23;1.9806882891804904;22.58974358974359;22.752136752136753;25.0;25.0;0;0
144.902;-37.97;-31.23;1.9806882891804904;22.58974358974359;22.752136752136753;25.0;25.0;0;0
145.014;-37.97;-31.23;1.9806882891804904;22.58974358974359;22.752136752136753;25.0;25.0;0;0
145.125;-37.97;-31.23;1.9806882891804904;22.58974358974359;22.752136752136753;25.0;25.0;0;0
145.234;-37.97;-31.23;1.9806882891804904;22.58974358974359;22.752136752136753;25.0;25.0;0;0
145.336;-37.97;-31.23;1.9806882891804904;22.58974358974359;22.752136752136753;25.0;25.0;0;0
145.454;-37.97;-31.23;1.9806882891804904;22.58974358974359;22.752136752136753;25.0;25.0;0;0
145.564;-37.97;-31.23;1.9806882891804904;22.58974358974359;22.752136752136753;25.0;25.0;0;0
145.686;-37.97;-31.23;1.9806882891804904;22.58974358974359;22.752136752136753;25.0;25.0;0;0
145.79;-37.97;-31.23;1.9806882891804904;22.58974358974359;22.752136752136753;25.0;25.0;0;0
145.894;-37.97;-31.23;1.9806882891804904;22.58974358974359;22.752136752136753;25.0;25.0;0;0
146.006;-37.97;-31.23;1.9806882891804904;22.58974358974359;22.752136752136753;25.0;25.0;0;0
146.116;-37.97;-31.23;1.9806882891804904;22.58974358974359;22.752136752136753;25.0;25.0;0;0
146.216;-37.97;-31.23;1.9806882891804904;22.58974358974359;22.752136752136753;25.0;25.0;0;0
146.334;-37.97;-31.23;1.9806882891804904;22.58974358974359;22.752136752136753;25.0;25.0;0;0
146.443;-37.97;-31.23;1.9806882891804904;22.58974358974359;22.752136752136753;25.0;25.0;0;0
146.554;-37.97;-31.23;1.9806882891804904;22.58974358974359;22.752136752136753;25.0;25.0;0;0
146.672;-37.97;-31.23;1.9806882891804904;22.58974358974359;22.752136752136753;25.0;25.0;0;0
146.797;-37.97;-31.23;1.9806882891804904;22.58974358974359;22.752136752136753;25.0;25.0;0;0
146.907;-37.97;-31.23;1.9806882891804904;22.58974358974359;22.752136752136753;25.0;25.0;0;0
147.008;-37.97;-31.23;1.9806882891804904;22.58974358974359;22.752136752136753;25.0;25.0;0;0
147.108;-37.97;-31.23;1.9806882891804904;22.58974358974359;22.752136752136753;25.0;25.0;0;0
147.221;-37.97;-31.23;1.9806882891804904;22.58974358974359;22.752136752136753;25.0;25.0;0;0
147.325;-37.97;-31.23;1.9806882891804904;22.58974358974359;22.752136752136753;25.0;25.0;0;0
147.427;-37.97;-31.23;1.9806882891804904;22.58974358974359;22.752136752136753;25.0;25.0;0;0
147.54;-37.97;-31.23;1.9806882891804904;22.58974358974359;22.752136752136753;25.0;25.0;0;0
147.659;-37.97;-31.23;1.9806882891804904;22.58974358974359;22.752136752136753;25.0;25.0;0;0
147.76;-37.97;-31.23;1.9806882891804904;22.58974358974359;22.752136752136753;25.0;25.0;0;0
147.864;-37.97;-31.23;1.9806882891804904;22.58974358974359;22.752136752136753;25.0;25.0;0;0
147.969;-37.97;-31.23;1.9806882891804904;22.58974358974359;22.752136752136753;25.0;25.0;0;0
148.085;-37.97;-31.23;1.9806882891804904;22.58974358974359;22.752136752136753;25.0;25.0;0;0
148.187;-37.97;-31.23;1.9806882891804904;22.58974358974359;22.752136752136753;25.0;25.0;0;0
148.303;-37.97;-31.23;1.9806882891804904;22.58974358974359;22.752136752136753;25.0;25.0;0;0
148.42;-37.97;-31.23;1.9806882891804904;22.58974358974359;22.752136752136753;25.0;25.0;0;0
148.521;-37.97;-31.23;1.9806882891804904;22.58974358974359;22.752136752136753;25.0;25.0;0;0
148.641;-37.97;-31.23;1.9806882891804904;22.58974358974359;22.752136752136753;25.0;25.0;0;0
148.743;-37.97;-31.23;1.9806882891804904;22.58974358974359;22.752136752136753;25.0;25.0;0;0
148.86;-37.97;-31.23;1.9806882891804904;22.58974358974359;22.752136752136753;25.0;25.0;0;0
148.962;-37.97;-31.23;1.9806882891804904;22.58974358974359;22.752136752136753;25.0;25.0;0;0
149.078;-37.97;-31.23;1.9806882891804904;22.58974358974359;22.752136752136753;25.0;25.0;0;0
149.182;-37.97;-31.23;1.9806882891804904;22.58974358974359;22.752136752136753;25.0;25.0;0;0
149.284;-37.97;-31.23;1.9806882891804904;22.58974358974359;22.752136752136753;25.0;25.0;0;0
149.387;-37.97;-31.23;1.9806882891804904;22.58974358974359;22.752136752136753;25.0;25.0;0;0
149.496;-37.97;-31.23;1.9806882891804904;22.58974358974359;22.752136752136753;25.0;25.0;0;0
149.633;-37.97;-31.23;1.9806882891804904;22.58974358974359;22.752136752136753;25.0;25.0;0;0
149.733;-37.97;-31.23;1.9806882891804904;22.53846153846154;22.752136752136753;25.0;25.0;0;0
149.84;-37.97;-31.23;1.9806882891804904;22.53846153846154;22.752136752136753;25.0;25.0;0;0
149.941;-37.97;-31.23;1.9806882891804904;22.53846153846154;22.752136752136753;25.0;25.0;0;0
150.042;-37.97;-31.23;1.9806882891804904;22.53846153846154;22.752136752136753;25.0;25.0;0;0
150.143;-37.97;-31.23;1.9806882891804904;22.53846153846154;22.752136752136753;25.0;25.0;0;0
150.252;-37.97;-31.23;1.9806882891804904;22.53846153846154;22.752136752136753;25.0;25.0;0;0
150.373;-37.97;-31.23;1.9806882891804904;22.53846153846154;22.752136752136753;25.0;25.0;0;0
150.482;-37.97;-31.23;1.9806882891804904;22.53846153846154;22.752136752136753;25.0;25.0;0;0
150.59;-37.97;-31.23;1.9806882891804904;22.53846153846154;22.752136752136753;25.0;25.0;0;0
150.704;-37.97;-31.23;1.9806882891804904;22.58974358974359;22.752136752136753;25.0;25.0;0;0
150.813;-37.97;-31.23;1.9806882891804904;22.58974358974359;22.752136752136753;25.0;25.0;0;0
150.921;-37.97;-31.23;1.9806882891804904;22.58974358974359;22.752136752136753;25.0;25.0;0;0
151.025;-37.97;-31.23;1.9806882891804904;22.58974358974359;22.752136752136753;25.0;25.0;0;0
151.145;-37.97;-31.23;1.9806882891804904;22.58974358974359;22.752136752136753;25.0;25.0;0;0
151.255;-37.97;-31.23;1.9806882891804904;22.58974358974359;22.752136752136753;25.0;25.0;0;0
151.357;-37.97;-31.23;1.9806882891804904;22.58974358974359;22.752136752136753;25.0;25.0;0;0
151.476;-37.97;-31.23;1.9806882891804904;22.58974358974359;22.752136752136753;25.0;25.0;0;0
151.577;-37.97;-31.23;1.9806882891804904;22.58974358974359;22.752136752136753;25.0;25.0;0;0
151.696;-37.97;-31.23;1.9806882891804904;22.58974358974359;22.752136752136753;25.0;25.0;0;0
151.806;-37.97;-31.23;1.9806882891804904;22.53846153846154;22.752136752136753;25.0;25.0;0;0
151.909;-37.97;-31.23;1.9806882891804904;22.53846153846154;22.752136752136753;25.0;25.0;0;0
152.01;-37.97;-31.23;1.9806882891804904;22.53846153846154;22.752136752136753;25.0;25.0;0;0
152.114;-37.97;-31.23;1.9806882891804904;22.53846153846154;22.752136752136753;25.0;25.0;0;0
152.225;-37.97;-31.23;1.9806882891804904;22.53846153846154;22.752136752136753;25.0;25.0;0;0
152.334;-37.97;-31.23;1.9806882891804904;22.53846153846154;22.752136752136753;25.0;25.0;0;0
152.444;-37.97;-31.23;1.9806882891804904;22.53846153846154;22.752136752136753;25.0;25.0;0;0
152.552;-37.97;-31.23;1.9806882891804904;22.53846153846154;22.752136752136753;25.0;25.0;0;0
152.665;-37.97;-31.23;1.9806882891804904;22.53846153846154;22.752136752136753;25.0;25.0;0;0
152.773;-37.97;-31.23;1.9806882891804904;22.58974358974359;22.752136752136753;25.0;25.0;0;0
152.881;-37.97;-31.23;1.9806882891804904;22.58974358974359;22.752136752136753;25.0;25.0;0;0
152.985;-37.97;-31.23;1.9806882891804904;22.58974358974359;22.752136752136753;25.0;25.0;0;0
153.09;-37.97;-31.23;1.9806882891804904;22.58974358974359;22.752136752136753;25.0;25.0;0;0
153.191;-37.97;-31.23;1.9806882891804904;22.58974358974359;22.752136752136753;25.0;25.0;0;0
153.316;-37.97;-31.23;1.9806882891804904;22.58974358974359;22.752136752136753;25.0;25.0;0;0
153.422;-37.97;-31.23;1.9806882891804904;22.58974358974359;22.752136752136753;25.0;25.0;0;0
153.523;-37.97;-31.23;1.9806882891804904;22.58974358974359;22.752136752136753;25.0;25.0;0;0
153.644;-37.97;-31.23;1.9806882891804904;22.58974358974359;22.752136752136753;25.0;25.0;0;0
153.754;-37.97;-31.23;1.9806882891804904;22.58974358974359;22.752136752136753;25.0;25.0;0;0
153.854;-37.97;-31.23;1.9806882891804904;22.58974358974359;22.752136752136753;25.0;25.0;0;0
153.955;-37.97;-31.23;1.9806882891804904;22.58974358974359;22.752136752136753;25.0;25.0;0;0
154.06;-37.97;-31.23;1.9806882891804904;22.58974358974359;22.752136752136753;25.0;25.0;0;0
154.162;-37.97;-31.23;1.9806882891804904;22.58974358974359;22.752136752136753;25.0;25.0;0;0
154.262;-37.97;-31.23;1.9806882891804904;22.58974358974359;22.752136752136753;25.0;25.0;0;0
154.37;-37.97;-31.23;1.9806882891804904;22.58974358974359;22.752136752136753;25.0;25.0;0;0
154.484;-37.97;-31.23;1.9806882891804904;22.58974358974359;22.752136752136753;25.0;25.0;0;0
154.593;-37.97;-31.23;1.9806882891804904;22.58974358974359;22.752136752136753;25.0;25.0;0;0
154.704;-37.97;-31.23;1.9806882891804904;22.58974358974359;22.752136752136753;25.0;25.0;0;0
154.814;-37.97;-31.23;1.9806882891804904;22.58974358974359;22.752136752136753;25.0;25.0;0;0
154.925;-37.97;-31.23;1.9806882891804904;22.58974358974359;22.752136752136753;25.0;25.0;0;0
155.03;-37.97;-31.23;1.9806882891804904;22.58974358974359;22.752136752136753;25.0;25.0;0;0
155.13;-37.97;-31.23;1.9806882891804904;22.58974358974359;22.752136752136753;25.0;25.0;0;0
155.243;-37.97;-31.23;1.9806882891804904;22.58974358974359;22.752136752136753;25.0;25.0;0;0
155.354;-37.97;-31.23;1.9806882891804904;22.58974358974359;22.752136752136753;25.0;25.0;0;0
155.463;-37.97;-31.23;1.9806882891804904;22.58974358974359;22.752136752136753;25.0;25.0;0;0
155.566;-37.97;-31.23;1.9806882891804904;22.58974358974359;22.752136752136753;25.0;25.0;0;0
155.684;-37.97;-31.23;1.9806882891804904;22.58974358974359;22.752136752136753;25.0;25.0;0;0
155.806;-37.97;-31.23;1.9806882891804904;22.53846153846154;22.752136752136753;25.0;25.0;0;0
155.919;-37.97;-31.23;1.9806882891804904;22.53846153846154;22.752136752136753;25.0;25.0;0;0
156.023;-37.97;-31.23;1.9806882891804904;22.53846153846154;22.752136752136753;25.0;25.0;0;0
156.134;-37.97;-31.23;1.9806882891804904;22.53846153846154;22.752136752136753;25.0;25.0;0;0
156.237;-37.97;-31.23;1.9806882891804904;22.53846153846154;22.752136752136753;25.0;25.0;0;0
156.341;-37.97;-31.23;1.9806882891804904;22.53846153846154;22.752136752136753;25.0;25.0;0;0
156.474;-37.97;-31.23;1.9806882891804904;22.53846153846154;22.752136752136753;25.0;25.0;0;0
156.576;-37.97;-31.23;1.9806882891804904;22.53846153846154;22.752136752136753;25.0;25.0;0;0
156.696;-37.97;-31.23;1.9806882891804904;22.53846153846154;22.752136752136753;25.0;25.0;0;0
156.812;-37.97;-31.23;1.9806882891804904;22.58974358974359;22.752136752136753;25.0;25.0;0;0
156.929;-37.97;-31.23;1.9806882891804904;22.58974358974359;22.752136752136753;25.0;25.0;0;0
157.031;-37.97;-31.23;1.9806882891804904;22.58974358974359;22.752136752136753;25.0;25.0;0;0
157.141;-37.97;-31.23;1.9806882891804904;22.58974358974359;22.752136752136753;25.0;25.0;0;0
157.243;-37.97;-31.23;1.9806882891804904;22.58974358974359;22.752136752136753;25.0;25.0;0;0
157.347;-37.97;-31.23;1.9806882891804904;22.58974358974359;22.752136752136753;25.0;25.0;0;0
157.453;-37.97;-31.23;1.9806882891804904;22.58974358974359;22.752136752136753;25.0;25.0;0;0
157.556;-37.97;-31.23;1.9806882891804904;22.58974358974359;22.752136752136753;25.0;25.0;0;0
157.657;-37.97;-31.23;1.9806882891804904;22.58974358974359;22.752136752136753;25.0;25.0;0;0
157.779;-37.97;-31.23;1.9806882891804904;22.58974358974359;22.752136752136753;25.0;25.0;0;0
157.892;-37.97;-31.23;1.9806882891804904;22.58974358974359;22.752136752136753;25.0;25.0;0;0
158.01;-37.97;-31.23;1.9806882891804904;22.58974358974359;22.752136752136753;25.0;25.0;0;0
158.112;-37.97;-31.23;1.9806882891804904;22.58974358974359;22.752136752136753;25.0;25.0;0;0
158.215;-37.97;-31.23;1.9806882891804904;22.58974358974359;22.752136752136753;25.0;25.0;0;0
158.316;-37.97;-31.23;1.9806882891804904;22.58974358974359;22.752136752136753;25.0;25.0;0;0
158.418;-37.97;-31.23;1.9806882891804904;22.58974358974359;22.752136752136753;25.0;25.0;0;0
158.533;-37.97;-31.23;1.9806882891804904;22.58974358974359;22.752136752136753;25.0;25.0;0;0
158.656;-37.97;-31.23;1.9806882891804904;22.58974358974359;22.752136752136753;25.0;25.0;0;0
158.77;-37.97;-31.23;1.9806882891804904;22.58974358974359;22.752136752136753;25.0;25.0;0;0
158.88;-37.97;-31.23;1.9806882891804904;22.58974358974359;22.752136752136753;25.0;25.0;0;0
158.987;-37.97;-31.23;1.9806882891804904;22.58974358974359;22.752136752136753;25.0;25.0;0;0
159.092;-37.97;-31.23;1.9806882891804904;22.58974358974359;22.752136752136753;25.0;25.0;0;0
159.194;-37.97;-31.23;1.9806882891804904;22.58974358974359;22.752136752136753;25.0;25.0;0;0
159.311;-37.97;-31.23;1.9806882891804904;22.58974358974359;22.752136752136753;25.0;25.0;0;0
159.429;-37.97;-31.23;1.9806882891804904;22.58974358974359;22.752136752136753;25.0;25.0;0;0
159.534;-37.97;-31.23;1.9806882891804904;22.58974358974359;22.752136752136753;25.0;25.0;0;0
159.649;-37.97;-31.23;1.9806882891804904;22.58974358974359;22.752136752136753;25.0;25.0;0;0
159.753;-37.97;-31.23;1.9806882891804904;22.58974358974359;22.752136752136753;25.0;25.0;0;0
159.868;-37.97;-31.23;1.9806882891804904;22.58974358974359;22.752136752136753;25.0;25.0;0;0
159.983;-37.97;-31.23;1.9806882891804904;22.58974358974359;22.752136752136753;25.0;25.0;0;0
160.087;-37.97;-31.23;1.9806882891804904;22.58974358974359;22.752136752136753;25.0;25.0;0;0
160.192;-37.97;-31.23;1.9806882891804904;22.58974358974359;22.752136752136753;25.0;25.0;0;0
160.306;-37.97;-31.23;1.9806882891804904;22.58974358974359;22.752136752136753;25.0;25.0;0;0
160.414;-37.97;-31.23;1.9806882891804904;22.58974358974359;22.752136752136753;25.0;25.0;0;0
160.525;-37.97;-31.23;1.9806882891804904;22.58974358974359;22.752136752136753;25.0;25.0;0;0
160.634;-37.97;-31.23;1.9806882891804904;22.58974358974359;22.752136752136753;25.0;25.0;0;0
160.746;-37.97;-31.23;1.9806882891804904;22.58974358974359;22.752136752136753;25.0;25.0;0;0
160.847;-37.97;-31.23;1.9806882891804904;22.58974358974359;22.752136752136753;25.0;25.0;0;0
160.951;-37.97;-31.23;1.9806882891804904;22.58974358974359;22.752136752136753;25.0;25.0;0;0
161.052;-37.97;-31.23;1.9806882891804904;22.58974358974359;22.752136752136753;25.0;25.0;0;0
161.154;-37.97;-31.23;1.9806882891804904;22.58974358974359;22.752136752136753;25.0;25.0;0;0
161.259;-37.97;-31.23;1.9806882891804904;22.58974358974359;22.752136752136753;25.0;25.0;0;0
161.374;-37.97;-31.23;1.9806882891804904;22.58974358974359;22.752136752136753;25.0;25.0;0;0
161.476;-37.97;-31.23;1.9806882891804904;22.58974358974359;22.752136752136753;25.0;25.0;0;0
161.593;-37.97;-31.23;1.9806882891804904;22.58974358974359;22.752136752136753;25.0;25.0;0;0
161.714;-37.97;-31.23;1.9806882891804904;22.58974358974359;22.752136752136753;25.0;25.0;0;0
161.829;-37.97;-31.23;1.9806882891804904;22.58974358974359;22.752136752136753;25.0;25.0;0;0
161.931;-37.97;-31.23;1.9806882891804904;22.58974358974359;22.752136752136753;25.0;25.0;0;0
162.049;-37.97;-31.23;1.9806882891804904;22.58974358974359;22.752136752136753;25.0;25.0;0;0
162.152;-37.97;-31.23;1.9806882891804904;22.58974358974359;22.752136752136753;25.0;25.0;0;0
162.254;-37.97;-31.23;1.9806882891804904;22.58974358974359;22.752136752136753;25.0;25.0;0;0
162.376;-37.97;-31.23;1.9806882891804904;22.58974358974359;22.752136752136753;25.0;25.0;0;0
162.49;-37.97;-31.23;1.9806882891804904;22.58974358974359;22.752136752136753;25.0;25.0;0;0
162.595;-37.97;-31.23;1.9806882891804904;22.58974358974359;22.752136752136753;25.0;25.0;0;0
162.71;-37.97;-31.23;1.9806882891804904;22.58974358974359;22.752136752136753;25.0;25.0;0;0
162.815;-37.97;-31.23;1.9806882891804904;22.58974358974359;22.752136752136753;25.0;25.0;0;0
162.926;-37.97;-31.23;1.9806882891804904;22.58974358974359;22.752136752136753;25.0;25.0;0;0
163.034;-37.97;-31.23;1.9806882891804904;22.58974358974359;22.752136752136753;25.0;25.0;0;0
163.146;-37.97;-31.23;1.9806882891804904;22.58974358974359;22.752136752136753;25.0;25.0;0;0
163.259;-37.97;-31.23;1.9806882891804904;22.58974358974359;22.752136752136753;25.0;25.0;0;0
163.368;-37.97;-31.23;1.9806882891804904;22.58974358974359;22.752136752136753;25.0;25.0;0;0
163.469;-37.97;-31.23;1.9806882891804904;22.58974358974359;22.752136752136753;25.0;25.0;0;0
163.571;-37.97;-31.23;1.9806882891804904;22.58974358974359;22.752136752136753;25.0;25.0;0;0
163.682;-37.97;-31.23;1.9806882891804904;22.58974358974359;22.752136752136753;25.0;25.0;0;0
163.79;-37.97;-31.23;1.9806882891804904;22.58974358974359;22.752136752136753;25.0;25.0;0;0
163.912;-37.97;-31.23;1.9806882891804904;22.58974358974359;22.752136752136753;25.0;25.0;0;0
164.025;-37.97;-31.23;1.9806882891804904;22.58974358974359;22.752136752136753;25.0;25.0;0;0
164.141;-37.97;-31.23;1.9806882891804904;22.58974358974359;22.752136752136753;25.0;25.0;0;0
164.255;-37.97;-31.23;1.9806882891804904;22.58974358974359;22.752136752136753;25.0;25.0;0;0
164.356;-37.97;-31.23;1.9806882891804904;22.58974358974359;22.752136752136753;25.0;25.0;0;0
164.464;-37.97;-31.23;1.9806882891804904;22.58974358974359;22.752136752136753;25.0;25.0;0;0
164.581;-37.97;-31.23;1.9806882891804904;22.58974358974359;22.752136752136753;25.0;25.0;0;0
164.683;-37.97;-31.23;1.9806882891804904;22.58974358974359;22.752136752136753;25.0;25.0;0;0
164.796;-37.97;-31.23;1.9806882891804904;22.58974358974359;22.752136752136753;25.0;25.0;0;0
164.897;-37.97;-31.23;1.9806882891804904;22.58974358974359;22.752136752136753;25.0;25.0;0;0
164.999;-37.97;-31.23;1.9806882891804904;22.58974358974359;22.752136752136753;25.0;25.0;0;0
165.109;-37.97;-31.23;1.9806882891804904;22.58974358974359;22.752136752136753;25.0;25.0;0;0
165.227;-37.97;-31.23;1.9806882891804904;22.58974358974359;22.752136752136753;25.0;25.0;0;0
165.34;-37.97;-31.23;1.9806882891804904;22.58974358974359;22.752136752136753;25.0;25.0;0;0
165.441;-37.97;-31.23;1.9806882891804904;22.58974358974359;22.752136752136753;25.0;25.0;0;0
165.546;-37.97;-31.23;1.9806882891804904;22.58974358974359;22.752136752136753;25.0;25.0;0;0
165.647;-37.97;-31.23;1.9806882891804904;22.58974358974359;22.752136752136753;25.0;25.0;0;0
165.752;-37.97;-31.23;1.9806882891804904;22.58974358974359;22.752136752136753;25.0;25.0;0;0
165.863;-37.97;-31.23;1.9806882891804904;22.58974358974359;22.752136752136753;25.0;25.0;0;0
165.972;-37.97;-31.23;1.9806882891804904;22.58974358974359;22.752136752136753;25.0;25.0;0;0
166.083;-37.97;-31.23;1.9806882891804904;22.58974358974359;22.752136752136753;25.0;25.0;0;0
166.195;-37.97;-31.23;1.9806882891804904;22.58974358974359;22.752136752136753;25.0;25.0;0;0
166.306;-37.97;-31.23;1.9806882891804904;22.58974358974359;22.752136752136753;25.0;25.0;0;0
166.415;-37.97;-31.23;1.9806882891804904;22.58974358974359;22.752136752136753;25.0;25.0;0;0
166.529;-37.97;-31.23;1.9806882891804904;22.58974358974359;22.752136752136753;25.0;25.0;0;0
166.634;-37.97;-31.23;1.9806882891804904;22.58974358974359;22.752136752136753;25.0;25.0;0;0
166.751;-37.97;-31.23;1.9806882891804904;22.58974358974359;22.752136752136753;25.0;25.0;0;0
166.856;-37.97;-31.23;1.9806882891804904;22.58974358974359;22.752136752136753;25.0;25.0;0;0
166.966;-37.97;-31.23;1.9806882891804904;22.58974358974359;22.752136752136753;25.0;25.0;0;0
167.067;-37.97;-31.23;1.9806882891804904;22.58974358974359;22.752136752136753;25.0;25.0;0;0
167.186;-37.97;-31.23;1.9806882891804904;22.58974358974359;22.752136752136753;25.0;25.0;0;0
167.287;-37.97;-31.23;1.9806882891804904;22.58974358974359;22.752136752136753;25.0;25.0;0;0
167.391;-37.97;-31.23;1.9806882891804904;22.58974358974359;22.752136752136753;25.0;25.0;0;0
167.503;-37.97;-31.23;1.9806882891804904;22.58974358974359;22.752136752136753;25.0;25.0;0;0
167.614;-37.97;-31.23;1.9806882891804904;22.58974358974359;22.752136752136753;25.0;25.0;0;0
167.725;-37.97;-31.23;1.9806882891804904;22.53846153846154;22.752136752136753;25.0;25.0;0;0
167.835;-37.97;-31.23;1.9806882891804904;22.53846153846154;22.752136752136753;25.0;25.0;0;0
167.946;-37.97;-31.23;1.9806882891804904;22.53846153846154;22.752136752136753;25.0;25.0;0;0
168.056;-37.97;-31.23;1.9806882891804904;22.53846153846154;22.752136752136753;25.0;25.0;0;0
168.166;-37.97;-31.23;1.9806882891804904;22.53846153846154;22.752136752136753;25.0;25.0;0;0
168.277;-37.97;-31.23;1.9806882891804904;22.53846153846154;22.752136752136753;25.0;25.0;0;0
168.387;-37.97;-31.23;1.9806882891804904;22.53846153846154;22.752136752136753;25.0;25.0;0;0
168.498;-37.97;-31.23;1.9806882891804904;22.53846153846154;22.752136752136753;25.0;25.0;0;0
168.607;-37.97;-31.23;1.9806882891804904;22.53846153846154;22.752136752136753;25.0;25.0;0;0
168.712;-37.97;-31.23;1.9806882891804904;22.53846153846154;22.752136752136753;25.0;25.0;0;0
168.821;-37.97;-31.23;1.9806882891804904;22.53846153846154;22.752136752136753;25.0;25.0;0;0
168.926;-37.97;-31.23;1.9806882891804904;22.53846153846154;22.752136752136753;25.0;25.0;0;0
169.037;-37.97;-31.23;1.9806882891804904;22.53846153846154;22.752136752136753;25.0;25.0;0;0
169.147;-37.97;-31.23;1.9806882891804904;22.53846153846154;22.752136752136753;25.0;25.0;0;0
169.258;-37.97;-31.23;1.9806882891804904;22.53846153846154;22.752136752136753;25.0;25.0;0;0
169.374;-37.97;-31.23;1.9806882891804904;22.53846153846154;22.752136752136753;25.0;25.0;0;0
169.486;-37.97;-31.23;1.9806882891804904;22.53846153846154;22.752136752136753;25.0;25.0;0;0
169.592;-37.97;-31.23;1.9806882891804904;22.53846153846154;22.752136752136753;25.0;25.0;0;0
169.702;-37.97;-31.23;1.9806882891804904;22.53846153846154;22.752136752136753;25.0;25.0;0;0
169.813;-37.97;-31.23;1.9806882891804904;22.53846153846154;22.752136752136753;25.0;25.0;0;0
169.941;-37.97;-31.23;1.9806882891804904;22.53846153846154;22.752136752136753;25.0;25.0;0;0
170.043;-37.97;-31.23;1.9806882891804904;22.53846153846154;22.752136752136753;25.0;25.0;0;0
170.145;-37.97;-31.23;1.9806882891804904;22.53846153846154;22.752136752136753;25.0;25.0;0;0
170.245;-37.97;-31.23;1.9806882891804904;22.53846153846154;22.752136752136753;25.0;25.0;0;0
170.353;-37.97;-31.23;1.9806882891804904;22.53846153846154;22.752136752136753;25.0;25.0;0;0
170.456;-37.97;-31.23;1.9806882891804904;22.53846153846154;22.752136752136753;25.0;25.0;0;0
170.567;-37.97;-31.23;1.9806882891804904;22.53846153846154;22.752136752136753;25.0;25.0;0;0
170.678;-37.97;-31.23;1.9806882891804904;22.53846153846154;22.752136752136753;25.0;25.0;0;0
170.789;-37.97;-31.23;1.9806882891804904;22.58974358974359;22.752136752136753;25.0;25.0;0;0
170.904;-37.97;-31.23;1.9806882891804904;22.58974358974359;22.752136752136753;25.0;25.0;0;0
171.009;-37.97;-31.23;1.9806882891804904;22.58974358974359;22.752136752136753;25.0;25.0;0;0
171.117;-37.97;-31.23;1.9806882891804904;22.58974358974359;22.752136752136753;25.0;25.0;0;0
171.227;-37.97;-31.23;1.9806882891804904;22.58974358974359;22.752136752136753;25.0;25.0;0;0
171.337;-37.97;-31.23;1.9806882891804904;22.58974358974359;22.752136752136753;25.0;25.0;0;0
171.446;-37.97;-31.23;1.9806882891804904;22.58974358974359;22.752136752136753;25.0;25.0;0;0
171.554;-37.97;-31.23;1.9806882891804904;22.58974358974359;22.752136752136753;25.0;25.0;0;0
171.67;-37.97;-31.23;1.9806882891804904;22.58974358974359;22.752136752136753;25.0;25.0;0;0
171.773;-37.97;-31.23;1.9806882891804904;22.58974358974359;22.752136752136753;25.0;25.0;0;0
171.879;-37.97;-31.23;1.9806882891804904;22.58974358974359;22.752136752136753;25.0;25.0;0;0
171.989;-37.97;-31.23;1.9806882891804904;22.58974358974359;22.752136752136753;25.0;25.0;0;0
172.105;-37.97;-31.23;1.9806882891804904;22.58974358974359;22.752136752136753;25.0;25.0;0;0
172.208;-37.97;-31.23;1.9806882891804904;22.58974358974359;22.752136752136753;25.0;25.0;0;0
172.318;-37.97;-31.23;1.9806882891804904;22.58974358974359;22.752136752136753;25.0;25.0;0;0
172.431;-37.97;-31.23;1.9806882891804904;22.58974358974359;22.752136752136753;25.0;25.0;0;0
172.539;-37.97;-31.23;1.9806882891804904;22.58974358974359;22.752136752136753;25.0;25.0;0;0
172.643;-37.97;-31.23;1.9806882891804904;22.58974358974359;22.752136752136753;25.0;25.0;0;0
172.758;-37.97;-31.23;1.9806882891804904;22.58974358974359;22.752136752136753;25.0;25.0;0;0
172.868;-37.97;-31.23;1.9806882891804904;22.58974358974359;22.752136752136753;25.0;25.0;0;0
172.979;-37.97;-31.23;1.9806882891804904;22.58974358974359;22.752136752136753;25.0;25.0;0;0
173.083;-37.97;-31.23;1.9806882891804904;22.58974358974359;22.752136752136753;25.0;25.0;0;0
173.198;-37.97;-31.23;1.9806882891804904;22.58974358974359;22.752136752136753;25.0;25.0;0;0
173.304;-37.97;-31.23;1.9806882891804904;22.58974358974359;22.752136752136753;25.0;25.0;0;0
173.419;-37.97;-31.23;1.9806882891804904;22.58974358974359;22.752136752136753;25.0;25.0;0;0
173.524;-37.97;-31.23;1.9806882891804904;22.58974358974359;22.752136752136753;25.0;25.0;0;0
173.64;-37.97;-31.23;1.9806882891804904;22.58974358974359;22.752136752136753;25.0;25.0;0;0
173.749;-37.97;-31.23;1.9806882891804904;22.53846153846154;22.752136752136753;25.0;25.0;0;0
173.864;-37.97;-31.23;1.9806882891804904;22.53846153846154;22.752136752136753;25.0;25.0;0;0
173.97;-37.97;-31.23;1.9806882891804904;22.53846153846154;22.752136752136753;25.0;25.0;0;0
174.079;-37.97;-31.23;1.9806882891804904;22.53846153846154;22.752136752136753;25.0;25.0;0;0
174.189;-37.97;-31.23;1.9806882891804904;22.53846153846154;22.752136752136753;25.0;25.0;0;0
174.306;-37.97;-31.23;1.9806882891804904;22.53846153846154;22.752136752136753;25.0;25.0;0;0
174.407;-37.97;-31.23;1.9806882891804904;22.53846153846154;22.752136752136753;25.0;25.0;0;0
174.518;-37.97;-31.23;1.9806882891804904;22.53846153846154;22.752136752136753;25.0;25.0;0;0
174.628;-37.97;-31.23;1.9806882891804904;22.53846153846154;22.752136752136753;25.0;25.0;0;0
174.739;-37.97;-31.23;1.9806882891804904;22.58974358974359;22.752136752136753;25.0;25.0;0;0
174.843;-37.97;-31.23;1.9806882891804904;22.58974358974359;22.752136752136753;25.0;25.0;0;0
174.943;-37.97;-31.23;1.9806882891804904;22.58974358974359;22.752136752136753;25.0;25.0;0;0
175.053;-37.97;-31.23;1.9806882891804904;22.58974358974359;22.752136752136753;25.0;25.0;0;0
175.178;-37.97;-31.23;1.9806882891804904;22.58974358974359;22.752136752136753;25.0;25.0;0;0
175.289;-37.97;-31.23;1.9806882891804904;22.58974358974359;22.752136752136753;25.0;25.0;0;0
175.4;-37.97;-31.23;1.9806882891804904;22.58974358974359;22.752136752136753;25.0;25.0;0;0
175.507;-37.97;-31.23;1.9806882891804904;22.58974358974359;22.752136752136753;25.0;25.0;0;0
175.621;-37.97;-31.23;1.9806882891804904;22.58974358974359;22.752136752136753;25.0;25.0;0;0
175.731;-37.97;-31.23;1.9806882891804904;22.58974358974359;22.752136752136753;25.0;25.0;0;0
175.844;-37.97;-31.23;1.9806882891804904;22.58974358974359;22.752136752136753;25.0;25.0;0;0
175.95;-37.97;-31.23;1.9806882891804904;22.58974358974359;22.752136752136753;25.0;25.0;0;0
176.059;-37.97;-31.23;1.9806882891804904;22.58974358974359;22.752136752136753;25.0;25.0;0;0
176.17;-37.97;-31.23;1.9806882891804904;22.58974358974359;22.752136752136753;25.0;25.0;0;0
176.28;-37.97;-31.23;1.9806882891804904;22.58974358974359;22.752136752136753;25.0;25.0;0;0
176.389;-37.97;-31.23;1.9806882891804904;22.58974358974359;22.752136752136753;25.0;25.0;0;0
176.5;-37.97;-31.23;1.9806882891804904;22.58974358974359;22.752136752136753;25.0;25.0;0;0
176.609;-37.97;-31.23;1.9806882891804904;22.58974358974359;22.752136752136753;25.0;25.0;0;0
176.725;-37.97;-31.23;1.9806882891804904;22.53846153846154;22.752136752136753;25.0;25.0;0;0
176.829;-37.97;-31.23;1.9806882891804904;22.53846153846154;22.752136752136753;25.0;25.0;0;0
176.94;-37.97;-31.23;1.9806882891804904;22.53846153846154;22.752136752136753;25.0;25.0;0;0
177.065;-37.97;-31.23;1.9806882891804904;22.53846153846154;22.752136752136753;25.0;25.0;0;0
177.166;-37.97;-31.23;1.9806882891804904;22.53846153846154;22.752136752136753;25.0;25.0;0;0
177.275;-37.97;-31.23;1.9806882891804904;22.53846153846154;22.752136752136753;25.0;25.0;0;0
177.379;-37.97;-31.23;1.9806882891804904;22.53846153846154;22.752136752136753;25.0;25.0;0;0
177.49;-37.97;-31.23;1.9806882891804904;22.53846153846154;22.752136752136753;25.0;25.0;0;0
177.6;-37.97;-31.23;1.9806882891804904;22.53846153846154;22.752136752136753;25.0;25.0;0;0
177.711;-37.97;-31.23;1.9806882891804904;22.53846153846154;22.752136752136753;25.0;25.0;0;0
177.821;-37.97;-31.23;1.9806882891804904;22.58974358974359;22.752136752136753;25.0;25.0;0;0
177.931;-37.97;-31.23;1.9806882891804904;22.58974358974359;22.752136752136753;25.0;25.0;0;0
178.044;-37.97;-31.23;1.9806882891804904;22.58974358974359;22.752136752136753;25.0;25.0;0;0
178.151;-37.97;-31.23;1.9806882891804904;22.58974358974359;22.752136752136753;25.0;25.0;0;0
178.26;-37.97;-31.23;1.9806882891804904;22.58974358974359;22.752136752136753;25.0;25.0;0;0
178.371;-37.97;-31.23;1.9806882891804904;22.58974358974359;22.752136752136753;25.0;25.0;0;0
178.479;-37.97;-31.23;1.9806882891804904;22.58974358974359;22.752136752136753;25.0;25.0;0;0
178.592;-37.97;-31.23;1.9806882891804904;22.58974358974359;22.752136752136753;25.0;25.0;0;0
178.7;-37.97;-31.23;1.9806882891804904;22.58974358974359;22.752136752136753;25.0;25.0;0;0
178.809;-37.97;-31.23;1.9806882891804904;22.58974358974359;22.752136752136753;25.0;25.0;0;0
178.918;-37.97;-31.23;1.9806882891804904;22.58974358974359;22.752136752136753;25.0;25.0;0;0
179.028;-37.97;-31.23;1.9806882891804904;22.58974358974359;22.752136752136753;25.0;25.0;0;0
179.142;-37.97;-31.23;1.9806882891804904;22.58974358974359;22.752136752136753;25.0;25.0;0;0
179.243;-37.97;-31.23;1.9806882891804904;22.58974358974359;22.752136752136753;25.0;25.0;0;0
179.356;-37.97;-31.23;1.9806882891804904;22.58974358974359;22.752136752136753;25.0;25.0;0;0
179.463;-37.97;-31.23;1.9806882891804904;22.58974358974359;22.752136752136753;25.0;25.0;0;0
179.563;-37.97;-31.23;1.9806882891804904;22.58974358974359;22.752136752136753;25.0;25.0;0;0
179.679;-37.97;-31.23;1.9806882891804904;22.58974358974359;22.752136752136753;25.0;25.0;0;0
179.779;-37.97;-31.23;1.9806882891804904;22.53846153846154;22.752136752136753;25.0;25.0;0;0
179.882;-37.97;-31.23;1.9806882891804904;22.53846153846154;22.752136752136753;25.0;25.0;0;0
179.986;-37.97;-31.23;1.9806882891804904;22.53846153846154;22.752136752136753;25.0;25.0;0;0
180.087;-37.97;-31.23;1.9806882891804904;22.53846153846154;22.752136752136753;25.0;25.0;0;0
180.193;-37.97;-31.23;1.9806882891804904;22.53846153846154;22.752136752136753;25.0;25.0;0;0
180.302;-37.97;-31.23;1.9806882891804904;22.53846153846154;22.752136752136753;25.0;25.0;0;0
180.41;-37.97;-31.23;1.9806882891804904;22.53846153846154;22.752136752136753;25.0;25.0;0;0
180.521;-37.97;-31.23;1.9806882891804904;22.53846153846154;22.752136752136753;25.0;25.0;0;0
180.63;-37.97;-31.23;1.9806882891804904;22.53846153846154;22.752136752136753;25.0;25.0;0;0
180.741;-37.97;-31.23;1.9806882891804904;22.58974358974359;22.752136752136753;25.0;25.0;0;0
180.843;-37.97;-31.23;1.9806882891804904;22.58974358974359;22.752136752136753;25.0;25.0;0;0
180.945;-37.97;-31.23;1.9806882891804904;22.58974358974359;22.752136752136753;25.0;25.0;0;0
181.052;-37.97;-31.23;1.9806882891804904;22.58974358974359;22.752136752136753;25.0;25.0;0;0
181.164;-37.97;-31.23;1.9806882891804904;22.58974358974359;22.752136752136753;25.0;25.0;0;0
181.272;-37.97;-31.23;1.9806882891804904;22.58974358974359;22.752136752136753;25.0;25.0;0;0
181.385;-37.97;-31.23;1.9806882891804904;22.58974358974359;22.752136752136753;25.0;25.0;0;0
181.494;-37.97;-31.23;1.9806882891804904;22.58974358974359;22.752136752136753;25.0;25.0;0;0
181.607;-37.97;-31.23;1.9806882891804904;22.58974358974359;22.752136752136753;25.0;25.0;0;0
181.708;-37.97;-31.23;1.9806882891804904;22.58974358974359;22.752136752136753;25.0;25.0;0;0
181.811;-37.97;-31.23;1.9806882891804904;22.58974358974359;22.752136752136753;25.0;25.0;0;0
181.912;-37.97;-31.23;1.9806882891804904;22.58974358974359;22.752136752136753;25.0;25.0;0;0
182.02;-37.97;-31.23;1.9806882891804904;22.58974358974359;22.752136752136753;25.0;25.0;0;0
182.129;-37.97;-31.23;1.9806882891804904;22.58974358974359;22.752136752136753;25.0;25.0;0;0
182.243;-37.97;-31.23;1.9806882891804904;22.58974358974359;22.752136752136753;25.0;25.0;0;0
182.35;-37.97;-31.23;1.9806882891804904;22.58974358974359;22.752136752136753;25.0;25.0;0;0
182.461;-37.97;-31.23;1.9806882891804904;22.58974358974359;22.752136752136753;25.0;25.0;0;0
182.573;-37.97;-31.23;1.9806882891804904;22.58974358974359;22.752136752136753;25.0;25.0;0;0
182.684;-37.97;-31.23;1.9806882891804904;22.58974358974359;22.752136752136753;25.0;25.0;0;0
182.795;-37.97;-31.23;1.9806882891804904;22.53846153846154;22.752136752136753;25.0;25.0;0;0
182.905;-37.97;-31.23;1.9806882891804904;22.53846153846154;22.752136752136753;25.0;25.0;0;0
183.007;-37.97;-31.23;1.9806882891804904;22.53846153846154;22.752136752136753;25.0;25.0;0;0
183.11;-37.97;-31.23;1.9806882891804904;22.53846153846154;22.752136752136753;25.0;25.0;0;0
183.221;-37.97;-31.23;1.9806882891804904;22.53846153846154;22.752136752136753;25.0;25.0;0;0
183.331;-37.97;-31.23;1.9806882891804904;22.53846153846154;22.752136752136753;25.0;25.0;0;0
183.444;-37.97;-31.23;1.9806882891804904;22.53846153846154;22.752136752136753;25.0;25.0;0;0
183.552;-37.97;-31.23;1.9806882891804904;22.53846153846154;22.752136752136753;25.0;25.0;0;0
183.662;-37.97;-31.23;1.9806882891804904;22.53846153846154;22.752136752136753;25.0;25.0;0;0
183.773;-37.97;-31.23;1.9806882891804904;22.53846153846154;22.752136752136753;25.0;25.0;0;0
183.884;-37.97;-31.23;1.9806882891804904;22.58974358974359;22.752136752136753;25.0;25.0;0;0
183.997;-37.97;-31.23;1.9806882891804904;22.58974358974359;22.752136752136753;25.0;25.0;0;0
184.108;-37.97;-31.23;1.9806882891804904;22.58974358974359;22.752136752136753;25.0;25.0;0;0
184.209;-37.97;-31.23;1.9806882891804904;22.58974358974359;22.752136752136753;25.0;25.0;0;0
184.314;-37.97;-31.23;1.9806882891804904;22.58974358974359;22.752136752136753;25.0;25.0;0;0
184.427;-37.97;-31.23;1.9806882891804904;22.58974358974359;22.752136752136753;25.0;25.0;0;0
184.535;-37.97;-31.23;1.9806882891804904;22.58974358974359;22.752136752136753;25.0;25.0;0;0
184.645;-37.97;-31.23;1.9806882891804904;22.58974358974359;22.752136752136753;25.0;25.0;0;0
184.758;-37.97;-31.23;1.9806882891804904;22.58974358974359;22.752136752136753;25.0;25.0;0;0
184.869;-37.97;-31.23;1.9806882891804904;22.58974358974359;22.752136752136753;25.0;25.0;0;0
184.985;-37.97;-31.23;1.9806882891804904;22.58974358974359;22.752136752136753;25.0;25.0;0;0
185.089;-37.97;-31.23;1.9806882891804904;22.58974358974359;22.752136752136753;25.0;25.0;0;0
185.198;-37.97;-31.23;1.9806882891804904;22.58974358974359;22.752136752136753;25.0;25.0;0;0
185.299;-37.97;-31.23;1.9806882891804904;22.58974358974359;22.752136752136753;25.0;25.0;0;0
185.402;-37.97;-31.23;1.9806882891804904;22.58974358974359;22.752136752136753;25.0;25.0;0;0
185.506;-37.97;-31.23;1.9806882891804904;22.58974358974359;22.752136752136753;25.0;25.0;0;0
185.621;-37.97;-31.23;1.9806882891804904;22.58974358974359;22.752136752136753;25.0;25.0;0;0
185.732;-37.97;-31.23;1.9806882891804904;22.58974358974359;22.752136752136753;25.0;25.0;0;0
185.839;-37.97;-31.23;1.9806882891804904;22.58974358974359;22.752136752136753;25.0;25.0;0;0
185.944;-37.97;-31.23;1.9806882891804904;22.58974358974359;22.752136752136753;25.0;25.0;0;0
186.057;-37.97;-31.23;1.9806882891804904;22.58974358974359;22.752136752136753;25.0;25.0;0;0
186.16;-37.97;-31.23;1.9806882891804904;22.58974358974359;22.752136752136753;25.0;25.0;0;0
186.276;-37.97;-31.23;1.9806882891804904;22.58974358974359;22.752136752136753;25.0;25.0;0;0
186.389;-37.97;-31.23;1.9806882891804904;22.58974358974359;22.752136752136753;25.0;25.0;0;0
186.496;-37.97;-31.23;1.9806882891804904;22.58974358974359;22.752136752136753;25.0;25.0;0;0
186.602;-37.97;-31.23;1.9806882891804904;22.58974358974359;22.752136752136753;25.0;25.0;0;0
186.717;-37.97;-31.23;1.9806882891804904;22.58974358974359;22.752136752136753;25.0;25.0;0;0
186.818;-37.97;-31.23;1.9806882891804904;22.58974358974359;22.752136752136753;25.0;25.0;0;0
186.918;-37.97;-31.23;1.9806882891804904;22.58974358974359;22.752136752136753;25.0;25.0;0;0
187.026;-37.97;-31.23;1.9806882891804904;22.58974358974359;22.752136752136753;25.0;25.0;0;0
187.127;-37.97;-31.23;1.9806882891804904;22.58974358974359;22.752136752136753;25.0;25.0;0;0
187.228;-37.97;-31.23;1.9806882891804904;22.58974358974359;22.752136752136753;25.0;25.0;0;0
187.328;-37.97;-31.23;1.9806882891804904;22.58974358974359;22.752136752136753;25.0;25.0;0;0
187.444;-37.97;-31.23;1.9806882891804904;22.58974358974359;22.752136752136753;25.0;25.0;0;0
187.545;-37.97;-31.23;1.9806882891804904;22.58974358974359;22.752136752136753;25.0;25.0;0;0
187.656;-37.97;-31.23;1.9806882891804904;22.58974358974359;22.752136752136753;25.0;25.0;0;0
187.758;-37.97;-31.23;1.9806882891804904;22.58974358974359;22.752136752136753;25.0;25.0;0;0
187.885;-37.97;-31.23;1.9806882891804904;22.58974358974359;22.752136752136753;25.0;25.0;0;0
187.986;-37.97;-31.23;1.9806882891804904;22.58974358974359;22.752136752136753;25.0;25.0;0;0
188.1;-37.97;-31.23;1.9806882891804904;22.58974358974359;22.752136752136753;25.0;25.0;0;0
188.2;-37.97;-31.23;1.9806882891804904;22.58974358974359;22.752136752136753;25.0;25.0;0;0
188.302;-37.97;-31.23;1.9806882891804904;22.58974358974359;22.752136752136753;25.0;25.0;0;0
188.422;-37.97;-31.23;1.9806882891804904;22.58974358974359;22.752136752136753;25.0;25.0;0;0
188.536;-37.97;-31.23;1.9806882891804904;22.58974358974359;22.752136752136753;25.0;25.0;0;0
188.638;-37.97;-31.23;1.9806882891804904;22.58974358974359;22.752136752136753;25.0;25.0;0;0
188.753;-37.97;-31.23;1.9806882891804904;22.58974358974359;22.752136752136753;25.0;25.0;0;0
188.857;-37.97;-31.23;1.9806882891804904;22.58974358974359;22.752136752136753;25.0;25.0;0;0
188.977;-37.97;-31.23;1.9806882891804904;22.58974358974359;22.752136752136753;25.0;25.0;0;0
189.078;-37.97;-31.23;1.9806882891804904;22.58974358974359;22.752136752136753;25.0;25.0;0;0
189.19;-37.97;-31.23;1.9806882891804904;22.58974358974359;22.752136752136753;25.0;25.0;0;0
189.291;-37.97;-31.23;1.9806882891804904;22.58974358974359;22.752136752136753;25.0;25.0;0;0
189.413;-37.97;-31.23;1.9806882891804904;22.58974358974359;22.752136752136753;25.0;25.0;0;0
189.525;-37.97;-31.23;1.9806882891804904;22.58974358974359;22.752136752136753;25.0;25.0;0;0
189.632;-37.97;-31.23;1.9806882891804904;22.58974358974359;22.752136752136753;25.0;25.0;0;0
189.743;-37.97;-31.23;1.9806882891804904;22.58974358974359;22.752136752136753;25.0;25.0;0;0
189.853;-37.97;-31.23;1.9806882891804904;22.58974358974359;22.752136752136753;25.0;25.0;0;0
189.956;-37.97;-31.23;1.9806882891804904;22.58974358974359;22.752136752136753;25.0;25.0;0;0
190.067;-37.97;-31.23;1.9806882891804904;22.58974358974359;22.752136752136753;25.0;25.0;0;0
190.17;-37.97;-31.23;1.9806882891804904;22.58974358974359;22.752136752136753;25.0;25.0;0;0
190.291;-37.97;-31.23;1.9806882891804904;22.58974358974359;22.752136752136753;25.0;25.0;0;0
190.392;-37.97;-31.23;1.9806882891804904;22.58974358974359;22.752136752136753;25.0;25.0;0;0
190.507;-37.97;-31.23;1.9806882891804904;22.58974358974359;22.752136752136753;25.0;25.0;0;0
190.61;-37.97;-31.23;1.9806882891804904;22.58974358974359;22.752136752136753;25.0;25.0;0;0
190.724;-37.97;-31.23;1.9806882891804904;22.58974358974359;22.752136752136753;25.0;25.0;0;0
190.832;-37.97;-31.23;1.9806882891804904;22.58974358974359;22.752136752136753;25.0;25.0;0;0
190.947;-37.97;-31.23;1.9806882891804904;22.58974358974359;22.752136752136753;25.0;25.0;0;0
191.048;-37.97;-31.23;1.9806882891804904;22.58974358974359;22.752136752136753;25.0;25.0;0;0
191.168;-37.97;-31.23;1.9806882891804904;22.58974358974359;22.752136752136753;25.0;25.0;0;0
191.27;-37.97;-31.23;1.9806882891804904;22.58974358974359;22.752136752136753;25.0;25.0;0;0
191.387;-37.97;-31.23;1.9806882891804904;22.58974358974359;22.752136752136753;25.0;25.0;0;0
191.49;-37.97;-31.23;1.9806882891804904;22.58974358974359;22.752136752136753;25.0;25.0;0;0
191.608;-37.97;-31.23;1.9806882891804904;22.58974358974359;22.752136752136753;25.0;25.0;0;0
191.71;-37.97;-31.23;1.9806882891804904;22.58974358974359;22.752136752136753;25.0;25.0;0;0
191.826;-37.97;-31.23;1.9806882891804904;22.58974358974359;22.752136752136753;25.0;25.0;0;0
191.938;-37.97;-31.23;1.9806882891804904;22.58974358974359;22.752136752136753;25.0;25.0;0;0
192.041;-37.97;-31.23;1.9806882891804904;22.58974358974359;22.752136752136753;25.0;25.0;0;0
192.141;-37.97;-31.23;1.9806882891804904;22.58974358974359;22.752136752136753;25.0;25.0;0;0
192.252;-37.97;-31.23;1.9806882891804904;22.58974358974359;22.752136752136753;25.0;25.0;0;0
192.352;-37.97;-31.23;1.9806882891804904;22.58974358974359;22.752136752136753;25.0;25.0;0;0
192.455;-37.97;-31.23;1.9806882891804904;22.58974358974359;22.752136752136753;25.0;25.0;0;0
192.575;-37.97;-31.23;1.9806882891804904;22.58974358974359;22.752136752136753;25.0;25.0;0;0
192.689;-37.97;-31.23;1.9806882891804904;22.58974358974359;22.752136752136753;25.0;25.0;0;0
192.792;-37.97;-31.23;1.9806882891804904;22.58974358974359;22.752136752136753;25.0;25.0;0;0
192.916;-37.97;-31.23;1.9806882891804904;22.58974358974359;22.752136752136753;25.0;25.0;0;0
193.016;-37.97;-31.23;1.9806882891804904;22.58974358974359;22.752136752136753;25.0;25.0;0;0
193.127;-37.97;-31.23;1.9806882891804904;22.58974358974359;22.752136752136753;25.0;25.0;0;0
193.23;-37.97;-31.23;1.9806882891804904;22.58974358974359;22.752136752136753;25.0;25.0;0;0
193.332;-37.97;-31.23;1.9806882891804904;22.58974358974359;22.752136752136753;25.0;25.0;0;0
193.451;-37.97;-31.23;1.9806882891804904;22.58974358974359;22.752136752136753;25.0;25.0;0;0
193.553;-37.97;-31.23;1.9806882891804904;22.58974358974359;22.752136752136753;25.0;25.0;0;0
193.668;-37.97;-31.23;1.9806882891804904;22.58974358974359;22.752136752136753;25.0;25.0;0;0
193.772;-37.97;-31.23;1.9806882891804904;22.58974358974359;22.752136752136753;25.0;25.0;0;0
193.892;-37.97;-31.23;1.9806882891804904;22.58974358974359;22.752136752136753;25.0;25.0;0;0
194.009;-37.97;-31.23;1.9806882891804904;22.58974358974359;22.752136752136753;25.0;25.0;0;0
194.11;-37.97;-31.23;1.9806882891804904;22.58974358974359;22.752136752136753;25.0;25.0;0;0
194.211;-37.97;-31.23;1.9806882891804904;22.58974358974359;22.752136752136753;25.0;25.0;0;0
194.312;-37.97;-31.23;1.9806882891804904;22.58974358974359;22.752136752136753;25.0;25.0;0;0
194.427;-37.97;-31.23;1.9806882891804904;22.58974358974359;22.752136752136753;25.0;25.0;0;0
194.528;-37.97;-31.23;1.9806882891804904;22.58974358974359;22.752136752136753;25.0;25.0;0;0
194.633;-37.97;-31.23;1.9806882891804904;22.58974358974359;22.752136752136753;25.0;25.0;0;0
194.734;-37.97;-31.23;1.9806882891804904;22.58974358974359;22.752136752136753;25.0;25.0;0;0
194.835;-37.97;-31.23;1.9806882891804904;22.58974358974359;22.752136752136753;25.0;25.0;0;0
194.936;-37.97;-31.23;1.9806882891804904;22.58974358974359;22.752136752136753;25.0;25.0;0;0
195.036;-37.97;-31.23;1.9806882891804904;22.58974358974359;22.752136752136753;25.0;25.0;0;0
195.136;-37.97;-31.23;1.9806882891804904;22.58974358974359;22.752136752136753;25.0;25.0;0;0
195.241;-37.97;-31.23;1.9806882891804904;22.58974358974359;22.752136752136753;25.0;25.0;0;0
195.342;-37.97;-31.23;1.9806882891804904;22.58974358974359;22.752136752136753;25.0;25.0;0;0
195.447;-37.97;-31.23;1.9806882891804904;22.58974358974359;22.752136752136753;25.0;25.0;0;0
195.553;-37.97;-31.23;1.9806882891804904;22.58974358974359;22.752136752136753;25.0;25.0;0;0
195.658;-37.97;-31.23;1.9806882891804904;22.58974358974359;22.752136752136753;25.0;25.0;0;0
195.768;-37.97;-31.23;1.9806882891804904;22.58974358974359;22.752136752136753;25.0;25.0;0;0
195.879;-37.97;-31.23;1.9806882891804904;22.58974358974359;22.752136752136753;25.0;25.0;0;0
195.987;-37.97;-31.23;1.9806882891804904;22.58974358974359;22.752136752136753;25.0;25.0;0;0
196.101;-37.97;-31.23;1.9806882891804904;22.58974358974359;22.752136752136753;25.0;25.0;0;0
196.209;-37.97;-31.23;1.9806882891804904;22.58974358974359;22.752136752136753;25.0;25.0;0;0
196.323;-37.97;-31.23;1.9806882891804904;22.58974358974359;22.752136752136753;25.0;25.0;0;0
196.423;-37.97;-31.23;1.9806882891804904;22.58974358974359;22.752136752136753;25.0;25.0;0;0
196.527;-37.97;-31.23;1.9806882891804904;22.58974358974359;22.752136752136753;25.0;25.0;0;0
196.638;-37.97;-31.23;1.9806882891804904;22.58974358974359;22.752136752136753;25.0;25.0;0;0
196.748;-37.97;-31.23;1.9806882891804904;22.58974358974359;22.752136752136753;25.0;25.0;0;0
196.852;-37.97;-31.23;1.9806882891804904;22.58974358974359;22.752136752136753;25.0;25.0;0;0
196.952;-37.97;-31.23;1.9806882891804904;22.58974358974359;22.752136752136753;25.0;25.0;0;0
197.055;-37.97;-31.23;1.9806882891804904;22.58974358974359;22.752136752136753;25.0;25.0;0;0
197.165;-37.97;-31.23;1.9806882891804904;22.58974358974359;22.752136752136753;25.0;25.0;0;0
197.276;-37.97;-31.23;1.9806882891804904;22.58974358974359;22.752136752136753;25.0;25.0;0;0
197.388;-37.97;-31.23;1.9806882891804904;22.58974358974359;22.752136752136753;25.0;25.0;0;0
197.499;-37.97;-31.23;1.9806882891804904;22.58974358974359;22.752136752136753;25.0;25.0;0;0
197.609;-37.97;-31.23;1.9806882891804904;22.58974358974359;22.752136752136753;25.0;25.0;0;0
197.717;-37.97;-31.23;1.9806882891804904;22.58974358974359;22.752136752136753;25.0;25.0;0;0
197.82;-37.97;-31.23;1.9806882891804904;22.58974358974359;22.752136752136753;25.0;25.0;0;0
197.924;-37.97;-31.23;1.9806882891804904;22.58974358974359;22.752136752136753;25.0;25.0;0;0
198.034;-37.97;-31.23;1.9806882891804904;22.58974358974359;22.752136752136753;25.0;25.0;0;0
198.145;-37.97;-31.23;1.9806882891804904;22.58974358974359;22.752136752136753;25.0;25.0;0;0
198.257;-37.97;-31.23;1.9806882891804904;22.58974358974359;22.752136752136753;25.0;25.0;0;0
198.366;-37.97;-31.23;1.9806882891804904;22.58974358974359;22.752136752136753;25.0;25.0;0;0
198.477;-37.97;-31.23;1.9806882891804904;22.58974358974359;22.752136752136753;25.0;25.0;0;0
198.587;-37.97;-31.23;1.9806882891804904;22.58974358974359;22.752136752136753;25.0;25.0;0;0
198.697;-37.97;-31.23;1.9806882891804904;22.58974358974359;22.752136752136753;25.0;25.0;0;0
198.81;-37.97;-31.23;1.9806882891804904;22.58974358974359;22.752136752136753;25.0;25.0;0;0
198.921;-37.97;-31.23;1.9806882891804904;22.58974358974359;22.803418803418804;25.0;25.0;0;0
199.032;-37.97;-31.23;1.9806882891804904;22.58974358974359;22.803418803418804;25.0;25.0;0;0
199.141;-37.97;-31.23;1.9806882891804904;22.58974358974359;22.803418803418804;25.0;25.0;0;0
199.256;-37.97;-31.23;1.9806882891804904;22.58974358974359;22.803418803418804;25.0;25.0;0;0
199.365;-37.97;-31.23;1.9806882891804904;22.58974358974359;22.803418803418804;25.0;25.0;0;0
199.473;-37.97;-31.23;1.9806882891804904;22.58974358974359;22.803418803418804;25.0;25.0;0;0
199.587;-37.97;-31.23;1.9806882891804904;22.58974358974359;22.803418803418804;25.0;25.0;0;0
199.698;-37.97;-31.23;1.9806882891804904;22.58974358974359;22.803418803418804;25.0;25.0;0;0
199.81;-37.97;-31.23;1.9806882891804904;22.58974358974359;22.803418803418804;25.0;25.0;0;0
199.912;-37.97;-31.23;1.9806882891804904;22.58974358974359;22.752136752136753;25.0;25.0;0;0
200.016;-37.97;-31.23;1.9806882891804904;22.58974358974359;22.752136752136753;25.0;25.0;0;0
200.126;-37.97;-31.23;1.9806882891804904;22.58974358974359;22.752136752136753;25.0;25.0;0;0
200.235;-37.97;-31.23;1.9806882891804904;22.58974358974359;22.752136752136753;25.0;25.0;0;0
200.34;-37.97;-31.23;1.9806882891804904;22.58974358974359;22.752136752136753;25.0;25.0;0;0
200.441;-37.97;-31.23;1.9806882891804904;22.58974358974359;22.752136752136753;25.0;25.0;0;0
200.543;-37.97;-31.23;1.9806882891804904;22.58974358974359;22.752136752136753;25.0;25.0;0;0
200.657;-37.97;-31.23;1.9806882891804904;22.58974358974359;22.752136752136753;25.0;25.0;0;0
200.773;-37.97;-31.23;1.9806882891804904;22.58974358974359;22.752136752136753;25.0;25.0;0;0
200.877;-37.97;-31.23;1.9806882891804904;22.58974358974359;22.752136752136753;25.0;25.0;0;0
200.988;-37.97;-31.23;1.9806882891804904;22.58974358974359;22.752136752136753;25.0;25.0;0;0
201.095;-37.97;-31.23;1.9806882891804904;22.58974358974359;22.752136752136753;25.0;25.0;0;0
201.199;-37.97;-31.23;1.9806882891804904;22.58974358974359;22.752136752136753;25.0;25.0;0;0
201.316;-37.97;-31.23;1.9806882891804904;22.58974358974359;22.752136752136753;25.0;25.0;0;0
201.425;-37.97;-31.23;1.9806882891804904;22.58974358974359;22.752136752136753;25.0;25.0;0;0
201.538;-37.97;-31.23;1.9806882891804904;22.58974358974359;22.752136752136753;25.0;25.0;0;0
201.644;-37.97;-31.23;1.9806882891804904;22.58974358974359;22.752136752136753;25.0;25.0;0;0
201.756;-37.97;-31.23;1.9806882891804904;22.58974358974359;22.752136752136753;25.0;25.0;0;0
201.862;-37.97;-31.23;1.9806882891804904;22.58974358974359;22.752136752136753;25.0;25.0;0;0
201.973;-37.97;-31.23;1.9806882891804904;22.58974358974359;22.752136752136753;25.0;25.0;0;0
202.087;-37.97;-31.23;1.9806882891804904;22.58974358974359;22.752136752136753;25.0;25.0;0;0
202.194;-37.97;-31.23;1.9806882891804904;22.58974358974359;22.752136752136753;25.0;25.0;0;0
202.305;-37.97;-31.23;1.9806882891804904;22.58974358974359;22.752136752136753;25.0;25.0;0;0
202.412;-37.97;-31.23;1.9806882891804904;22.58974358974359;22.752136752136753;25.0;25.0;0;0
202.519;-37.97;-31.23;1.9806882891804904;22.58974358974359;22.752136752136753;25.0;25.0;0;0
202.629;-37.97;-31.23;1.9806882891804904;22.58974358974359;22.752136752136753;25.0;25.0;0;0
202.74;-37.97;-31.23;1.9806882891804904;22.58974358974359;22.752136752136753;25.0;25.0;0;0
202.849;-37.97;-31.23;1.9806882891804904;22.58974358974359;22.752136752136753;25.0;25.0;0;0
202.955;-37.97;-31.23;1.9806882891804904;22.58974358974359;22.752136752136753;25.0;25.0;0;0
203.068;-37.97;-31.23;1.9806882891804904;22.58974358974359;22.752136752136753;25.0;25.0;0;0
203.172;-37.97;-31.23;1.9806882891804904;22.58974358974359;22.752136752136753;25.0;25.0;0;0
203.272;-37.97;-31.23;1.9806882891804904;22.58974358974359;22.752136752136753;25.0;25.0;0;0
203.395;-37.97;-31.23;1.9806882891804904;22.58974358974359;22.752136752136753;25.0;25.0;0;0
203.505;-37.97;-31.23;1.9806882891804904;22.58974358974359;22.752136752136753;25.0;25.0;0;0
203.618;-37.97;-31.23;1.9806882891804904;22.58974358974359;22.752136752136753;25.0;25.0;0;0
203.724;-37.97;-31.23;1.9806882891804904;22.58974358974359;22.752136752136753;25.0;25.0;0;0
203.834;-37.97;-31.23;1.9806882891804904;22.58974358974359;22.752136752136753;25.0;25.0;0;0
203.947;-37.97;-31.23;1.9806882891804904;22.58974358974359;22.752136752136753;25.0;25.0;0;0
204.052;-37.97;-31.23;1.9806882891804904;22.58974358974359;22.752136752136753;25.0;25.0;0;0
204.16;-37.97;-31.23;1.9806882891804904;22.58974358974359;22.752136752136753;25.0;25.0;0;0
204.269;-37.97;-31.23;1.9806882891804904;22.58974358974359;22.752136752136753;25.0;25.0;0;0
204.378;-37.97;-31.23;1.9806882891804904;22.58974358974359;22.752136752136753;25.0;25.0;0;0
204.486;-37.97;-31.23;1.9806882891804904;22.58974358974359;22.752136752136753;25.0;25.0;0;0
204.6;-37.97;-31.23;1.9806882891804904;22.58974358974359;22.752136752136753;25.0;25.0;0;0
204.704;-37.97;-31.23;1.9806882891804904;22.58974358974359;22.752136752136753;25.0;25.0;0;0
204.816;-37.97;-31.23;1.9806882891804904;22.58974358974359;22.752136752136753;25.0;25.0;0;0
204.926;-37.97;-31.23;1.9806882891804904;22.58974358974359;22.752136752136753;25.0;25.0;0;0
205.033;-37.97;-31.23;1.9806882891804904;22.58974358974359;22.752136752136753;25.0;25.0;0;0
205.144;-37.97;-31.23;1.9806882891804904;22.58974358974359;22.752136752136753;25.0;25.0;0;0
205.254;-37.97;-31.23;1.9806882891804904;22.58974358974359;22.752136752136753;25.0;25.0;0;0
205.364;-37.97;-31.23;1.9806882891804904;22.58974358974359;22.752136752136753;25.0;25.0;0;0
205.477;-37.97;-31.23;1.9806882891804904;22.58974358974359;22.752136752136753;25.0;25.0;0;0
205.583;-37.97;-31.23;1.9806882891804904;22.58974358974359;22.752136752136753;25.0;25.0;0;0
205.696;-37.97;-31.23;1.9806882891804904;22.58974358974359;22.752136752136753;25.0;25.0;0;0
205.799;-37.97;-31.23;1.9806882891804904;22.58974358974359;22.752136752136753;25.0;25.0;0;0
205.913;-37.97;-31.23;1.9806882891804904;22.58974358974359;22.752136752136753;25.0;25.0;0;0
206.021;-37.97;-31.23;1.9806882891804904;22.58974358974359;22.752136752136753;25.0;25.0;0;0
206.133;-37.97;-31.23;1.9806882891804904;22.58974358974359;22.752136752136753;25.0;25.0;0;0
206.254;-37.97;-31.23;1.9806882891804904;22.58974358974359;22.752136752136753;25.0;25.0;0;0
206.395;-37.97;-31.23;1.9806882891804904;22.58974358974359;22.752136752136753;25.0;25.0;0;0
206.511;-37.97;-31.23;1.9806882891804904;22.58974358974359;22.752136752136753;25.0;25.0;0;0
206.619;-37.97;-31.23;1.9806882891804904;22.58974358974359;22.752136752136753;25.0;25.0;0;0
206.721;-37.97;-31.23;1.9806882891804904;22.58974358974359;22.752136752136753;25.0;25.0;0;0
206.836;-37.97;-31.23;1.9806882891804904;22.58974358974359;22.752136752136753;25.0;25.0;0;0
206.945;-37.97;-31.23;1.9806882891804904;22.58974358974359;22.752136752136753;25.0;25.0;0;0
207.054;-37.97;-31.23;1.9806882891804904;22.58974358974359;22.752136752136753;25.0;25.0;0;0
207.155;-37.97;-31.23;1.9806882891804904;22.58974358974359;22.752136752136753;25.0;25.0;0;0
207.259;-37.97;-31.23;1.9806882891804904;22.58974358974359;22.752136752136753;25.0;25.0;0;0
207.364;-37.97;-31.23;1.9806882891804904;22.58974358974359;22.752136752136753;25.0;25.0;0;0
207.479;-37.97;-31.23;1.9806882891804904;22.58974358974359;22.752136752136753;25.0;25.0;0;0
207.6;-37.97;-31.23;1.9806882891804904;22.58974358974359;22.752136752136753;25.0;25.0;0;0
207.725;-37.97;-31.23;1.9806882891804904;22.58974358974359;22.752136752136753;25.0;25.0;0;0
207.829;-37.97;-31.23;1.9806882891804904;22.58974358974359;22.752136752136753;25.0;25.0;0;0
207.933;-37.97;-31.23;1.9806882891804904;22.58974358974359;22.752136752136753;25.0;25.0;0;0
208.049;-37.97;-31.23;1.9806882891804904;22.58974358974359;22.752136752136753;25.0;25.0;0;0
208.149;-37.97;-31.23;1.9806882891804904;22.58974358974359;22.752136752136753;25.0;25.0;0;0
208.262;-37.97;-31.23;1.9806882891804904;22.58974358974359;22.752136752136753;25.0;25.0;0;0
208.369;-37.93125;-31.23;1.9806882891804904;22.58974358974359;22.752136752136753;25.0;25.0;0;0
208.482;-37.21125;-31.23;1.9806882891804904;22.58974358974359;22.752136752136753;25.0;25.0;0;0
208.588;-36.95625;-31.23;1.9806882891804904;22.58974358974359;22.752136752136753;25.0;25.0;0;0
208.697;-35.94;-31.23;1.9806882891804904;22.58974358974359;22.752136752136753;25.0;25.0;0;0
208.798;-35.685;-31.23;1.9806882891804904;22.58974358974359;22.752136752136753;25.0;25.0;0;0
208.901;-35.17125;-31.23;1.9806882891804904;22.58974358974359;22.752136752136753;25.0;25.0;0;0
209.002;-34.4025;-31.23;1.9806882891804904;22.58974358974359;22.752136752136753;25.0;25.0;0;0
209.108;-34.14375;-31.23;1.9806882891804904;22.58974358974359;22.752136752136753;25.0;25.0;0;0
209.209;-33.6275;-31.23;1.9806882891804904;22.58974358974359;22.752136752136753;25.0;25.0;0;0
209.314;-33.11125;-31.23;1.9806882891804904;22.58974358974359;22.752136752136753;25.0;25.0;0;0
209.426;-32.33875;-31.23;1.9806882891804904;22.58974358974359;22.752136752136753;25.0;25.0;0;0
209.538;-31.82375;-31.23;1.9806882891804904;22.58974358974359;22.752136752136753;25.0;25.0;0;0
209.649;-31.31375;-31.23;1.9806882891804904;22.58974358974359;22.752136752136753;25.0;25.0;0;0
209.761;-30.8;-31.23;1.9806882891804904;22.58974358974359;22.752136752136753;25.0;25.0;0;0
209.87;-30.0325;-31.23;1.9806882891804904;22.58974358974359;22.752136752136753;25.0;25.0;0;0
209.983;-29.5175;-31.23;1.9806882891804904;22.58974358974359;22.752136752136753;25.0;25.0;0;0
210.084;-29.0025;-31.23;1.9806882891804904;22.58974358974359;22.752136752136753;25.0;25.0;0;0
210.189;-28.4925;-31.23;1.9806882891804904;22.58974358974359;22.752136752136753;25.0;25.0;0;0
210.299;-27.97625;-31.23;1.9806882891804904;22.58974358974359;22.752136752136753;25.0;25.0;0;0
210.412;-27.46375;-31.23;1.9806882891804904;22.58974358974359;22.752136752136753;25.0;25.0;0;0
210.521;-26.955;-31.23;1.9806882891804904;22.58974358974359;22.752136752136753;25.0;25.0;0;0
210.637;-26.185;-31.23;1.9806882891804904;22.58974358974359;22.752136752136753;25.0;25.0;0;0
210.743;-25.6775;-31.23;1.9806882891804904;22.58974358974359;22.752136752136753;25.0;25.0;0;0
210.854;-25.16375;-31.23;1.9806882891804904;22.58974358974359;22.752136752136753;25.0;25.0;0;0
210.964;-24.65;-31.23;1.9806882891804904;22.58974358974359;22.752136752136753;25.0;25.0;0;0
211.075;-24.1425;-31.23;1.9806882891804904;22.58974358974359;22.752136752136753;25.0;25.0;0;0
211.175;-23.37125;-31.23;1.9806882891804904;22.58974358974359;22.752136752136753;25.0;25.0;0;0
211.282;-23.115;-31.23;1.9806882891804904;22.58974358974359;22.752136752136753;25.0;25.0;0;0
211.391;-22.35;-31.23;1.9806882891804904;22.58974358974359;22.752136752136753;25.0;25.0;0;0
211.501;-21.83625;-31.23;1.9806882891804904;22.58974358974359;22.752136752136753;25.0;25.0;0;0
211.613;-21.3225;-31.23;1.9806882891804904;22.58974358974359;22.752136752136753;25.0;25.0;0;0
211.725;-20.81375;-31.23;1.9806882891804904;22.58974358974359;22.752136752136753;25.0;25.0;0;0
211.836;-20.0425;-31.23;1.9806882891804904;22.58974358974359;22.752136752136753;25.0;25.0;0;0
211.95;-19.535;-31.23;1.9806882891804904;22.58974358974359;22.803418803418804;25.0;25.0;0;0
212.054;-19.02;-31.23;1.9806882891804904;22.58974358974359;22.803418803418804;25.0;25.0;0;0
212.167;-18.50625;-31.23;1.9806882891804904;22.58974358974359;22.803418803418804;25.0;25.0;0;0
212.277;-17.735;-31.23;1.9806882891804904;22.58974358974359;22.803418803418804;25.0;25.0;0;0
212.389;-17.22;-31.23;1.9806882891804904;22.58974358974359;22.803418803418804;25.0;25.0;0;0
212.489;-16.70625;-31.23;1.9806882891804904;22.58974358974359;22.803418803418804;25.0;25.0;0;0
212.595;-16.18875;-31.23;1.9806882891804904;22.58974358974359;22.803418803418804;25.0;25.0;0;0
212.706;-15.67;-31.23;1.9806882891804904;22.58974358974359;22.803418803418804;25.0;25.0;0;0
212.817;-15.15625;-31.23;1.9806882891804904;22.58974358974359;22.803418803418804;25.0;25.0;0;0
212.927;-14.6375;-31.23;1.9806882891804904;22.58974358974359;22.752136752136753;25.0;25.0;0;0
213.04;-13.85875;-31.23;1.9806882891804904;22.58974358974359;22.752136752136753;25.0;25.0;0;0
213.151;-13.345;-31.23;1.9806882891804904;22.58974358974359;22.752136752136753;25.0;25.0;0;0
213.261;-12.82625;-31.23;1.9806882891804904;22.58974358974359;22.752136752136753;25.0;25.0;0;0
213.374;-12.3075;-31.23;1.9806882891804904;22.58974358974359;22.752136752136753;25.0;25.0;0;0
213.475;-11.53375;-31.23;1.9806882891804904;22.58974358974359;22.752136752136753;25.0;25.0;0;0
213.576;-11.015;-31.23;1.9806882891804904;22.58974358974359;22.752136752136753;25.0;25.0;0;0
213.689;-10.755;-31.23;1.9806882891804904;22.58974358974359;22.752136752136753;25.0;25.0;0;0
213.797;-9.9775;-31.23;1.9806882891804904;22.58974358974359;22.752136752136753;25.0;25.0;0;0
213.91;-9.45875;-31.23;1.9806882891804904;22.58974358974359;22.752136752136753;25.0;25.0;0;0
214.025;-8.945;-31.23;1.9806882891804904;22.58974358974359;22.752136752136753;25.0;25.0;0;0
214.135;-8.42625;-31.23;1.9806882891804904;22.58974358974359;22.752136752136753;25.0;25.0;0;0
214.242;-7.6525;-31.23;1.9806882891804904;22.58974358974359;22.752136752136753;25.0;25.0;0;0
214.354;-7.13375;-31.23;1.9806882891804904;22.58974358974359;22.752136752136753;25.0;25.0;0;0
214.467;-6.61375;-31.23;1.9806882891804904;22.58974358974359;22.752136752136753;25.0;25.0;0;0
214.574;-6.1;-31.23;1.9806882891804904;22.58974358974359;22.752136752136753;25.0;25.0;0;0
214.685;-5.32125;-31.23;1.9806882891804904;22.58974358974359;22.752136752136753;25.0;25.0;0;0
214.787;-4.8025;-31.23;1.9806882891804904;22.58974358974359;22.752136752136753;25.0;25.0;0;0
214.89;-4.5475;-31.23;1.9806882891804904;22.58974358974359;22.752136752136753;25.0;25.0;0;0
215.003;-3.76875;-31.23;1.9806882891804904;22.58974358974359;22.752136752136753;25.0;25.0;0;0
215.115;-3.255;-31.23;1.9806882891804904;22.58974358974359;22.752136752136753;25.0;25.0;0;0
215.226;-2.73625;-31.23;1.9806882891804904;22.58974358974359;22.752136752136753;25.0;25.0;0;0
215.327;-2.22125;-31.23;1.9806882891804904;22.58974358974359;22.752136752136753;25.0;25.0;0;0
215.431;-1.46125;-31.23;1.9806882891804904;22.58974358974359;22.752136752136753;25.0;25.0;0;0
215.539;-0.9525;-31.23;1.9806882891804904;22.58974358974359;22.752136752136753;25.0;25.0;0;0
215.643;-0.4425;-31.23;1.9806882891804904;22.58974358974359;22.752136752136753;25.0;25.0;0;0
215.759;-0.01625;-31.23;1.9806882891804904;22.58974358974359;22.752136752136753;25.0;25.0;0;0
215.871;0.0;-31.23;1.9806882891804904;22.58974358974359;22.752136752136753;25.0;25.0;0;0
215.979;0.0;-30.6875;1.9806882891804904;22.58974358974359;22.752136752136753;25.0;25.0;0;0
216.088;0.0;-30.17375;1.9806882891804904;22.58974358974359;22.752136752136753;25.0;25.0;0;0
216.197;0.0;-29.66125;1.9806882891804904;22.58974358974359;22.752136752136753;25.0;25.0;0;0
216.301;0.0;-29.1525;1.9806882891804904;22.58974358974359;22.752136752136753;25.0;25.0;0;0
216.416;0.0;-28.63875;1.9806882891804904;22.58974358974359;22.752136752136753;25.0;25.0;0;0
216.525;0.0;-28.12;1.9806882891804904;22.58974358974359;22.752136752136753;25.0;25.0;0;0
216.641;0.0;-27.34125;1.9806882891804904;22.58974358974359;22.752136752136753;25.0;25.0;0;0
216.743;0.0;-27.08125;1.9806882891804904;22.58974358974359;22.752136752136753;25.0;25.0;0;0
216.854;0.0;-26.3075;1.9806882891804904;22.58974358974359;22.752136752136753;25.0;25.0;0;0
216.96;0.0;-25.79;1.9806882891804904;22.58974358974359;22.752136752136753;25.0;25.0;0;0
217.076;0.0;-25.2725;1.9806882891804904;22.58974358974359;22.752136752136753;25.0;25.0;0;0
217.182;0.0;-24.76;1.9806882891804904;22.58974358974359;22.752136752136753;25.0;25.0;0;0
217.296;0.0;-23.98375;1.9806882891804904;22.58974358974359;22.752136752136753;25.0;25.0;0;0
217.403;0.0;-23.46625;1.9806882891804904;22.58974358974359;22.752136752136753;25.0;25.0;0;0
217.516;0.0;-22.95375;1.9806882891804904;22.58974358974359;22.752136752136753;25.0;25.0;0;0
217.626;0.0;-22.435;1.9806882891804904;22.58974358974359;22.752136752136753;25.0;25.0;0;0
217.736;0.0;-21.66375;1.9806882891804904;22.58974358974359;22.752136752136753;25.0;25.0;0;0
217.839;0.0;-21.40375;1.9806882891804904;22.58974358974359;22.752136752136753;25.0;25.0;0;0
217.939;0.0;-20.62875;1.9806882891804904;22.58974358974359;22.752136752136753;25.0;25.0;0;0
218.064;0.0;-20.11375;1.9806882891804904;22.58974358974359;22.752136752136753;25.0;25.0;0;0
218.175;0.0;-19.5975;1.9806882891804904;22.58974358974359;22.752136752136753;25.0;25.0;0;0
218.283;0.0;-19.08125;1.9806882891804904;22.58974358974359;22.752136752136753;25.0;25.0;0;0
218.394;0.0;-18.31125;1.9806882891804904;22.58974358974359;22.752136752136753;25.0;25.0;0;0
218.497;0.0;-17.795;1.9806882891804904;22.58974358974359;22.752136752136753;25.0;25.0;0;0
218.614;0.0;-17.285;1.9806882891804904;22.58974358974359;22.752136752136753;25.0;25.0;0;0
218.724;0.0;-16.76875;1.9806882891804904;22.58974358974359;22.752136752136753;25.0;25.0;0;0
218.832;0.0;-16.2525;1.9806882891804904;22.58974358974359;22.752136752136753;25.0;25.0;0;0
218.937;0.0;-15.74125;1.9806882891804904;22.58974358974359;22.752136752136753;25.0;25.0;0;0
219.052;0.0;-14.96625;1.9806882891804904;22.58974358974359;22.752136752136753;25.0;25.0;0;0
219.158;0.0;-14.45;1.9806882891804904;22.58974358974359;22.752136752136753;25.0;25.0;0;0
219.272;0.0;-13.93875;1.9806882891804904;22.58974358974359;22.752136752136753;25.0;25.0;0;0
219.381;0.0;-13.42125;1.9806882891804904;22.58974358974359;22.752136752136753;25.0;25.0;0;0
219.491;0.0;-12.91;1.9806882891804904;22.58974358974359;22.752136752136753;25.0;25.0;0;0
219.602;0.0;-12.135;1.9806882891804904;22.58974358974359;22.752136752136753;25.0;25.0;0;0
219.712;0.0;-11.6175;1.9806882891804904;22.58974358974359;22.752136752136753;25.0;25.0;0;0
219.819;0.0;-11.10625;1.9806882891804904;22.58974358974359;22.752136752136753;25.0;25.0;0;0
219.93;0.0;-10.58875;1.9806882891804904;22.58974358974359;22.752136752136753;25.0;25.0;0;0
220.036;0.0;-10.0675;1.9806882891804904;22.58974358974359;22.752136752136753;25.0;25.0;0;0
220.15;0.0;-9.29125;1.9806882891804904;22.58974358974359;22.752136752136753;25.0;25.0;0;0
220.26;0.0;-8.77;1.9806882891804904;22.58974358974359;22.752136752136753;25.0;25.0;0;0
220.369;0.0;-8.2525;1.9806882891804904;22.58974358974359;22.752136752136753;25.0;25.0;0;0
220.479;0.0;-7.73125;1.9806882891804904;22.58974358974359;22.752136752136753;25.0;25.0;0;0
220.588;0.0;-7.21;1.9806882891804904;22.58974358974359;22.752136752136753;25.0;25.0;0;0
220.69;0.0;-6.4325;1.9806882891804904;22.58974358974359;22.752136752136753;25.0;25.0;0;0
220.791;0.0;-5.91125;1.9806882891804904;22.58974358974359;22.752136752136753;25.0;25.0;0;0
220.903;0.0;-5.38875;1.9806882891804904;22.58974358974359;22.752136752136753;25.0;25.0;0;0
221.015;0.0;-4.86625;1.9806882891804904;22.58974358974359;22.752136752136753;25.0;25.0;0;0
221.123;0.0;-4.345;1.9806882891804904;22.58974358974359;22.752136752136753;25.0;25.0;0;0
221.234;0.0;-3.82875;1.9806882891804904;22.58974358974359;22.752136752136753;25.0;25.0;0;0
221.343;0.0;-3.30625;1.9806882891804904;22.58974358974359;22.752136752136753;25.0;25.0;0;0
221.452;0.0;-2.785;1.9806882891804904;22.58974358974359;22.752136752136753;25.0;25.0;0;0
221.559;0.0;-2.01625;1.9806882891804904;22.58974358974359;22.752136752136753;25.0;25.0;0;0
221.672;0.0;-1.50375;1.9806882891804904;22.58974358974359;22.752136752136753;25.0;25.0;0;0
221.781;0.0;-0.9925;1.9806882891804904;22.58974358974359;22.752136752136753;25.0;25.0;0;0
221.893;0.0;-0.48375;1.9806882891804904;22.58974358974359;22.752136752136753;25.0;25.0;0;0
222.016;0.0;-0.02875;1.9806882891804904;22.58974358974359;22.752136752136753;25.0;25.0;0;0
222.117;0.0;0.0;1.9187917801436;22.58974358974359;22.752136752136753;25.0;25.0;0;0
222.219;0.0;0.0;1.733102253032929;22.58974358974359;22.752136752136753;25.0;25.0;0;0
222.329;0.0;0.0;1.547412725922258;22.58974358974359;22.752136752136753;25.0;25.0;0;0
222.438;0.0;0.0;1.3617231988115872;22.58974358974359;22.752136752136753;25.0;25.0;0;0
222.545;0.0;0.0;1.176033671700916;22.58974358974359;22.752136752136753;25.0;25.0;0;0
222.657;0.0;0.0;0.9903441445902452;22.58974358974359;22.752136752136753;25.0;25.0;0;0
222.765;0.0;0.0;0.7427581084426839;22.58974358974359;22.752136752136753;25.0;25.0;0;0
222.875;0.0;0.0;0.43327556325823224;22.58974358974359;22.752136752136753;25.0;25.0;0;0
222.98;0.0;0.0;0.2475860361475613;22.58974358974359;22.752136752136753;25.0;25.0;0;0
223.094;0.0;0.0;0.061896509036890326;22.58974358974359;22.752136752136753;25.0;25.0;0;0
223.201;0.0;0.0;0.0;22.58974358974359;22.752136752136753;25.0;25.0;0;0
223.314;0.0;0.0;0.0;22.58974358974359;22.752136752136753;25.0;25.0;0;0
223.422;0.0;0.0;0.0;22.58974358974359;22.752136752136753;25.0;25.0;0;0
223.533;0.0;0.0;0.0;22.58974358974359;22.752136752136753;25.0;25.0;0;0
223.644;0.0;0.0;0.0;22.58974358974359;22.752136752136753;25.0;25.0;0;0
223.757;0.0;0.0;0.0;22.58974358974359;22.752136752136753;25.0;25.0;0;0
223.862;0.0;0.0;0.0;22.58974358974359;22.752136752136753;25.0;25.0;0;0
223.969;0.0;0.0;0.0;22.58974358974359;22.752136752136753;25.0;25.0;0;0
224.081;0.0;0.0;0.0;22.58974358974359;22.752136752136753;25.0;25.0;0;0
224.193;0.0;0.0;0.0;22.58974358974359;22.752136752136753;25.0;25.0;0;0
224.298;0.0;0.0;0.0;22.58974358974359;22.752136752136753;25.0;25.0;0;0
224.409;0.0;0.0;0.0;22.58974358974359;22.752136752136753;25.0;25.0;0;0
224.545;0.0;0.0;0.0;22.58974358974359;22.752136752136753;25.0;25.0;0;0
224.653;0.0;0.0;0.0;22.58974358974359;22.752136752136753;25.0;25.0;0;0
224.764;0.0;0.0;0.0;22.58974358974359;22.752136752136753;25.0;25.0;0;0
224.87;0.0;0.0;0.0;22.58974358974359;22.752136752136753;25.0;25.0;0;0
224.972;0.0;0.0;0.0;22.58974358974359;22.752136752136753;25.0;25.0;0;0
225.08;0.0;0.0;0.0;22.58974358974359;22.752136752136753;25.0;25.0;0;0
225.196;0.0;0.0;0.0;22.58974358974359;22.752136752136753;25.0;25.0;0;0
225.301;0.0;0.0;0.0;22.58974358974359;22.752136752136753;25.0;25.0;0;0
225.426;0.0;0.0;0.0;22.58974358974359;22.752136752136753;25.0;25.0;0;0
225.53;0.0;0.0;0.0;22.58974358974359;22.752136752136753;25.0;25.0;0;0
225.638;0.0;0.0;0.0;22.58974358974359;22.752136752136753;25.0;25.0;0;0
225.747;0.0;0.0;0.0;22.58974358974359;22.752136752136753;25.0;25.0;0;0
225.855;0.0;0.0;0.0;22.58974358974359;22.752136752136753;25.0;25.0;0;0
225.964;0.0;0.0;0.0;22.58974358974359;22.752136752136753;25.0;25.0;0;0
226.078;0.0;0.0;0.0;22.58974358974359;22.752136752136753;25.0;25.0;0;0
226.179;0.0;0.0;0.0;22.58974358974359;22.752136752136753;25.0;25.0;0;0
226.281;0.0;0.0;0.0;22.58974358974359;22.752136752136753;25.0;25.0;0;0
226.394;0.0;0.0;0.0;22.58974358974359;22.752136752136753;25.0;25.0;0;0
226.507;0.0;0.0;0.0;22.58974358974359;22.752136752136753;25.0;25.0;0;0
226.618;0.0;0.0;0.0;22.58974358974359;22.752136752136753;25.0;25.0;0;0
226.728;0.0;0.0;0.0;22.58974358974359;22.752136752136753;25.0;25.0;0;0
226.839;0.0;0.0;0.0;22.58974358974359;22.752136752136753;25.0;25.0;0;0
226.95;0.0;0.0;0.0;22.58974358974359;22.752136752136753;25.0;25.0;0;0
227.05;0.0;0.0;0.0;22.58974358974359;22.752136752136753;25.0;25.0;0;0
227.157;0.0;0.0;0.0;22.58974358974359;22.752136752136753;25.0;25.0;0;0
227.27;0.0;0.0;0.0;22.58974358974359;22.752136752136753;25.0;25.0;0;0
227.377;0.0;0.0;0.0;22.58974358974359;22.752136752136753;25.0;25.0;0;0
227.489;0.0;0.0;0.0;22.58974358974359;22.752136752136753;25.0;25.0;0;0
227.6;0.0;0.0;0.0;22.58974358974359;22.752136752136753;25.0;25.0;0;0
227.712;0.0;0.0;0.0;22.58974358974359;22.752136752136753;25.0;25.0;0;0
227.82;0.0;0.0;0.0;22.58974358974359;22.752136752136753;25.0;25.0;0;0
227.931;0.0;0.0;0.0;22.58974358974359;22.752136752136753;25.0;25.0;0;0
228.043;0.0;0.0;0.0;22.58974358974359;22.752136752136753;25.0;25.0;0;0
228.155;0.0;0.0;0.0;22.58974358974359;22.752136752136753;25.0;25.0;0;0
228.268;0.0;0.0;0.0;22.58974358974359;22.752136752136753;25.0;25.0;0;0
228.377;0.0;0.0;0.0;22.58974358974359;22.752136752136753;25.0;25.0;0;0
228.487;0.0;0.0;0.0;22.58974358974359;22.752136752136753;25.0;25.0;0;0
228.596;0.0;0.0;0.0;22.58974358974359;22.752136752136753;25.0;25.0;0;0
228.708;0.0;0.0;0.0;22.58974358974359;22.752136752136753;25.0;25.0;0;0
228.817;0.0;0.0;0.0;22.58974358974359;22.752136752136753;25.0;25.0;0;0
228.929;0.0;0.0;0.0;22.58974358974359;22.803418803418804;25.0;25.0;0;0
229.042;0.0;0.0;0.0;22.58974358974359;22.803418803418804;25.0;25.0;0;0
229.15;0.0;0.0;0.0;22.58974358974359;22.803418803418804;25.0;25.0;0;0
229.26;0.0;0.0;0.0;22.58974358974359;22.803418803418804;25.0;25.0;0;0
229.371;0.0;0.0;0.0;22.58974358974359;22.803418803418804;25.0;25.0;0;0
229.482;0.0;0.0;0.0;22.58974358974359;22.803418803418804;25.0;25.0;0;0
229.592;0.0;0.0;0.0;22.58974358974359;22.803418803418804;25.0;25.0;0;0
229.703;0.0;0.0;0.0;22.58974358974359;22.803418803418804;25.0;25.0;0;0
229.815;0.0;0.0;0.0;22.58974358974359;22.803418803418804;25.0;25.0;0;0
229.925;0.0;0.0;0.0;22.58974358974359;22.752136752136753;25.0;25.0;0;0
230.046;0.0;0.0;0.0;22.58974358974359;22.752136752136753;25.0;25.0;0;0
230.147;0.0;0.0;0.0;22.58974358974359;22.752136752136753;25.0;25.0;0;0
230.252;0.0;0.0;0.0;22.58974358974359;22.752136752136753;25.0;25.0;0;0
230.355;0.0;0.0;0.0;22.58974358974359;22.752136752136753;25.0;25.0;0;0
230.459;0.0;0.0;0.0;22.58974358974359;22.752136752136753;25.0;25.0;0;0
230.569;0.0;0.0;0.0;22.58974358974359;22.752136752136753;25.0;25.0;0;0
230.672;0.0;0.0;0.0;22.58974358974359;22.752136752136753;25.0;25.0;0;0
230.772;0.0;0.0;0.0;22.58974358974359;22.752136752136753;25.0;25.0;0;0
230.873;0.0;0.0;0.0;22.58974358974359;22.752136752136753;25.0;25.0;0;0
230.974;0.0;0.0;0.0;22.58974358974359;22.803418803418804;25.0;25.0;0;0
231.075;0.0;0.0;0.0;22.58974358974359;22.803418803418804;25.0;25.0;0;0
231.176;0.0;0.0;0.0;22.58974358974359;22.803418803418804;25.0;25.0;0;0
231.277;0.0;0.0;0.0;22.58974358974359;22.803418803418804;25.0;25.0;0;0
231.383;0.0;0.0;0.0;22.58974358974359;22.803418803418804;25.0;25.0;0;0
231.498;0.0;0.0;0.0;22.58974358974359;22.803418803418804;25.0;25.0;0;0
231.614;0.0;0.0;0.0;22.58974358974359;22.803418803418804;25.0;25.0;0;0
231.715;0.0;0.0;0.0;22.58974358974359;22.803418803418804;25.0;25.0;0;0
231.815;0.0;0.0;0.0;22.58974358974359;22.752136752136753;25.0;25.0;0;0
231.922;0.0;0.0;0.0;22.58974358974359;22.752136752136753;25.0;25.0;0;0
232.028;0.0;0.0;0.0;22.58974358974359;22.752136752136753;25.0;25.0;0;0
232.144;0.0;0.0;0.0;22.58974358974359;22.752136752136753;25.0;25.0;0;0
232.245;0.0;0.0;0.0;22.58974358974359;22.752136752136753;25.0;25.0;0;0
232.348;0.0;0.0;0.0;22.58974358974359;22.752136752136753;25.0;25.0;0;0
232.457;0.0;0.0;0.0;22.58974358974359;22.752136752136753;25.0;25.0;0;0
232.567;0.0;0.0;0.0;22.58974358974359;22.752136752136753;25.0;25.0;0;0
232.687;0.0;0.0;0.0;22.58974358974359;22.752136752136753;25.0;25.0;0;0
232.803;0.0;0.0;0.0;22.58974358974359;22.752136752136753;25.0;25.0;0;0
232.905;0.0;0.0;0.0;22.58974358974359;22.752136752136753;25.0;25.0;0;0
233.021;0.0;0.0;0.0;22.58974358974359;22.752136752136753;25.0;25.0;0;0
233.123;0.0;0.0;0.0;22.58974358974359;22.752136752136753;25.0;25.0;0;0
233.226;0.0;0.0;0.0;22.58974358974359;22.752136752136753;25.0;25.0;0;0
233.35;0.0;0.0;0.0;22.58974358974359;22.752136752136753;25.0;25.0;0;0
233.464;0.0;0.0;0.0;22.58974358974359;22.752136752136753;25.0;25.0;0;0
233.564;0.0;0.0;0.0;22.58974358974359;22.752136752136753;25.0;25.0;0;0
233.679;0.0;0.0;0.0;22.58974358974359;22.752136752136753;25.0;25.0;0;0
233.783;0.0;0.0;0.0;22.58974358974359;22.752136752136753;25.0;25.0;0;0
233.901;0.0;0.0;0.0;22.58974358974359;22.752136752136753;25.0;25.0;0;0
234.006;0.0;0.0;0.0;22.58974358974359;22.803418803418804;25.0;25.0;0;0
234.121;0.0;0.0;0.0;22.58974358974359;22.803418803418804;25.0;25.0;0;0
234.223;0.0;0.0;0.0;22.58974358974359;22.803418803418804;25.0;25.0;0;0
234.326;0.0;0.0;0.0;22.58974358974359;22.803418803418804;25.0;25.0;0;0
234.443;0.0;0.0;0.0;22.58974358974359;22.803418803418804;25.0;25.0;0;0
234.545;0.0;0.0;0.0;22.58974358974359;22.803418803418804;25.0;25.0;0;0
234.668;0.0;0.0;0.0;22.58974358974359;22.803418803418804;25.0;25.0;0;0
234.776;0.0;0.0;0.0;22.58974358974359;22.803418803418804;25.0;25.0;0;0
234.877;0.0;0.0;0.0;22.58974358974359;22.803418803418804;25.0;25.0;0;0
234.996;0.0;0.0;0.0;22.58974358974359;22.752136752136753;25.0;25.0;0;0
235.105;0.0;0.0;0.0;22.58974358974359;22.752136752136753;25.0;25.0;0;0
235.213;0.0;0.0;0.0;22.58974358974359;22.752136752136753;25.0;25.0;0;0
235.332;0.0;0.0;0.0;22.58974358974359;22.752136752136753;25.0;25.0;0;0
235.447;0.0;0.0;0.0;22.58974358974359;22.752136752136753;25.0;25.0;0;0
235.548;0.0;0.0;0.0;22.58974358974359;22.752136752136753;25.0;25.0;0;0
235.649;0.0;0.0;0.0;22.58974358974359;22.752136752136753;25.0;25.0;0;0
235.766;0.0;0.0;0.0;22.58974358974359;22.752136752136753;25.0;25.0;0;0
235.871;0.0;0.0;0.0;22.58974358974359;22.752136752136753;25.0;25.0;0;0
235.975;0.0;0.0;0.0;22.58974358974359;22.752136752136753;25.0;25.0;0;0
236.078;0.0;0.0;0.0;22.58974358974359;22.752136752136753;25.0;25.0;0;0
236.211;0.0;0.0;0.0;22.58974358974359;22.752136752136753;25.0;25.0;0;0
236.323;0.0;0.0;0.0;22.58974358974359;22.752136752136753;25.0;25.0;0;0
236.426;0.0;0.0;0.0;22.58974358974359;22.752136752136753;25.0;25.0;0;0
236.544;0.0;0.0;0.0;22.58974358974359;22.752136752136753;25.0;25.0;0;0
236.652;0.0;0.0;0.0;22.58974358974359;22.752136752136753;25.0;25.0;0;0
236.759;0.0;0.0;0.0;22.58974358974359;22.752136752136753;25.0;25.0;0;0
236.86;0.0;0.0;0.0;22.58974358974359;22.752136752136753;25.0;25.0;0;0
236.972;0.0;0.0;0.0;22.58974358974359;22.803418803418804;25.0;25.0;0;0
237.074;0.0;0.0;0.0;22.58974358974359;22.803418803418804;25.0;25.0;0;0
237.192;0.0;0.0;0.0;22.58974358974359;22.803418803418804;25.0;25.0;0;0
237.292;0.0;0.0;0.0;22.58974358974359;22.803418803418804;25.0;25.0;0;0
237.395;0.0;0.0;0.0;22.58974358974359;22.803418803418804;25.0;25.0;0;0
237.514;0.0;0.0;0.0;22.58974358974359;22.803418803418804;25.0;25.0;0;0
237.63;0.0;0.0;0.0;22.58974358974359;22.803418803418804;25.0;25.0;0;0
237.732;0.0;0.0;0.0;22.58974358974359;22.803418803418804;25.0;25.0;0;0
237.853;0.0;0.0;0.0;22.58974358974359;22.803418803418804;25.0;25.0;0;0
237.954;0.0;0.0;0.0;22.58974358974359;22.752136752136753;25.0;25.0;0;0
238.056;0.0;0.0;0.0;22.58974358974359;22.752136752136753;25.0;25.0;0;0
238.173;0.0;0.0;0.0;22.58974358974359;22.752136752136753;25.0;25.0;0;0
238.275;0.0;0.0;0.0;22.58974358974359;22.752136752136753;25.0;25.0;0;0
238.4;0.0;0.0;0.0;22.58974358974359;22.752136752136753;25.0;25.0;0;0
238.512;0.0;0.0;0.0;22.58974358974359;22.752136752136753;25.0;25.0;0;0
238.612;0.0;0.0;0.0;22.58974358974359;22.752136752136753;25.0;25.0;0;0
238.722;0.0;0.0;0.0;22.58974358974359;22.752136752136753;25.0;25.0;0;0
238.823;0.0;0.0;0.0;22.58974358974359;22.752136752136753;25.0;25.0;0;0
238.93;0.0;0.0;0.0;22.58974358974359;22.752136752136753;25.0;25.0;0;0
239.03;0.0;0.0;0.0;22.58974358974359;22.752136752136753;25.0;25.0;0;0
239.138;0.0;0.0;0.0;22.58974358974359;22.752136752136753;25.0;25.0;0;0
239.255;0.0;0.0;0.0;22.58974358974359;22.752136752136753;25.0;25.0;0;0
239.367;0.0;0.0;0.0;22.58974358974359;22.752136752136753;25.0;25.0;0;0
239.483;0.0;0.0;0.0;22.58974358974359;22.752136752136753;25.0;25.0;0;0
239.586;0.0;0.0;0.0;22.58974358974359;22.752136752136753;25.0;25.0;0;0
239.69;0.0;0.0;0.0;22.58974358974359;22.752136752136753;25.0;25.0;0;0
239.792;0.0;0.0;0.0;22.58974358974359;22.752136752136753;25.0;25.0;0;0
239.906;0.0;0.0;0.0;22.58974358974359;22.752136752136753;25.0;25.0;0;0
240.011;0.0;0.0;0.0;22.58974358974359;22.803418803418804;25.0;25.0;0;0
240.115;0.0;0.0;0.0;22.58974358974359;22.803418803418804;25.0;25.0;0;0
240.225;0.0;0.0;0.0;22.58974358974359;22.803418803418804;25.0;25.0;0;0
240.339;0.0;0.0;0.0;22.58974358974359;22.803418803418804;25.0;25.0;0;0
240.445;0.0;0.0;0.0;22.58974358974359;22.803418803418804;25.0;25.0;0;0
240.558;0.0;0.0;0.0;22.58974358974359;22.803418803418804;25.0;25.0;0;0
240.667;0.0;0.0;0.0;22.58974358974359;22.803418803418804;25.0;25.0;0;0
240.778;0.0;0.0;0.0;22.58974358974359;22.803418803418804;25.0;25.0;0;0
240.887;0.0;0.0;0.0;22.58974358974359;22.803418803418804;25.0;25.0;0;0
240.988;0.0;0.0;0.0;22.58974358974359;22.752136752136753;25.0;25.0;0;0
241.095;0.0;0.0;0.0;22.58974358974359;22.752136752136753;25.0;25.0;0;0
241.203;0.0;0.0;0.0;22.58974358974359;22.752136752136753;25.0;25.0;0;0
241.315;0.0;0.0;0.0;22.58974358974359;22.752136752136753;25.0;25.0;0;0
241.426;0.0;0.0;0.0;22.58974358974359;22.752136752136753;25.0;25.0;0;0
241.538;0.0;0.0;0.0;22.58974358974359;22.752136752136753;25.0;25.0;0;0
241.649;0.0;0.0;0.0;22.58974358974359;22.752136752136753;25.0;25.0;0;0
241.76;0.0;0.0;0.0;22.58974358974359;22.752136752136753;25.0;25.0;0;0
241.872;0.0;0.0;0.0;22.58974358974359;22.752136752136753;25.0;25.0;0;0
241.972;0.0;0.0;0.0;22.58974358974359;22.752136752136753;25.0;25.0;0;0
242.079;0.0;0.0;0.0;22.58974358974359;22.752136752136753;25.0;25.0;0;0
242.183;0.0;0.0;0.0;22.58974358974359;22.752136752136753;25.0;25.0;0;0
242.283;0.0;0.0;0.0;22.58974358974359;22.752136752136753;25.0;25.0;0;0
242.383;0.0;0.0;0.0;22.58974358974359;22.752136752136753;25.0;25.0;0;0
242.484;0.0;0.0;0.0;22.58974358974359;22.752136752136753;25.0;25.0;0;0
242.585;0.0;0.0;0.0;22.58974358974359;22.752136752136753;25.0;25.0;0;0
242.687;0.0;0.0;0.0;22.58974358974359;22.752136752136753;25.0;25.0;0;0
242.791;0.0;0.0;0.0;22.58974358974359;22.752136752136753;25.0;25.0;0;0
242.891;0.0;0.0;0.0;22.58974358974359;22.752136752136753;25.0;25.0;0;0
242.993;0.0;0.0;0.0;22.58974358974359;22.752136752136753;25.0;25.0;0;0
243.101;0.0;0.0;0.0;22.58974358974359;22.752136752136753;25.0;25.0;0;0
243.212;0.0;0.0;0.0;22.58974358974359;22.752136752136753;25.0;25.0;0;0
243.329;0.0;0.0;0.0;22.58974358974359;22.752136752136753;25.0;25.0;0;0
243.429;0.0;0.0;0.0;22.58974358974359;22.752136752136753;25.0;25.0;0;0
243.531;0.0;0.0;0.0;22.58974358974359;22.752136752136753;25.0;25.0;0;0
243.631;0.0;0.0;0.0;22.58974358974359;22.752136752136753;25.0;25.0;0;0
243.752;0.0;0.0;0.0;22.58974358974359;22.752136752136753;25.0;25.0;0;0
243.852;0.0;0.0;0.0;22.58974358974359;22.752136752136753;25.0;25.0;0;0
243.955;0.0;0.0;0.0;22.58974358974359;22.752136752136753;25.0;25.0;0;0
244.066;0.0;0.0;0.0;22.58974358974359;22.752136752136753;25.0;25.0;0;0
244.193;0.0;0.0;0.0;22.58974358974359;22.752136752136753;25.0;25.0;0;0
244.293;0.0;0.0;0.0;22.58974358974359;22.752136752136753;25.0;25.0;0;0
244.397;0.0;0.0;0.0;22.58974358974359;22.752136752136753;25.0;25.0;0;0
244.514;0.0;0.0;0.0;22.58974358974359;22.752136752136753;25.0;25.0;0;0
244.617;0.0;0.0;0.0;22.58974358974359;22.752136752136753;25.0;25.0;0;0
244.732;0.0;0.0;0.0;22.58974358974359;22.752136752136753;25.0;25.0;0;0
244.851;0.0;0.0;0.0;22.58974358974359;22.752136752136753;25.0;25.0;0;0
244.951;0.0;0.0;0.0;22.58974358974359;22.752136752136753;25.0;25.0;0;0
245.073;0.0;0.0;0.0;22.58974358974359;22.752136752136753;25.0;25.0;0;0
245.185;0.0;0.0;0.0;22.58974358974359;22.752136752136753;25.0;25.0;0;0
245.29;0.0;0.0;0.0;22.58974358974359;22.752136752136753;25.0;25.0;0;0
245.391;0.0;0.0;0.0;22.58974358974359;22.752136752136753;25.0;25.0;0;0
245.491;0.0;0.0;0.0;22.58974358974359;22.752136752136753;25.0;25.0;0;0
245.592;0.0;0.0;0.0;22.58974358974359;22.752136752136753;25.0;25.0;0;0
245.701;0.0;0.0;0.0;22.58974358974359;22.752136752136753;25.0;25.0;0;0
245.81;0.0;0.0;0.0;22.58974358974359;22.752136752136753;25.0;25.0;0;0
245.935;0.0;0.0;0.0;22.58974358974359;22.752136752136753;25.0;25.0;0;0
246.059;0.0;0.0;0.0;22.58974358974359;22.752136752136753;25.0;25.0;0;0
246.161;0.0;0.0;0.0;22.58974358974359;22.752136752136753;25.0;25.0;0;0
246.263;0.0;0.0;0.0;22.58974358974359;22.752136752136753;25.0;25.0;0;0
246.374;0.0;0.0;0.0;22.58974358974359;22.752136752136753;25.0;25.0;0;0
246.484;0.0;0.0;0.0;22.58974358974359;22.752136752136753;25.0;25.0;0;0
246.597;0.0;0.0;0.0;22.58974358974359;22.752136752136753;25.0;25.0;0;0
246.699;0.0;0.0;0.0;22.58974358974359;22.752136752136753;25.0;25.0;0;0
246.811;0.0;0.0;0.0;22.58974358974359;22.752136752136753;25.0;25.0;0;0
246.919;0.0;0.0;0.0;22.58974358974359;22.752136752136753;25.0;25.0;0;0
247.031;0.0;0.0;0.0;22.58974358974359;22.803418803418804;25.0;25.0;0;0
247.147;0.0;0.0;0.0;22.58974358974359;22.803418803418804;25.0;25.0;0;0
247.25;0.0;0.0;0.0;22.58974358974359;22.803418803418804;25.0;25.0;0;0
247.359;0.0;0.0;0.0;22.58974358974359;22.803418803418804;25.0;25.0;0;0
247.47;0.0;0.0;0.0;22.58974358974359;22.803418803418804;25.0;25.0;0;0
247.581;0.0;0.0;0.0;22.58974358974359;22.803418803418804;25.0;25.0;0;0
247.69;0.0;0.0;0.0;22.58974358974359;22.803418803418804;25.0;25.0;0;0
247.8;0.0;0.0;0.0;22.58974358974359;22.803418803418804;25.0;25.0;0;0
247.91;0.0;0.0;0.0;22.58974358974359;22.803418803418804;25.0;25.0;0;0
248.02;0.0;0.0;0.0;22.58974358974359;22.803418803418804;25.0;25.0;0;0
248.13;0.0;0.0;0.0;22.58974358974359;22.803418803418804;25.0;25.0;0;0
248.235;0.0;0.0;0.0;22.58974358974359;22.803418803418804;25.0;25.0;0;0
248.351;0.0;0.0;0.0;22.58974358974359;22.803418803418804;25.0;25.0;0;0
248.456;0.0;0.0;0.0;22.58974358974359;22.803418803418804;25.0;25.0;0;0
248.556;0.0;0.0;0.0;22.58974358974359;22.803418803418804;25.0;25.0;0;0
248.666;0.0;0.0;0.0;22.58974358974359;22.803418803418804;25.0;25.0;0;0
248.767;0.0;0.0;0.0;22.58974358974359;22.803418803418804;25.0;25.0;0;0
248.868;0.0;0.0;0.0;22.58974358974359;22.803418803418804;25.0;25.0;0;0
248.968;0.0;0.0;0.0;22.58974358974359;22.752136752136753;25.0;25.0;0;0
249.071;0.0;0.0;0.0;22.58974358974359;22.752136752136753;25.0;25.0;0;0
249.274;0.0;0.0;0.0;22.58974358974359;22.752136752136753;25.0;25.0;0;0
249.375;0.0;0.0;0.0;22.58974358974359;22.752136752136753;25.0;25.0;0;0
249.497;0.0;0.0;0.0;22.58974358974359;22.752136752136753;25.0;25.0;0;0
249.599;0.0;0.0;0.0;22.58974358974359;22.752136752136753;25.0;25.0;0;0
249.714;0.0;0.0;0.0;22.58974358974359;22.752136752136753;25.0;25.0;0;0
249.815;0.0;0.0;0.0;22.58974358974359;22.752136752136753;25.0;25.0;0;0
249.917;0.0;0.0;0.0;22.58974358974359;22.752136752136753;25.0;25.0;0;0
250.032;0.0;0.0;0.0;22.58974358974359;22.803418803418804;25.0;25.0;0;0
250.137;0.0;0.0;0.0;22.58974358974359;22.803418803418804;25.0;25.0;0;0
250.255;0.0;0.0;0.0;22.58974358974359;22.803418803418804;25.0;25.0;0;0
250.372;0.0;0.0;0.0;22.58974358974359;22.803418803418804;25.0;25.0;0;0
250.479;0.0;0.0;0.0;22.58974358974359;22.803418803418804;25.0;25.0;0;0
250.59;0.0;0.0;0.0;22.58974358974359;22.803418803418804;25.0;25.0;0;0
250.691;0.0;0.0;0.0;22.58974358974359;22.803418803418804;25.0;25.0;0;0
250.793;0.0;0.0;0.0;22.58974358974359;22.803418803418804;25.0;25.0;0;0
250.912;0.0;0.0;0.0;22.58974358974359;22.803418803418804;25.0;25.0;0;0
251.027;0.0;0.0;0.0;22.58974358974359;22.752136752136753;25.0;25.0;0;0
251.128;0.0;0.0;0.0;22.58974358974359;22.752136752136753;25.0;25.0;0;0
251.231;0.0;0.0;0.0;22.58974358974359;22.752136752136753;25.0;25.0;0;0
251.347;0.0;0.0;0.0;22.58974358974359;22.752136752136753;25.0;25.0;0;0
251.451;0.0;0.0;0.0;22.58974358974359;22.752136752136753;25.0;25.0;0;0
251.565;0.0;0.0;0.0;22.58974358974359;22.752136752136753;25.0;25.0;0;0
251.679;0.0;0.0;0.0;22.58974358974359;22.752136752136753;25.0;25.0;0;0
251.779;0.0;0.0;0.0;22.58974358974359;22.752136752136753;25.0;25.0;0;0
251.896;0.0;0.0;0.0;22.58974358974359;22.752136752136753;25.0;25.0;0;0
252.005;0.0;0.0;0.0;22.58974358974359;22.803418803418804;25.0;25.0;0;0
252.119;0.0;0.0;0.0;22.58974358974359;22.803418803418804;25.0;25.0;0;0
252.219;0.0;0.0;0.0;22.58974358974359;22.803418803418804;25.0;25.0;0;0
252.334;0.0;0.0;0.0;22.58974358974359;22.803418803418804;25.0;25.0;0;0
252.439;0.0;0.0;0.0;22.58974358974359;22.803418803418804;25.0;25.0;0;0
252.54;0.0;0.0;0.0;22.58974358974359;22.803418803418804;25.0;25.0;0;0
252.664;0.0;0.0;0.0;22.58974358974359;22.803418803418804;25.0;25.0;0;0
252.778;0.0;0.0;0.0;22.58974358974359;22.803418803418804;25.0;25.0;0;0
252.878;0.0;0.0;0.0;22.58974358974359;22.803418803418804;25.0;25.0;0;0
253.002;0.0;0.0;0.0;22.58974358974359;22.752136752136753;25.0;25.0;0;0
253.112;0.0;0.0;0.0;22.58974358974359;22.752136752136753;25.0;25.0;0;0
253.224;0.0;0.0;0.0;22.58974358974359;22.752136752136753;25.0;25.0;0;0
253.325;0.0;0.0;0.0;22.58974358974359;22.752136752136753;25.0;25.0;0;0
253.435;0.0;0.0;0.0;22.58974358974359;22.752136752136753;25.0;25.0;0;0
253.541;0.0;0.0;0.0;22.58974358974359;22.752136752136753;25.0;25.0;0;0
253.641;0.0;0.0;0.0;22.58974358974359;22.752136752136753;25.0;25.0;0;0
253.744;0.0;0.0;0.0;22.58974358974359;22.752136752136753;25.0;25.0;0;0
253.845;0.0;0.0;0.0;22.58974358974359;22.752136752136753;25.0;25.0;0;0
253.973;0.0;0.0;0.0;22.58974358974359;22.752136752136753;25.0;25.0;0;0
254.081;0.0;0.0;0.0;22.58974358974359;22.752136752136753;25.0;25.0;0;0
254.182;0.0;0.0;0.0;22.58974358974359;22.752136752136753;25.0;25.0;0;0
254.286;0.0;0.0;0.0;22.58974358974359;22.752136752136753;25.0;25.0;0;0
254.39;0.0;0.0;0.0;22.58974358974359;22.752136752136753;25.0;25.0;0;0
254.512;0.0;0.0;0.0;22.58974358974359;22.752136752136753;25.0;25.0;0;0
254.633;0.0;0.0;0.0;22.58974358974359;22.752136752136753;25.0;25.0;0;0
254.733;0.0;0.0;0.0;22.58974358974359;22.752136752136753;25.0;25.0;0;0
254.84;0.0;0.0;0.0;22.58974358974359;22.752136752136753;25.0;25.0;0;0
254.941;0.0;0.0;0.0;22.58974358974359;22.752136752136753;25.0;25.0;0;0
255.05;0.0;0.0;0.0;22.58974358974359;22.803418803418804;25.0;25.0;0;0
255.157;0.0;0.0;0.0;22.58974358974359;22.803418803418804;25.0;25.0;0;0
255.271;0.0;0.0;0.0;22.58974358974359;22.803418803418804;25.0;25.0;0;0
255.385;0.0;0.0;0.0;22.58974358974359;22.803418803418804;25.0;25.0;0;0
255.492;0.0;0.0;0.0;22.58974358974359;22.803418803418804;25.0;25.0;0;0
255.599;0.0;0.0;0.0;22.58974358974359;22.803418803418804;25.0;25.0;0;0
255.709;0.0;0.0;0.0;22.58974358974359;22.803418803418804;25.0;25.0;0;0
255.81;0.0;0.0;0.0;22.58974358974359;22.803418803418804;25.0;25.0;0;0
255.918;0.0;0.0;0.0;22.58974358974359;22.803418803418804;25.0;25.0;0;0
256.033;0.0;0.0;0.0;22.58974358974359;22.803418803418804;25.0;25.0;0;0
256.153;0.0;0.0;0.0;22.58974358974359;22.803418803418804;25.0;25.0;0;0
256.254;0.0;0.0;0.0;22.58974358974359;22.803418803418804;25.0;25.0;0;0
256.358;0.0;0.0;0.0;22.58974358974359;22.803418803418804;25.0;25.0;0;0
256.468;0.0;0.0;0.0;22.58974358974359;22.803418803418804;25.0;25.0;0;0
256.579;0.0;0.0;0.0;22.58974358974359;22.803418803418804;25.0;25.0;0;0
256.684;0.0;0.0;0.0;22.58974358974359;22.803418803418804;25.0;25.0;0;0
256.8;0.0;0.0;0.0;22.58974358974359;22.803418803418804;25.0;25.0;0;0
256.9;0.0;0.0;0.0;22.58974358974359;22.752136752136753;25.0;25.0;0;0
257.003;0.0;0.0;0.0;22.58974358974359;22.752136752136753;25.0;25.0;0;0
257.127;0.0;0.0;0.0;22.58974358974359;22.752136752136753;25.0;25.0;0;0
257.233;0.0;0.0;0.0;22.58974358974359;22.752136752136753;25.0;25.0;0;0
257.335;0.0;0.0;0.0;22.58974358974359;22.752136752136753;25.0;25.0;0;0
257.455;0.0;0.0;0.0;22.58974358974359;22.752136752136753;25.0;25.0;0;0
257.555;0.0;0.0;0.0;22.58974358974359;22.752136752136753;25.0;25.0;0;0
257.663;0.0;0.0;0.0;22.58974358974359;22.752136752136753;25.0;25.0;0;0
257.775;0.0;0.0;0.0;22.58974358974359;22.752136752136753;25.0;25.0;0;0
257.898;0.0;0.0;0.0;22.58974358974359;22.752136752136753;25.0;25.0;0;0
258.007;0.0;0.0;0.0;22.58974358974359;22.752136752136753;25.0;25.0;0;0
258.112;0.0;0.0;0.0;22.58974358974359;22.752136752136753;25.0;25.0;0;0
258.214;0.0;0.0;0.0;22.58974358974359;22.752136752136753;25.0;25.0;0;0
258.33;0.0;0.0;0.0;22.58974358974359;22.752136752136753;25.0;25.0;0;0
258.435;0.0;0.0;0.0;22.58974358974359;22.752136752136753;25.0;25.0;0;0
258.561;0.0;0.0;0.0;22.58974358974359;22.752136752136753;25.0;25.0;0;0
258.662;0.0;0.0;0.0;22.58974358974359;22.752136752136753;25.0;25.0;0;0
258.763;0.0;0.0;0.0;22.58974358974359;22.752136752136753;25.0;25.0;0;0
258.873;0.0;0.0;0.0;22.58974358974359;22.752136752136753;25.0;25.0;0;0
258.981;0.0;0.0;0.0;22.58974358974359;22.752136752136753;25.0;25.0;0;0
259.088;0.0;0.0;0.0;22.58974358974359;22.752136752136753;25.0;25.0;0;0
259.208;0.0;0.0;0.0;22.58974358974359;22.752136752136753;25.0;25.0;0;0
259.33;0.0;0.0;0.0;22.58974358974359;22.752136752136753;25.0;25.0;0;0
259.43;0.0;0.0;0.0;22.58974358974359;22.752136752136753;25.0;25.0;0;0
259.537;0.0;0.0;0.0;22.58974358974359;22.752136752136753;25.0;25.0;0;0
259.656;0.0;0.0;0.0;22.58974358974359;22.752136752136753;25.0;25.0;0;0
259.77;0.0;0.0;0.0;22.58974358974359;22.752136752136753;25.0;25.0;0;0
259.876;0.0;0.0;0.0;22.58974358974359;22.752136752136753;25.0;25.0;0;0
259.983;0.0;0.0;0.0;22.58974358974359;22.752136752136753;25.0;25.0;0;0
260.086;0.0;0.0;0.0;22.58974358974359;22.752136752136753;25.0;25.0;0;0
260.211;0.0;0.0;0.0;22.58974358974359;22.752136752136753;25.0;25.0;0;0
260.33;0.0;0.0;0.0;22.58974358974359;22.752136752136753;25.0;25.0;0;0
260.432;0.0;0.0;0.0;22.58974358974359;22.752136752136753;25.0;25.0;0;0
260.543;0.0;0.0;0.0;22.58974358974359;22.752136752136753;25.0;25.0;0;0
260.653;0.0;0.0;0.0;22.58974358974359;22.752136752136753;25.0;25.0;0;0
260.764;0.0;0.0;0.0;22.58974358974359;22.752136752136753;25.0;25.0;0;0
260.871;0.0;0.0;0.0;22.58974358974359;22.752136752136753;25.0;25.0;0;0
260.995;0.0;0.0;0.0;22.58974358974359;22.752136752136753;25.0;25.0;0;0
261.104;0.0;0.0;0.0;22.58974358974359;22.803418803418804;25.0;25.0;0;0
261.206;0.0;0.0;0.0;22.58974358974359;22.803418803418804;25.0;25.0;0;0
261.311;0.0;0.0;0.0;22.58974358974359;22.803418803418804;25.0;25.0;0;0
261.412;0.0;0.0;0.0;22.58974358974359;22.803418803418804;25.0;25.0;0;0
261.53;0.0;0.0;0.0;22.58974358974359;22.803418803418804;25.0;25.0;0;0
261.643;0.0;0.0;0.0;22.58974358974359;22.803418803418804;25.0;25.0;0;0
261.747;0.0;0.0;0.0;22.58974358974359;22.803418803418804;25.0;25.0;0;0
261.858;0.0;0.0;0.0;22.58974358974359;22.803418803418804;25.0;25.0;0;0
261.967;0.0;0.0;0.0;22.58974358974359;22.803418803418804;25.0;25.0;0;0
262.074;0.0;0.0;0.0;22.58974358974359;22.752136752136753;25.0;25.0;0;0
262.193;0.0;0.0;0.0;22.58974358974359;22.752136752136753;25.0;25.0;0;0
262.297;0.0;0.0;0.0;22.58974358974359;22.752136752136753;25.0;25.0;0;0
262.41;0.0;0.0;0.0;22.58974358974359;22.752136752136753;25.0;25.0;0;0
262.512;0.0;0.0;0.0;22.58974358974359;22.752136752136753;25.0;25.0;0;0
262.625;0.0;0.0;0.0;22.58974358974359;22.752136752136753;25.0;25.0;0;0
262.726;0.0;0.0;0.0;22.58974358974359;22.752136752136753;25.0;25.0;0;0
262.842;0.0;0.0;0.0;22.58974358974359;22.752136752136753;25.0;25.0;0;0
262.946;0.0;0.0;0.0;22.58974358974359;22.752136752136753;25.0;25.0;0;0
263.048;0.0;0.0;0.0;22.58974358974359;22.752136752136753;25.0;25.0;0;0
263.153;0.0;0.0;0.0;22.58974358974359;22.752136752136753;25.0;25.0;0;0
263.267;0.0;0.0;0.0;22.58974358974359;22.752136752136753;25.0;25.0;0;0
263.368;0.0;0.0;0.0;22.58974358974359;22.752136752136753;25.0;25.0;0;0
263.47;0.0;0.0;0.0;22.58974358974359;22.752136752136753;25.0;25.0;0;0
263.59;0.0;0.0;0.0;22.58974358974359;22.752136752136753;25.0;25.0;0;0
263.692;0.0;0.0;0.0;22.58974358974359;22.752136752136753;25.0;25.0;0;0
263.824;0.0;0.0;0.0;22.58974358974359;22.752136752136753;25.0;25.0;0;0
263.928;0.0;0.0;0.0;22.58974358974359;22.752136752136753;25.0;25.0;0;0
264.045;0.0;0.0;0.0;-105.55555555555556;22.752136752136753;25.0;25.0;0;0
264.164;0.0;0.0;0.0;-105.55555555555556;22.752136752136753;25.0;25.0;0;0
264.267;0.0;0.0;0.0;-105.55555555555556;22.752136752136753;25.0;25.0;0;0
264.384;0.0;0.0;0.0;-105.55555555555556;22.752136752136753;25.0;25.0;0;0
264.485;0.0;0.0;0.0;-105.55555555555556;22.752136752136753;25.0;25.0;0;0
264.585;0.0;0.0;0.0;-105.55555555555556;22.752136752136753;25.0;25.0;0;0
264.705;0.0;0.0;0.0;-105.55555555555556;22.752136752136753;25.0;25.0;0;0
264.818;0.0;0.0;0.0;-105.55555555555556;22.752136752136753;25.0;25.0;0;0
264.922;0.0;0.0;0.0;-105.55555555555556;22.752136752136753;25.0;25.0;0;0
265.023;0.0;0.0;0.0;22.58974358974359;22.752136752136753;25.0;25.0;0;0
265.142;0.0;0.0;0.0;22.58974358974359;22.752136752136753;25.0;25.0;0;0
265.261;0.0;0.0;0.0;22.58974358974359;22.752136752136753;25.0;25.0;0;0
265.362;0.0;0.0;0.0;22.58974358974359;22.752136752136753;25.0;25.0;0;0
265.476;0.0;0.0;0.0;22.58974358974359;22.752136752136753;25.0;25.0;0;0
265.576;0.0;0.0;0.0;22.58974358974359;22.752136752136753;25.0;25.0;0;0
265.68;0.0;0.0;0.0;22.58974358974359;22.752136752136753;25.0;25.0;0;0
265.796;0.0;0.0;0.0;22.58974358974359;22.752136752136753;25.0;25.0;0;0
265.898;0.0;0.0;0.0;22.58974358974359;22.752136752136753;25.0;25.0;0;0
266.021;0.0;0.0;0.0;22.58974358974359;22.752136752136753;25.0;25.0;0;0
266.134;0.0;0.0;0.0;22.58974358974359;22.752136752136753;25.0;25.0;0;0
266.242;0.0;0.0;0.0;22.58974358974359;22.752136752136753;25.0;25.0;0;0
266.353;0.0;0.0;0.0;22.58974358974359;22.752136752136753;25.0;25.0;0;0
266.46;0.0;0.0;0.0;22.58974358974359;22.752136752136753;25.0;25.0;0;0
266.569;0.0;0.0;0.0;22.58974358974359;22.752136752136753;25.0;25.0;0;0
266.673;0.0;0.0;0.0;22.58974358974359;22.752136752136753;25.0;25.0;0;0
266.778;0.0;0.0;0.0;22.58974358974359;22.752136752136753;25.0;25.0;0;0
266.896;0.0;0.0;0.0;22.58974358974359;22.752136752136753;25.0;25.0;0;0
266.999;0.0;0.0;0.0;22.58974358974359;22.752136752136753;25.0;25.0;0;0
267.102;0.0;0.0;0.0;22.58974358974359;22.803418803418804;25.0;25.0;0;0
267.219;0.0;0.0;0.0;22.58974358974359;22.803418803418804;25.0;25.0;0;0
267.337;0.0;0.0;0.0;22.58974358974359;22.803418803418804;25.0;25.0;0;0
267.456;0.0;0.0;0.0;22.58974358974359;22.803418803418804;25.0;25.0;0;0
267.561;0.0;0.0;0.0;22.58974358974359;22.803418803418804;25.0;25.0;0;0
267.677;0.0;0.0;0.0;22.58974358974359;22.803418803418804;25.0;25.0;0;0
267.781;0.0;0.0;0.0;22.58974358974359;22.803418803418804;25.0;25.0;0;0
267.899;0.0;0.0;0.0;22.58974358974359;22.803418803418804;25.0;25.0;0;0
268.004;0.0;0.0;0.0;22.58974358974359;22.803418803418804;25.0;25.0;0;0
268.116;0.0;0.0;0.0;22.58974358974359;22.752136752136753;25.0;25.0;0;0
268.227;0.0;0.0;0.0;22.58974358974359;22.752136752136753;25.0;25.0;0;0
268.327;0.0;0.0;0.0;22.58974358974359;22.752136752136753;25.0;25.0;0;0
268.443;0.0;0.0;0.0;22.58974358974359;22.752136752136753;25.0;25.0;0;0
268.544;0.0;0.0;0.0;22.58974358974359;22.752136752136753;25.0;25.0;0;0
268.648;0.0;0.0;0.0;22.58974358974359;22.752136752136753;25.0;25.0;0;0
268.768;0.0;0.0;0.0;22.58974358974359;22.752136752136753;25.0;25.0;0;0
268.887;0.0;0.0;0.0;22.58974358974359;22.752136752136753;25.0;25.0;0;0
268.991;0.0;0.0;0.0;22.58974358974359;22.752136752136753;25.0;25.0;0;0
269.103;0.0;0.0;0.0;22.58974358974359;22.803418803418804;25.0;25.0;0;0
269.214;0.0;0.0;0.0;22.58974358974359;22.803418803418804;25.0;25.0;0;0
269.325;0.0;0.0;0.0;22.58974358974359;22.803418803418804;25.0;25.0;0;0
269.426;0.0;0.0;0.0;22.58974358974359;22.803418803418804;25.0;25.0;0;0
269.528;0.0;0.0;0.0;22.58974358974359;22.803418803418804;25.0;25.0;0;0
269.652;0.0;0.0;0.0;22.58974358974359;22.803418803418804;25.0;25.0;0;0
269.761;0.0;0.0;0.0;22.58974358974359;22.803418803418804;25.0;25.0;0;0
269.862;0.0;0.0;0.0;22.58974358974359;22.803418803418804;25.0;25.0;0;0
269.964;0.0;0.0;0.0;22.58974358974359;22.803418803418804;25.0;25.0;0;0
270.066;0.0;0.0;0.0;22.58974358974359;22.803418803418804;25.0;25.0;0;0
270.183;0.0;0.0;0.0;22.58974358974359;22.803418803418804;25.0;25.0;0;0
270.305;0.0;0.0;0.0;22.58974358974359;22.803418803418804;25.0;25.0;0;0
270.417;0.0;0.0;0.0;22.58974358974359;22.803418803418804;25.0;25.0;0;0
270.528;0.0;0.0;0.0;22.58974358974359;22.803418803418804;25.0;25.0;0;0
270.642;0.0;0.0;0.0;22.58974358974359;22.803418803418804;25.0;25.0;0;0
270.742;0.0;0.0;0.0;22.58974358974359;22.803418803418804;25.0;25.0;0;0
270.843;0.0;0.0;0.0;22.58974358974359;22.803418803418804;25.0;25.0;0;0
270.944;0.0;0.0;0.0;22.58974358974359;22.803418803418804;25.0;25.0;0;0
271.047;0.0;0.0;0.0;22.58974358974359;22.803418803418804;25.0;25.0;0;0
271.172;0.0;0.0;0.0;22.58974358974359;22.803418803418804;25.0;25.0;0;0
271.282;0.0;0.0;0.0;22.58974358974359;22.803418803418804;25.0;25.0;0;0
271.392;0.0;0.0;0.0;22.58974358974359;22.803418803418804;25.0;25.0;0;0
271.514;0.0;0.0;0.0;22.58974358974359;22.803418803418804;25.0;25.0;0;0
271.619;0.0;0.0;0.0;22.58974358974359;22.803418803418804;25.0;25.0;0;0
271.724;0.0;0.0;0.0;22.58974358974359;22.803418803418804;25.0;25.0;0;0
271.834;0.0;0.0;0.0;22.58974358974359;22.803418803418804;25.0;25.0;0;0
271.945;0.0;0.0;0.0;22.58974358974359;22.803418803418804;25.0;25.0;0;0
272.055;0.0;0.0;0.0;22.58974358974359;22.803418803418804;25.0;25.0;0;0
272.161;0.0;0.0;0.0;22.58974358974359;22.803418803418804;25.0;25.0;0;0
272.264;0.0;0.0;0.0;22.58974358974359;22.803418803418804;25.0;25.0;0;0
272.369;0.0;0.0;0.0;22.58974358974359;22.803418803418804;25.0;25.0;0;0
272.479;0.0;0.0;0.0;22.58974358974359;22.803418803418804;25.0;25.0;0;0
272.583;0.0;0.0;0.0;22.58974358974359;22.803418803418804;25.0;25.0;0;0
272.684;0.0;0.0;0.0;22.58974358974359;22.803418803418804;25.0;25.0;0;0
272.804;0.0;0.0;0.0;22.58974358974359;22.803418803418804;25.0;25.0;0;0
272.915;0.0;0.0;0.0;22.58974358974359;22.803418803418804;25.0;25.0;0;0
273.026;0.0;0.0;0.0;22.58974358974359;22.752136752136753;25.0;25.0;0;0
273.128;0.0;0.0;0.0;22.58974358974359;22.752136752136753;25.0;25.0;0;0
273.23;0.0;0.0;0.0;22.58974358974359;22.752136752136753;25.0;25.0;0;0
273.343;0.0;0.0;0.0;22.58974358974359;22.752136752136753;25.0;25.0;0;0
273.453;0.0;0.0;0.0;22.58974358974359;22.752136752136753;25.0;25.0;0;0
273.565;0.0;0.0;0.0;22.58974358974359;22.752136752136753;25.0;25.0;0;0
273.667;0.0;0.0;0.0;22.58974358974359;22.752136752136753;25.0;25.0;0;0
273.769;0.0;0.0;0.0;22.58974358974359;22.752136752136753;25.0;25.0;0;0
273.87;0.0;0.0;0.0;22.58974358974359;22.752136752136753;25.0;25.0;0;0
273.972;0.0;0.0;0.0;22.58974358974359;22.803418803418804;25.0;25.0;0;0
274.073;0.0;0.0;0.0;22.58974358974359;22.803418803418804;25.0;25.0;0;0
274.186;0.0;0.0;0.0;22.58974358974359;22.803418803418804;25.0;25.0;0;0
274.291;0.0;0.0;0.0;22.58974358974359;22.803418803418804;25.0;25.0;0;0
274.397;0.0;0.0;0.0;22.58974358974359;22.803418803418804;25.0;25.0;0;0
274.508;0.0;0.0;0.0;22.58974358974359;22.803418803418804;25.0;25.0;0;0
274.615;0.0;0.0;0.0;22.58974358974359;22.803418803418804;25.0;25.0;0;0
274.724;0.0;0.0;0.0;22.58974358974359;22.803418803418804;25.0;25.0;0;0
274.824;0.0;0.0;0.0;22.58974358974359;22.803418803418804;25.0;25.0;0;0
274.928;0.0;0.0;0.0;22.58974358974359;22.803418803418804;25.0;25.0;0;0
275.029;0.0;0.0;0.0;22.58974358974359;22.803418803418804;25.0;25.0;0;0
275.135;0.0;0.0;0.0;22.58974358974359;22.803418803418804;25.0;25.0;0;0
275.236;0.0;0.0;0.0;22.58974358974359;22.803418803418804;25.0;25.0;0;0
275.336;0.0;0.0;0.0;22.58974358974359;22.803418803418804;25.0;25.0;0;0
275.459;0.0;0.0;0.0;22.58974358974359;22.803418803418804;25.0;25.0;0;0
275.575;0.0;0.0;0.0;22.58974358974359;22.803418803418804;25.0;25.0;0;0
275.678;0.0;0.0;0.0;22.58974358974359;22.803418803418804;25.0;25.0;0;0
275.781;0.0;0.0;0.0;22.58974358974359;22.803418803418804;25.0;25.0;0;0
275.906;0.0;0.0;0.0;22.58974358974359;22.803418803418804;25.0;25.0;0;0
276.007;0.0;0.0;0.0;22.58974358974359;22.752136752136753;25.0;25.0;0;0
276.141;0.0;0.0;0.0;22.58974358974359;22.752136752136753;25.0;25.0;0;0
276.242;0.0;0.0;0.0;22.58974358974359;22.752136752136753;25.0;25.0;0;0
276.357;0.0;0.0;0.0;22.58974358974359;22.752136752136753;25.0;25.0;0;0
276.46;0.0;0.0;0.0;22.58974358974359;22.752136752136753;25.0;25.0;0;0
276.572;0.0;0.0;0.0;22.58974358974359;22.752136752136753;25.0;25.0;0;0
276.674;0.0;0.0;0.0;22.58974358974359;22.752136752136753;25.0;25.0;0;0
276.79;0.0;0.0;0.0;22.58974358974359;22.752136752136753;25.0;25.0;0;0
276.903;0.0;0.0;0.0;22.58974358974359;22.752136752136753;25.0;25.0;0;0
277.009;0.0;0.0;0.0;22.58974358974359;22.752136752136753;25.0;25.0;0;0
277.117;0.0;0.0;0.0;22.58974358974359;22.803418803418804;25.0;25.0;0;0
277.23;0.0;0.0;0.0;22.58974358974359;22.803418803418804;25.0;25.0;0;0
277.348;0.0;0.0;0.0;22.58974358974359;22.803418803418804;25.0;25.0;0;0
277.451;0.0;0.0;0.0;22.58974358974359;22.803418803418804;25.0;25.0;0;0
277.551;0.0;0.0;0.0;22.58974358974359;22.803418803418804;25.0;25.0;0;0
277.666;0.0;0.0;0.0;22.58974358974359;22.803418803418804;25.0;25.0;0;0
277.786;0.0;0.0;0.0;22.58974358974359;22.803418803418804;25.0;25.0;0;0
277.887;0.0;0.0;0.0;22.58974358974359;22.803418803418804;25.0;25.0;0;0
277.988;0.0;0.0;0.0;22.58974358974359;22.752136752136753;25.0;25.0;0;0
278.103;0.0;0.0;0.0;22.58974358974359;22.752136752136753;25.0;25.0;0;0
278.21;0.0;0.0;0.0;22.58974358974359;22.752136752136753;25.0;25.0;0;0
278.328;0.0;0.0;0.0;22.58974358974359;22.752136752136753;25.0;25.0;0;0
278.431;0.0;0.0;0.0;22.58974358974359;22.752136752136753;25.0;25.0;0;0
278.546;0.0;0.0;0.0;22.58974358974359;22.752136752136753;25.0;25.0;0;0
278.654;0.0;0.0;0.0;22.58974358974359;22.752136752136753;25.0;25.0;0;0
278.757;0.0;0.0;0.0;22.58974358974359;22.752136752136753;25.0;25.0;0;0
278.859;0.0;0.0;0.0;22.58974358974359;22.752136752136753;25.0;25.0;0;0
278.969;0.0;0.0;0.0;22.58974358974359;22.752136752136753;25.0;25.0;0;0
279.075;0.0;0.0;0.0;22.58974358974359;22.803418803418804;25.0;25.0;0;0
279.191;0.0;0.0;0.0;22.58974358974359;22.803418803418804;25.0;25.0;0;0
279.313;0.0;0.0;0.0;22.58974358974359;22.803418803418804;25.0;25.0;0;0
279.426;0.0;0.0;0.0;22.58974358974359;22.803418803418804;25.0;25.0;0;0
279.528;0.0;0.0;0.0;22.58974358974359;22.803418803418804;25.0;25.0;0;0
279.63;0.0;0.0;0.0;22.58974358974359;22.803418803418804;25.0;25.0;0;0
279.757;0.0;0.0;0.0;22.58974358974359;22.803418803418804;25.0;25.0;0;0
279.864;0.0;0.0;0.0;22.58974358974359;22.803418803418804;25.0;25.0;0;0
279.965;0.0;0.0;0.0;22.58974358974359;22.803418803418804;25.0;25.0;0;0
280.07;0.0;0.0;0.0;22.58974358974359;22.803418803418804;25.0;25.0;0;0
280.197;0.0;0.0;0.0;22.58974358974359;22.803418803418804;25.0;25.0;0;0
280.305;0.0;0.0;0.0;22.58974358974359;22.803418803418804;25.0;25.0;0;0
280.417;0.0;0.0;0.0;22.58974358974359;22.803418803418804;25.0;25.0;0;0
280.525;0.0;0.0;0.0;22.58974358974359;22.803418803418804;25.0;25.0;0;0
280.632;0.0;0.0;0.0;22.58974358974359;22.803418803418804;25.0;25.0;0;0
280.742;0.0;0.0;0.0;22.58974358974359;22.803418803418804;25.0;25.0;0;0
280.852;0.0;0.0;0.0;22.58974358974359;22.803418803418804;25.0;25.0;0;0
280.975;0.0;0.0;0.0;22.58974358974359;22.803418803418804;25.0;25.0;0;0
281.482;0.0;0.0;0.0;22.58974358974359;22.752136752136753;25.0;25.0;0;0
281.582;0.0;0.0;0.0;22.58974358974359;22.752136752136753;25.0;25.0;0;0
281.703;0.0;0.0;0.0;22.58974358974359;22.752136752136753;25.0;25.0;0;0
281.804;0.0;0.0;0.0;22.58974358974359;22.752136752136753;25.0;25.0;0;0
281.905;0.0;0.0;0.0;22.58974358974359;22.752136752136753;25.0;25.0;0;0
282.006;0.0;0.0;0.0;22.58974358974359;22.752136752136753;25.0;25.0;0;0
282.109;0.0;0.0;0.0;22.58974358974359;22.803418803418804;25.0;25.0;0;0
282.21;0.0;0.0;0.0;22.58974358974359;22.803418803418804;25.0;25.0;0;0
282.315;0.0;0.0;0.0;22.58974358974359;22.803418803418804;25.0;25.0;0;0
282.426;0.0;0.0;0.0;22.58974358974359;22.803418803418804;25.0;25.0;0;0
282.536;0.0;0.0;0.0;22.58974358974359;22.803418803418804;25.0;25.0;0;0
282.645;0.0;0.0;0.0;22.58974358974359;22.803418803418804;25.0;25.0;0;0
282.757;0.0;0.0;0.0;22.58974358974359;22.803418803418804;25.0;25.0;0;0
282.863;0.0;0.0;0.0;22.58974358974359;22.803418803418804;25.0;25.0;0;0
282.977;0.0;0.0;0.0;22.58974358974359;22.803418803418804;25.0;25.0;0;0
283.085;0.0;0.0;0.0;22.58974358974359;22.803418803418804;25.0;25.0;0;0
283.198;0.0;0.0;0.0;22.58974358974359;22.803418803418804;25.0;25.0;0;0
283.3;0.0;0.0;0.0;22.58974358974359;22.803418803418804;25.0;25.0;0;0
283.422;0.0;0.0;0.0;22.58974358974359;22.803418803418804;25.0;25.0;0;0
283.526;0.0;0.0;0.0;22.58974358974359;22.803418803418804;25.0;25.0;0;0
283.633;0.0;0.0;0.0;22.58974358974359;22.803418803418804;25.0;25.0;0;0
283.741;0.0;0.0;0.0;22.58974358974359;22.803418803418804;25.0;25.0;0;0
283.855;0.0;0.0;0.0;22.58974358974359;22.803418803418804;25.0;25.0;0;0
283.957;0.0;0.0;0.0;22.58974358974359;22.803418803418804;25.0;25.0;0;0
284.059;0.0;0.0;0.0;22.58974358974359;22.752136752136753;25.0;25.0;0;0
284.176;0.0;0.0;0.0;22.58974358974359;22.752136752136753;25.0;25.0;0;0
284.28;0.0;0.0;0.0;22.58974358974359;22.752136752136753;25.0;25.0;0;0
284.381;0.0;0.0;0.0;22.58974358974359;22.752136752136753;25.0;25.0;0;0
284.484;0.0;0.0;0.0;22.58974358974359;22.752136752136753;25.0;25.0;0;0
284.608;0.0;0.0;0.0;22.58974358974359;22.752136752136753;25.0;25.0;0;0
284.718;0.0;0.0;0.0;22.58974358974359;22.752136752136753;25.0;25.0;0;0
284.835;0.0;0.0;0.0;22.58974358974359;22.752136752136753;25.0;25.0;0;0
284.95;0.0;0.0;0.0;22.58974358974359;22.752136752136753;25.0;25.0;0;0
285.055;0.0;0.0;0.0;22.58974358974359;22.752136752136753;25.0;25.0;0;0
285.17;0.0;0.0;0.0;22.58974358974359;22.803418803418804;25.0;25.0;0;0
285.274;0.0;0.0;0.0;22.58974358974359;22.803418803418804;25.0;25.0;0;0
285.391;0.0;0.0;0.0;22.58974358974359;22.803418803418804;25.0;25.0;0;0
285.491;0.0;0.0;0.0;22.58974358974359;22.803418803418804;25.0;25.0;0;0
285.594;0.0;0.0;0.0;22.58974358974359;22.803418803418804;25.0;25.0;0;0
285.702;0.0;0.0;0.0;22.58974358974359;22.803418803418804;25.0;25.0;0;0
285.804;0.0;0.0;0.0;22.58974358974359;22.803418803418804;25.0;25.0;0;0
285.904;0.0;0.0;0.0;22.58974358974359;22.803418803418804;25.0;25.0;0;0
286.009;0.0;0.0;0.0;22.58974358974359;22.803418803418804;25.0;25.0;0;0
286.128;0.0;0.0;0.0;22.58974358974359;22.803418803418804;25.0;25.0;0;0
286.229;0.0;0.0;0.0;22.58974358974359;22.803418803418804;25.0;25.0;0;0
286.342;0.0;0.0;0.0;22.58974358974359;22.803418803418804;25.0;25.0;0;0
286.455;0.0;0.0;0.0;22.58974358974359;22.803418803418804;25.0;25.0;0;0
286.556;0.0;0.0;0.0;22.58974358974359;22.803418803418804;25.0;25.0;0;0
286.661;0.0;0.0;0.0;22.58974358974359;22.803418803418804;25.0;25.0;0;0
286.785;0.0;0.0;0.0;22.58974358974359;22.803418803418804;25.0;25.0;0;0
286.893;0.0;0.0;0.0;22.58974358974359;22.803418803418804;25.0;25.0;0;0
287.009;0.0;0.0;0.0;22.58974358974359;22.803418803418804;25.0;25.0;0;0
287.11;0.0;0.0;0.0;22.58974358974359;22.803418803418804;25.0;25.0;0;0
287.214;0.0;0.0;0.0;22.58974358974359;22.803418803418804;25.0;25.0;0;0
287.325;0.0;0.0;0.0;22.58974358974359;22.803418803418804;25.0;25.0;0;0
287.438;0.0;0.0;0.0;22.58974358974359;22.803418803418804;25.0;25.0;0;0
287.543;0.0;0.0;0.0;22.58974358974359;22.803418803418804;25.0;25.0;0;0
287.66;0.0;0.0;0.0;22.58974358974359;22.803418803418804;25.0;25.0;0;0
287.762;0.0;0.0;0.0;22.58974358974359;22.803418803418804;25.0;25.0;0;0
287.862;0.0;0.0;0.0;22.58974358974359;22.803418803418804;25.0;25.0;0;0
287.984;0.0;0.0;0.0;22.58974358974359;22.803418803418804;25.0;25.0;0;0
288.096;0.0;0.0;0.0;22.58974358974359;22.803418803418804;25.0;25.0;0;0
288.204;0.0;0.0;0.0;22.58974358974359;22.803418803418804;25.0;25.0;0;0
288.313;0.0;0.0;0.0;22.58974358974359;22.803418803418804;25.0;25.0;0;0
288.413;0.0;0.0;0.0;22.58974358974359;22.803418803418804;25.0;25.0;0;0
288.517;0.0;0.0;0.0;22.58974358974359;22.803418803418804;25.0;25.0;0;0
288.618;0.0;0.0;0.0;22.58974358974359;22.803418803418804;25.0;25.0;0;0
288.718;0.0;0.0;0.0;22.58974358974359;22.803418803418804;25.0;25.0;0;0
288.819;0.0;0.0;0.0;22.58974358974359;22.803418803418804;25.0;25.0;0;0
288.92;0.0;0.0;0.0;22.58974358974359;22.803418803418804;25.0;25.0;0;0
289.026;0.0;0.0;0.0;22.58974358974359;22.752136752136753;25.0;25.0;0;0
289.128;0.0;0.0;0.0;22.58974358974359;22.752136752136753;25.0;25.0;0;0
289.228;0.0;0.0;0.0;22.58974358974359;22.752136752136753;25.0;25.0;0;0
289.329;0.0;0.0;0.0;22.58974358974359;22.752136752136753;25.0;25.0;0;0
289.431;0.0;0.0;0.0;22.58974358974359;22.752136752136753;25.0;25.0;0;0
289.533;0.0;0.0;0.0;22.58974358974359;22.752136752136753;25.0;25.0;0;0
289.646;0.0;0.0;0.0;22.58974358974359;22.752136752136753;25.0;25.0;0;0
289.768;0.0;0.0;0.0;22.58974358974359;22.752136752136753;25.0;25.0;0;0
289.894;0.0;0.0;0.0;22.58974358974359;22.752136752136753;25.0;25.0;0;0
290.019;0.0;0.0;0.0;22.58974358974359;22.752136752136753;25.0;25.0;0;0
290.13;0.0;0.0;0.0;22.58974358974359;22.803418803418804;25.0;25.0;0;0
290.242;0.0;0.0;0.0;22.58974358974359;22.803418803418804;25.0;25.0;0;0
290.343;0.0;0.0;0.0;22.58974358974359;22.803418803418804;25.0;25.0;0;0
290.453;0.0;0.0;0.0;22.58974358974359;22.803418803418804;25.0;25.0;0;0
290.554;0.0;0.0;0.0;22.58974358974359;22.803418803418804;25.0;25.0;0;0
290.666;0.0;0.0;0.0;22.58974358974359;22.803418803418804;25.0;25.0;0;0
290.768;0.0;0.0;0.0;22.58974358974359;22.803418803418804;25.0;25.0;0;0
290.895;0.0;0.0;0.0;22.58974358974359;22.803418803418804;25.0;25.0;0;0
291.012;0.0;0.0;0.0;22.58974358974359;22.803418803418804;25.0;25.0;0;0
291.133;0.0;0.0;0.0;22.58974358974359;22.803418803418804;25.0;25.0;0;0
291.235;0.0;0.0;0.0;22.58974358974359;22.803418803418804;25.0;25.0;0;0
291.336;0.0;0.0;0.0;22.58974358974359;22.803418803418804;25.0;25.0;0;0
291.47;0.0;0.0;0.0;22.58974358974359;22.803418803418804;25.0;25.0;0;0
291.571;0.0;0.0;0.0;22.58974358974359;22.803418803418804;25.0;25.0;0;0
291.673;0.0;0.0;0.0;22.58974358974359;22.803418803418804;25.0;25.0;0;0
291.795;0.0;0.0;0.0;22.58974358974359;22.803418803418804;25.0;25.0;0;0
291.911;0.0;0.0;0.0;22.58974358974359;22.803418803418804;25.0;25.0;0;0
292.02;0.0;0.0;0.0;22.58974358974359;22.803418803418804;25.0;25.0;0;0
292.122;0.0;0.0;0.0;22.58974358974359;22.803418803418804;25.0;25.0;0;0
292.235;0.0;0.0;0.0;22.58974358974359;22.803418803418804;25.0;25.0;0;0
292.335;0.0;0.0;0.0;22.58974358974359;22.803418803418804;25.0;25.0;0;0
292.44;0.0;0.0;0.0;22.58974358974359;22.803418803418804;25.0;25.0;0;0
292.56;0.0;0.0;0.0;22.58974358974359;22.803418803418804;25.0;25.0;0;0
292.661;0.0;0.0;0.0;22.58974358974359;22.803418803418804;25.0;25.0;0;0
292.792;0.0;0.0;0.0;22.58974358974359;22.803418803418804;25.0;25.0;0;0
292.894;0.0;0.0;0.0;22.58974358974359;22.803418803418804;25.0;25.0;0;0
293.001;0.0;0.0;0.0;22.58974358974359;22.803418803418804;25.0;25.0;0;0
293.114;0.0;0.0;0.0;22.58974358974359;22.803418803418804;25.0;25.0;0;0
293.218;0.0;0.0;0.0;22.58974358974359;22.803418803418804;25.0;25.0;0;0
293.335;0.0;0.0;0.0;22.58974358974359;22.803418803418804;25.0;25.0;0;0
293.441;0.0;0.0;0.0;22.58974358974359;22.803418803418804;25.0;25.0;0;0
293.557;0.0;0.0;0.0;22.58974358974359;22.803418803418804;25.0;25.0;0;0
293.658;0.0;0.0;0.0;22.58974358974359;22.803418803418804;25.0;25.0;0;0
293.758;0.0;0.0;0.0;22.58974358974359;22.803418803418804;25.0;25.0;0;0
293.876;0.0;0.0;0.0;22.58974358974359;22.803418803418804;25.0;25.0;0;0
293.979;0.0;0.0;0.0;22.58974358974359;22.803418803418804;25.0;25.0;0;0
294.095;0.0;0.0;0.0;22.58974358974359;22.803418803418804;25.0;25.0;0;0
294.197;0.0;0.0;0.0;22.58974358974359;22.803418803418804;25.0;25.0;0;0
294.318;0.0;0.0;0.0;22.58974358974359;22.803418803418804;25.0;25.0;0;0
294.432;0.0;0.0;0.0;22.58974358974359;22.803418803418804;25.0;25.0;0;0
294.537;0.0;0.0;0.0;22.58974358974359;22.803418803418804;25.0;25.0;0;0
294.649;0.0;0.0;0.0;22.58974358974359;22.803418803418804;25.0;25.0;0;0
294.758;0.0;0.0;0.0;22.58974358974359;22.803418803418804;25.0;25.0;0;0
294.87;0.0;0.0;0.0;22.58974358974359;22.803418803418804;25.0;25.0;0;0
294.974;0.0;0.0;0.0;22.58974358974359;22.803418803418804;25.0;25.0;0;0
295.09;0.0;0.0;0.0;22.58974358974359;22.803418803418804;25.0;25.0;0;0
295.19;0.0;0.0;0.0;22.58974358974359;22.752136752136753;25.0;25.0;0;0
295.306;0.0;0.0;0.0;22.58974358974359;22.752136752136753;25.0;25.0;0;0
295.407;0.0;0.0;0.0;22.58974358974359;22.752136752136753;25.0;25.0;0;0
295.51;0.0;0.0;0.0;22.58974358974359;22.752136752136753;25.0;25.0;0;0
295.611;0.0;0.0;0.0;22.58974358974359;22.752136752136753;25.0;25.0;0;0
295.731;0.0;0.0;0.0;22.58974358974359;22.752136752136753;25.0;25.0;0;0
295.851;0.0;0.0;0.0;22.58974358974359;22.752136752136753;25.0;25.0;0;0
295.966;0.0;0.0;0.0;22.58974358974359;22.752136752136753;25.0;25.0;0;0
296.073;0.0;0.0;0.0;22.58974358974359;22.752136752136753;25.0;25.0;0;0
296.185;0.0;0.0;0.0;22.58974358974359;22.803418803418804;25.0;25.0;0;0
296.292;0.0;0.0;0.0;22.58974358974359;22.803418803418804;25.0;25.0;0;0
296.404;0.0;0.0;0.0;22.58974358974359;22.803418803418804;25.0;25.0;0;0
296.513;0.0;0.0;0.0;22.58974358974359;22.803418803418804;25.0;25.0;0;0
296.639;0.0;0.0;0.0;22.58974358974359;22.803418803418804;25.0;25.0;0;0
296.744;0.0;0.0;0.0;22.58974358974359;22.803418803418804;25.0;25.0;0;0
296.866;0.0;0.0;0.0;22.58974358974359;22.803418803418804;25.0;25.0;0;0
296.972;0.0;0.0;0.0;22.58974358974359;22.803418803418804;25.0;25.0;0;0
297.076;0.0;0.0;0.0;22.58974358974359;22.803418803418804;25.0;25.0;0;0
297.185;0.0;0.0;0.0;22.64957264957265;22.803418803418804;25.0;25.0;0;0
297.3;0.0;0.0;0.0;22.64957264957265;22.803418803418804;25.0;25.0;0;0
297.4;0.0;0.0;0.0;22.64957264957265;22.803418803418804;25.0;25.0;0;0
297.519;0.0;0.0;0.0;22.64957264957265;22.803418803418804;25.0;25.0;0;0
297.622;0.0;0.0;0.0;22.64957264957265;22.803418803418804;25.0;25.0;0;0
297.738;0.0;0.0;0.0;22.64957264957265;22.803418803418804;25.0;25.0;0;0
297.841;0.0;0.0;0.0;22.64957264957265;22.803418803418804;25.0;25.0;0;0
297.952;0.0;0.0;0.0;22.64957264957265;22.803418803418804;25.0;25.0;0;0
298.052;0.0;0.0;0.0;22.64957264957265;22.803418803418804;25.0;25.0;0;0
298.16;0.0;0.0;0.0;22.58974358974359;22.803418803418804;25.0;25.0;0;0
298.28;0.0;0.0;0.0;22.58974358974359;22.803418803418804;25.0;25.0;0;0
298.394;0.0;0.0;0.0;22.58974358974359;22.803418803418804;25.0;25.0;0;0
298.495;0.0;0.0;0.0;22.58974358974359;22.803418803418804;25.0;25.0;0;0
298.598;0.0;0.0;0.0;22.58974358974359;22.803418803418804;25.0;25.0;0;0
298.716;0.0;0.0;0.0;22.58974358974359;22.803418803418804;25.0;25.0;0;0
298.817;0.0;0.0;0.0;22.58974358974359;22.803418803418804;25.0;25.0;0;0
298.935;0.0;0.0;0.0;22.58974358974359;22.803418803418804;25.0;25.0;0;0
299.049;0.0;0.0;0.0;22.58974358974359;22.803418803418804;25.0;25.0;0;0
299.154;0.0;0.0;0.0;22.58974358974359;22.803418803418804;25.0;25.0;0;0
299.273;0.0;0.0;0.0;22.58974358974359;22.803418803418804;25.0;25.0;0;0
299.374;0.0;0.0;0.0;22.58974358974359;22.803418803418804;25.0;25.0;0;0
299.495;0.0;0.0;0.0;22.58974358974359;22.803418803418804;25.0;25.0;0;0
299.596;0.0;0.0;0.0;22.58974358974359;22.803418803418804;25.0;25.0;0;0
299.709;0.0;0.0;0.0;22.58974358974359;22.803418803418804;25.0;25.0;0;0
299.815;0.0;0.0;0.0;22.58974358974359;22.803418803418804;25.0;25.0;0;0
299.927;0.0;0.0;0.0;22.58974358974359;22.803418803418804;25.0;25.0;0;0
300.034;0.0;0.0;0.0;22.58974358974359;22.752136752136753;25.0;25.0;0;0
300.15;0.0;0.0;0.0;22.58974358974359;22.752136752136753;25.0;25.0;0;0
300.251;0.0;0.0;0.0;22.58974358974359;22.752136752136753;25.0;25.0;0;0
300.374;0.0;0.0;0.0;22.58974358974359;22.752136752136753;25.0;25.0;0;0
300.476;0.0;0.0;0.0;22.58974358974359;22.752136752136753;25.0;25.0;0;0
300.583;0.0;0.0;0.0;22.58974358974359;22.752136752136753;25.0;25.0;0;0
300.688;0.0;0.0;0.0;22.58974358974359;22.752136752136753;25.0;25.0;0;0
300.813;0.0;0.0;0.0;22.58974358974359;22.752136752136753;25.0;25.0;0;0
300.92;0.0;0.0;0.0;22.58974358974359;22.752136752136753;25.0;25.0;0;0
301.026;0.0;0.0;0.0;22.58974358974359;22.752136752136753;25.0;25.0;0;0
301.135;0.0;0.0;0.0;22.58974358974359;22.752136752136753;25.0;25.0;0;0
301.247;0.0;0.0;0.0;22.58974358974359;22.752136752136753;25.0;25.0;0;0
301.352;0.0;0.0;0.0;22.58974358974359;22.752136752136753;25.0;25.0;0;0
301.464;0.0;0.0;0.0;22.58974358974359;22.752136752136753;25.0;25.0;0;0
301.574;0.0;0.0;0.0;22.58974358974359;22.752136752136753;25.0;25.0;0;0
301.674;0.0;0.0;0.0;22.58974358974359;22.752136752136753;25.0;25.0;0;0
301.775;0.0;0.0;0.0;22.58974358974359;22.752136752136753;25.0;25.0;0;0
301.881;0.0;0.0;0.0;22.58974358974359;22.752136752136753;25.0;25.0;0;0
301.985;0.0;0.0;0.0;22.58974358974359;22.752136752136753;25.0;25.0;0;0
302.105;0.0;0.0;0.0;22.58974358974359;22.752136752136753;25.0;25.0;0;0
302.216;0.0;0.0;0.0;22.64957264957265;22.803418803418804;25.0;25.0;0;0
302.316;0.0;0.0;0.0;22.64957264957265;22.803418803418804;25.0;25.0;0;0
302.418;0.0;0.0;0.0;22.64957264957265;22.803418803418804;25.0;25.0;0;0
302.529;0.0;0.0;0.0;22.64957264957265;22.803418803418804;25.0;25.0;0;0
302.655;0.0;0.0;0.0;22.64957264957265;22.803418803418804;25.0;25.0;0;0
302.755;0.0;0.0;0.0;22.64957264957265;22.803418803418804;25.0;25.0;0;0
302.858;0.0;0.0;0.0;22.64957264957265;22.803418803418804;25.0;25.0;0;0
302.958;0.0;0.0;0.0;22.64957264957265;22.803418803418804;25.0;25.0;0;0
303.065;0.0;0.0;0.0;22.64957264957265;22.803418803418804;25.0;25.0;0;0
303.181;0.0;0.0;0.0;22.58974358974359;22.803418803418804;25.0;25.0;0;0
303.284;0.0;0.0;0.0;22.58974358974359;22.803418803418804;25.0;25.0;0;0
303.395;0.0;0.0;0.0;22.58974358974359;22.803418803418804;25.0;25.0;0;0
303.512;0.0;0.0;0.0;22.58974358974359;22.803418803418804;25.0;25.0;0;0
303.615;0.0;0.0;0.0;22.58974358974359;22.803418803418804;25.0;25.0;0;0
