Time_Sec;Pos_H;Pos_V;Pos_R;Temp_A;Temp_B;Set_A;Set_B;Stable_A;Stable_B
0.003;0.0;0.0;0.0;22.48717948717949;22.58974358974359;25.0;25.0;0;0
0.104;0.0;0.0;0.0;22.48717948717949;22.58974358974359;25.0;25.0;0;0
0.204;0.0;0.0;0.0;22.48717948717949;22.58974358974359;25.0;25.0;0;0
0.308;0.0;0.0;0.0;22.48717948717949;22.58974358974359;25.0;25.0;0;0
0.408;0.0;0.0;0.0;22.53846153846154;22.58974358974359;25.0;25.0;0;0
0.509;0.0;0.0;0.0;22.53846153846154;22.58974358974359;25.0;25.0;0;0
0.609;0.0;0.0;0.0;22.53846153846154;22.58974358974359;25.0;25.0;0;0
0.719;0.0;0.0;0.0;22.53846153846154;22.58974358974359;25.0;25.0;0;0
0.819;0.0;0.0;0.0;22.53846153846154;22.58974358974359;25.0;25.0;0;0
0.92;0.0;0.0;0.0;22.53846153846154;22.58974358974359;25.0;25.0;0;0
1.02;0.0;0.0;0.0;22.53846153846154;22.58974358974359;25.0;25.0;0;0
1.12;0.0;0.0;0.0;22.53846153846154;22.58974358974359;25.0;25.0;0;0
1.221;0.0;0.0;0.0;22.53846153846154;22.58974358974359;25.0;25.0;0;0
1.321;0.0;0.0;0.0;22.53846153846154;22.58974358974359;25.0;25.0;0;0
1.423;0.0;0.0;0.0;22.48717948717949;22.53846153846154;25.0;25.0;0;0
1.523;0.0;0.0;0.0;22.48717948717949;22.53846153846154;25.0;25.0;0;0
1.623;0.0;0.0;0.0;22.48717948717949;22.53846153846154;25.0;25.0;0;0
1.724;0.0;0.0;0.0;22.48717948717949;22.53846153846154;25.0;25.0;0;0
1.824;0.0;0.0;0.0;22.48717948717949;22.53846153846154;25.0;25.0;0;0
1.929;0.0;0.0;0.0;22.48717948717949;22.53846153846154;25.0;25.0;0;0
2.029;0.0;0.0;0.0;22.48717948717949;22.53846153846154;25.0;25.0;0;0
2.13;0.0;0.0;0.0;22.48717948717949;22.53846153846154;25.0;25.0;0;0
2.23;0.0;0.0;0.0;22.48717948717949;22.53846153846154;25.0;25.0;0;0
2.33;0.0;0.0;0.0;22.48717948717949;22.53846153846154;25.0;25.0;0;0
2.431;0.0;0.0;0.0;22.48717948717949;22.58974358974359;25.0;25.0;0;0
2.531;0.0;0.0;0.0;22.48717948717949;22.58974358974359;25.0;25.0;0;0
2.631;0.0;0.0;0.0;22.48717948717949;22.58974358974359;25.0;25.0;0;0
2.732;0.0;0.0;0.0;22.48717948717949;22.58974358974359;25.0;25.0;0;0
2.832;0.0;0.0;0.0;22.48717948717949;22.58974358974359;25.0;25.0;0;0
2.933;0.0;0.0;0.0;22.48717948717949;22.58974358974359;25.0;25.0;0;0
3.033;0.0;0.0;0.0;22.48717948717949;22.58974358974359;25.0;25.0;0;0
3.134;0.0;0.0;0.0;22.48717948717949;22.58974358974359;25.0;25.0;0;0
3.234;0.0;0.0;0.0;22.48717948717949;22.58974358974359;25.0;25.0;0;0
3.334;0.0;0.0;0.0;22.48717948717949;22.58974358974359;25.0;25.0;0;0
3.435;0.0;0.0;0.0;22.48717948717949;22.58974358974359;25.0;25.0;0;0
3.535;0.0;0.0;0.0;22.48717948717949;22.58974358974359;25.0;25.0;0;0
3.635;0.0;0.0;0.0;22.48717948717949;22.58974358974359;25.0;25.0;0;0
3.736;0.0;0.0;0.0;22.48717948717949;22.58974358974359;25.0;25.0;0;0
3.837;0.0;0.0;0.0;22.48717948717949;22.58974358974359;25.0;25.0;0;0
3.937;0.0;0.0;0.0;22.48717948717949;22.58974358974359;25.0;25.0;0;0
4.038;0.0;0.0;0.0;22.48717948717949;22.58974358974359;25.0;25.0;0;0
4.156;0.0;0.0;0.0;22.48717948717949;22.58974358974359;25.0;25.0;0;0
4.257;0.0;0.0;0.0;22.48717948717949;22.58974358974359;25.0;25.0;0;0
4.357;0.0;0.0;0.0;22.48717948717949;22.58974358974359;25.0;25.0;0;0
4.458;0.0;0.0;0.0;22.48717948717949;22.58974358974359;25.0;25.0;0;0
4.558;0.0;0.0;0.0;22.48717948717949;22.58974358974359;25.0;25.0;0;0
4.659;0.0;0.0;0.0;22.48717948717949;22.58974358974359;25.0;25.0;0;0
4.781;0.0;0.0;0.0;22.48717948717949;22.58974358974359;25.0;25.0;0;0
4.883;0.0;0.0;0.0;22.48717948717949;22.58974358974359;25.0;25.0;0;0
4.986;0.0;0.0;0.0;22.48717948717949;22.58974358974359;25.0;25.0;0;0
5.086;0.0;0.0;0.0;22.48717948717949;22.58974358974359;25.0;25.0;0;0
5.188;0.0;0.0;0.0;22.48717948717949;22.58974358974359;25.0;25.0;0;0
5.29;0.0;0.0;0.0;22.48717948717949;22.58974358974359;25.0;25.0;0;0
5.404;0.0;0.0;0.0;22.48717948717949;22.58974358974359;25.0;25.0;0;0
5.517;0.0;0.0;0.0;22.48717948717949;22.58974358974359;25.0;25.0;0;0
5.618;0.0;0.0;0.0;22.48717948717949;22.58974358974359;25.0;25.0;0;0
5.72;0.0;0.0;0.0;22.48717948717949;22.58974358974359;25.0;25.0;0;0
5.822;0.0;0.0;0.0;22.48717948717949;22.58974358974359;25.0;25.0;0;0
5.922;0.0;0.0;0.0;22.48717948717949;22.58974358974359;25.0;25.0;0;0
6.042;0.0;0.0;0.0;22.48717948717949;22.58974358974359;25.0;25.0;0;0
6.153;0.0;0.0;0.0;22.48717948717949;22.58974358974359;25.0;25.0;0;0
6.254;0.0;0.0;0.0;22.48717948717949;22.58974358974359;25.0;25.0;0;0
6.355;0.0;0.0;0.0;22.48717948717949;22.58974358974359;25.0;25.0;0;0
6.456;0.0;0.0;0.0;22.48717948717949;22.58974358974359;25.0;25.0;0;0
6.558;0.0;0.0;0.0;22.48717948717949;22.58974358974359;25.0;25.0;0;0
6.673;0.0;0.0;0.0;22.48717948717949;22.58974358974359;25.0;25.0;0;0
6.783;0.0;0.0;0.0;22.48717948717949;22.58974358974359;25.0;25.0;0;0
6.9;0.0;0.0;0.0;22.48717948717949;22.58974358974359;25.0;25.0;0;0
7.0;0.0;0.0;0.0;22.48717948717949;22.58974358974359;25.0;25.0;0;0
7.101;0.0;0.0;0.0;22.48717948717949;22.58974358974359;25.0;25.0;0;0
7.202;0.0;0.0;0.0;22.48717948717949;22.58974358974359;25.0;25.0;0;0
7.304;0.0;0.0;0.0;22.48717948717949;22.58974358974359;25.0;25.0;0;0
7.406;0.0;0.0;0.0;22.48717948717949;22.58974358974359;25.0;25.0;0;0
7.507;0.0;0.0;0.0;22.48717948717949;22.58974358974359;25.0;25.0;0;0
7.609;0.0;0.0;0.0;22.48717948717949;22.58974358974359;25.0;25.0;0;0
7.709;0.0;0.0;0.0;22.48717948717949;22.58974358974359;25.0;25.0;0;0
7.81;0.0;0.0;0.0;22.48717948717949;22.58974358974359;25.0;25.0;0;0
7.912;0.0;0.0;0.0;22.48717948717949;22.58974358974359;25.0;25.0;0;0
8.036;0.0;0.0;0.0;22.48717948717949;22.58974358974359;25.0;25.0;0;0
8.154;0.0;0.0;0.0;22.48717948717949;22.58974358974359;25.0;25.0;0;0
8.256;0.0;0.0;0.0;22.48717948717949;22.58974358974359;25.0;25.0;0;0
8.358;0.0;0.0;0.0;22.48717948717949;22.58974358974359;25.0;25.0;0;0
8.459;0.0;0.0;0.0;22.48717948717949;22.58974358974359;25.0;25.0;0;0
8.561;0.0;0.0;0.0;22.48717948717949;22.58974358974359;25.0;25.0;0;0
8.678;0.0;0.0;0.0;22.48717948717949;22.58974358974359;25.0;25.0;0;0
8.783;0.0;0.0;0.0;22.48717948717949;22.58974358974359;25.0;25.0;0;0
8.884;0.0;0.0;0.0;22.48717948717949;22.58974358974359;25.0;25.0;0;0
8.986;0.0;0.0;0.0;22.48717948717949;22.58974358974359;25.0;25.0;0;0
9.087;0.0;0.0;0.0;22.48717948717949;22.58974358974359;25.0;25.0;0;0
9.189;0.0;0.0;0.0;22.48717948717949;22.58974358974359;25.0;25.0;0;0
9.303;0.0;0.0;0.0;22.48717948717949;22.58974358974359;25.0;25.0;0;0
9.428;0.0;0.0;0.0;22.48717948717949;22.58974358974359;25.0;25.0;0;0
9.547;0.0;0.0;0.0;22.48717948717949;22.58974358974359;25.0;25.0;0;0
9.65;0.0;0.0;0.0;22.48717948717949;22.58974358974359;25.0;25.0;0;0
9.752;0.0;0.0;0.0;22.48717948717949;22.58974358974359;25.0;25.0;0;0
9.854;0.0;0.0;0.0;22.48717948717949;22.58974358974359;25.0;25.0;0;0
9.957;0.0;0.0;0.0;22.48717948717949;22.58974358974359;25.0;25.0;0;0
10.068;0.0;0.0;0.0;22.48717948717949;22.58974358974359;25.0;25.0;0;0
10.182;0.0;0.0;0.0;22.48717948717949;22.58974358974359;25.0;25.0;0;0
10.284;0.0;0.0;0.0;22.48717948717949;22.58974358974359;25.0;25.0;0;0
10.386;0.0;0.0;0.0;22.48717948717949;22.58974358974359;25.0;25.0;0;0
10.488;0.0;0.0;0.0;22.48717948717949;22.58974358974359;25.0;25.0;0;0
10.589;0.0;0.0;0.0;22.48717948717949;22.58974358974359;25.0;25.0;0;0
10.695;0.0;0.0;0.0;22.48717948717949;22.58974358974359;25.0;25.0;0;0
10.797;0.0;0.0;0.0;22.48717948717949;22.58974358974359;25.0;25.0;0;0
10.899;0.0;0.0;0.0;22.48717948717949;22.58974358974359;25.0;25.0;0;0
11.0;0.0;0.0;0.0;22.48717948717949;22.58974358974359;25.0;25.0;0;0
11.101;0.0;0.0;0.0;22.48717948717949;22.58974358974359;25.0;25.0;0;0
11.201;0.0;0.0;0.0;22.48717948717949;22.58974358974359;25.0;25.0;0;0
11.304;0.00125;0.0;0.0;22.48717948717949;22.58974358974359;25.0;25.0;0;0
11.424;0.62625;0.0;0.0;22.48717948717949;22.58974358974359;25.0;25.0;0;0
11.526;1.39125;0.0;0.0;22.48717948717949;22.58974358974359;25.0;25.0;0;0
11.626;1.9025;0.0;0.0;22.48717948717949;22.58974358974359;25.0;25.0;0;0
11.727;2.4075;0.0;0.0;22.48717948717949;22.58974358974359;25.0;25.0;0;0
11.827;2.9175;0.0;0.0;22.48717948717949;22.58974358974359;25.0;25.0;0;0
11.932;3.4275;0.0;0.0;22.48717948717949;22.58974358974359;25.0;25.0;0;0
12.036;3.93125;0.0;0.0;22.48717948717949;22.58974358974359;25.0;25.0;0;0
12.152;4.44125;0.0;0.0;22.48717948717949;22.58974358974359;25.0;25.0;0;0
12.253;4.93125;0.0;0.0;22.48717948717949;22.58974358974359;25.0;25.0;0;0
12.354;5.0;0.0;0.0;22.48717948717949;22.58974358974359;25.0;25.0;0;0
12.454;5.0;0.0;0.0;22.48717948717949;22.58974358974359;25.0;25.0;0;0
12.555;5.0;0.0;0.0;22.48717948717949;22.58974358974359;25.0;25.0;0;0
12.656;5.0;0.0;0.0;22.48717948717949;22.58974358974359;25.0;25.0;0;0
12.756;5.0;0.0;0.0;22.48717948717949;22.58974358974359;25.0;25.0;0;0
12.857;5.0;0.0;0.0;22.48717948717949;22.58974358974359;25.0;25.0;0;0
12.957;5.0;0.0;0.0;22.48717948717949;22.58974358974359;25.0;25.0;0;0
13.058;5.0;0.0;0.0;22.48717948717949;22.58974358974359;25.0;25.0;0;0
13.158;5.0;0.0;0.0;22.48717948717949;22.58974358974359;25.0;25.0;0;0
13.266;5.0;0.0;0.0;22.48717948717949;22.58974358974359;25.0;25.0;0;0
13.375;5.0;0.0;0.0;22.48717948717949;22.58974358974359;25.0;25.0;0;0
13.476;5.0;0.0;0.0;22.48717948717949;22.58974358974359;25.0;25.0;0;0
13.576;5.0;0.0;0.0;22.48717948717949;22.58974358974359;25.0;25.0;0;0
13.676;5.0;0.0;0.0;22.48717948717949;22.58974358974359;25.0;25.0;0;0
13.776;5.0;0.0;0.0;22.48717948717949;22.58974358974359;25.0;25.0;0;0
13.877;5.0;0.0;0.0;22.48717948717949;22.58974358974359;25.0;25.0;0;0
13.978;5.0;0.0;0.0;22.48717948717949;22.58974358974359;25.0;25.0;0;0
14.078;5.0;0.0;0.0;22.48717948717949;22.58974358974359;25.0;25.0;0;0
14.178;5.0;0.0;0.0;22.48717948717949;22.58974358974359;25.0;25.0;0;0
14.279;5.0;0.0;0.0;22.48717948717949;22.58974358974359;25.0;25.0;0;0
14.379;4.94875;0.0;0.0;22.48717948717949;22.58974358974359;25.0;25.0;0;0
14.491;4.46875;0.0;0.0;22.48717948717949;22.58974358974359;25.0;25.0;0;0
14.591;3.965;0.0;0.0;22.48717948717949;22.58974358974359;25.0;25.0;0;0
14.692;3.45625;0.0;0.0;22.48717948717949;22.58974358974359;25.0;25.0;0;0
14.792;2.9475;0.0;0.0;22.48717948717949;22.58974358974359;25.0;25.0;0;0
14.892;2.44375;0.0;0.0;22.48717948717949;22.58974358974359;25.0;25.0;0;0
14.997;1.93625;0.0;0.0;22.48717948717949;22.58974358974359;25.0;25.0;0;0
15.099;1.4275;0.0;0.0;22.48717948717949;22.58974358974359;25.0;25.0;0;0
15.2;0.92125;0.0;0.0;22.48717948717949;22.58974358974359;25.0;25.0;0;0
15.3;0.4125;0.0;0.0;22.48717948717949;22.58974358974359;25.0;25.0;0;0
15.401;0.00625;0.0;0.0;22.48717948717949;22.58974358974359;25.0;25.0;0;0
15.501;0.0;0.0;0.0;22.48717948717949;22.58974358974359;25.0;25.0;0;0
15.61;0.0;0.0;0.0;22.48717948717949;22.58974358974359;25.0;25.0;0;0
15.711;0.0;0.0;0.0;22.48717948717949;22.58974358974359;25.0;25.0;0;0
15.811;0.0;0.0;0.0;22.48717948717949;22.58974358974359;25.0;25.0;0;0
15.911;0.0;0.0;0.0;22.48717948717949;22.58974358974359;25.0;25.0;0;0
16.012;0.0;0.0;0.0;22.48717948717949;22.58974358974359;25.0;25.0;0;0
16.13;0.0;0.0;0.0;22.48717948717949;22.58974358974359;25.0;25.0;0;0
16.235;0.0;0.0;0.0;22.48717948717949;22.58974358974359;25.0;25.0;0;0
16.335;0.0;0.0;0.0;22.48717948717949;22.58974358974359;25.0;25.0;0;0
16.436;0.0;0.0;0.0;22.48717948717949;22.58974358974359;25.0;25.0;0;0
16.536;0.0;0.0;0.0;22.48717948717949;22.58974358974359;25.0;25.0;0;0
16.636;0.0;0.0;0.0;22.48717948717949;22.58974358974359;25.0;25.0;0;0
16.738;0.0;0.0;0.0;22.48717948717949;22.58974358974359;25.0;25.0;0;0
16.839;0.0;0.0;0.0;22.48717948717949;22.58974358974359;25.0;25.0;0;0
16.939;0.0;0.0;0.0;22.48717948717949;22.58974358974359;25.0;25.0;0;0
17.039;0.0;0.0;0.0;22.48717948717949;22.58974358974359;25.0;25.0;0;0
17.14;0.0;0.0;0.0;22.48717948717949;22.58974358974359;25.0;25.0;0;0
17.244;0.0;0.0;0.0;22.48717948717949;22.58974358974359;25.0;25.0;0;0
17.344;0.0;0.0;0.0;22.48717948717949;22.58974358974359;25.0;25.0;0;0
17.445;0.0;0.0;0.0;22.48717948717949;22.58974358974359;25.0;25.0;0;0
17.545;0.0925;0.0;0.0;22.48717948717949;22.58974358974359;25.0;25.0;0;0
17.646;0.59625;0.0;0.0;22.48717948717949;22.58974358974359;25.0;25.0;0;0
17.746;1.10625;0.0;0.0;22.48717948717949;22.58974358974359;25.0;25.0;0;0
17.847;1.61125;0.0;0.0;22.48717948717949;22.58974358974359;25.0;25.0;0;0
17.948;2.1225;0.0;0.0;22.48717948717949;22.58974358974359;25.0;25.0;0;0
18.049;2.62875;0.0;0.0;22.48717948717949;22.58974358974359;25.0;25.0;0;0
18.149;3.145;0.0;0.0;22.48717948717949;22.58974358974359;25.0;25.0;0;0
18.249;3.66125;0.0;0.0;22.48717948717949;22.58974358974359;25.0;25.0;0;0
18.35;4.1725;0.0;0.0;22.48717948717949;22.58974358974359;25.0;25.0;0;0
18.464;4.68875;0.0;0.0;22.48717948717949;22.58974358974359;25.0;25.0;0;0
18.569;5.205;0.0;0.0;22.48717948717949;22.58974358974359;25.0;25.0;0;0
18.67;5.715;0.0;0.0;22.48717948717949;22.58974358974359;25.0;25.0;0;0
18.77;6.22875;0.0;0.0;22.48717948717949;22.58974358974359;25.0;25.0;0;0
18.87;6.74375;0.0;0.0;22.48717948717949;22.58974358974359;25.0;25.0;0;0
18.979;7.25375;0.0;0.0;22.48717948717949;22.58974358974359;25.0;25.0;0;0
19.08;8.02625;0.0;0.0;22.48717948717949;22.58974358974359;25.0;25.0;0;0
19.181;8.28375;0.0;0.0;22.48717948717949;22.58974358974359;25.0;25.0;0;0
19.282;8.7925;0.0;0.0;22.48717948717949;22.58974358974359;25.0;25.0;0;0
19.384;9.56625;0.0;0.0;22.48717948717949;22.58974358974359;25.0;25.0;0;0
19.484;10.08125;0.0;0.0;22.48717948717949;22.58974358974359;25.0;25.0;0;0
19.592;10.3375;0.0;0.0;22.48717948717949;22.58974358974359;25.0;25.0;0;0
19.7;11.10125;0.0;0.0;22.48717948717949;22.58974358974359;25.0;25.0;0;0
19.802;11.60625;0.0;0.0;22.48717948717949;22.58974358974359;25.0;25.0;0;0
19.903;12.115;0.0;0.0;22.48717948717949;22.58974358974359;25.0;25.0;0;0
20.004;12.59625;0.0;0.0;22.48717948717949;22.58974358974359;25.0;25.0;0;0
20.104;12.65;0.0;0.0;22.48717948717949;22.58974358974359;25.0;25.0;0;0
20.234;12.65;0.35125;0.0;22.48717948717949;22.58974358974359;25.0;25.0;0;0
20.359;12.65;1.12125;0.0;22.48717948717949;22.58974358974359;25.0;25.0;0;0
20.46;12.65;1.62875;0.0;22.48717948717949;22.58974358974359;25.0;25.0;0;0
20.561;12.65;2.1425;0.0;22.48717948717949;22.58974358974359;25.0;25.0;0;0
20.661;12.65;2.6575;0.0;22.48717948717949;22.58974358974359;25.0;25.0;0;0
20.764;12.65;3.17125;0.0;22.48717948717949;22.58974358974359;25.0;25.0;0;0
20.876;12.65;3.69;0.0;22.48717948717949;22.58974358974359;25.0;25.0;0;0
21.011;12.65;4.46875;0.0;22.48717948717949;22.58974358974359;25.0;25.0;0;0
21.113;12.65;4.98875;0.0;22.48717948717949;22.58974358974359;25.0;25.0;0;0
21.214;12.65;5.50625;0.0;22.48717948717949;22.58974358974359;25.0;25.0;0;0
21.315;12.65;6.01875;0.0;22.48717948717949;22.58974358974359;25.0;25.0;0;0
21.416;12.65;6.53625;0.0;22.48717948717949;22.58974358974359;25.0;25.0;0;0
21.53;12.65;7.0525;0.0;22.48717948717949;22.58974358974359;25.0;25.0;0;0
21.657;12.65;7.56;0.0;22.48717948717949;22.58974358974359;25.0;25.0;0;0
21.759;12.65;8.3275;0.0;22.48717948717949;22.58974358974359;25.0;25.0;0;0
21.861;12.65;8.835;0.0;22.48717948717949;22.58974358974359;25.0;25.0;0;0
21.962;12.65;9.3325;0.0;22.48717948717949;22.58974358974359;25.0;25.0;0;0
22.064;12.65;9.41;0.0;22.48717948717949;22.58974358974359;25.0;25.0;0;0
22.185;12.65;9.41;0.12379301807378065;22.48717948717949;22.58974358974359;25.0;25.0;0;0
22.309;12.65;9.41;0.4951720722951226;22.48717948717949;22.58974358974359;25.0;25.0;0;0
22.415;12.65;9.41;0.7427581084426839;22.48717948717949;22.58974358974359;25.0;25.0;0;0
22.517;12.65;9.41;0.9284476355533549;22.48717948717949;22.58974358974359;25.0;25.0;0;0
22.618;12.65;9.41;0.9903441445902452;22.48717948717949;22.58974358974359;25.0;25.0;0;0
22.719;12.65;9.41;0.9903441445902452;22.48717948717949;22.58974358974359;25.0;25.0;0;0
22.824;12.65;9.41;0.9903441445902452;22.48717948717949;22.58974358974359;25.0;25.0;0;0
22.927;12.65;9.41;0.9903441445902452;22.48717948717949;22.58974358974359;25.0;25.0;0;0
23.027;12.65;9.41;0.9903441445902452;22.48717948717949;22.58974358974359;25.0;25.0;0;0
23.128;12.65;9.41;0.9903441445902452;22.48717948717949;22.58974358974359;25.0;25.0;0;0
23.228;12.65;9.41;0.9903441445902452;22.48717948717949;22.58974358974359;25.0;25.0;0;0
23.329;12.65;9.41;0.9903441445902452;22.48717948717949;22.58974358974359;25.0;25.0;0;0
23.429;12.65;9.41;0.9903441445902452;22.48717948717949;22.64957264957265;25.0;25.0;0;0
23.533;12.65;9.41;0.9903441445902452;22.48717948717949;22.64957264957265;25.0;25.0;0;0
23.634;12.65;9.41;0.9903441445902452;22.48717948717949;22.64957264957265;25.0;25.0;0;0
23.734;12.65;9.41;0.9903441445902452;22.48717948717949;22.64957264957265;25.0;25.0;0;0
23.836;12.65;9.41;0.9903441445902452;22.48717948717949;22.64957264957265;25.0;25.0;0;0
23.936;12.65;9.41;0.9903441445902452;22.48717948717949;22.64957264957265;25.0;25.0;0;0
24.037;12.65;9.41;0.9903441445902452;22.48717948717949;22.64957264957265;25.0;25.0;0;0
24.151;12.65;9.41;0.9903441445902452;22.48717948717949;22.64957264957265;25.0;25.0;0;0
24.255;12.65;9.41;0.9903441445902452;22.48717948717949;22.64957264957265;25.0;25.0;0;0
24.361;12.65;9.41;0.9903441445902452;22.48717948717949;22.58974358974359;25.0;25.0;0;0
24.463;12.65;9.41;0.9903441445902452;22.48717948717949;22.58974358974359;25.0;25.0;0;0
24.565;12.65;9.41;0.9903441445902452;22.48717948717949;22.58974358974359;25.0;25.0;0;0
24.666;12.65;9.41;0.9903441445902452;22.48717948717949;22.58974358974359;25.0;25.0;0;0
24.769;12.65;9.41;0.9903441445902452;22.48717948717949;22.58974358974359;25.0;25.0;0;0
24.871;12.65;9.41;0.9903441445902452;22.48717948717949;22.58974358974359;25.0;25.0;0;0
24.974;12.65;9.41;0.9903441445902452;22.48717948717949;22.58974358974359;25.0;25.0;0;0
25.075;12.65;9.41;0.9903441445902452;22.48717948717949;22.58974358974359;25.0;25.0;0;0
25.176;12.65;9.41;0.9903441445902452;22.48717948717949;22.58974358974359;25.0;25.0;0;0
25.279;12.65;9.41;0.9903441445902452;22.48717948717949;22.58974358974359;25.0;25.0;0;0
25.381;12.65;9.41;0.9903441445902452;22.48717948717949;22.58974358974359;25.0;25.0;0;0
25.484;12.65;9.41;0.9903441445902452;22.48717948717949;22.58974358974359;25.0;25.0;0;0
25.59;12.65;9.41;0.9903441445902452;22.48717948717949;22.58974358974359;25.0;25.0;0;0
25.691;12.65;9.41;0.9903441445902452;22.48717948717949;22.58974358974359;25.0;25.0;0;0
25.794;12.65;9.41;0.9903441445902452;22.48717948717949;22.58974358974359;25.0;25.0;0;0
25.895;12.65;9.41;0.9903441445902452;22.48717948717949;22.58974358974359;25.0;25.0;0;0
25.995;12.65;9.41;0.9903441445902452;22.48717948717949;22.58974358974359;25.0;25.0;0;0
26.097;12.65;9.41;0.9903441445902452;22.48717948717949;22.58974358974359;25.0;25.0;0;0
26.201;12.65;9.41;0.9903441445902452;22.48717948717949;22.58974358974359;25.0;25.0;0;0
26.302;12.65;9.41;0.9903441445902452;22.48717948717949;22.58974358974359;25.0;25.0;0;0
26.404;12.65;9.41;0.9903441445902452;22.48717948717949;22.58974358974359;25.0;25.0;0;0
26.504;12.65;9.41;0.9903441445902452;22.48717948717949;22.58974358974359;25.0;25.0;0;0
26.606;12.65;9.41;0.9903441445902452;22.48717948717949;22.58974358974359;25.0;25.0;0;0
26.708;12.65;9.41;0.9903441445902452;22.48717948717949;22.58974358974359;25.0;25.0;0;0
26.81;12.65;9.41;0.9903441445902452;22.48717948717949;22.58974358974359;25.0;25.0;0;0
26.924;12.65;9.41;0.9903441445902452;22.48717948717949;22.58974358974359;25.0;25.0;0;0
27.025;12.65;9.41;0.9903441445902452;22.48717948717949;22.58974358974359;25.0;25.0;0;0
27.126;12.65;9.41;0.9903441445902452;22.48717948717949;22.58974358974359;25.0;25.0;0;0
27.227;12.65;9.41;0.9903441445902452;22.48717948717949;22.58974358974359;25.0;25.0;0;0
27.327;12.65;9.41;0.9903441445902452;22.48717948717949;22.58974358974359;25.0;25.0;0;0
27.435;12.65;9.41;0.9903441445902452;22.48717948717949;22.58974358974359;25.0;25.0;0;0
27.548;12.65;9.41;0.9903441445902452;22.48717948717949;22.58974358974359;25.0;25.0;0;0
27.649;12.65;9.41;0.9903441445902452;22.48717948717949;22.58974358974359;25.0;25.0;0;0
27.749;12.65;9.41;0.9903441445902452;22.48717948717949;22.58974358974359;25.0;25.0;0;0
27.85;12.65;9.41;0.9903441445902452;22.48717948717949;22.58974358974359;25.0;25.0;0;0
27.95;12.65;9.41;0.9903441445902452;22.48717948717949;22.58974358974359;25.0;25.0;0;0
28.051;12.65;9.41;0.9903441445902452;22.48717948717949;22.58974358974359;25.0;25.0;0;0
28.158;12.65;9.41;0.9903441445902452;22.48717948717949;22.58974358974359;25.0;25.0;0;0
28.258;12.65;9.41;0.9903441445902452;22.48717948717949;22.58974358974359;25.0;25.0;0;0
28.359;12.65;9.41;0.9903441445902452;22.48717948717949;22.58974358974359;25.0;25.0;0;0
28.459;12.65;9.41;0.9903441445902452;22.48717948717949;22.58974358974359;25.0;25.0;0;0
28.56;12.65;9.41;0.9903441445902452;22.48717948717949;22.58974358974359;25.0;25.0;0;0
28.682;12.65;9.41;0.9903441445902452;22.48717948717949;22.58974358974359;25.0;25.0;0;0
28.784;12.65;9.41;0.9903441445902452;22.48717948717949;22.58974358974359;25.0;25.0;0;0
28.884;12.65;9.41;0.9903441445902452;22.48717948717949;22.58974358974359;25.0;25.0;0;0
28.985;12.65;9.41;0.9903441445902452;22.48717948717949;22.58974358974359;25.0;25.0;0;0
29.085;12.65;9.41;0.9903441445902452;22.48717948717949;22.58974358974359;25.0;25.0;0;0
29.186;12.65;9.41;0.9903441445902452;22.48717948717949;22.58974358974359;25.0;25.0;0;0
29.292;12.65;9.41;0.9903441445902452;22.48717948717949;22.58974358974359;25.0;25.0;0;0
29.394;12.65;9.41;0.9903441445902452;22.48717948717949;22.58974358974359;25.0;25.0;0;0
29.494;12.65;9.41;0.9903441445902452;22.48717948717949;22.58974358974359;25.0;25.0;0;0
29.594;12.65;9.41;0.9903441445902452;22.48717948717949;22.58974358974359;25.0;25.0;0;0
29.695;12.65;9.41;0.9903441445902452;22.48717948717949;22.58974358974359;25.0;25.0;0;0
29.795;12.65;9.41;0.9903441445902452;22.48717948717949;22.58974358974359;25.0;25.0;0;0
29.896;12.65;9.41;0.9903441445902452;22.48717948717949;22.58974358974359;25.0;25.0;0;0
29.997;12.65;9.41;0.9903441445902452;22.48717948717949;22.58974358974359;25.0;25.0;0;0
30.097;12.65;9.41;0.9903441445902452;22.48717948717949;22.58974358974359;25.0;25.0;0;0
30.198;12.65;9.41;0.9903441445902452;22.48717948717949;22.58974358974359;25.0;25.0;0;0
30.298;12.65;9.41;0.9903441445902452;22.48717948717949;22.58974358974359;25.0;25.0;0;0
30.413;12.65;9.41;0.9903441445902452;22.48717948717949;22.58974358974359;25.0;25.0;0;0
30.514;12.65;9.41;0.9903441445902452;22.48717948717949;22.58974358974359;25.0;25.0;0;0
30.614;12.65;9.41;0.9903441445902452;22.48717948717949;22.58974358974359;25.0;25.0;0;0
30.714;12.65;9.41;0.9903441445902452;22.48717948717949;22.58974358974359;25.0;25.0;0;0
30.815;12.65;9.41;0.9903441445902452;22.48717948717949;22.58974358974359;25.0;25.0;0;0
30.916;12.65;9.41;0.9903441445902452;22.48717948717949;22.58974358974359;25.0;25.0;0;0
31.031;12.65;9.41;0.9903441445902452;22.48717948717949;22.58974358974359;25.0;25.0;0;0
31.131;12.65;9.41;0.9903441445902452;22.48717948717949;22.58974358974359;25.0;25.0;0;0
31.232;12.65;9.41;0.9903441445902452;22.48717948717949;22.58974358974359;25.0;25.0;0;0
31.332;12.65;9.41;0.9903441445902452;22.48717948717949;22.58974358974359;25.0;25.0;0;0
31.433;12.65;9.41;0.9903441445902452;22.48717948717949;22.58974358974359;25.0;25.0;0;0
31.533;12.65;9.41;0.9903441445902452;22.48717948717949;22.58974358974359;25.0;25.0;0;0
31.645;12.65;9.41;0.9903441445902452;22.48717948717949;22.58974358974359;25.0;25.0;0;0
31.746;12.65;9.41;0.9903441445902452;22.48717948717949;22.58974358974359;25.0;25.0;0;0
31.846;12.65;9.41;0.9903441445902452;22.48717948717949;22.58974358974359;25.0;25.0;0;0
31.946;12.65;9.41;0.9903441445902452;22.48717948717949;22.58974358974359;25.0;25.0;0;0
32.047;12.65;9.41;0.9903441445902452;22.48717948717949;22.58974358974359;25.0;25.0;0;0
32.147;12.65;9.41;0.9903441445902452;22.48717948717949;22.58974358974359;25.0;25.0;0;0
32.251;12.65;9.41;0.9903441445902452;22.48717948717949;22.58974358974359;25.0;25.0;0;0
32.352;12.65;9.41;0.9903441445902452;22.48717948717949;22.58974358974359;25.0;25.0;0;0
32.452;12.65;9.41;0.9903441445902452;22.48717948717949;22.58974358974359;25.0;25.0;0;0
32.553;12.65;9.41;0.9903441445902452;22.48717948717949;22.58974358974359;25.0;25.0;0;0
32.653;12.65;9.41;0.9903441445902452;22.48717948717949;22.58974358974359;25.0;25.0;0;0
32.754;12.65;9.41;0.9903441445902452;22.48717948717949;22.58974358974359;25.0;25.0;0;0
32.854;12.65;9.41;0.9903441445902452;22.48717948717949;22.58974358974359;25.0;25.0;0;0
32.955;12.65;9.41;0.9903441445902452;22.48717948717949;22.58974358974359;25.0;25.0;0;0
33.056;12.65;9.41;0.9903441445902452;22.48717948717949;22.58974358974359;25.0;25.0;0;0
33.156;12.65;9.41;0.9903441445902452;22.48717948717949;22.58974358974359;25.0;25.0;0;0
33.271;12.65;9.41;0.9903441445902452;22.48717948717949;22.58974358974359;25.0;25.0;0;0
33.371;12.65;9.41;0.9903441445902452;22.48717948717949;22.58974358974359;25.0;25.0;0;0
33.471;12.65;9.41;0.9903441445902452;22.48717948717949;22.58974358974359;25.0;25.0;0;0
33.572;12.65;9.41;0.9903441445902452;22.48717948717949;22.58974358974359;25.0;25.0;0;0
33.672;12.65;9.41;0.9903441445902452;22.48717948717949;22.58974358974359;25.0;25.0;0;0
33.773;12.65;9.41;0.9903441445902452;22.48717948717949;22.58974358974359;25.0;25.0;0;0
33.874;12.65;9.41;0.9903441445902452;22.48717948717949;22.58974358974359;25.0;25.0;0;0
33.975;12.65;9.41;0.9903441445902452;22.48717948717949;22.58974358974359;25.0;25.0;0;0
34.075;12.65;9.41;0.9903441445902452;22.48717948717949;22.58974358974359;25.0;25.0;0;0
34.175;12.65;9.41;0.9903441445902452;22.48717948717949;22.58974358974359;25.0;25.0;0;0
34.276;12.65;9.41;0.9903441445902452;22.48717948717949;22.58974358974359;25.0;25.0;0;0
34.411;12.65;9.41;0.9903441445902452;22.48717948717949;22.58974358974359;25.0;25.0;0;0
34.513;12.65;9.41;0.9903441445902452;22.53846153846154;22.58974358974359;25.0;25.0;0;0
34.613;12.65;9.41;0.9903441445902452;22.53846153846154;22.58974358974359;25.0;25.0;0;0
34.716;12.65;9.41;0.9903441445902452;22.53846153846154;22.58974358974359;25.0;25.0;0;0
34.819;12.65;9.41;0.9903441445902452;22.53846153846154;22.58974358974359;25.0;25.0;0;0
34.921;12.65;9.41;0.9903441445902452;22.53846153846154;22.58974358974359;25.0;25.0;0;0
35.026;12.65;9.41;0.9903441445902452;22.53846153846154;22.58974358974359;25.0;25.0;0;0
35.13;12.65;9.41;0.9903441445902452;22.53846153846154;22.58974358974359;25.0;25.0;0;0
35.233;12.65;9.41;0.9903441445902452;22.53846153846154;22.58974358974359;25.0;25.0;0;0
35.335;12.65;9.41;0.9903441445902452;22.53846153846154;22.58974358974359;25.0;25.0;0;0
35.435;12.65;9.41;0.9903441445902452;22.48717948717949;22.58974358974359;25.0;25.0;0;0
35.536;12.65;9.41;0.9903441445902452;22.48717948717949;22.58974358974359;25.0;25.0;0;0
35.637;12.65;9.41;0.9903441445902452;22.48717948717949;22.58974358974359;25.0;25.0;0;0
35.742;12.65;9.41;0.9903441445902452;22.48717948717949;22.58974358974359;25.0;25.0;0;0
35.845;12.65;9.41;0.9903441445902452;22.48717948717949;22.58974358974359;25.0;25.0;0;0
35.947;12.65;9.41;0.9903441445902452;22.48717948717949;22.58974358974359;25.0;25.0;0;0
36.048;12.65;9.41;0.9903441445902452;22.48717948717949;22.58974358974359;25.0;25.0;0;0
36.153;12.65;9.41;0.9903441445902452;22.48717948717949;22.58974358974359;25.0;25.0;0;0
36.257;12.38625;9.41;0.9903441445902452;22.48717948717949;22.58974358974359;25.0;25.0;0;0
36.38;12.13;9.41;0.9903441445902452;22.48717948717949;22.58974358974359;25.0;25.0;0;0
36.488;11.3725;9.41;0.9903441445902452;22.48717948717949;22.58974358974359;25.0;25.0;0;0
36.59;10.61;9.41;0.9903441445902452;22.48717948717949;22.58974358974359;25.0;25.0;0;0
36.692;10.105;9.41;0.9903441445902452;22.48717948717949;22.58974358974359;25.0;25.0;0;0
36.794;9.59125;9.41;0.9903441445902452;22.48717948717949;22.58974358974359;25.0;25.0;0;0
36.898;9.07625;9.41;0.9903441445902452;22.48717948717949;22.58974358974359;25.0;25.0;0;0
37.046;8.82;9.41;0.9903441445902452;22.48717948717949;22.58974358974359;25.0;25.0;0;0
37.147;7.79;9.41;0.9903441445902452;22.48717948717949;22.58974358974359;25.0;25.0;0;0
37.248;7.2825;9.41;0.9903441445902452;22.48717948717949;22.58974358974359;25.0;25.0;0;0
37.349;6.77;9.41;0.9903441445902452;22.48717948717949;22.58974358974359;25.0;25.0;0;0
37.45;6.25625;9.41;0.9903441445902452;22.48717948717949;22.58974358974359;25.0;25.0;0;0
37.551;5.74875;9.41;0.9903441445902452;22.48717948717949;22.58974358974359;25.0;25.0;0;0
37.653;5.4925;9.41;0.9903441445902452;22.48717948717949;22.58974358974359;25.0;25.0;0;0
37.791;4.46625;9.41;0.9903441445902452;22.48717948717949;22.58974358974359;25.0;25.0;0;0
37.893;4.215;9.41;0.9903441445902452;22.48717948717949;22.58974358974359;25.0;25.0;0;0
37.994;3.70125;9.41;0.9903441445902452;22.48717948717949;22.58974358974359;25.0;25.0;0;0
38.096;2.93125;9.41;0.9903441445902452;22.48717948717949;22.58974358974359;25.0;25.0;0;0
38.196;2.42375;9.41;0.9903441445902452;22.48717948717949;22.58974358974359;25.0;25.0;0;0
38.297;2.17;9.41;0.9903441445902452;22.48717948717949;22.58974358974359;25.0;25.0;0;0
38.403;1.6625;9.41;0.9903441445902452;22.48717948717949;22.58974358974359;25.0;25.0;0;0
38.504;0.90125;9.41;0.9903441445902452;22.48717948717949;22.58974358974359;25.0;25.0;0;0
38.604;0.3925;9.41;0.9903441445902452;22.48717948717949;22.58974358974359;25.0;25.0;0;0
38.706;0.005;9.41;0.9903441445902452;22.48717948717949;22.58974358974359;25.0;25.0;0;0
38.808;0.0;9.355;0.9903441445902452;22.48717948717949;22.58974358974359;25.0;25.0;0;0
38.909;0.0;8.87;0.9903441445902452;22.48717948717949;22.58974358974359;25.0;25.0;0;0
39.013;0.0;8.61375;0.9903441445902452;22.48717948717949;22.58974358974359;25.0;25.0;0;0
39.114;0.0;7.8525;0.9903441445902452;22.48717948717949;22.58974358974359;25.0;25.0;0;0
39.216;0.0;7.34125;0.9903441445902452;22.48717948717949;22.58974358974359;25.0;25.0;0;0
39.317;0.0;6.83375;0.9903441445902452;22.48717948717949;22.58974358974359;25.0;25.0;0;0
39.419;0.0;6.3175;0.9903441445902452;22.48717948717949;22.58974358974359;25.0;25.0;0;0
39.519;0.0;5.8;0.9903441445902452;22.48717948717949;22.58974358974359;25.0;25.0;0;0
39.664;0.0;5.54125;0.9903441445902452;22.48717948717949;22.58974358974359;25.0;25.0;0;0
39.772;0.0;4.51125;0.9903441445902452;22.48717948717949;22.58974358974359;25.0;25.0;0;0
39.875;0.0;4.00125;0.9903441445902452;22.48717948717949;22.58974358974359;25.0;25.0;0;0
39.976;0.0;3.485;0.9903441445902452;22.48717948717949;22.58974358974359;25.0;25.0;0;0
40.077;0.0;2.97;0.9903441445902452;22.48717948717949;22.58974358974359;25.0;25.0;0;0
40.178;0.0;2.46;0.9903441445902452;22.48717948717949;22.58974358974359;25.0;25.0;0;0
40.297;0.0;2.20375;0.9903441445902452;22.48717948717949;22.58974358974359;25.0;25.0;0;0
40.4;0.0;1.4375;0.9903441445902452;22.48717948717949;22.58974358974359;25.0;25.0;0;0
40.503;0.0;0.67875;0.9903441445902452;22.48717948717949;22.58974358974359;25.0;25.0;0;0
40.606;0.0;0.16375;0.9903441445902452;22.48717948717949;22.58974358974359;25.0;25.0;0;0
40.708;0.0;0.00875;0.9903441445902452;22.48717948717949;22.58974358974359;25.0;25.0;0;0
40.81;0.0;0.0;0.8665511265164645;22.48717948717949;22.58974358974359;25.0;25.0;0;0
40.928;0.0;0.0;0.6808615994057936;22.48717948717949;22.58974358974359;25.0;25.0;0;0
41.035;0.0;0.0;0.43327556325823224;22.48717948717949;22.58974358974359;25.0;25.0;0;0
41.15;0.0;0.0;0.2475860361475613;22.48717948717949;22.58974358974359;25.0;25.0;0;0
41.251;0.0;0.0;0.061896509036890326;22.48717948717949;22.58974358974359;25.0;25.0;0;0
41.352;0.0;0.0;0.0;22.48717948717949;22.58974358974359;25.0;25.0;0;0
41.455;0.0;0.0;0.0;22.48717948717949;22.58974358974359;25.0;25.0;0;0
41.557;0.0;0.0;0.0;22.48717948717949;22.58974358974359;25.0;25.0;0;0
41.661;0.0;0.0;0.0;22.48717948717949;22.58974358974359;25.0;25.0;0;0
41.762;0.0;0.0;0.0;22.48717948717949;22.58974358974359;25.0;25.0;0;0
41.862;0.0;0.0;0.0;22.48717948717949;22.58974358974359;25.0;25.0;0;0
41.962;0.0;0.0;0.0;22.48717948717949;22.58974358974359;25.0;25.0;0;0
42.063;0.0;0.0;0.0;22.48717948717949;22.58974358974359;25.0;25.0;0;0
42.164;0.0;0.0;0.0;22.48717948717949;22.58974358974359;25.0;25.0;0;0
42.273;0.0;0.0;0.0;22.48717948717949;22.58974358974359;25.0;25.0;0;0
42.376;0.0;0.0;0.0;22.48717948717949;22.58974358974359;25.0;25.0;0;0
42.477;0.0;0.0;0.0;22.48717948717949;22.58974358974359;25.0;25.0;0;0
42.577;0.0;0.0;0.0;22.48717948717949;22.58974358974359;25.0;25.0;0;0
42.678;0.0;0.0;0.0;22.48717948717949;22.58974358974359;25.0;25.0;0;0
42.778;0.0;0.0;0.0;22.48717948717949;22.58974358974359;25.0;25.0;0;0
42.879;0.0;0.0;0.0;22.48717948717949;22.58974358974359;25.0;25.0;0;0
42.982;0.0;0.0;0.0;22.48717948717949;22.58974358974359;25.0;25.0;0;0
43.083;0.0;0.0;0.0;22.48717948717949;22.58974358974359;25.0;25.0;0;0
43.183;0.0;0.0;0.0;22.48717948717949;22.58974358974359;25.0;25.0;0;0
43.283;0.0;0.0;0.0;22.48717948717949;22.58974358974359;25.0;25.0;0;0
43.384;0.0;0.0;0.0;22.48717948717949;22.58974358974359;25.0;25.0;0;0
43.484;0.0;0.0;0.0;22.48717948717949;22.58974358974359;25.0;25.0;0;0
43.586;0.0;0.0;0.0;22.48717948717949;22.58974358974359;25.0;25.0;0;0
43.688;0.0;0.0;0.0;22.48717948717949;22.58974358974359;25.0;25.0;0;0
43.789;0.0;0.0;0.0;22.48717948717949;22.58974358974359;25.0;25.0;0;0
43.889;0.0;0.0;0.0;22.48717948717949;22.58974358974359;25.0;25.0;0;0
43.989;0.0;0.0;0.0;22.48717948717949;22.58974358974359;25.0;25.0;0;0
44.09;0.0;0.0;0.0;22.48717948717949;22.58974358974359;25.0;25.0;0;0
44.19;0.0;0.0;0.0;22.48717948717949;22.58974358974359;25.0;25.0;0;0
44.291;0.0;0.0;0.0;22.48717948717949;22.58974358974359;25.0;25.0;0;0
44.391;0.0;0.0;0.0;22.48717948717949;22.58974358974359;25.0;25.0;0;0
44.492;0.0;0.0;0.0;22.48717948717949;22.58974358974359;25.0;25.0;0;0
44.592;0.0;0.0;0.0;22.48717948717949;22.58974358974359;25.0;25.0;0;0
44.692;0.0;0.0;0.0;22.48717948717949;22.58974358974359;25.0;25.0;0;0
44.795;0.0;0.0;0.0;22.48717948717949;22.58974358974359;25.0;25.0;0;0
44.895;0.0;0.0;0.0;22.48717948717949;22.58974358974359;25.0;25.0;0;0
44.995;0.0;0.0;0.0;22.48717948717949;22.58974358974359;25.0;25.0;0;0
45.096;0.0;0.0;0.0;22.48717948717949;22.58974358974359;25.0;25.0;0;0
45.196;0.0;0.0;0.0;22.48717948717949;22.58974358974359;25.0;25.0;0;0
45.297;0.0;0.0;0.0;22.48717948717949;22.58974358974359;25.0;25.0;0;0
45.397;0.0;0.0;0.0;22.48717948717949;22.58974358974359;25.0;25.0;0;0
45.498;0.0;0.0;0.0;22.48717948717949;22.58974358974359;25.0;25.0;0;0
45.598;0.0;0.0;0.0;22.48717948717949;22.58974358974359;25.0;25.0;0;0
45.698;0.0;0.0;0.0;22.48717948717949;22.58974358974359;25.0;25.0;0;0
45.799;0.0;0.0;0.0;22.48717948717949;22.58974358974359;25.0;25.0;0;0
45.902;0.0;0.0;0.0;22.48717948717949;22.58974358974359;25.0;25.0;0;0
46.002;0.0;0.0;0.0;22.48717948717949;22.58974358974359;25.0;25.0;0;0
46.103;0.0;0.0;0.0;22.48717948717949;22.58974358974359;25.0;25.0;0;0
46.203;0.0;0.0;0.0;22.48717948717949;22.58974358974359;25.0;25.0;0;0
46.304;0.0;0.0;0.0;22.48717948717949;22.58974358974359;25.0;25.0;0;0
46.404;0.0;0.0;0.0;22.48717948717949;22.58974358974359;25.0;25.0;0;0
46.505;0.0;0.0;0.0;22.53846153846154;22.58974358974359;25.0;25.0;0;0
46.605;0.0;0.0;0.0;22.53846153846154;22.58974358974359;25.0;25.0;0;0
46.705;0.0;0.0;0.0;22.53846153846154;22.58974358974359;25.0;25.0;0;0
46.806;0.0;0.0;0.0;22.53846153846154;22.58974358974359;25.0;25.0;0;0
46.906;0.0;0.0;0.0;22.53846153846154;22.58974358974359;25.0;25.0;0;0
47.006;0.0;0.0;0.0;22.53846153846154;22.58974358974359;25.0;25.0;0;0
47.106;0.0;0.0;0.0;22.53846153846154;22.58974358974359;25.0;25.0;0;0
47.207;0.0;0.0;0.0;22.53846153846154;22.58974358974359;25.0;25.0;0;0
47.307;0.0;0.0;0.0;22.53846153846154;22.58974358974359;25.0;25.0;0;0
47.407;0.0;0.0;0.0;22.53846153846154;22.58974358974359;25.0;25.0;0;0
47.519;0.0;0.0;0.0;22.48717948717949;22.58974358974359;25.0;25.0;0;0
47.619;0.0;0.0;0.0;22.48717948717949;22.58974358974359;25.0;25.0;0;0
47.72;0.0;0.0;0.0;22.48717948717949;22.58974358974359;25.0;25.0;0;0
47.82;0.0;0.0;0.0;22.48717948717949;22.58974358974359;25.0;25.0;0;0
47.92;0.0;0.0;0.0;22.48717948717949;22.58974358974359;25.0;25.0;0;0
48.021;0.0;0.0;0.0;22.48717948717949;22.58974358974359;25.0;25.0;0;0
48.126;0.0;0.0;0.0;22.48717948717949;22.58974358974359;25.0;25.0;0;0
48.226;0.0;0.0;0.0;22.48717948717949;22.58974358974359;25.0;25.0;0;0
48.326;0.0;0.0;0.0;22.48717948717949;22.58974358974359;25.0;25.0;0;0
48.427;0.0;0.0;0.0;22.48717948717949;22.58974358974359;25.0;25.0;0;0
48.527;0.0;0.0;0.0;22.53846153846154;22.58974358974359;25.0;25.0;0;0
48.629;0.0;0.0;0.0;22.53846153846154;22.58974358974359;25.0;25.0;0;0
48.73;0.0;0.0;0.0;22.53846153846154;22.58974358974359;25.0;25.0;0;0
48.83;0.0;0.0;0.0;22.53846153846154;22.58974358974359;25.0;25.0;0;0
48.931;0.0;0.0;0.0;22.53846153846154;22.58974358974359;25.0;25.0;0;0
49.031;0.0;0.0;0.0;22.53846153846154;22.58974358974359;25.0;25.0;0;0
49.131;0.0;0.0;0.0;22.53846153846154;22.58974358974359;25.0;25.0;0;0
49.232;0.0;0.0;0.0;22.53846153846154;22.58974358974359;25.0;25.0;0;0
49.332;0.0;0.0;0.0;22.53846153846154;22.58974358974359;25.0;25.0;0;0
49.433;0.0;0.0;0.0;22.53846153846154;22.58974358974359;25.0;25.0;0;0
49.534;0.0;0.0;0.0;22.48717948717949;22.58974358974359;25.0;25.0;0;0
49.634;0.0;0.0;0.0;22.48717948717949;22.58974358974359;25.0;25.0;0;0
49.736;0.0;0.0;0.0;22.48717948717949;22.58974358974359;25.0;25.0;0;0
49.841;0.0;0.0;0.0;22.48717948717949;22.58974358974359;25.0;25.0;0;0
49.941;0.0;0.0;0.0;22.48717948717949;22.58974358974359;25.0;25.0;0;0
50.042;0.0;0.0;0.0;22.48717948717949;22.58974358974359;25.0;25.0;0;0
50.144;0.0;0.0;0.0;22.48717948717949;22.58974358974359;25.0;25.0;0;0
50.246;0.0;0.0;0.0;22.48717948717949;22.58974358974359;25.0;25.0;0;0
50.349;0.0;0.0;0.0;22.48717948717949;22.58974358974359;25.0;25.0;0;0
50.454;0.0;0.0;0.0;22.48717948717949;22.58974358974359;25.0;25.0;0;0
50.557;0.0;0.0;0.0;22.48717948717949;22.58974358974359;25.0;25.0;0;0
50.657;0.0;0.0;0.0;22.48717948717949;22.58974358974359;25.0;25.0;0;0
50.76;0.0;0.0;0.0;22.48717948717949;22.58974358974359;25.0;25.0;0;0
50.86;0.0;0.0;0.0;22.48717948717949;22.58974358974359;25.0;25.0;0;0
50.962;0.0;0.0;0.0;22.48717948717949;22.58974358974359;25.0;25.0;0;0
51.066;0.0;0.0;0.0;22.48717948717949;22.58974358974359;25.0;25.0;0;0
51.184;0.0;0.0;0.0;22.48717948717949;22.58974358974359;25.0;25.0;0;0
51.299;0.0;0.0;0.0;22.48717948717949;22.58974358974359;25.0;25.0;0;0
51.4;0.0;0.0;0.0;22.48717948717949;22.58974358974359;25.0;25.0;0;0
51.502;0.0;0.0;0.0;22.48717948717949;22.58974358974359;25.0;25.0;0;0
51.605;0.0;0.0;0.0;22.48717948717949;22.58974358974359;25.0;25.0;0;0
51.731;0.0;0.0;0.0;22.48717948717949;22.58974358974359;25.0;25.0;0;0
51.842;0.0;0.0;0.0;22.48717948717949;22.58974358974359;25.0;25.0;0;0
51.942;0.0;0.0;0.0;22.48717948717949;22.58974358974359;25.0;25.0;0;0
52.044;0.0;0.0;0.0;22.48717948717949;22.58974358974359;25.0;25.0;0;0
52.145;0.0;0.0;0.0;22.48717948717949;22.58974358974359;25.0;25.0;0;0
52.247;0.0;0.0;0.0;22.48717948717949;22.58974358974359;25.0;25.0;0;0
52.363;0.0;0.0;0.0;22.48717948717949;22.58974358974359;25.0;25.0;0;0
52.466;0.0;0.0;0.0;22.48717948717949;22.58974358974359;25.0;25.0;0;0
52.568;0.0;0.0;0.0;22.48717948717949;22.58974358974359;25.0;25.0;0;0
52.669;0.0;0.0;0.0;22.48717948717949;22.58974358974359;25.0;25.0;0;0
52.769;0.0;0.0;0.0;22.48717948717949;22.58974358974359;25.0;25.0;0;0
52.871;0.0;0.0;0.0;22.48717948717949;22.58974358974359;25.0;25.0;0;0
52.972;0.0;0.0;0.0;22.48717948717949;22.58974358974359;25.0;25.0;0;0
53.073;0.0;0.0;0.0;22.48717948717949;22.58974358974359;25.0;25.0;0;0
53.174;0.0;0.0;0.0;22.48717948717949;22.58974358974359;25.0;25.0;0;0
53.275;0.0;0.0;0.0;22.48717948717949;22.58974358974359;25.0;25.0;0;0
53.375;0.0;0.0;0.0;22.48717948717949;22.58974358974359;25.0;25.0;0;0
53.476;0.0;0.0;0.0;22.48717948717949;22.58974358974359;25.0;25.0;0;0
53.577;0.0;0.0;0.0;22.53846153846154;22.58974358974359;25.0;25.0;0;0
53.681;0.0;0.0;0.0;22.53846153846154;22.58974358974359;25.0;25.0;0;0
53.787;0.0;0.0;0.0;22.53846153846154;22.58974358974359;25.0;25.0;0;0
53.889;0.0;0.0;0.0;22.53846153846154;22.58974358974359;25.0;25.0;0;0
53.992;0.0;0.0;0.0;22.53846153846154;22.58974358974359;25.0;25.0;0;0
54.094;0.0;0.0;0.0;22.53846153846154;22.58974358974359;25.0;25.0;0;0
54.197;0.0;0.0;0.0;22.53846153846154;22.58974358974359;25.0;25.0;0;0
54.299;-0.05375;0.0;0.0;22.53846153846154;22.58974358974359;25.0;25.0;0;0
54.409;-0.53625;0.0;0.0;22.53846153846154;22.58974358974359;25.0;25.0;0;0
54.513;-1.045;0.0;0.0;22.48717948717949;22.58974358974359;25.0;25.0;0;0
54.614;-1.5525;0.0;0.0;22.48717948717949;22.58974358974359;25.0;25.0;0;0
54.718;-2.05625;0.0;0.0;22.48717948717949;22.58974358974359;25.0;25.0;0;0
54.82;-2.56625;0.0;0.0;22.48717948717949;22.58974358974359;25.0;25.0;0;0
54.922;-3.08;0.0;0.0;22.48717948717949;22.58974358974359;25.0;25.0;0;0
55.038;-3.3375;0.0;0.0;22.48717948717949;22.58974358974359;25.0;25.0;0;0
55.153;-4.10375;0.0;0.0;22.48717948717949;22.58974358974359;25.0;25.0;0;0
55.256;-4.87625;0.0;0.0;22.48717948717949;22.58974358974359;25.0;25.0;0;0
55.359;-5.38375;0.0;0.0;22.48717948717949;22.58974358974359;25.0;25.0;0;0
55.461;-5.89625;0.0;0.0;22.48717948717949;22.58974358974359;25.0;25.0;0;0
55.561;-6.41;0.0;0.0;22.48717948717949;22.58974358974359;25.0;25.0;0;0
55.677;-6.66125;0.0;0.0;22.48717948717949;22.58974358974359;25.0;25.0;0;0
55.784;-7.43;0.0;0.0;22.48717948717949;22.58974358974359;25.0;25.0;0;0
55.887;-7.94375;0.0;0.0;22.48717948717949;22.58974358974359;25.0;25.0;0;0
55.989;-8.45625;0.0;0.0;22.48717948717949;22.58974358974359;25.0;25.0;0;0
56.091;-8.97;0.0;0.0;22.48717948717949;22.58974358974359;25.0;25.0;0;0
56.193;-9.4775;0.0;0.0;22.48717948717949;22.58974358974359;25.0;25.0;0;0
56.298;-9.99125;0.0;0.0;22.48717948717949;22.58974358974359;25.0;25.0;0;0
56.408;-10.50375;0.0;0.0;22.48717948717949;22.58974358974359;25.0;25.0;0;0
56.521;-11.265;0.0;0.0;22.48717948717949;22.58974358974359;25.0;25.0;0;0
56.621;-11.77625;0.0;0.0;22.48717948717949;22.58974358974359;25.0;25.0;0;0
56.724;-12.2875;0.0;0.0;22.48717948717949;22.58974358974359;25.0;25.0;0;0
56.824;-12.795;0.0;0.0;22.48717948717949;22.58974358974359;25.0;25.0;0;0
56.929;-13.30625;0.0;0.0;22.48717948717949;22.58974358974359;25.0;25.0;0;0
57.042;-13.8175;0.0;0.0;22.48717948717949;22.58974358974359;25.0;25.0;0;0
57.144;-14.32375;0.0;0.0;22.48717948717949;22.58974358974359;25.0;25.0;0;0
57.244;-14.83625;0.0;0.0;22.48717948717949;22.58974358974359;25.0;25.0;0;0
57.345;-15.3425;0.0;0.0;22.48717948717949;22.58974358974359;25.0;25.0;0;0
57.446;-15.85375;0.0;0.0;22.48717948717949;22.58974358974359;25.0;25.0;0;0
57.546;-16.36625;0.0;0.0;22.48717948717949;22.58974358974359;25.0;25.0;0;0
57.655;-16.8725;0.0;0.0;22.48717948717949;22.58974358974359;25.0;25.0;0;0
57.772;-17.64;0.0;0.0;22.48717948717949;22.58974358974359;25.0;25.0;0;0
57.873;-18.1525;0.0;0.0;22.48717948717949;22.58974358974359;25.0;25.0;0;0
57.973;-18.65875;0.0;0.0;22.48717948717949;22.58974358974359;25.0;25.0;0;0
58.074;-19.17125;0.0;0.0;22.48717948717949;22.58974358974359;25.0;25.0;0;0
58.174;-19.68375;0.0;0.0;22.48717948717949;22.58974358974359;25.0;25.0;0;0
58.281;-19.935;0.0;0.0;22.48717948717949;22.58974358974359;25.0;25.0;0;0
58.398;-20.70375;0.0;0.0;22.48717948717949;22.58974358974359;25.0;25.0;0;0
58.499;-21.22;0.0;0.0;22.48717948717949;22.58974358974359;25.0;25.0;0;0
58.599;-21.73125;0.0;0.0;22.48717948717949;22.58974358974359;25.0;25.0;0;0
58.699;-22.24875;0.0;0.0;22.48717948717949;22.58974358974359;25.0;25.0;0;0
58.8;-22.76625;0.0;0.0;22.48717948717949;22.58974358974359;25.0;25.0;0;0
58.901;-23.2825;0.0;0.0;22.48717948717949;22.58974358974359;25.0;25.0;0;0
59.004;-23.79875;0.0;0.0;22.48717948717949;22.58974358974359;25.0;25.0;0;0
59.105;-24.31125;0.0;0.0;22.48717948717949;22.58974358974359;25.0;25.0;0;0
59.206;-24.8275;0.0;0.0;22.48717948717949;22.58974358974359;25.0;25.0;0;0
59.307;-25.345;0.0;0.0;22.48717948717949;22.58974358974359;25.0;25.0;0;0
59.412;-25.8575;0.0;0.0;22.48717948717949;22.58974358974359;25.0;25.0;0;0
59.513;-26.63375;0.0;0.0;22.48717948717949;22.58974358974359;25.0;25.0;0;0
59.613;-26.89125;0.0;0.0;22.48717948717949;22.58974358974359;25.0;25.0;0;0
59.716;-27.4025;0.0;0.0;22.48717948717949;22.58974358974359;25.0;25.0;0;0
59.822;-27.92;0.0;0.0;22.48717948717949;22.58974358974359;25.0;25.0;0;0
59.928;-28.4375;0.0;0.0;22.48717948717949;22.58974358974359;25.0;25.0;0;0
60.037;-29.2075;0.0;0.0;22.48717948717949;22.58974358974359;25.0;25.0;0;0
60.152;-29.72375;0.0;0.0;22.48717948717949;22.58974358974359;25.0;25.0;0;0
60.258;-30.24125;0.0;0.0;22.48717948717949;22.58974358974359;25.0;25.0;0;0
60.37;-30.75875;0.0;0.0;22.48717948717949;22.58974358974359;25.0;25.0;0;0
60.48;-31.27625;0.0;0.0;22.48717948717949;22.58974358974359;25.0;25.0;0;0
60.592;-32.0475;0.0;0.0;22.48717948717949;22.58974358974359;25.0;25.0;0;0
60.695;-32.56375;0.0;0.0;22.48717948717949;22.58974358974359;25.0;25.0;0;0
60.797;-32.8225;0.0;0.0;22.48717948717949;22.58974358974359;25.0;25.0;0;0
60.908;-33.59375;0.0;0.0;22.48717948717949;22.58974358974359;25.0;25.0;0;0
61.019;-34.11;0.0;0.0;22.48717948717949;22.58974358974359;25.0;25.0;0;0
61.136;-34.6275;0.0;0.0;22.48717948717949;22.58974358974359;25.0;25.0;0;0
61.242;-35.14;0.0;0.0;22.48717948717949;22.58974358974359;25.0;25.0;0;0
61.351;-35.90875;0.0;0.0;22.48717948717949;22.58974358974359;25.0;25.0;0;0
61.462;-36.41125;0.0;0.0;22.48717948717949;22.58974358974359;25.0;25.0;0;0
61.572;-36.91875;0.0;0.0;22.48717948717949;22.58974358974359;25.0;25.0;0;0
61.683;-37.42625;0.0;0.0;22.48717948717949;22.58974358974359;25.0;25.0;0;0
61.793;-37.90625;0.0;0.0;22.48717948717949;22.58974358974359;25.0;25.0;0;0
61.897;-37.97;-0.16;0.0;22.48717948717949;22.58974358974359;25.0;25.0;0;0
62.001;-37.97;-0.67;0.0;22.48717948717949;22.58974358974359;25.0;25.0;0;0
62.109;-37.97;-1.18125;0.0;22.48717948717949;22.58974358974359;25.0;25.0;0;0
62.223;-37.97;-1.6925;0.0;22.48717948717949;22.58974358974359;25.0;25.0;0;0
62.331;-37.97;-2.19875;0.0;22.48717948717949;22.58974358974359;25.0;25.0;0;0
62.442;-37.97;-2.7125;0.0;22.48717948717949;22.58974358974359;25.0;25.0;0;0
62.552;-37.97;-3.48875;0.0;22.53846153846154;22.58974358974359;25.0;25.0;0;0
62.664;-37.97;-4.0;0.0;22.53846153846154;22.58974358974359;25.0;25.0;0;0
62.775;-37.97;-4.5175;0.0;22.53846153846154;22.58974358974359;25.0;25.0;0;0
62.893;-37.97;-5.2875;0.0;22.53846153846154;22.58974358974359;25.0;25.0;0;0
62.997;-37.97;-5.54625;0.0;22.53846153846154;22.58974358974359;25.0;25.0;0;0
63.127;-37.97;-6.31875;0.0;22.53846153846154;22.58974358974359;25.0;25.0;0;0
63.228;-37.97;-7.0925;0.0;22.53846153846154;22.58974358974359;25.0;25.0;0;0
63.33;-37.97;-7.35125;0.0;22.53846153846154;22.58974358974359;25.0;25.0;0;0
63.434;-37.97;-7.86625;0.0;22.53846153846154;22.58974358974359;25.0;25.0;0;0
63.557;-37.97;-8.3775;0.0;22.53846153846154;22.58974358974359;25.0;25.0;0;0
63.658;-37.97;-9.15125;0.0;22.48717948717949;22.58974358974359;25.0;25.0;0;0
63.761;-37.97;-9.6625;0.0;22.48717948717949;22.58974358974359;25.0;25.0;0;0
63.873;-37.97;-10.17875;0.0;22.48717948717949;22.58974358974359;25.0;25.0;0;0
63.978;-37.97;-10.6925;0.0;22.48717948717949;22.58974358974359;25.0;25.0;0;0
64.097;-37.97;-11.20125;0.0;22.48717948717949;22.58974358974359;25.0;25.0;0;0
64.215;-37.97;-11.9725;0.0;22.48717948717949;22.58974358974359;25.0;25.0;0;0
64.321;-37.97;-12.23;0.0;22.48717948717949;22.58974358974359;25.0;25.0;0;0
64.425;-37.97;-12.99625;0.0;22.48717948717949;22.58974358974359;25.0;25.0;0;0
64.551;-37.97;-13.51125;0.0;22.48717948717949;22.58974358974359;25.0;25.0;0;0
64.653;-37.97;-14.2825;0.0;22.48717948717949;22.58974358974359;25.0;25.0;0;0
64.767;-37.97;-14.54;0.0;22.48717948717949;22.58974358974359;25.0;25.0;0;0
64.868;-37.97;-15.31125;0.0;22.48717948717949;22.58974358974359;25.0;25.0;0;0
64.997;-37.97;-15.82125;0.0;22.48717948717949;22.58974358974359;25.0;25.0;0;0
65.099;-37.97;-16.5925;0.0;22.48717948717949;22.58974358974359;25.0;25.0;0;0
65.209;-37.97;-16.85;0.0;22.48717948717949;22.58974358974359;25.0;25.0;0;0
65.318;-37.97;-17.61625;0.0;22.48717948717949;22.58974358974359;25.0;25.0;0;0
65.43;-37.97;-17.87375;0.0;22.48717948717949;22.58974358974359;25.0;25.0;0;0
65.537;-37.97;-18.64125;0.0;22.48717948717949;22.58974358974359;25.0;25.0;0;0
65.644;-37.97;-19.15625;0.0;22.48717948717949;22.58974358974359;25.0;25.0;0;0
65.76;-37.97;-19.92875;0.0;22.48717948717949;22.58974358974359;25.0;25.0;0;0
65.867;-37.97;-20.18125;0.0;22.48717948717949;22.58974358974359;25.0;25.0;0;0
65.969;-37.97;-20.95625;0.0;22.48717948717949;22.58974358974359;25.0;25.0;0;0
66.088;-37.97;-21.47;0.0;22.48717948717949;22.58974358974359;25.0;25.0;0;0
66.191;-37.97;-22.25;0.0;22.48717948717949;22.58974358974359;25.0;25.0;0;0
66.309;-37.97;-22.51;0.0;22.48717948717949;22.58974358974359;25.0;25.0;0;0
66.41;-37.97;-23.28375;0.0;22.48717948717949;22.58974358974359;25.0;25.0;0;0
66.531;-37.97;-23.54375;0.0;22.48717948717949;22.58974358974359;25.0;25.0;0;0
66.637;-37.97;-24.57875;0.0;22.48717948717949;22.58974358974359;25.0;25.0;0;0
66.747;-37.97;-24.57875;0.0;22.48717948717949;22.58974358974359;25.0;25.0;0;0
66.854;-37.97;-25.61875;0.0;22.48717948717949;22.58974358974359;25.0;25.0;0;0
66.966;-37.97;-25.87875;0.0;22.48717948717949;22.58974358974359;25.0;25.0;0;0
67.071;-37.97;-26.65375;0.0;22.48717948717949;22.58974358974359;25.0;25.0;0;0
67.185;-37.97;-27.1725;0.0;22.48717948717949;22.58974358974359;25.0;25.0;0;0
67.286;-37.97;-27.6875;0.0;22.48717948717949;22.58974358974359;25.0;25.0;0;0
67.402;-37.97;-28.2075;0.0;22.48717948717949;22.58974358974359;25.0;25.0;0;0
67.504;-37.97;-28.9825;0.0;22.48717948717949;22.58974358974359;25.0;25.0;0;0
67.627;-37.97;-29.2375;0.0;22.53846153846154;22.58974358974359;25.0;25.0;0;0
67.732;-37.97;-30.00375;0.0;22.53846153846154;22.58974358974359;25.0;25.0;0;0
67.839;-37.97;-30.25875;0.0;22.53846153846154;22.58974358974359;25.0;25.0;0;0
67.947;-37.97;-31.2075;0.0;22.53846153846154;22.58974358974359;25.0;25.0;0;0
68.058;-37.97;-31.2075;0.0;22.53846153846154;22.58974358974359;25.0;25.0;0;0
68.17;-37.97;-31.23;0.12379301807378065;22.53846153846154;22.58974358974359;25.0;25.0;0;0
68.275;-37.97;-31.23;0.2475860361475613;22.53846153846154;22.58974358974359;25.0;25.0;0;0
68.379;-37.97;-31.23;0.5570685813320129;22.53846153846154;22.58974358974359;25.0;25.0;0;0
68.504;-37.97;-31.23;0.6189650903689032;22.53846153846154;22.58974358974359;25.0;25.0;0;0
68.609;-37.97;-31.23;1.0522406536271356;22.53846153846154;22.58974358974359;25.0;25.0;0;0
68.718;-37.97;-31.23;1.1141371626640257;22.53846153846154;22.58974358974359;25.0;25.0;0;0
68.83;-37.97;-31.23;1.4236197078484774;22.53846153846154;22.58974358974359;25.0;25.0;0;0
68.937;-37.97;-31.23;1.547412725922258;22.53846153846154;22.58974358974359;25.0;25.0;0;0
69.04;-37.97;-31.23;1.8568952711067097;22.53846153846154;22.58974358974359;25.0;25.0;0;0
69.157;-37.97;-31.23;1.9806882891804904;22.53846153846154;22.58974358974359;25.0;25.0;0;0
69.292;-37.97;-31.23;1.9806882891804904;22.53846153846154;22.58974358974359;25.0;25.0;0;0
69.402;-37.97;-31.23;1.9806882891804904;22.53846153846154;22.58974358974359;25.0;25.0;0;0
69.505;-37.97;-31.23;1.9806882891804904;22.53846153846154;22.58974358974359;25.0;25.0;0;0
69.611;-37.97;-31.23;1.9806882891804904;22.48717948717949;22.58974358974359;25.0;25.0;0;0
69.715;-37.97;-31.23;1.9806882891804904;22.48717948717949;22.58974358974359;25.0;25.0;0;0
69.835;-37.97;-31.23;1.9806882891804904;22.48717948717949;22.58974358974359;25.0;25.0;0;0
69.939;-37.97;-31.23;1.9806882891804904;22.48717948717949;22.58974358974359;25.0;25.0;0;0
70.059;-37.97;-31.23;1.9806882891804904;22.48717948717949;22.58974358974359;25.0;25.0;0;0
70.162;-37.97;-31.23;1.9806882891804904;22.48717948717949;22.58974358974359;25.0;25.0;0;0
70.274;-37.97;-31.23;1.9806882891804904;22.48717948717949;22.58974358974359;25.0;25.0;0;0
70.384;-37.97;-31.23;1.9806882891804904;22.48717948717949;22.58974358974359;25.0;25.0;0;0
70.503;-37.97;-31.23;1.9806882891804904;22.48717948717949;22.58974358974359;25.0;25.0;0;0
70.606;-37.97;-31.23;1.9806882891804904;22.53846153846154;22.58974358974359;25.0;25.0;0;0
70.708;-37.97;-31.23;1.9806882891804904;22.53846153846154;22.58974358974359;25.0;25.0;0;0
70.811;-37.97;-31.23;1.9806882891804904;22.53846153846154;22.58974358974359;25.0;25.0;0;0
70.938;-37.97;-31.23;1.9806882891804904;22.53846153846154;22.58974358974359;25.0;25.0;0;0
71.047;-37.97;-31.23;1.9806882891804904;22.53846153846154;22.58974358974359;25.0;25.0;0;0
71.15;-37.97;-31.23;1.9806882891804904;22.53846153846154;22.58974358974359;25.0;25.0;0;0
71.253;-37.97;-31.23;1.9806882891804904;22.53846153846154;22.58974358974359;25.0;25.0;0;0
71.364;-37.97;-31.23;1.9806882891804904;22.53846153846154;22.58974358974359;25.0;25.0;0;0
71.482;-37.97;-31.23;1.9806882891804904;22.53846153846154;22.58974358974359;25.0;25.0;0;0
71.599;-37.97;-31.23;1.9806882891804904;22.48717948717949;22.58974358974359;25.0;25.0;0;0
71.723;-37.97;-31.23;1.9806882891804904;22.48717948717949;22.58974358974359;25.0;25.0;0;0
71.826;-37.97;-31.23;1.9806882891804904;22.48717948717949;22.58974358974359;25.0;25.0;0;0
71.928;-37.97;-31.23;1.9806882891804904;22.48717948717949;22.58974358974359;25.0;25.0;0;0
72.031;-37.97;-31.23;1.9806882891804904;22.48717948717949;22.58974358974359;25.0;25.0;0;0
72.133;-37.97;-31.23;1.9806882891804904;22.48717948717949;22.58974358974359;25.0;25.0;0;0
72.238;-37.97;-31.23;1.9806882891804904;22.48717948717949;22.58974358974359;25.0;25.0;0;0
72.347;-37.97;-31.23;1.9806882891804904;22.48717948717949;22.58974358974359;25.0;25.0;0;0
72.458;-37.97;-31.23;1.9806882891804904;22.48717948717949;22.58974358974359;25.0;25.0;0;0
72.567;-37.97;-31.23;1.9806882891804904;22.48717948717949;22.58974358974359;25.0;25.0;0;0
72.676;-37.97;-31.23;1.9806882891804904;22.48717948717949;22.58974358974359;25.0;25.0;0;0
72.795;-37.97;-31.23;1.9806882891804904;22.48717948717949;22.58974358974359;25.0;25.0;0;0
72.896;-37.97;-31.23;1.9806882891804904;22.48717948717949;22.58974358974359;25.0;25.0;0;0
73.007;-37.97;-31.23;1.9806882891804904;22.48717948717949;22.58974358974359;25.0;25.0;0;0
73.122;-37.97;-31.23;1.9806882891804904;22.48717948717949;22.58974358974359;25.0;25.0;0;0
73.231;-37.97;-31.23;1.9806882891804904;22.48717948717949;22.58974358974359;25.0;25.0;0;0
73.333;-37.97;-31.23;1.9806882891804904;22.48717948717949;22.58974358974359;25.0;25.0;0;0
73.448;-37.97;-31.23;1.9806882891804904;22.48717948717949;22.58974358974359;25.0;25.0;0;0
73.551;-37.97;-31.23;1.9806882891804904;22.48717948717949;22.58974358974359;25.0;25.0;0;0
73.668;-37.97;-31.23;1.9806882891804904;22.48717948717949;22.58974358974359;25.0;25.0;0;0
73.768;-37.97;-31.23;1.9806882891804904;22.48717948717949;22.58974358974359;25.0;25.0;0;0
73.871;-37.97;-31.23;1.9806882891804904;22.48717948717949;22.58974358974359;25.0;25.0;0;0
73.972;-37.97;-31.23;1.9806882891804904;22.48717948717949;22.58974358974359;25.0;25.0;0;0
74.078;-37.97;-31.23;1.9806882891804904;22.48717948717949;22.58974358974359;25.0;25.0;0;0
74.179;-37.97;-31.23;1.9806882891804904;22.48717948717949;22.58974358974359;25.0;25.0;0;0
74.302;-37.97;-31.23;1.9806882891804904;22.48717948717949;22.58974358974359;25.0;25.0;0;0
74.407;-37.97;-31.23;1.9806882891804904;22.48717948717949;22.58974358974359;25.0;25.0;0;0
74.517;-37.97;-31.23;1.9806882891804904;22.48717948717949;22.58974358974359;25.0;25.0;0;0
74.617;-37.97;-31.23;1.9806882891804904;22.48717948717949;22.58974358974359;25.0;25.0;0;0
74.726;-37.97;-31.23;1.9806882891804904;22.48717948717949;22.58974358974359;25.0;25.0;0;0
74.836;-37.97;-31.23;1.9806882891804904;22.48717948717949;22.58974358974359;25.0;25.0;0;0
74.94;-37.97;-31.23;1.9806882891804904;22.48717948717949;22.58974358974359;25.0;25.0;0;0
75.055;-37.97;-31.23;1.9806882891804904;22.48717948717949;22.58974358974359;25.0;25.0;0;0
75.165;-37.97;-31.23;1.9806882891804904;22.48717948717949;22.58974358974359;25.0;25.0;0;0
75.274;-37.97;-31.23;1.9806882891804904;22.48717948717949;22.58974358974359;25.0;25.0;0;0
75.386;-37.97;-31.23;1.9806882891804904;22.48717948717949;22.58974358974359;25.0;25.0;0;0
75.496;-37.97;-31.23;1.9806882891804904;22.48717948717949;22.58974358974359;25.0;25.0;0;0
75.601;-37.97;-31.23;1.9806882891804904;22.48717948717949;22.58974358974359;25.0;25.0;0;0
75.702;-37.97;-31.23;1.9806882891804904;22.48717948717949;22.58974358974359;25.0;25.0;0;0
75.812;-37.97;-31.23;1.9806882891804904;22.48717948717949;22.58974358974359;25.0;25.0;0;0
75.924;-37.97;-31.23;1.9806882891804904;22.48717948717949;22.58974358974359;25.0;25.0;0;0
76.033;-37.97;-31.23;1.9806882891804904;22.48717948717949;22.58974358974359;25.0;25.0;0;0
76.143;-37.97;-31.23;1.9806882891804904;22.48717948717949;22.58974358974359;25.0;25.0;0;0
76.257;-37.97;-31.23;1.9806882891804904;22.48717948717949;22.58974358974359;25.0;25.0;0;0
76.364;-37.97;-31.23;1.9806882891804904;22.48717948717949;22.58974358974359;25.0;25.0;0;0
76.475;-37.97;-31.23;1.9806882891804904;22.48717948717949;22.58974358974359;25.0;25.0;0;0
76.585;-37.97;-31.23;1.9806882891804904;22.48717948717949;22.58974358974359;25.0;25.0;0;0
76.695;-37.97;-31.23;1.9806882891804904;22.48717948717949;22.58974358974359;25.0;25.0;0;0
76.807;-37.97;-31.23;1.9806882891804904;22.48717948717949;22.58974358974359;25.0;25.0;0;0
76.92;-37.97;-31.23;1.9806882891804904;22.48717948717949;22.58974358974359;25.0;25.0;0;0
77.021;-37.97;-31.23;1.9806882891804904;22.48717948717949;22.58974358974359;25.0;25.0;0;0
77.124;-37.97;-31.23;1.9806882891804904;22.48717948717949;22.58974358974359;25.0;25.0;0;0
77.237;-37.97;-31.23;1.9806882891804904;22.48717948717949;22.58974358974359;25.0;25.0;0;0
77.345;-37.97;-31.23;1.9806882891804904;22.48717948717949;22.58974358974359;25.0;25.0;0;0
77.455;-37.97;-31.23;1.9806882891804904;22.48717948717949;22.58974358974359;25.0;25.0;0;0
77.565;-37.97;-31.23;1.9806882891804904;22.48717948717949;22.58974358974359;25.0;25.0;0;0
77.677;-37.97;-31.23;1.9806882891804904;22.48717948717949;22.58974358974359;25.0;25.0;0;0
77.787;-37.97;-31.23;1.9806882891804904;22.48717948717949;22.58974358974359;25.0;25.0;0;0
77.899;-37.97;-31.23;1.9806882891804904;22.48717948717949;22.58974358974359;25.0;25.0;0;0
78.018;-37.97;-31.23;1.9806882891804904;22.48717948717949;22.58974358974359;25.0;25.0;0;0
78.121;-37.97;-31.23;1.9806882891804904;22.48717948717949;22.58974358974359;25.0;25.0;0;0
78.222;-37.97;-31.23;1.9806882891804904;22.48717948717949;22.58974358974359;25.0;25.0;0;0
78.326;-37.97;-31.23;1.9806882891804904;22.48717948717949;22.58974358974359;25.0;25.0;0;0
78.439;-37.97;-31.23;1.9806882891804904;22.48717948717949;22.58974358974359;25.0;25.0;0;0
78.548;-37.97;-31.23;1.9806882891804904;22.48717948717949;22.58974358974359;25.0;25.0;0;0
78.659;-37.97;-31.23;1.9806882891804904;22.48717948717949;22.64957264957265;25.0;25.0;0;0
78.769;-37.97;-31.23;1.9806882891804904;22.48717948717949;22.64957264957265;25.0;25.0;0;0
78.886;-37.97;-31.23;1.9806882891804904;22.48717948717949;22.64957264957265;25.0;25.0;0;0
78.992;-37.97;-31.23;1.9806882891804904;22.48717948717949;22.64957264957265;25.0;25.0;0;0
79.11;-37.97;-31.23;1.9806882891804904;22.48717948717949;22.64957264957265;25.0;25.0;0;0
79.217;-37.97;-31.23;1.9806882891804904;22.48717948717949;22.64957264957265;25.0;25.0;0;0
79.321;-37.97;-31.23;1.9806882891804904;22.48717948717949;22.64957264957265;25.0;25.0;0;0
79.43;-37.97;-31.23;1.9806882891804904;22.48717948717949;22.64957264957265;25.0;25.0;0;0
79.534;-37.97;-31.23;1.9806882891804904;22.48717948717949;22.64957264957265;25.0;25.0;0;0
79.666;-37.97;-31.23;1.9806882891804904;22.48717948717949;22.58974358974359;25.0;25.0;0;0
79.798;-37.97;-31.23;1.9806882891804904;22.48717948717949;22.58974358974359;25.0;25.0;0;0
79.91;-37.97;-31.23;1.9806882891804904;22.48717948717949;22.58974358974359;25.0;25.0;0;0
80.012;-37.97;-31.23;1.9806882891804904;22.48717948717949;22.58974358974359;25.0;25.0;0;0
80.129;-37.97;-31.23;1.9806882891804904;22.48717948717949;22.58974358974359;25.0;25.0;0;0
80.234;-37.97;-31.23;1.9806882891804904;22.48717948717949;22.58974358974359;25.0;25.0;0;0
80.347;-37.97;-31.23;1.9806882891804904;22.48717948717949;22.58974358974359;25.0;25.0;0;0
80.45;-37.97;-31.23;1.9806882891804904;22.48717948717949;22.58974358974359;25.0;25.0;0;0
80.57;-37.97;-31.23;1.9806882891804904;22.48717948717949;22.58974358974359;25.0;25.0;0;0
80.678;-37.97;-31.23;1.9806882891804904;22.53846153846154;22.58974358974359;25.0;25.0;0;0
80.78;-37.97;-31.23;1.9806882891804904;22.53846153846154;22.58974358974359;25.0;25.0;0;0
80.884;-37.97;-31.23;1.9806882891804904;22.53846153846154;22.58974358974359;25.0;25.0;0;0
81.001;-37.97;-31.23;1.9806882891804904;22.53846153846154;22.58974358974359;25.0;25.0;0;0
81.113;-37.97;-31.23;1.9806882891804904;22.53846153846154;22.58974358974359;25.0;25.0;0;0
81.226;-37.97;-31.23;1.9806882891804904;22.53846153846154;22.58974358974359;25.0;25.0;0;0
81.327;-37.97;-31.23;1.9806882891804904;22.53846153846154;22.58974358974359;25.0;25.0;0;0
81.45;-37.97;-31.23;1.9806882891804904;22.53846153846154;22.58974358974359;25.0;25.0;0;0
81.552;-37.97;-31.23;1.9806882891804904;22.53846153846154;22.58974358974359;25.0;25.0;0;0
81.671;-37.97;-31.23;1.9806882891804904;22.48717948717949;22.58974358974359;25.0;25.0;0;0
81.777;-37.97;-31.23;1.9806882891804904;22.48717948717949;22.58974358974359;25.0;25.0;0;0
81.886;-37.97;-31.23;1.9806882891804904;22.48717948717949;22.58974358974359;25.0;25.0;0;0
81.991;-37.97;-31.23;1.9806882891804904;22.48717948717949;22.58974358974359;25.0;25.0;0;0
82.098;-37.97;-31.23;1.9806882891804904;22.48717948717949;22.58974358974359;25.0;25.0;0;0
82.21;-37.97;-31.23;1.9806882891804904;22.48717948717949;22.58974358974359;25.0;25.0;0;0
82.315;-37.97;-31.23;1.9806882891804904;22.48717948717949;22.58974358974359;25.0;25.0;0;0
82.418;-37.97;-31.23;1.9806882891804904;22.48717948717949;22.58974358974359;25.0;25.0;0;0
82.537;-37.97;-31.23;1.9806882891804904;22.48717948717949;22.58974358974359;25.0;25.0;0;0
82.653;-37.97;-31.23;1.9806882891804904;22.48717948717949;22.58974358974359;25.0;25.0;0;0
82.762;-37.97;-31.23;1.9806882891804904;22.48717948717949;22.58974358974359;25.0;25.0;0;0
82.864;-37.97;-31.23;1.9806882891804904;22.48717948717949;22.58974358974359;25.0;25.0;0;0
82.979;-37.97;-31.23;1.9806882891804904;22.48717948717949;22.58974358974359;25.0;25.0;0;0
83.08;-37.97;-31.23;1.9806882891804904;22.48717948717949;22.58974358974359;25.0;25.0;0;0
83.204;-37.97;-31.23;1.9806882891804904;22.48717948717949;22.58974358974359;25.0;25.0;0;0
83.311;-37.97;-31.23;1.9806882891804904;22.48717948717949;22.58974358974359;25.0;25.0;0;0
83.415;-37.97;-31.23;1.9806882891804904;22.48717948717949;22.58974358974359;25.0;25.0;0;0
83.528;-37.97;-31.23;1.9806882891804904;22.48717948717949;22.58974358974359;25.0;25.0;0;0
83.635;-37.97;-31.23;1.9806882891804904;22.48717948717949;22.58974358974359;25.0;25.0;0;0
83.748;-37.97;-31.23;1.9806882891804904;22.48717948717949;22.58974358974359;25.0;25.0;0;0
83.852;-37.97;-31.23;1.9806882891804904;22.48717948717949;22.58974358974359;25.0;25.0;0;0
83.955;-37.97;-31.23;1.9806882891804904;22.48717948717949;22.58974358974359;25.0;25.0;0;0
84.059;-37.97;-31.23;1.9806882891804904;22.48717948717949;22.58974358974359;25.0;25.0;0;0
84.191;-37.97;-31.23;1.9806882891804904;22.48717948717949;22.58974358974359;25.0;25.0;0;0
84.294;-37.97;-31.23;1.9806882891804904;22.48717948717949;22.58974358974359;25.0;25.0;0;0
84.407;-37.97;-31.23;1.9806882891804904;22.48717948717949;22.58974358974359;25.0;25.0;0;0
84.512;-37.97;-31.23;1.9806882891804904;22.48717948717949;22.58974358974359;25.0;25.0;0;0
84.616;-37.97;-31.23;1.9806882891804904;22.48717948717949;22.58974358974359;25.0;25.0;0;0
84.729;-37.97;-31.23;1.9806882891804904;22.48717948717949;22.58974358974359;25.0;25.0;0;0
84.844;-37.97;-31.23;1.9806882891804904;22.48717948717949;22.58974358974359;25.0;25.0;0;0
84.956;-37.97;-31.23;1.9806882891804904;22.48717948717949;22.58974358974359;25.0;25.0;0;0
85.061;-37.97;-31.23;1.9806882891804904;22.48717948717949;22.58974358974359;25.0;25.0;0;0
85.171;-37.97;-31.23;1.9806882891804904;22.48717948717949;22.58974358974359;25.0;25.0;0;0
85.278;-37.97;-31.23;1.9806882891804904;22.48717948717949;22.58974358974359;25.0;25.0;0;0
85.396;-37.97;-31.23;1.9806882891804904;22.48717948717949;22.58974358974359;25.0;25.0;0;0
85.5;-37.97;-31.23;1.9806882891804904;22.48717948717949;22.58974358974359;25.0;25.0;0;0
85.61;-37.97;-31.23;1.9806882891804904;22.48717948717949;22.64957264957265;25.0;25.0;0;0
85.713;-37.97;-31.23;1.9806882891804904;22.48717948717949;22.64957264957265;25.0;25.0;0;0
85.833;-37.97;-31.23;1.9806882891804904;22.48717948717949;22.64957264957265;25.0;25.0;0;0
85.939;-37.97;-31.23;1.9806882891804904;22.48717948717949;22.64957264957265;25.0;25.0;0;0
86.048;-37.97;-31.23;1.9806882891804904;22.48717948717949;22.64957264957265;25.0;25.0;0;0
86.164;-37.97;-31.23;1.9806882891804904;22.48717948717949;22.64957264957265;25.0;25.0;0;0
86.278;-37.97;-31.23;1.9806882891804904;22.48717948717949;22.64957264957265;25.0;25.0;0;0
86.385;-37.97;-31.23;1.9806882891804904;22.48717948717949;22.64957264957265;25.0;25.0;0;0
86.493;-37.97;-31.23;1.9806882891804904;22.48717948717949;22.64957264957265;25.0;25.0;0;0
86.598;-37.97;-31.23;1.9806882891804904;22.48717948717949;22.64957264957265;25.0;25.0;0;0
86.706;-37.97;-31.23;1.9806882891804904;22.48717948717949;22.58974358974359;25.0;25.0;0;0
86.814;-37.97;-31.23;1.9806882891804904;22.48717948717949;22.58974358974359;25.0;25.0;0;0
86.929;-37.97;-31.23;1.9806882891804904;22.48717948717949;22.58974358974359;25.0;25.0;0;0
87.035;-37.97;-31.23;1.9806882891804904;22.48717948717949;22.58974358974359;25.0;25.0;0;0
87.162;-37.97;-31.23;1.9806882891804904;22.48717948717949;22.58974358974359;25.0;25.0;0;0
87.263;-37.97;-31.23;1.9806882891804904;22.48717948717949;22.58974358974359;25.0;25.0;0;0
87.366;-37.97;-31.23;1.9806882891804904;22.48717948717949;22.58974358974359;25.0;25.0;0;0
87.471;-37.97;-31.23;1.9806882891804904;22.48717948717949;22.58974358974359;25.0;25.0;0;0
87.586;-37.97;-31.23;1.9806882891804904;22.48717948717949;22.58974358974359;25.0;25.0;0;0
87.69;-37.97;-31.23;1.9806882891804904;22.48717948717949;22.58974358974359;25.0;25.0;0;0
87.813;-37.97;-31.23;1.9806882891804904;22.48717948717949;22.58974358974359;25.0;25.0;0;0
87.92;-37.97;-31.23;1.9806882891804904;22.48717948717949;22.58974358974359;25.0;25.0;0;0
88.027;-37.97;-31.23;1.9806882891804904;22.48717948717949;22.58974358974359;25.0;25.0;0;0
88.138;-37.97;-31.23;1.9806882891804904;22.48717948717949;22.58974358974359;25.0;25.0;0;0
88.247;-37.97;-31.23;1.9806882891804904;22.48717948717949;22.58974358974359;25.0;25.0;0;0
88.354;-37.97;-31.23;1.9806882891804904;22.48717948717949;22.58974358974359;25.0;25.0;0;0
88.469;-37.97;-31.23;1.9806882891804904;22.48717948717949;22.58974358974359;25.0;25.0;0;0
88.57;-37.97;-31.23;1.9806882891804904;22.48717948717949;22.58974358974359;25.0;25.0;0;0
88.684;-37.97;-31.23;1.9806882891804904;22.48717948717949;22.64957264957265;25.0;25.0;0;0
88.796;-37.97;-31.23;1.9806882891804904;22.48717948717949;22.64957264957265;25.0;25.0;0;0
88.918;-37.97;-31.23;1.9806882891804904;22.48717948717949;22.64957264957265;25.0;25.0;0;0
89.031;-37.97;-31.23;1.9806882891804904;22.48717948717949;22.64957264957265;25.0;25.0;0;0
89.133;-37.97;-31.23;1.9806882891804904;22.48717948717949;22.64957264957265;25.0;25.0;0;0
89.234;-37.97;-31.23;1.9806882891804904;22.48717948717949;22.64957264957265;25.0;25.0;0;0
89.335;-37.97;-31.23;1.9806882891804904;22.48717948717949;22.64957264957265;25.0;25.0;0;0
89.439;-37.97;-31.23;1.9806882891804904;22.48717948717949;22.64957264957265;25.0;25.0;0;0
89.552;-37.97;-31.23;1.9806882891804904;22.48717948717949;22.64957264957265;25.0;25.0;0;0
89.661;-37.97;-31.23;1.9806882891804904;22.48717948717949;22.58974358974359;25.0;25.0;0;0
89.771;-37.97;-31.23;1.9806882891804904;22.48717948717949;22.58974358974359;25.0;25.0;0;0
89.885;-37.97;-31.23;1.9806882891804904;22.48717948717949;22.58974358974359;25.0;25.0;0;0
89.992;-37.97;-31.23;1.9806882891804904;22.48717948717949;22.58974358974359;25.0;25.0;0;0
90.103;-37.97;-31.23;1.9806882891804904;22.48717948717949;22.58974358974359;25.0;25.0;0;0
90.213;-37.97;-31.23;1.9806882891804904;22.48717948717949;22.58974358974359;25.0;25.0;0;0
90.314;-37.97;-31.23;1.9806882891804904;22.48717948717949;22.58974358974359;25.0;25.0;0;0
90.421;-37.97;-31.23;1.9806882891804904;22.48717948717949;22.58974358974359;25.0;25.0;0;0
90.533;-37.97;-31.23;1.9806882891804904;22.48717948717949;22.58974358974359;25.0;25.0;0;0
90.641;-37.97;-31.23;1.9806882891804904;22.48717948717949;22.64957264957265;25.0;25.0;0;0
90.753;-37.97;-31.23;1.9806882891804904;22.48717948717949;22.64957264957265;25.0;25.0;0;0
90.862;-37.97;-31.23;1.9806882891804904;22.48717948717949;22.64957264957265;25.0;25.0;0;0
90.974;-37.97;-31.23;1.9806882891804904;22.48717948717949;22.64957264957265;25.0;25.0;0;0
91.084;-37.97;-31.23;1.9806882891804904;22.48717948717949;22.64957264957265;25.0;25.0;0;0
91.195;-37.97;-31.23;1.9806882891804904;22.48717948717949;22.64957264957265;25.0;25.0;0;0
91.313;-37.97;-31.23;1.9806882891804904;22.48717948717949;22.64957264957265;25.0;25.0;0;0
91.418;-37.97;-31.23;1.9806882891804904;22.48717948717949;22.64957264957265;25.0;25.0;0;0
91.528;-37.97;-31.23;1.9806882891804904;22.48717948717949;22.64957264957265;25.0;25.0;0;0
91.64;-37.97;-31.23;1.9806882891804904;22.48717948717949;22.58974358974359;25.0;25.0;0;0
91.749;-37.97;-31.23;1.9806882891804904;22.48717948717949;22.58974358974359;25.0;25.0;0;0
91.861;-37.97;-31.23;1.9806882891804904;22.48717948717949;22.58974358974359;25.0;25.0;0;0
91.973;-37.97;-31.23;1.9806882891804904;22.48717948717949;22.58974358974359;25.0;25.0;0;0
92.084;-37.97;-31.23;1.9806882891804904;22.48717948717949;22.58974358974359;25.0;25.0;0;0
92.194;-37.97;-31.23;1.9806882891804904;22.48717948717949;22.58974358974359;25.0;25.0;0;0
92.305;-37.97;-31.23;1.9806882891804904;22.48717948717949;22.58974358974359;25.0;25.0;0;0
92.414;-37.97;-31.23;1.9806882891804904;22.48717948717949;22.58974358974359;25.0;25.0;0;0
92.524;-37.97;-31.23;1.9806882891804904;22.48717948717949;22.58974358974359;25.0;25.0;0;0
92.636;-37.97;-31.23;1.9806882891804904;22.48717948717949;22.58974358974359;25.0;25.0;0;0
92.748;-37.97;-31.23;1.9806882891804904;22.48717948717949;22.58974358974359;25.0;25.0;0;0
92.858;-37.97;-31.23;1.9806882891804904;22.48717948717949;22.58974358974359;25.0;25.0;0;0
92.967;-37.97;-31.23;1.9806882891804904;22.48717948717949;22.58974358974359;25.0;25.0;0;0
93.082;-37.97;-31.23;1.9806882891804904;22.48717948717949;22.58974358974359;25.0;25.0;0;0
93.193;-37.97;-31.23;1.9806882891804904;22.48717948717949;22.58974358974359;25.0;25.0;0;0
93.3;-37.97;-31.23;1.9806882891804904;22.48717948717949;22.58974358974359;25.0;25.0;0;0
93.412;-37.97;-31.23;1.9806882891804904;22.48717948717949;22.58974358974359;25.0;25.0;0;0
93.521;-37.97;-31.23;1.9806882891804904;22.48717948717949;22.58974358974359;25.0;25.0;0;0
93.632;-37.97;-31.23;1.9806882891804904;22.48717948717949;22.58974358974359;25.0;25.0;0;0
93.743;-37.97;-31.23;1.9806882891804904;22.48717948717949;22.58974358974359;25.0;25.0;0;0
93.855;-37.97;-31.23;1.9806882891804904;22.48717948717949;22.58974358974359;25.0;25.0;0;0
93.964;-37.97;-31.23;1.9806882891804904;22.48717948717949;22.58974358974359;25.0;25.0;0;0
94.074;-37.97;-31.23;1.9806882891804904;22.48717948717949;22.58974358974359;25.0;25.0;0;0
94.189;-37.97;-31.23;1.9806882891804904;22.48717948717949;22.58974358974359;25.0;25.0;0;0
94.296;-37.97;-31.23;1.9806882891804904;22.48717948717949;22.58974358974359;25.0;25.0;0;0
94.421;-37.97;-31.23;1.9806882891804904;22.48717948717949;22.58974358974359;25.0;25.0;0;0
94.545;-37.97;-31.23;1.9806882891804904;22.48717948717949;22.58974358974359;25.0;25.0;0;0
94.655;-37.97;-31.23;1.9806882891804904;22.48717948717949;22.58974358974359;25.0;25.0;0;0
94.765;-37.97;-31.23;1.9806882891804904;22.48717948717949;22.58974358974359;25.0;25.0;0;0
94.876;-37.97;-31.23;1.9806882891804904;22.48717948717949;22.58974358974359;25.0;25.0;0;0
94.995;-37.97;-31.23;1.9806882891804904;22.48717948717949;22.58974358974359;25.0;25.0;0;0
95.101;-37.97;-31.23;1.9806882891804904;22.48717948717949;22.58974358974359;25.0;25.0;0;0
95.21;-37.97;-31.23;1.9806882891804904;22.48717948717949;22.58974358974359;25.0;25.0;0;0
95.314;-37.97;-31.23;1.9806882891804904;22.48717948717949;22.58974358974359;25.0;25.0;0;0
95.419;-37.97;-31.23;1.9806882891804904;22.48717948717949;22.58974358974359;25.0;25.0;0;0
95.534;-37.97;-31.23;1.9806882891804904;22.48717948717949;22.58974358974359;25.0;25.0;0;0
95.65;-37.97;-31.23;1.9806882891804904;22.48717948717949;22.58974358974359;25.0;25.0;0;0
95.756;-37.97;-31.23;1.9806882891804904;22.48717948717949;22.58974358974359;25.0;25.0;0;0
95.859;-37.97;-31.23;1.9806882891804904;22.48717948717949;22.58974358974359;25.0;25.0;0;0
95.975;-37.97;-31.23;1.9806882891804904;22.48717948717949;22.58974358974359;25.0;25.0;0;0
96.087;-37.97;-31.23;1.9806882891804904;22.48717948717949;22.58974358974359;25.0;25.0;0;0
96.196;-37.97;-31.23;1.9806882891804904;22.48717948717949;22.58974358974359;25.0;25.0;0;0
96.301;-37.97;-31.23;1.9806882891804904;22.48717948717949;22.58974358974359;25.0;25.0;0;0
96.414;-37.97;-31.23;1.9806882891804904;22.48717948717949;22.58974358974359;25.0;25.0;0;0
96.518;-37.97;-31.23;1.9806882891804904;22.48717948717949;22.58974358974359;25.0;25.0;0;0
96.638;-37.97;-31.23;1.9806882891804904;22.48717948717949;22.58974358974359;25.0;25.0;0;0
96.744;-37.97;-31.23;1.9806882891804904;22.48717948717949;22.64957264957265;25.0;25.0;0;0
96.855;-37.97;-31.23;1.9806882891804904;22.48717948717949;22.64957264957265;25.0;25.0;0;0
96.958;-37.97;-31.23;1.9806882891804904;22.48717948717949;22.64957264957265;25.0;25.0;0;0
97.074;-37.97;-31.23;1.9806882891804904;22.48717948717949;22.64957264957265;25.0;25.0;0;0
97.186;-37.97;-31.23;1.9806882891804904;22.48717948717949;22.64957264957265;25.0;25.0;0;0
97.294;-37.97;-31.23;1.9806882891804904;22.48717948717949;22.64957264957265;25.0;25.0;0;0
97.394;-37.97;-31.23;1.9806882891804904;22.48717948717949;22.64957264957265;25.0;25.0;0;0
97.525;-37.97;-31.23;1.9806882891804904;22.48717948717949;22.64957264957265;25.0;25.0;0;0
97.63;-37.97;-31.23;1.9806882891804904;22.48717948717949;22.64957264957265;25.0;25.0;0;0
97.734;-37.97;-31.23;1.9806882891804904;22.48717948717949;22.64957264957265;25.0;25.0;0;0
97.849;-37.97;-31.23;1.9806882891804904;22.48717948717949;22.64957264957265;25.0;25.0;0;0
97.951;-37.97;-31.23;1.9806882891804904;22.48717948717949;22.64957264957265;25.0;25.0;0;0
98.065;-37.97;-31.23;1.9806882891804904;22.48717948717949;22.64957264957265;25.0;25.0;0;0
98.17;-37.97;-31.23;1.9806882891804904;22.48717948717949;22.64957264957265;25.0;25.0;0;0
98.279;-37.97;-31.23;1.9806882891804904;22.48717948717949;22.64957264957265;25.0;25.0;0;0
98.394;-37.97;-31.23;1.9806882891804904;22.48717948717949;22.64957264957265;25.0;25.0;0;0
98.503;-37.97;-31.23;1.9806882891804904;22.48717948717949;22.64957264957265;25.0;25.0;0;0
98.621;-37.97;-31.23;1.9806882891804904;22.48717948717949;22.64957264957265;25.0;25.0;0;0
98.722;-37.97;-31.23;1.9806882891804904;22.53846153846154;22.64957264957265;25.0;25.0;0;0
98.833;-37.97;-31.23;1.9806882891804904;22.53846153846154;22.64957264957265;25.0;25.0;0;0
98.955;-37.97;-31.23;1.9806882891804904;22.53846153846154;22.64957264957265;25.0;25.0;0;0
99.058;-37.97;-31.23;1.9806882891804904;22.53846153846154;22.64957264957265;25.0;25.0;0;0
99.16;-37.97;-31.23;1.9806882891804904;22.53846153846154;22.64957264957265;25.0;25.0;0;0
99.27;-37.97;-31.23;1.9806882891804904;22.53846153846154;22.64957264957265;25.0;25.0;0;0
99.376;-37.97;-31.23;1.9806882891804904;22.53846153846154;22.64957264957265;25.0;25.0;0;0
99.488;-37.97;-31.23;1.9806882891804904;22.53846153846154;22.64957264957265;25.0;25.0;0;0
99.591;-37.97;-31.23;1.9806882891804904;22.53846153846154;22.64957264957265;25.0;25.0;0;0
99.709;-37.97;-31.23;1.9806882891804904;22.48717948717949;22.58974358974359;25.0;25.0;0;0
99.82;-37.97;-31.23;1.9806882891804904;22.48717948717949;22.58974358974359;25.0;25.0;0;0
99.93;-37.97;-31.23;1.9806882891804904;22.48717948717949;22.58974358974359;25.0;25.0;0;0
100.032;-37.97;-31.23;1.9806882891804904;22.48717948717949;22.58974358974359;25.0;25.0;0;0
100.145;-37.97;-31.23;1.9806882891804904;22.48717948717949;22.58974358974359;25.0;25.0;0;0
100.254;-37.97;-31.23;1.9806882891804904;22.48717948717949;22.58974358974359;25.0;25.0;0;0
100.361;-37.97;-31.23;1.9806882891804904;22.48717948717949;22.58974358974359;25.0;25.0;0;0
100.465;-37.97;-31.23;1.9806882891804904;22.48717948717949;22.58974358974359;25.0;25.0;0;0
100.583;-37.97;-31.23;1.9806882891804904;22.48717948717949;22.58974358974359;25.0;25.0;0;0
100.695;-37.97;-31.23;1.9806882891804904;22.53846153846154;22.64957264957265;25.0;25.0;0;0
100.799;-37.97;-31.23;1.9806882891804904;22.53846153846154;22.64957264957265;25.0;25.0;0;0
100.91;-37.97;-31.23;1.9806882891804904;22.53846153846154;22.64957264957265;25.0;25.0;0;0
101.033;-37.9525;-31.23;1.9806882891804904;22.53846153846154;22.64957264957265;25.0;25.0;0;0
101.134;-37.26;-31.23;1.9806882891804904;22.53846153846154;22.64957264957265;25.0;25.0;0;0
101.241;-36.75;-31.23;1.9806882891804904;22.53846153846154;22.64957264957265;25.0;25.0;0;0
101.355;-36.24375;-31.23;1.9806882891804904;22.53846153846154;22.64957264957265;25.0;25.0;0;0
101.467;-35.73375;-31.23;1.9806882891804904;22.53846153846154;22.64957264957265;25.0;25.0;0;0
101.57;-34.9675;-31.23;1.9806882891804904;22.48717948717949;22.58974358974359;25.0;25.0;0;0
101.688;-34.70875;-31.23;1.9806882891804904;22.48717948717949;22.58974358974359;25.0;25.0;0;0
101.791;-33.935;-31.23;1.9806882891804904;22.48717948717949;22.58974358974359;25.0;25.0;0;0
101.904;-33.42375;-31.23;1.9806882891804904;22.48717948717949;22.58974358974359;25.0;25.0;0;0
102.016;-32.65;-31.23;1.9806882891804904;22.48717948717949;22.58974358974359;25.0;25.0;0;0
102.122;-32.3925;-31.23;1.9806882891804904;22.48717948717949;22.58974358974359;25.0;25.0;0;0
102.23;-31.62625;-31.23;1.9806882891804904;22.48717948717949;22.58974358974359;25.0;25.0;0;0
102.335;-31.11125;-31.23;1.9806882891804904;22.48717948717949;22.58974358974359;25.0;25.0;0;0
102.444;-30.59625;-31.23;1.9806882891804904;22.48717948717949;22.58974358974359;25.0;25.0;0;0
102.549;-30.08125;-31.23;1.9806882891804904;22.48717948717949;22.58974358974359;25.0;25.0;0;0
102.653;-29.56625;-31.23;1.9806882891804904;22.48717948717949;22.58974358974359;25.0;25.0;0;0
102.763;-29.05625;-31.23;1.9806882891804904;22.48717948717949;22.58974358974359;25.0;25.0;0;0
102.873;-28.54125;-31.23;1.9806882891804904;22.48717948717949;22.58974358974359;25.0;25.0;0;0
102.983;-27.76875;-31.23;1.9806882891804904;22.48717948717949;22.58974358974359;25.0;25.0;0;0
103.094;-27.26125;-31.23;1.9806882891804904;22.48717948717949;22.58974358974359;25.0;25.0;0;0
103.205;-26.7475;-31.23;1.9806882891804904;22.48717948717949;22.58974358974359;25.0;25.0;0;0
103.314;-26.23375;-31.23;1.9806882891804904;22.48717948717949;22.58974358974359;25.0;25.0;0;0
103.43;-25.47;-31.23;1.9806882891804904;22.48717948717949;22.58974358974359;25.0;25.0;0;0
103.533;-24.95625;-31.23;1.9806882891804904;22.48717948717949;22.58974358974359;25.0;25.0;0;0
103.65;-24.4475;-31.23;1.9806882891804904;22.48717948717949;22.58974358974359;25.0;25.0;0;0
103.753;-23.93375;-31.23;1.9806882891804904;22.48717948717949;22.58974358974359;25.0;25.0;0;0
103.893;-23.42;-31.23;1.9806882891804904;22.48717948717949;22.58974358974359;25.0;25.0;0;0
104.001;-22.9075;-31.23;1.9806882891804904;22.48717948717949;22.58974358974359;25.0;25.0;0;0
104.102;-22.13625;-31.23;1.9806882891804904;22.48717948717949;22.58974358974359;25.0;25.0;0;0
104.203;-21.62875;-31.23;1.9806882891804904;22.48717948717949;22.58974358974359;25.0;25.0;0;0
104.313;-21.115;-31.23;1.9806882891804904;22.48717948717949;22.58974358974359;25.0;25.0;0;0
104.416;-20.60125;-31.23;1.9806882891804904;22.48717948717949;22.58974358974359;25.0;25.0;0;0
104.519;-20.0925;-31.23;1.9806882891804904;22.48717948717949;22.58974358974359;25.0;25.0;0;0
104.636;-19.32125;-31.23;1.9806882891804904;22.53846153846154;22.58974358974359;25.0;25.0;0;0
104.749;-18.8075;-31.23;1.9806882891804904;22.53846153846154;22.58974358974359;25.0;25.0;0;0
104.853;-18.29875;-31.23;1.9806882891804904;22.53846153846154;22.58974358974359;25.0;25.0;0;0
104.958;-17.785;-31.23;1.9806882891804904;22.53846153846154;22.58974358974359;25.0;25.0;0;0
105.069;-17.27;-31.23;1.9806882891804904;22.53846153846154;22.58974358974359;25.0;25.0;0;0
105.174;-16.4975;-31.23;1.9806882891804904;22.53846153846154;22.58974358974359;25.0;25.0;0;0
105.289;-15.97875;-31.23;1.9806882891804904;22.53846153846154;22.58974358974359;25.0;25.0;0;0
105.393;-15.465;-31.23;1.9806882891804904;22.53846153846154;22.58974358974359;25.0;25.0;0;0
105.494;-14.94625;-31.23;1.9806882891804904;22.53846153846154;22.58974358974359;25.0;25.0;0;0
105.604;-14.4275;-31.23;1.9806882891804904;22.53846153846154;22.58974358974359;25.0;25.0;0;0
105.712;-13.91375;-31.23;1.9806882891804904;22.53846153846154;22.58974358974359;25.0;25.0;0;0
105.816;-13.135;-31.23;1.9806882891804904;22.53846153846154;22.58974358974359;25.0;25.0;0;0
105.917;-12.62125;-31.23;1.9806882891804904;22.53846153846154;22.58974358974359;25.0;25.0;0;0
106.018;-12.1025;-31.23;1.9806882891804904;22.53846153846154;22.58974358974359;25.0;25.0;0;0
106.124;-11.8425;-31.23;1.9806882891804904;22.53846153846154;22.58974358974359;25.0;25.0;0;0
106.224;-11.07;-31.23;1.9806882891804904;22.53846153846154;22.58974358974359;25.0;25.0;0;0
106.331;-10.55125;-31.23;1.9806882891804904;22.53846153846154;22.58974358974359;25.0;25.0;0;0
106.442;-10.0325;-31.23;1.9806882891804904;22.53846153846154;22.58974358974359;25.0;25.0;0;0
106.553;-9.51875;-31.23;1.9806882891804904;22.53846153846154;22.58974358974359;25.0;25.0;0;0
106.663;-9.0;-31.23;1.9806882891804904;22.48717948717949;22.64957264957265;25.0;25.0;0;0
106.773;-8.48125;-31.23;1.9806882891804904;22.48717948717949;22.64957264957265;25.0;25.0;0;0
106.877;-7.96125;-31.23;1.9806882891804904;22.48717948717949;22.64957264957265;25.0;25.0;0;0
106.978;-7.1825;-31.23;1.9806882891804904;22.48717948717949;22.64957264957265;25.0;25.0;0;0
107.09;-6.66875;-31.23;1.9806882891804904;22.48717948717949;22.64957264957265;25.0;25.0;0;0
107.198;-6.14875;-31.23;1.9806882891804904;22.48717948717949;22.64957264957265;25.0;25.0;0;0
107.305;-5.63;-31.23;1.9806882891804904;22.48717948717949;22.64957264957265;25.0;25.0;0;0
107.411;-5.11625;-31.23;1.9806882891804904;22.48717948717949;22.64957264957265;25.0;25.0;0;0
107.516;-4.5975;-31.23;1.9806882891804904;22.48717948717949;22.64957264957265;25.0;25.0;0;0
107.635;-3.81875;-31.23;1.9806882891804904;22.48717948717949;22.58974358974359;25.0;25.0;0;0
107.737;-3.305;-31.23;1.9806882891804904;22.48717948717949;22.58974358974359;25.0;25.0;0;0
107.848;-2.785;-31.23;1.9806882891804904;22.48717948717949;22.58974358974359;25.0;25.0;0;0
107.961;-2.27;-31.23;1.9806882891804904;22.48717948717949;22.58974358974359;25.0;25.0;0;0
108.07;-1.765;-31.23;1.9806882891804904;22.48717948717949;22.58974358974359;25.0;25.0;0;0
108.184;-1.255;-31.23;1.9806882891804904;22.48717948717949;22.58974358974359;25.0;25.0;0;0
108.291;-0.49125;-31.23;1.9806882891804904;22.48717948717949;22.58974358974359;25.0;25.0;0;0
108.396;-0.0325;-31.23;1.9806882891804904;22.48717948717949;22.58974358974359;25.0;25.0;0;0
108.499;0.0;-31.23;1.9806882891804904;22.48717948717949;22.58974358974359;25.0;25.0;0;0
108.601;0.0;-31.0025;1.9806882891804904;22.48717948717949;22.58974358974359;25.0;25.0;0;0
108.704;0.0;-30.48625;1.9806882891804904;22.48717948717949;22.58974358974359;25.0;25.0;0;0
108.805;0.0;-30.23;1.9806882891804904;22.48717948717949;22.58974358974359;25.0;25.0;0;0
108.906;0.0;-29.465;1.9806882891804904;22.48717948717949;22.58974358974359;25.0;25.0;0;0
109.016;0.0;-28.9525;1.9806882891804904;22.48717948717949;22.58974358974359;25.0;25.0;0;0
109.127;0.0;-28.435;1.9806882891804904;22.48717948717949;22.58974358974359;25.0;25.0;0;0
109.247;0.0;-27.6625;1.9806882891804904;22.48717948717949;22.58974358974359;25.0;25.0;0;0
109.356;0.0;-27.4025;1.9806882891804904;22.48717948717949;22.58974358974359;25.0;25.0;0;0
109.456;0.0;-26.62875;1.9806882891804904;22.48717948717949;22.58974358974359;25.0;25.0;0;0
109.566;0.0;-26.11;1.9806882891804904;22.48717948717949;22.58974358974359;25.0;25.0;0;0
109.7;0.0;-25.33875;1.9806882891804904;22.48717948717949;22.58974358974359;25.0;25.0;0;0
109.802;0.0;-24.82125;1.9806882891804904;22.48717948717949;22.58974358974359;25.0;25.0;0;0
109.906;0.0;-24.30375;1.9806882891804904;22.48717948717949;22.58974358974359;25.0;25.0;0;0
110.021;0.0;-24.045;1.9806882891804904;22.48717948717949;22.58974358974359;25.0;25.0;0;0
110.138;0.0;-23.27375;1.9806882891804904;22.48717948717949;22.58974358974359;25.0;25.0;0;0
110.256;0.0;-22.75625;1.9806882891804904;22.48717948717949;22.58974358974359;25.0;25.0;0;0
110.369;0.0;-21.985;1.9806882891804904;22.48717948717949;22.58974358974359;25.0;25.0;0;0
110.491;0.0;-21.46625;1.9806882891804904;22.48717948717949;22.58974358974359;25.0;25.0;0;0
110.594;0.0;-20.69625;1.9806882891804904;22.53846153846154;22.58974358974359;25.0;25.0;0;0
110.7;0.0;-20.4375;1.9806882891804904;22.53846153846154;22.58974358974359;25.0;25.0;0;0
110.804;0.0;-19.66375;1.9806882891804904;22.53846153846154;22.58974358974359;25.0;25.0;0;0
110.918;0.0;-19.40625;1.9806882891804904;22.53846153846154;22.58974358974359;25.0;25.0;0;0
111.022;0.0;-18.6375;1.9806882891804904;22.53846153846154;22.58974358974359;25.0;25.0;0;0
111.134;0.0;-18.12;1.9806882891804904;22.53846153846154;22.58974358974359;25.0;25.0;0;0
111.237;0.0;-17.34625;1.9806882891804904;22.53846153846154;22.58974358974359;25.0;25.0;0;0
111.36;0.0;-17.0875;1.9806882891804904;22.53846153846154;22.58974358974359;25.0;25.0;0;0
111.468;0.0;-16.31875;1.9806882891804904;22.53846153846154;22.58974358974359;25.0;25.0;0;0
111.573;0.0;-15.8025;1.9806882891804904;22.53846153846154;22.58974358974359;25.0;25.0;0;0
111.688;0.0;-15.28625;1.9806882891804904;22.53846153846154;22.64957264957265;25.0;25.0;0;0
111.793;0.0;-14.775;1.9806882891804904;22.53846153846154;22.64957264957265;25.0;25.0;0;0
111.902;0.0;-14.0;1.9806882891804904;22.53846153846154;22.64957264957265;25.0;25.0;0;0
112.014;0.0;-13.74125;1.9806882891804904;22.53846153846154;22.64957264957265;25.0;25.0;0;0
112.135;0.0;-12.97125;1.9806882891804904;22.53846153846154;22.64957264957265;25.0;25.0;0;0
112.248;0.0;-12.455;1.9806882891804904;22.53846153846154;22.64957264957265;25.0;25.0;0;0
112.375;0.0;-11.685;1.9806882891804904;22.53846153846154;22.64957264957265;25.0;25.0;0;0
112.48;0.0;-11.1675;1.9806882891804904;22.53846153846154;22.64957264957265;25.0;25.0;0;0
112.594;0.0;-10.65125;1.9806882891804904;22.53846153846154;22.64957264957265;25.0;25.0;0;0
112.702;0.0;-10.13;1.9806882891804904;22.53846153846154;22.64957264957265;25.0;25.0;0;0
112.811;0.0;-9.3475;1.9806882891804904;22.53846153846154;22.64957264957265;25.0;25.0;0;0
112.923;0.0;-9.0875;1.9806882891804904;22.53846153846154;22.64957264957265;25.0;25.0;0;0
113.034;0.0;-8.04875;1.9806882891804904;22.53846153846154;22.64957264957265;25.0;25.0;0;0
113.142;0.0;-7.78875;1.9806882891804904;22.53846153846154;22.64957264957265;25.0;25.0;0;0
113.257;0.0;-7.01125;1.9806882891804904;22.53846153846154;22.64957264957265;25.0;25.0;0;0
113.369;0.0;-6.75;1.9806882891804904;22.53846153846154;22.64957264957265;25.0;25.0;0;0
113.477;0.0;-5.9675;1.9806882891804904;22.53846153846154;22.64957264957265;25.0;25.0;0;0
113.58;0.0;-5.45125;1.9806882891804904;22.53846153846154;22.64957264957265;25.0;25.0;0;0
113.686;0.0;-4.92875;1.9806882891804904;22.48717948717949;22.58974358974359;25.0;25.0;0;0
113.797;0.0;-4.40625;1.9806882891804904;22.48717948717949;22.58974358974359;25.0;25.0;0;0
113.898;0.0;-3.63;1.9806882891804904;22.48717948717949;22.58974358974359;25.0;25.0;0;0
114.029;0.0;-3.36875;1.9806882891804904;22.48717948717949;22.58974358974359;25.0;25.0;0;0
114.134;0.0;-2.59125;1.9806882891804904;22.48717948717949;22.58974358974359;25.0;25.0;0;0
114.245;0.0;-2.0775;1.9806882891804904;22.48717948717949;22.58974358974359;25.0;25.0;0;0
114.346;0.0;-1.565;1.9806882891804904;22.48717948717949;22.58974358974359;25.0;25.0;0;0
114.46;0.0;-1.31375;1.9806882891804904;22.48717948717949;22.58974358974359;25.0;25.0;0;0
114.57;0.0;-0.2875;1.9806882891804904;22.48717948717949;22.58974358974359;25.0;25.0;0;0
114.678;0.0;-0.06;1.9806882891804904;22.48717948717949;22.58974358974359;25.0;25.0;0;0
114.782;0.0;0.0;1.8568952711067097;22.53846153846154;22.64957264957265;25.0;25.0;0;0
114.892;0.0;0.0;1.6712057439960388;22.53846153846154;22.64957264957265;25.0;25.0;0;0
115.008;0.0;0.0;1.3617231988115872;22.53846153846154;22.64957264957265;25.0;25.0;0;0
115.124;0.0;0.0;1.2379301807378065;22.53846153846154;22.64957264957265;25.0;25.0;0;0
115.228;0.0;0.0;0.9903441445902452;22.53846153846154;22.64957264957265;25.0;25.0;0;0
115.335;0.0;0.0;0.8665511265164645;22.53846153846154;22.64957264957265;25.0;25.0;0;0
115.436;0.0;0.0;0.5570685813320129;22.53846153846154;22.64957264957265;25.0;25.0;0;0
115.55;0.0;0.0;0.37137905422134193;22.53846153846154;22.64957264957265;25.0;25.0;0;0
115.669;0.0;0.0;0.061896509036890326;22.48717948717949;22.64957264957265;25.0;25.0;0;0
115.78;0.0;0.0;0.0;22.48717948717949;22.64957264957265;25.0;25.0;0;0
115.882;0.0;0.0;0.0;22.48717948717949;22.64957264957265;25.0;25.0;0;0
115.984;0.0;0.0;0.0;22.48717948717949;22.64957264957265;25.0;25.0;0;0
116.107;0.0;0.0;0.0;22.48717948717949;22.64957264957265;25.0;25.0;0;0
116.222;0.0;0.0;0.0;22.48717948717949;22.64957264957265;25.0;25.0;0;0
116.329;0.0;0.0;0.0;22.48717948717949;22.64957264957265;25.0;25.0;0;0
116.436;0.0;0.0;0.0;22.48717948717949;22.64957264957265;25.0;25.0;0;0
116.542;0.0;0.0;0.0;22.48717948717949;22.64957264957265;25.0;25.0;0;0
116.655;0.0;0.0;0.0;22.48717948717949;22.64957264957265;25.0;25.0;0;0
116.762;0.0;0.0;0.0;22.48717948717949;22.58974358974359;25.0;25.0;0;0
116.874;0.0;0.0;0.0;22.48717948717949;22.58974358974359;25.0;25.0;0;0
116.986;0.0;0.0;0.0;22.48717948717949;22.58974358974359;25.0;25.0;0;0
117.098;0.0;0.0;0.0;22.48717948717949;22.58974358974359;25.0;25.0;0;0
117.201;0.0;0.0;0.0;22.48717948717949;22.58974358974359;25.0;25.0;0;0
117.306;0.0;0.0;0.0;22.48717948717949;22.58974358974359;25.0;25.0;0;0
117.425;0.0;0.0;0.0;22.48717948717949;22.58974358974359;25.0;25.0;0;0
117.536;0.0;0.0;0.0;22.48717948717949;22.58974358974359;25.0;25.0;0;0
117.646;0.0;0.0;0.0;22.48717948717949;22.58974358974359;25.0;25.0;0;0
117.755;0.0;0.0;0.0;22.48717948717949;22.64957264957265;25.0;25.0;0;0
117.856;0.0;0.0;0.0;22.48717948717949;22.64957264957265;25.0;25.0;0;0
117.966;0.0;0.0;0.0;22.48717948717949;22.64957264957265;25.0;25.0;0;0
118.068;0.0;0.0;0.0;22.48717948717949;22.64957264957265;25.0;25.0;0;0
118.186;0.0;0.0;0.0;22.48717948717949;22.64957264957265;25.0;25.0;0;0
118.294;0.0;0.0;0.0;22.48717948717949;22.64957264957265;25.0;25.0;0;0
118.404;0.0;0.0;0.0;22.48717948717949;22.64957264957265;25.0;25.0;0;0
118.52;0.0;0.0;0.0;22.48717948717949;22.64957264957265;25.0;25.0;0;0
118.622;0.0;0.0;0.0;22.48717948717949;22.64957264957265;25.0;25.0;0;0
118.722;0.0;0.0;0.0;22.48717948717949;22.64957264957265;25.0;25.0;0;0
118.829;0.0;0.0;0.0;22.48717948717949;22.64957264957265;25.0;25.0;0;0
118.939;0.0;0.0;0.0;22.48717948717949;22.64957264957265;25.0;25.0;0;0
119.046;0.0;0.0;0.0;22.48717948717949;22.64957264957265;25.0;25.0;0;0
119.161;0.0;0.0;0.0;22.48717948717949;22.64957264957265;25.0;25.0;0;0
119.265;0.0;0.0;0.0;22.48717948717949;22.64957264957265;25.0;25.0;0;0
119.375;0.0;0.0;0.0;22.48717948717949;22.64957264957265;25.0;25.0;0;0
119.476;0.0;0.0;0.0;22.48717948717949;22.64957264957265;25.0;25.0;0;0
119.58;0.0;0.0;0.0;22.48717948717949;22.64957264957265;25.0;25.0;0;0
119.694;0.0;0.0;0.0;22.48717948717949;22.64957264957265;25.0;25.0;0;0
119.798;0.0;0.0;0.0;22.48717948717949;22.64957264957265;25.0;25.0;0;0
119.908;0.0;0.0;0.0;22.48717948717949;22.64957264957265;25.0;25.0;0;0
120.019;0.0;0.0;0.0;22.48717948717949;22.64957264957265;25.0;25.0;0;0
120.13;0.0;0.0;0.0;22.48717948717949;22.64957264957265;25.0;25.0;0;0
120.24;0.0;0.0;0.0;22.48717948717949;22.64957264957265;25.0;25.0;0;0
120.353;0.0;0.0;0.0;22.48717948717949;22.64957264957265;25.0;25.0;0;0
120.462;0.0;0.0;0.0;22.48717948717949;22.64957264957265;25.0;25.0;0;0
120.571;0.0;0.0;0.0;22.48717948717949;22.64957264957265;25.0;25.0;0;0
120.682;0.0;0.0;0.0;22.48717948717949;22.64957264957265;25.0;25.0;0;0
120.794;0.0;0.0;0.0;22.48717948717949;22.58974358974359;25.0;25.0;0;0
120.896;0.0;0.0;0.0;22.48717948717949;22.58974358974359;25.0;25.0;0;0
121.0;0.0;0.0;0.0;22.48717948717949;22.58974358974359;25.0;25.0;0;0
121.111;0.0;0.0;0.0;22.48717948717949;22.58974358974359;25.0;25.0;0;0
121.221;0.0;0.0;0.0;22.48717948717949;22.58974358974359;25.0;25.0;0;0
121.333;0.0;0.0;0.0;22.48717948717949;22.58974358974359;25.0;25.0;0;0
121.444;0.0;0.0;0.0;22.48717948717949;22.58974358974359;25.0;25.0;0;0
121.555;0.0;0.0;0.0;22.48717948717949;22.58974358974359;25.0;25.0;0;0
121.668;0.0;0.0;0.0;22.48717948717949;22.58974358974359;25.0;25.0;0;0
121.77;0.0;0.0;0.0;22.53846153846154;22.64957264957265;25.0;25.0;0;0
121.877;0.0;0.0;0.0;22.53846153846154;22.64957264957265;25.0;25.0;0;0
121.987;0.0;0.0;0.0;22.53846153846154;22.64957264957265;25.0;25.0;0;0
122.098;0.0;0.0;0.0;22.53846153846154;22.64957264957265;25.0;25.0;0;0
122.207;0.0;0.0;0.0;22.53846153846154;22.64957264957265;25.0;25.0;0;0
122.32;0.0;0.0;0.0;22.53846153846154;22.64957264957265;25.0;25.0;0;0
122.428;0.0;0.0;0.0;22.53846153846154;22.64957264957265;25.0;25.0;0;0
122.539;0.0;0.0;0.0;22.53846153846154;22.64957264957265;25.0;25.0;0;0
122.651;0.0;0.0;0.0;22.53846153846154;22.64957264957265;25.0;25.0;0;0
122.752;0.0;0.0;0.0;22.48717948717949;22.64957264957265;25.0;25.0;0;0
122.858;0.0;0.0;0.0;22.48717948717949;22.64957264957265;25.0;25.0;0;0
122.968;0.0;0.0;0.0;22.48717948717949;22.64957264957265;25.0;25.0;0;0
123.079;0.0;0.0;0.0;22.48717948717949;22.64957264957265;25.0;25.0;0;0
123.19;0.0;0.0;0.0;22.48717948717949;22.64957264957265;25.0;25.0;0;0
123.301;0.0;0.0;0.0;22.48717948717949;22.64957264957265;25.0;25.0;0;0
123.414;0.0;0.0;0.0;22.48717948717949;22.64957264957265;25.0;25.0;0;0
123.524;0.0;0.0;0.0;22.48717948717949;22.64957264957265;25.0;25.0;0;0
123.637;0.0;0.0;0.0;22.48717948717949;22.64957264957265;25.0;25.0;0;0
123.738;0.0;0.0;0.0;22.48717948717949;22.64957264957265;25.0;25.0;0;0
123.841;0.0;0.0;0.0;22.48717948717949;22.64957264957265;25.0;25.0;0;0
123.952;0.0;0.0;0.0;22.48717948717949;22.64957264957265;25.0;25.0;0;0
124.062;0.0;0.0;0.0;22.48717948717949;22.64957264957265;25.0;25.0;0;0
124.174;0.0;0.0;0.0;22.48717948717949;22.64957264957265;25.0;25.0;0;0
124.289;0.0;0.0;0.0;22.48717948717949;22.64957264957265;25.0;25.0;0;0
124.395;0.0;0.0;0.0;22.48717948717949;22.64957264957265;25.0;25.0;0;0
124.498;0.0;0.0;0.0;22.48717948717949;22.64957264957265;25.0;25.0;0;0
124.6;0.0;0.0;0.0;22.48717948717949;22.64957264957265;25.0;25.0;0;0
124.708;0.0;0.0;0.0;22.48717948717949;22.64957264957265;25.0;25.0;0;0
124.821;0.0;0.0;0.0;22.48717948717949;22.64957264957265;25.0;25.0;0;0
124.927;0.0;0.0;0.0;22.48717948717949;22.64957264957265;25.0;25.0;0;0
125.035;0.0;0.0;0.0;22.48717948717949;22.64957264957265;25.0;25.0;0;0
125.144;0.0;0.0;0.0;22.48717948717949;22.64957264957265;25.0;25.0;0;0
125.248;0.0;0.0;0.0;22.48717948717949;22.64957264957265;25.0;25.0;0;0
125.355;0.0;0.0;0.0;22.48717948717949;22.64957264957265;25.0;25.0;0;0
125.456;0.0;0.0;0.0;22.48717948717949;22.64957264957265;25.0;25.0;0;0
125.56;0.0;0.0;0.0;22.48717948717949;22.64957264957265;25.0;25.0;0;0
125.662;0.0;0.0;0.0;22.53846153846154;22.64957264957265;25.0;25.0;0;0
125.764;0.0;0.0;0.0;22.53846153846154;22.64957264957265;25.0;25.0;0;0
125.866;0.0;0.0;0.0;22.53846153846154;22.64957264957265;25.0;25.0;0;0
125.974;0.0;0.0;0.0;22.53846153846154;22.64957264957265;25.0;25.0;0;0
126.076;0.0;0.0;0.0;22.53846153846154;22.64957264957265;25.0;25.0;0;0
126.189;0.0;0.0;0.0;22.53846153846154;22.64957264957265;25.0;25.0;0;0
126.297;0.0;0.0;0.0;22.53846153846154;22.64957264957265;25.0;25.0;0;0
126.4;0.0;0.0;0.0;22.53846153846154;22.64957264957265;25.0;25.0;0;0
126.519;0.0;0.0;0.0;22.53846153846154;22.64957264957265;25.0;25.0;0;0
126.634;0.0;0.0;0.0;22.53846153846154;22.64957264957265;25.0;25.0;0;0
126.737;0.0;0.0;0.0;22.53846153846154;22.64957264957265;25.0;25.0;0;0
126.839;0.0;0.0;0.0;22.53846153846154;22.64957264957265;25.0;25.0;0;0
126.956;0.0;0.0;0.0;22.53846153846154;22.64957264957265;25.0;25.0;0;0
127.068;0.0;0.0;0.0;22.53846153846154;22.64957264957265;25.0;25.0;0;0
127.169;0.0;0.0;0.0;22.53846153846154;22.64957264957265;25.0;25.0;0;0
127.288;0.0;0.0;0.0;22.53846153846154;22.64957264957265;25.0;25.0;0;0
127.391;0.0;0.0;0.0;22.53846153846154;22.64957264957265;25.0;25.0;0;0
127.494;0.0;0.0;0.0;22.53846153846154;22.64957264957265;25.0;25.0;0;0
127.601;0.0;0.0;0.0;22.53846153846154;22.64957264957265;25.0;25.0;0;0
127.714;0.0;0.0;0.0;22.53846153846154;22.64957264957265;25.0;25.0;0;0
127.818;0.0;0.0;0.0;22.48717948717949;22.64957264957265;25.0;25.0;0;0
127.931;0.0;0.0;0.0;22.48717948717949;22.64957264957265;25.0;25.0;0;0
128.051;0.0;0.0;0.0;22.48717948717949;22.64957264957265;25.0;25.0;0;0
128.162;0.0;0.0;0.0;22.48717948717949;22.64957264957265;25.0;25.0;0;0
128.263;0.0;0.0;0.0;22.48717948717949;22.64957264957265;25.0;25.0;0;0
128.369;0.0;0.0;0.0;22.48717948717949;22.64957264957265;25.0;25.0;0;0
128.479;0.0;0.0;0.0;22.48717948717949;22.64957264957265;25.0;25.0;0;0
128.588;0.0;0.0;0.0;22.48717948717949;22.64957264957265;25.0;25.0;0;0
128.695;0.0;0.0;0.0;22.48717948717949;22.64957264957265;25.0;25.0;0;0
128.807;0.0;0.0;0.0;22.53846153846154;22.64957264957265;25.0;25.0;0;0
128.918;0.0;0.0;0.0;22.53846153846154;22.64957264957265;25.0;25.0;0;0
129.027;0.0;0.0;0.0;22.53846153846154;22.64957264957265;25.0;25.0;0;0
129.14;0.0;0.0;0.0;22.53846153846154;22.64957264957265;25.0;25.0;0;0
129.245;0.0;0.0;0.0;22.53846153846154;22.64957264957265;25.0;25.0;0;0
129.356;0.0;0.0;0.0;22.53846153846154;22.64957264957265;25.0;25.0;0;0
129.468;0.0;0.0;0.0;22.53846153846154;22.64957264957265;25.0;25.0;0;0
129.579;0.0;0.0;0.0;22.53846153846154;22.64957264957265;25.0;25.0;0;0
129.685;0.0;0.0;0.0;22.53846153846154;22.64957264957265;25.0;25.0;0;0
129.799;0.0;0.0;0.0;22.53846153846154;22.58974358974359;25.0;25.0;0;0
129.912;0.0;0.0;0.0;22.53846153846154;22.58974358974359;25.0;25.0;0;0
130.018;0.0;0.0;0.0;22.53846153846154;22.58974358974359;25.0;25.0;0;0
130.124;0.0;0.0;0.0;22.53846153846154;22.58974358974359;25.0;25.0;0;0
130.237;0.0;0.0;0.0;22.53846153846154;22.58974358974359;25.0;25.0;0;0
130.344;0.0;0.0;0.0;22.53846153846154;22.58974358974359;25.0;25.0;0;0
130.454;0.0;0.0;0.0;22.53846153846154;22.58974358974359;25.0;25.0;0;0
130.573;0.0;0.0;0.0;22.53846153846154;22.58974358974359;25.0;25.0;0;0
130.674;0.0;0.0;0.0;22.53846153846154;22.58974358974359;25.0;25.0;0;0
130.793;0.0;0.0;0.0;22.48717948717949;22.58974358974359;25.0;25.0;0;0
130.902;0.0;0.0;0.0;22.48717948717949;22.58974358974359;25.0;25.0;0;0
131.01;0.0;0.0;0.0;22.48717948717949;22.58974358974359;25.0;25.0;0;0
131.114;0.0;0.0;0.0;22.48717948717949;22.58974358974359;25.0;25.0;0;0
131.22;0.0;0.0;0.0;22.48717948717949;22.58974358974359;25.0;25.0;0;0
131.336;0.0;0.0;0.0;22.48717948717949;22.58974358974359;25.0;25.0;0;0
131.439;0.0;0.0;0.0;22.48717948717949;22.58974358974359;25.0;25.0;0;0
131.539;0.0;0.0;0.0;22.48717948717949;22.58974358974359;25.0;25.0;0;0
131.658;0.0;0.0;0.0;22.48717948717949;22.58974358974359;25.0;25.0;0;0
131.765;0.0;0.0;0.0;22.48717948717949;22.58974358974359;25.0;25.0;0;0
131.883;0.0;0.0;0.0;22.48717948717949;22.58974358974359;25.0;25.0;0;0
131.984;0.0;0.0;0.0;22.48717948717949;22.58974358974359;25.0;25.0;0;0
132.097;0.0;0.0;0.0;22.48717948717949;22.58974358974359;25.0;25.0;0;0
132.21;0.0;0.0;0.0;22.48717948717949;22.58974358974359;25.0;25.0;0;0
132.317;0.0;0.0;0.0;22.48717948717949;22.58974358974359;25.0;25.0;0;0
132.43;0.0;0.0;0.0;22.48717948717949;22.58974358974359;25.0;25.0;0;0
132.535;0.0;0.0;0.0;22.48717948717949;22.58974358974359;25.0;25.0;0;0
132.635;0.0;0.0;0.0;22.48717948717949;22.58974358974359;25.0;25.0;0;0
132.741;0.0;0.0;0.0;22.48717948717949;22.58974358974359;25.0;25.0;0;0
132.868;0.0;0.0;0.0;22.48717948717949;22.58974358974359;25.0;25.0;0;0
132.979;0.0;0.0;0.0;22.48717948717949;22.58974358974359;25.0;25.0;0;0
133.079;0.0;0.0;0.0;22.48717948717949;22.58974358974359;25.0;25.0;0;0
133.191;0.0;0.0;0.0;22.48717948717949;22.58974358974359;25.0;25.0;0;0
133.291;0.0;0.0;0.0;22.48717948717949;22.58974358974359;25.0;25.0;0;0
133.398;0.0;0.0;0.0;22.48717948717949;22.58974358974359;25.0;25.0;0;0
133.51;0.0;0.0;0.0;22.48717948717949;22.58974358974359;25.0;25.0;0;0
133.612;0.0;0.0;0.0;22.48717948717949;22.58974358974359;25.0;25.0;0;0
133.715;0.0;0.0;0.0;22.48717948717949;22.58974358974359;25.0;25.0;0;0
133.825;0.0;0.0;0.0;22.48717948717949;22.58974358974359;25.0;25.0;0;0
133.935;0.0;0.0;0.0;22.48717948717949;22.58974358974359;25.0;25.0;0;0
134.051;0.0;0.0;0.0;22.48717948717949;22.58974358974359;25.0;25.0;0;0
134.158;0.0;0.0;0.0;22.48717948717949;22.58974358974359;25.0;25.0;0;0
134.267;0.0;0.0;0.0;22.48717948717949;22.58974358974359;25.0;25.0;0;0
134.38;0.0;0.0;0.0;22.48717948717949;22.58974358974359;25.0;25.0;0;0
134.49;0.0;0.0;0.0;22.48717948717949;22.58974358974359;25.0;25.0;0;0
134.599;0.0;0.0;0.0;22.48717948717949;22.58974358974359;25.0;25.0;0;0
134.711;0.0;0.0;0.0;22.48717948717949;22.58974358974359;25.0;25.0;0;0
134.819;0.0;0.0;0.0;22.53846153846154;22.64957264957265;25.0;25.0;0;0
134.93;0.0;0.0;0.0;22.53846153846154;22.64957264957265;25.0;25.0;0;0
135.041;0.0;0.0;0.0;22.53846153846154;22.64957264957265;25.0;25.0;0;0
135.152;0.0;0.0;0.0;22.53846153846154;22.64957264957265;25.0;25.0;0;0
135.252;0.0;0.0;0.0;22.53846153846154;22.64957264957265;25.0;25.0;0;0
135.358;0.0;0.0;0.0;22.53846153846154;22.64957264957265;25.0;25.0;0;0
135.469;0.0;0.0;0.0;22.53846153846154;22.64957264957265;25.0;25.0;0;0
135.581;0.0;0.0;0.0;22.53846153846154;22.64957264957265;25.0;25.0;0;0
135.691;0.0;0.0;0.0;22.53846153846154;22.64957264957265;25.0;25.0;0;0
135.801;0.0;0.0;0.0;22.48717948717949;22.64957264957265;25.0;25.0;0;0
135.911;0.0;0.0;0.0;22.48717948717949;22.64957264957265;25.0;25.0;0;0
136.022;0.0;0.0;0.0;22.48717948717949;22.64957264957265;25.0;25.0;0;0
136.132;0.0;0.0;0.0;22.48717948717949;22.64957264957265;25.0;25.0;0;0
136.244;0.0;0.0;0.0;22.48717948717949;22.64957264957265;25.0;25.0;0;0
136.355;0.0;0.0;0.0;22.48717948717949;22.64957264957265;25.0;25.0;0;0
136.463;0.0;0.0;0.0;22.48717948717949;22.64957264957265;25.0;25.0;0;0
136.564;0.0;0.0;0.0;22.48717948717949;22.64957264957265;25.0;25.0;0;0
136.671;0.0;0.0;0.0;22.48717948717949;22.64957264957265;25.0;25.0;0;0
136.781;0.0;0.0;0.0;22.53846153846154;22.64957264957265;25.0;25.0;0;0
136.891;0.0;0.0;0.0;22.53846153846154;22.64957264957265;25.0;25.0;0;0
137.002;0.0;0.0;0.0;22.53846153846154;22.64957264957265;25.0;25.0;0;0
137.112;0.0;0.0;0.0;22.53846153846154;22.64957264957265;25.0;25.0;0;0
137.221;0.0;0.0;0.0;22.53846153846154;22.64957264957265;25.0;25.0;0;0
137.335;0.0;0.0;0.0;22.53846153846154;22.64957264957265;25.0;25.0;0;0
137.445;0.0;0.0;0.0;22.53846153846154;22.64957264957265;25.0;25.0;0;0
137.555;0.0;0.0;0.0;22.53846153846154;22.64957264957265;25.0;25.0;0;0
137.665;0.0;0.0;0.0;22.53846153846154;22.64957264957265;25.0;25.0;0;0
137.777;0.0;0.0;0.0;22.53846153846154;22.64957264957265;25.0;25.0;0;0
137.89;0.0;0.0;0.0;22.53846153846154;22.64957264957265;25.0;25.0;0;0
137.999;0.0;0.0;0.0;22.53846153846154;22.64957264957265;25.0;25.0;0;0
138.108;0.0;0.0;0.0;22.53846153846154;22.64957264957265;25.0;25.0;0;0
138.22;0.0;0.0;0.0;22.53846153846154;22.64957264957265;25.0;25.0;0;0
138.333;0.0;0.0;0.0;22.53846153846154;22.64957264957265;25.0;25.0;0;0
138.443;0.0;0.0;0.0;22.53846153846154;22.64957264957265;25.0;25.0;0;0
138.551;0.0;0.0;0.0;22.53846153846154;22.64957264957265;25.0;25.0;0;0
138.665;0.0;0.0;0.0;22.53846153846154;22.64957264957265;25.0;25.0;0;0
138.775;0.0;0.0;0.0;22.48717948717949;22.64957264957265;25.0;25.0;0;0
138.885;0.0;0.0;0.0;22.48717948717949;22.64957264957265;25.0;25.0;0;0
138.996;0.0;0.0;0.0;22.48717948717949;22.64957264957265;25.0;25.0;0;0
139.097;0.0;0.0;0.0;22.48717948717949;22.64957264957265;25.0;25.0;0;0
139.203;0.0;0.0;0.0;22.48717948717949;22.64957264957265;25.0;25.0;0;0
139.316;0.0;0.0;0.0;22.48717948717949;22.64957264957265;25.0;25.0;0;0
139.421;0.0;0.0;0.0;22.48717948717949;22.64957264957265;25.0;25.0;0;0
139.535;0.0;0.0;0.0;22.48717948717949;22.64957264957265;25.0;25.0;0;0
139.636;0.0;0.0;0.0;22.48717948717949;22.64957264957265;25.0;25.0;0;0
139.739;0.0;0.0;0.0;22.48717948717949;22.64957264957265;25.0;25.0;0;0
139.851;0.0;0.0;0.0;22.53846153846154;22.64957264957265;25.0;25.0;0;0
139.964;0.0;0.0;0.0;22.53846153846154;22.64957264957265;25.0;25.0;0;0
140.07;0.0;0.0;0.0;22.53846153846154;22.64957264957265;25.0;25.0;0;0
140.18;0.0;0.0;0.0;22.53846153846154;22.64957264957265;25.0;25.0;0;0
140.294;0.0;0.0;0.0;22.53846153846154;22.64957264957265;25.0;25.0;0;0
140.4;0.0;0.0;0.0;22.53846153846154;22.64957264957265;25.0;25.0;0;0
140.535;0.0;0.0;0.0;22.53846153846154;22.64957264957265;25.0;25.0;0;0
140.649;0.0;0.0;0.0;22.53846153846154;22.64957264957265;25.0;25.0;0;0
140.785;0.0;0.0;0.0;22.53846153846154;22.64957264957265;25.0;25.0;0;0
140.898;0.0;0.0;0.0;22.48717948717949;22.64957264957265;25.0;25.0;0;0
141.0;0.0;0.0;0.0;22.48717948717949;22.64957264957265;25.0;25.0;0;0
141.101;0.0;0.0;0.0;22.48717948717949;22.64957264957265;25.0;25.0;0;0
141.208;0.0;0.0;0.0;22.48717948717949;22.64957264957265;25.0;25.0;0;0
141.331;0.0;0.0;0.0;22.48717948717949;22.64957264957265;25.0;25.0;0;0
141.441;0.0;0.0;0.0;22.48717948717949;22.64957264957265;25.0;25.0;0;0
141.543;0.0;0.0;0.0;22.48717948717949;22.64957264957265;25.0;25.0;0;0
141.646;0.0;0.0;0.0;22.48717948717949;22.64957264957265;25.0;25.0;0;0
141.748;0.0;0.0;0.0;22.53846153846154;22.64957264957265;25.0;25.0;0;0
141.851;0.0;0.0;0.0;22.53846153846154;22.64957264957265;25.0;25.0;0;0
141.967;0.0;0.0;0.0;22.53846153846154;22.64957264957265;25.0;25.0;0;0
142.082;0.0;0.0;0.0;22.53846153846154;22.64957264957265;25.0;25.0;0;0
142.203;0.0;0.0;0.0;22.53846153846154;22.64957264957265;25.0;25.0;0;0
142.313;0.0;0.0;0.0;22.53846153846154;22.64957264957265;25.0;25.0;0;0
142.429;0.0;0.0;0.0;22.53846153846154;22.64957264957265;25.0;25.0;0;0
142.54;0.0;0.0;0.0;22.53846153846154;22.64957264957265;25.0;25.0;0;0
142.656;0.0;0.0;0.0;22.53846153846154;22.64957264957265;25.0;25.0;0;0
142.758;0.0;0.0;0.0;22.53846153846154;22.64957264957265;25.0;25.0;0;0
142.875;0.0;0.0;0.0;22.53846153846154;22.58974358974359;25.0;25.0;0;0
142.976;0.0;0.0;0.0;22.53846153846154;22.58974358974359;25.0;25.0;0;0
143.081;0.0;0.0;0.0;22.53846153846154;22.58974358974359;25.0;25.0;0;0
143.192;0.0;0.0;0.0;22.53846153846154;22.58974358974359;25.0;25.0;0;0
143.308;0.0;0.0;0.0;22.53846153846154;22.58974358974359;25.0;25.0;0;0
143.411;0.0;0.0;0.0;22.53846153846154;22.58974358974359;25.0;25.0;0;0
143.521;0.0;0.0;0.0;22.53846153846154;22.58974358974359;25.0;25.0;0;0
143.625;0.0;0.0;0.0;22.53846153846154;22.58974358974359;25.0;25.0;0;0
143.752;0.0;0.0;0.0;22.53846153846154;22.58974358974359;25.0;25.0;0;0
143.856;0.0;0.0;0.0;22.53846153846154;22.64957264957265;25.0;25.0;0;0
143.958;0.0;0.0;0.0;22.53846153846154;22.64957264957265;25.0;25.0;0;0
144.061;0.0;0.0;0.0;22.53846153846154;22.64957264957265;25.0;25.0;0;0
144.189;0.0;0.0;0.0;22.53846153846154;22.64957264957265;25.0;25.0;0;0
144.293;0.0;0.0;0.0;22.53846153846154;22.64957264957265;25.0;25.0;0;0
144.403;0.0;0.0;0.0;22.53846153846154;22.64957264957265;25.0;25.0;0;0
144.503;0.0;0.0;0.0;22.53846153846154;22.64957264957265;25.0;25.0;0;0
144.615;0.0;0.0;0.0;22.53846153846154;22.64957264957265;25.0;25.0;0;0
144.725;0.0;0.0;0.0;22.53846153846154;22.64957264957265;25.0;25.0;0;0
144.848;0.0;0.0;0.0;22.48717948717949;22.64957264957265;25.0;25.0;0;0
144.953;0.0;0.0;0.0;22.48717948717949;22.64957264957265;25.0;25.0;0;0
145.067;0.0;0.0;0.0;22.48717948717949;22.64957264957265;25.0;25.0;0;0
145.168;0.0;0.0;0.0;22.48717948717949;22.64957264957265;25.0;25.0;0;0
145.28;0.0;0.0;0.0;22.48717948717949;22.64957264957265;25.0;25.0;0;0
145.385;0.0;0.0;0.0;22.48717948717949;22.64957264957265;25.0;25.0;0;0
145.49;0.0;0.0;0.0;22.48717948717949;22.64957264957265;25.0;25.0;0;0
145.599;0.0;0.0;0.0;22.48717948717949;22.64957264957265;25.0;25.0;0;0
145.727;0.0;0.0;0.0;22.48717948717949;22.64957264957265;25.0;25.0;0;0
145.832;0.0;0.0;0.0;22.48717948717949;22.64957264957265;25.0;25.0;0;0
145.942;0.0;0.0;0.0;22.48717948717949;22.64957264957265;25.0;25.0;0;0
146.044;0.0;0.0;0.0;22.48717948717949;22.64957264957265;25.0;25.0;0;0
146.149;0.0;0.0;0.0;22.48717948717949;22.64957264957265;25.0;25.0;0;0
146.259;0.0;0.0;0.0;22.48717948717949;22.64957264957265;25.0;25.0;0;0
146.369;0.0;0.0;0.0;22.48717948717949;22.64957264957265;25.0;25.0;0;0
146.484;0.0;0.0;0.0;22.48717948717949;22.64957264957265;25.0;25.0;0;0
146.59;0.0;0.0;0.0;22.48717948717949;22.64957264957265;25.0;25.0;0;0
146.712;0.0;0.0;0.0;22.48717948717949;22.64957264957265;25.0;25.0;0;0
146.814;0.0;0.0;0.0;22.48717948717949;22.58974358974359;25.0;25.0;0;0
146.916;0.0;0.0;0.0;22.48717948717949;22.58974358974359;25.0;25.0;0;0
147.03;0.0;0.0;0.0;22.48717948717949;22.58974358974359;25.0;25.0;0;0
147.133;0.0;0.0;0.0;22.48717948717949;22.58974358974359;25.0;25.0;0;0
147.237;0.0;0.0;0.0;22.48717948717949;22.58974358974359;25.0;25.0;0;0
147.34;0.0;0.0;0.0;22.48717948717949;22.58974358974359;25.0;25.0;0;0
147.458;0.0;0.0;0.0;22.48717948717949;22.58974358974359;25.0;25.0;0;0
147.571;0.0;0.0;0.0;22.48717948717949;22.58974358974359;25.0;25.0;0;0
147.672;0.0;0.0;0.0;22.48717948717949;22.58974358974359;25.0;25.0;0;0
147.801;0.0;0.0;0.0;22.48717948717949;22.64957264957265;25.0;25.0;0;0
147.936;0.0;0.0;0.0;22.48717948717949;22.64957264957265;25.0;25.0;0;0
148.043;0.0;0.0;0.0;22.48717948717949;22.64957264957265;25.0;25.0;0;0
148.155;0.0;0.0;0.0;22.48717948717949;22.64957264957265;25.0;25.0;0;0
148.269;0.0;0.0;0.0;22.48717948717949;22.64957264957265;25.0;25.0;0;0
148.374;0.0;0.0;0.0;22.48717948717949;22.64957264957265;25.0;25.0;0;0
148.475;0.0;0.0;0.0;22.48717948717949;22.64957264957265;25.0;25.0;0;0
148.609;0.0;0.0;0.0;22.48717948717949;22.64957264957265;25.0;25.0;0;0
148.714;0.0;0.0;0.0;22.48717948717949;22.64957264957265;25.0;25.0;0;0
148.818;0.0;0.0;0.0;22.48717948717949;22.64957264957265;25.0;25.0;0;0
148.919;0.0;0.0;0.0;22.48717948717949;22.64957264957265;25.0;25.0;0;0
149.019;0.0;0.0;0.0;22.48717948717949;22.64957264957265;25.0;25.0;0;0
149.12;0.0;0.0;0.0;22.48717948717949;22.64957264957265;25.0;25.0;0;0
149.237;0.0;0.0;0.0;22.48717948717949;22.64957264957265;25.0;25.0;0;0
149.344;0.0;0.0;0.0;22.48717948717949;22.64957264957265;25.0;25.0;0;0
149.451;0.0;0.0;0.0;22.48717948717949;22.64957264957265;25.0;25.0;0;0
149.559;0.0;0.0;0.0;22.48717948717949;22.64957264957265;25.0;25.0;0;0
149.66;0.0;0.0;0.0;22.48717948717949;22.64957264957265;25.0;25.0;0;0
149.775;0.0;0.0;0.0;22.48717948717949;22.64957264957265;25.0;25.0;0;0
149.882;0.0;0.0;0.0;22.48717948717949;22.58974358974359;25.0;25.0;0;0
149.993;0.0;0.0;0.0;22.48717948717949;22.58974358974359;25.0;25.0;0;0
150.105;0.0;0.0;0.0;22.48717948717949;22.58974358974359;25.0;25.0;0;0
150.209;0.0;0.0;0.0;22.48717948717949;22.58974358974359;25.0;25.0;0;0
150.313;0.0;0.0;0.0;22.48717948717949;22.58974358974359;25.0;25.0;0;0
150.424;0.0;0.0;0.0;22.48717948717949;22.58974358974359;25.0;25.0;0;0
150.534;0.0;0.0;0.0;22.48717948717949;22.58974358974359;25.0;25.0;0;0
150.641;0.0;0.0;0.0;22.48717948717949;22.58974358974359;25.0;25.0;0;0
150.753;0.0;0.0;0.0;22.48717948717949;22.58974358974359;25.0;25.0;0;0
150.863;0.0;0.0;0.0;22.48717948717949;22.64957264957265;25.0;25.0;0;0
150.976;0.0;0.0;0.0;22.48717948717949;22.64957264957265;25.0;25.0;0;0
151.087;0.0;0.0;0.0;22.48717948717949;22.64957264957265;25.0;25.0;0;0
151.198;0.0;0.0;0.0;22.48717948717949;22.64957264957265;25.0;25.0;0;0
151.31;0.0;0.0;0.0;22.48717948717949;22.64957264957265;25.0;25.0;0;0
151.412;0.0;0.0;0.0;22.48717948717949;22.64957264957265;25.0;25.0;0;0
151.515;0.0;0.0;0.0;22.48717948717949;22.64957264957265;25.0;25.0;0;0
151.626;0.0;0.0;0.0;22.48717948717949;22.64957264957265;25.0;25.0;0;0
151.737;0.0;0.0;0.0;22.48717948717949;22.64957264957265;25.0;25.0;0;0
151.849;0.0;0.0;0.0;22.53846153846154;22.58974358974359;25.0;25.0;0;0
151.958;0.0;0.0;0.0;22.53846153846154;22.58974358974359;25.0;25.0;0;0
152.069;0.0;0.0;0.0;22.53846153846154;22.58974358974359;25.0;25.0;0;0
152.18;0.0;0.0;0.0;22.53846153846154;22.58974358974359;25.0;25.0;0;0
152.295;0.0;0.0;0.0;22.53846153846154;22.58974358974359;25.0;25.0;0;0
152.405;0.0;0.0;0.0;22.53846153846154;22.58974358974359;25.0;25.0;0;0
152.506;0.0;0.0;0.0;22.53846153846154;22.58974358974359;25.0;25.0;0;0
152.608;0.0;0.0;0.0;22.53846153846154;22.58974358974359;25.0;25.0;0;0
152.719;0.0;0.0;0.0;22.53846153846154;22.58974358974359;25.0;25.0;0;0
152.831;0.0;0.0;0.0;22.53846153846154;22.64957264957265;25.0;25.0;0;0
152.946;0.0;0.0;0.0;22.53846153846154;22.64957264957265;25.0;25.0;0;0
153.053;0.0;0.0;0.0;22.53846153846154;22.64957264957265;25.0;25.0;0;0
153.164;0.0;0.0;0.0;22.53846153846154;22.64957264957265;25.0;25.0;0;0
153.281;0.0;0.0;0.0;22.53846153846154;22.64957264957265;25.0;25.0;0;0
153.386;0.0;0.0;0.0;22.53846153846154;22.64957264957265;25.0;25.0;0;0
153.487;0.0;0.0;0.0;22.53846153846154;22.64957264957265;25.0;25.0;0;0
153.588;0.0;0.0;0.0;22.53846153846154;22.64957264957265;25.0;25.0;0;0
153.695;0.0;0.0;0.0;22.53846153846154;22.64957264957265;25.0;25.0;0;0
153.795;0.0;0.0;0.0;22.48717948717949;22.64957264957265;25.0;25.0;0;0
153.896;0.0;0.0;0.0;22.48717948717949;22.64957264957265;25.0;25.0;0;0
154.0;0.0;0.0;0.0;22.48717948717949;22.64957264957265;25.0;25.0;0;0
154.107;0.0;0.0;0.0;22.48717948717949;22.64957264957265;25.0;25.0;0;0
154.213;0.0;0.0;0.0;22.48717948717949;22.64957264957265;25.0;25.0;0;0
154.324;0.0;0.0;0.0;22.48717948717949;22.64957264957265;25.0;25.0;0;0
154.424;0.0;0.0;0.0;22.48717948717949;22.64957264957265;25.0;25.0;0;0
154.527;0.0;0.0;0.0;22.48717948717949;22.64957264957265;25.0;25.0;0;0
154.628;0.0;0.0;0.0;22.48717948717949;22.64957264957265;25.0;25.0;0;0
154.745;0.0;0.0;0.0;22.48717948717949;22.64957264957265;25.0;25.0;0;0
154.855;0.0;0.0;0.0;22.48717948717949;22.64957264957265;25.0;25.0;0;0
154.965;0.0;0.0;0.0;22.48717948717949;22.64957264957265;25.0;25.0;0;0
155.076;0.0;0.0;0.0;22.48717948717949;22.64957264957265;25.0;25.0;0;0
155.192;0.0;0.0;0.0;22.48717948717949;22.64957264957265;25.0;25.0;0;0
155.301;0.0;0.0;0.0;22.48717948717949;22.64957264957265;25.0;25.0;0;0
155.402;0.0;0.0;0.0;22.48717948717949;22.64957264957265;25.0;25.0;0;0
155.525;0.0;0.0;0.0;22.48717948717949;22.64957264957265;25.0;25.0;0;0
155.633;0.0;0.0;0.0;22.48717948717949;22.64957264957265;25.0;25.0;0;0
155.753;0.0;0.0;0.0;22.48717948717949;22.64957264957265;25.0;25.0;0;0
155.859;0.0;0.0;0.0;22.53846153846154;22.64957264957265;25.0;25.0;0;0
155.971;0.0;0.0;0.0;22.53846153846154;22.64957264957265;25.0;25.0;0;0
156.08;0.0;0.0;0.0;22.53846153846154;22.64957264957265;25.0;25.0;0;0
156.185;0.0;0.0;0.0;22.53846153846154;22.64957264957265;25.0;25.0;0;0
156.293;0.0;0.0;0.0;22.53846153846154;22.64957264957265;25.0;25.0;0;0
156.4;0.0;0.0;0.0;22.53846153846154;22.64957264957265;25.0;25.0;0;0
156.507;0.0;0.0;0.0;22.53846153846154;22.64957264957265;25.0;25.0;0;0
156.629;0.0;0.0;0.0;22.53846153846154;22.64957264957265;25.0;25.0;0;0
156.734;0.0;0.0;0.0;22.53846153846154;22.64957264957265;25.0;25.0;0;0
156.843;0.0;0.0;0.0;22.53846153846154;22.64957264957265;25.0;25.0;0;0
156.945;0.0;0.0;0.0;22.53846153846154;22.64957264957265;25.0;25.0;0;0
157.048;0.0;0.0;0.0;22.53846153846154;22.64957264957265;25.0;25.0;0;0
157.169;0.0;0.0;0.0;22.53846153846154;22.64957264957265;25.0;25.0;0;0
157.269;0.0;0.0;0.0;22.53846153846154;22.64957264957265;25.0;25.0;0;0
157.384;0.0;0.0;0.0;22.53846153846154;22.64957264957265;25.0;25.0;0;0
157.503;0.0;0.0;0.0;22.53846153846154;22.64957264957265;25.0;25.0;0;0
157.614;0.0;0.0;0.0;22.53846153846154;22.64957264957265;25.0;25.0;0;0
157.716;0.0;0.0;0.0;22.53846153846154;22.64957264957265;25.0;25.0;0;0
157.821;0.0;0.0;0.0;22.48717948717949;22.64957264957265;25.0;25.0;0;0
157.936;0.0;0.0;0.0;22.48717948717949;22.64957264957265;25.0;25.0;0;0
158.041;0.0;0.0;0.0;22.48717948717949;22.64957264957265;25.0;25.0;0;0
158.144;0.0;0.0;0.0;22.48717948717949;22.64957264957265;25.0;25.0;0;0
158.274;0.0;0.0;0.0;22.48717948717949;22.64957264957265;25.0;25.0;0;0
158.375;0.0;0.0;0.0;22.48717948717949;22.64957264957265;25.0;25.0;0;0
158.487;0.0;0.0;0.0;22.48717948717949;22.64957264957265;25.0;25.0;0;0
158.593;0.0;0.0;0.0;22.48717948717949;22.64957264957265;25.0;25.0;0;0
158.696;0.0;0.0;0.0;22.48717948717949;22.64957264957265;25.0;25.0;0;0
158.807;0.0;0.0;0.0;22.53846153846154;22.64957264957265;25.0;25.0;0;0
158.928;0.0;0.0;0.0;22.53846153846154;22.64957264957265;25.0;25.0;0;0
159.029;0.0;0.0;0.0;22.53846153846154;22.64957264957265;25.0;25.0;0;0
159.136;0.0;0.0;0.0;22.53846153846154;22.64957264957265;25.0;25.0;0;0
159.253;0.0;0.0;0.0;22.53846153846154;22.64957264957265;25.0;25.0;0;0
159.356;0.0;0.0;0.0;22.53846153846154;22.64957264957265;25.0;25.0;0;0
159.456;0.0;0.0;0.0;22.53846153846154;22.64957264957265;25.0;25.0;0;0
159.569;0.0;0.0;0.0;22.53846153846154;22.64957264957265;25.0;25.0;0;0
159.675;0.0;0.0;0.0;22.53846153846154;22.64957264957265;25.0;25.0;0;0
159.782;0.0;0.0;0.0;22.53846153846154;22.64957264957265;25.0;25.0;0;0
159.885;0.0;0.0;0.0;22.53846153846154;22.64957264957265;25.0;25.0;0;0
160.003;0.0;0.0;0.0;22.53846153846154;22.64957264957265;25.0;25.0;0;0
160.109;0.0;0.0;0.0;22.53846153846154;22.64957264957265;25.0;25.0;0;0
160.223;0.0;0.0;0.0;22.53846153846154;22.64957264957265;25.0;25.0;0;0
160.334;0.0;0.0;0.0;22.53846153846154;22.64957264957265;25.0;25.0;0;0
160.443;0.0;0.0;0.0;22.53846153846154;22.64957264957265;25.0;25.0;0;0
160.551;0.0;0.0;0.0;22.53846153846154;22.64957264957265;25.0;25.0;0;0
160.675;0.0;0.0;0.0;22.53846153846154;22.64957264957265;25.0;25.0;0;0
160.781;0.0;0.0;0.0;22.53846153846154;22.64957264957265;25.0;25.0;0;0
160.894;0.0;0.0;0.0;22.53846153846154;22.64957264957265;25.0;25.0;0;0
160.998;0.0;0.0;0.0;22.53846153846154;22.64957264957265;25.0;25.0;0;0
161.11;0.0;0.0;0.0;22.53846153846154;22.64957264957265;25.0;25.0;0;0
161.214;0.0;0.0;0.0;22.53846153846154;22.64957264957265;25.0;25.0;0;0
161.323;0.0;0.0;0.0;22.53846153846154;22.64957264957265;25.0;25.0;0;0
161.435;0.0;0.0;0.0;22.53846153846154;22.64957264957265;25.0;25.0;0;0
161.538;0.0;0.0;0.0;22.53846153846154;22.64957264957265;25.0;25.0;0;0
161.642;0.0;0.0;0.0;22.53846153846154;22.64957264957265;25.0;25.0;0;0
161.768;0.0;0.0;0.0;22.53846153846154;22.64957264957265;25.0;25.0;0;0
161.883;0.0;0.0;0.0;22.48717948717949;22.64957264957265;25.0;25.0;0;0
161.984;0.0;0.0;0.0;22.48717948717949;22.64957264957265;25.0;25.0;0;0
162.09;0.0;0.0;0.0;22.48717948717949;22.64957264957265;25.0;25.0;0;0
162.208;0.0;0.0;0.0;22.48717948717949;22.64957264957265;25.0;25.0;0;0
162.31;0.0;0.0;0.0;22.48717948717949;22.64957264957265;25.0;25.0;0;0
162.429;0.0;0.0;0.0;22.48717948717949;22.64957264957265;25.0;25.0;0;0
162.533;0.0;0.0;0.0;22.48717948717949;22.64957264957265;25.0;25.0;0;0
162.646;0.0;0.0;0.0;22.48717948717949;22.64957264957265;25.0;25.0;0;0
162.748;0.0;0.0;0.0;22.48717948717949;22.64957264957265;25.0;25.0;0;0
162.853;0.0;0.0;0.0;22.53846153846154;22.64957264957265;25.0;25.0;0;0
162.957;0.0;0.0;0.0;22.53846153846154;22.64957264957265;25.0;25.0;0;0
163.073;0.0;0.0;0.0;22.53846153846154;22.64957264957265;25.0;25.0;0;0
163.187;0.0;0.0;0.0;22.53846153846154;22.64957264957265;25.0;25.0;0;0
163.289;0.0;0.0;0.0;22.53846153846154;22.64957264957265;25.0;25.0;0;0
163.389;0.0;0.0;0.0;22.53846153846154;22.64957264957265;25.0;25.0;0;0
163.492;0.0;0.0;0.0;22.53846153846154;22.64957264957265;25.0;25.0;0;0
163.595;0.0;0.0;0.0;22.53846153846154;22.64957264957265;25.0;25.0;0;0
163.698;0.0;0.0;0.0;22.53846153846154;22.64957264957265;25.0;25.0;0;0
163.813;0.0;0.0;0.0;22.53846153846154;22.64957264957265;25.0;25.0;0;0
163.919;0.0;0.0;0.0;22.48717948717949;22.64957264957265;25.0;25.0;0;0
164.031;0.0;0.0;0.0;22.48717948717949;22.64957264957265;25.0;25.0;0;0
164.136;0.0;0.0;0.0;22.48717948717949;22.64957264957265;25.0;25.0;0;0
164.24;0.0;0.0;0.0;22.48717948717949;22.64957264957265;25.0;25.0;0;0
164.342;0.0;0.0;0.0;22.48717948717949;22.64957264957265;25.0;25.0;0;0
164.444;0.0;0.0;0.0;22.48717948717949;22.64957264957265;25.0;25.0;0;0
164.55;0.0;0.0;0.0;22.48717948717949;22.64957264957265;25.0;25.0;0;0
164.659;0.0;0.0;0.0;22.48717948717949;22.64957264957265;25.0;25.0;0;0
164.772;0.0;0.0;0.0;22.48717948717949;22.64957264957265;25.0;25.0;0;0
164.881;0.0;0.0;0.0;22.53846153846154;22.64957264957265;25.0;25.0;0;0
164.992;0.0;0.0;0.0;22.53846153846154;22.64957264957265;25.0;25.0;0;0
165.101;0.0;0.0;0.0;22.53846153846154;22.64957264957265;25.0;25.0;0;0
165.202;0.0;0.0;0.0;22.53846153846154;22.64957264957265;25.0;25.0;0;0
165.302;0.0;0.0;0.0;22.53846153846154;22.64957264957265;25.0;25.0;0;0
165.402;0.0;0.0;0.0;22.53846153846154;22.64957264957265;25.0;25.0;0;0
165.504;0.0;0.0;0.0;22.53846153846154;22.64957264957265;25.0;25.0;0;0
165.605;0.0;0.0;0.0;22.53846153846154;22.64957264957265;25.0;25.0;0;0
165.708;0.0;0.0;0.0;22.53846153846154;22.64957264957265;25.0;25.0;0;0
165.82;0.0;0.0;0.0;22.48717948717949;22.64957264957265;25.0;25.0;0;0
165.928;0.0;0.0;0.0;22.48717948717949;22.64957264957265;25.0;25.0;0;0
166.04;0.0;0.0;0.0;22.48717948717949;22.64957264957265;25.0;25.0;0;0
166.151;0.0;0.0;0.0;22.48717948717949;22.64957264957265;25.0;25.0;0;0
166.251;0.0;0.0;0.0;22.48717948717949;22.64957264957265;25.0;25.0;0;0
166.36;0.0;0.0;0.0;22.48717948717949;22.64957264957265;25.0;25.0;0;0
166.469;0.0;0.0;0.0;22.48717948717949;22.64957264957265;25.0;25.0;0;0
166.58;0.0;0.0;0.0;22.48717948717949;22.64957264957265;25.0;25.0;0;0
166.689;0.0;0.0;0.0;22.48717948717949;22.64957264957265;25.0;25.0;0;0
166.8;0.0;0.0;0.0;22.53846153846154;-105.55555555555556;25.0;25.0;0;0
166.909;0.0;0.0;0.0;22.53846153846154;-105.55555555555556;25.0;25.0;0;0
167.023;0.0;0.0;0.0;22.53846153846154;-105.55555555555556;25.0;25.0;0;0
167.133;0.0;0.0;0.0;22.53846153846154;-105.55555555555556;25.0;25.0;0;0
167.245;0.0;0.0;0.0;22.53846153846154;-105.55555555555556;25.0;25.0;0;0
167.349;0.0;0.0;0.0;22.53846153846154;-105.55555555555556;25.0;25.0;0;0
167.451;0.0;0.0;0.0;22.53846153846154;-105.55555555555556;25.0;25.0;0;0
167.564;0.0;0.0;0.0;22.53846153846154;-105.55555555555556;25.0;25.0;0;0
167.674;0.0;0.0;0.0;22.53846153846154;-105.55555555555556;25.0;25.0;0;0
167.784;0.0;0.0;0.0;22.53846153846154;22.58974358974359;25.0;25.0;0;0
167.896;0.0;0.0;0.0;22.53846153846154;22.58974358974359;25.0;25.0;0;0
168.004;0.0;0.0;0.0;22.53846153846154;22.58974358974359;25.0;25.0;0;0
168.105;0.0;0.0;0.0;22.53846153846154;22.58974358974359;25.0;25.0;0;0
168.206;0.0;0.0;0.0;22.53846153846154;22.58974358974359;25.0;25.0;0;0
168.307;0.0;0.0;0.0;22.53846153846154;22.58974358974359;25.0;25.0;0;0
168.409;0.0;0.0;0.0;22.53846153846154;22.58974358974359;25.0;25.0;0;0
168.516;0.0;0.0;0.0;22.53846153846154;22.58974358974359;25.0;25.0;0;0
168.627;0.0;0.0;0.0;22.53846153846154;22.58974358974359;25.0;25.0;0;0
168.739;0.0;0.0;0.0;22.53846153846154;22.58974358974359;25.0;25.0;0;0
168.85;0.0;0.0;0.0;22.48717948717949;22.58974358974359;25.0;25.0;0;0
168.96;0.0;0.0;0.0;22.48717948717949;22.58974358974359;25.0;25.0;0;0
169.071;0.0;0.0;0.0;22.48717948717949;22.58974358974359;25.0;25.0;0;0
169.185;0.0;0.0;0.0;22.48717948717949;22.58974358974359;25.0;25.0;0;0
169.292;0.0;0.0;0.0;22.48717948717949;22.58974358974359;25.0;25.0;0;0
169.411;0.0;0.0;0.0;22.48717948717949;22.58974358974359;25.0;25.0;0;0
169.513;0.0;0.0;0.0;22.48717948717949;22.58974358974359;25.0;25.0;0;0
169.623;0.0;0.0;0.0;22.48717948717949;22.58974358974359;25.0;25.0;0;0
169.74;0.0;0.0;0.0;22.48717948717949;22.58974358974359;25.0;25.0;0;0
169.843;0.0;0.0;0.0;22.53846153846154;22.64957264957265;25.0;25.0;0;0
169.945;0.0;0.0;0.0;22.53846153846154;22.64957264957265;25.0;25.0;0;0
170.063;0.0;0.0;0.0;22.53846153846154;22.64957264957265;25.0;25.0;0;0
170.165;0.0;0.0;0.0;22.53846153846154;22.64957264957265;25.0;25.0;0;0
170.282;0.0;0.0;0.0;22.53846153846154;22.64957264957265;25.0;25.0;0;0
170.407;0.0;0.0;0.0;22.53846153846154;22.64957264957265;25.0;25.0;0;0
170.516;0.0;0.0;0.0;22.53846153846154;22.64957264957265;25.0;25.0;0;0
170.62;0.0;0.0;0.0;22.53846153846154;22.64957264957265;25.0;25.0;0;0
170.736;0.0;0.0;0.0;22.53846153846154;22.64957264957265;25.0;25.0;0;0
170.853;0.0;0.0;0.0;22.48717948717949;22.58974358974359;25.0;25.0;0;0
170.969;0.0;0.0;0.0;22.48717948717949;22.58974358974359;25.0;25.0;0;0
171.07;0.0;0.0;0.0;22.48717948717949;22.58974358974359;25.0;25.0;0;0
171.177;0.0;0.0;0.0;22.48717948717949;22.58974358974359;25.0;25.0;0;0
171.285;0.0;0.0;0.0;22.48717948717949;22.58974358974359;25.0;25.0;0;0
171.41;0.0;0.0;0.0;22.48717948717949;22.58974358974359;25.0;25.0;0;0
171.519;0.0;0.0;0.0;22.48717948717949;22.58974358974359;25.0;25.0;0;0
171.623;0.0;0.0;0.0;22.48717948717949;22.58974358974359;25.0;25.0;0;0
171.726;0.0;0.0;0.0;22.48717948717949;22.58974358974359;25.0;25.0;0;0
171.843;0.0;0.0;0.0;22.48717948717949;22.58974358974359;25.0;25.0;0;0
171.955;0.0;0.0;0.0;22.53846153846154;22.64957264957265;25.0;25.0;0;0
172.059;0.0;0.0;0.0;22.53846153846154;22.64957264957265;25.0;25.0;0;0
172.162;0.0;0.0;0.0;22.53846153846154;22.64957264957265;25.0;25.0;0;0
172.27;0.0;0.0;0.0;22.53846153846154;22.64957264957265;25.0;25.0;0;0
172.379;0.0;0.0;0.0;22.53846153846154;22.64957264957265;25.0;25.0;0;0
172.492;0.0;0.0;0.0;22.53846153846154;22.64957264957265;25.0;25.0;0;0
172.598;0.0;0.0;0.0;22.53846153846154;22.64957264957265;25.0;25.0;0;0
172.711;0.0;0.0;0.0;22.53846153846154;22.64957264957265;25.0;25.0;0;0
172.814;0.0;0.0;0.0;22.53846153846154;22.64957264957265;25.0;25.0;0;0
172.931;0.0;0.0;0.0;22.53846153846154;22.64957264957265;25.0;25.0;0;0
173.053;0.0;0.0;0.0;22.53846153846154;22.64957264957265;25.0;25.0;0;0
173.167;0.0;0.0;0.0;22.53846153846154;22.64957264957265;25.0;25.0;0;0
173.282;0.0;0.0;0.0;22.53846153846154;22.64957264957265;25.0;25.0;0;0
173.382;0.0;0.0;0.0;22.53846153846154;22.64957264957265;25.0;25.0;0;0
173.49;0.0;0.0;0.0;22.53846153846154;22.64957264957265;25.0;25.0;0;0
173.596;0.0;0.0;0.0;22.53846153846154;22.64957264957265;25.0;25.0;0;0
173.697;0.0;0.0;0.0;22.53846153846154;22.64957264957265;25.0;25.0;0;0
173.818;0.0;0.0;0.0;22.53846153846154;22.64957264957265;25.0;25.0;0;0
173.927;0.0;0.0;0.0;22.48717948717949;22.64957264957265;25.0;25.0;0;0
174.048;0.0;0.0;0.0;22.48717948717949;22.64957264957265;25.0;25.0;0;0
174.155;0.0;0.0;0.0;22.48717948717949;22.64957264957265;25.0;25.0;0;0
174.258;0.0;0.0;0.0;22.48717948717949;22.64957264957265;25.0;25.0;0;0
174.363;0.0;0.0;0.0;22.48717948717949;22.64957264957265;25.0;25.0;0;0
174.474;0.0;0.0;0.0;22.48717948717949;22.64957264957265;25.0;25.0;0;0
174.582;0.0;0.0;0.0;22.48717948717949;22.64957264957265;25.0;25.0;0;0
174.693;0.0;0.0;0.0;22.48717948717949;22.64957264957265;25.0;25.0;0;0
174.802;0.0;0.0;0.0;22.48717948717949;22.64957264957265;25.0;25.0;0;0
174.906;0.0;0.0;0.0;22.48717948717949;22.64957264957265;25.0;25.0;0;0
175.009;0.0;0.0;0.0;22.48717948717949;22.64957264957265;25.0;25.0;0;0
175.138;0.0;0.0;0.0;22.48717948717949;22.64957264957265;25.0;25.0;0;0
175.24;0.0;0.0;0.0;22.48717948717949;22.64957264957265;25.0;25.0;0;0
175.344;0.0;0.0;0.0;22.48717948717949;22.64957264957265;25.0;25.0;0;0
175.469;0.0;0.0;0.0;22.48717948717949;22.64957264957265;25.0;25.0;0;0
175.571;0.0;0.0;0.0;22.48717948717949;22.64957264957265;25.0;25.0;0;0
175.68;0.0;0.0;0.0;22.48717948717949;22.64957264957265;25.0;25.0;0;0
175.794;0.0;0.0;0.0;22.48717948717949;22.64957264957265;25.0;25.0;0;0
175.903;0.0;0.0;0.0;-105.55555555555556;22.64957264957265;25.0;25.0;0;0
176.013;0.0;0.0;0.0;-105.55555555555556;22.64957264957265;25.0;25.0;0;0
176.123;0.0;0.0;0.0;-105.55555555555556;22.64957264957265;25.0;25.0;0;0
176.234;0.0;0.0;0.0;-105.55555555555556;22.64957264957265;25.0;25.0;0;0
176.342;0.0;0.0;0.0;-105.55555555555556;22.64957264957265;25.0;25.0;0;0
176.45;0.0;0.0;0.0;-105.55555555555556;22.64957264957265;25.0;25.0;0;0
176.557;0.0;0.0;0.0;-105.55555555555556;22.64957264957265;25.0;25.0;0;0
176.673;0.0;0.0;0.0;-105.55555555555556;22.64957264957265;25.0;25.0;0;0
176.78;0.0;0.0;0.0;-105.55555555555556;22.64957264957265;25.0;25.0;0;0
176.885;0.0;0.0;0.0;22.48717948717949;22.64957264957265;25.0;25.0;0;0
176.99;0.0;0.0;0.0;22.48717948717949;22.64957264957265;25.0;25.0;0;0
177.097;0.0;0.0;0.0;22.48717948717949;22.64957264957265;25.0;25.0;0;0
177.213;0.0;0.0;0.0;22.48717948717949;22.64957264957265;25.0;25.0;0;0
177.33;0.0;0.0;0.0;22.48717948717949;22.64957264957265;25.0;25.0;0;0
177.438;0.0;0.0;0.0;22.48717948717949;22.64957264957265;25.0;25.0;0;0
177.544;0.0;0.0;0.0;22.48717948717949;22.64957264957265;25.0;25.0;0;0
177.653;0.0;0.0;0.0;22.48717948717949;22.64957264957265;25.0;25.0;0;0
177.764;0.0;0.0;0.0;22.48717948717949;22.64957264957265;25.0;25.0;0;0
177.872;0.0;0.0;0.0;22.53846153846154;22.64957264957265;25.0;25.0;0;0
177.981;0.0;0.0;0.0;22.53846153846154;22.64957264957265;25.0;25.0;0;0
178.095;0.0;0.0;0.0;22.53846153846154;22.64957264957265;25.0;25.0;0;0
178.201;0.0;0.0;0.0;22.53846153846154;22.64957264957265;25.0;25.0;0;0
178.307;0.0;0.0;0.0;22.53846153846154;22.64957264957265;25.0;25.0;0;0
178.416;0.0;0.0;0.0;22.53846153846154;22.64957264957265;25.0;25.0;0;0
178.524;0.0;0.0;0.0;22.53846153846154;22.64957264957265;25.0;25.0;0;0
178.627;0.0;0.0;0.0;22.53846153846154;22.64957264957265;25.0;25.0;0;0
178.747;0.0;0.0;0.0;22.53846153846154;22.64957264957265;25.0;25.0;0;0
178.863;0.0;0.0;0.0;22.53846153846154;22.64957264957265;25.0;25.0;0;0
178.967;0.0;0.0;0.0;22.53846153846154;22.64957264957265;25.0;25.0;0;0
179.081;0.0;0.0;0.0;22.53846153846154;22.64957264957265;25.0;25.0;0;0
179.181;0.0;0.0;0.0;22.53846153846154;22.64957264957265;25.0;25.0;0;0
179.285;0.0;0.0;0.0;22.53846153846154;22.64957264957265;25.0;25.0;0;0
179.386;0.0;0.0;0.0;22.53846153846154;22.64957264957265;25.0;25.0;0;0
179.49;0.0;0.0;0.0;22.53846153846154;22.64957264957265;25.0;25.0;0;0
179.598;0.0;0.0;0.0;22.53846153846154;22.64957264957265;25.0;25.0;0;0
179.699;0.0;0.0;0.0;22.53846153846154;22.64957264957265;25.0;25.0;0;0
179.803;0.0;0.0;0.0;22.53846153846154;22.64957264957265;25.0;25.0;0;0
179.913;0.0;0.0;0.0;22.48717948717949;22.64957264957265;25.0;25.0;0;0
180.03;0.0;0.0;0.0;22.48717948717949;22.64957264957265;25.0;25.0;0;0
180.14;0.0;0.0;0.0;22.48717948717949;22.64957264957265;25.0;25.0;0;0
180.247;0.0;0.0;0.0;22.48717948717949;22.64957264957265;25.0;25.0;0;0
180.358;0.0;0.0;0.0;22.48717948717949;22.64957264957265;25.0;25.0;0;0
180.469;0.0;0.0;0.0;22.48717948717949;22.64957264957265;25.0;25.0;0;0
180.585;0.0;0.0;0.0;22.48717948717949;22.64957264957265;25.0;25.0;0;0
180.692;0.0;0.0;0.0;22.48717948717949;22.64957264957265;25.0;25.0;0;0
180.803;0.0;0.0;0.0;22.48717948717949;22.64957264957265;25.0;25.0;0;0
180.916;0.0;0.0;0.0;22.48717948717949;22.64957264957265;25.0;25.0;0;0
181.025;0.0;0.0;0.0;22.48717948717949;22.64957264957265;25.0;25.0;0;0
181.132;0.0;0.0;0.0;22.48717948717949;22.64957264957265;25.0;25.0;0;0
181.244;0.0;0.0;0.0;22.48717948717949;22.64957264957265;25.0;25.0;0;0
181.354;0.0;0.0;0.0;22.48717948717949;22.64957264957265;25.0;25.0;0;0
181.467;0.0;0.0;0.0;22.48717948717949;22.64957264957265;25.0;25.0;0;0
181.568;0.0;0.0;0.0;22.48717948717949;22.64957264957265;25.0;25.0;0;0
181.67;0.0;0.0;0.0;22.48717948717949;22.64957264957265;25.0;25.0;0;0
181.781;0.0;0.0;0.0;22.48717948717949;22.64957264957265;25.0;25.0;0;0
181.896;0.0;0.0;0.0;22.53846153846154;22.64957264957265;25.0;25.0;0;0
182.003;0.0;0.0;0.0;22.53846153846154;22.64957264957265;25.0;25.0;0;0
182.116;0.0;0.0;0.0;22.53846153846154;22.64957264957265;25.0;25.0;0;0
182.227;0.0;0.0;0.0;22.53846153846154;22.64957264957265;25.0;25.0;0;0
182.338;0.0;0.0;0.0;22.53846153846154;22.64957264957265;25.0;25.0;0;0
182.449;0.0;0.0;0.0;22.53846153846154;22.64957264957265;25.0;25.0;0;0
182.549;0.0;0.0;0.0;22.53846153846154;22.64957264957265;25.0;25.0;0;0
182.654;0.0;0.0;0.0;22.53846153846154;22.64957264957265;25.0;25.0;0;0
182.766;0.0;0.0;0.0;22.53846153846154;22.64957264957265;25.0;25.0;0;0
182.878;0.0;0.0;0.0;22.48717948717949;22.64957264957265;25.0;25.0;0;0
182.989;0.0;0.0;0.0;22.48717948717949;22.64957264957265;25.0;25.0;0;0
183.099;0.0;0.0;0.0;22.48717948717949;22.64957264957265;25.0;25.0;0;0
183.213;0.0;0.0;0.0;22.48717948717949;22.64957264957265;25.0;25.0;0;0
183.322;0.0;0.0;0.0;22.48717948717949;22.64957264957265;25.0;25.0;0;0
183.433;0.0;0.0;0.0;22.48717948717949;22.64957264957265;25.0;25.0;0;0
183.542;0.0;0.0;0.0;22.48717948717949;22.64957264957265;25.0;25.0;0;0
183.654;0.0;0.0;0.0;22.48717948717949;22.64957264957265;25.0;25.0;0;0
183.765;0.0;0.0;0.0;22.48717948717949;22.64957264957265;25.0;25.0;0;0
183.875;0.0;0.0;0.0;22.48717948717949;22.64957264957265;25.0;25.0;0;0
183.985;0.0;0.0;0.0;22.48717948717949;22.64957264957265;25.0;25.0;0;0
184.099;0.0;0.0;0.0;22.48717948717949;22.64957264957265;25.0;25.0;0;0
184.207;0.0;0.0;0.0;22.48717948717949;22.64957264957265;25.0;25.0;0;0
184.318;0.0;0.0;0.0;22.48717948717949;22.64957264957265;25.0;25.0;0;0
184.442;0.0;0.0;0.0;22.48717948717949;22.64957264957265;25.0;25.0;0;0
184.55;0.0;0.0;0.0;22.48717948717949;22.64957264957265;25.0;25.0;0;0
184.651;0.0;0.0;0.0;22.48717948717949;22.64957264957265;25.0;25.0;0;0
184.774;0.0;0.0;0.0;22.48717948717949;22.64957264957265;25.0;25.0;0;0
184.901;0.0;0.0;0.0;22.53846153846154;22.64957264957265;25.0;25.0;0;0
185.017;0.0;0.0;0.0;22.53846153846154;22.64957264957265;25.0;25.0;0;0
185.12;0.0;0.0;0.0;22.53846153846154;22.64957264957265;25.0;25.0;0;0
185.233;0.0;0.0;0.0;22.53846153846154;22.64957264957265;25.0;25.0;0;0
185.338;0.0;0.0;0.0;22.53846153846154;22.64957264957265;25.0;25.0;0;0
185.452;0.0;0.0;0.0;22.53846153846154;22.64957264957265;25.0;25.0;0;0
185.58;0.0;0.0;0.0;22.53846153846154;22.64957264957265;25.0;25.0;0;0
185.685;0.0;0.0;0.0;22.53846153846154;22.64957264957265;25.0;25.0;0;0
185.796;0.0;0.0;0.0;22.53846153846154;22.64957264957265;25.0;25.0;0;0
185.905;0.0;0.0;0.0;22.48717948717949;22.64957264957265;25.0;25.0;0;0
186.018;0.0;0.0;0.0;22.48717948717949;22.64957264957265;25.0;25.0;0;0
186.125;0.0;0.0;0.0;22.48717948717949;22.64957264957265;25.0;25.0;0;0
186.24;0.0;0.0;0.0;22.48717948717949;22.64957264957265;25.0;25.0;0;0
186.355;0.0;0.0;0.0;22.48717948717949;22.64957264957265;25.0;25.0;0;0
186.462;0.0;0.0;0.0;22.48717948717949;22.64957264957265;25.0;25.0;0;0
186.572;0.0;0.0;0.0;22.48717948717949;22.64957264957265;25.0;25.0;0;0
186.683;0.0;0.0;0.0;22.48717948717949;22.64957264957265;25.0;25.0;0;0
186.786;0.0;0.0;0.0;22.48717948717949;22.64957264957265;25.0;25.0;0;0
186.889;0.0;0.0;0.0;22.53846153846154;22.64957264957265;25.0;25.0;0;0
187.003;0.0;0.0;0.0;22.53846153846154;22.64957264957265;25.0;25.0;0;0
187.11;0.0;0.0;0.0;22.53846153846154;22.64957264957265;25.0;25.0;0;0
187.239;0.0;0.0;0.0;22.53846153846154;22.64957264957265;25.0;25.0;0;0
187.348;0.0;0.0;0.0;22.53846153846154;22.64957264957265;25.0;25.0;0;0
187.455;0.0;0.0;0.0;22.53846153846154;22.64957264957265;25.0;25.0;0;0
187.559;0.0;0.0;0.0;22.53846153846154;22.64957264957265;25.0;25.0;0;0
187.663;0.0;0.0;0.0;22.53846153846154;22.64957264957265;25.0;25.0;0;0
187.77;0.0;0.0;0.0;22.53846153846154;22.64957264957265;25.0;25.0;0;0
187.878;0.0;0.0;0.0;22.53846153846154;22.64957264957265;25.0;25.0;0;0
187.986;0.0;0.0;0.0;22.48717948717949;22.64957264957265;25.0;25.0;0;0
188.096;0.0;0.0;0.0;22.48717948717949;22.64957264957265;25.0;25.0;0;0
188.219;0.0;0.0;0.0;22.48717948717949;22.64957264957265;25.0;25.0;0;0
188.329;0.0;0.0;0.0;22.48717948717949;22.64957264957265;25.0;25.0;0;0
188.431;0.0;0.0;0.0;22.48717948717949;22.64957264957265;25.0;25.0;0;0
188.536;0.0;0.0;0.0;22.48717948717949;22.64957264957265;25.0;25.0;0;0
188.644;0.0;0.0;0.0;22.48717948717949;22.64957264957265;25.0;25.0;0;0
188.763;0.0;0.0;0.0;22.48717948717949;22.64957264957265;25.0;25.0;0;0
188.872;0.0;0.0;0.0;22.48717948717949;22.64957264957265;25.0;25.0;0;0
188.986;0.0;0.0;0.0;22.48717948717949;22.64957264957265;25.0;25.0;0;0
189.091;0.0;0.0;0.0;22.48717948717949;22.64957264957265;25.0;25.0;0;0
189.201;0.0;0.0;0.0;22.48717948717949;22.64957264957265;25.0;25.0;0;0
189.307;0.0;0.0;0.0;22.48717948717949;22.64957264957265;25.0;25.0;0;0
189.411;0.0;0.0;0.0;22.48717948717949;22.64957264957265;25.0;25.0;0;0
189.535;0.0;0.0;0.0;22.48717948717949;22.64957264957265;25.0;25.0;0;0
189.645;0.0;0.0;0.0;22.48717948717949;22.64957264957265;25.0;25.0;0;0
189.748;0.0;0.0;0.0;22.48717948717949;22.64957264957265;25.0;25.0;0;0
189.851;0.0;0.0;0.0;22.48717948717949;22.64957264957265;25.0;25.0;0;0
189.954;0.0;0.0;0.0;22.53846153846154;22.64957264957265;25.0;25.0;0;0
190.083;0.0;0.0;0.0;22.53846153846154;22.64957264957265;25.0;25.0;0;0
190.185;0.0;0.0;0.0;22.53846153846154;22.64957264957265;25.0;25.0;0;0
190.294;0.0;0.0;0.0;22.53846153846154;22.64957264957265;25.0;25.0;0;0
190.4;0.0;0.0;0.0;22.53846153846154;22.64957264957265;25.0;25.0;0;0
190.573;0.0;0.0;0.0;22.53846153846154;22.64957264957265;25.0;25.0;0;0
190.677;0.0;0.0;0.0;22.53846153846154;22.64957264957265;25.0;25.0;0;0
190.793;0.0;0.0;0.0;22.53846153846154;22.64957264957265;25.0;25.0;0;0
190.904;0.0;0.0;0.0;22.53846153846154;22.64957264957265;25.0;25.0;0;0
191.043;0.0;0.0;0.0;22.53846153846154;22.64957264957265;25.0;25.0;0;0
191.169;0.0;0.0;0.0;22.53846153846154;22.64957264957265;25.0;25.0;0;0
191.28;0.0;0.0;0.0;22.53846153846154;22.64957264957265;25.0;25.0;0;0
191.388;0.0;0.0;0.0;22.53846153846154;22.64957264957265;25.0;25.0;0;0
191.492;0.0;0.0;0.0;22.53846153846154;22.64957264957265;25.0;25.0;0;0
191.595;0.0;0.0;0.0;22.53846153846154;22.64957264957265;25.0;25.0;0;0
191.699;0.0;0.0;0.0;22.53846153846154;22.64957264957265;25.0;25.0;0;0
191.818;0.0;0.0;0.0;22.53846153846154;22.64957264957265;25.0;25.0;0;0
191.949;0.0;0.0;0.0;22.53846153846154;22.64957264957265;25.0;25.0;0;0
192.059;0.0;0.0;0.0;22.53846153846154;22.64957264957265;25.0;25.0;0;0
192.163;0.0;0.0;0.0;22.53846153846154;22.64957264957265;25.0;25.0;0;0
192.267;0.0;0.0;0.0;22.53846153846154;22.64957264957265;25.0;25.0;0;0
192.373;0.0;0.0;0.0;22.53846153846154;22.64957264957265;25.0;25.0;0;0
192.475;0.0;0.0;0.0;22.53846153846154;22.64957264957265;25.0;25.0;0;0
192.577;0.0;0.0;0.0;22.53846153846154;22.64957264957265;25.0;25.0;0;0
192.695;0.0;0.0;0.0;22.53846153846154;22.64957264957265;25.0;25.0;0;0
192.796;0.0;0.0;0.0;22.53846153846154;22.64957264957265;25.0;25.0;0;0
192.939;0.0;0.0;0.0;22.53846153846154;22.64957264957265;25.0;25.0;0;0
193.044;0.0;0.0;0.0;22.53846153846154;22.64957264957265;25.0;25.0;0;0
193.144;0.0;0.0;0.0;22.53846153846154;22.64957264957265;25.0;25.0;0;0
193.246;0.0;0.0;0.0;22.53846153846154;22.64957264957265;25.0;25.0;0;0
193.346;0.0;0.0;0.0;22.53846153846154;22.64957264957265;25.0;25.0;0;0
193.451;0.0;0.0;0.0;22.53846153846154;22.64957264957265;25.0;25.0;0;0
193.552;0.0;0.0;0.0;22.53846153846154;22.64957264957265;25.0;25.0;0;0
193.663;0.0;0.0;0.0;22.53846153846154;22.64957264957265;25.0;25.0;0;0
193.773;0.0;0.0;0.0;22.53846153846154;22.64957264957265;25.0;25.0;0;0
193.897;0.0;0.0;0.0;22.53846153846154;22.64957264957265;25.0;25.0;0;0
194.006;0.0;0.0;0.0;22.53846153846154;22.64957264957265;25.0;25.0;0;0
194.111;0.0;0.0;0.0;22.53846153846154;22.64957264957265;25.0;25.0;0;0
194.212;0.0;0.0;0.0;22.53846153846154;22.64957264957265;25.0;25.0;0;0
194.323;0.0;0.0;0.0;22.53846153846154;22.64957264957265;25.0;25.0;0;0
194.437;0.0;0.0;0.0;22.53846153846154;22.64957264957265;25.0;25.0;0;0
194.544;0.0;0.0;0.0;22.53846153846154;22.64957264957265;25.0;25.0;0;0
194.646;0.0;0.0;0.0;22.53846153846154;22.64957264957265;25.0;25.0;0;0
194.749;0.0;0.0;0.0;22.53846153846154;22.64957264957265;25.0;25.0;0;0
194.87;0.0;0.0;0.0;22.53846153846154;22.64957264957265;25.0;25.0;0;0
194.987;0.0;0.0;0.0;22.53846153846154;22.64957264957265;25.0;25.0;0;0
195.096;0.0;0.0;0.0;22.53846153846154;22.64957264957265;25.0;25.0;0;0
195.21;0.0;0.0;0.0;22.53846153846154;22.64957264957265;25.0;25.0;0;0
195.311;0.0;0.0;0.0;22.53846153846154;22.64957264957265;25.0;25.0;0;0
195.426;0.0;0.0;0.0;22.53846153846154;22.64957264957265;25.0;25.0;0;0
195.536;0.0;0.0;0.0;22.53846153846154;22.64957264957265;25.0;25.0;0;0
195.647;0.0;0.0;0.0;22.53846153846154;22.64957264957265;25.0;25.0;0;0
195.759;0.0;0.0;0.0;22.53846153846154;22.64957264957265;25.0;25.0;0;0
195.862;0.0;0.0;0.0;22.53846153846154;22.64957264957265;25.0;25.0;0;0
195.965;0.0;0.0;0.0;22.48717948717949;22.64957264957265;25.0;25.0;0;0
196.071;0.0;0.0;0.0;22.48717948717949;22.64957264957265;25.0;25.0;0;0
196.175;0.0;0.0;0.0;22.48717948717949;22.64957264957265;25.0;25.0;0;0
196.282;0.0;0.0;0.0;22.48717948717949;22.64957264957265;25.0;25.0;0;0
196.398;0.0;0.0;0.0;22.48717948717949;22.64957264957265;25.0;25.0;0;0
196.506;0.0;0.0;0.0;22.48717948717949;22.64957264957265;25.0;25.0;0;0
196.615;0.0;0.0;0.0;22.48717948717949;22.64957264957265;25.0;25.0;0;0
196.725;0.0;0.0;0.0;22.48717948717949;22.64957264957265;25.0;25.0;0;0
196.836;0.0;0.0;0.0;22.48717948717949;22.64957264957265;25.0;25.0;0;0
196.947;0.0;0.0;0.0;22.48717948717949;22.64957264957265;25.0;25.0;0;0
197.063;0.0;0.0;0.0;22.48717948717949;22.64957264957265;25.0;25.0;0;0
197.173;0.0;0.0;0.0;22.48717948717949;22.64957264957265;25.0;25.0;0;0
197.279;0.0;0.0;0.0;22.48717948717949;22.64957264957265;25.0;25.0;0;0
197.391;0.0;0.0;0.0;22.48717948717949;22.64957264957265;25.0;25.0;0;0
197.502;0.0;0.0;0.0;22.48717948717949;22.64957264957265;25.0;25.0;0;0
197.612;0.0;0.0;0.0;22.48717948717949;22.64957264957265;25.0;25.0;0;0
197.724;0.0;0.0;0.0;22.48717948717949;22.64957264957265;25.0;25.0;0;0
197.833;0.0;0.0;0.0;22.48717948717949;22.64957264957265;25.0;25.0;0;0
197.944;0.0;0.0;0.0;22.53846153846154;22.64957264957265;25.0;25.0;0;0
198.054;0.0;0.0;0.0;22.53846153846154;22.64957264957265;25.0;25.0;0;0
198.166;0.0;0.0;0.0;22.53846153846154;22.64957264957265;25.0;25.0;0;0
198.277;0.0;0.0;0.0;22.53846153846154;22.64957264957265;25.0;25.0;0;0
198.378;0.0;0.0;0.0;22.53846153846154;22.64957264957265;25.0;25.0;0;0
198.483;0.0;0.0;0.0;22.53846153846154;22.64957264957265;25.0;25.0;0;0
198.593;0.0;0.0;0.0;22.53846153846154;22.64957264957265;25.0;25.0;0;0
198.703;0.0;0.0;0.0;22.53846153846154;22.64957264957265;25.0;25.0;0;0
198.815;0.0;0.0;0.0;22.53846153846154;22.64957264957265;25.0;25.0;0;0
198.927;0.0;0.0;0.0;22.53846153846154;22.64957264957265;25.0;25.0;0;0
199.044;0.0;0.0;0.0;22.53846153846154;22.64957264957265;25.0;25.0;0;0
199.149;0.0;0.0;0.0;22.53846153846154;22.64957264957265;25.0;25.0;0;0
199.26;0.0;0.0;0.0;22.53846153846154;22.64957264957265;25.0;25.0;0;0
199.368;0.0;0.0;0.0;22.53846153846154;22.64957264957265;25.0;25.0;0;0
199.48;0.0;0.0;0.0;22.53846153846154;22.64957264957265;25.0;25.0;0;0
199.606;0.0;0.0;0.0;22.53846153846154;22.64957264957265;25.0;25.0;0;0
199.725;0.0;0.0;0.0;22.53846153846154;22.64957264957265;25.0;25.0;0;0
199.841;0.0;0.0;0.0;22.53846153846154;22.64957264957265;25.0;25.0;0;0
199.951;0.0;0.0;0.0;22.48717948717949;22.64957264957265;25.0;25.0;0;0
200.064;0.0;0.0;0.0;22.48717948717949;22.64957264957265;25.0;25.0;0;0
200.173;0.0;0.0;0.0;22.48717948717949;22.64957264957265;25.0;25.0;0;0
200.294;0.0;0.0;0.0;22.48717948717949;22.64957264957265;25.0;25.0;0;0
200.401;0.0;0.0;0.0;22.48717948717949;22.64957264957265;25.0;25.0;0;0
200.511;0.0;0.0;0.0;22.48717948717949;22.64957264957265;25.0;25.0;0;0
200.622;0.0;0.0;0.0;22.48717948717949;22.64957264957265;25.0;25.0;0;0
200.724;0.0;0.0;0.0;22.48717948717949;22.64957264957265;25.0;25.0;0;0
200.83;0.0;0.0;0.0;22.48717948717949;22.64957264957265;25.0;25.0;0;0
200.939;0.0;0.0;0.0;22.53846153846154;22.64957264957265;25.0;25.0;0;0
201.044;0.0;0.0;0.0;22.53846153846154;22.64957264957265;25.0;25.0;0;0
201.159;0.0;0.0;0.0;22.53846153846154;22.64957264957265;25.0;25.0;0;0
201.278;0.0;0.0;0.0;22.53846153846154;22.64957264957265;25.0;25.0;0;0
201.392;0.0;0.0;0.0;22.53846153846154;22.64957264957265;25.0;25.0;0;0
201.498;0.0;0.0;0.0;22.53846153846154;22.64957264957265;25.0;25.0;0;0
201.604;0.0;0.0;0.0;22.53846153846154;22.64957264957265;25.0;25.0;0;0
201.709;0.0;0.0;0.0;22.53846153846154;22.64957264957265;25.0;25.0;0;0
201.814;0.0;0.0;0.0;22.53846153846154;22.64957264957265;25.0;25.0;0;0
201.939;0.0;0.0;0.0;22.53846153846154;22.64957264957265;25.0;25.0;0;0
202.046;0.0;0.0;0.0;22.53846153846154;22.64957264957265;25.0;25.0;0;0
202.151;0.0;0.0;0.0;22.53846153846154;22.64957264957265;25.0;25.0;0;0
202.261;0.0;0.0;0.0;22.53846153846154;22.64957264957265;25.0;25.0;0;0
202.372;0.0;0.0;0.0;22.53846153846154;22.64957264957265;25.0;25.0;0;0
202.476;0.0;0.0;0.0;22.53846153846154;22.64957264957265;25.0;25.0;0;0
202.593;0.0;0.0;0.0;22.53846153846154;22.64957264957265;25.0;25.0;0;0
202.699;0.0;0.0;0.0;22.53846153846154;22.64957264957265;25.0;25.0;0;0
202.815;0.0;0.0;0.0;22.53846153846154;22.64957264957265;25.0;25.0;0;0
202.935;0.0;0.0;0.0;22.53846153846154;22.64957264957265;25.0;25.0;0;0
203.045;0.0;0.0;0.0;22.53846153846154;22.64957264957265;25.0;25.0;0;0
203.149;0.0;0.0;0.0;22.53846153846154;22.64957264957265;25.0;25.0;0;0
203.25;0.0;0.0;0.0;22.53846153846154;22.64957264957265;25.0;25.0;0;0
203.363;0.0;0.0;0.0;22.53846153846154;22.64957264957265;25.0;25.0;0;0
203.466;0.0;0.0;0.0;22.53846153846154;22.64957264957265;25.0;25.0;0;0
203.57;0.0;0.0;0.0;22.53846153846154;22.64957264957265;25.0;25.0;0;0
203.694;0.0;0.0;0.0;22.53846153846154;22.64957264957265;25.0;25.0;0;0
203.803;0.0;0.0;0.0;22.53846153846154;22.64957264957265;25.0;25.0;0;0
203.906;0.0;0.0;0.0;22.53846153846154;22.64957264957265;25.0;25.0;0;0
204.024;0.0;0.0;0.0;22.53846153846154;22.64957264957265;25.0;25.0;0;0
204.131;0.0;0.0;0.0;22.53846153846154;22.64957264957265;25.0;25.0;0;0
204.244;0.0;0.0;0.0;22.53846153846154;22.64957264957265;25.0;25.0;0;0
204.349;0.0;0.0;0.0;22.53846153846154;22.64957264957265;25.0;25.0;0;0
204.459;0.0;0.0;0.0;22.53846153846154;22.64957264957265;25.0;25.0;0;0
204.566;0.0;0.0;0.0;22.53846153846154;22.64957264957265;25.0;25.0;0;0
204.678;0.0;0.0;0.0;22.53846153846154;22.64957264957265;25.0;25.0;0;0
204.783;0.0;0.0;0.0;22.53846153846154;22.64957264957265;25.0;25.0;0;0
204.885;0.0;0.0;0.0;22.53846153846154;22.64957264957265;25.0;25.0;0;0
205.001;0.0;0.0;0.0;22.48717948717949;22.64957264957265;25.0;25.0;0;0
205.104;0.0;0.0;0.0;22.48717948717949;22.64957264957265;25.0;25.0;0;0
205.209;0.0;0.0;0.0;22.48717948717949;22.64957264957265;25.0;25.0;0;0
205.328;0.0;0.0;0.0;22.48717948717949;22.64957264957265;25.0;25.0;0;0
205.445;0.0;0.0;0.0;22.48717948717949;22.64957264957265;25.0;25.0;0;0
205.548;0.0;0.0;0.0;22.48717948717949;22.64957264957265;25.0;25.0;0;0
205.652;0.0;0.0;0.0;22.48717948717949;22.64957264957265;25.0;25.0;0;0
205.762;0.0;0.0;0.0;22.48717948717949;22.64957264957265;25.0;25.0;0;0
205.875;0.0;0.0;0.0;22.48717948717949;22.64957264957265;25.0;25.0;0;0
205.987;0.0;0.0;0.0;22.48717948717949;22.64957264957265;25.0;25.0;0;0
206.089;0.0;0.0;0.0;22.48717948717949;22.64957264957265;25.0;25.0;0;0
206.199;0.0;0.0;0.0;22.48717948717949;22.64957264957265;25.0;25.0;0;0
206.301;0.0;0.0;0.0;22.48717948717949;22.64957264957265;25.0;25.0;0;0
206.422;0.0;0.0;0.0;22.48717948717949;22.64957264957265;25.0;25.0;0;0
206.53;0.0;0.0;0.0;22.48717948717949;22.64957264957265;25.0;25.0;0;0
206.649;0.0;0.0;0.0;22.48717948717949;22.64957264957265;25.0;25.0;0;0
206.757;0.0;0.0;0.0;22.48717948717949;22.64957264957265;25.0;25.0;0;0
206.863;0.0;0.0;0.0;22.48717948717949;22.64957264957265;25.0;25.0;0;0
206.972;0.0;0.0;0.0;22.53846153846154;22.64957264957265;25.0;25.0;0;0
207.084;0.0;0.0;0.0;22.53846153846154;22.64957264957265;25.0;25.0;0;0
207.185;0.0;0.0;0.0;22.53846153846154;22.64957264957265;25.0;25.0;0;0
207.292;0.0;0.0;0.0;22.53846153846154;22.64957264957265;25.0;25.0;0;0
207.399;0.0;0.0;0.0;22.53846153846154;22.64957264957265;25.0;25.0;0;0
207.521;0.0;0.0;0.0;22.53846153846154;22.64957264957265;25.0;25.0;0;0
207.623;0.0;0.0;0.0;22.53846153846154;22.64957264957265;25.0;25.0;0;0
207.726;0.0;0.0;0.0;22.53846153846154;22.64957264957265;25.0;25.0;0;0
207.835;0.0;0.0;0.0;22.53846153846154;22.64957264957265;25.0;25.0;0;0
207.954;0.0;0.0;0.0;22.53846153846154;22.64957264957265;25.0;25.0;0;0
208.06;0.0;0.0;0.0;22.48717948717949;22.64957264957265;25.0;25.0;0;0
208.165;0.0;0.0;0.0;22.48717948717949;22.64957264957265;25.0;25.0;0;0
208.283;0.0;0.0;0.0;22.48717948717949;22.64957264957265;25.0;25.0;0;0
208.385;0.0;0.0;0.0;22.48717948717949;22.64957264957265;25.0;25.0;0;0
208.487;0.0;0.0;0.0;22.48717948717949;22.64957264957265;25.0;25.0;0;0
208.605;0.0;0.0;0.0;22.48717948717949;22.64957264957265;25.0;25.0;0;0
208.707;0.0;0.0;0.0;22.48717948717949;22.64957264957265;25.0;25.0;0;0
208.809;0.0;0.0;0.0;22.48717948717949;22.64957264957265;25.0;25.0;0;0
208.926;0.0;0.0;0.0;22.48717948717949;22.64957264957265;25.0;25.0;0;0
209.027;0.0;0.0;0.0;22.53846153846154;22.64957264957265;25.0;25.0;0;0
209.146;0.0;0.0;0.0;22.53846153846154;22.64957264957265;25.0;25.0;0;0
209.285;0.0;0.0;0.0;22.53846153846154;22.64957264957265;25.0;25.0;0;0
209.389;0.0;0.0;0.0;22.53846153846154;22.64957264957265;25.0;25.0;0;0
209.498;0.0;0.0;0.0;22.53846153846154;22.64957264957265;25.0;25.0;0;0
209.613;0.0;0.0;0.0;22.53846153846154;22.64957264957265;25.0;25.0;0;0
209.717;0.0;0.0;0.0;22.53846153846154;22.64957264957265;25.0;25.0;0;0
209.837;0.0;0.0;0.0;22.53846153846154;22.64957264957265;25.0;25.0;0;0
209.95;0.0;0.0;0.0;22.53846153846154;22.64957264957265;25.0;25.0;0;0
210.066;0.0;0.0;0.0;22.53846153846154;22.64957264957265;25.0;25.0;0;0
210.169;0.0;0.0;0.0;22.53846153846154;22.64957264957265;25.0;25.0;0;0
210.269;0.0;0.0;0.0;22.53846153846154;22.64957264957265;25.0;25.0;0;0
210.376;0.0;0.0;0.0;22.53846153846154;22.64957264957265;25.0;25.0;0;0
210.477;0.0;0.0;0.0;22.53846153846154;22.64957264957265;25.0;25.0;0;0
210.592;0.0;0.0;0.0;22.53846153846154;22.64957264957265;25.0;25.0;0;0
210.706;0.0;0.0;0.0;22.53846153846154;22.64957264957265;25.0;25.0;0;0
210.824;0.0;0.0;0.0;22.53846153846154;22.64957264957265;25.0;25.0;0;0
210.925;0.0;0.0;0.0;22.53846153846154;22.64957264957265;25.0;25.0;0;0
211.049;0.0;0.0;0.0;22.53846153846154;22.64957264957265;25.0;25.0;0;0
211.15;0.0;0.0;0.0;22.53846153846154;22.64957264957265;25.0;25.0;0;0
211.25;0.0;0.0;0.0;22.53846153846154;22.64957264957265;25.0;25.0;0;0
211.366;0.0;0.0;0.0;22.53846153846154;22.64957264957265;25.0;25.0;0;0
211.48;0.0;0.0;0.0;22.53846153846154;22.64957264957265;25.0;25.0;0;0
211.586;0.0;0.0;0.0;22.53846153846154;22.64957264957265;25.0;25.0;0;0
211.687;0.0;0.0;0.0;22.53846153846154;22.64957264957265;25.0;25.0;0;0
211.802;0.0;0.0;0.0;22.53846153846154;22.64957264957265;25.0;25.0;0;0
211.903;0.0;0.0;0.0;22.53846153846154;22.64957264957265;25.0;25.0;0;0
212.003;0.0;0.0;0.0;22.53846153846154;22.64957264957265;25.0;25.0;0;0
212.146;0.0;0.0;0.0;22.53846153846154;22.64957264957265;25.0;25.0;0;0
212.247;0.0;0.0;0.0;22.53846153846154;22.64957264957265;25.0;25.0;0;0
212.35;0.0;0.0;0.0;22.53846153846154;22.64957264957265;25.0;25.0;0;0
212.451;0.0;0.0;0.0;22.53846153846154;22.64957264957265;25.0;25.0;0;0
212.568;0.0;0.0;0.0;22.53846153846154;22.64957264957265;25.0;25.0;0;0
212.673;0.0;0.0;0.0;22.53846153846154;22.64957264957265;25.0;25.0;0;0
212.788;0.0;0.0;0.0;22.53846153846154;22.64957264957265;25.0;25.0;0;0
212.89;0.0;0.0;0.0;22.53846153846154;22.64957264957265;25.0;25.0;0;0
212.991;0.0;0.0;0.0;22.53846153846154;22.64957264957265;25.0;25.0;0;0
213.108;0.0;0.0;0.0;22.53846153846154;22.64957264957265;25.0;25.0;0;0
213.227;0.0;0.0;0.0;22.53846153846154;22.64957264957265;25.0;25.0;0;0
213.327;0.0;0.0;0.0;22.53846153846154;22.64957264957265;25.0;25.0;0;0
213.444;0.0;0.0;0.0;22.53846153846154;22.64957264957265;25.0;25.0;0;0
213.551;0.0;0.0;0.0;22.53846153846154;22.64957264957265;25.0;25.0;0;0
213.665;0.0;0.0;0.0;22.53846153846154;22.64957264957265;25.0;25.0;0;0
213.772;0.0;0.0;0.0;22.53846153846154;22.64957264957265;25.0;25.0;0;0
213.882;0.0;0.0;0.0;22.53846153846154;22.64957264957265;25.0;25.0;0;0
213.985;0.0;0.0;0.0;22.48717948717949;22.64957264957265;25.0;25.0;0;0
214.086;0.0;0.0;0.0;22.48717948717949;22.64957264957265;25.0;25.0;0;0
214.195;0.0;0.0;0.0;22.48717948717949;22.64957264957265;25.0;25.0;0;0
214.321;0.0;0.0;0.0;22.48717948717949;22.64957264957265;25.0;25.0;0;0
214.428;0.0;0.0;0.0;22.48717948717949;22.64957264957265;25.0;25.0;0;0
214.54;0.0;0.0;0.0;22.48717948717949;22.64957264957265;25.0;25.0;0;0
214.642;0.0;0.0;0.0;22.48717948717949;22.64957264957265;25.0;25.0;0;0
214.758;0.0;0.0;0.0;22.48717948717949;22.64957264957265;25.0;25.0;0;0
214.877;0.0;0.0;0.0;22.48717948717949;22.64957264957265;25.0;25.0;0;0
215.003;0.0;0.0;0.0;22.53846153846154;22.64957264957265;25.0;25.0;0;0
215.116;0.0;0.0;0.0;22.53846153846154;22.64957264957265;25.0;25.0;0;0
215.221;0.0;0.0;0.0;22.53846153846154;22.64957264957265;25.0;25.0;0;0
215.322;0.0;0.0;0.0;22.53846153846154;22.64957264957265;25.0;25.0;0;0
215.439;0.0;0.0;0.0;22.53846153846154;22.64957264957265;25.0;25.0;0;0
215.551;0.0;0.0;0.0;22.53846153846154;22.64957264957265;25.0;25.0;0;0
215.655;0.0;0.0;0.0;22.53846153846154;22.64957264957265;25.0;25.0;0;0
215.764;0.0;0.0;0.0;22.53846153846154;22.64957264957265;25.0;25.0;0;0
215.87;0.0;0.0;0.0;22.53846153846154;22.64957264957265;25.0;25.0;0;0
215.981;0.0;0.0;0.0;22.53846153846154;22.64957264957265;25.0;25.0;0;0
216.082;0.0;0.0;0.0;22.53846153846154;22.64957264957265;25.0;25.0;0;0
216.183;0.0;0.0;0.0;22.53846153846154;22.64957264957265;25.0;25.0;0;0
216.306;0.0;0.0;0.0;22.53846153846154;22.64957264957265;25.0;25.0;0;0
216.412;0.0;0.0;0.0;22.53846153846154;22.64957264957265;25.0;25.0;0;0
216.528;0.0;0.0;0.0;22.53846153846154;22.64957264957265;25.0;25.0;0;0
216.631;0.0;0.0;0.0;22.53846153846154;22.64957264957265;25.0;25.0;0;0
216.753;0.0;0.0;0.0;22.53846153846154;22.64957264957265;25.0;25.0;0;0
216.865;0.0;0.0;0.0;22.53846153846154;22.64957264957265;25.0;25.0;0;0
216.972;0.0;0.0;0.0;22.48717948717949;22.64957264957265;25.0;25.0;0;0
217.079;0.0;0.0;0.0;22.48717948717949;22.64957264957265;25.0;25.0;0;0
217.188;0.0;0.0;0.0;22.48717948717949;22.64957264957265;25.0;25.0;0;0
217.294;0.0;0.0;0.0;22.48717948717949;22.64957264957265;25.0;25.0;0;0
217.404;0.0;0.0;0.0;22.48717948717949;22.64957264957265;25.0;25.0;0;0
217.515;0.0;0.0;0.0;22.48717948717949;22.64957264957265;25.0;25.0;0;0
217.618;0.0;0.0;0.0;22.48717948717949;22.64957264957265;25.0;25.0;0;0
217.724;0.0;0.0;0.0;22.48717948717949;22.64957264957265;25.0;25.0;0;0
217.835;0.0;0.0;0.0;22.48717948717949;22.64957264957265;25.0;25.0;0;0
217.942;0.0;0.0;0.0;22.48717948717949;22.64957264957265;25.0;25.0;0;0
218.057;0.0;0.0;0.0;22.53846153846154;22.64957264957265;25.0;25.0;0;0
218.174;0.0;0.0;0.0;22.53846153846154;22.64957264957265;25.0;25.0;0;0
218.277;0.0;0.0;0.0;22.53846153846154;22.64957264957265;25.0;25.0;0;0
218.401;0.0;0.0;0.0;22.53846153846154;22.64957264957265;25.0;25.0;0;0
218.507;0.0;0.0;0.0;22.53846153846154;22.64957264957265;25.0;25.0;0;0
218.61;0.0;0.0;0.0;22.53846153846154;22.64957264957265;25.0;25.0;0;0
218.723;0.0;0.0;0.0;22.53846153846154;22.64957264957265;25.0;25.0;0;0
218.839;0.0;0.0;0.0;22.53846153846154;22.64957264957265;25.0;25.0;0;0
218.949;0.0;0.0;0.0;22.53846153846154;22.64957264957265;25.0;25.0;0;0
219.057;0.0;0.0;0.0;22.53846153846154;22.64957264957265;25.0;25.0;0;0
219.167;0.0;0.0;0.0;22.53846153846154;22.64957264957265;25.0;25.0;0;0
219.275;0.0;0.0;0.0;22.53846153846154;22.64957264957265;25.0;25.0;0;0
219.383;0.0;0.0;0.0;22.53846153846154;22.64957264957265;25.0;25.0;0;0
219.488;0.0;0.0;0.0;22.53846153846154;22.64957264957265;25.0;25.0;0;0
219.597;0.0;0.0;0.0;22.53846153846154;22.64957264957265;25.0;25.0;0;0
219.7;0.0;0.0;0.0;22.53846153846154;22.64957264957265;25.0;25.0;0;0
219.816;0.0;0.0;0.0;22.53846153846154;22.64957264957265;25.0;25.0;0;0
219.931;0.0;0.0;0.0;22.48717948717949;22.64957264957265;25.0;25.0;0;0
220.035;0.0;0.0;0.0;22.48717948717949;22.64957264957265;25.0;25.0;0;0
220.161;0.0;0.0;0.0;22.48717948717949;22.64957264957265;25.0;25.0;0;0
220.268;0.0;0.0;0.0;22.48717948717949;22.64957264957265;25.0;25.0;0;0
220.379;0.0;0.0;0.0;22.48717948717949;22.64957264957265;25.0;25.0;0;0
220.486;0.0;0.0;0.0;22.48717948717949;22.64957264957265;25.0;25.0;0;0
220.586;0.0;0.0;0.0;22.48717948717949;22.64957264957265;25.0;25.0;0;0
220.692;0.0;0.0;0.0;22.48717948717949;22.64957264957265;25.0;25.0;0;0
220.821;0.0;0.0;0.0;22.48717948717949;22.64957264957265;25.0;25.0;0;0
220.926;0.0;0.0;0.0;22.48717948717949;22.64957264957265;25.0;25.0;0;0
221.03;0.0;0.0;0.0;22.48717948717949;22.64957264957265;25.0;25.0;0;0
221.138;0.0;0.0;0.0;22.48717948717949;22.64957264957265;25.0;25.0;0;0
221.242;0.0;0.0;0.0;22.48717948717949;22.64957264957265;25.0;25.0;0;0
221.35;0.0;0.0;0.0;22.48717948717949;22.64957264957265;25.0;25.0;0;0
221.454;0.0;0.0;0.0;22.48717948717949;22.64957264957265;25.0;25.0;0;0
221.555;0.0;0.0;0.0;22.48717948717949;22.64957264957265;25.0;25.0;0;0
221.673;0.0;0.0;0.0;22.48717948717949;22.64957264957265;25.0;25.0;0;0
221.797;0.0;0.0;0.0;22.48717948717949;22.64957264957265;25.0;25.0;0;0
221.909;0.0;0.0;0.0;22.53846153846154;22.64957264957265;25.0;25.0;0;0
222.02;0.0;0.0;0.0;22.53846153846154;22.64957264957265;25.0;25.0;0;0
222.135;0.0;0.0;0.0;22.53846153846154;22.64957264957265;25.0;25.0;0;0
222.242;0.0;0.0;0.0;22.53846153846154;22.64957264957265;25.0;25.0;0;0
222.348;0.0;0.0;0.0;22.53846153846154;22.64957264957265;25.0;25.0;0;0
222.451;0.0;0.0;0.0;22.53846153846154;22.64957264957265;25.0;25.0;0;0
222.563;0.0;0.0;0.0;22.53846153846154;22.64957264957265;25.0;25.0;0;0
222.678;0.0;0.0;0.0;22.53846153846154;22.64957264957265;25.0;25.0;0;0
222.78;0.0;0.0;0.0;22.53846153846154;22.64957264957265;25.0;25.0;0;0
222.892;0.0;0.0;0.0;22.53846153846154;22.64957264957265;25.0;25.0;0;0
222.996;0.0;0.0;0.0;22.53846153846154;22.64957264957265;25.0;25.0;0;0
223.113;0.0;0.0;0.0;22.53846153846154;22.64957264957265;25.0;25.0;0;0
223.224;0.0;0.0;0.0;22.53846153846154;22.64957264957265;25.0;25.0;0;0
223.326;0.0;0.0;0.0;22.53846153846154;22.64957264957265;25.0;25.0;0;0
223.434;0.0;0.0;0.0;22.53846153846154;22.64957264957265;25.0;25.0;0;0
223.548;0.0;0.0;0.0;22.53846153846154;22.64957264957265;25.0;25.0;0;0
223.648;0.0;0.0;0.0;22.53846153846154;22.64957264957265;25.0;25.0;0;0
223.765;0.0;0.0;0.0;22.53846153846154;22.64957264957265;25.0;25.0;0;0
223.87;0.0;0.0;0.0;22.53846153846154;22.64957264957265;25.0;25.0;0;0
223.989;0.0;0.0;0.0;22.53846153846154;22.64957264957265;25.0;25.0;0;0
224.099;0.0;0.0;0.0;22.53846153846154;22.64957264957265;25.0;25.0;0;0
224.239;0.0;0.0;0.0;22.53846153846154;22.64957264957265;25.0;25.0;0;0
224.358;0.0;0.0;0.0;22.53846153846154;22.64957264957265;25.0;25.0;0;0
224.463;0.0;0.0;0.0;22.53846153846154;22.64957264957265;25.0;25.0;0;0
224.567;0.0;0.0;0.0;22.53846153846154;22.64957264957265;25.0;25.0;0;0
224.672;0.0;0.0;0.0;22.53846153846154;22.64957264957265;25.0;25.0;0;0
224.773;0.0;0.0;0.0;22.53846153846154;22.64957264957265;25.0;25.0;0;0
224.885;0.0;0.0;0.0;22.53846153846154;22.64957264957265;25.0;25.0;0;0
225.006;0.0;0.0;0.0;22.53846153846154;22.64957264957265;25.0;25.0;0;0
225.118;0.0;0.0;0.0;22.53846153846154;22.64957264957265;25.0;25.0;0;0
225.227;0.0;0.0;0.0;22.53846153846154;22.64957264957265;25.0;25.0;0;0
225.336;0.0;0.0;0.0;22.53846153846154;22.64957264957265;25.0;25.0;0;0
225.441;0.0;0.0;0.0;22.53846153846154;22.64957264957265;25.0;25.0;0;0
225.552;0.0;0.0;0.0;22.53846153846154;22.64957264957265;25.0;25.0;0;0
225.659;0.0;0.0;0.0;22.53846153846154;22.64957264957265;25.0;25.0;0;0
225.762;0.0;0.0;0.0;22.53846153846154;22.64957264957265;25.0;25.0;0;0
225.884;0.0;0.0;0.0;22.53846153846154;22.64957264957265;25.0;25.0;0;0
225.986;0.0;0.0;0.0;22.53846153846154;22.64957264957265;25.0;25.0;0;0
226.087;0.0;0.0;0.0;22.53846153846154;22.64957264957265;25.0;25.0;0;0
226.214;0.0;0.0;0.0;22.53846153846154;22.64957264957265;25.0;25.0;0;0
226.319;0.0;0.0;0.0;22.53846153846154;22.64957264957265;25.0;25.0;0;0
226.426;0.0;0.0;0.0;22.53846153846154;22.64957264957265;25.0;25.0;0;0
226.527;0.0;0.0;0.0;22.53846153846154;22.64957264957265;25.0;25.0;0;0
226.628;0.0;0.0;0.0;22.53846153846154;22.64957264957265;25.0;25.0;0;0
226.73;0.0;0.0;0.0;22.53846153846154;22.64957264957265;25.0;25.0;0;0
226.836;0.0;0.0;0.0;22.53846153846154;22.64957264957265;25.0;25.0;0;0
226.94;0.0;0.0;0.0;22.53846153846154;22.64957264957265;25.0;25.0;0;0
227.051;0.0;0.0;0.0;22.48717948717949;22.64957264957265;25.0;25.0;0;0
227.161;0.0;0.0;0.0;22.48717948717949;22.64957264957265;25.0;25.0;0;0
227.272;0.0;0.0;0.0;22.48717948717949;22.64957264957265;25.0;25.0;0;0
227.383;0.0;0.0;0.0;22.48717948717949;22.64957264957265;25.0;25.0;0;0
227.496;0.0;0.0;0.0;22.48717948717949;22.64957264957265;25.0;25.0;0;0
227.605;0.0;0.0;0.0;22.48717948717949;22.64957264957265;25.0;25.0;0;0
227.716;0.0;0.0;0.0;22.48717948717949;22.64957264957265;25.0;25.0;0;0
227.825;0.0;0.0;0.0;22.48717948717949;22.64957264957265;25.0;25.0;0;0
227.935;0.0;0.0;0.0;22.48717948717949;22.64957264957265;25.0;25.0;0;0
228.044;0.0;0.0;0.0;22.53846153846154;22.64957264957265;25.0;25.0;0;0
228.154;0.0;0.0;0.0;22.53846153846154;22.64957264957265;25.0;25.0;0;0
228.274;0.0;0.0;0.0;22.53846153846154;22.64957264957265;25.0;25.0;0;0
