Time_Sec;Pos_H;Pos_V;Pos_R;Temp_A;Temp_B;Set_A;Set_B;Stable_A;Stable_B
0.003;0.0;0.0;0.0;22.435897435897438;22.37606837606838;25.0;25.0;0;0
0.104;0.0;0.0;0.0;22.435897435897438;22.37606837606838;25.0;25.0;0;0
0.204;0.0;0.0;0.0;22.435897435897438;22.324786324786327;25.0;25.0;0;0
0.304;0.0;0.0;0.0;22.435897435897438;22.324786324786327;25.0;25.0;0;0
0.405;0.0;0.0;0.0;22.435897435897438;22.324786324786327;25.0;25.0;0;0
0.508;0.0;0.0;0.0;22.435897435897438;22.324786324786327;25.0;25.0;0;0
0.611;0.0;0.0;0.0;22.435897435897438;22.324786324786327;25.0;25.0;0;0
0.723;0.0;0.0;0.0;22.435897435897438;22.324786324786327;25.0;25.0;0;0
0.823;0.0;0.0;0.0;22.435897435897438;22.324786324786327;25.0;25.0;0;0
0.924;0.0;0.0;0.0;22.435897435897438;22.324786324786327;25.0;25.0;0;0
1.026;0.0;0.0;0.0;22.435897435897438;22.324786324786327;25.0;25.0;0;0
1.128;0.0;0.0;0.0;22.435897435897438;22.324786324786327;25.0;25.0;0;0
1.245;0.0;0.0;0.0;22.435897435897438;22.324786324786327;25.0;25.0;0;0
1.348;0.0;0.0;0.0;22.435897435897438;22.324786324786327;25.0;25.0;0;0
1.461;0.0;0.0;0.0;22.435897435897438;22.324786324786327;25.0;25.0;0;0
1.571;0.0;0.0;0.0;22.435897435897438;22.324786324786327;25.0;25.0;0;0
1.683;0.0;0.0;0.0;22.435897435897438;22.324786324786327;25.0;25.0;0;0
1.785;0.0;0.0;0.0;22.435897435897438;22.324786324786327;25.0;25.0;0;0
1.888;0.0;0.0;0.0;22.435897435897438;22.324786324786327;25.0;25.0;0;0
1.988;0.0;0.0;0.0;22.435897435897438;22.324786324786327;25.0;25.0;0;0
2.089;0.0;0.0;0.0;22.435897435897438;22.324786324786327;25.0;25.0;0;0
2.189;0.0;0.0;0.0;22.435897435897438;22.37606837606838;25.0;25.0;0;0
2.289;0.0;0.0;0.0;22.435897435897438;22.37606837606838;25.0;25.0;0;0
2.39;0.0;0.0;0.0;22.435897435897438;22.37606837606838;25.0;25.0;0;0
2.491;0.0;0.0;0.0;22.435897435897438;22.37606837606838;25.0;25.0;0;0
2.592;0.0;0.0;0.0;22.435897435897438;22.37606837606838;25.0;25.0;0;0
2.698;0.0;0.0;0.0;22.435897435897438;22.37606837606838;25.0;25.0;0;0
2.8;0.0;0.0;0.0;22.435897435897438;22.37606837606838;25.0;25.0;0;0
2.906;0.0;0.0;0.0;22.435897435897438;22.37606837606838;25.0;25.0;0;0
3.016;0.0;0.0;0.0;22.435897435897438;22.37606837606838;25.0;25.0;0;0
3.117;0.0;0.0;0.0;22.435897435897438;22.37606837606838;25.0;25.0;0;0
3.223;0.0;0.0;0.0;22.37606837606838;22.37606837606838;25.0;25.0;0;0
3.332;0.0;0.0;0.0;22.37606837606838;22.37606837606838;25.0;25.0;0;0
3.446;0.0;0.0;0.0;22.37606837606838;22.37606837606838;25.0;25.0;0;0
3.556;0.0;0.0;0.0;22.37606837606838;22.37606837606838;25.0;25.0;0;0
3.668;0.0;0.0;0.0;22.37606837606838;22.37606837606838;25.0;25.0;0;0
3.769;0.0;0.0;0.0;22.37606837606838;22.37606837606838;25.0;25.0;0;0
3.891;0.0;0.0;0.0;22.37606837606838;22.37606837606838;25.0;25.0;0;0
4.002;0.0;0.0;0.0;22.37606837606838;22.37606837606838;25.0;25.0;0;0
4.113;0.0;0.0;0.0;22.37606837606838;22.37606837606838;25.0;25.0;0;0
4.224;0.0;0.0;0.0;22.435897435897438;22.324786324786327;25.0;25.0;0;0
4.335;0.0;0.0;0.0;22.435897435897438;22.324786324786327;25.0;25.0;0;0
4.448;0.0;0.0;0.0;22.435897435897438;22.324786324786327;25.0;25.0;0;0
4.56;0.0;0.0;0.0;22.435897435897438;22.324786324786327;25.0;25.0;0;0
4.661;0.0;0.0;0.0;22.435897435897438;22.324786324786327;25.0;25.0;0;0
4.767;0.0;0.0;0.0;22.435897435897438;22.324786324786327;25.0;25.0;0;0
4.867;0.0;0.0;0.0;22.435897435897438;22.324786324786327;25.0;25.0;0;0
4.971;0.0;0.0;0.0;22.435897435897438;22.324786324786327;25.0;25.0;0;0
5.084;0.0;0.0;0.0;22.435897435897438;22.324786324786327;25.0;25.0;0;0
5.193;0.0;0.0;0.0;22.435897435897438;22.324786324786327;25.0;25.0;0;0
5.293;0.0;0.0;0.0;22.37606837606838;22.37606837606838;25.0;25.0;0;0
5.402;0.0;0.0;0.0;22.37606837606838;22.37606837606838;25.0;25.0;0;0
5.502;0.0;0.0;0.0;22.37606837606838;22.37606837606838;25.0;25.0;0;0
5.604;0.0;0.0;0.0;22.37606837606838;22.37606837606838;25.0;25.0;0;0
5.705;0.0;0.0;0.0;22.37606837606838;22.37606837606838;25.0;25.0;0;0
5.805;0.0;0.0;0.0;22.37606837606838;22.37606837606838;25.0;25.0;0;0
5.906;0.0;0.0;0.0;22.37606837606838;22.37606837606838;25.0;25.0;0;0
6.009;0.0;0.0;0.0;22.37606837606838;22.37606837606838;25.0;25.0;0;0
6.11;0.0;0.0;0.0;22.37606837606838;22.37606837606838;25.0;25.0;0;0
6.218;0.0;0.0;0.0;22.435897435897438;22.324786324786327;25.0;25.0;0;0
6.321;0.0;0.0;0.0;22.435897435897438;22.324786324786327;25.0;25.0;0;0
6.421;0.0;0.0;0.0;22.435897435897438;22.324786324786327;25.0;25.0;0;0
6.524;0.0;0.0;0.0;22.435897435897438;22.324786324786327;25.0;25.0;0;0
6.628;0.0;0.0;0.0;22.435897435897438;22.324786324786327;25.0;25.0;0;0
6.739;0.0;0.0;0.0;22.435897435897438;22.324786324786327;25.0;25.0;0;0
6.841;0.0;0.0;0.0;22.435897435897438;22.324786324786327;25.0;25.0;0;0
6.951;0.0;0.0;0.0;22.435897435897438;22.324786324786327;25.0;25.0;0;0
7.055;0.0;0.0;0.0;22.435897435897438;22.324786324786327;25.0;25.0;0;0
7.156;0.0;0.0;0.0;22.435897435897438;22.324786324786327;25.0;25.0;0;0
7.256;0.0;0.0;0.0;22.435897435897438;22.37606837606838;25.0;25.0;0;0
7.356;0.0;0.0;0.0;22.435897435897438;22.37606837606838;25.0;25.0;0;0
7.457;0.0;0.0;0.0;22.435897435897438;22.37606837606838;25.0;25.0;0;0
7.557;0.0;0.0;0.0;22.435897435897438;22.37606837606838;25.0;25.0;0;0
7.658;0.0;0.0;0.0;22.435897435897438;22.37606837606838;25.0;25.0;0;0
7.76;0.0;0.0;0.0;22.435897435897438;22.37606837606838;25.0;25.0;0;0
7.864;0.0;0.0;0.0;22.435897435897438;22.37606837606838;25.0;25.0;0;0
7.965;0.0;0.0;0.0;22.435897435897438;22.37606837606838;25.0;25.0;0;0
8.076;0.0;0.0;0.0;22.435897435897438;22.37606837606838;25.0;25.0;0;0
8.184;0.0;0.0;0.0;22.435897435897438;22.37606837606838;25.0;25.0;0;0
8.285;0.0;0.0;0.0;22.435897435897438;22.37606837606838;25.0;25.0;0;0
8.389;0.0;0.0;0.0;22.435897435897438;22.37606837606838;25.0;25.0;0;0
8.502;0.0;0.0;0.0;22.435897435897438;22.37606837606838;25.0;25.0;0;0
8.612;0.0;0.0;0.0;22.435897435897438;22.37606837606838;25.0;25.0;0;0
8.72;0.0;0.0;0.0;22.435897435897438;22.37606837606838;25.0;25.0;0;0
8.826;0.0;0.0;0.0;22.435897435897438;22.37606837606838;25.0;25.0;0;0
8.944;0.0;0.0;0.0;22.435897435897438;22.37606837606838;25.0;25.0;0;0
9.057;0.0;0.0;0.0;22.435897435897438;22.37606837606838;25.0;25.0;0;0
9.166;0.0;0.0;0.0;22.435897435897438;22.37606837606838;25.0;25.0;0;0
9.282;0.0;0.0;0.0;22.435897435897438;22.37606837606838;25.0;25.0;0;0
9.388;0.0;0.0;0.0;22.435897435897438;22.37606837606838;25.0;25.0;0;0
9.499;0.0;0.0;0.0;22.435897435897438;22.37606837606838;25.0;25.0;0;0
9.611;0.0;0.0;0.0;22.435897435897438;22.37606837606838;25.0;25.0;0;0
9.723;0.0;0.0;0.0;22.435897435897438;22.37606837606838;25.0;25.0;0;0
9.833;0.0;0.0;0.0;22.435897435897438;22.37606837606838;25.0;25.0;0;0
9.946;0.0;0.0;0.0;22.435897435897438;22.37606837606838;25.0;25.0;0;0
10.059;0.0;0.0;0.0;22.435897435897438;22.37606837606838;25.0;25.0;0;0
10.159;0.0;0.0;0.0;22.435897435897438;22.37606837606838;25.0;25.0;0;0
10.261;0.0;0.0;0.0;22.37606837606838;22.324786324786327;25.0;25.0;0;0
10.362;0.0;0.0;0.0;22.37606837606838;22.324786324786327;25.0;25.0;0;0
10.462;0.0;0.0;0.0;22.37606837606838;22.324786324786327;25.0;25.0;0;0
10.563;0.0;0.0;0.0;22.37606837606838;22.324786324786327;25.0;25.0;0;0
10.663;0.0;0.0;0.0;22.37606837606838;22.324786324786327;25.0;25.0;0;0
10.764;0.0;0.0;0.0;22.37606837606838;22.324786324786327;25.0;25.0;0;0
10.864;0.0;0.0;0.0;22.37606837606838;22.324786324786327;25.0;25.0;0;0
10.966;0.0;0.0;0.0;22.37606837606838;22.324786324786327;25.0;25.0;0;0
11.069;0.0;0.0;0.0;22.37606837606838;22.324786324786327;25.0;25.0;0;0
11.17;0.0;0.0;0.0;22.435897435897438;22.37606837606838;25.0;25.0;0;0
11.28;0.0;0.0;0.0;22.435897435897438;22.37606837606838;25.0;25.0;0;0
11.389;0.0;0.0;0.0;22.435897435897438;22.37606837606838;25.0;25.0;0;0
11.499;0.0;0.0;0.0;22.435897435897438;22.37606837606838;25.0;25.0;0;0
11.601;0.0;0.0;0.0;22.435897435897438;22.37606837606838;25.0;25.0;0;0
11.709;0.0;0.0;0.0;22.435897435897438;22.37606837606838;25.0;25.0;0;0
11.819;0.0;0.0;0.0;22.435897435897438;22.37606837606838;25.0;25.0;0;0
11.93;0.0;0.0;0.0;22.435897435897438;22.37606837606838;25.0;25.0;0;0
12.041;0.0;0.0;0.0;22.435897435897438;22.37606837606838;25.0;25.0;0;0
12.152;0.0;0.0;0.0;22.435897435897438;22.37606837606838;25.0;25.0;0;0
12.252;0.0;0.0;0.0;22.435897435897438;22.37606837606838;25.0;25.0;0;0
12.354;0.1525;0.0;0.0;22.435897435897438;22.37606837606838;25.0;25.0;0;0
12.468;0.6675;0.0;0.0;22.435897435897438;22.37606837606838;25.0;25.0;0;0
12.586;1.42625;0.0;0.0;22.435897435897438;22.37606837606838;25.0;25.0;0;0
12.693;1.9375;0.0;0.0;22.435897435897438;22.37606837606838;25.0;25.0;0;0
12.803;2.4425;0.0;0.0;22.435897435897438;22.37606837606838;25.0;25.0;0;0
12.913;2.95375;0.0;0.0;22.435897435897438;22.37606837606838;25.0;25.0;0;0
13.024;3.4625;0.0;0.0;22.435897435897438;22.37606837606838;25.0;25.0;0;0
13.125;4.22125;0.0;0.0;22.435897435897438;22.37606837606838;25.0;25.0;0;0
13.227;4.4775;0.0;0.0;22.435897435897438;22.324786324786327;25.0;25.0;0;0
13.338;4.9525;0.0;0.0;22.435897435897438;22.324786324786327;25.0;25.0;0;0
13.458;5.0;0.0;0.0;22.435897435897438;22.324786324786327;25.0;25.0;0;0
13.563;5.0;0.0;0.0;22.435897435897438;22.324786324786327;25.0;25.0;0;0
13.675;5.0;0.0;0.0;22.435897435897438;22.324786324786327;25.0;25.0;0;0
13.786;5.0;0.0;0.0;22.435897435897438;22.324786324786327;25.0;25.0;0;0
13.895;5.0;0.0;0.0;22.435897435897438;22.324786324786327;25.0;25.0;0;0
14.007;5.0;0.0;0.0;22.435897435897438;22.324786324786327;25.0;25.0;0;0
14.117;5.0;0.0;0.0;22.435897435897438;22.324786324786327;25.0;25.0;0;0
14.219;5.0;0.0;0.0;22.435897435897438;22.37606837606838;25.0;25.0;0;0
14.322;5.0;0.0;0.0;22.435897435897438;22.37606837606838;25.0;25.0;0;0
14.434;5.0;0.0;0.0;22.435897435897438;22.37606837606838;25.0;25.0;0;0
14.544;5.0;0.0;0.0;22.435897435897438;22.37606837606838;25.0;25.0;0;0
14.648;5.0;0.0;0.0;22.435897435897438;22.37606837606838;25.0;25.0;0;0
14.768;5.0;0.0;0.0;22.435897435897438;22.37606837606838;25.0;25.0;0;0
14.879;5.0;0.0;0.0;22.435897435897438;22.37606837606838;25.0;25.0;0;0
14.99;5.0;0.0;0.0;22.435897435897438;22.37606837606838;25.0;25.0;0;0
15.101;5.0;0.0;0.0;22.435897435897438;22.37606837606838;25.0;25.0;0;0
15.212;5.0;0.0;0.0;22.435897435897438;22.37606837606838;25.0;25.0;0;0
15.323;5.0;0.0;0.0;22.435897435897438;22.37606837606838;25.0;25.0;0;0
15.436;5.0;0.0;0.0;22.435897435897438;22.37606837606838;25.0;25.0;0;0
15.538;5.0;0.0;0.0;22.435897435897438;22.37606837606838;25.0;25.0;0;0
15.641;5.0;0.0;0.0;22.435897435897438;22.37606837606838;25.0;25.0;0;0
15.753;5.0;0.0;0.0;22.435897435897438;22.37606837606838;25.0;25.0;0;0
15.864;5.0;0.0;0.0;22.435897435897438;22.37606837606838;25.0;25.0;0;0
15.975;5.0;0.0;0.0;22.435897435897438;22.37606837606838;25.0;25.0;0;0
16.077;5.0;0.0;0.0;22.435897435897438;22.37606837606838;25.0;25.0;0;0
16.18;5.0;0.0;0.0;22.435897435897438;22.37606837606838;25.0;25.0;0;0
16.28;5.0;0.0;0.0;22.435897435897438;22.37606837606838;25.0;25.0;0;0
16.381;5.0;0.0;0.0;22.435897435897438;22.37606837606838;25.0;25.0;0;0
16.481;5.0;0.0;0.0;22.435897435897438;22.37606837606838;25.0;25.0;0;0
16.582;5.0;0.0;0.0;22.435897435897438;22.37606837606838;25.0;25.0;0;0
16.683;5.0;0.0;0.0;22.435897435897438;22.37606837606838;25.0;25.0;0;0
16.783;5.0;0.0;0.0;22.435897435897438;22.37606837606838;25.0;25.0;0;0
16.886;5.0;0.0;0.0;22.435897435897438;22.37606837606838;25.0;25.0;0;0
16.987;5.0;0.0;0.0;22.435897435897438;22.37606837606838;25.0;25.0;0;0
17.088;5.0;0.0;0.0;22.435897435897438;22.37606837606838;25.0;25.0;0;0
17.188;5.0;0.0;0.0;22.435897435897438;22.324786324786327;25.0;25.0;0;0
17.292;5.0;0.0;0.0;22.435897435897438;22.324786324786327;25.0;25.0;0;0
17.402;5.0;0.0;0.0;22.435897435897438;22.324786324786327;25.0;25.0;0;0
17.511;5.0;0.0;0.0;22.435897435897438;22.324786324786327;25.0;25.0;0;0
17.622;5.0;0.0;0.0;22.435897435897438;22.324786324786327;25.0;25.0;0;0
17.732;5.0;0.0;0.0;22.435897435897438;22.324786324786327;25.0;25.0;0;0
17.844;5.0;0.0;0.0;22.435897435897438;22.324786324786327;25.0;25.0;0;0
17.945;5.0;0.0;0.0;22.435897435897438;22.324786324786327;25.0;25.0;0;0
18.048;5.0;0.0;0.0;22.435897435897438;22.324786324786327;25.0;25.0;0;0
18.151;5.0;0.0;0.0;22.435897435897438;22.324786324786327;25.0;25.0;0;0
18.256;5.0;0.0;0.0;22.37606837606838;22.37606837606838;25.0;25.0;0;0
18.356;5.0;0.0;0.0;22.37606837606838;22.37606837606838;25.0;25.0;0;0
18.457;5.0;0.0;0.0;22.37606837606838;22.37606837606838;25.0;25.0;0;0
18.557;5.0;0.0;0.0;22.37606837606838;22.37606837606838;25.0;25.0;0;0
18.657;5.0;0.0;0.0;22.37606837606838;22.37606837606838;25.0;25.0;0;0
18.758;5.0;0.0;0.0;22.37606837606838;22.37606837606838;25.0;25.0;0;0
18.859;5.0;0.0;0.0;22.37606837606838;22.37606837606838;25.0;25.0;0;0
18.961;5.0;0.0;0.0;22.37606837606838;22.37606837606838;25.0;25.0;0;0
19.066;5.0;0.0;0.0;22.37606837606838;22.37606837606838;25.0;25.0;0;0
19.167;5.0;0.0;0.0;22.37606837606838;22.37606837606838;25.0;25.0;0;0
19.272;5.0;0.0;0.0;22.435897435897438;22.37606837606838;25.0;25.0;0;0
19.373;5.0;0.0;0.0;22.435897435897438;22.37606837606838;25.0;25.0;0;0
19.476;5.0;0.0;0.0;22.435897435897438;22.37606837606838;25.0;25.0;0;0
19.586;5.0;0.0;0.0;22.435897435897438;22.37606837606838;25.0;25.0;0;0
19.699;5.0;0.0;0.0;22.435897435897438;22.37606837606838;25.0;25.0;0;0
19.801;5.0;0.0;0.0;22.435897435897438;22.37606837606838;25.0;25.0;0;0
19.904;5.0;0.0;0.0;22.435897435897438;22.37606837606838;25.0;25.0;0;0
20.005;5.0;0.0;0.0;22.435897435897438;22.37606837606838;25.0;25.0;0;0
20.105;5.0;0.0;0.0;22.435897435897438;22.37606837606838;25.0;25.0;0;0
20.206;5.0;0.0;0.0;22.435897435897438;22.37606837606838;25.0;25.0;0;0
20.306;5.0;0.0;0.0;22.435897435897438;22.37606837606838;25.0;25.0;0;0
20.408;5.0;0.0;0.0;22.435897435897438;22.37606837606838;25.0;25.0;0;0
20.511;5.0;0.0;0.0;22.435897435897438;22.37606837606838;25.0;25.0;0;0
20.612;5.0;0.0;0.0;22.435897435897438;22.37606837606838;25.0;25.0;0;0
20.713;5.0;0.0;0.0;22.435897435897438;22.37606837606838;25.0;25.0;0;0
20.816;5.0;0.0;0.0;22.435897435897438;22.37606837606838;25.0;25.0;0;0
20.918;5.0;0.0;0.0;22.435897435897438;22.37606837606838;25.0;25.0;0;0
21.028;5.0;0.0;0.0;22.435897435897438;22.37606837606838;25.0;25.0;0;0
21.14;5.0;0.0;0.0;22.435897435897438;22.37606837606838;25.0;25.0;0;0
21.251;5.0;0.0;0.0;22.435897435897438;22.37606837606838;25.0;25.0;0;0
21.361;5.0;0.0;0.0;22.435897435897438;22.37606837606838;25.0;25.0;0;0
21.472;5.0;0.0;0.0;22.435897435897438;22.37606837606838;25.0;25.0;0;0
21.583;5.0;0.0;0.0;22.435897435897438;22.37606837606838;25.0;25.0;0;0
21.683;5.0;0.0;0.0;22.435897435897438;22.37606837606838;25.0;25.0;0;0
21.787;5.0;0.0;0.0;22.435897435897438;22.37606837606838;25.0;25.0;0;0
21.9;5.0;0.0;0.0;22.435897435897438;22.37606837606838;25.0;25.0;0;0
22.012;5.0;0.0;0.0;22.435897435897438;22.37606837606838;25.0;25.0;0;0
22.122;5.0;0.0;0.0;22.435897435897438;22.37606837606838;25.0;25.0;0;0
22.23;5.0;0.0;0.0;22.435897435897438;22.37606837606838;25.0;25.0;0;0
22.341;5.0;0.0;0.0;22.435897435897438;22.324786324786327;25.0;25.0;0;0
22.451;5.0;0.0;0.0;22.435897435897438;22.324786324786327;25.0;25.0;0;0
22.563;5.0;0.0;0.0;22.435897435897438;22.324786324786327;25.0;25.0;0;0
22.665;5.0;0.0;0.0;22.435897435897438;22.324786324786327;25.0;25.0;0;0
22.77;5.0;0.0;0.0;22.435897435897438;22.324786324786327;25.0;25.0;0;0
22.877;5.0;0.0;0.0;22.435897435897438;22.324786324786327;25.0;25.0;0;0
22.988;5.0;0.0;0.0;22.435897435897438;22.324786324786327;25.0;25.0;0;0
23.096;5.0;0.0;0.0;22.435897435897438;22.324786324786327;25.0;25.0;0;0
23.206;5.0;0.0;0.0;22.435897435897438;22.324786324786327;25.0;25.0;0;0
23.318;5.0;0.0;0.0;22.435897435897438;22.324786324786327;25.0;25.0;0;0
23.42;5.0;0.0;0.0;22.435897435897438;22.324786324786327;25.0;25.0;0;0
23.529;5.0;0.0;0.0;22.435897435897438;22.324786324786327;25.0;25.0;0;0
23.635;5.0;0.0;0.0;22.435897435897438;22.324786324786327;25.0;25.0;0;0
23.736;5.0;0.0;0.0;22.435897435897438;22.324786324786327;25.0;25.0;0;0
23.836;5.0;0.0;0.0;22.435897435897438;22.324786324786327;25.0;25.0;0;0
23.937;5.0;0.0;0.0;22.435897435897438;22.324786324786327;25.0;25.0;0;0
24.037;5.0;0.0;0.0;22.435897435897438;22.324786324786327;25.0;25.0;0;0
24.138;5.0;0.0;0.0;22.435897435897438;22.324786324786327;25.0;25.0;0;0
24.239;5.0;0.0;0.0;22.435897435897438;22.324786324786327;25.0;25.0;0;0
24.34;5.0;0.0;0.0;22.435897435897438;22.37606837606838;25.0;25.0;0;0
24.441;5.0;0.0;0.0;22.435897435897438;22.37606837606838;25.0;25.0;0;0
24.542;5.0;0.0;0.0;22.435897435897438;22.37606837606838;25.0;25.0;0;0
24.648;5.0;0.0;0.0;22.435897435897438;22.37606837606838;25.0;25.0;0;0
24.751;5.0;0.0;0.0;22.435897435897438;22.37606837606838;25.0;25.0;0;0
24.852;5.0;0.0;0.0;22.435897435897438;22.37606837606838;25.0;25.0;0;0
24.962;5.0;0.0;0.0;22.435897435897438;22.37606837606838;25.0;25.0;0;0
25.063;5.0;0.0;0.0;22.435897435897438;22.37606837606838;25.0;25.0;0;0
25.176;5.0;0.0;0.0;22.435897435897438;22.37606837606838;25.0;25.0;0;0
25.295;5.0;0.0;0.0;22.435897435897438;22.37606837606838;25.0;25.0;0;0
25.405;5.0;0.0;0.0;22.435897435897438;22.37606837606838;25.0;25.0;0;0
25.517;5.0;0.0;0.0;22.435897435897438;22.37606837606838;25.0;25.0;0;0
25.619;5.0;0.0;0.0;22.435897435897438;22.37606837606838;25.0;25.0;0;0
25.737;5.0;0.0;0.0;22.435897435897438;22.37606837606838;25.0;25.0;0;0
25.848;5.0;0.0;0.0;22.435897435897438;22.37606837606838;25.0;25.0;0;0
25.958;5.0;0.0;0.0;22.435897435897438;22.37606837606838;25.0;25.0;0;0
26.071;5.0;0.0;0.0;22.435897435897438;22.37606837606838;25.0;25.0;0;0
26.181;5.0;0.0;0.0;22.435897435897438;22.37606837606838;25.0;25.0;0;0
26.292;5.0;0.0;0.0;22.435897435897438;22.37606837606838;25.0;25.0;0;0
26.394;5.0;0.0;0.0;22.435897435897438;22.37606837606838;25.0;25.0;0;0
26.497;5.0;0.0;0.0;22.435897435897438;22.37606837606838;25.0;25.0;0;0
26.598;5.0;0.0;0.0;22.435897435897438;22.37606837606838;25.0;25.0;0;0
26.698;5.0;0.0;0.0;22.435897435897438;22.37606837606838;25.0;25.0;0;0
26.799;5.0;0.0;0.0;22.435897435897438;22.37606837606838;25.0;25.0;0;0
26.899;5.0;0.0;0.0;22.435897435897438;22.37606837606838;25.0;25.0;0;0
26.999;5.0;0.0;0.0;22.435897435897438;22.37606837606838;25.0;25.0;0;0
27.102;5.0;0.0;0.0;22.435897435897438;22.37606837606838;25.0;25.0;0;0
27.202;5.0;0.0;0.0;22.435897435897438;22.37606837606838;25.0;25.0;0;0
27.306;5.0;0.0;0.0;22.435897435897438;22.37606837606838;25.0;25.0;0;0
27.407;5.0;0.0;0.0;22.435897435897438;22.37606837606838;25.0;25.0;0;0
27.509;5.0;0.0;0.0;22.435897435897438;22.37606837606838;25.0;25.0;0;0
27.612;5.0;0.0;0.0;22.435897435897438;22.37606837606838;25.0;25.0;0;0
27.714;5.0;0.0;0.0;22.435897435897438;22.37606837606838;25.0;25.0;0;0
27.818;5.0;0.0;0.0;22.435897435897438;22.37606837606838;25.0;25.0;0;0
27.919;5.0;0.0;0.0;22.435897435897438;22.37606837606838;25.0;25.0;0;0
28.019;5.0;0.0;0.0;22.435897435897438;22.37606837606838;25.0;25.0;0;0
28.12;5.0;0.0;0.0;22.435897435897438;22.37606837606838;25.0;25.0;0;0
28.22;5.0;0.0;0.0;22.435897435897438;22.37606837606838;25.0;25.0;0;0
28.321;5.0;0.0;0.0;22.435897435897438;22.37606837606838;25.0;25.0;0;0
28.421;5.0;0.0;0.0;22.435897435897438;22.37606837606838;25.0;25.0;0;0
28.522;5.0;0.0;0.0;22.435897435897438;22.37606837606838;25.0;25.0;0;0
28.628;5.0;0.0;0.0;22.435897435897438;22.37606837606838;25.0;25.0;0;0
28.737;5.0;0.0;0.0;22.435897435897438;22.37606837606838;25.0;25.0;0;0
28.848;5.0;0.0;0.0;22.435897435897438;22.37606837606838;25.0;25.0;0;0
28.953;5.0;0.0;0.0;22.435897435897438;22.37606837606838;25.0;25.0;0;0
29.054;5.0;0.0;0.0;22.435897435897438;22.37606837606838;25.0;25.0;0;0
29.158;5.0;0.0;0.0;22.435897435897438;22.37606837606838;25.0;25.0;0;0
29.267;5.0;0.0;0.0;22.435897435897438;22.37606837606838;25.0;25.0;0;0
29.367;5.0;0.0;0.0;22.435897435897438;22.37606837606838;25.0;25.0;0;0
29.482;5.0;0.0;0.0;22.435897435897438;22.37606837606838;25.0;25.0;0;0
29.586;5.0;0.0;0.0;22.435897435897438;22.37606837606838;25.0;25.0;0;0
29.687;5.0;0.0;0.0;22.435897435897438;22.37606837606838;25.0;25.0;0;0
29.787;5.0;0.0;0.0;22.435897435897438;22.37606837606838;25.0;25.0;0;0
29.887;5.0;0.0;0.0;22.435897435897438;22.37606837606838;25.0;25.0;0;0
29.988;5.0;0.0;0.0;22.435897435897438;22.37606837606838;25.0;25.0;0;0
30.088;5.0;0.0;0.0;22.435897435897438;22.37606837606838;25.0;25.0;0;0
30.188;5.0;0.0;0.0;22.435897435897438;22.37606837606838;25.0;25.0;0;0
30.289;5.0;0.0;0.0;22.435897435897438;22.37606837606838;25.0;25.0;0;0
30.391;5.0;0.0;0.0;22.435897435897438;22.37606837606838;25.0;25.0;0;0
30.492;5.0;0.0;0.0;22.435897435897438;22.37606837606838;25.0;25.0;0;0
30.594;5.0;0.0;0.0;22.435897435897438;22.37606837606838;25.0;25.0;0;0
30.695;5.0;0.0;0.0;22.435897435897438;22.37606837606838;25.0;25.0;0;0
30.804;5.0;0.0;0.0;22.435897435897438;22.37606837606838;25.0;25.0;0;0
30.915;5.0;0.0;0.0;22.435897435897438;22.37606837606838;25.0;25.0;0;0
31.027;5.0;0.0;0.0;22.435897435897438;22.37606837606838;25.0;25.0;0;0
31.138;5.0;0.0;0.0;22.435897435897438;22.37606837606838;25.0;25.0;0;0
31.249;5.0;0.0;0.0;22.435897435897438;22.37606837606838;25.0;25.0;0;0
31.352;5.0;0.0;0.0;22.435897435897438;22.37606837606838;25.0;25.0;0;0
31.455;5.0;0.0;0.0;22.435897435897438;22.37606837606838;25.0;25.0;0;0
31.555;5.0;0.0;0.0;22.435897435897438;22.37606837606838;25.0;25.0;0;0
31.666;5.0;0.0;0.0;22.435897435897438;22.37606837606838;25.0;25.0;0;0
31.768;5.0;0.0;0.0;22.435897435897438;22.37606837606838;25.0;25.0;0;0
31.869;5.0;0.0;0.0;22.435897435897438;22.37606837606838;25.0;25.0;0;0
31.969;5.0;0.0;0.0;22.435897435897438;22.37606837606838;25.0;25.0;0;0
32.069;5.0;0.0;0.0;22.435897435897438;22.37606837606838;25.0;25.0;0;0
32.17;5.0;0.0;0.0;22.435897435897438;22.37606837606838;25.0;25.0;0;0
32.27;5.0;0.0;0.0;22.435897435897438;22.324786324786327;25.0;25.0;0;0
32.375;5.0;0.0;0.0;22.435897435897438;22.324786324786327;25.0;25.0;0;0
32.475;5.0;0.0;0.0;22.435897435897438;22.324786324786327;25.0;25.0;0;0
32.579;5.0;0.0;0.0;22.435897435897438;22.324786324786327;25.0;25.0;0;0
32.688;5.0;0.0;0.0;22.435897435897438;22.324786324786327;25.0;25.0;0;0
32.802;5.0;0.0;0.0;22.435897435897438;22.324786324786327;25.0;25.0;0;0
32.911;5.0;0.0;0.0;22.435897435897438;22.324786324786327;25.0;25.0;0;0
33.02;5.0;0.0;0.0;22.435897435897438;22.324786324786327;25.0;25.0;0;0
33.121;5.0;0.0;0.0;22.435897435897438;22.324786324786327;25.0;25.0;0;0
33.223;5.0;0.0;0.0;22.435897435897438;22.324786324786327;25.0;25.0;0;0
33.333;5.0;0.0;0.0;22.435897435897438;22.37606837606838;25.0;25.0;0;0
33.443;5.0;0.0;0.0;22.435897435897438;22.37606837606838;25.0;25.0;0;0
33.552;5.0;0.0;0.0;22.435897435897438;22.37606837606838;25.0;25.0;0;0
33.661;5.0;0.0;0.0;22.435897435897438;22.37606837606838;25.0;25.0;0;0
33.77;5.0;0.0;0.0;22.435897435897438;22.37606837606838;25.0;25.0;0;0
33.872;5.0;0.0;0.0;22.435897435897438;22.37606837606838;25.0;25.0;0;0
33.976;5.0;0.0;0.0;22.435897435897438;22.37606837606838;25.0;25.0;0;0
34.077;5.0;0.0;0.0;22.435897435897438;22.37606837606838;25.0;25.0;0;0
34.177;5.0;0.0;0.0;22.435897435897438;22.37606837606838;25.0;25.0;0;0
34.277;5.0;0.0;0.0;22.435897435897438;22.37606837606838;25.0;25.0;0;0
34.378;5.0;0.0;0.0;22.435897435897438;22.37606837606838;25.0;25.0;0;0
34.478;5.0;0.0;0.0;22.435897435897438;22.37606837606838;25.0;25.0;0;0
34.579;5.0;0.0;0.0;22.435897435897438;22.37606837606838;25.0;25.0;0;0
34.679;5.0;0.0;0.0;22.435897435897438;22.37606837606838;25.0;25.0;0;0
34.782;5.0;0.0;0.0;22.435897435897438;22.37606837606838;25.0;25.0;0;0
34.883;5.0;0.0;0.0;22.435897435897438;22.37606837606838;25.0;25.0;0;0
34.984;5.0;0.0;0.0;22.435897435897438;22.37606837606838;25.0;25.0;0;0
35.086;5.0;0.0;0.0;22.435897435897438;22.37606837606838;25.0;25.0;0;0
35.188;5.0;0.0;0.0;22.435897435897438;22.37606837606838;25.0;25.0;0;0
35.291;5.0;0.0;0.0;22.435897435897438;22.37606837606838;25.0;25.0;0;0
35.392;5.0;0.0;0.0;22.435897435897438;22.37606837606838;25.0;25.0;0;0
35.492;5.0;0.0;0.0;22.435897435897438;22.37606837606838;25.0;25.0;0;0
35.592;5.0;0.0;0.0;22.435897435897438;22.37606837606838;25.0;25.0;0;0
35.693;5.0;0.0;0.0;22.435897435897438;22.37606837606838;25.0;25.0;0;0
35.793;5.0;0.0;0.0;22.435897435897438;22.37606837606838;25.0;25.0;0;0
35.896;5.0;0.0;0.0;22.435897435897438;22.37606837606838;25.0;25.0;0;0
35.997;5.0;0.0;0.0;22.435897435897438;22.37606837606838;25.0;25.0;0;0
36.106;5.0;0.0;0.0;22.435897435897438;22.37606837606838;25.0;25.0;0;0
36.218;5.0;0.0;0.0;22.435897435897438;22.324786324786327;25.0;25.0;0;0
36.324;5.0;0.0;0.0;22.435897435897438;22.324786324786327;25.0;25.0;0;0
36.432;5.0;0.0;0.0;22.435897435897438;22.324786324786327;25.0;25.0;0;0
36.533;5.0;0.0;0.0;22.435897435897438;22.324786324786327;25.0;25.0;0;0
36.638;5.0;0.0;0.0;22.435897435897438;22.324786324786327;25.0;25.0;0;0
36.749;5.0;0.0;0.0;22.435897435897438;22.324786324786327;25.0;25.0;0;0
36.852;5.0;0.0;0.0;22.435897435897438;22.324786324786327;25.0;25.0;0;0
36.955;5.0;0.0;0.0;22.435897435897438;22.324786324786327;25.0;25.0;0;0
37.066;5.0;0.0;0.0;22.435897435897438;22.324786324786327;25.0;25.0;0;0
37.177;5.0;0.0;0.0;22.435897435897438;22.324786324786327;25.0;25.0;0;0
37.28;5.0;0.0;0.0;22.435897435897438;22.37606837606838;25.0;25.0;0;0
37.398;5.0;0.0;0.0;22.435897435897438;22.37606837606838;25.0;25.0;0;0
37.51;5.0;0.0;0.0;22.435897435897438;22.37606837606838;25.0;25.0;0;0
37.622;5.0;0.0;0.0;22.435897435897438;22.37606837606838;25.0;25.0;0;0
37.724;5.0;0.0;0.0;22.435897435897438;22.37606837606838;25.0;25.0;0;0
37.826;5.0;0.0;0.0;22.435897435897438;22.37606837606838;25.0;25.0;0;0
37.94;5.0;0.0;0.0;22.435897435897438;22.37606837606838;25.0;25.0;0;0
38.04;5.0;0.0;0.0;22.435897435897438;22.37606837606838;25.0;25.0;0;0
38.144;5.0;0.0;0.0;22.435897435897438;22.37606837606838;25.0;25.0;0;0
38.244;5.0;0.0;0.0;22.435897435897438;22.37606837606838;25.0;25.0;0;0
38.345;5.0;0.0;0.0;22.37606837606838;22.324786324786327;25.0;25.0;0;0
38.445;5.0;0.0;0.0;22.37606837606838;22.324786324786327;25.0;25.0;0;0
38.546;5.0;0.0;0.0;22.37606837606838;22.324786324786327;25.0;25.0;0;0
38.646;5.0;0.0;0.0;22.37606837606838;22.324786324786327;25.0;25.0;0;0
38.747;5.0;0.0;0.0;22.37606837606838;22.324786324786327;25.0;25.0;0;0
38.848;5.0;0.0;0.0;22.37606837606838;22.324786324786327;25.0;25.0;0;0
38.96;5.0;0.0;0.0;22.37606837606838;22.324786324786327;25.0;25.0;0;0
39.071;5.0;0.0;0.0;22.37606837606838;22.324786324786327;25.0;25.0;0;0
39.182;5.0;0.0;0.0;22.37606837606838;22.324786324786327;25.0;25.0;0;0
39.292;5.0;0.0;0.0;22.435897435897438;22.37606837606838;25.0;25.0;0;0
39.392;5.0;0.0;0.0;22.435897435897438;22.37606837606838;25.0;25.0;0;0
39.508;5.0;0.0;0.0;22.435897435897438;22.37606837606838;25.0;25.0;0;0
39.617;5.0;0.0;0.0;22.435897435897438;22.37606837606838;25.0;25.0;0;0
39.723;5.0;0.0;0.0;22.435897435897438;22.37606837606838;25.0;25.0;0;0
39.831;5.0;0.0;0.0;22.435897435897438;22.37606837606838;25.0;25.0;0;0
39.934;5.0;0.0;0.0;22.435897435897438;22.37606837606838;25.0;25.0;0;0
40.038;5.0;0.0;0.0;22.435897435897438;22.37606837606838;25.0;25.0;0;0
40.149;5.0;0.0;0.0;22.435897435897438;22.37606837606838;25.0;25.0;0;0
40.262;5.0;0.0;0.0;22.435897435897438;22.37606837606838;25.0;25.0;0;0
40.369;5.0;0.0;0.0;22.37606837606838;22.37606837606838;25.0;25.0;0;0
40.472;5.0;0.0;0.0;22.37606837606838;22.37606837606838;25.0;25.0;0;0
40.574;5.0;0.0;0.0;22.37606837606838;22.37606837606838;25.0;25.0;0;0
40.675;5.0;0.0;0.0;22.37606837606838;22.37606837606838;25.0;25.0;0;0
40.775;5.0;0.0;0.0;22.37606837606838;22.37606837606838;25.0;25.0;0;0
40.875;5.0;0.0;0.0;22.37606837606838;22.37606837606838;25.0;25.0;0;0
40.976;5.0;0.0;0.0;22.37606837606838;22.37606837606838;25.0;25.0;0;0
41.076;5.0;0.0;0.0;22.37606837606838;22.37606837606838;25.0;25.0;0;0
41.176;5.0;0.0;0.0;22.37606837606838;22.37606837606838;25.0;25.0;0;0
41.278;5.0;0.0;0.0;22.37606837606838;22.37606837606838;25.0;25.0;0;0
41.378;5.0;0.0;0.0;22.435897435897438;22.324786324786327;25.0;25.0;0;0
41.483;5.0;0.0;0.0;22.435897435897438;22.324786324786327;25.0;25.0;0;0
41.593;5.0;0.0;0.0;22.435897435897438;22.324786324786327;25.0;25.0;0;0
41.701;5.0;0.0;0.0;22.435897435897438;22.324786324786327;25.0;25.0;0;0
41.802;5.0;0.0;0.0;22.435897435897438;22.324786324786327;25.0;25.0;0;0
41.913;5.0;0.0;0.0;22.435897435897438;22.324786324786327;25.0;25.0;0;0
42.022;5.0;0.0;0.0;22.435897435897438;22.324786324786327;25.0;25.0;0;0
42.133;5.0;0.0;0.0;22.435897435897438;22.324786324786327;25.0;25.0;0;0
42.244;5.0;0.0;0.0;22.435897435897438;22.324786324786327;25.0;25.0;0;0
42.352;5.0;0.0;0.0;22.435897435897438;22.37606837606838;25.0;25.0;0;0
42.463;5.0;0.0;0.0;22.435897435897438;22.37606837606838;25.0;25.0;0;0
42.564;5.0;0.0;0.0;22.435897435897438;22.37606837606838;25.0;25.0;0;0
42.672;5.0;0.0;0.0;22.435897435897438;22.37606837606838;25.0;25.0;0;0
42.775;5.0;0.0;0.0;22.435897435897438;22.37606837606838;25.0;25.0;0;0
42.881;5.0;0.0;0.0;22.435897435897438;22.37606837606838;25.0;25.0;0;0
42.984;5.0;0.0;0.0;22.435897435897438;22.37606837606838;25.0;25.0;0;0
43.097;5.0;0.0;0.0;22.435897435897438;22.37606837606838;25.0;25.0;0;0
43.206;5.0;0.0;0.0;22.435897435897438;22.37606837606838;25.0;25.0;0;0
43.309;5.0;0.0;0.0;22.435897435897438;22.37606837606838;25.0;25.0;0;0
43.413;5.0;0.0;0.0;22.435897435897438;22.37606837606838;25.0;25.0;0;0
43.514;5.0;0.0;0.0;22.435897435897438;22.37606837606838;25.0;25.0;0;0
43.614;5.0;0.0;0.0;22.435897435897438;22.37606837606838;25.0;25.0;0;0
43.715;5.0;0.0;0.0;22.435897435897438;22.37606837606838;25.0;25.0;0;0
43.815;5.0;0.0;0.0;22.435897435897438;22.37606837606838;25.0;25.0;0;0
43.915;5.0;0.0;0.0;22.435897435897438;22.37606837606838;25.0;25.0;0;0
44.017;5.0;0.0;0.0;22.435897435897438;22.37606837606838;25.0;25.0;0;0
44.119;5.0;0.0;0.0;22.435897435897438;22.37606837606838;25.0;25.0;0;0
44.225;5.0;0.0;0.0;22.435897435897438;22.37606837606838;25.0;25.0;0;0
44.335;5.0;0.0;0.0;22.435897435897438;22.324786324786327;25.0;25.0;0;0
44.446;5.0;0.0;0.0;22.435897435897438;22.324786324786327;25.0;25.0;0;0
44.558;5.0;0.0;0.0;22.435897435897438;22.324786324786327;25.0;25.0;0;0
44.666;5.0;0.0;0.0;22.435897435897438;22.324786324786327;25.0;25.0;0;0
44.769;5.0;0.0;0.0;22.435897435897438;22.324786324786327;25.0;25.0;0;0
44.872;5.0;0.0;0.0;22.435897435897438;22.324786324786327;25.0;25.0;0;0
44.991;5.0;0.0;0.0;22.435897435897438;22.324786324786327;25.0;25.0;0;0
45.094;5.0;0.0;0.0;22.435897435897438;22.324786324786327;25.0;25.0;0;0
45.206;5.0;0.0;0.0;22.435897435897438;22.324786324786327;25.0;25.0;0;0
45.318;5.0;0.0;0.0;22.435897435897438;22.37606837606838;25.0;25.0;0;0
45.42;5.0;0.0;0.0;22.435897435897438;22.37606837606838;25.0;25.0;0;0
45.538;5.0;0.0;0.0;22.435897435897438;22.37606837606838;25.0;25.0;0;0
45.651;5.0;0.0;0.0;22.435897435897438;22.37606837606838;25.0;25.0;0;0
45.763;5.0;0.0;0.0;22.435897435897438;22.37606837606838;25.0;25.0;0;0
45.88;5.0;0.0;0.0;22.435897435897438;22.37606837606838;25.0;25.0;0;0
45.982;5.0;0.0;0.0;22.435897435897438;22.37606837606838;25.0;25.0;0;0
46.094;5.0;0.0;0.0;22.435897435897438;22.37606837606838;25.0;25.0;0;0
46.196;5.0;0.0;0.0;22.435897435897438;22.37606837606838;25.0;25.0;0;0
46.317;5.0;0.0;0.0;22.435897435897438;22.37606837606838;25.0;25.0;0;0
46.427;5.0;0.0;0.0;22.435897435897438;22.37606837606838;25.0;25.0;0;0
46.537;5.0;0.0;0.0;22.435897435897438;22.37606837606838;25.0;25.0;0;0
46.649;5.0;0.0;0.0;22.435897435897438;22.37606837606838;25.0;25.0;0;0
46.752;5.0;0.0;0.0;22.435897435897438;22.37606837606838;25.0;25.0;0;0
46.863;5.0;0.0;0.0;22.435897435897438;22.37606837606838;25.0;25.0;0;0
46.967;5.0;0.0;0.0;22.435897435897438;22.37606837606838;25.0;25.0;0;0
47.067;5.0;0.0;0.0;22.435897435897438;22.37606837606838;25.0;25.0;0;0
47.173;5.0;0.0;0.0;22.435897435897438;22.37606837606838;25.0;25.0;0;0
47.274;5.0;0.0;0.0;22.435897435897438;22.37606837606838;25.0;25.0;0;0
47.374;5.0;0.0;0.0;22.435897435897438;22.37606837606838;25.0;25.0;0;0
47.475;5.0;0.0;0.0;22.435897435897438;22.37606837606838;25.0;25.0;0;0
47.575;5.0;0.0;0.0;22.435897435897438;22.37606837606838;25.0;25.0;0;0
47.676;5.0;0.0;0.0;22.435897435897438;22.37606837606838;25.0;25.0;0;0
47.776;5.0;0.0;0.0;22.435897435897438;22.37606837606838;25.0;25.0;0;0
47.878;5.0;0.0;0.0;22.435897435897438;22.37606837606838;25.0;25.0;0;0
47.987;5.0;0.0;0.0;22.435897435897438;22.37606837606838;25.0;25.0;0;0
48.097;5.0;0.0;0.0;22.435897435897438;22.37606837606838;25.0;25.0;0;0
48.206;5.0;0.0;0.0;22.435897435897438;22.37606837606838;25.0;25.0;0;0
48.316;5.0;0.0;0.0;22.435897435897438;22.37606837606838;25.0;25.0;0;0
48.419;5.0;0.0;0.0;22.435897435897438;22.37606837606838;25.0;25.0;0;0
48.522;5.0;0.0;0.0;22.435897435897438;22.37606837606838;25.0;25.0;0;0
48.634;5.0;0.0;0.0;22.435897435897438;22.37606837606838;25.0;25.0;0;0
48.745;5.0;0.0;0.0;22.435897435897438;22.37606837606838;25.0;25.0;0;0
48.856;5.0;0.0;0.0;22.435897435897438;22.37606837606838;25.0;25.0;0;0
48.956;5.0;0.0;0.0;22.435897435897438;22.37606837606838;25.0;25.0;0;0
49.066;5.0;0.0;0.0;22.435897435897438;22.37606837606838;25.0;25.0;0;0
49.169;5.0;0.0;0.0;22.435897435897438;22.37606837606838;25.0;25.0;0;0
49.281;5.0;0.0;0.0;22.435897435897438;22.37606837606838;25.0;25.0;0;0
49.389;5.0;0.0;0.0;22.435897435897438;22.37606837606838;25.0;25.0;0;0
49.491;5.0;0.0;0.0;22.435897435897438;22.37606837606838;25.0;25.0;0;0
49.595;5.0;0.0;0.0;22.435897435897438;22.37606837606838;25.0;25.0;0;0
49.697;5.0;0.0;0.0;22.435897435897438;22.37606837606838;25.0;25.0;0;0
49.818;5.0;0.0;0.0;22.435897435897438;22.37606837606838;25.0;25.0;0;0
49.927;5.0;0.0;0.0;22.435897435897438;22.37606837606838;25.0;25.0;0;0
50.036;5.0;0.0;0.0;22.435897435897438;22.37606837606838;25.0;25.0;0;0
50.137;5.0;0.0;0.0;22.435897435897438;22.37606837606838;25.0;25.0;0;0
50.257;5.0;0.0;0.0;22.435897435897438;22.37606837606838;25.0;25.0;0;0
50.367;5.0;0.0;0.0;22.435897435897438;22.37606837606838;25.0;25.0;0;0
50.479;5.0;0.0;0.0;22.435897435897438;22.37606837606838;25.0;25.0;0;0
50.589;5.0;0.0;0.0;22.435897435897438;22.37606837606838;25.0;25.0;0;0
50.697;5.0;0.0;0.0;22.435897435897438;22.37606837606838;25.0;25.0;0;0
50.797;5.0;0.0;0.0;22.435897435897438;22.37606837606838;25.0;25.0;0;0
50.917;5.0;0.0;0.0;22.435897435897438;22.37606837606838;25.0;25.0;0;0
51.017;5.0;0.0;0.0;22.435897435897438;22.37606837606838;25.0;25.0;0;0
51.136;5.0;0.0;0.0;22.435897435897438;22.37606837606838;25.0;25.0;0;0
51.249;5.0;0.0;0.0;22.435897435897438;22.37606837606838;25.0;25.0;0;0
51.36;5.0;0.0;0.0;22.435897435897438;22.37606837606838;25.0;25.0;0;0
51.463;5.0;0.0;0.0;22.435897435897438;22.37606837606838;25.0;25.0;0;0
51.575;5.0;0.0;0.0;22.435897435897438;22.37606837606838;25.0;25.0;0;0
51.679;5.0;0.0;0.0;22.435897435897438;22.37606837606838;25.0;25.0;0;0
51.79;5.0;0.0;0.0;22.435897435897438;22.37606837606838;25.0;25.0;0;0
51.901;5.0;0.0;0.0;22.435897435897438;22.37606837606838;25.0;25.0;0;0
52.011;5.0;0.0;0.0;22.435897435897438;22.37606837606838;25.0;25.0;0;0
52.122;5.0;0.0;0.0;22.435897435897438;22.37606837606838;25.0;25.0;0;0
52.233;5.0;0.0;0.0;22.435897435897438;22.37606837606838;25.0;25.0;0;0
52.344;5.0;0.0;0.0;22.435897435897438;22.37606837606838;25.0;25.0;0;0
52.445;5.0;0.0;0.0;22.435897435897438;22.37606837606838;25.0;25.0;0;0
52.549;5.0;0.0;0.0;22.435897435897438;22.37606837606838;25.0;25.0;0;0
52.661;5.0;0.0;0.0;22.435897435897438;22.37606837606838;25.0;25.0;0;0
52.773;5.0;0.0;0.0;22.435897435897438;22.37606837606838;25.0;25.0;0;0
52.883;5.0;0.0;0.0;22.435897435897438;22.37606837606838;25.0;25.0;0;0
52.994;5.0;0.0;0.0;22.435897435897438;22.37606837606838;25.0;25.0;0;0
53.095;5.0;0.0;0.0;22.435897435897438;22.37606837606838;25.0;25.0;0;0
53.201;5.0;0.0;0.0;22.435897435897438;22.37606837606838;25.0;25.0;0;0
53.302;5.0;0.0;0.0;22.435897435897438;22.37606837606838;25.0;25.0;0;0
53.402;5.0;0.0;0.0;22.435897435897438;22.37606837606838;25.0;25.0;0;0
53.502;5.0;0.0;0.0;22.435897435897438;22.37606837606838;25.0;25.0;0;0
53.603;5.0;0.0;0.0;22.435897435897438;22.37606837606838;25.0;25.0;0;0
53.703;5.0;0.0;0.0;22.435897435897438;22.37606837606838;25.0;25.0;0;0
53.806;5.0;0.0;0.0;22.435897435897438;22.37606837606838;25.0;25.0;0;0
53.906;5.0;0.0;0.0;22.435897435897438;22.37606837606838;25.0;25.0;0;0
54.008;5.0;0.0;0.0;22.435897435897438;22.37606837606838;25.0;25.0;0;0
54.136;5.0;0.0;0.0;22.435897435897438;22.37606837606838;25.0;25.0;0;0
54.241;5.0;0.0;0.0;22.435897435897438;22.37606837606838;25.0;25.0;0;0
54.343;5.0;0.0;0.0;22.435897435897438;22.37606837606838;25.0;25.0;0;0
54.454;5.0;0.0;0.0;22.435897435897438;22.37606837606838;25.0;25.0;0;0
54.555;5.0;0.0;0.0;22.435897435897438;22.37606837606838;25.0;25.0;0;0
54.664;5.0;0.0;0.0;22.435897435897438;22.37606837606838;25.0;25.0;0;0
54.771;5.0;0.0;0.0;22.435897435897438;22.37606837606838;25.0;25.0;0;0
54.873;5.0;0.0;0.0;22.435897435897438;22.37606837606838;25.0;25.0;0;0
54.975;5.0;0.0;0.0;22.435897435897438;22.37606837606838;25.0;25.0;0;0
55.087;5.0;0.0;0.0;22.435897435897438;22.37606837606838;25.0;25.0;0;0
55.197;5.0;0.0;0.0;22.435897435897438;22.37606837606838;25.0;25.0;0;0
55.309;5.0;0.0;0.0;22.435897435897438;22.37606837606838;25.0;25.0;0;0
55.429;5.0;0.0;0.0;22.435897435897438;22.37606837606838;25.0;25.0;0;0
55.535;5.0;0.0;0.0;22.435897435897438;22.37606837606838;25.0;25.0;0;0
55.637;5.0;0.0;0.0;22.435897435897438;22.37606837606838;25.0;25.0;0;0
55.738;5.0;0.0;0.0;22.435897435897438;22.37606837606838;25.0;25.0;0;0
55.851;5.0;0.0;0.0;22.435897435897438;22.37606837606838;25.0;25.0;0;0
55.953;5.0;0.0;0.0;22.435897435897438;22.37606837606838;25.0;25.0;0;0
56.065;5.0;0.0;0.0;22.435897435897438;22.37606837606838;25.0;25.0;0;0
56.169;5.0;0.0;0.0;22.435897435897438;22.37606837606838;25.0;25.0;0;0
56.269;5.0;0.0;0.0;22.435897435897438;22.37606837606838;25.0;25.0;0;0
56.37;5.0;0.0;0.0;22.435897435897438;22.37606837606838;25.0;25.0;0;0
56.471;5.0;0.0;0.0;22.435897435897438;22.37606837606838;25.0;25.0;0;0
56.571;5.0;0.0;0.0;22.435897435897438;22.37606837606838;25.0;25.0;0;0
56.672;5.0;0.0;0.0;22.435897435897438;22.37606837606838;25.0;25.0;0;0
56.772;5.0;0.0;0.0;22.435897435897438;22.37606837606838;25.0;25.0;0;0
56.874;5.0;0.0;0.0;22.435897435897438;22.37606837606838;25.0;25.0;0;0
56.98;5.0;0.0;0.0;22.435897435897438;22.37606837606838;25.0;25.0;0;0
57.09;5.0;0.0;0.0;22.435897435897438;22.37606837606838;25.0;25.0;0;0
57.199;5.0;0.0;0.0;22.435897435897438;22.37606837606838;25.0;25.0;0;0
57.3;5.0;0.0;0.0;22.435897435897438;22.37606837606838;25.0;25.0;0;0
57.403;5.0;0.0;0.0;22.435897435897438;22.37606837606838;25.0;25.0;0;0
57.513;5.0;0.0;0.0;22.435897435897438;22.37606837606838;25.0;25.0;0;0
57.623;5.0;0.0;0.0;22.435897435897438;22.37606837606838;25.0;25.0;0;0
57.731;5.0;0.0;0.0;22.435897435897438;22.37606837606838;25.0;25.0;0;0
57.831;5.0;0.0;0.0;22.435897435897438;22.37606837606838;25.0;25.0;0;0
57.94;5.0;0.0;0.0;22.435897435897438;22.37606837606838;25.0;25.0;0;0
58.052;5.0;0.0;0.0;22.435897435897438;22.37606837606838;25.0;25.0;0;0
58.162;5.0;0.0;0.0;22.435897435897438;22.37606837606838;25.0;25.0;0;0
58.265;5.0;0.0;0.0;22.435897435897438;22.37606837606838;25.0;25.0;0;0
58.384;5.0;0.0;0.0;22.435897435897438;22.37606837606838;25.0;25.0;0;0
58.496;5.0;0.0;0.0;22.435897435897438;22.37606837606838;25.0;25.0;0;0
58.613;5.0;0.0;0.0;22.435897435897438;22.37606837606838;25.0;25.0;0;0
58.728;5.0;0.0;0.0;22.435897435897438;22.37606837606838;25.0;25.0;0;0
58.833;5.0;0.0;0.0;22.435897435897438;22.37606837606838;25.0;25.0;0;0
58.945;5.0;0.0;0.0;22.435897435897438;22.37606837606838;25.0;25.0;0;0
59.056;5.0;0.0;0.0;22.435897435897438;22.37606837606838;25.0;25.0;0;0
59.167;5.0;0.0;0.0;22.435897435897438;22.37606837606838;25.0;25.0;0;0
59.277;5.0;0.0;0.0;22.435897435897438;22.37606837606838;25.0;25.0;0;0
59.39;5.0;0.0;0.0;22.435897435897438;22.37606837606838;25.0;25.0;0;0
59.5;5.0;0.0;0.0;22.435897435897438;22.37606837606838;25.0;25.0;0;0
59.609;5.0;0.0;0.0;22.435897435897438;22.37606837606838;25.0;25.0;0;0
59.719;5.0;0.0;0.0;22.435897435897438;22.37606837606838;25.0;25.0;0;0
59.819;5.0;0.0;0.0;22.435897435897438;22.37606837606838;25.0;25.0;0;0
59.926;5.0;0.0;0.0;22.435897435897438;22.37606837606838;25.0;25.0;0;0
60.028;5.0;0.0;0.0;22.435897435897438;22.37606837606838;25.0;25.0;0;0
60.132;5.0;0.0;0.0;22.435897435897438;22.37606837606838;25.0;25.0;0;0
60.245;5.0;0.0;0.0;22.435897435897438;22.37606837606838;25.0;25.0;0;0
60.348;5.0;0.0;0.0;22.435897435897438;22.37606837606838;25.0;25.0;0;0
60.452;5.0;0.0;0.0;22.435897435897438;22.37606837606838;25.0;25.0;0;0
60.552;5.0;0.0;0.0;22.435897435897438;22.37606837606838;25.0;25.0;0;0
60.659;5.0;0.0;0.0;22.435897435897438;22.37606837606838;25.0;25.0;0;0
60.759;5.0;0.0;0.0;22.435897435897438;22.37606837606838;25.0;25.0;0;0
60.859;5.0;0.0;0.0;22.435897435897438;22.37606837606838;25.0;25.0;0;0
60.96;5.0;0.0;0.0;22.435897435897438;22.37606837606838;25.0;25.0;0;0
61.06;5.0;0.0;0.0;22.435897435897438;22.37606837606838;25.0;25.0;0;0
61.161;5.0;0.0;0.0;22.435897435897438;22.37606837606838;25.0;25.0;0;0
61.264;5.0;0.0;0.0;22.435897435897438;22.37606837606838;25.0;25.0;0;0
61.366;5.0;0.0;0.0;22.435897435897438;22.37606837606838;25.0;25.0;0;0
61.473;5.0;0.0;0.0;22.435897435897438;22.37606837606838;25.0;25.0;0;0
61.585;5.0;0.0;0.0;22.435897435897438;22.37606837606838;25.0;25.0;0;0
61.695;5.0;0.0;0.0;22.435897435897438;22.37606837606838;25.0;25.0;0;0
61.805;5.0;0.0;0.0;22.435897435897438;22.37606837606838;25.0;25.0;0;0
61.913;5.0;0.0;0.0;22.435897435897438;22.37606837606838;25.0;25.0;0;0
62.016;5.0;0.0;0.0;22.435897435897438;22.37606837606838;25.0;25.0;0;0
62.12;5.0;0.0;0.0;22.435897435897438;22.37606837606838;25.0;25.0;0;0
62.232;5.0;0.0;0.0;22.435897435897438;22.37606837606838;25.0;25.0;0;0
62.343;5.0;0.0;0.0;22.435897435897438;22.37606837606838;25.0;25.0;0;0
62.446;5.0;0.0;0.0;22.435897435897438;22.37606837606838;25.0;25.0;0;0
62.55;5.0;0.0;0.0;22.435897435897438;22.37606837606838;25.0;25.0;0;0
62.663;5.0;0.0;0.0;22.435897435897438;22.37606837606838;25.0;25.0;0;0
62.773;5.0;0.0;0.0;22.435897435897438;22.37606837606838;25.0;25.0;0;0
62.884;5.0;0.0;0.0;22.435897435897438;22.37606837606838;25.0;25.0;0;0
62.994;5.0;0.0;0.0;22.435897435897438;22.37606837606838;25.0;25.0;0;0
63.107;5.0;0.0;0.0;22.435897435897438;22.37606837606838;25.0;25.0;0;0
63.22;5.0;0.0;0.0;22.435897435897438;22.37606837606838;25.0;25.0;0;0
63.322;5.0;0.0;0.0;22.435897435897438;22.37606837606838;25.0;25.0;0;0
63.425;5.0;0.0;0.0;22.435897435897438;22.37606837606838;25.0;25.0;0;0
63.537;5.0;0.0;0.0;22.435897435897438;22.37606837606838;25.0;25.0;0;0
63.64;5.0;0.0;0.0;22.435897435897438;22.37606837606838;25.0;25.0;0;0
63.75;5.0;0.0;0.0;22.435897435897438;22.37606837606838;25.0;25.0;0;0
63.854;5.0;0.0;0.0;22.435897435897438;22.37606837606838;25.0;25.0;0;0
63.965;5.0;0.0;0.0;22.435897435897438;22.37606837606838;25.0;25.0;0;0
64.065;5.0;0.0;0.0;22.435897435897438;22.37606837606838;25.0;25.0;0;0
64.174;5.0;0.0;0.0;22.435897435897438;22.37606837606838;25.0;25.0;0;0
64.275;5.0;0.0;0.0;22.435897435897438;22.37606837606838;25.0;25.0;0;0
64.375;5.0;0.0;0.0;22.435897435897438;22.37606837606838;25.0;25.0;0;0
64.476;5.0;0.0;0.0;22.435897435897438;22.37606837606838;25.0;25.0;0;0
64.576;5.0;0.0;0.0;22.435897435897438;22.37606837606838;25.0;25.0;0;0
64.677;5.0;0.0;0.0;22.435897435897438;22.37606837606838;25.0;25.0;0;0
64.777;5.0;0.0;0.0;22.435897435897438;22.37606837606838;25.0;25.0;0;0
64.879;5.0;0.0;0.0;22.435897435897438;22.37606837606838;25.0;25.0;0;0
64.987;5.0;0.0;0.0;22.435897435897438;22.37606837606838;25.0;25.0;0;0
65.088;5.0;0.0;0.0;22.435897435897438;22.37606837606838;25.0;25.0;0;0
65.193;5.0;0.0;0.0;22.435897435897438;22.37606837606838;25.0;25.0;0;0
65.295;5.0;0.0;0.0;22.435897435897438;22.37606837606838;25.0;25.0;0;0
65.398;5.0;0.0;0.0;22.435897435897438;22.37606837606838;25.0;25.0;0;0
65.509;5.0;0.0;0.0;22.435897435897438;22.37606837606838;25.0;25.0;0;0
65.62;5.0;0.0;0.0;22.435897435897438;22.37606837606838;25.0;25.0;0;0
65.731;5.0;0.0;0.0;22.435897435897438;22.37606837606838;25.0;25.0;0;0
65.841;5.0;0.0;0.0;22.435897435897438;22.37606837606838;25.0;25.0;0;0
65.952;5.0;0.0;0.0;22.435897435897438;22.37606837606838;25.0;25.0;0;0
66.054;5.0;0.0;0.0;22.435897435897438;22.37606837606838;25.0;25.0;0;0
66.16;5.0;0.0;0.0;22.435897435897438;22.37606837606838;25.0;25.0;0;0
66.271;5.0;0.0;0.0;22.435897435897438;22.37606837606838;25.0;25.0;0;0
66.374;5.0;0.0;0.0;22.435897435897438;22.37606837606838;25.0;25.0;0;0
66.479;5.0;0.0;0.0;22.435897435897438;22.37606837606838;25.0;25.0;0;0
66.58;5.0;0.0;0.0;22.435897435897438;22.37606837606838;25.0;25.0;0;0
66.681;5.0;0.0;0.0;22.435897435897438;22.37606837606838;25.0;25.0;0;0
66.781;5.0;0.0;0.0;22.435897435897438;22.37606837606838;25.0;25.0;0;0
66.881;5.0;0.0;0.0;22.435897435897438;22.37606837606838;25.0;25.0;0;0
66.982;5.0;0.0;0.0;22.435897435897438;22.37606837606838;25.0;25.0;0;0
67.082;5.0;0.0;0.0;22.435897435897438;22.37606837606838;25.0;25.0;0;0
67.183;5.0;0.0;0.0;22.435897435897438;22.37606837606838;25.0;25.0;0;0
67.284;5.0;0.0;0.0;22.435897435897438;22.37606837606838;25.0;25.0;0;0
67.386;5.0;0.0;0.0;22.435897435897438;22.37606837606838;25.0;25.0;0;0
67.488;5.0;0.0;0.0;22.435897435897438;22.37606837606838;25.0;25.0;0;0
67.592;5.0;0.0;0.0;22.435897435897438;22.37606837606838;25.0;25.0;0;0
67.703;5.0;0.0;0.0;22.435897435897438;22.37606837606838;25.0;25.0;0;0
67.804;5.0;0.0;0.0;22.435897435897438;22.37606837606838;25.0;25.0;0;0
67.908;5.0;0.0;0.0;22.435897435897438;22.37606837606838;25.0;25.0;0;0
68.018;5.0;0.0;0.0;22.435897435897438;22.37606837606838;25.0;25.0;0;0
68.131;5.0;0.0;0.0;22.435897435897438;22.37606837606838;25.0;25.0;0;0
68.241;5.0;0.0;0.0;22.435897435897438;22.37606837606838;25.0;25.0;0;0
68.344;5.0;0.0;0.0;22.435897435897438;22.37606837606838;25.0;25.0;0;0
68.448;5.0;0.0;0.0;22.435897435897438;22.324786324786327;25.0;25.0;0;0
68.549;5.0;0.0;0.0;22.435897435897438;22.324786324786327;25.0;25.0;0;0
68.65;5.0;0.0;0.0;22.435897435897438;22.324786324786327;25.0;25.0;0;0
68.75;5.0;0.0;0.0;22.435897435897438;22.324786324786327;25.0;25.0;0;0
68.85;5.0;0.0;0.0;22.435897435897438;22.324786324786327;25.0;25.0;0;0
68.951;5.0;0.0;0.0;22.435897435897438;22.324786324786327;25.0;25.0;0;0
69.051;5.0;0.0;0.0;22.435897435897438;22.324786324786327;25.0;25.0;0;0
69.152;5.0;0.0;0.0;22.435897435897438;22.324786324786327;25.0;25.0;0;0
69.256;5.0;0.0;0.0;22.435897435897438;22.324786324786327;25.0;25.0;0;0
69.356;5.0;0.0;0.0;22.435897435897438;22.37606837606838;25.0;25.0;0;0
69.457;5.0;0.0;0.0;22.435897435897438;22.37606837606838;25.0;25.0;0;0
69.558;5.0;0.0;0.0;22.435897435897438;22.37606837606838;25.0;25.0;0;0
69.666;5.0;0.0;0.0;22.435897435897438;22.37606837606838;25.0;25.0;0;0
69.777;5.0;0.0;0.0;22.435897435897438;22.37606837606838;25.0;25.0;0;0
69.889;5.0;0.0;0.0;22.435897435897438;22.37606837606838;25.0;25.0;0;0
70.0;5.0;0.0;0.0;22.435897435897438;22.37606837606838;25.0;25.0;0;0
70.102;5.0;0.0;0.0;22.435897435897438;22.37606837606838;25.0;25.0;0;0
70.22;5.0;0.0;0.0;22.435897435897438;22.37606837606838;25.0;25.0;0;0
70.321;5.0;0.0;0.0;22.435897435897438;22.37606837606838;25.0;25.0;0;0
70.428;5.0;0.0;0.0;22.435897435897438;22.37606837606838;25.0;25.0;0;0
70.554;5.0;0.0;0.0;22.435897435897438;22.37606837606838;25.0;25.0;0;0
70.665;5.0;0.0;0.0;22.435897435897438;22.37606837606838;25.0;25.0;0;0
70.777;5.0;0.0;0.0;22.435897435897438;22.37606837606838;25.0;25.0;0;0
70.889;5.0;0.0;0.0;22.435897435897438;22.37606837606838;25.0;25.0;0;0
71.0;5.0;0.0;0.0;22.435897435897438;22.37606837606838;25.0;25.0;0;0
71.111;5.0;0.0;0.0;22.435897435897438;22.37606837606838;25.0;25.0;0;0
71.223;5.0;0.0;0.0;22.435897435897438;22.37606837606838;25.0;25.0;0;0
71.334;5.0;0.0;0.0;22.435897435897438;22.37606837606838;25.0;25.0;0;0
71.445;5.0;0.0;0.0;22.435897435897438;22.37606837606838;25.0;25.0;0;0
71.557;5.0;0.0;0.0;22.435897435897438;22.37606837606838;25.0;25.0;0;0
71.669;5.0;0.0;0.0;22.435897435897438;22.37606837606838;25.0;25.0;0;0
71.781;5.0;0.0;0.0;22.435897435897438;22.37606837606838;25.0;25.0;0;0
71.884;5.0;0.0;0.0;22.435897435897438;22.37606837606838;25.0;25.0;0;0
71.988;5.0;0.0;0.0;22.435897435897438;22.37606837606838;25.0;25.0;0;0
72.099;5.0;0.0;0.0;22.435897435897438;22.37606837606838;25.0;25.0;0;0
72.212;5.0;0.0;0.0;22.435897435897438;22.37606837606838;25.0;25.0;0;0
72.314;5.0;0.0;0.0;22.435897435897438;22.37606837606838;25.0;25.0;0;0
72.417;4.41125;0.0;0.0;22.435897435897438;22.37606837606838;25.0;25.0;0;0
72.517;3.9025;0.0;0.0;22.435897435897438;22.37606837606838;25.0;25.0;0;0
72.617;3.39375;0.0;0.0;22.435897435897438;22.37606837606838;25.0;25.0;0;0
72.718;2.89;0.0;0.0;22.435897435897438;22.37606837606838;25.0;25.0;0;0
72.819;2.38125;0.0;0.0;22.435897435897438;22.37606837606838;25.0;25.0;0;0
72.919;1.87375;0.0;0.0;22.435897435897438;22.37606837606838;25.0;25.0;0;0
73.019;1.37;0.0;0.0;22.435897435897438;22.37606837606838;25.0;25.0;0;0
73.12;0.86375;0.0;0.0;22.435897435897438;22.37606837606838;25.0;25.0;0;0
73.22;0.355;0.0;0.0;22.435897435897438;22.37606837606838;25.0;25.0;0;0
73.321;0.11;0.0;0.0;22.435897435897438;22.37606837606838;25.0;25.0;0;0
73.43;0.0;0.0;0.0;22.435897435897438;22.37606837606838;25.0;25.0;0;0
73.539;0.0;0.0;0.0;22.435897435897438;22.37606837606838;25.0;25.0;0;0
73.652;0.0;0.0;0.0;22.435897435897438;22.37606837606838;25.0;25.0;0;0
73.761;0.0;0.0;0.0;22.435897435897438;22.37606837606838;25.0;25.0;0;0
73.862;0.0;0.0;0.0;22.435897435897438;22.37606837606838;25.0;25.0;0;0
73.966;0.0;0.0;0.0;22.435897435897438;22.37606837606838;25.0;25.0;0;0
74.068;0.0;0.0;0.0;22.435897435897438;22.37606837606838;25.0;25.0;0;0
74.179;0.0;0.0;0.0;22.435897435897438;22.37606837606838;25.0;25.0;0;0
74.291;0.0;0.0;0.0;22.435897435897438;22.37606837606838;25.0;25.0;0;0
74.394;0.0;0.0;0.0;22.435897435897438;22.37606837606838;25.0;25.0;0;0
74.503;0.0;0.0;0.0;22.435897435897438;22.37606837606838;25.0;25.0;0;0
74.615;0.0;0.0;0.0;22.435897435897438;22.37606837606838;25.0;25.0;0;0
74.725;0.0;0.0;0.0;22.435897435897438;22.37606837606838;25.0;25.0;0;0
74.836;0.0;0.0;0.0;22.435897435897438;22.37606837606838;25.0;25.0;0;0
74.943;0.0;0.0;0.0;22.435897435897438;22.37606837606838;25.0;25.0;0;0
75.055;0.0;0.0;0.0;22.435897435897438;22.37606837606838;25.0;25.0;0;0
75.165;0.0;0.0;0.0;22.435897435897438;22.37606837606838;25.0;25.0;0;0
75.266;0.0;0.0;0.0;22.435897435897438;22.37606837606838;25.0;25.0;0;0
75.387;0.0;0.0;0.0;22.435897435897438;22.37606837606838;25.0;25.0;0;0
75.49;0.0;0.0;0.0;22.435897435897438;22.37606837606838;25.0;25.0;0;0
75.6;0.0;0.0;0.0;22.435897435897438;22.37606837606838;25.0;25.0;0;0
75.707;0.0;0.0;0.0;22.435897435897438;22.37606837606838;25.0;25.0;0;0
75.809;0.0;0.0;0.0;22.435897435897438;22.37606837606838;25.0;25.0;0;0
75.92;0.0;0.0;0.0;22.435897435897438;22.37606837606838;25.0;25.0;0;0
76.031;0.0;0.0;0.0;22.435897435897438;22.37606837606838;25.0;25.0;0;0
76.135;0.0;0.0;0.0;22.435897435897438;22.37606837606838;25.0;25.0;0;0
76.235;0.0;0.0;0.0;22.435897435897438;22.37606837606838;25.0;25.0;0;0
76.336;0.0;0.0;0.0;22.435897435897438;22.37606837606838;25.0;25.0;0;0
76.436;0.0;0.0;0.0;22.435897435897438;22.37606837606838;25.0;25.0;0;0
76.537;0.0;0.0;0.0;22.435897435897438;22.37606837606838;25.0;25.0;0;0
76.637;0.0;0.0;0.0;22.435897435897438;22.37606837606838;25.0;25.0;0;0
76.737;0.0;0.0;0.0;22.435897435897438;22.37606837606838;25.0;25.0;0;0
76.838;0.0;0.0;0.0;22.435897435897438;22.37606837606838;25.0;25.0;0;0
76.94;0.0;0.0;0.0;22.435897435897438;22.37606837606838;25.0;25.0;0;0
77.042;0.0;0.0;0.0;22.435897435897438;22.37606837606838;25.0;25.0;0;0
77.142;0.0;0.0;0.0;22.435897435897438;22.37606837606838;25.0;25.0;0;0
77.263;0.0;0.0;0.0;22.435897435897438;22.37606837606838;25.0;25.0;0;0
77.364;0.0;0.0;0.0;22.435897435897438;22.324786324786327;25.0;25.0;0;0
77.471;0.0;0.0;0.0;22.435897435897438;22.324786324786327;25.0;25.0;0;0
77.572;0.0;0.0;0.0;22.435897435897438;22.324786324786327;25.0;25.0;0;0
77.679;0.0;0.0;0.0;22.435897435897438;22.324786324786327;25.0;25.0;0;0
77.791;0.0;0.0;0.0;22.435897435897438;22.324786324786327;25.0;25.0;0;0
77.894;0.0;0.0;0.0;22.435897435897438;22.324786324786327;25.0;25.0;0;0
78.014;0.0;0.0;0.0;22.435897435897438;22.324786324786327;25.0;25.0;0;0
78.124;0.0;0.0;0.0;22.435897435897438;22.324786324786327;25.0;25.0;0;0
78.235;0.0;0.0;0.0;22.435897435897438;22.324786324786327;25.0;25.0;0;0
78.339;0.0;0.0;0.0;22.435897435897438;22.324786324786327;25.0;25.0;0;0
78.439;0.0;0.0;0.0;22.435897435897438;22.37606837606838;25.0;25.0;0;0
78.549;0.0;0.0;0.0;22.435897435897438;22.37606837606838;25.0;25.0;0;0
78.662;0.0;0.0;0.0;22.435897435897438;22.37606837606838;25.0;25.0;0;0
78.765;0.0;0.0;0.0;22.435897435897438;22.37606837606838;25.0;25.0;0;0
78.869;0.0;0.0;0.0;22.435897435897438;22.37606837606838;25.0;25.0;0;0
78.969;0.0;0.0;0.0;22.435897435897438;22.37606837606838;25.0;25.0;0;0
79.07;0.0;0.0;0.0;22.435897435897438;22.37606837606838;25.0;25.0;0;0
79.17;0.0;0.0;0.0;22.435897435897438;22.37606837606838;25.0;25.0;0;0
79.271;0.0;0.0;0.0;22.435897435897438;22.37606837606838;25.0;25.0;0;0
79.371;0.0;0.0;0.0;22.435897435897438;22.37606837606838;25.0;25.0;0;0
79.473;0.0;0.0;0.0;22.435897435897438;22.37606837606838;25.0;25.0;0;0
79.574;0.0;0.0;0.0;22.435897435897438;22.37606837606838;25.0;25.0;0;0
79.681;0.0;0.0;0.0;22.435897435897438;22.37606837606838;25.0;25.0;0;0
79.79;0.0;0.0;0.0;22.435897435897438;22.37606837606838;25.0;25.0;0;0
79.891;0.0;0.0;0.0;22.435897435897438;22.37606837606838;25.0;25.0;0;0
79.994;0.0;0.0;0.0;22.435897435897438;22.37606837606838;25.0;25.0;0;0
80.106;0.0;0.0;0.0;22.435897435897438;22.37606837606838;25.0;25.0;0;0
80.217;0.0;0.0;0.0;22.435897435897438;22.37606837606838;25.0;25.0;0;0
80.33;0.0;0.0;0.0;22.435897435897438;22.37606837606838;25.0;25.0;0;0
80.431;0.0;0.0;0.0;22.435897435897438;22.37606837606838;25.0;25.0;0;0
80.533;0.0;0.0;0.0;22.435897435897438;22.37606837606838;25.0;25.0;0;0
80.634;0.0;0.0;0.0;22.435897435897438;22.37606837606838;25.0;25.0;0;0
80.755;0.0;0.0;0.0;22.435897435897438;22.37606837606838;25.0;25.0;0;0
80.866;0.0;0.0;0.0;22.435897435897438;22.37606837606838;25.0;25.0;0;0
80.978;0.0;0.0;0.0;22.435897435897438;22.37606837606838;25.0;25.0;0;0
81.09;0.0;0.0;0.0;22.435897435897438;22.37606837606838;25.0;25.0;0;0
81.193;0.0;0.0;0.0;22.435897435897438;22.37606837606838;25.0;25.0;0;0
81.296;0.0;0.0;0.0;22.435897435897438;22.37606837606838;25.0;25.0;0;0
81.408;0.0;0.0;0.0;22.435897435897438;22.37606837606838;25.0;25.0;0;0
81.517;0.0;0.0;0.0;22.435897435897438;22.37606837606838;25.0;25.0;0;0
81.62;0.0;0.0;0.0;22.435897435897438;22.37606837606838;25.0;25.0;0;0
81.731;0.0;0.0;0.0;22.435897435897438;22.37606837606838;25.0;25.0;0;0
81.852;0.0;0.0;0.0;22.435897435897438;22.37606837606838;25.0;25.0;0;0
81.96;0.0;0.0;0.0;22.435897435897438;22.37606837606838;25.0;25.0;0;0
82.071;0.0;0.0;0.0;22.435897435897438;22.37606837606838;25.0;25.0;0;0
82.182;0.0;0.0;0.0;22.435897435897438;22.37606837606838;25.0;25.0;0;0
82.282;0.0;0.0;0.0;22.435897435897438;22.37606837606838;25.0;25.0;0;0
82.389;0.0;0.0;0.0;22.435897435897438;22.37606837606838;25.0;25.0;0;0
82.489;0.0;0.0;0.0;22.435897435897438;22.37606837606838;25.0;25.0;0;0
82.595;0.0;0.0;0.0;22.435897435897438;22.37606837606838;25.0;25.0;0;0
82.696;0.0;0.0;0.0;22.435897435897438;22.37606837606838;25.0;25.0;0;0
82.796;0.0;0.0;0.0;22.435897435897438;22.37606837606838;25.0;25.0;0;0
82.897;0.0;0.0;0.0;22.435897435897438;22.37606837606838;25.0;25.0;0;0
82.997;0.0;0.0;0.0;22.435897435897438;22.37606837606838;25.0;25.0;0;0
83.098;0.0;0.0;0.0;22.435897435897438;22.37606837606838;25.0;25.0;0;0
83.199;0.0;0.0;0.0;22.435897435897438;22.37606837606838;25.0;25.0;0;0
83.31;0.0;0.0;0.0;22.435897435897438;22.37606837606838;25.0;25.0;0;0
83.41;0.0;0.0;0.0;22.435897435897438;22.37606837606838;25.0;25.0;0;0
83.515;0.0;0.0;0.0;22.435897435897438;22.37606837606838;25.0;25.0;0;0
83.623;0.0;0.0;0.0;22.435897435897438;22.37606837606838;25.0;25.0;0;0
83.724;0.0;0.0;0.0;22.435897435897438;22.37606837606838;25.0;25.0;0;0
83.829;0.0;0.0;0.0;22.435897435897438;22.37606837606838;25.0;25.0;0;0
83.942;0.0;0.0;0.0;22.435897435897438;22.37606837606838;25.0;25.0;0;0
84.045;0.0;0.0;0.0;22.435897435897438;22.37606837606838;25.0;25.0;0;0
84.15;0.0;0.0;0.0;22.435897435897438;22.37606837606838;25.0;25.0;0;0
84.257;0.0;0.0;0.0;22.435897435897438;22.37606837606838;25.0;25.0;0;0
84.358;0.0;0.0;0.0;22.435897435897438;22.37606837606838;25.0;25.0;0;0
84.458;0.0;0.0;0.0;22.435897435897438;22.37606837606838;25.0;25.0;0;0
84.558;0.0;0.0;0.0;22.435897435897438;22.37606837606838;25.0;25.0;0;0
84.659;0.0;0.0;0.0;22.435897435897438;22.37606837606838;25.0;25.0;0;0
84.759;0.0;0.0;0.0;22.435897435897438;22.37606837606838;25.0;25.0;0;0
84.86;0.0;0.0;0.0;22.435897435897438;22.37606837606838;25.0;25.0;0;0
84.962;0.0;0.0;0.0;22.435897435897438;22.37606837606838;25.0;25.0;0;0
85.067;0.0;0.0;0.0;22.435897435897438;22.37606837606838;25.0;25.0;0;0
85.168;0.0;0.0;0.0;22.435897435897438;22.37606837606838;25.0;25.0;0;0
85.28;0.0;0.0;0.0;22.435897435897438;22.37606837606838;25.0;25.0;0;0
85.388;0.0;0.0;0.0;22.435897435897438;22.37606837606838;25.0;25.0;0;0
85.489;0.0;0.0;0.0;22.435897435897438;22.37606837606838;25.0;25.0;0;0
85.591;0.0;0.0;0.0;22.435897435897438;22.37606837606838;25.0;25.0;0;0
85.7;0.0;0.0;0.0;22.435897435897438;22.37606837606838;25.0;25.0;0;0
85.8;0.0;0.0;0.0;22.435897435897438;22.37606837606838;25.0;25.0;0;0
85.903;0.0;0.0;0.0;22.435897435897438;22.37606837606838;25.0;25.0;0;0
86.005;0.0;0.0;0.0;22.435897435897438;22.37606837606838;25.0;25.0;0;0
86.105;0.0;0.0;0.0;22.435897435897438;22.37606837606838;25.0;25.0;0;0
86.206;0.0;0.0;0.0;22.435897435897438;22.37606837606838;25.0;25.0;0;0
86.306;0.0;0.0;0.0;22.435897435897438;22.37606837606838;25.0;25.0;0;0
86.407;0.0;0.0;0.0;22.435897435897438;22.37606837606838;25.0;25.0;0;0
86.507;0.0;0.0;0.0;22.435897435897438;22.37606837606838;25.0;25.0;0;0
86.608;0.0;0.0;0.0;22.435897435897438;22.37606837606838;25.0;25.0;0;0
86.708;0.0;0.0;0.0;22.435897435897438;22.37606837606838;25.0;25.0;0;0
86.809;0.0;0.0;0.0;22.435897435897438;22.37606837606838;25.0;25.0;0;0
86.912;0.0;0.0;0.0;22.435897435897438;22.37606837606838;25.0;25.0;0;0
87.013;0.0;0.0;0.0;22.435897435897438;22.37606837606838;25.0;25.0;0;0
87.116;0.0;0.0;0.0;22.435897435897438;22.37606837606838;25.0;25.0;0;0
87.225;0.0;0.0;0.0;22.435897435897438;22.37606837606838;25.0;25.0;0;0
87.33;0.0;0.0;0.0;22.435897435897438;22.37606837606838;25.0;25.0;0;0
87.434;0.0;0.0;0.0;22.435897435897438;22.37606837606838;25.0;25.0;0;0
87.535;0.0;0.0;0.0;22.435897435897438;22.37606837606838;25.0;25.0;0;0
87.635;0.0;0.0;0.0;22.435897435897438;22.37606837606838;25.0;25.0;0;0
87.736;0.0;0.0;0.0;22.435897435897438;22.37606837606838;25.0;25.0;0;0
87.836;0.0;0.0;0.0;22.435897435897438;22.37606837606838;25.0;25.0;0;0
87.937;0.0;0.0;0.0;22.435897435897438;22.37606837606838;25.0;25.0;0;0
88.039;0.0;0.0;0.0;22.435897435897438;22.37606837606838;25.0;25.0;0;0
88.142;0.0;0.0;0.0;22.435897435897438;22.37606837606838;25.0;25.0;0;0
88.245;0.0;0.0;0.0;22.435897435897438;22.37606837606838;25.0;25.0;0;0
88.345;0.0;0.0;0.0;22.435897435897438;22.37606837606838;25.0;25.0;0;0
88.449;0.0;0.0;0.0;22.435897435897438;22.37606837606838;25.0;25.0;0;0
88.562;0.0;0.0;0.0;22.435897435897438;22.37606837606838;25.0;25.0;0;0
88.665;0.0;0.0;0.0;22.435897435897438;22.37606837606838;25.0;25.0;0;0
88.77;0.0;0.0;0.0;22.435897435897438;22.37606837606838;25.0;25.0;0;0
88.871;0.0;0.0;0.0;22.435897435897438;22.37606837606838;25.0;25.0;0;0
88.989;0.0;0.0;0.0;22.435897435897438;22.37606837606838;25.0;25.0;0;0
89.097;0.0;0.0;0.0;22.435897435897438;22.37606837606838;25.0;25.0;0;0
89.207;0.0;0.0;0.0;22.435897435897438;22.37606837606838;25.0;25.0;0;0
89.318;0.0;0.0;0.0;22.435897435897438;22.37606837606838;25.0;25.0;0;0
89.429;0.0;0.0;0.0;22.435897435897438;22.37606837606838;25.0;25.0;0;0
89.53;0.0;0.0;0.0;22.435897435897438;22.37606837606838;25.0;25.0;0;0
89.633;0.0;0.0;0.0;22.435897435897438;22.37606837606838;25.0;25.0;0;0
89.734;0.0;0.0;0.0;22.435897435897438;22.37606837606838;25.0;25.0;0;0
89.834;0.0;0.0;0.0;22.435897435897438;22.37606837606838;25.0;25.0;0;0
89.935;0.0;0.0;0.0;22.435897435897438;22.37606837606838;25.0;25.0;0;0
90.035;0.0;0.0;0.0;22.435897435897438;22.37606837606838;25.0;25.0;0;0
90.136;0.0;0.0;0.0;22.435897435897438;22.37606837606838;25.0;25.0;0;0
90.236;0.0;0.0;0.0;22.435897435897438;22.37606837606838;25.0;25.0;0;0
90.336;0.0;0.0;0.0;22.435897435897438;22.37606837606838;25.0;25.0;0;0
90.437;0.0;0.0;0.0;22.435897435897438;22.37606837606838;25.0;25.0;0;0
90.541;0.0;0.0;0.0;22.435897435897438;22.37606837606838;25.0;25.0;0;0
90.65;0.0;0.0;0.0;22.435897435897438;22.37606837606838;25.0;25.0;0;0
90.76;0.0;0.0;0.0;22.435897435897438;22.37606837606838;25.0;25.0;0;0
90.86;0.0;0.0;0.0;22.435897435897438;22.37606837606838;25.0;25.0;0;0
90.963;0.0;0.0;0.0;22.435897435897438;22.37606837606838;25.0;25.0;0;0
91.075;0.0;0.0;0.0;22.435897435897438;22.37606837606838;25.0;25.0;0;0
91.187;0.0;0.0;0.0;22.435897435897438;22.37606837606838;25.0;25.0;0;0
91.298;0.0;0.0;0.0;22.435897435897438;22.37606837606838;25.0;25.0;0;0
91.399;0.0;0.0;0.0;22.435897435897438;22.37606837606838;25.0;25.0;0;0
91.503;0.0;0.0;0.0;22.435897435897438;22.37606837606838;25.0;25.0;0;0
91.616;0.0;0.0;0.0;22.435897435897438;22.37606837606838;25.0;25.0;0;0
91.727;0.0;0.0;0.0;22.435897435897438;22.37606837606838;25.0;25.0;0;0
91.838;0.0;0.0;0.0;22.435897435897438;22.37606837606838;25.0;25.0;0;0
91.942;0.0;0.0;0.0;22.435897435897438;22.37606837606838;25.0;25.0;0;0
92.047;0.0;0.0;0.0;22.435897435897438;22.37606837606838;25.0;25.0;0;0
92.147;0.0;0.0;0.0;22.435897435897438;22.37606837606838;25.0;25.0;0;0
92.268;0.0;0.0;0.0;22.435897435897438;22.37606837606838;25.0;25.0;0;0
92.371;0.0;0.0;0.0;22.435897435897438;22.37606837606838;25.0;25.0;0;0
92.474;0.0;0.0;0.0;22.435897435897438;22.37606837606838;25.0;25.0;0;0
92.575;0.0;0.0;0.0;22.435897435897438;22.37606837606838;25.0;25.0;0;0
92.675;0.0;0.0;0.0;22.435897435897438;22.37606837606838;25.0;25.0;0;0
92.776;0.0;0.0;0.0;22.435897435897438;22.37606837606838;25.0;25.0;0;0
92.876;0.0;0.0;0.0;22.435897435897438;22.37606837606838;25.0;25.0;0;0
92.976;0.0;0.0;0.0;22.435897435897438;22.37606837606838;25.0;25.0;0;0
93.077;0.0;0.0;0.0;22.435897435897438;22.37606837606838;25.0;25.0;0;0
93.177;0.0;0.0;0.0;22.435897435897438;22.37606837606838;25.0;25.0;0;0
93.279;0.0;0.0;0.0;22.435897435897438;22.37606837606838;25.0;25.0;0;0
93.38;0.0;0.0;0.0;22.435897435897438;22.37606837606838;25.0;25.0;0;0
93.481;0.0;0.0;0.0;22.435897435897438;22.37606837606838;25.0;25.0;0;0
93.585;0.0;0.0;0.0;22.435897435897438;22.37606837606838;25.0;25.0;0;0
93.696;0.0;0.0;0.0;22.435897435897438;22.37606837606838;25.0;25.0;0;0
93.806;0.0;0.0;0.0;22.435897435897438;22.37606837606838;25.0;25.0;0;0
93.908;0.0;0.0;0.0;22.435897435897438;22.37606837606838;25.0;25.0;0;0
94.028;0.0;0.0;0.0;22.435897435897438;22.37606837606838;25.0;25.0;0;0
94.13;0.0;0.0;0.0;22.435897435897438;22.37606837606838;25.0;25.0;0;0
94.235;0.0;0.0;0.0;22.435897435897438;22.37606837606838;25.0;25.0;0;0
94.338;0.0;0.0;0.0;22.435897435897438;22.37606837606838;25.0;25.0;0;0
94.441;0.0;0.0;0.0;22.435897435897438;22.37606837606838;25.0;25.0;0;0
94.541;0.0;0.0;0.0;22.435897435897438;22.37606837606838;25.0;25.0;0;0
94.641;0.0;0.0;0.0;22.435897435897438;22.37606837606838;25.0;25.0;0;0
94.742;0.0;0.0;0.0;22.435897435897438;22.37606837606838;25.0;25.0;0;0
94.842;0.0;0.0;0.0;22.435897435897438;22.37606837606838;25.0;25.0;0;0
94.943;0.0;0.0;0.0;22.435897435897438;22.37606837606838;25.0;25.0;0;0
95.048;0.0;0.0;0.0;22.435897435897438;22.37606837606838;25.0;25.0;0;0
95.148;0.0;0.0;0.0;22.435897435897438;22.37606837606838;25.0;25.0;0;0
95.257;0.0;0.0;0.0;22.435897435897438;22.37606837606838;25.0;25.0;0;0
95.366;0.0;0.0;0.0;22.435897435897438;22.37606837606838;25.0;25.0;0;0
95.47;0.0;0.0;0.0;22.435897435897438;22.37606837606838;25.0;25.0;0;0
95.572;0.0;0.0;0.0;22.435897435897438;22.37606837606838;25.0;25.0;0;0
95.683;0.0;0.0;0.0;22.435897435897438;22.37606837606838;25.0;25.0;0;0
95.786;0.0;0.0;0.0;22.435897435897438;22.37606837606838;25.0;25.0;0;0
95.904;0.0;0.0;0.0;22.435897435897438;22.37606837606838;25.0;25.0;0;0
96.015;0.0;0.0;0.0;22.435897435897438;22.37606837606838;25.0;25.0;0;0
96.116;0.0;0.0;0.0;22.435897435897438;22.37606837606838;25.0;25.0;0;0
96.222;0.0;0.0;0.0;22.435897435897438;22.37606837606838;25.0;25.0;0;0
96.334;0.0;0.0;0.0;22.435897435897438;22.37606837606838;25.0;25.0;0;0
96.445;0.0;0.0;0.0;22.435897435897438;22.37606837606838;25.0;25.0;0;0
96.556;0.0;0.0;0.0;22.435897435897438;22.37606837606838;25.0;25.0;0;0
96.666;0.0;0.0;0.0;22.435897435897438;22.37606837606838;25.0;25.0;0;0
96.778;0.0;0.0;0.0;22.435897435897438;22.37606837606838;25.0;25.0;0;0
96.89;0.0;0.0;0.0;22.435897435897438;22.37606837606838;25.0;25.0;0;0
97.001;0.0;0.0;0.0;22.435897435897438;22.37606837606838;25.0;25.0;0;0
97.112;0.0;0.0;0.0;22.435897435897438;22.37606837606838;25.0;25.0;0;0
97.223;0.0;0.0;0.0;22.435897435897438;22.37606837606838;25.0;25.0;0;0
97.325;0.0;0.0;0.0;22.435897435897438;22.37606837606838;25.0;25.0;0;0
97.431;0.0;0.0;0.0;22.435897435897438;22.37606837606838;25.0;25.0;0;0
97.549;0.0;0.0;0.0;22.435897435897438;22.37606837606838;25.0;25.0;0;0
97.653;0.0;0.0;0.0;22.435897435897438;22.37606837606838;25.0;25.0;0;0
97.753;0.0;0.0;0.0;22.435897435897438;22.37606837606838;25.0;25.0;0;0
97.854;0.0;0.0;0.0;22.435897435897438;22.37606837606838;25.0;25.0;0;0
97.954;0.0;0.0;0.0;22.435897435897438;22.37606837606838;25.0;25.0;0;0
98.055;0.0;0.0;0.0;22.435897435897438;22.37606837606838;25.0;25.0;0;0
98.155;0.0;0.0;0.0;22.435897435897438;22.37606837606838;25.0;25.0;0;0
98.256;0.0;0.0;0.0;22.435897435897438;22.37606837606838;25.0;25.0;0;0
98.356;0.0;0.0;0.0;22.435897435897438;22.37606837606838;25.0;25.0;0;0
98.459;0.0;0.0;0.0;22.435897435897438;22.37606837606838;25.0;25.0;0;0
98.559;0.0;0.0;0.0;22.435897435897438;22.37606837606838;25.0;25.0;0;0
98.667;0.0;0.0;0.0;22.435897435897438;22.37606837606838;25.0;25.0;0;0
98.776;0.0;0.0;0.0;22.435897435897438;22.37606837606838;25.0;25.0;0;0
98.878;0.0;0.0;0.0;22.435897435897438;22.37606837606838;25.0;25.0;0;0
98.979;0.0;0.0;0.0;22.435897435897438;22.37606837606838;25.0;25.0;0;0
99.089;0.0;0.0;0.0;22.435897435897438;22.37606837606838;25.0;25.0;0;0
99.201;0.0;0.0;0.0;22.435897435897438;22.37606837606838;25.0;25.0;0;0
99.311;0.0;0.0;0.0;22.435897435897438;22.37606837606838;25.0;25.0;0;0
99.422;0.0;0.0;0.0;22.435897435897438;22.37606837606838;25.0;25.0;0;0
99.523;0.0;0.0;0.0;22.435897435897438;22.37606837606838;25.0;25.0;0;0
99.636;0.0;0.0;0.0;22.435897435897438;22.37606837606838;25.0;25.0;0;0
99.739;0.0;0.0;0.0;22.435897435897438;22.37606837606838;25.0;25.0;0;0
99.85;0.0;0.0;0.0;22.435897435897438;22.37606837606838;25.0;25.0;0;0
99.959;0.0;0.0;0.0;22.435897435897438;22.37606837606838;25.0;25.0;0;0
100.069;0.0;0.0;0.0;22.435897435897438;22.37606837606838;25.0;25.0;0;0
100.18;0.0;0.0;0.0;22.435897435897438;22.37606837606838;25.0;25.0;0;0
100.29;0.0;0.0;0.0;22.435897435897438;22.37606837606838;25.0;25.0;0;0
100.404;0.0;0.0;0.0;22.435897435897438;22.37606837606838;25.0;25.0;0;0
100.521;0.0;0.0;0.0;22.435897435897438;22.37606837606838;25.0;25.0;0;0
100.625;0.0;0.0;0.0;22.435897435897438;22.37606837606838;25.0;25.0;0;0
100.735;0.0;0.0;0.0;22.435897435897438;22.37606837606838;25.0;25.0;0;0
100.845;0.0;0.0;0.0;22.435897435897438;22.37606837606838;25.0;25.0;0;0
100.957;0.0;0.0;0.0;22.435897435897438;22.37606837606838;25.0;25.0;0;0
101.067;0.0;0.0;0.0;22.435897435897438;22.37606837606838;25.0;25.0;0;0
101.18;0.0;0.0;0.0;22.435897435897438;22.37606837606838;25.0;25.0;0;0
101.294;0.0;0.0;0.0;22.435897435897438;22.37606837606838;25.0;25.0;0;0
101.402;0.0;0.0;0.0;22.435897435897438;22.37606837606838;25.0;25.0;0;0
101.511;0.0;0.0;0.0;22.435897435897438;22.37606837606838;25.0;25.0;0;0
101.621;0.0;0.0;0.0;22.435897435897438;22.37606837606838;25.0;25.0;0;0
101.732;0.0;0.0;0.0;22.435897435897438;22.37606837606838;25.0;25.0;0;0
101.834;0.0;0.0;0.0;22.435897435897438;22.37606837606838;25.0;25.0;0;0
101.938;0.0;0.0;0.0;22.435897435897438;22.37606837606838;25.0;25.0;0;0
102.038;0.0;0.0;0.0;22.435897435897438;22.37606837606838;25.0;25.0;0;0
102.139;0.0;0.0;0.0;22.435897435897438;22.37606837606838;25.0;25.0;0;0
102.239;0.0;0.0;0.0;22.435897435897438;22.37606837606838;25.0;25.0;0;0
102.34;0.0;0.0;0.0;22.435897435897438;22.37606837606838;25.0;25.0;0;0
102.44;0.0;0.0;0.0;22.435897435897438;22.37606837606838;25.0;25.0;0;0
102.54;0.0;0.0;0.0;22.435897435897438;22.37606837606838;25.0;25.0;0;0
102.645;0.0;0.0;0.0;22.435897435897438;22.37606837606838;25.0;25.0;0;0
102.747;0.0;0.0;0.0;22.435897435897438;22.37606837606838;25.0;25.0;0;0
102.859;0.0;0.0;0.0;22.435897435897438;22.37606837606838;25.0;25.0;0;0
102.968;0.0;0.0;0.0;22.435897435897438;22.37606837606838;25.0;25.0;0;0
103.079;0.0;0.0;0.0;22.435897435897438;22.37606837606838;25.0;25.0;0;0
103.188;0.0;0.0;0.0;22.435897435897438;22.37606837606838;25.0;25.0;0;0
103.3;0.0;0.0;0.0;22.435897435897438;22.37606837606838;25.0;25.0;0;0
103.4;0.0;0.0;0.0;22.435897435897438;22.37606837606838;25.0;25.0;0;0
103.506;0.0;0.0;0.0;22.435897435897438;22.37606837606838;25.0;25.0;0;0
103.616;0.0;0.0;0.0;22.435897435897438;22.37606837606838;25.0;25.0;0;0
103.717;0.0;0.0;0.0;22.435897435897438;22.37606837606838;25.0;25.0;0;0
103.82;0.0;0.0;0.0;22.435897435897438;22.37606837606838;25.0;25.0;0;0
103.933;0.0;0.0;0.0;22.435897435897438;22.37606837606838;25.0;25.0;0;0
104.044;0.0;0.0;0.0;22.435897435897438;22.37606837606838;25.0;25.0;0;0
104.154;0.0;0.0;0.0;22.435897435897438;22.37606837606838;25.0;25.0;0;0
104.255;0.0;0.0;0.0;22.435897435897438;22.37606837606838;25.0;25.0;0;0
104.362;0.0;0.0;0.0;22.435897435897438;22.37606837606838;25.0;25.0;0;0
104.464;0.0;0.0;0.0;22.435897435897438;22.37606837606838;25.0;25.0;0;0
104.57;0.0;0.0;0.0;22.435897435897438;22.37606837606838;25.0;25.0;0;0
104.693;0.0;0.0;0.0;22.435897435897438;22.37606837606838;25.0;25.0;0;0
104.802;0.0;0.0;0.0;22.435897435897438;22.37606837606838;25.0;25.0;0;0
104.908;0.0;0.0;0.0;22.435897435897438;22.37606837606838;25.0;25.0;0;0
105.012;0.0;0.0;0.0;22.435897435897438;22.37606837606838;25.0;25.0;0;0
105.112;0.0;0.0;0.0;22.435897435897438;22.37606837606838;25.0;25.0;0;0
105.213;0.0;0.0;0.0;22.435897435897438;22.37606837606838;25.0;25.0;0;0
105.313;0.0;0.0;0.0;22.435897435897438;22.37606837606838;25.0;25.0;0;0
105.414;0.0;0.0;0.0;22.435897435897438;22.37606837606838;25.0;25.0;0;0
105.514;0.0;0.0;0.0;22.435897435897438;22.37606837606838;25.0;25.0;0;0
105.614;0.0;0.0;0.0;22.435897435897438;22.37606837606838;25.0;25.0;0;0
105.716;0.0;0.0;0.0;22.435897435897438;22.37606837606838;25.0;25.0;0;0
105.82;0.0;0.0;0.0;22.435897435897438;22.37606837606838;25.0;25.0;0;0
105.92;0.0;0.0;0.0;22.435897435897438;22.37606837606838;25.0;25.0;0;0
106.03;0.0;0.0;0.0;22.435897435897438;22.37606837606838;25.0;25.0;0;0
106.131;0.0;0.0;0.0;22.435897435897438;22.37606837606838;25.0;25.0;0;0
106.238;0.0;0.0;0.0;22.435897435897438;22.37606837606838;25.0;25.0;0;0
106.338;0.0;0.0;0.0;22.435897435897438;22.37606837606838;25.0;25.0;0;0
106.443;0.0;0.0;0.0;22.435897435897438;22.37606837606838;25.0;25.0;0;0
106.556;0.0;0.0;0.0;22.435897435897438;22.37606837606838;25.0;25.0;0;0
106.667;0.0;0.0;0.0;22.435897435897438;22.37606837606838;25.0;25.0;0;0
106.778;0.0;0.0;0.0;22.435897435897438;22.37606837606838;25.0;25.0;0;0
106.89;0.0;0.0;0.0;22.435897435897438;22.37606837606838;25.0;25.0;0;0
107.0;0.0;0.0;0.0;22.435897435897438;22.37606837606838;25.0;25.0;0;0
107.111;0.0;0.0;0.0;22.435897435897438;22.37606837606838;25.0;25.0;0;0
107.223;0.0;0.0;0.0;22.435897435897438;22.37606837606838;25.0;25.0;0;0
107.326;0.0;0.0;0.0;22.435897435897438;22.37606837606838;25.0;25.0;0;0
107.437;0.0;0.0;0.0;22.435897435897438;22.37606837606838;25.0;25.0;0;0
107.556;0.0;0.0;0.0;22.435897435897438;22.37606837606838;25.0;25.0;0;0
107.666;0.0;0.0;0.0;22.435897435897438;22.37606837606838;25.0;25.0;0;0
107.777;0.0;0.0;0.0;22.435897435897438;22.37606837606838;25.0;25.0;0;0
107.889;0.0;0.0;0.0;22.435897435897438;22.37606837606838;25.0;25.0;0;0
107.999;0.0;0.0;0.0;22.435897435897438;22.37606837606838;25.0;25.0;0;0
108.102;0.0;0.0;0.0;22.435897435897438;22.37606837606838;25.0;25.0;0;0
108.206;0.0;0.0;0.0;22.435897435897438;22.37606837606838;25.0;25.0;0;0
108.317;0.0;0.0;0.0;22.435897435897438;22.37606837606838;25.0;25.0;0;0
108.43;0.0;0.0;0.0;22.435897435897438;22.37606837606838;25.0;25.0;0;0
108.53;0.0;0.0;0.0;22.435897435897438;22.37606837606838;25.0;25.0;0;0
108.633;0.0;0.0;0.0;22.435897435897438;22.37606837606838;25.0;25.0;0;0
108.733;0.0;0.0;0.0;22.435897435897438;22.37606837606838;25.0;25.0;0;0
108.834;0.0;0.0;0.0;22.435897435897438;22.37606837606838;25.0;25.0;0;0
108.935;0.0;0.0;0.0;22.435897435897438;22.37606837606838;25.0;25.0;0;0
109.035;0.0;0.0;0.0;22.435897435897438;22.37606837606838;25.0;25.0;0;0
109.135;0.0;0.0;0.0;22.435897435897438;22.37606837606838;25.0;25.0;0;0
109.237;0.0;0.0;0.0;22.435897435897438;22.37606837606838;25.0;25.0;0;0
109.338;0.0;0.0;0.0;22.435897435897438;22.37606837606838;25.0;25.0;0;0
109.443;0.0;0.0;0.0;22.435897435897438;22.37606837606838;25.0;25.0;0;0
109.554;0.0;0.0;0.0;22.435897435897438;22.37606837606838;25.0;25.0;0;0
109.664;0.0;0.0;0.0;22.435897435897438;22.37606837606838;25.0;25.0;0;0
109.766;0.0;0.0;0.0;22.435897435897438;22.37606837606838;25.0;25.0;0;0
109.87;0.0;0.0;0.0;22.435897435897438;22.37606837606838;25.0;25.0;0;0
109.983;0.0;0.0;0.0;22.435897435897438;22.37606837606838;25.0;25.0;0;0
110.093;0.0;0.0;0.0;22.435897435897438;22.37606837606838;25.0;25.0;0;0
110.206;0.0;0.0;0.0;22.435897435897438;22.37606837606838;25.0;25.0;0;0
110.319;0.0;0.0;0.0;22.435897435897438;22.37606837606838;25.0;25.0;0;0
110.43;0.0;0.0;0.0;22.435897435897438;22.37606837606838;25.0;25.0;0;0
110.541;0.0;0.0;0.0;22.435897435897438;22.37606837606838;25.0;25.0;0;0
110.656;0.0;0.0;0.0;22.435897435897438;22.37606837606838;25.0;25.0;0;0
110.764;0.0;0.0;0.0;22.435897435897438;22.37606837606838;25.0;25.0;0;0
110.875;0.0;0.0;0.0;22.435897435897438;22.37606837606838;25.0;25.0;0;0
110.987;0.0;0.0;0.0;22.435897435897438;22.37606837606838;25.0;25.0;0;0
111.097;0.0;0.0;0.0;22.435897435897438;22.37606837606838;25.0;25.0;0;0
111.206;0.0;0.0;0.0;22.435897435897438;22.37606837606838;25.0;25.0;0;0
111.316;0.0;0.0;0.0;22.435897435897438;22.37606837606838;25.0;25.0;0;0
111.429;0.0;0.0;0.0;22.435897435897438;22.37606837606838;25.0;25.0;0;0
111.538;0.0;0.0;0.0;22.435897435897438;22.37606837606838;25.0;25.0;0;0
111.65;0.0;0.0;0.0;22.435897435897438;22.37606837606838;25.0;25.0;0;0
111.761;0.0;0.0;0.0;22.435897435897438;22.37606837606838;25.0;25.0;0;0
111.873;0.0;0.0;0.0;22.435897435897438;22.37606837606838;25.0;25.0;0;0
111.986;0.0;0.0;0.0;22.435897435897438;22.37606837606838;25.0;25.0;0;0
112.097;0.0;0.0;0.0;22.435897435897438;22.37606837606838;25.0;25.0;0;0
112.2;0.0;0.0;0.0;22.435897435897438;22.37606837606838;25.0;25.0;0;0
112.305;0.0;0.0;0.0;22.435897435897438;22.37606837606838;25.0;25.0;0;0
112.405;0.0;0.0;0.0;22.435897435897438;22.37606837606838;25.0;25.0;0;0
112.506;0.0;0.0;0.0;22.435897435897438;22.37606837606838;25.0;25.0;0;0
112.606;0.0;0.0;0.0;22.435897435897438;22.37606837606838;25.0;25.0;0;0
112.707;0.0;0.0;0.0;22.435897435897438;22.37606837606838;25.0;25.0;0;0
112.807;0.0;0.0;0.0;22.435897435897438;22.37606837606838;25.0;25.0;0;0
112.911;0.0;0.0;0.0;22.435897435897438;22.37606837606838;25.0;25.0;0;0
113.011;0.0;0.0;0.0;22.435897435897438;22.37606837606838;25.0;25.0;0;0
113.113;0.0;0.0;0.0;22.435897435897438;22.37606837606838;25.0;25.0;0;0
113.214;0.0;0.0;0.0;22.435897435897438;22.37606837606838;25.0;25.0;0;0
113.322;0.0;0.0;0.0;22.435897435897438;22.37606837606838;25.0;25.0;0;0
113.432;0.0;0.0;0.0;22.435897435897438;22.37606837606838;25.0;25.0;0;0
113.541;0.0;0.0;0.0;22.435897435897438;22.37606837606838;25.0;25.0;0;0
113.642;0.0;0.0;0.0;22.435897435897438;22.37606837606838;25.0;25.0;0;0
113.747;0.0;0.0;0.0;22.435897435897438;22.37606837606838;25.0;25.0;0;0
113.849;0.0;0.0;0.0;22.435897435897438;22.37606837606838;25.0;25.0;0;0
113.953;0.0;0.0;0.0;22.435897435897438;22.37606837606838;25.0;25.0;0;0
114.064;0.0;0.0;0.0;22.435897435897438;22.37606837606838;25.0;25.0;0;0
114.174;0.0;0.0;0.0;22.435897435897438;22.37606837606838;25.0;25.0;0;0
114.286;0.0;0.0;0.0;22.435897435897438;22.37606837606838;25.0;25.0;0;0
114.397;0.0;0.0;0.0;22.435897435897438;22.37606837606838;25.0;25.0;0;0
114.508;0.0;0.0;0.0;22.435897435897438;22.37606837606838;25.0;25.0;0;0
114.62;0.0;0.0;0.0;22.435897435897438;22.37606837606838;25.0;25.0;0;0
114.732;0.0;0.0;0.0;22.435897435897438;22.37606837606838;25.0;25.0;0;0
114.834;0.0;0.0;0.0;22.435897435897438;22.37606837606838;25.0;25.0;0;0
114.954;0.0;0.0;0.0;22.435897435897438;22.37606837606838;25.0;25.0;0;0
115.065;0.0;0.0;0.0;22.435897435897438;22.37606837606838;25.0;25.0;0;0
115.174;0.0;0.0;0.0;22.435897435897438;22.37606837606838;25.0;25.0;0;0
115.286;0.0;0.0;0.0;22.435897435897438;22.37606837606838;25.0;25.0;0;0
115.395;0.0;0.0;0.0;22.435897435897438;22.37606837606838;25.0;25.0;0;0
115.506;0.0;0.0;0.0;22.435897435897438;22.37606837606838;25.0;25.0;0;0
115.617;0.0;0.0;0.0;22.435897435897438;22.37606837606838;25.0;25.0;0;0
115.728;0.0;0.0;0.0;22.435897435897438;22.37606837606838;25.0;25.0;0;0
115.839;0.0;0.0;0.0;22.435897435897438;22.37606837606838;25.0;25.0;0;0
115.954;0.0;0.0;0.0;22.435897435897438;22.37606837606838;25.0;25.0;0;0
116.061;0.0;0.0;0.0;22.435897435897438;22.37606837606838;25.0;25.0;0;0
116.172;0.0;0.0;0.0;22.435897435897438;22.37606837606838;25.0;25.0;0;0
116.283;0.0;0.0;0.0;22.435897435897438;22.37606837606838;25.0;25.0;0;0
116.384;0.0;0.0;0.0;22.435897435897438;22.37606837606838;25.0;25.0;0;0
116.498;0.0;0.0;0.0;22.435897435897438;22.37606837606838;25.0;25.0;0;0
116.609;0.0;0.0;0.0;22.435897435897438;22.37606837606838;25.0;25.0;0;0
116.714;0.0;0.0;0.0;22.435897435897438;22.37606837606838;25.0;25.0;0;0
116.814;0.0;0.0;0.0;22.435897435897438;22.37606837606838;25.0;25.0;0;0
116.915;0.0;0.0;0.0;22.435897435897438;22.37606837606838;25.0;25.0;0;0
117.015;0.0;0.0;0.0;22.435897435897438;22.37606837606838;25.0;25.0;0;0
117.115;0.0;0.0;0.0;22.435897435897438;22.37606837606838;25.0;25.0;0;0
117.215;0.0;0.0;0.0;22.435897435897438;22.37606837606838;25.0;25.0;0;0
117.316;0.0;0.0;0.0;22.435897435897438;22.37606837606838;25.0;25.0;0;0
117.419;0.0;0.0;0.0;22.435897435897438;22.37606837606838;25.0;25.0;0;0
117.529;0.0;0.0;0.0;22.435897435897438;22.37606837606838;25.0;25.0;0;0
117.636;0.0;0.0;0.0;22.435897435897438;22.37606837606838;25.0;25.0;0;0
117.743;0.0;0.0;0.0;22.435897435897438;22.37606837606838;25.0;25.0;0;0
117.845;0.0;0.0;0.0;22.435897435897438;22.37606837606838;25.0;25.0;0;0
117.947;0.0;0.0;0.0;22.435897435897438;22.37606837606838;25.0;25.0;0;0
118.06;0.0;0.0;0.0;22.435897435897438;22.37606837606838;25.0;25.0;0;0
118.172;0.0;0.0;0.0;22.435897435897438;22.37606837606838;25.0;25.0;0;0
118.275;0.0;0.0;0.0;22.435897435897438;22.37606837606838;25.0;25.0;0;0
118.377;0.0;0.0;0.0;22.435897435897438;22.37606837606838;25.0;25.0;0;0
118.48;0.0;0.0;0.0;22.435897435897438;22.37606837606838;25.0;25.0;0;0
118.58;0.0;0.0;0.0;22.435897435897438;22.37606837606838;25.0;25.0;0;0
118.681;0.0;0.0;0.0;22.435897435897438;22.37606837606838;25.0;25.0;0;0
118.781;0.0;0.0;0.0;22.435897435897438;22.37606837606838;25.0;25.0;0;0
118.882;0.0;0.0;0.0;22.435897435897438;22.37606837606838;25.0;25.0;0;0
118.982;0.0;0.0;0.0;22.435897435897438;22.37606837606838;25.0;25.0;0;0
119.086;0.0;0.0;0.0;22.435897435897438;22.37606837606838;25.0;25.0;0;0
119.189;0.0;0.0;0.0;22.435897435897438;22.37606837606838;25.0;25.0;0;0
119.29;0.0;0.0;0.0;22.435897435897438;22.37606837606838;25.0;25.0;0;0
119.395;0.0;0.0;0.0;22.435897435897438;22.37606837606838;25.0;25.0;0;0
119.505;0.0;0.0;0.0;22.435897435897438;22.37606837606838;25.0;25.0;0;0
119.615;0.0;0.0;0.0;22.435897435897438;22.37606837606838;25.0;25.0;0;0
119.718;0.0;0.0;0.0;22.435897435897438;22.37606837606838;25.0;25.0;0;0
119.831;0.0;0.0;0.0;22.435897435897438;22.37606837606838;25.0;25.0;0;0
119.94;0.0;0.0;0.0;22.435897435897438;22.37606837606838;25.0;25.0;0;0
120.047;0.0;0.0;0.0;22.435897435897438;22.37606837606838;25.0;25.0;0;0
120.156;0.0;0.0;0.0;22.435897435897438;22.37606837606838;25.0;25.0;0;0
120.258;0.0;0.0;0.0;22.435897435897438;22.37606837606838;25.0;25.0;0;0
120.359;0.0;0.0;0.0;22.435897435897438;22.37606837606838;25.0;25.0;0;0
120.474;0.0;0.0;0.0;22.435897435897438;22.37606837606838;25.0;25.0;0;0
120.58;0.0;0.0;0.0;22.435897435897438;22.37606837606838;25.0;25.0;0;0
120.693;0.0;0.0;0.0;22.435897435897438;22.37606837606838;25.0;25.0;0;0
120.795;0.0;0.0;0.0;22.435897435897438;22.37606837606838;25.0;25.0;0;0
120.899;0.0;0.0;0.0;22.435897435897438;22.37606837606838;25.0;25.0;0;0
121.0;0.0;0.0;0.0;22.435897435897438;22.37606837606838;25.0;25.0;0;0
121.1;0.0;0.0;0.0;22.435897435897438;22.37606837606838;25.0;25.0;0;0
121.2;0.0;0.0;0.0;22.435897435897438;22.37606837606838;25.0;25.0;0;0
121.301;0.0;0.0;0.0;22.435897435897438;22.37606837606838;25.0;25.0;0;0
121.401;0.0;0.0;0.0;22.435897435897438;22.37606837606838;25.0;25.0;0;0
121.502;0.0;0.0;0.0;22.435897435897438;22.37606837606838;25.0;25.0;0;0
121.602;0.0;0.0;0.0;22.435897435897438;22.37606837606838;25.0;25.0;0;0
121.708;0.0;0.0;0.0;22.435897435897438;22.37606837606838;25.0;25.0;0;0
121.81;0.0;0.0;0.0;22.435897435897438;22.37606837606838;25.0;25.0;0;0
121.915;0.0;0.0;0.0;22.435897435897438;22.37606837606838;25.0;25.0;0;0
122.017;0.0;0.0;0.0;22.435897435897438;22.37606837606838;25.0;25.0;0;0
122.122;0.0;0.0;0.0;22.435897435897438;22.37606837606838;25.0;25.0;0;0
122.247;0.0;0.0;0.0;22.435897435897438;22.37606837606838;25.0;25.0;0;0
122.359;0.0;0.0;0.0;22.435897435897438;22.37606837606838;25.0;25.0;0;0
122.461;0.0;0.0;0.0;22.435897435897438;22.37606837606838;25.0;25.0;0;0
122.566;0.0;0.0;0.0;22.435897435897438;22.37606837606838;25.0;25.0;0;0
122.677;0.0;0.0;0.0;22.435897435897438;22.37606837606838;25.0;25.0;0;0
122.78;0.0;0.0;0.0;22.435897435897438;22.37606837606838;25.0;25.0;0;0
122.884;0.0;0.0;0.0;22.435897435897438;22.37606837606838;25.0;25.0;0;0
122.985;0.0;0.0;0.0;22.435897435897438;22.37606837606838;25.0;25.0;0;0
123.085;0.0;0.0;0.0;22.435897435897438;22.37606837606838;25.0;25.0;0;0
123.185;0.0;0.0;0.0;22.435897435897438;22.37606837606838;25.0;25.0;0;0
123.286;0.0;0.0;0.0;22.435897435897438;22.37606837606838;25.0;25.0;0;0
123.386;0.0;0.0;0.0;22.435897435897438;22.37606837606838;25.0;25.0;0;0
123.487;0.0;0.0;0.0;22.435897435897438;22.37606837606838;25.0;25.0;0;0
123.59;0.0;0.0;0.0;22.435897435897438;22.37606837606838;25.0;25.0;0;0
123.695;0.0;0.0;0.0;22.435897435897438;22.37606837606838;25.0;25.0;0;0
123.797;0.0;0.0;0.0;22.435897435897438;22.37606837606838;25.0;25.0;0;0
123.9;0.0;0.0;0.0;22.435897435897438;22.37606837606838;25.0;25.0;0;0
124.011;0.0;0.0;0.0;22.435897435897438;22.37606837606838;25.0;25.0;0;0
124.122;0.0;0.0;0.0;22.435897435897438;22.37606837606838;25.0;25.0;0;0
124.233;0.0;0.0;0.0;22.435897435897438;22.37606837606838;25.0;25.0;0;0
124.334;0.0;0.0;0.0;22.435897435897438;22.37606837606838;25.0;25.0;0;0
124.442;0.0;0.0;0.0;22.435897435897438;22.37606837606838;25.0;25.0;0;0
124.543;0.0;0.0;0.0;22.435897435897438;22.37606837606838;25.0;25.0;0;0
124.646;0.0;0.0;0.0;22.435897435897438;22.37606837606838;25.0;25.0;0;0
124.747;0.0;0.0;0.0;22.435897435897438;22.37606837606838;25.0;25.0;0;0
124.847;0.0;0.0;0.0;22.435897435897438;22.37606837606838;25.0;25.0;0;0
124.947;0.0;0.0;0.0;22.435897435897438;22.37606837606838;25.0;25.0;0;0
125.048;0.0;0.0;0.0;22.435897435897438;22.37606837606838;25.0;25.0;0;0
125.148;0.0;0.0;0.0;22.435897435897438;22.37606837606838;25.0;25.0;0;0
125.252;0.0;0.0;0.0;22.435897435897438;22.37606837606838;25.0;25.0;0;0
125.354;0.0;0.0;0.0;22.435897435897438;22.37606837606838;25.0;25.0;0;0
125.454;0.0;0.0;0.0;22.435897435897438;22.37606837606838;25.0;25.0;0;0
125.559;0.0;0.0;0.0;22.435897435897438;22.37606837606838;25.0;25.0;0;0
125.66;0.0;0.0;0.0;22.435897435897438;22.37606837606838;25.0;25.0;0;0
125.763;0.0;0.0;0.0;22.435897435897438;22.37606837606838;25.0;25.0;0;0
125.874;0.0;0.0;0.0;22.435897435897438;22.37606837606838;25.0;25.0;0;0
125.984;0.0;0.0;0.0;22.435897435897438;22.37606837606838;25.0;25.0;0;0
126.086;0.0;0.0;0.0;22.435897435897438;22.37606837606838;25.0;25.0;0;0
126.191;0.0;0.0;0.0;22.435897435897438;22.37606837606838;25.0;25.0;0;0
126.3;0.0;0.0;0.0;22.435897435897438;22.37606837606838;25.0;25.0;0;0
126.405;0.0;0.0;0.0;22.435897435897438;22.37606837606838;25.0;25.0;0;0
126.523;0.0;0.0;0.0;22.435897435897438;22.37606837606838;25.0;25.0;0;0
126.634;0.0;0.0;0.0;22.435897435897438;22.37606837606838;25.0;25.0;0;0
126.738;0.0;0.0;0.0;22.435897435897438;22.37606837606838;25.0;25.0;0;0
126.84;0.0;0.0;0.0;22.435897435897438;22.37606837606838;25.0;25.0;0;0
126.94;0.0;0.0;0.0;22.435897435897438;22.37606837606838;25.0;25.0;0;0
127.04;0.0;0.0;0.0;22.435897435897438;22.37606837606838;25.0;25.0;0;0
127.141;0.0;0.0;0.0;22.435897435897438;22.37606837606838;25.0;25.0;0;0
127.242;0.0;0.0;0.0;22.435897435897438;22.37606837606838;25.0;25.0;0;0
127.342;0.0;0.0;0.0;22.435897435897438;22.37606837606838;25.0;25.0;0;0
127.442;0.0;0.0;0.0;22.435897435897438;22.37606837606838;25.0;25.0;0;0
127.543;0.0;0.0;0.0;22.435897435897438;22.37606837606838;25.0;25.0;0;0
127.645;0.0;0.0;0.0;22.435897435897438;22.37606837606838;25.0;25.0;0;0
127.749;0.0;0.0;0.0;22.435897435897438;22.37606837606838;25.0;25.0;0;0
127.859;0.0;0.0;0.0;22.435897435897438;22.37606837606838;25.0;25.0;0;0
127.97;0.0;0.0;0.0;22.435897435897438;22.37606837606838;25.0;25.0;0;0
128.079;0.0;0.0;0.0;22.435897435897438;22.37606837606838;25.0;25.0;0;0
128.181;0.0;0.0;0.0;22.435897435897438;22.37606837606838;25.0;25.0;0;0
128.288;0.0;0.0;0.0;22.435897435897438;22.37606837606838;25.0;25.0;0;0
128.388;0.0;0.0;0.0;22.435897435897438;22.37606837606838;25.0;25.0;0;0
128.492;0.0;0.0;0.0;22.435897435897438;22.37606837606838;25.0;25.0;0;0
128.604;0.0;0.0;0.0;22.435897435897438;22.37606837606838;25.0;25.0;0;0
128.713;0.0;0.0;0.0;22.435897435897438;22.37606837606838;25.0;25.0;0;0
128.826;0.0;0.0;0.0;22.435897435897438;22.37606837606838;25.0;25.0;0;0
128.937;0.0;0.0;0.0;22.435897435897438;22.37606837606838;25.0;25.0;0;0
129.04;0.0;0.0;0.0;22.435897435897438;22.37606837606838;25.0;25.0;0;0
129.159;0.0;0.0;0.0;22.435897435897438;22.37606837606838;25.0;25.0;0;0
129.262;0.0;0.0;0.0;22.435897435897438;22.37606837606838;25.0;25.0;0;0
129.365;0.0;0.0;0.0;22.435897435897438;22.37606837606838;25.0;25.0;0;0
129.465;0.0;0.0;0.0;22.435897435897438;22.37606837606838;25.0;25.0;0;0
129.566;0.0;0.0;0.0;22.435897435897438;22.37606837606838;25.0;25.0;0;0
129.667;0.0;0.0;0.0;22.435897435897438;22.37606837606838;25.0;25.0;0;0
129.767;0.0;0.0;0.0;22.435897435897438;22.37606837606838;25.0;25.0;0;0
129.868;0.0;0.0;0.0;22.435897435897438;22.37606837606838;25.0;25.0;0;0
129.969;0.0;0.0;0.0;22.435897435897438;22.37606837606838;25.0;25.0;0;0
130.07;0.0;0.0;0.0;22.435897435897438;22.37606837606838;25.0;25.0;0;0
130.176;0.0;0.0;0.0;22.435897435897438;22.37606837606838;25.0;25.0;0;0
130.285;0.0;0.0;0.0;22.435897435897438;22.37606837606838;25.0;25.0;0;0
130.387;0.0;0.0;0.0;22.435897435897438;22.37606837606838;25.0;25.0;0;0
130.492;0.0;0.0;0.0;22.435897435897438;22.37606837606838;25.0;25.0;0;0
130.602;0.0;0.0;0.0;22.435897435897438;22.37606837606838;25.0;25.0;0;0
130.713;0.0;0.0;0.0;22.435897435897438;22.37606837606838;25.0;25.0;0;0
130.825;0.0;0.0;0.0;22.435897435897438;22.37606837606838;25.0;25.0;0;0
130.936;0.0;0.0;0.0;22.435897435897438;22.37606837606838;25.0;25.0;0;0
131.047;0.0;0.0;0.0;22.435897435897438;22.37606837606838;25.0;25.0;0;0
131.148;0.0;0.0;0.0;22.435897435897438;22.37606837606838;25.0;25.0;0;0
131.255;0.0;0.0;0.0;22.435897435897438;22.37606837606838;25.0;25.0;0;0
131.366;0.0;0.0;0.0;22.435897435897438;22.37606837606838;25.0;25.0;0;0
131.476;0.0;0.0;0.0;22.435897435897438;22.37606837606838;25.0;25.0;0;0
131.587;0.0;0.0;0.0;22.435897435897438;22.37606837606838;25.0;25.0;0;0
131.699;0.0;0.0;0.0;22.435897435897438;22.37606837606838;25.0;25.0;0;0
131.811;0.0;0.0;0.0;22.435897435897438;22.37606837606838;25.0;25.0;0;0
131.922;0.0;0.0;0.0;22.435897435897438;22.37606837606838;25.0;25.0;0;0
132.034;0.0;0.0;0.0;22.435897435897438;22.37606837606838;25.0;25.0;0;0
132.145;0.0;0.0;0.0;22.435897435897438;22.37606837606838;25.0;25.0;0;0
132.256;0.0;0.0;0.0;22.435897435897438;22.37606837606838;25.0;25.0;0;0
132.369;0.0;0.0;0.0;22.435897435897438;22.37606837606838;25.0;25.0;0;0
132.48;0.0;0.0;0.0;22.435897435897438;22.37606837606838;25.0;25.0;0;0
132.59;0.0;0.0;0.0;22.435897435897438;22.37606837606838;25.0;25.0;0;0
132.703;0.0;0.0;0.0;22.435897435897438;22.37606837606838;25.0;25.0;0;0
132.804;0.0;0.0;0.0;22.435897435897438;22.37606837606838;25.0;25.0;0;0
132.909;0.0;0.0;0.0;22.435897435897438;22.37606837606838;25.0;25.0;0;0
133.022;0.0;0.0;0.0;22.435897435897438;22.37606837606838;25.0;25.0;0;0
133.124;0.0;0.0;0.0;22.435897435897438;22.37606837606838;25.0;25.0;0;0
133.227;0.0;0.0;0.0;22.435897435897438;22.37606837606838;25.0;25.0;0;0
133.328;0.0;0.0;0.0;22.435897435897438;22.37606837606838;25.0;25.0;0;0
133.428;0.0;0.0;0.0;22.435897435897438;22.37606837606838;25.0;25.0;0;0
133.529;0.0;0.0;0.0;22.435897435897438;22.37606837606838;25.0;25.0;0;0
133.63;0.0;0.0;0.0;22.435897435897438;22.37606837606838;25.0;25.0;0;0
133.73;0.0;0.0;0.0;22.435897435897438;22.37606837606838;25.0;25.0;0;0
133.831;0.0;0.0;0.0;22.435897435897438;22.37606837606838;25.0;25.0;0;0
133.931;0.0;0.0;0.0;22.435897435897438;22.37606837606838;25.0;25.0;0;0
134.041;0.0;0.0;0.0;22.435897435897438;22.37606837606838;25.0;25.0;0;0
134.15;0.0;0.0;0.0;22.435897435897438;22.37606837606838;25.0;25.0;0;0
134.261;0.0;0.0;0.0;22.435897435897438;22.37606837606838;25.0;25.0;0;0
134.362;0.0;0.0;0.0;22.435897435897438;22.37606837606838;25.0;25.0;0;0
134.476;0.0;0.0;0.0;22.435897435897438;22.37606837606838;25.0;25.0;0;0
134.579;0.0;0.0;0.0;22.435897435897438;22.37606837606838;25.0;25.0;0;0
134.692;0.0;0.0;0.0;22.435897435897438;22.37606837606838;25.0;25.0;0;0
134.804;0.0;0.0;0.0;22.435897435897438;22.37606837606838;25.0;25.0;0;0
134.915;0.0;0.0;0.0;22.435897435897438;22.37606837606838;25.0;25.0;0;0
135.024;0.0;0.0;0.0;22.435897435897438;22.37606837606838;25.0;25.0;0;0
135.135;0.0;0.0;0.0;22.435897435897438;22.37606837606838;25.0;25.0;0;0
135.236;0.0;0.0;0.0;22.435897435897438;22.37606837606838;25.0;25.0;0;0
135.34;0.0;0.0;0.0;22.435897435897438;22.37606837606838;25.0;25.0;0;0
135.44;0.0;0.0;0.0;22.435897435897438;22.37606837606838;25.0;25.0;0;0
135.54;0.0;0.0;0.0;22.435897435897438;22.37606837606838;25.0;25.0;0;0
135.641;0.0;0.0;0.0;22.435897435897438;22.37606837606838;25.0;25.0;0;0
135.741;0.0;0.0;0.0;22.435897435897438;22.37606837606838;25.0;25.0;0;0
135.842;0.0;0.0;0.0;22.435897435897438;22.37606837606838;25.0;25.0;0;0
135.942;0.0;0.0;0.0;22.435897435897438;22.37606837606838;25.0;25.0;0;0
136.043;0.0;0.0;0.0;22.435897435897438;22.37606837606838;25.0;25.0;0;0
136.145;0.0;0.0;0.0;22.435897435897438;22.37606837606838;25.0;25.0;0;0
136.249;0.0;0.0;0.0;22.435897435897438;22.37606837606838;25.0;25.0;0;0
136.359;0.0;0.0;0.0;22.435897435897438;22.37606837606838;25.0;25.0;0;0
136.471;0.0;0.0;0.0;22.435897435897438;22.37606837606838;25.0;25.0;0;0
136.581;0.0;0.0;0.0;22.435897435897438;22.37606837606838;25.0;25.0;0;0
136.683;0.0;0.0;0.0;22.435897435897438;22.37606837606838;25.0;25.0;0;0
136.787;0.0;0.0;0.0;22.435897435897438;22.37606837606838;25.0;25.0;0;0
136.888;0.0;0.0;0.0;22.435897435897438;22.37606837606838;25.0;25.0;0;0
136.991;0.0;0.0;0.0;22.435897435897438;22.37606837606838;25.0;25.0;0;0
137.101;0.0;0.0;0.0;22.435897435897438;22.37606837606838;25.0;25.0;0;0
137.211;0.0;0.0;0.0;22.435897435897438;22.37606837606838;25.0;25.0;0;0
137.317;0.0;0.0;0.0;22.435897435897438;22.37606837606838;25.0;25.0;0;0
137.428;0.0;0.0;0.0;22.435897435897438;22.37606837606838;25.0;25.0;0;0
137.531;0.0;0.0;0.0;22.435897435897438;22.37606837606838;25.0;25.0;0;0
137.634;0.0;0.0;0.0;22.435897435897438;22.37606837606838;25.0;25.0;0;0
137.737;0.0;0.0;0.0;22.435897435897438;22.37606837606838;25.0;25.0;0;0
137.838;0.0;0.0;0.0;22.435897435897438;22.37606837606838;25.0;25.0;0;0
137.938;0.0;0.0;0.0;22.435897435897438;22.37606837606838;25.0;25.0;0;0
138.038;0.0;0.0;0.0;22.435897435897438;22.37606837606838;25.0;25.0;0;0
138.139;0.0;0.0;0.0;22.435897435897438;22.37606837606838;25.0;25.0;0;0
138.239;0.0;0.0;0.0;22.435897435897438;22.37606837606838;25.0;25.0;0;0
138.34;0.0;0.0;0.0;22.435897435897438;22.37606837606838;25.0;25.0;0;0
138.44;0.0;0.0;0.0;22.435897435897438;22.37606837606838;25.0;25.0;0;0
138.549;0.0;0.0;0.0;22.435897435897438;22.37606837606838;25.0;25.0;0;0
138.651;0.0;0.0;0.0;22.435897435897438;22.37606837606838;25.0;25.0;0;0
138.757;0.0;0.0;0.0;22.435897435897438;22.37606837606838;25.0;25.0;0;0
138.864;0.0;0.0;0.0;22.435897435897438;22.37606837606838;25.0;25.0;0;0
138.965;0.0;0.0;0.0;22.435897435897438;22.37606837606838;25.0;25.0;0;0
139.071;0.0;0.0;0.0;22.435897435897438;22.37606837606838;25.0;25.0;0;0
139.183;0.0;0.0;0.0;22.435897435897438;22.37606837606838;25.0;25.0;0;0
139.284;0.0;0.0;0.0;22.435897435897438;22.37606837606838;25.0;25.0;0;0
139.389;0.0;0.0;0.0;22.435897435897438;22.37606837606838;25.0;25.0;0;0
139.49;0.0;0.0;0.0;22.435897435897438;22.37606837606838;25.0;25.0;0;0
139.59;0.0;0.0;0.0;22.435897435897438;22.37606837606838;25.0;25.0;0;0
139.691;0.0;0.0;0.0;22.435897435897438;22.37606837606838;25.0;25.0;0;0
139.791;0.0;0.0;0.0;22.435897435897438;22.37606837606838;25.0;25.0;0;0
139.892;0.0;0.0;0.0;22.435897435897438;22.37606837606838;25.0;25.0;0;0
139.992;0.0;0.0;0.0;22.435897435897438;22.37606837606838;25.0;25.0;0;0
140.093;0.0;0.0;0.0;22.435897435897438;22.37606837606838;25.0;25.0;0;0
140.196;0.0;0.0;0.0;22.435897435897438;22.37606837606838;25.0;25.0;0;0
140.297;0.0;0.0;0.0;22.435897435897438;22.37606837606838;25.0;25.0;0;0
140.406;0.0;0.0;0.0;22.435897435897438;22.37606837606838;25.0;25.0;0;0
140.519;0.0;0.0;0.0;22.435897435897438;22.37606837606838;25.0;25.0;0;0
140.625;0.0;0.0;0.0;22.435897435897438;22.37606837606838;25.0;25.0;0;0
140.727;0.0;0.0;0.0;22.435897435897438;22.37606837606838;25.0;25.0;0;0
140.831;0.0;0.0;0.0;22.435897435897438;22.37606837606838;25.0;25.0;0;0
140.943;0.0;0.0;0.0;22.435897435897438;22.37606837606838;25.0;25.0;0;0
141.055;0.0;0.0;0.0;22.435897435897438;22.37606837606838;25.0;25.0;0;0
141.167;0.0;0.0;0.0;22.435897435897438;22.37606837606838;25.0;25.0;0;0
141.28;0.0;0.0;0.0;22.435897435897438;22.37606837606838;25.0;25.0;0;0
141.386;0.0;0.0;0.0;22.435897435897438;22.37606837606838;25.0;25.0;0;0
141.494;0.0;0.0;0.0;22.435897435897438;22.37606837606838;25.0;25.0;0;0
141.604;0.0;0.0;0.0;22.435897435897438;22.37606837606838;25.0;25.0;0;0
141.714;0.0;0.0;0.0;22.435897435897438;22.37606837606838;25.0;25.0;0;0
141.822;0.0;0.0;0.0;22.435897435897438;22.37606837606838;25.0;25.0;0;0
141.934;0.0;0.0;0.0;22.435897435897438;22.37606837606838;25.0;25.0;0;0
142.043;0.0;0.0;0.0;22.435897435897438;22.37606837606838;25.0;25.0;0;0
142.154;0.0;0.0;0.0;22.435897435897438;22.37606837606838;25.0;25.0;0;0
142.265;0.0;0.0;0.0;22.435897435897438;22.37606837606838;25.0;25.0;0;0
142.376;0.0;0.0;0.0;22.435897435897438;22.37606837606838;25.0;25.0;0;0
142.487;0.0;0.0;0.0;22.435897435897438;22.37606837606838;25.0;25.0;0;0
142.598;0.0;0.0;0.0;22.435897435897438;22.37606837606838;25.0;25.0;0;0
142.709;0.0;0.0;0.0;22.435897435897438;22.37606837606838;25.0;25.0;0;0
142.81;0.0;0.0;0.0;22.435897435897438;22.37606837606838;25.0;25.0;0;0
142.918;0.0;0.0;0.0;22.435897435897438;22.37606837606838;25.0;25.0;0;0
143.018;0.0;0.0;0.0;22.435897435897438;22.37606837606838;25.0;25.0;0;0
143.118;0.0;0.0;0.0;22.435897435897438;22.37606837606838;25.0;25.0;0;0
143.219;0.0;0.0;0.0;22.435897435897438;22.37606837606838;25.0;25.0;0;0
143.319;0.0;0.0;0.0;22.435897435897438;22.37606837606838;25.0;25.0;0;0
143.42;0.0;0.0;0.0;22.435897435897438;22.37606837606838;25.0;25.0;0;0
143.522;0.0;0.0;0.0;22.435897435897438;22.37606837606838;25.0;25.0;0;0
143.622;0.0;0.0;0.0;22.435897435897438;22.37606837606838;25.0;25.0;0;0
143.726;0.0;0.0;0.0;22.435897435897438;22.37606837606838;25.0;25.0;0;0
143.833;0.0;0.0;0.0;22.435897435897438;22.37606837606838;25.0;25.0;0;0
143.939;0.0;0.0;0.0;22.435897435897438;22.37606837606838;25.0;25.0;0;0
144.049;0.0;0.0;0.0;22.435897435897438;22.37606837606838;25.0;25.0;0;0
144.16;0.0;0.0;0.0;22.435897435897438;22.37606837606838;25.0;25.0;0;0
144.272;0.0;0.0;0.0;22.435897435897438;22.37606837606838;25.0;25.0;0;0
144.382;0.0;0.0;0.0;22.435897435897438;22.37606837606838;25.0;25.0;0;0
144.494;0.0;0.0;0.0;22.435897435897438;22.37606837606838;25.0;25.0;0;0
144.596;0.0;0.0;0.0;22.435897435897438;22.37606837606838;25.0;25.0;0;0
144.7;0.0;0.0;0.0;22.435897435897438;22.37606837606838;25.0;25.0;0;0
144.8;0.0;0.0;0.0;22.435897435897438;22.37606837606838;25.0;25.0;0;0
144.901;0.0;0.0;0.0;22.435897435897438;22.37606837606838;25.0;25.0;0;0
145.001;0.0;0.0;0.0;22.435897435897438;22.37606837606838;25.0;25.0;0;0
145.101;0.0;0.0;0.0;22.435897435897438;22.37606837606838;25.0;25.0;0;0
145.202;0.0;0.0;0.0;22.435897435897438;22.37606837606838;25.0;25.0;0;0
145.303;0.0;0.0;0.0;22.435897435897438;22.37606837606838;25.0;25.0;0;0
145.404;0.0;0.0;0.0;22.435897435897438;22.37606837606838;25.0;25.0;0;0
145.507;0.0;0.0;0.0;22.435897435897438;22.37606837606838;25.0;25.0;0;0
145.608;0.0;0.0;0.0;22.435897435897438;22.37606837606838;25.0;25.0;0;0
145.717;0.0;0.0;0.0;22.435897435897438;22.37606837606838;25.0;25.0;0;0
145.829;0.0;0.0;0.0;22.435897435897438;22.37606837606838;25.0;25.0;0;0
145.93;0.0;0.0;0.0;22.435897435897438;22.37606837606838;25.0;25.0;0;0
146.036;0.0;0.0;0.0;22.435897435897438;22.37606837606838;25.0;25.0;0;0
146.154;0.0;0.0;0.0;22.435897435897438;22.37606837606838;25.0;25.0;0;0
146.27;0.0;0.0;0.0;22.435897435897438;22.37606837606838;25.0;25.0;0;0
146.371;0.0;0.0;0.0;22.435897435897438;22.37606837606838;25.0;25.0;0;0
146.483;0.0;0.0;0.0;22.435897435897438;22.37606837606838;25.0;25.0;0;0
146.593;0.0;0.0;0.0;22.435897435897438;22.37606837606838;25.0;25.0;0;0
146.707;0.0;0.0;0.0;22.435897435897438;22.37606837606838;25.0;25.0;0;0
146.817;0.0;0.0;0.0;22.435897435897438;22.37606837606838;25.0;25.0;0;0
146.928;0.0;0.0;0.0;22.435897435897438;22.37606837606838;25.0;25.0;0;0
147.046;0.0;0.0;0.0;22.435897435897438;22.37606837606838;25.0;25.0;0;0
147.16;0.0;0.0;0.0;22.435897435897438;22.37606837606838;25.0;25.0;0;0
147.267;0.0;0.0;0.0;22.435897435897438;22.37606837606838;25.0;25.0;0;0
147.373;0.0;0.0;0.0;22.435897435897438;22.37606837606838;25.0;25.0;0;0
147.484;0.0;0.0;0.0;22.435897435897438;22.37606837606838;25.0;25.0;0;0
147.585;0.0;0.0;0.0;22.435897435897438;22.37606837606838;25.0;25.0;0;0
147.69;0.0;0.0;0.0;22.435897435897438;22.37606837606838;25.0;25.0;0;0
147.801;0.0;0.0;0.0;22.435897435897438;22.37606837606838;25.0;25.0;0;0
147.903;0.0;0.0;0.0;22.435897435897438;22.37606837606838;25.0;25.0;0;0
148.007;0.0;0.0;0.0;22.435897435897438;22.37606837606838;25.0;25.0;0;0
148.107;0.0;0.0;0.0;22.435897435897438;22.37606837606838;25.0;25.0;0;0
148.208;0.0;0.0;0.0;22.435897435897438;22.37606837606838;25.0;25.0;0;0
148.308;0.0;0.0;0.0;22.435897435897438;22.37606837606838;25.0;25.0;0;0
148.409;0.0;0.0;0.0;22.435897435897438;22.37606837606838;25.0;25.0;0;0
148.509;0.0;0.0;0.0;22.435897435897438;22.37606837606838;25.0;25.0;0;0
148.611;0.0;0.0;0.0;22.435897435897438;22.37606837606838;25.0;25.0;0;0
148.712;0.0;0.0;0.0;22.435897435897438;22.37606837606838;25.0;25.0;0;0
148.816;0.0;0.0;0.0;22.435897435897438;22.37606837606838;25.0;25.0;0;0
148.917;0.0;0.0;0.0;22.435897435897438;22.37606837606838;25.0;25.0;0;0
149.024;0.0;0.0;0.0;22.435897435897438;22.37606837606838;25.0;25.0;0;0
149.134;0.0;0.0;0.0;22.435897435897438;22.37606837606838;25.0;25.0;0;0
149.237;0.0;0.0;0.0;22.435897435897438;22.37606837606838;25.0;25.0;0;0
149.342;0.0;0.0;0.0;22.435897435897438;22.37606837606838;25.0;25.0;0;0
149.453;0.0;0.0;0.0;22.435897435897438;22.37606837606838;25.0;25.0;0;0
149.554;0.0;0.0;0.0;22.435897435897438;22.37606837606838;25.0;25.0;0;0
149.66;0.0;0.0;0.0;22.435897435897438;22.37606837606838;25.0;25.0;0;0
149.772;0.0;0.0;0.0;22.435897435897438;22.37606837606838;25.0;25.0;0;0
149.882;0.0;0.0;0.0;22.435897435897438;22.37606837606838;25.0;25.0;0;0
149.994;0.0;0.0;0.0;22.435897435897438;22.37606837606838;25.0;25.0;0;0
150.105;0.0;0.0;0.0;22.435897435897438;22.37606837606838;25.0;25.0;0;0
150.216;0.0;0.0;0.0;22.435897435897438;22.37606837606838;25.0;25.0;0;0
150.326;0.0;0.0;0.0;22.435897435897438;22.37606837606838;25.0;25.0;0;0
150.437;0.0;0.0;0.0;22.435897435897438;22.37606837606838;25.0;25.0;0;0
150.539;0.0;0.0;0.0;22.435897435897438;22.37606837606838;25.0;25.0;0;0
150.642;0.0;0.0;0.0;22.435897435897438;22.37606837606838;25.0;25.0;0;0
150.752;0.0;0.0;0.0;22.435897435897438;22.37606837606838;25.0;25.0;0;0
150.862;0.0;0.0;0.0;22.435897435897438;22.37606837606838;25.0;25.0;0;0
150.971;0.0;0.0;0.0;22.435897435897438;22.37606837606838;25.0;25.0;0;0
151.082;0.0;0.0;0.0;22.435897435897438;22.37606837606838;25.0;25.0;0;0
151.191;0.0;0.0;0.0;22.435897435897438;22.37606837606838;25.0;25.0;0;0
151.301;0.0;0.0;0.0;22.435897435897438;22.37606837606838;25.0;25.0;0;0
151.411;0.0;0.0;0.0;22.435897435897438;22.37606837606838;25.0;25.0;0;0
151.521;0.0;0.0;0.0;22.435897435897438;22.37606837606838;25.0;25.0;0;0
151.634;0.0;0.0;0.0;22.435897435897438;22.37606837606838;25.0;25.0;0;0
151.745;0.0;0.0;0.0;22.435897435897438;22.37606837606838;25.0;25.0;0;0
151.848;0.0;0.0;0.0;22.435897435897438;22.37606837606838;25.0;25.0;0;0
151.954;0.0;0.0;0.0;22.435897435897438;22.37606837606838;25.0;25.0;0;0
152.065;0.0;0.0;0.0;22.435897435897438;22.37606837606838;25.0;25.0;0;0
152.166;0.0;0.0;0.0;22.435897435897438;22.37606837606838;25.0;25.0;0;0
152.266;0.0;0.0;0.0;22.435897435897438;22.37606837606838;25.0;25.0;0;0
152.366;0.0;0.0;0.0;22.435897435897438;22.37606837606838;25.0;25.0;0;0
152.467;0.0;0.0;0.0;22.435897435897438;22.37606837606838;25.0;25.0;0;0
152.567;0.0;0.0;0.0;22.435897435897438;22.435897435897438;25.0;25.0;0;0
152.667;0.0;0.0;0.0;22.435897435897438;22.435897435897438;25.0;25.0;0;0
152.768;0.0;0.0;0.0;22.435897435897438;22.435897435897438;25.0;25.0;0;0
152.872;0.0;0.0;0.0;22.435897435897438;22.435897435897438;25.0;25.0;0;0
152.981;0.0;0.0;0.0;22.435897435897438;22.435897435897438;25.0;25.0;0;0
153.083;0.0;0.0;0.0;22.435897435897438;22.435897435897438;25.0;25.0;0;0
153.184;0.0;0.0;0.0;22.435897435897438;22.435897435897438;25.0;25.0;0;0
153.296;0.0;0.0;0.0;22.435897435897438;22.435897435897438;25.0;25.0;0;0
153.398;0.0;0.0;0.0;22.435897435897438;22.435897435897438;25.0;25.0;0;0
153.502;0.0;0.0;0.0;22.435897435897438;22.435897435897438;25.0;25.0;0;0
153.614;0.0;0.0;0.0;22.435897435897438;22.37606837606838;25.0;25.0;0;0
153.724;0.0;0.0;0.0;22.435897435897438;22.37606837606838;25.0;25.0;0;0
153.835;0.0;0.0;0.0;22.435897435897438;22.37606837606838;25.0;25.0;0;0
153.946;0.0;0.0;0.0;22.435897435897438;22.37606837606838;25.0;25.0;0;0
154.056;0.0;0.0;0.0;22.435897435897438;22.37606837606838;25.0;25.0;0;0
154.167;0.0;0.0;0.0;22.435897435897438;22.37606837606838;25.0;25.0;0;0
154.282;0.0;0.0;0.0;22.435897435897438;22.37606837606838;25.0;25.0;0;0
154.393;0.0;0.0;0.0;22.435897435897438;22.37606837606838;25.0;25.0;0;0
154.502;0.0;0.0;0.0;22.435897435897438;22.37606837606838;25.0;25.0;0;0
154.604;0.0;0.0;0.0;22.435897435897438;22.37606837606838;25.0;25.0;0;0
154.709;0.0;0.0;0.0;22.435897435897438;22.37606837606838;25.0;25.0;0;0
154.819;0.0;0.0;0.0;22.435897435897438;22.37606837606838;25.0;25.0;0;0
154.931;0.0;0.0;0.0;22.435897435897438;22.37606837606838;25.0;25.0;0;0
155.046;0.0;0.0;0.0;22.435897435897438;22.37606837606838;25.0;25.0;0;0
155.146;0.0;0.0;0.0;22.435897435897438;22.37606837606838;25.0;25.0;0;0
155.267;0.0;0.0;0.0;22.435897435897438;22.37606837606838;25.0;25.0;0;0
155.376;0.0;0.0;0.0;22.435897435897438;22.37606837606838;25.0;25.0;0;0
155.479;0.0;0.0;0.0;22.435897435897438;22.37606837606838;25.0;25.0;0;0
155.583;0.0;0.0;0.0;22.435897435897438;22.37606837606838;25.0;25.0;0;0
155.684;0.0;0.0;0.0;22.435897435897438;22.37606837606838;25.0;25.0;0;0
155.784;0.0;0.0;0.0;22.435897435897438;22.37606837606838;25.0;25.0;0;0
155.884;0.0;0.0;0.0;22.435897435897438;22.37606837606838;25.0;25.0;0;0
155.985;0.0;0.0;0.0;22.435897435897438;22.37606837606838;25.0;25.0;0;0
156.085;0.0;0.0;0.0;22.435897435897438;22.37606837606838;25.0;25.0;0;0
156.187;0.0;0.0;0.0;22.435897435897438;22.37606837606838;25.0;25.0;0;0
156.287;0.0;0.0;0.0;22.435897435897438;22.37606837606838;25.0;25.0;0;0
156.394;0.0;0.0;0.0;22.435897435897438;22.37606837606838;25.0;25.0;0;0
156.525;0.0;0.0;0.0;22.435897435897438;22.37606837606838;25.0;25.0;0;0
156.625;0.0;0.0;0.0;22.435897435897438;22.37606837606838;25.0;25.0;0;0
156.725;0.0;0.0;0.0;22.435897435897438;22.37606837606838;25.0;25.0;0;0
156.827;0.0;0.0;0.0;22.435897435897438;22.37606837606838;25.0;25.0;0;0
156.93;0.0;0.0;0.0;22.435897435897438;22.37606837606838;25.0;25.0;0;0
157.031;0.0;0.0;0.0;22.435897435897438;22.37606837606838;25.0;25.0;0;0
157.136;0.0;0.0;0.0;22.435897435897438;22.37606837606838;25.0;25.0;0;0
157.239;0.0;0.0;0.0;22.435897435897438;22.37606837606838;25.0;25.0;0;0
157.345;0.0;0.0;0.0;22.435897435897438;22.37606837606838;25.0;25.0;0;0
157.454;0.0;0.0;0.0;22.435897435897438;22.37606837606838;25.0;25.0;0;0
157.567;0.0;0.0;0.0;22.435897435897438;22.37606837606838;25.0;25.0;0;0
157.678;0.0;0.0;0.0;22.435897435897438;22.37606837606838;25.0;25.0;0;0
157.789;0.0;0.0;0.0;22.435897435897438;22.37606837606838;25.0;25.0;0;0
157.901;0.0;0.0;0.0;22.435897435897438;22.37606837606838;25.0;25.0;0;0
158.011;0.0;0.0;0.0;22.435897435897438;22.37606837606838;25.0;25.0;0;0
158.121;0.0;0.0;0.0;22.435897435897438;22.37606837606838;25.0;25.0;0;0
158.232;0.0;0.0;0.0;22.435897435897438;22.37606837606838;25.0;25.0;0;0
158.343;0.0;0.0;0.0;22.435897435897438;22.37606837606838;25.0;25.0;0;0
158.452;0.0;0.0;0.0;22.435897435897438;22.37606837606838;25.0;25.0;0;0
158.552;0.0;0.0;0.0;22.435897435897438;22.37606837606838;25.0;25.0;0;0
158.66;0.0;0.0;0.0;22.435897435897438;22.37606837606838;25.0;25.0;0;0
158.773;0.0;0.0;0.0;22.435897435897438;22.37606837606838;25.0;25.0;0;0
158.885;0.0;0.0;0.0;22.435897435897438;22.37606837606838;25.0;25.0;0;0
158.992;0.0;0.0;0.0;22.435897435897438;22.37606837606838;25.0;25.0;0;0
159.1;0.0;0.0;0.0;22.435897435897438;22.37606837606838;25.0;25.0;0;0
159.211;0.0;0.0;0.0;22.435897435897438;22.37606837606838;25.0;25.0;0;0
159.32;0.0;0.0;0.0;22.435897435897438;22.37606837606838;25.0;25.0;0;0
159.428;0.0;0.0;0.0;22.435897435897438;22.37606837606838;25.0;25.0;0;0
159.54;0.0;0.0;0.0;22.435897435897438;22.37606837606838;25.0;25.0;0;0
159.657;0.0;0.0;0.0;22.435897435897438;22.37606837606838;25.0;25.0;0;0
159.763;0.0;0.0;0.0;22.435897435897438;22.37606837606838;25.0;25.0;0;0
159.873;0.0;0.0;0.0;22.435897435897438;22.37606837606838;25.0;25.0;0;0
159.98;0.0;0.0;0.0;22.435897435897438;22.37606837606838;25.0;25.0;0;0
160.091;0.0;0.0;0.0;22.435897435897438;22.37606837606838;25.0;25.0;0;0
160.201;0.0;0.0;0.0;22.435897435897438;22.37606837606838;25.0;25.0;0;0
160.312;0.0;0.0;0.0;22.435897435897438;22.37606837606838;25.0;25.0;0;0
160.415;0.0;0.0;0.0;22.435897435897438;22.37606837606838;25.0;25.0;0;0
160.516;0.0;0.0;0.0;22.435897435897438;22.37606837606838;25.0;25.0;0;0
160.616;0.0;0.0;0.0;22.435897435897438;22.37606837606838;25.0;25.0;0;0
160.717;0.0;0.0;0.0;22.435897435897438;22.37606837606838;25.0;25.0;0;0
160.817;0.0;0.0;0.0;22.435897435897438;22.37606837606838;25.0;25.0;0;0
160.918;0.0;0.0;0.0;22.435897435897438;22.37606837606838;25.0;25.0;0;0
161.018;0.0;0.0;0.0;22.435897435897438;22.37606837606838;25.0;25.0;0;0
161.118;0.0;0.0;0.0;22.435897435897438;22.37606837606838;25.0;25.0;0;0
161.22;0.0;0.0;0.0;22.435897435897438;22.37606837606838;25.0;25.0;0;0
161.326;0.0;0.0;0.0;22.435897435897438;22.37606837606838;25.0;25.0;0;0
161.436;0.0;0.0;0.0;22.435897435897438;22.37606837606838;25.0;25.0;0;0
161.537;0.0;0.0;0.0;22.435897435897438;22.37606837606838;25.0;25.0;0;0
161.644;0.0;0.0;0.0;22.435897435897438;22.37606837606838;25.0;25.0;0;0
161.745;0.0;0.0;0.0;22.435897435897438;22.37606837606838;25.0;25.0;0;0
161.848;0.0;0.0;0.0;22.435897435897438;22.37606837606838;25.0;25.0;0;0
161.962;0.0;0.0;0.0;22.435897435897438;22.37606837606838;25.0;25.0;0;0
162.063;0.0;0.0;0.0;22.435897435897438;22.37606837606838;25.0;25.0;0;0
162.169;0.0;0.0;0.0;22.435897435897438;22.37606837606838;25.0;25.0;0;0
162.27;0.0;0.0;0.0;22.435897435897438;22.37606837606838;25.0;25.0;0;0
162.378;0.0;0.0;0.0;22.435897435897438;22.37606837606838;25.0;25.0;0;0
162.479;0.0;0.0;0.0;22.435897435897438;22.37606837606838;25.0;25.0;0;0
162.579;0.0;0.0;0.0;22.435897435897438;22.37606837606838;25.0;25.0;0;0
162.679;0.0;0.0;0.0;22.435897435897438;22.37606837606838;25.0;25.0;0;0
162.78;0.0;0.0;0.0;22.435897435897438;22.37606837606838;25.0;25.0;0;0
162.88;0.0;0.0;0.0;22.435897435897438;22.37606837606838;25.0;25.0;0;0
162.981;0.0;0.0;0.0;22.435897435897438;22.37606837606838;25.0;25.0;0;0
163.081;0.0;0.0;0.0;22.435897435897438;22.37606837606838;25.0;25.0;0;0
163.182;0.0;0.0;0.0;22.435897435897438;22.37606837606838;25.0;25.0;0;0
163.289;0.0;0.0;0.0;22.435897435897438;22.37606837606838;25.0;25.0;0;0
163.39;0.0;0.0;0.0;22.435897435897438;22.37606837606838;25.0;25.0;0;0
163.494;0.0;0.0;0.0;22.435897435897438;22.37606837606838;25.0;25.0;0;0
163.6;0.0;0.0;0.0;22.435897435897438;22.37606837606838;25.0;25.0;0;0
163.711;0.0;0.0;0.0;22.435897435897438;22.37606837606838;25.0;25.0;0;0
163.822;0.0;0.0;0.0;22.435897435897438;22.37606837606838;25.0;25.0;0;0
163.934;0.0;0.0;0.0;22.435897435897438;22.37606837606838;25.0;25.0;0;0
164.046;0.0;0.0;0.0;22.435897435897438;22.37606837606838;25.0;25.0;0;0
164.155;0.0;0.0;0.0;22.435897435897438;22.37606837606838;25.0;25.0;0;0
164.256;0.0;0.0;0.0;22.435897435897438;22.37606837606838;25.0;25.0;0;0
164.363;0.0;0.0;0.0;22.435897435897438;22.37606837606838;25.0;25.0;0;0
164.473;0.0;0.0;0.0;22.435897435897438;22.37606837606838;25.0;25.0;0;0
164.582;0.0;0.0;0.0;22.435897435897438;22.37606837606838;25.0;25.0;0;0
164.694;0.0;0.0;0.0;22.435897435897438;22.37606837606838;25.0;25.0;0;0
164.807;0.0;0.0;0.0;22.435897435897438;22.37606837606838;25.0;25.0;0;0
164.918;0.0;0.0;0.0;22.435897435897438;22.37606837606838;25.0;25.0;0;0
165.027;0.0;0.0;0.0;22.435897435897438;22.37606837606838;25.0;25.0;0;0
165.148;0.0;0.0;0.0;22.435897435897438;22.37606837606838;25.0;25.0;0;0
165.251;0.0;0.0;0.0;22.435897435897438;22.37606837606838;25.0;25.0;0;0
165.362;0.0;0.0;0.0;22.435897435897438;22.37606837606838;25.0;25.0;0;0
165.473;0.0;0.0;0.0;22.435897435897438;22.37606837606838;25.0;25.0;0;0
165.583;0.0;0.0;0.0;22.435897435897438;22.37606837606838;25.0;25.0;0;0
165.691;0.0;0.0;0.0;22.435897435897438;22.37606837606838;25.0;25.0;0;0
165.801;0.0;0.0;0.0;22.435897435897438;22.37606837606838;25.0;25.0;0;0
165.912;0.0;0.0;0.0;22.435897435897438;22.37606837606838;25.0;25.0;0;0
166.014;0.0;0.0;0.0;22.435897435897438;22.37606837606838;25.0;25.0;0;0
166.118;0.0;0.0;0.0;22.435897435897438;22.37606837606838;25.0;25.0;0;0
166.225;0.0;0.0;0.0;22.435897435897438;22.37606837606838;25.0;25.0;0;0
166.334;0.0;0.0;0.0;22.435897435897438;22.37606837606838;25.0;25.0;0;0
166.434;0.0;0.0;0.0;22.435897435897438;22.37606837606838;25.0;25.0;0;0
166.535;0.0;0.0;0.0;22.435897435897438;22.37606837606838;25.0;25.0;0;0
166.635;0.0;0.0;0.0;22.435897435897438;22.37606837606838;25.0;25.0;0;0
166.736;0.0;0.0;0.0;22.435897435897438;22.37606837606838;25.0;25.0;0;0
166.836;0.0;0.0;0.0;22.435897435897438;22.37606837606838;25.0;25.0;0;0
166.936;0.0;0.0;0.0;22.435897435897438;22.37606837606838;25.0;25.0;0;0
167.041;0.0;0.0;0.0;22.435897435897438;22.37606837606838;25.0;25.0;0;0
167.143;0.0;0.0;0.0;22.435897435897438;22.37606837606838;25.0;25.0;0;0
167.248;0.0;0.0;0.0;22.435897435897438;22.37606837606838;25.0;25.0;0;0
167.35;0.0;0.0;0.0;22.435897435897438;22.37606837606838;25.0;25.0;0;0
167.453;0.0;0.0;0.0;22.435897435897438;22.37606837606838;25.0;25.0;0;0
167.555;0.0;0.0;0.0;22.435897435897438;22.37606837606838;25.0;25.0;0;0
167.657;0.0;0.0;0.0;22.435897435897438;22.37606837606838;25.0;25.0;0;0
167.77;0.0;0.0;0.0;22.435897435897438;22.37606837606838;25.0;25.0;0;0
167.872;0.0;0.0;0.0;22.435897435897438;22.37606837606838;25.0;25.0;0;0
167.976;0.0;0.0;0.0;22.435897435897438;22.37606837606838;25.0;25.0;0;0
168.084;0.0;0.0;0.0;22.435897435897438;22.37606837606838;25.0;25.0;0;0
168.184;0.0;0.0;0.0;22.435897435897438;22.37606837606838;25.0;25.0;0;0
168.285;0.0;0.0;0.0;22.435897435897438;22.37606837606838;25.0;25.0;0;0
168.385;0.0;0.0;0.0;22.435897435897438;22.37606837606838;25.0;25.0;0;0
168.485;0.0;0.0;0.0;22.435897435897438;22.37606837606838;25.0;25.0;0;0
168.586;0.0;0.0;0.0;22.435897435897438;22.37606837606838;25.0;25.0;0;0
168.686;0.0;0.0;0.0;22.435897435897438;22.37606837606838;25.0;25.0;0;0
168.787;0.0;0.0;0.0;22.435897435897438;22.37606837606838;25.0;25.0;0;0
168.888;0.0;0.0;0.0;22.435897435897438;22.37606837606838;25.0;25.0;0;0
168.988;0.0;0.0;0.0;22.435897435897438;22.37606837606838;25.0;25.0;0;0
169.095;0.0;0.0;0.0;22.435897435897438;22.37606837606838;25.0;25.0;0;0
169.207;0.0;0.0;0.0;22.435897435897438;22.37606837606838;25.0;25.0;0;0
169.317;0.0;0.0;0.0;22.435897435897438;22.37606837606838;25.0;25.0;0;0
169.427;0.0;0.0;0.0;22.435897435897438;22.37606837606838;25.0;25.0;0;0
169.538;0.0;0.0;0.0;22.435897435897438;22.37606837606838;25.0;25.0;0;0
169.651;0.0;0.0;0.0;22.435897435897438;22.37606837606838;25.0;25.0;0;0
169.752;0.0;0.0;0.0;22.435897435897438;22.435897435897438;25.0;25.0;0;0
169.865;0.0;0.0;0.0;22.435897435897438;22.435897435897438;25.0;25.0;0;0
169.969;0.0;0.0;0.0;22.435897435897438;22.435897435897438;25.0;25.0;0;0
170.08;0.0;0.0;0.0;22.435897435897438;22.435897435897438;25.0;25.0;0;0
170.191;0.0;0.0;0.0;22.435897435897438;22.435897435897438;25.0;25.0;0;0
170.301;0.0;0.0;0.0;22.435897435897438;22.435897435897438;25.0;25.0;0;0
170.412;0.0;0.0;0.0;22.435897435897438;22.435897435897438;25.0;25.0;0;0
170.522;0.0;0.0;0.0;22.435897435897438;22.435897435897438;25.0;25.0;0;0
170.633;0.0;0.0;0.0;22.435897435897438;22.37606837606838;25.0;25.0;0;0
170.743;0.0;0.0;0.0;22.435897435897438;22.37606837606838;25.0;25.0;0;0
170.854;0.0;0.0;0.0;22.435897435897438;22.37606837606838;25.0;25.0;0;0
170.966;0.0;0.0;0.0;22.435897435897438;22.37606837606838;25.0;25.0;0;0
171.076;0.0;0.0;0.0;22.435897435897438;22.37606837606838;25.0;25.0;0;0
171.186;0.0;0.0;0.0;22.435897435897438;22.37606837606838;25.0;25.0;0;0
171.297;0.0;0.0;0.0;22.435897435897438;22.37606837606838;25.0;25.0;0;0
171.409;0.0;0.0;0.0;22.435897435897438;22.37606837606838;25.0;25.0;0;0
171.518;0.0;0.0;0.0;22.435897435897438;22.37606837606838;25.0;25.0;0;0
171.629;0.0;0.0;0.0;22.435897435897438;22.37606837606838;25.0;25.0;0;0
171.739;0.0;0.0;0.0;22.435897435897438;22.435897435897438;25.0;25.0;0;0
171.848;0.0;0.0;0.0;22.435897435897438;22.435897435897438;25.0;25.0;0;0
171.961;0.0;0.0;0.0;22.435897435897438;22.435897435897438;25.0;25.0;0;0
172.071;0.0;0.0;0.0;22.435897435897438;22.435897435897438;25.0;25.0;0;0
172.183;0.0;0.0;0.0;22.435897435897438;22.435897435897438;25.0;25.0;0;0
172.295;0.0;0.0;0.0;22.435897435897438;22.435897435897438;25.0;25.0;0;0
172.404;0.0;0.0;0.0;22.435897435897438;22.435897435897438;25.0;25.0;0;0
172.512;0.0;0.0;0.0;22.435897435897438;22.435897435897438;25.0;25.0;0;0
172.62;0.0;0.0;0.0;22.435897435897438;22.435897435897438;25.0;25.0;0;0
172.734;0.0;0.0;0.0;22.435897435897438;22.37606837606838;25.0;25.0;0;0
172.836;0.0;0.0;0.0;22.435897435897438;22.37606837606838;25.0;25.0;0;0
172.941;0.0;0.0;0.0;22.435897435897438;22.37606837606838;25.0;25.0;0;0
173.051;0.0;0.0;0.0;22.435897435897438;22.37606837606838;25.0;25.0;0;0
173.162;0.0;0.0;0.0;22.435897435897438;22.37606837606838;25.0;25.0;0;0
173.272;0.0;0.0;0.0;22.435897435897438;22.37606837606838;25.0;25.0;0;0
173.381;0.0;0.0;0.0;22.435897435897438;22.37606837606838;25.0;25.0;0;0
173.493;0.0;0.0;0.0;22.435897435897438;22.37606837606838;25.0;25.0;0;0
173.602;0.0;0.0;0.0;22.435897435897438;22.37606837606838;25.0;25.0;0;0
173.711;0.0;0.0;0.0;22.435897435897438;22.37606837606838;25.0;25.0;0;0
173.826;0.0;0.0;0.0;22.435897435897438;22.37606837606838;25.0;25.0;0;0
173.935;0.0;0.0;0.0;22.435897435897438;22.37606837606838;25.0;25.0;0;0
174.049;0.0;0.0;0.0;22.435897435897438;22.37606837606838;25.0;25.0;0;0
174.152;0.0;0.0;0.0;22.435897435897438;22.37606837606838;25.0;25.0;0;0
174.269;0.0;0.0;0.0;22.435897435897438;22.37606837606838;25.0;25.0;0;0
174.373;0.0;0.0;0.0;22.435897435897438;22.37606837606838;25.0;25.0;0;0
174.498;0.0;0.0;0.0;22.435897435897438;22.37606837606838;25.0;25.0;0;0
174.605;0.0;0.0;0.0;22.435897435897438;22.37606837606838;25.0;25.0;0;0
174.707;0.0;0.0;0.0;22.435897435897438;22.37606837606838;25.0;25.0;0;0
174.818;0.0;0.0;0.0;22.435897435897438;22.37606837606838;25.0;25.0;0;0
174.924;0.0;0.0;0.0;22.435897435897438;22.37606837606838;25.0;25.0;0;0
175.034;0.0;0.0;0.0;22.435897435897438;22.37606837606838;25.0;25.0;0;0
175.134;0.0;0.0;0.0;22.435897435897438;22.37606837606838;25.0;25.0;0;0
175.236;0.0;0.0;0.0;22.435897435897438;22.37606837606838;25.0;25.0;0;0
175.348;0.0;0.0;0.0;22.435897435897438;22.37606837606838;25.0;25.0;0;0
175.464;0.0;0.0;0.0;22.435897435897438;22.37606837606838;25.0;25.0;0;0
175.569;0.0;0.0;0.0;22.435897435897438;22.37606837606838;25.0;25.0;0;0
175.676;0.0;0.0;0.0;22.435897435897438;22.37606837606838;25.0;25.0;0;0
175.795;0.0;0.0;0.0;22.435897435897438;22.37606837606838;25.0;25.0;0;0
175.904;0.0;0.0;0.0;22.435897435897438;22.37606837606838;25.0;25.0;0;0
176.015;0.0;0.0;0.0;22.435897435897438;22.37606837606838;25.0;25.0;0;0
176.119;0.0;0.0;0.0;22.435897435897438;22.37606837606838;25.0;25.0;0;0
176.225;0.0;0.0;0.0;22.435897435897438;22.37606837606838;25.0;25.0;0;0
176.327;0.0;0.0;0.0;22.435897435897438;22.37606837606838;25.0;25.0;0;0
176.432;0.0;0.0;0.0;22.435897435897438;22.37606837606838;25.0;25.0;0;0
176.532;0.0;0.0;0.0;22.435897435897438;22.37606837606838;25.0;25.0;0;0
176.632;0.0;0.0;0.0;22.435897435897438;22.37606837606838;25.0;25.0;0;0
176.733;0.0;0.0;0.0;22.435897435897438;22.37606837606838;25.0;25.0;0;0
176.833;0.0;0.0;0.0;22.435897435897438;22.37606837606838;25.0;25.0;0;0
176.933;0.0;0.0;0.0;22.435897435897438;22.37606837606838;25.0;25.0;0;0
177.033;0.0;0.0;0.0;22.435897435897438;22.37606837606838;25.0;25.0;0;0
177.134;0.0;0.0;0.0;22.435897435897438;22.37606837606838;25.0;25.0;0;0
177.238;0.0;0.0;0.0;22.435897435897438;22.37606837606838;25.0;25.0;0;0
177.339;0.0;0.0;0.0;22.435897435897438;22.37606837606838;25.0;25.0;0;0
177.451;0.0;0.0;0.0;22.435897435897438;22.37606837606838;25.0;25.0;0;0
177.559;0.0;0.0;0.0;22.435897435897438;22.37606837606838;25.0;25.0;0;0
177.672;0.0;0.0;0.0;22.435897435897438;22.37606837606838;25.0;25.0;0;0
177.786;0.0;0.0;0.0;22.435897435897438;22.37606837606838;25.0;25.0;0;0
177.892;0.0;0.0;0.0;22.435897435897438;22.37606837606838;25.0;25.0;0;0
177.993;0.0;0.0;0.0;22.435897435897438;22.37606837606838;25.0;25.0;0;0
178.095;0.0;0.0;0.0;22.435897435897438;22.37606837606838;25.0;25.0;0;0
178.208;0.0;0.0;0.0;22.435897435897438;22.37606837606838;25.0;25.0;0;0
178.319;0.0;0.0;0.0;22.435897435897438;22.37606837606838;25.0;25.0;0;0
178.429;0.0;0.0;0.0;22.435897435897438;22.37606837606838;25.0;25.0;0;0
178.53;0.0;0.0;0.0;22.435897435897438;22.37606837606838;25.0;25.0;0;0
178.633;0.0;0.0;0.0;22.435897435897438;22.37606837606838;25.0;25.0;0;0
178.733;0.0;0.0;0.0;22.435897435897438;22.37606837606838;25.0;25.0;0;0
178.837;0.0;0.0;0.0;22.435897435897438;22.37606837606838;25.0;25.0;0;0
178.938;0.0;0.0;0.0;22.435897435897438;22.37606837606838;25.0;25.0;0;0
179.039;0.0;0.0;0.0;22.435897435897438;22.37606837606838;25.0;25.0;0;0
179.139;0.0;0.0;0.0;22.435897435897438;22.37606837606838;25.0;25.0;0;0
179.24;0.0;0.0;0.0;22.435897435897438;22.37606837606838;25.0;25.0;0;0
179.34;0.0;0.0;0.0;22.435897435897438;22.37606837606838;25.0;25.0;0;0
179.442;0.0;0.0;0.0;22.435897435897438;22.37606837606838;25.0;25.0;0;0
179.546;0.0;0.0;0.0;22.435897435897438;22.37606837606838;25.0;25.0;0;0
179.646;0.0;0.0;0.0;22.435897435897438;22.37606837606838;25.0;25.0;0;0
179.754;0.0;0.0;0.0;22.435897435897438;22.37606837606838;25.0;25.0;0;0
179.856;0.0;0.0;0.0;22.435897435897438;22.37606837606838;25.0;25.0;0;0
179.961;0.0;0.0;0.0;22.435897435897438;22.37606837606838;25.0;25.0;0;0
180.071;0.0;0.0;0.0;22.435897435897438;22.37606837606838;25.0;25.0;0;0
180.175;0.0;0.0;0.0;22.435897435897438;22.37606837606838;25.0;25.0;0;0
180.283;0.0;0.0;0.0;22.435897435897438;22.37606837606838;25.0;25.0;0;0
180.384;0.0;0.0;0.0;22.435897435897438;22.37606837606838;25.0;25.0;0;0
180.494;0.0;0.0;0.0;22.435897435897438;22.37606837606838;25.0;25.0;0;0
180.606;0.0;0.0;0.0;22.435897435897438;22.37606837606838;25.0;25.0;0;0
180.716;0.0;0.0;0.0;22.435897435897438;22.37606837606838;25.0;25.0;0;0
180.831;0.0;0.0;0.0;22.435897435897438;22.37606837606838;25.0;25.0;0;0
180.931;0.0;0.0;0.0;22.435897435897438;22.37606837606838;25.0;25.0;0;0
181.034;0.0;0.0;0.0;22.435897435897438;22.37606837606838;25.0;25.0;0;0
181.142;0.0;0.0;0.0;22.435897435897438;22.37606837606838;25.0;25.0;0;0
181.254;0.0;0.0;0.0;22.435897435897438;22.37606837606838;25.0;25.0;0;0
181.364;0.0;0.0;0.0;22.435897435897438;22.37606837606838;25.0;25.0;0;0
181.477;0.0;0.0;0.0;22.435897435897438;22.37606837606838;25.0;25.0;0;0
181.587;0.0;0.0;0.0;22.435897435897438;22.37606837606838;25.0;25.0;0;0
181.697;0.0;0.0;0.0;22.435897435897438;22.37606837606838;25.0;25.0;0;0
181.808;0.0;0.0;0.0;22.435897435897438;22.37606837606838;25.0;25.0;0;0
181.919;0.0;0.0;0.0;22.435897435897438;22.37606837606838;25.0;25.0;0;0
182.031;0.0;0.0;0.0;22.435897435897438;22.37606837606838;25.0;25.0;0;0
182.14;0.0;0.0;0.0;22.435897435897438;22.37606837606838;25.0;25.0;0;0
182.241;0.0;0.0;0.0;22.435897435897438;22.37606837606838;25.0;25.0;0;0
182.346;0.0;0.0;0.0;22.435897435897438;22.37606837606838;25.0;25.0;0;0
182.456;0.0;0.0;0.0;22.435897435897438;22.37606837606838;25.0;25.0;0;0
182.568;0.0;0.0;0.0;22.435897435897438;22.37606837606838;25.0;25.0;0;0
182.679;0.0;0.0;0.0;22.435897435897438;22.37606837606838;25.0;25.0;0;0
182.791;0.0;0.0;0.0;22.435897435897438;22.435897435897438;25.0;25.0;0;0
182.902;0.0;0.0;0.0;22.435897435897438;22.435897435897438;25.0;25.0;0;0
183.014;0.0;0.0;0.0;22.435897435897438;22.435897435897438;25.0;25.0;0;0
183.125;0.0;0.0;0.0;22.435897435897438;22.435897435897438;25.0;25.0;0;0
183.236;0.0;0.0;0.0;22.435897435897438;22.435897435897438;25.0;25.0;0;0
183.343;0.0;0.0;0.0;22.435897435897438;22.435897435897438;25.0;25.0;0;0
183.459;0.0;0.0;0.0;22.435897435897438;22.435897435897438;25.0;25.0;0;0
183.566;0.0;0.0;0.0;22.435897435897438;22.435897435897438;25.0;25.0;0;0
183.677;0.0;0.0;0.0;22.435897435897438;22.435897435897438;25.0;25.0;0;0
183.779;0.0;0.0;0.0;22.435897435897438;22.37606837606838;25.0;25.0;0;0
183.894;0.0;0.0;0.0;22.435897435897438;22.37606837606838;25.0;25.0;0;0
183.996;0.0;0.0;0.0;22.435897435897438;22.37606837606838;25.0;25.0;0;0
184.1;0.0;0.0;0.0;22.435897435897438;22.37606837606838;25.0;25.0;0;0
184.21;0.0;0.0;0.0;22.435897435897438;22.37606837606838;25.0;25.0;0;0
184.323;0.0;0.0;0.0;22.435897435897438;22.37606837606838;25.0;25.0;0;0
184.434;0.0;0.0;0.0;22.435897435897438;22.37606837606838;25.0;25.0;0;0
184.542;0.0;0.0;0.0;22.435897435897438;22.37606837606838;25.0;25.0;0;0
184.653;0.0;0.0;0.0;22.435897435897438;22.37606837606838;25.0;25.0;0;0
184.761;0.0;0.0;0.0;22.435897435897438;22.37606837606838;25.0;25.0;0;0
184.87;0.0;0.0;0.0;22.435897435897438;22.37606837606838;25.0;25.0;0;0
184.981;0.0;0.0;0.0;22.435897435897438;22.37606837606838;25.0;25.0;0;0
185.089;0.0;0.0;0.0;22.435897435897438;22.37606837606838;25.0;25.0;0;0
185.201;0.0;0.0;0.0;22.435897435897438;22.37606837606838;25.0;25.0;0;0
185.311;0.0;0.0;0.0;22.435897435897438;22.37606837606838;25.0;25.0;0;0
185.419;0.0;0.0;0.0;22.435897435897438;22.37606837606838;25.0;25.0;0;0
185.52;0.0;0.0;0.0;22.435897435897438;22.37606837606838;25.0;25.0;0;0
185.624;0.0;0.0;0.0;22.435897435897438;22.37606837606838;25.0;25.0;0;0
185.725;0.0;0.0;0.0;22.435897435897438;22.37606837606838;25.0;25.0;0;0
185.825;0.0;0.0;0.0;22.435897435897438;22.37606837606838;25.0;25.0;0;0
185.925;0.0;0.0;0.0;22.435897435897438;22.37606837606838;25.0;25.0;0;0
186.026;0.0;0.0;0.0;22.435897435897438;22.37606837606838;25.0;25.0;0;0
186.126;0.0;0.0;0.0;22.435897435897438;22.37606837606838;25.0;25.0;0;0
186.227;0.0;0.0;0.0;22.435897435897438;22.37606837606838;25.0;25.0;0;0
186.328;0.0;0.0;0.0;22.435897435897438;22.37606837606838;25.0;25.0;0;0
186.429;0.0;0.0;0.0;22.435897435897438;22.37606837606838;25.0;25.0;0;0
186.532;0.0;0.0;0.0;22.435897435897438;22.37606837606838;25.0;25.0;0;0
186.635;0.0;0.0;0.0;22.435897435897438;22.37606837606838;25.0;25.0;0;0
186.747;0.0;0.0;0.0;22.435897435897438;22.37606837606838;25.0;25.0;0;0
186.856;0.0;0.0;0.0;22.435897435897438;22.37606837606838;25.0;25.0;0;0
186.969;0.0;0.0;0.0;22.435897435897438;22.37606837606838;25.0;25.0;0;0
187.077;0.0;0.0;0.0;22.435897435897438;22.37606837606838;25.0;25.0;0;0
187.177;0.0;0.0;0.0;22.435897435897438;22.37606837606838;25.0;25.0;0;0
187.28;0.0;0.0;0.0;22.435897435897438;22.37606837606838;25.0;25.0;0;0
187.392;0.0;0.0;0.0;22.435897435897438;22.37606837606838;25.0;25.0;0;0
187.504;0.0;0.0;0.0;22.435897435897438;22.37606837606838;25.0;25.0;0;0
187.621;0.0;0.0;0.0;22.435897435897438;22.37606837606838;25.0;25.0;0;0
187.727;0.0;0.0;0.0;22.435897435897438;22.435897435897438;25.0;25.0;0;0
187.829;0.0;0.0;0.0;22.435897435897438;22.435897435897438;25.0;25.0;0;0
187.932;0.0;0.0;0.0;22.435897435897438;22.435897435897438;25.0;25.0;0;0
188.033;0.0;0.0;0.0;22.435897435897438;22.435897435897438;25.0;25.0;0;0
188.133;0.0;0.0;0.0;22.435897435897438;22.435897435897438;25.0;25.0;0;0
188.234;0.0;0.0;0.0;22.435897435897438;22.435897435897438;25.0;25.0;0;0
188.334;0.0;0.0;0.0;22.435897435897438;22.435897435897438;25.0;25.0;0;0
188.435;0.0;0.0;0.0;22.435897435897438;22.435897435897438;25.0;25.0;0;0
188.535;0.0;0.0;0.0;22.435897435897438;22.435897435897438;25.0;25.0;0;0
188.637;0.0;0.0;0.0;22.435897435897438;22.37606837606838;25.0;25.0;0;0
188.741;0.0;0.0;0.0;22.435897435897438;22.37606837606838;25.0;25.0;0;0
188.841;0.0;0.0;0.0;22.435897435897438;22.37606837606838;25.0;25.0;0;0
188.952;0.0;0.0;0.0;22.435897435897438;22.37606837606838;25.0;25.0;0;0
189.062;0.0;0.0;0.0;22.435897435897438;22.37606837606838;25.0;25.0;0;0
189.173;0.0;0.0;0.0;22.435897435897438;22.37606837606838;25.0;25.0;0;0
189.284;0.0;0.0;0.0;22.435897435897438;22.37606837606838;25.0;25.0;0;0
189.395;0.0;0.0;0.0;22.435897435897438;22.37606837606838;25.0;25.0;0;0
189.505;0.0;0.0;0.0;22.435897435897438;22.37606837606838;25.0;25.0;0;0
189.617;0.0;0.0;0.0;22.435897435897438;22.37606837606838;25.0;25.0;0;0
189.724;0.0;0.0;0.0;22.435897435897438;22.37606837606838;25.0;25.0;0;0
189.825;0.0;0.0;0.0;22.435897435897438;22.37606837606838;25.0;25.0;0;0
189.928;0.0;0.0;0.0;22.435897435897438;22.37606837606838;25.0;25.0;0;0
190.041;0.0;0.0;0.0;22.435897435897438;22.37606837606838;25.0;25.0;0;0
190.148;0.0;0.0;0.0;22.435897435897438;22.37606837606838;25.0;25.0;0;0
190.258;0.0;0.0;0.0;22.435897435897438;22.37606837606838;25.0;25.0;0;0
190.367;0.0;0.0;0.0;22.435897435897438;22.37606837606838;25.0;25.0;0;0
190.477;0.0;0.0;0.0;22.435897435897438;22.37606837606838;25.0;25.0;0;0
190.589;0.0;0.0;0.0;22.435897435897438;22.37606837606838;25.0;25.0;0;0
190.703;0.0;0.0;0.0;22.435897435897438;22.37606837606838;25.0;25.0;0;0
190.81;0.0;0.0;0.0;22.435897435897438;22.435897435897438;25.0;25.0;0;0
190.917;0.0;0.0;0.0;22.435897435897438;22.435897435897438;25.0;25.0;0;0
191.031;0.0;0.0;0.0;22.435897435897438;22.435897435897438;25.0;25.0;0;0
191.139;0.0;0.0;0.0;22.435897435897438;22.435897435897438;25.0;25.0;0;0
191.251;0.0;0.0;0.0;22.435897435897438;22.435897435897438;25.0;25.0;0;0
191.357;0.0;0.0;0.0;22.435897435897438;22.435897435897438;25.0;25.0;0;0
191.473;0.0;0.0;0.0;22.435897435897438;22.435897435897438;25.0;25.0;0;0
191.582;0.0;0.0;0.0;22.435897435897438;22.435897435897438;25.0;25.0;0;0
191.69;0.0;0.0;0.0;22.435897435897438;22.37606837606838;25.0;25.0;0;0
191.801;0.0;0.0;0.0;22.435897435897438;22.37606837606838;25.0;25.0;0;0
191.91;0.0;0.0;0.0;22.435897435897438;22.37606837606838;25.0;25.0;0;0
192.017;0.0;0.0;0.0;22.435897435897438;22.37606837606838;25.0;25.0;0;0
192.129;0.0;0.0;0.0;22.435897435897438;22.37606837606838;25.0;25.0;0;0
192.23;0.0;0.0;0.0;22.435897435897438;22.37606837606838;25.0;25.0;0;0
192.334;0.0;0.0;0.0;22.435897435897438;22.37606837606838;25.0;25.0;0;0
192.448;0.0;0.0;0.0;22.435897435897438;22.37606837606838;25.0;25.0;0;0
192.556;0.0;0.0;0.0;22.435897435897438;22.37606837606838;25.0;25.0;0;0
192.667;0.0;0.0;0.0;22.435897435897438;22.37606837606838;25.0;25.0;0;0
192.777;0.0;0.0;0.0;22.435897435897438;22.37606837606838;25.0;25.0;0;0
192.883;0.0;0.0;0.0;22.435897435897438;22.37606837606838;25.0;25.0;0;0
192.991;0.0;0.0;0.0;22.435897435897438;22.37606837606838;25.0;25.0;0;0
193.102;0.0;0.0;0.0;22.435897435897438;22.37606837606838;25.0;25.0;0;0
193.214;0.0;0.0;0.0;22.435897435897438;22.37606837606838;25.0;25.0;0;0
193.324;0.0;0.0;0.0;22.435897435897438;22.37606837606838;25.0;25.0;0;0
193.436;0.0;0.0;0.0;22.435897435897438;22.37606837606838;25.0;25.0;0;0
193.545;0.0;0.0;0.0;22.435897435897438;22.37606837606838;25.0;25.0;0;0
193.659;0.0;0.0;0.0;22.435897435897438;22.37606837606838;25.0;25.0;0;0
193.774;0.0;0.0;0.0;22.435897435897438;22.37606837606838;25.0;25.0;0;0
193.879;0.0;0.0;0.0;22.435897435897438;22.37606837606838;25.0;25.0;0;0
193.989;0.0;0.0;0.0;22.435897435897438;22.37606837606838;25.0;25.0;0;0
194.099;0.0;0.0;0.0;22.435897435897438;22.37606837606838;25.0;25.0;0;0
194.211;0.0;0.0;0.0;22.435897435897438;22.37606837606838;25.0;25.0;0;0
194.317;0.0;0.0;0.0;22.435897435897438;22.37606837606838;25.0;25.0;0;0
194.427;0.0;0.0;0.0;22.435897435897438;22.37606837606838;25.0;25.0;0;0
194.536;0.0;0.0;0.0;22.435897435897438;22.37606837606838;25.0;25.0;0;0
194.643;0.0;0.0;0.0;22.435897435897438;22.37606837606838;25.0;25.0;0;0
194.755;0.0;0.0;0.0;22.435897435897438;22.37606837606838;25.0;25.0;0;0
194.866;0.0;0.0;0.0;22.435897435897438;22.37606837606838;25.0;25.0;0;0
194.974;0.0;0.0;0.0;22.435897435897438;22.37606837606838;25.0;25.0;0;0
195.085;0.0;0.0;0.0;22.435897435897438;22.37606837606838;25.0;25.0;0;0
195.194;0.0;0.0;0.0;22.435897435897438;22.37606837606838;25.0;25.0;0;0
195.303;0.0;0.0;0.0;22.435897435897438;22.37606837606838;25.0;25.0;0;0
195.415;0.0;0.0;0.0;22.435897435897438;22.37606837606838;25.0;25.0;0;0
195.523;0.0;0.0;0.0;22.435897435897438;22.37606837606838;25.0;25.0;0;0
195.627;0.0;0.0;0.0;22.435897435897438;22.37606837606838;25.0;25.0;0;0
195.743;0.0;0.0;0.0;22.435897435897438;22.37606837606838;25.0;25.0;0;0
195.852;0.0;0.0;0.0;22.435897435897438;22.37606837606838;25.0;25.0;0;0
195.965;0.0;0.0;0.0;22.435897435897438;22.37606837606838;25.0;25.0;0;0
196.075;0.0;0.0;0.0;22.435897435897438;22.37606837606838;25.0;25.0;0;0
196.186;0.0;0.0;0.0;22.435897435897438;22.37606837606838;25.0;25.0;0;0
196.293;0.0;0.0;0.0;22.435897435897438;22.37606837606838;25.0;25.0;0;0
196.402;0.0;0.0;0.0;22.435897435897438;22.37606837606838;25.0;25.0;0;0
196.515;0.0;0.0;0.0;22.435897435897438;22.37606837606838;25.0;25.0;0;0
196.627;0.0;0.0;0.0;22.435897435897438;22.37606837606838;25.0;25.0;0;0
196.734;0.0;0.0;0.0;22.435897435897438;22.37606837606838;25.0;25.0;0;0
196.846;0.0;0.0;0.0;22.435897435897438;22.37606837606838;25.0;25.0;0;0
196.95;0.0;0.0;0.0;22.435897435897438;22.37606837606838;25.0;25.0;0;0
197.051;0.0;0.0;0.0;22.435897435897438;22.37606837606838;25.0;25.0;0;0
197.159;0.0;0.0;0.0;22.435897435897438;22.37606837606838;25.0;25.0;0;0
197.269;0.0;0.0;0.0;22.435897435897438;22.37606837606838;25.0;25.0;0;0
197.38;0.0;0.0;0.0;22.435897435897438;22.37606837606838;25.0;25.0;0;0
197.491;0.0;0.0;0.0;22.435897435897438;22.37606837606838;25.0;25.0;0;0
197.602;0.0;0.0;0.0;22.435897435897438;22.37606837606838;25.0;25.0;0;0
197.712;0.0;0.0;0.0;22.435897435897438;22.37606837606838;25.0;25.0;0;0
197.818;0.0;0.0;0.0;22.435897435897438;22.435897435897438;25.0;25.0;0;0
197.93;0.0;0.0;0.0;22.435897435897438;22.435897435897438;25.0;25.0;0;0
198.04;0.0;0.0;0.0;22.435897435897438;22.435897435897438;25.0;25.0;0;0
198.151;0.0;0.0;0.0;22.435897435897438;22.435897435897438;25.0;25.0;0;0
198.259;0.0;0.0;0.0;22.435897435897438;22.435897435897438;25.0;25.0;0;0
198.371;0.0;0.0;0.0;22.435897435897438;22.435897435897438;25.0;25.0;0;0
198.48;0.0;0.0;0.0;22.435897435897438;22.435897435897438;25.0;25.0;0;0
198.591;0.0;0.0;0.0;22.435897435897438;22.435897435897438;25.0;25.0;0;0
198.703;0.0;0.0;0.0;22.435897435897438;22.435897435897438;25.0;25.0;0;0
198.81;0.0;0.0;0.0;22.435897435897438;22.37606837606838;25.0;25.0;0;0
198.921;0.0;0.0;0.0;22.435897435897438;22.37606837606838;25.0;25.0;0;0
199.035;0.0;0.0;0.0;22.435897435897438;22.37606837606838;25.0;25.0;0;0
199.142;0.0;0.0;0.0;22.435897435897438;22.37606837606838;25.0;25.0;0;0
199.243;0.0;0.0;0.0;22.435897435897438;22.37606837606838;25.0;25.0;0;0
199.35;0.0;0.0;0.0;22.435897435897438;22.37606837606838;25.0;25.0;0;0
199.465;0.0;0.0;0.0;22.435897435897438;22.37606837606838;25.0;25.0;0;0
199.575;0.0;0.0;0.0;22.435897435897438;22.37606837606838;25.0;25.0;0;0
199.697;0.0;0.0;0.0;22.435897435897438;22.37606837606838;25.0;25.0;0;0
199.802;0.0;0.0;0.0;22.435897435897438;22.435897435897438;25.0;25.0;0;0
199.904;0.0;0.0;0.0;22.435897435897438;22.435897435897438;25.0;25.0;0;0
200.007;0.0;0.0;0.0;22.435897435897438;22.435897435897438;25.0;25.0;0;0
200.12;0.0;0.0;0.0;22.435897435897438;22.435897435897438;25.0;25.0;0;0
200.229;0.0;0.0;0.0;22.435897435897438;22.435897435897438;25.0;25.0;0;0
200.334;0.0;0.0;0.0;22.435897435897438;22.435897435897438;25.0;25.0;0;0
200.453;0.0;0.0;0.0;22.435897435897438;22.435897435897438;25.0;25.0;0;0
200.562;0.0;0.0;0.0;22.435897435897438;22.435897435897438;25.0;25.0;0;0
200.667;0.0;0.0;0.0;22.435897435897438;22.435897435897438;25.0;25.0;0;0
200.768;0.0;0.0;0.0;22.435897435897438;22.37606837606838;25.0;25.0;0;0
200.885;0.0;0.0;0.0;22.435897435897438;22.37606837606838;25.0;25.0;0;0
200.997;0.0;0.0;0.0;22.435897435897438;22.37606837606838;25.0;25.0;0;0
201.099;0.0;0.0;0.0;22.435897435897438;22.37606837606838;25.0;25.0;0;0
201.206;0.0;0.0;0.0;22.435897435897438;22.37606837606838;25.0;25.0;0;0
201.328;0.0;0.0;0.0;22.435897435897438;22.37606837606838;25.0;25.0;0;0
201.429;0.0;0.0;0.0;22.435897435897438;22.37606837606838;25.0;25.0;0;0
201.533;0.0;0.0;0.0;22.435897435897438;22.37606837606838;25.0;25.0;0;0
201.649;0.0;0.0;0.0;22.435897435897438;22.37606837606838;25.0;25.0;0;0
201.752;0.0;0.0;0.0;22.435897435897438;22.37606837606838;25.0;25.0;0;0
201.863;0.0;0.0;0.0;22.435897435897438;22.37606837606838;25.0;25.0;0;0
201.975;0.0;0.0;0.0;22.435897435897438;22.37606837606838;25.0;25.0;0;0
202.086;0.0;0.0;0.0;22.435897435897438;22.37606837606838;25.0;25.0;0;0
202.196;0.0;0.0;0.0;22.435897435897438;22.37606837606838;25.0;25.0;0;0
202.306;0.0;0.0;0.0;22.435897435897438;22.37606837606838;25.0;25.0;0;0
202.416;0.0;0.0;0.0;22.435897435897438;22.37606837606838;25.0;25.0;0;0
202.526;0.0;0.0;0.0;22.435897435897438;22.37606837606838;25.0;25.0;0;0
202.637;0.0;0.0;0.0;22.435897435897438;22.37606837606838;25.0;25.0;0;0
202.747;0.0;0.0;0.0;22.435897435897438;22.435897435897438;25.0;25.0;0;0
202.855;0.0;0.0;0.0;22.435897435897438;22.435897435897438;25.0;25.0;0;0
202.967;0.0;0.0;0.0;22.435897435897438;22.435897435897438;25.0;25.0;0;0
203.075;0.0;0.0;0.0;22.435897435897438;22.435897435897438;25.0;25.0;0;0
203.177;0.0;0.0;0.0;22.435897435897438;22.435897435897438;25.0;25.0;0;0
203.284;0.0;0.0;0.0;22.435897435897438;22.435897435897438;25.0;25.0;0;0
203.391;0.0;0.0;0.0;22.435897435897438;22.435897435897438;25.0;25.0;0;0
203.491;0.0;0.0;0.0;22.435897435897438;22.435897435897438;25.0;25.0;0;0
203.596;0.0;0.0;0.0;22.435897435897438;22.435897435897438;25.0;25.0;0;0
203.696;0.0;0.0;0.0;22.435897435897438;22.37606837606838;25.0;25.0;0;0
203.797;0.0;0.0;0.0;22.435897435897438;22.37606837606838;25.0;25.0;0;0
203.897;0.0;0.0;0.0;22.435897435897438;22.37606837606838;25.0;25.0;0;0
203.997;0.0;0.0;0.0;22.435897435897438;22.37606837606838;25.0;25.0;0;0
204.099;0.0;0.0;0.0;22.435897435897438;22.37606837606838;25.0;25.0;0;0
204.2;0.0;0.0;0.0;22.435897435897438;22.37606837606838;25.0;25.0;0;0
204.307;0.0;0.0;0.0;22.435897435897438;22.37606837606838;25.0;25.0;0;0
204.416;0.0;0.0;0.0;22.435897435897438;22.37606837606838;25.0;25.0;0;0
204.525;0.0;0.0;0.0;22.435897435897438;22.37606837606838;25.0;25.0;0;0
204.628;0.0;0.0;0.0;22.435897435897438;22.37606837606838;25.0;25.0;0;0
204.729;0.0;0.0;0.0;22.435897435897438;22.435897435897438;25.0;25.0;0;0
204.835;0.0;0.0;0.0;22.435897435897438;22.435897435897438;25.0;25.0;0;0
204.937;0.0;0.0;0.0;22.435897435897438;22.435897435897438;25.0;25.0;0;0
205.04;0.0;0.0;0.0;22.435897435897438;22.435897435897438;25.0;25.0;0;0
205.14;0.0;0.0;0.0;22.435897435897438;22.435897435897438;25.0;25.0;0;0
205.241;0.0;0.0;0.0;22.435897435897438;22.435897435897438;25.0;25.0;0;0
205.341;0.0;0.0;0.0;22.435897435897438;22.435897435897438;25.0;25.0;0;0
205.441;0.0;0.0;0.0;22.435897435897438;22.435897435897438;25.0;25.0;0;0
205.542;0.0;0.0;0.0;22.435897435897438;22.435897435897438;25.0;25.0;0;0
205.643;0.0;0.0;0.0;22.435897435897438;22.435897435897438;25.0;25.0;0;0
205.746;0.0;0.0;0.0;22.435897435897438;22.37606837606838;25.0;25.0;0;0
205.849;0.0;0.0;0.0;22.435897435897438;22.37606837606838;25.0;25.0;0;0
205.961;0.0;0.0;0.0;22.435897435897438;22.37606837606838;25.0;25.0;0;0
206.062;0.0;0.0;0.0;22.435897435897438;22.37606837606838;25.0;25.0;0;0
206.174;0.0;0.0;0.0;22.435897435897438;22.37606837606838;25.0;25.0;0;0
206.276;0.0;0.0;0.0;22.435897435897438;22.37606837606838;25.0;25.0;0;0
206.38;0.0;0.0;0.0;22.435897435897438;22.37606837606838;25.0;25.0;0;0
206.483;0.0;0.0;0.0;22.435897435897438;22.37606837606838;25.0;25.0;0;0
206.584;0.0;0.0;0.0;22.435897435897438;22.37606837606838;25.0;25.0;0;0
206.693;0.0;0.0;0.0;22.435897435897438;22.37606837606838;25.0;25.0;0;0
206.803;0.0;0.0;0.0;22.435897435897438;22.37606837606838;25.0;25.0;0;0
206.912;0.0;0.0;0.0;22.435897435897438;22.37606837606838;25.0;25.0;0;0
207.022;0.0;0.0;0.0;22.435897435897438;22.37606837606838;25.0;25.0;0;0
207.134;0.0;0.0;0.0;22.435897435897438;22.37606837606838;25.0;25.0;0;0
207.246;0.0;0.0;0.0;22.435897435897438;22.37606837606838;25.0;25.0;0;0
207.354;0.0;0.0;0.0;22.435897435897438;22.37606837606838;25.0;25.0;0;0
207.468;0.0;0.0;0.0;22.435897435897438;22.37606837606838;25.0;25.0;0;0
207.577;0.0;0.0;0.0;22.435897435897438;22.37606837606838;25.0;25.0;0;0
207.688;0.0;0.0;0.0;22.435897435897438;22.37606837606838;25.0;25.0;0;0
207.798;0.0;0.0;0.0;22.435897435897438;22.37606837606838;25.0;25.0;0;0
207.909;0.0;0.0;0.0;22.435897435897438;22.37606837606838;25.0;25.0;0;0
208.02;0.0;0.0;0.0;22.435897435897438;22.37606837606838;25.0;25.0;0;0
208.13;0.0;0.0;0.0;22.435897435897438;22.37606837606838;25.0;25.0;0;0
208.241;0.0;0.0;0.0;22.435897435897438;22.37606837606838;25.0;25.0;0;0
208.35;0.0;0.0;0.0;22.435897435897438;22.37606837606838;25.0;25.0;0;0
208.459;0.0;0.0;0.0;22.435897435897438;22.37606837606838;25.0;25.0;0;0
208.57;0.0;0.0;0.0;22.435897435897438;22.37606837606838;25.0;25.0;0;0
208.683;0.0;0.0;0.0;22.435897435897438;22.37606837606838;25.0;25.0;0;0
208.792;0.0;0.0;0.0;22.435897435897438;22.37606837606838;25.0;25.0;0;0
208.893;0.0;0.0;0.0;22.435897435897438;22.37606837606838;25.0;25.0;0;0
208.998;0.0;0.0;0.0;22.435897435897438;22.37606837606838;25.0;25.0;0;0
209.108;0.0;0.0;0.0;22.435897435897438;22.37606837606838;25.0;25.0;0;0
209.219;0.0;0.0;0.0;22.435897435897438;22.37606837606838;25.0;25.0;0;0
209.319;0.0;0.0;0.0;22.435897435897438;22.37606837606838;25.0;25.0;0;0
209.424;0.0;0.0;0.0;22.435897435897438;22.37606837606838;25.0;25.0;0;0
209.524;0.0;0.0;0.0;22.435897435897438;22.37606837606838;25.0;25.0;0;0
209.625;0.0;0.0;0.0;22.435897435897438;22.37606837606838;25.0;25.0;0;0
209.725;0.0;0.0;0.0;22.435897435897438;22.435897435897438;25.0;25.0;0;0
209.826;0.0;0.0;0.0;22.435897435897438;22.435897435897438;25.0;25.0;0;0
209.927;0.0;0.0;0.0;22.435897435897438;22.435897435897438;25.0;25.0;0;0
210.03;0.0;0.0;0.0;22.435897435897438;22.435897435897438;25.0;25.0;0;0
210.13;0.0;0.0;0.0;22.435897435897438;22.435897435897438;25.0;25.0;0;0
210.236;0.0;0.0;0.0;22.435897435897438;22.435897435897438;25.0;25.0;0;0
210.347;0.0;0.0;0.0;22.435897435897438;22.435897435897438;25.0;25.0;0;0
210.457;0.0;0.0;0.0;22.435897435897438;22.435897435897438;25.0;25.0;0;0
210.558;0.0;0.0;0.0;22.435897435897438;22.435897435897438;25.0;25.0;0;0
210.659;0.0;0.0;0.0;22.435897435897438;22.37606837606838;25.0;25.0;0;0
210.767;0.0;0.0;0.0;22.435897435897438;22.37606837606838;25.0;25.0;0;0
210.878;0.0;0.0;0.0;22.435897435897438;22.37606837606838;25.0;25.0;0;0
210.988;0.0;0.0;0.0;22.435897435897438;22.37606837606838;25.0;25.0;0;0
211.091;0.0;0.0;0.0;22.435897435897438;22.37606837606838;25.0;25.0;0;0
211.193;0.0;0.0;0.0;22.435897435897438;22.37606837606838;25.0;25.0;0;0
211.304;0.0;0.0;0.0;22.435897435897438;22.37606837606838;25.0;25.0;0;0
211.412;0.0;0.0;0.0;22.435897435897438;22.37606837606838;25.0;25.0;0;0
211.526;0.0;0.0;0.0;22.435897435897438;22.37606837606838;25.0;25.0;0;0
211.636;0.0;0.0;0.0;22.435897435897438;22.37606837606838;25.0;25.0;0;0
211.743;0.0;0.0;0.0;22.435897435897438;22.37606837606838;25.0;25.0;0;0
211.857;0.0;0.0;0.0;22.435897435897438;22.37606837606838;25.0;25.0;0;0
211.972;0.0;0.0;0.0;22.435897435897438;22.37606837606838;25.0;25.0;0;0
212.078;0.0;0.0;0.0;22.435897435897438;22.37606837606838;25.0;25.0;0;0
212.187;0.0;0.0;0.0;22.435897435897438;22.37606837606838;25.0;25.0;0;0
212.302;0.0;0.0;0.0;22.435897435897438;22.37606837606838;25.0;25.0;0;0
212.41;0.0;0.0;0.0;22.435897435897438;22.37606837606838;25.0;25.0;0;0
212.513;0.0;0.0;0.0;22.435897435897438;22.37606837606838;25.0;25.0;0;0
212.614;0.0;0.0;0.0;22.435897435897438;22.37606837606838;25.0;25.0;0;0
212.726;0.0;0.0;0.0;22.435897435897438;22.37606837606838;25.0;25.0;0;0
212.838;0.0;0.0;0.0;22.435897435897438;22.37606837606838;25.0;25.0;0;0
212.946;0.0;0.0;0.0;22.435897435897438;22.37606837606838;25.0;25.0;0;0
213.056;0.0;0.0;0.0;22.435897435897438;22.37606837606838;25.0;25.0;0;0
213.167;0.0;0.0;0.0;22.435897435897438;22.37606837606838;25.0;25.0;0;0
213.274;0.0;0.0;0.0;22.435897435897438;22.37606837606838;25.0;25.0;0;0
213.382;0.0;0.0;0.0;22.435897435897438;22.37606837606838;25.0;25.0;0;0
213.484;0.0;0.0;0.0;22.435897435897438;22.37606837606838;25.0;25.0;0;0
213.587;0.0;0.0;0.0;22.435897435897438;22.37606837606838;25.0;25.0;0;0
213.688;0.0;0.0;0.0;22.435897435897438;22.37606837606838;25.0;25.0;0;0
213.788;0.0;0.0;0.0;22.435897435897438;22.37606837606838;25.0;25.0;0;0
213.888;0.0;0.0;0.0;22.435897435897438;22.37606837606838;25.0;25.0;0;0
213.989;0.0;0.0;0.0;22.435897435897438;22.37606837606838;25.0;25.0;0;0
214.089;0.0;0.0;0.0;22.435897435897438;22.37606837606838;25.0;25.0;0;0
214.193;0.0;0.0;0.0;22.435897435897438;22.37606837606838;25.0;25.0;0;0
214.296;0.0;0.0;0.0;22.435897435897438;22.37606837606838;25.0;25.0;0;0
214.397;0.0;0.0;0.0;22.435897435897438;22.37606837606838;25.0;25.0;0;0
214.507;0.0;0.0;0.0;22.435897435897438;22.37606837606838;25.0;25.0;0;0
214.609;0.0;0.0;0.0;22.435897435897438;22.37606837606838;25.0;25.0;0;0
214.719;0.0;0.0;0.0;22.435897435897438;22.37606837606838;25.0;25.0;0;0
214.825;0.0;0.0;0.0;22.435897435897438;22.435897435897438;25.0;25.0;0;0
214.932;0.0;0.0;0.0;22.435897435897438;22.435897435897438;25.0;25.0;0;0
215.057;0.0;0.0;0.0;22.435897435897438;22.435897435897438;25.0;25.0;0;0
215.158;0.0;0.0;0.0;22.435897435897438;22.435897435897438;25.0;25.0;0;0
215.262;0.0;0.0;0.0;22.435897435897438;22.435897435897438;25.0;25.0;0;0
215.372;0.0;0.0;0.0;22.435897435897438;22.435897435897438;25.0;25.0;0;0
215.483;0.0;0.0;0.0;22.435897435897438;22.435897435897438;25.0;25.0;0;0
215.595;0.0;0.0;0.0;22.435897435897438;22.435897435897438;25.0;25.0;0;0
215.702;0.0;0.0;0.0;22.435897435897438;22.435897435897438;25.0;25.0;0;0
215.811;0.0;0.0;0.0;22.435897435897438;22.37606837606838;25.0;25.0;0;0
215.922;0.0;0.0;0.0;22.435897435897438;22.37606837606838;25.0;25.0;0;0
216.036;0.0;0.0;0.0;22.435897435897438;22.37606837606838;25.0;25.0;0;0
216.144;0.0;0.0;0.0;22.435897435897438;22.37606837606838;25.0;25.0;0;0
216.256;0.0;0.0;0.0;22.435897435897438;22.37606837606838;25.0;25.0;0;0
216.368;0.0;0.0;0.0;22.435897435897438;22.37606837606838;25.0;25.0;0;0
216.478;0.0;0.0;0.0;22.435897435897438;22.37606837606838;25.0;25.0;0;0
216.582;0.0;0.0;0.0;22.435897435897438;22.37606837606838;25.0;25.0;0;0
216.685;0.0;0.0;0.0;22.435897435897438;22.37606837606838;25.0;25.0;0;0
216.791;0.0;0.0;0.0;22.435897435897438;22.435897435897438;25.0;25.0;0;0
216.9;0.0;0.0;0.0;22.435897435897438;22.435897435897438;25.0;25.0;0;0
217.01;0.0;0.0;0.0;22.435897435897438;22.435897435897438;25.0;25.0;0;0
217.121;0.0;0.0;0.0;22.435897435897438;22.435897435897438;25.0;25.0;0;0
217.231;0.0;0.0;0.0;22.435897435897438;22.435897435897438;25.0;25.0;0;0
217.333;0.0;0.0;0.0;22.435897435897438;22.435897435897438;25.0;25.0;0;0
217.435;0.0;0.0;0.0;22.435897435897438;22.435897435897438;25.0;25.0;0;0
217.544;0.0;0.0;0.0;22.435897435897438;22.435897435897438;25.0;25.0;0;0
217.654;0.0;0.0;0.0;22.435897435897438;22.435897435897438;25.0;25.0;0;0
217.762;0.0;0.0;0.0;22.435897435897438;22.435897435897438;25.0;25.0;0;0
217.875;0.0;0.0;0.0;22.435897435897438;22.37606837606838;25.0;25.0;0;0
217.986;0.0;0.0;0.0;22.435897435897438;22.37606837606838;25.0;25.0;0;0
218.092;0.0;0.0;0.0;22.435897435897438;22.37606837606838;25.0;25.0;0;0
218.207;0.0;0.0;0.0;22.435897435897438;22.37606837606838;25.0;25.0;0;0
218.31;0.0;0.0;0.0;22.435897435897438;22.37606837606838;25.0;25.0;0;0
218.411;0.0;0.0;0.0;22.435897435897438;22.37606837606838;25.0;25.0;0;0
218.523;0.0;0.0;0.0;22.435897435897438;22.37606837606838;25.0;25.0;0;0
218.633;0.0;0.0;0.0;22.435897435897438;22.37606837606838;25.0;25.0;0;0
218.742;0.0;0.0;0.0;22.435897435897438;22.37606837606838;25.0;25.0;0;0
218.853;0.0;0.0;0.0;22.435897435897438;22.435897435897438;25.0;25.0;0;0
218.964;0.0;0.0;0.0;22.435897435897438;22.435897435897438;25.0;25.0;0;0
219.075;0.0;0.0;0.0;22.435897435897438;22.435897435897438;25.0;25.0;0;0
219.189;0.0;0.0;0.0;22.435897435897438;22.435897435897438;25.0;25.0;0;0
219.299;0.0;0.0;0.0;22.435897435897438;22.435897435897438;25.0;25.0;0;0
219.413;0.0;0.0;0.0;22.435897435897438;22.435897435897438;25.0;25.0;0;0
219.521;0.0;0.0;0.0;22.435897435897438;22.435897435897438;25.0;25.0;0;0
219.63;0.0;0.0;0.0;22.435897435897438;22.435897435897438;25.0;25.0;0;0
219.74;0.0;0.0;0.0;22.435897435897438;22.435897435897438;25.0;25.0;0;0
219.85;0.0;0.0;0.0;22.435897435897438;22.435897435897438;25.0;25.0;0;0
219.959;0.0;0.0;0.0;22.435897435897438;22.435897435897438;25.0;25.0;0;0
220.07;0.0;0.0;0.0;22.435897435897438;22.435897435897438;25.0;25.0;0;0
220.184;0.0;0.0;0.0;22.435897435897438;22.435897435897438;25.0;25.0;0;0
220.292;0.0;0.0;0.0;22.435897435897438;22.435897435897438;25.0;25.0;0;0
220.401;0.0;0.0;0.0;22.435897435897438;22.435897435897438;25.0;25.0;0;0
220.512;0.0;0.0;0.0;22.435897435897438;22.435897435897438;25.0;25.0;0;0
220.624;0.0;0.0;0.0;22.435897435897438;22.435897435897438;25.0;25.0;0;0
220.735;0.0;0.0;0.0;22.435897435897438;22.435897435897438;25.0;25.0;0;0
220.847;0.0;0.0;0.0;22.435897435897438;22.435897435897438;25.0;25.0;0;0
220.954;0.0;0.0;0.0;22.435897435897438;22.435897435897438;25.0;25.0;0;0
221.068;0.0;0.0;0.0;22.435897435897438;22.435897435897438;25.0;25.0;0;0
221.17;0.0;0.0;0.0;22.435897435897438;22.435897435897438;25.0;25.0;0;0
221.274;0.0;0.0;0.0;22.435897435897438;22.435897435897438;25.0;25.0;0;0
221.387;0.0;0.0;0.0;22.435897435897438;22.435897435897438;25.0;25.0;0;0
221.495;0.0;0.0;0.0;22.435897435897438;22.435897435897438;25.0;25.0;0;0
221.606;0.0;0.0;0.0;22.435897435897438;22.435897435897438;25.0;25.0;0;0
221.717;0.0;0.0;0.0;22.435897435897438;22.435897435897438;25.0;25.0;0;0
221.826;0.0;0.0;0.0;22.435897435897438;22.37606837606838;25.0;25.0;0;0
221.95;0.0;0.0;0.0;22.435897435897438;22.37606837606838;25.0;25.0;0;0
222.053;0.0;0.0;0.0;22.435897435897438;22.37606837606838;25.0;25.0;0;0
222.174;0.0;0.0;0.0;22.435897435897438;22.37606837606838;25.0;25.0;0;0
222.275;0.0;0.0;0.0;22.435897435897438;22.37606837606838;25.0;25.0;0;0
222.391;0.0;0.0;0.0;22.435897435897438;22.37606837606838;25.0;25.0;0;0
222.491;0.0;0.0;0.0;22.435897435897438;22.37606837606838;25.0;25.0;0;0
222.593;0.0;0.0;0.0;22.435897435897438;22.37606837606838;25.0;25.0;0;0
222.713;0.0;0.0;0.0;22.435897435897438;22.37606837606838;25.0;25.0;0;0
222.832;0.0;0.0;0.0;22.435897435897438;22.435897435897438;25.0;25.0;0;0
222.94;0.0;0.0;0.0;22.435897435897438;22.435897435897438;25.0;25.0;0;0
223.054;0.0;0.0;0.0;22.435897435897438;22.435897435897438;25.0;25.0;0;0
223.156;0.0;0.0;0.0;22.435897435897438;22.435897435897438;25.0;25.0;0;0
223.269;0.0;0.0;0.0;22.435897435897438;22.435897435897438;25.0;25.0;0;0
223.369;0.0;0.0;0.0;22.435897435897438;22.435897435897438;25.0;25.0;0;0
223.475;0.0;0.0;0.0;22.435897435897438;22.435897435897438;25.0;25.0;0;0
223.587;0.0;0.0;0.0;22.435897435897438;22.435897435897438;25.0;25.0;0;0
223.696;0.0;0.0;0.0;22.435897435897438;22.435897435897438;25.0;25.0;0;0
223.809;0.0;0.0;0.0;22.48717948717949;22.435897435897438;25.0;25.0;0;0
223.916;0.0;0.0;0.0;22.48717948717949;22.435897435897438;25.0;25.0;0;0
224.016;0.0;0.0;0.0;22.48717948717949;22.435897435897438;25.0;25.0;0;0
224.122;0.0;0.0;0.0;22.48717948717949;22.435897435897438;25.0;25.0;0;0
224.225;0.0;0.0;0.0;22.48717948717949;22.435897435897438;25.0;25.0;0;0
224.326;0.0;0.0;0.0;22.48717948717949;22.435897435897438;25.0;25.0;0;0
224.427;0.0;0.0;0.0;22.48717948717949;22.435897435897438;25.0;25.0;0;0
224.527;0.0;0.0;0.0;22.48717948717949;22.435897435897438;25.0;25.0;0;0
224.627;0.0;0.0;0.0;22.48717948717949;22.435897435897438;25.0;25.0;0;0
224.747;0.0;0.0;0.0;22.48717948717949;22.435897435897438;25.0;25.0;0;0
224.849;0.0;0.0;0.0;22.435897435897438;22.435897435897438;25.0;25.0;0;0
224.958;0.0;0.0;0.0;22.435897435897438;22.435897435897438;25.0;25.0;0;0
225.067;0.0;0.0;0.0;22.435897435897438;22.435897435897438;25.0;25.0;0;0
225.173;0.0;0.0;0.0;22.435897435897438;22.435897435897438;25.0;25.0;0;0
225.279;0.0;0.0;0.0;22.435897435897438;22.435897435897438;25.0;25.0;0;0
225.39;0.0;0.0;0.0;22.435897435897438;22.435897435897438;25.0;25.0;0;0
225.499;0.0;0.0;0.0;22.435897435897438;22.435897435897438;25.0;25.0;0;0
225.599;0.0;0.0;0.0;22.435897435897438;22.435897435897438;25.0;25.0;0;0
225.713;0.0;0.0;0.0;22.435897435897438;22.435897435897438;25.0;25.0;0;0
225.813;0.0;0.0;0.0;22.435897435897438;22.435897435897438;25.0;25.0;0;0
225.925;0.0;0.0;0.0;22.435897435897438;22.435897435897438;25.0;25.0;0;0
226.032;0.0;0.0;0.0;22.435897435897438;22.435897435897438;25.0;25.0;0;0
226.133;0.0;0.0;0.0;22.435897435897438;22.435897435897438;25.0;25.0;0;0
226.233;0.0;0.0;0.0;22.435897435897438;22.435897435897438;25.0;25.0;0;0
226.342;0.0;0.0;0.0;22.435897435897438;22.435897435897438;25.0;25.0;0;0
226.447;0.0;0.0;0.0;22.435897435897438;22.435897435897438;25.0;25.0;0;0
226.564;0.0;0.0;0.0;22.435897435897438;22.435897435897438;25.0;25.0;0;0
226.664;0.0;0.0;0.0;22.435897435897438;22.435897435897438;25.0;25.0;0;0
226.765;0.0;0.0;0.0;22.435897435897438;22.435897435897438;25.0;25.0;0;0
226.866;0.0;0.0;0.0;22.435897435897438;22.435897435897438;25.0;25.0;0;0
226.968;0.0;0.0;0.0;22.435897435897438;22.435897435897438;25.0;25.0;0;0
227.077;0.0;0.0;0.0;22.435897435897438;22.435897435897438;25.0;25.0;0;0
227.185;0.0;0.0;0.0;22.435897435897438;22.435897435897438;25.0;25.0;0;0
227.293;0.0;0.0;0.0;22.435897435897438;22.435897435897438;25.0;25.0;0;0
227.401;0.0;0.0;0.0;22.435897435897438;22.435897435897438;25.0;25.0;0;0
227.513;0.0;0.0;0.0;22.435897435897438;22.435897435897438;25.0;25.0;0;0
227.622;0.0;0.0;0.0;22.435897435897438;22.435897435897438;25.0;25.0;0;0
227.722;0.0;0.0;0.0;22.435897435897438;22.435897435897438;25.0;25.0;0;0
227.823;0.0;0.0;0.0;22.435897435897438;22.37606837606838;25.0;25.0;0;0
227.926;0.0;0.0;0.0;22.435897435897438;22.37606837606838;25.0;25.0;0;0
228.028;0.0;0.0;0.0;22.435897435897438;22.37606837606838;25.0;25.0;0;0
228.13;0.0;0.0;0.0;22.435897435897438;22.37606837606838;25.0;25.0;0;0
228.237;0.0;0.0;0.0;22.435897435897438;22.37606837606838;25.0;25.0;0;0
228.337;0.0;0.0;0.0;22.435897435897438;22.37606837606838;25.0;25.0;0;0
228.445;0.0;0.0;0.0;22.435897435897438;22.37606837606838;25.0;25.0;0;0
228.557;0.0;0.0;0.0;22.435897435897438;22.37606837606838;25.0;25.0;0;0
228.662;0.0;0.0;0.0;22.435897435897438;22.37606837606838;25.0;25.0;0;0
228.765;0.0;0.0;0.0;22.435897435897438;22.37606837606838;25.0;25.0;0;0
228.867;0.0;0.0;0.0;22.435897435897438;22.435897435897438;25.0;25.0;0;0
228.973;0.0;0.0;0.0;22.435897435897438;22.435897435897438;25.0;25.0;0;0
229.079;0.0;0.0;0.0;22.435897435897438;22.435897435897438;25.0;25.0;0;0
229.181;0.0;0.0;0.0;22.435897435897438;22.435897435897438;25.0;25.0;0;0
229.282;0.0;0.0;0.0;22.435897435897438;22.435897435897438;25.0;25.0;0;0
229.387;0.0;0.0;0.0;22.435897435897438;22.435897435897438;25.0;25.0;0;0
229.496;0.0;0.0;0.0;22.435897435897438;22.435897435897438;25.0;25.0;0;0
229.606;0.0;0.0;0.0;22.435897435897438;22.435897435897438;25.0;25.0;0;0
229.717;0.0;0.0;0.0;22.435897435897438;22.435897435897438;25.0;25.0;0;0
229.828;0.0;0.0;0.0;22.435897435897438;22.37606837606838;25.0;25.0;0;0
229.935;0.0;0.0;0.0;22.435897435897438;22.37606837606838;25.0;25.0;0;0
230.046;0.0;0.0;0.0;22.435897435897438;22.37606837606838;25.0;25.0;0;0
230.157;0.0;0.0;0.0;22.435897435897438;22.37606837606838;25.0;25.0;0;0
230.265;0.0;0.0;0.0;22.435897435897438;22.37606837606838;25.0;25.0;0;0
230.377;0.0;0.0;0.0;22.435897435897438;22.37606837606838;25.0;25.0;0;0
230.486;0.0;0.0;0.0;22.435897435897438;22.37606837606838;25.0;25.0;0;0
230.595;0.0;0.0;0.0;22.435897435897438;22.37606837606838;25.0;25.0;0;0
230.705;0.0;0.0;0.0;22.435897435897438;22.37606837606838;25.0;25.0;0;0
230.815;0.0;0.0;0.0;22.435897435897438;22.435897435897438;25.0;25.0;0;0
230.925;0.0;0.0;0.0;22.435897435897438;22.435897435897438;25.0;25.0;0;0
231.035;0.0;0.0;0.0;22.435897435897438;22.435897435897438;25.0;25.0;0;0
231.145;0.0;0.0;0.0;22.435897435897438;22.435897435897438;25.0;25.0;0;0
231.257;0.0;0.0;0.0;22.435897435897438;22.435897435897438;25.0;25.0;0;0
231.365;0.0;0.0;0.0;22.435897435897438;22.435897435897438;25.0;25.0;0;0
231.477;0.0;0.0;0.0;22.435897435897438;22.435897435897438;25.0;25.0;0;0
231.585;0.0;0.0;0.0;22.435897435897438;22.435897435897438;25.0;25.0;0;0
231.692;0.0;0.0;0.0;22.435897435897438;22.435897435897438;25.0;25.0;0;0
231.793;0.0;0.0;0.0;22.435897435897438;22.435897435897438;25.0;25.0;0;0
231.893;0.0;0.0;0.0;22.435897435897438;22.435897435897438;25.0;25.0;0;0
231.993;0.0;0.0;0.0;22.435897435897438;22.435897435897438;25.0;25.0;0;0
232.094;0.0;0.0;0.0;22.435897435897438;22.435897435897438;25.0;25.0;0;0
232.196;0.0;0.0;0.0;22.435897435897438;22.435897435897438;25.0;25.0;0;0
232.298;0.0;0.0;0.0;22.435897435897438;22.435897435897438;25.0;25.0;0;0
232.401;0.0;0.0;0.0;22.435897435897438;22.435897435897438;25.0;25.0;0;0
232.502;0.0;0.0;0.0;22.435897435897438;22.435897435897438;25.0;25.0;0;0
232.608;0.0;0.0;0.0;22.435897435897438;22.435897435897438;25.0;25.0;0;0
232.715;0.0;0.0;0.0;22.435897435897438;22.435897435897438;25.0;25.0;0;0
232.83;0.0;0.0;0.0;22.435897435897438;22.435897435897438;25.0;25.0;0;0
232.942;0.0;0.0;0.0;22.435897435897438;22.435897435897438;25.0;25.0;0;0
233.049;0.0;0.0;0.0;22.435897435897438;22.435897435897438;25.0;25.0;0;0
233.173;0.0;0.0;0.0;22.435897435897438;22.435897435897438;25.0;25.0;0;0
233.285;0.0;0.0;0.0;22.435897435897438;22.435897435897438;25.0;25.0;0;0
233.392;0.0;0.0;0.0;22.435897435897438;22.435897435897438;25.0;25.0;0;0
233.504;0.0;0.0;0.0;22.435897435897438;22.435897435897438;25.0;25.0;0;0
233.606;0.0;0.0;0.0;22.435897435897438;22.435897435897438;25.0;25.0;0;0
233.718;0.0;0.0;0.0;22.435897435897438;22.435897435897438;25.0;25.0;0;0
233.821;0.0;0.0;0.0;22.435897435897438;22.435897435897438;25.0;25.0;0;0
233.938;0.0;0.0;0.0;22.435897435897438;22.435897435897438;25.0;25.0;0;0
234.049;0.0;0.0;0.0;22.435897435897438;22.435897435897438;25.0;25.0;0;0
234.149;0.0;0.0;0.0;22.435897435897438;22.435897435897438;25.0;25.0;0;0
234.25;0.0;0.0;0.0;22.435897435897438;22.435897435897438;25.0;25.0;0;0
234.351;0.0;0.0;0.0;22.435897435897438;22.435897435897438;25.0;25.0;0;0
234.46;0.0;0.0;0.0;22.435897435897438;22.435897435897438;25.0;25.0;0;0
234.566;0.0;0.0;0.0;22.435897435897438;22.435897435897438;25.0;25.0;0;0
234.668;0.0;0.0;0.0;22.435897435897438;22.435897435897438;25.0;25.0;0;0
234.769;0.0;0.0;0.0;22.435897435897438;22.435897435897438;25.0;25.0;0;0
234.879;0.0;0.0;0.0;22.435897435897438;22.37606837606838;25.0;25.0;0;0
234.996;0.0;0.0;0.0;22.435897435897438;22.37606837606838;25.0;25.0;0;0
235.1;0.0;0.0;0.0;22.435897435897438;22.37606837606838;25.0;25.0;0;0
235.209;0.0;0.0;0.0;22.435897435897438;22.37606837606838;25.0;25.0;0;0
235.319;0.0;0.0;0.0;22.435897435897438;22.37606837606838;25.0;25.0;0;0
235.43;0.0;0.0;0.0;22.435897435897438;22.37606837606838;25.0;25.0;0;0
235.535;0.0;0.0;0.0;22.435897435897438;22.37606837606838;25.0;25.0;0;0
235.647;0.0;0.0;0.0;22.435897435897438;22.37606837606838;25.0;25.0;0;0
235.759;0.0;0.0;0.0;22.435897435897438;22.37606837606838;25.0;25.0;0;0
235.885;0.0;0.0;0.0;22.435897435897438;22.435897435897438;25.0;25.0;0;0
235.995;0.0;0.0;0.0;22.435897435897438;22.435897435897438;25.0;25.0;0;0
236.102;0.0;0.0;0.0;22.435897435897438;22.435897435897438;25.0;25.0;0;0
236.212;0.0;0.0;0.0;22.435897435897438;22.435897435897438;25.0;25.0;0;0
236.312;0.0;0.0;0.0;22.435897435897438;22.435897435897438;25.0;25.0;0;0
236.416;0.0;0.0;0.0;22.435897435897438;22.435897435897438;25.0;25.0;0;0
236.527;0.0;0.0;0.0;22.435897435897438;22.435897435897438;25.0;25.0;0;0
236.637;0.0;0.0;0.0;22.435897435897438;22.435897435897438;25.0;25.0;0;0
236.761;0.0;0.0;0.0;22.435897435897438;22.435897435897438;25.0;25.0;0;0
236.864;0.0;0.0;0.0;22.435897435897438;22.435897435897438;25.0;25.0;0;0
236.969;0.0;0.0;0.0;22.435897435897438;22.435897435897438;25.0;25.0;0;0
237.081;0.0;0.0;0.0;22.435897435897438;22.435897435897438;25.0;25.0;0;0
237.205;0.0;0.0;0.0;22.435897435897438;22.435897435897438;25.0;25.0;0;0
237.307;0.0;0.0;0.0;22.435897435897438;22.435897435897438;25.0;25.0;0;0
237.411;0.0;0.0;0.0;22.435897435897438;22.435897435897438;25.0;25.0;0;0
237.522;0.0;0.0;0.0;22.435897435897438;22.435897435897438;25.0;25.0;0;0
237.638;0.0;0.0;0.0;22.435897435897438;22.435897435897438;25.0;25.0;0;0
237.741;0.0;0.0;0.0;22.435897435897438;22.435897435897438;25.0;25.0;0;0
237.851;0.0;0.0;0.0;22.435897435897438;22.435897435897438;25.0;25.0;0;0
237.965;0.0;0.0;0.0;22.435897435897438;22.435897435897438;25.0;25.0;0;0
238.072;0.0;0.0;0.0;22.435897435897438;22.435897435897438;25.0;25.0;0;0
238.182;0.0;0.0;0.0;22.435897435897438;22.435897435897438;25.0;25.0;0;0
238.292;0.0;0.0;0.0;22.435897435897438;22.435897435897438;25.0;25.0;0;0
238.409;0.0;0.0;0.0;22.435897435897438;22.435897435897438;25.0;25.0;0;0
238.511;0.0;0.0;0.0;22.435897435897438;22.435897435897438;25.0;25.0;0;0
238.624;0.0;0.0;0.0;22.435897435897438;22.435897435897438;25.0;25.0;0;0
238.734;0.0;0.0;0.0;22.435897435897438;22.435897435897438;25.0;25.0;0;0
238.844;0.0;0.0;0.0;22.435897435897438;22.435897435897438;25.0;25.0;0;0
238.96;0.0;0.0;0.0;22.435897435897438;22.435897435897438;25.0;25.0;0;0
239.063;0.0;0.0;0.0;22.435897435897438;22.435897435897438;25.0;25.0;0;0
239.172;0.0;0.0;0.0;22.435897435897438;22.435897435897438;25.0;25.0;0;0
239.283;0.0;0.0;0.0;22.435897435897438;22.435897435897438;25.0;25.0;0;0
239.409;0.0;0.0;0.0;22.435897435897438;22.435897435897438;25.0;25.0;0;0
239.509;0.0;0.0;0.0;22.435897435897438;22.435897435897438;25.0;25.0;0;0
239.628;0.0;0.0;0.0;22.435897435897438;22.435897435897438;25.0;25.0;0;0
239.733;0.0;0.0;0.0;22.435897435897438;22.435897435897438;25.0;25.0;0;0
239.846;0.0;0.0;0.0;22.435897435897438;22.435897435897438;25.0;25.0;0;0
239.947;0.0;0.0;0.0;22.435897435897438;22.435897435897438;25.0;25.0;0;0
240.047;0.0;0.0;0.0;22.435897435897438;22.435897435897438;25.0;25.0;0;0
240.147;0.0;0.0;0.0;22.435897435897438;22.435897435897438;25.0;25.0;0;0
240.253;0.0;0.0;0.0;22.435897435897438;22.435897435897438;25.0;25.0;0;0
240.357;0.0;0.0;0.0;22.435897435897438;22.435897435897438;25.0;25.0;0;0
240.457;0.0;0.0;0.0;22.435897435897438;22.435897435897438;25.0;25.0;0;0
240.56;0.0;0.0;0.0;22.435897435897438;22.435897435897438;25.0;25.0;0;0
240.661;0.0;0.0;0.0;22.435897435897438;22.435897435897438;25.0;25.0;0;0
240.762;0.0;0.0;0.0;22.435897435897438;22.435897435897438;25.0;25.0;0;0
240.862;0.0;0.0;0.0;22.435897435897438;22.435897435897438;25.0;25.0;0;0
240.975;0.0;0.0;0.0;22.435897435897438;22.435897435897438;25.0;25.0;0;0
241.082;0.0;0.0;0.0;22.435897435897438;22.435897435897438;25.0;25.0;0;0
241.197;0.0;0.0;0.0;22.435897435897438;22.435897435897438;25.0;25.0;0;0
241.301;0.0;0.0;0.0;22.435897435897438;22.435897435897438;25.0;25.0;0;0
241.401;0.0;0.0;0.0;22.435897435897438;22.435897435897438;25.0;25.0;0;0
241.502;0.0;0.0;0.0;22.435897435897438;22.435897435897438;25.0;25.0;0;0
241.604;0.0;0.0;0.0;22.435897435897438;22.435897435897438;25.0;25.0;0;0
241.719;0.0;0.0;0.0;22.435897435897438;22.435897435897438;25.0;25.0;0;0
241.824;0.0;0.0;0.0;22.435897435897438;22.37606837606838;25.0;25.0;0;0
241.949;0.0;0.0;0.0;22.435897435897438;22.37606837606838;25.0;25.0;0;0
242.06;0.0;0.0;0.0;22.435897435897438;22.37606837606838;25.0;25.0;0;0
242.182;0.0;0.0;0.0;22.435897435897438;22.37606837606838;25.0;25.0;0;0
242.287;0.0;0.0;0.0;22.435897435897438;22.37606837606838;25.0;25.0;0;0
242.388;0.0;0.0;0.0;22.435897435897438;22.37606837606838;25.0;25.0;0;0
242.5;0.0;0.0;0.0;22.435897435897438;22.37606837606838;25.0;25.0;0;0
242.601;0.0;0.0;0.0;22.435897435897438;22.37606837606838;25.0;25.0;0;0
242.714;0.0;0.0;0.0;22.435897435897438;22.37606837606838;25.0;25.0;0;0
242.815;0.0;0.0;0.0;22.435897435897438;22.37606837606838;25.0;25.0;0;0
242.921;0.0;0.0;0.0;22.435897435897438;22.37606837606838;25.0;25.0;0;0
243.035;0.0;0.0;0.0;22.435897435897438;22.37606837606838;25.0;25.0;0;0
243.139;0.0;0.0;0.0;22.435897435897438;22.37606837606838;25.0;25.0;0;0
243.267;0.0;0.0;0.0;22.435897435897438;22.37606837606838;25.0;25.0;0;0
243.374;0.0;0.0;0.0;22.435897435897438;22.37606837606838;25.0;25.0;0;0
243.484;0.0;0.0;0.0;22.435897435897438;22.37606837606838;25.0;25.0;0;0
243.588;0.0;0.0;0.0;22.435897435897438;22.37606837606838;25.0;25.0;0;0
243.708;0.0;0.0;0.0;22.435897435897438;22.37606837606838;25.0;25.0;0;0
243.809;0.0;0.0;0.0;22.435897435897438;22.37606837606838;25.0;25.0;0;0
243.92;0.0;0.0;0.0;22.435897435897438;22.435897435897438;25.0;25.0;0;0
244.02;0.0;0.0;0.0;22.435897435897438;22.435897435897438;25.0;25.0;0;0
244.127;0.0;0.0;0.0;22.435897435897438;22.435897435897438;25.0;25.0;0;0
244.246;0.0;0.0;0.0;22.435897435897438;22.435897435897438;25.0;25.0;0;0
244.357;0.0;0.0;0.0;22.435897435897438;22.435897435897438;25.0;25.0;0;0
244.458;0.0;0.0;0.0;22.435897435897438;22.435897435897438;25.0;25.0;0;0
244.564;0.0;0.0;0.0;22.435897435897438;22.435897435897438;25.0;25.0;0;0
244.691;0.0;0.0;0.0;22.435897435897438;22.435897435897438;25.0;25.0;0;0
244.806;0.0;0.0;0.0;22.435897435897438;22.435897435897438;25.0;25.0;0;0
244.909;0.0;0.0;0.0;22.435897435897438;22.435897435897438;25.0;25.0;0;0
245.017;0.0;0.0;0.0;22.435897435897438;22.435897435897438;25.0;25.0;0;0
245.128;0.0;0.0;0.0;22.435897435897438;22.435897435897438;25.0;25.0;0;0
245.229;0.0;0.0;0.0;22.435897435897438;22.435897435897438;25.0;25.0;0;0
245.333;0.0;0.0;0.0;22.435897435897438;22.435897435897438;25.0;25.0;0;0
245.437;0.0;0.0;0.0;22.435897435897438;22.435897435897438;25.0;25.0;0;0
245.558;0.0;0.0;0.0;22.435897435897438;22.435897435897438;25.0;25.0;0;0
245.664;0.0;0.0;0.0;22.435897435897438;22.435897435897438;25.0;25.0;0;0
245.796;0.0;0.0;0.0;22.435897435897438;22.435897435897438;25.0;25.0;0;0
245.897;0.0;0.0;0.0;22.435897435897438;22.435897435897438;25.0;25.0;0;0
246.006;0.0;0.0;0.0;22.435897435897438;22.435897435897438;25.0;25.0;0;0
246.118;0.0;0.0;0.0;22.435897435897438;22.435897435897438;25.0;25.0;0;0
246.219;0.0;0.0;0.0;22.435897435897438;22.435897435897438;25.0;25.0;0;0
246.32;0.0;0.0;0.0;22.435897435897438;22.435897435897438;25.0;25.0;0;0
246.431;0.0;0.0;0.0;22.435897435897438;22.435897435897438;25.0;25.0;0;0
246.554;0.0;0.0;0.0;22.435897435897438;22.435897435897438;25.0;25.0;0;0
246.655;0.0;0.0;0.0;22.435897435897438;22.435897435897438;25.0;25.0;0;0
246.758;0.0;0.0;0.0;22.435897435897438;22.435897435897438;25.0;25.0;0;0
246.877;0.0;0.0;0.0;22.435897435897438;22.435897435897438;25.0;25.0;0;0
246.992;0.0;0.0;0.0;22.435897435897438;22.435897435897438;25.0;25.0;0;0
247.095;0.0;0.0;0.0;22.435897435897438;22.435897435897438;25.0;25.0;0;0
247.198;0.0;0.0;0.0;22.435897435897438;22.435897435897438;25.0;25.0;0;0
247.331;0.0;0.0;0.0;22.435897435897438;22.435897435897438;25.0;25.0;0;0
247.431;0.0;0.0;0.0;22.435897435897438;22.435897435897438;25.0;25.0;0;0
247.543;0.0;0.0;0.0;22.435897435897438;22.435897435897438;25.0;25.0;0;0
247.643;0.0;0.0;0.0;22.435897435897438;22.435897435897438;25.0;25.0;0;0
247.749;0.0;0.0;0.0;22.435897435897438;22.435897435897438;25.0;25.0;0;0
247.849;0.0;0.0;0.0;22.435897435897438;22.435897435897438;25.0;25.0;0;0
247.953;0.0;0.0;0.0;22.435897435897438;22.435897435897438;25.0;25.0;0;0
248.059;0.0;0.0;0.0;22.435897435897438;22.435897435897438;25.0;25.0;0;0
248.173;0.0;0.0;0.0;22.435897435897438;22.435897435897438;25.0;25.0;0;0
248.278;0.0;0.0;0.0;22.435897435897438;22.435897435897438;25.0;25.0;0;0
248.39;0.0;0.0;0.0;22.435897435897438;22.435897435897438;25.0;25.0;0;0
248.494;0.0;0.0;0.0;22.435897435897438;22.435897435897438;25.0;25.0;0;0
248.595;0.0;0.0;0.0;22.435897435897438;22.435897435897438;25.0;25.0;0;0
248.695;0.0;0.0;0.0;22.435897435897438;22.435897435897438;25.0;25.0;0;0
248.796;0.0;0.0;0.0;22.435897435897438;22.435897435897438;25.0;25.0;0;0
248.911;0.0;0.0;0.0;22.435897435897438;22.435897435897438;25.0;25.0;0;0
249.012;0.0;0.0;0.0;22.435897435897438;22.435897435897438;25.0;25.0;0;0
249.119;0.0;0.0;0.0;22.435897435897438;22.435897435897438;25.0;25.0;0;0
249.22;0.0;0.0;0.0;22.435897435897438;22.435897435897438;25.0;25.0;0;0
249.32;0.0;0.0;0.0;22.435897435897438;22.435897435897438;25.0;25.0;0;0
249.421;0.0;0.0;0.0;22.435897435897438;22.435897435897438;25.0;25.0;0;0
249.526;0.0;0.0;0.0;22.435897435897438;22.435897435897438;25.0;25.0;0;0
249.638;0.0;0.0;0.0;22.435897435897438;22.435897435897438;25.0;25.0;0;0
249.74;0.0;0.0;0.0;22.435897435897438;22.435897435897438;25.0;25.0;0;0
249.846;0.0;0.0;0.0;22.435897435897438;22.435897435897438;25.0;25.0;0;0
249.962;0.0;0.0;0.0;22.435897435897438;22.435897435897438;25.0;25.0;0;0
250.065;0.0;0.0;0.0;22.435897435897438;22.435897435897438;25.0;25.0;0;0
250.166;0.0;0.0;0.0;22.435897435897438;22.435897435897438;25.0;25.0;0;0
250.267;0.0;0.0;0.0;22.435897435897438;22.435897435897438;25.0;25.0;0;0
250.368;0.0;0.0;0.0;22.435897435897438;22.435897435897438;25.0;25.0;0;0
250.493;0.0;0.0;0.0;22.435897435897438;22.435897435897438;25.0;25.0;0;0
250.603;0.0;0.0;0.0;22.435897435897438;22.435897435897438;25.0;25.0;0;0
250.713;0.0;0.0;0.0;22.435897435897438;22.435897435897438;25.0;25.0;0;0
250.823;0.0;0.0;0.0;22.435897435897438;22.435897435897438;25.0;25.0;0;0
250.936;0.0;0.0;0.0;22.435897435897438;22.435897435897438;25.0;25.0;0;0
251.049;0.0;0.0;0.0;22.435897435897438;22.435897435897438;25.0;25.0;0;0
251.155;0.0;0.0;0.0;22.435897435897438;22.435897435897438;25.0;25.0;0;0
251.269;0.0;0.0;0.0;22.435897435897438;22.435897435897438;25.0;25.0;0;0
251.375;0.0;0.0;0.0;22.435897435897438;22.435897435897438;25.0;25.0;0;0
251.489;0.0;0.0;0.0;22.435897435897438;22.435897435897438;25.0;25.0;0;0
251.596;0.0;0.0;0.0;22.435897435897438;22.435897435897438;25.0;25.0;0;0
251.706;0.0;0.0;0.0;22.435897435897438;22.435897435897438;25.0;25.0;0;0
251.815;0.0;0.0;0.0;22.435897435897438;22.435897435897438;25.0;25.0;0;0
251.924;0.0;0.0;0.0;22.435897435897438;22.435897435897438;25.0;25.0;0;0
252.036;0.0;0.0;0.0;22.435897435897438;22.435897435897438;25.0;25.0;0;0
252.146;0.0;0.0;0.0;22.435897435897438;22.435897435897438;25.0;25.0;0;0
252.254;0.0;0.0;0.0;22.435897435897438;22.435897435897438;25.0;25.0;0;0
252.369;0.0;0.0;0.0;22.435897435897438;22.435897435897438;25.0;25.0;0;0
252.479;0.0;0.0;0.0;22.435897435897438;22.435897435897438;25.0;25.0;0;0
252.58;0.0;0.0;0.0;22.435897435897438;22.435897435897438;25.0;25.0;0;0
252.69;0.0;0.0;0.0;22.435897435897438;22.435897435897438;25.0;25.0;0;0
252.804;0.0;0.0;0.0;22.435897435897438;22.435897435897438;25.0;25.0;0;0
252.905;0.0;0.0;0.0;22.435897435897438;22.435897435897438;25.0;25.0;0;0
253.028;0.0;0.0;0.0;22.435897435897438;22.435897435897438;25.0;25.0;0;0
253.128;0.0;0.0;0.0;22.435897435897438;22.435897435897438;25.0;25.0;0;0
253.242;0.0;0.0;0.0;22.435897435897438;22.435897435897438;25.0;25.0;0;0
253.347;0.0;0.0;0.0;22.435897435897438;22.435897435897438;25.0;25.0;0;0
253.463;0.0;0.0;0.0;22.435897435897438;22.435897435897438;25.0;25.0;0;0
253.567;0.0;0.0;0.0;22.435897435897438;22.435897435897438;25.0;25.0;0;0
253.687;0.0;0.0;0.0;22.435897435897438;22.435897435897438;25.0;25.0;0;0
253.788;0.0;0.0;0.0;22.435897435897438;22.435897435897438;25.0;25.0;0;0
253.891;0.0;0.0;0.0;22.435897435897438;22.435897435897438;25.0;25.0;0;0
254.015;0.0;0.0;0.0;22.435897435897438;22.435897435897438;25.0;25.0;0;0
254.117;0.0;0.0;0.0;22.435897435897438;22.435897435897438;25.0;25.0;0;0
254.237;0.0;0.0;0.0;22.435897435897438;22.435897435897438;25.0;25.0;0;0
254.337;0.0;0.0;0.0;22.435897435897438;22.435897435897438;25.0;25.0;0;0
254.44;0.0;0.0;0.0;22.435897435897438;22.435897435897438;25.0;25.0;0;0
254.549;0.0;0.0;0.0;22.435897435897438;22.435897435897438;25.0;25.0;0;0
254.65;0.0;0.0;0.0;22.435897435897438;22.435897435897438;25.0;25.0;0;0
254.754;0.0;0.0;0.0;22.435897435897438;22.435897435897438;25.0;25.0;0;0
254.861;0.0;0.0;0.0;22.435897435897438;22.435897435897438;25.0;25.0;0;0
254.962;0.0;0.0;0.0;22.435897435897438;22.37606837606838;25.0;25.0;0;0
255.063;0.0;0.0;0.0;22.435897435897438;22.37606837606838;25.0;25.0;0;0
255.165;0.0;0.0;0.0;22.435897435897438;22.37606837606838;25.0;25.0;0;0
255.266;0.0;0.0;0.0;22.435897435897438;22.37606837606838;25.0;25.0;0;0
255.366;0.0;0.0;0.0;22.435897435897438;22.37606837606838;25.0;25.0;0;0
255.473;0.0;0.0;0.0;22.435897435897438;22.37606837606838;25.0;25.0;0;0
255.59;0.0;0.0;0.0;22.435897435897438;22.37606837606838;25.0;25.0;0;0
255.691;0.0;0.0;0.0;22.435897435897438;22.37606837606838;25.0;25.0;0;0
255.796;0.0;0.0;0.0;22.435897435897438;22.37606837606838;25.0;25.0;0;0
255.897;0.0;0.0;0.0;22.435897435897438;22.435897435897438;25.0;25.0;0;0
255.997;0.0;0.0;0.0;22.435897435897438;22.435897435897438;25.0;25.0;0;0
256.098;0.0;0.0;0.0;22.435897435897438;22.435897435897438;25.0;25.0;0;0
256.201;0.0;0.0;0.0;22.435897435897438;22.435897435897438;25.0;25.0;0;0
256.311;0.0;0.0;0.0;22.435897435897438;22.435897435897438;25.0;25.0;0;0
256.414;0.0;0.0;0.0;22.435897435897438;22.435897435897438;25.0;25.0;0;0
256.519;0.0;0.0;0.0;22.435897435897438;22.435897435897438;25.0;25.0;0;0
256.629;0.0;0.0;0.0;22.435897435897438;22.435897435897438;25.0;25.0;0;0
256.745;0.0;0.0;0.0;22.435897435897438;22.435897435897438;25.0;25.0;0;0
256.85;0.0;0.0;0.0;22.435897435897438;22.435897435897438;25.0;25.0;0;0
256.965;0.0;0.0;0.0;22.48717948717949;22.435897435897438;25.0;25.0;0;0
257.071;0.0;0.0;0.0;22.48717948717949;22.435897435897438;25.0;25.0;0;0
257.172;0.0;0.0;0.0;22.48717948717949;22.435897435897438;25.0;25.0;0;0
257.273;0.0;0.0;0.0;22.48717948717949;22.435897435897438;25.0;25.0;0;0
257.374;0.0;0.0;0.0;22.48717948717949;22.435897435897438;25.0;25.0;0;0
257.474;0.0;0.0;0.0;22.48717948717949;22.435897435897438;25.0;25.0;0;0
257.575;0.0;0.0;0.0;22.48717948717949;22.435897435897438;25.0;25.0;0;0
257.684;0.0;0.0;0.0;22.48717948717949;22.435897435897438;25.0;25.0;0;0
257.793;0.0;0.0;0.0;22.48717948717949;22.435897435897438;25.0;25.0;0;0
257.905;0.0;0.0;0.0;22.435897435897438;22.435897435897438;25.0;25.0;0;0
258.007;0.0;0.0;0.0;22.435897435897438;22.435897435897438;25.0;25.0;0;0
258.122;0.0;0.0;0.0;22.435897435897438;22.435897435897438;25.0;25.0;0;0
258.222;0.0;0.0;0.0;22.435897435897438;22.435897435897438;25.0;25.0;0;0
258.325;0.0;0.0;0.0;22.435897435897438;22.435897435897438;25.0;25.0;0;0
258.428;0.0;0.0;0.0;22.435897435897438;22.435897435897438;25.0;25.0;0;0
258.53;0.0;0.0;0.0;22.435897435897438;22.435897435897438;25.0;25.0;0;0
258.639;0.0;0.0;0.0;22.435897435897438;22.435897435897438;25.0;25.0;0;0
258.754;0.0;0.0;0.0;22.435897435897438;22.435897435897438;25.0;25.0;0;0
258.856;0.0;0.0;0.0;22.435897435897438;22.435897435897438;25.0;25.0;0;0
258.959;0.0;0.0;0.0;22.435897435897438;22.435897435897438;25.0;25.0;0;0
259.069;0.0;0.0;0.0;22.435897435897438;22.435897435897438;25.0;25.0;0;0
259.18;0.0;0.0;0.0;22.435897435897438;22.435897435897438;25.0;25.0;0;0
259.292;0.0;0.0;0.0;22.435897435897438;22.435897435897438;25.0;25.0;0;0
259.393;0.0;0.0;0.0;22.435897435897438;22.435897435897438;25.0;25.0;0;0
259.498;0.0;0.0;0.0;22.435897435897438;22.435897435897438;25.0;25.0;0;0
259.607;0.0;0.0;0.0;22.435897435897438;22.435897435897438;25.0;25.0;0;0
259.725;0.0;0.0;0.0;22.435897435897438;22.435897435897438;25.0;25.0;0;0
259.828;0.0;0.0;0.0;22.435897435897438;22.435897435897438;25.0;25.0;0;0
259.935;0.0;0.0;0.0;22.435897435897438;22.435897435897438;25.0;25.0;0;0
260.037;0.0;0.0;0.0;22.435897435897438;22.435897435897438;25.0;25.0;0;0
260.139;0.0;0.0;0.0;22.435897435897438;22.435897435897438;25.0;25.0;0;0
260.25;0.0;0.0;0.0;22.435897435897438;22.435897435897438;25.0;25.0;0;0
260.366;0.0;0.0;0.0;22.435897435897438;22.435897435897438;25.0;25.0;0;0
260.47;0.0;0.0;0.0;22.435897435897438;22.435897435897438;25.0;25.0;0;0
260.574;0.0;0.0;0.0;22.435897435897438;22.435897435897438;25.0;25.0;0;0
260.674;0.0;0.0;0.0;22.435897435897438;22.435897435897438;25.0;25.0;0;0
260.79;0.0;0.0;0.0;22.435897435897438;22.435897435897438;25.0;25.0;0;0
260.89;0.0;0.0;0.0;22.435897435897438;22.435897435897438;25.0;25.0;0;0
260.992;0.0;0.0;0.0;22.435897435897438;22.435897435897438;25.0;25.0;0;0
261.092;0.0;0.0;0.0;22.435897435897438;22.435897435897438;25.0;25.0;0;0
261.21;0.0;0.0;0.0;22.435897435897438;22.435897435897438;25.0;25.0;0;0
261.311;0.0;0.0;0.0;22.435897435897438;22.435897435897438;25.0;25.0;0;0
261.42;0.0;0.0;0.0;22.435897435897438;22.435897435897438;25.0;25.0;0;0
261.52;0.0;0.0;0.0;22.435897435897438;22.435897435897438;25.0;25.0;0;0
261.625;0.0;0.0;0.0;22.435897435897438;22.435897435897438;25.0;25.0;0;0
261.726;0.0;0.0;0.0;22.435897435897438;22.435897435897438;25.0;25.0;0;0
261.83;0.0;0.0;0.0;22.435897435897438;22.435897435897438;25.0;25.0;0;0
261.93;0.0;0.0;0.0;22.435897435897438;22.435897435897438;25.0;25.0;0;0
262.033;0.0;0.0;0.0;22.435897435897438;22.435897435897438;25.0;25.0;0;0
262.134;0.0;0.0;0.0;22.435897435897438;22.435897435897438;25.0;25.0;0;0
262.24;0.0;0.0;0.0;22.435897435897438;22.435897435897438;25.0;25.0;0;0
262.34;0.0;0.0;0.0;22.435897435897438;22.435897435897438;25.0;25.0;0;0
262.441;0.0;0.0;0.0;22.435897435897438;22.435897435897438;25.0;25.0;0;0
262.544;0.0;0.0;0.0;22.435897435897438;22.435897435897438;25.0;25.0;0;0
262.654;0.0;0.0;0.0;22.435897435897438;22.435897435897438;25.0;25.0;0;0
262.762;0.0;0.0;0.0;22.435897435897438;22.435897435897438;25.0;25.0;0;0
262.863;0.0;0.0;0.0;22.435897435897438;22.435897435897438;25.0;25.0;0;0
262.963;0.0;0.0;0.0;22.435897435897438;22.435897435897438;25.0;25.0;0;0
263.063;0.0;0.0;0.0;22.435897435897438;22.435897435897438;25.0;25.0;0;0
263.168;0.0;0.0;0.0;22.435897435897438;22.435897435897438;25.0;25.0;0;0
263.271;0.0;0.0;0.0;22.435897435897438;22.435897435897438;25.0;25.0;0;0
263.372;0.0;0.0;0.0;22.435897435897438;22.435897435897438;25.0;25.0;0;0
263.473;0.0;0.0;0.0;22.435897435897438;22.435897435897438;25.0;25.0;0;0
263.573;0.0;0.0;0.0;22.435897435897438;22.435897435897438;25.0;25.0;0;0
263.678;0.0;0.0;0.0;22.435897435897438;22.435897435897438;25.0;25.0;0;0
263.78;0.0;0.0;0.0;22.435897435897438;22.435897435897438;25.0;25.0;0;0
263.888;0.0;0.0;0.0;22.435897435897438;22.435897435897438;25.0;25.0;0;0
264.005;0.0;0.0;0.0;22.48717948717949;22.435897435897438;25.0;25.0;0;0
264.109;0.0;0.0;0.0;22.48717948717949;22.435897435897438;25.0;25.0;0;0
264.211;0.0;0.0;0.0;22.48717948717949;22.435897435897438;25.0;25.0;0;0
264.315;0.0;0.0;0.0;22.48717948717949;22.435897435897438;25.0;25.0;0;0
264.422;0.0;0.0;0.0;22.48717948717949;22.435897435897438;25.0;25.0;0;0
264.535;0.0;0.0;0.0;22.48717948717949;22.435897435897438;25.0;25.0;0;0
264.645;0.0;0.0;0.0;22.48717948717949;22.435897435897438;25.0;25.0;0;0
264.753;0.0;0.0;0.0;22.48717948717949;22.435897435897438;25.0;25.0;0;0
264.857;0.0;0.0;0.0;22.48717948717949;22.435897435897438;25.0;25.0;0;0
264.971;0.0;0.0;0.0;22.435897435897438;22.435897435897438;25.0;25.0;0;0
265.078;0.0;0.0;0.0;22.435897435897438;22.435897435897438;25.0;25.0;0;0
265.178;0.0;0.0;0.0;22.435897435897438;22.435897435897438;25.0;25.0;0;0
265.279;0.0;0.0;0.0;22.435897435897438;22.435897435897438;25.0;25.0;0;0
265.38;0.0;0.0;0.0;22.435897435897438;22.435897435897438;25.0;25.0;0;0
265.48;0.0;0.0;0.0;22.435897435897438;22.435897435897438;25.0;25.0;0;0
265.581;0.0;0.0;0.0;22.435897435897438;22.435897435897438;25.0;25.0;0;0
265.696;0.0;0.0;0.0;22.435897435897438;22.435897435897438;25.0;25.0;0;0
265.805;0.0;0.0;0.0;22.435897435897438;22.435897435897438;25.0;25.0;0;0
265.906;0.0;0.0;0.0;22.435897435897438;22.435897435897438;25.0;25.0;0;0
266.007;0.0;0.0;0.0;22.435897435897438;22.435897435897438;25.0;25.0;0;0
266.108;0.0;0.0;0.0;22.435897435897438;22.435897435897438;25.0;25.0;0;0
266.216;0.0;0.0;0.0;22.435897435897438;22.435897435897438;25.0;25.0;0;0
266.334;0.0;0.0;0.0;22.435897435897438;22.435897435897438;25.0;25.0;0;0
266.437;0.0;0.0;0.0;22.435897435897438;22.435897435897438;25.0;25.0;0;0
266.563;0.0;0.0;0.0;22.435897435897438;22.435897435897438;25.0;25.0;0;0
266.668;0.0;0.0;0.0;22.435897435897438;22.435897435897438;25.0;25.0;0;0
266.78;0.0;0.0;0.0;22.435897435897438;22.435897435897438;25.0;25.0;0;0
266.893;0.0;0.0;0.0;22.435897435897438;22.435897435897438;25.0;25.0;0;0
266.994;0.0;0.0;0.0;22.435897435897438;22.435897435897438;25.0;25.0;0;0
267.099;0.0;0.0;0.0;22.435897435897438;22.435897435897438;25.0;25.0;0;0
267.199;0.0;0.0;0.0;22.435897435897438;22.435897435897438;25.0;25.0;0;0
267.301;0.0;0.0;0.0;22.435897435897438;22.435897435897438;25.0;25.0;0;0
267.411;0.0;0.0;0.0;22.435897435897438;22.435897435897438;25.0;25.0;0;0
267.519;0.0;0.0;0.0;22.435897435897438;22.435897435897438;25.0;25.0;0;0
267.627;0.0;0.0;0.0;22.435897435897438;22.435897435897438;25.0;25.0;0;0
267.736;0.0;0.0;0.0;22.435897435897438;22.435897435897438;25.0;25.0;0;0
267.84;0.0;0.0;0.0;22.435897435897438;22.435897435897438;25.0;25.0;0;0
267.941;0.0;0.0;0.0;22.435897435897438;22.435897435897438;25.0;25.0;0;0
268.042;0.0;0.0;0.0;22.435897435897438;22.435897435897438;25.0;25.0;0;0
268.143;0.0;0.0;0.0;22.435897435897438;22.435897435897438;25.0;25.0;0;0
268.249;0.0;0.0;0.0;22.435897435897438;22.435897435897438;25.0;25.0;0;0
268.35;0.0;0.0;0.0;22.435897435897438;22.435897435897438;25.0;25.0;0;0
268.461;0.0;0.0;0.0;22.435897435897438;22.435897435897438;25.0;25.0;0;0
268.566;0.0;0.0;0.0;22.435897435897438;22.435897435897438;25.0;25.0;0;0
268.674;0.0;0.0;0.0;22.435897435897438;22.435897435897438;25.0;25.0;0;0
268.784;0.0;0.0;0.0;22.435897435897438;22.435897435897438;25.0;25.0;0;0
268.887;0.0;0.0;0.0;22.435897435897438;22.435897435897438;25.0;25.0;0;0
268.988;0.0;0.0;0.0;22.435897435897438;22.435897435897438;25.0;25.0;0;0
269.089;0.0;0.0;0.0;22.435897435897438;22.435897435897438;25.0;25.0;0;0
269.189;0.0;0.0;0.0;22.435897435897438;22.435897435897438;25.0;25.0;0;0
269.315;0.0;0.0;0.0;22.435897435897438;22.435897435897438;25.0;25.0;0;0
269.415;0.0;0.0;0.0;22.435897435897438;22.435897435897438;25.0;25.0;0;0
269.525;0.0;0.0;0.0;22.435897435897438;22.435897435897438;25.0;25.0;0;0
269.629;0.0;0.0;0.0;22.435897435897438;22.435897435897438;25.0;25.0;0;0
269.731;0.0;0.0;0.0;22.435897435897438;22.435897435897438;25.0;25.0;0;0
269.859;0.0;0.0;0.0;22.435897435897438;22.435897435897438;25.0;25.0;0;0
269.964;0.0;0.0;0.0;22.435897435897438;22.37606837606838;25.0;25.0;0;0
270.067;0.0;0.0;0.0;22.435897435897438;22.37606837606838;25.0;25.0;0;0
270.175;0.0;0.0;0.0;22.435897435897438;22.37606837606838;25.0;25.0;0;0
270.28;0.0;0.0;0.0;22.435897435897438;22.37606837606838;25.0;25.0;0;0
270.394;0.0;0.0;0.0;22.435897435897438;22.37606837606838;25.0;25.0;0;0
270.499;0.0;0.0;0.0;22.435897435897438;22.37606837606838;25.0;25.0;0;0
270.62;0.0;0.0;0.0;22.435897435897438;22.37606837606838;25.0;25.0;0;0
270.726;0.0;0.0;0.0;22.435897435897438;22.37606837606838;25.0;25.0;0;0
270.83;0.0;0.0;0.0;22.435897435897438;22.37606837606838;25.0;25.0;0;0
270.956;0.0;0.0;0.0;22.435897435897438;22.435897435897438;25.0;25.0;0;0
271.066;0.0;0.0;0.0;22.435897435897438;22.435897435897438;25.0;25.0;0;0
271.177;0.0;0.0;0.0;22.435897435897438;22.435897435897438;25.0;25.0;0;0
271.278;0.0;0.0;0.0;22.435897435897438;22.435897435897438;25.0;25.0;0;0
271.38;0.0;0.0;0.0;22.435897435897438;22.435897435897438;25.0;25.0;0;0
271.481;0.0;0.0;0.0;22.435897435897438;22.435897435897438;25.0;25.0;0;0
271.582;0.0;0.0;0.0;22.435897435897438;22.435897435897438;25.0;25.0;0;0
271.684;0.0;0.0;0.0;22.435897435897438;22.435897435897438;25.0;25.0;0;0
271.784;0.0;0.0;0.0;22.435897435897438;22.435897435897438;25.0;25.0;0;0
271.895;0.0;0.0;0.0;22.435897435897438;22.435897435897438;25.0;25.0;0;0
271.995;0.0;0.0;0.0;22.435897435897438;22.435897435897438;25.0;25.0;0;0
272.096;0.0;0.0;0.0;22.435897435897438;22.435897435897438;25.0;25.0;0;0
272.196;0.0;0.0;0.0;22.435897435897438;22.435897435897438;25.0;25.0;0;0
272.297;0.0;0.0;0.0;22.435897435897438;22.435897435897438;25.0;25.0;0;0
272.406;0.0;0.0;0.0;22.435897435897438;22.435897435897438;25.0;25.0;0;0
272.508;0.0;0.0;0.0;22.435897435897438;22.435897435897438;25.0;25.0;0;0
272.609;0.0;0.0;0.0;22.435897435897438;22.435897435897438;25.0;25.0;0;0
272.711;0.0;0.0;0.0;22.435897435897438;22.435897435897438;25.0;25.0;0;0
272.811;0.0;0.0;0.0;22.435897435897438;22.435897435897438;25.0;25.0;0;0
272.912;0.0;0.0;0.0;22.435897435897438;22.435897435897438;25.0;25.0;0;0
273.016;0.0;0.0;0.0;22.435897435897438;22.435897435897438;25.0;25.0;0;0
273.119;0.0;0.0;0.0;22.435897435897438;22.435897435897438;25.0;25.0;0;0
273.228;0.0;0.0;0.0;22.435897435897438;22.435897435897438;25.0;25.0;0;0
273.34;0.0;0.0;0.0;22.435897435897438;22.435897435897438;25.0;25.0;0;0
273.44;0.0;0.0;0.0;22.435897435897438;22.435897435897438;25.0;25.0;0;0
273.541;0.0;0.0;0.0;22.435897435897438;22.435897435897438;25.0;25.0;0;0
273.645;0.0;0.0;0.0;22.435897435897438;22.435897435897438;25.0;25.0;0;0
273.75;0.0;0.0;0.0;22.435897435897438;22.435897435897438;25.0;25.0;0;0
273.851;0.0;0.0;0.0;22.435897435897438;22.435897435897438;25.0;25.0;0;0
273.952;0.0;0.0;0.0;22.48717948717949;22.435897435897438;25.0;25.0;0;0
274.058;0.0;0.0;0.0;22.48717948717949;22.435897435897438;25.0;25.0;0;0
274.166;0.0;0.0;0.0;22.48717948717949;22.435897435897438;25.0;25.0;0;0
274.277;0.0;0.0;0.0;22.48717948717949;22.435897435897438;25.0;25.0;0;0
274.385;0.0;0.0;0.0;22.48717948717949;22.435897435897438;25.0;25.0;0;0
274.496;0.0;0.0;0.0;22.48717948717949;22.435897435897438;25.0;25.0;0;0
274.599;0.0;0.0;0.0;22.48717948717949;22.435897435897438;25.0;25.0;0;0
274.706;0.0;0.0;0.0;22.48717948717949;22.435897435897438;25.0;25.0;0;0
274.807;0.0;0.0;0.0;22.48717948717949;22.435897435897438;25.0;25.0;0;0
274.915;0.0;0.0;0.0;22.48717948717949;22.435897435897438;25.0;25.0;0;0
275.019;0.0;0.0;0.0;22.48717948717949;22.435897435897438;25.0;25.0;0;0
275.121;0.0;0.0;0.0;22.48717948717949;22.435897435897438;25.0;25.0;0;0
275.224;0.0;0.0;0.0;22.48717948717949;22.435897435897438;25.0;25.0;0;0
275.331;0.0;0.0;0.0;22.48717948717949;22.435897435897438;25.0;25.0;0;0
275.432;0.0;0.0;0.0;22.48717948717949;22.435897435897438;25.0;25.0;0;0
275.539;0.0;0.0;0.0;22.48717948717949;22.435897435897438;25.0;25.0;0;0
275.649;0.0;0.0;0.0;22.48717948717949;22.435897435897438;25.0;25.0;0;0
275.763;0.0;0.0;0.0;22.48717948717949;22.435897435897438;25.0;25.0;0;0
275.864;0.0;0.0;0.0;22.48717948717949;22.435897435897438;25.0;25.0;0;0
275.964;0.0;0.0;0.0;22.435897435897438;22.435897435897438;25.0;25.0;0;0
276.068;0.0;0.0;0.0;22.435897435897438;22.435897435897438;25.0;25.0;0;0
276.169;0.0;0.0;0.0;22.435897435897438;22.435897435897438;25.0;25.0;0;0
276.269;0.0;0.0;0.0;22.435897435897438;22.435897435897438;25.0;25.0;0;0
276.382;0.0;0.0;0.0;22.435897435897438;22.435897435897438;25.0;25.0;0;0
276.493;0.0;0.0;0.0;22.435897435897438;22.435897435897438;25.0;25.0;0;0
276.594;0.0;0.0;0.0;22.435897435897438;22.435897435897438;25.0;25.0;0;0
276.695;0.0;0.0;0.0;22.435897435897438;22.435897435897438;25.0;25.0;0;0
276.796;0.0;0.0;0.0;22.435897435897438;22.435897435897438;25.0;25.0;0;0
276.913;0.0;0.0;0.0;22.435897435897438;22.435897435897438;25.0;25.0;0;0
277.015;0.0;0.0;0.0;22.435897435897438;22.435897435897438;25.0;25.0;0;0
277.133;0.0;0.0;0.0;22.435897435897438;22.435897435897438;25.0;25.0;0;0
277.233;0.0;0.0;0.0;22.435897435897438;22.435897435897438;25.0;25.0;0;0
277.347;0.0;0.0;0.0;22.435897435897438;22.435897435897438;25.0;25.0;0;0
277.455;0.0;0.0;0.0;22.435897435897438;22.435897435897438;25.0;25.0;0;0
277.557;0.0;0.0;0.0;22.435897435897438;22.435897435897438;25.0;25.0;0;0
277.657;0.0;0.0;0.0;22.435897435897438;22.435897435897438;25.0;25.0;0;0
277.774;0.0;0.0;0.0;22.435897435897438;22.435897435897438;25.0;25.0;0;0
277.879;0.0;0.0;0.0;22.435897435897438;22.435897435897438;25.0;25.0;0;0
277.979;0.0;0.0;0.0;22.435897435897438;22.435897435897438;25.0;25.0;0;0
278.095;0.0;0.0;0.0;22.435897435897438;22.435897435897438;25.0;25.0;0;0
278.214;0.0;0.0;0.0;22.435897435897438;22.435897435897438;25.0;25.0;0;0
278.326;0.0;0.0;0.0;22.435897435897438;22.435897435897438;25.0;25.0;0;0
278.447;0.0;0.0;0.0;22.435897435897438;22.435897435897438;25.0;25.0;0;0
278.548;0.0;0.0;0.0;22.435897435897438;22.435897435897438;25.0;25.0;0;0
278.652;0.0;0.0;0.0;22.435897435897438;22.435897435897438;25.0;25.0;0;0
278.77;0.0;0.0;0.0;22.435897435897438;22.435897435897438;25.0;25.0;0;0
278.873;0.0;0.0;0.0;22.435897435897438;22.435897435897438;25.0;25.0;0;0
278.975;0.0;0.0;0.0;22.435897435897438;22.435897435897438;25.0;25.0;0;0
279.089;0.0;0.0;0.0;22.435897435897438;22.435897435897438;25.0;25.0;0;0
279.205;0.0;0.0;0.0;22.435897435897438;22.435897435897438;25.0;25.0;0;0
279.306;0.0;0.0;0.0;22.435897435897438;22.435897435897438;25.0;25.0;0;0
279.428;0.0;0.0;0.0;22.435897435897438;22.435897435897438;25.0;25.0;0;0
279.543;0.0;0.0;0.0;22.435897435897438;22.435897435897438;25.0;25.0;0;0
279.644;0.0;0.0;0.0;22.435897435897438;22.435897435897438;25.0;25.0;0;0
279.746;0.0;0.0;0.0;22.435897435897438;22.435897435897438;25.0;25.0;0;0
279.866;0.0;0.0;0.0;22.435897435897438;22.435897435897438;25.0;25.0;0;0
279.991;0.0;0.0;0.0;22.48717948717949;22.435897435897438;25.0;25.0;0;0
280.092;0.0;0.0;0.0;22.48717948717949;22.435897435897438;25.0;25.0;0;0
280.211;0.0;0.0;0.0;22.48717948717949;22.435897435897438;25.0;25.0;0;0
280.312;0.0;0.0;0.0;22.48717948717949;22.435897435897438;25.0;25.0;0;0
280.421;0.0;0.0;0.0;22.48717948717949;22.435897435897438;25.0;25.0;0;0
280.534;0.0;0.0;0.0;22.48717948717949;22.435897435897438;25.0;25.0;0;0
280.637;0.0;0.0;0.0;22.48717948717949;22.435897435897438;25.0;25.0;0;0
280.748;0.0;0.0;0.0;22.48717948717949;22.435897435897438;25.0;25.0;0;0
280.861;0.0;0.0;0.0;22.48717948717949;22.435897435897438;25.0;25.0;0;0
280.965;0.0;0.0;0.0;22.435897435897438;22.435897435897438;25.0;25.0;0;0
281.081;0.0;0.0;0.0;22.435897435897438;22.435897435897438;25.0;25.0;0;0
281.189;0.0;0.0;0.0;22.435897435897438;22.435897435897438;25.0;25.0;0;0
281.303;0.0;0.0;0.0;22.435897435897438;22.435897435897438;25.0;25.0;0;0
281.408;0.0;0.0;0.0;22.435897435897438;22.435897435897438;25.0;25.0;0;0
281.532;0.0;0.0;0.0;22.435897435897438;22.435897435897438;25.0;25.0;0;0
281.633;0.0;0.0;0.0;22.435897435897438;22.435897435897438;25.0;25.0;0;0
281.75;0.0;0.0;0.0;22.435897435897438;22.435897435897438;25.0;25.0;0;0
281.853;0.0;0.0;0.0;22.435897435897438;22.435897435897438;25.0;25.0;0;0
281.959;0.0;0.0;0.0;22.435897435897438;22.435897435897438;25.0;25.0;0;0
282.074;0.0;0.0;0.0;22.435897435897438;22.435897435897438;25.0;25.0;0;0
282.179;0.0;0.0;0.0;22.435897435897438;22.435897435897438;25.0;25.0;0;0
282.28;0.0;0.0;0.0;22.435897435897438;22.435897435897438;25.0;25.0;0;0
282.385;0.0;0.0;0.0;22.435897435897438;22.435897435897438;25.0;25.0;0;0
282.485;0.0;0.0;0.0;22.435897435897438;22.435897435897438;25.0;25.0;0;0
282.599;0.0;0.0;0.0;22.435897435897438;22.435897435897438;25.0;25.0;0;0
282.721;0.0;0.0;0.0;22.435897435897438;22.435897435897438;25.0;25.0;0;0
282.834;0.0;0.0;0.0;22.435897435897438;22.435897435897438;25.0;25.0;0;0
282.945;0.0;0.0;0.0;22.435897435897438;22.435897435897438;25.0;25.0;0;0
283.053;0.0;0.0;0.0;22.435897435897438;22.435897435897438;25.0;25.0;0;0
283.167;0.0;0.0;0.0;22.435897435897438;22.435897435897438;25.0;25.0;0;0
283.272;0.0;0.0;0.0;22.435897435897438;22.435897435897438;25.0;25.0;0;0
283.379;0.0;0.0;0.0;22.435897435897438;22.435897435897438;25.0;25.0;0;0
283.49;0.0;0.0;0.0;22.435897435897438;22.435897435897438;25.0;25.0;0;0
283.59;0.0;0.0;0.0;22.435897435897438;22.435897435897438;25.0;25.0;0;0
283.692;0.0;0.0;0.0;22.435897435897438;22.435897435897438;25.0;25.0;0;0
283.793;0.0;0.0;0.0;22.435897435897438;22.435897435897438;25.0;25.0;0;0
283.912;0.0;0.0;0.0;22.435897435897438;22.435897435897438;25.0;25.0;0;0
284.039;0.0;0.0;0.0;22.435897435897438;22.435897435897438;25.0;25.0;0;0
284.149;0.0;0.0;0.0;22.435897435897438;22.435897435897438;25.0;25.0;0;0
284.252;0.0;0.0;0.0;22.435897435897438;22.435897435897438;25.0;25.0;0;0
284.368;0.0;0.0;0.0;22.435897435897438;22.435897435897438;25.0;25.0;0;0
284.468;0.0;0.0;0.0;22.435897435897438;22.435897435897438;25.0;25.0;0;0
284.586;0.0;0.0;0.0;22.435897435897438;22.435897435897438;25.0;25.0;0;0
284.687;0.0;0.0;0.0;22.435897435897438;22.435897435897438;25.0;25.0;0;0
284.805;0.0;0.0;0.0;22.435897435897438;22.435897435897438;25.0;25.0;0;0
284.914;0.0;0.0;0.0;22.48717948717949;22.435897435897438;25.0;25.0;0;0
285.025;0.0;0.0;0.0;22.48717948717949;22.435897435897438;25.0;25.0;0;0
285.144;0.0;0.0;0.0;22.48717948717949;22.435897435897438;25.0;25.0;0;0
285.245;0.0;0.0;0.0;22.48717948717949;22.435897435897438;25.0;25.0;0;0
285.345;0.0;0.0;0.0;22.48717948717949;22.435897435897438;25.0;25.0;0;0
285.466;0.0;0.0;0.0;22.48717948717949;22.435897435897438;25.0;25.0;0;0
285.567;0.0;0.0;0.0;22.48717948717949;22.435897435897438;25.0;25.0;0;0
285.684;0.0;0.0;0.0;22.48717948717949;22.435897435897438;25.0;25.0;0;0
285.801;0.0;0.0;0.0;22.48717948717949;22.435897435897438;25.0;25.0;0;0
285.902;0.0;0.0;0.0;22.48717948717949;22.435897435897438;25.0;25.0;0;0
286.016;0.0;0.0;0.0;22.435897435897438;22.435897435897438;25.0;25.0;0;0
286.118;0.0;0.0;0.0;22.435897435897438;22.435897435897438;25.0;25.0;0;0
286.249;0.0;0.0;0.0;22.435897435897438;22.435897435897438;25.0;25.0;0;0
286.35;0.0;0.0;0.0;22.435897435897438;22.435897435897438;25.0;25.0;0;0
286.451;0.0;0.0;0.0;22.435897435897438;22.435897435897438;25.0;25.0;0;0
286.571;0.0;0.0;0.0;22.435897435897438;22.435897435897438;25.0;25.0;0;0
286.673;0.0;0.0;0.0;22.435897435897438;22.435897435897438;25.0;25.0;0;0
286.788;0.0;0.0;0.0;22.435897435897438;22.435897435897438;25.0;25.0;0;0
286.9;0.0;0.0;0.0;22.435897435897438;22.435897435897438;25.0;25.0;0;0
287.016;0.0;0.0;0.0;22.435897435897438;22.435897435897438;25.0;25.0;0;0
287.116;0.0;0.0;0.0;22.435897435897438;22.435897435897438;25.0;25.0;0;0
287.225;0.0;0.0;0.0;22.435897435897438;22.435897435897438;25.0;25.0;0;0
287.325;0.0;0.0;0.0;22.435897435897438;22.435897435897438;25.0;25.0;0;0
287.449;0.0;0.0;0.0;22.435897435897438;22.435897435897438;25.0;25.0;0;0
287.55;0.0;0.0;0.0;22.435897435897438;22.435897435897438;25.0;25.0;0;0
287.663;0.0;0.0;0.0;22.435897435897438;22.435897435897438;25.0;25.0;0;0
287.777;0.0;0.0;0.0;22.435897435897438;22.435897435897438;25.0;25.0;0;0
287.882;0.0;0.0;0.0;22.435897435897438;22.435897435897438;25.0;25.0;0;0
288.006;0.0;0.0;0.0;22.435897435897438;22.435897435897438;25.0;25.0;0;0
288.11;0.0;0.0;0.0;22.435897435897438;22.435897435897438;25.0;25.0;0;0
288.21;0.0;0.0;0.0;22.435897435897438;22.435897435897438;25.0;25.0;0;0
288.319;0.0;0.0;0.0;22.435897435897438;22.435897435897438;25.0;25.0;0;0
288.434;0.0;0.0;0.0;22.435897435897438;22.435897435897438;25.0;25.0;0;0
288.538;0.0;0.0;0.0;22.435897435897438;22.435897435897438;25.0;25.0;0;0
288.647;0.0;0.0;0.0;22.435897435897438;22.435897435897438;25.0;25.0;0;0
288.758;0.0;0.0;0.0;22.435897435897438;22.435897435897438;25.0;25.0;0;0
288.874;0.0;0.0;0.0;22.435897435897438;22.435897435897438;25.0;25.0;0;0
288.977;0.0;0.0;0.0;22.435897435897438;22.435897435897438;25.0;25.0;0;0
289.098;0.0;0.0;0.0;22.435897435897438;22.435897435897438;25.0;25.0;0;0
289.21;0.0;0.0;0.0;22.435897435897438;22.435897435897438;25.0;25.0;0;0
289.311;0.0;0.0;0.0;22.435897435897438;22.435897435897438;25.0;25.0;0;0
289.415;0.0;0.0;0.0;22.435897435897438;22.435897435897438;25.0;25.0;0;0
289.515;0.0;0.0;0.0;22.435897435897438;22.435897435897438;25.0;25.0;0;0
289.634;0.0;0.0;0.0;22.435897435897438;22.435897435897438;25.0;25.0;0;0
289.76;0.0;0.0;0.0;22.435897435897438;22.435897435897438;25.0;25.0;0;0
289.87;0.0;0.0;0.0;22.435897435897438;22.435897435897438;25.0;25.0;0;0
289.977;0.0;0.0;0.0;22.435897435897438;22.435897435897438;25.0;25.0;0;0
290.088;0.0;0.0;0.0;22.435897435897438;22.435897435897438;25.0;25.0;0;0
290.195;0.0;0.0;0.0;22.435897435897438;22.435897435897438;25.0;25.0;0;0
290.306;0.0;0.0;0.0;22.435897435897438;22.435897435897438;25.0;25.0;0;0
290.416;0.0;0.0;0.0;22.435897435897438;22.435897435897438;25.0;25.0;0;0
290.525;0.0;0.0;0.0;22.435897435897438;22.435897435897438;25.0;25.0;0;0
290.637;0.0;0.0;0.0;22.435897435897438;22.435897435897438;25.0;25.0;0;0
290.744;0.0;0.0;0.0;22.435897435897438;22.435897435897438;25.0;25.0;0;0
290.848;0.0;0.0;0.0;22.435897435897438;22.435897435897438;25.0;25.0;0;0
290.963;0.0;0.0;0.0;22.435897435897438;22.435897435897438;25.0;25.0;0;0
291.072;0.0;0.0;0.0;22.435897435897438;22.435897435897438;25.0;25.0;0;0
291.181;0.0;0.0;0.0;22.435897435897438;22.435897435897438;25.0;25.0;0;0
291.289;0.0;0.0;0.0;22.435897435897438;22.435897435897438;25.0;25.0;0;0
291.401;0.0;0.0;0.0;22.435897435897438;22.435897435897438;25.0;25.0;0;0
291.511;0.0;0.0;0.0;22.435897435897438;22.435897435897438;25.0;25.0;0;0
291.619;0.0;0.0;0.0;22.435897435897438;22.435897435897438;25.0;25.0;0;0
291.732;0.0;0.0;0.0;22.435897435897438;22.435897435897438;25.0;25.0;0;0
291.836;0.0;0.0;0.0;22.435897435897438;22.435897435897438;25.0;25.0;0;0
291.95;0.0;0.0;0.0;22.435897435897438;22.435897435897438;25.0;25.0;0;0
292.057;0.0;0.0;0.0;22.435897435897438;22.435897435897438;25.0;25.0;0;0
292.171;0.0;0.0;0.0;22.435897435897438;22.435897435897438;25.0;25.0;0;0
292.28;0.0;0.0;0.0;22.435897435897438;22.435897435897438;25.0;25.0;0;0
292.385;0.0;0.0;0.0;22.435897435897438;22.435897435897438;25.0;25.0;0;0
292.494;0.0;0.0;0.0;22.435897435897438;22.435897435897438;25.0;25.0;0;0
292.611;0.0;0.0;0.0;22.435897435897438;22.435897435897438;25.0;25.0;0;0
292.714;0.0;0.0;0.0;22.435897435897438;22.435897435897438;25.0;25.0;0;0
292.822;0.0;0.0;0.0;22.435897435897438;22.435897435897438;25.0;25.0;0;0
292.941;0.0;0.0;0.0;22.435897435897438;22.435897435897438;25.0;25.0;0;0
293.042;0.0;0.0;0.0;22.435897435897438;22.435897435897438;25.0;25.0;0;0
293.149;0.0;0.0;0.0;22.435897435897438;22.435897435897438;25.0;25.0;0;0
293.268;0.0;0.0;0.0;22.435897435897438;22.435897435897438;25.0;25.0;0;0
293.38;0.0;0.0;0.0;22.435897435897438;22.435897435897438;25.0;25.0;0;0
293.486;0.0;0.0;0.0;22.435897435897438;22.435897435897438;25.0;25.0;0;0
293.587;0.0;0.0;0.0;22.435897435897438;22.435897435897438;25.0;25.0;0;0
293.704;0.0;0.0;0.0;22.435897435897438;22.435897435897438;25.0;25.0;0;0
293.822;0.0;0.0;0.0;22.435897435897438;22.435897435897438;25.0;25.0;0;0
293.944;0.0;0.0;0.0;22.435897435897438;22.435897435897438;25.0;25.0;0;0
294.062;0.0;0.0;0.0;22.435897435897438;22.435897435897438;25.0;25.0;0;0
294.163;0.0;0.0;0.0;22.435897435897438;22.435897435897438;25.0;25.0;0;0
294.276;0.0;0.0;0.0;22.435897435897438;22.435897435897438;25.0;25.0;0;0
294.381;0.0;0.0;0.0;22.435897435897438;22.435897435897438;25.0;25.0;0;0
294.496;0.0;0.0;0.0;22.435897435897438;22.435897435897438;25.0;25.0;0;0
294.597;0.0;0.0;0.0;22.435897435897438;22.435897435897438;25.0;25.0;0;0
294.7;0.0;0.0;0.0;22.435897435897438;22.435897435897438;25.0;25.0;0;0
294.813;0.0;0.0;0.0;22.435897435897438;22.435897435897438;25.0;25.0;0;0
294.92;0.0;0.0;0.0;22.435897435897438;22.435897435897438;25.0;25.0;0;0
295.036;0.0;0.0;0.0;22.48717948717949;22.435897435897438;25.0;25.0;0;0
295.139;0.0;0.0;0.0;22.48717948717949;22.435897435897438;25.0;25.0;0;0
295.258;0.0;0.0;0.0;22.48717948717949;22.435897435897438;25.0;25.0;0;0
295.359;0.0;0.0;0.0;22.48717948717949;22.435897435897438;25.0;25.0;0;0
295.477;0.0;0.0;0.0;22.48717948717949;22.435897435897438;25.0;25.0;0;0
295.578;0.0;0.0;0.0;22.48717948717949;22.435897435897438;25.0;25.0;0;0
295.68;0.0;0.0;0.0;22.48717948717949;22.435897435897438;25.0;25.0;0;0
295.782;0.0;0.0;0.0;22.48717948717949;22.435897435897438;25.0;25.0;0;0
295.886;0.0;0.0;0.0;22.48717948717949;22.435897435897438;25.0;25.0;0;0
295.986;0.0;0.0;0.0;22.435897435897438;22.435897435897438;25.0;25.0;0;0
296.087;0.0;0.0;0.0;22.435897435897438;22.435897435897438;25.0;25.0;0;0
296.201;0.0;0.0;0.0;22.435897435897438;22.435897435897438;25.0;25.0;0;0
296.308;0.0;0.0;0.0;22.435897435897438;22.435897435897438;25.0;25.0;0;0
296.422;0.0;0.0;0.0;22.435897435897438;22.435897435897438;25.0;25.0;0;0
296.525;0.0;0.0;0.0;22.435897435897438;22.435897435897438;25.0;25.0;0;0
296.626;0.0;0.0;0.0;22.435897435897438;22.435897435897438;25.0;25.0;0;0
296.743;0.0;0.0;0.0;22.435897435897438;22.435897435897438;25.0;25.0;0;0
296.843;0.0;0.0;0.0;22.435897435897438;22.435897435897438;25.0;25.0;0;0
296.958;0.0;0.0;0.0;22.435897435897438;22.435897435897438;25.0;25.0;0;0
297.058;0.0;0.0;0.0;22.435897435897438;22.435897435897438;25.0;25.0;0;0
297.162;0.0;0.0;0.0;22.435897435897438;22.435897435897438;25.0;25.0;0;0
297.278;0.0;0.0;0.0;22.435897435897438;22.435897435897438;25.0;25.0;0;0
297.391;0.0;0.0;0.0;22.435897435897438;22.435897435897438;25.0;25.0;0;0
297.491;0.0;0.0;0.0;22.435897435897438;22.435897435897438;25.0;25.0;0;0
297.593;0.0;0.0;0.0;22.435897435897438;22.435897435897438;25.0;25.0;0;0
297.694;0.0;0.0;0.0;22.435897435897438;22.435897435897438;25.0;25.0;0;0
297.794;0.0;0.0;0.0;22.435897435897438;22.435897435897438;25.0;25.0;0;0
297.895;0.0;0.0;0.0;22.435897435897438;22.435897435897438;25.0;25.0;0;0
297.998;0.0;0.0;0.0;22.435897435897438;22.435897435897438;25.0;25.0;0;0
298.098;0.0;0.0;0.0;22.435897435897438;22.435897435897438;25.0;25.0;0;0
298.21;0.0;0.0;0.0;22.435897435897438;22.435897435897438;25.0;25.0;0;0
298.31;0.0;0.0;0.0;22.435897435897438;22.435897435897438;25.0;25.0;0;0
298.445;0.0;0.0;0.0;22.435897435897438;22.435897435897438;25.0;25.0;0;0
298.556;0.0;0.0;0.0;22.435897435897438;22.435897435897438;25.0;25.0;0;0
298.659;0.0;0.0;0.0;22.435897435897438;22.435897435897438;25.0;25.0;0;0
298.773;0.0;0.0;0.0;22.435897435897438;22.435897435897438;25.0;25.0;0;0
298.877;0.0;0.0;0.0;22.435897435897438;22.435897435897438;25.0;25.0;0;0
298.994;0.0;0.0;0.0;22.435897435897438;22.435897435897438;25.0;25.0;0;0
299.096;0.0;0.0;0.0;22.435897435897438;22.435897435897438;25.0;25.0;0;0
299.206;0.0;0.0;0.0;22.435897435897438;22.435897435897438;25.0;25.0;0;0
299.318;0.0;0.0;0.0;22.435897435897438;22.435897435897438;25.0;25.0;0;0
299.428;0.0;0.0;0.0;22.435897435897438;22.435897435897438;25.0;25.0;0;0
299.534;0.0;0.0;0.0;22.435897435897438;22.435897435897438;25.0;25.0;0;0
299.64;0.0;0.0;0.0;22.435897435897438;22.435897435897438;25.0;25.0;0;0
299.752;0.0;0.0;0.0;22.435897435897438;22.435897435897438;25.0;25.0;0;0
299.861;0.0;0.0;0.0;22.435897435897438;22.435897435897438;25.0;25.0;0;0
299.977;0.0;0.0;0.0;22.435897435897438;22.435897435897438;25.0;25.0;0;0
300.078;0.0;0.0;0.0;22.435897435897438;22.435897435897438;25.0;25.0;0;0
300.194;0.0;0.0;0.0;22.435897435897438;22.435897435897438;25.0;25.0;0;0
300.302;0.0;0.0;0.0;22.435897435897438;22.435897435897438;25.0;25.0;0;0
300.409;0.0;0.0;0.0;22.435897435897438;22.435897435897438;25.0;25.0;0;0
300.562;0.0;0.0;0.0;22.435897435897438;22.435897435897438;25.0;25.0;0;0
300.662;0.0;0.0;0.0;22.435897435897438;22.435897435897438;25.0;25.0;0;0
300.763;0.0;0.0;0.0;22.435897435897438;22.435897435897438;25.0;25.0;0;0
300.863;0.0;0.0;0.0;22.435897435897438;22.435897435897438;25.0;25.0;0;0
300.967;0.0;0.0;0.0;22.435897435897438;22.435897435897438;25.0;25.0;0;0
301.067;0.0;0.0;0.0;22.435897435897438;22.435897435897438;25.0;25.0;0;0
301.192;0.0;0.0;0.0;22.435897435897438;22.435897435897438;25.0;25.0;0;0
301.294;0.0;0.0;0.0;22.435897435897438;22.435897435897438;25.0;25.0;0;0
301.398;0.0;0.0;0.0;22.435897435897438;22.435897435897438;25.0;25.0;0;0
301.509;0.0;0.0;0.0;22.435897435897438;22.435897435897438;25.0;25.0;0;0
301.623;0.0;0.0;0.0;22.435897435897438;22.435897435897438;25.0;25.0;0;0
301.729;0.0;0.0;0.0;22.435897435897438;22.435897435897438;25.0;25.0;0;0
301.838;0.0;0.0;0.0;22.435897435897438;22.435897435897438;25.0;25.0;0;0
301.938;0.0;0.0;0.0;22.435897435897438;22.435897435897438;25.0;25.0;0;0
302.039;0.0;0.0;0.0;22.435897435897438;22.435897435897438;25.0;25.0;0;0
302.157;0.0;0.0;0.0;22.435897435897438;22.435897435897438;25.0;25.0;0;0
302.261;0.0;0.0;0.0;22.435897435897438;22.435897435897438;25.0;25.0;0;0
302.378;0.0;0.0;0.0;22.435897435897438;22.435897435897438;25.0;25.0;0;0
302.48;0.0;0.0;0.0;22.435897435897438;22.435897435897438;25.0;25.0;0;0
302.592;0.0;0.0;0.0;22.435897435897438;22.435897435897438;25.0;25.0;0;0
302.7;0.0;0.0;0.0;22.435897435897438;22.435897435897438;25.0;25.0;0;0
302.815;0.0;0.0;0.0;22.435897435897438;22.435897435897438;25.0;25.0;0;0
302.936;0.0;0.0;0.0;22.435897435897438;22.435897435897438;25.0;25.0;0;0
303.036;0.0;0.0;0.0;22.435897435897438;22.435897435897438;25.0;25.0;0;0
303.139;0.0;0.0;0.0;22.435897435897438;22.435897435897438;25.0;25.0;0;0
303.256;0.0;0.0;0.0;22.435897435897438;22.435897435897438;25.0;25.0;0;0
303.356;0.0;0.0;0.0;22.435897435897438;22.435897435897438;25.0;25.0;0;0
303.467;0.0;0.0;0.0;22.435897435897438;22.435897435897438;25.0;25.0;0;0
303.576;0.0;0.0;0.0;22.435897435897438;22.435897435897438;25.0;25.0;0;0
303.69;0.0;0.0;0.0;22.435897435897438;22.435897435897438;25.0;25.0;0;0
303.794;0.0;0.0;0.0;22.435897435897438;22.435897435897438;25.0;25.0;0;0
303.912;0.0;0.0;0.0;22.435897435897438;22.435897435897438;25.0;25.0;0;0
304.013;0.0;0.0;0.0;22.435897435897438;22.435897435897438;25.0;25.0;0;0
304.131;0.0;0.0;0.0;22.435897435897438;22.435897435897438;25.0;25.0;0;0
304.233;0.0;0.0;0.0;22.435897435897438;22.435897435897438;25.0;25.0;0;0
304.352;0.0;0.0;0.0;22.435897435897438;22.435897435897438;25.0;25.0;0;0
304.471;0.0;0.0;0.0;22.435897435897438;22.435897435897438;25.0;25.0;0;0
304.572;0.0;0.0;0.0;22.435897435897438;22.435897435897438;25.0;25.0;0;0
304.687;0.0;0.0;0.0;22.435897435897438;22.435897435897438;25.0;25.0;0;0
304.8;0.0;0.0;0.0;22.435897435897438;22.435897435897438;25.0;25.0;0;0
304.909;0.0;0.0;0.0;22.435897435897438;22.435897435897438;25.0;25.0;0;0
305.012;0.0;0.0;0.0;22.435897435897438;22.435897435897438;25.0;25.0;0;0
305.124;0.0;0.0;0.0;22.435897435897438;22.435897435897438;25.0;25.0;0;0
305.224;0.0;0.0;0.0;22.435897435897438;22.435897435897438;25.0;25.0;0;0
305.328;0.0;0.0;0.0;22.435897435897438;22.435897435897438;25.0;25.0;0;0
305.431;0.0;0.0;0.0;22.435897435897438;22.435897435897438;25.0;25.0;0;0
305.549;0.0;0.0;0.0;22.435897435897438;22.435897435897438;25.0;25.0;0;0
305.664;0.0;0.0;0.0;22.435897435897438;22.435897435897438;25.0;25.0;0;0
305.786;0.0;0.0;0.0;22.435897435897438;22.435897435897438;25.0;25.0;0;0
305.886;0.0;0.0;0.0;22.435897435897438;22.435897435897438;25.0;25.0;0;0
305.989;0.0;0.0;0.0;22.435897435897438;22.435897435897438;25.0;25.0;0;0
306.103;0.0;0.0;0.0;22.435897435897438;22.435897435897438;25.0;25.0;0;0
306.207;0.0;0.0;0.0;22.435897435897438;22.435897435897438;25.0;25.0;0;0
306.309;0.0;0.0;0.0;22.435897435897438;22.435897435897438;25.0;25.0;0;0
306.41;0.0;0.0;0.0;22.435897435897438;22.435897435897438;25.0;25.0;0;0
306.53;0.0;0.0;0.0;22.435897435897438;22.435897435897438;25.0;25.0;0;0
306.659;0.0;0.0;0.0;22.435897435897438;22.435897435897438;25.0;25.0;0;0
306.759;0.0;0.0;0.0;22.435897435897438;22.435897435897438;25.0;25.0;0;0
306.865;0.0;0.0;0.0;22.435897435897438;22.435897435897438;25.0;25.0;0;0
306.979;0.0;0.0;0.0;22.435897435897438;22.435897435897438;25.0;25.0;0;0
307.084;0.0;0.0;0.0;22.435897435897438;22.435897435897438;25.0;25.0;0;0
307.2;0.0;0.0;0.0;22.435897435897438;22.435897435897438;25.0;25.0;0;0
307.303;0.0;0.0;0.0;22.435897435897438;22.435897435897438;25.0;25.0;0;0
307.418;0.0;0.0;0.0;22.435897435897438;22.435897435897438;25.0;25.0;0;0
307.524;0.0;0.0;0.0;22.435897435897438;22.435897435897438;25.0;25.0;0;0
307.642;0.0;0.0;0.0;22.435897435897438;22.435897435897438;25.0;25.0;0;0
307.745;0.0;0.0;0.0;22.435897435897438;22.435897435897438;25.0;25.0;0;0
307.86;0.0;0.0;0.0;22.435897435897438;22.435897435897438;25.0;25.0;0;0
307.963;0.0;0.0;0.0;22.435897435897438;22.435897435897438;25.0;25.0;0;0
308.077;0.0;0.0;0.0;22.435897435897438;22.435897435897438;25.0;25.0;0;0
308.196;0.0;0.0;0.0;22.435897435897438;22.435897435897438;25.0;25.0;0;0
308.313;0.0;0.0;0.0;22.435897435897438;22.435897435897438;25.0;25.0;0;0
308.431;0.0;0.0;0.0;22.435897435897438;22.435897435897438;25.0;25.0;0;0
308.541;0.0;0.0;0.0;22.435897435897438;22.435897435897438;25.0;25.0;0;0
308.647;0.0;0.0;0.0;22.435897435897438;22.435897435897438;25.0;25.0;0;0
308.752;0.0;0.0;0.0;22.435897435897438;22.435897435897438;25.0;25.0;0;0
308.868;0.0;0.0;0.0;22.435897435897438;22.435897435897438;25.0;25.0;0;0
308.973;0.0;0.0;0.0;22.435897435897438;22.435897435897438;25.0;25.0;0;0
309.09;0.0;0.0;0.0;22.48717948717949;22.435897435897438;25.0;25.0;0;0
309.19;0.0;0.0;0.0;22.48717948717949;22.435897435897438;25.0;25.0;0;0
309.327;0.0;0.0;0.0;22.48717948717949;22.435897435897438;25.0;25.0;0;0
309.428;0.0;0.0;0.0;22.48717948717949;22.435897435897438;25.0;25.0;0;0
309.539;0.0;0.0;0.0;22.48717948717949;22.435897435897438;25.0;25.0;0;0
309.645;0.0;0.0;0.0;22.48717948717949;22.435897435897438;25.0;25.0;0;0
309.758;0.0;0.0;0.0;22.48717948717949;22.435897435897438;25.0;25.0;0;0
309.865;0.0;0.0;0.0;22.48717948717949;22.435897435897438;25.0;25.0;0;0
309.968;0.0;0.0;0.0;22.48717948717949;22.435897435897438;25.0;25.0;0;0
310.068;0.0;0.0;0.0;22.435897435897438;22.435897435897438;25.0;25.0;0;0
310.176;0.0;0.0;0.0;22.435897435897438;22.435897435897438;25.0;25.0;0;0
310.277;0.0;0.0;0.0;22.435897435897438;22.435897435897438;25.0;25.0;0;0
310.387;0.0;0.0;0.0;22.435897435897438;22.435897435897438;25.0;25.0;0;0
310.496;0.0;0.0;0.0;22.435897435897438;22.435897435897438;25.0;25.0;0;0
310.617;0.0;0.0;0.0;22.435897435897438;22.435897435897438;25.0;25.0;0;0
310.719;0.0;0.0;0.0;22.435897435897438;22.435897435897438;25.0;25.0;0;0
310.824;0.0;0.0;0.0;22.435897435897438;22.435897435897438;25.0;25.0;0;0
310.94;0.0;0.0;0.0;22.435897435897438;22.435897435897438;25.0;25.0;0;0
311.041;0.0;0.0;0.0;22.435897435897438;22.435897435897438;25.0;25.0;0;0
311.142;0.0;0.0;0.0;22.435897435897438;22.435897435897438;25.0;25.0;0;0
311.244;0.0;0.0;0.0;22.435897435897438;22.435897435897438;25.0;25.0;0;0
311.346;0.0;0.0;0.0;22.435897435897438;22.435897435897438;25.0;25.0;0;0
311.447;0.0;0.0;0.0;22.435897435897438;22.435897435897438;25.0;25.0;0;0
311.547;0.0;0.0;0.0;22.435897435897438;22.435897435897438;25.0;25.0;0;0
311.654;0.0;0.0;0.0;22.435897435897438;22.435897435897438;25.0;25.0;0;0
311.755;0.0;0.0;0.0;22.435897435897438;22.435897435897438;25.0;25.0;0;0
311.856;0.0;0.0;0.0;22.435897435897438;22.435897435897438;25.0;25.0;0;0
311.959;0.0;0.0;0.0;22.435897435897438;22.435897435897438;25.0;25.0;0;0
312.06;0.0;0.0;0.0;22.435897435897438;22.435897435897438;25.0;25.0;0;0
312.17;0.0;0.0;0.0;22.435897435897438;22.435897435897438;25.0;25.0;0;0
312.278;0.0;0.0;0.0;22.435897435897438;22.435897435897438;25.0;25.0;0;0
312.38;0.0;0.0;0.0;22.435897435897438;22.435897435897438;25.0;25.0;0;0
312.505;0.0;0.0;0.0;22.435897435897438;22.435897435897438;25.0;25.0;0;0
312.606;0.0;0.0;0.0;22.435897435897438;22.435897435897438;25.0;25.0;0;0
312.71;0.0;0.0;0.0;22.435897435897438;22.435897435897438;25.0;25.0;0;0
312.81;0.0;0.0;0.0;22.435897435897438;22.435897435897438;25.0;25.0;0;0
312.912;0.0;0.0;0.0;22.435897435897438;22.435897435897438;25.0;25.0;0;0
313.015;0.0;0.0;0.0;22.435897435897438;22.435897435897438;25.0;25.0;0;0
313.128;0.0;0.0;0.0;22.435897435897438;22.435897435897438;25.0;25.0;0;0
313.23;0.0;0.0;0.0;22.435897435897438;22.435897435897438;25.0;25.0;0;0
313.332;0.0;0.0;0.0;22.435897435897438;22.435897435897438;25.0;25.0;0;0
313.433;0.0;0.0;0.0;22.435897435897438;22.435897435897438;25.0;25.0;0;0
313.534;0.0;0.0;0.0;22.435897435897438;22.435897435897438;25.0;25.0;0;0
313.634;0.0;0.0;0.0;22.435897435897438;22.435897435897438;25.0;25.0;0;0
313.748;0.0;0.0;0.0;22.435897435897438;22.435897435897438;25.0;25.0;0;0
313.849;0.0;0.0;0.0;22.435897435897438;22.435897435897438;25.0;25.0;0;0
313.959;0.0;0.0;0.0;22.435897435897438;22.435897435897438;25.0;25.0;0;0
314.067;0.0;0.0;0.0;22.48717948717949;22.435897435897438;25.0;25.0;0;0
314.178;0.0;0.0;0.0;22.48717948717949;22.435897435897438;25.0;25.0;0;0
314.281;0.0;0.0;0.0;22.48717948717949;22.435897435897438;25.0;25.0;0;0
314.382;0.0;0.0;0.0;22.48717948717949;22.435897435897438;25.0;25.0;0;0
314.491;0.0;0.0;0.0;22.48717948717949;22.435897435897438;25.0;25.0;0;0
314.592;0.0;0.0;0.0;22.48717948717949;22.435897435897438;25.0;25.0;0;0
314.694;0.0;0.0;0.0;22.48717948717949;22.435897435897438;25.0;25.0;0;0
314.795;0.0;0.0;0.0;22.48717948717949;22.435897435897438;25.0;25.0;0;0
314.921;0.0;0.0;0.0;22.48717948717949;22.435897435897438;25.0;25.0;0;0
315.022;0.0;0.0;0.0;22.48717948717949;22.435897435897438;25.0;25.0;0;0
315.136;0.0;0.0;0.0;22.435897435897438;22.435897435897438;25.0;25.0;0;0
315.237;0.0;0.0;0.0;22.435897435897438;22.435897435897438;25.0;25.0;0;0
315.346;0.0;0.0;0.0;22.435897435897438;22.435897435897438;25.0;25.0;0;0
315.448;0.0;0.0;0.0;22.435897435897438;22.435897435897438;25.0;25.0;0;0
315.572;0.0;0.0;0.0;22.435897435897438;22.435897435897438;25.0;25.0;0;0
315.673;0.0;0.0;0.0;22.435897435897438;22.435897435897438;25.0;25.0;0;0
315.786;0.0;0.0;0.0;22.435897435897438;22.435897435897438;25.0;25.0;0;0
315.888;0.0;0.0;0.0;22.435897435897438;22.435897435897438;25.0;25.0;0;0
315.993;0.0;0.0;0.0;22.435897435897438;22.435897435897438;25.0;25.0;0;0
316.097;0.0;0.0;0.0;22.435897435897438;22.435897435897438;25.0;25.0;0;0
316.197;0.0;0.0;0.0;22.435897435897438;22.435897435897438;25.0;25.0;0;0
316.309;0.0;0.0;0.0;22.435897435897438;22.435897435897438;25.0;25.0;0;0
316.422;0.0;0.0;0.0;22.435897435897438;22.435897435897438;25.0;25.0;0;0
316.528;0.0;0.0;0.0;22.435897435897438;22.435897435897438;25.0;25.0;0;0
316.628;0.0;0.0;0.0;22.435897435897438;22.435897435897438;25.0;25.0;0;0
316.729;0.0;0.0;0.0;22.435897435897438;22.435897435897438;25.0;25.0;0;0
316.829;0.0;0.0;0.0;22.435897435897438;22.435897435897438;25.0;25.0;0;0
316.938;0.0;0.0;0.0;22.435897435897438;22.435897435897438;25.0;25.0;0;0
317.05;0.0;0.0;0.0;22.435897435897438;22.435897435897438;25.0;25.0;0;0
317.153;0.0;0.0;0.0;22.435897435897438;22.435897435897438;25.0;25.0;0;0
317.253;0.0;0.0;0.0;22.435897435897438;22.435897435897438;25.0;25.0;0;0
317.361;0.0;0.0;0.0;22.435897435897438;22.435897435897438;25.0;25.0;0;0
317.462;0.0;0.0;0.0;22.435897435897438;22.435897435897438;25.0;25.0;0;0
317.566;0.0;0.0;0.0;22.435897435897438;22.435897435897438;25.0;25.0;0;0
317.68;0.0;0.0;0.0;22.435897435897438;22.435897435897438;25.0;25.0;0;0
317.79;0.0;0.0;0.0;22.435897435897438;22.435897435897438;25.0;25.0;0;0
317.89;0.0;0.0;0.0;22.435897435897438;22.435897435897438;25.0;25.0;0;0
318.008;0.0;0.0;0.0;22.435897435897438;22.435897435897438;25.0;25.0;0;0
318.109;0.0;0.0;0.0;22.435897435897438;22.435897435897438;25.0;25.0;0;0
318.226;0.0;0.0;0.0;22.435897435897438;22.435897435897438;25.0;25.0;0;0
318.34;0.0;0.0;0.0;22.435897435897438;22.435897435897438;25.0;25.0;0;0
318.445;0.0;0.0;0.0;22.435897435897438;22.435897435897438;25.0;25.0;0;0
318.562;0.0;0.0;0.0;22.435897435897438;22.435897435897438;25.0;25.0;0;0
318.681;0.0;0.0;0.0;22.435897435897438;22.435897435897438;25.0;25.0;0;0
318.802;0.0;0.0;0.0;22.435897435897438;22.435897435897438;25.0;25.0;0;0
318.919;0.0;0.0;0.0;22.435897435897438;22.435897435897438;25.0;25.0;0;0
319.022;0.0;0.0;0.0;22.435897435897438;22.435897435897438;25.0;25.0;0;0
319.148;0.0;0.0;0.0;22.48717948717949;22.435897435897438;25.0;25.0;0;0
319.251;0.0;0.0;0.0;22.48717948717949;22.435897435897438;25.0;25.0;0;0
319.364;0.0;0.0;0.0;22.48717948717949;22.435897435897438;25.0;25.0;0;0
319.465;0.0;0.0;0.0;22.48717948717949;22.435897435897438;25.0;25.0;0;0
319.574;0.0;0.0;0.0;22.48717948717949;22.435897435897438;25.0;25.0;0;0
319.679;0.0;0.0;0.0;22.48717948717949;22.435897435897438;25.0;25.0;0;0
319.793;0.0;0.0;0.0;22.48717948717949;22.435897435897438;25.0;25.0;0;0
319.902;0.0;0.0;0.0;22.48717948717949;22.435897435897438;25.0;25.0;0;0
320.011;0.0;0.0;0.0;22.48717948717949;22.435897435897438;25.0;25.0;0;0
320.115;0.0;0.0;0.0;22.48717948717949;22.435897435897438;25.0;25.0;0;0
320.233;0.0;0.0;0.0;22.48717948717949;22.435897435897438;25.0;25.0;0;0
320.333;0.0;0.0;0.0;22.48717948717949;22.435897435897438;25.0;25.0;0;0
320.448;0.0;0.0;0.0;22.48717948717949;22.435897435897438;25.0;25.0;0;0
320.548;0.0;0.0;0.0;22.48717948717949;22.435897435897438;25.0;25.0;0;0
320.652;0.0;0.0;0.0;22.48717948717949;22.435897435897438;25.0;25.0;0;0
320.772;0.0;0.0;0.0;22.48717948717949;22.435897435897438;25.0;25.0;0;0
320.892;0.0;0.0;0.0;22.48717948717949;22.435897435897438;25.0;25.0;0;0
320.992;0.0;0.0;0.0;22.48717948717949;22.435897435897438;25.0;25.0;0;0
321.11;0.0;0.0;0.0;22.435897435897438;22.435897435897438;25.0;25.0;0;0
321.21;0.0;0.0;0.0;22.435897435897438;22.435897435897438;25.0;25.0;0;0
321.312;0.0;0.0;0.0;22.435897435897438;22.435897435897438;25.0;25.0;0;0
321.43;0.0;0.0;0.0;22.435897435897438;22.435897435897438;25.0;25.0;0;0
321.547;0.0;0.0;0.0;22.435897435897438;22.435897435897438;25.0;25.0;0;0
321.659;0.0;0.0;0.0;22.435897435897438;22.435897435897438;25.0;25.0;0;0
321.77;0.0;0.0;0.0;22.435897435897438;22.435897435897438;25.0;25.0;0;0
321.87;0.0;0.0;0.0;22.435897435897438;22.435897435897438;25.0;25.0;0;0
321.971;0.0;0.0;0.0;22.435897435897438;22.435897435897438;25.0;25.0;0;0
322.08;0.0;0.0;0.0;22.435897435897438;22.435897435897438;25.0;25.0;0;0
322.191;0.0;0.0;0.0;22.435897435897438;22.435897435897438;25.0;25.0;0;0
322.31;0.0;0.0;0.0;22.435897435897438;22.435897435897438;25.0;25.0;0;0
322.424;0.0;0.0;0.0;22.435897435897438;22.435897435897438;25.0;25.0;0;0
322.531;0.0;0.0;0.0;22.435897435897438;22.435897435897438;25.0;25.0;0;0
322.644;0.0;0.0;0.0;22.435897435897438;22.435897435897438;25.0;25.0;0;0
322.745;0.0;0.0;0.0;22.435897435897438;22.435897435897438;25.0;25.0;0;0
322.849;0.0;0.0;0.0;22.435897435897438;22.435897435897438;25.0;25.0;0;0
322.967;0.0;0.0;0.0;22.435897435897438;22.435897435897438;25.0;25.0;0;0
323.084;0.0;0.0;0.0;22.435897435897438;22.435897435897438;25.0;25.0;0;0
323.191;0.0;0.0;0.0;22.435897435897438;22.435897435897438;25.0;25.0;0;0
323.31;0.0;0.0;0.0;22.435897435897438;22.435897435897438;25.0;25.0;0;0
323.41;0.0;0.0;0.0;22.435897435897438;22.435897435897438;25.0;25.0;0;0
323.511;0.0;0.0;0.0;22.435897435897438;22.435897435897438;25.0;25.0;0;0
323.619;0.0;0.0;0.0;22.435897435897438;22.435897435897438;25.0;25.0;0;0
323.725;0.0;0.0;0.0;22.435897435897438;22.435897435897438;25.0;25.0;0;0
323.836;0.0;0.0;0.0;22.435897435897438;22.435897435897438;25.0;25.0;0;0
323.938;0.0;0.0;0.0;22.435897435897438;22.435897435897438;25.0;25.0;0;0
324.04;0.0;0.0;0.0;22.435897435897438;22.435897435897438;25.0;25.0;0;0
324.182;0.0;0.0;0.0;22.435897435897438;22.435897435897438;25.0;25.0;0;0
324.286;0.0;0.0;0.0;22.435897435897438;22.435897435897438;25.0;25.0;0;0
324.405;0.0;0.0;0.0;22.435897435897438;22.435897435897438;25.0;25.0;0;0
324.506;0.0;0.0;0.0;22.435897435897438;22.435897435897438;25.0;25.0;0;0
324.617;0.0;0.0;0.0;22.435897435897438;22.435897435897438;25.0;25.0;0;0
324.735;0.0;0.0;0.0;22.435897435897438;22.435897435897438;25.0;25.0;0;0
324.855;0.0;0.0;0.0;22.435897435897438;22.435897435897438;25.0;25.0;0;0
324.962;0.0;0.0;0.0;22.435897435897438;22.435897435897438;25.0;25.0;0;0
325.069;0.0;0.0;0.0;22.435897435897438;22.435897435897438;25.0;25.0;0;0
325.176;0.0;0.0;0.0;22.48717948717949;22.435897435897438;25.0;25.0;0;0
325.293;0.0;0.0;0.0;22.48717948717949;22.435897435897438;25.0;25.0;0;0
325.408;0.0;0.0;0.0;22.48717948717949;22.435897435897438;25.0;25.0;0;0
325.512;0.0;0.0;0.0;22.48717948717949;22.435897435897438;25.0;25.0;0;0
325.613;0.0;0.0;0.0;22.48717948717949;22.435897435897438;25.0;25.0;0;0
325.716;0.0;0.0;0.0;22.48717948717949;22.435897435897438;25.0;25.0;0;0
325.843;0.0;0.0;0.0;22.48717948717949;22.435897435897438;25.0;25.0;0;0
325.943;0.0;0.0;0.0;22.48717948717949;22.435897435897438;25.0;25.0;0;0
326.047;0.0;0.0;0.0;22.48717948717949;22.435897435897438;25.0;25.0;0;0
326.151;0.0;0.0;0.0;22.435897435897438;22.435897435897438;25.0;25.0;0;0
326.253;0.0;0.0;0.0;22.435897435897438;22.435897435897438;25.0;25.0;0;0
326.356;0.0;0.0;0.0;22.435897435897438;22.435897435897438;25.0;25.0;0;0
326.457;0.0;0.0;0.0;22.435897435897438;22.435897435897438;25.0;25.0;0;0
326.571;0.0;0.0;0.0;22.435897435897438;22.435897435897438;25.0;25.0;0;0
326.671;0.0;0.0;0.0;22.435897435897438;22.435897435897438;25.0;25.0;0;0
326.772;0.0;0.0;0.0;22.435897435897438;22.435897435897438;25.0;25.0;0;0
326.872;0.0;0.0;0.0;22.435897435897438;22.435897435897438;25.0;25.0;0;0
326.982;0.0;0.0;0.0;22.435897435897438;22.435897435897438;25.0;25.0;0;0
327.082;0.0;0.0;0.0;22.435897435897438;22.435897435897438;25.0;25.0;0;0
327.191;0.0;0.0;0.0;22.435897435897438;22.435897435897438;25.0;25.0;0;0
327.292;0.0;0.0;0.0;22.435897435897438;22.435897435897438;25.0;25.0;0;0
327.4;0.0;0.0;0.0;22.435897435897438;22.435897435897438;25.0;25.0;0;0
327.5;0.0;0.0;0.0;22.435897435897438;22.435897435897438;25.0;25.0;0;0
327.6;0.0;0.0;0.0;22.435897435897438;22.435897435897438;25.0;25.0;0;0
327.704;0.0;0.0;0.0;22.435897435897438;22.435897435897438;25.0;25.0;0;0
327.806;0.0;0.0;0.0;22.435897435897438;22.435897435897438;25.0;25.0;0;0
327.913;0.0;0.0;0.0;22.435897435897438;22.435897435897438;25.0;25.0;0;0
328.022;0.0;0.0;0.0;22.435897435897438;22.435897435897438;25.0;25.0;0;0
328.132;0.0;0.0;0.0;22.435897435897438;22.435897435897438;25.0;25.0;0;0
328.242;0.0;0.0;0.0;22.435897435897438;22.435897435897438;25.0;25.0;0;0
328.364;0.0;0.0;0.0;22.435897435897438;22.435897435897438;25.0;25.0;0;0
328.473;0.0;0.0;0.0;22.435897435897438;22.435897435897438;25.0;25.0;0;0
328.574;0.0;0.0;0.0;22.435897435897438;22.435897435897438;25.0;25.0;0;0
328.685;0.0;0.0;0.0;22.435897435897438;22.435897435897438;25.0;25.0;0;0
328.813;0.0;0.0;0.0;22.435897435897438;22.435897435897438;25.0;25.0;0;0
328.913;0.0;0.0;0.0;22.435897435897438;22.435897435897438;25.0;25.0;0;0
329.039;0.0;0.0;0.0;22.435897435897438;22.435897435897438;25.0;25.0;0;0
329.14;0.0;0.0;0.0;22.435897435897438;22.435897435897438;25.0;25.0;0;0
329.264;0.0;0.0;0.0;22.435897435897438;22.435897435897438;25.0;25.0;0;0
329.364;0.0;0.0;0.0;22.435897435897438;22.435897435897438;25.0;25.0;0;0
329.469;0.0;0.0;0.0;22.435897435897438;22.435897435897438;25.0;25.0;0;0
329.585;0.0;0.0;0.0;22.435897435897438;22.435897435897438;25.0;25.0;0;0
329.688;0.0;0.0;0.0;22.435897435897438;22.435897435897438;25.0;25.0;0;0
329.797;0.0;0.0;0.0;22.435897435897438;22.435897435897438;25.0;25.0;0;0
329.909;0.0;0.0;0.0;22.435897435897438;22.435897435897438;25.0;25.0;0;0
330.031;0.0;0.0;0.0;22.435897435897438;22.435897435897438;25.0;25.0;0;0
330.143;0.0;0.0;0.0;22.435897435897438;22.435897435897438;25.0;25.0;0;0
330.252;0.0;0.0;0.0;22.435897435897438;22.435897435897438;25.0;25.0;0;0
330.362;0.0;0.0;0.0;22.435897435897438;22.435897435897438;25.0;25.0;0;0
330.471;0.0;0.0;0.0;22.435897435897438;22.435897435897438;25.0;25.0;0;0
330.58;0.0;0.0;0.0;22.435897435897438;22.435897435897438;25.0;25.0;0;0
330.686;0.0;0.0;0.0;22.435897435897438;22.435897435897438;25.0;25.0;0;0
330.8;0.0;0.0;0.0;22.435897435897438;22.435897435897438;25.0;25.0;0;0
330.908;0.0;0.0;0.0;22.435897435897438;22.435897435897438;25.0;25.0;0;0
331.017;0.0;0.0;0.0;22.435897435897438;22.435897435897438;25.0;25.0;0;0
331.129;0.0;0.0;0.0;22.435897435897438;22.435897435897438;25.0;25.0;0;0
331.237;0.0;0.0;0.0;22.435897435897438;22.435897435897438;25.0;25.0;0;0
331.344;0.0;0.0;0.0;22.435897435897438;22.435897435897438;25.0;25.0;0;0
331.461;0.0;0.0;0.0;22.435897435897438;22.435897435897438;25.0;25.0;0;0
331.564;0.0;0.0;0.0;22.435897435897438;22.435897435897438;25.0;25.0;0;0
331.684;0.0;0.0;0.0;22.435897435897438;22.435897435897438;25.0;25.0;0;0
331.787;0.0;0.0;0.0;22.435897435897438;22.435897435897438;25.0;25.0;0;0
331.895;0.0;0.0;0.0;22.435897435897438;22.435897435897438;25.0;25.0;0;0
332.0;0.0;0.0;0.0;22.435897435897438;22.435897435897438;25.0;25.0;0;0
332.125;0.0;0.0;0.0;22.48717948717949;22.435897435897438;25.0;25.0;0;0
332.241;0.0;0.0;0.0;22.48717948717949;22.435897435897438;25.0;25.0;0;0
332.344;0.0;0.0;0.0;22.48717948717949;22.435897435897438;25.0;25.0;0;0
332.445;0.0;0.0;0.0;22.48717948717949;22.435897435897438;25.0;25.0;0;0
332.553;0.0;0.0;0.0;22.48717948717949;22.435897435897438;25.0;25.0;0;0
332.661;0.0;0.0;0.0;22.48717948717949;22.435897435897438;25.0;25.0;0;0
332.77;0.0;0.0;0.0;22.48717948717949;22.435897435897438;25.0;25.0;0;0
332.881;0.0;0.0;0.0;22.48717948717949;22.435897435897438;25.0;25.0;0;0
332.989;0.0;0.0;0.0;22.48717948717949;22.435897435897438;25.0;25.0;0;0
333.101;0.0;0.0;0.0;22.435897435897438;22.435897435897438;25.0;25.0;0;0
333.206;0.0;0.0;0.0;22.435897435897438;22.435897435897438;25.0;25.0;0;0
333.32;0.0;0.0;0.0;22.435897435897438;22.435897435897438;25.0;25.0;0;0
333.423;0.0;0.0;0.0;22.435897435897438;22.435897435897438;25.0;25.0;0;0
333.527;0.0;0.0;0.0;22.435897435897438;22.435897435897438;25.0;25.0;0;0
333.641;0.0;0.0;0.0;22.435897435897438;22.435897435897438;25.0;25.0;0;0
333.742;0.0;0.0;0.0;22.435897435897438;22.435897435897438;25.0;25.0;0;0
333.843;0.0;0.0;0.0;22.435897435897438;22.435897435897438;25.0;25.0;0;0
333.963;0.0;0.0;0.0;22.435897435897438;22.435897435897438;25.0;25.0;0;0
334.08;0.0;0.0;0.0;22.435897435897438;22.435897435897438;25.0;25.0;0;0
334.191;0.0;0.0;0.0;22.48717948717949;22.435897435897438;25.0;25.0;0;0
334.294;0.0;0.0;0.0;22.48717948717949;22.435897435897438;25.0;25.0;0;0
334.403;0.0;0.0;0.0;22.48717948717949;22.435897435897438;25.0;25.0;0;0
334.511;0.0;0.0;0.0;22.48717948717949;22.435897435897438;25.0;25.0;0;0
334.616;0.0;0.0;0.0;22.48717948717949;22.435897435897438;25.0;25.0;0;0
334.729;0.0;0.0;0.0;22.48717948717949;22.435897435897438;25.0;25.0;0;0
334.831;0.0;0.0;0.0;22.48717948717949;22.435897435897438;25.0;25.0;0;0
334.932;0.0;0.0;0.0;22.48717948717949;22.435897435897438;25.0;25.0;0;0
335.056;0.0;0.0;0.0;22.48717948717949;22.435897435897438;25.0;25.0;0;0
335.164;0.0;0.0;0.0;22.48717948717949;22.435897435897438;25.0;25.0;0;0
335.28;0.0;0.0;0.0;22.48717948717949;22.435897435897438;25.0;25.0;0;0
335.381;0.0;0.0;0.0;22.48717948717949;22.435897435897438;25.0;25.0;0;0
335.503;0.0;0.0;0.0;22.48717948717949;22.435897435897438;25.0;25.0;0;0
335.616;0.0;0.0;0.0;22.48717948717949;22.435897435897438;25.0;25.0;0;0
335.726;0.0;0.0;0.0;22.48717948717949;22.435897435897438;25.0;25.0;0;0
335.839;0.0;0.0;0.0;22.48717948717949;22.435897435897438;25.0;25.0;0;0
335.939;0.0;0.0;0.0;22.48717948717949;22.435897435897438;25.0;25.0;0;0
336.045;0.0;0.0;0.0;22.48717948717949;22.435897435897438;25.0;25.0;0;0
336.151;0.0;0.0;0.0;22.435897435897438;22.435897435897438;25.0;25.0;0;0
336.264;0.0;0.0;0.0;22.435897435897438;22.435897435897438;25.0;25.0;0;0
336.374;0.0;0.0;0.0;22.435897435897438;22.435897435897438;25.0;25.0;0;0
336.481;0.0;0.0;0.0;22.435897435897438;22.435897435897438;25.0;25.0;0;0
336.586;0.0;0.0;0.0;22.435897435897438;22.435897435897438;25.0;25.0;0;0
336.701;0.0;0.0;0.0;22.435897435897438;22.435897435897438;25.0;25.0;0;0
336.814;0.0;0.0;0.0;22.435897435897438;22.435897435897438;25.0;25.0;0;0
336.916;0.0;0.0;0.0;22.435897435897438;22.435897435897438;25.0;25.0;0;0
337.017;0.0;0.0;0.0;22.435897435897438;22.435897435897438;25.0;25.0;0;0
337.149;0.0;0.0;0.0;22.48717948717949;22.435897435897438;25.0;25.0;0;0
337.257;0.0;0.0;0.0;22.48717948717949;22.435897435897438;25.0;25.0;0;0
337.382;0.0;0.0;0.0;22.48717948717949;22.435897435897438;25.0;25.0;0;0
337.499;0.0;0.0;0.0;22.48717948717949;22.435897435897438;25.0;25.0;0;0
337.602;0.0;0.0;0.0;22.48717948717949;22.435897435897438;25.0;25.0;0;0
337.715;0.0;0.0;0.0;22.48717948717949;22.435897435897438;25.0;25.0;0;0
337.821;0.0;0.0;0.0;22.48717948717949;22.435897435897438;25.0;25.0;0;0
337.922;0.0;0.0;0.0;22.48717948717949;22.435897435897438;25.0;25.0;0;0
338.039;0.0;0.0;0.0;22.48717948717949;22.435897435897438;25.0;25.0;0;0
338.146;0.0;0.0;0.0;22.435897435897438;22.435897435897438;25.0;25.0;0;0
338.26;0.0;0.0;0.0;22.435897435897438;22.435897435897438;25.0;25.0;0;0
338.37;0.0;0.0;0.0;22.435897435897438;22.435897435897438;25.0;25.0;0;0
338.475;0.0;0.0;0.0;22.435897435897438;22.435897435897438;25.0;25.0;0;0
338.576;0.0;0.0;0.0;22.435897435897438;22.435897435897438;25.0;25.0;0;0
338.689;0.0;0.0;0.0;22.435897435897438;22.435897435897438;25.0;25.0;0;0
338.791;0.0;0.0;0.0;22.435897435897438;22.435897435897438;25.0;25.0;0;0
338.907;0.0;0.0;0.0;22.435897435897438;22.435897435897438;25.0;25.0;0;0
339.022;0.0;0.0;0.0;22.48717948717949;22.435897435897438;25.0;25.0;0;0
339.15;0.0;0.0;0.0;22.48717948717949;22.435897435897438;25.0;25.0;0;0
339.252;0.0;0.0;0.0;22.48717948717949;22.435897435897438;25.0;25.0;0;0
339.365;0.0;0.0;0.0;22.48717948717949;22.435897435897438;25.0;25.0;0;0
339.474;0.0;0.0;0.0;22.48717948717949;22.435897435897438;25.0;25.0;0;0
339.584;0.0;0.0;0.0;22.48717948717949;22.435897435897438;25.0;25.0;0;0
339.686;0.0;0.0;0.0;22.48717948717949;22.435897435897438;25.0;25.0;0;0
339.805;0.0;0.0;0.0;22.48717948717949;22.435897435897438;25.0;25.0;0;0
339.905;0.0;0.0;0.0;22.48717948717949;22.435897435897438;25.0;25.0;0;0
340.008;0.0;0.0;0.0;22.48717948717949;22.435897435897438;25.0;25.0;0;0
340.125;0.0;0.0;0.0;22.435897435897438;22.435897435897438;25.0;25.0;0;0
340.237;0.0;0.0;0.0;22.435897435897438;22.435897435897438;25.0;25.0;0;0
340.338;0.0;0.0;0.0;22.435897435897438;22.435897435897438;25.0;25.0;0;0
340.462;0.0;0.0;0.0;22.435897435897438;22.435897435897438;25.0;25.0;0;0
340.58;0.0;0.0;0.0;22.435897435897438;22.435897435897438;25.0;25.0;0;0
340.695;0.0;0.0;0.0;22.435897435897438;22.435897435897438;25.0;25.0;0;0
340.814;0.0;0.0;0.0;22.435897435897438;22.435897435897438;25.0;25.0;0;0
340.917;0.0;0.0;0.0;22.435897435897438;22.435897435897438;25.0;25.0;0;0
341.021;0.0;0.0;0.0;22.435897435897438;22.435897435897438;25.0;25.0;0;0
341.135;0.0;0.0;0.0;22.435897435897438;22.435897435897438;25.0;25.0;0;0
341.257;0.0;0.0;0.0;22.435897435897438;22.435897435897438;25.0;25.0;0;0
341.372;0.0;0.0;0.0;22.435897435897438;22.435897435897438;25.0;25.0;0;0
341.472;0.0;0.0;0.0;22.435897435897438;22.435897435897438;25.0;25.0;0;0
341.592;0.0;0.0;0.0;22.435897435897438;22.435897435897438;25.0;25.0;0;0
341.692;0.0;0.0;0.0;22.435897435897438;22.435897435897438;25.0;25.0;0;0
341.805;0.0;0.0;0.0;22.435897435897438;22.435897435897438;25.0;25.0;0;0
341.913;0.0;0.0;0.0;22.435897435897438;22.435897435897438;25.0;25.0;0;0
342.027;0.0;0.0;0.0;22.435897435897438;22.435897435897438;25.0;25.0;0;0
342.127;0.0;0.0;0.0;22.435897435897438;22.435897435897438;25.0;25.0;0;0
342.233;0.0;0.0;0.0;22.435897435897438;22.435897435897438;25.0;25.0;0;0
342.346;0.0;0.0;0.0;22.435897435897438;22.435897435897438;25.0;25.0;0;0
342.452;0.0;0.0;0.0;22.435897435897438;22.435897435897438;25.0;25.0;0;0
342.568;0.0;0.0;0.0;22.435897435897438;22.435897435897438;25.0;25.0;0;0
342.69;0.0;0.0;0.0;22.435897435897438;22.435897435897438;25.0;25.0;0;0
342.795;0.0;0.0;0.0;22.435897435897438;22.435897435897438;25.0;25.0;0;0
342.901;0.0;0.0;0.0;22.435897435897438;22.435897435897438;25.0;25.0;0;0
343.002;0.0;0.0;0.0;22.435897435897438;22.435897435897438;25.0;25.0;0;0
343.128;0.0;0.0;0.0;22.435897435897438;22.435897435897438;25.0;25.0;0;0
343.228;0.0;0.0;0.0;22.435897435897438;22.435897435897438;25.0;25.0;0;0
343.331;0.0;0.0;0.0;22.435897435897438;22.435897435897438;25.0;25.0;0;0
343.434;0.0;0.0;0.0;22.435897435897438;22.435897435897438;25.0;25.0;0;0
343.55;0.0;0.0;0.0;22.435897435897438;22.435897435897438;25.0;25.0;0;0
343.65;0.0;0.0;0.0;22.435897435897438;22.435897435897438;25.0;25.0;0;0
343.788;0.0;0.0;0.0;22.435897435897438;22.435897435897438;25.0;25.0;0;0
343.889;0.0;0.0;0.0;22.435897435897438;22.435897435897438;25.0;25.0;0;0
344.001;0.0;0.0;0.0;22.435897435897438;22.435897435897438;25.0;25.0;0;0
344.101;0.0;0.0;0.0;22.48717948717949;22.435897435897438;25.0;25.0;0;0
344.225;0.0;0.0;0.0;22.48717948717949;22.435897435897438;25.0;25.0;0;0
344.325;0.0;0.0;0.0;22.48717948717949;22.435897435897438;25.0;25.0;0;0
344.446;0.0;0.0;0.0;22.48717948717949;22.435897435897438;25.0;25.0;0;0
344.547;0.0;0.0;0.0;22.48717948717949;22.435897435897438;25.0;25.0;0;0
344.671;0.0;0.0;0.0;22.48717948717949;22.435897435897438;25.0;25.0;0;0
344.771;0.0;0.0;0.0;22.48717948717949;22.435897435897438;25.0;25.0;0;0
344.891;0.0;0.0;0.0;22.48717948717949;22.435897435897438;25.0;25.0;0;0
344.991;0.0;0.0;0.0;22.48717948717949;22.435897435897438;25.0;25.0;0;0
345.093;0.0;0.0;0.0;22.48717948717949;22.435897435897438;25.0;25.0;0;0
345.193;0.0;0.0;0.0;22.435897435897438;22.435897435897438;25.0;25.0;0;0
345.328;0.0;0.0;0.0;22.435897435897438;22.435897435897438;25.0;25.0;0;0
345.428;0.0;0.0;0.0;22.435897435897438;22.435897435897438;25.0;25.0;0;0
345.532;0.0;0.0;0.0;22.435897435897438;22.435897435897438;25.0;25.0;0;0
345.635;0.0;0.0;0.0;22.435897435897438;22.435897435897438;25.0;25.0;0;0
345.748;0.0;0.0;0.0;22.435897435897438;22.435897435897438;25.0;25.0;0;0
345.849;0.0;0.0;0.0;22.435897435897438;22.435897435897438;25.0;25.0;0;0
345.969;0.0;0.0;0.0;22.435897435897438;22.435897435897438;25.0;25.0;0;0
346.087;0.0;0.0;0.0;22.435897435897438;22.435897435897438;25.0;25.0;0;0
346.19;0.0;0.0;0.0;22.435897435897438;22.435897435897438;25.0;25.0;0;0
346.305;0.0;0.0;0.0;22.435897435897438;22.435897435897438;25.0;25.0;0;0
346.409;0.0;0.0;0.0;22.435897435897438;22.435897435897438;25.0;25.0;0;0
346.518;0.0;0.0;0.0;22.435897435897438;22.435897435897438;25.0;25.0;0;0
346.627;0.0;0.0;0.0;22.435897435897438;22.435897435897438;25.0;25.0;0;0
346.74;0.0;0.0;0.0;22.435897435897438;22.435897435897438;25.0;25.0;0;0
346.848;0.0;0.0;0.0;22.435897435897438;22.435897435897438;25.0;25.0;0;0
346.964;0.0;0.0;0.0;22.435897435897438;22.435897435897438;25.0;25.0;0;0
347.083;0.0;0.0;0.0;22.435897435897438;22.435897435897438;25.0;25.0;0;0
347.183;0.0;0.0;0.0;22.435897435897438;22.435897435897438;25.0;25.0;0;0
347.299;0.0;0.0;0.0;22.435897435897438;22.435897435897438;25.0;25.0;0;0
347.399;0.0;0.0;0.0;22.435897435897438;22.435897435897438;25.0;25.0;0;0
347.503;0.0;0.0;0.0;22.435897435897438;22.435897435897438;25.0;25.0;0;0
347.603;0.0;0.0;0.0;22.435897435897438;22.435897435897438;25.0;25.0;0;0
347.704;0.0;0.0;0.0;22.435897435897438;22.435897435897438;25.0;25.0;0;0
347.823;0.0;0.0;0.0;22.435897435897438;22.435897435897438;25.0;25.0;0;0
347.924;0.0;0.0;0.0;22.435897435897438;22.435897435897438;25.0;25.0;0;0
348.056;0.0;0.0;0.0;22.435897435897438;22.435897435897438;25.0;25.0;0;0
348.159;0.0;0.0;0.0;22.48717948717949;22.435897435897438;25.0;25.0;0;0
348.26;0.0;0.0;0.0;22.48717948717949;22.435897435897438;25.0;25.0;0;0
348.378;0.0;0.0;0.0;22.48717948717949;22.435897435897438;25.0;25.0;0;0
348.493;0.0;0.0;0.0;22.48717948717949;22.435897435897438;25.0;25.0;0;0
348.601;0.0;0.0;0.0;22.48717948717949;22.435897435897438;25.0;25.0;0;0
348.702;0.0;0.0;0.0;22.48717948717949;22.435897435897438;25.0;25.0;0;0
348.82;0.0;0.0;0.0;22.48717948717949;22.435897435897438;25.0;25.0;0;0
348.93;0.0;0.0;0.0;22.48717948717949;22.435897435897438;25.0;25.0;0;0
349.045;0.0;0.0;0.0;22.48717948717949;22.435897435897438;25.0;25.0;0;0
349.146;0.0;0.0;0.0;22.48717948717949;22.435897435897438;25.0;25.0;0;0
349.261;0.0;0.0;0.0;22.48717948717949;22.435897435897438;25.0;25.0;0;0
349.362;0.0;0.0;0.0;22.48717948717949;22.435897435897438;25.0;25.0;0;0
349.488;0.0;0.0;0.0;22.48717948717949;22.435897435897438;25.0;25.0;0;0
349.588;0.0;0.0;0.0;22.48717948717949;22.435897435897438;25.0;25.0;0;0
349.69;0.0;0.0;0.0;22.48717948717949;22.435897435897438;25.0;25.0;0;0
349.795;0.0;0.0;0.0;22.48717948717949;22.435897435897438;25.0;25.0;0;0
349.907;0.0;0.0;0.0;22.48717948717949;22.435897435897438;25.0;25.0;0;0
350.007;0.0;0.0;0.0;22.48717948717949;22.435897435897438;25.0;25.0;0;0
350.114;0.0;0.0;0.0;22.48717948717949;22.435897435897438;25.0;25.0;0;0
350.216;0.0;0.0;0.0;22.435897435897438;22.435897435897438;25.0;25.0;0;0
350.317;0.0;0.0;0.0;22.435897435897438;22.435897435897438;25.0;25.0;0;0
350.435;0.0;0.0;0.0;22.435897435897438;22.435897435897438;25.0;25.0;0;0
350.546;0.0;0.0;0.0;22.435897435897438;22.435897435897438;25.0;25.0;0;0
350.647;0.0;0.0;0.0;22.435897435897438;22.435897435897438;25.0;25.0;0;0
350.748;0.0;0.0;0.0;22.435897435897438;22.435897435897438;25.0;25.0;0;0
350.849;0.0;0.0;0.0;22.435897435897438;22.435897435897438;25.0;25.0;0;0
350.95;0.0;0.0;0.0;22.435897435897438;22.435897435897438;25.0;25.0;0;0
351.05;0.0;0.0;0.0;22.435897435897438;22.435897435897438;25.0;25.0;0;0
351.15;0.0;0.0;0.0;22.48717948717949;22.435897435897438;25.0;25.0;0;0
351.251;0.0;0.0;0.0;22.48717948717949;22.435897435897438;25.0;25.0;0;0
351.352;0.0;0.0;0.0;22.48717948717949;22.435897435897438;25.0;25.0;0;0
351.459;0.0;0.0;0.0;22.48717948717949;22.435897435897438;25.0;25.0;0;0
351.56;0.0;0.0;0.0;22.48717948717949;22.435897435897438;25.0;25.0;0;0
351.661;0.0;0.0;0.0;22.48717948717949;22.435897435897438;25.0;25.0;0;0
351.778;0.0;0.0;0.0;22.48717948717949;22.435897435897438;25.0;25.0;0;0
351.896;0.0;0.0;0.0;22.48717948717949;22.435897435897438;25.0;25.0;0;0
351.996;0.0;0.0;0.0;22.48717948717949;22.435897435897438;25.0;25.0;0;0
352.096;0.0;0.0;0.0;22.48717948717949;22.435897435897438;25.0;25.0;0;0
352.213;0.0;0.0;0.0;22.435897435897438;22.435897435897438;25.0;25.0;0;0
352.33;0.0;0.0;0.0;22.435897435897438;22.435897435897438;25.0;25.0;0;0
352.439;0.0;0.0;0.0;22.435897435897438;22.435897435897438;25.0;25.0;0;0
352.551;0.0;0.0;0.0;22.435897435897438;22.435897435897438;25.0;25.0;0;0
352.662;0.0;0.0;0.0;22.435897435897438;22.435897435897438;25.0;25.0;0;0
352.77;0.0;0.0;0.0;22.435897435897438;22.435897435897438;25.0;25.0;0;0
352.876;0.0;0.0;0.0;22.435897435897438;22.435897435897438;25.0;25.0;0;0
352.989;0.0;0.0;0.0;22.435897435897438;22.435897435897438;25.0;25.0;0;0
353.099;0.0;0.0;0.0;22.435897435897438;22.435897435897438;25.0;25.0;0;0
353.207;0.0;0.0;0.0;22.48717948717949;22.435897435897438;25.0;25.0;0;0
353.309;0.0;0.0;0.0;22.48717948717949;22.435897435897438;25.0;25.0;0;0
353.41;0.0;0.0;0.0;22.48717948717949;22.435897435897438;25.0;25.0;0;0
353.528;0.0;0.0;0.0;22.48717948717949;22.435897435897438;25.0;25.0;0;0
353.631;0.0;0.0;0.0;22.48717948717949;22.435897435897438;25.0;25.0;0;0
353.747;0.0;0.0;0.0;22.48717948717949;22.435897435897438;25.0;25.0;0;0
353.868;0.0;0.0;0.0;22.48717948717949;22.435897435897438;25.0;25.0;0;0
353.978;0.0;0.0;0.0;22.48717948717949;22.435897435897438;25.0;25.0;0;0
354.089;0.0;0.0;0.0;22.48717948717949;22.435897435897438;25.0;25.0;0;0
354.205;0.0;0.0;0.0;22.435897435897438;22.435897435897438;25.0;25.0;0;0
354.308;0.0;0.0;0.0;22.435897435897438;22.435897435897438;25.0;25.0;0;0
354.419;0.0;0.0;0.0;22.435897435897438;22.435897435897438;25.0;25.0;0;0
354.533;0.0;0.0;0.0;22.435897435897438;22.435897435897438;25.0;25.0;0;0
354.634;0.0;0.0;0.0;22.435897435897438;22.435897435897438;25.0;25.0;0;0
354.745;0.0;0.0;0.0;22.435897435897438;22.435897435897438;25.0;25.0;0;0
354.864;0.0;0.0;0.0;22.435897435897438;22.435897435897438;25.0;25.0;0;0
354.97;0.0;0.0;0.0;22.435897435897438;22.435897435897438;25.0;25.0;0;0
355.071;0.0;0.0;0.0;22.435897435897438;22.435897435897438;25.0;25.0;0;0
355.185;0.0;0.0;0.0;22.48717948717949;22.435897435897438;25.0;25.0;0;0
355.293;0.0;0.0;0.0;22.48717948717949;22.435897435897438;25.0;25.0;0;0
355.438;0.0;0.0;0.0;22.48717948717949;22.435897435897438;25.0;25.0;0;0
355.545;0.0;0.0;0.0;22.48717948717949;22.435897435897438;25.0;25.0;0;0
355.646;0.0;0.0;0.0;22.48717948717949;22.435897435897438;25.0;25.0;0;0
355.747;0.0;0.0;0.0;22.48717948717949;22.435897435897438;25.0;25.0;0;0
355.847;0.0;0.0;0.0;22.48717948717949;22.435897435897438;25.0;25.0;0;0
355.947;0.0;0.0;0.0;22.48717948717949;22.435897435897438;25.0;25.0;0;0
356.063;0.0;0.0;0.0;22.48717948717949;22.435897435897438;25.0;25.0;0;0
356.164;0.0;0.0;0.0;22.435897435897438;22.435897435897438;25.0;25.0;0;0
356.268;0.0;0.0;0.0;22.435897435897438;22.435897435897438;25.0;25.0;0;0
356.387;0.0;0.0;0.0;22.435897435897438;22.435897435897438;25.0;25.0;0;0
356.489;0.0;0.0;0.0;22.435897435897438;22.435897435897438;25.0;25.0;0;0
356.608;0.0;0.0;0.0;22.435897435897438;22.435897435897438;25.0;25.0;0;0
356.709;0.0;0.0;0.0;22.435897435897438;22.435897435897438;25.0;25.0;0;0
356.81;0.0;0.0;0.0;22.435897435897438;22.435897435897438;25.0;25.0;0;0
356.911;0.0;0.0;0.0;22.435897435897438;22.435897435897438;25.0;25.0;0;0
357.013;0.0;0.0;0.0;22.435897435897438;22.435897435897438;25.0;25.0;0;0
357.113;0.0;0.0;0.0;22.435897435897438;22.435897435897438;25.0;25.0;0;0
357.214;0.0;0.0;0.0;22.435897435897438;22.435897435897438;25.0;25.0;0;0
357.315;0.0;0.0;0.0;22.435897435897438;22.435897435897438;25.0;25.0;0;0
357.417;0.0;0.0;0.0;22.435897435897438;22.435897435897438;25.0;25.0;0;0
357.523;0.0;0.0;0.0;22.435897435897438;22.435897435897438;25.0;25.0;0;0
357.631;0.0;0.0;0.0;22.435897435897438;22.435897435897438;25.0;25.0;0;0
357.743;0.0;0.0;0.0;22.435897435897438;22.435897435897438;25.0;25.0;0;0
357.854;0.0;0.0;0.0;22.435897435897438;22.435897435897438;25.0;25.0;0;0
357.96;0.0;0.0;0.0;22.435897435897438;22.435897435897438;25.0;25.0;0;0
358.072;0.0;0.0;0.0;22.435897435897438;22.435897435897438;25.0;25.0;0;0
358.179;0.0;0.0;0.0;22.48717948717949;22.435897435897438;25.0;25.0;0;0
358.279;0.0;0.0;0.0;22.48717948717949;22.435897435897438;25.0;25.0;0;0
358.384;0.0;0.0;0.0;22.48717948717949;22.435897435897438;25.0;25.0;0;0
358.485;0.0;0.0;0.0;22.48717948717949;22.435897435897438;25.0;25.0;0;0
358.592;0.0;0.0;0.0;22.48717948717949;22.435897435897438;25.0;25.0;0;0
358.693;0.0;0.0;0.0;22.48717948717949;22.435897435897438;25.0;25.0;0;0
358.802;0.0;0.0;0.0;22.48717948717949;22.435897435897438;25.0;25.0;0;0
358.916;0.0;0.0;0.0;22.48717948717949;22.435897435897438;25.0;25.0;0;0
359.029;0.0;0.0;0.0;22.48717948717949;22.435897435897438;25.0;25.0;0;0
359.134;0.0;0.0;0.0;22.48717948717949;22.435897435897438;25.0;25.0;0;0
359.242;0.0;0.0;0.0;22.48717948717949;22.435897435897438;25.0;25.0;0;0
359.358;0.0;0.0;0.0;22.48717948717949;22.435897435897438;25.0;25.0;0;0
359.467;0.0;0.0;0.0;22.48717948717949;22.435897435897438;25.0;25.0;0;0
359.575;0.0;0.0;0.0;22.48717948717949;22.435897435897438;25.0;25.0;0;0
359.698;0.0;0.0;0.0;22.48717948717949;22.435897435897438;25.0;25.0;0;0
359.81;0.0;0.0;0.0;22.48717948717949;22.435897435897438;25.0;25.0;0;0
359.918;0.0;0.0;0.0;22.48717948717949;22.435897435897438;25.0;25.0;0;0
360.027;0.0;0.0;0.0;22.48717948717949;22.435897435897438;25.0;25.0;0;0
360.139;0.0;0.0;0.0;22.435897435897438;22.48717948717949;25.0;25.0;0;0
360.243;0.0;0.0;0.0;22.435897435897438;22.48717948717949;25.0;25.0;0;0
360.354;0.0;0.0;0.0;22.435897435897438;22.48717948717949;25.0;25.0;0;0
360.469;0.0;0.0;0.0;22.435897435897438;22.48717948717949;25.0;25.0;0;0
360.579;0.0;0.0;0.0;22.435897435897438;22.48717948717949;25.0;25.0;0;0
360.681;0.0;0.0;0.0;22.435897435897438;22.48717948717949;25.0;25.0;0;0
360.785;0.0;0.0;0.0;22.435897435897438;22.48717948717949;25.0;25.0;0;0
360.919;0.0;0.0;0.0;22.435897435897438;22.48717948717949;25.0;25.0;0;0
361.019;0.0;0.0;0.0;22.435897435897438;22.48717948717949;25.0;25.0;0;0
361.129;0.0;0.0;0.0;22.435897435897438;22.48717948717949;25.0;25.0;0;0
361.23;0.0;0.0;0.0;22.435897435897438;22.435897435897438;25.0;25.0;0;0
361.333;0.0;0.0;0.0;22.435897435897438;22.435897435897438;25.0;25.0;0;0
361.452;0.0;0.0;0.0;22.435897435897438;22.435897435897438;25.0;25.0;0;0
361.554;0.0;0.0;0.0;22.435897435897438;22.435897435897438;25.0;25.0;0;0
361.655;0.0;0.0;0.0;22.435897435897438;22.435897435897438;25.0;25.0;0;0
361.757;0.0;0.0;0.0;22.435897435897438;22.435897435897438;25.0;25.0;0;0
361.866;0.0;0.0;0.0;22.435897435897438;22.435897435897438;25.0;25.0;0;0
361.983;0.0;0.0;0.0;22.435897435897438;22.435897435897438;25.0;25.0;0;0
362.085;0.0;0.0;0.0;22.435897435897438;22.435897435897438;25.0;25.0;0;0
362.186;0.0;0.0;0.0;22.48717948717949;22.435897435897438;25.0;25.0;0;0
362.301;0.0;0.0;0.0;22.48717948717949;22.435897435897438;25.0;25.0;0;0
362.401;0.0;0.0;0.0;22.48717948717949;22.435897435897438;25.0;25.0;0;0
362.507;0.0;0.0;0.0;22.48717948717949;22.435897435897438;25.0;25.0;0;0
362.615;0.0;0.0;0.0;22.48717948717949;22.435897435897438;25.0;25.0;0;0
362.715;0.0;0.0;0.0;22.48717948717949;22.435897435897438;25.0;25.0;0;0
362.816;0.0;0.0;0.0;22.48717948717949;22.435897435897438;25.0;25.0;0;0
362.926;0.0;0.0;0.0;22.48717948717949;22.435897435897438;25.0;25.0;0;0
363.035;0.0;0.0;0.0;22.48717948717949;22.435897435897438;25.0;25.0;0;0
363.147;0.0;0.0;0.0;22.48717948717949;22.435897435897438;25.0;25.0;0;0
363.255;0.0;0.0;0.0;22.435897435897438;22.435897435897438;25.0;25.0;0;0
363.375;0.0;0.0;0.0;22.435897435897438;22.435897435897438;25.0;25.0;0;0
363.476;0.0;0.0;0.0;22.435897435897438;22.435897435897438;25.0;25.0;0;0
363.585;0.0;0.0;0.0;22.435897435897438;22.435897435897438;25.0;25.0;0;0
363.697;0.0;0.0;0.0;22.435897435897438;22.435897435897438;25.0;25.0;0;0
363.804;0.0;0.0;0.0;22.435897435897438;22.435897435897438;25.0;25.0;0;0
363.915;0.0;0.0;0.0;22.435897435897438;22.435897435897438;25.0;25.0;0;0
364.021;0.0;0.0;0.0;22.435897435897438;22.435897435897438;25.0;25.0;0;0
364.123;0.0;0.0;0.0;22.435897435897438;22.435897435897438;25.0;25.0;0;0
364.231;0.0;0.0;0.0;22.48717948717949;22.435897435897438;25.0;25.0;0;0
364.339;0.0;0.0;0.0;22.48717948717949;22.435897435897438;25.0;25.0;0;0
364.446;0.0;0.0;0.0;22.48717948717949;22.435897435897438;25.0;25.0;0;0
364.558;0.0;0.0;0.0;22.48717948717949;22.435897435897438;25.0;25.0;0;0
364.669;0.0;0.0;0.0;22.48717948717949;22.435897435897438;25.0;25.0;0;0
364.775;0.0;0.0;0.0;22.48717948717949;22.435897435897438;25.0;25.0;0;0
364.887;0.0;0.0;0.0;22.48717948717949;22.435897435897438;25.0;25.0;0;0
364.996;0.0;0.0;0.0;22.48717948717949;22.435897435897438;25.0;25.0;0;0
365.107;0.0;0.0;0.0;22.48717948717949;22.435897435897438;25.0;25.0;0;0
365.217;0.0;0.0;0.0;22.435897435897438;22.435897435897438;25.0;25.0;0;0
365.324;0.0;0.0;0.0;22.435897435897438;22.435897435897438;25.0;25.0;0;0
365.438;0.0;0.0;0.0;22.435897435897438;22.435897435897438;25.0;25.0;0;0
365.549;0.0;0.0;0.0;22.435897435897438;22.435897435897438;25.0;25.0;0;0
365.657;0.0;0.0;0.0;22.435897435897438;22.435897435897438;25.0;25.0;0;0
365.768;0.0;0.0;0.0;22.435897435897438;22.435897435897438;25.0;25.0;0;0
365.875;0.0;0.0;0.0;22.435897435897438;22.435897435897438;25.0;25.0;0;0
365.984;0.0;0.0;0.0;22.435897435897438;22.435897435897438;25.0;25.0;0;0
366.095;0.0;0.0;0.0;22.435897435897438;22.435897435897438;25.0;25.0;0;0
366.221;0.0;0.0;0.0;22.48717948717949;22.435897435897438;25.0;25.0;0;0
366.322;0.0;0.0;0.0;22.48717948717949;22.435897435897438;25.0;25.0;0;0
366.431;0.0;0.0;0.0;22.48717948717949;22.435897435897438;25.0;25.0;0;0
366.537;0.0;0.0;0.0;22.48717948717949;22.435897435897438;25.0;25.0;0;0
366.638;0.0;0.0;0.0;22.48717948717949;22.435897435897438;25.0;25.0;0;0
366.743;0.0;0.0;0.0;22.48717948717949;22.435897435897438;25.0;25.0;0;0
366.854;0.0;0.0;0.0;22.48717948717949;22.435897435897438;25.0;25.0;0;0
366.962;0.0;0.0;0.0;22.48717948717949;22.435897435897438;25.0;25.0;0;0
367.073;0.0;0.0;0.0;22.48717948717949;22.435897435897438;25.0;25.0;0;0
367.173;0.0;0.0;0.0;22.48717948717949;22.435897435897438;25.0;25.0;0;0
367.293;0.0;0.0;0.0;22.435897435897438;22.435897435897438;25.0;25.0;0;0
367.399;0.0;0.0;0.0;22.435897435897438;22.435897435897438;25.0;25.0;0;0
367.507;0.0;0.0;0.0;22.435897435897438;22.435897435897438;25.0;25.0;0;0
367.622;0.0;0.0;0.0;22.435897435897438;22.435897435897438;25.0;25.0;0;0
367.73;0.0;0.0;0.0;22.435897435897438;22.435897435897438;25.0;25.0;0;0
367.836;0.0;0.0;0.0;22.435897435897438;22.435897435897438;25.0;25.0;0;0
367.949;0.0;0.0;0.0;22.435897435897438;22.435897435897438;25.0;25.0;0;0
368.06;0.0;0.0;0.0;22.435897435897438;22.435897435897438;25.0;25.0;0;0
368.164;0.0;0.0;0.0;22.435897435897438;22.435897435897438;25.0;25.0;0;0
368.276;0.0;0.0;0.0;22.48717948717949;22.48717948717949;25.0;25.0;0;0
368.39;0.0;0.0;0.0;22.48717948717949;22.48717948717949;25.0;25.0;0;0
368.499;0.0;0.0;0.0;22.48717948717949;22.48717948717949;25.0;25.0;0;0
368.607;0.0;0.0;0.0;22.48717948717949;22.48717948717949;25.0;25.0;0;0
368.716;0.0;0.0;0.0;22.48717948717949;22.48717948717949;25.0;25.0;0;0
368.818;0.0;0.0;0.0;22.48717948717949;22.48717948717949;25.0;25.0;0;0
368.919;0.0;0.0;0.0;22.48717948717949;22.48717948717949;25.0;25.0;0;0
369.034;0.0;0.0;0.0;22.48717948717949;22.48717948717949;25.0;25.0;0;0
369.139;0.0;0.0;0.0;22.48717948717949;22.48717948717949;25.0;25.0;0;0
369.252;0.0;0.0;0.0;22.48717948717949;22.435897435897438;25.0;25.0;0;0
369.359;0.0;0.0;0.0;22.48717948717949;22.435897435897438;25.0;25.0;0;0
369.465;0.0;0.0;0.0;22.48717948717949;22.435897435897438;25.0;25.0;0;0
369.575;0.0;0.0;0.0;22.48717948717949;22.435897435897438;25.0;25.0;0;0
369.688;0.0;0.0;0.0;22.48717948717949;22.435897435897438;25.0;25.0;0;0
369.8;0.0;0.0;0.0;22.48717948717949;22.435897435897438;25.0;25.0;0;0
369.905;0.0;0.0;0.0;22.48717948717949;22.435897435897438;25.0;25.0;0;0
370.015;0.0;0.0;0.0;22.48717948717949;22.435897435897438;25.0;25.0;0;0
370.124;0.0;0.0;0.0;22.48717948717949;22.435897435897438;25.0;25.0;0;0
370.234;0.0;0.0;0.0;22.48717948717949;22.48717948717949;25.0;25.0;0;0
370.349;0.0;0.0;0.0;22.48717948717949;22.48717948717949;25.0;25.0;0;0
370.455;0.0;0.0;0.0;22.48717948717949;22.48717948717949;25.0;25.0;0;0
370.568;0.0;0.0;0.0;22.48717948717949;22.48717948717949;25.0;25.0;0;0
370.679;0.0;0.0;0.0;22.48717948717949;22.48717948717949;25.0;25.0;0;0
370.794;0.0;0.0;0.0;22.48717948717949;22.48717948717949;25.0;25.0;0;0
370.898;0.0;0.0;0.0;22.48717948717949;22.48717948717949;25.0;25.0;0;0
371.011;0.0;0.0;0.0;22.48717948717949;22.48717948717949;25.0;25.0;0;0
371.118;0.0;0.0;0.0;22.48717948717949;22.48717948717949;25.0;25.0;0;0
371.231;0.0;0.0;0.0;22.48717948717949;22.435897435897438;25.0;25.0;0;0
371.343;0.0;0.0;0.0;22.48717948717949;22.435897435897438;25.0;25.0;0;0
371.455;0.0;0.0;0.0;22.48717948717949;22.435897435897438;25.0;25.0;0;0
371.566;0.0;0.0;0.0;22.48717948717949;22.435897435897438;25.0;25.0;0;0
371.674;0.0;0.0;0.0;22.48717948717949;22.435897435897438;25.0;25.0;0;0
371.789;0.0;0.0;0.0;22.48717948717949;22.435897435897438;25.0;25.0;0;0
371.9;0.0;0.0;0.0;22.48717948717949;22.435897435897438;25.0;25.0;0;0
372.004;0.0;0.0;0.0;22.48717948717949;22.435897435897438;25.0;25.0;0;0
372.116;0.0;0.0;0.0;22.48717948717949;22.435897435897438;25.0;25.0;0;0
372.218;0.0;0.0;0.0;22.48717948717949;22.435897435897438;25.0;25.0;0;0
372.318;0.0;0.0;0.0;22.48717948717949;22.435897435897438;25.0;25.0;0;0
372.436;0.0;0.0;0.0;22.48717948717949;22.435897435897438;25.0;25.0;0;0
372.551;0.0;0.0;0.0;22.48717948717949;22.435897435897438;25.0;25.0;0;0
372.658;0.0;0.0;0.0;22.48717948717949;22.435897435897438;25.0;25.0;0;0
372.773;0.0;0.0;0.0;22.48717948717949;22.435897435897438;25.0;25.0;0;0
372.878;0.0;0.0;0.0;22.48717948717949;22.435897435897438;25.0;25.0;0;0
372.987;0.0;0.0;0.0;22.48717948717949;22.435897435897438;25.0;25.0;0;0
373.102;0.0;0.0;0.0;22.48717948717949;22.435897435897438;25.0;25.0;0;0
373.221;0.0;0.0;0.0;22.48717948717949;22.435897435897438;25.0;25.0;0;0
373.323;0.0;0.0;0.0;22.48717948717949;22.435897435897438;25.0;25.0;0;0
373.435;0.0;0.0;0.0;22.48717948717949;22.435897435897438;25.0;25.0;0;0
373.555;0.0;0.0;0.0;22.48717948717949;22.435897435897438;25.0;25.0;0;0
373.656;0.0;0.0;0.0;22.48717948717949;22.435897435897438;25.0;25.0;0;0
373.76;0.0;0.0;0.0;22.48717948717949;22.435897435897438;25.0;25.0;0;0
373.862;0.0;0.0;0.0;22.48717948717949;22.435897435897438;25.0;25.0;0;0
373.965;0.0;0.0;0.0;22.48717948717949;22.435897435897438;25.0;25.0;0;0
374.073;0.0;0.0;0.0;22.48717948717949;22.435897435897438;25.0;25.0;0;0
374.184;0.0;0.0;0.0;22.48717948717949;22.435897435897438;25.0;25.0;0;0
374.295;0.0;0.0;0.0;22.48717948717949;22.435897435897438;25.0;25.0;0;0
374.405;0.0;0.0;0.0;22.48717948717949;22.435897435897438;25.0;25.0;0;0
374.515;0.0;0.0;0.0;22.48717948717949;22.435897435897438;25.0;25.0;0;0
374.624;0.0;0.0;0.0;22.48717948717949;22.435897435897438;25.0;25.0;0;0
374.735;0.0;0.0;0.0;22.48717948717949;22.435897435897438;25.0;25.0;0;0
374.844;0.0;0.0;0.0;22.48717948717949;22.435897435897438;25.0;25.0;0;0
374.954;0.0;0.0;0.0;22.48717948717949;22.435897435897438;25.0;25.0;0;0
375.069;0.0;0.0;0.0;22.48717948717949;22.435897435897438;25.0;25.0;0;0
375.183;0.0;0.0;0.0;22.48717948717949;22.435897435897438;25.0;25.0;0;0
375.292;0.0;0.0;0.0;22.435897435897438;22.435897435897438;25.0;25.0;0;0
375.394;0.0;0.0;0.0;22.435897435897438;22.435897435897438;25.0;25.0;0;0
375.504;0.0;0.0;0.0;22.435897435897438;22.435897435897438;25.0;25.0;0;0
375.614;0.0;0.0;0.0;22.435897435897438;22.435897435897438;25.0;25.0;0;0
375.731;0.0;0.0;0.0;22.435897435897438;22.435897435897438;25.0;25.0;0;0
375.835;0.0;0.0;0.0;22.435897435897438;22.435897435897438;25.0;25.0;0;0
375.942;0.0;0.0;0.0;22.435897435897438;22.435897435897438;25.0;25.0;0;0
376.06;0.0;0.0;0.0;22.435897435897438;22.435897435897438;25.0;25.0;0;0
376.165;0.0;0.0;0.0;22.435897435897438;22.435897435897438;25.0;25.0;0;0
376.266;0.0;0.0;0.0;22.48717948717949;22.48717948717949;25.0;25.0;0;0
376.369;0.0;0.0;0.0;22.48717948717949;22.48717948717949;25.0;25.0;0;0
376.485;0.0;0.0;0.0;22.48717948717949;22.48717948717949;25.0;25.0;0;0
376.597;0.0;0.0;0.0;22.48717948717949;22.48717948717949;25.0;25.0;0;0
376.701;0.0;0.0;0.0;22.48717948717949;22.48717948717949;25.0;25.0;0;0
376.812;0.0;0.0;0.0;22.48717948717949;22.48717948717949;25.0;25.0;0;0
376.921;0.0;0.0;0.0;22.48717948717949;22.48717948717949;25.0;25.0;0;0
377.032;0.0;0.0;0.0;22.48717948717949;22.48717948717949;25.0;25.0;0;0
377.145;0.0;0.0;0.0;22.48717948717949;22.48717948717949;25.0;25.0;0;0
377.251;0.0;0.0;0.0;22.48717948717949;22.435897435897438;25.0;25.0;0;0
377.364;0.0;0.0;0.0;22.48717948717949;22.435897435897438;25.0;25.0;0;0
377.472;0.0;0.0;0.0;22.48717948717949;22.435897435897438;25.0;25.0;0;0
377.588;0.0;0.0;0.0;22.48717948717949;22.435897435897438;25.0;25.0;0;0
377.691;0.0;0.0;0.0;22.48717948717949;22.435897435897438;25.0;25.0;0;0
377.8;0.0;0.0;0.0;22.48717948717949;22.435897435897438;25.0;25.0;0;0
377.91;0.0;0.0;0.0;22.48717948717949;22.435897435897438;25.0;25.0;0;0
378.022;0.0;0.0;0.0;22.48717948717949;22.435897435897438;25.0;25.0;0;0
378.133;0.0;0.0;0.0;22.48717948717949;22.435897435897438;25.0;25.0;0;0
378.242;0.0;0.0;0.0;22.435897435897438;22.435897435897438;25.0;25.0;0;0
378.349;0.0;0.0;0.0;22.435897435897438;22.435897435897438;25.0;25.0;0;0
378.455;0.0;0.0;0.0;22.435897435897438;22.435897435897438;25.0;25.0;0;0
378.559;0.0;0.0;0.0;22.435897435897438;22.435897435897438;25.0;25.0;0;0
378.669;0.0;0.0;0.0;22.435897435897438;22.435897435897438;25.0;25.0;0;0
378.779;0.0;0.0;0.0;22.435897435897438;22.435897435897438;25.0;25.0;0;0
378.89;0.0;0.0;0.0;22.435897435897438;22.435897435897438;25.0;25.0;0;0
379.006;0.0;0.0;0.0;22.435897435897438;22.435897435897438;25.0;25.0;0;0
379.111;0.0;0.0;0.0;22.435897435897438;22.435897435897438;25.0;25.0;0;0
379.221;0.0;0.0;0.0;22.48717948717949;22.435897435897438;25.0;25.0;0;0
379.332;0.0;0.0;0.0;22.48717948717949;22.435897435897438;25.0;25.0;0;0
379.441;0.0;0.0;0.0;22.48717948717949;22.435897435897438;25.0;25.0;0;0
379.551;0.0;0.0;0.0;22.48717948717949;22.435897435897438;25.0;25.0;0;0
379.667;0.0;0.0;0.0;22.48717948717949;22.435897435897438;25.0;25.0;0;0
379.771;0.0;0.0;0.0;22.48717948717949;22.435897435897438;25.0;25.0;0;0
379.886;0.0;0.0;0.0;22.48717948717949;22.435897435897438;25.0;25.0;0;0
379.993;0.0;0.0;0.0;22.48717948717949;22.435897435897438;25.0;25.0;0;0
380.1;0.0;0.0;0.0;22.48717948717949;22.435897435897438;25.0;25.0;0;0
380.218;0.0;0.0;0.0;22.48717948717949;22.435897435897438;25.0;25.0;0;0
380.321;0.0;0.0;0.0;22.435897435897438;22.435897435897438;25.0;25.0;0;0
380.432;0.0;0.0;0.0;22.435897435897438;22.435897435897438;25.0;25.0;0;0
380.548;0.0;0.0;0.0;22.435897435897438;22.435897435897438;25.0;25.0;0;0
380.651;0.0;0.0;0.0;22.435897435897438;22.435897435897438;25.0;25.0;0;0
380.762;0.0;0.0;0.0;22.435897435897438;22.435897435897438;25.0;25.0;0;0
380.871;0.0;0.0;0.0;22.435897435897438;22.435897435897438;25.0;25.0;0;0
380.982;0.0;0.0;0.0;22.435897435897438;22.435897435897438;25.0;25.0;0;0
381.098;0.0;0.0;0.0;22.435897435897438;22.435897435897438;25.0;25.0;0;0
381.203;0.0;0.0;0.0;22.435897435897438;22.435897435897438;25.0;25.0;0;0
381.314;0.0;0.0;0.0;22.48717948717949;22.435897435897438;25.0;25.0;0;0
381.423;0.0;0.0;0.0;22.48717948717949;22.435897435897438;25.0;25.0;0;0
381.54;0.0;0.0;0.0;22.48717948717949;22.435897435897438;25.0;25.0;0;0
381.649;0.0;0.0;0.0;22.48717948717949;22.435897435897438;25.0;25.0;0;0
381.754;0.0;0.0;0.0;22.48717948717949;22.435897435897438;25.0;25.0;0;0
381.865;0.0;0.0;0.0;22.48717948717949;22.435897435897438;25.0;25.0;0;0
381.976;0.0;0.0;0.0;22.48717948717949;22.435897435897438;25.0;25.0;0;0
382.096;0.0;0.0;0.0;22.48717948717949;22.435897435897438;25.0;25.0;0;0
382.197;0.0;0.0;0.0;22.48717948717949;22.435897435897438;25.0;25.0;0;0
382.298;0.0;0.0;0.0;22.48717948717949;22.48717948717949;25.0;25.0;0;0
382.402;0.0;0.0;0.0;22.48717948717949;22.48717948717949;25.0;25.0;0;0
382.513;0.0;0.0;0.0;22.48717948717949;22.48717948717949;25.0;25.0;0;0
382.623;0.0;0.0;0.0;22.48717948717949;22.48717948717949;25.0;25.0;0;0
382.733;0.0;0.0;0.0;22.48717948717949;22.48717948717949;25.0;25.0;0;0
382.855;0.0;0.0;0.0;22.48717948717949;22.48717948717949;25.0;25.0;0;0
382.96;0.0;0.0;0.0;22.48717948717949;22.48717948717949;25.0;25.0;0;0
383.062;0.0;0.0;0.0;22.48717948717949;22.48717948717949;25.0;25.0;0;0
383.172;0.0;0.0;0.0;22.48717948717949;22.48717948717949;25.0;25.0;0;0
383.282;0.0;0.0;0.0;22.435897435897438;22.435897435897438;25.0;25.0;0;0
383.393;0.0;0.0;0.0;22.435897435897438;22.435897435897438;25.0;25.0;0;0
383.503;0.0;0.0;0.0;22.435897435897438;22.435897435897438;25.0;25.0;0;0
383.613;0.0;0.0;0.0;22.435897435897438;22.435897435897438;25.0;25.0;0;0
383.724;0.0;0.0;0.0;22.435897435897438;22.435897435897438;25.0;25.0;0;0
383.842;0.0;0.0;0.0;22.435897435897438;22.435897435897438;25.0;25.0;0;0
383.949;0.0;0.0;0.0;22.435897435897438;22.435897435897438;25.0;25.0;0;0
384.053;0.0;0.0;0.0;22.435897435897438;22.435897435897438;25.0;25.0;0;0
384.162;0.0;0.0;0.0;22.435897435897438;22.435897435897438;25.0;25.0;0;0
384.264;0.0;0.0;0.0;22.435897435897438;22.435897435897438;25.0;25.0;0;0
384.371;0.0;0.0;0.0;22.435897435897438;22.435897435897438;25.0;25.0;0;0
384.477;0.0;0.0;0.0;22.435897435897438;22.435897435897438;25.0;25.0;0;0
384.591;0.0;0.0;0.0;22.435897435897438;22.435897435897438;25.0;25.0;0;0
384.699;0.0;0.0;0.0;22.435897435897438;22.435897435897438;25.0;25.0;0;0
384.806;0.0;0.0;0.0;22.435897435897438;22.435897435897438;25.0;25.0;0;0
384.916;0.0;0.0;0.0;22.435897435897438;22.435897435897438;25.0;25.0;0;0
385.029;0.0;0.0;0.0;22.435897435897438;22.435897435897438;25.0;25.0;0;0
385.133;0.0;0.0;0.0;22.435897435897438;22.435897435897438;25.0;25.0;0;0
385.233;0.0;0.0;0.0;22.48717948717949;22.435897435897438;25.0;25.0;0;0
385.338;0.0;0.0;0.0;22.48717948717949;22.435897435897438;25.0;25.0;0;0
385.452;0.0;0.0;0.0;22.48717948717949;22.435897435897438;25.0;25.0;0;0
385.553;0.0;0.0;0.0;22.48717948717949;22.435897435897438;25.0;25.0;0;0
385.655;0.0;0.0;0.0;22.48717948717949;22.435897435897438;25.0;25.0;0;0
385.764;0.0;0.0;0.0;22.48717948717949;22.435897435897438;25.0;25.0;0;0
385.892;0.0;0.0;0.0;22.48717948717949;22.435897435897438;25.0;25.0;0;0
385.993;0.0;0.0;0.0;22.48717948717949;22.435897435897438;25.0;25.0;0;0
386.093;0.0;0.0;0.0;22.48717948717949;22.435897435897438;25.0;25.0;0;0
386.194;0.0;0.0;0.0;22.48717948717949;22.435897435897438;25.0;25.0;0;0
386.297;0.0;0.0;0.0;22.435897435897438;22.48717948717949;25.0;25.0;0;0
386.413;0.0;0.0;0.0;22.435897435897438;22.48717948717949;25.0;25.0;0;0
386.517;0.0;0.0;0.0;22.435897435897438;22.48717948717949;25.0;25.0;0;0
386.628;0.0;0.0;0.0;22.435897435897438;22.48717948717949;25.0;25.0;0;0
386.739;0.0;0.0;0.0;22.435897435897438;22.48717948717949;25.0;25.0;0;0
386.84;0.0;0.0;0.0;22.435897435897438;22.48717948717949;25.0;25.0;0;0
386.94;0.0;0.0;0.0;22.435897435897438;22.48717948717949;25.0;25.0;0;0
387.042;0.0;0.0;0.0;22.435897435897438;22.48717948717949;25.0;25.0;0;0
387.144;0.0;0.0;0.0;22.48717948717949;22.435897435897438;25.0;25.0;0;0
387.247;0.0;0.0;0.0;22.48717948717949;22.435897435897438;25.0;25.0;0;0
387.35;0.0;0.0;0.0;22.48717948717949;22.435897435897438;25.0;25.0;0;0
387.469;0.0;0.0;0.0;22.48717948717949;22.435897435897438;25.0;25.0;0;0
387.577;0.0;0.0;0.0;22.48717948717949;22.435897435897438;25.0;25.0;0;0
387.677;0.0;0.0;0.0;22.48717948717949;22.435897435897438;25.0;25.0;0;0
387.781;0.0;0.0;0.0;22.48717948717949;22.435897435897438;25.0;25.0;0;0
387.884;0.0;0.0;0.0;22.48717948717949;22.435897435897438;25.0;25.0;0;0
388.007;0.0;0.0;0.0;22.48717948717949;22.435897435897438;25.0;25.0;0;0
388.125;0.0;0.0;0.0;22.48717948717949;22.435897435897438;25.0;25.0;0;0
388.227;0.0;0.0;0.0;22.48717948717949;22.435897435897438;25.0;25.0;0;0
388.337;0.0;0.0;0.0;22.48717948717949;22.435897435897438;25.0;25.0;0;0
388.455;0.0;0.0;0.0;22.48717948717949;22.435897435897438;25.0;25.0;0;0
388.557;0.0;0.0;0.0;22.48717948717949;22.435897435897438;25.0;25.0;0;0
388.668;0.0;0.0;0.0;22.48717948717949;22.435897435897438;25.0;25.0;0;0
388.779;0.0;0.0;0.0;22.48717948717949;22.435897435897438;25.0;25.0;0;0
388.905;0.0;0.0;0.0;22.48717948717949;22.435897435897438;25.0;25.0;0;0
389.022;0.0;0.0;0.0;22.48717948717949;22.435897435897438;25.0;25.0;0;0
389.124;0.0;0.0;0.0;22.48717948717949;22.435897435897438;25.0;25.0;0;0
389.226;0.0;0.0;0.0;22.48717948717949;22.435897435897438;25.0;25.0;0;0
389.331;0.0;0.0;0.0;22.435897435897438;22.435897435897438;25.0;25.0;0;0
389.442;0.0;0.0;0.0;22.435897435897438;22.435897435897438;25.0;25.0;0;0
389.554;0.0;0.0;0.0;22.435897435897438;22.435897435897438;25.0;25.0;0;0
389.663;0.0;0.0;0.0;22.435897435897438;22.435897435897438;25.0;25.0;0;0
389.779;0.0;0.0;0.0;22.435897435897438;22.435897435897438;25.0;25.0;0;0
389.883;0.0;0.0;0.0;22.435897435897438;22.435897435897438;25.0;25.0;0;0
389.984;0.0;0.0;0.0;22.435897435897438;22.435897435897438;25.0;25.0;0;0
390.102;0.0;0.0;0.0;22.435897435897438;22.435897435897438;25.0;25.0;0;0
390.214;0.0;0.0;0.0;22.435897435897438;22.435897435897438;25.0;25.0;0;0
390.316;0.0;0.0;0.0;22.48717948717949;22.48717948717949;25.0;25.0;0;0
390.426;0.0;0.0;0.0;22.48717948717949;22.48717948717949;25.0;25.0;0;0
390.534;0.0;0.0;0.0;22.48717948717949;22.48717948717949;25.0;25.0;0;0
390.634;0.0;0.0;0.0;22.48717948717949;22.48717948717949;25.0;25.0;0;0
390.734;0.0;0.0;0.0;22.48717948717949;22.48717948717949;25.0;25.0;0;0
390.834;0.0;0.0;0.0;22.48717948717949;22.48717948717949;25.0;25.0;0;0
390.935;0.0;0.0;0.0;22.48717948717949;22.48717948717949;25.0;25.0;0;0
391.047;0.0;0.0;0.0;22.48717948717949;22.48717948717949;25.0;25.0;0;0
391.15;0.0;0.0;0.0;22.48717948717949;22.48717948717949;25.0;25.0;0;0
391.25;0.0;0.0;0.0;22.435897435897438;22.435897435897438;25.0;25.0;0;0
391.362;0.0;0.0;0.0;22.435897435897438;22.435897435897438;25.0;25.0;0;0
391.47;0.0;0.0;0.0;22.435897435897438;22.435897435897438;25.0;25.0;0;0
391.579;0.0;0.0;0.0;22.435897435897438;22.435897435897438;25.0;25.0;0;0
391.691;0.0;0.0;0.0;22.435897435897438;22.435897435897438;25.0;25.0;0;0
391.8;0.0;0.0;0.0;22.435897435897438;22.435897435897438;25.0;25.0;0;0
391.91;0.0;0.0;0.0;22.435897435897438;22.435897435897438;25.0;25.0;0;0
392.018;0.0;0.0;0.0;22.435897435897438;22.435897435897438;25.0;25.0;0;0
392.133;0.0;0.0;0.0;22.435897435897438;22.435897435897438;25.0;25.0;0;0
392.24;0.0;0.0;0.0;22.48717948717949;22.435897435897438;25.0;25.0;0;0
392.349;0.0;0.0;0.0;22.48717948717949;22.435897435897438;25.0;25.0;0;0
392.46;0.0;0.0;0.0;22.48717948717949;22.435897435897438;25.0;25.0;0;0
392.57;0.0;0.0;0.0;22.48717948717949;22.435897435897438;25.0;25.0;0;0
392.671;0.0;0.0;0.0;22.48717948717949;22.435897435897438;25.0;25.0;0;0
392.774;0.0;0.0;0.0;22.48717948717949;22.435897435897438;25.0;25.0;0;0
392.883;0.0;0.0;0.0;22.48717948717949;22.435897435897438;25.0;25.0;0;0
392.996;0.0;0.0;0.0;22.48717948717949;22.435897435897438;25.0;25.0;0;0
393.104;0.0;0.0;0.0;22.48717948717949;22.435897435897438;25.0;25.0;0;0
393.207;0.0;0.0;0.0;22.435897435897438;22.48717948717949;25.0;25.0;0;0
393.308;0.0;0.0;0.0;22.435897435897438;22.48717948717949;25.0;25.0;0;0
393.411;0.0;0.0;0.0;22.435897435897438;22.48717948717949;25.0;25.0;0;0
393.516;0.0;0.0;0.0;22.435897435897438;22.48717948717949;25.0;25.0;0;0
393.626;0.0;0.0;0.0;22.435897435897438;22.48717948717949;25.0;25.0;0;0
393.734;0.0;0.0;0.0;22.435897435897438;22.48717948717949;25.0;25.0;0;0
393.845;0.0;0.0;0.0;22.435897435897438;22.48717948717949;25.0;25.0;0;0
393.955;0.0;0.0;0.0;22.435897435897438;22.48717948717949;25.0;25.0;0;0
394.065;0.0;0.0;0.0;22.435897435897438;22.48717948717949;25.0;25.0;0;0
394.177;0.0;0.0;0.0;22.435897435897438;22.48717948717949;25.0;25.0;0;0
394.29;0.0;0.0;0.0;22.48717948717949;22.48717948717949;25.0;25.0;0;0
394.396;0.0;0.0;0.0;22.48717948717949;22.48717948717949;25.0;25.0;0;0
394.505;0.0;0.0;0.0;22.48717948717949;22.48717948717949;25.0;25.0;0;0
394.615;0.0;0.0;0.0;22.48717948717949;22.48717948717949;25.0;25.0;0;0
394.728;0.0;0.0;0.0;22.48717948717949;22.48717948717949;25.0;25.0;0;0
394.835;0.0;0.0;0.0;22.48717948717949;22.48717948717949;25.0;25.0;0;0
394.946;0.0;0.0;0.0;22.48717948717949;22.48717948717949;25.0;25.0;0;0
395.05;0.0;0.0;0.0;22.48717948717949;22.48717948717949;25.0;25.0;0;0
395.151;0.0;0.0;0.0;22.48717948717949;22.48717948717949;25.0;25.0;0;0
395.264;0.0;0.0;0.0;22.48717948717949;22.48717948717949;25.0;25.0;0;0
395.371;0.0;0.0;0.0;22.435897435897438;22.48717948717949;25.0;25.0;0;0
395.483;0.0;0.0;0.0;22.435897435897438;22.48717948717949;25.0;25.0;0;0
395.592;0.0;0.0;0.0;22.435897435897438;22.48717948717949;25.0;25.0;0;0
395.7;0.0;0.0;0.0;22.435897435897438;22.48717948717949;25.0;25.0;0;0
395.81;0.0;0.0;0.0;22.435897435897438;22.48717948717949;25.0;25.0;0;0
395.921;0.0;0.0;0.0;22.435897435897438;22.48717948717949;25.0;25.0;0;0
396.034;0.0;0.0;0.0;22.435897435897438;22.48717948717949;25.0;25.0;0;0
396.141;0.0;0.0;0.0;22.435897435897438;22.48717948717949;25.0;25.0;0;0
396.248;0.0;0.0;0.0;22.435897435897438;22.48717948717949;25.0;25.0;0;0
396.359;0.0;0.0;0.0;22.48717948717949;-105.55555555555556;25.0;25.0;0;0
396.468;0.0;0.0;0.0;22.48717948717949;-105.55555555555556;25.0;25.0;0;0
396.578;0.0;0.0;0.0;22.48717948717949;-105.55555555555556;25.0;25.0;0;0
396.692;0.0;0.0;0.0;22.48717948717949;-105.55555555555556;25.0;25.0;0;0
396.799;0.0;0.0;0.0;22.48717948717949;-105.55555555555556;25.0;25.0;0;0
396.91;0.0;0.0;0.0;22.48717948717949;-105.55555555555556;25.0;25.0;0;0
397.019;0.0;0.0;0.0;22.48717948717949;-105.55555555555556;25.0;25.0;0;0
397.128;0.0;0.0;0.0;22.48717948717949;-105.55555555555556;25.0;25.0;0;0
397.24;0.0;0.0;0.0;22.48717948717949;-105.55555555555556;25.0;25.0;0;0
397.35;0.0;0.0;0.0;22.48717948717949;22.435897435897438;25.0;25.0;0;0
397.458;0.0;0.0;0.0;22.48717948717949;22.435897435897438;25.0;25.0;0;0
397.57;0.0;0.0;0.0;22.48717948717949;22.435897435897438;25.0;25.0;0;0
397.678;0.0;0.0;0.0;22.48717948717949;22.435897435897438;25.0;25.0;0;0
397.791;0.0;0.0;0.0;22.48717948717949;22.435897435897438;25.0;25.0;0;0
397.892;0.0;0.0;0.0;22.48717948717949;22.435897435897438;25.0;25.0;0;0
397.996;0.0;0.0;0.0;22.48717948717949;22.435897435897438;25.0;25.0;0;0
398.106;0.0;0.0;0.0;22.48717948717949;22.435897435897438;25.0;25.0;0;0
398.216;0.0;0.0;0.0;22.48717948717949;22.435897435897438;25.0;25.0;0;0
398.325;0.0;0.0;0.0;22.48717948717949;22.435897435897438;25.0;25.0;0;0
398.435;0.0;0.0;0.0;22.48717948717949;22.435897435897438;25.0;25.0;0;0
398.543;0.0;0.0;0.0;22.48717948717949;22.435897435897438;25.0;25.0;0;0
398.656;0.0;0.0;0.0;22.48717948717949;22.435897435897438;25.0;25.0;0;0
398.769;0.0;0.0;0.0;22.48717948717949;22.435897435897438;25.0;25.0;0;0
398.875;0.0;0.0;0.0;22.48717948717949;22.435897435897438;25.0;25.0;0;0
398.987;0.0;0.0;0.0;22.48717948717949;22.435897435897438;25.0;25.0;0;0
399.097;0.0;0.0;0.0;22.48717948717949;22.435897435897438;25.0;25.0;0;0
399.206;0.0;0.0;0.0;22.48717948717949;22.435897435897438;25.0;25.0;0;0
399.317;0.0;0.0;0.0;22.435897435897438;22.435897435897438;25.0;25.0;0;0
399.43;0.0;0.0;0.0;22.435897435897438;22.435897435897438;25.0;25.0;0;0
399.542;0.0;0.0;0.0;22.435897435897438;22.435897435897438;25.0;25.0;0;0
399.644;0.0;0.0;0.0;22.435897435897438;22.435897435897438;25.0;25.0;0;0
399.746;0.0;0.0;0.0;22.435897435897438;22.435897435897438;25.0;25.0;0;0
399.852;0.0;0.0;0.0;22.435897435897438;22.435897435897438;25.0;25.0;0;0
399.968;0.0;0.0;0.0;22.435897435897438;22.435897435897438;25.0;25.0;0;0
400.076;0.0;0.0;0.0;22.435897435897438;22.435897435897438;25.0;25.0;0;0
400.187;0.0;0.0;0.0;22.435897435897438;22.435897435897438;25.0;25.0;0;0
400.3;0.0;0.0;0.0;22.435897435897438;22.435897435897438;25.0;25.0;0;0
400.409;0.0;0.0;0.0;22.435897435897438;22.435897435897438;25.0;25.0;0;0
400.519;0.0;0.0;0.0;22.435897435897438;22.435897435897438;25.0;25.0;0;0
400.63;0.0;0.0;0.0;22.435897435897438;22.435897435897438;25.0;25.0;0;0
400.738;0.0;0.0;0.0;22.435897435897438;22.435897435897438;25.0;25.0;0;0
400.849;0.0;0.0;0.0;22.435897435897438;22.435897435897438;25.0;25.0;0;0
400.962;0.0;0.0;0.0;22.435897435897438;22.435897435897438;25.0;25.0;0;0
401.066;0.0;0.0;0.0;22.435897435897438;22.435897435897438;25.0;25.0;0;0
401.177;0.0;0.0;0.0;22.435897435897438;22.435897435897438;25.0;25.0;0;0
401.287;0.0;0.0;0.0;22.48717948717949;22.48717948717949;25.0;25.0;0;0
401.392;0.0;0.0;0.0;22.48717948717949;22.48717948717949;25.0;25.0;0;0
401.508;0.0;0.0;0.0;22.48717948717949;22.48717948717949;25.0;25.0;0;0
401.628;0.0;0.0;0.0;22.48717948717949;22.48717948717949;25.0;25.0;0;0
401.73;0.0;0.0;0.0;22.48717948717949;22.48717948717949;25.0;25.0;0;0
401.835;0.0;0.0;0.0;22.48717948717949;22.48717948717949;25.0;25.0;0;0
401.946;0.0;0.0;0.0;22.48717948717949;22.48717948717949;25.0;25.0;0;0
402.058;0.0;0.0;0.0;22.48717948717949;22.48717948717949;25.0;25.0;0;0
402.166;0.0;0.0;0.0;22.48717948717949;22.48717948717949;25.0;25.0;0;0
402.278;0.0;0.0;0.0;22.435897435897438;22.48717948717949;25.0;25.0;0;0
402.401;0.0;0.0;0.0;22.435897435897438;22.48717948717949;25.0;25.0;0;0
402.512;0.0;0.0;0.0;22.435897435897438;22.48717948717949;25.0;25.0;0;0
402.617;0.0;0.0;0.0;22.435897435897438;22.48717948717949;25.0;25.0;0;0
402.718;0.0;0.0;0.0;22.435897435897438;22.48717948717949;25.0;25.0;0;0
402.834;0.0;0.0;0.0;22.435897435897438;22.48717948717949;25.0;25.0;0;0
402.937;0.0;0.0;0.0;22.435897435897438;22.48717948717949;25.0;25.0;0;0
403.043;0.0;0.0;0.0;22.435897435897438;22.48717948717949;25.0;25.0;0;0
403.145;0.0;0.0;0.0;22.435897435897438;22.48717948717949;25.0;25.0;0;0
403.246;0.0;0.0;0.0;22.435897435897438;22.435897435897438;25.0;25.0;0;0
403.346;0.0;0.0;0.0;22.435897435897438;22.435897435897438;25.0;25.0;0;0
403.448;0.0;0.0;0.0;22.435897435897438;22.435897435897438;25.0;25.0;0;0
403.564;0.0;0.0;0.0;22.435897435897438;22.435897435897438;25.0;25.0;0;0
403.665;0.0;0.0;0.0;22.435897435897438;22.435897435897438;25.0;25.0;0;0
403.77;0.0;0.0;0.0;22.435897435897438;22.435897435897438;25.0;25.0;0;0
403.87;0.0;0.0;0.0;22.435897435897438;22.435897435897438;25.0;25.0;0;0
403.984;0.0;0.0;0.0;22.435897435897438;22.435897435897438;25.0;25.0;0;0
404.103;0.0;0.0;0.0;22.435897435897438;22.435897435897438;25.0;25.0;0;0
404.205;0.0;0.0;0.0;22.435897435897438;22.435897435897438;25.0;25.0;0;0
404.316;0.0;0.0;0.0;22.48717948717949;22.48717948717949;25.0;25.0;0;0
404.43;0.0;0.0;0.0;22.48717948717949;22.48717948717949;25.0;25.0;0;0
404.537;0.0;0.0;0.0;22.48717948717949;22.48717948717949;25.0;25.0;0;0
404.651;0.0;0.0;0.0;22.48717948717949;22.48717948717949;25.0;25.0;0;0
404.756;0.0;0.0;0.0;22.48717948717949;22.48717948717949;25.0;25.0;0;0
404.864;0.0;0.0;0.0;22.48717948717949;22.48717948717949;25.0;25.0;0;0
404.966;0.0;0.0;0.0;22.48717948717949;22.48717948717949;25.0;25.0;0;0
405.067;0.0;0.0;0.0;22.48717948717949;22.48717948717949;25.0;25.0;0;0
405.167;0.0;0.0;0.0;22.48717948717949;22.48717948717949;25.0;25.0;0;0
405.267;0.0;0.0;0.0;22.48717948717949;22.48717948717949;25.0;25.0;0;0
405.376;0.0;0.0;0.0;22.435897435897438;22.435897435897438;25.0;25.0;0;0
405.48;0.0;0.0;0.0;22.435897435897438;22.435897435897438;25.0;25.0;0;0
405.581;0.0;0.0;0.0;22.435897435897438;22.435897435897438;25.0;25.0;0;0
405.687;0.0;0.0;0.0;22.435897435897438;22.435897435897438;25.0;25.0;0;0
405.791;0.0;0.0;0.0;22.435897435897438;22.435897435897438;25.0;25.0;0;0
405.893;0.0;0.0;0.0;22.435897435897438;22.435897435897438;25.0;25.0;0;0
406.0;0.0;0.0;0.0;22.435897435897438;22.435897435897438;25.0;25.0;0;0
406.101;0.0;0.0;0.0;22.435897435897438;22.435897435897438;25.0;25.0;0;0
406.213;0.0;0.0;0.0;22.435897435897438;22.435897435897438;25.0;25.0;0;0
406.323;0.0;0.0;0.0;22.435897435897438;22.435897435897438;25.0;25.0;0;0
406.424;0.0;0.0;0.0;22.435897435897438;22.435897435897438;25.0;25.0;0;0
406.524;0.0;0.0;0.0;22.435897435897438;22.435897435897438;25.0;25.0;0;0
406.629;0.0;0.0;0.0;22.435897435897438;22.435897435897438;25.0;25.0;0;0
406.735;0.0;0.0;0.0;22.435897435897438;22.435897435897438;25.0;25.0;0;0
406.843;0.0;0.0;0.0;22.435897435897438;22.435897435897438;25.0;25.0;0;0
406.953;0.0;0.0;0.0;22.435897435897438;22.435897435897438;25.0;25.0;0;0
407.064;0.0;0.0;0.0;22.435897435897438;22.435897435897438;25.0;25.0;0;0
407.165;0.0;0.0;0.0;22.435897435897438;22.435897435897438;25.0;25.0;0;0
407.265;0.0;0.0;0.0;22.48717948717949;22.48717948717949;25.0;25.0;0;0
407.366;0.0;0.0;0.0;22.48717948717949;22.48717948717949;25.0;25.0;0;0
407.474;0.0;0.0;0.0;22.48717948717949;22.48717948717949;25.0;25.0;0;0
407.577;0.0;0.0;0.0;22.48717948717949;22.48717948717949;25.0;25.0;0;0
407.681;0.0;0.0;0.0;22.48717948717949;22.48717948717949;25.0;25.0;0;0
407.781;0.0;0.0;0.0;22.48717948717949;22.48717948717949;25.0;25.0;0;0
407.891;0.0;0.0;0.0;22.48717948717949;22.48717948717949;25.0;25.0;0;0
408.0;0.0;0.0;0.0;22.48717948717949;22.48717948717949;25.0;25.0;0;0
408.11;0.0;0.0;0.0;22.48717948717949;22.48717948717949;25.0;25.0;0;0
408.221;0.0;0.0;0.0;22.48717948717949;22.48717948717949;25.0;25.0;0;0
408.346;0.0;0.0;0.0;22.435897435897438;22.435897435897438;25.0;25.0;0;0
408.461;0.0;0.0;0.0;22.435897435897438;22.435897435897438;25.0;25.0;0;0
408.562;0.0;0.0;0.0;22.435897435897438;22.435897435897438;25.0;25.0;0;0
408.666;0.0;0.0;0.0;22.435897435897438;22.435897435897438;25.0;25.0;0;0
408.769;0.0;0.0;0.0;22.435897435897438;22.435897435897438;25.0;25.0;0;0
408.879;0.0;0.0;0.0;22.435897435897438;22.435897435897438;25.0;25.0;0;0
408.989;0.0;0.0;0.0;22.435897435897438;22.435897435897438;25.0;25.0;0;0
409.116;0.0;0.0;0.0;22.435897435897438;22.435897435897438;25.0;25.0;0;0
409.216;0.0;0.0;0.0;22.435897435897438;22.435897435897438;25.0;25.0;0;0
409.318;0.0;0.0;0.0;22.435897435897438;22.435897435897438;25.0;25.0;0;0
409.436;0.0;0.0;0.0;22.435897435897438;22.435897435897438;25.0;25.0;0;0
409.539;0.0;0.0;0.0;22.435897435897438;22.435897435897438;25.0;25.0;0;0
409.659;0.0;0.0;0.0;22.435897435897438;22.435897435897438;25.0;25.0;0;0
409.762;0.0;0.0;0.0;22.435897435897438;22.435897435897438;25.0;25.0;0;0
409.873;0.0;0.0;0.0;22.435897435897438;22.435897435897438;25.0;25.0;0;0
409.973;0.0;0.0;0.0;22.435897435897438;22.435897435897438;25.0;25.0;0;0
410.075;0.0;0.0;0.0;22.435897435897438;22.435897435897438;25.0;25.0;0;0
410.186;0.0;0.0;0.0;22.435897435897438;22.435897435897438;25.0;25.0;0;0
410.295;0.0;0.0;0.0;22.435897435897438;22.435897435897438;25.0;25.0;0;0
410.415;0.0;0.0;0.0;22.48717948717949;22.48717948717949;25.0;25.0;0;0
410.515;0.0;0.0;0.0;22.48717948717949;22.48717948717949;25.0;25.0;0;0
410.625;0.0;0.0;0.0;22.48717948717949;22.48717948717949;25.0;25.0;0;0
410.733;0.0;0.0;0.0;22.48717948717949;22.48717948717949;25.0;25.0;0;0
410.856;0.0;0.0;0.0;22.48717948717949;22.48717948717949;25.0;25.0;0;0
410.967;0.0;0.0;0.0;22.48717948717949;22.48717948717949;25.0;25.0;0;0
411.074;0.0;0.0;0.0;22.48717948717949;22.48717948717949;25.0;25.0;0;0
411.174;0.0;0.0;0.0;22.48717948717949;22.48717948717949;25.0;25.0;0;0
411.278;0.0;0.0;0.0;22.48717948717949;22.48717948717949;25.0;25.0;0;0
411.403;0.0;0.0;0.0;22.48717948717949;22.48717948717949;25.0;25.0;0;0
411.509;0.0;0.0;0.0;22.48717948717949;22.48717948717949;25.0;25.0;0;0
411.615;0.0;0.0;0.0;22.48717948717949;22.48717948717949;25.0;25.0;0;0
411.725;0.0;0.0;0.0;22.48717948717949;22.48717948717949;25.0;25.0;0;0
411.836;0.0;0.0;0.0;22.48717948717949;22.48717948717949;25.0;25.0;0;0
411.958;0.0;0.0;0.0;22.48717948717949;22.48717948717949;25.0;25.0;0;0
412.058;0.0;0.0;0.0;22.48717948717949;22.48717948717949;25.0;25.0;0;0
412.159;0.0;0.0;0.0;22.48717948717949;22.48717948717949;25.0;25.0;0;0
412.26;0.0;0.0;0.0;22.48717948717949;22.48717948717949;25.0;25.0;0;0
412.37;0.0;0.0;0.0;22.48717948717949;22.48717948717949;25.0;25.0;0;0
412.489;0.0;0.0;0.0;22.48717948717949;22.48717948717949;25.0;25.0;0;0
412.59;0.0;0.0;0.0;22.48717948717949;22.48717948717949;25.0;25.0;0;0
412.698;0.0;0.0;0.0;22.48717948717949;22.48717948717949;25.0;25.0;0;0
412.811;0.0;0.0;0.0;22.48717948717949;22.48717948717949;25.0;25.0;0;0
412.914;0.0;0.0;0.0;22.48717948717949;22.48717948717949;25.0;25.0;0;0
413.024;0.0;0.0;0.0;22.48717948717949;22.48717948717949;25.0;25.0;0;0
413.137;0.0;0.0;0.0;22.48717948717949;22.48717948717949;25.0;25.0;0;0
413.244;0.0;0.0;0.0;22.48717948717949;22.48717948717949;25.0;25.0;0;0
413.354;0.0;0.0;0.0;22.435897435897438;22.48717948717949;25.0;25.0;0;0
413.455;0.0;0.0;0.0;22.435897435897438;22.48717948717949;25.0;25.0;0;0
413.556;0.0;0.0;0.0;22.435897435897438;22.48717948717949;25.0;25.0;0;0
413.659;0.0;0.0;0.0;22.435897435897438;22.48717948717949;25.0;25.0;0;0
413.76;0.0;0.0;0.0;22.435897435897438;22.48717948717949;25.0;25.0;0;0
413.872;0.0;0.0;0.0;22.435897435897438;22.48717948717949;25.0;25.0;0;0
413.973;0.0;0.0;0.0;22.435897435897438;22.48717948717949;25.0;25.0;0;0
414.08;0.0;0.0;0.0;22.435897435897438;22.48717948717949;25.0;25.0;0;0
414.191;0.0;0.0;0.0;22.435897435897438;22.48717948717949;25.0;25.0;0;0
414.303;0.0;0.0;0.0;22.435897435897438;22.48717948717949;25.0;25.0;0;0
414.413;0.0;0.0;0.0;22.435897435897438;22.48717948717949;25.0;25.0;0;0
414.516;0.0;0.0;0.0;22.435897435897438;22.48717948717949;25.0;25.0;0;0
414.619;0.0;0.0;0.0;22.435897435897438;22.48717948717949;25.0;25.0;0;0
414.72;0.0;0.0;0.0;22.435897435897438;22.48717948717949;25.0;25.0;0;0
414.821;0.0;0.0;0.0;22.435897435897438;22.48717948717949;25.0;25.0;0;0
414.927;0.0;0.0;0.0;22.435897435897438;22.48717948717949;25.0;25.0;0;0
415.033;0.0;0.0;0.0;22.435897435897438;22.48717948717949;25.0;25.0;0;0
415.137;0.0;0.0;0.0;22.435897435897438;22.48717948717949;25.0;25.0;0;0
415.248;0.0;0.0;0.0;22.435897435897438;22.48717948717949;25.0;25.0;0;0
415.359;0.0;0.0;0.0;22.435897435897438;22.48717948717949;25.0;25.0;0;0
415.469;0.0;0.0;0.0;22.435897435897438;22.48717948717949;25.0;25.0;0;0
415.579;0.0;0.0;0.0;22.435897435897438;22.48717948717949;25.0;25.0;0;0
415.688;0.0;0.0;0.0;22.435897435897438;22.48717948717949;25.0;25.0;0;0
415.807;0.0;0.0;0.0;22.435897435897438;22.48717948717949;25.0;25.0;0;0
415.907;0.0;0.0;0.0;22.435897435897438;22.48717948717949;25.0;25.0;0;0
416.017;0.0;0.0;0.0;22.435897435897438;22.48717948717949;25.0;25.0;0;0
416.127;0.0;0.0;0.0;22.435897435897438;22.48717948717949;25.0;25.0;0;0
416.252;0.0;0.0;0.0;22.435897435897438;22.48717948717949;25.0;25.0;0;0
416.359;0.0;0.0;0.0;22.48717948717949;22.435897435897438;25.0;25.0;0;0
416.465;0.0;0.0;0.0;22.48717948717949;22.435897435897438;25.0;25.0;0;0
416.571;0.0;0.0;0.0;22.48717948717949;22.435897435897438;25.0;25.0;0;0
416.674;0.0;0.0;0.0;22.48717948717949;22.435897435897438;25.0;25.0;0;0
416.8;0.0;0.0;0.0;22.48717948717949;22.435897435897438;25.0;25.0;0;0
416.908;0.0;0.0;0.0;22.48717948717949;22.435897435897438;25.0;25.0;0;0
417.019;0.0;0.0;0.0;22.48717948717949;22.435897435897438;25.0;25.0;0;0
417.124;0.0;0.0;0.0;22.48717948717949;22.435897435897438;25.0;25.0;0;0
417.231;0.0;0.0;0.0;22.48717948717949;22.435897435897438;25.0;25.0;0;0
417.341;0.0;0.0;0.0;22.435897435897438;22.48717948717949;25.0;25.0;0;0
417.443;0.0;0.0;0.0;22.435897435897438;22.48717948717949;25.0;25.0;0;0
417.552;0.0;0.0;0.0;22.435897435897438;22.48717948717949;25.0;25.0;0;0
417.661;0.0;0.0;0.0;22.435897435897438;22.48717948717949;25.0;25.0;0;0
417.783;0.0;0.0;0.0;22.435897435897438;22.48717948717949;25.0;25.0;0;0
417.895;0.0;0.0;0.0;22.435897435897438;22.48717948717949;25.0;25.0;0;0
418.009;0.0;0.0;0.0;22.435897435897438;22.48717948717949;25.0;25.0;0;0
418.109;0.0;0.0;0.0;22.435897435897438;22.48717948717949;25.0;25.0;0;0
418.221;0.0;0.0;0.0;22.435897435897438;22.48717948717949;25.0;25.0;0;0
418.322;0.0;0.0;0.0;22.435897435897438;22.435897435897438;25.0;25.0;0;0
418.425;0.0;0.0;0.0;22.435897435897438;22.435897435897438;25.0;25.0;0;0
418.535;0.0;0.0;0.0;22.435897435897438;22.435897435897438;25.0;25.0;0;0
418.658;0.0;0.0;0.0;22.435897435897438;22.435897435897438;25.0;25.0;0;0
418.758;0.0;0.0;0.0;22.435897435897438;22.435897435897438;25.0;25.0;0;0
418.876;0.0;0.0;0.0;22.435897435897438;22.435897435897438;25.0;25.0;0;0
418.976;0.0;0.0;0.0;22.435897435897438;22.435897435897438;25.0;25.0;0;0
419.13;0.0;0.0;0.0;22.435897435897438;22.435897435897438;25.0;25.0;0;0
419.236;0.0;0.0;0.0;22.48717948717949;22.48717948717949;25.0;25.0;0;0
419.337;0.0;0.0;0.0;22.48717948717949;22.48717948717949;25.0;25.0;0;0
419.441;0.0;0.0;0.0;22.48717948717949;22.48717948717949;25.0;25.0;0;0
419.542;0.0;0.0;0.0;22.48717948717949;22.48717948717949;25.0;25.0;0;0
419.65;0.0;0.0;0.0;22.48717948717949;22.48717948717949;25.0;25.0;0;0
419.762;0.0;0.0;0.0;22.48717948717949;22.48717948717949;25.0;25.0;0;0
419.863;0.0;0.0;0.0;22.48717948717949;22.48717948717949;25.0;25.0;0;0
419.978;0.0;0.0;0.0;22.48717948717949;22.48717948717949;25.0;25.0;0;0
420.096;0.0;0.0;0.0;22.48717948717949;22.48717948717949;25.0;25.0;0;0
420.198;0.0;0.0;0.0;22.48717948717949;22.48717948717949;25.0;25.0;0;0
420.309;0.0;0.0;0.0;22.435897435897438;22.48717948717949;25.0;25.0;0;0
420.411;0.0;0.0;0.0;22.435897435897438;22.48717948717949;25.0;25.0;0;0
420.513;0.0;0.0;0.0;22.435897435897438;22.48717948717949;25.0;25.0;0;0
420.624;0.0;0.0;0.0;22.435897435897438;22.48717948717949;25.0;25.0;0;0
420.734;0.0;0.0;0.0;22.435897435897438;22.48717948717949;25.0;25.0;0;0
420.835;0.0;0.0;0.0;22.435897435897438;22.48717948717949;25.0;25.0;0;0
420.936;0.0;0.0;0.0;22.435897435897438;22.48717948717949;25.0;25.0;0;0
421.06;0.0;0.0;0.0;22.435897435897438;22.48717948717949;25.0;25.0;0;0
421.17;0.0;0.0;0.0;22.435897435897438;22.48717948717949;25.0;25.0;0;0
421.279;0.0;0.0;0.0;22.435897435897438;22.48717948717949;25.0;25.0;0;0
421.393;0.0;0.0;0.0;22.48717948717949;22.48717948717949;25.0;25.0;0;0
421.502;0.0;0.0;0.0;22.48717948717949;22.48717948717949;25.0;25.0;0;0
421.609;0.0;0.0;0.0;22.48717948717949;22.48717948717949;25.0;25.0;0;0
421.714;0.0;0.0;0.0;22.48717948717949;22.48717948717949;25.0;25.0;0;0
421.818;0.0;0.0;0.0;22.48717948717949;22.48717948717949;25.0;25.0;0;0
421.928;0.0;0.0;0.0;22.48717948717949;22.48717948717949;25.0;25.0;0;0
422.045;0.0;0.0;0.0;22.48717948717949;22.48717948717949;25.0;25.0;0;0
422.156;0.0;0.0;0.0;22.48717948717949;22.48717948717949;25.0;25.0;0;0
422.256;0.0;0.0;0.0;22.48717948717949;22.48717948717949;25.0;25.0;0;0
422.378;0.0;0.0;0.0;22.48717948717949;22.48717948717949;25.0;25.0;0;0
422.479;0.0;0.0;0.0;22.48717948717949;22.48717948717949;25.0;25.0;0;0
422.584;0.0;0.0;0.0;22.48717948717949;22.48717948717949;25.0;25.0;0;0
422.694;0.0;0.0;0.0;22.48717948717949;22.48717948717949;25.0;25.0;0;0
422.811;0.0;0.0;0.0;22.48717948717949;22.48717948717949;25.0;25.0;0;0
422.915;0.0;0.0;0.0;22.48717948717949;22.48717948717949;25.0;25.0;0;0
423.016;0.0;0.0;0.0;22.48717948717949;22.48717948717949;25.0;25.0;0;0
423.119;0.0;0.0;0.0;22.48717948717949;22.48717948717949;25.0;25.0;0;0
423.23;0.0;0.0;0.0;22.48717948717949;22.48717948717949;25.0;25.0;0;0
423.34;0.0;0.0;0.0;22.48717948717949;22.48717948717949;25.0;25.0;0;0
423.45;0.0;0.0;0.0;22.435897435897438;22.435897435897438;25.0;25.0;0;0
423.566;0.0;0.0;0.0;22.435897435897438;22.435897435897438;25.0;25.0;0;0
423.671;0.0;0.0;0.0;22.435897435897438;22.435897435897438;25.0;25.0;0;0
423.788;0.0;0.0;0.0;22.435897435897438;22.435897435897438;25.0;25.0;0;0
423.901;0.0;0.0;0.0;22.435897435897438;22.435897435897438;25.0;25.0;0;0
424.034;0.0;0.0;0.0;22.435897435897438;22.435897435897438;25.0;25.0;0;0
424.134;0.0;0.0;0.0;22.435897435897438;22.435897435897438;25.0;25.0;0;0
424.236;0.0;0.0;0.0;22.435897435897438;22.435897435897438;25.0;25.0;0;0
424.337;0.0;0.0;0.0;22.435897435897438;22.435897435897438;25.0;25.0;0;0
424.441;0.0;0.0;0.0;22.435897435897438;22.435897435897438;25.0;25.0;0;0
424.559;0.0;0.0;0.0;22.435897435897438;22.435897435897438;25.0;25.0;0;0
424.673;0.0;0.0;0.0;22.435897435897438;22.435897435897438;25.0;25.0;0;0
424.781;0.0;0.0;0.0;22.435897435897438;22.435897435897438;25.0;25.0;0;0
424.891;0.0;0.0;0.0;22.435897435897438;22.435897435897438;25.0;25.0;0;0
425.005;0.0;0.0;0.0;22.435897435897438;22.435897435897438;25.0;25.0;0;0
425.105;0.0;0.0;0.0;22.435897435897438;22.435897435897438;25.0;25.0;0;0
425.206;0.0;0.0;0.0;22.435897435897438;22.435897435897438;25.0;25.0;0;0
425.318;0.0;0.0;0.0;22.435897435897438;22.435897435897438;25.0;25.0;0;0
425.425;0.0;0.0;0.0;22.48717948717949;22.435897435897438;25.0;25.0;0;0
425.527;0.0;0.0;0.0;22.48717948717949;22.435897435897438;25.0;25.0;0;0
425.654;0.0;0.0;0.0;22.48717948717949;22.435897435897438;25.0;25.0;0;0
425.765;0.0;0.0;0.0;22.48717948717949;22.435897435897438;25.0;25.0;0;0
425.868;0.0;0.0;0.0;22.48717948717949;22.435897435897438;25.0;25.0;0;0
425.978;0.0;0.0;0.0;22.48717948717949;22.435897435897438;25.0;25.0;0;0
426.086;0.0;0.0;0.0;22.48717948717949;22.435897435897438;25.0;25.0;0;0
426.199;0.0;0.0;0.0;22.48717948717949;22.435897435897438;25.0;25.0;0;0
426.303;0.0;0.0;0.0;22.48717948717949;22.435897435897438;25.0;25.0;0;0
426.408;0.0;0.0;0.0;22.48717948717949;22.435897435897438;25.0;25.0;0;0
426.524;0.0;0.0;0.0;22.48717948717949;22.435897435897438;25.0;25.0;0;0
426.627;0.0;0.0;0.0;22.48717948717949;22.435897435897438;25.0;25.0;0;0
426.737;0.0;0.0;0.0;22.48717948717949;22.435897435897438;25.0;25.0;0;0
426.846;0.0;0.0;0.0;22.48717948717949;22.435897435897438;25.0;25.0;0;0
426.966;0.0;0.0;0.0;22.48717948717949;22.435897435897438;25.0;25.0;0;0
427.075;0.0;0.0;0.0;22.48717948717949;22.435897435897438;25.0;25.0;0;0
427.181;0.0;0.0;0.0;22.48717948717949;22.435897435897438;25.0;25.0;0;0
427.293;0.0;0.0;0.0;22.48717948717949;22.435897435897438;25.0;25.0;0;0
427.41;0.0;0.0;0.0;22.435897435897438;22.48717948717949;25.0;25.0;0;0
427.528;0.0;0.0;0.0;22.435897435897438;22.48717948717949;25.0;25.0;0;0
427.631;0.0;0.0;0.0;22.435897435897438;22.48717948717949;25.0;25.0;0;0
427.763;0.0;0.0;0.0;22.435897435897438;22.48717948717949;25.0;25.0;0;0
427.869;0.0;0.0;0.0;22.435897435897438;22.48717948717949;25.0;25.0;0;0
427.969;0.0;0.0;0.0;22.435897435897438;22.48717948717949;25.0;25.0;0;0
428.071;0.0;0.0;0.0;22.435897435897438;22.48717948717949;25.0;25.0;0;0
428.18;0.0;0.0;0.0;22.435897435897438;22.48717948717949;25.0;25.0;0;0
428.29;0.0;0.0;0.0;22.435897435897438;22.48717948717949;25.0;25.0;0;0
428.406;0.0;0.0;0.0;22.435897435897438;22.48717948717949;25.0;25.0;0;0
428.509;0.0;0.0;0.0;22.435897435897438;22.48717948717949;25.0;25.0;0;0
428.629;0.0;0.0;0.0;22.435897435897438;22.48717948717949;25.0;25.0;0;0
428.753;0.0;0.0;0.0;22.435897435897438;22.48717948717949;25.0;25.0;0;0
428.853;0.0;0.0;0.0;22.435897435897438;22.48717948717949;25.0;25.0;0;0
428.963;0.0;0.0;0.0;22.435897435897438;22.48717948717949;25.0;25.0;0;0
429.067;0.0;0.0;0.0;22.435897435897438;22.48717948717949;25.0;25.0;0;0
429.169;0.0;0.0;0.0;22.435897435897438;22.48717948717949;25.0;25.0;0;0
429.293;0.0;0.0;0.0;22.435897435897438;22.48717948717949;25.0;25.0;0;0
429.403;0.0;0.0;0.0;22.435897435897438;22.435897435897438;25.0;25.0;0;0
429.512;0.0;0.0;0.0;22.435897435897438;22.435897435897438;25.0;25.0;0;0
429.612;0.0;0.0;0.0;22.435897435897438;22.435897435897438;25.0;25.0;0;0
429.715;0.0;0.0;0.0;22.435897435897438;22.435897435897438;25.0;25.0;0;0
429.839;0.0;0.0;0.0;22.435897435897438;22.435897435897438;25.0;25.0;0;0
429.946;0.0;0.0;0.0;22.435897435897438;22.435897435897438;25.0;25.0;0;0
430.058;0.0;0.0;0.0;22.435897435897438;22.435897435897438;25.0;25.0;0;0
430.159;0.0;0.0;0.0;22.435897435897438;22.435897435897438;25.0;25.0;0;0
430.264;0.0;0.0;0.0;22.435897435897438;22.435897435897438;25.0;25.0;0;0
430.386;0.0;0.0;0.0;22.435897435897438;22.435897435897438;25.0;25.0;0;0
430.488;0.0;0.0;0.0;22.435897435897438;22.48717948717949;25.0;25.0;0;0
430.604;0.0;0.0;0.0;22.435897435897438;22.48717948717949;25.0;25.0;0;0
430.719;0.0;0.0;0.0;22.435897435897438;22.48717948717949;25.0;25.0;0;0
430.82;0.0;0.0;0.0;22.435897435897438;22.48717948717949;25.0;25.0;0;0
430.939;0.0;0.0;0.0;22.435897435897438;22.48717948717949;25.0;25.0;0;0
431.057;0.0;0.0;0.0;22.435897435897438;22.48717948717949;25.0;25.0;0;0
431.158;0.0;0.0;0.0;22.435897435897438;22.48717948717949;25.0;25.0;0;0
431.258;0.0;0.0;0.0;22.435897435897438;22.48717948717949;25.0;25.0;0;0
431.363;0.0;0.0;0.0;22.435897435897438;22.48717948717949;25.0;25.0;0;0
431.464;0.0;0.0;0.0;22.435897435897438;22.48717948717949;25.0;25.0;0;0
431.565;0.0;0.0;0.0;22.435897435897438;22.48717948717949;25.0;25.0;0;0
431.673;0.0;0.0;0.0;22.435897435897438;22.48717948717949;25.0;25.0;0;0
431.782;0.0;0.0;0.0;22.435897435897438;22.48717948717949;25.0;25.0;0;0
431.897;0.0;0.0;0.0;22.435897435897438;22.48717948717949;25.0;25.0;0;0
432.008;0.0;0.0;0.0;22.435897435897438;22.48717948717949;25.0;25.0;0;0
432.111;0.0;0.0;0.0;22.435897435897438;22.48717948717949;25.0;25.0;0;0
432.212;0.0;0.0;0.0;22.435897435897438;22.48717948717949;25.0;25.0;0;0
432.313;0.0;0.0;0.0;22.48717948717949;22.435897435897438;25.0;25.0;0;0
432.427;0.0;0.0;0.0;22.48717948717949;22.435897435897438;25.0;25.0;0;0
432.527;0.0;0.0;0.0;22.48717948717949;22.435897435897438;25.0;25.0;0;0
432.628;0.0;0.0;0.0;22.48717948717949;22.435897435897438;25.0;25.0;0;0
432.733;0.0;0.0;0.0;22.48717948717949;22.435897435897438;25.0;25.0;0;0
432.853;0.0;0.0;0.0;22.48717948717949;22.435897435897438;25.0;25.0;0;0
432.969;0.0;0.0;0.0;22.48717948717949;22.435897435897438;25.0;25.0;0;0
433.096;0.0;0.0;0.0;22.48717948717949;22.435897435897438;25.0;25.0;0;0
433.196;0.0;0.0;0.0;22.48717948717949;22.435897435897438;25.0;25.0;0;0
433.298;0.0;0.0;0.0;22.48717948717949;22.435897435897438;25.0;25.0;0;0
433.412;0.0;0.0;0.0;22.48717948717949;22.48717948717949;25.0;25.0;0;0
433.521;0.0;0.0;0.0;22.48717948717949;22.48717948717949;25.0;25.0;0;0
433.631;0.0;0.0;0.0;22.48717948717949;22.48717948717949;25.0;25.0;0;0
433.731;0.0;0.0;0.0;22.48717948717949;22.48717948717949;25.0;25.0;0;0
433.832;0.0;0.0;0.0;22.48717948717949;22.48717948717949;25.0;25.0;0;0
433.933;0.0;0.0;0.0;22.48717948717949;22.48717948717949;25.0;25.0;0;0
434.033;0.0;0.0;0.0;22.48717948717949;22.48717948717949;25.0;25.0;0;0
434.136;0.0;0.0;0.0;22.48717948717949;22.48717948717949;25.0;25.0;0;0
434.254;0.0;0.0;0.0;22.48717948717949;22.48717948717949;25.0;25.0;0;0
434.356;0.0;0.0;0.0;22.48717948717949;22.48717948717949;25.0;25.0;0;0
434.473;0.0;0.0;0.0;22.48717948717949;22.48717948717949;25.0;25.0;0;0
434.576;0.0;0.0;0.0;22.48717948717949;22.48717948717949;25.0;25.0;0;0
434.695;0.0;0.0;0.0;22.48717948717949;22.48717948717949;25.0;25.0;0;0
434.815;0.0;0.0;0.0;22.48717948717949;22.48717948717949;25.0;25.0;0;0
434.915;0.0;0.0;0.0;22.48717948717949;22.48717948717949;25.0;25.0;0;0
435.017;0.0;0.0;0.0;22.48717948717949;22.48717948717949;25.0;25.0;0;0
435.135;0.0;0.0;0.0;22.48717948717949;22.48717948717949;25.0;25.0;0;0
435.251;0.0;0.0;0.0;22.48717948717949;22.48717948717949;25.0;25.0;0;0
435.38;0.0;0.0;0.0;22.48717948717949;22.48717948717949;25.0;25.0;0;0
435.484;0.0;0.0;0.0;22.48717948717949;22.48717948717949;25.0;25.0;0;0
435.585;0.0;0.0;0.0;22.48717948717949;22.48717948717949;25.0;25.0;0;0
435.686;0.0;0.0;0.0;22.48717948717949;22.48717948717949;25.0;25.0;0;0
435.786;0.0;0.0;0.0;22.48717948717949;22.48717948717949;25.0;25.0;0;0
435.89;0.0;0.0;0.0;22.48717948717949;22.48717948717949;25.0;25.0;0;0
436.011;0.0;0.0;0.0;22.48717948717949;22.48717948717949;25.0;25.0;0;0
436.122;0.0;0.0;0.0;22.48717948717949;22.48717948717949;25.0;25.0;0;0
436.223;0.0;0.0;0.0;22.48717948717949;22.48717948717949;25.0;25.0;0;0
436.329;0.0;0.0;0.0;22.435897435897438;22.48717948717949;25.0;25.0;0;0
436.446;0.0;0.0;0.0;22.435897435897438;22.48717948717949;25.0;25.0;0;0
436.562;0.0;0.0;0.0;22.435897435897438;22.48717948717949;25.0;25.0;0;0
436.678;0.0;0.0;0.0;22.435897435897438;22.48717948717949;25.0;25.0;0;0
436.779;0.0;0.0;0.0;22.435897435897438;22.48717948717949;25.0;25.0;0;0
436.892;0.0;0.0;0.0;22.435897435897438;22.48717948717949;25.0;25.0;0;0
436.993;0.0;0.0;0.0;22.435897435897438;22.48717948717949;25.0;25.0;0;0
437.096;0.0;0.0;0.0;22.435897435897438;22.48717948717949;25.0;25.0;0;0
437.212;0.0;0.0;0.0;22.435897435897438;22.48717948717949;25.0;25.0;0;0
437.316;0.0;0.0;0.0;22.435897435897438;22.48717948717949;25.0;25.0;0;0
437.43;0.0;0.0;0.0;22.435897435897438;22.48717948717949;25.0;25.0;0;0
437.536;0.0;0.0;0.0;22.435897435897438;22.48717948717949;25.0;25.0;0;0
437.647;0.0;0.0;0.0;22.435897435897438;22.48717948717949;25.0;25.0;0;0
437.756;0.0;0.0;0.0;22.435897435897438;22.48717948717949;25.0;25.0;0;0
437.867;0.0;0.0;0.0;22.435897435897438;22.48717948717949;25.0;25.0;0;0
437.985;0.0;0.0;0.0;22.435897435897438;22.48717948717949;25.0;25.0;0;0
438.094;0.0;0.0;0.0;22.435897435897438;22.48717948717949;25.0;25.0;0;0
438.207;0.0;0.0;0.0;22.435897435897438;22.48717948717949;25.0;25.0;0;0
438.316;0.0;0.0;0.0;22.435897435897438;22.48717948717949;25.0;25.0;0;0
438.441;0.0;0.0;0.0;22.48717948717949;22.435897435897438;25.0;25.0;0;0
438.541;0.0;0.0;0.0;22.48717948717949;22.435897435897438;25.0;25.0;0;0
438.643;0.0;0.0;0.0;22.48717948717949;22.435897435897438;25.0;25.0;0;0
438.761;0.0;0.0;0.0;22.48717948717949;22.435897435897438;25.0;25.0;0;0
438.864;0.0;0.0;0.0;22.48717948717949;22.435897435897438;25.0;25.0;0;0
438.981;0.0;0.0;0.0;22.48717948717949;22.435897435897438;25.0;25.0;0;0
439.085;0.0;0.0;0.0;22.48717948717949;22.435897435897438;25.0;25.0;0;0
439.188;0.0;0.0;0.0;22.48717948717949;22.435897435897438;25.0;25.0;0;0
439.289;0.0;0.0;0.0;22.48717948717949;22.435897435897438;25.0;25.0;0;0
439.389;0.0;0.0;0.0;22.48717948717949;22.48717948717949;25.0;25.0;0;0
439.493;0.0;0.0;0.0;22.48717948717949;22.48717948717949;25.0;25.0;0;0
439.593;0.0;0.0;0.0;22.48717948717949;22.48717948717949;25.0;25.0;0;0
439.694;0.0;0.0;0.0;22.48717948717949;22.48717948717949;25.0;25.0;0;0
439.803;0.0;0.0;0.0;22.48717948717949;22.48717948717949;25.0;25.0;0;0
439.908;0.0;0.0;0.0;22.48717948717949;22.48717948717949;25.0;25.0;0;0
440.009;0.0;0.0;0.0;22.48717948717949;22.48717948717949;25.0;25.0;0;0
440.109;0.0;0.0;0.0;22.48717948717949;22.48717948717949;25.0;25.0;0;0
440.212;0.0;0.0;0.0;22.48717948717949;22.48717948717949;25.0;25.0;0;0
440.313;0.0;0.0;0.0;22.48717948717949;22.48717948717949;25.0;25.0;0;0
440.417;0.0;0.0;0.0;22.48717948717949;22.48717948717949;25.0;25.0;0;0
440.518;0.0;0.0;0.0;22.48717948717949;22.48717948717949;25.0;25.0;0;0
440.618;0.0;0.0;0.0;22.48717948717949;22.48717948717949;25.0;25.0;0;0
440.725;0.0;0.0;0.0;22.48717948717949;22.48717948717949;25.0;25.0;0;0
440.842;0.0;0.0;0.0;22.48717948717949;22.48717948717949;25.0;25.0;0;0
440.943;0.0;0.0;0.0;22.48717948717949;22.48717948717949;25.0;25.0;0;0
441.045;0.0;0.0;0.0;22.48717948717949;22.48717948717949;25.0;25.0;0;0
441.161;0.0;0.0;0.0;22.48717948717949;22.48717948717949;25.0;25.0;0;0
441.266;0.0;0.0;0.0;22.48717948717949;22.48717948717949;25.0;25.0;0;0
441.376;0.0;0.0;0.0;22.48717948717949;22.435897435897438;25.0;25.0;0;0
441.486;0.0;0.0;0.0;22.48717948717949;22.435897435897438;25.0;25.0;0;0
441.615;0.0;0.0;0.0;22.48717948717949;22.435897435897438;25.0;25.0;0;0
441.72;0.0;0.0;0.0;22.48717948717949;22.435897435897438;25.0;25.0;0;0
441.832;0.0;0.0;0.0;22.48717948717949;22.435897435897438;25.0;25.0;0;0
441.933;0.0;0.0;0.0;22.48717948717949;22.435897435897438;25.0;25.0;0;0
442.045;0.0;0.0;0.0;22.48717948717949;22.435897435897438;25.0;25.0;0;0
442.159;0.0;0.0;0.0;22.48717948717949;22.435897435897438;25.0;25.0;0;0
442.273;0.0;0.0;0.0;22.48717948717949;22.435897435897438;25.0;25.0;0;0
442.378;0.0;0.0;0.0;22.435897435897438;22.435897435897438;25.0;25.0;0;0
442.479;0.0;0.0;0.0;22.435897435897438;22.435897435897438;25.0;25.0;0;0
442.607;0.0;0.0;0.0;22.435897435897438;22.435897435897438;25.0;25.0;0;0
442.713;0.0;0.0;0.0;22.435897435897438;22.435897435897438;25.0;25.0;0;0
442.829;0.0;0.0;0.0;22.435897435897438;22.435897435897438;25.0;25.0;0;0
442.935;0.0;0.0;0.0;22.435897435897438;22.435897435897438;25.0;25.0;0;0
443.05;0.0;0.0;0.0;22.435897435897438;22.435897435897438;25.0;25.0;0;0
443.156;0.0;0.0;0.0;22.435897435897438;22.435897435897438;25.0;25.0;0;0
443.265;0.0;0.0;0.0;22.435897435897438;22.435897435897438;25.0;25.0;0;0
443.375;0.0;0.0;0.0;22.435897435897438;22.435897435897438;25.0;25.0;0;0
443.483;0.0;0.0;0.0;22.48717948717949;22.435897435897438;25.0;25.0;0;0
443.595;0.0;0.0;0.0;22.48717948717949;22.435897435897438;25.0;25.0;0;0
443.703;0.0;0.0;0.0;22.48717948717949;22.435897435897438;25.0;25.0;0;0
443.814;0.0;0.0;0.0;22.48717948717949;22.435897435897438;25.0;25.0;0;0
443.925;0.0;0.0;0.0;22.48717948717949;22.435897435897438;25.0;25.0;0;0
444.045;0.0;0.0;0.0;22.48717948717949;22.435897435897438;25.0;25.0;0;0
444.197;0.0;0.0;0.0;22.48717948717949;22.435897435897438;25.0;25.0;0;0
444.298;0.0;0.0;0.0;22.48717948717949;22.48717948717949;25.0;25.0;0;0
444.413;0.0;0.0;0.0;22.48717948717949;22.48717948717949;25.0;25.0;0;0
444.524;0.0;0.0;0.0;22.48717948717949;22.48717948717949;25.0;25.0;0;0
444.632;0.0;0.0;0.0;22.48717948717949;22.48717948717949;25.0;25.0;0;0
444.733;0.0;0.0;0.0;22.48717948717949;22.48717948717949;25.0;25.0;0;0
444.839;0.0;0.0;0.0;22.48717948717949;22.48717948717949;25.0;25.0;0;0
444.939;0.0;0.0;0.0;22.48717948717949;22.48717948717949;25.0;25.0;0;0
445.041;0.0;0.0;0.0;22.48717948717949;22.48717948717949;25.0;25.0;0;0
445.143;0.0;0.0;0.0;22.48717948717949;22.48717948717949;25.0;25.0;0;0
445.245;0.0;0.0;0.0;22.48717948717949;22.48717948717949;25.0;25.0;0;0
445.346;0.0;0.0;0.0;22.48717948717949;22.48717948717949;25.0;25.0;0;0
445.465;0.0;0.0;0.0;22.435897435897438;22.48717948717949;25.0;25.0;0;0
445.567;0.0;0.0;0.0;22.435897435897438;22.48717948717949;25.0;25.0;0;0
445.687;0.0;0.0;0.0;22.435897435897438;22.48717948717949;25.0;25.0;0;0
445.793;0.0;0.0;0.0;22.435897435897438;22.48717948717949;25.0;25.0;0;0
445.895;0.0;0.0;0.0;22.435897435897438;22.48717948717949;25.0;25.0;0;0
446.003;0.0;0.0;0.0;22.435897435897438;22.48717948717949;25.0;25.0;0;0
446.105;0.0;0.0;0.0;22.435897435897438;22.48717948717949;25.0;25.0;0;0
446.215;0.0;0.0;0.0;22.435897435897438;22.48717948717949;25.0;25.0;0;0
446.325;0.0;0.0;0.0;22.435897435897438;22.48717948717949;25.0;25.0;0;0
446.436;0.0;0.0;0.0;22.48717948717949;22.48717948717949;25.0;25.0;0;0
446.553;0.0;0.0;0.0;22.48717948717949;22.48717948717949;25.0;25.0;0;0
446.657;0.0;0.0;0.0;22.48717948717949;22.48717948717949;25.0;25.0;0;0
446.768;0.0;0.0;0.0;22.48717948717949;22.48717948717949;25.0;25.0;0;0
446.884;0.0;0.0;0.0;22.48717948717949;22.48717948717949;25.0;25.0;0;0
446.99;0.0;0.0;0.0;22.48717948717949;22.48717948717949;25.0;25.0;0;0
447.1;0.0;0.0;0.0;22.48717948717949;22.48717948717949;25.0;25.0;0;0
447.211;0.0;0.0;0.0;22.48717948717949;22.48717948717949;25.0;25.0;0;0
447.326;0.0;0.0;0.0;22.48717948717949;22.48717948717949;25.0;25.0;0;0
447.432;0.0;0.0;0.0;22.48717948717949;22.48717948717949;25.0;25.0;0;0
447.543;0.0;0.0;0.0;22.48717948717949;22.48717948717949;25.0;25.0;0;0
447.661;0.0;0.0;0.0;22.48717948717949;22.48717948717949;25.0;25.0;0;0
447.77;0.0;0.0;0.0;22.48717948717949;22.48717948717949;25.0;25.0;0;0
447.872;0.0;0.0;0.0;22.48717948717949;22.48717948717949;25.0;25.0;0;0
447.99;0.0;0.0;0.0;22.48717948717949;22.48717948717949;25.0;25.0;0;0
448.094;0.0;0.0;0.0;22.48717948717949;22.48717948717949;25.0;25.0;0;0
448.206;0.0;0.0;0.0;22.48717948717949;22.48717948717949;25.0;25.0;0;0
448.316;0.0;0.0;0.0;22.48717948717949;22.48717948717949;25.0;25.0;0;0
448.426;0.0;0.0;0.0;22.48717948717949;22.48717948717949;25.0;25.0;0;0
448.535;0.0;0.0;0.0;22.48717948717949;22.48717948717949;25.0;25.0;0;0
448.646;0.0;0.0;0.0;22.48717948717949;22.48717948717949;25.0;25.0;0;0
448.757;0.0;0.0;0.0;22.48717948717949;22.48717948717949;25.0;25.0;0;0
448.87;0.0;0.0;0.0;22.48717948717949;22.48717948717949;25.0;25.0;0;0
448.976;0.0;0.0;0.0;22.48717948717949;22.48717948717949;25.0;25.0;0;0
449.086;0.0;0.0;0.0;22.48717948717949;22.48717948717949;25.0;25.0;0;0
449.195;0.0;0.0;0.0;22.48717948717949;22.48717948717949;25.0;25.0;0;0
449.302;0.0;0.0;0.0;22.48717948717949;22.48717948717949;25.0;25.0;0;0
449.409;0.0;0.0;0.0;22.48717948717949;22.48717948717949;25.0;25.0;0;0
449.523;0.0;0.0;0.0;22.48717948717949;22.48717948717949;25.0;25.0;0;0
449.634;0.0;0.0;0.0;22.48717948717949;22.48717948717949;25.0;25.0;0;0
449.735;0.0;0.0;0.0;22.48717948717949;22.48717948717949;25.0;25.0;0;0
449.842;0.0;0.0;0.0;22.48717948717949;22.48717948717949;25.0;25.0;0;0
449.953;0.0;0.0;0.0;22.48717948717949;22.48717948717949;25.0;25.0;0;0
450.06;0.0;0.0;0.0;22.48717948717949;22.48717948717949;25.0;25.0;0;0
450.174;0.0;0.0;0.0;22.48717948717949;22.48717948717949;25.0;25.0;0;0
450.283;0.0;0.0;0.0;22.48717948717949;22.48717948717949;25.0;25.0;0;0
450.403;0.0;0.0;0.0;22.48717948717949;22.48717948717949;25.0;25.0;0;0
450.504;0.0;0.0;0.0;22.48717948717949;22.48717948717949;25.0;25.0;0;0
450.612;0.0;0.0;0.0;22.48717948717949;22.48717948717949;25.0;25.0;0;0
450.73;0.0;0.0;0.0;22.48717948717949;22.48717948717949;25.0;25.0;0;0
450.831;0.0;0.0;0.0;22.48717948717949;22.48717948717949;25.0;25.0;0;0
450.957;0.0;0.0;0.0;22.48717948717949;22.48717948717949;25.0;25.0;0;0
451.068;0.0;0.0;0.0;22.48717948717949;22.48717948717949;25.0;25.0;0;0
451.183;0.0;0.0;0.0;22.48717948717949;22.48717948717949;25.0;25.0;0;0
451.286;0.0;0.0;0.0;22.48717948717949;22.48717948717949;25.0;25.0;0;0
451.4;0.0;0.0;0.0;22.48717948717949;22.48717948717949;25.0;25.0;0;0
451.518;0.0;0.0;0.0;22.48717948717949;22.435897435897438;25.0;25.0;0;0
451.662;0.0;0.0;0.0;22.48717948717949;22.435897435897438;25.0;25.0;0;0
451.763;0.0;0.0;0.0;22.48717948717949;22.435897435897438;25.0;25.0;0;0
451.863;0.0;0.0;0.0;22.48717948717949;22.435897435897438;25.0;25.0;0;0
451.964;0.0;0.0;0.0;22.48717948717949;22.435897435897438;25.0;25.0;0;0
452.064;0.0;0.0;0.0;22.48717948717949;22.435897435897438;25.0;25.0;0;0
452.17;0.0;0.0;0.0;22.48717948717949;22.435897435897438;25.0;25.0;0;0
452.291;0.0;0.0;0.0;22.48717948717949;22.435897435897438;25.0;25.0;0;0
452.393;0.0;0.0;0.0;22.48717948717949;22.435897435897438;25.0;25.0;0;0
452.51;0.0;0.0;0.0;22.48717948717949;22.48717948717949;25.0;25.0;0;0
452.614;0.0;0.0;0.0;22.48717948717949;22.48717948717949;25.0;25.0;0;0
452.736;0.0;0.0;0.0;22.48717948717949;22.48717948717949;25.0;25.0;0;0
452.838;0.0;0.0;0.0;22.48717948717949;22.48717948717949;25.0;25.0;0;0
452.948;0.0;0.0;0.0;22.48717948717949;22.48717948717949;25.0;25.0;0;0
453.058;0.0;0.0;0.0;22.48717948717949;22.48717948717949;25.0;25.0;0;0
453.169;0.0;0.0;0.0;22.48717948717949;22.48717948717949;25.0;25.0;0;0
453.282;0.0;0.0;0.0;22.48717948717949;22.48717948717949;25.0;25.0;0;0
453.391;0.0;0.0;0.0;22.48717948717949;22.48717948717949;25.0;25.0;0;0
453.492;0.0;0.0;0.0;22.435897435897438;22.48717948717949;25.0;25.0;0;0
453.607;0.0;0.0;0.0;22.435897435897438;22.48717948717949;25.0;25.0;0;0
453.722;0.0;0.0;0.0;22.435897435897438;22.48717948717949;25.0;25.0;0;0
453.828;0.0;0.0;0.0;22.435897435897438;22.48717948717949;25.0;25.0;0;0
453.935;0.0;0.0;0.0;22.435897435897438;22.48717948717949;25.0;25.0;0;0
454.057;0.0;0.0;0.0;22.435897435897438;22.48717948717949;25.0;25.0;0;0
454.158;0.0;0.0;0.0;22.435897435897438;22.48717948717949;25.0;25.0;0;0
454.269;0.0;0.0;0.0;22.435897435897438;22.48717948717949;25.0;25.0;0;0
454.38;0.0;0.0;0.0;22.48717948717949;22.48717948717949;25.0;25.0;0;0
454.498;0.0;0.0;0.0;22.48717948717949;22.48717948717949;25.0;25.0;0;0
454.601;0.0;0.0;0.0;22.48717948717949;22.48717948717949;25.0;25.0;0;0
454.707;0.0;0.0;0.0;22.48717948717949;22.48717948717949;25.0;25.0;0;0
454.808;0.0;0.0;0.0;22.48717948717949;22.48717948717949;25.0;25.0;0;0
454.915;0.0;0.0;0.0;22.48717948717949;22.48717948717949;25.0;25.0;0;0
455.016;0.0;0.0;0.0;22.48717948717949;22.48717948717949;25.0;25.0;0;0
455.12;0.0;0.0;0.0;22.48717948717949;22.48717948717949;25.0;25.0;0;0
455.242;0.0;0.0;0.0;22.48717948717949;22.48717948717949;25.0;25.0;0;0
455.343;0.0;0.0;0.0;22.48717948717949;22.48717948717949;25.0;25.0;0;0
455.459;0.0;0.0;0.0;22.48717948717949;22.48717948717949;25.0;25.0;0;0
455.585;0.0;0.0;0.0;22.48717948717949;22.48717948717949;25.0;25.0;0;0
455.687;0.0;0.0;0.0;22.48717948717949;22.48717948717949;25.0;25.0;0;0
455.789;0.0;0.0;0.0;22.48717948717949;22.48717948717949;25.0;25.0;0;0
455.905;0.0;0.0;0.0;22.48717948717949;22.48717948717949;25.0;25.0;0;0
456.021;0.0;0.0;0.0;22.48717948717949;22.48717948717949;25.0;25.0;0;0
456.163;0.0;0.0;0.0;22.48717948717949;22.48717948717949;25.0;25.0;0;0
456.27;0.0;0.0;0.0;22.48717948717949;22.48717948717949;25.0;25.0;0;0
456.379;0.0;0.0;0.0;22.48717948717949;22.48717948717949;25.0;25.0;0;0
456.489;0.0;0.0;0.0;22.48717948717949;22.48717948717949;25.0;25.0;0;0
456.601;0.0;0.0;0.0;22.48717948717949;22.48717948717949;25.0;25.0;0;0
456.702;0.0;0.0;0.0;22.48717948717949;22.48717948717949;25.0;25.0;0;0
456.812;0.0;0.0;0.0;22.48717948717949;22.48717948717949;25.0;25.0;0;0
456.927;0.0;0.0;0.0;22.48717948717949;22.48717948717949;25.0;25.0;0;0
457.033;0.0;0.0;0.0;22.48717948717949;22.48717948717949;25.0;25.0;0;0
457.147;0.0;0.0;0.0;22.48717948717949;22.48717948717949;25.0;25.0;0;0
457.249;0.0;0.0;0.0;22.48717948717949;22.48717948717949;25.0;25.0;0;0
457.363;0.0;0.0;0.0;22.48717948717949;22.48717948717949;25.0;25.0;0;0
457.467;0.0;0.0;0.0;22.48717948717949;22.48717948717949;25.0;25.0;0;0
457.58;0.0;0.0;0.0;22.48717948717949;22.48717948717949;25.0;25.0;0;0
457.684;0.0;0.0;0.0;22.48717948717949;22.48717948717949;25.0;25.0;0;0
457.8;0.0;0.0;0.0;22.48717948717949;22.48717948717949;25.0;25.0;0;0
457.904;0.0;0.0;0.0;22.48717948717949;22.48717948717949;25.0;25.0;0;0
458.015;0.0;0.0;0.0;22.48717948717949;22.48717948717949;25.0;25.0;0;0
458.12;0.0;0.0;0.0;22.48717948717949;22.48717948717949;25.0;25.0;0;0
458.225;0.0;0.0;0.0;22.48717948717949;22.48717948717949;25.0;25.0;0;0
458.333;0.0;0.0;0.0;22.48717948717949;22.48717948717949;25.0;25.0;0;0
458.436;0.0;0.0;0.0;22.48717948717949;22.48717948717949;25.0;25.0;0;0
458.555;0.0;0.0;0.0;22.48717948717949;22.48717948717949;25.0;25.0;0;0
458.665;0.0;0.0;0.0;22.48717948717949;22.48717948717949;25.0;25.0;0;0
458.766;0.0;0.0;0.0;22.48717948717949;22.48717948717949;25.0;25.0;0;0
458.882;0.0;0.0;0.0;22.48717948717949;22.48717948717949;25.0;25.0;0;0
458.987;0.0;0.0;0.0;22.48717948717949;22.48717948717949;25.0;25.0;0;0
459.089;0.0;0.0;0.0;22.48717948717949;22.48717948717949;25.0;25.0;0;0
459.204;0.0;0.0;0.0;22.48717948717949;22.48717948717949;25.0;25.0;0;0
459.308;0.0;0.0;0.0;22.48717948717949;22.48717948717949;25.0;25.0;0;0
459.428;0.0;0.0;0.0;22.48717948717949;22.48717948717949;25.0;25.0;0;0
459.53;0.0;0.0;0.0;22.48717948717949;22.48717948717949;25.0;25.0;0;0
459.63;0.0;0.0;0.0;22.48717948717949;22.48717948717949;25.0;25.0;0;0
459.732;0.0;0.0;0.0;22.48717948717949;22.48717948717949;25.0;25.0;0;0
459.862;0.0;0.0;0.0;22.48717948717949;22.48717948717949;25.0;25.0;0;0
459.965;0.0;0.0;0.0;22.48717948717949;22.48717948717949;25.0;25.0;0;0
460.08;0.0;0.0;0.0;22.48717948717949;22.48717948717949;25.0;25.0;0;0
460.183;0.0;0.0;0.0;22.48717948717949;22.48717948717949;25.0;25.0;0;0
460.292;0.0;0.0;0.0;22.48717948717949;22.48717948717949;25.0;25.0;0;0
460.403;0.0;0.0;0.0;22.48717948717949;22.48717948717949;25.0;25.0;0;0
460.527;0.0;0.0;0.0;22.48717948717949;22.48717948717949;25.0;25.0;0;0
460.632;0.0;0.0;0.0;22.48717948717949;22.48717948717949;25.0;25.0;0;0
460.738;0.0;0.0;0.0;22.48717948717949;22.48717948717949;25.0;25.0;0;0
460.847;0.0;0.0;0.0;22.48717948717949;22.48717948717949;25.0;25.0;0;0
460.962;0.0;0.0;0.0;22.48717948717949;22.48717948717949;25.0;25.0;0;0
461.071;0.0;0.0;0.0;22.48717948717949;22.48717948717949;25.0;25.0;0;0
461.186;0.0;0.0;0.0;22.48717948717949;22.48717948717949;25.0;25.0;0;0
461.305;0.0;0.0;0.0;22.48717948717949;22.48717948717949;25.0;25.0;0;0
461.419;0.0;0.0;0.0;22.48717948717949;22.48717948717949;25.0;25.0;0;0
461.523;0.0;0.0;0.0;22.435897435897438;22.435897435897438;25.0;25.0;0;0
461.625;0.0;0.0;0.0;22.435897435897438;22.435897435897438;25.0;25.0;0;0
461.73;0.0;0.0;0.0;22.435897435897438;22.435897435897438;25.0;25.0;0;0
461.842;0.0;0.0;0.0;22.435897435897438;22.435897435897438;25.0;25.0;0;0
461.958;0.0;0.0;0.0;22.435897435897438;22.435897435897438;25.0;25.0;0;0
462.058;0.0;0.0;0.0;22.435897435897438;22.435897435897438;25.0;25.0;0;0
462.171;0.0;0.0;0.0;22.435897435897438;22.435897435897438;25.0;25.0;0;0
462.277;0.0;0.0;0.0;22.435897435897438;22.435897435897438;25.0;25.0;0;0
462.388;0.0;0.0;0.0;22.435897435897438;22.435897435897438;25.0;25.0;0;0
462.511;0.0;0.0;0.0;22.435897435897438;22.48717948717949;25.0;25.0;0;0
462.613;0.0;0.0;0.0;22.435897435897438;22.48717948717949;25.0;25.0;0;0
462.713;0.0;0.0;0.0;22.435897435897438;22.48717948717949;25.0;25.0;0;0
462.814;0.0;0.0;0.0;22.435897435897438;22.48717948717949;25.0;25.0;0;0
462.915;0.0;0.0;0.0;22.435897435897438;22.48717948717949;25.0;25.0;0;0
463.02;0.0;0.0;0.0;22.435897435897438;22.48717948717949;25.0;25.0;0;0
463.129;0.0;0.0;0.0;22.435897435897438;22.48717948717949;25.0;25.0;0;0
463.239;0.0;0.0;0.0;22.435897435897438;22.48717948717949;25.0;25.0;0;0
463.353;0.0;0.0;0.0;22.435897435897438;22.48717948717949;25.0;25.0;0;0
463.458;0.0;0.0;0.0;22.48717948717949;22.48717948717949;25.0;25.0;0;0
463.569;0.0;0.0;0.0;22.48717948717949;22.48717948717949;25.0;25.0;0;0
463.685;0.0;0.0;0.0;22.48717948717949;22.48717948717949;25.0;25.0;0;0
463.803;0.0;0.0;0.0;22.48717948717949;22.48717948717949;25.0;25.0;0;0
463.909;0.0;0.0;0.0;22.48717948717949;22.48717948717949;25.0;25.0;0;0
464.009;0.0;0.0;0.0;22.48717948717949;22.48717948717949;25.0;25.0;0;0
464.114;0.0;0.0;0.0;22.48717948717949;22.48717948717949;25.0;25.0;0;0
464.226;0.0;0.0;0.0;22.48717948717949;22.48717948717949;25.0;25.0;0;0
464.33;0.0;0.0;0.0;22.48717948717949;22.48717948717949;25.0;25.0;0;0
464.432;0.0;0.0;0.0;22.48717948717949;22.48717948717949;25.0;25.0;0;0
464.542;0.0;0.0;0.0;22.48717948717949;22.48717948717949;25.0;25.0;0;0
464.653;0.0;0.0;0.0;22.48717948717949;22.48717948717949;25.0;25.0;0;0
464.762;0.0;0.0;0.0;22.48717948717949;22.48717948717949;25.0;25.0;0;0
464.873;0.0;0.0;0.0;22.48717948717949;22.48717948717949;25.0;25.0;0;0
464.985;0.0;0.0;0.0;22.48717948717949;22.48717948717949;25.0;25.0;0;0
465.096;0.0;0.0;0.0;22.48717948717949;22.48717948717949;25.0;25.0;0;0
465.2;0.0;0.0;0.0;22.48717948717949;22.48717948717949;25.0;25.0;0;0
465.301;0.0;0.0;0.0;22.48717948717949;22.48717948717949;25.0;25.0;0;0
465.407;0.0;0.0;0.0;22.48717948717949;22.48717948717949;25.0;25.0;0;0
465.517;0.0;0.0;0.0;22.435897435897438;22.48717948717949;25.0;25.0;0;0
465.623;0.0;0.0;0.0;22.435897435897438;22.48717948717949;25.0;25.0;0;0
465.724;0.0;0.0;0.0;22.435897435897438;22.48717948717949;25.0;25.0;0;0
465.831;0.0;0.0;0.0;22.435897435897438;22.48717948717949;25.0;25.0;0;0
465.931;0.0;0.0;0.0;22.435897435897438;22.48717948717949;25.0;25.0;0;0
466.052;0.0;0.0;0.0;22.435897435897438;22.48717948717949;25.0;25.0;0;0
466.161;0.0;0.0;0.0;22.435897435897438;22.48717948717949;25.0;25.0;0;0
466.262;0.0;0.0;0.0;22.435897435897438;22.48717948717949;25.0;25.0;0;0
466.362;0.0;0.0;0.0;22.435897435897438;22.48717948717949;25.0;25.0;0;0
466.464;0.0;0.0;0.0;22.435897435897438;22.48717948717949;25.0;25.0;0;0
466.568;0.0;0.0;0.0;22.435897435897438;22.48717948717949;25.0;25.0;0;0
466.669;0.0;0.0;0.0;22.435897435897438;22.48717948717949;25.0;25.0;0;0
466.77;0.0;0.0;0.0;22.435897435897438;22.48717948717949;25.0;25.0;0;0
466.877;0.0;0.0;0.0;22.435897435897438;22.48717948717949;25.0;25.0;0;0
466.996;0.0;0.0;0.0;22.435897435897438;22.48717948717949;25.0;25.0;0;0
467.097;0.0;0.0;0.0;22.435897435897438;22.48717948717949;25.0;25.0;0;0
467.199;0.0;0.0;0.0;22.435897435897438;22.48717948717949;25.0;25.0;0;0
467.3;0.0;0.0;0.0;22.435897435897438;22.48717948717949;25.0;25.0;0;0
467.408;0.0;0.0;0.0;22.435897435897438;22.48717948717949;25.0;25.0;0;0
467.514;0.0;0.0;0.0;22.48717948717949;22.48717948717949;25.0;25.0;0;0
467.615;0.0;0.0;0.0;22.48717948717949;22.48717948717949;25.0;25.0;0;0
467.718;0.0;0.0;0.0;22.48717948717949;22.48717948717949;25.0;25.0;0;0
467.824;0.0;0.0;0.0;22.48717948717949;22.48717948717949;25.0;25.0;0;0
467.933;0.0;0.0;0.0;22.48717948717949;22.48717948717949;25.0;25.0;0;0
468.043;0.0;0.0;0.0;22.48717948717949;22.48717948717949;25.0;25.0;0;0
468.158;0.0;0.0;0.0;22.48717948717949;22.48717948717949;25.0;25.0;0;0
468.262;0.0;0.0;0.0;22.48717948717949;22.48717948717949;25.0;25.0;0;0
468.38;0.0;0.0;0.0;22.48717948717949;22.435897435897438;25.0;25.0;0;0
468.482;0.0;0.0;0.0;22.48717948717949;22.435897435897438;25.0;25.0;0;0
468.592;0.0;0.0;0.0;22.48717948717949;22.435897435897438;25.0;25.0;0;0
468.703;0.0;0.0;0.0;22.48717948717949;22.435897435897438;25.0;25.0;0;0
468.814;0.0;0.0;0.0;22.48717948717949;22.435897435897438;25.0;25.0;0;0
468.935;0.0;0.0;0.0;22.48717948717949;22.435897435897438;25.0;25.0;0;0
469.036;0.0;0.0;0.0;22.48717948717949;22.435897435897438;25.0;25.0;0;0
469.146;0.0;0.0;0.0;22.48717948717949;22.435897435897438;25.0;25.0;0;0
469.276;0.0;0.0;0.0;22.48717948717949;22.435897435897438;25.0;25.0;0;0
469.385;0.0;0.0;0.0;22.48717948717949;22.435897435897438;25.0;25.0;0;0
469.485;0.0;0.0;0.0;22.435897435897438;22.48717948717949;25.0;25.0;0;0
469.592;0.0;0.0;0.0;22.435897435897438;22.48717948717949;25.0;25.0;0;0
469.694;0.0;0.0;0.0;22.435897435897438;22.48717948717949;25.0;25.0;0;0
469.806;0.0;0.0;0.0;22.435897435897438;22.48717948717949;25.0;25.0;0;0
469.921;0.0;0.0;0.0;22.435897435897438;22.48717948717949;25.0;25.0;0;0
470.024;0.0;0.0;0.0;22.435897435897438;22.48717948717949;25.0;25.0;0;0
470.125;0.0;0.0;0.0;22.435897435897438;22.48717948717949;25.0;25.0;0;0
470.227;0.0;0.0;0.0;22.435897435897438;22.48717948717949;25.0;25.0;0;0
470.33;0.0;0.0;0.0;22.435897435897438;22.48717948717949;25.0;25.0;0;0
470.448;0.0;0.0;0.0;22.435897435897438;22.48717948717949;25.0;25.0;0;0
470.557;0.0;0.0;0.0;22.48717948717949;22.48717948717949;25.0;25.0;0;0
470.667;0.0;0.0;0.0;22.48717948717949;22.48717948717949;25.0;25.0;0;0
470.779;0.0;0.0;0.0;22.48717948717949;22.48717948717949;25.0;25.0;0;0
470.884;0.0;0.0;0.0;22.48717948717949;22.48717948717949;25.0;25.0;0;0
470.986;0.0;0.0;0.0;22.48717948717949;22.48717948717949;25.0;25.0;0;0
471.086;0.0;0.0;0.0;22.48717948717949;22.48717948717949;25.0;25.0;0;0
471.213;0.0;0.0;0.0;22.48717948717949;22.48717948717949;25.0;25.0;0;0
471.326;0.0;0.0;0.0;22.48717948717949;22.48717948717949;25.0;25.0;0;0
471.436;0.0;0.0;0.0;22.48717948717949;22.48717948717949;25.0;25.0;0;0
471.546;0.0;0.0;0.0;22.48717948717949;22.48717948717949;25.0;25.0;0;0
471.649;0.0;0.0;0.0;22.48717948717949;22.48717948717949;25.0;25.0;0;0
471.75;0.0;0.0;0.0;22.48717948717949;22.48717948717949;25.0;25.0;0;0
471.858;0.0;0.0;0.0;22.48717948717949;22.48717948717949;25.0;25.0;0;0
471.979;0.0;0.0;0.0;22.48717948717949;22.48717948717949;25.0;25.0;0;0
472.081;0.0;0.0;0.0;22.48717948717949;22.48717948717949;25.0;25.0;0;0
472.181;0.0;0.0;0.0;22.48717948717949;22.48717948717949;25.0;25.0;0;0
472.282;0.0;0.0;0.0;22.48717948717949;22.48717948717949;25.0;25.0;0;0
472.384;0.0;0.0;0.0;22.48717948717949;22.48717948717949;25.0;25.0;0;0
472.485;0.0;0.0;0.0;22.435897435897438;22.48717948717949;25.0;25.0;0;0
472.593;0.0;0.0;0.0;22.435897435897438;22.48717948717949;25.0;25.0;0;0
472.699;0.0;0.0;0.0;22.435897435897438;22.48717948717949;25.0;25.0;0;0
472.813;0.0;0.0;0.0;22.435897435897438;22.48717948717949;25.0;25.0;0;0
472.921;0.0;0.0;0.0;22.435897435897438;22.48717948717949;25.0;25.0;0;0
473.032;0.0;0.0;0.0;22.435897435897438;22.48717948717949;25.0;25.0;0;0
473.143;0.0;0.0;0.0;22.435897435897438;22.48717948717949;25.0;25.0;0;0
473.25;0.0;0.0;0.0;22.435897435897438;22.48717948717949;25.0;25.0;0;0
473.351;0.0;0.0;0.0;22.435897435897438;22.48717948717949;25.0;25.0;0;0
473.456;0.0;0.0;0.0;22.435897435897438;22.48717948717949;25.0;25.0;0;0
473.559;0.0;0.0;0.0;22.48717948717949;22.48717948717949;25.0;25.0;0;0
473.692;0.0;0.0;0.0;22.48717948717949;22.48717948717949;25.0;25.0;0;0
473.793;0.0;0.0;0.0;22.48717948717949;22.48717948717949;25.0;25.0;0;0
473.904;0.0;0.0;0.0;22.48717948717949;22.48717948717949;25.0;25.0;0;0
474.005;0.0;0.0;0.0;22.48717948717949;22.48717948717949;25.0;25.0;0;0
474.123;0.0;0.0;0.0;22.48717948717949;22.48717948717949;25.0;25.0;0;0
474.244;0.0;0.0;0.0;22.48717948717949;22.48717948717949;25.0;25.0;0;0
474.344;0.0;0.0;0.0;22.48717948717949;22.48717948717949;25.0;25.0;0;0
474.48;0.0;0.0;0.0;22.48717948717949;22.48717948717949;25.0;25.0;0;0
474.593;0.0;0.0;0.0;22.48717948717949;22.48717948717949;25.0;25.0;0;0
474.695;0.0;0.0;0.0;22.48717948717949;22.48717948717949;25.0;25.0;0;0
474.797;0.0;0.0;0.0;22.48717948717949;22.48717948717949;25.0;25.0;0;0
474.912;0.0;0.0;0.0;22.48717948717949;22.48717948717949;25.0;25.0;0;0
475.015;0.0;0.0;0.0;22.48717948717949;22.48717948717949;25.0;25.0;0;0
475.115;0.0;0.0;0.0;22.48717948717949;22.48717948717949;25.0;25.0;0;0
475.22;0.0;0.0;0.0;22.48717948717949;22.48717948717949;25.0;25.0;0;0
475.321;0.0;0.0;0.0;22.48717948717949;22.48717948717949;25.0;25.0;0;0
475.423;0.0;0.0;0.0;22.48717948717949;22.48717948717949;25.0;25.0;0;0
475.539;0.0;0.0;0.0;22.48717948717949;22.48717948717949;25.0;25.0;0;0
475.658;0.0;0.0;0.0;22.48717948717949;22.48717948717949;25.0;25.0;0;0
475.774;0.0;0.0;0.0;22.48717948717949;22.48717948717949;25.0;25.0;0;0
475.878;0.0;0.0;0.0;22.48717948717949;22.48717948717949;25.0;25.0;0;0
475.994;0.0;0.0;0.0;22.48717948717949;22.48717948717949;25.0;25.0;0;0
476.127;0.0;0.0;0.0;22.48717948717949;22.48717948717949;25.0;25.0;0;0
476.229;0.0;0.0;0.0;22.48717948717949;22.48717948717949;25.0;25.0;0;0
476.332;0.0;0.0;0.0;22.48717948717949;22.48717948717949;25.0;25.0;0;0
476.441;0.0;0.0;0.0;22.48717948717949;22.48717948717949;25.0;25.0;0;0
476.546;0.0;0.0;0.0;22.48717948717949;22.48717948717949;25.0;25.0;0;0
476.65;0.0;0.0;0.0;22.48717948717949;22.48717948717949;25.0;25.0;0;0
476.765;0.0;0.0;0.0;22.48717948717949;22.48717948717949;25.0;25.0;0;0
476.876;0.0;0.0;0.0;22.48717948717949;22.48717948717949;25.0;25.0;0;0
476.981;0.0;0.0;0.0;22.48717948717949;22.48717948717949;25.0;25.0;0;0
477.096;0.0;0.0;0.0;22.48717948717949;22.48717948717949;25.0;25.0;0;0
477.2;0.0;0.0;0.0;22.48717948717949;22.48717948717949;25.0;25.0;0;0
477.31;0.0;0.0;0.0;22.48717948717949;22.48717948717949;25.0;25.0;0;0
477.42;0.0;0.0;0.0;22.48717948717949;22.48717948717949;25.0;25.0;0;0
477.533;0.0;0.0;0.0;22.435897435897438;22.48717948717949;25.0;25.0;0;0
477.64;0.0;0.0;0.0;22.435897435897438;22.48717948717949;25.0;25.0;0;0
477.741;0.0;0.0;0.0;22.435897435897438;22.48717948717949;25.0;25.0;0;0
477.86;0.0;0.0;0.0;22.435897435897438;22.48717948717949;25.0;25.0;0;0
477.978;0.0;0.0;0.0;22.435897435897438;22.48717948717949;25.0;25.0;0;0
478.08;0.0;0.0;0.0;22.435897435897438;22.48717948717949;25.0;25.0;0;0
478.189;0.0;0.0;0.0;22.435897435897438;22.48717948717949;25.0;25.0;0;0
478.299;0.0;0.0;0.0;22.435897435897438;22.48717948717949;25.0;25.0;0;0
478.413;0.0;0.0;0.0;22.435897435897438;22.48717948717949;25.0;25.0;0;0
478.53;0.0;0.0;0.0;22.48717948717949;22.48717948717949;25.0;25.0;0;0
478.631;0.0;0.0;0.0;22.48717948717949;22.48717948717949;25.0;25.0;0;0
478.741;0.0;0.0;0.0;22.48717948717949;22.48717948717949;25.0;25.0;0;0
478.849;0.0;0.0;0.0;22.48717948717949;22.48717948717949;25.0;25.0;0;0
478.96;0.0;0.0;0.0;22.48717948717949;22.48717948717949;25.0;25.0;0;0
479.072;0.0;0.0;0.0;22.48717948717949;22.48717948717949;25.0;25.0;0;0
479.179;0.0;0.0;0.0;22.48717948717949;22.48717948717949;25.0;25.0;0;0
479.295;0.0;0.0;0.0;22.48717948717949;22.48717948717949;25.0;25.0;0;0
479.397;0.0;0.0;0.0;22.48717948717949;22.48717948717949;25.0;25.0;0;0
479.5;0.0;0.0;0.0;22.48717948717949;22.48717948717949;25.0;25.0;0;0
479.605;0.0;0.0;0.0;22.48717948717949;22.48717948717949;25.0;25.0;0;0
479.72;0.0;0.0;0.0;22.48717948717949;22.48717948717949;25.0;25.0;0;0
479.829;0.0;0.0;0.0;22.48717948717949;22.48717948717949;25.0;25.0;0;0
479.93;0.0;0.0;0.0;22.48717948717949;22.48717948717949;25.0;25.0;0;0
480.031;0.0;0.0;0.0;22.48717948717949;22.48717948717949;25.0;25.0;0;0
480.132;0.0;0.0;0.0;22.48717948717949;22.48717948717949;25.0;25.0;0;0
480.237;0.0;0.0;0.0;22.48717948717949;22.48717948717949;25.0;25.0;0;0
480.354;0.0;0.0;0.0;22.48717948717949;22.48717948717949;25.0;25.0;0;0
480.473;0.0;0.0;0.0;22.48717948717949;22.48717948717949;25.0;25.0;0;0
480.585;0.0;0.0;0.0;22.48717948717949;22.48717948717949;25.0;25.0;0;0
480.694;0.0;0.0;0.0;22.48717948717949;22.48717948717949;25.0;25.0;0;0
480.797;0.0;0.0;0.0;22.48717948717949;22.48717948717949;25.0;25.0;0;0
480.898;0.0;0.0;0.0;22.48717948717949;22.48717948717949;25.0;25.0;0;0
480.999;0.0;0.0;0.0;22.48717948717949;22.48717948717949;25.0;25.0;0;0
481.125;0.0;0.0;0.0;22.48717948717949;22.48717948717949;25.0;25.0;0;0
481.225;0.0;0.0;0.0;22.48717948717949;22.48717948717949;25.0;25.0;0;0
481.337;0.0;0.0;0.0;22.48717948717949;22.48717948717949;25.0;25.0;0;0
481.454;0.0;0.0;0.0;22.48717948717949;22.48717948717949;25.0;25.0;0;0
481.562;0.0;0.0;0.0;22.48717948717949;22.48717948717949;25.0;25.0;0;0
481.662;0.0;0.0;0.0;22.48717948717949;22.48717948717949;25.0;25.0;0;0
481.776;0.0;0.0;0.0;22.48717948717949;22.48717948717949;25.0;25.0;0;0
481.903;0.0;0.0;0.0;22.48717948717949;22.48717948717949;25.0;25.0;0;0
482.012;0.0;0.0;0.0;22.48717948717949;22.48717948717949;25.0;25.0;0;0
482.139;0.0;0.0;0.0;22.48717948717949;22.48717948717949;25.0;25.0;0;0
482.241;0.0;0.0;0.0;22.48717948717949;22.48717948717949;25.0;25.0;0;0
482.341;0.0;0.0;0.0;22.48717948717949;22.48717948717949;25.0;25.0;0;0
482.448;0.0;0.0;0.0;22.48717948717949;22.48717948717949;25.0;25.0;0;0
482.567;0.0;0.0;0.0;22.48717948717949;22.48717948717949;25.0;25.0;0;0
482.684;0.0;0.0;0.0;22.48717948717949;22.48717948717949;25.0;25.0;0;0
482.787;0.0;0.0;0.0;22.48717948717949;22.48717948717949;25.0;25.0;0;0
482.892;0.0;0.0;0.0;22.48717948717949;22.48717948717949;25.0;25.0;0;0
483.002;0.0;0.0;0.0;22.48717948717949;22.48717948717949;25.0;25.0;0;0
483.12;0.0;0.0;0.0;22.48717948717949;22.48717948717949;25.0;25.0;0;0
483.221;0.0;0.0;0.0;22.48717948717949;22.48717948717949;25.0;25.0;0;0
483.323;0.0;0.0;0.0;22.48717948717949;22.48717948717949;25.0;25.0;0;0
483.442;0.0;0.0;0.0;22.48717948717949;22.48717948717949;25.0;25.0;0;0
483.543;0.0;0.0;0.0;22.48717948717949;22.48717948717949;25.0;25.0;0;0
483.653;0.0;0.0;0.0;22.48717948717949;22.48717948717949;25.0;25.0;0;0
483.761;0.0;0.0;0.0;22.48717948717949;22.48717948717949;25.0;25.0;0;0
483.877;0.0;0.0;0.0;22.48717948717949;22.48717948717949;25.0;25.0;0;0
483.981;0.0;0.0;0.0;22.48717948717949;22.48717948717949;25.0;25.0;0;0
484.083;0.0;0.0;0.0;22.48717948717949;22.48717948717949;25.0;25.0;0;0
484.185;0.0;0.0;0.0;22.48717948717949;22.48717948717949;25.0;25.0;0;0
484.289;0.0;0.0;0.0;22.48717948717949;22.48717948717949;25.0;25.0;0;0
484.404;0.0;0.0;0.0;22.48717948717949;22.48717948717949;25.0;25.0;0;0
484.538;0.0;0.0;0.0;22.48717948717949;22.48717948717949;25.0;25.0;0;0
484.65;0.0;0.0;0.0;22.48717948717949;22.48717948717949;25.0;25.0;0;0
484.75;0.0;0.0;0.0;22.48717948717949;22.48717948717949;25.0;25.0;0;0
484.859;0.0;0.0;0.0;22.48717948717949;22.48717948717949;25.0;25.0;0;0
484.977;0.0;0.0;0.0;22.48717948717949;22.48717948717949;25.0;25.0;0;0
485.081;0.0;0.0;0.0;22.48717948717949;22.48717948717949;25.0;25.0;0;0
485.215;0.0;0.0;0.0;22.48717948717949;22.48717948717949;25.0;25.0;0;0
485.317;0.0;0.0;0.0;22.48717948717949;22.48717948717949;25.0;25.0;0;0
485.419;0.0;0.0;0.0;22.48717948717949;22.48717948717949;25.0;25.0;0;0
485.52;0.0;0.0;0.0;22.48717948717949;22.48717948717949;25.0;25.0;0;0
485.646;0.0;0.0;0.0;22.48717948717949;22.48717948717949;25.0;25.0;0;0
485.75;0.0;0.0;0.0;22.48717948717949;22.48717948717949;25.0;25.0;0;0
485.864;0.0;0.0;0.0;22.48717948717949;22.48717948717949;25.0;25.0;0;0
485.978;0.0;0.0;0.0;22.48717948717949;22.48717948717949;25.0;25.0;0;0
486.087;0.0;0.0;0.0;22.48717948717949;22.48717948717949;25.0;25.0;0;0
486.189;0.0;0.0;0.0;22.48717948717949;22.48717948717949;25.0;25.0;0;0
486.298;0.0;0.0;0.0;22.48717948717949;22.48717948717949;25.0;25.0;0;0
486.408;0.0;0.0;0.0;22.48717948717949;22.48717948717949;25.0;25.0;0;0
486.517;0.0;0.0;0.0;22.48717948717949;22.48717948717949;25.0;25.0;0;0
486.628;0.0;0.0;0.0;22.48717948717949;22.48717948717949;25.0;25.0;0;0
486.73;0.0;0.0;0.0;22.48717948717949;22.48717948717949;25.0;25.0;0;0
486.831;0.0;0.0;0.0;22.48717948717949;22.48717948717949;25.0;25.0;0;0
486.937;0.0;0.0;0.0;22.48717948717949;22.48717948717949;25.0;25.0;0;0
487.052;0.0;0.0;0.0;22.48717948717949;22.48717948717949;25.0;25.0;0;0
487.168;0.0;0.0;0.0;22.48717948717949;22.48717948717949;25.0;25.0;0;0
487.272;0.0;0.0;0.0;22.48717948717949;22.48717948717949;25.0;25.0;0;0
487.373;0.0;0.0;0.0;22.48717948717949;22.48717948717949;25.0;25.0;0;0
487.476;0.0;0.0;0.0;22.48717948717949;22.48717948717949;25.0;25.0;0;0
487.595;0.0;0.0;0.0;22.48717948717949;22.48717948717949;25.0;25.0;0;0
487.696;0.0;0.0;0.0;22.48717948717949;22.48717948717949;25.0;25.0;0;0
487.812;0.0;0.0;0.0;22.48717948717949;22.48717948717949;25.0;25.0;0;0
487.919;0.0;0.0;0.0;22.48717948717949;22.48717948717949;25.0;25.0;0;0
488.035;0.0;0.0;0.0;22.48717948717949;22.48717948717949;25.0;25.0;0;0
488.149;0.0;0.0;0.0;22.48717948717949;22.48717948717949;25.0;25.0;0;0
488.26;0.0;0.0;0.0;22.48717948717949;22.48717948717949;25.0;25.0;0;0
488.361;0.0;0.0;0.0;22.48717948717949;22.48717948717949;25.0;25.0;0;0
488.462;0.0;0.0;0.0;22.48717948717949;22.48717948717949;25.0;25.0;0;0
488.575;0.0;0.0;0.0;22.48717948717949;22.48717948717949;25.0;25.0;0;0
488.691;0.0;0.0;0.0;22.48717948717949;22.48717948717949;25.0;25.0;0;0
488.795;0.0;0.0;0.0;22.48717948717949;22.48717948717949;25.0;25.0;0;0
488.902;0.0;0.0;0.0;22.48717948717949;22.48717948717949;25.0;25.0;0;0
489.017;0.0;0.0;0.0;22.48717948717949;22.48717948717949;25.0;25.0;0;0
489.126;0.0;0.0;0.0;22.48717948717949;22.48717948717949;25.0;25.0;0;0
489.257;0.0;0.0;0.0;22.48717948717949;22.48717948717949;25.0;25.0;0;0
489.362;0.0;0.0;0.0;22.48717948717949;22.48717948717949;25.0;25.0;0;0
489.465;0.0;0.0;0.0;22.48717948717949;22.48717948717949;25.0;25.0;0;0
489.565;0.0;0.0;0.0;22.435897435897438;22.48717948717949;25.0;25.0;0;0
489.67;0.0;0.0;0.0;22.435897435897438;22.48717948717949;25.0;25.0;0;0
489.774;0.0;0.0;0.0;22.435897435897438;22.48717948717949;25.0;25.0;0;0
489.877;0.0;0.0;0.0;22.435897435897438;22.48717948717949;25.0;25.0;0;0
489.977;0.0;0.0;0.0;22.435897435897438;22.48717948717949;25.0;25.0;0;0
490.081;0.0;0.0;0.0;22.435897435897438;22.48717948717949;25.0;25.0;0;0
490.186;0.0;0.0;0.0;22.435897435897438;22.48717948717949;25.0;25.0;0;0
490.297;0.0;0.0;0.0;22.435897435897438;22.48717948717949;25.0;25.0;0;0
490.399;0.0;0.0;0.0;22.435897435897438;22.48717948717949;25.0;25.0;0;0
490.499;0.0;0.0;0.0;22.48717948717949;22.48717948717949;25.0;25.0;0;0
490.616;0.0;0.0;0.0;22.48717948717949;22.48717948717949;25.0;25.0;0;0
490.729;0.0;0.0;0.0;22.48717948717949;22.48717948717949;25.0;25.0;0;0
490.831;0.0;0.0;0.0;22.48717948717949;22.48717948717949;25.0;25.0;0;0
490.939;0.0;0.0;0.0;22.48717948717949;22.48717948717949;25.0;25.0;0;0
491.04;0.0;0.0;0.0;22.48717948717949;22.48717948717949;25.0;25.0;0;0
491.142;0.0;0.0;0.0;22.48717948717949;22.48717948717949;25.0;25.0;0;0
491.242;0.0;0.0;0.0;22.48717948717949;22.48717948717949;25.0;25.0;0;0
491.354;0.0;0.0;0.0;22.48717948717949;22.48717948717949;25.0;25.0;0;0
491.461;0.0;0.0;0.0;22.48717948717949;22.48717948717949;25.0;25.0;0;0
491.563;0.0;0.0;0.0;22.48717948717949;22.48717948717949;25.0;25.0;0;0
491.671;0.0;0.0;0.0;22.48717948717949;22.48717948717949;25.0;25.0;0;0
491.778;0.0;0.0;0.0;22.48717948717949;22.48717948717949;25.0;25.0;0;0
491.878;0.0;0.0;0.0;22.48717948717949;22.48717948717949;25.0;25.0;0;0
491.981;0.0;0.0;0.0;22.48717948717949;22.48717948717949;25.0;25.0;0;0
492.083;0.0;0.0;0.0;22.48717948717949;22.48717948717949;25.0;25.0;0;0
492.218;0.0;0.0;0.0;22.48717948717949;22.48717948717949;25.0;25.0;0;0
492.319;0.0;0.0;0.0;22.48717948717949;22.48717948717949;25.0;25.0;0;0
492.422;0.0;0.0;0.0;22.48717948717949;22.48717948717949;25.0;25.0;0;0
492.523;0.0;0.0;0.0;22.48717948717949;22.48717948717949;25.0;25.0;0;0
492.643;0.0;0.0;0.0;22.48717948717949;22.48717948717949;25.0;25.0;0;0
492.758;0.0;0.0;0.0;22.48717948717949;22.48717948717949;25.0;25.0;0;0
492.865;0.0;0.0;0.0;22.48717948717949;22.48717948717949;25.0;25.0;0;0
492.965;0.0;0.0;0.0;22.48717948717949;22.48717948717949;25.0;25.0;0;0
493.081;0.0;0.0;0.0;22.48717948717949;22.48717948717949;25.0;25.0;0;0
493.184;0.0;0.0;0.0;22.48717948717949;22.48717948717949;25.0;25.0;0;0
493.323;0.0;0.0;0.0;22.48717948717949;22.48717948717949;25.0;25.0;0;0
493.427;0.0;0.0;0.0;22.48717948717949;22.48717948717949;25.0;25.0;0;0
493.541;0.0;0.0;0.0;22.48717948717949;22.48717948717949;25.0;25.0;0;0
493.642;0.0;0.0;0.0;22.435897435897438;22.48717948717949;25.0;25.0;0;0
493.744;0.0;0.0;0.0;22.435897435897438;22.48717948717949;25.0;25.0;0;0
493.844;0.0;0.0;0.0;22.435897435897438;22.48717948717949;25.0;25.0;0;0
493.959;0.0;0.0;0.0;22.435897435897438;22.48717948717949;25.0;25.0;0;0
494.085;0.0;0.0;0.0;22.435897435897438;22.48717948717949;25.0;25.0;0;0
494.199;0.0;0.0;0.0;22.435897435897438;22.48717948717949;25.0;25.0;0;0
494.306;0.0;0.0;0.0;22.435897435897438;22.48717948717949;25.0;25.0;0;0
494.417;0.0;0.0;0.0;22.435897435897438;22.48717948717949;25.0;25.0;0;0
494.518;0.0;0.0;0.0;22.435897435897438;22.48717948717949;25.0;25.0;0;0
494.622;0.0;0.0;0.0;22.48717948717949;22.48717948717949;25.0;25.0;0;0
494.727;0.0;0.0;0.0;22.48717948717949;22.48717948717949;25.0;25.0;0;0
494.833;0.0;0.0;0.0;22.48717948717949;22.48717948717949;25.0;25.0;0;0
494.957;0.0;0.0;0.0;22.48717948717949;22.48717948717949;25.0;25.0;0;0
495.068;0.0;0.0;0.0;22.48717948717949;22.48717948717949;25.0;25.0;0;0
495.182;0.0;0.0;0.0;22.48717948717949;22.48717948717949;25.0;25.0;0;0
495.288;0.0;0.0;0.0;22.48717948717949;22.48717948717949;25.0;25.0;0;0
495.409;0.0;0.0;0.0;22.48717948717949;22.48717948717949;25.0;25.0;0;0
495.521;0.0;0.0;0.0;22.48717948717949;22.48717948717949;25.0;25.0;0;0
495.634;0.0;0.0;0.0;22.48717948717949;22.48717948717949;25.0;25.0;0;0
495.743;0.0;0.0;0.0;22.48717948717949;22.48717948717949;25.0;25.0;0;0
495.854;0.0;0.0;0.0;22.48717948717949;22.48717948717949;25.0;25.0;0;0
495.966;0.0;0.0;0.0;22.48717948717949;22.48717948717949;25.0;25.0;0;0
496.073;0.0;0.0;0.0;22.48717948717949;22.48717948717949;25.0;25.0;0;0
496.182;0.0;0.0;0.0;22.48717948717949;22.48717948717949;25.0;25.0;0;0
496.289;0.0;0.0;0.0;22.48717948717949;22.48717948717949;25.0;25.0;0;0
496.396;0.0;0.0;0.0;22.48717948717949;22.48717948717949;25.0;25.0;0;0
496.512;0.0;0.0;0.0;22.48717948717949;22.48717948717949;25.0;25.0;0;0
496.613;0.0;0.0;0.0;22.435897435897438;22.48717948717949;25.0;25.0;0;0
496.714;0.0;0.0;0.0;22.435897435897438;22.48717948717949;25.0;25.0;0;0
496.833;0.0;0.0;0.0;22.435897435897438;22.48717948717949;25.0;25.0;0;0
496.933;0.0;0.0;0.0;22.435897435897438;22.48717948717949;25.0;25.0;0;0
497.066;0.0;0.0;0.0;22.435897435897438;22.48717948717949;25.0;25.0;0;0
497.169;0.0;0.0;0.0;22.435897435897438;22.48717948717949;25.0;25.0;0;0
497.283;0.0;0.0;0.0;22.435897435897438;22.48717948717949;25.0;25.0;0;0
497.383;0.0;0.0;0.0;22.435897435897438;22.48717948717949;25.0;25.0;0;0
497.487;0.0;0.0;0.0;22.435897435897438;22.48717948717949;25.0;25.0;0;0
497.59;0.0;0.0;0.0;22.48717948717949;22.48717948717949;25.0;25.0;0;0
497.706;0.0;0.0;0.0;22.48717948717949;22.48717948717949;25.0;25.0;0;0
497.82;0.0;0.0;0.0;22.48717948717949;22.48717948717949;25.0;25.0;0;0
497.927;0.0;0.0;0.0;22.48717948717949;22.48717948717949;25.0;25.0;0;0
498.057;0.0;0.0;0.0;22.48717948717949;22.48717948717949;25.0;25.0;0;0
498.166;0.0;0.0;0.0;22.48717948717949;22.48717948717949;25.0;25.0;0;0
498.272;0.0;0.0;0.0;22.48717948717949;22.48717948717949;25.0;25.0;0;0
498.381;0.0;0.0;0.0;22.48717948717949;22.48717948717949;25.0;25.0;0;0
498.494;0.0;0.0;0.0;22.48717948717949;22.48717948717949;25.0;25.0;0;0
498.602;0.0;0.0;0.0;22.435897435897438;22.48717948717949;25.0;25.0;0;0
498.703;0.0;0.0;0.0;22.435897435897438;22.48717948717949;25.0;25.0;0;0
498.804;0.0;0.0;0.0;22.435897435897438;22.48717948717949;25.0;25.0;0;0
498.905;0.0;0.0;0.0;22.435897435897438;22.48717948717949;25.0;25.0;0;0
499.013;0.0;0.0;0.0;22.435897435897438;22.48717948717949;25.0;25.0;0;0
499.123;0.0;0.0;0.0;22.435897435897438;22.48717948717949;25.0;25.0;0;0
499.247;0.0;0.0;0.0;22.435897435897438;22.48717948717949;25.0;25.0;0;0
499.347;0.0;0.0;0.0;22.435897435897438;22.48717948717949;25.0;25.0;0;0
499.453;0.0;0.0;0.0;22.435897435897438;22.48717948717949;25.0;25.0;0;0
499.554;0.0;0.0;0.0;22.435897435897438;22.48717948717949;25.0;25.0;0;0
499.664;0.0;0.0;0.0;22.435897435897438;22.48717948717949;25.0;25.0;0;0
499.766;0.0;0.0;0.0;22.435897435897438;22.48717948717949;25.0;25.0;0;0
499.882;0.0;0.0;0.0;22.435897435897438;22.48717948717949;25.0;25.0;0;0
499.986;0.0;0.0;0.0;22.435897435897438;22.48717948717949;25.0;25.0;0;0
500.088;0.0;0.0;0.0;22.435897435897438;22.48717948717949;25.0;25.0;0;0
500.189;0.0;0.0;0.0;22.435897435897438;22.48717948717949;25.0;25.0;0;0
500.29;0.0;0.0;0.0;22.435897435897438;22.48717948717949;25.0;25.0;0;0
500.395;0.0;0.0;0.0;22.435897435897438;22.48717948717949;25.0;25.0;0;0
500.495;0.0;0.0;0.0;22.435897435897438;22.48717948717949;25.0;25.0;0;0
500.595;0.0;0.0;0.0;22.48717948717949;22.48717948717949;25.0;25.0;0;0
500.696;0.0;0.0;0.0;22.48717948717949;22.48717948717949;25.0;25.0;0;0
500.804;0.0;0.0;0.0;22.48717948717949;22.48717948717949;25.0;25.0;0;0
500.912;0.0;0.0;0.0;22.48717948717949;22.48717948717949;25.0;25.0;0;0
501.023;0.0;0.0;0.0;22.48717948717949;22.48717948717949;25.0;25.0;0;0
501.13;0.0;0.0;0.0;22.48717948717949;22.48717948717949;25.0;25.0;0;0
501.243;0.0;0.0;0.0;22.48717948717949;22.48717948717949;25.0;25.0;0;0
501.353;0.0;0.0;0.0;22.48717948717949;22.48717948717949;25.0;25.0;0;0
501.455;0.0;0.0;0.0;22.48717948717949;22.48717948717949;25.0;25.0;0;0
501.555;0.0;0.0;0.0;22.435897435897438;22.48717948717949;25.0;25.0;0;0
501.676;0.0;0.0;0.0;22.435897435897438;22.48717948717949;25.0;25.0;0;0
501.776;0.0;0.0;0.0;22.435897435897438;22.48717948717949;25.0;25.0;0;0
501.88;0.0;0.0;0.0;22.435897435897438;22.48717948717949;25.0;25.0;0;0
501.996;0.0;0.0;0.0;22.435897435897438;22.48717948717949;25.0;25.0;0;0
502.103;0.0;0.0;0.0;22.435897435897438;22.48717948717949;25.0;25.0;0;0
502.216;0.0;0.0;0.0;22.435897435897438;22.48717948717949;25.0;25.0;0;0
502.318;0.0;0.0;0.0;22.435897435897438;22.48717948717949;25.0;25.0;0;0
502.436;0.0;0.0;0.0;22.435897435897438;22.48717948717949;25.0;25.0;0;0
502.557;0.0;0.0;0.0;22.48717948717949;22.48717948717949;25.0;25.0;0;0
502.663;0.0;0.0;0.0;22.48717948717949;22.48717948717949;25.0;25.0;0;0
502.766;0.0;0.0;0.0;22.48717948717949;22.48717948717949;25.0;25.0;0;0
502.872;0.0;0.0;0.0;22.48717948717949;22.48717948717949;25.0;25.0;0;0
502.975;0.0;0.0;0.0;22.48717948717949;22.48717948717949;25.0;25.0;0;0
503.078;0.0;0.0;0.0;22.48717948717949;22.48717948717949;25.0;25.0;0;0
503.178;0.0;0.0;0.0;22.48717948717949;22.48717948717949;25.0;25.0;0;0
503.28;0.0;0.0;0.0;22.48717948717949;22.48717948717949;25.0;25.0;0;0
503.383;0.0;0.0;0.0;22.48717948717949;22.48717948717949;25.0;25.0;0;0
503.484;0.0;0.0;0.0;22.48717948717949;22.48717948717949;25.0;25.0;0;0
503.594;0.0;0.0;0.0;22.48717948717949;22.48717948717949;25.0;25.0;0;0
503.694;0.0;0.0;0.0;22.48717948717949;22.48717948717949;25.0;25.0;0;0
503.795;0.0;0.0;0.0;22.48717948717949;22.48717948717949;25.0;25.0;0;0
503.895;0.0;0.0;0.0;22.48717948717949;22.48717948717949;25.0;25.0;0;0
504.006;0.0;0.0;0.0;22.48717948717949;22.48717948717949;25.0;25.0;0;0
504.122;0.0;0.0;0.0;22.48717948717949;22.48717948717949;25.0;25.0;0;0
504.24;0.0;0.0;0.0;22.48717948717949;22.48717948717949;25.0;25.0;0;0
504.341;0.0;0.0;0.0;22.48717948717949;22.48717948717949;25.0;25.0;0;0
504.442;0.0;0.0;0.0;22.48717948717949;22.48717948717949;25.0;25.0;0;0
504.542;0.0;0.0;0.0;22.435897435897438;22.48717948717949;25.0;25.0;0;0
504.643;0.0;0.0;0.0;22.435897435897438;22.48717948717949;25.0;25.0;0;0
504.744;0.0;0.0;0.0;22.435897435897438;22.48717948717949;25.0;25.0;0;0
504.859;0.0;0.0;0.0;22.435897435897438;22.48717948717949;25.0;25.0;0;0
504.959;0.0;0.0;0.0;22.435897435897438;22.48717948717949;25.0;25.0;0;0
505.074;0.0;0.0;0.0;22.435897435897438;22.48717948717949;25.0;25.0;0;0
505.177;0.0;0.0;0.0;22.435897435897438;22.48717948717949;25.0;25.0;0;0
505.295;0.0;0.0;0.0;22.435897435897438;22.48717948717949;25.0;25.0;0;0
505.405;0.0;0.0;0.0;22.435897435897438;22.48717948717949;25.0;25.0;0;0
505.509;0.0;0.0;0.0;22.435897435897438;22.48717948717949;25.0;25.0;0;0
505.609;0.0;0.0;0.0;22.48717948717949;22.48717948717949;25.0;25.0;0;0
505.719;0.0;0.0;0.0;22.48717948717949;22.48717948717949;25.0;25.0;0;0
505.846;0.0;0.0;0.0;22.48717948717949;22.48717948717949;25.0;25.0;0;0
505.946;0.0;0.0;0.0;22.48717948717949;22.48717948717949;25.0;25.0;0;0
506.048;0.0;0.0;0.0;22.48717948717949;22.48717948717949;25.0;25.0;0;0
506.158;0.0;0.0;0.0;22.48717948717949;22.48717948717949;25.0;25.0;0;0
506.285;0.0;0.0;0.0;22.48717948717949;22.48717948717949;25.0;25.0;0;0
506.399;0.0;0.0;0.0;22.48717948717949;22.48717948717949;25.0;25.0;0;0
506.501;0.0;0.0;0.0;22.48717948717949;22.48717948717949;25.0;25.0;0;0
506.601;0.0;0.0;0.0;22.48717948717949;22.48717948717949;25.0;25.0;0;0
506.71;0.0;0.0;0.0;22.48717948717949;22.48717948717949;25.0;25.0;0;0
506.826;0.0;0.0;0.0;22.48717948717949;22.48717948717949;25.0;25.0;0;0
506.946;0.0;0.0;0.0;22.48717948717949;22.48717948717949;25.0;25.0;0;0
507.074;0.0;0.0;0.0;22.48717948717949;22.48717948717949;25.0;25.0;0;0
507.191;0.0;0.0;0.0;22.48717948717949;22.48717948717949;25.0;25.0;0;0
507.299;0.0;0.0;0.0;22.48717948717949;22.48717948717949;25.0;25.0;0;0
507.401;0.0;0.0;0.0;22.48717948717949;22.48717948717949;25.0;25.0;0;0
507.501;0.0;0.0;0.0;22.48717948717949;22.48717948717949;25.0;25.0;0;0
507.601;0.0;0.0;0.0;22.48717948717949;22.48717948717949;25.0;25.0;0;0
507.702;0.0;0.0;0.0;22.48717948717949;22.48717948717949;25.0;25.0;0;0
507.805;0.0;0.0;0.0;22.48717948717949;22.48717948717949;25.0;25.0;0;0
507.909;0.0;0.0;0.0;22.48717948717949;22.48717948717949;25.0;25.0;0;0
508.012;0.0;0.0;0.0;22.48717948717949;22.48717948717949;25.0;25.0;0;0
508.131;0.0;0.0;0.0;22.48717948717949;22.48717948717949;25.0;25.0;0;0
508.247;0.0;0.0;0.0;22.48717948717949;22.48717948717949;25.0;25.0;0;0
508.363;0.0;0.0;0.0;22.48717948717949;22.48717948717949;25.0;25.0;0;0
508.465;0.0;0.0;0.0;22.48717948717949;22.48717948717949;25.0;25.0;0;0
508.566;0.0;0.0;0.0;22.48717948717949;22.48717948717949;25.0;25.0;0;0
508.709;0.0;0.0;0.0;22.48717948717949;22.48717948717949;25.0;25.0;0;0
508.814;0.0;0.0;0.0;22.48717948717949;22.48717948717949;25.0;25.0;0;0
508.914;0.0;0.0;0.0;22.48717948717949;22.48717948717949;25.0;25.0;0;0
509.015;0.0;0.0;0.0;22.48717948717949;22.48717948717949;25.0;25.0;0;0
509.123;0.0;0.0;0.0;22.48717948717949;22.48717948717949;25.0;25.0;0;0
509.224;0.0;0.0;0.0;22.48717948717949;22.48717948717949;25.0;25.0;0;0
509.325;0.0;0.0;0.0;22.48717948717949;22.48717948717949;25.0;25.0;0;0
509.438;0.0;0.0;0.0;22.48717948717949;22.48717948717949;25.0;25.0;0;0
509.56;0.0;0.0;0.0;22.48717948717949;22.48717948717949;25.0;25.0;0;0
509.661;0.0;0.0;0.0;22.48717948717949;22.48717948717949;25.0;25.0;0;0
509.763;0.0;0.0;0.0;22.48717948717949;22.48717948717949;25.0;25.0;0;0
509.877;0.0;0.0;0.0;22.48717948717949;22.48717948717949;25.0;25.0;0;0
509.983;0.0;0.0;0.0;22.48717948717949;22.48717948717949;25.0;25.0;0;0
510.083;0.0;0.0;0.0;22.48717948717949;22.48717948717949;25.0;25.0;0;0
510.185;0.0;0.0;0.0;22.48717948717949;22.48717948717949;25.0;25.0;0;0
510.287;0.0;0.0;0.0;22.48717948717949;22.48717948717949;25.0;25.0;0;0
510.387;0.0;0.0;0.0;22.48717948717949;22.48717948717949;25.0;25.0;0;0
510.489;0.0;0.0;0.0;22.48717948717949;22.48717948717949;25.0;25.0;0;0
510.59;0.0;0.0;0.0;22.48717948717949;22.48717948717949;25.0;25.0;0;0
510.699;0.0;0.0;0.0;22.48717948717949;22.48717948717949;25.0;25.0;0;0
510.801;0.0;0.0;0.0;22.48717948717949;22.48717948717949;25.0;25.0;0;0
510.904;0.0;0.0;0.0;22.48717948717949;22.48717948717949;25.0;25.0;0;0
511.005;0.0;0.0;0.0;22.48717948717949;22.48717948717949;25.0;25.0;0;0
511.109;0.0;0.0;0.0;22.48717948717949;22.48717948717949;25.0;25.0;0;0
511.211;0.0;0.0;0.0;22.48717948717949;22.48717948717949;25.0;25.0;0;0
511.311;0.0;0.0;0.0;22.48717948717949;22.48717948717949;25.0;25.0;0;0
511.416;0.0;0.0;0.0;22.48717948717949;22.48717948717949;25.0;25.0;0;0
511.523;0.0;0.0;0.0;22.48717948717949;22.48717948717949;25.0;25.0;0;0
511.625;0.0;0.0;0.0;22.48717948717949;22.48717948717949;25.0;25.0;0;0
511.734;0.0;0.0;0.0;22.48717948717949;22.48717948717949;25.0;25.0;0;0
511.847;0.0;0.0;0.0;22.48717948717949;22.48717948717949;25.0;25.0;0;0
511.955;0.0;0.0;0.0;22.48717948717949;22.48717948717949;25.0;25.0;0;0
512.058;0.0;0.0;0.0;22.48717948717949;22.48717948717949;25.0;25.0;0;0
512.161;0.0;0.0;0.0;22.48717948717949;22.48717948717949;25.0;25.0;0;0
512.271;0.0;0.0;0.0;22.48717948717949;22.48717948717949;25.0;25.0;0;0
512.377;0.0;0.0;0.0;22.48717948717949;22.48717948717949;25.0;25.0;0;0
512.491;0.0;0.0;0.0;22.48717948717949;22.48717948717949;25.0;25.0;0;0
512.597;0.0;0.0;0.0;22.48717948717949;22.48717948717949;25.0;25.0;0;0
512.71;0.0;0.0;0.0;22.48717948717949;22.48717948717949;25.0;25.0;0;0
512.815;0.0;0.0;0.0;22.48717948717949;22.48717948717949;25.0;25.0;0;0
512.915;0.0;0.0;0.0;22.48717948717949;22.48717948717949;25.0;25.0;0;0
513.021;0.0;0.0;0.0;22.48717948717949;22.48717948717949;25.0;25.0;0;0
513.138;0.0;0.0;0.0;22.48717948717949;22.48717948717949;25.0;25.0;0;0
513.238;0.0;0.0;0.0;22.48717948717949;22.48717948717949;25.0;25.0;0;0
513.339;0.0;0.0;0.0;22.48717948717949;22.48717948717949;25.0;25.0;0;0
513.449;0.0;0.0;0.0;22.48717948717949;22.48717948717949;25.0;25.0;0;0
513.55;0.0;0.0;0.0;22.48717948717949;22.48717948717949;25.0;25.0;0;0
513.65;0.0;0.0;0.0;22.48717948717949;22.48717948717949;25.0;25.0;0;0
513.764;0.0;0.0;0.0;22.48717948717949;22.48717948717949;25.0;25.0;0;0
513.878;0.0;0.0;0.0;22.48717948717949;22.48717948717949;25.0;25.0;0;0
513.986;0.0;0.0;0.0;22.48717948717949;22.48717948717949;25.0;25.0;0;0
514.087;0.0;0.0;0.0;22.48717948717949;22.48717948717949;25.0;25.0;0;0
514.187;0.0;0.0;0.0;22.48717948717949;22.48717948717949;25.0;25.0;0;0
514.312;0.0;0.0;0.0;22.48717948717949;22.48717948717949;25.0;25.0;0;0
514.414;0.0;0.0;0.0;22.48717948717949;22.48717948717949;25.0;25.0;0;0
514.514;0.0;0.0;0.0;22.48717948717949;22.48717948717949;25.0;25.0;0;0
514.62;0.0;0.0;0.0;22.435897435897438;22.48717948717949;25.0;25.0;0;0
514.736;0.0;0.0;0.0;22.435897435897438;22.48717948717949;25.0;25.0;0;0
514.836;0.0;0.0;0.0;22.435897435897438;22.48717948717949;25.0;25.0;0;0
514.94;0.0;0.0;0.0;22.435897435897438;22.48717948717949;25.0;25.0;0;0
515.04;0.0;0.0;0.0;22.435897435897438;22.48717948717949;25.0;25.0;0;0
515.142;0.0;0.0;0.0;22.435897435897438;22.48717948717949;25.0;25.0;0;0
515.244;0.0;0.0;0.0;22.435897435897438;22.48717948717949;25.0;25.0;0;0
515.345;0.0;0.0;0.0;22.435897435897438;22.48717948717949;25.0;25.0;0;0
515.459;0.0;0.0;0.0;22.435897435897438;22.48717948717949;25.0;25.0;0;0
515.56;0.0;0.0;0.0;22.48717948717949;22.48717948717949;25.0;25.0;0;0
515.67;0.0;0.0;0.0;22.48717948717949;22.48717948717949;25.0;25.0;0;0
515.771;0.0;0.0;0.0;22.48717948717949;22.48717948717949;25.0;25.0;0;0
515.88;0.0;0.0;0.0;22.48717948717949;22.48717948717949;25.0;25.0;0;0
515.98;0.0;0.0;0.0;22.48717948717949;22.48717948717949;25.0;25.0;0;0
516.084;0.0;0.0;0.0;22.48717948717949;22.48717948717949;25.0;25.0;0;0
516.19;0.0;0.0;0.0;22.48717948717949;22.48717948717949;25.0;25.0;0;0
516.292;0.0;0.0;0.0;22.48717948717949;22.48717948717949;25.0;25.0;0;0
516.392;0.0;0.0;0.0;22.48717948717949;22.48717948717949;25.0;25.0;0;0
516.495;0.0;0.0;0.0;22.48717948717949;22.48717948717949;25.0;25.0;0;0
516.615;0.0;0.0;0.0;22.48717948717949;22.48717948717949;25.0;25.0;0;0
516.729;0.0;0.0;0.0;22.48717948717949;22.48717948717949;25.0;25.0;0;0
516.83;0.0;0.0;0.0;22.48717948717949;22.48717948717949;25.0;25.0;0;0
516.951;0.0;0.0;0.0;22.48717948717949;22.48717948717949;25.0;25.0;0;0
517.053;0.0;0.0;0.0;22.48717948717949;22.48717948717949;25.0;25.0;0;0
517.155;0.0;0.0;0.0;22.48717948717949;22.48717948717949;25.0;25.0;0;0
517.256;0.0;0.0;0.0;22.48717948717949;22.48717948717949;25.0;25.0;0;0
517.375;0.0;0.0;0.0;22.48717948717949;22.48717948717949;25.0;25.0;0;0
517.49;0.0;0.0;0.0;22.48717948717949;22.48717948717949;25.0;25.0;0;0
517.623;0.0;0.0;0.0;22.48717948717949;22.48717948717949;25.0;25.0;0;0
517.735;0.0;0.0;0.0;22.48717948717949;22.48717948717949;25.0;25.0;0;0
517.841;0.0;0.0;0.0;22.48717948717949;22.48717948717949;25.0;25.0;0;0
517.941;0.0;0.0;0.0;22.48717948717949;22.48717948717949;25.0;25.0;0;0
518.043;0.0;0.0;0.0;22.48717948717949;22.48717948717949;25.0;25.0;0;0
518.143;0.0;0.0;0.0;22.48717948717949;22.48717948717949;25.0;25.0;0;0
518.247;0.0;0.0;0.0;22.48717948717949;22.48717948717949;25.0;25.0;0;0
518.348;0.0;0.0;0.0;22.48717948717949;22.48717948717949;25.0;25.0;0;0
518.448;0.0;0.0;0.0;22.48717948717949;22.48717948717949;25.0;25.0;0;0
518.562;0.0;0.0;0.0;22.48717948717949;22.48717948717949;25.0;25.0;0;0
518.669;0.0;0.0;0.0;22.48717948717949;22.48717948717949;25.0;25.0;0;0
518.787;0.0;0.0;0.0;22.48717948717949;22.48717948717949;25.0;25.0;0;0
518.906;0.0;0.0;0.0;22.48717948717949;22.48717948717949;25.0;25.0;0;0
519.025;0.0;0.0;0.0;22.48717948717949;22.48717948717949;25.0;25.0;0;0
519.14;0.0;0.0;0.0;22.48717948717949;22.48717948717949;25.0;25.0;0;0
519.241;0.0;0.0;0.0;22.48717948717949;22.48717948717949;25.0;25.0;0;0
519.345;0.0;0.0;0.0;22.48717948717949;22.48717948717949;25.0;25.0;0;0
519.446;0.0;0.0;0.0;22.48717948717949;22.48717948717949;25.0;25.0;0;0
519.578;0.0;0.0;0.0;22.48717948717949;22.48717948717949;25.0;25.0;0;0
519.678;0.0;0.0;0.0;22.48717948717949;22.48717948717949;25.0;25.0;0;0
519.783;0.0;0.0;0.0;22.48717948717949;22.48717948717949;25.0;25.0;0;0
519.884;0.0;0.0;0.0;22.48717948717949;22.48717948717949;25.0;25.0;0;0
519.989;0.0;0.0;0.0;22.48717948717949;22.48717948717949;25.0;25.0;0;0
520.105;0.0;0.0;0.0;22.48717948717949;22.48717948717949;25.0;25.0;0;0
520.236;0.0;0.0;0.0;22.48717948717949;22.48717948717949;25.0;25.0;0;0
520.336;0.0;0.0;0.0;22.48717948717949;22.48717948717949;25.0;25.0;0;0
520.444;0.0;0.0;0.0;22.48717948717949;22.48717948717949;25.0;25.0;0;0
520.561;0.0;0.0;0.0;22.48717948717949;22.48717948717949;25.0;25.0;0;0
520.665;0.0;0.0;0.0;22.48717948717949;22.48717948717949;25.0;25.0;0;0
520.77;0.0;0.0;0.0;22.48717948717949;22.48717948717949;25.0;25.0;0;0
520.87;0.0;0.0;0.0;22.48717948717949;22.48717948717949;25.0;25.0;0;0
520.986;0.0;0.0;0.0;22.48717948717949;22.48717948717949;25.0;25.0;0;0
521.095;0.0;0.0;0.0;22.48717948717949;22.48717948717949;25.0;25.0;0;0
521.196;0.0;0.0;0.0;22.48717948717949;22.48717948717949;25.0;25.0;0;0
521.31;0.0;0.0;0.0;22.48717948717949;22.48717948717949;25.0;25.0;0;0
521.418;0.0;0.0;0.0;22.48717948717949;22.48717948717949;25.0;25.0;0;0
521.529;0.0;0.0;0.0;22.48717948717949;22.48717948717949;25.0;25.0;0;0
521.631;0.0;0.0;0.0;22.48717948717949;22.48717948717949;25.0;25.0;0;0
521.732;0.0;0.0;0.0;22.48717948717949;22.48717948717949;25.0;25.0;0;0
521.851;0.0;0.0;0.0;22.48717948717949;22.48717948717949;25.0;25.0;0;0
521.969;0.0;0.0;0.0;22.48717948717949;22.48717948717949;25.0;25.0;0;0
522.071;0.0;0.0;0.0;22.48717948717949;22.48717948717949;25.0;25.0;0;0
522.201;0.0;0.0;0.0;22.48717948717949;22.48717948717949;25.0;25.0;0;0
522.311;0.0;0.0;0.0;22.48717948717949;22.48717948717949;25.0;25.0;0;0
522.413;0.0;0.0;0.0;22.48717948717949;22.48717948717949;25.0;25.0;0;0
522.514;0.0;0.0;0.0;22.48717948717949;22.48717948717949;25.0;25.0;0;0
522.626;0.0;0.0;0.0;22.48717948717949;22.48717948717949;25.0;25.0;0;0
522.729;0.0;0.0;0.0;22.48717948717949;22.48717948717949;25.0;25.0;0;0
522.832;0.0;0.0;0.0;22.48717948717949;22.48717948717949;25.0;25.0;0;0
522.942;0.0;0.0;0.0;22.48717948717949;22.48717948717949;25.0;25.0;0;0
523.06;0.0;0.0;0.0;22.48717948717949;22.48717948717949;25.0;25.0;0;0
523.162;0.0;0.0;0.0;22.48717948717949;22.48717948717949;25.0;25.0;0;0
523.271;0.0;0.0;0.0;22.48717948717949;22.48717948717949;25.0;25.0;0;0
523.374;0.0;0.0;0.0;22.48717948717949;22.48717948717949;25.0;25.0;0;0
523.475;0.0;0.0;0.0;22.48717948717949;22.48717948717949;25.0;25.0;0;0
523.575;0.0;0.0;0.0;22.48717948717949;22.48717948717949;25.0;25.0;0;0
523.685;0.0;0.0;0.0;22.48717948717949;22.48717948717949;25.0;25.0;0;0
523.807;0.0;0.0;0.0;22.48717948717949;22.48717948717949;25.0;25.0;0;0
523.924;0.0;0.0;0.0;22.48717948717949;22.48717948717949;25.0;25.0;0;0
524.033;0.0;0.0;0.0;22.48717948717949;22.48717948717949;25.0;25.0;0;0
524.148;0.0;0.0;0.0;22.48717948717949;22.48717948717949;25.0;25.0;0;0
524.264;0.0;0.0;0.0;22.48717948717949;22.48717948717949;25.0;25.0;0;0
524.381;0.0;0.0;0.0;22.48717948717949;22.48717948717949;25.0;25.0;0;0
524.484;0.0;0.0;0.0;22.48717948717949;22.48717948717949;25.0;25.0;0;0
524.585;0.0;0.0;0.0;22.48717948717949;22.48717948717949;25.0;25.0;0;0
524.686;0.0;0.0;0.0;22.48717948717949;22.48717948717949;25.0;25.0;0;0
524.815;0.0;0.0;0.0;22.48717948717949;22.48717948717949;25.0;25.0;0;0
524.934;0.0;0.0;0.0;22.48717948717949;22.48717948717949;25.0;25.0;0;0
525.042;0.0;0.0;0.0;22.48717948717949;22.48717948717949;25.0;25.0;0;0
525.153;0.0;0.0;0.0;22.48717948717949;22.48717948717949;25.0;25.0;0;0
525.271;0.0;0.0;0.0;22.48717948717949;22.48717948717949;25.0;25.0;0;0
525.378;0.0;0.0;0.0;22.48717948717949;22.48717948717949;25.0;25.0;0;0
525.481;0.0;0.0;0.0;22.48717948717949;22.48717948717949;25.0;25.0;0;0
525.583;0.0;0.0;0.0;22.48717948717949;22.48717948717949;25.0;25.0;0;0
525.684;0.0;0.0;0.0;22.48717948717949;22.48717948717949;25.0;25.0;0;0
525.785;0.0;0.0;0.0;22.48717948717949;22.48717948717949;25.0;25.0;0;0
525.893;0.0;0.0;0.0;22.48717948717949;22.48717948717949;25.0;25.0;0;0
526.007;0.0;0.0;0.0;22.48717948717949;22.48717948717949;25.0;25.0;0;0
526.117;0.0;0.0;0.0;22.48717948717949;22.48717948717949;25.0;25.0;0;0
526.225;0.0;0.0;0.0;22.48717948717949;22.48717948717949;25.0;25.0;0;0
526.338;0.0;0.0;0.0;22.48717948717949;22.48717948717949;25.0;25.0;0;0
526.446;0.0;0.0;0.0;22.48717948717949;22.48717948717949;25.0;25.0;0;0
526.557;0.0;0.0;0.0;22.48717948717949;22.48717948717949;25.0;25.0;0;0
526.657;0.0;0.0;0.0;22.48717948717949;22.48717948717949;25.0;25.0;0;0
526.757;0.0;0.0;0.0;22.48717948717949;22.48717948717949;25.0;25.0;0;0
526.858;0.0;0.0;0.0;22.48717948717949;22.48717948717949;25.0;25.0;0;0
526.967;0.0;0.0;0.0;22.48717948717949;22.48717948717949;25.0;25.0;0;0
527.071;0.0;0.0;0.0;22.48717948717949;22.48717948717949;25.0;25.0;0;0
527.173;0.0;0.0;0.0;22.48717948717949;22.48717948717949;25.0;25.0;0;0
527.273;0.0;0.0;0.0;22.48717948717949;22.48717948717949;25.0;25.0;0;0
527.382;0.0;0.0;0.0;22.48717948717949;22.48717948717949;25.0;25.0;0;0
527.49;0.0;0.0;0.0;22.48717948717949;22.48717948717949;25.0;25.0;0;0
527.595;0.0;0.0;0.0;22.48717948717949;22.48717948717949;25.0;25.0;0;0
527.709;0.0;0.0;0.0;22.48717948717949;22.48717948717949;25.0;25.0;0;0
527.823;0.0;0.0;0.0;22.48717948717949;22.48717948717949;25.0;25.0;0;0
527.929;0.0;0.0;0.0;22.48717948717949;22.48717948717949;25.0;25.0;0;0
528.031;0.0;0.0;0.0;22.48717948717949;22.48717948717949;25.0;25.0;0;0
528.15;0.0;0.0;0.0;22.48717948717949;22.48717948717949;25.0;25.0;0;0
528.26;0.0;0.0;0.0;22.48717948717949;22.48717948717949;25.0;25.0;0;0
528.37;0.0;0.0;0.0;22.48717948717949;22.48717948717949;25.0;25.0;0;0
528.471;0.0;0.0;0.0;22.48717948717949;22.48717948717949;25.0;25.0;0;0
528.572;0.0;0.0;0.0;22.48717948717949;22.48717948717949;25.0;25.0;0;0
528.676;0.0;0.0;0.0;22.48717948717949;22.48717948717949;25.0;25.0;0;0
528.777;0.0;0.0;0.0;22.48717948717949;22.48717948717949;25.0;25.0;0;0
528.887;0.0;0.0;0.0;22.48717948717949;22.48717948717949;25.0;25.0;0;0
529.014;0.0;0.0;0.0;22.48717948717949;22.48717948717949;25.0;25.0;0;0
529.115;0.0;0.0;0.0;22.48717948717949;22.48717948717949;25.0;25.0;0;0
529.234;0.0;0.0;0.0;22.48717948717949;22.48717948717949;25.0;25.0;0;0
529.346;0.0;0.0;0.0;22.48717948717949;22.48717948717949;25.0;25.0;0;0
529.447;0.0;0.0;0.0;22.48717948717949;22.48717948717949;25.0;25.0;0;0
529.559;0.0;0.0;0.0;22.48717948717949;22.48717948717949;25.0;25.0;0;0
529.666;0.0;0.0;0.0;22.48717948717949;22.48717948717949;25.0;25.0;0;0
529.77;0.0;0.0;0.0;22.48717948717949;22.48717948717949;25.0;25.0;0;0
529.884;0.0;0.0;0.0;22.48717948717949;22.48717948717949;25.0;25.0;0;0
529.984;0.0;0.0;0.0;22.48717948717949;22.48717948717949;25.0;25.0;0;0
530.084;0.0;0.0;0.0;22.48717948717949;22.48717948717949;25.0;25.0;0;0
530.192;0.0;0.0;0.0;22.48717948717949;22.48717948717949;25.0;25.0;0;0
530.294;0.0;0.0;0.0;22.48717948717949;22.48717948717949;25.0;25.0;0;0
530.394;0.0;0.0;0.0;22.48717948717949;22.48717948717949;25.0;25.0;0;0
530.496;0.0;0.0;0.0;22.48717948717949;22.48717948717949;25.0;25.0;0;0
530.597;0.0;0.0;0.0;22.48717948717949;22.48717948717949;25.0;25.0;0;0
530.697;0.0;0.0;0.0;22.48717948717949;22.48717948717949;25.0;25.0;0;0
530.797;0.0;0.0;0.0;22.48717948717949;22.48717948717949;25.0;25.0;0;0
530.9;0.0;0.0;0.0;22.48717948717949;22.48717948717949;25.0;25.0;0;0
531.0;0.0;0.0;0.0;22.48717948717949;22.48717948717949;25.0;25.0;0;0
531.102;0.0;0.0;0.0;22.48717948717949;22.48717948717949;25.0;25.0;0;0
531.213;0.0;0.0;0.0;22.48717948717949;22.48717948717949;25.0;25.0;0;0
531.32;0.0;0.0;0.0;22.48717948717949;22.48717948717949;25.0;25.0;0;0
531.421;0.0;0.0;0.0;22.48717948717949;22.48717948717949;25.0;25.0;0;0
531.543;0.0;0.0;0.0;22.48717948717949;22.48717948717949;25.0;25.0;0;0
531.643;0.0;0.0;0.0;22.48717948717949;22.48717948717949;25.0;25.0;0;0
531.751;0.0;0.0;0.0;22.48717948717949;22.48717948717949;25.0;25.0;0;0
531.861;0.0;0.0;0.0;22.48717948717949;22.48717948717949;25.0;25.0;0;0
531.972;0.0;0.0;0.0;22.48717948717949;22.48717948717949;25.0;25.0;0;0
532.082;0.0;0.0;0.0;22.48717948717949;22.48717948717949;25.0;25.0;0;0
532.191;0.0;0.0;0.0;22.48717948717949;22.48717948717949;25.0;25.0;0;0
532.301;0.0;0.0;0.0;22.48717948717949;22.48717948717949;25.0;25.0;0;0
532.411;0.0;0.0;0.0;22.48717948717949;22.48717948717949;25.0;25.0;0;0
532.536;0.0;0.0;0.0;22.48717948717949;22.48717948717949;25.0;25.0;0;0
532.636;0.0;0.0;0.0;22.48717948717949;22.48717948717949;25.0;25.0;0;0
532.744;0.0;0.0;0.0;22.48717948717949;22.48717948717949;25.0;25.0;0;0
532.854;0.0;0.0;0.0;22.48717948717949;22.48717948717949;25.0;25.0;0;0
532.984;0.0;0.0;0.0;22.48717948717949;22.48717948717949;25.0;25.0;0;0
533.09;0.0;0.0;0.0;22.48717948717949;22.48717948717949;25.0;25.0;0;0
533.192;0.0;0.0;0.0;22.48717948717949;22.48717948717949;25.0;25.0;0;0
533.303;0.0;0.0;0.0;22.48717948717949;22.48717948717949;25.0;25.0;0;0
533.419;0.0;0.0;0.0;22.48717948717949;22.48717948717949;25.0;25.0;0;0
533.537;0.0;0.0;0.0;22.48717948717949;22.48717948717949;25.0;25.0;0;0
533.639;0.0;0.0;0.0;22.48717948717949;22.48717948717949;25.0;25.0;0;0
533.74;0.0;0.0;0.0;22.48717948717949;22.48717948717949;25.0;25.0;0;0
533.857;0.0;0.0;0.0;22.48717948717949;22.48717948717949;25.0;25.0;0;0
533.961;0.0;0.0;0.0;22.48717948717949;22.48717948717949;25.0;25.0;0;0
534.062;0.0;0.0;0.0;22.48717948717949;22.48717948717949;25.0;25.0;0;0
534.173;0.0;0.0;0.0;22.48717948717949;22.48717948717949;25.0;25.0;0;0
534.274;0.0;0.0;0.0;22.48717948717949;22.48717948717949;25.0;25.0;0;0
534.378;0.0;0.0;0.0;22.48717948717949;22.48717948717949;25.0;25.0;0;0
534.488;0.0;0.0;0.0;22.48717948717949;22.48717948717949;25.0;25.0;0;0
534.597;0.0;0.0;0.0;22.48717948717949;22.48717948717949;25.0;25.0;0;0
534.704;0.0;0.0;0.0;22.48717948717949;22.48717948717949;25.0;25.0;0;0
534.821;0.0;0.0;0.0;22.48717948717949;22.48717948717949;25.0;25.0;0;0
534.924;0.0;0.0;0.0;22.48717948717949;22.48717948717949;25.0;25.0;0;0
535.038;0.0;0.0;0.0;22.48717948717949;22.48717948717949;25.0;25.0;0;0
535.144;0.0;0.0;0.0;22.48717948717949;22.48717948717949;25.0;25.0;0;0
535.258;0.0;0.0;0.0;22.48717948717949;22.48717948717949;25.0;25.0;0;0
535.364;0.0;0.0;0.0;22.48717948717949;22.48717948717949;25.0;25.0;0;0
535.474;0.0;0.0;0.0;22.48717948717949;22.48717948717949;25.0;25.0;0;0
535.576;0.0;0.0;0.0;22.48717948717949;22.48717948717949;25.0;25.0;0;0
535.676;0.0;0.0;0.0;22.48717948717949;22.48717948717949;25.0;25.0;0;0
535.777;0.0;0.0;0.0;22.48717948717949;22.48717948717949;25.0;25.0;0;0
535.878;0.0;0.0;0.0;22.48717948717949;22.48717948717949;25.0;25.0;0;0
535.983;0.0;0.0;0.0;22.48717948717949;22.48717948717949;25.0;25.0;0;0
536.084;0.0;0.0;0.0;22.48717948717949;22.48717948717949;25.0;25.0;0;0
536.184;0.0;0.0;0.0;22.48717948717949;22.48717948717949;25.0;25.0;0;0
536.29;0.0;0.0;0.0;22.48717948717949;22.48717948717949;25.0;25.0;0;0
536.403;0.0;0.0;0.0;22.48717948717949;22.48717948717949;25.0;25.0;0;0
536.541;0.0;0.0;0.0;22.48717948717949;22.48717948717949;25.0;25.0;0;0
536.642;0.0;0.0;0.0;22.48717948717949;22.48717948717949;25.0;25.0;0;0
536.742;0.0;0.0;0.0;22.48717948717949;22.48717948717949;25.0;25.0;0;0
536.842;0.0;0.0;0.0;22.48717948717949;22.48717948717949;25.0;25.0;0;0
536.943;0.0;0.0;0.0;22.48717948717949;22.48717948717949;25.0;25.0;0;0
537.053;0.0;0.0;0.0;22.48717948717949;22.48717948717949;25.0;25.0;0;0
537.153;0.0;0.0;0.0;22.48717948717949;22.48717948717949;25.0;25.0;0;0
537.277;0.0;0.0;0.0;22.48717948717949;22.48717948717949;25.0;25.0;0;0
537.377;0.0;0.0;0.0;22.48717948717949;22.48717948717949;25.0;25.0;0;0
537.484;0.0;0.0;0.0;22.48717948717949;22.48717948717949;25.0;25.0;0;0
537.6;0.0;0.0;0.0;22.48717948717949;22.48717948717949;25.0;25.0;0;0
537.704;0.0;0.0;0.0;22.48717948717949;22.48717948717949;25.0;25.0;0;0
537.823;0.0;0.0;0.0;22.48717948717949;22.48717948717949;25.0;25.0;0;0
537.926;0.0;0.0;0.0;22.48717948717949;22.48717948717949;25.0;25.0;0;0
538.026;0.0;0.0;0.0;22.48717948717949;22.48717948717949;25.0;25.0;0;0
538.131;0.0;0.0;0.0;22.48717948717949;22.48717948717949;25.0;25.0;0;0
538.239;0.0;0.0;0.0;22.48717948717949;22.48717948717949;25.0;25.0;0;0
538.38;0.0;0.0;0.0;22.48717948717949;22.48717948717949;25.0;25.0;0;0
538.495;0.0;0.0;0.0;22.48717948717949;22.48717948717949;25.0;25.0;0;0
538.609;0.0;0.0;0.0;22.48717948717949;22.48717948717949;25.0;25.0;0;0
538.709;0.0;0.0;0.0;22.48717948717949;22.48717948717949;25.0;25.0;0;0
538.829;0.0;0.0;0.0;22.48717948717949;22.48717948717949;25.0;25.0;0;0
538.932;0.0;0.0;0.0;22.48717948717949;22.48717948717949;25.0;25.0;0;0
539.036;0.0;0.0;0.0;22.48717948717949;22.48717948717949;25.0;25.0;0;0
539.157;0.0;0.0;0.0;22.48717948717949;22.48717948717949;25.0;25.0;0;0
539.279;0.0;0.0;0.0;22.48717948717949;22.48717948717949;25.0;25.0;0;0
539.384;0.0;0.0;0.0;22.48717948717949;22.48717948717949;25.0;25.0;0;0
539.511;0.0;0.0;0.0;22.48717948717949;22.48717948717949;25.0;25.0;0;0
539.611;0.0;0.0;0.0;22.48717948717949;22.48717948717949;25.0;25.0;0;0
539.712;0.0;0.0;0.0;22.48717948717949;22.48717948717949;25.0;25.0;0;0
539.827;0.0;0.0;0.0;22.48717948717949;22.48717948717949;25.0;25.0;0;0
539.929;0.0;0.0;0.0;22.48717948717949;22.48717948717949;25.0;25.0;0;0
540.03;0.0;0.0;0.0;22.48717948717949;22.48717948717949;25.0;25.0;0;0
540.138;0.0;0.0;0.0;22.48717948717949;22.48717948717949;25.0;25.0;0;0
540.257;0.0;0.0;0.0;22.48717948717949;22.48717948717949;25.0;25.0;0;0
540.361;0.0;0.0;0.0;22.48717948717949;22.48717948717949;25.0;25.0;0;0
540.464;0.0;0.0;0.0;22.48717948717949;22.48717948717949;25.0;25.0;0;0
540.582;0.0;0.0;0.0;22.48717948717949;22.48717948717949;25.0;25.0;0;0
540.686;0.0;0.0;0.0;22.48717948717949;22.48717948717949;25.0;25.0;0;0
540.8;0.0;0.0;0.0;22.48717948717949;22.48717948717949;25.0;25.0;0;0
540.91;0.0;0.0;0.0;22.48717948717949;22.48717948717949;25.0;25.0;0;0
541.021;0.0;0.0;0.0;22.48717948717949;22.48717948717949;25.0;25.0;0;0
541.124;0.0;0.0;0.0;22.48717948717949;22.48717948717949;25.0;25.0;0;0
541.24;0.0;0.0;0.0;22.48717948717949;22.48717948717949;25.0;25.0;0;0
541.354;0.0;0.0;0.0;22.48717948717949;22.48717948717949;25.0;25.0;0;0
541.462;0.0;0.0;0.0;22.48717948717949;22.48717948717949;25.0;25.0;0;0
541.563;0.0;0.0;0.0;22.48717948717949;22.48717948717949;25.0;25.0;0;0
541.711;0.0;0.0;0.0;22.48717948717949;22.48717948717949;25.0;25.0;0;0
541.834;0.0;0.0;0.0;22.48717948717949;22.48717948717949;25.0;25.0;0;0
541.936;0.0;0.0;0.0;22.48717948717949;22.48717948717949;25.0;25.0;0;0
542.036;0.0;0.0;0.0;22.48717948717949;22.48717948717949;25.0;25.0;0;0
542.137;0.0;0.0;0.0;22.48717948717949;22.48717948717949;25.0;25.0;0;0
542.241;0.0;0.0;0.0;22.48717948717949;22.48717948717949;25.0;25.0;0;0
542.349;0.0;0.0;0.0;22.48717948717949;22.48717948717949;25.0;25.0;0;0
542.45;0.0;0.0;0.0;22.48717948717949;22.48717948717949;25.0;25.0;0;0
542.561;0.0;0.0;0.0;22.48717948717949;22.48717948717949;25.0;25.0;0;0
542.662;0.0;0.0;0.0;22.48717948717949;22.48717948717949;25.0;25.0;0;0
542.763;0.0;0.0;0.0;22.48717948717949;22.48717948717949;25.0;25.0;0;0
542.872;0.0;0.0;0.0;22.48717948717949;22.48717948717949;25.0;25.0;0;0
542.981;0.0;0.0;0.0;22.48717948717949;22.48717948717949;25.0;25.0;0;0
543.091;0.0;0.0;0.0;22.48717948717949;22.48717948717949;25.0;25.0;0;0
543.192;0.0;0.0;0.0;22.48717948717949;22.48717948717949;25.0;25.0;0;0
543.293;0.0;0.0;0.0;22.48717948717949;22.48717948717949;25.0;25.0;0;0
543.394;0.0;0.0;0.0;22.48717948717949;22.48717948717949;25.0;25.0;0;0
543.495;0.0;0.0;0.0;22.48717948717949;22.48717948717949;25.0;25.0;0;0
543.6;0.0;0.0;0.0;22.48717948717949;22.48717948717949;25.0;25.0;0;0
543.704;0.0;0.0;0.0;22.48717948717949;22.48717948717949;25.0;25.0;0;0
543.805;0.0;0.0;0.0;22.48717948717949;22.48717948717949;25.0;25.0;0;0
543.906;0.0;0.0;0.0;22.48717948717949;22.48717948717949;25.0;25.0;0;0
544.009;0.0;0.0;0.0;22.48717948717949;22.48717948717949;25.0;25.0;0;0
544.109;0.0;0.0;0.0;22.48717948717949;22.48717948717949;25.0;25.0;0;0
544.225;0.0;0.0;0.0;22.48717948717949;22.48717948717949;25.0;25.0;0;0
544.332;0.0;0.0;0.0;22.48717948717949;22.48717948717949;25.0;25.0;0;0
544.447;0.0;0.0;0.0;22.48717948717949;22.48717948717949;25.0;25.0;0;0
544.551;0.0;0.0;0.0;22.48717948717949;22.48717948717949;25.0;25.0;0;0
544.668;0.0;0.0;0.0;22.48717948717949;22.48717948717949;25.0;25.0;0;0
544.772;0.0;0.0;0.0;22.48717948717949;22.48717948717949;25.0;25.0;0;0
544.888;0.0;0.0;0.0;22.48717948717949;22.48717948717949;25.0;25.0;0;0
544.99;0.0;0.0;0.0;22.48717948717949;22.48717948717949;25.0;25.0;0;0
545.092;0.0;0.0;0.0;22.48717948717949;22.48717948717949;25.0;25.0;0;0
545.208;0.0;0.0;0.0;22.48717948717949;22.48717948717949;25.0;25.0;0;0
545.327;0.0;0.0;0.0;22.48717948717949;22.48717948717949;25.0;25.0;0;0
545.427;0.0;0.0;0.0;22.48717948717949;22.48717948717949;25.0;25.0;0;0
545.534;0.0;0.0;0.0;22.48717948717949;22.48717948717949;25.0;25.0;0;0
545.635;0.0;0.0;0.0;22.48717948717949;22.48717948717949;25.0;25.0;0;0
545.736;0.0;0.0;0.0;22.48717948717949;22.48717948717949;25.0;25.0;0;0
545.839;0.0;0.0;0.0;22.48717948717949;22.48717948717949;25.0;25.0;0;0
545.94;0.0;0.0;0.0;22.48717948717949;22.48717948717949;25.0;25.0;0;0
546.057;0.0;0.0;0.0;22.48717948717949;22.48717948717949;25.0;25.0;0;0
546.157;0.0;0.0;0.0;22.48717948717949;22.48717948717949;25.0;25.0;0;0
546.258;0.0;0.0;0.0;22.48717948717949;22.48717948717949;25.0;25.0;0;0
546.359;0.0;0.0;0.0;22.48717948717949;22.48717948717949;25.0;25.0;0;0
546.464;0.0;0.0;0.0;22.48717948717949;22.48717948717949;25.0;25.0;0;0
546.602;0.0;0.0;0.0;22.48717948717949;22.48717948717949;25.0;25.0;0;0
546.703;0.0;0.0;0.0;22.48717948717949;22.48717948717949;25.0;25.0;0;0
546.809;0.0;0.0;0.0;22.48717948717949;22.48717948717949;25.0;25.0;0;0
546.919;0.0;0.0;0.0;22.48717948717949;22.48717948717949;25.0;25.0;0;0
547.019;0.0;0.0;0.0;22.48717948717949;22.48717948717949;25.0;25.0;0;0
547.126;0.0;0.0;0.0;22.48717948717949;22.48717948717949;25.0;25.0;0;0
547.227;0.0;0.0;0.0;22.48717948717949;22.48717948717949;25.0;25.0;0;0
547.334;0.0;0.0;0.0;22.48717948717949;22.48717948717949;25.0;25.0;0;0
547.435;0.0;0.0;0.0;22.48717948717949;22.48717948717949;25.0;25.0;0;0
547.549;0.0;0.0;0.0;22.48717948717949;22.48717948717949;25.0;25.0;0;0
547.649;0.0;0.0;0.0;22.48717948717949;22.48717948717949;25.0;25.0;0;0
547.754;0.0;0.0;0.0;22.48717948717949;22.48717948717949;25.0;25.0;0;0
547.854;0.0;0.0;0.0;22.48717948717949;22.48717948717949;25.0;25.0;0;0
547.971;0.0;0.0;0.0;22.48717948717949;22.48717948717949;25.0;25.0;0;0
548.071;0.0;0.0;0.0;22.48717948717949;22.48717948717949;25.0;25.0;0;0
548.191;0.0;0.0;0.0;22.48717948717949;22.48717948717949;25.0;25.0;0;0
548.296;0.0;0.0;0.0;22.48717948717949;22.48717948717949;25.0;25.0;0;0
548.412;0.0;0.0;0.0;22.48717948717949;22.48717948717949;25.0;25.0;0;0
548.528;0.0;0.0;0.0;22.48717948717949;22.48717948717949;25.0;25.0;0;0
548.632;0.0;0.0;0.0;22.48717948717949;22.48717948717949;25.0;25.0;0;0
548.736;0.0;0.0;0.0;22.48717948717949;22.48717948717949;25.0;25.0;0;0
548.837;0.0;0.0;0.0;22.48717948717949;22.48717948717949;25.0;25.0;0;0
548.938;0.0;0.0;0.0;22.48717948717949;22.48717948717949;25.0;25.0;0;0
549.058;0.0;0.0;0.0;22.48717948717949;22.48717948717949;25.0;25.0;0;0
549.18;0.0;0.0;0.0;22.48717948717949;22.48717948717949;25.0;25.0;0;0
549.298;0.0;0.0;0.0;22.48717948717949;22.48717948717949;25.0;25.0;0;0
549.398;0.0;0.0;0.0;22.48717948717949;22.48717948717949;25.0;25.0;0;0
549.503;0.0;0.0;0.0;22.48717948717949;22.48717948717949;25.0;25.0;0;0
549.604;0.0;0.0;0.0;22.48717948717949;22.48717948717949;25.0;25.0;0;0
549.714;0.0;0.0;0.0;22.48717948717949;22.48717948717949;25.0;25.0;0;0
549.821;0.0;0.0;0.0;22.48717948717949;22.48717948717949;25.0;25.0;0;0
549.94;0.0;0.0;0.0;22.48717948717949;22.48717948717949;25.0;25.0;0;0
550.04;0.0;0.0;0.0;22.48717948717949;22.48717948717949;25.0;25.0;0;0
550.156;0.0;0.0;0.0;22.48717948717949;22.48717948717949;25.0;25.0;0;0
550.257;0.0;0.0;0.0;22.48717948717949;22.48717948717949;25.0;25.0;0;0
550.36;0.0;0.0;0.0;22.48717948717949;22.48717948717949;25.0;25.0;0;0
550.476;0.0;0.0;0.0;22.48717948717949;22.48717948717949;25.0;25.0;0;0
550.596;0.0;0.0;0.0;22.48717948717949;22.48717948717949;25.0;25.0;0;0
550.697;0.0;0.0;0.0;22.48717948717949;22.53846153846154;25.0;25.0;0;0
550.817;0.0;0.0;0.0;22.48717948717949;22.53846153846154;25.0;25.0;0;0
550.925;0.0;0.0;0.0;22.48717948717949;22.53846153846154;25.0;25.0;0;0
551.051;0.0;0.0;0.0;22.48717948717949;22.53846153846154;25.0;25.0;0;0
551.151;0.0;0.0;0.0;22.48717948717949;22.53846153846154;25.0;25.0;0;0
551.253;0.0;0.0;0.0;22.48717948717949;22.53846153846154;25.0;25.0;0;0
551.357;0.0;0.0;0.0;22.48717948717949;22.53846153846154;25.0;25.0;0;0
551.461;0.0;0.0;0.0;22.48717948717949;22.53846153846154;25.0;25.0;0;0
551.562;0.0;0.0;0.0;22.48717948717949;22.53846153846154;25.0;25.0;0;0
551.665;0.0;0.0;0.0;22.48717948717949;22.53846153846154;25.0;25.0;0;0
551.769;0.0;0.0;0.0;22.48717948717949;22.48717948717949;25.0;25.0;0;0
551.88;0.0;0.0;0.0;22.48717948717949;22.48717948717949;25.0;25.0;0;0
551.983;0.0;0.0;0.0;22.48717948717949;22.48717948717949;25.0;25.0;0;0
552.084;0.0;0.0;0.0;22.48717948717949;22.48717948717949;25.0;25.0;0;0
552.186;0.0;0.0;0.0;22.48717948717949;22.48717948717949;25.0;25.0;0;0
552.287;0.0;0.0;0.0;22.48717948717949;22.48717948717949;25.0;25.0;0;0
552.39;0.0;0.0;0.0;22.48717948717949;22.48717948717949;25.0;25.0;0;0
552.497;0.0;0.0;0.0;22.48717948717949;22.48717948717949;25.0;25.0;0;0
552.598;0.0;0.0;0.0;22.48717948717949;22.48717948717949;25.0;25.0;0;0
552.699;0.0;0.0;0.0;22.48717948717949;22.48717948717949;25.0;25.0;0;0
552.811;0.0;0.0;0.0;22.48717948717949;22.48717948717949;25.0;25.0;0;0
552.911;0.0;0.0;0.0;22.48717948717949;22.48717948717949;25.0;25.0;0;0
553.014;0.0;0.0;0.0;22.48717948717949;22.48717948717949;25.0;25.0;0;0
553.143;0.0;0.0;0.0;22.48717948717949;22.48717948717949;25.0;25.0;0;0
553.245;0.0;0.0;0.0;22.48717948717949;22.48717948717949;25.0;25.0;0;0
553.346;0.0;0.0;0.0;22.48717948717949;22.48717948717949;25.0;25.0;0;0
553.454;0.0;0.0;0.0;22.48717948717949;22.48717948717949;25.0;25.0;0;0
553.558;0.0;0.0;0.0;22.48717948717949;22.48717948717949;25.0;25.0;0;0
553.664;0.0;0.0;0.0;22.48717948717949;22.48717948717949;25.0;25.0;0;0
553.765;0.0;0.0;0.0;22.48717948717949;22.48717948717949;25.0;25.0;0;0
553.878;0.0;0.0;0.0;22.48717948717949;22.48717948717949;25.0;25.0;0;0
553.988;0.0;0.0;0.0;22.48717948717949;22.48717948717949;25.0;25.0;0;0
554.098;0.0;0.0;0.0;22.48717948717949;22.48717948717949;25.0;25.0;0;0
554.208;0.0;0.0;0.0;22.48717948717949;22.48717948717949;25.0;25.0;0;0
554.318;0.0;0.0;0.0;22.48717948717949;22.48717948717949;25.0;25.0;0;0
554.433;0.0;0.0;0.0;22.48717948717949;22.48717948717949;25.0;25.0;0;0
554.535;0.0;0.0;0.0;22.48717948717949;22.48717948717949;25.0;25.0;0;0
554.654;0.0;0.0;0.0;22.48717948717949;22.48717948717949;25.0;25.0;0;0
554.755;0.0;0.0;0.0;22.48717948717949;22.48717948717949;25.0;25.0;0;0
554.864;0.0;0.0;0.0;22.48717948717949;22.48717948717949;25.0;25.0;0;0
554.991;0.0;0.0;0.0;22.48717948717949;22.48717948717949;25.0;25.0;0;0
555.1;0.0;0.0;0.0;22.48717948717949;22.48717948717949;25.0;25.0;0;0
555.209;0.0;0.0;0.0;22.48717948717949;22.48717948717949;25.0;25.0;0;0
555.343;0.0;0.0;0.0;22.48717948717949;22.48717948717949;25.0;25.0;0;0
555.445;0.0;0.0;0.0;22.48717948717949;22.48717948717949;25.0;25.0;0;0
555.554;0.0;0.0;0.0;22.48717948717949;22.48717948717949;25.0;25.0;0;0
555.666;0.0;0.0;0.0;22.48717948717949;22.48717948717949;25.0;25.0;0;0
555.779;0.0;0.0;0.0;22.48717948717949;22.48717948717949;25.0;25.0;0;0
555.884;0.0;0.0;0.0;22.48717948717949;22.48717948717949;25.0;25.0;0;0
555.988;0.0;0.0;0.0;22.48717948717949;22.48717948717949;25.0;25.0;0;0
556.088;0.0;0.0;0.0;22.48717948717949;22.48717948717949;25.0;25.0;0;0
556.215;0.0;0.0;0.0;22.48717948717949;22.48717948717949;25.0;25.0;0;0
556.316;0.0;0.0;0.0;22.48717948717949;22.48717948717949;25.0;25.0;0;0
556.421;0.0;0.0;0.0;22.48717948717949;22.48717948717949;25.0;25.0;0;0
556.522;0.0;0.0;0.0;22.48717948717949;22.48717948717949;25.0;25.0;0;0
556.623;0.0;0.0;0.0;22.48717948717949;22.48717948717949;25.0;25.0;0;0
556.725;0.0;0.0;0.0;22.48717948717949;22.48717948717949;25.0;25.0;0;0
556.838;0.0;0.0;0.0;22.48717948717949;22.48717948717949;25.0;25.0;0;0
556.947;0.0;0.0;0.0;22.48717948717949;22.48717948717949;25.0;25.0;0;0
557.056;0.0;0.0;0.0;22.48717948717949;22.48717948717949;25.0;25.0;0;0
557.166;0.0;0.0;0.0;22.48717948717949;22.48717948717949;25.0;25.0;0;0
557.272;0.0;0.0;0.0;22.48717948717949;22.48717948717949;25.0;25.0;0;0
557.377;0.0;0.0;0.0;22.48717948717949;22.48717948717949;25.0;25.0;0;0
557.477;0.0;0.0;0.0;22.48717948717949;22.48717948717949;25.0;25.0;0;0
557.583;0.0;0.0;0.0;22.48717948717949;22.48717948717949;25.0;25.0;0;0
557.683;0.0;0.0;0.0;22.48717948717949;22.48717948717949;25.0;25.0;0;0
557.786;0.0;0.0;0.0;22.48717948717949;22.48717948717949;25.0;25.0;0;0
557.887;0.0;0.0;0.0;22.48717948717949;22.48717948717949;25.0;25.0;0;0
557.996;0.0;0.0;0.0;22.48717948717949;22.48717948717949;25.0;25.0;0;0
558.105;0.0;0.0;0.0;22.48717948717949;22.48717948717949;25.0;25.0;0;0
558.215;0.0;0.0;0.0;22.48717948717949;22.48717948717949;25.0;25.0;0;0
558.316;0.0;0.0;0.0;22.48717948717949;22.48717948717949;25.0;25.0;0;0
558.424;0.0;0.0;0.0;22.48717948717949;22.48717948717949;25.0;25.0;0;0
558.525;0.0;0.0;0.0;22.48717948717949;22.48717948717949;25.0;25.0;0;0
558.637;0.0;0.0;0.0;22.48717948717949;22.48717948717949;25.0;25.0;0;0
558.744;0.0;0.0;0.0;22.48717948717949;22.48717948717949;25.0;25.0;0;0
558.857;0.0;0.0;0.0;22.48717948717949;22.48717948717949;25.0;25.0;0;0
558.962;0.0;0.0;0.0;22.48717948717949;22.48717948717949;25.0;25.0;0;0
559.078;0.0;0.0;0.0;22.48717948717949;22.48717948717949;25.0;25.0;0;0
559.182;0.0;0.0;0.0;22.48717948717949;22.48717948717949;25.0;25.0;0;0
559.286;0.0;0.0;0.0;22.48717948717949;22.48717948717949;25.0;25.0;0;0
559.387;0.0;0.0;0.0;22.48717948717949;22.48717948717949;25.0;25.0;0;0
559.499;0.0;0.0;0.0;22.48717948717949;22.48717948717949;25.0;25.0;0;0
559.616;0.0;0.0;0.0;22.48717948717949;22.48717948717949;25.0;25.0;0;0
559.72;0.0;0.0;0.0;22.48717948717949;22.48717948717949;25.0;25.0;0;0
559.828;0.0;0.0;0.0;22.48717948717949;22.48717948717949;25.0;25.0;0;0
559.936;0.0;0.0;0.0;22.48717948717949;22.48717948717949;25.0;25.0;0;0
560.036;0.0;0.0;0.0;22.48717948717949;22.48717948717949;25.0;25.0;0;0
560.143;0.0;0.0;0.0;22.48717948717949;22.48717948717949;25.0;25.0;0;0
560.278;0.0;0.0;0.0;22.48717948717949;22.48717948717949;25.0;25.0;0;0
560.382;0.0;0.0;0.0;22.48717948717949;22.48717948717949;25.0;25.0;0;0
560.485;0.0;0.0;0.0;22.48717948717949;22.48717948717949;25.0;25.0;0;0
560.599;0.0;0.0;0.0;22.48717948717949;22.48717948717949;25.0;25.0;0;0
560.715;0.0;0.0;0.0;22.48717948717949;22.48717948717949;25.0;25.0;0;0
560.818;0.0;0.0;0.0;22.48717948717949;22.48717948717949;25.0;25.0;0;0
560.941;0.0;0.0;0.0;22.48717948717949;22.48717948717949;25.0;25.0;0;0
561.059;0.0;0.0;0.0;22.48717948717949;22.48717948717949;25.0;25.0;0;0
561.163;0.0;0.0;0.0;22.48717948717949;22.48717948717949;25.0;25.0;0;0
561.264;0.0;0.0;0.0;22.48717948717949;22.48717948717949;25.0;25.0;0;0
561.364;0.0;0.0;0.0;22.48717948717949;22.48717948717949;25.0;25.0;0;0
561.476;0.0;0.0;0.0;22.48717948717949;22.48717948717949;25.0;25.0;0;0
561.599;0.0;0.0;0.0;22.48717948717949;22.48717948717949;25.0;25.0;0;0
561.723;0.0;0.0;0.0;22.48717948717949;22.48717948717949;25.0;25.0;0;0
561.824;0.0;0.0;0.0;22.48717948717949;22.48717948717949;25.0;25.0;0;0
561.931;0.0;0.0;0.0;22.48717948717949;22.48717948717949;25.0;25.0;0;0
562.046;0.0;0.0;0.0;22.48717948717949;22.48717948717949;25.0;25.0;0;0
562.149;0.0;0.0;0.0;22.48717948717949;22.48717948717949;25.0;25.0;0;0
562.25;0.0;0.0;0.0;22.48717948717949;22.48717948717949;25.0;25.0;0;0
562.359;0.0;0.0;0.0;22.48717948717949;22.48717948717949;25.0;25.0;0;0
562.46;0.0;0.0;0.0;22.48717948717949;22.48717948717949;25.0;25.0;0;0
562.577;0.0;0.0;0.0;22.48717948717949;22.48717948717949;25.0;25.0;0;0
562.689;0.0;0.0;0.0;22.48717948717949;22.48717948717949;25.0;25.0;0;0
562.81;0.0;0.0;0.0;22.48717948717949;22.48717948717949;25.0;25.0;0;0
562.91;0.0;0.0;0.0;22.48717948717949;22.48717948717949;25.0;25.0;0;0
563.012;0.0;0.0;0.0;22.48717948717949;22.48717948717949;25.0;25.0;0;0
563.135;0.0;0.0;0.0;22.48717948717949;22.48717948717949;25.0;25.0;0;0
563.248;0.0;0.0;0.0;22.48717948717949;22.48717948717949;25.0;25.0;0;0
563.356;0.0;0.0;0.0;22.48717948717949;22.48717948717949;25.0;25.0;0;0
563.465;0.0;0.0;0.0;22.48717948717949;22.48717948717949;25.0;25.0;0;0
563.57;0.0;0.0;0.0;22.48717948717949;22.48717948717949;25.0;25.0;0;0
563.684;0.0;0.0;0.0;22.48717948717949;22.48717948717949;25.0;25.0;0;0
563.794;0.0;0.0;0.0;22.48717948717949;22.48717948717949;25.0;25.0;0;0
563.908;0.0;0.0;0.0;22.48717948717949;22.48717948717949;25.0;25.0;0;0
564.012;0.0;0.0;0.0;22.48717948717949;22.48717948717949;25.0;25.0;0;0
564.123;0.0;0.0;0.0;22.48717948717949;22.48717948717949;25.0;25.0;0;0
564.226;0.0;0.0;0.0;22.48717948717949;22.48717948717949;25.0;25.0;0;0
564.328;0.0;0.0;0.0;22.48717948717949;22.48717948717949;25.0;25.0;0;0
564.429;0.0;0.0;0.0;22.48717948717949;22.48717948717949;25.0;25.0;0;0
564.53;0.0;0.0;0.0;22.48717948717949;22.48717948717949;25.0;25.0;0;0
564.646;0.0;0.0;0.0;22.48717948717949;22.48717948717949;25.0;25.0;0;0
564.749;0.0;0.0;0.0;22.48717948717949;22.48717948717949;25.0;25.0;0;0
564.866;0.0;0.0;0.0;22.48717948717949;22.48717948717949;25.0;25.0;0;0
564.968;0.0;0.0;0.0;22.48717948717949;22.48717948717949;25.0;25.0;0;0
565.093;0.0;0.0;0.0;22.48717948717949;22.48717948717949;25.0;25.0;0;0
565.206;0.0;0.0;0.0;22.48717948717949;22.48717948717949;25.0;25.0;0;0
565.309;0.0;0.0;0.0;22.48717948717949;22.48717948717949;25.0;25.0;0;0
565.415;0.0;0.0;0.0;22.48717948717949;22.48717948717949;25.0;25.0;0;0
565.519;0.0;0.0;0.0;22.48717948717949;22.48717948717949;25.0;25.0;0;0
565.627;0.0;0.0;0.0;22.48717948717949;22.48717948717949;25.0;25.0;0;0
565.727;0.0;0.0;0.0;22.48717948717949;22.48717948717949;25.0;25.0;0;0
565.857;0.0;0.0;0.0;22.48717948717949;22.48717948717949;25.0;25.0;0;0
565.97;0.0;0.0;0.0;22.48717948717949;22.48717948717949;25.0;25.0;0;0
566.08;0.0;0.0;0.0;22.48717948717949;22.48717948717949;25.0;25.0;0;0
566.189;0.0;0.0;0.0;22.48717948717949;22.48717948717949;25.0;25.0;0;0
566.297;0.0;0.0;0.0;22.48717948717949;22.48717948717949;25.0;25.0;0;0
566.412;0.0;0.0;0.0;22.48717948717949;22.48717948717949;25.0;25.0;0;0
566.516;0.0;0.0;0.0;22.48717948717949;22.48717948717949;25.0;25.0;0;0
566.628;0.0;0.0;0.0;22.48717948717949;22.48717948717949;25.0;25.0;0;0
566.734;0.0;0.0;0.0;22.48717948717949;22.48717948717949;25.0;25.0;0;0
566.86;0.0;0.0;0.0;22.48717948717949;22.48717948717949;25.0;25.0;0;0
566.97;0.0;0.0;0.0;22.48717948717949;22.48717948717949;25.0;25.0;0;0
567.072;0.0;0.0;0.0;22.48717948717949;22.48717948717949;25.0;25.0;0;0
567.225;0.0;0.0;0.0;22.48717948717949;22.48717948717949;25.0;25.0;0;0
567.333;0.0;0.0;0.0;22.48717948717949;22.48717948717949;25.0;25.0;0;0
567.433;0.0;0.0;0.0;22.48717948717949;22.48717948717949;25.0;25.0;0;0
567.543;0.0;0.0;0.0;22.48717948717949;22.48717948717949;25.0;25.0;0;0
567.644;0.0;0.0;0.0;22.48717948717949;22.48717948717949;25.0;25.0;0;0
567.744;0.0;0.0;0.0;22.48717948717949;22.48717948717949;25.0;25.0;0;0
567.845;0.0;0.0;0.0;22.48717948717949;22.48717948717949;25.0;25.0;0;0
567.945;0.0;0.0;0.0;22.48717948717949;22.48717948717949;25.0;25.0;0;0
568.049;0.0;0.0;0.0;22.48717948717949;22.48717948717949;25.0;25.0;0;0
568.157;0.0;0.0;0.0;22.48717948717949;22.48717948717949;25.0;25.0;0;0
568.262;0.0;0.0;0.0;22.48717948717949;22.48717948717949;25.0;25.0;0;0
568.375;0.0;0.0;0.0;22.48717948717949;22.48717948717949;25.0;25.0;0;0
568.482;0.0;0.0;0.0;22.48717948717949;22.48717948717949;25.0;25.0;0;0
568.595;0.0;0.0;0.0;22.48717948717949;22.48717948717949;25.0;25.0;0;0
568.699;0.0;0.0;0.0;22.48717948717949;22.48717948717949;25.0;25.0;0;0
568.811;0.0;0.0;0.0;22.48717948717949;22.48717948717949;25.0;25.0;0;0
568.916;0.0;0.0;0.0;22.48717948717949;22.48717948717949;25.0;25.0;0;0
569.018;0.0;0.0;0.0;22.48717948717949;22.48717948717949;25.0;25.0;0;0
569.119;0.0;0.0;0.0;22.48717948717949;22.48717948717949;25.0;25.0;0;0
569.254;0.0;0.0;0.0;22.48717948717949;22.48717948717949;25.0;25.0;0;0
569.357;0.0;0.0;0.0;22.48717948717949;22.48717948717949;25.0;25.0;0;0
569.473;0.0;0.0;0.0;22.48717948717949;22.48717948717949;25.0;25.0;0;0
569.591;0.0;0.0;0.0;22.48717948717949;22.48717948717949;25.0;25.0;0;0
569.707;0.0;0.0;0.0;22.48717948717949;22.48717948717949;25.0;25.0;0;0
569.815;0.0;0.0;0.0;22.48717948717949;22.48717948717949;25.0;25.0;0;0
569.922;0.0;0.0;0.0;22.48717948717949;22.48717948717949;25.0;25.0;0;0
570.034;0.0;0.0;0.0;22.48717948717949;22.48717948717949;25.0;25.0;0;0
570.135;0.0;0.0;0.0;22.48717948717949;22.48717948717949;25.0;25.0;0;0
570.236;0.0;0.0;0.0;22.48717948717949;22.48717948717949;25.0;25.0;0;0
570.347;0.0;0.0;0.0;22.48717948717949;22.48717948717949;25.0;25.0;0;0
570.448;0.0;0.0;0.0;22.48717948717949;22.48717948717949;25.0;25.0;0;0
570.549;0.0;0.0;0.0;22.48717948717949;22.48717948717949;25.0;25.0;0;0
570.662;0.0;0.0;0.0;22.48717948717949;22.48717948717949;25.0;25.0;0;0
570.769;0.0;0.0;0.0;22.48717948717949;22.48717948717949;25.0;25.0;0;0
570.886;0.0;0.0;0.0;22.48717948717949;22.48717948717949;25.0;25.0;0;0
570.987;0.0;0.0;0.0;22.48717948717949;22.48717948717949;25.0;25.0;0;0
571.097;0.0;0.0;0.0;22.48717948717949;22.48717948717949;25.0;25.0;0;0
571.209;0.0;0.0;0.0;22.48717948717949;22.48717948717949;25.0;25.0;0;0
571.324;0.0;0.0;0.0;22.48717948717949;22.48717948717949;25.0;25.0;0;0
571.444;0.0;0.0;0.0;22.48717948717949;22.48717948717949;25.0;25.0;0;0
571.548;0.0;0.0;0.0;22.48717948717949;22.48717948717949;25.0;25.0;0;0
571.663;0.0;0.0;0.0;22.48717948717949;22.48717948717949;25.0;25.0;0;0
571.763;0.0;0.0;0.0;22.48717948717949;22.48717948717949;25.0;25.0;0;0
571.88;0.0;0.0;0.0;22.48717948717949;22.48717948717949;25.0;25.0;0;0
571.992;0.0;0.0;0.0;22.48717948717949;22.48717948717949;25.0;25.0;0;0
572.111;0.0;0.0;0.0;22.48717948717949;22.48717948717949;25.0;25.0;0;0
572.211;0.0;0.0;0.0;22.48717948717949;22.48717948717949;25.0;25.0;0;0
572.322;0.0;0.0;0.0;22.48717948717949;22.48717948717949;25.0;25.0;0;0
572.43;0.0;0.0;0.0;22.48717948717949;22.48717948717949;25.0;25.0;0;0
572.534;0.0;0.0;0.0;22.48717948717949;22.48717948717949;25.0;25.0;0;0
572.649;0.0;0.0;0.0;22.48717948717949;22.48717948717949;25.0;25.0;0;0
572.753;0.0;0.0;0.0;22.48717948717949;22.48717948717949;25.0;25.0;0;0
572.865;0.0;0.0;0.0;22.48717948717949;22.48717948717949;25.0;25.0;0;0
572.982;0.0;0.0;0.0;22.48717948717949;22.48717948717949;25.0;25.0;0;0
573.086;0.0;0.0;0.0;22.48717948717949;22.48717948717949;25.0;25.0;0;0
573.193;0.0;0.0;0.0;22.48717948717949;22.48717948717949;25.0;25.0;0;0
573.303;0.0;0.0;0.0;22.48717948717949;22.48717948717949;25.0;25.0;0;0
573.415;0.0;0.0;0.0;22.48717948717949;22.48717948717949;25.0;25.0;0;0
573.53;0.0;0.0;0.0;22.48717948717949;22.48717948717949;25.0;25.0;0;0
573.634;0.0;0.0;0.0;22.48717948717949;22.48717948717949;25.0;25.0;0;0
573.745;0.0;0.0;0.0;22.48717948717949;22.48717948717949;25.0;25.0;0;0
573.851;0.0;0.0;0.0;22.48717948717949;22.48717948717949;25.0;25.0;0;0
573.975;0.0;0.0;0.0;22.48717948717949;22.48717948717949;25.0;25.0;0;0
574.085;0.0;0.0;0.0;22.48717948717949;22.48717948717949;25.0;25.0;0;0
574.203;0.0;0.0;0.0;22.48717948717949;22.48717948717949;25.0;25.0;0;0
574.305;0.0;0.0;0.0;22.48717948717949;22.48717948717949;25.0;25.0;0;0
574.429;0.0;0.0;0.0;22.48717948717949;22.48717948717949;25.0;25.0;0;0
574.548;0.0;0.0;0.0;22.48717948717949;22.48717948717949;25.0;25.0;0;0
574.659;0.0;0.0;0.0;22.48717948717949;22.48717948717949;25.0;25.0;0;0
574.776;0.0;0.0;0.0;22.48717948717949;22.48717948717949;25.0;25.0;0;0
574.877;0.0;0.0;0.0;22.48717948717949;22.48717948717949;25.0;25.0;0;0
574.98;0.0;0.0;0.0;22.48717948717949;22.48717948717949;25.0;25.0;0;0
575.09;0.0;0.0;0.0;22.48717948717949;22.48717948717949;25.0;25.0;0;0
575.201;0.0;0.0;0.0;22.48717948717949;22.48717948717949;25.0;25.0;0;0
575.316;0.0;0.0;0.0;22.48717948717949;22.48717948717949;25.0;25.0;0;0
575.422;0.0;0.0;0.0;22.48717948717949;22.48717948717949;25.0;25.0;0;0
575.529;0.0;0.0;0.0;22.48717948717949;22.48717948717949;25.0;25.0;0;0
575.643;0.0;0.0;0.0;22.48717948717949;22.48717948717949;25.0;25.0;0;0
575.756;0.0;0.0;0.0;22.48717948717949;22.48717948717949;25.0;25.0;0;0
575.863;0.0;0.0;0.0;22.48717948717949;22.48717948717949;25.0;25.0;0;0
575.965;0.0;0.0;0.0;22.48717948717949;22.48717948717949;25.0;25.0;0;0
576.082;0.0;0.0;0.0;22.48717948717949;22.48717948717949;25.0;25.0;0;0
576.194;0.0;0.0;0.0;22.48717948717949;22.48717948717949;25.0;25.0;0;0
576.301;0.0;0.0;0.0;22.48717948717949;22.48717948717949;25.0;25.0;0;0
576.411;0.0;0.0;0.0;22.48717948717949;22.48717948717949;25.0;25.0;0;0
576.519;0.0;0.0;0.0;22.48717948717949;22.48717948717949;25.0;25.0;0;0
576.64;0.0;0.0;0.0;22.48717948717949;22.48717948717949;25.0;25.0;0;0
576.746;0.0;0.0;0.0;22.48717948717949;22.48717948717949;25.0;25.0;0;0
576.85;0.0;0.0;0.0;22.48717948717949;22.53846153846154;25.0;25.0;0;0
576.954;0.0;0.0;0.0;22.48717948717949;22.53846153846154;25.0;25.0;0;0
577.055;0.0;0.0;0.0;22.48717948717949;22.53846153846154;25.0;25.0;0;0
577.16;0.0;0.0;0.0;22.48717948717949;22.53846153846154;25.0;25.0;0;0
577.277;0.0;0.0;0.0;22.48717948717949;22.53846153846154;25.0;25.0;0;0
577.38;0.0;0.0;0.0;22.48717948717949;22.53846153846154;25.0;25.0;0;0
577.49;0.0;0.0;0.0;22.48717948717949;22.53846153846154;25.0;25.0;0;0
577.597;0.0;0.0;0.0;22.48717948717949;22.53846153846154;25.0;25.0;0;0
577.715;0.0;0.0;0.0;22.48717948717949;22.53846153846154;25.0;25.0;0;0
577.827;0.0;0.0;0.0;22.48717948717949;22.48717948717949;25.0;25.0;0;0
577.929;0.0;0.0;0.0;22.48717948717949;22.48717948717949;25.0;25.0;0;0
578.035;0.0;0.0;0.0;22.48717948717949;22.48717948717949;25.0;25.0;0;0
578.151;0.0;0.0;0.0;22.48717948717949;22.48717948717949;25.0;25.0;0;0
578.255;0.0;0.0;0.0;22.48717948717949;22.48717948717949;25.0;25.0;0;0
578.384;0.0;0.0;0.0;22.48717948717949;22.48717948717949;25.0;25.0;0;0
578.488;0.0;0.0;0.0;22.48717948717949;22.48717948717949;25.0;25.0;0;0
578.599;0.0;0.0;0.0;22.48717948717949;22.48717948717949;25.0;25.0;0;0
578.709;0.0;0.0;0.0;22.48717948717949;22.48717948717949;25.0;25.0;0;0
578.824;0.0;0.0;0.0;22.48717948717949;22.48717948717949;25.0;25.0;0;0
578.93;0.0;0.0;0.0;22.48717948717949;22.48717948717949;25.0;25.0;0;0
579.042;0.0;0.0;0.0;22.48717948717949;22.48717948717949;25.0;25.0;0;0
579.149;0.0;0.0;0.0;22.48717948717949;22.48717948717949;25.0;25.0;0;0
579.277;0.0;0.0;0.0;22.48717948717949;22.48717948717949;25.0;25.0;0;0
579.378;0.0;0.0;0.0;22.48717948717949;22.48717948717949;25.0;25.0;0;0
579.479;0.0;0.0;0.0;22.48717948717949;22.48717948717949;25.0;25.0;0;0
579.585;0.0;0.0;0.0;22.48717948717949;22.48717948717949;25.0;25.0;0;0
579.701;0.0;0.0;0.0;22.48717948717949;22.48717948717949;25.0;25.0;0;0
579.804;0.0;0.0;0.0;22.48717948717949;22.48717948717949;25.0;25.0;0;0
579.922;0.0;0.0;0.0;22.48717948717949;22.48717948717949;25.0;25.0;0;0
580.023;0.0;0.0;0.0;22.48717948717949;22.48717948717949;25.0;25.0;0;0
580.133;0.0;0.0;0.0;22.48717948717949;22.48717948717949;25.0;25.0;0;0
580.24;0.0;0.0;0.0;22.48717948717949;22.48717948717949;25.0;25.0;0;0
580.341;0.0;0.0;0.0;22.48717948717949;22.48717948717949;25.0;25.0;0;0
580.443;0.0;0.0;0.0;22.48717948717949;22.48717948717949;25.0;25.0;0;0
580.548;0.0;0.0;0.0;22.48717948717949;22.48717948717949;25.0;25.0;0;0
580.66;0.0;0.0;0.0;22.48717948717949;22.48717948717949;25.0;25.0;0;0
580.765;0.0;0.0;0.0;22.48717948717949;22.48717948717949;25.0;25.0;0;0
580.875;0.0;0.0;0.0;22.48717948717949;22.48717948717949;25.0;25.0;0;0
580.989;0.0;0.0;0.0;22.48717948717949;22.48717948717949;25.0;25.0;0;0
581.092;0.0;0.0;0.0;22.48717948717949;22.48717948717949;25.0;25.0;0;0
581.201;0.0;0.0;0.0;22.48717948717949;22.48717948717949;25.0;25.0;0;0
581.31;0.0;0.0;0.0;22.48717948717949;22.48717948717949;25.0;25.0;0;0
581.419;0.0;0.0;0.0;22.48717948717949;22.48717948717949;25.0;25.0;0;0
581.529;0.0;0.0;0.0;22.48717948717949;22.48717948717949;25.0;25.0;0;0
581.638;0.0;0.0;0.0;22.48717948717949;22.48717948717949;25.0;25.0;0;0
581.764;0.0;0.0;0.0;22.48717948717949;22.53846153846154;25.0;25.0;0;0
581.88;0.0;0.0;0.0;22.48717948717949;22.53846153846154;25.0;25.0;0;0
581.98;0.0;0.0;0.0;22.48717948717949;22.53846153846154;25.0;25.0;0;0
582.095;0.0;0.0;0.0;22.48717948717949;22.53846153846154;25.0;25.0;0;0
582.195;0.0;0.0;0.0;22.48717948717949;22.53846153846154;25.0;25.0;0;0
582.311;0.0;0.0;0.0;22.48717948717949;22.53846153846154;25.0;25.0;0;0
582.411;0.0;0.0;0.0;22.48717948717949;22.53846153846154;25.0;25.0;0;0
582.516;0.0;0.0;0.0;22.48717948717949;22.53846153846154;25.0;25.0;0;0
582.63;0.0;0.0;0.0;22.48717948717949;22.53846153846154;25.0;25.0;0;0
582.733;0.0;0.0;0.0;22.48717948717949;22.48717948717949;25.0;25.0;0;0
582.843;0.0;0.0;0.0;22.48717948717949;22.48717948717949;25.0;25.0;0;0
582.952;0.0;0.0;0.0;22.48717948717949;22.48717948717949;25.0;25.0;0;0
583.061;0.0;0.0;0.0;22.48717948717949;22.48717948717949;25.0;25.0;0;0
583.169;0.0;0.0;0.0;22.48717948717949;22.48717948717949;25.0;25.0;0;0
583.283;0.0;0.0;0.0;22.48717948717949;22.48717948717949;25.0;25.0;0;0
583.386;0.0;0.0;0.0;22.48717948717949;22.48717948717949;25.0;25.0;0;0
583.496;0.0;0.0;0.0;22.48717948717949;22.48717948717949;25.0;25.0;0;0
583.626;0.0;0.0;0.0;22.48717948717949;22.48717948717949;25.0;25.0;0;0
583.727;0.0;0.0;0.0;22.48717948717949;22.48717948717949;25.0;25.0;0;0
583.837;0.0;0.0;0.0;22.48717948717949;22.48717948717949;25.0;25.0;0;0
583.943;0.0;0.0;0.0;22.48717948717949;22.48717948717949;25.0;25.0;0;0
584.058;0.0;0.0;0.0;22.48717948717949;22.48717948717949;25.0;25.0;0;0
584.161;0.0;0.0;0.0;22.48717948717949;22.48717948717949;25.0;25.0;0;0
584.283;0.0;0.0;0.0;22.48717948717949;22.48717948717949;25.0;25.0;0;0
584.384;0.0;0.0;0.0;22.48717948717949;22.48717948717949;25.0;25.0;0;0
584.502;0.0;0.0;0.0;22.48717948717949;22.48717948717949;25.0;25.0;0;0
584.603;0.0;0.0;0.0;22.48717948717949;22.48717948717949;25.0;25.0;0;0
584.703;0.0;0.0;0.0;22.48717948717949;22.48717948717949;25.0;25.0;0;0
584.807;0.0;0.0;0.0;22.48717948717949;22.48717948717949;25.0;25.0;0;0
584.917;0.0;0.0;0.0;22.48717948717949;22.48717948717949;25.0;25.0;0;0
585.027;0.0;0.0;0.0;22.48717948717949;22.48717948717949;25.0;25.0;0;0
585.138;0.0;0.0;0.0;22.48717948717949;22.48717948717949;25.0;25.0;0;0
585.251;0.0;0.0;0.0;22.48717948717949;22.48717948717949;25.0;25.0;0;0
585.355;0.0;0.0;0.0;22.48717948717949;22.48717948717949;25.0;25.0;0;0
585.472;0.0;0.0;0.0;22.48717948717949;22.48717948717949;25.0;25.0;0;0
585.581;0.0;0.0;0.0;22.48717948717949;22.48717948717949;25.0;25.0;0;0
585.689;0.0;0.0;0.0;22.48717948717949;22.48717948717949;25.0;25.0;0;0
585.793;0.0;0.0;0.0;22.48717948717949;22.48717948717949;25.0;25.0;0;0
585.907;0.0;0.0;0.0;22.48717948717949;22.48717948717949;25.0;25.0;0;0
586.008;0.0;0.0;0.0;22.48717948717949;22.48717948717949;25.0;25.0;0;0
586.109;0.0;0.0;0.0;22.48717948717949;22.48717948717949;25.0;25.0;0;0
586.215;0.0;0.0;0.0;22.48717948717949;22.48717948717949;25.0;25.0;0;0
586.315;0.0;0.0;0.0;22.48717948717949;22.48717948717949;25.0;25.0;0;0
586.425;0.0;0.0;0.0;22.48717948717949;22.48717948717949;25.0;25.0;0;0
586.525;0.0;0.0;0.0;22.48717948717949;22.48717948717949;25.0;25.0;0;0
586.628;0.0;0.0;0.0;22.48717948717949;22.48717948717949;25.0;25.0;0;0
586.73;0.0;0.0;0.0;22.48717948717949;22.48717948717949;25.0;25.0;0;0
586.831;0.0;0.0;0.0;22.48717948717949;22.48717948717949;25.0;25.0;0;0
586.937;0.0;0.0;0.0;22.48717948717949;22.48717948717949;25.0;25.0;0;0
587.042;0.0;0.0;0.0;22.48717948717949;22.48717948717949;25.0;25.0;0;0
587.143;0.0;0.0;0.0;22.48717948717949;22.48717948717949;25.0;25.0;0;0
587.251;0.0;0.0;0.0;22.48717948717949;22.48717948717949;25.0;25.0;0;0
587.355;0.0;0.0;0.0;22.48717948717949;22.48717948717949;25.0;25.0;0;0
587.469;0.0;0.0;0.0;22.48717948717949;22.48717948717949;25.0;25.0;0;0
587.573;0.0;0.0;0.0;22.48717948717949;22.48717948717949;25.0;25.0;0;0
587.703;0.0;0.0;0.0;22.48717948717949;22.48717948717949;25.0;25.0;0;0
587.823;0.0;0.0;0.0;22.48717948717949;22.48717948717949;25.0;25.0;0;0
587.932;0.0;0.0;0.0;22.48717948717949;22.48717948717949;25.0;25.0;0;0
588.033;0.0;0.0;0.0;22.48717948717949;22.48717948717949;25.0;25.0;0;0
588.134;0.0;0.0;0.0;22.48717948717949;22.48717948717949;25.0;25.0;0;0
588.235;0.0;0.0;0.0;22.48717948717949;22.48717948717949;25.0;25.0;0;0
588.344;0.0;0.0;0.0;22.48717948717949;22.48717948717949;25.0;25.0;0;0
588.448;0.0;0.0;0.0;22.48717948717949;22.48717948717949;25.0;25.0;0;0
588.55;0.0;0.0;0.0;22.48717948717949;22.48717948717949;25.0;25.0;0;0
588.66;0.0;0.0;0.0;22.48717948717949;22.48717948717949;25.0;25.0;0;0
588.776;0.0;0.0;0.0;22.48717948717949;22.48717948717949;25.0;25.0;0;0
588.895;0.0;0.0;0.0;22.48717948717949;22.48717948717949;25.0;25.0;0;0
589.018;0.0;0.0;0.0;22.48717948717949;22.48717948717949;25.0;25.0;0;0
589.131;0.0;0.0;0.0;22.48717948717949;22.48717948717949;25.0;25.0;0;0
589.248;0.0;0.0;0.0;22.48717948717949;22.48717948717949;25.0;25.0;0;0
589.35;0.0;0.0;0.0;22.48717948717949;22.48717948717949;25.0;25.0;0;0
589.462;0.0;0.0;0.0;22.48717948717949;22.48717948717949;25.0;25.0;0;0
589.563;0.0;0.0;0.0;22.48717948717949;22.48717948717949;25.0;25.0;0;0
589.664;0.0;0.0;0.0;22.48717948717949;22.48717948717949;25.0;25.0;0;0
589.765;0.0;0.0;0.0;22.48717948717949;22.48717948717949;25.0;25.0;0;0
589.87;0.0;0.0;0.0;22.48717948717949;22.48717948717949;25.0;25.0;0;0
589.978;0.0;0.0;0.0;22.48717948717949;22.48717948717949;25.0;25.0;0;0
590.088;0.0;0.0;0.0;22.48717948717949;22.48717948717949;25.0;25.0;0;0
590.199;0.0;0.0;0.0;22.48717948717949;22.48717948717949;25.0;25.0;0;0
590.308;0.0;0.0;0.0;22.48717948717949;22.48717948717949;25.0;25.0;0;0
590.419;0.0;0.0;0.0;22.48717948717949;22.48717948717949;25.0;25.0;0;0
590.548;0.0;0.0;0.0;22.48717948717949;22.48717948717949;25.0;25.0;0;0
590.649;0.0;0.0;0.0;22.48717948717949;22.48717948717949;25.0;25.0;0;0
590.76;0.0;0.0;0.0;22.48717948717949;22.48717948717949;25.0;25.0;0;0
590.884;0.0;0.0;0.0;22.48717948717949;22.48717948717949;25.0;25.0;0;0
591.008;0.0;0.0;0.0;22.48717948717949;22.48717948717949;25.0;25.0;0;0
591.13;0.0;0.0;0.0;22.48717948717949;22.48717948717949;25.0;25.0;0;0
591.234;0.0;0.0;0.0;22.48717948717949;22.48717948717949;25.0;25.0;0;0
591.335;0.0;0.0;0.0;22.48717948717949;22.48717948717949;25.0;25.0;0;0
591.438;0.0;0.0;0.0;22.48717948717949;22.48717948717949;25.0;25.0;0;0
591.539;0.0;0.0;0.0;22.48717948717949;22.48717948717949;25.0;25.0;0;0
591.688;0.0;0.0;0.0;22.48717948717949;22.48717948717949;25.0;25.0;0;0
591.789;0.0;0.0;0.0;22.48717948717949;22.48717948717949;25.0;25.0;0;0
591.889;0.0;0.0;0.0;22.48717948717949;22.48717948717949;25.0;25.0;0;0
591.992;0.0;0.0;0.0;22.48717948717949;22.48717948717949;25.0;25.0;0;0
592.093;0.0;0.0;0.0;22.48717948717949;22.48717948717949;25.0;25.0;0;0
592.204;0.0;0.0;0.0;22.48717948717949;22.48717948717949;25.0;25.0;0;0
592.304;0.0;0.0;0.0;22.48717948717949;22.48717948717949;25.0;25.0;0;0
592.42;0.0;0.0;0.0;22.48717948717949;22.48717948717949;25.0;25.0;0;0
592.52;0.0;0.0;0.0;22.48717948717949;22.48717948717949;25.0;25.0;0;0
592.664;0.0;0.0;0.0;22.48717948717949;22.48717948717949;25.0;25.0;0;0
592.764;0.0;0.0;0.0;22.48717948717949;22.48717948717949;25.0;25.0;0;0
592.874;0.0;0.0;0.0;22.48717948717949;22.48717948717949;25.0;25.0;0;0
592.975;0.0;0.0;0.0;22.48717948717949;22.48717948717949;25.0;25.0;0;0
593.076;0.0;0.0;0.0;22.48717948717949;22.48717948717949;25.0;25.0;0;0
593.177;0.0;0.0;0.0;22.48717948717949;22.48717948717949;25.0;25.0;0;0
593.282;0.0;0.0;0.0;22.48717948717949;22.48717948717949;25.0;25.0;0;0
593.395;0.0;0.0;0.0;22.48717948717949;22.48717948717949;25.0;25.0;0;0
593.516;0.0;0.0;0.0;22.48717948717949;22.48717948717949;25.0;25.0;0;0
593.627;0.0;0.0;0.0;22.48717948717949;22.48717948717949;25.0;25.0;0;0
593.742;0.0;0.0;0.0;22.48717948717949;22.48717948717949;25.0;25.0;0;0
593.842;0.0;0.0;0.0;22.48717948717949;22.48717948717949;25.0;25.0;0;0
593.943;0.0;0.0;0.0;22.48717948717949;22.48717948717949;25.0;25.0;0;0
594.066;0.0;0.0;0.0;22.48717948717949;22.48717948717949;25.0;25.0;0;0
594.178;0.0;0.0;0.0;22.48717948717949;22.48717948717949;25.0;25.0;0;0
594.291;0.0;0.0;0.0;22.48717948717949;22.48717948717949;25.0;25.0;0;0
594.392;0.0;0.0;0.0;22.48717948717949;22.48717948717949;25.0;25.0;0;0
594.495;0.0;0.0;0.0;22.48717948717949;22.48717948717949;25.0;25.0;0;0
594.601;0.0;0.0;0.0;22.48717948717949;22.48717948717949;25.0;25.0;0;0
594.712;0.0;0.0;0.0;22.48717948717949;22.48717948717949;25.0;25.0;0;0
594.813;0.0;0.0;0.0;22.48717948717949;22.48717948717949;25.0;25.0;0;0
594.923;0.0;0.0;0.0;22.48717948717949;22.48717948717949;25.0;25.0;0;0
595.028;0.0;0.0;0.0;22.48717948717949;22.48717948717949;25.0;25.0;0;0
595.136;0.0;0.0;0.0;22.48717948717949;22.48717948717949;25.0;25.0;0;0
595.236;0.0;0.0;0.0;22.48717948717949;22.48717948717949;25.0;25.0;0;0
595.345;0.0;0.0;0.0;22.48717948717949;22.48717948717949;25.0;25.0;0;0
595.445;0.0;0.0;0.0;22.48717948717949;22.48717948717949;25.0;25.0;0;0
595.557;0.0;0.0;0.0;22.48717948717949;22.48717948717949;25.0;25.0;0;0
595.658;0.0;0.0;0.0;22.48717948717949;22.48717948717949;25.0;25.0;0;0
595.761;0.0;0.0;0.0;22.48717948717949;22.48717948717949;25.0;25.0;0;0
595.863;0.0;0.0;0.0;22.48717948717949;22.53846153846154;25.0;25.0;0;0
595.963;0.0;0.0;0.0;22.48717948717949;22.53846153846154;25.0;25.0;0;0
596.079;0.0;0.0;0.0;22.48717948717949;22.53846153846154;25.0;25.0;0;0
596.18;0.0;0.0;0.0;22.48717948717949;22.53846153846154;25.0;25.0;0;0
596.281;0.0;0.0;0.0;22.48717948717949;22.53846153846154;25.0;25.0;0;0
596.382;0.0;0.0;0.0;22.48717948717949;22.53846153846154;25.0;25.0;0;0
596.485;0.0;0.0;0.0;22.48717948717949;22.53846153846154;25.0;25.0;0;0
596.619;0.0;0.0;0.0;22.48717948717949;22.53846153846154;25.0;25.0;0;0
596.722;0.0;0.0;0.0;22.48717948717949;22.53846153846154;25.0;25.0;0;0
596.823;0.0;0.0;0.0;22.48717948717949;22.48717948717949;25.0;25.0;0;0
596.949;0.0;0.0;0.0;22.48717948717949;22.48717948717949;25.0;25.0;0;0
597.05;0.0;0.0;0.0;22.48717948717949;22.48717948717949;25.0;25.0;0;0
597.159;0.0;0.0;0.0;22.48717948717949;22.48717948717949;25.0;25.0;0;0
597.273;0.0;0.0;0.0;22.48717948717949;22.48717948717949;25.0;25.0;0;0
597.38;0.0;0.0;0.0;22.48717948717949;22.48717948717949;25.0;25.0;0;0
597.487;0.0;0.0;0.0;22.48717948717949;22.48717948717949;25.0;25.0;0;0
597.614;0.0;0.0;0.0;22.48717948717949;22.48717948717949;25.0;25.0;0;0
597.719;0.0;0.0;0.0;22.48717948717949;22.48717948717949;25.0;25.0;0;0
597.834;0.0;0.0;0.0;22.48717948717949;22.48717948717949;25.0;25.0;0;0
597.949;0.0;0.0;0.0;22.48717948717949;22.48717948717949;25.0;25.0;0;0
598.055;0.0;0.0;0.0;22.48717948717949;22.48717948717949;25.0;25.0;0;0
598.17;0.0;0.0;0.0;22.48717948717949;22.48717948717949;25.0;25.0;0;0
598.277;0.0;0.0;0.0;22.48717948717949;22.48717948717949;25.0;25.0;0;0
598.381;0.0;0.0;0.0;22.48717948717949;22.48717948717949;25.0;25.0;0;0
598.497;0.0;0.0;0.0;22.48717948717949;22.48717948717949;25.0;25.0;0;0
598.601;0.0;0.0;0.0;22.48717948717949;22.48717948717949;25.0;25.0;0;0
598.713;0.0;0.0;0.0;22.48717948717949;22.48717948717949;25.0;25.0;0;0
598.816;0.0;0.0;0.0;22.48717948717949;22.48717948717949;25.0;25.0;0;0
598.919;0.0;0.0;0.0;22.48717948717949;22.48717948717949;25.0;25.0;0;0
599.025;0.0;0.0;0.0;22.48717948717949;22.48717948717949;25.0;25.0;0;0
599.142;0.0;0.0;0.0;22.48717948717949;22.48717948717949;25.0;25.0;0;0
599.248;0.0;0.0;0.0;22.48717948717949;22.48717948717949;25.0;25.0;0;0
599.354;0.0;0.0;0.0;22.48717948717949;22.48717948717949;25.0;25.0;0;0
599.461;0.0;0.0;0.0;22.48717948717949;22.48717948717949;25.0;25.0;0;0
599.562;0.0;0.0;0.0;22.48717948717949;22.48717948717949;25.0;25.0;0;0
599.662;0.0;0.0;0.0;22.48717948717949;22.48717948717949;25.0;25.0;0;0
599.784;0.0;0.0;0.0;22.48717948717949;22.48717948717949;25.0;25.0;0;0
599.884;0.0;0.0;0.0;22.48717948717949;22.48717948717949;25.0;25.0;0;0
600.008;0.0;0.0;0.0;22.48717948717949;22.48717948717949;25.0;25.0;0;0
600.112;0.0;0.0;0.0;22.48717948717949;22.48717948717949;25.0;25.0;0;0
600.219;0.0;0.0;0.0;22.48717948717949;22.48717948717949;25.0;25.0;0;0
600.343;0.0;0.0;0.0;22.48717948717949;22.48717948717949;25.0;25.0;0;0
600.453;0.0;0.0;0.0;22.48717948717949;22.48717948717949;25.0;25.0;0;0
600.553;0.0;0.0;0.0;22.48717948717949;22.48717948717949;25.0;25.0;0;0
600.66;0.0;0.0;0.0;22.48717948717949;22.48717948717949;25.0;25.0;0;0
600.776;0.0;0.0;0.0;22.48717948717949;22.48717948717949;25.0;25.0;0;0
600.879;0.0;0.0;0.0;22.48717948717949;22.48717948717949;25.0;25.0;0;0
600.981;0.0;0.0;0.0;22.48717948717949;22.48717948717949;25.0;25.0;0;0
601.098;0.0;0.0;0.0;22.48717948717949;22.48717948717949;25.0;25.0;0;0
601.224;0.0;0.0;0.0;22.48717948717949;22.48717948717949;25.0;25.0;0;0
601.335;0.0;0.0;0.0;22.48717948717949;22.48717948717949;25.0;25.0;0;0
601.441;0.0;0.0;0.0;22.48717948717949;22.48717948717949;25.0;25.0;0;0
601.543;0.0;0.0;0.0;22.48717948717949;22.48717948717949;25.0;25.0;0;0
601.644;0.0;0.0;0.0;22.48717948717949;22.48717948717949;25.0;25.0;0;0
601.745;0.0;0.0;0.0;22.48717948717949;22.48717948717949;25.0;25.0;0;0
601.853;0.0;0.0;0.0;22.48717948717949;22.48717948717949;25.0;25.0;0;0
601.968;0.0;0.0;0.0;22.48717948717949;22.48717948717949;25.0;25.0;0;0
602.068;0.0;0.0;0.0;22.48717948717949;22.48717948717949;25.0;25.0;0;0
602.172;0.0;0.0;0.0;22.48717948717949;22.48717948717949;25.0;25.0;0;0
602.286;0.0;0.0;0.0;22.48717948717949;22.48717948717949;25.0;25.0;0;0
602.407;0.0;0.0;0.0;22.48717948717949;22.48717948717949;25.0;25.0;0;0
602.51;0.0;0.0;0.0;22.48717948717949;22.48717948717949;25.0;25.0;0;0
602.612;0.0;0.0;0.0;22.48717948717949;22.48717948717949;25.0;25.0;0;0
602.739;0.0;0.0;0.0;22.48717948717949;22.48717948717949;25.0;25.0;0;0
602.839;0.0;0.0;0.0;22.48717948717949;22.48717948717949;25.0;25.0;0;0
602.958;0.0;0.0;0.0;22.48717948717949;22.48717948717949;25.0;25.0;0;0
603.068;0.0;0.0;0.0;22.48717948717949;22.48717948717949;25.0;25.0;0;0
603.175;0.0;0.0;0.0;22.48717948717949;22.48717948717949;25.0;25.0;0;0
603.277;0.0;0.0;0.0;22.48717948717949;22.48717948717949;25.0;25.0;0;0
603.381;0.0;0.0;0.0;22.48717948717949;22.48717948717949;25.0;25.0;0;0
603.51;0.0;0.0;0.0;22.48717948717949;22.48717948717949;25.0;25.0;0;0
603.61;0.0;0.0;0.0;22.48717948717949;22.48717948717949;25.0;25.0;0;0
603.713;0.0;0.0;0.0;22.48717948717949;22.48717948717949;25.0;25.0;0;0
603.823;0.0;0.0;0.0;22.48717948717949;22.48717948717949;25.0;25.0;0;0
603.935;0.0;0.0;0.0;22.48717948717949;22.48717948717949;25.0;25.0;0;0
604.037;0.0;0.0;0.0;22.48717948717949;22.48717948717949;25.0;25.0;0;0
604.148;0.0;0.0;0.0;22.48717948717949;22.48717948717949;25.0;25.0;0;0
604.252;0.0;0.0;0.0;22.48717948717949;22.48717948717949;25.0;25.0;0;0
604.352;0.0;0.0;0.0;22.48717948717949;22.48717948717949;25.0;25.0;0;0
604.452;0.0;0.0;0.0;22.48717948717949;22.48717948717949;25.0;25.0;0;0
604.553;0.0;0.0;0.0;22.48717948717949;22.48717948717949;25.0;25.0;0;0
604.654;0.0;0.0;0.0;22.48717948717949;22.48717948717949;25.0;25.0;0;0
604.769;0.0;0.0;0.0;22.48717948717949;22.48717948717949;25.0;25.0;0;0
604.87;0.0;0.0;0.0;22.48717948717949;22.53846153846154;25.0;25.0;0;0
604.977;0.0;0.0;0.0;22.48717948717949;22.53846153846154;25.0;25.0;0;0
605.077;0.0;0.0;0.0;22.48717948717949;22.53846153846154;25.0;25.0;0;0
605.185;0.0;0.0;0.0;22.48717948717949;22.53846153846154;25.0;25.0;0;0
605.286;0.0;0.0;0.0;22.48717948717949;22.53846153846154;25.0;25.0;0;0
605.395;0.0;0.0;0.0;22.48717948717949;22.53846153846154;25.0;25.0;0;0
605.511;0.0;0.0;0.0;22.48717948717949;22.53846153846154;25.0;25.0;0;0
605.614;0.0;0.0;0.0;22.48717948717949;22.53846153846154;25.0;25.0;0;0
605.73;0.0;0.0;0.0;22.48717948717949;22.53846153846154;25.0;25.0;0;0
605.833;0.0;0.0;0.0;22.48717948717949;22.48717948717949;25.0;25.0;0;0
605.957;0.0;0.0;0.0;22.48717948717949;22.48717948717949;25.0;25.0;0;0
606.062;0.0;0.0;0.0;22.48717948717949;22.48717948717949;25.0;25.0;0;0
606.162;0.0;0.0;0.0;22.48717948717949;22.48717948717949;25.0;25.0;0;0
606.293;0.0;0.0;0.0;22.48717948717949;22.48717948717949;25.0;25.0;0;0
606.394;0.0;0.0;0.0;22.48717948717949;22.48717948717949;25.0;25.0;0;0
606.496;0.0;0.0;0.0;22.48717948717949;22.48717948717949;25.0;25.0;0;0
606.597;0.0;0.0;0.0;22.48717948717949;22.48717948717949;25.0;25.0;0;0
606.71;0.0;0.0;0.0;22.48717948717949;22.48717948717949;25.0;25.0;0;0
606.811;0.0;0.0;0.0;22.48717948717949;22.48717948717949;25.0;25.0;0;0
606.93;0.0;0.0;0.0;22.48717948717949;22.48717948717949;25.0;25.0;0;0
607.04;0.0;0.0;0.0;22.48717948717949;22.48717948717949;25.0;25.0;0;0
607.151;0.0;0.0;0.0;22.48717948717949;22.48717948717949;25.0;25.0;0;0
607.263;0.0;0.0;0.0;22.48717948717949;22.48717948717949;25.0;25.0;0;0
607.371;0.0;0.0;0.0;22.48717948717949;22.48717948717949;25.0;25.0;0;0
607.471;0.0;0.0;0.0;22.48717948717949;22.48717948717949;25.0;25.0;0;0
607.575;0.0;0.0;0.0;22.48717948717949;22.48717948717949;25.0;25.0;0;0
607.675;0.0;0.0;0.0;22.48717948717949;22.48717948717949;25.0;25.0;0;0
607.781;0.0;0.0;0.0;22.48717948717949;22.48717948717949;25.0;25.0;0;0
607.89;0.0;0.0;0.0;22.48717948717949;22.48717948717949;25.0;25.0;0;0
608.0;0.0;0.0;0.0;22.48717948717949;22.48717948717949;25.0;25.0;0;0
608.105;0.0;0.0;0.0;22.48717948717949;22.48717948717949;25.0;25.0;0;0
608.214;0.0;0.0;0.0;22.48717948717949;22.48717948717949;25.0;25.0;0;0
608.324;0.0;0.0;0.0;22.48717948717949;22.48717948717949;25.0;25.0;0;0
608.435;0.0;0.0;0.0;22.48717948717949;22.48717948717949;25.0;25.0;0;0
608.536;0.0;0.0;0.0;22.48717948717949;22.48717948717949;25.0;25.0;0;0
608.637;0.0;0.0;0.0;22.48717948717949;22.48717948717949;25.0;25.0;0;0
608.744;0.0;0.0;0.0;22.48717948717949;22.48717948717949;25.0;25.0;0;0
608.845;0.0;0.0;0.0;22.48717948717949;22.53846153846154;25.0;25.0;0;0
608.951;0.0;0.0;0.0;22.48717948717949;22.53846153846154;25.0;25.0;0;0
609.051;0.0;0.0;0.0;22.48717948717949;22.53846153846154;25.0;25.0;0;0
609.152;0.0;0.0;0.0;22.48717948717949;22.53846153846154;25.0;25.0;0;0
609.252;0.0;0.0;0.0;22.48717948717949;22.53846153846154;25.0;25.0;0;0
609.362;0.0;0.0;0.0;22.48717948717949;22.53846153846154;25.0;25.0;0;0
609.463;0.0;0.0;0.0;22.48717948717949;22.53846153846154;25.0;25.0;0;0
609.57;0.0;0.0;0.0;22.48717948717949;22.53846153846154;25.0;25.0;0;0
609.67;0.0;0.0;0.0;22.48717948717949;22.53846153846154;25.0;25.0;0;0
609.774;0.0;0.0;0.0;22.48717948717949;22.53846153846154;25.0;25.0;0;0
609.892;0.0;0.0;0.0;22.48717948717949;22.48717948717949;25.0;25.0;0;0
609.998;0.0;0.0;0.0;22.48717948717949;22.48717948717949;25.0;25.0;0;0
610.105;0.0;0.0;0.0;22.48717948717949;22.48717948717949;25.0;25.0;0;0
610.214;0.0;0.0;0.0;22.48717948717949;22.48717948717949;25.0;25.0;0;0
610.316;0.0;0.0;0.0;22.48717948717949;22.48717948717949;25.0;25.0;0;0
610.417;0.0;0.0;0.0;22.48717948717949;22.48717948717949;25.0;25.0;0;0
610.517;0.0;0.0;0.0;22.48717948717949;22.48717948717949;25.0;25.0;0;0
610.617;0.0;0.0;0.0;22.48717948717949;22.48717948717949;25.0;25.0;0;0
610.719;0.0;0.0;0.0;22.48717948717949;22.48717948717949;25.0;25.0;0;0
610.819;0.0;0.0;0.0;22.48717948717949;22.48717948717949;25.0;25.0;0;0
610.93;0.0;0.0;0.0;22.48717948717949;22.48717948717949;25.0;25.0;0;0
611.03;0.0;0.0;0.0;22.48717948717949;22.48717948717949;25.0;25.0;0;0
611.14;0.0;0.0;0.0;22.48717948717949;22.48717948717949;25.0;25.0;0;0
611.241;0.0;0.0;0.0;22.48717948717949;22.48717948717949;25.0;25.0;0;0
611.343;0.0;0.0;0.0;22.48717948717949;22.48717948717949;25.0;25.0;0;0
611.458;0.0;0.0;0.0;22.48717948717949;22.48717948717949;25.0;25.0;0;0
611.577;0.0;0.0;0.0;22.48717948717949;22.48717948717949;25.0;25.0;0;0
611.693;0.0;0.0;0.0;22.48717948717949;22.48717948717949;25.0;25.0;0;0
611.799;0.0;0.0;0.0;22.48717948717949;22.48717948717949;25.0;25.0;0;0
611.899;0.0;0.0;0.0;22.48717948717949;22.48717948717949;25.0;25.0;0;0
612.019;0.0;0.0;0.0;22.48717948717949;22.48717948717949;25.0;25.0;0;0
612.132;0.0;0.0;0.0;22.48717948717949;22.48717948717949;25.0;25.0;0;0
612.239;0.0;0.0;0.0;22.48717948717949;22.48717948717949;25.0;25.0;0;0
612.345;0.0;0.0;0.0;22.48717948717949;22.48717948717949;25.0;25.0;0;0
612.458;0.0;0.0;0.0;22.48717948717949;22.48717948717949;25.0;25.0;0;0
612.563;0.0;0.0;0.0;22.48717948717949;22.48717948717949;25.0;25.0;0;0
612.676;0.0;0.0;0.0;22.48717948717949;22.48717948717949;25.0;25.0;0;0
612.789;0.0;0.0;0.0;22.48717948717949;22.53846153846154;25.0;25.0;0;0
612.898;0.0;0.0;0.0;22.48717948717949;22.53846153846154;25.0;25.0;0;0
613.002;0.0;0.0;0.0;22.48717948717949;22.53846153846154;25.0;25.0;0;0
613.106;0.0;0.0;0.0;22.48717948717949;22.53846153846154;25.0;25.0;0;0
613.24;0.0;0.0;0.0;22.48717948717949;22.53846153846154;25.0;25.0;0;0
613.351;0.0;0.0;0.0;22.48717948717949;22.53846153846154;25.0;25.0;0;0
613.469;0.0;0.0;0.0;22.48717948717949;22.53846153846154;25.0;25.0;0;0
613.575;0.0;0.0;0.0;22.48717948717949;22.53846153846154;25.0;25.0;0;0
613.675;0.0;0.0;0.0;22.48717948717949;22.53846153846154;25.0;25.0;0;0
613.789;0.0;0.0;0.0;22.48717948717949;22.53846153846154;25.0;25.0;0;0
613.899;0.0;0.0;0.0;22.48717948717949;22.53846153846154;25.0;25.0;0;0
614.011;0.0;0.0;0.0;22.48717948717949;22.53846153846154;25.0;25.0;0;0
614.112;0.0;0.0;0.0;22.48717948717949;22.53846153846154;25.0;25.0;0;0
614.213;0.0;0.0;0.0;22.48717948717949;22.53846153846154;25.0;25.0;0;0
614.319;0.0;0.0;0.0;22.48717948717949;22.53846153846154;25.0;25.0;0;0
614.432;0.0;0.0;0.0;22.48717948717949;22.53846153846154;25.0;25.0;0;0
614.551;0.0;0.0;0.0;22.48717948717949;22.53846153846154;25.0;25.0;0;0
614.665;0.0;0.0;0.0;22.48717948717949;22.53846153846154;25.0;25.0;0;0
614.775;0.0;0.0;0.0;22.48717948717949;22.53846153846154;25.0;25.0;0;0
614.901;0.0;0.0;0.0;22.48717948717949;22.48717948717949;25.0;25.0;0;0
615.002;0.0;0.0;0.0;22.48717948717949;22.48717948717949;25.0;25.0;0;0
615.105;0.0;0.0;0.0;22.48717948717949;22.48717948717949;25.0;25.0;0;0
615.208;0.0;0.0;0.0;22.48717948717949;22.48717948717949;25.0;25.0;0;0
615.308;0.0;0.0;0.0;22.48717948717949;22.48717948717949;25.0;25.0;0;0
615.439;0.0;0.0;0.0;22.48717948717949;22.48717948717949;25.0;25.0;0;0
615.552;0.0;0.0;0.0;22.48717948717949;22.48717948717949;25.0;25.0;0;0
615.653;0.0;0.0;0.0;22.48717948717949;22.48717948717949;25.0;25.0;0;0
615.758;0.0;0.0;0.0;22.48717948717949;22.48717948717949;25.0;25.0;0;0
615.859;0.0;0.0;0.0;22.48717948717949;22.48717948717949;25.0;25.0;0;0
615.967;0.0;0.0;0.0;22.48717948717949;22.48717948717949;25.0;25.0;0;0
616.071;0.0;0.0;0.0;22.48717948717949;22.48717948717949;25.0;25.0;0;0
616.199;0.0;0.0;0.0;22.48717948717949;22.48717948717949;25.0;25.0;0;0
616.3;0.0;0.0;0.0;22.48717948717949;22.48717948717949;25.0;25.0;0;0
616.408;0.0;0.0;0.0;22.48717948717949;22.48717948717949;25.0;25.0;0;0
616.514;0.0;0.0;0.0;22.48717948717949;22.48717948717949;25.0;25.0;0;0
616.631;0.0;0.0;0.0;22.48717948717949;22.48717948717949;25.0;25.0;0;0
616.732;0.0;0.0;0.0;22.48717948717949;22.48717948717949;25.0;25.0;0;0
616.838;0.0;0.0;0.0;22.48717948717949;22.48717948717949;25.0;25.0;0;0
616.949;0.0;0.0;0.0;22.48717948717949;22.53846153846154;25.0;25.0;0;0
617.05;0.0;0.0;0.0;22.48717948717949;22.53846153846154;25.0;25.0;0;0
617.479;0.0;0.0;0.0;22.48717948717949;22.53846153846154;25.0;25.0;0;0
617.587;0.0;0.0;0.0;22.48717948717949;22.53846153846154;25.0;25.0;0;0
617.698;0.0;0.0;0.0;22.48717948717949;22.53846153846154;25.0;25.0;0;0
617.809;0.0;0.0;0.0;22.48717948717949;22.53846153846154;25.0;25.0;0;0
617.918;0.0;0.0;0.0;22.48717948717949;22.53846153846154;25.0;25.0;0;0
618.028;0.0;0.0;0.0;22.48717948717949;22.53846153846154;25.0;25.0;0;0
618.139;0.0;0.0;0.0;22.48717948717949;22.53846153846154;25.0;25.0;0;0
618.25;0.0;0.0;0.0;22.48717948717949;22.53846153846154;25.0;25.0;0;0
618.359;0.0;0.0;0.0;22.48717948717949;22.53846153846154;25.0;25.0;0;0
618.483;0.0;0.0;0.0;22.48717948717949;22.53846153846154;25.0;25.0;0;0
618.604;0.0;0.0;0.0;22.48717948717949;22.53846153846154;25.0;25.0;0;0
618.706;0.0;0.0;0.0;22.48717948717949;22.53846153846154;25.0;25.0;0;0
618.817;0.0;0.0;0.0;22.48717948717949;22.53846153846154;25.0;25.0;0;0
618.918;0.0;0.0;0.0;22.48717948717949;22.48717948717949;25.0;25.0;0;0
619.022;0.0;0.0;0.0;22.48717948717949;22.48717948717949;25.0;25.0;0;0
619.138;0.0;0.0;0.0;22.48717948717949;22.48717948717949;25.0;25.0;0;0
619.256;0.0;0.0;0.0;22.48717948717949;22.48717948717949;25.0;25.0;0;0
619.362;0.0;0.0;0.0;22.48717948717949;22.48717948717949;25.0;25.0;0;0
619.469;0.0;0.0;0.0;22.48717948717949;22.48717948717949;25.0;25.0;0;0
619.575;0.0;0.0;0.0;22.48717948717949;22.48717948717949;25.0;25.0;0;0
619.679;0.0;0.0;0.0;22.48717948717949;22.48717948717949;25.0;25.0;0;0
619.779;0.0;0.0;0.0;22.48717948717949;22.48717948717949;25.0;25.0;0;0
619.905;0.0;0.0;0.0;22.48717948717949;22.48717948717949;25.0;25.0;0;0
620.006;0.0;0.0;0.0;22.48717948717949;22.48717948717949;25.0;25.0;0;0
620.108;0.0;0.0;0.0;22.48717948717949;22.48717948717949;25.0;25.0;0;0
620.223;0.0;0.0;0.0;22.48717948717949;22.48717948717949;25.0;25.0;0;0
620.343;0.0;0.0;0.0;22.48717948717949;22.48717948717949;25.0;25.0;0;0
620.443;0.0;0.0;0.0;22.48717948717949;22.48717948717949;25.0;25.0;0;0
620.547;0.0;0.0;0.0;22.48717948717949;22.48717948717949;25.0;25.0;0;0
620.666;0.0;0.0;0.0;22.48717948717949;22.48717948717949;25.0;25.0;0;0
620.784;0.0;0.0;0.0;22.48717948717949;22.48717948717949;25.0;25.0;0;0
620.884;0.0;0.0;0.0;22.435897435897438;22.48717948717949;25.0;25.0;0;0
620.989;0.0;0.0;0.0;22.435897435897438;22.48717948717949;25.0;25.0;0;0
621.105;0.0;0.0;0.0;22.435897435897438;22.48717948717949;25.0;25.0;0;0
621.21;0.0;0.0;0.0;22.435897435897438;22.48717948717949;25.0;25.0;0;0
621.313;0.0;0.0;0.0;22.435897435897438;22.48717948717949;25.0;25.0;0;0
621.414;0.0;0.0;0.0;22.435897435897438;22.48717948717949;25.0;25.0;0;0
621.518;0.0;0.0;0.0;22.435897435897438;22.48717948717949;25.0;25.0;0;0
621.619;0.0;0.0;0.0;22.435897435897438;22.48717948717949;25.0;25.0;0;0
621.721;0.0;0.0;0.0;22.435897435897438;22.48717948717949;25.0;25.0;0;0
621.832;0.0;0.0;0.0;22.435897435897438;22.48717948717949;25.0;25.0;0;0
621.932;0.0;0.0;0.0;22.48717948717949;22.53846153846154;25.0;25.0;0;0
622.034;0.0;0.0;0.0;22.48717948717949;22.53846153846154;25.0;25.0;0;0
622.14;0.0;0.0;0.0;22.48717948717949;22.53846153846154;25.0;25.0;0;0
622.241;0.0;0.0;0.0;22.48717948717949;22.53846153846154;25.0;25.0;0;0
622.355;0.0;0.0;0.0;22.48717948717949;22.53846153846154;25.0;25.0;0;0
622.467;0.0;0.0;0.0;22.48717948717949;22.53846153846154;25.0;25.0;0;0
622.574;0.0;0.0;0.0;22.48717948717949;22.53846153846154;25.0;25.0;0;0
622.675;0.0;0.0;0.0;22.48717948717949;22.53846153846154;25.0;25.0;0;0
622.775;0.0;0.0;0.0;22.48717948717949;22.53846153846154;25.0;25.0;0;0
622.877;0.0;0.0;0.0;22.48717948717949;22.53846153846154;25.0;25.0;0;0
622.984;0.0;0.0;0.0;22.48717948717949;22.48717948717949;25.0;25.0;0;0
623.095;0.0;0.0;0.0;22.48717948717949;22.48717948717949;25.0;25.0;0;0
623.205;0.0;0.0;0.0;22.48717948717949;22.48717948717949;25.0;25.0;0;0
623.306;0.0;0.0;0.0;22.48717948717949;22.48717948717949;25.0;25.0;0;0
623.425;0.0;0.0;0.0;22.48717948717949;22.48717948717949;25.0;25.0;0;0
623.525;0.0;0.0;0.0;22.48717948717949;22.48717948717949;25.0;25.0;0;0
623.647;0.0;0.0;0.0;22.48717948717949;22.48717948717949;25.0;25.0;0;0
623.751;0.0;0.0;0.0;22.48717948717949;22.48717948717949;25.0;25.0;0;0
623.852;0.0;0.0;0.0;22.48717948717949;22.48717948717949;25.0;25.0;0;0
623.961;0.0;0.0;0.0;22.48717948717949;22.53846153846154;25.0;25.0;0;0
624.061;0.0;0.0;0.0;22.48717948717949;22.53846153846154;25.0;25.0;0;0
624.165;0.0;0.0;0.0;22.48717948717949;22.53846153846154;25.0;25.0;0;0
624.281;0.0;0.0;0.0;22.48717948717949;22.53846153846154;25.0;25.0;0;0
624.397;0.0;0.0;0.0;22.48717948717949;22.53846153846154;25.0;25.0;0;0
624.51;0.0;0.0;0.0;22.48717948717949;22.53846153846154;25.0;25.0;0;0
624.636;0.0;0.0;0.0;22.48717948717949;22.53846153846154;25.0;25.0;0;0
624.752;0.0;0.0;0.0;22.48717948717949;22.53846153846154;25.0;25.0;0;0
624.856;0.0;0.0;0.0;22.48717948717949;22.53846153846154;25.0;25.0;0;0
624.972;0.0;0.0;0.0;22.48717948717949;22.48717948717949;25.0;25.0;0;0
625.078;0.0;0.0;0.0;22.48717948717949;22.48717948717949;25.0;25.0;0;0
625.188;0.0;0.0;0.0;22.48717948717949;22.48717948717949;25.0;25.0;0;0
625.289;0.0;0.0;0.0;22.48717948717949;22.48717948717949;25.0;25.0;0;0
625.409;0.0;0.0;0.0;22.48717948717949;22.48717948717949;25.0;25.0;0;0
625.52;0.0;0.0;0.0;22.48717948717949;22.48717948717949;25.0;25.0;0;0
625.631;0.0;0.0;0.0;22.48717948717949;22.48717948717949;25.0;25.0;0;0
625.741;0.0;0.0;0.0;22.48717948717949;22.48717948717949;25.0;25.0;0;0
625.843;0.0;0.0;0.0;22.48717948717949;22.48717948717949;25.0;25.0;0;0
625.947;0.0;0.0;0.0;22.48717948717949;22.53846153846154;25.0;25.0;0;0
626.059;0.0;0.0;0.0;22.48717948717949;22.53846153846154;25.0;25.0;0;0
626.168;0.0;0.0;0.0;22.48717948717949;22.53846153846154;25.0;25.0;0;0
626.279;0.0;0.0;0.0;22.48717948717949;22.53846153846154;25.0;25.0;0;0
626.39;0.0;0.0;0.0;22.48717948717949;22.53846153846154;25.0;25.0;0;0
626.501;0.0;0.0;0.0;22.48717948717949;22.53846153846154;25.0;25.0;0;0
626.616;0.0;0.0;0.0;22.48717948717949;22.53846153846154;25.0;25.0;0;0
626.723;0.0;0.0;0.0;22.48717948717949;22.53846153846154;25.0;25.0;0;0
626.834;0.0;0.0;0.0;22.48717948717949;22.53846153846154;25.0;25.0;0;0
626.946;0.0;0.0;0.0;22.48717948717949;22.48717948717949;25.0;25.0;0;0
627.046;0.0;0.0;0.0;22.48717948717949;22.48717948717949;25.0;25.0;0;0
627.151;0.0;0.0;0.0;22.48717948717949;22.48717948717949;25.0;25.0;0;0
627.262;0.0;0.0;0.0;22.48717948717949;22.48717948717949;25.0;25.0;0;0
627.385;0.0;0.0;0.0;22.48717948717949;22.48717948717949;25.0;25.0;0;0
627.495;0.0;0.0;0.0;22.48717948717949;22.48717948717949;25.0;25.0;0;0
627.597;0.0;0.0;0.0;22.48717948717949;22.48717948717949;25.0;25.0;0;0
627.7;0.0;0.0;0.0;22.48717948717949;22.48717948717949;25.0;25.0;0;0
627.811;0.0;0.0;0.0;22.48717948717949;22.48717948717949;25.0;25.0;0;0
627.928;0.0;0.0;0.0;22.48717948717949;22.48717948717949;25.0;25.0;0;0
628.034;0.0;0.0;0.0;22.48717948717949;22.48717948717949;25.0;25.0;0;0
628.145;0.0;0.0;0.0;22.48717948717949;22.48717948717949;25.0;25.0;0;0
628.255;0.0;0.0;0.0;22.48717948717949;22.48717948717949;25.0;25.0;0;0
628.366;0.0;0.0;0.0;22.48717948717949;22.48717948717949;25.0;25.0;0;0
628.477;0.0;0.0;0.0;22.48717948717949;22.48717948717949;25.0;25.0;0;0
628.582;0.0;0.0;0.0;22.48717948717949;22.48717948717949;25.0;25.0;0;0
628.691;0.0;0.0;0.0;22.48717948717949;22.48717948717949;25.0;25.0;0;0
628.8;0.0;0.0;0.0;22.48717948717949;22.48717948717949;25.0;25.0;0;0
628.903;0.0;0.0;0.0;22.48717948717949;22.48717948717949;25.0;25.0;0;0
629.014;0.0;0.0;0.0;22.48717948717949;22.48717948717949;25.0;25.0;0;0
629.125;0.0;0.0;0.0;22.48717948717949;22.48717948717949;25.0;25.0;0;0
629.253;0.0;0.0;0.0;22.48717948717949;22.48717948717949;25.0;25.0;0;0
629.367;0.0;0.0;0.0;22.48717948717949;22.48717948717949;25.0;25.0;0;0
629.467;0.0;0.0;0.0;22.48717948717949;22.48717948717949;25.0;25.0;0;0
629.568;0.0;0.0;0.0;22.48717948717949;22.48717948717949;25.0;25.0;0;0
629.695;0.0;0.0;0.0;22.48717948717949;22.48717948717949;25.0;25.0;0;0
629.803;0.0;0.0;0.0;22.48717948717949;22.48717948717949;25.0;25.0;0;0
629.907;0.0;0.0;0.0;22.48717948717949;22.53846153846154;25.0;25.0;0;0
630.008;0.0;0.0;0.0;22.48717948717949;22.53846153846154;25.0;25.0;0;0
630.112;0.0;0.0;0.0;22.48717948717949;22.53846153846154;25.0;25.0;0;0
630.216;0.0;0.0;0.0;22.48717948717949;22.53846153846154;25.0;25.0;0;0
630.327;0.0;0.0;0.0;22.48717948717949;22.53846153846154;25.0;25.0;0;0
630.437;0.0;0.0;0.0;22.48717948717949;22.53846153846154;25.0;25.0;0;0
630.548;0.0;0.0;0.0;22.48717948717949;22.53846153846154;25.0;25.0;0;0
630.663;0.0;0.0;0.0;22.48717948717949;22.53846153846154;25.0;25.0;0;0
630.775;0.0;0.0;0.0;22.48717948717949;22.53846153846154;25.0;25.0;0;0
630.879;0.0;0.0;0.0;22.48717948717949;22.53846153846154;25.0;25.0;0;0
630.981;0.0;0.0;0.0;22.48717948717949;22.53846153846154;25.0;25.0;0;0
631.084;0.0;0.0;0.0;22.48717948717949;22.53846153846154;25.0;25.0;0;0
631.189;0.0;0.0;0.0;22.48717948717949;22.53846153846154;25.0;25.0;0;0
631.298;0.0;0.0;0.0;22.48717948717949;22.53846153846154;25.0;25.0;0;0
631.399;0.0;0.0;0.0;22.48717948717949;22.53846153846154;25.0;25.0;0;0
631.502;0.0;0.0;0.0;22.48717948717949;22.53846153846154;25.0;25.0;0;0
631.602;0.0;0.0;0.0;22.48717948717949;22.53846153846154;25.0;25.0;0;0
631.706;0.0;0.0;0.0;22.48717948717949;22.53846153846154;25.0;25.0;0;0
631.807;0.0;0.0;0.0;22.48717948717949;22.53846153846154;25.0;25.0;0;0
631.913;0.0;0.0;0.0;22.48717948717949;22.48717948717949;25.0;25.0;0;0
632.014;0.0;0.0;0.0;22.48717948717949;22.48717948717949;25.0;25.0;0;0
632.119;0.0;0.0;0.0;22.48717948717949;22.48717948717949;25.0;25.0;0;0
632.22;0.0;0.0;0.0;22.48717948717949;22.48717948717949;25.0;25.0;0;0
632.321;0.0;0.0;0.0;22.48717948717949;22.48717948717949;25.0;25.0;0;0
632.421;0.0;0.0;0.0;22.48717948717949;22.48717948717949;25.0;25.0;0;0
632.523;0.0;0.0;0.0;22.48717948717949;22.48717948717949;25.0;25.0;0;0
632.624;0.0;0.0;0.0;22.48717948717949;22.48717948717949;25.0;25.0;0;0
632.746;0.0;0.0;0.0;22.48717948717949;22.48717948717949;25.0;25.0;0;0
632.846;0.0;0.0;0.0;22.48717948717949;22.48717948717949;25.0;25.0;0;0
632.952;0.0;0.0;0.0;22.48717948717949;22.48717948717949;25.0;25.0;0;0
633.063;0.0;0.0;0.0;22.48717948717949;22.48717948717949;25.0;25.0;0;0
633.173;0.0;0.0;0.0;22.48717948717949;22.48717948717949;25.0;25.0;0;0
633.287;0.0;0.0;0.0;22.48717948717949;22.48717948717949;25.0;25.0;0;0
633.392;0.0;0.0;0.0;22.48717948717949;22.48717948717949;25.0;25.0;0;0
633.518;0.0;0.0;0.0;22.48717948717949;22.48717948717949;25.0;25.0;0;0
633.627;0.0;0.0;0.0;22.48717948717949;22.48717948717949;25.0;25.0;0;0
633.728;0.0;0.0;0.0;22.48717948717949;22.48717948717949;25.0;25.0;0;0
633.847;0.0;0.0;0.0;22.48717948717949;22.48717948717949;25.0;25.0;0;0
633.951;0.0;0.0;0.0;22.435897435897438;22.48717948717949;25.0;25.0;0;0
634.051;0.0;0.0;0.0;22.435897435897438;22.48717948717949;25.0;25.0;0;0
634.155;0.0;0.0;0.0;22.435897435897438;22.48717948717949;25.0;25.0;0;0
634.26;0.0;0.0;0.0;22.435897435897438;22.48717948717949;25.0;25.0;0;0
634.379;0.0;0.0;0.0;22.435897435897438;22.48717948717949;25.0;25.0;0;0
634.48;0.0;0.0;0.0;22.435897435897438;22.48717948717949;25.0;25.0;0;0
634.591;0.0;0.0;0.0;22.435897435897438;22.48717948717949;25.0;25.0;0;0
634.703;0.0;0.0;0.0;22.435897435897438;22.48717948717949;25.0;25.0;0;0
634.813;0.0;0.0;0.0;22.435897435897438;22.48717948717949;25.0;25.0;0;0
634.932;0.0;0.0;0.0;22.48717948717949;22.48717948717949;25.0;25.0;0;0
635.051;0.0;0.0;0.0;22.48717948717949;22.48717948717949;25.0;25.0;0;0
635.152;0.0;0.0;0.0;22.48717948717949;22.48717948717949;25.0;25.0;0;0
635.252;0.0;0.0;0.0;22.48717948717949;22.48717948717949;25.0;25.0;0;0
635.371;0.0;0.0;0.0;22.48717948717949;22.48717948717949;25.0;25.0;0;0
635.473;0.0;0.0;0.0;22.48717948717949;22.48717948717949;25.0;25.0;0;0
635.589;0.0;0.0;0.0;22.48717948717949;22.48717948717949;25.0;25.0;0;0
635.709;0.0;0.0;0.0;22.48717948717949;22.48717948717949;25.0;25.0;0;0
635.81;0.0;0.0;0.0;22.48717948717949;22.48717948717949;25.0;25.0;0;0
635.912;0.0;0.0;0.0;22.48717948717949;22.48717948717949;25.0;25.0;0;0
636.037;0.0;0.0;0.0;22.48717948717949;22.53846153846154;25.0;25.0;0;0
636.149;0.0;0.0;0.0;22.48717948717949;22.53846153846154;25.0;25.0;0;0
636.271;0.0;0.0;0.0;22.48717948717949;22.53846153846154;25.0;25.0;0;0
636.384;0.0;0.0;0.0;22.48717948717949;22.53846153846154;25.0;25.0;0;0
636.498;0.0;0.0;0.0;22.48717948717949;22.53846153846154;25.0;25.0;0;0
636.602;0.0;0.0;0.0;22.48717948717949;22.53846153846154;25.0;25.0;0;0
636.71;0.0;0.0;0.0;22.48717948717949;22.53846153846154;25.0;25.0;0;0
636.822;0.0;0.0;0.0;22.48717948717949;22.53846153846154;25.0;25.0;0;0
636.94;0.0;0.0;0.0;22.48717948717949;22.48717948717949;25.0;25.0;0;0
637.058;0.0;0.0;0.0;22.48717948717949;22.48717948717949;25.0;25.0;0;0
637.161;0.0;0.0;0.0;22.48717948717949;22.48717948717949;25.0;25.0;0;0
637.267;0.0;0.0;0.0;22.48717948717949;22.48717948717949;25.0;25.0;0;0
637.367;0.0;0.0;0.0;22.48717948717949;22.48717948717949;25.0;25.0;0;0
637.479;0.0;0.0;0.0;22.48717948717949;22.48717948717949;25.0;25.0;0;0
637.58;0.0;0.0;0.0;22.48717948717949;22.48717948717949;25.0;25.0;0;0
637.684;0.0;0.0;0.0;22.48717948717949;22.48717948717949;25.0;25.0;0;0
637.79;0.0;0.0;0.0;22.48717948717949;22.48717948717949;25.0;25.0;0;0
637.903;0.0;0.0;0.0;22.48717948717949;22.48717948717949;25.0;25.0;0;0
638.026;0.0;0.0;0.0;22.48717948717949;22.53846153846154;25.0;25.0;0;0
638.137;0.0;0.0;0.0;22.48717948717949;22.53846153846154;25.0;25.0;0;0
638.247;0.0;0.0;0.0;22.48717948717949;22.53846153846154;25.0;25.0;0;0
638.356;0.0;0.0;0.0;22.48717948717949;22.53846153846154;25.0;25.0;0;0
638.476;0.0;0.0;0.0;22.48717948717949;22.53846153846154;25.0;25.0;0;0
638.589;0.0;0.0;0.0;22.48717948717949;22.53846153846154;25.0;25.0;0;0
638.7;0.0;0.0;0.0;22.48717948717949;22.53846153846154;25.0;25.0;0;0
638.802;0.0;0.0;0.0;22.48717948717949;22.53846153846154;25.0;25.0;0;0
638.902;0.0;0.0;0.0;22.48717948717949;22.53846153846154;25.0;25.0;0;0
639.004;0.0;0.0;0.0;22.48717948717949;22.48717948717949;25.0;25.0;0;0
639.104;0.0;0.0;0.0;22.48717948717949;22.48717948717949;25.0;25.0;0;0
639.217;0.0;0.0;0.0;22.48717948717949;22.48717948717949;25.0;25.0;0;0
639.318;0.0;0.0;0.0;22.48717948717949;22.48717948717949;25.0;25.0;0;0
639.441;0.0;0.0;0.0;22.48717948717949;22.48717948717949;25.0;25.0;0;0
639.559;0.0;0.0;0.0;22.48717948717949;22.48717948717949;25.0;25.0;0;0
639.676;0.0;0.0;0.0;22.48717948717949;22.48717948717949;25.0;25.0;0;0
639.776;0.0;0.0;0.0;22.48717948717949;22.48717948717949;25.0;25.0;0;0
639.879;0.0;0.0;0.0;22.48717948717949;22.48717948717949;25.0;25.0;0;0
639.997;0.0;0.0;0.0;22.48717948717949;22.53846153846154;25.0;25.0;0;0
640.114;0.0;0.0;0.0;22.48717948717949;22.53846153846154;25.0;25.0;0;0
640.216;0.0;0.0;0.0;22.48717948717949;22.53846153846154;25.0;25.0;0;0
640.317;0.0;0.0;0.0;22.48717948717949;22.53846153846154;25.0;25.0;0;0
640.418;0.0;0.0;0.0;22.48717948717949;22.53846153846154;25.0;25.0;0;0
640.538;0.0;0.0;0.0;22.48717948717949;22.53846153846154;25.0;25.0;0;0
640.648;0.0;0.0;0.0;22.48717948717949;22.53846153846154;25.0;25.0;0;0
640.756;0.0;0.0;0.0;22.48717948717949;22.53846153846154;25.0;25.0;0;0
640.864;0.0;0.0;0.0;22.48717948717949;22.53846153846154;25.0;25.0;0;0
640.973;0.0;0.0;0.0;22.48717948717949;22.53846153846154;25.0;25.0;0;0
641.097;0.0;0.0;0.0;22.48717948717949;22.53846153846154;25.0;25.0;0;0
641.213;0.0;0.0;0.0;22.48717948717949;22.53846153846154;25.0;25.0;0;0
641.314;0.0;0.0;0.0;22.48717948717949;22.53846153846154;25.0;25.0;0;0
641.451;0.0;0.0;0.0;22.48717948717949;22.53846153846154;25.0;25.0;0;0
641.552;0.0;0.0;0.0;22.48717948717949;22.53846153846154;25.0;25.0;0;0
641.662;0.0;0.0;0.0;22.48717948717949;22.53846153846154;25.0;25.0;0;0
641.77;0.0;0.0;0.0;22.48717948717949;22.53846153846154;25.0;25.0;0;0
641.89;0.0;0.0;0.0;22.48717948717949;22.53846153846154;25.0;25.0;0;0
641.991;0.0;0.0;0.0;22.48717948717949;22.48717948717949;25.0;25.0;0;0
642.099;0.0;0.0;0.0;22.48717948717949;22.48717948717949;25.0;25.0;0;0
642.2;0.0;0.0;0.0;22.48717948717949;22.48717948717949;25.0;25.0;0;0
642.301;0.0;0.0;0.0;22.48717948717949;22.48717948717949;25.0;25.0;0;0
642.412;0.0;0.0;0.0;22.48717948717949;22.48717948717949;25.0;25.0;0;0
642.512;0.0;0.0;0.0;22.48717948717949;22.48717948717949;25.0;25.0;0;0
642.624;0.0;0.0;0.0;22.48717948717949;22.48717948717949;25.0;25.0;0;0
642.725;0.0;0.0;0.0;22.48717948717949;22.48717948717949;25.0;25.0;0;0
642.83;0.0;0.0;0.0;22.48717948717949;22.48717948717949;25.0;25.0;0;0
642.93;0.0;0.0;0.0;22.48717948717949;22.53846153846154;25.0;25.0;0;0
643.043;0.0;0.0;0.0;22.48717948717949;22.53846153846154;25.0;25.0;0;0
643.158;0.0;0.0;0.0;22.48717948717949;22.53846153846154;25.0;25.0;0;0
643.26;0.0;0.0;0.0;22.48717948717949;22.53846153846154;25.0;25.0;0;0
643.362;0.0;0.0;0.0;22.48717948717949;22.53846153846154;25.0;25.0;0;0
643.47;0.0;0.0;0.0;22.48717948717949;22.53846153846154;25.0;25.0;0;0
643.57;0.0;0.0;0.0;22.48717948717949;22.53846153846154;25.0;25.0;0;0
643.671;0.0;0.0;0.0;22.48717948717949;22.53846153846154;25.0;25.0;0;0
643.776;0.0;0.0;0.0;22.48717948717949;22.53846153846154;25.0;25.0;0;0
643.888;0.0;0.0;0.0;22.48717948717949;22.53846153846154;25.0;25.0;0;0
643.991;0.0;0.0;0.0;22.48717948717949;22.53846153846154;25.0;25.0;0;0
644.093;0.0;0.0;0.0;22.48717948717949;22.53846153846154;25.0;25.0;0;0
644.197;0.0;0.0;0.0;22.48717948717949;22.53846153846154;25.0;25.0;0;0
644.298;0.0;0.0;0.0;22.48717948717949;22.53846153846154;25.0;25.0;0;0
644.398;0.0;0.0;0.0;22.48717948717949;22.53846153846154;25.0;25.0;0;0
644.505;0.0;0.0;0.0;22.48717948717949;22.53846153846154;25.0;25.0;0;0
644.626;0.0;0.0;0.0;22.48717948717949;22.53846153846154;25.0;25.0;0;0
644.726;0.0;0.0;0.0;22.48717948717949;22.53846153846154;25.0;25.0;0;0
644.833;0.0;0.0;0.0;22.48717948717949;22.53846153846154;25.0;25.0;0;0
644.934;0.0;0.0;0.0;22.48717948717949;22.48717948717949;25.0;25.0;0;0
645.036;0.0;0.0;0.0;22.48717948717949;22.48717948717949;25.0;25.0;0;0
645.136;0.0;0.0;0.0;22.48717948717949;22.48717948717949;25.0;25.0;0;0
645.245;0.0;0.0;0.0;22.48717948717949;22.48717948717949;25.0;25.0;0;0
645.363;0.0;0.0;0.0;22.48717948717949;22.48717948717949;25.0;25.0;0;0
645.476;0.0;0.0;0.0;22.48717948717949;22.48717948717949;25.0;25.0;0;0
645.584;0.0;0.0;0.0;22.48717948717949;22.48717948717949;25.0;25.0;0;0
645.685;0.0;0.0;0.0;22.48717948717949;22.48717948717949;25.0;25.0;0;0
645.786;0.0;0.0;0.0;22.48717948717949;22.48717948717949;25.0;25.0;0;0
645.886;0.0;0.0;0.0;22.48717948717949;22.48717948717949;25.0;25.0;0;0
645.99;0.0;0.0;0.0;22.48717948717949;22.48717948717949;25.0;25.0;0;0
646.097;0.0;0.0;0.0;22.48717948717949;22.48717948717949;25.0;25.0;0;0
646.209;0.0;0.0;0.0;22.48717948717949;22.48717948717949;25.0;25.0;0;0
646.32;0.0;0.0;0.0;22.48717948717949;22.48717948717949;25.0;25.0;0;0
646.437;0.0;0.0;0.0;22.48717948717949;22.48717948717949;25.0;25.0;0;0
646.541;0.0;0.0;0.0;22.48717948717949;22.48717948717949;25.0;25.0;0;0
646.658;0.0;0.0;0.0;22.48717948717949;22.48717948717949;25.0;25.0;0;0
646.76;0.0;0.0;0.0;22.48717948717949;22.48717948717949;25.0;25.0;0;0
646.872;0.0;0.0;0.0;22.48717948717949;22.48717948717949;25.0;25.0;0;0
646.991;0.0;0.0;0.0;22.48717948717949;22.53846153846154;25.0;25.0;0;0
647.092;0.0;0.0;0.0;22.48717948717949;22.53846153846154;25.0;25.0;0;0
647.21;0.0;0.0;0.0;22.48717948717949;22.53846153846154;25.0;25.0;0;0
647.313;0.0;0.0;0.0;22.48717948717949;22.53846153846154;25.0;25.0;0;0
647.423;0.0;0.0;0.0;22.48717948717949;22.53846153846154;25.0;25.0;0;0
647.548;0.0;0.0;0.0;22.48717948717949;22.53846153846154;25.0;25.0;0;0
647.651;0.0;0.0;0.0;22.48717948717949;22.53846153846154;25.0;25.0;0;0
647.755;0.0;0.0;0.0;22.48717948717949;22.53846153846154;25.0;25.0;0;0
647.864;0.0;0.0;0.0;22.48717948717949;22.53846153846154;25.0;25.0;0;0
647.975;0.0;0.0;0.0;22.48717948717949;22.53846153846154;25.0;25.0;0;0
648.091;0.0;0.0;0.0;22.48717948717949;22.53846153846154;25.0;25.0;0;0
648.194;0.0;0.0;0.0;22.48717948717949;22.53846153846154;25.0;25.0;0;0
648.301;0.0;0.0;0.0;22.48717948717949;22.53846153846154;25.0;25.0;0;0
648.401;0.0;0.0;0.0;22.48717948717949;22.53846153846154;25.0;25.0;0;0
648.52;0.0;0.0;0.0;22.48717948717949;22.53846153846154;25.0;25.0;0;0
648.633;0.0;0.0;0.0;22.48717948717949;22.53846153846154;25.0;25.0;0;0
648.745;0.0;0.0;0.0;22.48717948717949;22.53846153846154;25.0;25.0;0;0
648.847;0.0;0.0;0.0;22.48717948717949;22.53846153846154;25.0;25.0;0;0
648.954;0.0;0.0;0.0;22.48717948717949;22.48717948717949;25.0;25.0;0;0
649.076;0.0;0.0;0.0;22.48717948717949;22.48717948717949;25.0;25.0;0;0
649.2;0.0;0.0;0.0;22.48717948717949;22.48717948717949;25.0;25.0;0;0
649.303;0.0;0.0;0.0;22.48717948717949;22.48717948717949;25.0;25.0;0;0
649.405;0.0;0.0;0.0;22.48717948717949;22.48717948717949;25.0;25.0;0;0
649.51;0.0;0.0;0.0;22.48717948717949;22.48717948717949;25.0;25.0;0;0
649.61;0.0;0.0;0.0;22.48717948717949;22.48717948717949;25.0;25.0;0;0
649.711;0.0;0.0;0.0;22.48717948717949;22.48717948717949;25.0;25.0;0;0
649.817;0.0;0.0;0.0;22.48717948717949;22.48717948717949;25.0;25.0;0;0
649.919;0.0;0.0;0.0;22.48717948717949;22.53846153846154;25.0;25.0;0;0
650.019;0.0;0.0;0.0;22.48717948717949;22.53846153846154;25.0;25.0;0;0
650.123;0.0;0.0;0.0;22.48717948717949;22.53846153846154;25.0;25.0;0;0
650.223;0.0;0.0;0.0;22.48717948717949;22.53846153846154;25.0;25.0;0;0
650.326;0.0;0.0;0.0;22.48717948717949;22.53846153846154;25.0;25.0;0;0
650.429;0.0;0.0;0.0;22.48717948717949;22.53846153846154;25.0;25.0;0;0
650.529;0.0;0.0;0.0;22.48717948717949;22.53846153846154;25.0;25.0;0;0
650.64;0.0;0.0;0.0;22.48717948717949;22.53846153846154;25.0;25.0;0;0
650.741;0.0;0.0;0.0;22.48717948717949;22.53846153846154;25.0;25.0;0;0
650.855;0.0;0.0;0.0;22.48717948717949;22.53846153846154;25.0;25.0;0;0
650.976;0.0;0.0;0.0;22.48717948717949;22.48717948717949;25.0;25.0;0;0
651.082;0.0;0.0;0.0;22.48717948717949;22.48717948717949;25.0;25.0;0;0
651.184;0.0;0.0;0.0;22.48717948717949;22.48717948717949;25.0;25.0;0;0
651.285;0.0;0.0;0.0;22.48717948717949;22.48717948717949;25.0;25.0;0;0
651.386;0.0;0.0;0.0;22.48717948717949;22.48717948717949;25.0;25.0;0;0
651.487;0.0;0.0;0.0;22.48717948717949;22.48717948717949;25.0;25.0;0;0
651.603;0.0;0.0;0.0;22.48717948717949;22.48717948717949;25.0;25.0;0;0
651.716;0.0;0.0;0.0;22.48717948717949;22.48717948717949;25.0;25.0;0;0
651.823;0.0;0.0;0.0;22.48717948717949;22.48717948717949;25.0;25.0;0;0
651.928;0.0;0.0;0.0;22.48717948717949;22.48717948717949;25.0;25.0;0;0
652.047;0.0;0.0;0.0;22.48717948717949;22.48717948717949;25.0;25.0;0;0
652.154;0.0;0.0;0.0;22.48717948717949;22.48717948717949;25.0;25.0;0;0
652.26;0.0;0.0;0.0;22.48717948717949;22.48717948717949;25.0;25.0;0;0
652.363;0.0;0.0;0.0;22.48717948717949;22.48717948717949;25.0;25.0;0;0
652.476;0.0;0.0;0.0;22.48717948717949;22.48717948717949;25.0;25.0;0;0
652.585;0.0;0.0;0.0;22.48717948717949;22.48717948717949;25.0;25.0;0;0
652.704;0.0;0.0;0.0;22.48717948717949;22.48717948717949;25.0;25.0;0;0
652.818;0.0;0.0;0.0;22.48717948717949;22.48717948717949;25.0;25.0;0;0
652.929;0.0;0.0;0.0;22.48717948717949;22.48717948717949;25.0;25.0;0;0
653.038;0.0;0.0;0.0;22.48717948717949;22.48717948717949;25.0;25.0;0;0
653.155;0.0;0.0;0.0;22.48717948717949;22.48717948717949;25.0;25.0;0;0
653.257;0.0;0.0;0.0;22.48717948717949;22.48717948717949;25.0;25.0;0;0
653.366;0.0;0.0;0.0;22.48717948717949;22.48717948717949;25.0;25.0;0;0
653.475;0.0;0.0;0.0;22.48717948717949;22.48717948717949;25.0;25.0;0;0
653.584;0.0;0.0;0.0;22.48717948717949;22.48717948717949;25.0;25.0;0;0
653.692;0.0;0.0;0.0;22.48717948717949;22.48717948717949;25.0;25.0;0;0
653.792;0.0;0.0;0.0;22.48717948717949;22.48717948717949;25.0;25.0;0;0
653.91;0.0;0.0;0.0;22.48717948717949;22.48717948717949;25.0;25.0;0;0
654.02;0.0;0.0;0.0;22.48717948717949;22.53846153846154;25.0;25.0;0;0
654.13;0.0;0.0;0.0;22.48717948717949;22.53846153846154;25.0;25.0;0;0
654.246;0.0;0.0;0.0;22.48717948717949;22.53846153846154;25.0;25.0;0;0
654.351;0.0;0.0;0.0;22.48717948717949;22.53846153846154;25.0;25.0;0;0
654.467;0.0;0.0;0.0;22.48717948717949;22.53846153846154;25.0;25.0;0;0
654.569;0.0;0.0;0.0;22.48717948717949;22.53846153846154;25.0;25.0;0;0
654.68;0.0;0.0;0.0;22.48717948717949;22.53846153846154;25.0;25.0;0;0
654.786;0.0;0.0;0.0;22.48717948717949;22.53846153846154;25.0;25.0;0;0
654.89;0.0;0.0;0.0;22.48717948717949;22.53846153846154;25.0;25.0;0;0
655.005;0.0;0.0;0.0;22.48717948717949;22.53846153846154;25.0;25.0;0;0
655.11;0.0;0.0;0.0;22.48717948717949;22.53846153846154;25.0;25.0;0;0
655.211;0.0;0.0;0.0;22.48717948717949;22.53846153846154;25.0;25.0;0;0
655.312;0.0;0.0;0.0;22.48717948717949;22.53846153846154;25.0;25.0;0;0
655.422;0.0;0.0;0.0;22.48717948717949;22.53846153846154;25.0;25.0;0;0
655.53;0.0;0.0;0.0;22.48717948717949;22.53846153846154;25.0;25.0;0;0
655.631;0.0;0.0;0.0;22.48717948717949;22.53846153846154;25.0;25.0;0;0
655.732;0.0;0.0;0.0;22.48717948717949;22.53846153846154;25.0;25.0;0;0
655.833;0.0;0.0;0.0;22.48717948717949;22.53846153846154;25.0;25.0;0;0
655.934;0.0;0.0;0.0;22.48717948717949;22.53846153846154;25.0;25.0;0;0
656.039;0.0;0.0;0.0;22.48717948717949;22.53846153846154;25.0;25.0;0;0
656.147;0.0;0.0;0.0;22.48717948717949;22.53846153846154;25.0;25.0;0;0
656.263;0.0;0.0;0.0;22.48717948717949;22.53846153846154;25.0;25.0;0;0
656.372;0.0;0.0;0.0;22.48717948717949;22.53846153846154;25.0;25.0;0;0
656.483;0.0;0.0;0.0;22.48717948717949;22.53846153846154;25.0;25.0;0;0
656.584;0.0;0.0;0.0;22.48717948717949;22.53846153846154;25.0;25.0;0;0
656.685;0.0;0.0;0.0;22.48717948717949;22.53846153846154;25.0;25.0;0;0
656.786;0.0;0.0;0.0;22.48717948717949;22.53846153846154;25.0;25.0;0;0
656.889;0.0;0.0;0.0;22.48717948717949;22.53846153846154;25.0;25.0;0;0
656.999;0.0;0.0;0.0;22.48717948717949;22.53846153846154;25.0;25.0;0;0
657.1;0.0;0.0;0.0;22.48717948717949;22.53846153846154;25.0;25.0;0;0
657.226;0.0;0.0;0.0;22.48717948717949;22.53846153846154;25.0;25.0;0;0
657.326;0.0;0.0;0.0;22.48717948717949;22.53846153846154;25.0;25.0;0;0
657.431;0.0;0.0;0.0;22.48717948717949;22.53846153846154;25.0;25.0;0;0
657.538;0.0;0.0;0.0;22.48717948717949;22.53846153846154;25.0;25.0;0;0
657.639;0.0;0.0;0.0;22.48717948717949;22.53846153846154;25.0;25.0;0;0
657.74;0.0;0.0;0.0;22.48717948717949;22.53846153846154;25.0;25.0;0;0
657.84;0.0;0.0;0.0;22.48717948717949;22.53846153846154;25.0;25.0;0;0
657.952;0.0;0.0;0.0;22.48717948717949;22.53846153846154;25.0;25.0;0;0
658.057;0.0;0.0;0.0;22.48717948717949;22.53846153846154;25.0;25.0;0;0
658.172;0.0;0.0;0.0;22.48717948717949;22.53846153846154;25.0;25.0;0;0
658.283;0.0;0.0;0.0;22.48717948717949;22.53846153846154;25.0;25.0;0;0
658.394;0.0;0.0;0.0;22.48717948717949;22.53846153846154;25.0;25.0;0;0
658.504;0.0;0.0;0.0;22.48717948717949;22.53846153846154;25.0;25.0;0;0
658.613;0.0;0.0;0.0;22.48717948717949;22.53846153846154;25.0;25.0;0;0
658.714;0.0;0.0;0.0;22.48717948717949;22.53846153846154;25.0;25.0;0;0
658.817;0.0;0.0;0.0;22.48717948717949;22.53846153846154;25.0;25.0;0;0
658.918;0.0;0.0;0.0;22.48717948717949;22.53846153846154;25.0;25.0;0;0
659.021;0.0;0.0;0.0;22.48717948717949;22.53846153846154;25.0;25.0;0;0
659.126;0.0;0.0;0.0;22.48717948717949;22.53846153846154;25.0;25.0;0;0
659.229;0.0;0.0;0.0;22.48717948717949;22.53846153846154;25.0;25.0;0;0
659.336;0.0;0.0;0.0;22.48717948717949;22.53846153846154;25.0;25.0;0;0
659.442;0.0;0.0;0.0;22.48717948717949;22.53846153846154;25.0;25.0;0;0
659.544;0.0;0.0;0.0;22.48717948717949;22.53846153846154;25.0;25.0;0;0
659.671;0.0;0.0;0.0;22.48717948717949;22.53846153846154;25.0;25.0;0;0
659.772;0.0;0.0;0.0;22.48717948717949;22.53846153846154;25.0;25.0;0;0
659.874;0.0;0.0;0.0;22.48717948717949;22.53846153846154;25.0;25.0;0;0
659.996;0.0;0.0;0.0;22.48717948717949;22.53846153846154;25.0;25.0;0;0
660.106;0.0;0.0;0.0;22.48717948717949;22.53846153846154;25.0;25.0;0;0
660.222;0.0;0.0;0.0;22.48717948717949;22.53846153846154;25.0;25.0;0;0
660.323;0.0;0.0;0.0;22.48717948717949;22.53846153846154;25.0;25.0;0;0
660.427;0.0;0.0;0.0;22.48717948717949;22.53846153846154;25.0;25.0;0;0
660.538;0.0;0.0;0.0;22.48717948717949;22.53846153846154;25.0;25.0;0;0
660.648;0.0;0.0;0.0;22.48717948717949;22.53846153846154;25.0;25.0;0;0
660.759;0.0;0.0;0.0;22.48717948717949;22.53846153846154;25.0;25.0;0;0
660.885;0.0;0.0;0.0;22.48717948717949;22.53846153846154;25.0;25.0;0;0
660.99;0.0;0.0;0.0;22.48717948717949;22.53846153846154;25.0;25.0;0;0
661.093;0.0;0.0;0.0;22.48717948717949;22.53846153846154;25.0;25.0;0;0
661.193;0.0;0.0;0.0;22.48717948717949;22.53846153846154;25.0;25.0;0;0
661.295;0.0;0.0;0.0;22.48717948717949;22.53846153846154;25.0;25.0;0;0
661.409;0.0;0.0;0.0;22.48717948717949;22.53846153846154;25.0;25.0;0;0
661.518;0.0;0.0;0.0;22.48717948717949;22.53846153846154;25.0;25.0;0;0
661.624;0.0;0.0;0.0;22.48717948717949;22.53846153846154;25.0;25.0;0;0
661.736;0.0;0.0;0.0;22.48717948717949;22.53846153846154;25.0;25.0;0;0
661.846;0.0;0.0;0.0;22.48717948717949;22.53846153846154;25.0;25.0;0;0
661.948;0.0;0.0;0.0;22.48717948717949;22.53846153846154;25.0;25.0;0;0
662.057;0.0;0.0;0.0;22.48717948717949;22.53846153846154;25.0;25.0;0;0
662.158;0.0;0.0;0.0;22.48717948717949;22.53846153846154;25.0;25.0;0;0
662.26;0.0;0.0;0.0;22.48717948717949;22.53846153846154;25.0;25.0;0;0
662.36;0.0;0.0;0.0;22.48717948717949;22.53846153846154;25.0;25.0;0;0
662.469;0.0;0.0;0.0;22.48717948717949;22.53846153846154;25.0;25.0;0;0
662.58;0.0;0.0;0.0;22.48717948717949;22.53846153846154;25.0;25.0;0;0
662.687;0.0;0.0;0.0;22.48717948717949;22.53846153846154;25.0;25.0;0;0
662.798;0.0;0.0;0.0;22.48717948717949;22.53846153846154;25.0;25.0;0;0
662.908;0.0;0.0;0.0;22.48717948717949;22.53846153846154;25.0;25.0;0;0
663.018;0.0;0.0;0.0;22.48717948717949;22.53846153846154;25.0;25.0;0;0
663.126;0.0;0.0;0.0;22.48717948717949;22.53846153846154;25.0;25.0;0;0
663.241;0.0;0.0;0.0;22.48717948717949;22.53846153846154;25.0;25.0;0;0
663.354;0.0;0.0;0.0;22.48717948717949;22.53846153846154;25.0;25.0;0;0
663.455;0.0;0.0;0.0;22.48717948717949;22.53846153846154;25.0;25.0;0;0
663.568;0.0;0.0;0.0;22.48717948717949;22.53846153846154;25.0;25.0;0;0
663.677;0.0;0.0;0.0;22.48717948717949;22.53846153846154;25.0;25.0;0;0
663.79;0.0;0.0;0.0;22.48717948717949;22.53846153846154;25.0;25.0;0;0
663.899;0.0;0.0;0.0;22.48717948717949;22.53846153846154;25.0;25.0;0;0
664.011;0.0;0.0;0.0;22.48717948717949;22.53846153846154;25.0;25.0;0;0
664.117;0.0;0.0;0.0;22.48717948717949;22.53846153846154;25.0;25.0;0;0
664.23;0.0;0.0;0.0;22.48717948717949;22.53846153846154;25.0;25.0;0;0
664.339;0.0;0.0;0.0;22.48717948717949;22.53846153846154;25.0;25.0;0;0
664.449;0.0;0.0;0.0;22.48717948717949;22.53846153846154;25.0;25.0;0;0
664.555;0.0;0.0;0.0;22.48717948717949;22.53846153846154;25.0;25.0;0;0
664.664;0.0;0.0;0.0;22.48717948717949;22.53846153846154;25.0;25.0;0;0
664.773;0.0;0.0;0.0;22.48717948717949;22.53846153846154;25.0;25.0;0;0
664.873;0.0;0.0;0.0;22.48717948717949;22.53846153846154;25.0;25.0;0;0
664.984;0.0;0.0;0.0;22.48717948717949;22.53846153846154;25.0;25.0;0;0
665.087;0.0;0.0;0.0;22.48717948717949;22.53846153846154;25.0;25.0;0;0
665.198;0.0;0.0;0.0;22.48717948717949;22.53846153846154;25.0;25.0;0;0
665.309;0.0;0.0;0.0;22.48717948717949;22.53846153846154;25.0;25.0;0;0
665.427;0.0;0.0;0.0;22.48717948717949;22.53846153846154;25.0;25.0;0;0
665.533;0.0;0.0;0.0;22.48717948717949;22.53846153846154;25.0;25.0;0;0
665.638;0.0;0.0;0.0;22.48717948717949;22.53846153846154;25.0;25.0;0;0
665.748;0.0;0.0;0.0;22.48717948717949;22.53846153846154;25.0;25.0;0;0
665.859;0.0;0.0;0.0;22.48717948717949;22.53846153846154;25.0;25.0;0;0
665.968;0.0;0.0;0.0;22.48717948717949;22.53846153846154;25.0;25.0;0;0
666.079;0.0;0.0;0.0;22.48717948717949;22.53846153846154;25.0;25.0;0;0
666.189;0.0;0.0;0.0;22.48717948717949;22.53846153846154;25.0;25.0;0;0
666.299;0.0;0.0;0.0;22.48717948717949;22.53846153846154;25.0;25.0;0;0
666.418;0.0;0.0;0.0;22.48717948717949;22.53846153846154;25.0;25.0;0;0
666.52;0.0;0.0;0.0;22.48717948717949;22.53846153846154;25.0;25.0;0;0
666.655;0.0;0.0;0.0;22.48717948717949;22.53846153846154;25.0;25.0;0;0
666.757;0.0;0.0;0.0;22.48717948717949;22.53846153846154;25.0;25.0;0;0
666.858;0.0;0.0;0.0;22.48717948717949;22.53846153846154;25.0;25.0;0;0
666.961;0.0;0.0;0.0;22.48717948717949;22.53846153846154;25.0;25.0;0;0
667.071;0.0;0.0;0.0;22.48717948717949;22.53846153846154;25.0;25.0;0;0
667.171;0.0;0.0;0.0;22.48717948717949;22.53846153846154;25.0;25.0;0;0
667.297;0.0;0.0;0.0;22.48717948717949;22.53846153846154;25.0;25.0;0;0
667.403;0.0;0.0;0.0;22.48717948717949;22.53846153846154;25.0;25.0;0;0
667.513;0.0;0.0;0.0;22.48717948717949;22.53846153846154;25.0;25.0;0;0
667.629;0.0;0.0;0.0;22.48717948717949;22.53846153846154;25.0;25.0;0;0
667.733;0.0;0.0;0.0;22.48717948717949;22.53846153846154;25.0;25.0;0;0
667.849;0.0;0.0;0.0;22.48717948717949;22.53846153846154;25.0;25.0;0;0
667.96;0.0;0.0;0.0;22.48717948717949;22.53846153846154;25.0;25.0;0;0
668.066;0.0;0.0;0.0;22.48717948717949;22.53846153846154;25.0;25.0;0;0
668.176;0.0;0.0;0.0;22.48717948717949;22.53846153846154;25.0;25.0;0;0
668.287;0.0;0.0;0.0;22.48717948717949;22.53846153846154;25.0;25.0;0;0
668.399;0.0;0.0;0.0;22.48717948717949;22.53846153846154;25.0;25.0;0;0
668.501;0.0;0.0;0.0;22.48717948717949;22.53846153846154;25.0;25.0;0;0
668.603;0.0;0.0;0.0;22.48717948717949;22.53846153846154;25.0;25.0;0;0
668.714;0.0;0.0;0.0;22.48717948717949;22.53846153846154;25.0;25.0;0;0
668.825;0.0;0.0;0.0;22.48717948717949;22.53846153846154;25.0;25.0;0;0
668.932;0.0;0.0;0.0;22.48717948717949;22.53846153846154;25.0;25.0;0;0
669.043;0.0;0.0;0.0;22.48717948717949;22.48717948717949;25.0;25.0;0;0
669.154;0.0;0.0;0.0;22.48717948717949;22.48717948717949;25.0;25.0;0;0
669.267;0.0;0.0;0.0;22.48717948717949;22.48717948717949;25.0;25.0;0;0
669.377;0.0;0.0;0.0;22.48717948717949;22.48717948717949;25.0;25.0;0;0
669.488;0.0;0.0;0.0;22.48717948717949;22.48717948717949;25.0;25.0;0;0
669.598;0.0;0.0;0.0;22.48717948717949;22.48717948717949;25.0;25.0;0;0
669.707;0.0;0.0;0.0;22.48717948717949;22.48717948717949;25.0;25.0;0;0
669.818;0.0;0.0;0.0;22.48717948717949;22.48717948717949;25.0;25.0;0;0
669.919;0.0;0.0;0.0;22.48717948717949;22.48717948717949;25.0;25.0;0;0
670.024;0.0;0.0;0.0;22.48717948717949;22.53846153846154;25.0;25.0;0;0
670.136;0.0;0.0;0.0;22.48717948717949;22.53846153846154;25.0;25.0;0;0
670.245;0.0;0.0;0.0;22.48717948717949;22.53846153846154;25.0;25.0;0;0
670.354;0.0;0.0;0.0;22.48717948717949;22.53846153846154;25.0;25.0;0;0
670.466;0.0;0.0;0.0;22.48717948717949;22.53846153846154;25.0;25.0;0;0
670.579;0.0;0.0;0.0;22.48717948717949;22.53846153846154;25.0;25.0;0;0
670.689;0.0;0.0;0.0;22.48717948717949;22.53846153846154;25.0;25.0;0;0
670.801;0.0;0.0;0.0;22.48717948717949;22.53846153846154;25.0;25.0;0;0
670.912;0.0;0.0;0.0;22.48717948717949;22.53846153846154;25.0;25.0;0;0
671.024;0.0;0.0;0.0;22.48717948717949;22.53846153846154;25.0;25.0;0;0
671.133;0.0;0.0;0.0;22.48717948717949;22.53846153846154;25.0;25.0;0;0
671.245;0.0;0.0;0.0;22.48717948717949;22.53846153846154;25.0;25.0;0;0
671.357;0.0;0.0;0.0;22.48717948717949;22.53846153846154;25.0;25.0;0;0
671.465;0.0;0.0;0.0;22.48717948717949;22.53846153846154;25.0;25.0;0;0
671.579;0.0;0.0;0.0;22.48717948717949;22.53846153846154;25.0;25.0;0;0
671.689;0.0;0.0;0.0;22.48717948717949;22.53846153846154;25.0;25.0;0;0
671.799;0.0;0.0;0.0;22.48717948717949;22.53846153846154;25.0;25.0;0;0
671.911;0.0;0.0;0.0;22.48717948717949;22.53846153846154;25.0;25.0;0;0
672.023;0.0;0.0;0.0;22.48717948717949;22.53846153846154;25.0;25.0;0;0
672.126;0.0;0.0;0.0;22.48717948717949;22.53846153846154;25.0;25.0;0;0
672.228;0.0;0.0;0.0;22.48717948717949;22.53846153846154;25.0;25.0;0;0
672.339;0.0;0.0;0.0;22.48717948717949;22.53846153846154;25.0;25.0;0;0
672.449;0.0;0.0;0.0;22.48717948717949;22.53846153846154;25.0;25.0;0;0
672.559;0.0;0.0;0.0;22.48717948717949;22.53846153846154;25.0;25.0;0;0
672.673;0.0;0.0;0.0;22.48717948717949;22.53846153846154;25.0;25.0;0;0
672.78;0.0;0.0;0.0;22.48717948717949;22.53846153846154;25.0;25.0;0;0
672.892;0.0;0.0;0.0;22.48717948717949;22.53846153846154;25.0;25.0;0;0
673.002;0.0;0.0;0.0;22.48717948717949;22.53846153846154;25.0;25.0;0;0
673.11;0.0;0.0;0.0;22.48717948717949;22.48717948717949;25.0;25.0;0;0
673.22;0.0;0.0;0.0;22.48717948717949;22.48717948717949;25.0;25.0;0;0
673.333;0.0;0.0;0.0;22.48717948717949;22.48717948717949;25.0;25.0;0;0
673.442;0.0;0.0;0.0;22.48717948717949;22.48717948717949;25.0;25.0;0;0
673.552;0.0;0.0;0.0;22.48717948717949;22.48717948717949;25.0;25.0;0;0
673.666;0.0;0.0;0.0;22.48717948717949;22.48717948717949;25.0;25.0;0;0
673.788;0.0;0.0;0.0;22.48717948717949;22.48717948717949;25.0;25.0;0;0
673.901;0.0;0.0;0.0;22.48717948717949;22.48717948717949;25.0;25.0;0;0
674.002;0.0;0.0;0.0;22.48717948717949;22.53846153846154;25.0;25.0;0;0
674.11;0.0;0.0;0.0;22.48717948717949;22.53846153846154;25.0;25.0;0;0
674.211;0.0;0.0;0.0;22.48717948717949;22.53846153846154;25.0;25.0;0;0
674.312;0.0;0.0;0.0;22.48717948717949;22.53846153846154;25.0;25.0;0;0
674.412;0.0;0.0;0.0;22.48717948717949;22.53846153846154;25.0;25.0;0;0
674.515;0.0;0.0;0.0;22.48717948717949;22.53846153846154;25.0;25.0;0;0
674.617;0.0;0.0;0.0;22.48717948717949;22.53846153846154;25.0;25.0;0;0
674.718;0.0;0.0;0.0;22.48717948717949;22.53846153846154;25.0;25.0;0;0
674.827;0.0;0.0;0.0;22.48717948717949;22.53846153846154;25.0;25.0;0;0
674.942;0.0;0.0;0.0;22.48717948717949;22.53846153846154;25.0;25.0;0;0
675.045;0.0;0.0;0.0;22.48717948717949;22.53846153846154;25.0;25.0;0;0
675.147;0.0;0.0;0.0;22.48717948717949;22.53846153846154;25.0;25.0;0;0
675.249;0.0;0.0;0.0;22.48717948717949;22.53846153846154;25.0;25.0;0;0
675.354;0.0;0.0;0.0;22.48717948717949;22.53846153846154;25.0;25.0;0;0
675.466;0.0;0.0;0.0;22.48717948717949;22.53846153846154;25.0;25.0;0;0
675.58;0.0;0.0;0.0;22.48717948717949;22.53846153846154;25.0;25.0;0;0
675.681;0.0;0.0;0.0;22.48717948717949;22.53846153846154;25.0;25.0;0;0
675.782;0.0;0.0;0.0;22.48717948717949;22.53846153846154;25.0;25.0;0;0
675.89;0.0;0.0;0.0;22.48717948717949;22.53846153846154;25.0;25.0;0;0
675.998;0.0;0.0;0.0;22.48717948717949;22.53846153846154;25.0;25.0;0;0
676.108;0.0;0.0;0.0;22.48717948717949;22.53846153846154;25.0;25.0;0;0
676.209;0.0;0.0;0.0;22.48717948717949;22.53846153846154;25.0;25.0;0;0
676.321;0.0;0.0;0.0;22.48717948717949;22.53846153846154;25.0;25.0;0;0
676.431;0.0;0.0;0.0;22.48717948717949;22.53846153846154;25.0;25.0;0;0
676.541;0.0;0.0;0.0;22.48717948717949;22.53846153846154;25.0;25.0;0;0
676.663;0.0;0.0;0.0;22.48717948717949;22.53846153846154;25.0;25.0;0;0
676.775;0.0;0.0;0.0;22.48717948717949;22.53846153846154;25.0;25.0;0;0
676.877;0.0;0.0;0.0;22.48717948717949;22.53846153846154;25.0;25.0;0;0
676.979;0.0;0.0;0.0;22.48717948717949;22.53846153846154;25.0;25.0;0;0
677.08;0.0;0.0;0.0;22.48717948717949;22.53846153846154;25.0;25.0;0;0
677.183;0.0;0.0;0.0;22.48717948717949;22.53846153846154;25.0;25.0;0;0
677.288;0.0;0.0;0.0;22.48717948717949;22.53846153846154;25.0;25.0;0;0
677.399;0.0;0.0;0.0;22.48717948717949;22.53846153846154;25.0;25.0;0;0
677.505;0.0;0.0;0.0;22.48717948717949;22.53846153846154;25.0;25.0;0;0
677.606;0.0;0.0;0.0;22.48717948717949;22.53846153846154;25.0;25.0;0;0
677.707;0.0;0.0;0.0;22.48717948717949;22.53846153846154;25.0;25.0;0;0
677.807;0.0;0.0;0.0;22.48717948717949;22.53846153846154;25.0;25.0;0;0
677.908;0.0;0.0;0.0;22.48717948717949;22.53846153846154;25.0;25.0;0;0
678.008;0.0;0.0;0.0;22.48717948717949;22.53846153846154;25.0;25.0;0;0
678.12;0.0;0.0;0.0;22.48717948717949;22.53846153846154;25.0;25.0;0;0
678.234;0.0;0.0;0.0;22.48717948717949;22.53846153846154;25.0;25.0;0;0
678.337;0.0;0.0;0.0;22.48717948717949;22.53846153846154;25.0;25.0;0;0
678.444;0.0;0.0;0.0;22.48717948717949;22.53846153846154;25.0;25.0;0;0
678.548;0.0;0.0;0.0;22.48717948717949;22.53846153846154;25.0;25.0;0;0
678.65;0.0;0.0;0.0;22.48717948717949;22.53846153846154;25.0;25.0;0;0
678.758;0.0;0.0;0.0;22.48717948717949;22.53846153846154;25.0;25.0;0;0
678.858;0.0;0.0;0.0;22.48717948717949;22.53846153846154;25.0;25.0;0;0
678.965;0.0;0.0;0.0;22.48717948717949;22.53846153846154;25.0;25.0;0;0
679.066;0.0;0.0;0.0;22.48717948717949;22.48717948717949;25.0;25.0;0;0
679.167;0.0;0.0;0.0;22.48717948717949;22.48717948717949;25.0;25.0;0;0
679.285;0.0;0.0;0.0;22.48717948717949;22.48717948717949;25.0;25.0;0;0
679.399;0.0;0.0;0.0;22.48717948717949;22.48717948717949;25.0;25.0;0;0
679.5;0.0;0.0;0.0;22.48717948717949;22.48717948717949;25.0;25.0;0;0
679.609;0.0;0.0;0.0;22.48717948717949;22.48717948717949;25.0;25.0;0;0
679.731;0.0;0.0;0.0;22.48717948717949;22.48717948717949;25.0;25.0;0;0
679.834;0.0;0.0;0.0;22.48717948717949;22.48717948717949;25.0;25.0;0;0
679.938;0.0;0.0;0.0;22.48717948717949;22.48717948717949;25.0;25.0;0;0
680.047;0.0;0.0;0.0;22.48717948717949;22.53846153846154;25.0;25.0;0;0
680.159;0.0;0.0;0.0;22.48717948717949;22.53846153846154;25.0;25.0;0;0
680.267;0.0;0.0;0.0;22.48717948717949;22.53846153846154;25.0;25.0;0;0
680.377;0.0;0.0;0.0;22.48717948717949;22.53846153846154;25.0;25.0;0;0
680.494;0.0;0.0;0.0;22.48717948717949;22.53846153846154;25.0;25.0;0;0
680.598;0.0;0.0;0.0;22.48717948717949;22.53846153846154;25.0;25.0;0;0
680.71;0.0;0.0;0.0;22.48717948717949;22.53846153846154;25.0;25.0;0;0
680.82;0.0;0.0;0.0;22.48717948717949;22.53846153846154;25.0;25.0;0;0
680.929;0.0;0.0;0.0;22.48717948717949;22.53846153846154;25.0;25.0;0;0
681.039;0.0;0.0;0.0;22.48717948717949;22.53846153846154;25.0;25.0;0;0
681.147;0.0;0.0;0.0;22.48717948717949;22.53846153846154;25.0;25.0;0;0
681.257;0.0;0.0;0.0;22.48717948717949;22.53846153846154;25.0;25.0;0;0
681.367;0.0;0.0;0.0;22.48717948717949;22.53846153846154;25.0;25.0;0;0
681.49;0.0;0.0;0.0;22.48717948717949;22.53846153846154;25.0;25.0;0;0
681.592;0.0;0.0;0.0;22.48717948717949;22.53846153846154;25.0;25.0;0;0
681.693;0.0;0.0;0.0;22.48717948717949;22.53846153846154;25.0;25.0;0;0
681.794;0.0;0.0;0.0;22.48717948717949;22.53846153846154;25.0;25.0;0;0
681.904;0.0;0.0;0.0;22.48717948717949;22.53846153846154;25.0;25.0;0;0
682.016;0.0;0.0;0.0;22.48717948717949;22.53846153846154;25.0;25.0;0;0
682.142;0.0;0.0;0.0;22.48717948717949;22.53846153846154;25.0;25.0;0;0
682.249;0.0;0.0;0.0;22.48717948717949;22.53846153846154;25.0;25.0;0;0
682.357;0.0;0.0;0.0;22.48717948717949;22.53846153846154;25.0;25.0;0;0
682.459;0.0;0.0;0.0;22.48717948717949;22.53846153846154;25.0;25.0;0;0
682.576;0.0;0.0;0.0;22.48717948717949;22.53846153846154;25.0;25.0;0;0
682.679;0.0;0.0;0.0;22.48717948717949;22.53846153846154;25.0;25.0;0;0
682.789;0.0;0.0;0.0;22.48717948717949;22.53846153846154;25.0;25.0;0;0
682.899;0.0;0.0;0.0;22.48717948717949;22.53846153846154;25.0;25.0;0;0
683.009;0.0;0.0;0.0;22.48717948717949;22.53846153846154;25.0;25.0;0;0
683.128;0.0;0.0;0.0;22.435897435897438;22.53846153846154;25.0;25.0;0;0
683.231;0.0;0.0;0.0;22.435897435897438;22.53846153846154;25.0;25.0;0;0
683.342;0.0;0.0;0.0;22.435897435897438;22.53846153846154;25.0;25.0;0;0
683.466;0.0;0.0;0.0;22.435897435897438;22.53846153846154;25.0;25.0;0;0
683.57;0.0;0.0;0.0;22.435897435897438;22.53846153846154;25.0;25.0;0;0
683.673;0.0;0.0;0.0;22.435897435897438;22.53846153846154;25.0;25.0;0;0
683.783;0.0;0.0;0.0;22.435897435897438;22.53846153846154;25.0;25.0;0;0
683.894;0.0;0.0;0.0;22.435897435897438;22.53846153846154;25.0;25.0;0;0
684.004;0.0;0.0;0.0;22.435897435897438;22.53846153846154;25.0;25.0;0;0
684.114;0.0;0.0;0.0;22.48717948717949;22.53846153846154;25.0;25.0;0;0
684.225;0.0;0.0;0.0;22.48717948717949;22.53846153846154;25.0;25.0;0;0
684.337;0.0;0.0;0.0;22.48717948717949;22.53846153846154;25.0;25.0;0;0
684.448;0.0;0.0;0.0;22.48717948717949;22.53846153846154;25.0;25.0;0;0
684.558;0.0;0.0;0.0;22.48717948717949;22.53846153846154;25.0;25.0;0;0
684.668;0.0;0.0;0.0;22.48717948717949;22.53846153846154;25.0;25.0;0;0
684.777;0.0;0.0;0.0;22.48717948717949;22.53846153846154;25.0;25.0;0;0
684.889;0.0;0.0;0.0;22.48717948717949;22.53846153846154;25.0;25.0;0;0
684.997;0.0;0.0;0.0;22.48717948717949;22.53846153846154;25.0;25.0;0;0
685.107;0.0;0.0;0.0;22.48717948717949;22.53846153846154;25.0;25.0;0;0
685.222;0.0;0.0;0.0;22.48717948717949;22.53846153846154;25.0;25.0;0;0
685.328;0.0;0.0;0.0;22.48717948717949;22.53846153846154;25.0;25.0;0;0
685.438;0.0;0.0;0.0;22.48717948717949;22.53846153846154;25.0;25.0;0;0
685.558;0.0;0.0;0.0;22.48717948717949;22.53846153846154;25.0;25.0;0;0
685.66;0.0;0.0;0.0;22.48717948717949;22.53846153846154;25.0;25.0;0;0
685.772;0.0;0.0;0.0;22.48717948717949;22.53846153846154;25.0;25.0;0;0
685.882;0.0;0.0;0.0;22.48717948717949;22.53846153846154;25.0;25.0;0;0
685.992;0.0;0.0;0.0;22.48717948717949;22.53846153846154;25.0;25.0;0;0
686.101;0.0;0.0;0.0;22.48717948717949;22.53846153846154;25.0;25.0;0;0
686.214;0.0;0.0;0.0;22.48717948717949;22.53846153846154;25.0;25.0;0;0
686.315;0.0;0.0;0.0;22.48717948717949;22.53846153846154;25.0;25.0;0;0
686.417;0.0;0.0;0.0;22.48717948717949;22.53846153846154;25.0;25.0;0;0
686.528;0.0;0.0;0.0;22.48717948717949;22.53846153846154;25.0;25.0;0;0
686.638;0.0;0.0;0.0;22.48717948717949;22.53846153846154;25.0;25.0;0;0
686.772;0.0;0.0;0.0;22.48717948717949;22.53846153846154;25.0;25.0;0;0
686.875;0.0;0.0;0.0;22.48717948717949;22.53846153846154;25.0;25.0;0;0
686.986;0.0;0.0;0.0;22.48717948717949;22.53846153846154;25.0;25.0;0;0
687.107;0.0;0.0;0.0;22.48717948717949;22.53846153846154;25.0;25.0;0;0
687.213;0.0;0.0;0.0;22.48717948717949;22.53846153846154;25.0;25.0;0;0
687.318;0.0;0.0;0.0;22.48717948717949;22.53846153846154;25.0;25.0;0;0
687.434;0.0;0.0;0.0;22.48717948717949;22.53846153846154;25.0;25.0;0;0
687.539;0.0;0.0;0.0;22.48717948717949;22.53846153846154;25.0;25.0;0;0
687.648;0.0;0.0;0.0;22.48717948717949;22.53846153846154;25.0;25.0;0;0
687.773;0.0;0.0;0.0;22.48717948717949;22.53846153846154;25.0;25.0;0;0
687.875;0.0;0.0;0.0;22.48717948717949;22.53846153846154;25.0;25.0;0;0
687.975;0.0;0.0;0.0;22.48717948717949;22.53846153846154;25.0;25.0;0;0
688.079;0.0;0.0;0.0;22.48717948717949;22.53846153846154;25.0;25.0;0;0
688.183;0.0;0.0;0.0;22.48717948717949;22.53846153846154;25.0;25.0;0;0
688.293;0.0;0.0;0.0;22.48717948717949;22.53846153846154;25.0;25.0;0;0
688.403;0.0;0.0;0.0;22.48717948717949;22.53846153846154;25.0;25.0;0;0
688.513;0.0;0.0;0.0;22.48717948717949;22.53846153846154;25.0;25.0;0;0
688.623;0.0;0.0;0.0;22.48717948717949;22.53846153846154;25.0;25.0;0;0
688.743;0.0;0.0;0.0;22.48717948717949;22.53846153846154;25.0;25.0;0;0
688.856;0.0;0.0;0.0;22.48717948717949;22.53846153846154;25.0;25.0;0;0
688.965;0.0;0.0;0.0;22.48717948717949;22.53846153846154;25.0;25.0;0;0
689.067;0.0;0.0;0.0;22.48717948717949;22.53846153846154;25.0;25.0;0;0
689.174;0.0;0.0;0.0;22.48717948717949;22.53846153846154;25.0;25.0;0;0
689.279;0.0;0.0;0.0;22.48717948717949;22.53846153846154;25.0;25.0;0;0
689.381;0.0;0.0;0.0;22.48717948717949;22.53846153846154;25.0;25.0;0;0
689.483;0.0;0.0;0.0;22.48717948717949;22.53846153846154;25.0;25.0;0;0
689.597;0.0;0.0;0.0;22.48717948717949;22.53846153846154;25.0;25.0;0;0
689.706;0.0;0.0;0.0;22.48717948717949;22.53846153846154;25.0;25.0;0;0
689.818;0.0;0.0;0.0;22.48717948717949;22.53846153846154;25.0;25.0;0;0
689.924;0.0;0.0;0.0;22.48717948717949;22.53846153846154;25.0;25.0;0;0
690.026;0.0;0.0;0.0;22.48717948717949;22.53846153846154;25.0;25.0;0;0
690.126;0.0;0.0;0.0;22.48717948717949;22.53846153846154;25.0;25.0;0;0
690.227;0.0;0.0;0.0;22.48717948717949;22.53846153846154;25.0;25.0;0;0
690.328;0.0;0.0;0.0;22.48717948717949;22.53846153846154;25.0;25.0;0;0
690.428;0.0;0.0;0.0;22.48717948717949;22.53846153846154;25.0;25.0;0;0
690.528;0.0;0.0;0.0;22.48717948717949;22.53846153846154;25.0;25.0;0;0
690.636;0.0;0.0;0.0;22.48717948717949;22.53846153846154;25.0;25.0;0;0
690.746;0.0;0.0;0.0;22.48717948717949;22.53846153846154;25.0;25.0;0;0
690.856;0.0;0.0;0.0;22.48717948717949;22.53846153846154;25.0;25.0;0;0
690.967;0.0;0.0;0.0;22.48717948717949;22.53846153846154;25.0;25.0;0;0
691.075;0.0;0.0;0.0;22.48717948717949;22.53846153846154;25.0;25.0;0;0
691.186;0.0;0.0;0.0;22.48717948717949;22.53846153846154;25.0;25.0;0;0
691.298;0.0;0.0;0.0;22.48717948717949;22.53846153846154;25.0;25.0;0;0
691.407;0.0;0.0;0.0;22.48717948717949;22.53846153846154;25.0;25.0;0;0
691.529;0.0;0.0;0.0;22.48717948717949;22.53846153846154;25.0;25.0;0;0
691.637;0.0;0.0;0.0;22.48717948717949;22.53846153846154;25.0;25.0;0;0
691.737;0.0;0.0;0.0;22.48717948717949;22.53846153846154;25.0;25.0;0;0
691.847;0.0;0.0;0.0;22.48717948717949;22.53846153846154;25.0;25.0;0;0
691.959;0.0;0.0;0.0;22.48717948717949;22.53846153846154;25.0;25.0;0;0
692.075;0.0;0.0;0.0;22.48717948717949;22.53846153846154;25.0;25.0;0;0
692.186;0.0;0.0;0.0;22.48717948717949;22.53846153846154;25.0;25.0;0;0
692.299;0.0;0.0;0.0;22.48717948717949;22.53846153846154;25.0;25.0;0;0
692.412;0.0;0.0;0.0;22.48717948717949;22.53846153846154;25.0;25.0;0;0
692.513;0.0;0.0;0.0;22.48717948717949;22.53846153846154;25.0;25.0;0;0
692.614;0.0;0.0;0.0;22.48717948717949;22.53846153846154;25.0;25.0;0;0
692.725;0.0;0.0;0.0;22.48717948717949;22.53846153846154;25.0;25.0;0;0
692.827;0.0;0.0;0.0;22.48717948717949;22.53846153846154;25.0;25.0;0;0
692.927;0.0;0.0;0.0;22.48717948717949;22.53846153846154;25.0;25.0;0;0
693.028;0.0;0.0;0.0;22.48717948717949;22.53846153846154;25.0;25.0;0;0
693.13;0.0;0.0;0.0;22.48717948717949;22.53846153846154;25.0;25.0;0;0
693.231;0.0;0.0;0.0;22.48717948717949;22.53846153846154;25.0;25.0;0;0
693.345;0.0;0.0;0.0;22.48717948717949;22.53846153846154;25.0;25.0;0;0
693.46;0.0;0.0;0.0;22.48717948717949;22.53846153846154;25.0;25.0;0;0
693.566;0.0;0.0;0.0;22.48717948717949;22.53846153846154;25.0;25.0;0;0
693.683;0.0;0.0;0.0;22.48717948717949;22.53846153846154;25.0;25.0;0;0
693.786;0.0;0.0;0.0;22.48717948717949;22.53846153846154;25.0;25.0;0;0
693.897;0.0;0.0;0.0;22.48717948717949;22.53846153846154;25.0;25.0;0;0
694.025;0.0;0.0;0.0;22.48717948717949;22.53846153846154;25.0;25.0;0;0
694.125;0.0;0.0;0.0;22.48717948717949;22.53846153846154;25.0;25.0;0;0
694.229;0.0;0.0;0.0;22.48717948717949;22.53846153846154;25.0;25.0;0;0
694.344;0.0;0.0;0.0;22.48717948717949;22.53846153846154;25.0;25.0;0;0
694.463;0.0;0.0;0.0;22.48717948717949;22.53846153846154;25.0;25.0;0;0
694.577;0.0;0.0;0.0;22.48717948717949;22.53846153846154;25.0;25.0;0;0
694.684;0.0;0.0;0.0;22.48717948717949;22.53846153846154;25.0;25.0;0;0
694.788;0.0;0.0;0.0;22.48717948717949;22.53846153846154;25.0;25.0;0;0
694.902;0.0;0.0;0.0;22.48717948717949;22.53846153846154;25.0;25.0;0;0
695.013;0.0;0.0;0.0;22.48717948717949;22.53846153846154;25.0;25.0;0;0
695.114;0.0;0.0;0.0;22.48717948717949;22.53846153846154;25.0;25.0;0;0
695.234;0.0;0.0;0.0;22.48717948717949;22.53846153846154;25.0;25.0;0;0
695.347;0.0;0.0;0.0;22.48717948717949;22.53846153846154;25.0;25.0;0;0
695.447;0.0;0.0;0.0;22.48717948717949;22.53846153846154;25.0;25.0;0;0
695.551;0.0;0.0;0.0;22.48717948717949;22.53846153846154;25.0;25.0;0;0
695.678;0.0;0.0;0.0;22.48717948717949;22.53846153846154;25.0;25.0;0;0
695.779;0.0;0.0;0.0;22.48717948717949;22.53846153846154;25.0;25.0;0;0
695.893;0.0;0.0;0.0;22.48717948717949;22.53846153846154;25.0;25.0;0;0
695.994;0.0;0.0;0.0;22.48717948717949;22.53846153846154;25.0;25.0;0;0
696.095;0.0;0.0;0.0;22.48717948717949;22.53846153846154;25.0;25.0;0;0
696.199;0.0;0.0;0.0;22.48717948717949;22.53846153846154;25.0;25.0;0;0
696.306;0.0;0.0;0.0;22.48717948717949;22.53846153846154;25.0;25.0;0;0
696.408;0.0;0.0;0.0;22.48717948717949;22.53846153846154;25.0;25.0;0;0
696.508;0.0;0.0;0.0;22.48717948717949;22.53846153846154;25.0;25.0;0;0
696.621;0.0;0.0;0.0;22.48717948717949;22.53846153846154;25.0;25.0;0;0
696.728;0.0;0.0;0.0;22.48717948717949;22.53846153846154;25.0;25.0;0;0
696.829;0.0;0.0;0.0;22.48717948717949;22.53846153846154;25.0;25.0;0;0
696.929;0.0;0.0;0.0;22.48717948717949;22.53846153846154;25.0;25.0;0;0
697.042;0.0;0.0;0.0;22.48717948717949;22.53846153846154;25.0;25.0;0;0
697.142;0.0;0.0;0.0;22.48717948717949;22.53846153846154;25.0;25.0;0;0
697.249;0.0;0.0;0.0;22.48717948717949;22.53846153846154;25.0;25.0;0;0
697.35;0.0;0.0;0.0;22.48717948717949;22.53846153846154;25.0;25.0;0;0
697.468;0.0;0.0;0.0;22.48717948717949;22.53846153846154;25.0;25.0;0;0
697.579;0.0;0.0;0.0;22.48717948717949;22.53846153846154;25.0;25.0;0;0
697.689;0.0;0.0;0.0;22.48717948717949;22.53846153846154;25.0;25.0;0;0
697.8;0.0;0.0;0.0;22.48717948717949;22.53846153846154;25.0;25.0;0;0
697.911;0.0;0.0;0.0;22.48717948717949;22.53846153846154;25.0;25.0;0;0
698.023;0.0;0.0;0.0;22.48717948717949;22.53846153846154;25.0;25.0;0;0
698.123;0.0;0.0;0.0;22.48717948717949;22.53846153846154;25.0;25.0;0;0
698.236;0.0;0.0;0.0;22.48717948717949;22.53846153846154;25.0;25.0;0;0
698.347;0.0;0.0;0.0;22.48717948717949;22.53846153846154;25.0;25.0;0;0
698.459;0.0;0.0;0.0;22.48717948717949;22.53846153846154;25.0;25.0;0;0
698.568;0.0;0.0;0.0;22.48717948717949;22.53846153846154;25.0;25.0;0;0
698.669;0.0;0.0;0.0;22.48717948717949;22.53846153846154;25.0;25.0;0;0
698.77;0.0;0.0;0.0;22.48717948717949;22.53846153846154;25.0;25.0;0;0
698.871;0.0;0.0;0.0;22.48717948717949;22.53846153846154;25.0;25.0;0;0
698.972;0.0;0.0;0.0;22.48717948717949;22.53846153846154;25.0;25.0;0;0
699.075;0.0;0.0;0.0;22.48717948717949;22.53846153846154;25.0;25.0;0;0
699.2;0.0;0.0;0.0;22.48717948717949;22.53846153846154;25.0;25.0;0;0
699.308;0.0;0.0;0.0;22.48717948717949;22.53846153846154;25.0;25.0;0;0
699.437;0.0;0.0;0.0;22.48717948717949;22.53846153846154;25.0;25.0;0;0
699.537;0.0;0.0;0.0;22.48717948717949;22.53846153846154;25.0;25.0;0;0
699.641;0.0;0.0;0.0;22.48717948717949;22.53846153846154;25.0;25.0;0;0
699.754;0.0;0.0;0.0;22.48717948717949;22.53846153846154;25.0;25.0;0;0
699.861;0.0;0.0;0.0;22.48717948717949;22.53846153846154;25.0;25.0;0;0
699.962;0.0;0.0;0.0;22.48717948717949;22.53846153846154;25.0;25.0;0;0
700.063;0.0;0.0;0.0;22.48717948717949;22.53846153846154;25.0;25.0;0;0
700.173;0.0;0.0;0.0;22.48717948717949;22.53846153846154;25.0;25.0;0;0
700.284;0.0;0.0;0.0;22.48717948717949;22.53846153846154;25.0;25.0;0;0
700.391;0.0;0.0;0.0;22.48717948717949;22.53846153846154;25.0;25.0;0;0
700.504;0.0;0.0;0.0;22.48717948717949;22.53846153846154;25.0;25.0;0;0
700.618;0.0;0.0;0.0;22.48717948717949;22.53846153846154;25.0;25.0;0;0
700.729;0.0;0.0;0.0;22.48717948717949;22.53846153846154;25.0;25.0;0;0
700.842;0.0;0.0;0.0;22.48717948717949;22.53846153846154;25.0;25.0;0;0
700.95;0.0;0.0;0.0;22.48717948717949;22.53846153846154;25.0;25.0;0;0
701.06;0.0;0.0;0.0;22.48717948717949;22.53846153846154;25.0;25.0;0;0
701.171;0.0;0.0;0.0;22.48717948717949;22.48717948717949;25.0;25.0;0;0
701.281;0.0;0.0;0.0;22.48717948717949;22.48717948717949;25.0;25.0;0;0
701.393;0.0;0.0;0.0;22.48717948717949;22.48717948717949;25.0;25.0;0;0
701.504;0.0;0.0;0.0;22.48717948717949;22.48717948717949;25.0;25.0;0;0
701.612;0.0;0.0;0.0;22.48717948717949;22.48717948717949;25.0;25.0;0;0
701.722;0.0;0.0;0.0;22.48717948717949;22.48717948717949;25.0;25.0;0;0
701.847;0.0;0.0;0.0;22.48717948717949;22.48717948717949;25.0;25.0;0;0
701.948;0.0;0.0;0.0;22.48717948717949;22.48717948717949;25.0;25.0;0;0
702.052;0.0;0.0;0.0;22.48717948717949;22.48717948717949;25.0;25.0;0;0
702.161;0.0;0.0;0.0;22.48717948717949;22.48717948717949;25.0;25.0;0;0
702.278;0.0;0.0;0.0;22.48717948717949;22.48717948717949;25.0;25.0;0;0
702.383;0.0;0.0;0.0;22.48717948717949;22.48717948717949;25.0;25.0;0;0
702.504;0.0;0.0;0.0;22.48717948717949;22.48717948717949;25.0;25.0;0;0
702.605;0.0;0.0;0.0;22.48717948717949;22.48717948717949;25.0;25.0;0;0
702.706;0.0;0.0;0.0;22.48717948717949;22.48717948717949;25.0;25.0;0;0
702.809;0.0;0.0;0.0;22.48717948717949;22.48717948717949;25.0;25.0;0;0
702.909;0.0;0.0;0.0;22.48717948717949;22.48717948717949;25.0;25.0;0;0
703.01;0.0;0.0;0.0;22.48717948717949;22.48717948717949;25.0;25.0;0;0
703.118;0.0;0.0;0.0;22.48717948717949;22.53846153846154;25.0;25.0;0;0
703.226;0.0;0.0;0.0;22.48717948717949;22.53846153846154;25.0;25.0;0;0
703.336;0.0;0.0;0.0;22.48717948717949;22.53846153846154;25.0;25.0;0;0
703.436;0.0;0.0;0.0;22.48717948717949;22.53846153846154;25.0;25.0;0;0
703.556;0.0;0.0;0.0;22.48717948717949;22.53846153846154;25.0;25.0;0;0
703.659;0.0;0.0;0.0;22.48717948717949;22.53846153846154;25.0;25.0;0;0
703.76;0.0;0.0;0.0;22.48717948717949;22.53846153846154;25.0;25.0;0;0
703.861;0.0;0.0;0.0;22.48717948717949;22.53846153846154;25.0;25.0;0;0
703.961;0.0;0.0;0.0;22.48717948717949;22.53846153846154;25.0;25.0;0;0
704.065;0.0;0.0;0.0;22.48717948717949;22.53846153846154;25.0;25.0;0;0
704.175;0.0;0.0;0.0;22.48717948717949;22.53846153846154;25.0;25.0;0;0
704.275;0.0;0.0;0.0;22.48717948717949;22.53846153846154;25.0;25.0;0;0
704.377;0.0;0.0;0.0;22.48717948717949;22.53846153846154;25.0;25.0;0;0
704.477;0.0;0.0;0.0;22.48717948717949;22.53846153846154;25.0;25.0;0;0
704.585;0.0;0.0;0.0;22.48717948717949;22.53846153846154;25.0;25.0;0;0
704.688;0.0;0.0;0.0;22.48717948717949;22.53846153846154;25.0;25.0;0;0
704.804;0.0;0.0;0.0;22.48717948717949;22.53846153846154;25.0;25.0;0;0
704.909;0.0;0.0;0.0;22.48717948717949;22.53846153846154;25.0;25.0;0;0
705.022;0.0;0.0;0.0;22.48717948717949;22.53846153846154;25.0;25.0;0;0
705.123;0.0;0.0;0.0;22.48717948717949;22.53846153846154;25.0;25.0;0;0
705.226;0.0;0.0;0.0;22.48717948717949;22.53846153846154;25.0;25.0;0;0
705.347;0.0;0.0;0.0;22.48717948717949;22.53846153846154;25.0;25.0;0;0
705.448;0.0;0.0;0.0;22.48717948717949;22.53846153846154;25.0;25.0;0;0
705.549;0.0;0.0;0.0;22.48717948717949;22.53846153846154;25.0;25.0;0;0
705.668;0.0;0.0;0.0;22.48717948717949;22.53846153846154;25.0;25.0;0;0
705.769;0.0;0.0;0.0;22.48717948717949;22.53846153846154;25.0;25.0;0;0
705.873;0.0;0.0;0.0;22.48717948717949;22.53846153846154;25.0;25.0;0;0
705.989;0.0;0.0;0.0;22.48717948717949;22.53846153846154;25.0;25.0;0;0
706.093;0.0;0.0;0.0;22.48717948717949;22.53846153846154;25.0;25.0;0;0
706.193;0.0;0.0;0.0;22.48717948717949;22.53846153846154;25.0;25.0;0;0
706.294;0.0;0.0;0.0;22.48717948717949;22.53846153846154;25.0;25.0;0;0
706.399;0.0;0.0;0.0;22.48717948717949;22.53846153846154;25.0;25.0;0;0
706.5;0.0;0.0;0.0;22.48717948717949;22.53846153846154;25.0;25.0;0;0
706.602;0.0;0.0;0.0;22.48717948717949;22.53846153846154;25.0;25.0;0;0
706.702;0.0;0.0;0.0;22.48717948717949;22.53846153846154;25.0;25.0;0;0
706.803;0.0;0.0;0.0;22.48717948717949;22.53846153846154;25.0;25.0;0;0
706.913;0.0;0.0;0.0;22.48717948717949;22.53846153846154;25.0;25.0;0;0
707.023;0.0;0.0;0.0;22.48717948717949;22.53846153846154;25.0;25.0;0;0
707.131;0.0;0.0;0.0;22.48717948717949;22.53846153846154;25.0;25.0;0;0
707.243;0.0;0.0;0.0;22.48717948717949;22.53846153846154;25.0;25.0;0;0
707.344;0.0;0.0;0.0;22.48717948717949;22.53846153846154;25.0;25.0;0;0
707.448;0.0;0.0;0.0;22.48717948717949;22.53846153846154;25.0;25.0;0;0
707.548;0.0;0.0;0.0;22.48717948717949;22.53846153846154;25.0;25.0;0;0
707.652;0.0;0.0;0.0;22.48717948717949;22.53846153846154;25.0;25.0;0;0
707.758;0.0;0.0;0.0;22.48717948717949;22.53846153846154;25.0;25.0;0;0
707.866;0.0;0.0;0.0;22.48717948717949;22.53846153846154;25.0;25.0;0;0
707.979;0.0;0.0;0.0;22.48717948717949;22.53846153846154;25.0;25.0;0;0
708.088;0.0;0.0;0.0;22.48717948717949;22.53846153846154;25.0;25.0;0;0
708.197;0.0;0.0;0.0;22.48717948717949;22.53846153846154;25.0;25.0;0;0
708.297;0.0;0.0;0.0;22.48717948717949;22.53846153846154;25.0;25.0;0;0
708.412;0.0;0.0;0.0;22.48717948717949;22.53846153846154;25.0;25.0;0;0
708.527;0.0;0.0;0.0;22.48717948717949;22.53846153846154;25.0;25.0;0;0
708.629;0.0;0.0;0.0;22.48717948717949;22.53846153846154;25.0;25.0;0;0
708.738;0.0;0.0;0.0;22.48717948717949;22.53846153846154;25.0;25.0;0;0
708.848;0.0;0.0;0.0;22.48717948717949;22.53846153846154;25.0;25.0;0;0
708.964;0.0;0.0;0.0;22.48717948717949;22.53846153846154;25.0;25.0;0;0
709.085;0.0;0.0;0.0;22.48717948717949;22.53846153846154;25.0;25.0;0;0
709.195;0.0;0.0;0.0;22.48717948717949;22.53846153846154;25.0;25.0;0;0
709.306;0.0;0.0;0.0;22.48717948717949;22.53846153846154;25.0;25.0;0;0
709.421;0.0;0.0;0.0;22.48717948717949;22.53846153846154;25.0;25.0;0;0
709.524;0.0;0.0;0.0;22.48717948717949;22.53846153846154;25.0;25.0;0;0
709.639;0.0;0.0;0.0;22.48717948717949;22.53846153846154;25.0;25.0;0;0
709.74;0.0;0.0;0.0;22.48717948717949;22.53846153846154;25.0;25.0;0;0
709.841;0.0;0.0;0.0;22.48717948717949;22.53846153846154;25.0;25.0;0;0
709.964;0.0;0.0;0.0;22.48717948717949;22.53846153846154;25.0;25.0;0;0
710.092;0.0;0.0;0.0;22.48717948717949;22.53846153846154;25.0;25.0;0;0
710.193;0.0;0.0;0.0;22.48717948717949;22.53846153846154;25.0;25.0;0;0
710.295;0.0;0.0;0.0;22.48717948717949;22.53846153846154;25.0;25.0;0;0
710.411;0.0;0.0;0.0;22.48717948717949;22.53846153846154;25.0;25.0;0;0
710.511;0.0;0.0;0.0;22.48717948717949;22.53846153846154;25.0;25.0;0;0
710.613;0.0;0.0;0.0;22.48717948717949;22.53846153846154;25.0;25.0;0;0
710.714;0.0;0.0;0.0;22.48717948717949;22.53846153846154;25.0;25.0;0;0
710.815;0.0;0.0;0.0;22.48717948717949;22.53846153846154;25.0;25.0;0;0
710.92;0.0;0.0;0.0;22.48717948717949;22.53846153846154;25.0;25.0;0;0
711.037;0.0;0.0;0.0;22.48717948717949;22.53846153846154;25.0;25.0;0;0
711.14;0.0;0.0;0.0;22.48717948717949;22.53846153846154;25.0;25.0;0;0
711.253;0.0;0.0;0.0;22.48717948717949;22.53846153846154;25.0;25.0;0;0
711.355;0.0;0.0;0.0;22.48717948717949;22.53846153846154;25.0;25.0;0;0
711.455;0.0;0.0;0.0;22.48717948717949;22.53846153846154;25.0;25.0;0;0
711.556;0.0;0.0;0.0;22.48717948717949;22.53846153846154;25.0;25.0;0;0
711.662;0.0;0.0;0.0;22.48717948717949;22.53846153846154;25.0;25.0;0;0
711.766;0.0;0.0;0.0;22.48717948717949;22.53846153846154;25.0;25.0;0;0
711.873;0.0;0.0;0.0;22.48717948717949;22.53846153846154;25.0;25.0;0;0
711.974;0.0;0.0;0.0;22.48717948717949;22.53846153846154;25.0;25.0;0;0
712.074;0.0;0.0;0.0;22.48717948717949;22.53846153846154;25.0;25.0;0;0
712.184;0.0;0.0;0.0;22.48717948717949;22.53846153846154;25.0;25.0;0;0
712.293;0.0;0.0;0.0;22.48717948717949;22.53846153846154;25.0;25.0;0;0
712.405;0.0;0.0;0.0;22.48717948717949;22.53846153846154;25.0;25.0;0;0
712.517;0.0;0.0;0.0;22.48717948717949;22.53846153846154;25.0;25.0;0;0
712.619;0.0;0.0;0.0;22.48717948717949;22.53846153846154;25.0;25.0;0;0
712.73;0.0;0.0;0.0;22.48717948717949;22.53846153846154;25.0;25.0;0;0
712.84;0.0;0.0;0.0;22.48717948717949;22.53846153846154;25.0;25.0;0;0
712.955;0.0;0.0;0.0;22.48717948717949;22.53846153846154;25.0;25.0;0;0
713.062;0.0;0.0;0.0;22.48717948717949;22.53846153846154;25.0;25.0;0;0
713.178;0.0;0.0;0.0;22.48717948717949;22.53846153846154;25.0;25.0;0;0
713.279;0.0;0.0;0.0;22.48717948717949;22.53846153846154;25.0;25.0;0;0
713.38;0.0;0.0;0.0;22.48717948717949;22.53846153846154;25.0;25.0;0;0
713.481;0.0;0.0;0.0;22.48717948717949;22.53846153846154;25.0;25.0;0;0
713.585;0.0;0.0;0.0;22.48717948717949;22.53846153846154;25.0;25.0;0;0
713.692;0.0;0.0;0.0;22.48717948717949;22.53846153846154;25.0;25.0;0;0
713.796;0.0;0.0;0.0;22.48717948717949;22.53846153846154;25.0;25.0;0;0
713.916;0.0;0.0;0.0;22.48717948717949;22.53846153846154;25.0;25.0;0;0
714.025;0.0;0.0;0.0;22.48717948717949;22.53846153846154;25.0;25.0;0;0
714.127;0.0;0.0;0.0;22.48717948717949;22.53846153846154;25.0;25.0;0;0
714.238;0.0;0.0;0.0;22.48717948717949;22.53846153846154;25.0;25.0;0;0
714.348;0.0;0.0;0.0;22.48717948717949;22.53846153846154;25.0;25.0;0;0
714.466;0.0;0.0;0.0;22.48717948717949;22.53846153846154;25.0;25.0;0;0
714.57;0.0;0.0;0.0;22.48717948717949;22.53846153846154;25.0;25.0;0;0
714.68;0.0;0.0;0.0;22.48717948717949;22.53846153846154;25.0;25.0;0;0
714.786;0.0;0.0;0.0;22.48717948717949;22.53846153846154;25.0;25.0;0;0
714.897;0.0;0.0;0.0;22.48717948717949;22.53846153846154;25.0;25.0;0;0
715.002;0.0;0.0;0.0;22.48717948717949;22.53846153846154;25.0;25.0;0;0
715.107;0.0;0.0;0.0;22.48717948717949;22.53846153846154;25.0;25.0;0;0
715.217;0.0;0.0;0.0;22.48717948717949;22.53846153846154;25.0;25.0;0;0
715.339;0.0;0.0;0.0;22.48717948717949;22.53846153846154;25.0;25.0;0;0
715.446;0.0;0.0;0.0;22.48717948717949;22.53846153846154;25.0;25.0;0;0
715.556;0.0;0.0;0.0;22.48717948717949;22.53846153846154;25.0;25.0;0;0
715.66;0.0;0.0;0.0;22.48717948717949;22.53846153846154;25.0;25.0;0;0
715.78;0.0;0.0;0.0;22.48717948717949;22.53846153846154;25.0;25.0;0;0
715.887;0.0;0.0;0.0;22.48717948717949;22.53846153846154;25.0;25.0;0;0
715.99;0.0;0.0;0.0;22.48717948717949;22.53846153846154;25.0;25.0;0;0
716.1;0.0;0.0;0.0;22.48717948717949;22.53846153846154;25.0;25.0;0;0
716.2;0.0;0.0;0.0;22.48717948717949;22.53846153846154;25.0;25.0;0;0
716.304;0.0;0.0;0.0;22.48717948717949;22.53846153846154;25.0;25.0;0;0
716.408;0.0;0.0;0.0;22.48717948717949;22.53846153846154;25.0;25.0;0;0
716.509;0.0;0.0;0.0;22.48717948717949;22.53846153846154;25.0;25.0;0;0
716.618;0.0;0.0;0.0;22.48717948717949;22.53846153846154;25.0;25.0;0;0
716.722;0.0;0.0;0.0;22.48717948717949;22.53846153846154;25.0;25.0;0;0
716.823;0.0;0.0;0.0;22.48717948717949;22.53846153846154;25.0;25.0;0;0
716.927;0.0;0.0;0.0;22.48717948717949;22.53846153846154;25.0;25.0;0;0
717.03;0.0;0.0;0.0;22.48717948717949;22.53846153846154;25.0;25.0;0;0
717.13;0.0;0.0;0.0;22.48717948717949;22.53846153846154;25.0;25.0;0;0
717.235;0.0;0.0;0.0;22.48717948717949;22.53846153846154;25.0;25.0;0;0
717.345;0.0;0.0;0.0;22.48717948717949;22.53846153846154;25.0;25.0;0;0
717.457;0.0;0.0;0.0;22.48717948717949;22.53846153846154;25.0;25.0;0;0
717.564;0.0;0.0;0.0;22.48717948717949;22.53846153846154;25.0;25.0;0;0
717.675;0.0;0.0;0.0;22.48717948717949;22.53846153846154;25.0;25.0;0;0
717.784;0.0;0.0;0.0;22.48717948717949;22.53846153846154;25.0;25.0;0;0
717.902;0.0;0.0;0.0;22.48717948717949;22.53846153846154;25.0;25.0;0;0
718.004;0.0;0.0;0.0;22.48717948717949;22.53846153846154;25.0;25.0;0;0
718.104;0.0;0.0;0.0;22.48717948717949;22.53846153846154;25.0;25.0;0;0
718.205;0.0;0.0;0.0;22.48717948717949;22.53846153846154;25.0;25.0;0;0
718.307;0.0;0.0;0.0;22.48717948717949;22.53846153846154;25.0;25.0;0;0
718.408;0.0;0.0;0.0;22.48717948717949;22.53846153846154;25.0;25.0;0;0
718.509;0.0;0.0;0.0;22.48717948717949;22.53846153846154;25.0;25.0;0;0
718.623;0.0;0.0;0.0;22.48717948717949;22.53846153846154;25.0;25.0;0;0
718.729;0.0;0.0;0.0;22.48717948717949;22.53846153846154;25.0;25.0;0;0
718.833;0.0;0.0;0.0;22.48717948717949;22.53846153846154;25.0;25.0;0;0
718.944;0.0;0.0;0.0;22.48717948717949;22.53846153846154;25.0;25.0;0;0
719.053;0.0;0.0;0.0;22.48717948717949;22.53846153846154;25.0;25.0;0;0
719.165;0.0;0.0;0.0;22.48717948717949;22.53846153846154;25.0;25.0;0;0
719.267;0.0;0.0;0.0;22.48717948717949;22.53846153846154;25.0;25.0;0;0
719.374;0.0;0.0;0.0;22.48717948717949;22.53846153846154;25.0;25.0;0;0
719.482;0.0;0.0;0.0;22.48717948717949;22.53846153846154;25.0;25.0;0;0
719.595;0.0;0.0;0.0;22.48717948717949;22.53846153846154;25.0;25.0;0;0
719.703;0.0;0.0;0.0;22.48717948717949;22.53846153846154;25.0;25.0;0;0
719.815;0.0;0.0;0.0;22.48717948717949;22.53846153846154;25.0;25.0;0;0
719.926;0.0;0.0;0.0;22.48717948717949;22.53846153846154;25.0;25.0;0;0
720.037;0.0;0.0;0.0;22.48717948717949;22.53846153846154;25.0;25.0;0;0
720.148;0.0;0.0;0.0;22.48717948717949;22.53846153846154;25.0;25.0;0;0
720.252;0.0;0.0;0.0;22.48717948717949;22.53846153846154;25.0;25.0;0;0
720.355;0.0;0.0;0.0;22.48717948717949;22.53846153846154;25.0;25.0;0;0
720.465;0.0;0.0;0.0;22.48717948717949;22.53846153846154;25.0;25.0;0;0
720.577;0.0;0.0;0.0;22.48717948717949;22.53846153846154;25.0;25.0;0;0
720.687;0.0;0.0;0.0;22.48717948717949;22.53846153846154;25.0;25.0;0;0
720.798;0.0;0.0;0.0;22.48717948717949;22.53846153846154;25.0;25.0;0;0
720.907;0.0;0.0;0.0;22.48717948717949;22.53846153846154;25.0;25.0;0;0
721.018;0.0;0.0;0.0;22.48717948717949;22.53846153846154;25.0;25.0;0;0
721.131;0.0;0.0;0.0;22.48717948717949;22.53846153846154;25.0;25.0;0;0
721.241;0.0;0.0;0.0;22.48717948717949;22.53846153846154;25.0;25.0;0;0
721.352;0.0;0.0;0.0;22.48717948717949;22.53846153846154;25.0;25.0;0;0
721.453;0.0;0.0;0.0;22.48717948717949;22.53846153846154;25.0;25.0;0;0
721.558;0.0;0.0;0.0;22.48717948717949;22.53846153846154;25.0;25.0;0;0
721.667;0.0;0.0;0.0;22.48717948717949;22.53846153846154;25.0;25.0;0;0
721.778;0.0;0.0;0.0;22.48717948717949;22.53846153846154;25.0;25.0;0;0
721.888;0.0;0.0;0.0;22.48717948717949;22.53846153846154;25.0;25.0;0;0
721.998;0.0;0.0;0.0;22.48717948717949;22.53846153846154;25.0;25.0;0;0
722.106;0.0;0.0;0.0;22.48717948717949;22.53846153846154;25.0;25.0;0;0
722.221;0.0;0.0;0.0;22.48717948717949;22.53846153846154;25.0;25.0;0;0
722.33;0.0;0.0;0.0;22.48717948717949;22.53846153846154;25.0;25.0;0;0
722.443;0.0;0.0;0.0;22.48717948717949;22.53846153846154;25.0;25.0;0;0
722.552;0.0;0.0;0.0;22.48717948717949;22.53846153846154;25.0;25.0;0;0
722.662;0.0;0.0;0.0;22.48717948717949;22.53846153846154;25.0;25.0;0;0
722.773;0.0;0.0;0.0;22.48717948717949;22.53846153846154;25.0;25.0;0;0
722.874;0.0;0.0;0.0;22.48717948717949;22.53846153846154;25.0;25.0;0;0
722.979;0.0;0.0;0.0;22.48717948717949;22.53846153846154;25.0;25.0;0;0
723.087;0.0;0.0;0.0;22.48717948717949;22.53846153846154;25.0;25.0;0;0
723.198;0.0;0.0;0.0;22.48717948717949;22.53846153846154;25.0;25.0;0;0
723.309;0.0;0.0;0.0;22.48717948717949;22.53846153846154;25.0;25.0;0;0
723.42;0.0;0.0;0.0;22.48717948717949;22.53846153846154;25.0;25.0;0;0
723.532;0.0;0.0;0.0;22.48717948717949;22.53846153846154;25.0;25.0;0;0
723.642;0.0;0.0;0.0;22.48717948717949;22.53846153846154;25.0;25.0;0;0
723.752;0.0;0.0;0.0;22.48717948717949;22.53846153846154;25.0;25.0;0;0
723.862;0.0;0.0;0.0;22.48717948717949;22.53846153846154;25.0;25.0;0;0
723.973;0.0;0.0;0.0;22.48717948717949;22.53846153846154;25.0;25.0;0;0
724.083;0.0;0.0;0.0;22.48717948717949;22.53846153846154;25.0;25.0;0;0
724.196;0.0;0.0;0.0;22.48717948717949;22.53846153846154;25.0;25.0;0;0
724.304;0.0;0.0;0.0;22.48717948717949;22.53846153846154;25.0;25.0;0;0
724.404;0.0;0.0;0.0;22.48717948717949;22.53846153846154;25.0;25.0;0;0
724.512;0.0;0.0;0.0;22.48717948717949;22.53846153846154;25.0;25.0;0;0
724.62;0.0;0.0;0.0;22.48717948717949;22.53846153846154;25.0;25.0;0;0
724.731;0.0;0.0;0.0;22.48717948717949;22.53846153846154;25.0;25.0;0;0
724.838;0.0;0.0;0.0;22.48717948717949;22.53846153846154;25.0;25.0;0;0
724.95;0.0;0.0;0.0;22.48717948717949;22.53846153846154;25.0;25.0;0;0
725.06;0.0;0.0;0.0;22.48717948717949;22.53846153846154;25.0;25.0;0;0
725.169;0.0;0.0;0.0;22.48717948717949;22.53846153846154;25.0;25.0;0;0
725.28;0.0;0.0;0.0;22.48717948717949;22.53846153846154;25.0;25.0;0;0
725.39;0.0;0.0;0.0;22.48717948717949;22.53846153846154;25.0;25.0;0;0
725.502;0.0;0.0;0.0;22.48717948717949;22.53846153846154;25.0;25.0;0;0
725.612;0.0;0.0;0.0;22.48717948717949;22.53846153846154;25.0;25.0;0;0
725.723;0.0;0.0;0.0;22.48717948717949;22.53846153846154;25.0;25.0;0;0
725.834;0.0;0.0;0.0;22.48717948717949;22.53846153846154;25.0;25.0;0;0
725.943;0.0;0.0;0.0;22.48717948717949;22.53846153846154;25.0;25.0;0;0
726.044;0.0;0.0;0.0;22.48717948717949;22.53846153846154;25.0;25.0;0;0
726.153;0.0;0.0;0.0;22.48717948717949;22.53846153846154;25.0;25.0;0;0
726.262;0.0;0.0;0.0;22.48717948717949;22.53846153846154;25.0;25.0;0;0
726.373;0.0;0.0;0.0;22.48717948717949;22.53846153846154;25.0;25.0;0;0
726.483;0.0;0.0;0.0;22.48717948717949;22.53846153846154;25.0;25.0;0;0
726.595;0.0;0.0;0.0;22.48717948717949;22.53846153846154;25.0;25.0;0;0
726.705;0.0;0.0;0.0;22.48717948717949;22.53846153846154;25.0;25.0;0;0
726.819;0.0;0.0;0.0;22.48717948717949;22.53846153846154;25.0;25.0;0;0
726.927;0.0;0.0;0.0;22.48717948717949;22.53846153846154;25.0;25.0;0;0
727.038;0.0;0.0;0.0;22.48717948717949;22.53846153846154;25.0;25.0;0;0
727.14;0.0;0.0;0.0;22.48717948717949;22.53846153846154;25.0;25.0;0;0
727.244;0.0;0.0;0.0;22.48717948717949;22.53846153846154;25.0;25.0;0;0
727.354;0.0;0.0;0.0;22.48717948717949;22.53846153846154;25.0;25.0;0;0
727.468;0.0;0.0;0.0;22.48717948717949;22.53846153846154;25.0;25.0;0;0
727.577;0.0;0.0;0.0;22.48717948717949;22.53846153846154;25.0;25.0;0;0
727.689;0.0;0.0;0.0;22.48717948717949;22.53846153846154;25.0;25.0;0;0
727.8;0.0;0.0;0.0;22.48717948717949;22.53846153846154;25.0;25.0;0;0
727.91;0.0;0.0;0.0;22.48717948717949;22.53846153846154;25.0;25.0;0;0
728.02;0.0;0.0;0.0;22.48717948717949;22.53846153846154;25.0;25.0;0;0
728.132;0.0;0.0;0.0;22.48717948717949;22.53846153846154;25.0;25.0;0;0
728.27;0.0;0.0;0.0;22.48717948717949;22.53846153846154;25.0;25.0;0;0
728.371;0.0;0.0;0.0;22.48717948717949;22.53846153846154;25.0;25.0;0;0
728.476;0.0;0.0;0.0;22.48717948717949;22.53846153846154;25.0;25.0;0;0
728.583;0.0;0.0;0.0;22.48717948717949;22.53846153846154;25.0;25.0;0;0
728.697;0.0;0.0;0.0;22.48717948717949;22.53846153846154;25.0;25.0;0;0
728.802;0.0;0.0;0.0;22.48717948717949;22.53846153846154;25.0;25.0;0;0
728.912;0.0;0.0;0.0;22.48717948717949;22.53846153846154;25.0;25.0;0;0
729.024;0.0;0.0;0.0;22.48717948717949;22.53846153846154;25.0;25.0;0;0
729.124;0.0;0.0;0.0;22.48717948717949;22.53846153846154;25.0;25.0;0;0
729.227;0.0;0.0;0.0;22.48717948717949;22.53846153846154;25.0;25.0;0;0
729.328;0.0;0.0;0.0;22.48717948717949;22.53846153846154;25.0;25.0;0;0
729.439;0.0;0.0;0.0;22.48717948717949;22.53846153846154;25.0;25.0;0;0
729.552;0.0;0.0;0.0;22.48717948717949;22.53846153846154;25.0;25.0;0;0
729.663;0.0;0.0;0.0;22.48717948717949;22.53846153846154;25.0;25.0;0;0
729.772;0.0;0.0;0.0;22.48717948717949;22.53846153846154;25.0;25.0;0;0
729.884;0.0;0.0;0.0;22.48717948717949;22.53846153846154;25.0;25.0;0;0
729.985;0.0;0.0;0.0;22.48717948717949;22.53846153846154;25.0;25.0;0;0
730.09;0.0;0.0;0.0;22.48717948717949;22.53846153846154;25.0;25.0;0;0
730.199;0.0;0.0;0.0;22.48717948717949;22.53846153846154;25.0;25.0;0;0
730.311;0.0;0.0;0.0;22.48717948717949;22.53846153846154;25.0;25.0;0;0
730.421;0.0;0.0;0.0;22.48717948717949;22.53846153846154;25.0;25.0;0;0
730.532;0.0;0.0;0.0;22.48717948717949;22.53846153846154;25.0;25.0;0;0
730.643;0.0;0.0;0.0;22.48717948717949;22.53846153846154;25.0;25.0;0;0
730.754;0.0;0.0;0.0;22.48717948717949;22.53846153846154;25.0;25.0;0;0
730.862;0.0;0.0;0.0;22.48717948717949;22.53846153846154;25.0;25.0;0;0
730.974;0.0;0.0;0.0;22.48717948717949;22.53846153846154;25.0;25.0;0;0
731.084;0.0;0.0;0.0;22.48717948717949;22.53846153846154;25.0;25.0;0;0
731.186;0.0;0.0;0.0;22.48717948717949;22.53846153846154;25.0;25.0;0;0
731.289;0.0;0.0;0.0;22.48717948717949;22.53846153846154;25.0;25.0;0;0
731.402;0.0;0.0;0.0;22.48717948717949;22.53846153846154;25.0;25.0;0;0
731.512;0.0;0.0;0.0;22.48717948717949;22.53846153846154;25.0;25.0;0;0
731.622;0.0;0.0;0.0;22.48717948717949;22.53846153846154;25.0;25.0;0;0
731.733;0.0;0.0;0.0;22.48717948717949;22.53846153846154;25.0;25.0;0;0
731.842;0.0;0.0;0.0;22.48717948717949;22.53846153846154;25.0;25.0;0;0
731.951;0.0;0.0;0.0;22.48717948717949;22.53846153846154;25.0;25.0;0;0
732.061;0.0;0.0;0.0;22.48717948717949;22.53846153846154;25.0;25.0;0;0
732.172;0.0;0.0;0.0;22.48717948717949;22.53846153846154;25.0;25.0;0;0
732.281;0.0;0.0;0.0;22.48717948717949;22.53846153846154;25.0;25.0;0;0
732.392;0.0;0.0;0.0;22.48717948717949;22.53846153846154;25.0;25.0;0;0
732.503;0.0;0.0;0.0;22.48717948717949;22.53846153846154;25.0;25.0;0;0
732.614;0.0;0.0;0.0;22.48717948717949;22.53846153846154;25.0;25.0;0;0
732.726;0.0;0.0;0.0;22.48717948717949;22.53846153846154;25.0;25.0;0;0
732.836;0.0;0.0;0.0;22.48717948717949;22.53846153846154;25.0;25.0;0;0
732.937;0.0;0.0;0.0;22.48717948717949;22.53846153846154;25.0;25.0;0;0
733.042;0.0;0.0;0.0;22.48717948717949;22.53846153846154;25.0;25.0;0;0
733.153;0.0;0.0;0.0;22.48717948717949;22.53846153846154;25.0;25.0;0;0
733.262;0.0;0.0;0.0;22.48717948717949;22.53846153846154;25.0;25.0;0;0
733.372;0.0;0.0;0.0;22.48717948717949;22.53846153846154;25.0;25.0;0;0
733.482;0.0;0.0;0.0;22.48717948717949;22.53846153846154;25.0;25.0;0;0
733.593;0.0;0.0;0.0;22.48717948717949;22.53846153846154;25.0;25.0;0;0
733.704;0.0;0.0;0.0;22.48717948717949;22.53846153846154;25.0;25.0;0;0
733.815;0.0;0.0;0.0;22.48717948717949;22.53846153846154;25.0;25.0;0;0
733.929;0.0;0.0;0.0;22.48717948717949;22.53846153846154;25.0;25.0;0;0
734.038;0.0;0.0;0.0;22.48717948717949;22.53846153846154;25.0;25.0;0;0
734.159;0.0;0.0;0.0;22.48717948717949;22.53846153846154;25.0;25.0;0;0
734.263;0.0;0.0;0.0;22.48717948717949;22.53846153846154;25.0;25.0;0;0
734.368;0.0;0.0;0.0;22.48717948717949;22.53846153846154;25.0;25.0;0;0
734.473;0.0;0.0;0.0;22.48717948717949;22.53846153846154;25.0;25.0;0;0
734.574;0.0;0.0;0.0;22.48717948717949;22.53846153846154;25.0;25.0;0;0
734.685;0.0;0.0;0.0;22.48717948717949;22.53846153846154;25.0;25.0;0;0
734.795;0.0;0.0;0.0;22.48717948717949;22.53846153846154;25.0;25.0;0;0
734.906;0.0;0.0;0.0;22.48717948717949;22.53846153846154;25.0;25.0;0;0
735.017;0.0;0.0;0.0;22.48717948717949;22.53846153846154;25.0;25.0;0;0
735.128;0.0;0.0;0.0;22.48717948717949;22.53846153846154;25.0;25.0;0;0
735.238;0.0;0.0;0.0;22.48717948717949;22.53846153846154;25.0;25.0;0;0
735.349;0.0;0.0;0.0;22.48717948717949;22.53846153846154;25.0;25.0;0;0
735.461;0.0;0.0;0.0;22.48717948717949;22.53846153846154;25.0;25.0;0;0
735.57;0.0;0.0;0.0;22.48717948717949;22.53846153846154;25.0;25.0;0;0
735.68;0.0;0.0;0.0;22.48717948717949;22.53846153846154;25.0;25.0;0;0
735.785;0.0;0.0;0.0;22.48717948717949;22.53846153846154;25.0;25.0;0;0
735.888;0.0;0.0;0.0;22.48717948717949;22.53846153846154;25.0;25.0;0;0
735.995;0.0;0.0;0.0;22.48717948717949;22.53846153846154;25.0;25.0;0;0
736.106;0.0;0.0;0.0;22.48717948717949;22.53846153846154;25.0;25.0;0;0
736.216;0.0;0.0;0.0;22.48717948717949;22.53846153846154;25.0;25.0;0;0
736.327;0.0;0.0;0.0;22.48717948717949;22.53846153846154;25.0;25.0;0;0
736.437;0.0;0.0;0.0;22.48717948717949;22.53846153846154;25.0;25.0;0;0
736.548;0.0;0.0;0.0;22.48717948717949;22.53846153846154;25.0;25.0;0;0
736.663;0.0;0.0;0.0;22.48717948717949;22.53846153846154;25.0;25.0;0;0
736.769;0.0;0.0;0.0;22.48717948717949;22.53846153846154;25.0;25.0;0;0
736.882;0.0;0.0;0.0;22.48717948717949;22.53846153846154;25.0;25.0;0;0
736.989;0.0;0.0;0.0;22.48717948717949;22.53846153846154;25.0;25.0;0;0
737.1;0.0;0.0;0.0;22.48717948717949;22.53846153846154;25.0;25.0;0;0
737.21;0.0;0.0;0.0;22.48717948717949;22.53846153846154;25.0;25.0;0;0
737.321;0.0;0.0;0.0;22.48717948717949;22.53846153846154;25.0;25.0;0;0
737.425;0.0;0.0;0.0;22.48717948717949;22.53846153846154;25.0;25.0;0;0
737.529;0.0;0.0;0.0;22.48717948717949;22.53846153846154;25.0;25.0;0;0
737.638;0.0;0.0;0.0;22.48717948717949;22.53846153846154;25.0;25.0;0;0
737.751;0.0;0.0;0.0;22.48717948717949;22.53846153846154;25.0;25.0;0;0
737.859;0.0;0.0;0.0;22.48717948717949;22.53846153846154;25.0;25.0;0;0
737.972;0.0;0.0;0.0;22.48717948717949;22.53846153846154;25.0;25.0;0;0
738.084;0.0;0.0;0.0;22.48717948717949;22.53846153846154;25.0;25.0;0;0
738.191;0.0;0.0;0.0;22.48717948717949;22.53846153846154;25.0;25.0;0;0
738.304;0.0;0.0;0.0;22.48717948717949;22.53846153846154;25.0;25.0;0;0
738.414;0.0;0.0;0.0;22.48717948717949;22.53846153846154;25.0;25.0;0;0
738.525;0.0;0.0;0.0;22.48717948717949;22.53846153846154;25.0;25.0;0;0
738.635;0.0;0.0;0.0;22.48717948717949;22.53846153846154;25.0;25.0;0;0
738.745;0.0;0.0;0.0;22.48717948717949;22.53846153846154;25.0;25.0;0;0
738.855;0.0;0.0;0.0;22.48717948717949;22.53846153846154;25.0;25.0;0;0
738.973;0.0;0.0;0.0;22.48717948717949;22.53846153846154;25.0;25.0;0;0
739.079;0.0;0.0;0.0;22.48717948717949;22.53846153846154;25.0;25.0;0;0
739.189;0.0;0.0;0.0;22.48717948717949;22.53846153846154;25.0;25.0;0;0
739.299;0.0;0.0;0.0;22.48717948717949;22.53846153846154;25.0;25.0;0;0
739.42;0.0;0.0;0.0;22.48717948717949;22.53846153846154;25.0;25.0;0;0
739.528;0.0;0.0;0.0;22.48717948717949;22.53846153846154;25.0;25.0;0;0
739.63;0.0;0.0;0.0;22.48717948717949;22.53846153846154;25.0;25.0;0;0
739.751;0.0;0.0;0.0;22.48717948717949;22.53846153846154;25.0;25.0;0;0
739.864;0.0;0.0;0.0;22.48717948717949;22.53846153846154;25.0;25.0;0;0
739.967;0.0;0.0;0.0;22.48717948717949;22.53846153846154;25.0;25.0;0;0
740.07;0.0;0.0;0.0;22.48717948717949;22.53846153846154;25.0;25.0;0;0
740.179;0.0;0.0;0.0;22.48717948717949;22.53846153846154;25.0;25.0;0;0
740.303;0.0;0.0;0.0;22.48717948717949;22.53846153846154;25.0;25.0;0;0
740.403;0.0;0.0;0.0;22.48717948717949;22.53846153846154;25.0;25.0;0;0
740.516;0.0;0.0;0.0;22.48717948717949;22.53846153846154;25.0;25.0;0;0
740.616;0.0;0.0;0.0;22.48717948717949;22.53846153846154;25.0;25.0;0;0
740.719;0.0;0.0;0.0;22.48717948717949;22.53846153846154;25.0;25.0;0;0
740.827;0.0;0.0;0.0;22.48717948717949;22.53846153846154;25.0;25.0;0;0
740.938;0.0;0.0;0.0;22.48717948717949;22.53846153846154;25.0;25.0;0;0
741.049;0.0;0.0;0.0;22.48717948717949;22.53846153846154;25.0;25.0;0;0
741.16;0.0;0.0;0.0;22.48717948717949;22.53846153846154;25.0;25.0;0;0
741.271;0.0;0.0;0.0;22.48717948717949;22.53846153846154;25.0;25.0;0;0
741.371;0.0;0.0;0.0;22.48717948717949;22.53846153846154;25.0;25.0;0;0
741.473;0.0;0.0;0.0;22.48717948717949;22.53846153846154;25.0;25.0;0;0
741.586;0.0;0.0;0.0;22.48717948717949;22.53846153846154;25.0;25.0;0;0
741.686;0.0;0.0;0.0;22.48717948717949;22.53846153846154;25.0;25.0;0;0
741.787;0.0;0.0;0.0;22.48717948717949;22.53846153846154;25.0;25.0;0;0
741.887;0.0;0.0;0.0;22.48717948717949;22.53846153846154;25.0;25.0;0;0
741.994;0.0;0.0;0.0;22.48717948717949;22.53846153846154;25.0;25.0;0;0
742.099;0.0;0.0;0.0;22.48717948717949;22.53846153846154;25.0;25.0;0;0
742.216;0.0;0.0;0.0;22.48717948717949;22.53846153846154;25.0;25.0;0;0
742.326;0.0;0.0;0.0;22.48717948717949;22.53846153846154;25.0;25.0;0;0
742.428;0.0;0.0;0.0;22.48717948717949;22.53846153846154;25.0;25.0;0;0
742.541;0.0;0.0;0.0;22.48717948717949;22.53846153846154;25.0;25.0;0;0
742.649;0.0;0.0;0.0;22.48717948717949;22.53846153846154;25.0;25.0;0;0
742.758;0.0;0.0;0.0;22.48717948717949;22.53846153846154;25.0;25.0;0;0
742.867;0.0;0.0;0.0;22.48717948717949;22.53846153846154;25.0;25.0;0;0
742.975;0.0;0.0;0.0;22.48717948717949;22.53846153846154;25.0;25.0;0;0
743.075;0.0;0.0;0.0;22.48717948717949;22.53846153846154;25.0;25.0;0;0
743.18;0.0;0.0;0.0;22.48717948717949;22.53846153846154;25.0;25.0;0;0
743.281;0.0;0.0;0.0;22.48717948717949;22.53846153846154;25.0;25.0;0;0
743.383;0.0;0.0;0.0;22.48717948717949;22.53846153846154;25.0;25.0;0;0
743.499;0.0;0.0;0.0;22.48717948717949;22.53846153846154;25.0;25.0;0;0
743.6;0.0;0.0;0.0;22.48717948717949;22.53846153846154;25.0;25.0;0;0
743.705;0.0;0.0;0.0;22.48717948717949;22.53846153846154;25.0;25.0;0;0
743.808;0.0;0.0;0.0;22.48717948717949;22.53846153846154;25.0;25.0;0;0
743.911;0.0;0.0;0.0;22.48717948717949;22.53846153846154;25.0;25.0;0;0
744.011;0.0;0.0;0.0;22.48717948717949;22.53846153846154;25.0;25.0;0;0
744.113;0.0;0.0;0.0;22.48717948717949;22.53846153846154;25.0;25.0;0;0
744.219;0.0;0.0;0.0;22.48717948717949;22.53846153846154;25.0;25.0;0;0
744.32;0.0;0.0;0.0;22.48717948717949;22.53846153846154;25.0;25.0;0;0
744.42;0.0;0.0;0.0;22.48717948717949;22.53846153846154;25.0;25.0;0;0
744.533;0.0;0.0;0.0;22.48717948717949;22.53846153846154;25.0;25.0;0;0
744.644;0.0;0.0;0.0;22.48717948717949;22.53846153846154;25.0;25.0;0;0
744.753;0.0;0.0;0.0;22.48717948717949;22.53846153846154;25.0;25.0;0;0
744.86;0.0;0.0;0.0;22.48717948717949;22.53846153846154;25.0;25.0;0;0
744.965;0.0;0.0;0.0;22.48717948717949;22.53846153846154;25.0;25.0;0;0
745.069;0.0;0.0;0.0;22.48717948717949;22.53846153846154;25.0;25.0;0;0
745.17;0.0;0.0;0.0;22.48717948717949;22.53846153846154;25.0;25.0;0;0
745.273;0.0;0.0;0.0;22.48717948717949;22.53846153846154;25.0;25.0;0;0
745.392;0.0;0.0;0.0;22.48717948717949;22.53846153846154;25.0;25.0;0;0
745.493;0.0;0.0;0.0;22.48717948717949;22.53846153846154;25.0;25.0;0;0
745.609;0.0;0.0;0.0;22.48717948717949;22.53846153846154;25.0;25.0;0;0
745.743;0.0;0.0;0.0;22.48717948717949;22.53846153846154;25.0;25.0;0;0
745.848;0.0;0.0;0.0;22.48717948717949;22.53846153846154;25.0;25.0;0;0
745.95;0.0;0.0;0.0;22.48717948717949;22.53846153846154;25.0;25.0;0;0
746.057;0.0;0.0;0.0;22.48717948717949;22.53846153846154;25.0;25.0;0;0
746.16;0.0;0.0;0.0;22.48717948717949;22.53846153846154;25.0;25.0;0;0
746.261;0.0;0.0;0.0;22.48717948717949;22.53846153846154;25.0;25.0;0;0
746.376;0.0;0.0;0.0;22.48717948717949;22.53846153846154;25.0;25.0;0;0
746.484;0.0;0.0;0.0;22.48717948717949;22.53846153846154;25.0;25.0;0;0
746.596;0.0;0.0;0.0;22.48717948717949;22.53846153846154;25.0;25.0;0;0
746.712;0.0;0.0;0.0;22.48717948717949;22.53846153846154;25.0;25.0;0;0
746.813;0.0;0.0;0.0;22.48717948717949;22.53846153846154;25.0;25.0;0;0
746.917;0.0;0.0;0.0;22.48717948717949;22.53846153846154;25.0;25.0;0;0
747.017;0.0;0.0;0.0;22.48717948717949;22.53846153846154;25.0;25.0;0;0
747.122;0.0;0.0;0.0;22.48717948717949;22.53846153846154;25.0;25.0;0;0
747.233;0.0;0.0;0.0;22.48717948717949;22.53846153846154;25.0;25.0;0;0
747.336;0.0;0.0;0.0;22.48717948717949;22.53846153846154;25.0;25.0;0;0
747.44;0.0;0.0;0.0;22.48717948717949;22.53846153846154;25.0;25.0;0;0
747.541;0.0;0.0;0.0;22.48717948717949;22.53846153846154;25.0;25.0;0;0
747.643;0.0;0.0;0.0;22.48717948717949;22.53846153846154;25.0;25.0;0;0
747.744;0.0;0.0;0.0;22.48717948717949;22.53846153846154;25.0;25.0;0;0
747.844;0.0;0.0;0.0;22.48717948717949;22.53846153846154;25.0;25.0;0;0
747.951;0.0;0.0;0.0;22.48717948717949;22.53846153846154;25.0;25.0;0;0
748.057;0.0;0.0;0.0;22.48717948717949;22.53846153846154;25.0;25.0;0;0
748.157;0.0;0.0;0.0;22.48717948717949;22.53846153846154;25.0;25.0;0;0
748.258;0.0;0.0;0.0;22.48717948717949;22.53846153846154;25.0;25.0;0;0
748.364;0.0;0.0;0.0;22.48717948717949;22.53846153846154;25.0;25.0;0;0
748.468;0.0;0.0;0.0;22.48717948717949;22.53846153846154;25.0;25.0;0;0
748.579;0.0;0.0;0.0;22.48717948717949;22.53846153846154;25.0;25.0;0;0
748.687;0.0;0.0;0.0;22.48717948717949;22.53846153846154;25.0;25.0;0;0
748.787;0.0;0.0;0.0;22.48717948717949;22.53846153846154;25.0;25.0;0;0
748.89;0.0;0.0;0.0;22.48717948717949;22.53846153846154;25.0;25.0;0;0
749.005;0.0;0.0;0.0;22.48717948717949;22.53846153846154;25.0;25.0;0;0
749.11;0.0;0.0;0.0;22.48717948717949;22.53846153846154;25.0;25.0;0;0
749.221;0.0;0.0;0.0;22.48717948717949;22.53846153846154;25.0;25.0;0;0
749.323;0.0;0.0;0.0;22.48717948717949;22.53846153846154;25.0;25.0;0;0
749.43;0.0;0.0;0.0;22.48717948717949;22.53846153846154;25.0;25.0;0;0
749.537;0.0;0.0;0.0;22.48717948717949;22.53846153846154;25.0;25.0;0;0
749.651;0.0;0.0;0.0;22.48717948717949;22.53846153846154;25.0;25.0;0;0
749.758;0.0;0.0;0.0;22.48717948717949;22.53846153846154;25.0;25.0;0;0
749.869;0.0;0.0;0.0;22.48717948717949;22.53846153846154;25.0;25.0;0;0
749.977;0.0;0.0;0.0;22.48717948717949;22.53846153846154;25.0;25.0;0;0
750.077;0.0;0.0;0.0;22.48717948717949;22.53846153846154;25.0;25.0;0;0
750.178;0.0;0.0;0.0;22.48717948717949;22.53846153846154;25.0;25.0;0;0
750.278;0.0;0.0;0.0;22.48717948717949;22.53846153846154;25.0;25.0;0;0
750.381;0.0;0.0;0.0;22.48717948717949;22.53846153846154;25.0;25.0;0;0
750.481;0.0;0.0;0.0;22.48717948717949;22.53846153846154;25.0;25.0;0;0
750.592;0.0;0.0;0.0;22.48717948717949;22.53846153846154;25.0;25.0;0;0
750.7;0.0;0.0;0.0;22.48717948717949;22.53846153846154;25.0;25.0;0;0
750.813;0.0;0.0;0.0;22.48717948717949;22.53846153846154;25.0;25.0;0;0
750.913;0.0;0.0;0.0;22.48717948717949;22.53846153846154;25.0;25.0;0;0
751.014;0.0;0.0;0.0;22.48717948717949;22.53846153846154;25.0;25.0;0;0
751.115;0.0;0.0;0.0;22.48717948717949;22.53846153846154;25.0;25.0;0;0
751.217;0.0;0.0;0.0;22.48717948717949;22.53846153846154;25.0;25.0;0;0
751.325;0.0;0.0;0.0;22.48717948717949;22.53846153846154;25.0;25.0;0;0
751.437;0.0;0.0;0.0;22.48717948717949;22.53846153846154;25.0;25.0;0;0
751.544;0.0;0.0;0.0;22.48717948717949;22.53846153846154;25.0;25.0;0;0
751.655;0.0;0.0;0.0;22.48717948717949;22.53846153846154;25.0;25.0;0;0
751.767;0.0;0.0;0.0;22.48717948717949;22.53846153846154;25.0;25.0;0;0
751.881;0.0;0.0;0.0;22.48717948717949;22.53846153846154;25.0;25.0;0;0
751.99;0.0;0.0;0.0;22.48717948717949;22.53846153846154;25.0;25.0;0;0
752.098;0.0;0.0;0.0;22.48717948717949;22.53846153846154;25.0;25.0;0;0
752.209;0.0;0.0;0.0;22.48717948717949;22.53846153846154;25.0;25.0;0;0
752.321;0.0;0.0;0.0;22.48717948717949;22.53846153846154;25.0;25.0;0;0
752.422;0.0;0.0;0.0;22.48717948717949;22.53846153846154;25.0;25.0;0;0
752.529;0.0;0.0;0.0;22.48717948717949;22.53846153846154;25.0;25.0;0;0
752.638;0.0;0.0;0.0;22.48717948717949;22.53846153846154;25.0;25.0;0;0
752.747;0.0;0.0;0.0;22.48717948717949;22.53846153846154;25.0;25.0;0;0
752.859;0.0;0.0;0.0;22.48717948717949;22.53846153846154;25.0;25.0;0;0
752.971;0.0;0.0;0.0;22.48717948717949;22.53846153846154;25.0;25.0;0;0
753.08;0.0;0.0;0.0;22.48717948717949;22.53846153846154;25.0;25.0;0;0
753.186;0.0;0.0;0.0;22.48717948717949;22.53846153846154;25.0;25.0;0;0
753.292;0.0;0.0;0.0;22.48717948717949;22.53846153846154;25.0;25.0;0;0
753.398;0.0;0.0;0.0;22.48717948717949;22.53846153846154;25.0;25.0;0;0
753.508;0.0;0.0;0.0;22.48717948717949;22.53846153846154;25.0;25.0;0;0
753.619;0.0;0.0;0.0;22.48717948717949;22.53846153846154;25.0;25.0;0;0
753.73;0.0;0.0;0.0;22.48717948717949;22.53846153846154;25.0;25.0;0;0
753.841;0.0;0.0;0.0;22.48717948717949;22.53846153846154;25.0;25.0;0;0
753.951;0.0;0.0;0.0;22.48717948717949;22.53846153846154;25.0;25.0;0;0
754.064;0.0;0.0;0.0;22.48717948717949;22.53846153846154;25.0;25.0;0;0
754.177;0.0;0.0;0.0;22.48717948717949;22.53846153846154;25.0;25.0;0;0
754.284;0.0;0.0;0.0;22.48717948717949;22.53846153846154;25.0;25.0;0;0
754.394;0.0;0.0;0.0;22.48717948717949;22.53846153846154;25.0;25.0;0;0
754.506;0.0;0.0;0.0;22.48717948717949;22.53846153846154;25.0;25.0;0;0
754.616;0.0;0.0;0.0;22.48717948717949;22.53846153846154;25.0;25.0;0;0
754.726;0.0;0.0;0.0;22.48717948717949;22.53846153846154;25.0;25.0;0;0
754.841;0.0;0.0;0.0;22.48717948717949;22.53846153846154;25.0;25.0;0;0
754.953;0.0;0.0;0.0;22.48717948717949;22.53846153846154;25.0;25.0;0;0
755.063;0.0;0.0;0.0;22.48717948717949;22.53846153846154;25.0;25.0;0;0
755.173;0.0;0.0;0.0;22.48717948717949;22.53846153846154;25.0;25.0;0;0
755.274;0.0;0.0;0.0;22.48717948717949;22.53846153846154;25.0;25.0;0;0
755.375;0.0;0.0;0.0;22.48717948717949;22.53846153846154;25.0;25.0;0;0
755.475;0.0;0.0;0.0;22.48717948717949;22.53846153846154;25.0;25.0;0;0
755.576;0.0;0.0;0.0;22.48717948717949;22.53846153846154;25.0;25.0;0;0
755.676;0.0;0.0;0.0;22.48717948717949;22.53846153846154;25.0;25.0;0;0
755.78;0.0;0.0;0.0;22.48717948717949;22.53846153846154;25.0;25.0;0;0
