Time_Sec;Pos_H;Pos_V;Pos_R;Temp_A;Temp_B;Set_A;Set_B;Stable_A;Stable_B
0.03;0.0;0.0;0.0;24.837606837606838;24.888888888888893;25.0;25.0;0;1
0.132;0.0;0.0;0.0;24.837606837606838;24.888888888888893;25.0;25.0;0;1
0.232;0.0;0.0;0.0;24.837606837606838;24.888888888888893;25.0;25.0;0;1
0.34;0.0;0.0;0.0;24.837606837606838;24.888888888888893;25.0;25.0;0;1
0.449;0.0;0.0;0.0;24.837606837606838;24.888888888888893;25.0;25.0;0;1
0.56;0.0;0.0;0.0;24.837606837606838;24.888888888888893;25.0;25.0;0;1
0.67;0.0;0.0;0.0;24.837606837606838;24.888888888888893;25.0;25.0;0;1
0.784;0.0;0.0;0.0;24.837606837606838;24.888888888888893;25.0;25.0;0;1
0.894;0.0;0.0;0.0;24.837606837606838;24.94017094017094;25.0;25.0;0;1
1.006;0.0;0.0;0.0;24.837606837606838;24.94017094017094;25.0;25.0;0;1
1.119;0.0;0.0;0.0;24.837606837606838;24.94017094017094;25.0;25.0;0;1
1.219;0.0;0.0;0.0;24.837606837606838;24.94017094017094;25.0;25.0;0;1
1.322;0.0;0.0;0.0;24.837606837606838;24.94017094017094;25.0;25.0;0;1
1.433;0.0;0.0;0.0;24.837606837606838;24.94017094017094;25.0;25.0;0;1
1.543;0.0;0.0;0.0;24.837606837606838;24.94017094017094;25.0;25.0;0;1
1.647;0.0;0.0;0.0;24.837606837606838;24.94017094017094;25.0;25.0;0;1
1.757;0.0;0.0;0.0;24.837606837606838;24.94017094017094;25.0;25.0;0;1
1.863;0.0;0.0;0.0;24.786324786324787;24.888888888888893;25.0;25.0;0;1
1.968;0.0;0.0;0.0;24.786324786324787;24.888888888888893;25.0;25.0;0;1
2.069;0.0;0.0;0.0;24.786324786324787;24.888888888888893;25.0;25.0;0;1
2.169;0.0;0.0;0.0;24.786324786324787;24.888888888888893;25.0;25.0;0;1
2.27;0.0;0.0;0.0;24.786324786324787;24.888888888888893;25.0;25.0;0;1
2.37;0.0;0.0;0.0;24.786324786324787;24.888888888888893;25.0;25.0;0;1
2.471;0.0;0.0;0.0;24.786324786324787;24.888888888888893;25.0;25.0;0;1
2.572;0.0;0.0;0.0;24.786324786324787;24.888888888888893;25.0;25.0;0;1
2.677;0.0;0.0;0.0;24.786324786324787;24.888888888888893;25.0;25.0;0;1
2.78;0.0;0.0;0.0;24.786324786324787;24.888888888888893;25.0;25.0;0;1
2.881;0.0;0.0;0.0;24.786324786324787;24.888888888888893;25.0;25.0;0;1
2.989;0.0;0.0;0.0;24.786324786324787;24.888888888888893;25.0;25.0;0;1
3.099;0.0;0.0;0.0;24.786324786324787;24.888888888888893;25.0;25.0;0;1
3.201;0.0;0.0;0.0;24.786324786324787;24.888888888888893;25.0;25.0;0;1
3.302;0.0;0.0;0.0;24.786324786324787;24.888888888888893;25.0;25.0;0;1
3.416;0.0;0.0;0.0;24.786324786324787;24.888888888888893;25.0;25.0;0;1
3.529;0.0;0.0;0.0;24.786324786324787;24.888888888888893;25.0;25.0;0;1
3.631;0.0;0.0;0.0;24.786324786324787;24.888888888888893;25.0;25.0;0;1
3.732;0.0;0.0;0.0;24.786324786324787;24.888888888888893;25.0;25.0;0;1
3.843;0.0;0.0;0.0;24.786324786324787;24.888888888888893;25.0;25.0;0;1
3.943;0.0;0.0;0.0;24.786324786324787;24.888888888888893;25.0;25.0;0;1
4.07;0.0;0.0;0.0;24.786324786324787;24.888888888888893;25.0;25.0;0;1
4.176;0.0;0.0;0.0;24.786324786324787;24.888888888888893;25.0;25.0;0;1
4.292;0.0;0.0;0.0;24.786324786324787;24.888888888888893;25.0;25.0;0;1
4.404;0.0;0.0;0.0;24.786324786324787;24.888888888888893;25.0;25.0;0;1
4.515;0.0;0.0;0.0;24.786324786324787;24.888888888888893;25.0;25.0;0;1
4.627;0.0;0.0;0.0;24.786324786324787;24.888888888888893;25.0;25.0;0;1
4.728;0.0;0.0;0.0;24.786324786324787;24.888888888888893;25.0;25.0;0;1
4.83;0.0;0.0;0.0;24.786324786324787;24.888888888888893;25.0;25.0;0;1
4.941;0.0;0.0;0.0;24.786324786324787;24.888888888888893;25.0;25.0;0;1
5.054;0.0;0.0;0.0;24.786324786324787;24.888888888888893;25.0;25.0;0;1
5.169;0.0;0.0;0.0;24.786324786324787;24.888888888888893;25.0;25.0;0;1
5.272;0.0;0.0;0.0;24.786324786324787;24.888888888888893;25.0;25.0;0;1
5.374;0.0;0.0;0.0;24.786324786324787;24.888888888888893;25.0;25.0;0;1
5.481;0.0;0.0;0.0;24.786324786324787;24.888888888888893;25.0;25.0;0;1
5.602;0.0;0.0;0.0;24.786324786324787;24.888888888888893;25.0;25.0;0;1
5.705;0.0;0.0;0.0;24.786324786324787;24.888888888888893;25.0;25.0;0;1
5.813;0.0;0.0;0.0;24.786324786324787;24.888888888888893;25.0;25.0;0;1
5.914;0.0;0.0;0.0;24.786324786324787;24.888888888888893;25.0;25.0;0;1
6.043;0.0;0.0;0.0;24.786324786324787;24.888888888888893;25.0;25.0;0;1
6.155;0.0;0.0;0.0;24.786324786324787;24.888888888888893;25.0;25.0;0;1
6.256;0.0;0.0;0.0;24.786324786324787;24.888888888888893;25.0;25.0;0;1
6.36;0.0;0.0;0.0;24.786324786324787;24.888888888888893;25.0;25.0;0;1
6.475;0.0;0.0;0.0;24.786324786324787;24.888888888888893;25.0;25.0;0;1
6.577;0.0;0.0;0.0;24.786324786324787;24.888888888888893;25.0;25.0;0;1
6.678;0.0;0.0;0.0;24.786324786324787;24.888888888888893;25.0;25.0;0;1
6.78;0.0;0.0;0.0;24.786324786324787;24.888888888888893;25.0;25.0;0;1
6.884;0.0;0.0;0.0;24.837606837606838;24.888888888888893;25.0;25.0;0;1
6.999;0.0;0.0;0.0;24.837606837606838;24.888888888888893;25.0;25.0;0;1
7.101;0.0;0.0;0.0;24.837606837606838;24.888888888888893;25.0;25.0;0;1
7.201;0.0;0.0;0.0;24.837606837606838;24.888888888888893;25.0;25.0;0;1
7.305;0.0;0.0;0.0;24.837606837606838;24.888888888888893;25.0;25.0;0;1
7.406;0.0;0.0;0.0;24.837606837606838;24.888888888888893;25.0;25.0;0;1
7.507;0.0;0.0;0.0;24.837606837606838;24.888888888888893;25.0;25.0;0;1
7.607;0.0;0.0;0.0;24.837606837606838;24.888888888888893;25.0;25.0;0;1
7.718;0.0;0.0;0.0;24.837606837606838;24.888888888888893;25.0;25.0;0;1
7.831;0.0;0.0;0.0;24.786324786324787;24.888888888888893;25.0;25.0;0;1
7.937;0.0;0.0;0.0;24.786324786324787;24.888888888888893;25.0;25.0;0;1
8.048;0.0;0.0;0.0;24.786324786324787;24.888888888888893;25.0;25.0;0;1
8.154;0.0;0.0;0.0;24.786324786324787;24.888888888888893;25.0;25.0;0;1
8.266;0.0;0.0;0.0;24.786324786324787;24.888888888888893;25.0;25.0;0;1
8.374;0.0;0.0;0.0;24.786324786324787;24.888888888888893;25.0;25.0;0;1
8.481;0.0;0.0;0.0;24.786324786324787;24.888888888888893;25.0;25.0;0;1
8.593;0.0;0.0;0.0;24.786324786324787;24.888888888888893;25.0;25.0;0;1
8.695;0.0;0.0;0.0;24.786324786324787;24.888888888888893;25.0;25.0;0;1
8.796;0.0;0.0;0.0;24.786324786324787;24.888888888888893;25.0;25.0;0;1
8.905;0.0;0.0;0.0;24.786324786324787;24.888888888888893;25.0;25.0;0;1
9.013;0.0;0.0;0.0;24.786324786324787;24.888888888888893;25.0;25.0;0;1
9.123;0.0;0.0;0.0;24.786324786324787;24.888888888888893;25.0;25.0;0;1
9.224;0.0;0.0;0.0;24.786324786324787;24.888888888888893;25.0;25.0;0;1
9.327;0.0;0.0;0.0;24.786324786324787;24.888888888888893;25.0;25.0;0;1
9.428;0.0;0.0;0.0;24.786324786324787;24.888888888888893;25.0;25.0;0;1
9.54;0.0;0.0;0.0;24.786324786324787;24.888888888888893;25.0;25.0;0;1
9.645;0.0;0.0;0.0;24.786324786324787;24.888888888888893;25.0;25.0;0;1
9.747;0.0;0.0;0.0;24.786324786324787;24.888888888888893;25.0;25.0;0;1
9.849;0.0;0.0;0.0;24.786324786324787;24.888888888888893;25.0;25.0;0;1
9.96;0.0;0.0;0.0;24.786324786324787;24.888888888888893;25.0;25.0;0;1
10.06;0.0;0.0;0.0;24.786324786324787;24.888888888888893;25.0;25.0;0;1
10.161;0.0;0.0;0.0;24.786324786324787;24.888888888888893;25.0;25.0;0;1
10.264;0.0;0.0;0.0;24.786324786324787;24.888888888888893;25.0;25.0;0;1
10.369;0.0;0.0;0.0;24.786324786324787;24.888888888888893;25.0;25.0;0;1
10.482;0.0;0.0;0.0;24.786324786324787;24.888888888888893;25.0;25.0;0;1
10.591;0.0;0.0;0.0;24.786324786324787;24.888888888888893;25.0;25.0;0;1
10.693;0.0;0.0;0.0;24.786324786324787;24.888888888888893;25.0;25.0;0;1
10.796;0.0;0.0;0.0;24.786324786324787;24.888888888888893;25.0;25.0;0;1
10.897;0.0;0.0;0.0;24.786324786324787;24.888888888888893;25.0;25.0;0;1
10.998;0.0;0.0;0.0;24.786324786324787;24.888888888888893;25.0;25.0;0;1
11.099;0.0;0.0;0.0;24.786324786324787;24.888888888888893;25.0;25.0;0;1
11.201;0.0;0.0;0.0;24.786324786324787;24.888888888888893;25.0;25.0;0;1
11.304;0.0;0.0;0.0;24.786324786324787;24.888888888888893;25.0;25.0;0;1
11.404;0.0;0.0;0.0;24.786324786324787;24.888888888888893;25.0;25.0;0;1
11.512;0.0;0.0;0.0;24.786324786324787;24.888888888888893;25.0;25.0;0;1
11.615;0.0;0.0;0.0;24.786324786324787;24.888888888888893;25.0;25.0;0;1
11.73;0.0;0.0;0.0;24.786324786324787;24.888888888888893;25.0;25.0;0;1
11.842;0.0;0.0;0.0;24.786324786324787;24.888888888888893;25.0;25.0;0;1
11.951;0.0;0.0;0.0;24.786324786324787;24.888888888888893;25.0;25.0;0;1
12.062;0.0;0.0;0.0;24.786324786324787;24.888888888888893;25.0;25.0;0;1
12.173;0.0;0.0;0.0;24.786324786324787;24.888888888888893;25.0;25.0;0;1
12.282;0.0;0.0;0.0;24.786324786324787;24.888888888888893;25.0;25.0;0;1
12.389;0.0;0.0;0.0;24.786324786324787;24.888888888888893;25.0;25.0;0;1
12.497;0.0;0.0;0.0;24.786324786324787;24.888888888888893;25.0;25.0;0;1
12.597;0.0;0.0;0.0;24.786324786324787;24.888888888888893;25.0;25.0;0;1
12.697;0.0;0.0;0.0;24.786324786324787;24.888888888888893;25.0;25.0;0;1
12.798;0.0;0.0;0.0;24.786324786324787;24.888888888888893;25.0;25.0;0;1
12.898;0.0;0.0;0.0;24.786324786324787;24.888888888888893;25.0;25.0;0;1
13.0;0.0;0.0;0.0;24.786324786324787;24.888888888888893;25.0;25.0;0;1
13.105;0.0;0.0;0.0;24.786324786324787;24.888888888888893;25.0;25.0;0;1
13.206;0.0;0.0;0.0;24.786324786324787;24.888888888888893;25.0;25.0;0;1
13.306;0.0;0.0;0.0;24.786324786324787;24.888888888888893;25.0;25.0;0;1
13.407;0.0;0.0;0.0;24.786324786324787;24.888888888888893;25.0;25.0;0;1
13.513;0.0;0.0;0.0;24.786324786324787;24.888888888888893;25.0;25.0;0;1
13.614;0.0;0.0;0.0;24.786324786324787;24.888888888888893;25.0;25.0;0;1
13.718;0.0;0.0;0.0;24.786324786324787;24.888888888888893;25.0;25.0;0;1
13.83;0.0;0.0;0.0;24.786324786324787;24.888888888888893;25.0;25.0;0;1
13.946;0.0;0.0;0.0;24.786324786324787;24.888888888888893;25.0;25.0;0;1
14.05;0.0;0.0;0.0;24.786324786324787;24.888888888888893;25.0;25.0;0;1
14.166;0.0;0.0;0.0;24.786324786324787;24.888888888888893;25.0;25.0;0;1
14.273;0.0;0.0;0.0;24.786324786324787;24.888888888888893;25.0;25.0;0;1
14.384;0.0;0.0;0.0;24.786324786324787;24.888888888888893;25.0;25.0;0;1
14.497;0.0;0.0;0.0;24.786324786324787;24.888888888888893;25.0;25.0;0;1
14.609;0.0;0.0;0.0;24.786324786324787;24.888888888888893;25.0;25.0;0;1
14.725;0.0;0.0;0.0;24.786324786324787;24.888888888888893;25.0;25.0;0;1
14.83;0.0;0.0;0.0;24.786324786324787;24.888888888888893;25.0;25.0;0;1
14.93;0.0;0.0;0.0;24.786324786324787;24.888888888888893;25.0;25.0;0;1
15.043;0.0;0.0;0.0;24.786324786324787;24.888888888888893;25.0;25.0;0;1
15.169;0.0;0.0;0.0;24.786324786324787;24.888888888888893;25.0;25.0;0;1
15.276;0.0;0.0;0.0;24.786324786324787;24.888888888888893;25.0;25.0;0;1
15.39;0.0;0.0;0.0;24.786324786324787;24.888888888888893;25.0;25.0;0;1
15.504;0.0;0.0;0.0;24.786324786324787;24.888888888888893;25.0;25.0;0;1
15.608;0.0;0.0;0.0;24.786324786324787;24.888888888888893;25.0;25.0;0;1
15.726;0.0;0.0;0.0;24.786324786324787;24.888888888888893;25.0;25.0;0;1
15.83;0.0;0.0;0.0;24.786324786324787;24.888888888888893;25.0;25.0;0;1
15.935;0.0;0.0;0.0;24.786324786324787;24.888888888888893;25.0;25.0;0;1
16.057;0.0;0.0;0.0;24.786324786324787;24.888888888888893;25.0;25.0;0;1
16.166;0.0;0.0;0.0;24.786324786324787;24.888888888888893;25.0;25.0;0;1
16.275;0.0;0.0;0.0;24.786324786324787;24.888888888888893;25.0;25.0;0;1
16.377;0.0;0.0;0.0;24.786324786324787;24.888888888888893;25.0;25.0;0;1
16.482;0.0;0.0;0.0;24.786324786324787;24.888888888888893;25.0;25.0;0;1
16.593;0.0;0.0;0.0;24.786324786324787;24.888888888888893;25.0;25.0;0;1
16.706;0.0;0.0;0.0;24.786324786324787;24.888888888888893;25.0;25.0;0;1
16.82;0.0;0.0;0.0;24.786324786324787;24.888888888888893;25.0;25.0;0;1
16.927;0.0;0.0;0.0;24.786324786324787;24.888888888888893;25.0;25.0;0;1
17.041;0.0;0.0;0.0;24.786324786324787;24.888888888888893;25.0;25.0;0;1
17.149;0.0;0.0;0.0;24.786324786324787;24.888888888888893;25.0;25.0;0;1
17.251;0.0;0.0;0.0;24.786324786324787;24.888888888888893;25.0;25.0;0;1
17.357;0.0;0.0;0.0;24.786324786324787;24.888888888888893;25.0;25.0;0;1
17.472;0.0;0.0;0.0;24.786324786324787;24.888888888888893;25.0;25.0;0;1
17.58;0.0;0.0;0.0;24.786324786324787;24.888888888888893;25.0;25.0;0;1
17.693;0.0;0.0;0.0;24.786324786324787;24.888888888888893;25.0;25.0;0;1
17.802;0.0;0.0;0.0;24.786324786324787;24.888888888888893;25.0;25.0;0;1
17.917;0.0;0.0;0.0;24.786324786324787;24.888888888888893;25.0;25.0;0;1
18.023;0.0;0.0;0.0;24.786324786324787;24.888888888888893;25.0;25.0;0;1
18.138;0.0;0.0;0.0;24.786324786324787;24.888888888888893;25.0;25.0;0;1
18.25;0.0;0.0;0.0;24.786324786324787;24.888888888888893;25.0;25.0;0;1
18.359;0.0;0.0;0.0;24.786324786324787;24.888888888888893;25.0;25.0;0;1
18.462;0.0;0.0;0.0;24.786324786324787;24.888888888888893;25.0;25.0;0;1
18.566;0.0;0.0;0.0;24.786324786324787;24.888888888888893;25.0;25.0;0;1
18.667;0.0;0.0;0.0;24.786324786324787;24.888888888888893;25.0;25.0;0;1
18.773;0.0;0.0;0.0;24.786324786324787;24.888888888888893;25.0;25.0;0;1
18.874;0.0;0.0;0.0;24.786324786324787;24.888888888888893;25.0;25.0;0;1
18.974;0.0;0.0;0.0;24.786324786324787;24.888888888888893;25.0;25.0;0;1
19.075;0.0;0.0;0.0;24.786324786324787;24.888888888888893;25.0;25.0;0;1
19.176;0.0;0.0;0.0;24.786324786324787;24.888888888888893;25.0;25.0;0;1
19.276;0.0;0.0;0.0;24.786324786324787;24.888888888888893;25.0;25.0;0;1
19.38;0.0;0.0;0.0;24.786324786324787;24.888888888888893;25.0;25.0;0;1
19.481;0.0;0.0;0.0;24.786324786324787;24.888888888888893;25.0;25.0;0;1
19.59;0.0;0.0;0.0;24.786324786324787;24.888888888888893;25.0;25.0;0;1
19.699;0.0;0.0;0.0;24.786324786324787;24.888888888888893;25.0;25.0;0;1
19.8;0.0;0.0;0.0;24.786324786324787;24.888888888888893;25.0;25.0;0;1
19.903;0.0;0.0;0.0;24.786324786324787;24.888888888888893;25.0;25.0;0;1
20.003;0.0;0.0;0.0;24.786324786324787;24.888888888888893;25.0;25.0;0;1
20.109;0.0;0.0;0.0;24.786324786324787;24.888888888888893;25.0;25.0;0;1
20.222;0.0;0.0;0.0;24.786324786324787;24.888888888888893;25.0;25.0;0;1
20.33;0.0;0.0;0.0;24.786324786324787;24.888888888888893;25.0;25.0;0;1
20.448;0.0;0.0;0.0;24.786324786324787;24.888888888888893;25.0;25.0;0;1
20.557;0.0;0.0;0.0;24.786324786324787;24.888888888888893;25.0;25.0;0;1
20.658;0.0;0.0;0.0;24.786324786324787;24.888888888888893;25.0;25.0;0;1
20.76;0.0;0.0;0.0;24.786324786324787;24.888888888888893;25.0;25.0;0;1
20.873;0.0;0.0;0.0;24.786324786324787;24.837606837606838;25.0;25.0;0;1
20.987;0.0;0.0;0.0;24.786324786324787;24.837606837606838;25.0;25.0;0;1
21.096;0.0;0.0;0.0;24.786324786324787;24.837606837606838;25.0;25.0;0;1
21.205;0.0;0.0;0.0;24.786324786324787;24.837606837606838;25.0;25.0;0;1
21.318;0.0;0.0;0.0;24.786324786324787;24.837606837606838;25.0;25.0;0;1
21.431;0.0;0.0;0.0;24.786324786324787;24.837606837606838;25.0;25.0;0;1
21.546;0.0;0.0;0.0;24.786324786324787;24.837606837606838;25.0;25.0;0;1
21.658;0.0;0.0;0.0;24.786324786324787;24.837606837606838;25.0;25.0;0;1
21.76;0.0;0.0;0.0;24.786324786324787;24.837606837606838;25.0;25.0;0;1
21.87;0.0;0.0;0.0;24.786324786324787;24.888888888888893;25.0;25.0;0;1
21.981;0.0;0.0;0.0;24.786324786324787;24.888888888888893;25.0;25.0;0;1
22.095;0.0;0.0;0.0;24.786324786324787;24.888888888888893;25.0;25.0;0;1
22.196;0.0;0.0;0.0;24.786324786324787;24.888888888888893;25.0;25.0;0;1
22.301;0.0;0.0;0.0;24.786324786324787;24.888888888888893;25.0;25.0;0;1
22.405;0.0;0.0;0.0;24.786324786324787;24.888888888888893;25.0;25.0;0;1
22.516;0.0;0.0;0.0;24.786324786324787;24.888888888888893;25.0;25.0;0;1
22.625;0.0;0.0;0.0;24.786324786324787;24.888888888888893;25.0;25.0;0;1
22.736;0.0;0.0;0.0;24.786324786324787;24.888888888888893;25.0;25.0;0;1
22.846;0.0;0.0;0.0;24.786324786324787;24.888888888888893;25.0;25.0;0;1
22.956;0.0;0.0;0.0;24.786324786324787;24.888888888888893;25.0;25.0;0;1
23.066;0.0;0.0;0.0;24.786324786324787;24.888888888888893;25.0;25.0;0;1
23.174;0.0;0.0;0.0;24.786324786324787;24.888888888888893;25.0;25.0;0;1
23.285;0.0;0.0;0.0;24.786324786324787;24.888888888888893;25.0;25.0;0;1
23.393;0.0;0.0;0.0;24.786324786324787;24.888888888888893;25.0;25.0;0;1
23.504;0.0;0.0;0.0;24.786324786324787;24.888888888888893;25.0;25.0;0;1
23.614;0.0;0.0;0.0;24.786324786324787;24.888888888888893;25.0;25.0;0;1
23.725;0.0;0.0;0.0;24.786324786324787;24.888888888888893;25.0;25.0;0;1
23.836;0.0;0.0;0.0;24.786324786324787;24.888888888888893;25.0;25.0;0;1
23.945;0.0;0.0;0.0;24.786324786324787;24.888888888888893;25.0;25.0;0;1
24.051;0.0;0.0;0.0;24.786324786324787;24.888888888888893;25.0;25.0;0;1
24.163;0.0;0.0;0.0;24.786324786324787;24.888888888888893;25.0;25.0;0;1
24.271;0.0;0.0;0.0;24.786324786324787;24.888888888888893;25.0;25.0;0;1
24.383;0.0;0.0;0.0;24.786324786324787;24.888888888888893;25.0;25.0;0;1
24.484;0.0;0.0;0.0;24.786324786324787;24.888888888888893;25.0;25.0;0;1
24.589;0.0;0.0;0.0;24.786324786324787;24.888888888888893;25.0;25.0;0;1
24.7;0.0;0.0;0.0;24.786324786324787;24.888888888888893;25.0;25.0;0;1
24.81;0.0;0.0;0.0;24.786324786324787;24.888888888888893;25.0;25.0;0;1
24.918;0.0;0.0;0.0;24.786324786324787;24.888888888888893;25.0;25.0;0;1
25.034;0.0;0.0;0.0;24.786324786324787;24.888888888888893;25.0;25.0;0;1
25.142;0.0;0.0;0.0;24.786324786324787;24.888888888888893;25.0;25.0;0;1
25.244;0.0;0.0;0.0;24.786324786324787;24.888888888888893;25.0;25.0;0;1
25.367;0.0;0.0;0.0;24.786324786324787;24.888888888888893;25.0;25.0;0;1
25.485;0.0;0.0;0.0;24.786324786324787;24.888888888888893;25.0;25.0;0;1
25.585;0.0;0.0;0.0;24.786324786324787;24.888888888888893;25.0;25.0;0;1
25.686;0.0;0.0;0.0;24.786324786324787;24.888888888888893;25.0;25.0;0;1
25.793;0.0;0.0;0.0;24.786324786324787;24.888888888888893;25.0;25.0;0;1
25.907;0.0;0.0;0.0;24.786324786324787;24.888888888888893;25.0;25.0;0;1
26.008;0.0;0.0;0.0;24.786324786324787;24.888888888888893;25.0;25.0;0;1
26.134;0.0;0.0;0.0;24.786324786324787;24.888888888888893;25.0;25.0;0;1
26.237;0.0;0.0;0.0;24.786324786324787;24.888888888888893;25.0;25.0;0;1
26.356;0.0;0.0;0.0;24.786324786324787;24.888888888888893;25.0;25.0;0;1
26.462;0.0;0.0;0.0;24.786324786324787;24.888888888888893;25.0;25.0;0;1
26.575;0.0;0.0;0.0;24.786324786324787;24.888888888888893;25.0;25.0;0;1
26.685;0.0;0.0;0.0;24.786324786324787;24.888888888888893;25.0;25.0;0;1
26.796;0.0;0.0;0.0;24.786324786324787;24.888888888888893;25.0;25.0;0;1
26.897;0.0;0.0;0.0;24.786324786324787;24.888888888888893;25.0;25.0;0;1
27.002;0.0;0.0;0.0;24.786324786324787;24.888888888888893;25.0;25.0;0;1
27.102;0.0;0.0;0.0;24.786324786324787;24.888888888888893;25.0;25.0;0;1
27.202;0.0;0.0;0.0;24.786324786324787;24.888888888888893;25.0;25.0;0;1
27.303;0.0;0.0;0.0;24.786324786324787;24.888888888888893;25.0;25.0;0;1
27.403;0.0;0.0;0.0;24.786324786324787;24.888888888888893;25.0;25.0;0;1
27.504;0.0;0.0;0.0;24.786324786324787;24.888888888888893;25.0;25.0;0;1
27.604;0.0;0.0;0.0;24.786324786324787;24.888888888888893;25.0;25.0;0;1
27.707;0.0;0.0;0.0;24.786324786324787;24.888888888888893;25.0;25.0;0;1
27.808;0.0;0.0;0.0;24.786324786324787;24.837606837606838;25.0;25.0;0;1
27.914;0.0;0.0;0.0;24.786324786324787;24.837606837606838;25.0;25.0;0;1
28.019;0.0;0.0;0.0;24.786324786324787;24.837606837606838;25.0;25.0;0;1
28.121;0.0;0.0;0.0;24.786324786324787;24.837606837606838;25.0;25.0;0;1
28.228;0.0;0.0;0.0;24.786324786324787;24.837606837606838;25.0;25.0;0;1
28.332;0.0;0.0;0.0;24.786324786324787;24.837606837606838;25.0;25.0;0;1
28.438;0.0;0.0;0.0;24.786324786324787;24.837606837606838;25.0;25.0;0;1
28.545;0.0;0.0;0.0;24.786324786324787;24.837606837606838;25.0;25.0;0;1
28.657;0.0;0.0;0.0;24.786324786324787;24.837606837606838;25.0;25.0;0;1
28.768;0.0;0.0;0.0;24.786324786324787;24.837606837606838;25.0;25.0;0;1
28.882;0.0;0.0;0.0;24.726495726495727;24.837606837606838;25.0;25.0;0;1
28.99;0.0;0.0;0.0;24.726495726495727;24.837606837606838;25.0;25.0;0;1
29.101;0.0;0.0;0.0;24.726495726495727;24.837606837606838;25.0;25.0;0;1
29.204;0.0;0.0;0.0;24.726495726495727;24.837606837606838;25.0;25.0;0;1
29.307;0.0;0.0;0.0;24.726495726495727;24.837606837606838;25.0;25.0;0;1
29.409;0.0;0.0;0.0;24.726495726495727;24.837606837606838;25.0;25.0;0;1
29.533;0.0;0.0;0.0;24.726495726495727;24.837606837606838;25.0;25.0;0;1
29.642;0.0;0.0;0.0;24.726495726495727;24.837606837606838;25.0;25.0;0;1
29.758;0.0;0.0;0.0;24.726495726495727;24.837606837606838;25.0;25.0;0;1
29.863;0.0;0.0;0.0;24.786324786324787;24.888888888888893;25.0;25.0;0;1
29.978;0.0;0.0;0.0;24.786324786324787;24.888888888888893;25.0;25.0;0;1
30.084;0.0;0.0;0.0;24.786324786324787;24.888888888888893;25.0;25.0;0;1
30.185;0.0;0.0;0.0;24.786324786324787;24.888888888888893;25.0;25.0;0;1
30.305;0.0;0.0;0.0;24.786324786324787;24.888888888888893;25.0;25.0;0;1
30.416;0.0;0.0;0.0;24.786324786324787;24.888888888888893;25.0;25.0;0;1
30.518;0.0;0.0;0.0;24.786324786324787;24.888888888888893;25.0;25.0;0;1
30.622;0.0;0.0;0.0;24.786324786324787;24.888888888888893;25.0;25.0;0;1
30.723;0.0;0.0;0.0;24.786324786324787;24.888888888888893;25.0;25.0;0;1
30.824;0.0;0.0;0.0;24.786324786324787;24.888888888888893;25.0;25.0;0;1
30.925;0.0;0.0;0.0;24.786324786324787;24.888888888888893;25.0;25.0;0;1
31.025;0.0;0.0;0.0;24.786324786324787;24.888888888888893;25.0;25.0;0;1
31.125;0.0;0.0;0.0;24.786324786324787;24.888888888888893;25.0;25.0;0;1
31.229;0.0;0.0;0.0;24.786324786324787;24.888888888888893;25.0;25.0;0;1
31.332;0.0;0.0;0.0;24.786324786324787;24.888888888888893;25.0;25.0;0;1
31.437;0.0;0.0;0.0;24.786324786324787;24.888888888888893;25.0;25.0;0;1
31.538;0.0;0.0;0.0;24.786324786324787;24.888888888888893;25.0;25.0;0;1
31.645;0.0;0.0;0.0;24.786324786324787;24.888888888888893;25.0;25.0;0;1
31.753;0.0;0.0;0.0;24.786324786324787;24.888888888888893;25.0;25.0;0;1
31.854;0.0;0.0;0.0;24.786324786324787;24.837606837606838;25.0;25.0;0;1
31.958;0.0;0.0;0.0;24.786324786324787;24.837606837606838;25.0;25.0;0;1
32.076;0.0;0.0;0.0;24.786324786324787;24.837606837606838;25.0;25.0;0;1
32.177;0.0;0.0;0.0;24.786324786324787;24.837606837606838;25.0;25.0;0;1
32.287;0.0;0.0;0.0;24.786324786324787;24.837606837606838;25.0;25.0;0;1
32.389;0.0;0.0;0.0;24.786324786324787;24.837606837606838;25.0;25.0;0;1
32.507;0.0;0.0;0.0;24.786324786324787;24.837606837606838;25.0;25.0;0;1
32.61;0.0;0.0;0.0;24.786324786324787;24.837606837606838;25.0;25.0;0;1
32.722;0.0;0.0;0.0;24.786324786324787;24.837606837606838;25.0;25.0;0;1
32.832;0.0;0.0;0.0;24.786324786324787;24.837606837606838;25.0;25.0;0;1
32.932;0.0;0.0;0.0;24.786324786324787;24.837606837606838;25.0;25.0;0;1
33.04;0.0;0.0;0.0;24.786324786324787;24.837606837606838;25.0;25.0;0;1
33.153;0.0;0.0;0.0;24.786324786324787;24.837606837606838;25.0;25.0;0;1
33.267;0.0;0.0;0.0;24.786324786324787;24.837606837606838;25.0;25.0;0;1
33.379;0.0;0.0;0.0;24.786324786324787;24.837606837606838;25.0;25.0;0;1
33.483;0.0;0.0;0.0;24.786324786324787;24.837606837606838;25.0;25.0;0;1
33.601;0.0;0.0;0.0;24.786324786324787;24.837606837606838;25.0;25.0;0;1
33.705;0.0;0.0;0.0;24.786324786324787;24.837606837606838;25.0;25.0;0;1
33.816;0.0;0.0;0.0;24.786324786324787;24.837606837606838;25.0;25.0;0;1
33.926;0.0;0.0;0.0;24.726495726495727;24.837606837606838;25.0;25.0;0;1
34.039;0.0;0.0;0.0;24.726495726495727;24.837606837606838;25.0;25.0;0;1
34.148;0.0;0.0;0.0;24.726495726495727;24.837606837606838;25.0;25.0;0;1
34.258;0.0;0.0;0.0;24.726495726495727;24.837606837606838;25.0;25.0;0;1
34.373;0.0;0.0;0.0;24.726495726495727;24.837606837606838;25.0;25.0;0;1
34.474;0.0;0.0;0.0;24.726495726495727;24.837606837606838;25.0;25.0;0;1
34.586;0.0;0.0;0.0;24.726495726495727;24.837606837606838;25.0;25.0;0;1
34.692;0.0;0.0;0.0;24.726495726495727;24.837606837606838;25.0;25.0;0;1
34.792;0.0;0.0;0.0;24.726495726495727;24.837606837606838;25.0;25.0;0;1
34.906;0.0;0.0;0.0;24.786324786324787;24.888888888888893;25.0;25.0;0;1
35.033;0.0;0.0;0.0;24.786324786324787;24.888888888888893;25.0;25.0;0;1
35.136;0.0;0.0;0.0;24.786324786324787;24.888888888888893;25.0;25.0;0;1
35.25;0.0;0.0;0.0;24.786324786324787;24.888888888888893;25.0;25.0;0;1
35.35;0.0;0.0;0.0;24.786324786324787;24.888888888888893;25.0;25.0;0;1
35.472;0.0;0.0;0.0;24.786324786324787;24.888888888888893;25.0;25.0;0;1
35.574;0.0;0.0;0.0;24.786324786324787;24.888888888888893;25.0;25.0;0;1
35.686;0.0;0.0;0.0;24.786324786324787;24.888888888888893;25.0;25.0;0;1
35.803;0.0;0.0;0.0;24.786324786324787;24.888888888888893;25.0;25.0;0;1
35.92;0.0;0.0;0.0;24.786324786324787;24.837606837606838;25.0;25.0;0;1
36.035;0.0;0.0;0.0;24.786324786324787;24.837606837606838;25.0;25.0;0;1
36.146;0.0;0.0;0.0;24.786324786324787;24.837606837606838;25.0;25.0;0;1
36.252;0.0;0.0;0.0;24.786324786324787;24.837606837606838;25.0;25.0;0;1
36.361;0.0;0.0;0.0;24.786324786324787;24.837606837606838;25.0;25.0;0;1
36.475;0.0;0.0;0.0;24.786324786324787;24.837606837606838;25.0;25.0;0;1
36.588;0.0;0.0;0.0;24.786324786324787;24.837606837606838;25.0;25.0;0;1
36.703;0.0;0.0;0.0;24.786324786324787;24.837606837606838;25.0;25.0;0;1
36.804;0.0;0.0;0.0;24.786324786324787;24.837606837606838;25.0;25.0;0;1
36.918;0.0;0.0;0.0;24.726495726495727;24.888888888888893;25.0;25.0;0;1
37.027;0.0;0.0;0.0;24.726495726495727;24.888888888888893;25.0;25.0;0;1
37.136;0.0;0.0;0.0;24.726495726495727;24.888888888888893;25.0;25.0;0;1
37.247;0.0;0.0;0.0;24.726495726495727;24.888888888888893;25.0;25.0;0;1
37.347;0.0;0.0;0.0;24.726495726495727;24.888888888888893;25.0;25.0;0;1
37.463;0.0;0.0;0.0;24.726495726495727;24.888888888888893;25.0;25.0;0;1
37.564;0.0;0.0;0.0;24.726495726495727;24.888888888888893;25.0;25.0;0;1
37.667;0.0;0.0;0.0;24.726495726495727;24.888888888888893;25.0;25.0;0;1
37.78;0.0;0.0;0.0;24.726495726495727;24.888888888888893;25.0;25.0;0;1
37.89;0.0;0.0;0.0;24.726495726495727;24.888888888888893;25.0;25.0;0;1
37.998;0.0;0.0;0.0;24.726495726495727;24.837606837606838;25.0;25.0;0;1
38.106;0.0;0.0;0.0;24.726495726495727;24.837606837606838;25.0;25.0;0;1
38.219;0.0;0.0;0.0;24.726495726495727;24.837606837606838;25.0;25.0;0;1
38.328;0.0;0.0;0.0;24.726495726495727;24.837606837606838;25.0;25.0;0;1
38.442;0.0;0.0;0.0;24.726495726495727;24.837606837606838;25.0;25.0;0;1
38.548;0.0;0.0;0.0;24.726495726495727;24.837606837606838;25.0;25.0;0;1
38.662;0.0;0.0;0.0;24.726495726495727;24.837606837606838;25.0;25.0;0;1
38.771;0.0;0.0;0.0;24.726495726495727;24.837606837606838;25.0;25.0;0;1
38.877;0.0;0.0;0.0;24.726495726495727;24.837606837606838;25.0;25.0;0;1
38.988;0.0;0.0;0.0;24.726495726495727;24.888888888888893;25.0;25.0;0;1
39.104;0.0;0.0;0.0;24.726495726495727;24.888888888888893;25.0;25.0;0;1
39.214;0.0;0.0;0.0;24.726495726495727;24.888888888888893;25.0;25.0;0;1
39.322;0.0;0.0;0.0;24.726495726495727;24.888888888888893;25.0;25.0;0;1
39.432;0.0;0.0;0.0;24.726495726495727;24.888888888888893;25.0;25.0;0;1
39.534;0.0;0.0;0.0;24.726495726495727;24.888888888888893;25.0;25.0;0;1
39.634;0.0;0.0;0.0;24.726495726495727;24.888888888888893;25.0;25.0;0;1
39.747;0.0;0.0;0.0;24.726495726495727;24.888888888888893;25.0;25.0;0;1
39.855;0.0;0.0;0.0;24.726495726495727;24.888888888888893;25.0;25.0;0;1
39.964;0.0;0.0;0.0;24.786324786324787;24.837606837606838;25.0;25.0;0;1
40.075;0.0;0.0;0.0;24.786324786324787;24.837606837606838;25.0;25.0;0;1
40.177;0.0;0.0;0.0;24.786324786324787;24.837606837606838;25.0;25.0;0;1
40.288;0.0;0.0;0.0;24.786324786324787;24.837606837606838;25.0;25.0;0;1
40.394;0.0;0.0;0.0;24.786324786324787;24.837606837606838;25.0;25.0;0;1
40.494;0.0;0.0;0.0;24.786324786324787;24.837606837606838;25.0;25.0;0;1
40.595;0.0;0.0;0.0;24.786324786324787;24.837606837606838;25.0;25.0;0;1
40.695;0.0;0.0;0.0;24.786324786324787;24.837606837606838;25.0;25.0;0;1
40.796;0.0;0.0;0.0;24.786324786324787;24.837606837606838;25.0;25.0;0;1
40.896;0.0;0.0;0.0;24.726495726495727;24.837606837606838;25.0;25.0;0;1
40.997;0.0;0.0;0.0;24.726495726495727;24.837606837606838;25.0;25.0;0;1
41.098;0.0;0.0;0.0;24.726495726495727;24.837606837606838;25.0;25.0;0;1
41.207;0.0;0.0;0.0;24.726495726495727;24.837606837606838;25.0;25.0;0;1
41.314;0.0;0.0;0.0;24.726495726495727;24.837606837606838;25.0;25.0;0;1
41.416;0.0;0.0;0.0;24.726495726495727;24.837606837606838;25.0;25.0;0;1
41.516;0.0;0.0;0.0;24.726495726495727;24.837606837606838;25.0;25.0;0;1
41.631;0.0;0.0;0.0;24.726495726495727;24.837606837606838;25.0;25.0;0;1
41.737;0.0;0.0;0.0;24.726495726495727;24.837606837606838;25.0;25.0;0;1
41.853;0.0;0.0;0.0;24.726495726495727;24.837606837606838;25.0;25.0;0;1
41.963;0.0;0.0;0.0;24.726495726495727;24.837606837606838;25.0;25.0;0;1
42.068;0.0;0.0;0.0;24.726495726495727;24.837606837606838;25.0;25.0;0;1
42.177;0.0;0.0;0.0;24.726495726495727;24.837606837606838;25.0;25.0;0;1
42.277;0.0;0.0;0.0;24.726495726495727;24.837606837606838;25.0;25.0;0;1
42.378;0.0;0.0;0.0;24.726495726495727;24.837606837606838;25.0;25.0;0;1
42.479;0.0;0.0;0.0;24.726495726495727;24.837606837606838;25.0;25.0;0;1
42.58;0.0;0.0;0.0;24.726495726495727;24.837606837606838;25.0;25.0;0;1
42.681;0.0;0.0;0.0;24.726495726495727;24.837606837606838;25.0;25.0;0;1
42.781;0.0;0.0;0.0;24.726495726495727;24.837606837606838;25.0;25.0;0;1
42.882;0.0;0.0;0.0;24.726495726495727;24.837606837606838;25.0;25.0;0;1
42.982;0.0;0.0;0.0;24.726495726495727;24.837606837606838;25.0;25.0;0;1
43.084;0.0;0.0;0.0;24.726495726495727;24.837606837606838;25.0;25.0;0;1
43.186;0.0;0.0;0.0;24.726495726495727;24.837606837606838;25.0;25.0;0;1
43.294;0.0;0.0;0.0;24.726495726495727;24.837606837606838;25.0;25.0;0;1
43.398;0.0;0.0;0.0;24.726495726495727;24.837606837606838;25.0;25.0;0;1
43.501;0.0;0.0;0.0;24.726495726495727;24.837606837606838;25.0;25.0;0;1
43.614;0.0;0.0;0.0;24.726495726495727;24.837606837606838;25.0;25.0;0;1
43.725;0.0;0.0;0.0;24.726495726495727;24.837606837606838;25.0;25.0;0;1
43.835;0.0;0.0;0.0;24.726495726495727;24.837606837606838;25.0;25.0;0;1
43.942;0.0;0.0;0.0;24.726495726495727;24.837606837606838;25.0;25.0;0;1
44.042;0.0;0.0;0.0;24.726495726495727;24.837606837606838;25.0;25.0;0;1
44.148;0.0;0.0;0.0;24.726495726495727;24.837606837606838;25.0;25.0;0;1
44.248;0.0;0.0;0.0;24.726495726495727;24.837606837606838;25.0;25.0;0;1
44.36;0.0;0.0;0.0;24.726495726495727;24.837606837606838;25.0;25.0;0;1
44.469;0.0;0.0;0.0;24.726495726495727;24.837606837606838;25.0;25.0;0;1
44.577;0.0;0.0;0.0;24.726495726495727;24.837606837606838;25.0;25.0;0;1
44.689;0.0;0.0;0.0;24.726495726495727;24.837606837606838;25.0;25.0;0;1
44.798;0.0;0.0;0.0;24.726495726495727;24.837606837606838;25.0;25.0;0;1
44.911;0.0;0.0;0.0;24.726495726495727;24.837606837606838;25.0;25.0;0;1
45.019;0.0;0.0;0.0;24.726495726495727;24.837606837606838;25.0;25.0;0;1
45.133;0.0;0.0;0.0;24.726495726495727;24.837606837606838;25.0;25.0;0;1
45.245;0.0;0.0;0.0;24.726495726495727;24.837606837606838;25.0;25.0;0;1
45.355;0.0;0.0;0.0;24.726495726495727;24.837606837606838;25.0;25.0;0;1
45.467;0.0;0.0;0.0;24.726495726495727;24.837606837606838;25.0;25.0;0;1
45.579;0.0;0.0;0.0;24.726495726495727;24.837606837606838;25.0;25.0;0;1
45.683;0.0;0.0;0.0;24.726495726495727;24.837606837606838;25.0;25.0;0;1
45.801;0.0;0.0;0.0;24.726495726495727;24.837606837606838;25.0;25.0;0;1
45.912;0.0;0.0;0.0;24.726495726495727;24.837606837606838;25.0;25.0;0;1
46.02;0.0;0.0;0.0;24.786324786324787;24.837606837606838;25.0;25.0;0;1
46.135;0.0;0.0;0.0;24.786324786324787;24.837606837606838;25.0;25.0;0;1
46.241;0.0;0.0;0.0;24.786324786324787;24.837606837606838;25.0;25.0;0;1
46.345;0.0;0.0;0.0;24.786324786324787;24.837606837606838;25.0;25.0;0;1
46.449;0.0;0.0;0.0;24.786324786324787;24.837606837606838;25.0;25.0;0;1
46.566;0.0;0.0;0.0;24.786324786324787;24.837606837606838;25.0;25.0;0;1
46.671;0.0;0.0;0.0;24.786324786324787;24.837606837606838;25.0;25.0;0;1
46.788;0.0;0.0;0.0;24.786324786324787;24.837606837606838;25.0;25.0;0;1
46.896;0.0;0.0;0.0;24.786324786324787;24.837606837606838;25.0;25.0;0;1
47.009;0.0;0.0;0.0;24.726495726495727;24.888888888888893;25.0;25.0;0;1
47.111;0.0;0.0;0.0;24.726495726495727;24.888888888888893;25.0;25.0;0;1
47.215;0.0;0.0;0.0;24.726495726495727;24.888888888888893;25.0;25.0;0;1
47.326;0.0;0.0;0.0;24.726495726495727;24.888888888888893;25.0;25.0;0;1
47.442;0.0;0.0;0.0;24.726495726495727;24.888888888888893;25.0;25.0;0;1
47.548;0.0;0.0;0.0;24.726495726495727;24.888888888888893;25.0;25.0;0;1
47.662;0.0;0.0;0.0;24.726495726495727;24.888888888888893;25.0;25.0;0;1
47.773;0.0;0.0;0.0;24.726495726495727;24.888888888888893;25.0;25.0;0;1
47.884;0.0;0.0;0.0;24.726495726495727;24.837606837606838;25.0;25.0;0;1
47.994;0.0;0.0;0.0;24.726495726495727;24.837606837606838;25.0;25.0;0;1
48.103;0.0;0.0;0.0;24.726495726495727;24.837606837606838;25.0;25.0;0;1
48.204;0.0;0.0;0.0;24.726495726495727;24.837606837606838;25.0;25.0;0;1
48.31;0.0;0.0;0.0;24.726495726495727;24.837606837606838;25.0;25.0;0;1
48.422;0.0;0.0;0.0;24.726495726495727;24.837606837606838;25.0;25.0;0;1
48.538;0.0;0.0;0.0;24.726495726495727;24.837606837606838;25.0;25.0;0;1
48.643;0.0;0.0;0.0;24.726495726495727;24.837606837606838;25.0;25.0;0;1
48.758;0.0;0.0;0.0;24.726495726495727;24.837606837606838;25.0;25.0;0;1
48.862;0.0;0.0;0.0;24.726495726495727;24.837606837606838;25.0;25.0;0;1
48.979;0.0;0.0;0.0;24.726495726495727;24.837606837606838;25.0;25.0;0;1
49.08;0.0;0.0;0.0;24.726495726495727;24.837606837606838;25.0;25.0;0;1
49.182;0.0;0.0;0.0;24.726495726495727;24.837606837606838;25.0;25.0;0;1
49.295;0.0;0.0;0.0;24.726495726495727;24.837606837606838;25.0;25.0;0;1
49.406;0.0;0.0;0.0;24.726495726495727;24.837606837606838;25.0;25.0;0;1
49.514;0.0;0.0;0.0;24.726495726495727;24.837606837606838;25.0;25.0;0;1
49.63;0.0;0.0;0.0;24.726495726495727;24.837606837606838;25.0;25.0;0;1
49.737;0.0;0.0;0.0;24.726495726495727;24.837606837606838;25.0;25.0;0;1
49.853;0.0;0.0;0.0;24.726495726495727;24.837606837606838;25.0;25.0;0;1
49.959;0.0;0.0;0.0;24.726495726495727;24.837606837606838;25.0;25.0;0;1
50.073;0.0;0.0;0.0;24.726495726495727;24.837606837606838;25.0;25.0;0;1
50.175;0.0;0.0;0.0;24.726495726495727;24.837606837606838;25.0;25.0;0;1
50.277;0.0;0.0;0.0;24.726495726495727;24.837606837606838;25.0;25.0;0;1
50.389;0.0;0.0;0.0;24.726495726495727;24.837606837606838;25.0;25.0;0;1
50.491;0.0;0.0;0.0;24.726495726495727;24.837606837606838;25.0;25.0;0;1
50.596;0.0;0.0;0.0;24.726495726495727;24.837606837606838;25.0;25.0;0;1
50.696;0.0;0.0;0.0;24.726495726495727;24.837606837606838;25.0;25.0;0;1
50.797;0.0;0.0;0.0;24.726495726495727;24.837606837606838;25.0;25.0;0;1
50.898;0.0;0.0;0.0;24.726495726495727;24.837606837606838;25.0;25.0;0;1
50.998;0.0;0.0;0.0;24.726495726495727;24.837606837606838;25.0;25.0;0;1
51.098;0.0;0.0;0.0;24.726495726495727;24.837606837606838;25.0;25.0;0;1
51.199;0.0;0.0;0.0;24.726495726495727;24.837606837606838;25.0;25.0;0;1
51.302;0.0;0.0;0.0;24.726495726495727;24.837606837606838;25.0;25.0;0;1
51.402;0.0;0.0;0.0;24.726495726495727;24.837606837606838;25.0;25.0;0;1
51.503;0.0;0.0;0.0;24.726495726495727;24.837606837606838;25.0;25.0;0;1
51.604;0.0;0.0;0.0;24.726495726495727;24.837606837606838;25.0;25.0;0;1
51.709;0.0;0.0;0.0;24.726495726495727;24.837606837606838;25.0;25.0;0;1
51.813;0.0;0.0;0.0;24.726495726495727;24.837606837606838;25.0;25.0;0;1
51.915;0.0;0.0;0.0;24.726495726495727;24.837606837606838;25.0;25.0;0;1
52.022;0.0;0.0;0.0;24.726495726495727;24.837606837606838;25.0;25.0;0;1
52.133;0.0;0.0;0.0;24.726495726495727;24.837606837606838;25.0;25.0;0;1
52.261;0.0;0.0;0.0;24.726495726495727;24.837606837606838;25.0;25.0;0;1
52.375;0.0;0.0;0.0;24.726495726495727;24.837606837606838;25.0;25.0;0;1
52.485;0.0;0.0;0.0;24.726495726495727;24.837606837606838;25.0;25.0;0;1
52.587;0.0;0.0;0.0;24.726495726495727;24.837606837606838;25.0;25.0;0;1
52.688;0.0;0.0;0.0;24.726495726495727;24.837606837606838;25.0;25.0;0;1
52.795;0.0;0.0;0.0;24.726495726495727;24.837606837606838;25.0;25.0;0;1
52.897;0.0;0.0;0.0;24.726495726495727;24.837606837606838;25.0;25.0;0;1
52.997;0.0;0.0;0.0;24.726495726495727;24.837606837606838;25.0;25.0;0;1
53.097;0.0;0.0;0.0;24.726495726495727;24.837606837606838;25.0;25.0;0;1
53.199;0.0;0.0;0.0;24.726495726495727;24.837606837606838;25.0;25.0;0;1
53.302;0.0;0.0;0.0;24.726495726495727;24.837606837606838;25.0;25.0;0;1
53.408;0.0;0.0;0.0;24.726495726495727;24.837606837606838;25.0;25.0;0;1
53.51;0.0;0.0;0.0;24.726495726495727;24.837606837606838;25.0;25.0;0;1
53.615;0.0;0.0;0.0;24.726495726495727;24.837606837606838;25.0;25.0;0;1
53.717;0.0;0.0;0.0;24.726495726495727;24.837606837606838;25.0;25.0;0;1
53.819;0.0;0.0;0.0;24.726495726495727;24.837606837606838;25.0;25.0;0;1
53.931;0.0;0.0;0.0;24.726495726495727;24.837606837606838;25.0;25.0;0;1
54.035;0.0;0.0;0.0;24.726495726495727;24.837606837606838;25.0;25.0;0;1
54.137;0.0;0.0;0.0;24.726495726495727;24.837606837606838;25.0;25.0;0;1
54.238;0.0;0.0;0.0;24.726495726495727;24.837606837606838;25.0;25.0;0;1
54.348;0.0;0.0;0.0;24.726495726495727;24.837606837606838;25.0;25.0;0;1
54.456;0.0;0.0;0.0;24.726495726495727;24.837606837606838;25.0;25.0;0;1
54.571;0.0;0.0;0.0;24.726495726495727;24.837606837606838;25.0;25.0;0;1
54.68;0.0;0.0;0.0;24.726495726495727;24.837606837606838;25.0;25.0;0;1
54.781;0.0;0.0;0.0;24.726495726495727;24.837606837606838;25.0;25.0;0;1
54.914;0.0;0.0;0.0;24.726495726495727;24.837606837606838;25.0;25.0;0;1
55.015;0.0;0.0;0.0;24.726495726495727;24.837606837606838;25.0;25.0;0;1
55.118;0.0;0.0;0.0;24.726495726495727;24.837606837606838;25.0;25.0;0;1
55.222;0.0;0.0;0.0;24.726495726495727;24.837606837606838;25.0;25.0;0;1
55.325;0.0;0.0;0.0;24.726495726495727;24.837606837606838;25.0;25.0;0;1
55.428;0.0;0.0;0.0;24.726495726495727;24.837606837606838;25.0;25.0;0;1
55.533;0.0;0.0;0.0;24.726495726495727;24.837606837606838;25.0;25.0;0;1
55.642;0.0;0.0;0.0;24.726495726495727;24.837606837606838;25.0;25.0;0;1
55.743;0.0;0.0;0.0;24.726495726495727;24.837606837606838;25.0;25.0;0;1
55.843;0.0;0.0;0.0;24.726495726495727;24.837606837606838;25.0;25.0;0;1
55.943;0.0;0.0;0.0;24.726495726495727;24.837606837606838;25.0;25.0;0;1
56.044;0.0;0.0;0.0;24.726495726495727;24.837606837606838;25.0;25.0;0;1
56.145;0.0;0.0;0.0;24.726495726495727;24.837606837606838;25.0;25.0;0;1
56.245;0.0;0.0;0.0;24.726495726495727;24.837606837606838;25.0;25.0;0;1
56.349;0.0;0.0;0.0;24.726495726495727;24.837606837606838;25.0;25.0;0;1
56.45;0.0;0.0;0.0;24.726495726495727;24.837606837606838;25.0;25.0;0;1
56.551;0.0;0.0;0.0;24.726495726495727;24.837606837606838;25.0;25.0;0;1
56.651;0.0;0.0;0.0;24.726495726495727;24.837606837606838;25.0;25.0;0;1
56.755;0.0;0.0;0.0;24.726495726495727;24.837606837606838;25.0;25.0;0;1
56.861;0.0;0.0;0.0;24.726495726495727;24.837606837606838;25.0;25.0;0;1
56.973;0.0;0.0;0.0;24.726495726495727;24.837606837606838;25.0;25.0;0;1
57.083;0.0;0.0;0.0;24.726495726495727;24.837606837606838;25.0;25.0;0;1
57.194;0.0;0.0;0.0;24.726495726495727;24.837606837606838;25.0;25.0;0;1
57.314;0.0;0.0;0.0;24.726495726495727;24.837606837606838;25.0;25.0;0;1
57.419;0.0;0.0;0.0;24.726495726495727;24.837606837606838;25.0;25.0;0;1
57.532;0.0;0.0;0.0;24.726495726495727;24.837606837606838;25.0;25.0;0;1
57.64;0.0;0.0;0.0;24.726495726495727;24.837606837606838;25.0;25.0;0;1
57.756;0.0;0.0;0.0;24.726495726495727;24.837606837606838;25.0;25.0;0;1
57.861;0.0;0.0;0.0;24.726495726495727;24.837606837606838;25.0;25.0;0;1
57.978;0.0;0.0;0.0;24.726495726495727;24.837606837606838;25.0;25.0;0;1
58.085;0.0;0.0;0.0;24.726495726495727;24.837606837606838;25.0;25.0;0;1
58.196;0.0;0.0;0.0;24.726495726495727;24.837606837606838;25.0;25.0;0;1
58.297;0.0;0.0;0.0;24.726495726495727;24.837606837606838;25.0;25.0;0;1
58.401;0.0;0.0;0.0;24.726495726495727;24.837606837606838;25.0;25.0;0;1
58.51;0.0;0.0;0.0;24.726495726495727;24.837606837606838;25.0;25.0;0;1
58.612;0.0;0.0;0.0;24.726495726495727;24.837606837606838;25.0;25.0;0;1
58.717;0.0;0.0;0.0;24.726495726495727;24.837606837606838;25.0;25.0;0;1
58.817;0.0;0.0;0.0;24.726495726495727;24.837606837606838;25.0;25.0;0;1
58.917;0.0;0.0;0.0;24.726495726495727;24.837606837606838;25.0;25.0;0;1
59.018;0.0;0.0;0.0;24.726495726495727;24.837606837606838;25.0;25.0;0;1
59.119;0.0;0.0;0.0;24.726495726495727;24.837606837606838;25.0;25.0;0;1
59.219;0.0;0.0;0.0;24.726495726495727;24.837606837606838;25.0;25.0;0;1
59.323;0.0;0.0;0.0;24.726495726495727;24.837606837606838;25.0;25.0;0;1
59.427;0.0;0.0;0.0;24.726495726495727;24.837606837606838;25.0;25.0;0;1
59.528;0.0;0.0;0.0;24.726495726495727;24.837606837606838;25.0;25.0;0;1
59.632;0.0;0.0;0.0;24.726495726495727;24.837606837606838;25.0;25.0;0;1
59.733;0.0;0.0;0.0;24.726495726495727;24.837606837606838;25.0;25.0;0;1
59.842;0.0;0.0;0.0;24.726495726495727;24.837606837606838;25.0;25.0;0;1
59.952;0.0;0.0;0.0;24.726495726495727;24.837606837606838;25.0;25.0;0;1
60.065;0.0;0.0;0.0;24.726495726495727;24.837606837606838;25.0;25.0;0;1
60.174;0.0;0.0;0.0;24.726495726495727;24.837606837606838;25.0;25.0;0;1
60.275;0.0;0.0;0.0;24.726495726495727;24.837606837606838;25.0;25.0;0;1
60.382;0.0;0.0;0.0;24.726495726495727;24.837606837606838;25.0;25.0;0;1
60.493;0.0;0.0;0.0;24.726495726495727;24.837606837606838;25.0;25.0;0;1
60.594;0.0;0.0;0.0;24.726495726495727;24.837606837606838;25.0;25.0;0;1
60.718;0.0;0.0;0.0;24.726495726495727;24.837606837606838;25.0;25.0;0;1
60.827;0.0;0.0;0.0;24.726495726495727;24.837606837606838;25.0;25.0;0;1
60.94;0.0;0.0;0.0;24.726495726495727;24.837606837606838;25.0;25.0;0;1
61.047;0.0;0.0;0.0;24.726495726495727;24.837606837606838;25.0;25.0;0;1
61.162;0.0;0.0;0.0;24.726495726495727;24.837606837606838;25.0;25.0;0;1
61.267;0.0;0.0;0.0;24.726495726495727;24.837606837606838;25.0;25.0;0;1
61.376;0.0;0.0;0.0;24.726495726495727;24.837606837606838;25.0;25.0;0;1
61.488;0.0;0.0;0.0;24.726495726495727;24.837606837606838;25.0;25.0;0;1
61.604;0.0;0.0;0.0;24.726495726495727;24.837606837606838;25.0;25.0;0;1
61.717;0.0;0.0;0.0;24.726495726495727;24.837606837606838;25.0;25.0;0;1
61.824;0.0;0.0;0.0;24.726495726495727;24.837606837606838;25.0;25.0;0;1
61.925;0.0;0.0;0.0;24.726495726495727;24.837606837606838;25.0;25.0;0;1
62.028;0.0;0.0;0.0;24.726495726495727;24.837606837606838;25.0;25.0;0;1
62.138;0.0;0.0;0.0;24.726495726495727;24.837606837606838;25.0;25.0;0;1
62.253;0.0;0.0;0.0;24.726495726495727;24.837606837606838;25.0;25.0;0;1
62.36;0.0;0.0;0.0;24.726495726495727;24.837606837606838;25.0;25.0;0;1
62.476;0.0;0.0;0.0;24.726495726495727;24.837606837606838;25.0;25.0;0;1
62.581;0.0;0.0;0.0;24.726495726495727;24.837606837606838;25.0;25.0;0;1
62.698;0.0;0.0;0.0;24.726495726495727;24.837606837606838;25.0;25.0;0;1
62.804;0.0;0.0;0.0;24.726495726495727;24.837606837606838;25.0;25.0;0;1
62.905;0.0;0.0;0.0;24.726495726495727;24.837606837606838;25.0;25.0;0;1
63.01;0.0;0.0;0.0;24.726495726495727;24.888888888888893;25.0;25.0;0;1
63.122;0.0;0.0;0.0;24.726495726495727;24.888888888888893;25.0;25.0;0;1
63.232;0.0;0.0;0.0;24.726495726495727;24.888888888888893;25.0;25.0;0;1
63.344;0.0;0.0;0.0;24.726495726495727;24.888888888888893;25.0;25.0;0;1
63.457;0.0;0.0;0.0;24.726495726495727;24.888888888888893;25.0;25.0;0;1
63.565;0.0;0.0;0.0;24.726495726495727;24.888888888888893;25.0;25.0;0;1
63.675;0.0;0.0;0.0;24.726495726495727;24.888888888888893;25.0;25.0;0;1
63.776;0.0;0.0;0.0;24.726495726495727;24.888888888888893;25.0;25.0;0;1
63.886;0.0;0.0;0.0;24.726495726495727;24.888888888888893;25.0;25.0;0;1
63.993;0.0;0.0;0.0;24.726495726495727;24.837606837606838;25.0;25.0;0;1
64.104;0.0;0.0;0.0;24.726495726495727;24.837606837606838;25.0;25.0;0;1
64.214;0.0;0.0;0.0;24.726495726495727;24.837606837606838;25.0;25.0;0;1
64.324;0.0;0.0;0.0;24.726495726495727;24.837606837606838;25.0;25.0;0;1
64.44;0.0;0.0;0.0;24.726495726495727;24.837606837606838;25.0;25.0;0;1
64.547;0.0;0.0;0.0;24.726495726495727;24.837606837606838;25.0;25.0;0;1
64.66;0.0;0.0;0.0;24.726495726495727;24.837606837606838;25.0;25.0;0;1
64.774;0.0;0.0;0.0;24.726495726495727;24.837606837606838;25.0;25.0;0;1
64.882;0.0;0.0;0.0;24.726495726495727;24.837606837606838;25.0;25.0;0;1
64.983;0.0;0.0;0.0;24.726495726495727;24.837606837606838;25.0;25.0;0;1
65.092;0.0;0.0;0.0;24.726495726495727;24.837606837606838;25.0;25.0;0;1
65.201;0.0;0.0;0.0;24.726495726495727;24.837606837606838;25.0;25.0;0;1
65.313;0.0;0.0;0.0;24.726495726495727;24.837606837606838;25.0;25.0;0;1
65.422;0.0;0.0;0.0;24.726495726495727;24.837606837606838;25.0;25.0;0;1
65.536;0.0;0.0;0.0;24.726495726495727;24.837606837606838;25.0;25.0;0;1
65.646;0.0;0.0;0.0;24.726495726495727;24.837606837606838;25.0;25.0;0;1
65.757;0.0;0.0;0.0;24.726495726495727;24.837606837606838;25.0;25.0;0;1
65.868;0.0;0.0;0.0;24.726495726495727;24.837606837606838;25.0;25.0;0;1
65.969;0.0;0.0;0.0;24.726495726495727;24.837606837606838;25.0;25.0;0;1
66.075;0.0;0.0;0.0;24.726495726495727;24.837606837606838;25.0;25.0;0;1
66.175;0.0;0.0;0.0;24.726495726495727;24.837606837606838;25.0;25.0;0;1
66.276;0.0;0.0;0.0;24.726495726495727;24.837606837606838;25.0;25.0;0;1
66.379;0.0;0.0;0.0;24.726495726495727;24.837606837606838;25.0;25.0;0;1
66.481;0.0;0.0;0.0;24.726495726495727;24.837606837606838;25.0;25.0;0;1
66.585;0.0;0.0;0.0;24.726495726495727;24.837606837606838;25.0;25.0;0;1
66.695;0.0;0.0;0.0;24.726495726495727;24.837606837606838;25.0;25.0;0;1
66.797;0.0;0.0;0.0;24.726495726495727;24.837606837606838;25.0;25.0;0;1
66.899;0.0;0.0;0.0;24.726495726495727;24.837606837606838;25.0;25.0;0;1
67.001;0.0;0.0;0.0;24.726495726495727;24.837606837606838;25.0;25.0;0;1
67.103;0.0;0.0;0.0;24.726495726495727;24.837606837606838;25.0;25.0;0;1
67.21;0.0;0.0;0.0;24.726495726495727;24.837606837606838;25.0;25.0;0;1
67.314;0.0;0.0;0.0;24.726495726495727;24.837606837606838;25.0;25.0;0;1
67.423;0.0;0.0;0.0;24.726495726495727;24.837606837606838;25.0;25.0;0;1
67.524;0.0;0.0;0.0;24.726495726495727;24.837606837606838;25.0;25.0;0;1
67.645;0.0;0.0;0.0;24.726495726495727;24.837606837606838;25.0;25.0;0;1
67.759;0.0;0.0;0.0;24.726495726495727;24.837606837606838;25.0;25.0;0;1
67.873;0.0;0.0;0.0;24.726495726495727;24.837606837606838;25.0;25.0;0;1
67.973;0.0;0.0;0.0;24.726495726495727;24.837606837606838;25.0;25.0;0;1
68.082;0.0;0.0;0.0;24.726495726495727;24.837606837606838;25.0;25.0;0;1
68.193;0.0;0.0;0.0;24.726495726495727;24.837606837606838;25.0;25.0;0;1
68.304;0.0;0.0;0.0;24.726495726495727;24.837606837606838;25.0;25.0;0;1
68.415;0.0;0.0;0.0;24.726495726495727;24.837606837606838;25.0;25.0;0;1
68.524;0.0;0.0;0.0;24.726495726495727;24.837606837606838;25.0;25.0;0;1
68.632;0.0;0.0;0.0;24.726495726495727;24.837606837606838;25.0;25.0;0;1
68.741;0.0;0.0;0.0;24.726495726495727;24.837606837606838;25.0;25.0;0;1
68.853;0.0;0.0;0.0;24.726495726495727;24.837606837606838;25.0;25.0;0;1
68.964;0.0;0.0;0.0;24.726495726495727;24.837606837606838;25.0;25.0;0;1
69.072;0.0;0.0;0.0;24.726495726495727;24.837606837606838;25.0;25.0;0;1
69.183;0.0;0.0;0.0;24.726495726495727;24.837606837606838;25.0;25.0;0;1
69.29;0.0;0.0;0.0;24.726495726495727;24.837606837606838;25.0;25.0;0;1
69.396;0.0;0.0;0.0;24.726495726495727;24.837606837606838;25.0;25.0;0;1
69.5;0.0;0.0;0.0;24.726495726495727;24.837606837606838;25.0;25.0;0;1
69.608;0.0;0.0;0.0;24.726495726495727;24.837606837606838;25.0;25.0;0;1
69.72;0.0;0.0;0.0;24.726495726495727;24.837606837606838;25.0;25.0;0;1
69.829;0.0;0.0;0.0;24.726495726495727;24.837606837606838;25.0;25.0;0;1
69.943;0.0;0.0;0.0;24.726495726495727;24.837606837606838;25.0;25.0;0;1
70.05;0.0;0.0;0.0;24.726495726495727;24.837606837606838;25.0;25.0;0;1
70.161;0.0;0.0;0.0;24.726495726495727;24.837606837606838;25.0;25.0;0;1
70.273;0.0;0.0;0.0;24.726495726495727;24.837606837606838;25.0;25.0;0;1
70.385;0.0;0.0;0.0;24.726495726495727;24.837606837606838;25.0;25.0;0;1
70.492;0.0;0.0;0.0;24.726495726495727;24.837606837606838;25.0;25.0;0;1
70.592;0.0;0.0;0.0;24.726495726495727;24.837606837606838;25.0;25.0;0;1
70.696;0.0;0.0;0.0;24.726495726495727;24.837606837606838;25.0;25.0;0;1
70.796;0.0;0.0;0.0;24.726495726495727;24.837606837606838;25.0;25.0;0;1
70.896;0.0;0.0;0.0;24.726495726495727;24.837606837606838;25.0;25.0;0;1
70.997;0.0;0.0;0.0;24.726495726495727;24.837606837606838;25.0;25.0;0;1
71.097;0.0;0.0;0.0;24.726495726495727;24.837606837606838;25.0;25.0;0;1
71.198;0.0;0.0;0.0;24.726495726495727;24.837606837606838;25.0;25.0;0;1
71.303;0.0;0.0;0.0;24.726495726495727;24.837606837606838;25.0;25.0;0;1
71.406;0.0;0.0;0.0;24.726495726495727;24.837606837606838;25.0;25.0;0;1
71.508;0.0;0.0;0.0;24.726495726495727;24.837606837606838;25.0;25.0;0;1
71.609;0.0;0.0;0.0;24.726495726495727;24.837606837606838;25.0;25.0;0;1
71.712;0.0;0.0;0.0;24.726495726495727;24.837606837606838;25.0;25.0;0;1
71.828;0.0;0.0;0.0;24.726495726495727;24.837606837606838;25.0;25.0;0;1
71.939;0.0;0.0;0.0;24.726495726495727;24.837606837606838;25.0;25.0;0;1
72.044;0.0;0.0;0.0;24.726495726495727;24.837606837606838;25.0;25.0;0;1
72.16;0.0;0.0;0.0;24.726495726495727;24.837606837606838;25.0;25.0;0;1
72.265;0.0;0.0;0.0;24.726495726495727;24.837606837606838;25.0;25.0;0;1
72.378;0.0;0.0;0.0;24.726495726495727;24.837606837606838;25.0;25.0;0;1
72.491;0.0;0.0;0.0;24.726495726495727;24.837606837606838;25.0;25.0;0;1
72.599;0.0;0.0;0.0;24.726495726495727;24.837606837606838;25.0;25.0;0;1
72.71;0.0;0.0;0.0;24.726495726495727;24.837606837606838;25.0;25.0;0;1
72.811;0.0;0.0;0.0;24.726495726495727;24.837606837606838;25.0;25.0;0;1
72.918;0.0;0.0;0.0;24.726495726495727;24.837606837606838;25.0;25.0;0;1
73.028;0.0;0.0;0.0;24.726495726495727;24.837606837606838;25.0;25.0;0;1
73.141;0.0;0.0;0.0;24.726495726495727;24.837606837606838;25.0;25.0;0;1
73.251;0.0;0.0;0.0;24.726495726495727;24.837606837606838;25.0;25.0;0;1
73.366;0.0;0.0;0.0;24.726495726495727;24.837606837606838;25.0;25.0;0;1
73.476;0.0;0.0;0.0;24.726495726495727;24.837606837606838;25.0;25.0;0;1
73.584;0.0;0.0;0.0;24.726495726495727;24.837606837606838;25.0;25.0;0;1
73.697;0.0;0.0;0.0;24.726495726495727;24.837606837606838;25.0;25.0;0;1
73.798;0.0;0.0;0.0;24.726495726495727;24.837606837606838;25.0;25.0;0;1
73.903;0.0;0.0;0.0;24.726495726495727;24.837606837606838;25.0;25.0;0;1
74.013;0.0;0.0;0.0;24.726495726495727;24.837606837606838;25.0;25.0;0;1
74.125;0.0;0.0;0.0;24.726495726495727;24.837606837606838;25.0;25.0;0;1
74.235;0.0;0.0;0.0;24.726495726495727;24.837606837606838;25.0;25.0;0;1
74.349;0.0;0.0;0.0;24.726495726495727;24.837606837606838;25.0;25.0;0;1
74.457;0.0;0.0;0.0;24.726495726495727;24.837606837606838;25.0;25.0;0;1
74.571;0.0;0.0;0.0;24.726495726495727;24.837606837606838;25.0;25.0;0;1
74.673;0.0;0.0;0.0;24.726495726495727;24.837606837606838;25.0;25.0;0;1
74.78;0.0;0.0;0.0;24.726495726495727;24.837606837606838;25.0;25.0;0;1
74.886;0.0;0.0;0.0;24.726495726495727;24.837606837606838;25.0;25.0;0;1
74.989;0.0;0.0;0.0;24.675213675213676;24.837606837606838;25.0;25.0;0;1
75.096;0.0;0.0;0.0;24.675213675213676;24.837606837606838;25.0;25.0;0;1
75.225;0.0;0.0;0.0;24.675213675213676;24.837606837606838;25.0;25.0;0;1
75.332;0.0;0.0;0.0;24.675213675213676;24.837606837606838;25.0;25.0;0;1
75.447;0.0;0.0;0.0;24.675213675213676;24.837606837606838;25.0;25.0;0;1
75.563;0.0;0.0;0.0;24.675213675213676;24.837606837606838;25.0;25.0;0;1
75.67;0.0;0.0;0.0;24.675213675213676;24.837606837606838;25.0;25.0;0;1
75.77;0.0;0.0;0.0;24.675213675213676;24.837606837606838;25.0;25.0;0;1
75.88;0.0;0.0;0.0;24.675213675213676;24.837606837606838;25.0;25.0;0;1
75.992;0.0;0.0;0.0;24.675213675213676;24.837606837606838;25.0;25.0;0;1
76.103;0.0;0.0;0.0;24.726495726495727;24.837606837606838;25.0;25.0;0;1
76.208;0.0;0.0;0.0;24.726495726495727;24.837606837606838;25.0;25.0;0;1
76.308;0.0;0.0;0.0;24.726495726495727;24.837606837606838;25.0;25.0;0;1
76.409;0.0;0.0;0.0;24.726495726495727;24.837606837606838;25.0;25.0;0;1
76.509;0.0;0.0;0.0;24.726495726495727;24.837606837606838;25.0;25.0;0;1
76.61;0.0;0.0;0.0;24.726495726495727;24.837606837606838;25.0;25.0;0;1
76.71;0.0;0.0;0.0;24.726495726495727;24.837606837606838;25.0;25.0;0;1
76.811;0.0;0.0;0.0;24.726495726495727;24.837606837606838;25.0;25.0;0;1
76.912;0.0;0.0;0.0;24.726495726495727;24.837606837606838;25.0;25.0;0;1
77.014;0.0;0.0;0.0;24.675213675213676;24.837606837606838;25.0;25.0;0;1
77.118;0.0;0.0;0.0;24.675213675213676;24.837606837606838;25.0;25.0;0;1
77.22;0.0;0.0;0.0;24.675213675213676;24.837606837606838;25.0;25.0;0;1
77.327;0.0;0.0;0.0;24.675213675213676;24.837606837606838;25.0;25.0;0;1
77.438;0.0;0.0;0.0;24.675213675213676;24.837606837606838;25.0;25.0;0;1
77.547;0.0;0.0;0.0;24.675213675213676;24.837606837606838;25.0;25.0;0;1
77.656;0.0;0.0;0.0;24.675213675213676;24.837606837606838;25.0;25.0;0;1
77.757;0.0;0.0;0.0;24.675213675213676;24.837606837606838;25.0;25.0;0;1
77.861;0.0;0.0;0.0;24.675213675213676;24.837606837606838;25.0;25.0;0;1
77.976;0.0;0.0;0.0;24.675213675213676;24.837606837606838;25.0;25.0;0;1
78.084;0.0;0.0;0.0;24.675213675213676;24.786324786324787;25.0;25.0;0;0
78.196;0.0;0.0;0.0;24.675213675213676;24.786324786324787;25.0;25.0;0;0
78.304;0.0;0.0;0.0;24.675213675213676;24.786324786324787;25.0;25.0;0;0
78.405;0.0;0.0;0.0;24.675213675213676;24.786324786324787;25.0;25.0;0;0
78.512;0.0;0.0;0.0;24.675213675213676;24.786324786324787;25.0;25.0;0;0
78.623;0.0;0.0;0.0;24.675213675213676;24.786324786324787;25.0;25.0;0;0
78.737;0.0;0.0;0.0;24.675213675213676;24.786324786324787;25.0;25.0;0;0
78.846;0.0;0.0;0.0;24.675213675213676;24.786324786324787;25.0;25.0;0;0
78.96;0.0;0.0;0.0;24.675213675213676;24.786324786324787;25.0;25.0;0;0
79.068;0.0;0.0;0.0;24.726495726495727;24.837606837606838;25.0;25.0;0;0
79.176;0.0;0.0;0.0;24.726495726495727;24.837606837606838;25.0;25.0;0;0
79.291;0.0;0.0;0.0;24.726495726495727;24.837606837606838;25.0;25.0;0;0
79.399;0.0;0.0;0.0;24.726495726495727;24.837606837606838;25.0;25.0;0;0
79.508;0.0;0.0;0.0;24.726495726495727;24.837606837606838;25.0;25.0;0;0
79.62;0.0;0.0;0.0;24.726495726495727;24.837606837606838;25.0;25.0;0;0
79.733;0.0;0.0;0.0;24.726495726495727;24.837606837606838;25.0;25.0;0;0
79.842;0.0;0.0;0.0;24.726495726495727;24.837606837606838;25.0;25.0;0;0
79.944;0.0;0.0;0.0;24.726495726495727;24.837606837606838;25.0;25.0;0;0
80.064;0.0;0.0;0.0;24.675213675213676;24.837606837606838;25.0;25.0;0;0
80.175;0.0;0.0;0.0;24.675213675213676;24.837606837606838;25.0;25.0;0;0
80.29;0.0;0.0;0.0;24.675213675213676;24.837606837606838;25.0;25.0;0;0
80.398;0.0;0.0;0.0;24.675213675213676;24.837606837606838;25.0;25.0;0;0
80.498;0.0;0.0;0.0;24.675213675213676;24.837606837606838;25.0;25.0;0;0
80.604;0.0;0.0;0.0;24.675213675213676;24.837606837606838;25.0;25.0;0;0
80.705;0.0;0.0;0.0;24.675213675213676;24.837606837606838;25.0;25.0;0;0
80.805;0.0;0.0;0.0;24.675213675213676;24.837606837606838;25.0;25.0;0;0
80.906;0.0;0.0;0.0;24.675213675213676;24.837606837606838;25.0;25.0;0;0
81.007;0.0;0.0;0.0;24.726495726495727;24.786324786324787;25.0;25.0;0;0
81.108;0.0;0.0;0.0;24.726495726495727;24.786324786324787;25.0;25.0;0;0
81.213;0.0;0.0;0.0;24.726495726495727;24.786324786324787;25.0;25.0;0;0
81.314;0.0;0.0;0.0;24.726495726495727;24.786324786324787;25.0;25.0;0;0
81.417;0.0;0.0;0.0;24.726495726495727;24.786324786324787;25.0;25.0;0;0
81.521;0.0;0.0;0.0;24.726495726495727;24.786324786324787;25.0;25.0;0;0
81.625;0.0;0.0;0.0;24.726495726495727;24.786324786324787;25.0;25.0;0;0
81.737;0.0;0.0;0.0;24.726495726495727;24.786324786324787;25.0;25.0;0;0
81.848;0.0;0.0;0.0;24.726495726495727;24.786324786324787;25.0;25.0;0;0
81.957;0.0;0.0;0.0;24.726495726495727;24.786324786324787;25.0;25.0;0;0
82.067;0.0;0.0;0.0;24.726495726495727;24.786324786324787;25.0;25.0;0;0
82.176;0.0;0.0;0.0;24.726495726495727;24.786324786324787;25.0;25.0;0;0
82.292;0.0;0.0;0.0;24.726495726495727;24.786324786324787;25.0;25.0;0;0
82.398;0.0;0.0;0.0;24.726495726495727;24.786324786324787;25.0;25.0;0;0
82.507;0.0;0.0;0.0;24.726495726495727;24.786324786324787;25.0;25.0;0;0
82.617;0.0;0.0;0.0;24.726495726495727;24.786324786324787;25.0;25.0;0;0
82.723;0.0;0.0;0.0;24.726495726495727;24.786324786324787;25.0;25.0;0;0
82.837;0.0;0.0;0.0;24.726495726495727;24.786324786324787;25.0;25.0;0;0
82.944;0.0;0.0;0.0;24.726495726495727;24.786324786324787;25.0;25.0;0;0
83.057;0.0;0.0;0.0;24.675213675213676;24.786324786324787;25.0;25.0;0;0
83.164;0.0;0.0;0.0;24.675213675213676;24.786324786324787;25.0;25.0;0;0
83.278;0.0;0.0;0.0;24.675213675213676;24.786324786324787;25.0;25.0;0;0
83.386;0.0;0.0;0.0;24.675213675213676;24.786324786324787;25.0;25.0;0;0
83.491;0.0;0.0;0.0;24.675213675213676;24.786324786324787;25.0;25.0;0;0
83.595;0.0;0.0;0.0;24.675213675213676;24.786324786324787;25.0;25.0;0;0
83.702;0.0;0.0;0.0;24.675213675213676;24.786324786324787;25.0;25.0;0;0
83.815;0.0;0.0;0.0;24.675213675213676;24.786324786324787;25.0;25.0;0;0
83.92;0.0;0.0;0.0;24.675213675213676;24.786324786324787;25.0;25.0;0;0
84.021;0.0;0.0;0.0;24.675213675213676;24.837606837606838;25.0;25.0;0;0
84.126;0.0;0.0;0.0;24.675213675213676;24.837606837606838;25.0;25.0;0;0
84.226;0.0;0.0;0.0;24.675213675213676;24.837606837606838;25.0;25.0;0;0
84.335;0.0;0.0;0.0;24.675213675213676;24.837606837606838;25.0;25.0;0;0
84.453;0.0;0.0;0.0;24.675213675213676;24.837606837606838;25.0;25.0;0;0
84.562;0.0;0.0;0.0;24.675213675213676;24.837606837606838;25.0;25.0;0;0
84.662;0.0;0.0;0.0;24.675213675213676;24.837606837606838;25.0;25.0;0;0
84.772;0.0;0.0;0.0;24.675213675213676;24.837606837606838;25.0;25.0;0;0
84.872;0.0;0.0;0.0;24.675213675213676;24.837606837606838;25.0;25.0;0;0
84.973;0.0;0.0;0.0;24.675213675213676;24.837606837606838;25.0;25.0;0;0
85.073;0.0;0.0;0.0;24.675213675213676;24.837606837606838;25.0;25.0;0;0
85.174;0.0;0.0;0.0;24.675213675213676;24.837606837606838;25.0;25.0;0;0
85.275;0.0;0.0;0.0;24.675213675213676;24.837606837606838;25.0;25.0;0;0
85.381;0.0;0.0;0.0;24.675213675213676;24.837606837606838;25.0;25.0;0;0
85.482;0.0;0.0;0.0;24.675213675213676;24.837606837606838;25.0;25.0;0;0
85.587;0.0;0.0;0.0;24.675213675213676;24.837606837606838;25.0;25.0;0;0
85.693;0.0;0.0;0.0;24.675213675213676;24.837606837606838;25.0;25.0;0;0
85.797;0.0;0.0;0.0;24.675213675213676;24.837606837606838;25.0;25.0;0;0
85.897;0.0;0.0;0.0;24.675213675213676;24.837606837606838;25.0;25.0;0;0
86.006;0.0;0.0;0.0;24.675213675213676;24.837606837606838;25.0;25.0;0;0
86.107;0.0;0.0;0.0;24.726495726495727;24.837606837606838;25.0;25.0;0;0
86.211;0.0;0.0;0.0;24.726495726495727;24.837606837606838;25.0;25.0;0;0
86.312;0.0;0.0;0.0;24.726495726495727;24.837606837606838;25.0;25.0;0;0
86.412;0.0;0.0;0.0;24.726495726495727;24.837606837606838;25.0;25.0;0;0
86.513;0.0;0.0;0.0;24.726495726495727;24.837606837606838;25.0;25.0;0;0
86.614;0.0;0.0;0.0;24.726495726495727;24.837606837606838;25.0;25.0;0;0
86.717;0.0;0.0;0.0;24.726495726495727;24.837606837606838;25.0;25.0;0;0
86.818;0.0;0.0;0.0;24.726495726495727;24.837606837606838;25.0;25.0;0;0
86.92;0.0;0.0;0.0;24.726495726495727;24.837606837606838;25.0;25.0;0;0
87.03;0.0;0.0;0.0;24.726495726495727;24.837606837606838;25.0;25.0;0;0
87.135;0.0;0.0;0.0;24.726495726495727;24.837606837606838;25.0;25.0;0;0
87.236;0.0;0.0;0.0;24.726495726495727;24.837606837606838;25.0;25.0;0;0
87.349;0.0;0.0;0.0;24.726495726495727;24.837606837606838;25.0;25.0;0;0
87.455;0.0;0.0;0.0;24.726495726495727;24.837606837606838;25.0;25.0;0;0
87.571;0.0;0.0;0.0;24.726495726495727;24.837606837606838;25.0;25.0;0;0
87.682;0.0;0.0;0.0;24.726495726495727;24.837606837606838;25.0;25.0;0;0
87.789;0.0;0.0;0.0;24.726495726495727;24.837606837606838;25.0;25.0;0;0
87.899;0.0;0.0;0.0;24.726495726495727;24.837606837606838;25.0;25.0;0;0
88.0;0.0;0.0;0.0;24.726495726495727;24.837606837606838;25.0;25.0;0;0
88.106;0.0;0.0;0.0;24.675213675213676;24.786324786324787;25.0;25.0;0;0
88.206;0.0;0.0;0.0;24.675213675213676;24.786324786324787;25.0;25.0;0;0
88.307;0.0;0.0;0.0;24.675213675213676;24.786324786324787;25.0;25.0;0;0
88.407;0.0;0.0;0.0;24.675213675213676;24.786324786324787;25.0;25.0;0;0
88.508;0.0;0.0;0.0;24.675213675213676;24.786324786324787;25.0;25.0;0;0
88.608;0.0;0.0;0.0;24.675213675213676;24.786324786324787;25.0;25.0;0;0
88.711;0.0;0.0;0.0;24.675213675213676;24.786324786324787;25.0;25.0;0;0
88.812;0.0;0.0;0.0;24.675213675213676;24.786324786324787;25.0;25.0;0;0
88.918;0.0;0.0;0.0;24.675213675213676;24.786324786324787;25.0;25.0;0;0
89.029;0.0;0.0;0.0;24.726495726495727;24.786324786324787;25.0;25.0;0;0
89.129;0.0;0.0;0.0;24.726495726495727;24.786324786324787;25.0;25.0;0;0
89.232;0.0;0.0;0.0;24.726495726495727;24.786324786324787;25.0;25.0;0;0
89.335;0.0;0.0;0.0;24.726495726495727;24.786324786324787;25.0;25.0;0;0
89.44;0.0;0.0;0.0;24.726495726495727;24.786324786324787;25.0;25.0;0;0
89.545;0.0;0.0;0.0;24.726495726495727;24.786324786324787;25.0;25.0;0;0
89.646;0.0;0.0;0.0;24.726495726495727;24.786324786324787;25.0;25.0;0;0
89.752;0.0;0.0;0.0;24.726495726495727;24.786324786324787;25.0;25.0;0;0
89.852;0.0;0.0;0.0;24.726495726495727;24.786324786324787;25.0;25.0;0;0
89.953;0.0;0.0;0.0;24.726495726495727;24.786324786324787;25.0;25.0;0;0
90.053;0.0;0.0;0.0;24.675213675213676;24.786324786324787;25.0;25.0;0;0
90.154;0.0;0.0;0.0;24.675213675213676;24.786324786324787;25.0;25.0;0;0
90.255;0.0;0.0;0.0;24.675213675213676;24.786324786324787;25.0;25.0;0;0
90.355;0.0;0.0;0.0;24.675213675213676;24.786324786324787;25.0;25.0;0;0
90.457;0.0;0.0;0.0;24.675213675213676;24.786324786324787;25.0;25.0;0;0
90.558;0.0;0.0;0.0;24.675213675213676;24.786324786324787;25.0;25.0;0;0
90.664;0.0;0.0;0.0;24.675213675213676;24.786324786324787;25.0;25.0;0;0
90.765;0.0;0.0;0.0;24.675213675213676;24.786324786324787;25.0;25.0;0;0
90.868;0.0;0.0;0.0;24.675213675213676;24.786324786324787;25.0;25.0;0;0
90.978;0.0;0.0;0.0;24.675213675213676;24.786324786324787;25.0;25.0;0;0
91.084;0.0;0.0;0.0;24.675213675213676;24.786324786324787;25.0;25.0;0;0
91.196;0.0;0.0;0.0;24.675213675213676;24.786324786324787;25.0;25.0;0;0
91.308;0.0;0.0;0.0;24.675213675213676;24.786324786324787;25.0;25.0;0;0
91.418;0.0;0.0;0.0;24.675213675213676;24.786324786324787;25.0;25.0;0;0
91.518;0.0;0.0;0.0;24.675213675213676;24.786324786324787;25.0;25.0;0;0
91.622;0.0;0.0;0.0;24.675213675213676;24.786324786324787;25.0;25.0;0;0
91.722;0.0;0.0;0.0;24.675213675213676;24.786324786324787;25.0;25.0;0;0
91.823;0.0;0.0;0.0;24.675213675213676;24.786324786324787;25.0;25.0;0;0
91.923;0.0;0.0;0.0;24.675213675213676;24.786324786324787;25.0;25.0;0;0
92.024;0.0;0.0;0.0;24.675213675213676;24.786324786324787;25.0;25.0;0;0
92.124;0.0;0.0;0.0;24.675213675213676;24.786324786324787;25.0;25.0;0;0
92.225;0.0;0.0;0.0;24.675213675213676;24.786324786324787;25.0;25.0;0;0
92.328;0.0;0.0;0.0;24.675213675213676;24.786324786324787;25.0;25.0;0;0
92.429;0.0;0.0;0.0;24.675213675213676;24.786324786324787;25.0;25.0;0;0
92.535;0.0;0.0;0.0;24.675213675213676;24.786324786324787;25.0;25.0;0;0
92.635;0.0;0.0;0.0;24.675213675213676;24.786324786324787;25.0;25.0;0;0
92.736;0.0;0.0;0.0;24.675213675213676;24.786324786324787;25.0;25.0;0;0
92.85;0.0;0.0;0.0;24.675213675213676;24.786324786324787;25.0;25.0;0;0
92.95;0.0;0.0;0.0;24.675213675213676;24.786324786324787;25.0;25.0;0;0
93.055;0.0;0.0;0.0;24.675213675213676;24.786324786324787;25.0;25.0;0;0
93.167;0.0;0.0;0.0;24.675213675213676;24.786324786324787;25.0;25.0;0;0
93.268;0.0;0.0;0.0;24.675213675213676;24.786324786324787;25.0;25.0;0;0
93.374;0.0;0.0;0.0;24.675213675213676;24.786324786324787;25.0;25.0;0;0
93.474;0.0;0.0;0.0;24.675213675213676;24.786324786324787;25.0;25.0;0;0
93.574;0.0;0.0;0.0;24.675213675213676;24.786324786324787;25.0;25.0;0;0
93.675;0.0;0.0;0.0;24.675213675213676;24.786324786324787;25.0;25.0;0;0
93.775;0.0;0.0;0.0;24.675213675213676;24.786324786324787;25.0;25.0;0;0
93.876;0.0;0.0;0.0;24.675213675213676;24.786324786324787;25.0;25.0;0;0
93.978;0.0;0.0;0.0;24.675213675213676;24.786324786324787;25.0;25.0;0;0
94.079;0.0;0.0;0.0;24.675213675213676;24.786324786324787;25.0;25.0;0;0
94.188;0.0;0.0;0.0;24.675213675213676;24.786324786324787;25.0;25.0;0;0
94.3;0.0;0.0;0.0;24.675213675213676;24.786324786324787;25.0;25.0;0;0
94.407;0.0;0.0;0.0;24.675213675213676;24.786324786324787;25.0;25.0;0;0
94.514;0.0;0.0;0.0;24.675213675213676;24.786324786324787;25.0;25.0;0;0
94.614;0.0;0.0;0.0;24.675213675213676;24.786324786324787;25.0;25.0;0;0
94.729;0.0;0.0;0.0;24.675213675213676;24.786324786324787;25.0;25.0;0;0
94.838;0.0;0.0;0.0;24.675213675213676;24.786324786324787;25.0;25.0;0;0
94.939;0.0;0.0;0.0;24.675213675213676;24.786324786324787;25.0;25.0;0;0
95.041;0.0;0.0;0.0;24.675213675213676;24.786324786324787;25.0;25.0;0;0
95.152;0.0;0.0;0.0;24.675213675213676;24.786324786324787;25.0;25.0;0;0
95.265;0.0;0.0;0.0;24.675213675213676;24.786324786324787;25.0;25.0;0;0
95.381;0.0;0.0;0.0;24.675213675213676;24.786324786324787;25.0;25.0;0;0
95.487;0.0;0.0;0.0;24.675213675213676;24.786324786324787;25.0;25.0;0;0
95.599;0.0;0.0;0.0;24.675213675213676;24.786324786324787;25.0;25.0;0;0
95.712;0.0;0.0;0.0;24.675213675213676;24.786324786324787;25.0;25.0;0;0
95.813;0.0;0.0;0.0;24.675213675213676;24.786324786324787;25.0;25.0;0;0
95.917;0.0;0.0;0.0;24.675213675213676;24.786324786324787;25.0;25.0;0;0
96.031;0.0;0.0;0.0;24.675213675213676;24.786324786324787;25.0;25.0;0;0
96.14;0.0;0.0;0.0;24.675213675213676;24.786324786324787;25.0;25.0;0;0
96.251;0.0;0.0;0.0;24.675213675213676;24.786324786324787;25.0;25.0;0;0
96.362;0.0;0.0;0.0;24.675213675213676;24.786324786324787;25.0;25.0;0;0
96.476;0.0;0.0;0.0;24.675213675213676;24.786324786324787;25.0;25.0;0;0
96.59;0.0;0.0;0.0;24.675213675213676;24.786324786324787;25.0;25.0;0;0
96.705;0.0;0.0;0.0;24.675213675213676;24.786324786324787;25.0;25.0;0;0
96.82;0.0;0.0;0.0;24.675213675213676;24.786324786324787;25.0;25.0;0;0
96.924;0.0;0.0;0.0;24.675213675213676;24.786324786324787;25.0;25.0;0;0
97.028;0.0;0.0;0.0;24.675213675213676;24.786324786324787;25.0;25.0;0;0
97.137;0.0;0.0;0.0;24.675213675213676;24.786324786324787;25.0;25.0;0;0
97.246;0.0;0.0;0.0;24.675213675213676;24.786324786324787;25.0;25.0;0;0
97.356;0.0;0.0;0.0;24.675213675213676;24.786324786324787;25.0;25.0;0;0
97.458;0.0;0.0;0.0;24.675213675213676;24.786324786324787;25.0;25.0;0;0
97.562;0.0;0.0;0.0;24.675213675213676;24.786324786324787;25.0;25.0;0;0
97.673;0.0;0.0;0.0;24.675213675213676;24.786324786324787;25.0;25.0;0;0
97.782;0.0;0.0;0.0;24.675213675213676;24.786324786324787;25.0;25.0;0;0
97.89;0.0;0.0;0.0;24.675213675213676;24.786324786324787;25.0;25.0;0;0
98.004;0.0;0.0;0.0;24.675213675213676;24.786324786324787;25.0;25.0;0;0
98.118;0.0;0.0;0.0;24.675213675213676;24.786324786324787;25.0;25.0;0;0
98.224;0.0;0.0;0.0;24.675213675213676;24.786324786324787;25.0;25.0;0;0
98.336;0.0;0.0;0.0;24.675213675213676;24.786324786324787;25.0;25.0;0;0
98.445;0.0;0.0;0.0;24.675213675213676;24.786324786324787;25.0;25.0;0;0
98.555;0.0;0.0;0.0;24.675213675213676;24.786324786324787;25.0;25.0;0;0
98.66;0.0;0.0;0.0;24.675213675213676;24.786324786324787;25.0;25.0;0;0
98.774;0.0;0.0;0.0;24.675213675213676;24.786324786324787;25.0;25.0;0;0
98.885;0.0;0.0;0.0;24.675213675213676;24.786324786324787;25.0;25.0;0;0
98.996;0.0;0.0;0.0;24.675213675213676;24.786324786324787;25.0;25.0;0;0
99.102;0.0;0.0;0.0;24.675213675213676;24.786324786324787;25.0;25.0;0;0
99.206;0.0;0.0;0.0;24.675213675213676;24.786324786324787;25.0;25.0;0;0
99.31;0.0;0.0;0.0;24.675213675213676;24.786324786324787;25.0;25.0;0;0
99.418;0.0;0.0;0.0;24.675213675213676;24.786324786324787;25.0;25.0;0;0
99.531;0.0;0.0;0.0;24.675213675213676;24.786324786324787;25.0;25.0;0;0
99.64;0.0;0.0;0.0;24.675213675213676;24.786324786324787;25.0;25.0;0;0
99.74;0.0;0.0;0.0;24.675213675213676;24.786324786324787;25.0;25.0;0;0
99.845;0.0;0.0;0.0;24.675213675213676;24.786324786324787;25.0;25.0;0;0
99.945;0.0;0.0;0.0;24.675213675213676;24.786324786324787;25.0;25.0;0;0
100.045;0.0;0.0;0.0;24.675213675213676;24.786324786324787;25.0;25.0;0;0
100.146;0.0;0.0;0.0;24.675213675213676;24.786324786324787;25.0;25.0;0;0
100.247;0.0;0.0;0.0;24.675213675213676;24.786324786324787;25.0;25.0;0;0
100.351;0.0;0.0;0.0;24.675213675213676;24.786324786324787;25.0;25.0;0;0
100.452;0.0;0.0;0.0;24.675213675213676;24.786324786324787;25.0;25.0;0;0
100.554;0.0;0.0;0.0;24.675213675213676;24.786324786324787;25.0;25.0;0;0
100.656;0.0;0.0;0.0;24.675213675213676;24.786324786324787;25.0;25.0;0;0
100.756;0.0;0.0;0.0;24.675213675213676;24.786324786324787;25.0;25.0;0;0
100.857;0.0;0.0;0.0;24.675213675213676;24.786324786324787;25.0;25.0;0;0
100.957;0.0;0.0;0.0;24.675213675213676;24.786324786324787;25.0;25.0;0;0
101.068;0.0;0.0;0.0;24.675213675213676;24.786324786324787;25.0;25.0;0;0
101.176;0.0;0.0;0.0;24.675213675213676;24.786324786324787;25.0;25.0;0;0
101.291;0.0;0.0;0.0;24.675213675213676;24.786324786324787;25.0;25.0;0;0
101.399;0.0;0.0;0.0;24.675213675213676;24.786324786324787;25.0;25.0;0;0
101.51;0.0;0.0;0.0;24.675213675213676;24.786324786324787;25.0;25.0;0;0
101.621;0.0;0.0;0.0;24.675213675213676;24.786324786324787;25.0;25.0;0;0
101.73;0.0;0.0;0.0;24.675213675213676;24.786324786324787;25.0;25.0;0;0
101.844;0.0;0.0;0.0;24.675213675213676;24.786324786324787;25.0;25.0;0;0
101.954;0.0;0.0;0.0;24.675213675213676;24.786324786324787;25.0;25.0;0;0
102.067;0.0;0.0;0.0;24.675213675213676;24.786324786324787;25.0;25.0;0;0
102.176;0.0;0.0;0.0;24.675213675213676;24.786324786324787;25.0;25.0;0;0
102.29;0.0;0.0;0.0;24.675213675213676;24.786324786324787;25.0;25.0;0;0
102.4;0.0;0.0;0.0;24.675213675213676;24.786324786324787;25.0;25.0;0;0
102.51;0.0;0.0;0.0;24.675213675213676;24.786324786324787;25.0;25.0;0;0
102.61;0.0;0.0;0.0;24.675213675213676;24.786324786324787;25.0;25.0;0;0
102.715;0.0;0.0;0.0;24.675213675213676;24.786324786324787;25.0;25.0;0;0
102.816;0.0;0.0;0.0;24.675213675213676;24.786324786324787;25.0;25.0;0;0
102.916;0.0;0.0;0.0;24.675213675213676;24.786324786324787;25.0;25.0;0;0
103.017;0.0;0.0;0.0;24.675213675213676;24.786324786324787;25.0;25.0;0;0
103.117;0.0;0.0;0.0;24.675213675213676;24.786324786324787;25.0;25.0;0;0
103.221;0.0;0.0;0.0;24.675213675213676;24.786324786324787;25.0;25.0;0;0
103.324;0.0;0.0;0.0;24.675213675213676;24.786324786324787;25.0;25.0;0;0
103.424;0.0;0.0;0.0;24.675213675213676;24.786324786324787;25.0;25.0;0;0
103.525;0.0;0.0;0.0;24.675213675213676;24.786324786324787;25.0;25.0;0;0
103.626;0.0;0.0;0.0;24.675213675213676;24.786324786324787;25.0;25.0;0;0
103.738;0.0;0.0;0.0;24.675213675213676;24.786324786324787;25.0;25.0;0;0
103.846;0.0;0.0;0.0;24.675213675213676;24.786324786324787;25.0;25.0;0;0
103.95;0.0;0.0;0.0;24.675213675213676;24.786324786324787;25.0;25.0;0;0
104.051;0.0;0.0;0.0;24.675213675213676;24.786324786324787;25.0;25.0;0;0
104.165;0.0;0.0;0.0;24.675213675213676;24.786324786324787;25.0;25.0;0;0
104.265;0.0;0.0;0.0;24.675213675213676;24.786324786324787;25.0;25.0;0;0
104.37;0.0;0.0;0.0;24.675213675213676;24.786324786324787;25.0;25.0;0;0
104.471;0.0;0.0;0.0;24.675213675213676;24.786324786324787;25.0;25.0;0;0
104.581;0.0;0.0;0.0;24.675213675213676;24.786324786324787;25.0;25.0;0;0
104.686;0.0;0.0;0.0;24.675213675213676;24.786324786324787;25.0;25.0;0;0
104.788;0.0;0.0;0.0;24.675213675213676;24.786324786324787;25.0;25.0;0;0
104.888;0.0;0.0;0.0;24.675213675213676;24.786324786324787;25.0;25.0;0;0
104.989;0.0;0.0;0.0;24.675213675213676;24.786324786324787;25.0;25.0;0;0
105.089;0.0;0.0;0.0;24.675213675213676;24.786324786324787;25.0;25.0;0;0
105.19;0.0;0.0;0.0;24.675213675213676;24.786324786324787;25.0;25.0;0;0
105.29;0.0;0.0;0.0;24.675213675213676;24.786324786324787;25.0;25.0;0;0
105.391;0.0;0.0;0.0;24.675213675213676;24.786324786324787;25.0;25.0;0;0
105.491;0.0;0.0;0.0;24.675213675213676;24.786324786324787;25.0;25.0;0;0
105.599;0.0;0.0;0.0;24.675213675213676;24.786324786324787;25.0;25.0;0;0
105.702;0.0;0.0;0.0;24.675213675213676;24.786324786324787;25.0;25.0;0;0
105.803;0.0;0.0;0.0;24.675213675213676;24.786324786324787;25.0;25.0;0;0
105.911;0.0;0.0;0.0;24.675213675213676;24.786324786324787;25.0;25.0;0;0
106.022;0.0;0.0;0.0;24.675213675213676;24.786324786324787;25.0;25.0;0;0
106.134;0.0;0.0;0.0;24.675213675213676;24.786324786324787;25.0;25.0;0;0
106.236;0.0;0.0;0.0;24.675213675213676;24.786324786324787;25.0;25.0;0;0
106.342;0.0;0.0;0.0;24.675213675213676;24.786324786324787;25.0;25.0;0;0
106.449;0.0;0.0;0.0;24.675213675213676;24.786324786324787;25.0;25.0;0;0
106.561;0.0;0.0;0.0;24.675213675213676;24.786324786324787;25.0;25.0;0;0
106.67;0.0;0.0;0.0;24.675213675213676;24.786324786324787;25.0;25.0;0;0
106.788;0.0;0.0;0.0;24.675213675213676;24.786324786324787;25.0;25.0;0;0
106.895;0.0;0.0;0.0;24.675213675213676;24.786324786324787;25.0;25.0;0;0
107.008;0.0;0.0;0.0;24.675213675213676;24.786324786324787;25.0;25.0;0;0
107.119;0.0;0.0;0.0;24.675213675213676;24.786324786324787;25.0;25.0;0;0
107.228;0.0;0.0;0.0;24.675213675213676;24.786324786324787;25.0;25.0;0;0
107.34;0.0;0.0;0.0;24.675213675213676;24.786324786324787;25.0;25.0;0;0
107.449;0.0;0.0;0.0;24.675213675213676;24.786324786324787;25.0;25.0;0;0
107.565;0.0;0.0;0.0;24.675213675213676;24.786324786324787;25.0;25.0;0;0
107.67;0.0;0.0;0.0;24.675213675213676;24.786324786324787;25.0;25.0;0;0
107.786;0.0;0.0;0.0;24.675213675213676;24.786324786324787;25.0;25.0;0;0
107.891;0.0;0.0;0.0;24.675213675213676;24.786324786324787;25.0;25.0;0;0
108.005;0.0;0.0;0.0;24.675213675213676;24.786324786324787;25.0;25.0;0;0
108.114;0.0;0.0;0.0;24.675213675213676;24.786324786324787;25.0;25.0;0;0
108.228;0.0;0.0;0.0;24.675213675213676;24.786324786324787;25.0;25.0;0;0
108.337;0.0;0.0;0.0;24.675213675213676;24.786324786324787;25.0;25.0;0;0
108.438;0.0;0.0;0.0;24.675213675213676;24.786324786324787;25.0;25.0;0;0
108.545;0.0;0.0;0.0;24.675213675213676;24.786324786324787;25.0;25.0;0;0
108.659;0.0;0.0;0.0;24.675213675213676;24.786324786324787;25.0;25.0;0;0
108.768;0.0;0.0;0.0;24.675213675213676;24.786324786324787;25.0;25.0;0;0
108.877;0.0;0.0;0.0;24.675213675213676;24.786324786324787;25.0;25.0;0;0
108.988;0.0;0.0;0.0;24.675213675213676;24.786324786324787;25.0;25.0;0;0
109.104;0.0;0.0;0.0;24.675213675213676;24.786324786324787;25.0;25.0;0;0
109.211;0.0;0.0;0.0;24.675213675213676;24.786324786324787;25.0;25.0;0;0
109.313;0.0;0.0;0.0;24.675213675213676;24.786324786324787;25.0;25.0;0;0
109.44;0.0;0.0;0.0;24.675213675213676;24.786324786324787;25.0;25.0;0;0
109.546;0.0;0.0;0.0;24.675213675213676;24.786324786324787;25.0;25.0;0;0
109.666;0.0;0.0;0.0;24.675213675213676;24.786324786324787;25.0;25.0;0;0
109.768;0.0;0.0;0.0;24.675213675213676;24.786324786324787;25.0;25.0;0;0
109.879;0.0;0.0;0.0;24.675213675213676;24.786324786324787;25.0;25.0;0;0
109.991;0.0;0.0;0.0;24.675213675213676;24.786324786324787;25.0;25.0;0;0
110.101;0.0;0.0;0.0;24.675213675213676;24.786324786324787;25.0;25.0;0;0
110.213;0.0;0.0;0.0;24.675213675213676;24.786324786324787;25.0;25.0;0;0
110.324;0.0;0.0;0.0;24.675213675213676;24.786324786324787;25.0;25.0;0;0
110.438;0.0;0.0;0.0;24.675213675213676;24.786324786324787;25.0;25.0;0;0
110.543;0.0;0.0;0.0;24.675213675213676;24.786324786324787;25.0;25.0;0;0
110.654;0.0;0.0;0.0;24.675213675213676;24.786324786324787;25.0;25.0;0;0
110.766;0.0;0.0;0.0;24.675213675213676;24.786324786324787;25.0;25.0;0;0
110.868;0.0;0.0;0.0;24.675213675213676;24.786324786324787;25.0;25.0;0;0
110.976;0.0;0.0;0.0;24.675213675213676;24.786324786324787;25.0;25.0;0;0
111.076;0.0;0.0;0.0;24.675213675213676;24.786324786324787;25.0;25.0;0;0
111.176;0.0;0.0;0.0;24.675213675213676;24.786324786324787;25.0;25.0;0;0
111.277;0.0;0.0;0.0;24.675213675213676;24.786324786324787;25.0;25.0;0;0
111.378;0.0;0.0;0.0;24.675213675213676;24.786324786324787;25.0;25.0;0;0
111.478;0.0;0.0;0.0;24.675213675213676;24.786324786324787;25.0;25.0;0;0
111.581;0.0;0.0;0.0;24.675213675213676;24.786324786324787;25.0;25.0;0;0
111.69;0.0;0.0;0.0;24.675213675213676;24.786324786324787;25.0;25.0;0;0
111.8;0.0;0.0;0.0;24.675213675213676;24.786324786324787;25.0;25.0;0;0
111.912;0.0;0.0;0.0;24.675213675213676;24.786324786324787;25.0;25.0;0;0
112.022;0.0;0.0;0.0;24.675213675213676;24.786324786324787;25.0;25.0;0;0
112.131;0.0;0.0;0.0;24.675213675213676;24.786324786324787;25.0;25.0;0;0
112.238;0.0;0.0;0.0;24.675213675213676;24.786324786324787;25.0;25.0;0;0
112.343;0.0;0.0;0.0;24.675213675213676;24.786324786324787;25.0;25.0;0;0
112.457;0.0;0.0;0.0;24.675213675213676;24.786324786324787;25.0;25.0;0;0
112.562;0.0;0.0;0.0;24.675213675213676;24.786324786324787;25.0;25.0;0;0
112.676;0.0;0.0;0.0;24.675213675213676;24.786324786324787;25.0;25.0;0;0
112.779;0.0;0.0;0.0;24.675213675213676;24.786324786324787;25.0;25.0;0;0
112.88;0.0;0.0;0.0;24.675213675213676;24.786324786324787;25.0;25.0;0;0
112.986;0.11875;0.0;0.0;24.675213675213676;24.786324786324787;25.0;25.0;0;0
113.09;0.62875;0.0;0.0;24.675213675213676;24.786324786324787;25.0;25.0;0;0
113.194;1.13375;0.0;0.0;24.675213675213676;24.786324786324787;25.0;25.0;0;0
113.306;1.645;0.0;0.0;24.675213675213676;24.786324786324787;25.0;25.0;0;0
113.415;2.155;0.0;0.0;24.675213675213676;24.786324786324787;25.0;25.0;0;0
113.526;2.915;0.0;0.0;24.675213675213676;24.786324786324787;25.0;25.0;0;0
113.633;3.425;0.0;0.0;24.675213675213676;24.786324786324787;25.0;25.0;0;0
113.744;3.935;0.0;0.0;24.675213675213676;24.786324786324787;25.0;25.0;0;0
113.869;4.695;0.0;0.0;24.675213675213676;24.786324786324787;25.0;25.0;0;0
113.976;5.0;0.0;0.0;24.675213675213676;24.786324786324787;25.0;25.0;0;0
114.078;5.0;0.0;0.0;24.675213675213676;24.786324786324787;25.0;25.0;0;0
114.184;5.0;0.0;0.0;24.675213675213676;24.786324786324787;25.0;25.0;0;0
114.29;5.0;0.0;0.0;24.675213675213676;24.786324786324787;25.0;25.0;0;0
114.402;5.0;0.0;0.0;24.675213675213676;24.786324786324787;25.0;25.0;0;0
114.503;5.0;0.0;0.0;24.675213675213676;24.786324786324787;25.0;25.0;0;0
114.608;5.0;0.0;0.0;24.675213675213676;24.786324786324787;25.0;25.0;0;0
114.721;5.0;0.0;0.0;24.675213675213676;24.786324786324787;25.0;25.0;0;0
114.824;5.0;0.0;0.0;24.675213675213676;24.786324786324787;25.0;25.0;0;0
114.936;5.0;0.0;0.0;24.675213675213676;24.786324786324787;25.0;25.0;0;0
115.046;5.0;0.0;0.0;24.675213675213676;24.786324786324787;25.0;25.0;0;0
115.148;5.0;0.0;0.0;24.675213675213676;24.786324786324787;25.0;25.0;0;0
115.268;5.0;0.0;0.0;24.675213675213676;24.786324786324787;25.0;25.0;0;0
115.378;5.0;0.0;0.0;24.675213675213676;24.786324786324787;25.0;25.0;0;0
115.487;5.0;0.0;0.0;24.675213675213676;24.786324786324787;25.0;25.0;0;0
115.601;5.0;0.0;0.0;24.675213675213676;24.786324786324787;25.0;25.0;0;0
115.714;5.0;0.0;0.0;24.675213675213676;24.786324786324787;25.0;25.0;0;0
115.814;5.0;0.0;0.0;24.675213675213676;24.786324786324787;25.0;25.0;0;0
115.917;5.0;0.0;0.0;24.675213675213676;24.786324786324787;25.0;25.0;0;0
116.018;5.0;0.0;0.0;24.675213675213676;24.786324786324787;25.0;25.0;0;0
116.122;4.97625;0.0;0.0;24.675213675213676;24.786324786324787;25.0;25.0;0;0
116.223;4.5275;0.0;0.0;24.675213675213676;24.786324786324787;25.0;25.0;0;0
116.323;4.0175;0.0;0.0;24.675213675213676;24.786324786324787;25.0;25.0;0;0
116.424;3.515;0.0;0.0;24.675213675213676;24.786324786324787;25.0;25.0;0;0
116.525;3.00625;0.0;0.0;24.675213675213676;24.786324786324787;25.0;25.0;0;0
116.625;2.4975;0.0;0.0;24.675213675213676;24.786324786324787;25.0;25.0;0;0
116.728;1.99375;0.0;0.0;24.675213675213676;24.786324786324787;25.0;25.0;0;0
116.829;1.48625;0.0;0.0;24.675213675213676;24.786324786324787;25.0;25.0;0;0
116.942;0.97875;0.0;0.0;24.675213675213676;24.786324786324787;25.0;25.0;0;0
117.046;0.47625;0.0;0.0;24.675213675213676;24.786324786324787;25.0;25.0;0;0
117.147;0.02625;0.0;0.0;24.675213675213676;24.786324786324787;25.0;25.0;0;0
117.253;0.0;0.0;0.0;24.675213675213676;24.786324786324787;25.0;25.0;0;0
117.356;0.0;0.0;0.0;24.675213675213676;24.786324786324787;25.0;25.0;0;0
117.458;0.0;0.0;0.0;24.675213675213676;24.786324786324787;25.0;25.0;0;0
117.567;0.0;0.0;0.0;24.675213675213676;24.786324786324787;25.0;25.0;0;0
117.676;0.0;0.0;0.0;24.675213675213676;24.786324786324787;25.0;25.0;0;0
117.789;0.0;0.0;0.0;24.675213675213676;24.786324786324787;25.0;25.0;0;0
117.89;0.0;0.0;0.0;24.675213675213676;24.786324786324787;25.0;25.0;0;0
117.997;0.0;0.0;0.0;24.675213675213676;24.786324786324787;25.0;25.0;0;0
118.104;0.0;0.0;0.0;24.675213675213676;24.786324786324787;25.0;25.0;0;0
118.221;0.0;0.0;0.0;24.623931623931625;24.786324786324787;25.0;25.0;0;0
118.323;0.0;0.0;0.0;24.623931623931625;24.786324786324787;25.0;25.0;0;0
118.43;0.0;0.0;0.0;24.623931623931625;24.786324786324787;25.0;25.0;0;0
118.534;0.0;0.0;0.0;24.623931623931625;24.786324786324787;25.0;25.0;0;0
118.635;0.0;0.0;0.0;24.623931623931625;24.786324786324787;25.0;25.0;0;0
118.736;0.0;0.0;0.0;24.623931623931625;24.786324786324787;25.0;25.0;0;0
118.836;0.0;0.0;0.0;24.623931623931625;24.786324786324787;25.0;25.0;0;0
118.936;0.0;0.0;0.0;24.623931623931625;24.786324786324787;25.0;25.0;0;0
119.037;0.0;0.0;0.0;24.623931623931625;24.786324786324787;25.0;25.0;0;0
119.138;0.0;0.0;0.0;24.623931623931625;24.786324786324787;25.0;25.0;0;0
119.241;0.0;0.0;0.0;24.623931623931625;24.786324786324787;25.0;25.0;0;0
119.344;-0.12625;0.0;0.0;24.623931623931625;24.786324786324787;25.0;25.0;0;0
119.46;-0.63625;0.0;0.0;24.623931623931625;24.786324786324787;25.0;25.0;0;0
119.56;-1.39375;0.0;0.0;24.623931623931625;24.786324786324787;25.0;25.0;0;0
119.671;-1.64875;0.0;0.0;24.623931623931625;24.786324786324787;25.0;25.0;0;0
119.771;-2.41125;0.0;0.0;24.623931623931625;24.786324786324787;25.0;25.0;0;0
119.878;-2.6675;0.0;0.0;24.623931623931625;24.786324786324787;25.0;25.0;0;0
119.985;-3.43375;0.0;0.0;24.623931623931625;24.786324786324787;25.0;25.0;0;0
120.088;-3.9475;0.0;0.0;24.623931623931625;24.786324786324787;25.0;25.0;0;0
120.191;-4.4625;0.0;0.0;24.675213675213676;24.786324786324787;25.0;25.0;0;0
120.292;-4.9775;0.0;0.0;24.675213675213676;24.786324786324787;25.0;25.0;0;0
120.403;-5.49;0.0;0.0;24.675213675213676;24.786324786324787;25.0;25.0;0;0
120.511;-5.9975;0.0;0.0;24.675213675213676;24.786324786324787;25.0;25.0;0;0
120.617;-6.51125;0.0;0.0;24.675213675213676;24.786324786324787;25.0;25.0;0;0
120.73;-7.275;0.0;0.0;24.675213675213676;24.786324786324787;25.0;25.0;0;0
120.847;-7.785;0.0;0.0;24.675213675213676;24.786324786324787;25.0;25.0;0;0
120.964;-8.2925;0.0;0.0;24.675213675213676;24.786324786324787;25.0;25.0;0;0
121.079;-8.79625;0.0;0.0;24.675213675213676;24.786324786324787;25.0;25.0;0;0
121.195;-9.5575;0.0;0.0;24.623931623931625;24.786324786324787;25.0;25.0;0;0
121.305;-9.985;0.0;0.0;24.623931623931625;24.786324786324787;25.0;25.0;0;0
121.415;-10.0;0.0;0.0;24.623931623931625;24.786324786324787;25.0;25.0;0;0
121.521;-10.0;0.32625;0.0;24.623931623931625;24.786324786324787;25.0;25.0;0;0
121.636;-10.0;0.84125;0.0;24.623931623931625;24.786324786324787;25.0;25.0;0;0
121.751;-10.0;1.61;0.0;24.623931623931625;24.786324786324787;25.0;25.0;0;0
121.854;-10.0;2.12375;0.0;24.623931623931625;24.786324786324787;25.0;25.0;0;0
121.954;-10.0;2.63375;0.0;24.623931623931625;24.786324786324787;25.0;25.0;0;0
122.065;-10.0;3.1525;0.0;24.623931623931625;24.786324786324787;25.0;25.0;0;0
122.174;-10.0;3.67125;0.0;24.623931623931625;24.786324786324787;25.0;25.0;0;0
122.295;-10.0;4.185;0.0;24.623931623931625;24.786324786324787;25.0;25.0;0;0
122.403;-10.0;4.965;0.0;24.623931623931625;24.786324786324787;25.0;25.0;0;0
122.508;-10.0;5.47625;0.0;24.623931623931625;24.786324786324787;25.0;25.0;0;0
122.611;-10.0;5.99375;0.0;24.623931623931625;24.786324786324787;25.0;25.0;0;0
122.721;-10.0;6.5125;0.0;24.623931623931625;24.786324786324787;25.0;25.0;0;0
122.83;-10.0;7.02375;0.0;24.623931623931625;24.786324786324787;25.0;25.0;0;0
122.943;-10.0;7.54125;0.0;24.623931623931625;24.786324786324787;25.0;25.0;0;0
123.048;-10.0;8.31375;0.0;24.623931623931625;24.786324786324787;25.0;25.0;0;0
123.152;-10.0;8.83125;0.0;24.623931623931625;24.786324786324787;25.0;25.0;0;0
123.254;-10.0;9.34875;0.0;24.623931623931625;24.786324786324787;25.0;25.0;0;0
123.355;-10.0;9.8625;0.0;24.623931623931625;24.786324786324787;25.0;25.0;0;0
123.455;-10.0;10.37875;0.0;24.623931623931625;24.786324786324787;25.0;25.0;0;0
123.555;-10.0;10.895;0.0;24.623931623931625;24.786324786324787;25.0;25.0;0;0
123.656;-10.0;11.40625;0.0;24.623931623931625;24.786324786324787;25.0;25.0;0;0
123.757;-10.0;11.9225;0.0;24.623931623931625;24.786324786324787;25.0;25.0;0;0
123.862;-10.0;12.43875;0.0;24.623931623931625;24.786324786324787;25.0;25.0;0;0
123.963;-10.0;12.94875;0.0;24.623931623931625;24.786324786324787;25.0;25.0;0;0
124.064;-10.0;13.46625;0.0;24.623931623931625;24.786324786324787;25.0;25.0;0;0
124.165;-10.0;13.98125;0.0;24.623931623931625;24.786324786324787;25.0;25.0;0;0
124.265;-10.0;14.4925;0.0;24.623931623931625;24.786324786324787;25.0;25.0;0;0
124.368;-10.0;15.00875;0.0;24.623931623931625;24.786324786324787;25.0;25.0;0;0
124.478;-10.0;15.525;0.0;24.623931623931625;24.786324786324787;25.0;25.0;0;0
124.579;-10.0;16.3;0.0;24.623931623931625;24.786324786324787;25.0;25.0;0;0
124.684;-10.0;16.55875;0.0;24.623931623931625;24.786324786324787;25.0;25.0;0;0
124.784;-10.0;17.075;0.0;24.623931623931625;24.786324786324787;25.0;25.0;0;0
124.896;-10.0;17.8425;0.0;24.623931623931625;24.786324786324787;25.0;25.0;0;0
125.005;-10.0;18.355;0.0;24.623931623931625;24.786324786324787;25.0;25.0;0;0
125.113;-10.0;18.86125;0.0;24.623931623931625;24.786324786324787;25.0;25.0;0;0
125.214;-10.0;19.37375;0.0;24.675213675213676;24.786324786324787;25.0;25.0;0;0
125.335;-10.0;19.88375;0.0;24.675213675213676;24.786324786324787;25.0;25.0;0;0
125.448;-10.0;20.0;0.0;24.675213675213676;24.786324786324787;25.0;25.0;0;0
125.549;-10.0;20.0;0.2475860361475613;24.675213675213676;24.786324786324787;25.0;25.0;0;0
125.666;-10.0;20.0;0.4951720722951226;24.675213675213676;24.786324786324787;25.0;25.0;0;0
125.781;-10.0;20.0;0.6808615994057936;24.675213675213676;24.786324786324787;25.0;25.0;0;0
125.895;-10.0;20.0;0.8665511265164645;24.675213675213676;24.786324786324787;25.0;25.0;0;0
126.006;-10.0;20.0;0.9903441445902452;24.675213675213676;24.786324786324787;25.0;25.0;0;0
126.112;-10.0;20.0;0.9903441445902452;24.675213675213676;24.786324786324787;25.0;25.0;0;0
126.224;-10.0;20.0;0.9903441445902452;24.623931623931625;24.786324786324787;25.0;25.0;0;0
126.34;-10.0;20.0;0.9903441445902452;24.623931623931625;24.786324786324787;25.0;25.0;0;0
126.448;-10.0;20.0;0.9903441445902452;24.623931623931625;24.786324786324787;25.0;25.0;0;0
126.555;-10.0;20.0;0.9903441445902452;24.623931623931625;24.786324786324787;25.0;25.0;0;0
126.669;-10.0;20.0;0.9903441445902452;24.623931623931625;24.786324786324787;25.0;25.0;0;0
126.771;-10.0;20.0;0.9903441445902452;24.623931623931625;24.786324786324787;25.0;25.0;0;0
126.874;-10.0;20.0;0.9903441445902452;24.623931623931625;24.786324786324787;25.0;25.0;0;0
126.975;-10.0;20.0;0.9903441445902452;24.623931623931625;24.786324786324787;25.0;25.0;0;0
127.079;-10.0;20.0;0.9903441445902452;24.623931623931625;24.786324786324787;25.0;25.0;0;0
127.18;-10.0;20.0;0.9903441445902452;24.623931623931625;24.786324786324787;25.0;25.0;0;0
127.282;-10.0;20.0;0.9903441445902452;24.623931623931625;24.786324786324787;25.0;25.0;0;0
127.39;-10.0;20.0;0.9903441445902452;24.623931623931625;24.786324786324787;25.0;25.0;0;0
127.5;-10.0;20.0;0.9903441445902452;24.623931623931625;24.786324786324787;25.0;25.0;0;0
127.61;-10.0;20.0;0.9903441445902452;24.623931623931625;24.786324786324787;25.0;25.0;0;0
127.718;-10.0;20.0;0.9903441445902452;24.623931623931625;24.786324786324787;25.0;25.0;0;0
127.82;-10.0;20.0;0.9903441445902452;24.623931623931625;24.786324786324787;25.0;25.0;0;0
127.92;-10.0;20.0;0.9903441445902452;24.623931623931625;24.786324786324787;25.0;25.0;0;0
128.022;-10.0;20.0;0.9903441445902452;24.623931623931625;24.786324786324787;25.0;25.0;0;0
128.135;-9.98;20.0;0.9903441445902452;24.623931623931625;24.786324786324787;25.0;25.0;0;0
128.242;-9.5375;20.0;0.9903441445902452;24.623931623931625;24.786324786324787;25.0;25.0;0;0
128.351;-9.03125;20.0;0.9903441445902452;24.623931623931625;24.786324786324787;25.0;25.0;0;0
128.467;-8.52125;20.0;0.9903441445902452;24.623931623931625;24.786324786324787;25.0;25.0;0;0
128.573;-7.755;20.0;0.9903441445902452;24.623931623931625;24.786324786324787;25.0;25.0;0;0
128.683;-7.25;20.0;0.9903441445902452;24.623931623931625;24.786324786324787;25.0;25.0;0;0
128.793;-6.74;20.0;0.9903441445902452;24.623931623931625;24.786324786324787;25.0;25.0;0;0
128.903;-6.23;20.0;0.9903441445902452;24.623931623931625;24.786324786324787;25.0;25.0;0;0
129.011;-5.46625;20.0;0.9903441445902452;24.623931623931625;24.786324786324787;25.0;25.0;0;0
129.112;-5.02125;20.0;0.9903441445902452;24.623931623931625;24.786324786324787;25.0;25.0;0;0
129.218;-5.0;20.0;0.9903441445902452;24.623931623931625;24.786324786324787;25.0;25.0;0;0
129.325;-5.0;20.0;0.9903441445902452;24.623931623931625;24.786324786324787;25.0;25.0;0;0
129.437;-5.0;20.0;0.9903441445902452;24.623931623931625;24.786324786324787;25.0;25.0;0;0
129.544;-5.0;20.0;0.9903441445902452;24.623931623931625;24.786324786324787;25.0;25.0;0;0
129.656;-5.0;20.0;0.9903441445902452;24.623931623931625;24.786324786324787;25.0;25.0;0;0
129.765;-5.0;20.0;0.9903441445902452;24.623931623931625;24.786324786324787;25.0;25.0;0;0
129.866;-5.0;20.0;0.9903441445902452;24.623931623931625;24.786324786324787;25.0;25.0;0;0
129.967;-5.0;20.0;0.9903441445902452;24.623931623931625;24.786324786324787;25.0;25.0;0;0
130.07;-5.0;20.0;0.9903441445902452;24.675213675213676;24.786324786324787;25.0;25.0;0;0
130.171;-5.0;20.0;0.9903441445902452;24.675213675213676;24.786324786324787;25.0;25.0;0;0
130.272;-5.0;20.0;0.9903441445902452;24.675213675213676;24.786324786324787;25.0;25.0;0;0
130.372;-5.0;20.0;0.9903441445902452;24.675213675213676;24.786324786324787;25.0;25.0;0;0
130.472;-5.0;20.0;0.9903441445902452;24.675213675213676;24.786324786324787;25.0;25.0;0;0
130.573;-5.0;20.0;0.9903441445902452;24.675213675213676;24.786324786324787;25.0;25.0;0;0
130.675;-5.0;20.0;0.9903441445902452;24.675213675213676;24.786324786324787;25.0;25.0;0;0
130.779;-5.0;20.0;0.9903441445902452;24.675213675213676;24.786324786324787;25.0;25.0;0;0
130.882;-5.0;20.0;0.9903441445902452;24.675213675213676;24.786324786324787;25.0;25.0;0;0
130.994;-5.0;20.0;0.9903441445902452;24.675213675213676;24.786324786324787;25.0;25.0;0;0
131.103;-5.0;20.0;0.9903441445902452;24.675213675213676;24.786324786324787;25.0;25.0;0;0
131.214;-5.0;20.0;0.9903441445902452;24.623931623931625;24.726495726495727;25.0;25.0;0;0
131.323;-5.2225;20.0;0.9903441445902452;24.623931623931625;24.726495726495727;25.0;25.0;0;0
131.427;-5.73375;20.0;0.9903441445902452;24.623931623931625;24.726495726495727;25.0;25.0;0;0
131.535;-6.2375;20.0;0.9903441445902452;24.623931623931625;24.726495726495727;25.0;25.0;0;0
131.643;-6.74625;20.0;0.9903441445902452;24.623931623931625;24.726495726495727;25.0;25.0;0;0
131.744;-7.255;20.0;0.9903441445902452;24.623931623931625;24.726495726495727;25.0;25.0;0;0
131.849;-7.75875;20.0;0.9903441445902452;24.623931623931625;24.726495726495727;25.0;25.0;0;0
131.957;-8.26625;20.0;0.9903441445902452;24.623931623931625;24.726495726495727;25.0;25.0;0;0
132.069;-8.77375;20.0;0.9903441445902452;24.623931623931625;24.726495726495727;25.0;25.0;0;0
132.18;-9.27625;20.0;0.9903441445902452;24.623931623931625;24.786324786324787;25.0;25.0;0;0
132.289;-9.97625;20.0;0.9903441445902452;24.623931623931625;24.786324786324787;25.0;25.0;0;0
132.391;-10.0;20.0;0.9903441445902452;24.623931623931625;24.786324786324787;25.0;25.0;0;0
132.508;-10.0;20.0;0.9903441445902452;24.623931623931625;24.786324786324787;25.0;25.0;0;0
132.61;-10.0;20.0;0.9903441445902452;24.623931623931625;24.786324786324787;25.0;25.0;0;0
132.72;-10.0;20.0;0.9903441445902452;24.623931623931625;24.786324786324787;25.0;25.0;0;0
132.827;-10.0;20.0;0.9903441445902452;24.623931623931625;24.786324786324787;25.0;25.0;0;0
132.928;-10.0;20.0;0.9903441445902452;24.623931623931625;24.786324786324787;25.0;25.0;0;0
133.036;-10.0;20.0;0.9903441445902452;24.623931623931625;24.786324786324787;25.0;25.0;0;0
133.146;-10.0;20.0;0.9903441445902452;24.623931623931625;24.786324786324787;25.0;25.0;0;0
133.246;-10.0;20.0;0.9903441445902452;24.623931623931625;24.786324786324787;25.0;25.0;0;0
133.369;-10.0;20.0;0.9903441445902452;24.623931623931625;24.786324786324787;25.0;25.0;0;0
133.48;-10.0;20.0;0.9903441445902452;24.623931623931625;24.786324786324787;25.0;25.0;0;0
133.582;-10.0;20.0;0.9903441445902452;24.623931623931625;24.786324786324787;25.0;25.0;0;0
133.685;-10.0;20.0;0.9903441445902452;24.623931623931625;24.786324786324787;25.0;25.0;0;0
133.786;-10.0;20.0;0.9903441445902452;24.623931623931625;24.786324786324787;25.0;25.0;0;0
133.886;-10.0;20.0;0.9903441445902452;24.623931623931625;24.786324786324787;25.0;25.0;0;0
133.987;-10.0;20.0;0.9903441445902452;24.623931623931625;24.786324786324787;25.0;25.0;0;0
134.087;-10.0;20.0;0.9903441445902452;24.623931623931625;24.786324786324787;25.0;25.0;0;0
134.188;-10.0;20.0;0.9903441445902452;24.623931623931625;24.786324786324787;25.0;25.0;0;0
134.29;-10.0;20.0;0.9903441445902452;24.623931623931625;24.786324786324787;25.0;25.0;0;0
134.394;-10.0;20.0;0.9903441445902452;24.623931623931625;24.786324786324787;25.0;25.0;0;0
134.495;-10.0;20.0;0.9903441445902452;24.623931623931625;24.786324786324787;25.0;25.0;0;0
134.597;-10.0;20.0;0.9903441445902452;24.623931623931625;24.786324786324787;25.0;25.0;0;0
134.699;-10.0;20.0;0.9903441445902452;24.623931623931625;24.786324786324787;25.0;25.0;0;0
134.8;-10.0;20.0;0.9903441445902452;24.623931623931625;24.786324786324787;25.0;25.0;0;0
134.912;-10.0;20.0;0.9903441445902452;24.623931623931625;24.786324786324787;25.0;25.0;0;0
135.021;-10.0;20.0;0.9903441445902452;24.623931623931625;24.786324786324787;25.0;25.0;0;0
135.135;-10.0;20.0;0.9903441445902452;24.623931623931625;24.786324786324787;25.0;25.0;0;0
135.243;-10.0;20.0;0.9903441445902452;24.623931623931625;24.786324786324787;25.0;25.0;0;0
135.353;-10.0;20.0;0.9903441445902452;24.623931623931625;24.786324786324787;25.0;25.0;0;0
135.466;-10.0;20.0;0.9903441445902452;24.623931623931625;24.786324786324787;25.0;25.0;0;0
135.575;-10.0;20.0;0.9903441445902452;24.623931623931625;24.786324786324787;25.0;25.0;0;0
135.675;-10.0;20.0;0.9903441445902452;24.623931623931625;24.786324786324787;25.0;25.0;0;0
135.789;-10.0;20.0;0.9903441445902452;24.623931623931625;24.786324786324787;25.0;25.0;0;0
135.917;-10.0;20.0;0.9903441445902452;24.623931623931625;24.786324786324787;25.0;25.0;0;0
136.024;-10.0;20.0;0.9903441445902452;24.623931623931625;24.786324786324787;25.0;25.0;0;0
136.126;-10.0;20.0;0.9903441445902452;24.623931623931625;24.786324786324787;25.0;25.0;0;0
136.23;-10.0;20.0;0.9903441445902452;24.675213675213676;24.726495726495727;25.0;25.0;0;0
136.347;-10.0;20.0;0.9903441445902452;24.675213675213676;24.726495726495727;25.0;25.0;0;0
136.451;-10.0;20.0;0.9903441445902452;24.675213675213676;24.726495726495727;25.0;25.0;0;0
136.569;-10.0;20.0;0.9903441445902452;24.675213675213676;24.726495726495727;25.0;25.0;0;0
136.674;-10.0;20.0;0.9903441445902452;24.675213675213676;24.726495726495727;25.0;25.0;0;0
136.786;-10.0;20.0;0.9903441445902452;24.675213675213676;24.726495726495727;25.0;25.0;0;0
136.898;-10.0;20.0;0.9903441445902452;24.675213675213676;24.726495726495727;25.0;25.0;0;0
136.998;-10.0;20.0;0.9903441445902452;24.675213675213676;24.726495726495727;25.0;25.0;0;0
137.104;-10.0;20.0;0.9903441445902452;24.675213675213676;24.726495726495727;25.0;25.0;0;0
137.217;-10.0;20.0;0.9903441445902452;24.623931623931625;24.786324786324787;25.0;25.0;0;0
137.318;-10.0;20.0;0.9903441445902452;24.623931623931625;24.786324786324787;25.0;25.0;0;0
137.428;-10.0;20.0;0.9903441445902452;24.623931623931625;24.786324786324787;25.0;25.0;0;0
137.534;-10.0;20.0;0.9903441445902452;24.623931623931625;24.786324786324787;25.0;25.0;0;0
137.635;-10.0;20.0;0.9903441445902452;24.623931623931625;24.786324786324787;25.0;25.0;0;0
137.735;-10.0;20.0;0.9903441445902452;24.623931623931625;24.786324786324787;25.0;25.0;0;0
137.836;-10.0;20.0;0.9903441445902452;24.623931623931625;24.786324786324787;25.0;25.0;0;0
137.936;-10.0;20.0;0.9903441445902452;24.623931623931625;24.786324786324787;25.0;25.0;0;0
138.037;-10.0;20.0;0.9903441445902452;24.623931623931625;24.786324786324787;25.0;25.0;0;0
138.138;-10.0;20.0;0.9903441445902452;24.623931623931625;24.726495726495727;25.0;25.0;0;0
138.242;-10.0;20.0;0.9903441445902452;24.623931623931625;24.726495726495727;25.0;25.0;0;0
138.344;-10.0;20.0;0.9903441445902452;24.623931623931625;24.726495726495727;25.0;25.0;0;0
138.448;-10.0;20.0;0.9903441445902452;24.623931623931625;24.726495726495727;25.0;25.0;0;0
138.55;-10.0;20.0;0.9903441445902452;24.623931623931625;24.726495726495727;25.0;25.0;0;0
138.659;-10.0;20.0;0.9903441445902452;24.623931623931625;24.726495726495727;25.0;25.0;0;0
138.77;-10.0;20.0;0.9903441445902452;24.623931623931625;24.726495726495727;25.0;25.0;0;0
138.881;-10.0;20.0;0.9903441445902452;24.623931623931625;24.726495726495727;25.0;25.0;0;0
138.982;-10.0;20.0;0.9903441445902452;24.623931623931625;24.726495726495727;25.0;25.0;0;0
139.083;-10.0;20.0;0.9903441445902452;24.623931623931625;24.726495726495727;25.0;25.0;0;0
139.197;-10.0;20.0;0.9903441445902452;24.623931623931625;24.726495726495727;25.0;25.0;0;0
139.298;-10.0;20.0;0.9903441445902452;24.623931623931625;24.726495726495727;25.0;25.0;0;0
139.404;-10.0;20.0;0.9903441445902452;24.623931623931625;24.726495726495727;25.0;25.0;0;0
139.516;-10.0;20.0;0.9903441445902452;24.623931623931625;24.726495726495727;25.0;25.0;0;0
139.616;-10.0;20.0;0.9903441445902452;24.623931623931625;24.726495726495727;25.0;25.0;0;0
139.736;-10.0;20.0;0.9903441445902452;24.623931623931625;24.726495726495727;25.0;25.0;0;0
139.851;-10.0;20.0;0.9903441445902452;24.623931623931625;24.726495726495727;25.0;25.0;0;0
139.956;-10.0;20.0;0.9903441445902452;24.623931623931625;24.726495726495727;25.0;25.0;0;0
140.073;-10.0;20.0;0.9903441445902452;24.623931623931625;24.726495726495727;25.0;25.0;0;0
140.185;-10.0;20.0;0.9903441445902452;24.623931623931625;24.786324786324787;25.0;25.0;0;0
140.292;-10.0;20.0;0.9903441445902452;24.623931623931625;24.786324786324787;25.0;25.0;0;0
140.394;-10.0;20.0;0.9903441445902452;24.623931623931625;24.786324786324787;25.0;25.0;0;0
140.494;-10.0;20.0;0.9903441445902452;24.623931623931625;24.786324786324787;25.0;25.0;0;0
140.596;-10.0;20.0;0.9903441445902452;24.623931623931625;24.786324786324787;25.0;25.0;0;0
140.696;-10.0;20.0;0.9903441445902452;24.623931623931625;24.786324786324787;25.0;25.0;0;0
140.796;-10.0;20.0;0.9903441445902452;24.623931623931625;24.786324786324787;25.0;25.0;0;0
140.897;-10.0;20.0;0.9903441445902452;24.623931623931625;24.786324786324787;25.0;25.0;0;0
141.001;-10.0;20.0;0.9903441445902452;24.623931623931625;24.786324786324787;25.0;25.0;0;0
141.103;-10.0;20.0;0.9903441445902452;24.623931623931625;24.726495726495727;25.0;25.0;0;0
141.204;-10.0;20.0;0.9903441445902452;24.623931623931625;24.726495726495727;25.0;25.0;0;0
141.31;-10.0;20.0;0.9903441445902452;24.623931623931625;24.726495726495727;25.0;25.0;0;0
141.415;-10.0;20.0;0.9903441445902452;24.623931623931625;24.726495726495727;25.0;25.0;0;0
141.523;-10.0;20.0;0.9903441445902452;24.623931623931625;24.726495726495727;25.0;25.0;0;0
141.624;-10.0;20.0;0.9903441445902452;24.623931623931625;24.726495726495727;25.0;25.0;0;0
141.734;-10.0;20.0;0.9903441445902452;24.623931623931625;24.726495726495727;25.0;25.0;0;0
141.847;-10.0;20.0;0.9903441445902452;24.623931623931625;24.726495726495727;25.0;25.0;0;0
141.95;-10.0;20.0;0.9903441445902452;24.623931623931625;24.726495726495727;25.0;25.0;0;0
142.053;-10.0;20.0;0.9903441445902452;24.623931623931625;24.726495726495727;25.0;25.0;0;0
142.164;-10.0;20.0;0.9903441445902452;24.623931623931625;24.726495726495727;25.0;25.0;0;0
142.266;-10.0;20.0;0.9903441445902452;24.623931623931625;24.726495726495727;25.0;25.0;0;0
142.383;-10.0;20.0;0.9903441445902452;24.623931623931625;24.726495726495727;25.0;25.0;0;0
142.496;-10.0;20.0;0.9903441445902452;24.623931623931625;24.726495726495727;25.0;25.0;0;0
142.605;-10.0;20.0;0.9903441445902452;24.623931623931625;24.726495726495727;25.0;25.0;0;0
142.71;-10.0;20.0;0.9903441445902452;24.623931623931625;24.726495726495727;25.0;25.0;0;0
142.819;-10.0;20.0;0.9903441445902452;24.623931623931625;24.726495726495727;25.0;25.0;0;0
142.929;-10.0;20.0;0.9903441445902452;24.623931623931625;24.726495726495727;25.0;25.0;0;0
143.04;-10.0;20.0;0.9903441445902452;24.623931623931625;24.726495726495727;25.0;25.0;0;0
143.15;-10.0;20.0;0.9903441445902452;24.623931623931625;24.726495726495727;25.0;25.0;0;0
143.257;-10.0;20.0;0.9903441445902452;24.623931623931625;24.726495726495727;25.0;25.0;0;0
143.37;-10.0;20.0;0.9903441445902452;24.623931623931625;24.726495726495727;25.0;25.0;0;0
143.479;-10.0;20.0;0.9903441445902452;24.623931623931625;24.726495726495727;25.0;25.0;0;0
143.59;-10.0;20.0;0.9903441445902452;24.623931623931625;24.726495726495727;25.0;25.0;0;0
143.698;-10.0;20.0;0.9903441445902452;24.623931623931625;24.726495726495727;25.0;25.0;0;0
143.809;-10.0;20.0;0.9903441445902452;24.623931623931625;24.726495726495727;25.0;25.0;0;0
143.91;-10.0;20.0;0.9903441445902452;24.623931623931625;24.726495726495727;25.0;25.0;0;0
144.011;-10.0;20.0;0.9903441445902452;24.623931623931625;24.726495726495727;25.0;25.0;0;0
144.124;-10.0;20.0;0.9903441445902452;24.623931623931625;24.726495726495727;25.0;25.0;0;0
144.233;-10.0;20.0;0.9903441445902452;24.623931623931625;24.726495726495727;25.0;25.0;0;0
144.345;-10.0;20.0;0.9903441445902452;24.623931623931625;24.726495726495727;25.0;25.0;0;0
144.451;-10.0;20.0;0.9903441445902452;24.623931623931625;24.726495726495727;25.0;25.0;0;0
144.565;-10.0;20.0;0.9903441445902452;24.623931623931625;24.726495726495727;25.0;25.0;0;0
144.676;-10.0;20.0;0.9903441445902452;24.623931623931625;24.726495726495727;25.0;25.0;0;0
144.789;-10.0;20.0;0.9903441445902452;24.623931623931625;24.726495726495727;25.0;25.0;0;0
144.903;-10.0;20.0;0.9903441445902452;24.623931623931625;24.726495726495727;25.0;25.0;0;0
145.01;-10.0;20.0;0.9903441445902452;24.623931623931625;24.726495726495727;25.0;25.0;0;0
145.111;-10.0;20.0;0.9903441445902452;24.623931623931625;24.726495726495727;25.0;25.0;0;0
145.214;-10.0;20.0;0.9903441445902452;24.623931623931625;24.726495726495727;25.0;25.0;0;0
145.332;-10.0;20.0;0.9903441445902452;24.623931623931625;24.726495726495727;25.0;25.0;0;0
145.444;-10.0;20.0;0.9903441445902452;24.623931623931625;24.726495726495727;25.0;25.0;0;0
145.549;-10.0;20.0;0.9903441445902452;24.623931623931625;24.726495726495727;25.0;25.0;0;0
145.663;-10.0;20.0;0.9903441445902452;24.623931623931625;24.726495726495727;25.0;25.0;0;0
145.773;-10.0;20.0;0.9903441445902452;24.623931623931625;24.726495726495727;25.0;25.0;0;0
145.885;-10.0;20.0;0.9903441445902452;24.623931623931625;24.726495726495727;25.0;25.0;0;0
145.985;-10.0;20.0;0.9903441445902452;24.623931623931625;24.726495726495727;25.0;25.0;0;0
146.094;-10.0;20.0;0.9903441445902452;24.623931623931625;24.726495726495727;25.0;25.0;0;0
146.2;-10.0;20.0;0.9903441445902452;24.623931623931625;24.726495726495727;25.0;25.0;0;0
146.311;-10.0;20.0;0.9903441445902452;24.623931623931625;24.726495726495727;25.0;25.0;0;0
146.427;-10.0;20.0;0.9903441445902452;24.623931623931625;24.726495726495727;25.0;25.0;0;0
146.534;-10.0;20.0;0.9903441445902452;24.623931623931625;24.726495726495727;25.0;25.0;0;0
146.644;-10.0;20.0;0.9903441445902452;24.623931623931625;24.726495726495727;25.0;25.0;0;0
146.758;-10.0;20.0;0.9903441445902452;24.623931623931625;24.726495726495727;25.0;25.0;0;0
146.867;-10.0;20.0;0.9903441445902452;24.623931623931625;24.726495726495727;25.0;25.0;0;0
146.967;-10.0;20.0;0.9903441445902452;24.623931623931625;24.726495726495727;25.0;25.0;0;0
147.073;-10.0;20.0;0.9903441445902452;24.623931623931625;24.726495726495727;25.0;25.0;0;0
147.187;-10.0;20.0;0.9903441445902452;24.623931623931625;24.726495726495727;25.0;25.0;0;0
147.298;-10.0;20.0;0.9903441445902452;24.623931623931625;24.726495726495727;25.0;25.0;0;0
147.409;-10.0;20.0;0.9903441445902452;24.623931623931625;24.726495726495727;25.0;25.0;0;0
147.523;-10.0;20.0;0.9903441445902452;24.623931623931625;24.726495726495727;25.0;25.0;0;0
147.63;-10.0;20.0;0.9903441445902452;24.623931623931625;24.726495726495727;25.0;25.0;0;0
147.741;-10.0;20.0;0.9903441445902452;24.623931623931625;24.726495726495727;25.0;25.0;0;0
147.842;-10.0;20.0;0.9903441445902452;24.623931623931625;24.726495726495727;25.0;25.0;0;0
147.948;-10.0;20.0;0.9903441445902452;24.623931623931625;24.726495726495727;25.0;25.0;0;0
148.063;-10.0;20.0;0.9903441445902452;24.623931623931625;24.726495726495727;25.0;25.0;0;0
148.169;-10.0;20.0;0.9903441445902452;24.623931623931625;24.726495726495727;25.0;25.0;0;0
148.286;-10.0;20.0;0.9903441445902452;24.623931623931625;24.726495726495727;25.0;25.0;0;0
148.394;-10.0;20.0;0.9903441445902452;24.623931623931625;24.726495726495727;25.0;25.0;0;0
148.506;-10.0;20.0;0.9903441445902452;24.623931623931625;24.726495726495727;25.0;25.0;0;0
148.617;-10.0;20.0;0.9903441445902452;24.623931623931625;24.726495726495727;25.0;25.0;0;0
148.729;-10.0;20.0;0.9903441445902452;24.623931623931625;24.726495726495727;25.0;25.0;0;0
148.829;-10.0;20.0;0.9903441445902452;24.623931623931625;24.726495726495727;25.0;25.0;0;0
148.93;-10.0;20.0;0.9903441445902452;24.623931623931625;24.726495726495727;25.0;25.0;0;0
149.043;-10.0;20.0;0.9903441445902452;24.623931623931625;24.726495726495727;25.0;25.0;0;0
149.156;-10.0;20.0;0.9903441445902452;24.623931623931625;24.726495726495727;25.0;25.0;0;0
149.266;-10.0;20.0;0.9903441445902452;24.623931623931625;24.726495726495727;25.0;25.0;0;0
149.367;-10.0;20.0;0.9903441445902452;24.623931623931625;24.726495726495727;25.0;25.0;0;0
149.477;-10.0;20.0;0.9903441445902452;24.623931623931625;24.726495726495727;25.0;25.0;0;0
149.586;-10.0;20.0;0.9903441445902452;24.623931623931625;24.726495726495727;25.0;25.0;0;0
149.687;-10.0;20.0;0.9903441445902452;24.623931623931625;24.726495726495727;25.0;25.0;0;0
149.787;-10.0;20.0;0.9903441445902452;24.623931623931625;24.726495726495727;25.0;25.0;0;0
149.888;-10.0;20.0;0.9903441445902452;24.623931623931625;24.726495726495727;25.0;25.0;0;0
149.988;-10.0;20.0;0.9903441445902452;24.623931623931625;24.726495726495727;25.0;25.0;0;0
150.088;-10.0;20.0;0.9903441445902452;24.623931623931625;24.726495726495727;25.0;25.0;0;0
150.195;-10.0;20.0;0.9903441445902452;24.623931623931625;24.726495726495727;25.0;25.0;0;0
150.295;-10.0;20.0;0.9903441445902452;24.623931623931625;24.726495726495727;25.0;25.0;0;0
150.401;-10.0;20.0;0.9903441445902452;24.623931623931625;24.726495726495727;25.0;25.0;0;0
150.512;-10.0;20.0;0.9903441445902452;24.623931623931625;24.726495726495727;25.0;25.0;0;0
150.623;-10.0;20.0;0.9903441445902452;24.623931623931625;24.726495726495727;25.0;25.0;0;0
150.728;-10.0;20.0;0.9903441445902452;24.623931623931625;24.726495726495727;25.0;25.0;0;0
150.83;-10.0;20.0;0.9903441445902452;24.623931623931625;24.726495726495727;25.0;25.0;0;0
150.936;-10.0;20.0;0.9903441445902452;24.623931623931625;24.726495726495727;25.0;25.0;0;0
151.038;-10.0;20.0;0.9903441445902452;24.623931623931625;24.726495726495727;25.0;25.0;0;0
151.141;-10.0;20.0;0.9903441445902452;24.623931623931625;24.726495726495727;25.0;25.0;0;0
151.256;-10.0;20.0;0.9903441445902452;24.623931623931625;24.726495726495727;25.0;25.0;0;0
151.363;-10.0;20.0;0.9903441445902452;24.623931623931625;24.726495726495727;25.0;25.0;0;0
151.47;-10.0;20.0;0.9903441445902452;24.623931623931625;24.726495726495727;25.0;25.0;0;0
151.585;-10.0;20.0;0.9903441445902452;24.623931623931625;24.726495726495727;25.0;25.0;0;0
151.696;-10.0;20.0;0.9903441445902452;24.623931623931625;24.726495726495727;25.0;25.0;0;0
151.808;-10.0;20.0;0.9903441445902452;24.623931623931625;24.726495726495727;25.0;25.0;0;0
151.911;-10.0;20.0;0.9903441445902452;24.623931623931625;24.726495726495727;25.0;25.0;0;0
152.013;-10.0;20.0;0.9903441445902452;24.623931623931625;24.726495726495727;25.0;25.0;0;0
152.114;-10.0;20.0;0.9903441445902452;24.623931623931625;24.726495726495727;25.0;25.0;0;0
152.233;-10.0;20.0;0.9903441445902452;24.623931623931625;24.726495726495727;25.0;25.0;0;0
152.349;-10.0;20.0;0.9903441445902452;24.623931623931625;24.726495726495727;25.0;25.0;0;0
152.457;-10.0;20.0;0.9903441445902452;24.623931623931625;24.726495726495727;25.0;25.0;0;0
152.572;-10.0;20.0;0.9903441445902452;24.623931623931625;24.726495726495727;25.0;25.0;0;0
152.682;-10.0;20.0;0.9903441445902452;24.623931623931625;24.726495726495727;25.0;25.0;0;0
152.788;-10.0;20.0;0.9903441445902452;24.623931623931625;24.726495726495727;25.0;25.0;0;0
152.888;-10.0;20.0;0.9903441445902452;24.623931623931625;24.726495726495727;25.0;25.0;0;0
152.997;-10.0;20.0;0.9903441445902452;24.623931623931625;24.726495726495727;25.0;25.0;0;0
153.105;-10.0;20.0;0.9903441445902452;24.623931623931625;24.726495726495727;25.0;25.0;0;0
153.217;-10.0;20.0;0.9903441445902452;24.623931623931625;24.726495726495727;25.0;25.0;0;0
153.325;-10.0;20.0;0.9903441445902452;24.623931623931625;24.726495726495727;25.0;25.0;0;0
153.439;-10.0;20.0;0.9903441445902452;24.623931623931625;24.726495726495727;25.0;25.0;0;0
153.547;-10.0;20.0;0.9903441445902452;24.623931623931625;24.726495726495727;25.0;25.0;0;0
153.66;-10.0;20.0;0.9903441445902452;24.623931623931625;24.726495726495727;25.0;25.0;0;0
153.768;-10.0;20.0;0.9903441445902452;24.623931623931625;24.726495726495727;25.0;25.0;0;0
153.881;-10.0;20.0;0.9903441445902452;24.623931623931625;24.726495726495727;25.0;25.0;0;0
153.987;-10.0;20.0;0.9903441445902452;24.623931623931625;24.726495726495727;25.0;25.0;0;0
154.102;-10.0;20.0;0.9903441445902452;24.623931623931625;24.726495726495727;25.0;25.0;0;0
154.216;-10.0;20.0;0.9903441445902452;24.572649572649574;24.726495726495727;25.0;25.0;0;0
154.324;-10.0;20.0;0.9903441445902452;24.572649572649574;24.726495726495727;25.0;25.0;0;0
154.433;-10.0;20.0;0.9903441445902452;24.572649572649574;24.726495726495727;25.0;25.0;0;0
154.548;-10.0;20.0;0.9903441445902452;24.572649572649574;24.726495726495727;25.0;25.0;0;0
154.658;-10.0;20.0;0.9903441445902452;24.572649572649574;24.726495726495727;25.0;25.0;0;0
154.767;-10.0;20.0;0.9903441445902452;24.572649572649574;24.726495726495727;25.0;25.0;0;0
154.878;-10.0;20.0;0.9903441445902452;24.572649572649574;24.726495726495727;25.0;25.0;0;0
154.993;-10.0;20.0;0.9903441445902452;24.572649572649574;24.726495726495727;25.0;25.0;0;0
155.102;-10.0;20.0;0.9903441445902452;24.572649572649574;24.726495726495727;25.0;25.0;0;0
155.205;-10.0;20.0;0.9903441445902452;24.572649572649574;24.726495726495727;25.0;25.0;0;0
155.308;-10.0;20.0;0.9903441445902452;24.623931623931625;24.726495726495727;25.0;25.0;0;0
155.42;-10.0;20.0;0.9903441445902452;24.623931623931625;24.726495726495727;25.0;25.0;0;0
155.535;-10.0;20.0;0.9903441445902452;24.623931623931625;24.726495726495727;25.0;25.0;0;0
155.643;-10.0;20.0;0.9903441445902452;24.623931623931625;24.726495726495727;25.0;25.0;0;0
155.757;-10.0;20.0;0.9903441445902452;24.623931623931625;24.726495726495727;25.0;25.0;0;0
155.862;-10.0;20.0;0.9903441445902452;24.623931623931625;24.726495726495727;25.0;25.0;0;0
155.974;-10.0;20.0;0.9903441445902452;24.623931623931625;24.726495726495727;25.0;25.0;0;0
156.075;-10.0;20.0;0.9903441445902452;24.623931623931625;24.726495726495727;25.0;25.0;0;0
156.185;-10.0;20.0;0.9903441445902452;24.623931623931625;24.726495726495727;25.0;25.0;0;0
156.293;-10.0;20.0;0.9903441445902452;24.623931623931625;24.726495726495727;25.0;25.0;0;0
156.405;-10.0;20.0;0.9903441445902452;24.623931623931625;24.726495726495727;25.0;25.0;0;0
156.517;-10.0;20.0;0.9903441445902452;24.623931623931625;24.726495726495727;25.0;25.0;0;0
156.618;-10.0;20.0;0.9903441445902452;24.623931623931625;24.726495726495727;25.0;25.0;0;0
156.726;-10.0;20.0;0.9903441445902452;24.623931623931625;24.726495726495727;25.0;25.0;0;0
156.836;-10.0;20.0;0.9903441445902452;24.623931623931625;24.726495726495727;25.0;25.0;0;0
156.94;-10.0;20.0;0.9903441445902452;24.623931623931625;24.726495726495727;25.0;25.0;0;0
157.041;-10.0;20.0;0.9903441445902452;24.623931623931625;24.726495726495727;25.0;25.0;0;0
157.141;-10.0;20.0;0.9903441445902452;24.623931623931625;24.726495726495727;25.0;25.0;0;0
157.242;-10.0;20.0;0.9903441445902452;24.623931623931625;24.726495726495727;25.0;25.0;0;0
157.343;-10.0;20.0;0.9903441445902452;24.623931623931625;24.726495726495727;25.0;25.0;0;0
157.443;-10.0;20.0;0.9903441445902452;24.623931623931625;24.726495726495727;25.0;25.0;0;0
157.544;-10.0;20.0;0.9903441445902452;24.623931623931625;24.726495726495727;25.0;25.0;0;0
157.645;-10.0;20.0;0.9903441445902452;24.623931623931625;24.726495726495727;25.0;25.0;0;0
157.751;-10.0;20.0;0.9903441445902452;24.623931623931625;24.726495726495727;25.0;25.0;0;0
157.851;-10.0;20.0;0.9903441445902452;24.623931623931625;24.726495726495727;25.0;25.0;0;0
157.955;-10.0;20.0;0.9903441445902452;24.623931623931625;24.726495726495727;25.0;25.0;0;0
158.066;-10.0;20.0;0.9903441445902452;24.623931623931625;24.726495726495727;25.0;25.0;0;0
158.167;-10.0;20.0;0.9903441445902452;24.623931623931625;24.726495726495727;25.0;25.0;0;0
158.268;-10.0;20.0;0.9903441445902452;24.623931623931625;24.726495726495727;25.0;25.0;0;0
158.379;-10.0;20.0;0.9903441445902452;24.623931623931625;24.726495726495727;25.0;25.0;0;0
158.489;-10.0;20.0;0.9903441445902452;24.623931623931625;24.726495726495727;25.0;25.0;0;0
158.602;-10.0;20.0;0.9903441445902452;24.623931623931625;24.726495726495727;25.0;25.0;0;0
158.711;-10.0;20.0;0.9903441445902452;24.623931623931625;24.726495726495727;25.0;25.0;0;0
158.821;-10.0;20.0;0.9903441445902452;24.623931623931625;24.726495726495727;25.0;25.0;0;0
158.924;-10.0;20.0;0.9903441445902452;24.623931623931625;24.726495726495727;25.0;25.0;0;0
159.025;-10.0;20.0;0.9903441445902452;24.623931623931625;24.726495726495727;25.0;25.0;0;0
159.141;-10.0;20.0;0.9903441445902452;24.623931623931625;24.726495726495727;25.0;25.0;0;0
159.245;-10.0;20.0;0.9903441445902452;24.572649572649574;24.726495726495727;25.0;25.0;0;0
159.354;-10.0;20.0;0.9903441445902452;24.572649572649574;24.726495726495727;25.0;25.0;0;0
159.454;-10.0;20.0;0.9903441445902452;24.572649572649574;24.726495726495727;25.0;25.0;0;0
159.555;-10.0;20.0;0.9903441445902452;24.572649572649574;24.726495726495727;25.0;25.0;0;0
159.655;-10.0;20.0;0.9903441445902452;24.572649572649574;24.726495726495727;25.0;25.0;0;0
159.756;-10.0;20.0;0.9903441445902452;24.572649572649574;24.726495726495727;25.0;25.0;0;0
159.858;-10.0;20.0;0.9903441445902452;24.572649572649574;24.726495726495727;25.0;25.0;0;0
159.96;-10.0;20.0;0.9903441445902452;24.572649572649574;24.726495726495727;25.0;25.0;0;0
160.06;-10.0;20.0;0.9903441445902452;24.572649572649574;24.726495726495727;25.0;25.0;0;0
160.168;-10.0;20.0;0.9903441445902452;24.623931623931625;24.726495726495727;25.0;25.0;0;0
160.277;-10.0;20.0;0.9903441445902452;24.623931623931625;24.726495726495727;25.0;25.0;0;0
160.382;-10.0;20.0;0.9903441445902452;24.623931623931625;24.726495726495727;25.0;25.0;0;0
160.482;-10.0;20.0;0.9903441445902452;24.623931623931625;24.726495726495727;25.0;25.0;0;0
160.583;-10.0;20.0;0.9903441445902452;24.623931623931625;24.726495726495727;25.0;25.0;0;0
160.69;-10.0;20.0;0.9903441445902452;24.623931623931625;24.726495726495727;25.0;25.0;0;0
160.8;-10.0;20.0;0.9903441445902452;24.623931623931625;24.726495726495727;25.0;25.0;0;0
160.915;-10.0;20.0;0.9903441445902452;24.623931623931625;24.726495726495727;25.0;25.0;0;0
161.028;-10.0;20.0;0.9903441445902452;24.623931623931625;24.726495726495727;25.0;25.0;0;0
161.138;-10.0;20.0;0.9903441445902452;24.623931623931625;24.726495726495727;25.0;25.0;0;0
161.247;-10.0;20.0;0.9903441445902452;24.623931623931625;24.726495726495727;25.0;25.0;0;0
161.35;-10.0;20.0;0.9903441445902452;24.623931623931625;24.726495726495727;25.0;25.0;0;0
161.452;-10.0;20.0;0.9903441445902452;24.623931623931625;24.726495726495727;25.0;25.0;0;0
161.572;-10.0;20.0;0.9903441445902452;24.623931623931625;24.726495726495727;25.0;25.0;0;0
161.679;-10.0;20.0;0.9903441445902452;24.623931623931625;24.726495726495727;25.0;25.0;0;0
161.786;-10.0;20.0;0.9903441445902452;24.623931623931625;24.726495726495727;25.0;25.0;0;0
161.893;-10.0;20.0;0.9903441445902452;24.623931623931625;24.726495726495727;25.0;25.0;0;0
162.017;-10.0;20.0;0.9903441445902452;24.623931623931625;24.726495726495727;25.0;25.0;0;0
162.121;-10.0;20.0;0.9903441445902452;24.623931623931625;24.726495726495727;25.0;25.0;0;0
162.234;-10.0;20.0;0.9903441445902452;24.623931623931625;24.726495726495727;25.0;25.0;0;0
162.342;-10.0;20.0;0.9903441445902452;24.623931623931625;24.726495726495727;25.0;25.0;0;0
162.451;-10.0;20.0;0.9903441445902452;24.623931623931625;24.726495726495727;25.0;25.0;0;0
162.554;-10.0;20.0;0.9903441445902452;24.623931623931625;24.726495726495727;25.0;25.0;0;0
162.662;-10.0;20.0;0.9903441445902452;24.623931623931625;24.726495726495727;25.0;25.0;0;0
162.774;-10.0;20.0;0.9903441445902452;24.623931623931625;24.726495726495727;25.0;25.0;0;0
162.88;-10.0;20.0;0.9903441445902452;24.623931623931625;24.726495726495727;25.0;25.0;0;0
162.995;-10.0;20.0;0.9903441445902452;24.623931623931625;24.726495726495727;25.0;25.0;0;0
163.107;-10.0;20.0;0.9903441445902452;24.623931623931625;24.726495726495727;25.0;25.0;0;0
163.214;-10.0;20.0;0.9903441445902452;24.623931623931625;24.726495726495727;25.0;25.0;0;0
163.315;-10.0;20.0;0.9903441445902452;24.623931623931625;24.726495726495727;25.0;25.0;0;0
163.427;-10.0;20.0;0.9903441445902452;24.623931623931625;24.726495726495727;25.0;25.0;0;0
163.55;-10.0;20.0;0.9903441445902452;24.623931623931625;24.726495726495727;25.0;25.0;0;0
163.661;-10.0;20.0;0.9903441445902452;24.623931623931625;24.726495726495727;25.0;25.0;0;0
163.77;-10.0;20.0;0.9903441445902452;24.623931623931625;24.726495726495727;25.0;25.0;0;0
163.881;-10.0;20.0;0.9903441445902452;24.623931623931625;24.726495726495727;25.0;25.0;0;0
163.982;-10.0;20.0;0.9903441445902452;24.623931623931625;24.726495726495727;25.0;25.0;0;0
164.091;-10.0;20.0;0.9903441445902452;24.623931623931625;24.726495726495727;25.0;25.0;0;0
164.203;-10.0;20.0;0.9903441445902452;24.572649572649574;24.726495726495727;25.0;25.0;0;0
164.303;-10.0;20.0;0.9903441445902452;24.572649572649574;24.726495726495727;25.0;25.0;0;0
164.411;-10.0;20.0;0.9903441445902452;24.572649572649574;24.726495726495727;25.0;25.0;0;0
164.518;-10.0;20.0;0.9903441445902452;24.572649572649574;24.726495726495727;25.0;25.0;0;0
164.619;-10.0;20.0;0.9903441445902452;24.572649572649574;24.726495726495727;25.0;25.0;0;0
164.719;-10.0;20.0;0.9903441445902452;24.572649572649574;24.726495726495727;25.0;25.0;0;0
164.82;-10.0;20.0;0.9903441445902452;24.572649572649574;24.726495726495727;25.0;25.0;0;0
164.921;-10.0;20.0;0.9903441445902452;24.572649572649574;24.726495726495727;25.0;25.0;0;0
165.021;-10.0;20.0;0.9903441445902452;24.572649572649574;24.726495726495727;25.0;25.0;0;0
165.122;-10.0;20.0;0.9903441445902452;24.572649572649574;24.726495726495727;25.0;25.0;0;0
165.227;-10.0;20.0;0.9903441445902452;24.623931623931625;24.726495726495727;25.0;25.0;0;0
165.327;-10.0;20.0;0.9903441445902452;24.623931623931625;24.726495726495727;25.0;25.0;0;0
165.434;-10.0;20.0;0.9903441445902452;24.623931623931625;24.726495726495727;25.0;25.0;0;0
165.544;-10.0;20.0;0.9903441445902452;24.623931623931625;24.726495726495727;25.0;25.0;0;0
165.644;-10.0;20.0;0.9903441445902452;24.623931623931625;24.726495726495727;25.0;25.0;0;0
165.752;-10.0;20.0;0.9903441445902452;24.623931623931625;24.726495726495727;25.0;25.0;0;0
165.853;-10.0;20.0;0.9903441445902452;24.623931623931625;24.726495726495727;25.0;25.0;0;0
165.954;-10.0;20.0;0.9903441445902452;24.623931623931625;24.726495726495727;25.0;25.0;0;0
166.072;-10.0;20.0;0.9903441445902452;24.623931623931625;24.726495726495727;25.0;25.0;0;0
166.178;-10.0;20.0;0.9903441445902452;24.623931623931625;24.726495726495727;25.0;25.0;0;0
166.288;-10.0;20.0;0.9903441445902452;24.623931623931625;24.726495726495727;25.0;25.0;0;0
166.401;-10.0;20.0;0.9903441445902452;24.623931623931625;24.726495726495727;25.0;25.0;0;0
166.502;-10.0;20.0;0.9903441445902452;24.623931623931625;24.726495726495727;25.0;25.0;0;0
166.605;-10.0;20.0;0.9903441445902452;24.623931623931625;24.726495726495727;25.0;25.0;0;0
166.72;-10.0;20.0;0.9903441445902452;24.623931623931625;24.726495726495727;25.0;25.0;0;0
166.828;-10.0;20.0;0.9903441445902452;24.623931623931625;24.726495726495727;25.0;25.0;0;0
166.94;-10.0;20.0;0.9903441445902452;24.623931623931625;24.726495726495727;25.0;25.0;0;0
167.055;-10.0;20.0;0.9903441445902452;24.623931623931625;24.726495726495727;25.0;25.0;0;0
167.163;-10.0;20.0;0.9903441445902452;24.623931623931625;24.726495726495727;25.0;25.0;0;0
167.273;-10.0;20.0;0.9903441445902452;24.623931623931625;24.726495726495727;25.0;25.0;0;0
167.389;-10.0;20.0;0.9903441445902452;24.623931623931625;24.726495726495727;25.0;25.0;0;0
167.496;-10.0;20.0;0.9903441445902452;24.623931623931625;24.726495726495727;25.0;25.0;0;0
167.606;-10.0;20.0;0.9903441445902452;24.623931623931625;24.726495726495727;25.0;25.0;0;0
167.707;-10.0;20.0;0.9903441445902452;24.623931623931625;24.726495726495727;25.0;25.0;0;0
167.811;-10.0;20.0;0.9903441445902452;24.623931623931625;24.726495726495727;25.0;25.0;0;0
167.941;-10.0;20.0;0.9903441445902452;24.623931623931625;24.726495726495727;25.0;25.0;0;0
168.042;-10.0;20.0;0.9903441445902452;24.623931623931625;24.726495726495727;25.0;25.0;0;0
168.163;-10.0;20.0;0.9903441445902452;24.623931623931625;24.726495726495727;25.0;25.0;0;0
168.277;-10.0;20.0;0.9903441445902452;24.572649572649574;24.726495726495727;25.0;25.0;0;0
168.378;-10.0;20.0;0.9903441445902452;24.572649572649574;24.726495726495727;25.0;25.0;0;0
168.48;-10.0;20.0;0.9903441445902452;24.572649572649574;24.726495726495727;25.0;25.0;0;0
168.581;-10.0;20.0;0.9903441445902452;24.572649572649574;24.726495726495727;25.0;25.0;0;0
168.706;-10.0;20.0;0.9903441445902452;24.572649572649574;24.726495726495727;25.0;25.0;0;0
168.814;-10.0;20.0;0.9903441445902452;24.572649572649574;24.726495726495727;25.0;25.0;0;0
168.922;-10.0;20.0;0.9903441445902452;24.572649572649574;24.726495726495727;25.0;25.0;0;0
169.038;-10.0;20.0;0.9903441445902452;24.572649572649574;24.726495726495727;25.0;25.0;0;0
169.147;-10.0;20.0;0.9903441445902452;24.572649572649574;24.726495726495727;25.0;25.0;0;0
169.258;-10.0;20.0;0.9903441445902452;24.572649572649574;24.726495726495727;25.0;25.0;0;0
169.366;-10.0;20.0;0.9903441445902452;24.572649572649574;24.726495726495727;25.0;25.0;0;0
169.48;-10.0;20.0;0.9903441445902452;24.572649572649574;24.726495726495727;25.0;25.0;0;0
169.586;-10.0;20.0;0.9903441445902452;24.572649572649574;24.726495726495727;25.0;25.0;0;0
169.686;-10.0;20.0;0.9903441445902452;24.572649572649574;24.726495726495727;25.0;25.0;0;0
169.799;-10.0;20.0;0.9903441445902452;24.572649572649574;24.726495726495727;25.0;25.0;0;0
169.906;-10.0;20.0;0.9903441445902452;24.572649572649574;24.726495726495727;25.0;25.0;0;0
170.015;-10.0;20.0;0.9903441445902452;24.572649572649574;24.726495726495727;25.0;25.0;0;0
170.128;-10.0;20.0;0.9903441445902452;24.572649572649574;24.726495726495727;25.0;25.0;0;0
170.241;-10.0;20.0;0.9903441445902452;24.572649572649574;24.726495726495727;25.0;25.0;0;0
170.351;-10.0;20.0;0.9903441445902452;24.572649572649574;24.726495726495727;25.0;25.0;0;0
170.454;-10.0;20.0;0.9903441445902452;24.572649572649574;24.726495726495727;25.0;25.0;0;0
170.567;-10.0;20.0;0.9903441445902452;24.572649572649574;24.726495726495727;25.0;25.0;0;0
170.672;-10.0;20.0;0.9903441445902452;24.572649572649574;24.726495726495727;25.0;25.0;0;0
170.783;-10.0;20.0;0.9903441445902452;24.572649572649574;24.726495726495727;25.0;25.0;0;0
170.89;-10.0;20.0;0.9903441445902452;24.572649572649574;24.726495726495727;25.0;25.0;0;0
171.004;-10.0;20.0;0.9903441445902452;24.572649572649574;24.726495726495727;25.0;25.0;0;0
171.118;-10.0;20.0;0.9903441445902452;24.572649572649574;24.726495726495727;25.0;25.0;0;0
171.225;-10.0;20.0;0.9903441445902452;24.572649572649574;24.726495726495727;25.0;25.0;0;0
171.341;-10.0;20.0;0.9903441445902452;24.572649572649574;24.726495726495727;25.0;25.0;0;0
171.451;-10.0;20.0;0.9903441445902452;24.572649572649574;24.726495726495727;25.0;25.0;0;0
171.562;-10.0;20.0;0.9903441445902452;24.572649572649574;24.726495726495727;25.0;25.0;0;0
171.668;-10.0;20.0;0.9903441445902452;24.572649572649574;24.726495726495727;25.0;25.0;0;0
171.776;-10.0;20.0;0.9903441445902452;24.572649572649574;24.726495726495727;25.0;25.0;0;0
171.879;-10.0;20.0;0.9903441445902452;24.572649572649574;24.726495726495727;25.0;25.0;0;0
171.983;-10.0;20.0;0.9903441445902452;24.572649572649574;24.726495726495727;25.0;25.0;0;0
172.083;-10.0;20.0;0.9903441445902452;24.572649572649574;24.726495726495727;25.0;25.0;0;0
172.192;-10.0;20.0;0.9903441445902452;24.572649572649574;24.726495726495727;25.0;25.0;0;0
172.302;-10.0;20.0;0.9903441445902452;24.572649572649574;24.726495726495727;25.0;25.0;0;0
172.408;-10.0;20.0;0.9903441445902452;24.572649572649574;24.726495726495727;25.0;25.0;0;0
172.519;-10.0;20.0;0.9903441445902452;24.572649572649574;24.726495726495727;25.0;25.0;0;0
172.628;-10.0;20.0;0.9903441445902452;24.572649572649574;24.726495726495727;25.0;25.0;0;0
172.741;-10.0;20.0;0.9903441445902452;24.572649572649574;24.726495726495727;25.0;25.0;0;0
172.848;-10.0;20.0;0.9903441445902452;24.572649572649574;24.726495726495727;25.0;25.0;0;0
172.949;-10.0;20.0;0.9903441445902452;24.572649572649574;24.726495726495727;25.0;25.0;0;0
173.049;-10.0;20.0;0.9903441445902452;24.572649572649574;24.726495726495727;25.0;25.0;0;0
173.149;-10.0;20.0;0.9903441445902452;24.572649572649574;24.726495726495727;25.0;25.0;0;0
173.25;-10.0;20.0;0.9903441445902452;24.572649572649574;24.726495726495727;25.0;25.0;0;0
173.35;-10.0;20.0;0.9903441445902452;24.572649572649574;24.726495726495727;25.0;25.0;0;0
173.452;-10.0;20.0;0.9903441445902452;24.572649572649574;24.726495726495727;25.0;25.0;0;0
173.557;-10.0;20.0;0.9903441445902452;24.572649572649574;24.726495726495727;25.0;25.0;0;0
173.66;-10.0;20.0;0.9903441445902452;24.572649572649574;24.726495726495727;25.0;25.0;0;0
173.761;-10.0;20.0;0.9903441445902452;24.572649572649574;24.726495726495727;25.0;25.0;0;0
173.863;-10.0;20.0;0.9903441445902452;24.572649572649574;24.726495726495727;25.0;25.0;0;0
173.976;-10.0;20.0;0.9903441445902452;24.572649572649574;24.726495726495727;25.0;25.0;0;0
174.081;-10.0;20.0;0.9903441445902452;24.572649572649574;24.726495726495727;25.0;25.0;0;0
174.192;-10.0;20.0;0.9903441445902452;24.572649572649574;24.726495726495727;25.0;25.0;0;0
174.302;-10.0;20.0;0.9903441445902452;24.572649572649574;24.726495726495727;25.0;25.0;0;0
174.404;-10.0;20.0;0.9903441445902452;24.572649572649574;24.726495726495727;25.0;25.0;0;0
174.505;-10.0;20.0;0.9903441445902452;24.572649572649574;24.726495726495727;25.0;25.0;0;0
174.605;-10.0;20.0;0.9903441445902452;24.572649572649574;24.726495726495727;25.0;25.0;0;0
174.715;-10.0;20.0;0.9903441445902452;24.572649572649574;24.726495726495727;25.0;25.0;0;0
174.843;-10.0;20.0;0.9903441445902452;24.572649572649574;24.726495726495727;25.0;25.0;0;0
174.948;-10.0;20.0;0.9903441445902452;24.572649572649574;24.726495726495727;25.0;25.0;0;0
175.066;-10.0;20.0;0.9903441445902452;24.572649572649574;24.726495726495727;25.0;25.0;0;0
175.176;-10.0;20.0;0.9903441445902452;24.572649572649574;24.726495726495727;25.0;25.0;0;0
175.286;-10.0;20.0;0.9903441445902452;24.572649572649574;24.726495726495727;25.0;25.0;0;0
175.393;-10.0;20.0;0.9903441445902452;24.572649572649574;24.726495726495727;25.0;25.0;0;0
175.508;-10.0;20.0;0.9903441445902452;24.572649572649574;24.726495726495727;25.0;25.0;0;0
175.617;-10.0;20.0;0.9903441445902452;24.572649572649574;24.726495726495727;25.0;25.0;0;0
175.73;-10.0;20.0;0.9903441445902452;24.572649572649574;24.726495726495727;25.0;25.0;0;0
175.84;-10.0;20.0;0.9903441445902452;24.572649572649574;24.726495726495727;25.0;25.0;0;0
175.955;-10.0;20.0;0.9903441445902452;24.572649572649574;24.726495726495727;25.0;25.0;0;0
176.064;-10.0;20.0;0.9903441445902452;24.572649572649574;24.726495726495727;25.0;25.0;0;0
176.172;-10.0;20.0;0.9903441445902452;24.572649572649574;24.726495726495727;25.0;25.0;0;0
176.272;-10.0;20.0;0.9903441445902452;24.572649572649574;24.726495726495727;25.0;25.0;0;0
176.378;-10.0;20.0;0.9903441445902452;24.572649572649574;24.726495726495727;25.0;25.0;0;0
176.479;-10.0;20.0;0.9903441445902452;24.572649572649574;24.726495726495727;25.0;25.0;0;0
176.587;-10.0;20.0;0.9903441445902452;24.572649572649574;24.726495726495727;25.0;25.0;0;0
176.688;-10.0;20.0;0.9903441445902452;24.572649572649574;24.726495726495727;25.0;25.0;0;0
176.788;-10.0;20.0;0.9903441445902452;24.572649572649574;24.726495726495727;25.0;25.0;0;0
176.889;-10.0;20.0;0.9903441445902452;24.572649572649574;24.726495726495727;25.0;25.0;0;0
176.989;-10.0;20.0;0.9903441445902452;24.572649572649574;24.726495726495727;25.0;25.0;0;0
177.09;-10.0;20.0;0.9903441445902452;24.572649572649574;24.726495726495727;25.0;25.0;0;0
177.194;-10.0;20.0;0.9903441445902452;24.572649572649574;24.726495726495727;25.0;25.0;0;0
177.297;-10.0;20.0;0.9903441445902452;24.572649572649574;24.726495726495727;25.0;25.0;0;0
177.4;-10.0;20.0;0.9903441445902452;24.572649572649574;24.726495726495727;25.0;25.0;0;0
177.509;-10.0;20.0;0.9903441445902452;24.572649572649574;24.726495726495727;25.0;25.0;0;0
177.612;-10.0;20.0;0.9903441445902452;24.572649572649574;24.726495726495727;25.0;25.0;0;0
177.717;-10.0;20.0;0.9903441445902452;24.572649572649574;24.726495726495727;25.0;25.0;0;0
177.827;-10.0;20.0;0.9903441445902452;24.572649572649574;24.726495726495727;25.0;25.0;0;0
177.931;-10.0;20.0;0.9903441445902452;24.572649572649574;24.726495726495727;25.0;25.0;0;0
178.051;-10.0;20.0;0.9903441445902452;24.572649572649574;24.726495726495727;25.0;25.0;0;0
178.16;-10.0;20.0;0.9903441445902452;24.572649572649574;24.726495726495727;25.0;25.0;0;0
178.261;-10.0;20.0;0.9903441445902452;24.572649572649574;24.726495726495727;25.0;25.0;0;0
178.386;-10.0;20.0;0.9903441445902452;24.572649572649574;24.726495726495727;25.0;25.0;0;0
178.495;-10.0;20.0;0.9903441445902452;24.572649572649574;24.726495726495727;25.0;25.0;0;0
178.596;-10.0;20.0;0.9903441445902452;24.572649572649574;24.726495726495727;25.0;25.0;0;0
178.707;-10.0;20.0;0.9903441445902452;24.572649572649574;24.726495726495727;25.0;25.0;0;0
178.815;-10.0;20.0;0.9903441445902452;24.572649572649574;24.726495726495727;25.0;25.0;0;0
178.923;-10.0;20.0;0.9903441445902452;24.572649572649574;24.726495726495727;25.0;25.0;0;0
179.035;-10.0;20.0;0.9903441445902452;24.572649572649574;24.726495726495727;25.0;25.0;0;0
179.147;-10.0;20.0;0.9903441445902452;24.572649572649574;24.726495726495727;25.0;25.0;0;0
179.259;-10.0;20.0;0.9903441445902452;24.572649572649574;24.726495726495727;25.0;25.0;0;0
179.37;-10.0;20.0;0.9903441445902452;24.572649572649574;24.675213675213676;25.0;25.0;0;0
179.47;-10.0;20.0;0.9903441445902452;24.572649572649574;24.675213675213676;25.0;25.0;0;0
179.575;-10.0;20.0;0.9903441445902452;24.572649572649574;24.675213675213676;25.0;25.0;0;0
179.69;-10.0;20.0;0.9903441445902452;24.572649572649574;24.675213675213676;25.0;25.0;0;0
179.798;-10.0;20.0;0.9903441445902452;24.572649572649574;24.675213675213676;25.0;25.0;0;0
179.916;-10.0;20.0;0.9903441445902452;24.572649572649574;24.675213675213676;25.0;25.0;0;0
180.023;-10.0;20.0;0.9903441445902452;24.572649572649574;24.675213675213676;25.0;25.0;0;0
180.124;-10.0;20.0;0.9903441445902452;24.572649572649574;24.675213675213676;25.0;25.0;0;0
180.229;-10.0;20.0;0.9903441445902452;24.572649572649574;24.675213675213676;25.0;25.0;0;0
180.34;-10.0;20.0;0.9903441445902452;24.572649572649574;24.675213675213676;25.0;25.0;0;0
180.454;-10.0;20.0;0.9903441445902452;24.572649572649574;24.675213675213676;25.0;25.0;0;0
180.562;-10.0;20.0;0.9903441445902452;24.572649572649574;24.675213675213676;25.0;25.0;0;0
180.672;-10.0;20.0;0.9903441445902452;24.572649572649574;24.675213675213676;25.0;25.0;0;0
180.788;-10.0;20.0;0.9903441445902452;24.572649572649574;24.675213675213676;25.0;25.0;0;0
180.892;-10.0;20.0;0.9903441445902452;24.572649572649574;24.675213675213676;25.0;25.0;0;0
181.01;-10.0;20.0;0.9903441445902452;24.572649572649574;24.675213675213676;25.0;25.0;0;0
181.117;-10.0;20.0;0.9903441445902452;24.572649572649574;24.675213675213676;25.0;25.0;0;0
181.229;-10.0;20.0;0.9903441445902452;24.572649572649574;24.675213675213676;25.0;25.0;0;0
181.339;-10.0;20.0;0.9903441445902452;24.572649572649574;24.726495726495727;25.0;25.0;0;0
181.442;-10.0;20.0;0.9903441445902452;24.572649572649574;24.726495726495727;25.0;25.0;0;0
181.545;-10.0;20.0;0.9903441445902452;24.572649572649574;24.726495726495727;25.0;25.0;0;0
181.657;-10.0;20.0;0.9903441445902452;24.572649572649574;24.726495726495727;25.0;25.0;0;0
181.769;-10.0;20.0;0.9903441445902452;24.572649572649574;24.726495726495727;25.0;25.0;0;0
181.882;-10.0;20.0;0.9903441445902452;24.572649572649574;24.726495726495727;25.0;25.0;0;0
181.989;-10.0;20.0;0.9903441445902452;24.572649572649574;24.726495726495727;25.0;25.0;0;0
182.097;-10.0;20.0;0.9903441445902452;24.572649572649574;24.726495726495727;25.0;25.0;0;0
182.2;-10.0;20.0;0.9903441445902452;24.572649572649574;24.726495726495727;25.0;25.0;0;0
182.302;-10.0;20.0;0.9903441445902452;24.572649572649574;24.726495726495727;25.0;25.0;0;0
182.415;-10.0;20.0;0.9903441445902452;24.572649572649574;24.726495726495727;25.0;25.0;0;0
182.525;-10.0;20.0;0.9903441445902452;24.572649572649574;24.726495726495727;25.0;25.0;0;0
182.627;-10.0;20.0;0.9903441445902452;24.572649572649574;24.726495726495727;25.0;25.0;0;0
182.732;-10.0;20.0;0.9903441445902452;24.572649572649574;24.726495726495727;25.0;25.0;0;0
182.832;-10.0;20.0;0.9903441445902452;24.572649572649574;24.726495726495727;25.0;25.0;0;0
182.933;-10.0;20.0;0.9903441445902452;24.572649572649574;24.726495726495727;25.0;25.0;0;0
183.033;-10.0;20.0;0.9903441445902452;24.572649572649574;24.726495726495727;25.0;25.0;0;0
183.134;-10.0;20.0;0.9903441445902452;24.572649572649574;24.726495726495727;25.0;25.0;0;0
183.242;-10.0;20.0;0.9903441445902452;24.572649572649574;24.675213675213676;25.0;25.0;0;0
183.343;-10.0;20.0;0.9903441445902452;24.572649572649574;24.675213675213676;25.0;25.0;0;0
183.444;-10.0;20.0;0.9903441445902452;24.572649572649574;24.675213675213676;25.0;25.0;0;0
183.545;-10.0;20.0;0.9903441445902452;24.572649572649574;24.675213675213676;25.0;25.0;0;0
183.646;-10.0;20.0;0.9903441445902452;24.572649572649574;24.675213675213676;25.0;25.0;0;0
183.761;-10.0;20.0;0.9903441445902452;24.572649572649574;24.675213675213676;25.0;25.0;0;0
183.87;-10.0;20.0;0.9903441445902452;24.572649572649574;24.675213675213676;25.0;25.0;0;0
183.973;-10.0;20.0;0.9903441445902452;24.572649572649574;24.675213675213676;25.0;25.0;0;0
184.077;-10.0;20.0;0.9903441445902452;24.572649572649574;24.675213675213676;25.0;25.0;0;0
184.196;-10.0;20.0;0.9903441445902452;24.572649572649574;24.675213675213676;25.0;25.0;0;0
184.302;-10.0;20.0;0.9903441445902452;24.572649572649574;24.726495726495727;25.0;25.0;0;0
184.414;-10.0;20.0;0.9903441445902452;24.572649572649574;24.726495726495727;25.0;25.0;0;0
184.517;-10.0;20.0;0.9903441445902452;24.572649572649574;24.726495726495727;25.0;25.0;0;0
184.62;-10.0;20.0;0.9903441445902452;24.572649572649574;24.726495726495727;25.0;25.0;0;0
184.733;-10.0;20.0;0.9903441445902452;24.572649572649574;24.726495726495727;25.0;25.0;0;0
184.848;-10.0;20.0;0.9903441445902452;24.572649572649574;24.726495726495727;25.0;25.0;0;0
184.951;-10.0;20.0;0.9903441445902452;24.572649572649574;24.726495726495727;25.0;25.0;0;0
185.066;-10.0;20.0;0.9903441445902452;24.572649572649574;24.726495726495727;25.0;25.0;0;0
185.174;-10.0;20.0;0.9903441445902452;24.572649572649574;24.726495726495727;25.0;25.0;0;0
185.288;-10.0;20.0;0.9903441445902452;24.572649572649574;24.726495726495727;25.0;25.0;0;0
185.399;-10.0;20.0;0.9903441445902452;24.572649572649574;24.675213675213676;25.0;25.0;0;0
185.511;-10.0;20.0;0.9903441445902452;24.572649572649574;24.675213675213676;25.0;25.0;0;0
185.619;-10.0;20.0;0.9903441445902452;24.572649572649574;24.675213675213676;25.0;25.0;0;0
185.736;-10.0;20.0;0.9903441445902452;24.572649572649574;24.675213675213676;25.0;25.0;0;0
185.843;-10.0;20.0;0.9903441445902452;24.572649572649574;24.675213675213676;25.0;25.0;0;0
185.948;-10.0;20.0;0.9903441445902452;24.572649572649574;24.675213675213676;25.0;25.0;0;0
186.057;-10.0;20.0;0.9903441445902452;24.572649572649574;24.675213675213676;25.0;25.0;0;0
186.166;-10.0;20.0;0.9903441445902452;24.572649572649574;24.675213675213676;25.0;25.0;0;0
186.282;-10.0;20.0;0.9903441445902452;24.572649572649574;24.675213675213676;25.0;25.0;0;0
186.39;-10.0;20.0;0.9903441445902452;24.572649572649574;24.726495726495727;25.0;25.0;0;0
186.492;-10.0;20.0;0.9903441445902452;24.572649572649574;24.726495726495727;25.0;25.0;0;0
186.612;-10.0;20.0;0.9903441445902452;24.572649572649574;24.726495726495727;25.0;25.0;0;0
186.729;-10.0;20.0;0.9903441445902452;24.572649572649574;24.726495726495727;25.0;25.0;0;0
186.844;-10.0;20.0;0.9903441445902452;24.572649572649574;24.726495726495727;25.0;25.0;0;0
186.951;-10.0;20.0;0.9903441445902452;24.572649572649574;24.726495726495727;25.0;25.0;0;0
187.061;-10.0;20.0;0.9903441445902452;24.572649572649574;24.726495726495727;25.0;25.0;0;0
187.166;-10.0;20.0;0.9903441445902452;24.572649572649574;24.726495726495727;25.0;25.0;0;0
187.267;-10.0;20.0;0.9903441445902452;24.572649572649574;24.726495726495727;25.0;25.0;0;0
187.374;-10.0;20.0;0.9903441445902452;24.572649572649574;24.726495726495727;25.0;25.0;0;0
187.485;-10.0;20.0;0.9903441445902452;24.572649572649574;24.726495726495727;25.0;25.0;0;0
187.595;-10.0;20.0;0.9903441445902452;24.572649572649574;24.726495726495727;25.0;25.0;0;0
187.703;-10.0;20.0;0.9903441445902452;24.572649572649574;24.726495726495727;25.0;25.0;0;0
187.815;-10.0;20.0;0.9903441445902452;24.572649572649574;24.726495726495727;25.0;25.0;0;0
187.921;-10.0;20.0;0.9903441445902452;24.572649572649574;24.726495726495727;25.0;25.0;0;0
188.031;-10.0;20.0;0.9903441445902452;24.572649572649574;24.726495726495727;25.0;25.0;0;0
188.139;-10.0;20.0;0.9903441445902452;24.572649572649574;24.726495726495727;25.0;25.0;0;0
188.253;-10.0;20.0;0.9903441445902452;24.572649572649574;24.726495726495727;25.0;25.0;0;0
188.359;-10.0;20.0;0.9903441445902452;24.572649572649574;24.675213675213676;25.0;25.0;0;0
188.474;-10.0;20.0;0.9903441445902452;24.572649572649574;24.675213675213676;25.0;25.0;0;0
188.58;-10.0;20.0;0.9903441445902452;24.572649572649574;24.675213675213676;25.0;25.0;0;0
188.694;-10.0;20.0;0.9903441445902452;24.572649572649574;24.675213675213676;25.0;25.0;0;0
188.801;-10.0;20.0;0.9903441445902452;24.572649572649574;24.675213675213676;25.0;25.0;0;0
188.911;-10.0;20.0;0.9903441445902452;24.572649572649574;24.675213675213676;25.0;25.0;0;0
189.02;-10.0;20.0;0.9903441445902452;24.572649572649574;24.675213675213676;25.0;25.0;0;0
189.131;-10.0;20.0;0.9903441445902452;24.572649572649574;24.675213675213676;25.0;25.0;0;0
189.24;-10.0;20.0;0.9903441445902452;24.572649572649574;24.675213675213676;25.0;25.0;0;0
189.353;-10.0;20.0;0.9903441445902452;24.572649572649574;24.726495726495727;25.0;25.0;0;0
189.462;-10.0;20.0;0.9903441445902452;24.572649572649574;24.726495726495727;25.0;25.0;0;0
189.572;-10.0;20.0;0.9903441445902452;24.572649572649574;24.726495726495727;25.0;25.0;0;0
189.682;-10.0;20.0;0.9903441445902452;24.572649572649574;24.726495726495727;25.0;25.0;0;0
189.783;-10.0;20.0;0.9903441445902452;24.572649572649574;24.726495726495727;25.0;25.0;0;0
189.885;-10.0;20.0;0.9903441445902452;24.572649572649574;24.726495726495727;25.0;25.0;0;0
190.004;-10.0;20.0;0.9903441445902452;24.572649572649574;24.726495726495727;25.0;25.0;0;0
190.108;-10.0;20.0;0.9903441445902452;24.572649572649574;24.726495726495727;25.0;25.0;0;0
190.219;-10.0;20.0;0.9903441445902452;24.572649572649574;24.726495726495727;25.0;25.0;0;0
190.321;-10.0;20.0;0.9903441445902452;24.572649572649574;24.675213675213676;25.0;25.0;0;0
190.431;-10.0;20.0;0.9903441445902452;24.572649572649574;24.675213675213676;25.0;25.0;0;0
190.537;-10.0;20.0;0.9903441445902452;24.572649572649574;24.675213675213676;25.0;25.0;0;0
190.637;-10.0;20.0;0.9903441445902452;24.572649572649574;24.675213675213676;25.0;25.0;0;0
190.738;-10.0;20.0;0.9903441445902452;24.572649572649574;24.675213675213676;25.0;25.0;0;0
190.838;-10.0;20.0;0.9903441445902452;24.572649572649574;24.675213675213676;25.0;25.0;0;0
190.939;-10.0;20.0;0.9903441445902452;24.572649572649574;24.675213675213676;25.0;25.0;0;0
191.04;-10.0;20.0;0.9903441445902452;24.572649572649574;24.675213675213676;25.0;25.0;0;0
191.146;-10.0;20.0;0.9903441445902452;24.572649572649574;24.675213675213676;25.0;25.0;0;0
191.248;-10.0;20.0;0.9903441445902452;24.572649572649574;24.675213675213676;25.0;25.0;0;0
191.349;-10.0;20.0;0.9903441445902452;24.572649572649574;24.675213675213676;25.0;25.0;0;0
191.449;-10.0;20.0;0.9903441445902452;24.572649572649574;24.675213675213676;25.0;25.0;0;0
191.552;-10.0;20.0;0.9903441445902452;24.572649572649574;24.675213675213676;25.0;25.0;0;0
191.663;-10.0;20.0;0.9903441445902452;24.572649572649574;24.675213675213676;25.0;25.0;0;0
191.764;-10.0;20.0;0.9903441445902452;24.572649572649574;24.675213675213676;25.0;25.0;0;0
191.875;-10.0;20.0;0.9903441445902452;24.572649572649574;24.675213675213676;25.0;25.0;0;0
191.982;-10.0;20.0;0.9903441445902452;24.572649572649574;24.675213675213676;25.0;25.0;0;0
192.1;-10.0;20.0;0.9903441445902452;24.572649572649574;24.675213675213676;25.0;25.0;0;0
192.205;-10.0;20.0;0.9903441445902452;24.572649572649574;24.675213675213676;25.0;25.0;0;0
192.317;-10.0;20.0;0.9903441445902452;24.572649572649574;24.675213675213676;25.0;25.0;0;0
192.433;-10.0;20.0;0.9903441445902452;24.572649572649574;24.726495726495727;25.0;25.0;0;0
192.542;-10.0;20.0;0.9903441445902452;24.572649572649574;24.726495726495727;25.0;25.0;0;0
192.65;-10.0;20.0;0.9903441445902452;24.572649572649574;24.726495726495727;25.0;25.0;0;0
192.763;-10.0;20.0;0.9903441445902452;24.572649572649574;24.726495726495727;25.0;25.0;0;0
192.88;-10.0;20.0;0.9903441445902452;24.572649572649574;24.726495726495727;25.0;25.0;0;0
192.99;-10.0;20.0;0.9903441445902452;24.572649572649574;24.726495726495727;25.0;25.0;0;0
193.098;-10.0;20.0;0.9903441445902452;24.572649572649574;24.726495726495727;25.0;25.0;0;0
193.199;-10.0;20.0;0.9903441445902452;24.572649572649574;24.726495726495727;25.0;25.0;0;0
193.301;-10.0;20.0;0.9903441445902452;24.572649572649574;24.726495726495727;25.0;25.0;0;0
193.401;-10.0;20.0;0.9903441445902452;24.572649572649574;24.675213675213676;25.0;25.0;0;0
193.509;-10.0;20.0;0.9903441445902452;24.572649572649574;24.675213675213676;25.0;25.0;0;0
193.618;-10.0;20.0;0.9903441445902452;24.572649572649574;24.675213675213676;25.0;25.0;0;0
193.719;-10.0;20.0;0.9903441445902452;24.572649572649574;24.675213675213676;25.0;25.0;0;0
193.819;-10.0;20.0;0.9903441445902452;24.572649572649574;24.675213675213676;25.0;25.0;0;0
193.92;-10.0;20.0;0.9903441445902452;24.572649572649574;24.675213675213676;25.0;25.0;0;0
194.021;-10.0;20.0;0.9903441445902452;24.572649572649574;24.675213675213676;25.0;25.0;0;0
194.121;-10.0;20.0;0.9903441445902452;24.572649572649574;24.675213675213676;25.0;25.0;0;0
194.225;-10.0;20.0;0.9903441445902452;24.572649572649574;24.675213675213676;25.0;25.0;0;0
194.329;-10.0;20.0;0.9903441445902452;24.572649572649574;24.675213675213676;25.0;25.0;0;0
194.436;-10.0;20.0;0.9903441445902452;24.572649572649574;24.675213675213676;25.0;25.0;0;0
194.537;-10.0;20.0;0.9903441445902452;24.572649572649574;24.675213675213676;25.0;25.0;0;0
194.643;-10.0;20.0;0.9903441445902452;24.572649572649574;24.675213675213676;25.0;25.0;0;0
194.744;-10.0;20.0;0.9903441445902452;24.572649572649574;24.675213675213676;25.0;25.0;0;0
194.845;-10.0;20.0;0.9903441445902452;24.572649572649574;24.675213675213676;25.0;25.0;0;0
194.951;-10.0;20.0;0.9903441445902452;24.572649572649574;24.675213675213676;25.0;25.0;0;0
195.062;-10.0;20.0;0.9903441445902452;24.572649572649574;24.675213675213676;25.0;25.0;0;0
195.175;-10.0;20.0;0.9903441445902452;24.572649572649574;24.675213675213676;25.0;25.0;0;0
195.284;-10.0;20.0;0.9903441445902452;24.572649572649574;24.675213675213676;25.0;25.0;0;0
195.397;-10.0;20.0;0.9903441445902452;24.572649572649574;24.675213675213676;25.0;25.0;0;0
195.504;-10.0;20.0;0.9903441445902452;24.572649572649574;24.675213675213676;25.0;25.0;0;0
195.605;-10.0;20.0;0.9903441445902452;24.572649572649574;24.675213675213676;25.0;25.0;0;0
195.718;-10.0;20.0;0.9903441445902452;24.572649572649574;24.675213675213676;25.0;25.0;0;0
195.838;-10.0;20.0;0.9903441445902452;24.572649572649574;24.675213675213676;25.0;25.0;0;0
195.954;-10.0;20.0;0.9903441445902452;24.572649572649574;24.675213675213676;25.0;25.0;0;0
196.068;-10.0;20.0;0.9903441445902452;24.572649572649574;24.675213675213676;25.0;25.0;0;0
196.179;-10.0;20.0;0.9903441445902452;24.572649572649574;24.675213675213676;25.0;25.0;0;0
196.293;-10.0;20.0;0.9903441445902452;24.572649572649574;24.675213675213676;25.0;25.0;0;0
196.395;-10.0;20.0;0.9903441445902452;24.572649572649574;24.675213675213676;25.0;25.0;0;0
196.511;-10.0;20.0;0.9903441445902452;24.572649572649574;24.675213675213676;25.0;25.0;0;0
196.618;-10.0;20.0;0.9903441445902452;24.572649572649574;24.675213675213676;25.0;25.0;0;0
196.719;-10.0;20.0;0.9903441445902452;24.572649572649574;24.675213675213676;25.0;25.0;0;0
196.828;-10.0;20.0;0.9903441445902452;24.572649572649574;24.675213675213676;25.0;25.0;0;0
196.934;-10.0;20.0;0.9903441445902452;24.572649572649574;24.675213675213676;25.0;25.0;0;0
197.05;-10.0;20.0;0.9903441445902452;24.572649572649574;24.675213675213676;25.0;25.0;0;0
197.16;-10.0;20.0;0.9903441445902452;24.572649572649574;24.675213675213676;25.0;25.0;0;0
197.274;-10.0;20.0;0.9903441445902452;24.572649572649574;24.675213675213676;25.0;25.0;0;0
197.385;-10.0;20.0;0.9903441445902452;24.572649572649574;24.675213675213676;25.0;25.0;0;0
197.492;-10.0;20.0;0.9903441445902452;24.572649572649574;24.675213675213676;25.0;25.0;0;0
197.592;-10.0;20.0;0.9903441445902452;24.572649572649574;24.675213675213676;25.0;25.0;0;0
197.7;-10.0;20.0;0.9903441445902452;24.572649572649574;24.675213675213676;25.0;25.0;0;0
197.81;-10.0;20.0;0.9903441445902452;24.572649572649574;24.675213675213676;25.0;25.0;0;0
197.923;-10.0;20.0;0.9903441445902452;24.572649572649574;24.675213675213676;25.0;25.0;0;0
198.038;-10.0;20.0;0.9903441445902452;24.572649572649574;24.675213675213676;25.0;25.0;0;0
198.146;-10.0;20.0;0.9903441445902452;24.572649572649574;24.675213675213676;25.0;25.0;0;0
198.257;-10.0;20.0;0.9903441445902452;24.572649572649574;24.675213675213676;25.0;25.0;0;0
198.369;-10.0;20.0;0.9903441445902452;24.572649572649574;24.675213675213676;25.0;25.0;0;0
198.48;-10.0;20.0;0.9903441445902452;24.572649572649574;24.675213675213676;25.0;25.0;0;0
198.594;-10.0;20.0;0.9903441445902452;24.572649572649574;24.675213675213676;25.0;25.0;0;0
198.702;-10.0;20.0;0.9903441445902452;24.572649572649574;24.675213675213676;25.0;25.0;0;0
198.818;-10.0;20.0;0.9903441445902452;24.572649572649574;24.675213675213676;25.0;25.0;0;0
198.925;-10.0;20.0;0.9903441445902452;24.572649572649574;24.675213675213676;25.0;25.0;0;0
199.036;-10.0;20.0;0.9903441445902452;24.572649572649574;24.675213675213676;25.0;25.0;0;0
199.149;-10.0;20.0;0.9903441445902452;24.572649572649574;24.675213675213676;25.0;25.0;0;0
199.259;-10.0;20.0;0.9903441445902452;24.572649572649574;24.675213675213676;25.0;25.0;0;0
199.36;-10.0;20.0;0.9903441445902452;24.572649572649574;24.675213675213676;25.0;25.0;0;0
199.464;-10.0;20.0;0.9903441445902452;24.572649572649574;24.675213675213676;25.0;25.0;0;0
199.58;-10.0;20.0;0.9903441445902452;24.572649572649574;24.675213675213676;25.0;25.0;0;0
199.692;-10.0;20.0;0.9903441445902452;24.572649572649574;24.675213675213676;25.0;25.0;0;0
199.799;-10.0;20.0;0.9903441445902452;24.572649572649574;24.675213675213676;25.0;25.0;0;0
199.908;-10.0;20.0;0.9903441445902452;24.572649572649574;24.675213675213676;25.0;25.0;0;0
200.021;-10.0;20.0;0.9903441445902452;24.572649572649574;24.675213675213676;25.0;25.0;0;0
200.122;-10.0;20.0;0.9903441445902452;24.572649572649574;24.675213675213676;25.0;25.0;0;0
200.229;-10.0;20.0;0.9903441445902452;24.572649572649574;24.675213675213676;25.0;25.0;0;0
200.34;-10.0;20.0;0.9903441445902452;24.572649572649574;24.675213675213676;25.0;25.0;0;0
200.453;-10.0;20.0;0.9903441445902452;24.572649572649574;24.675213675213676;25.0;25.0;0;0
200.562;-10.0;20.0;0.9903441445902452;24.572649572649574;24.675213675213676;25.0;25.0;0;0
200.671;-10.0;20.0;0.9903441445902452;24.572649572649574;24.675213675213676;25.0;25.0;0;0
200.787;-10.0;20.0;0.9903441445902452;24.572649572649574;24.675213675213676;25.0;25.0;0;0
200.895;-10.0;20.0;0.9903441445902452;24.572649572649574;24.675213675213676;25.0;25.0;0;0
201.006;-10.0;20.0;0.9903441445902452;24.572649572649574;24.675213675213676;25.0;25.0;0;0
201.113;-10.0;20.0;0.9903441445902452;24.572649572649574;24.675213675213676;25.0;25.0;0;0
201.23;-10.0;20.0;0.9903441445902452;24.572649572649574;24.675213675213676;25.0;25.0;0;0
201.341;-10.0;20.0;0.9903441445902452;24.572649572649574;24.675213675213676;25.0;25.0;0;0
201.451;-10.0;20.0;0.9903441445902452;24.512820512820515;24.675213675213676;25.0;25.0;0;0
201.554;-10.0;20.0;0.9903441445902452;24.512820512820515;24.675213675213676;25.0;25.0;0;0
201.661;-10.0;20.0;0.9903441445902452;24.512820512820515;24.675213675213676;25.0;25.0;0;0
201.763;-10.0;20.0;0.9903441445902452;24.512820512820515;24.675213675213676;25.0;25.0;0;0
201.882;-10.0;20.0;0.9903441445902452;24.512820512820515;24.675213675213676;25.0;25.0;0;0
201.991;-10.0;20.0;0.9903441445902452;24.512820512820515;24.675213675213676;25.0;25.0;0;0
202.102;-10.0;20.0;0.9903441445902452;24.512820512820515;24.675213675213676;25.0;25.0;0;0
202.211;-10.0;20.0;0.9903441445902452;24.512820512820515;24.675213675213676;25.0;25.0;0;0
202.322;-10.0;20.0;0.9903441445902452;24.512820512820515;24.675213675213676;25.0;25.0;0;0
202.434;-10.0;20.0;0.9903441445902452;24.572649572649574;24.675213675213676;25.0;25.0;0;0
202.542;-10.0;20.0;0.9903441445902452;24.572649572649574;24.675213675213676;25.0;25.0;0;0
202.653;-10.0;20.0;0.9903441445902452;24.572649572649574;24.675213675213676;25.0;25.0;0;0
202.754;-10.0;20.0;0.9903441445902452;24.572649572649574;24.675213675213676;25.0;25.0;0;0
202.857;-10.0;20.0;0.9903441445902452;24.572649572649574;24.675213675213676;25.0;25.0;0;0
202.968;-10.0;20.0;0.9903441445902452;24.572649572649574;24.675213675213676;25.0;25.0;0;0
203.076;-10.0;20.0;0.9903441445902452;24.572649572649574;24.675213675213676;25.0;25.0;0;0
203.19;-10.0;20.0;0.9903441445902452;24.572649572649574;24.675213675213676;25.0;25.0;0;0
203.301;-10.0;20.0;0.9903441445902452;24.572649572649574;24.675213675213676;25.0;25.0;0;0
203.412;-10.0;20.0;0.9903441445902452;24.572649572649574;24.675213675213676;25.0;25.0;0;0
203.519;-10.0;20.0;0.9903441445902452;24.572649572649574;24.675213675213676;25.0;25.0;0;0
203.628;-10.0;20.0;0.9903441445902452;24.572649572649574;24.675213675213676;25.0;25.0;0;0
203.741;-10.0;20.0;0.9903441445902452;24.572649572649574;24.675213675213676;25.0;25.0;0;0
203.852;-10.0;20.0;0.9903441445902452;24.572649572649574;24.675213675213676;25.0;25.0;0;0
203.966;-10.0;20.0;0.9903441445902452;24.572649572649574;24.675213675213676;25.0;25.0;0;0
204.072;-10.0;20.0;0.9903441445902452;24.572649572649574;24.675213675213676;25.0;25.0;0;0
204.172;-10.0;20.0;0.9903441445902452;24.572649572649574;24.675213675213676;25.0;25.0;0;0
204.279;-10.0;20.0;0.9903441445902452;24.572649572649574;24.675213675213676;25.0;25.0;0;0
204.388;-10.0;20.0;0.9903441445902452;24.572649572649574;24.675213675213676;25.0;25.0;0;0
204.501;-10.0;20.0;0.9903441445902452;24.572649572649574;24.675213675213676;25.0;25.0;0;0
204.608;-10.0;20.0;0.9903441445902452;24.572649572649574;24.675213675213676;25.0;25.0;0;0
204.724;-10.0;20.0;0.9903441445902452;24.572649572649574;24.675213675213676;25.0;25.0;0;0
204.835;-10.0;20.0;0.9903441445902452;24.572649572649574;24.675213675213676;25.0;25.0;0;0
204.941;-10.0;20.0;0.9903441445902452;24.572649572649574;24.675213675213676;25.0;25.0;0;0
205.054;-10.0;20.0;0.9903441445902452;24.572649572649574;24.675213675213676;25.0;25.0;0;0
205.162;-10.0;20.0;0.9903441445902452;24.572649572649574;24.675213675213676;25.0;25.0;0;0
205.277;-10.0;20.0;0.9903441445902452;24.572649572649574;24.675213675213676;25.0;25.0;0;0
205.384;-10.0;20.0;0.9903441445902452;24.572649572649574;24.675213675213676;25.0;25.0;0;0
205.485;-10.0;20.0;0.9903441445902452;24.572649572649574;24.675213675213676;25.0;25.0;0;0
205.592;-10.0;20.0;0.9903441445902452;24.572649572649574;24.675213675213676;25.0;25.0;0;0
205.705;-10.0;20.0;0.9903441445902452;24.572649572649574;24.675213675213676;25.0;25.0;0;0
205.815;-10.0;20.0;0.9903441445902452;24.572649572649574;24.675213675213676;25.0;25.0;0;0
205.924;-10.0;20.0;0.9903441445902452;24.572649572649574;24.675213675213676;25.0;25.0;0;0
206.039;-10.0;20.0;0.9903441445902452;24.572649572649574;24.675213675213676;25.0;25.0;0;0
206.147;-10.0;20.0;0.9903441445902452;24.572649572649574;24.675213675213676;25.0;25.0;0;0
206.263;-10.0;20.0;0.9903441445902452;24.572649572649574;24.675213675213676;25.0;25.0;0;0
206.374;-10.0;20.0;0.9903441445902452;24.572649572649574;24.675213675213676;25.0;25.0;0;0
206.474;-10.0;20.0;0.9903441445902452;24.572649572649574;24.675213675213676;25.0;25.0;0;0
206.575;-10.0;20.0;0.9903441445902452;24.572649572649574;24.675213675213676;25.0;25.0;0;0
206.691;-10.0;20.0;0.9903441445902452;24.572649572649574;24.675213675213676;25.0;25.0;0;0
206.8;-10.0;20.0;0.9903441445902452;24.572649572649574;24.675213675213676;25.0;25.0;0;0
206.902;-10.0;20.0;0.9903441445902452;24.572649572649574;24.675213675213676;25.0;25.0;0;0
207.004;-10.0;20.0;0.9903441445902452;24.572649572649574;24.675213675213676;25.0;25.0;0;0
207.104;-10.0;20.0;0.9903441445902452;24.572649572649574;24.675213675213676;25.0;25.0;0;0
207.243;-10.0;20.0;0.9903441445902452;24.572649572649574;24.675213675213676;25.0;25.0;0;0
207.344;-10.0;20.0;0.9903441445902452;24.572649572649574;24.675213675213676;25.0;25.0;0;0
207.453;-10.0;20.0;0.9903441445902452;24.512820512820515;24.675213675213676;25.0;25.0;0;0
207.567;-10.0;20.0;0.9903441445902452;24.512820512820515;24.675213675213676;25.0;25.0;0;0
207.678;-10.0;20.0;0.9903441445902452;24.512820512820515;24.675213675213676;25.0;25.0;0;0
207.786;-10.0;20.0;0.9903441445902452;24.512820512820515;24.675213675213676;25.0;25.0;0;0
207.898;-10.0;20.0;0.9903441445902452;24.512820512820515;24.675213675213676;25.0;25.0;0;0
208.01;-10.0;20.0;0.9903441445902452;24.512820512820515;24.675213675213676;25.0;25.0;0;0
208.112;-10.0;20.0;0.9903441445902452;24.512820512820515;24.675213675213676;25.0;25.0;0;0
208.218;-10.0;20.0;0.9903441445902452;24.512820512820515;24.675213675213676;25.0;25.0;0;0
208.326;-10.0;20.0;0.9903441445902452;24.512820512820515;24.675213675213676;25.0;25.0;0;0
208.429;-10.0;20.0;0.9903441445902452;24.572649572649574;24.675213675213676;25.0;25.0;0;0
208.531;-10.0;20.0;0.9903441445902452;24.572649572649574;24.675213675213676;25.0;25.0;0;0
208.631;-10.0;20.0;0.9903441445902452;24.572649572649574;24.675213675213676;25.0;25.0;0;0
208.732;-10.0;20.0;0.9903441445902452;24.572649572649574;24.675213675213676;25.0;25.0;0;0
208.832;-10.0;20.0;0.9903441445902452;24.572649572649574;24.675213675213676;25.0;25.0;0;0
208.933;-10.0;20.0;0.9903441445902452;24.572649572649574;24.675213675213676;25.0;25.0;0;0
209.033;-10.0;20.0;0.9903441445902452;24.572649572649574;24.675213675213676;25.0;25.0;0;0
209.138;-10.0;20.0;0.9903441445902452;24.572649572649574;24.675213675213676;25.0;25.0;0;0
209.238;-10.0;20.0;0.9903441445902452;24.572649572649574;24.675213675213676;25.0;25.0;0;0
209.341;-10.0;20.0;0.9903441445902452;24.512820512820515;24.675213675213676;25.0;25.0;0;0
209.451;-10.0;20.0;0.9903441445902452;24.512820512820515;24.675213675213676;25.0;25.0;0;0
209.552;-10.0;20.0;0.9903441445902452;24.512820512820515;24.675213675213676;25.0;25.0;0;0
209.66;-10.0;20.0;0.9903441445902452;24.512820512820515;24.675213675213676;25.0;25.0;0;0
209.761;-10.0;20.0;0.9903441445902452;24.512820512820515;24.675213675213676;25.0;25.0;0;0
209.867;-10.0;20.0;0.9903441445902452;24.512820512820515;24.675213675213676;25.0;25.0;0;0
209.976;-10.0;20.0;0.9903441445902452;24.512820512820515;24.675213675213676;25.0;25.0;0;0
210.086;-10.0;20.0;0.9903441445902452;24.512820512820515;24.675213675213676;25.0;25.0;0;0
210.196;-10.0;20.0;0.9903441445902452;24.512820512820515;24.675213675213676;25.0;25.0;0;0
210.31;-10.0;20.0;0.9903441445902452;24.512820512820515;24.675213675213676;25.0;25.0;0;0
210.427;-10.0;20.0;0.9903441445902452;24.512820512820515;24.675213675213676;25.0;25.0;0;0
210.532;-10.0;20.0;0.9903441445902452;24.512820512820515;24.675213675213676;25.0;25.0;0;0
210.644;-10.0;20.0;0.9903441445902452;24.512820512820515;24.675213675213676;25.0;25.0;0;0
210.752;-10.0;20.0;0.9903441445902452;24.512820512820515;24.675213675213676;25.0;25.0;0;0
210.853;-10.0;20.0;0.9903441445902452;24.512820512820515;24.675213675213676;25.0;25.0;0;0
210.977;-10.0;20.0;0.9903441445902452;24.512820512820515;24.675213675213676;25.0;25.0;0;0
211.086;-10.0;20.0;0.9903441445902452;24.512820512820515;24.675213675213676;25.0;25.0;0;0
211.187;-10.0;20.0;0.9903441445902452;24.512820512820515;24.675213675213676;25.0;25.0;0;0
211.294;-10.0;20.0;0.9903441445902452;24.512820512820515;24.675213675213676;25.0;25.0;0;0
211.407;-10.0;20.0;0.9903441445902452;24.572649572649574;24.675213675213676;25.0;25.0;0;0
211.513;-10.0;20.0;0.9903441445902452;24.572649572649574;24.675213675213676;25.0;25.0;0;0
211.624;-10.0;20.0;0.9903441445902452;24.572649572649574;24.675213675213676;25.0;25.0;0;0
211.737;-10.0;20.0;0.9903441445902452;24.572649572649574;24.675213675213676;25.0;25.0;0;0
211.849;-10.0;20.0;0.9903441445902452;24.572649572649574;24.675213675213676;25.0;25.0;0;0
211.961;-10.0;20.0;0.9903441445902452;24.572649572649574;24.675213675213676;25.0;25.0;0;0
212.072;-10.0;20.0;0.9903441445902452;24.572649572649574;24.675213675213676;25.0;25.0;0;0
212.179;-10.0;20.0;0.9903441445902452;24.572649572649574;24.675213675213676;25.0;25.0;0;0
212.28;-10.0;20.0;0.9903441445902452;24.572649572649574;24.675213675213676;25.0;25.0;0;0
212.385;-10.0;20.0;0.9903441445902452;24.512820512820515;24.675213675213676;25.0;25.0;0;0
212.499;-10.0;20.0;0.9903441445902452;24.512820512820515;24.675213675213676;25.0;25.0;0;0
212.61;-10.0;20.0;0.9903441445902452;24.512820512820515;24.675213675213676;25.0;25.0;0;0
212.723;-10.0;20.0;0.9903441445902452;24.512820512820515;24.675213675213676;25.0;25.0;0;0
212.832;-10.0;20.0;0.9903441445902452;24.512820512820515;24.675213675213676;25.0;25.0;0;0
212.943;-10.0;20.0;0.9903441445902452;24.512820512820515;24.675213675213676;25.0;25.0;0;0
213.055;-10.0;20.0;0.9903441445902452;24.512820512820515;24.675213675213676;25.0;25.0;0;0
213.17;-10.0;20.0;0.9903441445902452;24.512820512820515;24.675213675213676;25.0;25.0;0;0
213.279;-10.0;20.0;0.9903441445902452;24.512820512820515;24.675213675213676;25.0;25.0;0;0
213.388;-10.0;20.0;0.9903441445902452;24.512820512820515;24.675213675213676;25.0;25.0;0;0
213.503;-10.0;20.0;0.9903441445902452;24.512820512820515;24.675213675213676;25.0;25.0;0;0
213.612;-10.0;20.0;0.9903441445902452;24.512820512820515;24.675213675213676;25.0;25.0;0;0
213.727;-10.0;20.0;0.9903441445902452;24.512820512820515;24.675213675213676;25.0;25.0;0;0
213.834;-10.0;20.0;0.9903441445902452;24.512820512820515;24.675213675213676;25.0;25.0;0;0
213.943;-10.0;20.0;0.9903441445902452;24.512820512820515;24.675213675213676;25.0;25.0;0;0
214.058;-10.0;20.0;0.9903441445902452;24.512820512820515;24.675213675213676;25.0;25.0;0;0
214.171;-10.0;20.0;0.9903441445902452;24.512820512820515;24.675213675213676;25.0;25.0;0;0
214.283;-10.0;20.0;0.9903441445902452;24.512820512820515;24.675213675213676;25.0;25.0;0;0
214.389;-10.0;20.0;0.9903441445902452;24.512820512820515;24.675213675213676;25.0;25.0;0;0
214.505;-10.0;20.0;0.9903441445902452;24.512820512820515;24.675213675213676;25.0;25.0;0;0
214.613;-10.0;20.0;0.9903441445902452;24.512820512820515;24.675213675213676;25.0;25.0;0;0
214.73;-10.0;20.0;0.9903441445902452;24.512820512820515;24.675213675213676;25.0;25.0;0;0
214.836;-10.0;20.0;0.9903441445902452;24.512820512820515;24.675213675213676;25.0;25.0;0;0
214.946;-10.0;20.0;0.9903441445902452;24.512820512820515;24.675213675213676;25.0;25.0;0;0
215.047;-10.0;20.0;0.9903441445902452;24.512820512820515;24.675213675213676;25.0;25.0;0;0
215.149;-10.0;20.0;0.9903441445902452;24.512820512820515;24.675213675213676;25.0;25.0;0;0
215.263;-10.0;20.0;0.9903441445902452;24.512820512820515;24.675213675213676;25.0;25.0;0;0
215.374;-10.0;20.0;0.9903441445902452;24.512820512820515;24.675213675213676;25.0;25.0;0;0
215.476;-10.0;20.0;0.9903441445902452;24.512820512820515;24.675213675213676;25.0;25.0;0;0
215.579;-10.0;20.0;0.9903441445902452;24.512820512820515;24.675213675213676;25.0;25.0;0;0
215.679;-10.0;20.0;0.9903441445902452;24.512820512820515;24.675213675213676;25.0;25.0;0;0
215.78;-10.0;20.0;0.9903441445902452;24.512820512820515;24.675213675213676;25.0;25.0;0;0
215.88;-10.0;20.0;0.9903441445902452;24.512820512820515;24.675213675213676;25.0;25.0;0;0
215.98;-10.0;20.0;0.9903441445902452;24.512820512820515;24.675213675213676;25.0;25.0;0;0
216.081;-10.0;20.0;0.9903441445902452;24.512820512820515;24.675213675213676;25.0;25.0;0;0
216.181;-10.0;20.0;0.9903441445902452;24.512820512820515;24.675213675213676;25.0;25.0;0;0
216.284;-10.0;20.0;0.9903441445902452;24.512820512820515;24.675213675213676;25.0;25.0;0;0
216.394;-10.0;20.0;0.9903441445902452;24.512820512820515;24.675213675213676;25.0;25.0;0;0
216.504;-10.0;20.0;0.9903441445902452;24.512820512820515;24.675213675213676;25.0;25.0;0;0
216.605;-10.0;20.0;0.9903441445902452;24.512820512820515;24.675213675213676;25.0;25.0;0;0
216.715;-10.0;20.0;0.9903441445902452;24.512820512820515;24.675213675213676;25.0;25.0;0;0
216.828;-10.0;20.0;0.9903441445902452;24.512820512820515;24.675213675213676;25.0;25.0;0;0
216.931;-10.0;20.0;0.9903441445902452;24.512820512820515;24.675213675213676;25.0;25.0;0;0
217.041;-10.0;20.0;0.9903441445902452;24.512820512820515;24.675213675213676;25.0;25.0;0;0
217.166;-10.0;20.0;0.9903441445902452;24.512820512820515;24.675213675213676;25.0;25.0;0;0
217.273;-10.0;20.0;0.9903441445902452;24.512820512820515;24.675213675213676;25.0;25.0;0;0
217.373;-10.0;20.0;0.9903441445902452;24.512820512820515;24.675213675213676;25.0;25.0;0;0
217.482;-10.0;20.0;0.9903441445902452;24.512820512820515;24.675213675213676;25.0;25.0;0;0
217.595;-10.0;20.0;0.9903441445902452;24.512820512820515;24.675213675213676;25.0;25.0;0;0
217.704;-10.0;20.0;0.9903441445902452;24.512820512820515;24.675213675213676;25.0;25.0;0;0
217.816;-10.0;20.0;0.9903441445902452;24.512820512820515;24.675213675213676;25.0;25.0;0;0
217.923;-10.0;20.0;0.9903441445902452;24.512820512820515;24.675213675213676;25.0;25.0;0;0
218.034;-10.0;20.0;0.9903441445902452;24.512820512820515;24.675213675213676;25.0;25.0;0;0
218.147;-10.0;20.0;0.9903441445902452;24.512820512820515;24.675213675213676;25.0;25.0;0;0
218.257;-10.0;20.0;0.9903441445902452;24.512820512820515;24.675213675213676;25.0;25.0;0;0
218.363;-10.0;20.0;0.9903441445902452;24.512820512820515;24.675213675213676;25.0;25.0;0;0
218.473;-10.0;20.0;0.9903441445902452;24.512820512820515;24.675213675213676;25.0;25.0;0;0
218.584;-10.0;20.0;0.9903441445902452;24.512820512820515;24.675213675213676;25.0;25.0;0;0
218.695;-10.0;20.0;0.9903441445902452;24.512820512820515;24.675213675213676;25.0;25.0;0;0
218.807;-10.0;20.0;0.9903441445902452;24.512820512820515;24.675213675213676;25.0;25.0;0;0
218.921;-10.0;20.0;0.9903441445902452;24.512820512820515;24.675213675213676;25.0;25.0;0;0
219.033;-10.0;20.0;0.9903441445902452;24.512820512820515;24.675213675213676;25.0;25.0;0;0
219.133;-10.0;20.0;0.9903441445902452;24.512820512820515;24.675213675213676;25.0;25.0;0;0
219.234;-10.0;20.0;0.9903441445902452;24.512820512820515;24.675213675213676;25.0;25.0;0;0
219.339;-10.0;20.0;0.9903441445902452;24.512820512820515;24.675213675213676;25.0;25.0;0;0
219.452;-10.0;20.0;0.9903441445902452;24.512820512820515;24.675213675213676;25.0;25.0;0;0
219.565;-10.0;20.0;0.9903441445902452;24.512820512820515;24.675213675213676;25.0;25.0;0;0
219.673;-10.0;20.0;0.9903441445902452;24.512820512820515;24.675213675213676;25.0;25.0;0;0
219.775;-10.0;20.0;0.9903441445902452;24.512820512820515;24.675213675213676;25.0;25.0;0;0
219.896;-10.0;20.0;0.9903441445902452;24.512820512820515;24.675213675213676;25.0;25.0;0;0
220.004;-10.0;20.0;0.9903441445902452;24.512820512820515;24.675213675213676;25.0;25.0;0;0
220.11;-10.0;20.0;0.9903441445902452;24.512820512820515;24.675213675213676;25.0;25.0;0;0
220.224;-10.0;20.0;0.9903441445902452;24.512820512820515;24.675213675213676;25.0;25.0;0;0
220.324;-10.0;20.0;0.9903441445902452;24.512820512820515;24.675213675213676;25.0;25.0;0;0
220.463;-10.0;20.0;0.9903441445902452;24.512820512820515;24.675213675213676;25.0;25.0;0;0
220.575;-10.0;20.0;0.9903441445902452;24.512820512820515;24.675213675213676;25.0;25.0;0;0
220.676;-10.0;20.0;0.9903441445902452;24.512820512820515;24.675213675213676;25.0;25.0;0;0
220.779;-10.0;20.0;0.9903441445902452;24.512820512820515;24.675213675213676;25.0;25.0;0;0
220.887;-10.0;20.0;0.9903441445902452;24.512820512820515;24.675213675213676;25.0;25.0;0;0
220.988;-10.0;20.0;0.9903441445902452;24.512820512820515;24.675213675213676;25.0;25.0;0;0
221.095;-10.0;20.0;0.9903441445902452;24.512820512820515;24.675213675213676;25.0;25.0;0;0
221.205;-10.0;20.0;0.9903441445902452;24.512820512820515;24.675213675213676;25.0;25.0;0;0
221.306;-10.0;20.0;0.9903441445902452;24.512820512820515;24.675213675213676;25.0;25.0;0;0
221.407;-10.0;20.0;0.9903441445902452;24.512820512820515;24.675213675213676;25.0;25.0;0;0
221.524;-10.0;20.0;0.9903441445902452;24.512820512820515;24.675213675213676;25.0;25.0;0;0
221.625;-10.0;20.0;0.9903441445902452;24.512820512820515;24.675213675213676;25.0;25.0;0;0
221.726;-10.0;20.0;0.9903441445902452;24.512820512820515;24.675213675213676;25.0;25.0;0;0
221.826;-10.0;20.0;0.9903441445902452;24.512820512820515;24.675213675213676;25.0;25.0;0;0
221.927;-10.0;20.0;0.9903441445902452;24.512820512820515;24.675213675213676;25.0;25.0;0;0
222.027;-10.0;20.0;0.9903441445902452;24.512820512820515;24.675213675213676;25.0;25.0;0;0
222.128;-10.0;20.0;0.9903441445902452;24.512820512820515;24.675213675213676;25.0;25.0;0;0
222.228;-10.0;20.0;0.9903441445902452;24.512820512820515;24.675213675213676;25.0;25.0;0;0
222.33;-10.0;20.0;0.9903441445902452;24.512820512820515;24.675213675213676;25.0;25.0;0;0
222.431;-10.0;20.0;0.9903441445902452;24.512820512820515;24.675213675213676;25.0;25.0;0;0
222.535;-10.0;20.0;0.9903441445902452;24.512820512820515;24.675213675213676;25.0;25.0;0;0
222.636;-10.0;20.0;0.9903441445902452;24.512820512820515;24.675213675213676;25.0;25.0;0;0
222.74;-10.0;20.0;0.9903441445902452;24.512820512820515;24.675213675213676;25.0;25.0;0;0
222.846;-10.0;20.0;0.9903441445902452;24.512820512820515;24.675213675213676;25.0;25.0;0;0
222.949;-10.0;20.0;0.9903441445902452;24.512820512820515;24.675213675213676;25.0;25.0;0;0
223.061;-10.0;20.0;0.9903441445902452;24.512820512820515;24.675213675213676;25.0;25.0;0;0
223.167;-10.0;20.0;0.9903441445902452;24.512820512820515;24.675213675213676;25.0;25.0;0;0
223.281;-10.0;20.0;0.9903441445902452;24.512820512820515;24.675213675213676;25.0;25.0;0;0
223.393;-10.0;20.0;0.9903441445902452;24.512820512820515;24.675213675213676;25.0;25.0;0;0
223.503;-10.0;20.0;0.9903441445902452;24.512820512820515;24.675213675213676;25.0;25.0;0;0
223.617;-10.0;20.0;0.9903441445902452;24.512820512820515;24.675213675213676;25.0;25.0;0;0
223.723;-10.0;20.0;0.9903441445902452;24.512820512820515;24.675213675213676;25.0;25.0;0;0
223.837;-10.0;20.0;0.9903441445902452;24.512820512820515;24.675213675213676;25.0;25.0;0;0
223.95;-10.0;20.0;0.9903441445902452;24.512820512820515;24.675213675213676;25.0;25.0;0;0
224.06;-10.0;20.0;0.9903441445902452;24.512820512820515;24.675213675213676;25.0;25.0;0;0
224.163;-10.0;20.0;0.9903441445902452;24.512820512820515;24.675213675213676;25.0;25.0;0;0
224.267;-10.0;20.0;0.9903441445902452;24.512820512820515;24.675213675213676;25.0;25.0;0;0
224.377;-10.0;20.0;0.9903441445902452;24.512820512820515;24.675213675213676;25.0;25.0;0;0
224.486;-10.0;20.0;0.9903441445902452;24.512820512820515;24.675213675213676;25.0;25.0;0;0
224.599;-10.0;20.0;0.9903441445902452;24.512820512820515;24.675213675213676;25.0;25.0;0;0
224.72;-10.0;20.0;0.9903441445902452;24.512820512820515;24.675213675213676;25.0;25.0;0;0
224.821;-10.0;20.0;0.9903441445902452;24.512820512820515;24.675213675213676;25.0;25.0;0;0
224.922;-10.0;20.0;0.9903441445902452;24.512820512820515;24.675213675213676;25.0;25.0;0;0
225.026;-10.0;20.0;0.9903441445902452;24.512820512820515;24.675213675213676;25.0;25.0;0;0
225.142;-10.0;20.0;0.9903441445902452;24.512820512820515;24.675213675213676;25.0;25.0;0;0
225.255;-10.0;20.0;0.9903441445902452;24.512820512820515;24.675213675213676;25.0;25.0;0;0
225.367;-10.0;20.0;0.9903441445902452;24.512820512820515;24.675213675213676;25.0;25.0;0;0
225.475;-10.0;20.0;0.9903441445902452;24.512820512820515;24.675213675213676;25.0;25.0;0;0
225.585;-10.0;20.0;0.9903441445902452;24.512820512820515;24.675213675213676;25.0;25.0;0;0
225.686;-10.0;20.0;0.9903441445902452;24.512820512820515;24.675213675213676;25.0;25.0;0;0
225.787;-10.0;20.0;0.9903441445902452;24.512820512820515;24.675213675213676;25.0;25.0;0;0
225.888;-10.0;20.0;0.9903441445902452;24.512820512820515;24.675213675213676;25.0;25.0;0;0
225.989;-10.0;20.0;0.9903441445902452;24.512820512820515;24.675213675213676;25.0;25.0;0;0
226.089;-10.0;20.0;0.9903441445902452;24.512820512820515;24.675213675213676;25.0;25.0;0;0
226.19;-10.0;20.0;0.9903441445902452;24.512820512820515;24.675213675213676;25.0;25.0;0;0
226.291;-10.0;20.0;0.9903441445902452;24.512820512820515;24.675213675213676;25.0;25.0;0;0
226.392;-10.0;20.0;0.9903441445902452;24.512820512820515;24.675213675213676;25.0;25.0;0;0
226.492;-10.0;20.0;0.9903441445902452;24.512820512820515;24.675213675213676;25.0;25.0;0;0
226.602;-10.0;20.0;0.9903441445902452;24.512820512820515;24.675213675213676;25.0;25.0;0;0
226.704;-10.0;20.0;0.9903441445902452;24.512820512820515;24.675213675213676;25.0;25.0;0;0
226.807;-10.0;20.0;0.9903441445902452;24.512820512820515;24.675213675213676;25.0;25.0;0;0
226.923;-10.0;20.0;0.9903441445902452;24.512820512820515;24.675213675213676;25.0;25.0;0;0
227.026;-10.0;20.0;0.9903441445902452;24.512820512820515;24.675213675213676;25.0;25.0;0;0
227.127;-10.0;20.0;0.9903441445902452;24.512820512820515;24.675213675213676;25.0;25.0;0;0
227.242;-10.0;20.0;0.9903441445902452;24.512820512820515;24.675213675213676;25.0;25.0;0;0
227.347;-10.0;20.0;0.9903441445902452;24.512820512820515;24.675213675213676;25.0;25.0;0;0
227.448;-10.0;20.0;0.9903441445902452;24.512820512820515;24.675213675213676;25.0;25.0;0;0
227.554;-10.0;20.0;0.9903441445902452;24.512820512820515;24.675213675213676;25.0;25.0;0;0
227.665;-10.0;20.0;0.9903441445902452;24.512820512820515;24.675213675213676;25.0;25.0;0;0
227.782;-10.0;20.0;0.9903441445902452;24.512820512820515;24.675213675213676;25.0;25.0;0;0
227.888;-10.0;20.0;0.9903441445902452;24.512820512820515;24.675213675213676;25.0;25.0;0;0
227.989;-10.0;20.0;0.9903441445902452;24.512820512820515;24.675213675213676;25.0;25.0;0;0
228.097;-10.0;20.0;0.9903441445902452;24.512820512820515;24.675213675213676;25.0;25.0;0;0
228.211;-9.785;20.0;0.9903441445902452;24.512820512820515;24.675213675213676;25.0;25.0;0;0
228.315;-9.01625;20.0;0.9903441445902452;24.512820512820515;24.675213675213676;25.0;25.0;0;0
228.416;-8.51125;20.0;0.9903441445902452;24.512820512820515;24.675213675213676;25.0;25.0;0;0
228.516;-8.0;20.0;0.9903441445902452;24.512820512820515;24.675213675213676;25.0;25.0;0;0
228.617;-7.48875;20.0;0.9903441445902452;24.512820512820515;24.675213675213676;25.0;25.0;0;0
228.717;-6.97875;20.0;0.9903441445902452;24.512820512820515;24.675213675213676;25.0;25.0;0;0
228.818;-6.4625;20.0;0.9903441445902452;24.512820512820515;24.675213675213676;25.0;25.0;0;0
228.919;-5.94625;20.0;0.9903441445902452;24.512820512820515;24.675213675213676;25.0;25.0;0;0
229.022;-5.435;20.0;0.9903441445902452;24.512820512820515;24.675213675213676;25.0;25.0;0;0
229.124;-5.17625;20.0;0.9903441445902452;24.512820512820515;24.675213675213676;25.0;25.0;0;0
229.229;-4.40375;20.0;0.9903441445902452;24.512820512820515;24.675213675213676;25.0;25.0;0;0
229.341;-3.88875;20.0;0.9903441445902452;24.512820512820515;24.675213675213676;25.0;25.0;0;0
229.446;-3.37375;20.0;0.9903441445902452;24.512820512820515;24.675213675213676;25.0;25.0;0;0
229.548;-2.865;20.0;0.9903441445902452;24.512820512820515;24.675213675213676;25.0;25.0;0;0
229.654;-2.35125;20.0;0.9903441445902452;24.512820512820515;24.675213675213676;25.0;25.0;0;0
229.762;-1.84125;20.0;0.9903441445902452;24.512820512820515;24.675213675213676;25.0;25.0;0;0
229.863;-1.0825;20.0;0.9903441445902452;24.512820512820515;24.675213675213676;25.0;25.0;0;0
229.973;-0.8275;20.0;0.9903441445902452;24.512820512820515;24.675213675213676;25.0;25.0;0;0
230.079;-0.3175;20.0;0.9903441445902452;24.512820512820515;24.675213675213676;25.0;25.0;0;0
230.191;0.0;20.0;0.9903441445902452;24.512820512820515;24.675213675213676;25.0;25.0;0;0
230.302;0.0;19.51125;0.9903441445902452;24.512820512820515;24.675213675213676;25.0;25.0;0;0
230.412;0.0;19.0;0.9903441445902452;24.512820512820515;24.675213675213676;25.0;25.0;0;0
230.525;0.0;18.49375;0.9903441445902452;24.512820512820515;24.675213675213676;25.0;25.0;0;0
230.625;0.0;17.72625;0.9903441445902452;24.512820512820515;24.675213675213676;25.0;25.0;0;0
230.732;0.0;17.47;0.9903441445902452;24.512820512820515;24.675213675213676;25.0;25.0;0;0
230.849;0.0;16.95375;0.9903441445902452;24.512820512820515;24.675213675213676;25.0;25.0;0;0
230.954;0.0;16.1775;0.9903441445902452;24.512820512820515;24.675213675213676;25.0;25.0;0;0
231.07;0.0;15.665;0.9903441445902452;24.512820512820515;24.675213675213676;25.0;25.0;0;0
231.177;0.0;15.1475;0.9903441445902452;24.512820512820515;24.675213675213676;25.0;25.0;0;0
231.288;0.0;14.63125;0.9903441445902452;24.512820512820515;24.675213675213676;25.0;25.0;0;0
231.402;0.0;14.12125;0.9903441445902452;24.512820512820515;24.675213675213676;25.0;25.0;0;0
231.511;0.0;13.3475;0.9903441445902452;24.512820512820515;24.675213675213676;25.0;25.0;0;0
231.618;0.0;12.8375;0.9903441445902452;24.512820512820515;24.675213675213676;25.0;25.0;0;0
231.718;0.0;12.32125;0.9903441445902452;24.512820512820515;24.675213675213676;25.0;25.0;0;0
231.827;0.0;11.80625;0.9903441445902452;24.512820512820515;24.675213675213676;25.0;25.0;0;0
231.942;0.0;11.03625;0.9903441445902452;24.512820512820515;24.675213675213676;25.0;25.0;0;0
232.045;0.0;10.77875;0.9903441445902452;24.512820512820515;24.675213675213676;25.0;25.0;0;0
232.157;0.0;10.00875;0.9903441445902452;24.512820512820515;24.675213675213676;25.0;25.0;0;0
232.265;0.0;9.495;0.9903441445902452;24.512820512820515;24.675213675213676;25.0;25.0;0;0
232.378;0.0;8.98125;0.9903441445902452;24.512820512820515;24.675213675213676;25.0;25.0;0;0
232.483;0.0;8.4725;0.9903441445902452;24.512820512820515;24.675213675213676;25.0;25.0;0;0
232.584;0.0;7.9575;0.9903441445902452;24.512820512820515;24.675213675213676;25.0;25.0;0;0
232.685;0.0;7.44375;0.9903441445902452;24.512820512820515;24.675213675213676;25.0;25.0;0;0
232.796;0.0;6.67625;0.9903441445902452;24.512820512820515;24.675213675213676;25.0;25.0;0;0
232.907;0.0;6.1625;0.9903441445902452;24.512820512820515;24.675213675213676;25.0;25.0;0;0
233.035;0.0;5.6475;0.9903441445902452;24.512820512820515;24.675213675213676;25.0;25.0;0;0
233.144;0.0;5.13875;0.9903441445902452;24.512820512820515;24.675213675213676;25.0;25.0;0;0
233.257;0.0;4.3675;0.9903441445902452;24.512820512820515;24.675213675213676;25.0;25.0;0;0
233.366;0.0;3.8575;0.9903441445902452;24.512820512820515;24.675213675213676;25.0;25.0;0;0
233.474;0.0;3.34375;0.9903441445902452;24.512820512820515;24.623931623931625;25.0;25.0;0;0
233.582;0.0;2.82875;0.9903441445902452;24.512820512820515;24.623931623931625;25.0;25.0;0;0
233.693;0.0;2.315;0.9903441445902452;24.512820512820515;24.623931623931625;25.0;25.0;0;0
233.813;0.0;1.805;0.9903441445902452;24.512820512820515;24.623931623931625;25.0;25.0;0;0
233.914;0.0;1.04375;0.9903441445902452;24.512820512820515;24.623931623931625;25.0;25.0;0;0
234.02;0.0;0.53375;0.9903441445902452;24.512820512820515;24.623931623931625;25.0;25.0;0;0
234.132;0.0;0.05375;0.9903441445902452;24.512820512820515;24.623931623931625;25.0;25.0;0;0
234.245;0.0;0.0;0.9903441445902452;24.512820512820515;24.623931623931625;25.0;25.0;0;0
234.352;0.0;0.0;0.8046546174795742;24.512820512820515;24.623931623931625;25.0;25.0;0;0
234.465;0.0;0.0;0.4951720722951226;24.512820512820515;24.675213675213676;25.0;25.0;0;0
234.569;0.0;0.0;0.3094825451844516;24.512820512820515;24.675213675213676;25.0;25.0;0;0
234.67;0.0;0.0;0.12379301807378065;24.512820512820515;24.675213675213676;25.0;25.0;0;0
234.781;0.0;0.0;0.0;24.512820512820515;24.675213675213676;25.0;25.0;0;0
234.888;0.0;0.0;0.0;24.512820512820515;24.675213675213676;25.0;25.0;0;0
235.001;0.0;0.0;0.0;24.512820512820515;24.675213675213676;25.0;25.0;0;0
235.111;0.0;0.0;0.0;24.512820512820515;24.675213675213676;25.0;25.0;0;0
235.229;0.0;0.0;0.0;24.512820512820515;24.675213675213676;25.0;25.0;0;0
235.335;0.0;0.0;0.0;24.512820512820515;24.675213675213676;25.0;25.0;0;0
235.446;0.0;0.0;0.0;24.512820512820515;24.623931623931625;25.0;25.0;0;0
235.549;0.0;0.0;0.0;24.512820512820515;24.623931623931625;25.0;25.0;0;0
235.651;0.0;0.0;0.0;24.512820512820515;24.623931623931625;25.0;25.0;0;0
235.765;0.0;0.0;0.0;24.512820512820515;24.623931623931625;25.0;25.0;0;0
235.884;0.0;0.0;0.0;24.512820512820515;24.623931623931625;25.0;25.0;0;0
235.985;0.0;0.0;0.0;24.512820512820515;24.623931623931625;25.0;25.0;0;0
236.102;0.0;0.0;0.0;24.512820512820515;24.623931623931625;25.0;25.0;0;0
236.213;0.0;0.0;0.0;24.512820512820515;24.623931623931625;25.0;25.0;0;0
236.32;0.0;0.0;0.0;24.512820512820515;24.623931623931625;25.0;25.0;0;0
236.421;0.0;0.0;0.0;24.512820512820515;24.623931623931625;25.0;25.0;0;0
236.533;0.0;0.0;0.0;24.512820512820515;24.623931623931625;25.0;25.0;0;0
236.64;0.0;0.0;0.0;24.512820512820515;24.623931623931625;25.0;25.0;0;0
236.741;0.0;0.0;0.0;24.512820512820515;24.623931623931625;25.0;25.0;0;0
236.845;0.0;0.0;0.0;24.512820512820515;24.623931623931625;25.0;25.0;0;0
236.945;0.0;0.0;0.0;24.512820512820515;24.623931623931625;25.0;25.0;0;0
237.046;0.0;0.0;0.0;24.512820512820515;24.623931623931625;25.0;25.0;0;0
237.147;0.0;0.0;0.0;24.512820512820515;24.623931623931625;25.0;25.0;0;0
237.247;0.0;0.0;0.0;24.512820512820515;24.623931623931625;25.0;25.0;0;0
237.348;0.0;0.0;0.0;24.512820512820515;24.675213675213676;25.0;25.0;0;0
237.449;0.0;0.0;0.0;24.512820512820515;24.675213675213676;25.0;25.0;0;0
237.551;0.0;0.0;0.0;24.512820512820515;24.675213675213676;25.0;25.0;0;0
237.654;0.0;0.0;0.0;24.512820512820515;24.675213675213676;25.0;25.0;0;0
237.759;0.0;0.0;0.0;24.512820512820515;24.675213675213676;25.0;25.0;0;0
237.861;0.0;0.0;0.0;24.512820512820515;24.675213675213676;25.0;25.0;0;0
237.961;0.0;0.0;0.0;24.512820512820515;24.675213675213676;25.0;25.0;0;0
238.063;0.0;0.0;0.0;24.512820512820515;24.675213675213676;25.0;25.0;0;0
238.17;0.0;0.0;0.0;24.512820512820515;24.675213675213676;25.0;25.0;0;0
238.28;0.0;0.0;0.0;24.512820512820515;24.675213675213676;25.0;25.0;0;0
238.391;0.0;0.0;0.0;24.512820512820515;24.675213675213676;25.0;25.0;0;0
238.513;0.0;0.0;0.0;24.512820512820515;24.623931623931625;25.0;25.0;0;0
238.618;0.0;0.0;0.0;24.512820512820515;24.623931623931625;25.0;25.0;0;0
238.724;0.0;0.0;0.0;24.512820512820515;24.623931623931625;25.0;25.0;0;0
238.843;0.0;0.0;0.0;24.512820512820515;24.623931623931625;25.0;25.0;0;0
238.946;0.0;0.0;0.0;24.512820512820515;24.623931623931625;25.0;25.0;0;0
239.048;0.0;0.0;0.0;24.512820512820515;24.623931623931625;25.0;25.0;0;0
239.152;0.0;0.0;0.0;24.512820512820515;24.623931623931625;25.0;25.0;0;0
239.264;0.0;0.0;0.0;24.512820512820515;24.623931623931625;25.0;25.0;0;0
239.38;0.0;0.0;0.0;24.512820512820515;24.623931623931625;25.0;25.0;0;0
239.485;0.0;0.0;0.0;24.512820512820515;24.675213675213676;25.0;25.0;0;0
239.603;0.0;0.0;0.0;24.512820512820515;24.675213675213676;25.0;25.0;0;0
239.712;0.0;0.0;0.0;24.512820512820515;24.675213675213676;25.0;25.0;0;0
239.823;0.0;0.0;0.0;24.512820512820515;24.675213675213676;25.0;25.0;0;0
239.932;0.0;0.0;0.0;24.512820512820515;24.675213675213676;25.0;25.0;0;0
240.04;0.0;0.0;0.0;24.512820512820515;24.675213675213676;25.0;25.0;0;0
240.157;0.0;0.0;0.0;24.512820512820515;24.675213675213676;25.0;25.0;0;0
240.264;0.0;0.0;0.0;24.512820512820515;24.675213675213676;25.0;25.0;0;0
240.381;0.0;0.0;0.0;24.512820512820515;24.675213675213676;25.0;25.0;0;0
240.489;0.0;0.0;0.0;24.512820512820515;24.675213675213676;25.0;25.0;0;0
240.6;0.0;0.0;0.0;24.512820512820515;24.675213675213676;25.0;25.0;0;0
240.71;0.0;0.0;0.0;24.512820512820515;24.675213675213676;25.0;25.0;0;0
240.819;0.0;0.0;0.0;24.512820512820515;24.675213675213676;25.0;25.0;0;0
240.919;0.0;0.0;0.0;24.512820512820515;24.675213675213676;25.0;25.0;0;0
241.032;0.0;0.0;0.0;24.512820512820515;24.675213675213676;25.0;25.0;0;0
241.14;0.0;0.0;0.0;24.512820512820515;24.675213675213676;25.0;25.0;0;0
241.254;0.0;0.0;0.0;24.512820512820515;24.675213675213676;25.0;25.0;0;0
241.362;0.0;0.0;0.0;24.512820512820515;24.675213675213676;25.0;25.0;0;0
241.471;0.0;0.0;0.0;24.512820512820515;24.623931623931625;25.0;25.0;0;0
241.579;0.0;0.0;0.0;24.512820512820515;24.623931623931625;25.0;25.0;0;0
241.696;0.0;0.0;0.0;24.512820512820515;24.623931623931625;25.0;25.0;0;0
241.8;0.0;0.0;0.0;24.512820512820515;24.623931623931625;25.0;25.0;0;0
241.911;0.0;0.0;0.0;24.512820512820515;24.623931623931625;25.0;25.0;0;0
242.012;0.0;0.0;0.0;24.512820512820515;24.623931623931625;25.0;25.0;0;0
242.116;0.0;0.0;0.0;24.512820512820515;24.623931623931625;25.0;25.0;0;0
242.229;0.0;0.0;0.0;24.512820512820515;24.623931623931625;25.0;25.0;0;0
242.338;0.0;0.0;0.0;24.512820512820515;24.623931623931625;25.0;25.0;0;0
242.449;0.0;0.0;0.0;24.512820512820515;24.623931623931625;25.0;25.0;0;0
242.558;0.0;0.0;0.0;24.512820512820515;24.623931623931625;25.0;25.0;0;0
242.674;0.0;0.0;0.0;24.512820512820515;24.623931623931625;25.0;25.0;0;0
242.784;0.0;0.0;0.0;24.512820512820515;24.623931623931625;25.0;25.0;0;0
242.895;0.0;0.0;0.0;24.512820512820515;24.623931623931625;25.0;25.0;0;0
243.003;0.0;0.0;0.0;24.512820512820515;24.623931623931625;25.0;25.0;0;0
243.115;0.0;0.0;0.0;24.512820512820515;24.623931623931625;25.0;25.0;0;0
243.228;0.0;0.0;0.0;24.512820512820515;24.623931623931625;25.0;25.0;0;0
243.336;0.0;0.0;0.0;24.512820512820515;24.623931623931625;25.0;25.0;0;0
243.436;0.0;0.0;0.0;24.512820512820515;24.623931623931625;25.0;25.0;0;0
243.539;0.0;0.0;0.0;24.461538461538463;24.623931623931625;25.0;25.0;0;0
243.653;0.0;0.0;0.0;24.461538461538463;24.623931623931625;25.0;25.0;0;0
243.765;0.0;0.0;0.0;24.461538461538463;24.623931623931625;25.0;25.0;0;0
243.876;0.0;0.0;0.0;24.461538461538463;24.623931623931625;25.0;25.0;0;0
243.988;0.0;0.0;0.0;24.461538461538463;24.623931623931625;25.0;25.0;0;0
244.099;0.0;0.0;0.0;24.461538461538463;24.623931623931625;25.0;25.0;0;0
244.207;0.0;0.0;0.0;24.461538461538463;24.623931623931625;25.0;25.0;0;0
244.319;0.0;0.0;0.0;24.461538461538463;24.623931623931625;25.0;25.0;0;0
244.43;0.0;0.0;0.0;24.512820512820515;24.623931623931625;25.0;25.0;0;0
244.537;0.0;0.0;0.0;24.512820512820515;24.623931623931625;25.0;25.0;0;0
244.64;0.0;0.0;0.0;24.512820512820515;24.623931623931625;25.0;25.0;0;0
244.746;0.0;0.0;0.0;24.512820512820515;24.623931623931625;25.0;25.0;0;0
244.856;0.0;0.0;0.0;24.512820512820515;24.623931623931625;25.0;25.0;0;0
244.967;0.0;0.0;0.0;24.512820512820515;24.623931623931625;25.0;25.0;0;0
245.067;0.0;0.0;0.0;24.512820512820515;24.623931623931625;25.0;25.0;0;0
245.191;0.0;0.0;0.0;24.512820512820515;24.623931623931625;25.0;25.0;0;0
245.301;0.0;0.0;0.0;24.512820512820515;24.623931623931625;25.0;25.0;0;0
245.414;0.0;0.0;0.0;24.512820512820515;24.623931623931625;25.0;25.0;0;0
245.522;0.0;0.0;0.0;24.512820512820515;24.623931623931625;25.0;25.0;0;0
245.622;0.0;0.0;0.0;24.512820512820515;24.623931623931625;25.0;25.0;0;0
245.731;0.0;0.0;0.0;24.512820512820515;24.623931623931625;25.0;25.0;0;0
245.839;0.0;0.0;0.0;24.512820512820515;24.623931623931625;25.0;25.0;0;0
245.939;0.0;0.0;0.0;24.512820512820515;24.623931623931625;25.0;25.0;0;0
246.048;0.0;0.0;0.0;24.512820512820515;24.623931623931625;25.0;25.0;0;0
246.149;0.0;0.0;0.0;24.512820512820515;24.623931623931625;25.0;25.0;0;0
246.249;0.0;0.0;0.0;24.512820512820515;24.623931623931625;25.0;25.0;0;0
246.35;0.0;0.0;0.0;24.512820512820515;24.623931623931625;25.0;25.0;0;0
246.451;0.0;0.0;0.0;24.461538461538463;24.623931623931625;25.0;25.0;0;0
246.559;0.0;0.0;0.0;24.461538461538463;24.623931623931625;25.0;25.0;0;0
246.659;0.0;0.0;0.0;24.461538461538463;24.623931623931625;25.0;25.0;0;0
246.761;0.0;0.0;0.0;24.461538461538463;24.623931623931625;25.0;25.0;0;0
246.87;0.0;0.0;0.0;24.461538461538463;24.623931623931625;25.0;25.0;0;0
246.973;0.0;0.0;0.0;24.461538461538463;24.623931623931625;25.0;25.0;0;0
247.078;0.0;0.0;0.0;24.461538461538463;24.623931623931625;25.0;25.0;0;0
247.18;0.0;0.0;0.0;24.461538461538463;24.623931623931625;25.0;25.0;0;0
247.297;0.0;0.0;0.0;24.461538461538463;24.623931623931625;25.0;25.0;0;0
247.409;0.0;0.0;0.0;24.461538461538463;24.623931623931625;25.0;25.0;0;0
247.518;0.0;0.0;0.0;24.461538461538463;24.623931623931625;25.0;25.0;0;0
247.63;0.0;0.0;0.0;24.461538461538463;24.623931623931625;25.0;25.0;0;0
247.738;0.0;0.0;0.0;24.461538461538463;24.623931623931625;25.0;25.0;0;0
247.847;0.0;0.0;0.0;24.461538461538463;24.623931623931625;25.0;25.0;0;0
247.958;0.0;0.0;0.0;24.461538461538463;24.623931623931625;25.0;25.0;0;0
248.065;0.0;0.0;0.0;24.461538461538463;24.623931623931625;25.0;25.0;0;0
248.178;0.0;0.0;0.0;24.461538461538463;24.623931623931625;25.0;25.0;0;0
248.291;0.0;0.0;0.0;24.461538461538463;24.623931623931625;25.0;25.0;0;0
248.403;0.0;0.0;0.0;24.461538461538463;24.623931623931625;25.0;25.0;0;0
248.505;0.0;0.0;0.0;24.512820512820515;24.623931623931625;25.0;25.0;0;0
248.61;0.0;0.0;0.0;24.512820512820515;24.623931623931625;25.0;25.0;0;0
248.718;0.0;0.0;0.0;24.512820512820515;24.623931623931625;25.0;25.0;0;0
248.825;0.0;0.0;0.0;24.512820512820515;24.623931623931625;25.0;25.0;0;0
248.938;0.0;0.0;0.0;24.512820512820515;24.623931623931625;25.0;25.0;0;0
249.041;0.0;0.0;0.0;24.512820512820515;24.623931623931625;25.0;25.0;0;0
249.164;0.0;0.0;0.0;24.512820512820515;24.623931623931625;25.0;25.0;0;0
249.265;0.0;0.0;0.0;24.512820512820515;24.623931623931625;25.0;25.0;0;0
249.367;0.0;0.0;0.0;24.512820512820515;24.623931623931625;25.0;25.0;0;0
249.469;0.0;0.0;0.0;24.512820512820515;24.623931623931625;25.0;25.0;0;0
249.57;0.0;0.0;0.0;24.512820512820515;24.623931623931625;25.0;25.0;0;0
249.67;0.0;0.0;0.0;24.512820512820515;24.623931623931625;25.0;25.0;0;0
249.77;0.0;0.0;0.0;24.512820512820515;24.623931623931625;25.0;25.0;0;0
249.871;0.0;0.0;0.0;24.512820512820515;24.623931623931625;25.0;25.0;0;0
249.974;0.0;0.0;0.0;24.512820512820515;24.623931623931625;25.0;25.0;0;0
250.074;0.0;0.0;0.0;24.512820512820515;24.623931623931625;25.0;25.0;0;0
250.175;0.0;0.0;0.0;24.512820512820515;24.623931623931625;25.0;25.0;0;0
250.28;0.0;0.0;0.0;24.512820512820515;24.623931623931625;25.0;25.0;0;0
250.391;0.0;0.0;0.0;24.512820512820515;24.623931623931625;25.0;25.0;0;0
250.491;0.0;0.0;0.0;24.461538461538463;24.623931623931625;25.0;25.0;0;0
250.599;0.0;0.0;0.0;24.461538461538463;24.623931623931625;25.0;25.0;0;0
250.703;0.0;0.0;0.0;24.461538461538463;24.623931623931625;25.0;25.0;0;0
250.818;0.0;0.0;0.0;24.461538461538463;24.623931623931625;25.0;25.0;0;0
250.928;0.0;0.0;0.0;24.461538461538463;24.623931623931625;25.0;25.0;0;0
251.036;0.0;0.0;0.0;24.461538461538463;24.623931623931625;25.0;25.0;0;0
251.154;0.0;0.0;0.0;24.461538461538463;24.623931623931625;25.0;25.0;0;0
251.265;0.0;0.0;0.0;24.461538461538463;24.623931623931625;25.0;25.0;0;0
251.371;0.0;0.0;0.0;24.461538461538463;24.623931623931625;25.0;25.0;0;0
251.472;0.0;0.0;0.0;24.461538461538463;24.623931623931625;25.0;25.0;0;0
251.579;0.0;0.0;0.0;24.461538461538463;24.623931623931625;25.0;25.0;0;0
251.694;0.0;0.0;0.0;24.461538461538463;24.623931623931625;25.0;25.0;0;0
251.798;0.0;0.0;0.0;24.461538461538463;24.623931623931625;25.0;25.0;0;0
251.916;0.0;0.0;0.0;24.461538461538463;24.623931623931625;25.0;25.0;0;0
252.019;0.0;0.0;0.0;24.461538461538463;24.623931623931625;25.0;25.0;0;0
252.121;0.0;0.0;0.0;24.461538461538463;24.623931623931625;25.0;25.0;0;0
252.231;0.0;0.0;0.0;24.461538461538463;24.623931623931625;25.0;25.0;0;0
252.345;0.0;0.0;0.0;24.461538461538463;24.623931623931625;25.0;25.0;0;0
252.452;0.0;0.0;0.0;24.461538461538463;24.623931623931625;25.0;25.0;0;0
252.571;0.0;0.0;0.0;24.461538461538463;24.623931623931625;25.0;25.0;0;0
252.679;0.0;0.0;0.0;24.461538461538463;24.623931623931625;25.0;25.0;0;0
252.794;0.0;0.0;0.0;24.461538461538463;24.623931623931625;25.0;25.0;0;0
252.902;0.0;0.0;0.0;24.461538461538463;24.623931623931625;25.0;25.0;0;0
253.012;0.0;0.0;0.0;24.461538461538463;24.623931623931625;25.0;25.0;0;0
253.126;0.0;0.0;0.0;24.461538461538463;24.623931623931625;25.0;25.0;0;0
253.233;0.0;0.0;0.0;24.461538461538463;24.623931623931625;25.0;25.0;0;0
253.345;0.0;0.0;0.0;24.461538461538463;24.623931623931625;25.0;25.0;0;0
253.456;0.0;0.0;0.0;24.461538461538463;24.623931623931625;25.0;25.0;0;0
253.567;0.0;0.0;0.0;24.461538461538463;24.623931623931625;25.0;25.0;0;0
253.68;0.0;0.0;0.0;24.461538461538463;24.623931623931625;25.0;25.0;0;0
253.794;0.0;0.0;0.0;24.461538461538463;24.623931623931625;25.0;25.0;0;0
253.897;0.0;0.0;0.0;24.461538461538463;24.623931623931625;25.0;25.0;0;0
254.002;0.0;0.0;0.0;24.461538461538463;24.623931623931625;25.0;25.0;0;0
254.113;0.0;0.0;0.0;24.461538461538463;24.623931623931625;25.0;25.0;0;0
254.223;0.0;0.0;0.0;24.461538461538463;24.623931623931625;25.0;25.0;0;0
254.328;0.0;0.0;0.0;24.461538461538463;24.623931623931625;25.0;25.0;0;0
254.442;0.0;0.0;0.0;24.461538461538463;24.623931623931625;25.0;25.0;0;0
254.551;0.0;0.0;0.0;24.512820512820515;24.623931623931625;25.0;25.0;0;0
254.653;0.0;0.0;0.0;24.512820512820515;24.623931623931625;25.0;25.0;0;0
254.77;0.0;0.0;0.0;24.512820512820515;24.623931623931625;25.0;25.0;0;0
254.873;0.0;0.0;0.0;24.512820512820515;24.623931623931625;25.0;25.0;0;0
254.986;0.0;0.0;0.0;24.512820512820515;24.623931623931625;25.0;25.0;0;0
255.097;0.0;0.0;0.0;24.512820512820515;24.623931623931625;25.0;25.0;0;0
255.206;0.0;0.0;0.0;24.512820512820515;24.623931623931625;25.0;25.0;0;0
255.315;0.0;0.0;0.0;24.512820512820515;24.623931623931625;25.0;25.0;0;0
255.427;0.0;0.0;0.0;24.512820512820515;24.623931623931625;25.0;25.0;0;0
255.529;0.0;0.0;0.0;24.512820512820515;24.623931623931625;25.0;25.0;0;0
255.652;0.0;0.0;0.0;24.512820512820515;24.623931623931625;25.0;25.0;0;0
255.754;0.0;0.0;0.0;24.512820512820515;24.623931623931625;25.0;25.0;0;0
255.858;0.0;0.0;0.0;24.512820512820515;24.623931623931625;25.0;25.0;0;0
255.98;0.0;0.0;0.0;24.512820512820515;24.623931623931625;25.0;25.0;0;0
256.083;0.0;0.0;0.0;24.512820512820515;24.623931623931625;25.0;25.0;0;0
256.192;0.0;0.0;0.0;24.512820512820515;24.623931623931625;25.0;25.0;0;0
256.301;0.0;0.0;0.0;24.512820512820515;24.623931623931625;25.0;25.0;0;0
256.419;0.0;0.0;0.0;24.512820512820515;24.623931623931625;25.0;25.0;0;0
256.546;0.0;0.0;0.0;24.461538461538463;24.623931623931625;25.0;25.0;0;0
256.658;0.0;0.0;0.0;24.461538461538463;24.623931623931625;25.0;25.0;0;0
256.759;0.0;0.0;0.0;24.461538461538463;24.623931623931625;25.0;25.0;0;0
256.86;0.0;0.0;0.0;24.461538461538463;24.623931623931625;25.0;25.0;0;0
256.968;0.0;0.0;0.0;24.461538461538463;24.623931623931625;25.0;25.0;0;0
257.069;0.0;0.0;0.0;24.461538461538463;24.623931623931625;25.0;25.0;0;0
257.174;0.0;0.0;0.0;24.461538461538463;24.623931623931625;25.0;25.0;0;0
257.287;0.0;0.0;0.0;24.461538461538463;24.623931623931625;25.0;25.0;0;0
257.388;0.0;0.0;0.0;24.461538461538463;24.623931623931625;25.0;25.0;0;0
257.491;0.0;0.0;0.0;24.461538461538463;24.623931623931625;25.0;25.0;0;0
257.603;0.0;0.0;0.0;24.461538461538463;24.623931623931625;25.0;25.0;0;0
257.715;0.0;0.0;0.0;24.461538461538463;24.623931623931625;25.0;25.0;0;0
257.815;0.0;0.0;0.0;24.461538461538463;24.623931623931625;25.0;25.0;0;0
257.943;0.0;0.0;0.0;24.461538461538463;24.623931623931625;25.0;25.0;0;0
258.05;0.0;0.0;0.0;24.461538461538463;24.623931623931625;25.0;25.0;0;0
258.166;0.0;0.0;0.0;24.461538461538463;24.623931623931625;25.0;25.0;0;0
258.271;0.0;0.0;0.0;24.461538461538463;24.623931623931625;25.0;25.0;0;0
258.391;0.0;0.0;0.0;24.461538461538463;24.623931623931625;25.0;25.0;0;0
258.499;0.0;0.0;0.0;24.461538461538463;24.623931623931625;25.0;25.0;0;0
258.603;0.0;0.0;0.0;24.461538461538463;24.623931623931625;25.0;25.0;0;0
258.719;0.0;0.0;0.0;24.461538461538463;24.623931623931625;25.0;25.0;0;0
258.829;0.0;0.0;0.0;24.461538461538463;24.623931623931625;25.0;25.0;0;0
258.942;0.0;0.0;0.0;24.461538461538463;24.623931623931625;25.0;25.0;0;0
259.05;0.0;0.0;0.0;24.461538461538463;24.623931623931625;25.0;25.0;0;0
259.163;0.0;0.0;0.0;24.461538461538463;24.623931623931625;25.0;25.0;0;0
259.278;0.0;0.0;0.0;24.461538461538463;24.623931623931625;25.0;25.0;0;0
259.386;0.0;0.0;0.0;24.461538461538463;24.623931623931625;25.0;25.0;0;0
259.487;0.0;0.0;0.0;24.461538461538463;24.623931623931625;25.0;25.0;0;0
259.593;0.0;0.0;0.0;24.461538461538463;24.623931623931625;25.0;25.0;0;0
259.699;0.0;0.0;0.0;24.461538461538463;24.623931623931625;25.0;25.0;0;0
259.816;0.0;0.0;0.0;24.461538461538463;24.623931623931625;25.0;25.0;0;0
259.924;0.0;0.0;0.0;24.461538461538463;24.623931623931625;25.0;25.0;0;0
260.037;0.0;0.0;0.0;24.461538461538463;24.623931623931625;25.0;25.0;0;0
260.146;0.0;0.0;0.0;24.461538461538463;24.623931623931625;25.0;25.0;0;0
260.257;0.0;0.0;0.0;24.461538461538463;24.623931623931625;25.0;25.0;0;0
260.359;0.0;0.0;0.0;24.461538461538463;24.623931623931625;25.0;25.0;0;0
260.469;0.0;0.0;0.0;24.461538461538463;24.623931623931625;25.0;25.0;0;0
260.575;0.0;0.0;0.0;24.512820512820515;24.623931623931625;25.0;25.0;0;0
260.686;0.0;0.0;0.0;24.512820512820515;24.623931623931625;25.0;25.0;0;0
260.802;0.0;0.0;0.0;24.512820512820515;24.623931623931625;25.0;25.0;0;0
260.912;0.0;0.0;0.0;24.512820512820515;24.623931623931625;25.0;25.0;0;0
261.02;0.0;0.0;0.0;24.512820512820515;24.623931623931625;25.0;25.0;0;0
261.132;0.0;0.0;0.0;24.512820512820515;24.623931623931625;25.0;25.0;0;0
261.242;0.0;0.0;0.0;24.512820512820515;24.623931623931625;25.0;25.0;0;0
261.346;0.0;0.0;0.0;24.512820512820515;24.623931623931625;25.0;25.0;0;0
261.449;0.0;0.0;0.0;24.512820512820515;24.623931623931625;25.0;25.0;0;0
261.566;0.0;0.0;0.0;24.461538461538463;24.623931623931625;25.0;25.0;0;0
261.672;0.0;0.0;0.0;24.461538461538463;24.623931623931625;25.0;25.0;0;0
261.789;0.0;0.0;0.0;24.461538461538463;24.623931623931625;25.0;25.0;0;0
261.895;0.0;0.0;0.0;24.461538461538463;24.623931623931625;25.0;25.0;0;0
262.009;0.0;0.0;0.0;24.461538461538463;24.623931623931625;25.0;25.0;0;0
262.119;0.0;0.0;0.0;24.461538461538463;24.623931623931625;25.0;25.0;0;0
262.229;0.0;0.0;0.0;24.461538461538463;24.623931623931625;25.0;25.0;0;0
262.338;0.0;0.0;0.0;24.461538461538463;24.623931623931625;25.0;25.0;0;0
262.447;0.0;0.0;0.0;24.461538461538463;24.623931623931625;25.0;25.0;0;0
262.559;0.0;0.0;0.0;24.461538461538463;24.623931623931625;25.0;25.0;0;0
262.666;0.0;0.0;0.0;24.461538461538463;24.623931623931625;25.0;25.0;0;0
262.771;0.0;0.0;0.0;24.461538461538463;24.623931623931625;25.0;25.0;0;0
262.874;0.0;0.0;0.0;24.461538461538463;24.623931623931625;25.0;25.0;0;0
262.98;0.0;0.0;0.0;24.461538461538463;24.623931623931625;25.0;25.0;0;0
263.101;0.0;0.0;0.0;24.461538461538463;24.623931623931625;25.0;25.0;0;0
263.205;0.0;0.0;0.0;24.461538461538463;24.623931623931625;25.0;25.0;0;0
263.312;0.0;0.0;0.0;24.461538461538463;24.623931623931625;25.0;25.0;0;0
263.424;0.0;0.0;0.0;24.461538461538463;24.623931623931625;25.0;25.0;0;0
263.535;0.0;0.0;0.0;24.461538461538463;24.623931623931625;25.0;25.0;0;0
263.644;0.0;0.0;0.0;24.461538461538463;24.623931623931625;25.0;25.0;0;0
263.76;0.0;0.0;0.0;24.461538461538463;24.623931623931625;25.0;25.0;0;0
263.869;0.0;0.0;0.0;24.461538461538463;24.623931623931625;25.0;25.0;0;0
263.976;0.0;0.0;0.0;24.461538461538463;24.623931623931625;25.0;25.0;0;0
264.086;0.0;0.0;0.0;24.461538461538463;24.623931623931625;25.0;25.0;0;0
264.199;0.0;0.0;0.0;24.461538461538463;24.623931623931625;25.0;25.0;0;0
264.299;0.0;0.0;0.0;24.461538461538463;24.623931623931625;25.0;25.0;0;0
264.407;0.0;0.0;0.0;24.461538461538463;24.623931623931625;25.0;25.0;0;0
264.513;0.0;0.0;0.0;24.461538461538463;24.623931623931625;25.0;25.0;0;0
264.625;0.0;0.0;0.0;24.461538461538463;24.623931623931625;25.0;25.0;0;0
264.733;0.0;0.0;0.0;24.461538461538463;24.623931623931625;25.0;25.0;0;0
264.845;0.0;0.0;0.0;24.461538461538463;24.623931623931625;25.0;25.0;0;0
264.951;0.0;0.0;0.0;24.461538461538463;24.623931623931625;25.0;25.0;0;0
265.064;0.0;0.0;0.0;24.461538461538463;24.623931623931625;25.0;25.0;0;0
265.18;0.0;0.0;0.0;24.461538461538463;24.623931623931625;25.0;25.0;0;0
265.289;0.0;0.0;0.0;24.461538461538463;24.623931623931625;25.0;25.0;0;0
265.4;0.0;0.0;0.0;24.461538461538463;24.623931623931625;25.0;25.0;0;0
265.501;0.0;0.0;0.0;24.461538461538463;24.623931623931625;25.0;25.0;0;0
265.607;0.0;0.0;0.0;24.512820512820515;24.623931623931625;25.0;25.0;0;0
265.723;0.0;0.0;0.0;24.512820512820515;24.623931623931625;25.0;25.0;0;0
265.828;0.0;0.0;0.0;24.512820512820515;24.623931623931625;25.0;25.0;0;0
265.948;0.0;0.0;0.0;24.512820512820515;24.623931623931625;25.0;25.0;0;0
266.051;0.0;0.0;0.0;24.512820512820515;24.623931623931625;25.0;25.0;0;0
266.16;0.0;0.0;0.0;24.512820512820515;24.623931623931625;25.0;25.0;0;0
266.272;0.0;0.0;0.0;24.512820512820515;24.623931623931625;25.0;25.0;0;0
266.382;0.0;0.0;0.0;24.512820512820515;24.623931623931625;25.0;25.0;0;0
266.494;0.0;0.0;0.0;24.512820512820515;24.623931623931625;25.0;25.0;0;0
266.61;0.0;0.0;0.0;24.461538461538463;24.623931623931625;25.0;25.0;0;0
266.721;0.0;0.0;0.0;24.461538461538463;24.623931623931625;25.0;25.0;0;0
266.83;0.0;0.0;0.0;24.461538461538463;24.623931623931625;25.0;25.0;0;0
266.945;0.0;0.0;0.0;24.461538461538463;24.623931623931625;25.0;25.0;0;0
267.05;0.0;0.0;0.0;24.461538461538463;24.623931623931625;25.0;25.0;0;0
267.167;0.0;0.0;0.0;24.461538461538463;24.623931623931625;25.0;25.0;0;0
267.276;0.0;0.0;0.0;24.461538461538463;24.623931623931625;25.0;25.0;0;0
267.386;0.0;0.0;0.0;24.461538461538463;24.623931623931625;25.0;25.0;0;0
267.489;0.0;0.0;0.0;24.461538461538463;24.623931623931625;25.0;25.0;0;0
267.596;0.0;0.0;0.0;24.461538461538463;24.623931623931625;25.0;25.0;0;0
267.705;0.0;0.0;0.0;24.461538461538463;24.623931623931625;25.0;25.0;0;0
267.817;0.0;0.0;0.0;24.461538461538463;24.623931623931625;25.0;25.0;0;0
267.924;0.0;0.0;0.0;24.461538461538463;24.623931623931625;25.0;25.0;0;0
268.039;0.0;0.0;0.0;24.461538461538463;24.623931623931625;25.0;25.0;0;0
268.145;0.0;0.0;0.0;24.461538461538463;24.623931623931625;25.0;25.0;0;0
268.262;0.0;0.0;0.0;24.461538461538463;24.623931623931625;25.0;25.0;0;0
268.368;0.0;0.0;0.0;24.461538461538463;24.623931623931625;25.0;25.0;0;0
268.469;0.0;0.0;0.0;24.461538461538463;24.623931623931625;25.0;25.0;0;0
268.574;0.0;0.0;0.0;24.461538461538463;24.623931623931625;25.0;25.0;0;0
268.689;0.0;0.0;0.0;24.461538461538463;24.623931623931625;25.0;25.0;0;0
268.797;0.0;0.0;0.0;24.461538461538463;24.623931623931625;25.0;25.0;0;0
268.912;0.0;0.0;0.0;24.461538461538463;24.623931623931625;25.0;25.0;0;0
269.019;0.0;0.0;0.0;24.461538461538463;24.623931623931625;25.0;25.0;0;0
269.131;0.0;0.0;0.0;24.461538461538463;24.623931623931625;25.0;25.0;0;0
269.24;0.0;0.0;0.0;24.461538461538463;24.623931623931625;25.0;25.0;0;0
269.35;0.0;0.0;0.0;24.461538461538463;24.623931623931625;25.0;25.0;0;0
269.465;0.0;0.0;0.0;24.461538461538463;24.623931623931625;25.0;25.0;0;0
269.567;0.0;0.0;0.0;24.461538461538463;24.623931623931625;25.0;25.0;0;0
269.667;0.0;0.0;0.0;24.461538461538463;24.623931623931625;25.0;25.0;0;0
269.78;0.0;0.0;0.0;24.461538461538463;24.623931623931625;25.0;25.0;0;0
269.891;0.0;0.0;0.0;24.461538461538463;24.623931623931625;25.0;25.0;0;0
269.999;0.0;0.0;0.0;24.461538461538463;24.623931623931625;25.0;25.0;0;0
270.1;0.0;0.0;0.0;24.461538461538463;24.623931623931625;25.0;25.0;0;0
270.204;0.0;0.0;0.0;24.461538461538463;24.623931623931625;25.0;25.0;0;0
270.33;0.0;0.0;0.0;24.461538461538463;24.623931623931625;25.0;25.0;0;0
270.443;0.0;0.0;0.0;24.461538461538463;24.623931623931625;25.0;25.0;0;0
270.549;0.0;0.0;0.0;24.461538461538463;24.623931623931625;25.0;25.0;0;0
270.665;0.0;0.0;0.0;24.461538461538463;24.623931623931625;25.0;25.0;0;0
270.772;0.0;0.0;0.0;24.461538461538463;24.623931623931625;25.0;25.0;0;0
270.885;0.0;0.0;0.0;24.461538461538463;24.623931623931625;25.0;25.0;0;0
270.997;0.0;0.0;0.0;24.461538461538463;24.623931623931625;25.0;25.0;0;0
271.098;0.0;0.0;0.0;24.461538461538463;24.623931623931625;25.0;25.0;0;0
271.204;0.0;0.0;0.0;24.461538461538463;24.623931623931625;25.0;25.0;0;0
271.314;0.0;0.0;0.0;24.461538461538463;24.623931623931625;25.0;25.0;0;0
271.427;0.0;0.0;0.0;24.461538461538463;24.623931623931625;25.0;25.0;0;0
271.541;0.0;0.0;0.0;24.461538461538463;24.623931623931625;25.0;25.0;0;0
271.649;0.0;0.0;0.0;24.461538461538463;24.623931623931625;25.0;25.0;0;0
271.757;0.0;0.0;0.0;24.461538461538463;24.623931623931625;25.0;25.0;0;0
271.86;0.0;0.0;0.0;24.461538461538463;24.623931623931625;25.0;25.0;0;0
271.964;0.0;0.0;0.0;24.461538461538463;24.623931623931625;25.0;25.0;0;0
272.072;0.0;0.0;0.0;24.461538461538463;24.623931623931625;25.0;25.0;0;0
272.188;0.0;0.0;0.0;24.461538461538463;24.623931623931625;25.0;25.0;0;0
272.298;0.0;0.0;0.0;24.461538461538463;24.623931623931625;25.0;25.0;0;0
272.41;0.0;0.0;0.0;24.461538461538463;24.623931623931625;25.0;25.0;0;0
272.518;0.0;0.0;0.0;24.461538461538463;24.623931623931625;25.0;25.0;0;0
272.634;0.0;0.0;0.0;24.461538461538463;24.623931623931625;25.0;25.0;0;0
272.734;0.0;0.0;0.0;24.461538461538463;24.623931623931625;25.0;25.0;0;0
272.835;0.0;0.0;0.0;24.461538461538463;24.623931623931625;25.0;25.0;0;0
272.952;0.0;0.0;0.0;24.461538461538463;24.623931623931625;25.0;25.0;0;0
273.055;0.0;0.0;0.0;24.461538461538463;24.623931623931625;25.0;25.0;0;0
273.173;0.0;0.0;0.0;24.461538461538463;24.623931623931625;25.0;25.0;0;0
273.284;0.0;0.0;0.0;24.461538461538463;24.623931623931625;25.0;25.0;0;0
273.392;0.0;0.0;0.0;24.461538461538463;24.623931623931625;25.0;25.0;0;0
273.507;0.0;0.0;0.0;24.461538461538463;24.623931623931625;25.0;25.0;0;0
273.611;0.0;0.0;0.0;24.461538461538463;24.623931623931625;25.0;25.0;0;0
273.726;0.0;0.0;0.0;24.461538461538463;24.623931623931625;25.0;25.0;0;0
273.843;0.0;0.0;0.0;24.461538461538463;24.623931623931625;25.0;25.0;0;0
273.951;0.0;0.0;0.0;24.461538461538463;24.623931623931625;25.0;25.0;0;0
274.058;0.0;0.0;0.0;24.461538461538463;24.623931623931625;25.0;25.0;0;0
274.158;0.0;0.0;0.0;24.461538461538463;24.623931623931625;25.0;25.0;0;0
274.268;0.0;0.0;0.0;24.461538461538463;24.623931623931625;25.0;25.0;0;0
274.384;0.0;0.0;0.0;24.461538461538463;24.623931623931625;25.0;25.0;0;0
274.489;0.0;0.0;0.0;24.461538461538463;24.623931623931625;25.0;25.0;0;0
274.607;0.0;0.0;0.0;24.461538461538463;24.623931623931625;25.0;25.0;0;0
274.716;0.0;0.0;0.0;24.461538461538463;24.623931623931625;25.0;25.0;0;0
274.816;0.0;0.0;0.0;24.461538461538463;24.623931623931625;25.0;25.0;0;0
274.92;0.0;0.0;0.0;24.461538461538463;24.623931623931625;25.0;25.0;0;0
275.037;0.0;0.0;0.0;24.461538461538463;24.623931623931625;25.0;25.0;0;0
275.146;0.0;0.0;0.0;24.461538461538463;24.623931623931625;25.0;25.0;0;0
275.26;0.0;0.0;0.0;24.461538461538463;24.623931623931625;25.0;25.0;0;0
275.369;0.0;0.0;0.0;24.461538461538463;24.623931623931625;25.0;25.0;0;0
275.477;0.0;0.0;0.0;24.461538461538463;24.623931623931625;25.0;25.0;0;0
275.579;0.0;0.0;0.0;24.461538461538463;24.623931623931625;25.0;25.0;0;0
275.685;0.0;0.0;0.0;24.461538461538463;24.623931623931625;25.0;25.0;0;0
275.786;0.0;0.0;0.0;24.461538461538463;24.623931623931625;25.0;25.0;0;0
275.886;0.0;0.0;0.0;24.461538461538463;24.623931623931625;25.0;25.0;0;0
275.987;0.0;0.0;0.0;24.461538461538463;24.623931623931625;25.0;25.0;0;0
276.087;0.0;0.0;0.0;24.461538461538463;24.623931623931625;25.0;25.0;0;0
276.188;0.0;0.0;0.0;24.461538461538463;24.623931623931625;25.0;25.0;0;0
276.292;0.0;0.0;0.0;24.461538461538463;24.623931623931625;25.0;25.0;0;0
276.395;0.0;0.0;0.0;24.461538461538463;24.623931623931625;25.0;25.0;0;0
276.495;0.0;0.0;0.0;24.461538461538463;24.623931623931625;25.0;25.0;0;0
276.596;0.0;0.0;0.0;24.461538461538463;24.623931623931625;25.0;25.0;0;0
276.705;0.0;0.0;0.0;24.461538461538463;24.623931623931625;25.0;25.0;0;0
276.805;0.0;0.0;0.0;24.461538461538463;24.623931623931625;25.0;25.0;0;0
276.925;0.0;0.0;0.0;24.461538461538463;24.623931623931625;25.0;25.0;0;0
277.031;0.0;0.0;0.0;24.461538461538463;24.623931623931625;25.0;25.0;0;0
277.132;0.0;0.0;0.0;24.461538461538463;24.623931623931625;25.0;25.0;0;0
277.25;0.0;0.0;0.0;24.461538461538463;24.623931623931625;25.0;25.0;0;0
277.354;0.0;0.0;0.0;24.461538461538463;24.623931623931625;25.0;25.0;0;0
277.468;0.0;0.0;0.0;24.461538461538463;24.623931623931625;25.0;25.0;0;0
277.57;0.0;0.0;0.0;24.461538461538463;24.623931623931625;25.0;25.0;0;0
277.677;0.0;0.0;0.0;24.461538461538463;24.623931623931625;25.0;25.0;0;0
277.793;0.0;0.0;0.0;24.461538461538463;24.623931623931625;25.0;25.0;0;0
277.9;0.0;0.0;0.0;24.461538461538463;24.623931623931625;25.0;25.0;0;0
278.011;0.0;0.0;0.0;24.461538461538463;24.623931623931625;25.0;25.0;0;0
278.123;0.0;0.0;0.0;24.461538461538463;24.623931623931625;25.0;25.0;0;0
278.228;0.0;0.0;0.0;24.461538461538463;24.623931623931625;25.0;25.0;0;0
278.344;0.0;0.0;0.0;24.461538461538463;24.623931623931625;25.0;25.0;0;0
278.447;0.0;0.0;0.0;24.461538461538463;24.623931623931625;25.0;25.0;0;0
278.551;0.0;0.0;0.0;24.461538461538463;24.623931623931625;25.0;25.0;0;0
278.654;0.0;0.0;0.0;24.461538461538463;24.623931623931625;25.0;25.0;0;0
278.761;0.0;0.0;0.0;24.461538461538463;24.623931623931625;25.0;25.0;0;0
278.876;0.0;0.0;0.0;24.461538461538463;24.623931623931625;25.0;25.0;0;0
278.982;0.0;0.0;0.0;24.461538461538463;24.623931623931625;25.0;25.0;0;0
279.083;0.0;0.0;0.0;24.461538461538463;24.623931623931625;25.0;25.0;0;0
279.204;0.0;0.0;0.0;24.461538461538463;24.623931623931625;25.0;25.0;0;0
279.315;0.0;0.0;0.0;24.461538461538463;24.623931623931625;25.0;25.0;0;0
279.421;0.0;0.0;0.0;24.461538461538463;24.623931623931625;25.0;25.0;0;0
279.533;0.0;0.0;0.0;24.461538461538463;24.623931623931625;25.0;25.0;0;0
279.642;0.0;0.0;0.0;24.461538461538463;24.623931623931625;25.0;25.0;0;0
279.754;0.0;0.0;0.0;24.461538461538463;24.623931623931625;25.0;25.0;0;0
279.862;0.0;0.0;0.0;24.461538461538463;24.623931623931625;25.0;25.0;0;0
279.973;0.0;0.0;0.0;24.461538461538463;24.623931623931625;25.0;25.0;0;0
280.082;0.0;0.0;0.0;24.461538461538463;24.623931623931625;25.0;25.0;0;0
280.193;0.0;0.0;0.0;24.461538461538463;24.623931623931625;25.0;25.0;0;0
280.302;0.0;0.0;0.0;24.461538461538463;24.623931623931625;25.0;25.0;0;0
280.418;0.0;0.0;0.0;24.461538461538463;24.623931623931625;25.0;25.0;0;0
280.53;0.0;0.0;0.0;24.461538461538463;24.623931623931625;25.0;25.0;0;0
280.636;0.0;0.0;0.0;24.461538461538463;24.623931623931625;25.0;25.0;0;0
280.746;0.0;0.0;0.0;24.461538461538463;24.623931623931625;25.0;25.0;0;0
280.86;0.0;0.0;0.0;24.461538461538463;24.623931623931625;25.0;25.0;0;0
280.974;0.0;0.0;0.0;24.461538461538463;24.623931623931625;25.0;25.0;0;0
281.08;0.0;0.0;0.0;24.461538461538463;24.623931623931625;25.0;25.0;0;0
281.192;0.0;0.0;0.0;24.461538461538463;24.623931623931625;25.0;25.0;0;0
281.302;0.0;0.0;0.0;24.461538461538463;24.623931623931625;25.0;25.0;0;0
281.415;0.0;0.0;0.0;24.461538461538463;24.623931623931625;25.0;25.0;0;0
281.516;0.0;0.0;0.0;24.461538461538463;24.623931623931625;25.0;25.0;0;0
281.625;0.0;0.0;0.0;24.461538461538463;24.623931623931625;25.0;25.0;0;0
281.732;0.0;0.0;0.0;24.461538461538463;24.623931623931625;25.0;25.0;0;0
281.847;0.0;0.0;0.0;24.461538461538463;24.623931623931625;25.0;25.0;0;0
281.953;0.0;0.0;0.0;24.461538461538463;24.623931623931625;25.0;25.0;0;0
282.054;0.0;0.0;0.0;24.461538461538463;24.623931623931625;25.0;25.0;0;0
282.173;0.0;0.0;0.0;24.461538461538463;24.623931623931625;25.0;25.0;0;0
282.289;0.0;0.0;0.0;24.461538461538463;24.623931623931625;25.0;25.0;0;0
282.401;0.0;0.0;0.0;24.461538461538463;24.623931623931625;25.0;25.0;0;0
282.511;0.0;0.0;0.0;24.461538461538463;24.623931623931625;25.0;25.0;0;0
282.621;0.0;0.0;0.0;24.461538461538463;24.572649572649574;25.0;25.0;0;0
282.722;0.0;0.0;0.0;24.461538461538463;24.572649572649574;25.0;25.0;0;0
282.827;0.0;0.0;0.0;24.461538461538463;24.572649572649574;25.0;25.0;0;0
282.942;0.0;0.0;0.0;24.461538461538463;24.572649572649574;25.0;25.0;0;0
283.054;0.0;0.0;0.0;24.461538461538463;24.572649572649574;25.0;25.0;0;0
283.165;0.0;0.0;0.0;24.461538461538463;24.572649572649574;25.0;25.0;0;0
283.271;0.0;0.0;0.0;24.461538461538463;24.572649572649574;25.0;25.0;0;0
283.384;0.0;0.0;0.0;24.461538461538463;24.572649572649574;25.0;25.0;0;0
283.486;0.0;0.0;0.0;24.461538461538463;24.572649572649574;25.0;25.0;0;0
283.59;0.0;0.0;0.0;24.461538461538463;24.623931623931625;25.0;25.0;0;0
283.704;0.0;0.0;0.0;24.461538461538463;24.623931623931625;25.0;25.0;0;0
283.815;0.0;0.0;0.0;24.461538461538463;24.623931623931625;25.0;25.0;0;0
283.924;0.0;0.0;0.0;24.461538461538463;24.623931623931625;25.0;25.0;0;0
284.025;0.0;0.0;0.0;24.461538461538463;24.623931623931625;25.0;25.0;0;0
284.145;0.0;0.0;0.0;24.461538461538463;24.623931623931625;25.0;25.0;0;0
284.258;0.0;0.0;0.0;24.461538461538463;24.623931623931625;25.0;25.0;0;0
284.365;0.0;0.0;0.0;24.461538461538463;24.623931623931625;25.0;25.0;0;0
284.48;0.0;0.0;0.0;24.410256410256412;24.623931623931625;25.0;25.0;0;0
284.59;0.0;0.0;0.0;24.410256410256412;24.623931623931625;25.0;25.0;0;0
284.701;0.0;0.0;0.0;24.410256410256412;24.623931623931625;25.0;25.0;0;0
284.802;0.0;0.0;0.0;24.410256410256412;24.623931623931625;25.0;25.0;0;0
284.91;0.0;0.0;0.0;24.410256410256412;24.623931623931625;25.0;25.0;0;0
285.016;0.0;0.0;0.0;24.410256410256412;24.623931623931625;25.0;25.0;0;0
285.117;0.0;0.0;0.0;24.410256410256412;24.623931623931625;25.0;25.0;0;0
285.24;0.0;0.0;0.0;24.410256410256412;24.623931623931625;25.0;25.0;0;0
285.355;0.0;0.0;0.0;24.410256410256412;24.623931623931625;25.0;25.0;0;0
285.467;0.0;0.0;0.0;24.410256410256412;24.623931623931625;25.0;25.0;0;0
285.577;0.0;0.0;0.0;24.410256410256412;24.623931623931625;25.0;25.0;0;0
285.678;0.0;0.0;0.0;24.461538461538463;24.623931623931625;25.0;25.0;0;0
285.779;0.0;0.0;0.0;24.461538461538463;24.623931623931625;25.0;25.0;0;0
285.893;0.0;0.0;0.0;24.461538461538463;24.623931623931625;25.0;25.0;0;0
286.005;0.0;0.0;0.0;24.461538461538463;24.623931623931625;25.0;25.0;0;0
286.115;0.0;0.0;0.0;24.461538461538463;24.623931623931625;25.0;25.0;0;0
286.225;0.0;0.0;0.0;24.461538461538463;24.623931623931625;25.0;25.0;0;0
286.336;0.0;0.0;0.0;24.461538461538463;24.623931623931625;25.0;25.0;0;0
286.45;0.0;0.0;0.0;24.461538461538463;24.623931623931625;25.0;25.0;0;0
286.555;0.0;0.0;0.0;24.461538461538463;24.623931623931625;25.0;25.0;0;0
286.664;0.0;0.0;0.0;24.461538461538463;24.623931623931625;25.0;25.0;0;0
286.783;0.0;0.0;0.0;24.461538461538463;24.623931623931625;25.0;25.0;0;0
286.889;0.0;0.0;0.0;24.461538461538463;24.623931623931625;25.0;25.0;0;0
286.99;0.0;0.0;0.0;24.461538461538463;24.623931623931625;25.0;25.0;0;0
287.112;0.0;0.0;0.0;24.461538461538463;24.623931623931625;25.0;25.0;0;0
287.227;0.0;0.0;0.0;24.461538461538463;24.623931623931625;25.0;25.0;0;0
287.334;0.0;0.0;0.0;24.461538461538463;24.623931623931625;25.0;25.0;0;0
287.45;0.0;0.0;0.0;24.461538461538463;24.623931623931625;25.0;25.0;0;0
287.559;0.0;0.0;0.0;24.461538461538463;24.623931623931625;25.0;25.0;0;0
287.66;0.0;0.0;0.0;24.461538461538463;24.572649572649574;25.0;25.0;0;0
287.766;0.0;0.0;0.0;24.461538461538463;24.572649572649574;25.0;25.0;0;0
287.88;0.0;0.0;0.0;24.461538461538463;24.572649572649574;25.0;25.0;0;0
287.985;0.0;0.0;0.0;24.461538461538463;24.572649572649574;25.0;25.0;0;0
288.099;0.0;0.0;0.0;24.461538461538463;24.572649572649574;25.0;25.0;0;0
288.21;0.0;0.0;0.0;24.461538461538463;24.572649572649574;25.0;25.0;0;0
288.32;0.0;0.0;0.0;24.461538461538463;24.572649572649574;25.0;25.0;0;0
288.42;0.0;0.0;0.0;24.461538461538463;24.572649572649574;25.0;25.0;0;0
288.525;0.0;0.0;0.0;24.461538461538463;24.572649572649574;25.0;25.0;0;0
288.625;0.0;0.0;0.0;24.461538461538463;24.623931623931625;25.0;25.0;0;0
288.726;0.0;0.0;0.0;24.461538461538463;24.623931623931625;25.0;25.0;0;0
288.827;0.0;0.0;0.0;24.461538461538463;24.623931623931625;25.0;25.0;0;0
288.927;0.0;0.0;0.0;24.461538461538463;24.623931623931625;25.0;25.0;0;0
289.028;0.0;0.0;0.0;24.461538461538463;24.623931623931625;25.0;25.0;0;0
289.128;0.0;0.0;0.0;24.461538461538463;24.623931623931625;25.0;25.0;0;0
289.231;0.0;0.0;0.0;24.461538461538463;24.623931623931625;25.0;25.0;0;0
289.339;0.0;0.0;0.0;24.461538461538463;24.623931623931625;25.0;25.0;0;0
289.44;0.0;0.0;0.0;24.461538461538463;24.623931623931625;25.0;25.0;0;0
289.545;0.0;0.0;0.0;24.461538461538463;24.623931623931625;25.0;25.0;0;0
289.657;0.0;0.0;0.0;24.461538461538463;24.623931623931625;25.0;25.0;0;0
289.77;0.0;0.0;0.0;24.461538461538463;24.623931623931625;25.0;25.0;0;0
289.872;0.0;0.0;0.0;24.461538461538463;24.623931623931625;25.0;25.0;0;0
289.973;0.0;0.0;0.0;24.461538461538463;24.623931623931625;25.0;25.0;0;0
290.084;0.0;0.0;0.0;24.461538461538463;24.623931623931625;25.0;25.0;0;0
290.199;0.0;0.0;0.0;24.461538461538463;24.623931623931625;25.0;25.0;0;0
290.312;0.0;0.0;0.0;24.461538461538463;24.623931623931625;25.0;25.0;0;0
290.412;0.0;0.0;0.0;24.461538461538463;24.623931623931625;25.0;25.0;0;0
290.516;0.0;0.0;0.0;24.461538461538463;24.623931623931625;25.0;25.0;0;0
290.629;0.0;0.0;0.0;24.461538461538463;24.623931623931625;25.0;25.0;0;0
290.739;0.0;0.0;0.0;24.461538461538463;24.623931623931625;25.0;25.0;0;0
290.851;0.0;0.0;0.0;24.461538461538463;24.623931623931625;25.0;25.0;0;0
290.965;0.0;0.0;0.0;24.461538461538463;24.623931623931625;25.0;25.0;0;0
291.071;0.0;0.0;0.0;24.461538461538463;24.623931623931625;25.0;25.0;0;0
291.184;0.0;0.0;0.0;24.461538461538463;24.623931623931625;25.0;25.0;0;0
291.296;0.0;0.0;0.0;24.461538461538463;24.623931623931625;25.0;25.0;0;0
291.407;0.0;0.0;0.0;24.461538461538463;24.623931623931625;25.0;25.0;0;0
291.52;0.0;0.0;0.0;24.461538461538463;24.623931623931625;25.0;25.0;0;0
291.632;0.0;0.0;0.0;24.410256410256412;24.623931623931625;25.0;25.0;0;0
291.74;0.0;0.0;0.0;24.410256410256412;24.623931623931625;25.0;25.0;0;0
291.841;0.0;0.0;0.0;24.410256410256412;24.623931623931625;25.0;25.0;0;0
291.946;0.0;0.0;0.0;24.410256410256412;24.623931623931625;25.0;25.0;0;0
292.055;0.0;0.0;0.0;24.410256410256412;24.623931623931625;25.0;25.0;0;0
292.17;0.0;0.0;0.0;24.410256410256412;24.623931623931625;25.0;25.0;0;0
292.272;0.0;0.0;0.0;24.410256410256412;24.623931623931625;25.0;25.0;0;0
292.394;0.0;0.0;0.0;24.410256410256412;24.623931623931625;25.0;25.0;0;0
292.501;0.0;0.0;0.0;24.410256410256412;24.623931623931625;25.0;25.0;0;0
292.609;0.0;0.0;0.0;24.461538461538463;24.572649572649574;25.0;25.0;0;0
292.72;0.0;0.0;0.0;24.461538461538463;24.572649572649574;25.0;25.0;0;0
292.829;0.0;0.0;0.0;24.461538461538463;24.572649572649574;25.0;25.0;0;0
292.939;0.0;0.0;0.0;24.461538461538463;24.572649572649574;25.0;25.0;0;0
293.051;0.0;0.0;0.0;24.461538461538463;24.572649572649574;25.0;25.0;0;0
293.161;0.0;0.0;0.0;24.461538461538463;24.572649572649574;25.0;25.0;0;0
293.268;0.0;0.0;0.0;24.461538461538463;24.572649572649574;25.0;25.0;0;0
293.379;0.0;0.0;0.0;24.461538461538463;24.572649572649574;25.0;25.0;0;0
293.49;0.0;0.0;0.0;24.461538461538463;24.572649572649574;25.0;25.0;0;0
293.601;0.0;0.0;0.0;24.410256410256412;24.572649572649574;25.0;25.0;0;0
293.71;0.0;0.0;0.0;24.410256410256412;24.572649572649574;25.0;25.0;0;0
293.818;0.0;0.0;0.0;24.410256410256412;24.572649572649574;25.0;25.0;0;0
293.924;0.0;0.0;0.0;24.410256410256412;24.572649572649574;25.0;25.0;0;0
294.035;0.0;0.0;0.0;24.410256410256412;24.572649572649574;25.0;25.0;0;0
294.141;0.0;0.0;0.0;24.410256410256412;24.572649572649574;25.0;25.0;0;0
294.252;0.0;0.0;0.0;24.410256410256412;24.572649572649574;25.0;25.0;0;0
294.364;0.0;0.0;0.0;24.410256410256412;24.572649572649574;25.0;25.0;0;0
294.475;0.0;0.0;0.0;24.410256410256412;24.572649572649574;25.0;25.0;0;0
294.589;0.0;0.0;0.0;24.410256410256412;24.572649572649574;25.0;25.0;0;0
294.697;0.0;0.0;0.0;24.410256410256412;24.572649572649574;25.0;25.0;0;0
294.809;0.0;0.0;0.0;24.410256410256412;24.572649572649574;25.0;25.0;0;0
294.913;0.0;0.0;0.0;24.410256410256412;24.572649572649574;25.0;25.0;0;0
295.014;0.0;0.0;0.0;24.410256410256412;24.572649572649574;25.0;25.0;0;0
295.128;0.0;0.0;0.0;24.410256410256412;24.572649572649574;25.0;25.0;0;0
295.229;0.0;0.0;0.0;24.410256410256412;24.572649572649574;25.0;25.0;0;0
295.329;0.0;0.0;0.0;24.410256410256412;24.572649572649574;25.0;25.0;0;0
295.432;0.0;0.0;0.0;24.410256410256412;24.572649572649574;25.0;25.0;0;0
295.532;0.0;0.0;0.0;24.410256410256412;24.572649572649574;25.0;25.0;0;0
295.633;0.0;0.0;0.0;24.461538461538463;24.623931623931625;25.0;25.0;0;0
295.733;0.0;0.0;0.0;24.461538461538463;24.623931623931625;25.0;25.0;0;0
295.834;0.0;0.0;0.0;24.461538461538463;24.623931623931625;25.0;25.0;0;0
295.934;0.0;0.0;0.0;24.461538461538463;24.623931623931625;25.0;25.0;0;0
296.037;0.0;0.0;0.0;24.461538461538463;24.623931623931625;25.0;25.0;0;0
296.138;0.0;0.0;0.0;24.461538461538463;24.623931623931625;25.0;25.0;0;0
296.239;0.0;0.0;0.0;24.461538461538463;24.623931623931625;25.0;25.0;0;0
296.346;0.0;0.0;0.0;24.461538461538463;24.623931623931625;25.0;25.0;0;0
296.455;0.0;0.0;0.0;24.461538461538463;24.623931623931625;25.0;25.0;0;0
296.559;0.0;0.0;0.0;24.461538461538463;24.623931623931625;25.0;25.0;0;0
296.66;0.0;0.0;0.0;24.461538461538463;24.572649572649574;25.0;25.0;0;0
296.767;0.0;0.0;0.0;24.461538461538463;24.572649572649574;25.0;25.0;0;0
296.879;0.0;0.0;0.0;24.461538461538463;24.572649572649574;25.0;25.0;0;0
296.992;0.0;0.0;0.0;24.461538461538463;24.572649572649574;25.0;25.0;0;0
297.1;0.0;0.0;0.0;24.461538461538463;24.572649572649574;25.0;25.0;0;0
297.212;0.0;0.0;0.0;24.461538461538463;24.572649572649574;25.0;25.0;0;0
297.319;0.0;0.0;0.0;24.461538461538463;24.572649572649574;25.0;25.0;0;0
297.42;0.0;0.0;0.0;24.461538461538463;24.572649572649574;25.0;25.0;0;0
297.531;0.0;0.0;0.0;24.461538461538463;24.572649572649574;25.0;25.0;0;0
297.64;0.0;0.0;0.0;24.461538461538463;24.572649572649574;25.0;25.0;0;0
297.751;0.0;0.0;0.0;24.461538461538463;24.572649572649574;25.0;25.0;0;0
297.86;0.0;0.0;0.0;24.461538461538463;24.572649572649574;25.0;25.0;0;0
297.972;0.0;0.0;0.0;24.461538461538463;24.572649572649574;25.0;25.0;0;0
298.083;0.0;0.0;0.0;24.461538461538463;24.572649572649574;25.0;25.0;0;0
298.195;0.0;0.0;0.0;24.461538461538463;24.572649572649574;25.0;25.0;0;0
298.307;0.0;0.0;0.0;24.461538461538463;24.572649572649574;25.0;25.0;0;0
298.409;0.0;0.0;0.0;24.461538461538463;24.572649572649574;25.0;25.0;0;0
298.516;0.0;0.0;0.0;24.461538461538463;24.572649572649574;25.0;25.0;0;0
298.63;0.0;0.0;0.0;24.410256410256412;24.572649572649574;25.0;25.0;0;0
298.734;0.0;0.0;0.0;24.410256410256412;24.572649572649574;25.0;25.0;0;0
298.847;0.0;0.0;0.0;24.410256410256412;24.572649572649574;25.0;25.0;0;0
298.955;0.0;0.0;0.0;24.410256410256412;24.572649572649574;25.0;25.0;0;0
299.065;0.0;0.0;0.0;24.410256410256412;24.572649572649574;25.0;25.0;0;0
299.175;0.0;0.0;0.0;24.410256410256412;24.572649572649574;25.0;25.0;0;0
299.291;0.0;0.0;0.0;24.410256410256412;24.572649572649574;25.0;25.0;0;0
299.395;0.0;0.0;0.0;24.410256410256412;24.572649572649574;25.0;25.0;0;0
299.51;0.0;0.0;0.0;24.410256410256412;24.572649572649574;25.0;25.0;0;0
299.62;0.0;0.0;0.0;24.410256410256412;24.572649572649574;25.0;25.0;0;0
299.729;0.0;0.0;0.0;24.410256410256412;24.572649572649574;25.0;25.0;0;0
299.84;0.0;0.0;0.0;24.410256410256412;24.572649572649574;25.0;25.0;0;0
299.94;0.0;0.0;0.0;24.410256410256412;24.572649572649574;25.0;25.0;0;0
300.06;0.0;0.0;0.0;24.410256410256412;24.572649572649574;25.0;25.0;0;0
300.162;0.0;0.0;0.0;24.410256410256412;24.572649572649574;25.0;25.0;0;0
300.266;0.0;0.0;0.0;24.410256410256412;24.572649572649574;25.0;25.0;0;0
300.367;0.0;0.0;0.0;24.410256410256412;24.572649572649574;25.0;25.0;0;0
300.467;0.0;0.0;0.0;24.410256410256412;24.572649572649574;25.0;25.0;0;0
300.568;0.0;0.0;0.0;24.410256410256412;24.572649572649574;25.0;25.0;0;0
300.669;0.0;0.0;0.0;24.410256410256412;24.572649572649574;25.0;25.0;0;0
300.769;0.0;0.0;0.0;24.410256410256412;24.572649572649574;25.0;25.0;0;0
300.87;0.0;0.0;0.0;24.410256410256412;24.572649572649574;25.0;25.0;0;0
300.973;0.0;0.0;0.0;24.410256410256412;24.572649572649574;25.0;25.0;0;0
301.076;0.0;0.0;0.0;24.410256410256412;24.572649572649574;25.0;25.0;0;0
301.178;0.0;0.0;0.0;24.410256410256412;24.572649572649574;25.0;25.0;0;0
301.29;0.0;0.0;0.0;24.410256410256412;24.572649572649574;25.0;25.0;0;0
301.392;0.0;0.0;0.0;24.410256410256412;24.572649572649574;25.0;25.0;0;0
301.493;0.0;0.0;0.0;24.410256410256412;24.572649572649574;25.0;25.0;0;0
301.607;0.0;0.0;0.0;24.410256410256412;24.572649572649574;25.0;25.0;0;0
301.708;0.0;0.0;0.0;24.461538461538463;24.572649572649574;25.0;25.0;0;0
301.811;0.0;0.0;0.0;24.461538461538463;24.572649572649574;25.0;25.0;0;0
301.925;0.0;0.0;0.0;24.461538461538463;24.572649572649574;25.0;25.0;0;0
302.038;0.0;0.0;0.0;24.461538461538463;24.572649572649574;25.0;25.0;0;0
302.142;0.0;0.0;0.0;24.461538461538463;24.572649572649574;25.0;25.0;0;0
302.257;0.0;0.0;0.0;24.461538461538463;24.572649572649574;25.0;25.0;0;0
302.367;0.0;0.0;0.0;24.461538461538463;24.572649572649574;25.0;25.0;0;0
302.468;0.0;0.0;0.0;24.461538461538463;24.572649572649574;25.0;25.0;0;0
302.575;0.0;0.0;0.0;24.461538461538463;24.572649572649574;25.0;25.0;0;0
302.69;0.0;0.0;0.0;24.410256410256412;24.572649572649574;25.0;25.0;0;0
302.797;0.0;0.0;0.0;24.410256410256412;24.572649572649574;25.0;25.0;0;0
302.911;0.0;0.0;0.0;24.410256410256412;24.572649572649574;25.0;25.0;0;0
303.011;0.0;0.0;0.0;24.410256410256412;24.572649572649574;25.0;25.0;0;0
303.117;0.0;0.0;0.0;24.410256410256412;24.572649572649574;25.0;25.0;0;0
303.233;0.0;0.0;0.0;24.410256410256412;24.572649572649574;25.0;25.0;0;0
303.347;0.0;0.0;0.0;24.410256410256412;24.572649572649574;25.0;25.0;0;0
303.458;0.0;0.0;0.0;24.410256410256412;24.572649572649574;25.0;25.0;0;0
303.564;0.0;0.0;0.0;24.410256410256412;24.572649572649574;25.0;25.0;0;0
303.664;0.0;0.0;0.0;24.461538461538463;24.572649572649574;25.0;25.0;0;0
303.791;0.0;0.0;0.0;24.461538461538463;24.572649572649574;25.0;25.0;0;0
303.897;0.0;0.0;0.0;24.461538461538463;24.572649572649574;25.0;25.0;0;0
304.006;0.0;0.0;0.0;24.461538461538463;24.572649572649574;25.0;25.0;0;0
304.107;0.0;0.0;0.0;24.461538461538463;24.572649572649574;25.0;25.0;0;0
304.221;0.0;0.0;0.0;24.461538461538463;24.572649572649574;25.0;25.0;0;0
304.323;0.0;0.0;0.0;24.461538461538463;24.572649572649574;25.0;25.0;0;0
304.425;0.0;0.0;0.0;24.461538461538463;24.572649572649574;25.0;25.0;0;0
304.537;0.0;0.0;0.0;24.461538461538463;24.572649572649574;25.0;25.0;0;0
304.647;0.0;0.0;0.0;24.410256410256412;24.572649572649574;25.0;25.0;0;0
304.754;0.0;0.0;0.0;24.410256410256412;24.572649572649574;25.0;25.0;0;0
304.862;0.0;0.0;0.0;24.410256410256412;24.572649572649574;25.0;25.0;0;0
304.963;0.0;0.0;0.0;24.410256410256412;24.572649572649574;25.0;25.0;0;0
305.063;0.0;0.0;0.0;24.410256410256412;24.572649572649574;25.0;25.0;0;0
305.164;0.0;0.0;0.0;24.410256410256412;24.572649572649574;25.0;25.0;0;0
305.264;0.0;0.0;0.0;24.410256410256412;24.572649572649574;25.0;25.0;0;0
305.368;0.0;0.0;0.0;24.410256410256412;24.572649572649574;25.0;25.0;0;0
305.471;0.0;0.0;0.0;24.410256410256412;24.572649572649574;25.0;25.0;0;0
305.572;0.0;0.0;0.0;24.410256410256412;24.572649572649574;25.0;25.0;0;0
305.679;0.0;0.0;0.0;24.410256410256412;24.572649572649574;25.0;25.0;0;0
305.78;0.0;0.0;0.0;24.410256410256412;24.572649572649574;25.0;25.0;0;0
305.882;0.0;0.0;0.0;24.410256410256412;24.572649572649574;25.0;25.0;0;0
305.987;0.0;0.0;0.0;24.410256410256412;24.572649572649574;25.0;25.0;0;0
306.087;0.0;0.0;0.0;24.410256410256412;24.572649572649574;25.0;25.0;0;0
306.193;0.0;0.0;0.0;24.410256410256412;24.572649572649574;25.0;25.0;0;0
306.31;0.0;0.0;0.0;24.410256410256412;24.572649572649574;25.0;25.0;0;0
306.418;0.0;0.0;0.0;24.410256410256412;24.572649572649574;25.0;25.0;0;0
306.531;0.0;0.0;0.0;24.410256410256412;24.572649572649574;25.0;25.0;0;0
306.641;0.0;0.0;0.0;24.410256410256412;24.572649572649574;25.0;25.0;0;0
306.755;0.0;0.0;0.0;24.410256410256412;24.572649572649574;25.0;25.0;0;0
306.867;0.0;0.0;0.0;24.410256410256412;24.572649572649574;25.0;25.0;0;0
306.976;0.0;0.0;0.0;24.410256410256412;24.572649572649574;25.0;25.0;0;0
307.094;0.0;0.0;0.0;24.410256410256412;24.572649572649574;25.0;25.0;0;0
307.197;0.0;0.0;0.0;24.410256410256412;24.572649572649574;25.0;25.0;0;0
307.307;0.0;0.0;0.0;24.410256410256412;24.572649572649574;25.0;25.0;0;0
307.417;0.0;0.0;0.0;24.410256410256412;24.572649572649574;25.0;25.0;0;0
307.529;0.0;0.0;0.0;24.410256410256412;24.572649572649574;25.0;25.0;0;0
307.636;0.0;0.0;0.0;24.410256410256412;24.572649572649574;25.0;25.0;0;0
307.737;0.0;0.0;0.0;24.410256410256412;24.572649572649574;25.0;25.0;0;0
307.843;0.0;0.0;0.0;24.410256410256412;24.572649572649574;25.0;25.0;0;0
307.95;0.0;0.0;0.0;24.410256410256412;24.572649572649574;25.0;25.0;0;0
308.051;0.0;0.0;0.0;24.410256410256412;24.572649572649574;25.0;25.0;0;0
308.171;0.0;0.0;0.0;24.410256410256412;24.572649572649574;25.0;25.0;0;0
308.283;0.0;0.0;0.0;24.410256410256412;24.572649572649574;25.0;25.0;0;0
308.395;0.0;0.0;0.0;24.410256410256412;24.572649572649574;25.0;25.0;0;0
308.504;0.0;0.0;0.0;24.410256410256412;24.572649572649574;25.0;25.0;0;0
308.61;0.0;0.0;0.0;24.410256410256412;24.572649572649574;25.0;25.0;0;0
308.723;0.0;0.0;0.0;24.410256410256412;24.572649572649574;25.0;25.0;0;0
308.831;0.0;0.0;0.0;24.410256410256412;24.572649572649574;25.0;25.0;0;0
308.946;0.0;0.0;0.0;24.410256410256412;24.572649572649574;25.0;25.0;0;0
309.06;0.0;0.0;0.0;24.410256410256412;24.572649572649574;25.0;25.0;0;0
309.165;0.0;0.0;0.0;24.410256410256412;24.572649572649574;25.0;25.0;0;0
309.275;0.0;0.0;0.0;24.410256410256412;24.572649572649574;25.0;25.0;0;0
309.385;0.0;0.0;0.0;24.410256410256412;24.572649572649574;25.0;25.0;0;0
309.495;0.0;0.0;0.0;24.410256410256412;24.572649572649574;25.0;25.0;0;0
309.596;0.0;0.0;0.0;24.410256410256412;24.572649572649574;25.0;25.0;0;0
309.699;0.0;0.0;0.0;24.410256410256412;24.572649572649574;25.0;25.0;0;0
309.811;0.0;0.0;0.0;24.410256410256412;24.572649572649574;25.0;25.0;0;0
309.92;0.0;0.0;0.0;24.410256410256412;24.572649572649574;25.0;25.0;0;0
310.034;0.0;0.0;0.0;24.410256410256412;24.572649572649574;25.0;25.0;0;0
310.141;0.0;0.0;0.0;24.410256410256412;24.572649572649574;25.0;25.0;0;0
310.253;0.0;0.0;0.0;24.410256410256412;24.572649572649574;25.0;25.0;0;0
310.361;0.0;0.0;0.0;24.410256410256412;24.572649572649574;25.0;25.0;0;0
310.476;0.0;0.0;0.0;24.410256410256412;24.572649572649574;25.0;25.0;0;0
310.582;0.0;0.0;0.0;24.410256410256412;24.572649572649574;25.0;25.0;0;0
310.695;0.0;0.0;0.0;24.410256410256412;24.572649572649574;25.0;25.0;0;0
310.808;0.0;0.0;0.0;24.410256410256412;24.572649572649574;25.0;25.0;0;0
310.918;0.0;0.0;0.0;24.410256410256412;24.572649572649574;25.0;25.0;0;0
311.033;0.0;0.0;0.0;24.410256410256412;24.572649572649574;25.0;25.0;0;0
311.144;0.0;0.0;0.0;24.410256410256412;24.572649572649574;25.0;25.0;0;0
311.253;0.0;0.0;0.0;24.410256410256412;24.572649572649574;25.0;25.0;0;0
311.362;0.0;0.0;0.0;24.410256410256412;24.572649572649574;25.0;25.0;0;0
311.477;0.0;0.0;0.0;24.410256410256412;24.572649572649574;25.0;25.0;0;0
311.584;0.0;0.0;0.0;24.410256410256412;24.572649572649574;25.0;25.0;0;0
311.687;0.0;0.0;0.0;24.410256410256412;24.572649572649574;25.0;25.0;0;0
311.793;0.0;0.0;0.0;24.410256410256412;24.572649572649574;25.0;25.0;0;0
311.895;0.0;0.0;0.0;24.410256410256412;24.572649572649574;25.0;25.0;0;0
311.999;0.0;0.0;0.0;24.410256410256412;24.572649572649574;25.0;25.0;0;0
312.1;0.0;0.0;0.0;24.410256410256412;24.572649572649574;25.0;25.0;0;0
312.2;0.0;0.0;0.0;24.410256410256412;24.572649572649574;25.0;25.0;0;0
312.301;0.0;0.0;0.0;24.410256410256412;24.572649572649574;25.0;25.0;0;0
312.401;0.0;0.0;0.0;24.410256410256412;24.572649572649574;25.0;25.0;0;0
312.502;0.0;0.0;0.0;24.410256410256412;24.572649572649574;25.0;25.0;0;0
312.604;0.0;0.0;0.0;24.410256410256412;24.572649572649574;25.0;25.0;0;0
312.705;0.0;0.0;0.0;24.410256410256412;24.572649572649574;25.0;25.0;0;0
312.816;0.0;0.0;0.0;24.410256410256412;24.572649572649574;25.0;25.0;0;0
312.921;0.0;0.0;0.0;24.410256410256412;24.572649572649574;25.0;25.0;0;0
313.021;0.0;0.0;0.0;24.410256410256412;24.572649572649574;25.0;25.0;0;0
313.131;0.0;0.0;0.0;24.410256410256412;24.572649572649574;25.0;25.0;0;0
313.237;0.0;0.0;0.0;24.410256410256412;24.572649572649574;25.0;25.0;0;0
313.349;0.0;0.0;0.0;24.410256410256412;24.572649572649574;25.0;25.0;0;0
313.461;0.0;0.0;0.0;24.410256410256412;24.572649572649574;25.0;25.0;0;0
313.572;0.0;0.0;0.0;24.410256410256412;24.572649572649574;25.0;25.0;0;0
313.683;0.0;0.0;0.0;24.410256410256412;24.572649572649574;25.0;25.0;0;0
313.783;0.0;0.0;0.0;24.410256410256412;24.572649572649574;25.0;25.0;0;0
313.891;0.0;0.0;0.0;24.410256410256412;24.572649572649574;25.0;25.0;0;0
314.001;0.0;0.0;0.0;24.410256410256412;24.572649572649574;25.0;25.0;0;0
314.113;0.0;0.0;0.0;24.410256410256412;24.572649572649574;25.0;25.0;0;0
314.227;0.0;0.0;0.0;24.410256410256412;24.572649572649574;25.0;25.0;0;0
314.338;0.0;0.0;0.0;24.410256410256412;24.572649572649574;25.0;25.0;0;0
314.446;0.0;0.0;0.0;24.410256410256412;24.572649572649574;25.0;25.0;0;0
314.561;0.0;0.0;0.0;24.410256410256412;24.572649572649574;25.0;25.0;0;0
314.668;0.0;0.0;0.0;24.410256410256412;24.572649572649574;25.0;25.0;0;0
314.769;0.0;0.0;0.0;24.410256410256412;24.572649572649574;25.0;25.0;0;0
314.876;0.0;0.0;0.0;24.410256410256412;24.572649572649574;25.0;25.0;0;0
314.977;0.0;0.0;0.0;24.410256410256412;24.572649572649574;25.0;25.0;0;0
315.087;0.0;0.0;0.0;24.410256410256412;24.572649572649574;25.0;25.0;0;0
315.188;0.0;0.0;0.0;24.410256410256412;24.572649572649574;25.0;25.0;0;0
315.288;0.0;0.0;0.0;24.410256410256412;24.572649572649574;25.0;25.0;0;0
315.389;0.0;0.0;0.0;24.410256410256412;24.572649572649574;25.0;25.0;0;0
315.489;0.0;0.0;0.0;24.410256410256412;24.572649572649574;25.0;25.0;0;0
315.59;0.0;0.0;0.0;24.410256410256412;24.572649572649574;25.0;25.0;0;0
315.691;0.0;0.0;0.0;24.410256410256412;24.572649572649574;25.0;25.0;0;0
315.796;0.0;0.0;0.0;24.410256410256412;24.572649572649574;25.0;25.0;0;0
315.897;0.0;0.0;0.0;24.410256410256412;24.572649572649574;25.0;25.0;0;0
316.006;0.0;0.0;0.0;24.410256410256412;24.572649572649574;25.0;25.0;0;0
316.112;0.0;0.0;0.0;24.410256410256412;24.572649572649574;25.0;25.0;0;0
316.227;0.0;0.0;0.0;24.410256410256412;24.572649572649574;25.0;25.0;0;0
316.339;0.0;0.0;0.0;24.410256410256412;24.572649572649574;25.0;25.0;0;0
316.444;0.0;0.0;0.0;24.410256410256412;24.572649572649574;25.0;25.0;0;0
316.56;0.0;0.0;0.0;24.410256410256412;24.572649572649574;25.0;25.0;0;0
316.666;0.0;0.0;0.0;24.410256410256412;24.572649572649574;25.0;25.0;0;0
316.782;0.0;0.0;0.0;24.410256410256412;24.572649572649574;25.0;25.0;0;0
316.896;0.0;0.0;0.0;24.410256410256412;24.572649572649574;25.0;25.0;0;0
317.002;0.0;0.0;0.0;24.410256410256412;24.572649572649574;25.0;25.0;0;0
317.115;0.0;0.0;0.0;24.410256410256412;24.572649572649574;25.0;25.0;0;0
317.225;0.0;0.0;0.0;24.410256410256412;24.572649572649574;25.0;25.0;0;0
317.325;0.0;0.0;0.0;24.410256410256412;24.572649572649574;25.0;25.0;0;0
317.439;0.0;0.0;0.0;24.410256410256412;24.572649572649574;25.0;25.0;0;0
317.543;0.0;0.0;0.0;24.410256410256412;24.572649572649574;25.0;25.0;0;0
317.656;0.0;0.0;0.0;24.410256410256412;24.572649572649574;25.0;25.0;0;0
317.765;0.0;0.0;0.0;24.410256410256412;24.572649572649574;25.0;25.0;0;0
317.866;0.0;0.0;0.0;24.410256410256412;24.572649572649574;25.0;25.0;0;0
317.972;0.0;0.0;0.0;24.410256410256412;24.572649572649574;25.0;25.0;0;0
318.103;0.0;0.0;0.0;24.410256410256412;24.572649572649574;25.0;25.0;0;0
318.21;0.0;0.0;0.0;24.410256410256412;24.572649572649574;25.0;25.0;0;0
318.311;0.0;0.0;0.0;24.410256410256412;24.572649572649574;25.0;25.0;0;0
318.416;0.0;0.0;0.0;24.410256410256412;24.572649572649574;25.0;25.0;0;0
318.529;0.0;0.0;0.0;24.410256410256412;24.572649572649574;25.0;25.0;0;0
318.638;0.0;0.0;0.0;24.410256410256412;24.572649572649574;25.0;25.0;0;0
318.753;0.0;0.0;0.0;24.410256410256412;24.572649572649574;25.0;25.0;0;0
318.86;0.0;0.0;0.0;24.410256410256412;24.572649572649574;25.0;25.0;0;0
318.974;0.0;0.0;0.0;24.410256410256412;24.572649572649574;25.0;25.0;0;0
319.082;0.0;0.0;0.0;24.410256410256412;24.572649572649574;25.0;25.0;0;0
319.201;0.0;0.0;0.0;24.410256410256412;24.572649572649574;25.0;25.0;0;0
319.309;0.0;0.0;0.0;24.410256410256412;24.572649572649574;25.0;25.0;0;0
319.409;0.0;0.0;0.0;24.410256410256412;24.572649572649574;25.0;25.0;0;0
319.518;0.0;0.0;0.0;24.410256410256412;24.572649572649574;25.0;25.0;0;0
319.624;0.0;0.0;0.0;24.410256410256412;24.572649572649574;25.0;25.0;0;0
319.724;0.0;0.0;0.0;24.410256410256412;24.572649572649574;25.0;25.0;0;0
319.824;0.0;0.0;0.0;24.410256410256412;24.572649572649574;25.0;25.0;0;0
319.925;0.0;0.0;0.0;24.410256410256412;24.572649572649574;25.0;25.0;0;0
320.025;0.0;0.0;0.0;24.410256410256412;24.572649572649574;25.0;25.0;0;0
320.126;0.0;0.0;0.0;24.410256410256412;24.572649572649574;25.0;25.0;0;0
320.228;0.0;0.0;0.0;24.410256410256412;24.572649572649574;25.0;25.0;0;0
320.329;0.0;0.0;0.0;24.410256410256412;24.572649572649574;25.0;25.0;0;0
320.436;0.0;0.0;0.0;24.410256410256412;24.572649572649574;25.0;25.0;0;0
320.547;0.0;0.0;0.0;24.410256410256412;24.572649572649574;25.0;25.0;0;0
320.648;0.0;0.0;0.0;24.410256410256412;24.572649572649574;25.0;25.0;0;0
320.755;0.0;0.0;0.0;24.410256410256412;24.572649572649574;25.0;25.0;0;0
320.861;0.0;0.0;0.0;24.410256410256412;24.572649572649574;25.0;25.0;0;0
320.962;0.0;0.0;0.0;24.410256410256412;24.572649572649574;25.0;25.0;0;0
321.068;0.0;0.0;0.0;24.410256410256412;24.572649572649574;25.0;25.0;0;0
321.168;0.0;0.0;0.0;24.410256410256412;24.572649572649574;25.0;25.0;0;0
321.274;0.0;0.0;0.0;24.410256410256412;24.572649572649574;25.0;25.0;0;0
321.374;0.0;0.0;0.0;24.410256410256412;24.572649572649574;25.0;25.0;0;0
321.475;0.0;0.0;0.0;24.410256410256412;24.572649572649574;25.0;25.0;0;0
321.575;0.0;0.0;0.0;24.410256410256412;24.572649572649574;25.0;25.0;0;0
321.676;0.0;0.0;0.0;24.410256410256412;24.572649572649574;25.0;25.0;0;0
321.777;0.0;0.0;0.0;24.410256410256412;24.572649572649574;25.0;25.0;0;0
321.878;0.0;0.0;0.0;24.410256410256412;24.572649572649574;25.0;25.0;0;0
321.992;0.0;0.0;0.0;24.410256410256412;24.572649572649574;25.0;25.0;0;0
322.103;0.0;0.0;0.0;24.410256410256412;24.572649572649574;25.0;25.0;0;0
322.214;0.0;0.0;0.0;24.410256410256412;24.572649572649574;25.0;25.0;0;0
322.321;0.0;0.0;0.0;24.410256410256412;24.572649572649574;25.0;25.0;0;0
322.434;0.0;0.0;0.0;24.410256410256412;24.572649572649574;25.0;25.0;0;0
322.535;0.0;0.0;0.0;24.410256410256412;24.572649572649574;25.0;25.0;0;0
322.635;0.0;0.0;0.0;24.410256410256412;24.572649572649574;25.0;25.0;0;0
322.745;0.0;0.0;0.0;24.410256410256412;24.572649572649574;25.0;25.0;0;0
322.852;0.0;0.0;0.0;24.410256410256412;24.572649572649574;25.0;25.0;0;0
322.968;0.0;0.0;0.0;24.410256410256412;24.572649572649574;25.0;25.0;0;0
323.075;0.0;0.0;0.0;24.410256410256412;24.572649572649574;25.0;25.0;0;0
323.177;0.0;0.0;0.0;24.410256410256412;24.572649572649574;25.0;25.0;0;0
323.288;0.0;0.0;0.0;24.410256410256412;24.572649572649574;25.0;25.0;0;0
323.389;0.0;0.0;0.0;24.410256410256412;24.572649572649574;25.0;25.0;0;0
323.492;0.0;0.0;0.0;24.410256410256412;24.572649572649574;25.0;25.0;0;0
323.605;0.0;0.0;0.0;24.410256410256412;24.572649572649574;25.0;25.0;0;0
323.71;0.0;0.0;0.0;24.410256410256412;24.572649572649574;25.0;25.0;0;0
323.828;0.0;0.0;0.0;24.410256410256412;24.572649572649574;25.0;25.0;0;0
323.929;0.0;0.0;0.0;24.410256410256412;24.572649572649574;25.0;25.0;0;0
324.038;0.0;0.0;0.0;24.410256410256412;24.572649572649574;25.0;25.0;0;0
324.152;0.0;0.0;0.0;24.410256410256412;24.572649572649574;25.0;25.0;0;0
324.257;0.0;0.0;0.0;24.410256410256412;24.572649572649574;25.0;25.0;0;0
324.366;0.0;0.0;0.0;24.410256410256412;24.572649572649574;25.0;25.0;0;0
324.478;0.0;0.0;0.0;24.410256410256412;24.572649572649574;25.0;25.0;0;0
324.591;0.0;0.0;0.0;24.410256410256412;24.572649572649574;25.0;25.0;0;0
324.698;0.0;0.0;0.0;24.410256410256412;24.572649572649574;25.0;25.0;0;0
324.805;0.0;0.0;0.0;24.410256410256412;24.572649572649574;25.0;25.0;0;0
324.913;0.0;0.0;0.0;24.410256410256412;24.572649572649574;25.0;25.0;0;0
325.014;0.0;0.0;0.0;24.410256410256412;24.572649572649574;25.0;25.0;0;0
325.139;0.0;0.0;0.0;24.410256410256412;24.572649572649574;25.0;25.0;0;0
325.246;0.0;0.0;0.0;24.410256410256412;24.572649572649574;25.0;25.0;0;0
325.348;0.0;0.0;0.0;24.410256410256412;24.572649572649574;25.0;25.0;0;0
325.45;0.0;0.0;0.0;24.410256410256412;24.572649572649574;25.0;25.0;0;0
325.56;0.0;0.0;0.0;24.410256410256412;24.572649572649574;25.0;25.0;0;0
325.668;0.0;0.0;0.0;24.410256410256412;24.572649572649574;25.0;25.0;0;0
325.769;0.0;0.0;0.0;24.410256410256412;24.572649572649574;25.0;25.0;0;0
325.88;0.0;0.0;0.0;24.410256410256412;24.572649572649574;25.0;25.0;0;0
325.998;0.0;0.0;0.0;24.410256410256412;24.572649572649574;25.0;25.0;0;0
326.115;0.0;0.0;0.0;24.410256410256412;24.572649572649574;25.0;25.0;0;0
326.224;0.0;0.0;0.0;24.410256410256412;24.572649572649574;25.0;25.0;0;0
326.332;0.0;0.0;0.0;24.410256410256412;24.572649572649574;25.0;25.0;0;0
326.444;0.0;0.0;0.0;24.410256410256412;24.572649572649574;25.0;25.0;0;0
326.561;0.0;0.0;0.0;24.410256410256412;24.572649572649574;25.0;25.0;0;0
326.663;0.0;0.0;0.0;24.410256410256412;24.572649572649574;25.0;25.0;0;0
326.764;0.0;0.0;0.0;24.410256410256412;24.572649572649574;25.0;25.0;0;0
326.878;0.0;0.0;0.0;24.410256410256412;24.572649572649574;25.0;25.0;0;0
326.985;0.0;0.0;0.0;24.410256410256412;24.572649572649574;25.0;25.0;0;0
327.103;0.0;0.0;0.0;24.410256410256412;24.572649572649574;25.0;25.0;0;0
327.21;0.0;0.0;0.0;24.410256410256412;24.572649572649574;25.0;25.0;0;0
327.311;0.0;0.0;0.0;24.410256410256412;24.572649572649574;25.0;25.0;0;0
327.416;0.0;0.0;0.0;24.410256410256412;24.572649572649574;25.0;25.0;0;0
327.53;0.0;0.0;0.0;24.410256410256412;24.572649572649574;25.0;25.0;0;0
327.64;0.0;0.0;0.0;24.410256410256412;24.572649572649574;25.0;25.0;0;0
327.742;0.0;0.0;0.0;24.410256410256412;24.572649572649574;25.0;25.0;0;0
327.844;0.0;0.0;0.0;24.410256410256412;24.572649572649574;25.0;25.0;0;0
327.944;0.0;0.0;0.0;24.410256410256412;24.572649572649574;25.0;25.0;0;0
328.044;0.0;0.0;0.0;24.410256410256412;24.572649572649574;25.0;25.0;0;0
328.145;0.0;0.0;0.0;24.410256410256412;24.572649572649574;25.0;25.0;0;0
328.245;0.0;0.0;0.0;24.410256410256412;24.572649572649574;25.0;25.0;0;0
328.346;0.0;0.0;0.0;24.410256410256412;24.572649572649574;25.0;25.0;0;0
328.446;0.0;0.0;0.0;24.410256410256412;24.572649572649574;25.0;25.0;0;0
328.548;0.0;0.0;0.0;24.410256410256412;24.572649572649574;25.0;25.0;0;0
328.651;0.0;0.0;0.0;24.410256410256412;24.572649572649574;25.0;25.0;0;0
328.771;0.0;0.0;0.0;24.410256410256412;24.572649572649574;25.0;25.0;0;0
328.876;0.0;0.0;0.0;24.410256410256412;24.572649572649574;25.0;25.0;0;0
328.977;0.0;0.0;0.0;24.410256410256412;24.572649572649574;25.0;25.0;0;0
329.085;0.0;0.0;0.0;24.410256410256412;24.572649572649574;25.0;25.0;0;0
329.187;0.0;0.0;0.0;24.410256410256412;24.572649572649574;25.0;25.0;0;0
329.289;0.0;0.0;0.0;24.410256410256412;24.572649572649574;25.0;25.0;0;0
329.403;0.0;0.0;0.0;24.410256410256412;24.572649572649574;25.0;25.0;0;0
329.512;0.0;0.0;0.0;24.410256410256412;24.572649572649574;25.0;25.0;0;0
329.621;0.0;0.0;0.0;24.410256410256412;24.572649572649574;25.0;25.0;0;0
329.744;0.0;0.0;0.0;24.410256410256412;24.572649572649574;25.0;25.0;0;0
329.845;0.0;0.0;0.0;24.410256410256412;24.572649572649574;25.0;25.0;0;0
329.954;0.0;0.0;0.0;24.410256410256412;24.572649572649574;25.0;25.0;0;0
330.055;0.0;0.0;0.0;24.410256410256412;24.572649572649574;25.0;25.0;0;0
330.159;0.0;0.0;0.0;24.410256410256412;24.572649572649574;25.0;25.0;0;0
330.259;0.0;0.0;0.0;24.410256410256412;24.572649572649574;25.0;25.0;0;0
330.36;0.0;0.0;0.0;24.410256410256412;24.572649572649574;25.0;25.0;0;0
330.461;0.0;0.0;0.0;24.410256410256412;24.572649572649574;25.0;25.0;0;0
330.561;0.0;0.0;0.0;24.410256410256412;24.572649572649574;25.0;25.0;0;0
330.662;0.15625;0.0;0.0;24.410256410256412;24.572649572649574;25.0;25.0;0;0
330.763;0.67125;0.0;0.0;24.410256410256412;24.572649572649574;25.0;25.0;0;0
330.863;1.17625;0.0;0.0;24.410256410256412;24.572649572649574;25.0;25.0;0;0
330.966;1.6875;0.0;0.0;24.410256410256412;24.572649572649574;25.0;25.0;0;0
331.069;2.1975;0.0;0.0;24.410256410256412;24.572649572649574;25.0;25.0;0;0
331.17;2.70875;0.0;0.0;24.410256410256412;24.572649572649574;25.0;25.0;0;0
331.27;3.2175;0.0;0.0;24.410256410256412;24.572649572649574;25.0;25.0;0;0
331.384;3.7225;0.0;0.0;24.410256410256412;24.572649572649574;25.0;25.0;0;0
331.486;4.23125;0.0;0.0;24.410256410256412;24.572649572649574;25.0;25.0;0;0
331.589;4.74375;0.0;0.0;24.410256410256412;24.572649572649574;25.0;25.0;0;0
331.701;5.0;0.0;0.0;24.410256410256412;24.572649572649574;25.0;25.0;0;0
331.802;5.0;0.0;0.0;24.410256410256412;24.572649572649574;25.0;25.0;0;0
331.922;5.0;0.0;0.0;24.410256410256412;24.572649572649574;25.0;25.0;0;0
332.036;5.0;0.0;0.0;24.410256410256412;24.572649572649574;25.0;25.0;0;0
332.143;5.0;0.0;0.0;24.410256410256412;24.572649572649574;25.0;25.0;0;0
332.255;5.0;0.0;0.0;24.410256410256412;24.572649572649574;25.0;25.0;0;0
332.368;5.0;0.0;0.0;24.410256410256412;24.572649572649574;25.0;25.0;0;0
332.478;5.0;0.0;0.0;24.410256410256412;24.572649572649574;25.0;25.0;0;0
332.591;5.0;0.0;0.0;24.410256410256412;24.572649572649574;25.0;25.0;0;0
332.702;5.0;0.0;0.0;24.410256410256412;24.572649572649574;25.0;25.0;0;0
332.819;5.0;0.0;0.0;24.410256410256412;24.572649572649574;25.0;25.0;0;0
332.923;5.0;0.0;0.0;24.410256410256412;24.572649572649574;25.0;25.0;0;0
333.039;5.0;0.0;0.0;24.410256410256412;24.572649572649574;25.0;25.0;0;0
333.15;5.0;0.0;0.0;24.410256410256412;24.572649572649574;25.0;25.0;0;0
333.256;5.0;0.0;0.0;24.410256410256412;24.572649572649574;25.0;25.0;0;0
333.356;5.0;0.0;0.0;24.410256410256412;24.572649572649574;25.0;25.0;0;0
333.467;5.0;0.0;0.0;24.410256410256412;24.572649572649574;25.0;25.0;0;0
333.572;5.0;0.0;0.0;24.410256410256412;24.572649572649574;25.0;25.0;0;0
333.688;5.0;0.0;0.0;24.410256410256412;24.572649572649574;25.0;25.0;0;0
333.797;5.0;0.0;0.0;24.410256410256412;24.572649572649574;25.0;25.0;0;0
333.912;5.0;0.0;0.0;24.410256410256412;24.572649572649574;25.0;25.0;0;0
334.02;4.96875;0.0;0.0;24.410256410256412;24.572649572649574;25.0;25.0;0;0
334.121;4.25625;0.0;0.0;24.410256410256412;24.572649572649574;25.0;25.0;0;0
334.226;3.7475;0.0;0.0;24.410256410256412;24.572649572649574;25.0;25.0;0;0
334.334;3.24375;0.0;0.0;24.410256410256412;24.572649572649574;25.0;25.0;0;0
334.45;2.735;0.0;0.0;24.410256410256412;24.572649572649574;25.0;25.0;0;0
334.557;2.22625;0.0;0.0;24.410256410256412;24.572649572649574;25.0;25.0;0;0
334.672;1.72375;0.0;0.0;24.410256410256412;24.572649572649574;25.0;25.0;0;0
334.785;0.9625;0.0;0.0;24.410256410256412;24.572649572649574;25.0;25.0;0;0
334.889;0.46;0.0;0.0;24.410256410256412;24.572649572649574;25.0;25.0;0;0
335.008;0.02;0.0;0.0;24.410256410256412;24.572649572649574;25.0;25.0;0;0
335.118;0.0;0.0;0.0;24.410256410256412;24.572649572649574;25.0;25.0;0;0
335.225;0.0;0.0;0.0;24.410256410256412;24.572649572649574;25.0;25.0;0;0
335.326;0.0;0.0;0.0;24.410256410256412;24.572649572649574;25.0;25.0;0;0
335.435;0.0;0.0;0.0;24.410256410256412;24.572649572649574;25.0;25.0;0;0
335.544;0.0;0.0;0.0;24.410256410256412;24.572649572649574;25.0;25.0;0;0
335.662;0.0;0.0;0.0;24.410256410256412;24.572649572649574;25.0;25.0;0;0
335.77;0.0;0.0;0.0;24.35897435897436;24.572649572649574;25.0;25.0;0;0
335.885;0.0;0.0;0.0;24.35897435897436;24.572649572649574;25.0;25.0;0;0
335.99;0.0;0.0;0.0;24.35897435897436;24.572649572649574;25.0;25.0;0;0
336.108;0.0;0.0;0.0;24.35897435897436;24.572649572649574;25.0;25.0;0;0
336.216;0.0;0.0;0.0;24.35897435897436;24.572649572649574;25.0;25.0;0;0
336.328;0.0;0.0;0.0;24.35897435897436;24.572649572649574;25.0;25.0;0;0
336.442;0.0;0.0;0.0;24.35897435897436;24.572649572649574;25.0;25.0;0;0
336.55;0.0;0.0;0.0;24.35897435897436;24.572649572649574;25.0;25.0;0;0
336.664;0.0;0.0;0.0;24.35897435897436;24.572649572649574;25.0;25.0;0;0
336.777;0.0;0.0;0.0;24.35897435897436;24.572649572649574;25.0;25.0;0;0
336.883;0.0;0.0;0.0;24.35897435897436;24.572649572649574;25.0;25.0;0;0
336.985;0.0;0.0;0.0;24.35897435897436;24.572649572649574;25.0;25.0;0;0
337.092;0.0;0.0;0.0;24.35897435897436;24.572649572649574;25.0;25.0;0;0
337.2;0.0;0.0;0.0;24.35897435897436;24.572649572649574;25.0;25.0;0;0
337.302;-0.12;0.0;0.0;24.35897435897436;24.572649572649574;25.0;25.0;0;0
337.402;-0.62875;0.0;0.0;24.35897435897436;24.572649572649574;25.0;25.0;0;0
337.503;-1.13125;0.0;0.0;24.35897435897436;24.572649572649574;25.0;25.0;0;0
337.606;-1.64;0.0;0.0;24.35897435897436;24.572649572649574;25.0;25.0;0;0
337.711;-2.14875;0.0;0.0;24.35897435897436;24.572649572649574;25.0;25.0;0;0
337.815;-2.91125;0.0;0.0;24.410256410256412;24.572649572649574;25.0;25.0;0;0
337.916;-3.42625;0.0;0.0;24.410256410256412;24.572649572649574;25.0;25.0;0;0
338.02;-3.6825;0.0;0.0;24.410256410256412;24.572649572649574;25.0;25.0;0;0
338.127;-4.1925;0.0;0.0;24.410256410256412;24.572649572649574;25.0;25.0;0;0
338.238;-4.965;0.0;0.0;24.410256410256412;24.572649572649574;25.0;25.0;0;0
338.343;-5.4725;0.0;0.0;24.410256410256412;24.572649572649574;25.0;25.0;0;0
338.459;-5.985;0.0;0.0;24.410256410256412;24.572649572649574;25.0;25.0;0;0
338.563;-6.4975;0.0;0.0;24.410256410256412;24.572649572649574;25.0;25.0;0;0
338.677;-7.005;0.0;0.0;24.410256410256412;24.572649572649574;25.0;25.0;0;0
338.778;-7.51875;0.0;0.0;24.410256410256412;24.572649572649574;25.0;25.0;0;0
338.878;-8.2875;0.0;0.0;24.410256410256412;24.572649572649574;25.0;25.0;0;0
338.98;-8.53875;0.0;0.0;24.410256410256412;24.572649572649574;25.0;25.0;0;0
339.081;-9.31;0.0;0.0;24.410256410256412;24.572649572649574;25.0;25.0;0;0
339.188;-9.8225;0.0;0.0;24.410256410256412;24.572649572649574;25.0;25.0;0;0
339.296;-10.075;0.0;0.0;24.410256410256412;24.572649572649574;25.0;25.0;0;0
339.404;-10.84125;0.0;0.0;24.410256410256412;24.572649572649574;25.0;25.0;0;0
339.512;-11.3525;0.0;0.0;24.410256410256412;24.572649572649574;25.0;25.0;0;0
339.626;-11.865;0.0;0.0;24.410256410256412;24.572649572649574;25.0;25.0;0;0
339.732;-12.37625;0.0;0.0;24.410256410256412;24.572649572649574;25.0;25.0;0;0
339.848;-13.13875;0.0;0.0;24.410256410256412;24.572649572649574;25.0;25.0;0;0
339.954;-13.65;0.0;0.0;24.410256410256412;24.572649572649574;25.0;25.0;0;0
340.056;-14.16125;0.0;0.0;24.410256410256412;24.572649572649574;25.0;25.0;0;0
340.174;-14.6675;0.0;0.0;24.410256410256412;24.572649572649574;25.0;25.0;0;0
340.289;-15.18;0.0;0.0;24.410256410256412;24.572649572649574;25.0;25.0;0;0
340.395;-15.9425;0.0;0.0;24.410256410256412;24.572649572649574;25.0;25.0;0;0
340.51;-16.45375;0.0;0.0;24.410256410256412;24.572649572649574;25.0;25.0;0;0
340.616;-16.96625;0.0;0.0;24.410256410256412;24.572649572649574;25.0;25.0;0;0
340.717;-17.4725;0.0;0.0;24.410256410256412;24.572649572649574;25.0;25.0;0;0
340.827;-17.985;0.0;0.0;24.410256410256412;24.512820512820515;25.0;25.0;0;0
340.938;-18.49625;0.0;0.0;24.410256410256412;24.512820512820515;25.0;25.0;0;0
341.05;-19.00875;0.0;0.0;24.410256410256412;24.512820512820515;25.0;25.0;0;0
341.164;-19.7775;0.0;0.0;24.410256410256412;24.512820512820515;25.0;25.0;0;0
341.267;-20.28375;0.0;0.0;24.410256410256412;24.512820512820515;25.0;25.0;0;0
341.377;-20.7975;0.0;0.0;24.410256410256412;24.512820512820515;25.0;25.0;0;0
341.48;-21.315;0.0;0.0;24.410256410256412;24.512820512820515;25.0;25.0;0;0
341.585;-21.82625;0.0;0.0;24.410256410256412;24.512820512820515;25.0;25.0;0;0
341.698;-22.3425;0.0;0.0;24.410256410256412;24.512820512820515;25.0;25.0;0;0
341.807;-23.1175;0.0;0.0;24.35897435897436;24.572649572649574;25.0;25.0;0;0
341.919;-23.63;0.0;0.0;24.35897435897436;24.572649572649574;25.0;25.0;0;0
342.035;-24.14625;0.0;0.0;24.35897435897436;24.572649572649574;25.0;25.0;0;0
342.141;-24.66375;0.0;0.0;24.35897435897436;24.572649572649574;25.0;25.0;0;0
342.242;-25.175;0.0;0.0;24.35897435897436;24.572649572649574;25.0;25.0;0;0
342.362;-25.95125;0.0;0.0;24.35897435897436;24.572649572649574;25.0;25.0;0;0
342.464;-26.46375;0.0;0.0;24.35897435897436;24.572649572649574;25.0;25.0;0;0
342.57;-26.98;0.0;0.0;24.35897435897436;24.572649572649574;25.0;25.0;0;0
342.679;-27.4975;0.0;0.0;24.410256410256412;24.572649572649574;25.0;25.0;0;0
342.779;-28.0;0.0;0.0;24.410256410256412;24.572649572649574;25.0;25.0;0;0
342.88;-28.7625;0.0;0.0;24.410256410256412;24.572649572649574;25.0;25.0;0;0
342.98;-29.26375;0.0;0.0;24.410256410256412;24.572649572649574;25.0;25.0;0;0
343.081;-29.775;0.0;0.0;24.410256410256412;24.572649572649574;25.0;25.0;0;0
343.186;-29.97125;0.0;0.0;24.410256410256412;24.572649572649574;25.0;25.0;0;0
343.288;-30.0;0.2225;0.0;24.410256410256412;24.572649572649574;25.0;25.0;0;0
343.394;-30.0;0.73875;0.0;24.410256410256412;24.572649572649574;25.0;25.0;0;0
343.501;-30.0;1.25125;0.0;24.410256410256412;24.572649572649574;25.0;25.0;0;0
343.61;-30.0;1.76;0.0;24.410256410256412;24.572649572649574;25.0;25.0;0;0
343.723;-30.0;2.2725;0.0;24.410256410256412;24.572649572649574;25.0;25.0;0;0
343.823;-30.0;2.79;0.0;24.410256410256412;24.572649572649574;25.0;25.0;0;0
343.927;-30.0;3.30875;0.0;24.410256410256412;24.572649572649574;25.0;25.0;0;0
344.033;-30.0;3.8275;0.0;24.410256410256412;24.572649572649574;25.0;25.0;0;0
344.142;-30.0;4.34625;0.0;24.410256410256412;24.572649572649574;25.0;25.0;0;0
344.269;-30.0;5.12;0.0;24.410256410256412;24.572649572649574;25.0;25.0;0;0
344.369;-30.0;5.6375;0.0;24.410256410256412;24.572649572649574;25.0;25.0;0;0
344.472;-30.0;6.15;0.0;24.410256410256412;24.572649572649574;25.0;25.0;0;0
344.576;-30.0;6.6675;0.0;24.410256410256412;24.572649572649574;25.0;25.0;0;0
344.683;-30.0;7.185;0.0;24.410256410256412;24.572649572649574;25.0;25.0;0;0
344.794;-30.0;7.6975;0.0;24.35897435897436;24.572649572649574;25.0;25.0;0;0
344.895;-30.0;8.47375;0.0;24.35897435897436;24.572649572649574;25.0;25.0;0;0
344.999;-30.0;8.73375;0.0;24.35897435897436;24.572649572649574;25.0;25.0;0;0
345.106;-30.0;9.24625;0.0;24.35897435897436;24.572649572649574;25.0;25.0;0;0
345.227;-30.0;10.02375;0.0;24.35897435897436;24.572649572649574;25.0;25.0;0;0
345.331;-30.0;10.54;0.0;24.35897435897436;24.572649572649574;25.0;25.0;0;0
345.444;-30.0;11.055;0.0;24.35897435897436;24.572649572649574;25.0;25.0;0;0
345.55;-30.0;11.57125;0.0;24.35897435897436;24.572649572649574;25.0;25.0;0;0
345.663;-30.0;12.0825;0.0;24.35897435897436;24.572649572649574;25.0;25.0;0;0
345.77;-30.0;12.8575;0.0;24.410256410256412;24.512820512820515;25.0;25.0;0;0
345.884;-30.0;13.37375;0.0;24.410256410256412;24.512820512820515;25.0;25.0;0;0
345.99;-30.0;13.88375;0.0;24.410256410256412;24.512820512820515;25.0;25.0;0;0
346.103;-30.0;14.4;0.0;24.410256410256412;24.512820512820515;25.0;25.0;0;0
346.215;-30.0;15.17;0.0;24.410256410256412;24.512820512820515;25.0;25.0;0;0
346.317;-30.0;15.68625;0.0;24.410256410256412;24.512820512820515;25.0;25.0;0;0
346.423;-30.0;15.945;0.0;24.410256410256412;24.512820512820515;25.0;25.0;0;0
346.534;-30.0;16.71375;0.0;24.410256410256412;24.512820512820515;25.0;25.0;0;0
346.642;-30.0;17.23;0.0;24.410256410256412;24.512820512820515;25.0;25.0;0;0
346.758;-30.0;17.7475;0.0;24.35897435897436;24.572649572649574;25.0;25.0;0;0
346.868;-30.0;18.25875;0.0;24.35897435897436;24.572649572649574;25.0;25.0;0;0
346.981;-30.0;19.03375;0.0;24.35897435897436;24.572649572649574;25.0;25.0;0;0
347.087;-30.0;19.545;0.0;24.35897435897436;24.572649572649574;25.0;25.0;0;0
347.201;-30.0;20.0625;0.0;24.35897435897436;24.572649572649574;25.0;25.0;0;0
347.317;-30.0;20.84;0.0;24.35897435897436;24.572649572649574;25.0;25.0;0;0
347.424;-30.0;21.35625;0.0;24.35897435897436;24.572649572649574;25.0;25.0;0;0
347.534;-30.0;21.8775;0.0;24.35897435897436;24.572649572649574;25.0;25.0;0;0
347.636;-30.0;22.39875;0.0;24.35897435897436;24.572649572649574;25.0;25.0;0;0
347.736;-30.0;22.915;0.0;24.410256410256412;24.572649572649574;25.0;25.0;0;0
347.85;-30.0;23.43625;0.0;24.410256410256412;24.572649572649574;25.0;25.0;0;0
347.954;-30.0;23.95875;0.0;24.410256410256412;24.572649572649574;25.0;25.0;0;0
348.066;-30.0;24.475;0.0;24.410256410256412;24.572649572649574;25.0;25.0;0;0
348.177;-30.0;25.2575;0.0;24.410256410256412;24.572649572649574;25.0;25.0;0;0
348.288;-30.0;25.78;0.0;24.410256410256412;24.572649572649574;25.0;25.0;0;0
348.4;-30.0;26.30125;0.0;24.410256410256412;24.572649572649574;25.0;25.0;0;0
348.514;-30.0;26.82375;0.0;24.410256410256412;24.572649572649574;25.0;25.0;0;0
348.627;-30.0;27.34;0.0;24.410256410256412;24.572649572649574;25.0;25.0;0;0
348.734;-30.0;28.1225;0.0;24.410256410256412;24.572649572649574;25.0;25.0;0;0
348.847;-30.0;28.63875;0.0;24.35897435897436;24.572649572649574;25.0;25.0;0;0
348.955;-30.0;29.16125;0.0;24.35897435897436;24.572649572649574;25.0;25.0;0;0
349.07;-30.0;29.6825;0.0;24.35897435897436;24.572649572649574;25.0;25.0;0;0
349.177;-30.0;30.46;0.0;24.35897435897436;24.572649572649574;25.0;25.0;0;0
349.278;-30.0;30.9825;0.0;24.35897435897436;24.572649572649574;25.0;25.0;0;0
349.384;-30.0;31.50375;0.0;24.35897435897436;24.572649572649574;25.0;25.0;0;0
349.494;-30.0;32.02125;0.0;24.35897435897436;24.572649572649574;25.0;25.0;0;0
349.608;-30.0;32.5425;0.0;24.35897435897436;24.572649572649574;25.0;25.0;0;0
349.723;-30.0;33.065;0.0;24.35897435897436;24.572649572649574;25.0;25.0;0;0
349.825;-30.0;33.8475;0.0;24.35897435897436;24.572649572649574;25.0;25.0;0;0
349.94;-30.0;34.37;0.0;24.35897435897436;24.572649572649574;25.0;25.0;0;0
350.05;-30.0;34.88625;0.0;24.35897435897436;24.572649572649574;25.0;25.0;0;0
350.166;-30.0;35.40875;0.0;24.35897435897436;24.572649572649574;25.0;25.0;0;0
350.274;-30.0;35.93125;0.0;24.35897435897436;24.572649572649574;25.0;25.0;0;0
350.387;-30.0;36.70875;0.0;24.35897435897436;24.572649572649574;25.0;25.0;0;0
350.502;-30.0;37.23125;0.0;24.35897435897436;24.572649572649574;25.0;25.0;0;0
350.607;-30.0;37.74875;0.0;24.35897435897436;24.572649572649574;25.0;25.0;0;0
350.722;-30.0;38.27125;0.0;24.35897435897436;24.572649572649574;25.0;25.0;0;0
350.834;-30.0;38.79375;0.0;24.35897435897436;24.512820512820515;25.0;25.0;0;0
350.945;-30.0;39.5725;0.0;24.35897435897436;24.512820512820515;25.0;25.0;0;0
351.05;-30.0;40.09625;0.0;24.35897435897436;24.512820512820515;25.0;25.0;0;0
351.165;-30.0;40.61875;0.0;24.35897435897436;24.512820512820515;25.0;25.0;0;0
351.267;-30.0;41.41;0.0;24.35897435897436;24.512820512820515;25.0;25.0;0;0
351.37;-30.0;41.6725;0.0;24.35897435897436;24.512820512820515;25.0;25.0;0;0
351.483;-30.0;42.19375;0.0;24.35897435897436;24.512820512820515;25.0;25.0;0;0
351.598;-30.0;42.98375;0.0;24.35897435897436;24.512820512820515;25.0;25.0;0;0
351.704;-30.0;43.51125;0.0;24.35897435897436;24.512820512820515;25.0;25.0;0;0
351.804;-30.0;44.0325;0.0;24.410256410256412;24.572649572649574;25.0;25.0;0;0
351.917;-30.0;44.55875;0.0;24.410256410256412;24.572649572649574;25.0;25.0;0;0
352.042;-30.0;45.345;0.0;24.410256410256412;24.572649572649574;25.0;25.0;0;0
352.15;-30.0;45.87125;0.0;24.410256410256412;24.572649572649574;25.0;25.0;0;0
352.258;-30.0;46.39875;0.0;24.410256410256412;24.572649572649574;25.0;25.0;0;0
352.371;-30.0;46.92;0.0;24.410256410256412;24.572649572649574;25.0;25.0;0;0
352.475;-30.0;47.70375;0.0;24.410256410256412;24.572649572649574;25.0;25.0;0;0
352.591;-30.0;48.21625;0.0;24.410256410256412;24.572649572649574;25.0;25.0;0;0
352.698;-30.0;48.73;0.0;24.410256410256412;24.572649572649574;25.0;25.0;0;0
352.809;-30.0;49.24125;0.0;24.35897435897436;24.512820512820515;25.0;25.0;0;0
352.918;-30.0;49.75125;0.0;24.35897435897436;24.512820512820515;25.0;25.0;0;0
353.028;-30.0;50.0;0.061896509036890326;24.35897435897436;24.512820512820515;25.0;25.0;0;0
353.129;-30.0;50.0;0.18568952711067097;24.35897435897436;24.512820512820515;25.0;25.0;0;0
353.234;-30.0;50.0;0.37137905422134193;24.35897435897436;24.512820512820515;25.0;25.0;0;0
353.346;-30.0;50.0;0.5570685813320129;24.35897435897436;24.512820512820515;25.0;25.0;0;0
353.453;-30.0;50.0;0.8665511265164645;24.35897435897436;24.512820512820515;25.0;25.0;0;0
353.568;-30.0;50.0;1.0522406536271356;24.35897435897436;24.512820512820515;25.0;25.0;0;0
353.668;-30.0;50.0;1.2379301807378065;24.35897435897436;24.512820512820515;25.0;25.0;0;0
353.788;-30.0;50.0;1.4855162168853677;24.35897435897436;24.512820512820515;25.0;25.0;0;0
353.899;-30.0;50.0;1.733102253032929;24.35897435897436;24.512820512820515;25.0;25.0;0;0
354.002;-30.0;50.0;1.9806882891804904;24.35897435897436;24.512820512820515;25.0;25.0;0;0
354.128;-30.0;50.0;1.9806882891804904;24.35897435897436;24.512820512820515;25.0;25.0;0;0
354.229;-30.0;50.0;1.9806882891804904;24.35897435897436;24.512820512820515;25.0;25.0;0;0
354.342;-30.0;50.0;1.9806882891804904;24.35897435897436;24.512820512820515;25.0;25.0;0;0
354.453;-30.0;50.0;1.9806882891804904;24.35897435897436;24.512820512820515;25.0;25.0;0;0
354.556;-30.0;50.0;1.9806882891804904;24.35897435897436;24.512820512820515;25.0;25.0;0;0
354.657;-30.0;50.0;1.9806882891804904;24.35897435897436;24.512820512820515;25.0;25.0;0;0
354.761;-30.0;50.0;1.9806882891804904;24.35897435897436;24.512820512820515;25.0;25.0;0;0
354.874;-30.0;50.0;1.9806882891804904;24.35897435897436;24.512820512820515;25.0;25.0;0;0
354.985;-30.0;50.0;1.9806882891804904;24.35897435897436;24.512820512820515;25.0;25.0;0;0
355.095;-30.0;50.0;1.9806882891804904;24.35897435897436;24.512820512820515;25.0;25.0;0;0
355.204;-30.0;50.0;1.9806882891804904;24.35897435897436;24.512820512820515;25.0;25.0;0;0
355.315;-30.0;50.0;1.9806882891804904;24.35897435897436;24.512820512820515;25.0;25.0;0;0
355.421;-30.0;50.0;1.9806882891804904;24.35897435897436;24.512820512820515;25.0;25.0;0;0
355.529;-30.0;50.0;1.9806882891804904;24.35897435897436;24.512820512820515;25.0;25.0;0;0
355.645;-30.0;50.0;1.9806882891804904;24.35897435897436;24.512820512820515;25.0;25.0;0;0
355.753;-30.0;50.0;1.9806882891804904;24.35897435897436;24.512820512820515;25.0;25.0;0;0
355.862;-30.0;50.0;1.9806882891804904;24.35897435897436;24.512820512820515;25.0;25.0;0;0
355.98;-30.0;50.0;1.9806882891804904;24.35897435897436;24.512820512820515;25.0;25.0;0;0
356.088;-30.0;50.0;1.9806882891804904;24.35897435897436;24.512820512820515;25.0;25.0;0;0
356.196;-30.0;50.0;1.9806882891804904;24.35897435897436;24.512820512820515;25.0;25.0;0;0
356.311;-30.0;50.0;1.9806882891804904;24.35897435897436;24.512820512820515;25.0;25.0;0;0
356.42;-30.0;50.0;1.9806882891804904;24.35897435897436;24.512820512820515;25.0;25.0;0;0
356.532;-30.0;50.0;1.9806882891804904;24.35897435897436;24.512820512820515;25.0;25.0;0;0
356.644;-30.0;50.0;1.9806882891804904;24.35897435897436;24.512820512820515;25.0;25.0;0;0
356.756;-30.0;50.0;1.9806882891804904;24.35897435897436;24.512820512820515;25.0;25.0;0;0
356.868;-30.0;50.0;1.9806882891804904;24.35897435897436;24.512820512820515;25.0;25.0;0;0
356.974;-30.0;50.0;1.9806882891804904;24.35897435897436;24.512820512820515;25.0;25.0;0;0
357.085;-30.0;50.0;1.9806882891804904;24.35897435897436;24.512820512820515;25.0;25.0;0;0
357.188;-30.0;50.0;1.9806882891804904;24.35897435897436;24.512820512820515;25.0;25.0;0;0
357.293;-30.0;50.0;1.9806882891804904;24.35897435897436;24.512820512820515;25.0;25.0;0;0
357.393;-30.0;50.0;1.9806882891804904;24.35897435897436;24.512820512820515;25.0;25.0;0;0
357.499;-30.0;50.0;1.9806882891804904;24.35897435897436;24.512820512820515;25.0;25.0;0;0
357.6;-30.0;50.0;1.9806882891804904;24.35897435897436;24.512820512820515;25.0;25.0;0;0
357.72;-30.0;50.0;1.9806882891804904;24.35897435897436;24.512820512820515;25.0;25.0;0;0
357.82;-30.0;50.0;1.9806882891804904;24.35897435897436;24.512820512820515;25.0;25.0;0;0
357.921;-30.0;50.0;1.9806882891804904;24.35897435897436;24.512820512820515;25.0;25.0;0;0
358.021;-30.0;50.0;1.9806882891804904;24.35897435897436;24.512820512820515;25.0;25.0;0;0
358.122;-30.0;50.0;1.9806882891804904;24.35897435897436;24.512820512820515;25.0;25.0;0;0
358.222;-30.0;50.0;1.9806882891804904;24.35897435897436;24.512820512820515;25.0;25.0;0;0
358.326;-29.9225;50.0;1.9806882891804904;24.35897435897436;24.512820512820515;25.0;25.0;0;0
358.428;-29.42625;50.0;1.9806882891804904;24.35897435897436;24.512820512820515;25.0;25.0;0;0
358.529;-28.66125;50.0;1.9806882891804904;24.35897435897436;24.512820512820515;25.0;25.0;0;0
358.63;-28.405;50.0;1.9806882891804904;24.35897435897436;24.512820512820515;25.0;25.0;0;0
358.731;-27.645;50.0;1.9806882891804904;24.35897435897436;24.512820512820515;25.0;25.0;0;0
358.832;-27.38875;50.0;1.9806882891804904;24.35897435897436;24.512820512820515;25.0;25.0;0;0
358.936;-26.88;50.0;1.9806882891804904;24.35897435897436;24.512820512820515;25.0;25.0;0;0
359.036;-26.375;50.0;1.9806882891804904;24.35897435897436;24.512820512820515;25.0;25.0;0;0
359.138;-25.86625;50.0;1.9806882891804904;24.35897435897436;24.512820512820515;25.0;25.0;0;0
359.245;-25.105;50.0;1.9806882891804904;24.35897435897436;24.512820512820515;25.0;25.0;0;0
359.346;-25.0;50.0;1.9806882891804904;24.35897435897436;24.512820512820515;25.0;25.0;0;0
359.446;-25.0;50.0;1.9806882891804904;24.35897435897436;24.512820512820515;25.0;25.0;0;0
359.547;-25.0;50.0;1.9806882891804904;24.35897435897436;24.512820512820515;25.0;25.0;0;0
359.648;-25.0;50.0;1.9806882891804904;24.35897435897436;24.512820512820515;25.0;25.0;0;0
359.751;-25.0;50.0;1.9806882891804904;24.35897435897436;24.572649572649574;25.0;25.0;0;0
359.852;-25.0;50.0;1.9806882891804904;24.35897435897436;24.572649572649574;25.0;25.0;0;0
359.953;-25.0;50.0;1.9806882891804904;24.35897435897436;24.572649572649574;25.0;25.0;0;0
360.053;-25.0;50.0;1.9806882891804904;24.35897435897436;24.572649572649574;25.0;25.0;0;0
360.154;-25.0;50.0;1.9806882891804904;24.35897435897436;24.572649572649574;25.0;25.0;0;0
360.265;-25.0;50.0;1.9806882891804904;24.35897435897436;24.572649572649574;25.0;25.0;0;0
360.374;-25.0;50.0;1.9806882891804904;24.35897435897436;24.572649572649574;25.0;25.0;0;0
360.476;-25.0;50.0;1.9806882891804904;24.35897435897436;24.572649572649574;25.0;25.0;0;0
360.58;-25.0;50.0;1.9806882891804904;24.35897435897436;24.572649572649574;25.0;25.0;0;0
360.691;-25.0;50.0;1.9806882891804904;24.35897435897436;24.572649572649574;25.0;25.0;0;0
360.804;-25.0;50.0;1.9806882891804904;24.35897435897436;24.512820512820515;25.0;25.0;0;0
360.913;-25.0;50.0;1.9806882891804904;24.35897435897436;24.512820512820515;25.0;25.0;0;0
361.026;-25.0;50.0;1.9806882891804904;24.35897435897436;24.512820512820515;25.0;25.0;0;0
361.127;-25.0;50.0;1.9806882891804904;24.35897435897436;24.512820512820515;25.0;25.0;0;0
361.232;-25.0;50.0;1.9806882891804904;24.35897435897436;24.512820512820515;25.0;25.0;0;0
361.339;-25.0;50.0;1.9806882891804904;24.35897435897436;24.512820512820515;25.0;25.0;0;0
361.456;-25.0;50.0;1.9806882891804904;24.35897435897436;24.512820512820515;25.0;25.0;0;0
361.571;-25.02625;50.0;1.9806882891804904;24.35897435897436;24.512820512820515;25.0;25.0;0;0
361.679;-25.72875;50.0;1.9806882891804904;24.35897435897436;24.512820512820515;25.0;25.0;0;0
361.784;-26.23625;50.0;1.9806882891804904;24.35897435897436;24.512820512820515;25.0;25.0;0;0
361.899;-26.745;50.0;1.9806882891804904;24.35897435897436;24.512820512820515;25.0;25.0;0;0
361.999;-27.24875;50.0;1.9806882891804904;24.35897435897436;24.512820512820515;25.0;25.0;0;0
362.105;-27.7575;50.0;1.9806882891804904;24.35897435897436;24.512820512820515;25.0;25.0;0;0
362.22;-28.515;50.0;1.9806882891804904;24.35897435897436;24.512820512820515;25.0;25.0;0;0
362.329;-29.02125;50.0;1.9806882891804904;24.35897435897436;24.512820512820515;25.0;25.0;0;0
362.446;-29.53;50.0;1.9806882891804904;24.35897435897436;24.512820512820515;25.0;25.0;0;0
362.551;-29.975;50.0;1.9806882891804904;24.35897435897436;24.512820512820515;25.0;25.0;0;0
362.653;-30.0;50.0;1.9806882891804904;24.35897435897436;24.512820512820515;25.0;25.0;0;0
362.76;-30.0;50.0;1.9806882891804904;24.35897435897436;24.512820512820515;25.0;25.0;0;0
362.868;-30.0;50.0;1.9806882891804904;24.35897435897436;24.512820512820515;25.0;25.0;0;0
362.971;-30.0;50.0;1.9806882891804904;24.35897435897436;24.512820512820515;25.0;25.0;0;0
363.076;-30.0;50.0;1.9806882891804904;24.35897435897436;24.512820512820515;25.0;25.0;0;0
363.188;-30.0;50.0;1.9806882891804904;24.35897435897436;24.512820512820515;25.0;25.0;0;0
363.3;-30.0;50.0;1.9806882891804904;24.35897435897436;24.512820512820515;25.0;25.0;0;0
363.407;-30.0;50.0;1.9806882891804904;24.35897435897436;24.512820512820515;25.0;25.0;0;0
363.508;-30.0;50.0;1.9806882891804904;24.35897435897436;24.512820512820515;25.0;25.0;0;0
363.618;-30.0;50.0;1.9806882891804904;24.35897435897436;24.512820512820515;25.0;25.0;0;0
363.718;-30.0;50.0;1.9806882891804904;24.35897435897436;24.512820512820515;25.0;25.0;0;0
363.818;-30.0;50.0;1.9806882891804904;24.35897435897436;24.512820512820515;25.0;25.0;0;0
363.919;-30.0;50.0;1.9806882891804904;24.35897435897436;24.512820512820515;25.0;25.0;0;0
364.02;-30.0;50.0;1.9806882891804904;24.35897435897436;24.512820512820515;25.0;25.0;0;0
364.12;-30.0;50.0;1.9806882891804904;24.35897435897436;24.512820512820515;25.0;25.0;0;0
364.222;-30.0;50.0;1.9806882891804904;24.35897435897436;24.512820512820515;25.0;25.0;0;0
364.326;-30.0;50.0;1.9806882891804904;24.35897435897436;24.512820512820515;25.0;25.0;0;0
364.427;-30.0;50.0;1.9806882891804904;24.35897435897436;24.512820512820515;25.0;25.0;0;0
364.537;-30.0;50.0;1.9806882891804904;24.35897435897436;24.512820512820515;25.0;25.0;0;0
364.638;-30.0;50.0;1.9806882891804904;24.35897435897436;24.512820512820515;25.0;25.0;0;0
364.739;-30.0;50.0;1.9806882891804904;24.35897435897436;24.512820512820515;25.0;25.0;0;0
364.849;-30.0;50.0;1.9806882891804904;24.35897435897436;24.512820512820515;25.0;25.0;0;0
364.95;-30.0;50.0;1.9806882891804904;24.35897435897436;24.512820512820515;25.0;25.0;0;0
365.057;-30.0;50.0;1.9806882891804904;24.35897435897436;24.512820512820515;25.0;25.0;0;0
365.169;-30.0;50.0;1.9806882891804904;24.35897435897436;24.512820512820515;25.0;25.0;0;0
365.269;-30.0;50.0;1.9806882891804904;24.35897435897436;24.512820512820515;25.0;25.0;0;0
365.37;-30.0;50.0;1.9806882891804904;24.35897435897436;24.512820512820515;25.0;25.0;0;0
365.47;-30.0;50.0;1.9806882891804904;24.35897435897436;24.512820512820515;25.0;25.0;0;0
365.571;-30.0;50.0;1.9806882891804904;24.35897435897436;24.512820512820515;25.0;25.0;0;0
365.673;-30.0;50.0;1.9806882891804904;24.35897435897436;24.512820512820515;25.0;25.0;0;0
365.776;-30.0;50.0;1.9806882891804904;24.35897435897436;24.512820512820515;25.0;25.0;0;0
365.877;-30.0;50.0;1.9806882891804904;24.35897435897436;24.512820512820515;25.0;25.0;0;0
365.978;-30.0;50.0;1.9806882891804904;24.35897435897436;24.512820512820515;25.0;25.0;0;0
366.086;-30.0;50.0;1.9806882891804904;24.35897435897436;24.512820512820515;25.0;25.0;0;0
366.187;-30.0;50.0;1.9806882891804904;24.35897435897436;24.512820512820515;25.0;25.0;0;0
366.29;-30.0;50.0;1.9806882891804904;24.35897435897436;24.512820512820515;25.0;25.0;0;0
366.395;-30.0;50.0;1.9806882891804904;24.35897435897436;24.512820512820515;25.0;25.0;0;0
366.506;-30.0;50.0;1.9806882891804904;24.35897435897436;24.512820512820515;25.0;25.0;0;0
366.61;-30.0;50.0;1.9806882891804904;24.35897435897436;24.512820512820515;25.0;25.0;0;0
366.716;-30.0;50.0;1.9806882891804904;24.35897435897436;24.512820512820515;25.0;25.0;0;0
366.821;-30.0;50.0;1.9806882891804904;24.35897435897436;24.512820512820515;25.0;25.0;0;0
366.94;-30.0;50.0;1.9806882891804904;24.35897435897436;24.512820512820515;25.0;25.0;0;0
367.058;-30.0;50.0;1.9806882891804904;24.35897435897436;24.512820512820515;25.0;25.0;0;0
367.169;-30.0;50.0;1.9806882891804904;24.35897435897436;24.512820512820515;25.0;25.0;0;0
367.282;-30.0;50.0;1.9806882891804904;24.35897435897436;24.512820512820515;25.0;25.0;0;0
367.384;-30.0;50.0;1.9806882891804904;24.35897435897436;24.512820512820515;25.0;25.0;0;0
367.489;-30.0;50.0;1.9806882891804904;24.35897435897436;24.512820512820515;25.0;25.0;0;0
367.594;-30.0;50.0;1.9806882891804904;24.35897435897436;24.512820512820515;25.0;25.0;0;0
367.703;-30.0;50.0;1.9806882891804904;24.35897435897436;24.512820512820515;25.0;25.0;0;0
367.805;-30.0;50.0;1.9806882891804904;24.35897435897436;24.512820512820515;25.0;25.0;0;0
367.912;-30.0;50.0;1.9806882891804904;24.35897435897436;24.512820512820515;25.0;25.0;0;0
368.036;-30.0;50.0;1.9806882891804904;24.35897435897436;24.512820512820515;25.0;25.0;0;0
368.147;-30.0;50.0;1.9806882891804904;24.35897435897436;24.512820512820515;25.0;25.0;0;0
368.255;-30.0;50.0;1.9806882891804904;24.35897435897436;24.512820512820515;25.0;25.0;0;0
368.364;-30.0;50.0;1.9806882891804904;24.35897435897436;24.512820512820515;25.0;25.0;0;0
368.476;-30.0;50.0;1.9806882891804904;24.35897435897436;24.512820512820515;25.0;25.0;0;0
368.587;-30.0;50.0;1.9806882891804904;24.35897435897436;24.512820512820515;25.0;25.0;0;0
368.695;-30.0;50.0;1.9806882891804904;24.35897435897436;24.512820512820515;25.0;25.0;0;0
368.795;-30.0;50.0;1.9806882891804904;24.35897435897436;24.512820512820515;25.0;25.0;0;0
368.898;-30.0;50.0;1.9806882891804904;24.35897435897436;24.512820512820515;25.0;25.0;0;0
369.011;-30.0;50.0;1.9806882891804904;24.35897435897436;24.512820512820515;25.0;25.0;0;0
369.118;-30.0;50.0;1.9806882891804904;24.35897435897436;24.512820512820515;25.0;25.0;0;0
369.218;-30.0;50.0;1.9806882891804904;24.35897435897436;24.512820512820515;25.0;25.0;0;0
369.319;-30.0;50.0;1.9806882891804904;24.35897435897436;24.512820512820515;25.0;25.0;0;0
369.419;-30.0;50.0;1.9806882891804904;24.35897435897436;24.512820512820515;25.0;25.0;0;0
369.519;-30.0;50.0;1.9806882891804904;24.35897435897436;24.512820512820515;25.0;25.0;0;0
369.619;-30.0;50.0;1.9806882891804904;24.35897435897436;24.512820512820515;25.0;25.0;0;0
369.72;-30.0;50.0;1.9806882891804904;24.35897435897436;24.512820512820515;25.0;25.0;0;0
369.822;-30.0;50.0;1.9806882891804904;24.35897435897436;24.512820512820515;25.0;25.0;0;0
369.932;-30.0;50.0;1.9806882891804904;24.35897435897436;24.512820512820515;25.0;25.0;0;0
370.032;-30.0;50.0;1.9806882891804904;24.35897435897436;24.512820512820515;25.0;25.0;0;0
370.133;-30.0;50.0;1.9806882891804904;24.35897435897436;24.512820512820515;25.0;25.0;0;0
370.248;-30.0;50.0;1.9806882891804904;24.35897435897436;24.512820512820515;25.0;25.0;0;0
370.358;-30.0;50.0;1.9806882891804904;24.35897435897436;24.512820512820515;25.0;25.0;0;0
370.459;-30.0;50.0;1.9806882891804904;24.35897435897436;24.512820512820515;25.0;25.0;0;0
370.566;-30.0;50.0;1.9806882891804904;24.35897435897436;24.512820512820515;25.0;25.0;0;0
370.672;-30.0;50.0;1.9806882891804904;24.35897435897436;24.512820512820515;25.0;25.0;0;0
370.784;-30.0;50.0;1.9806882891804904;24.35897435897436;24.512820512820515;25.0;25.0;0;0
370.897;-30.0;50.0;1.9806882891804904;24.35897435897436;24.512820512820515;25.0;25.0;0;0
371.005;-30.0;50.0;1.9806882891804904;24.35897435897436;24.512820512820515;25.0;25.0;0;0
371.116;-30.0;50.0;1.9806882891804904;24.35897435897436;24.512820512820515;25.0;25.0;0;0
371.231;-30.0;50.0;1.9806882891804904;24.35897435897436;24.512820512820515;25.0;25.0;0;0
371.341;-30.0;50.0;1.9806882891804904;24.35897435897436;24.512820512820515;25.0;25.0;0;0
371.442;-30.0;50.0;1.9806882891804904;24.35897435897436;24.512820512820515;25.0;25.0;0;0
371.546;-30.0;50.0;1.9806882891804904;24.35897435897436;24.512820512820515;25.0;25.0;0;0
371.659;-30.0;50.0;1.9806882891804904;24.35897435897436;24.512820512820515;25.0;25.0;0;0
371.764;-30.0;50.0;1.9806882891804904;24.35897435897436;24.512820512820515;25.0;25.0;0;0
371.865;-30.0;50.0;1.9806882891804904;24.35897435897436;24.512820512820515;25.0;25.0;0;0
371.972;-30.0;50.0;1.9806882891804904;24.35897435897436;24.512820512820515;25.0;25.0;0;0
372.099;-30.0;50.0;1.9806882891804904;24.35897435897436;24.512820512820515;25.0;25.0;0;0
372.214;-30.0;50.0;1.9806882891804904;24.35897435897436;24.512820512820515;25.0;25.0;0;0
372.327;-30.0;50.0;1.9806882891804904;24.35897435897436;24.512820512820515;25.0;25.0;0;0
372.428;-30.0;50.0;1.9806882891804904;24.35897435897436;24.512820512820515;25.0;25.0;0;0
372.532;-30.0;50.0;1.9806882891804904;24.35897435897436;24.512820512820515;25.0;25.0;0;0
372.641;-30.0;50.0;1.9806882891804904;24.35897435897436;24.512820512820515;25.0;25.0;0;0
372.76;-30.0;50.0;1.9806882891804904;24.35897435897436;24.512820512820515;25.0;25.0;0;0
372.861;-30.0;50.0;1.9806882891804904;24.35897435897436;24.512820512820515;25.0;25.0;0;0
372.976;-30.0;50.0;1.9806882891804904;24.35897435897436;24.512820512820515;25.0;25.0;0;0
373.084;-30.0;50.0;1.9806882891804904;24.35897435897436;24.512820512820515;25.0;25.0;0;0
373.185;-30.0;50.0;1.9806882891804904;24.35897435897436;24.512820512820515;25.0;25.0;0;0
373.292;-30.0;50.0;1.9806882891804904;24.35897435897436;24.512820512820515;25.0;25.0;0;0
373.403;-30.0;50.0;1.9806882891804904;24.35897435897436;24.512820512820515;25.0;25.0;0;0
373.513;-30.0;50.0;1.9806882891804904;24.35897435897436;24.512820512820515;25.0;25.0;0;0
373.624;-30.0;50.0;1.9806882891804904;24.35897435897436;24.512820512820515;25.0;25.0;0;0
373.735;-30.0;50.0;1.9806882891804904;24.35897435897436;24.512820512820515;25.0;25.0;0;0
373.849;-30.0;50.0;1.9806882891804904;24.35897435897436;24.512820512820515;25.0;25.0;0;0
373.96;-30.0;50.0;1.9806882891804904;24.35897435897436;24.512820512820515;25.0;25.0;0;0
374.068;-30.0;50.0;1.9806882891804904;24.35897435897436;24.512820512820515;25.0;25.0;0;0
374.177;-30.0;50.0;1.9806882891804904;24.35897435897436;24.512820512820515;25.0;25.0;0;0
374.289;-30.0;50.0;1.9806882891804904;24.35897435897436;24.512820512820515;25.0;25.0;0;0
374.39;-30.0;50.0;1.9806882891804904;24.35897435897436;24.512820512820515;25.0;25.0;0;0
374.495;-30.0;50.0;1.9806882891804904;24.35897435897436;24.512820512820515;25.0;25.0;0;0
374.607;-30.0;50.0;1.9806882891804904;24.35897435897436;24.512820512820515;25.0;25.0;0;0
374.723;-30.0;50.0;1.9806882891804904;24.35897435897436;24.512820512820515;25.0;25.0;0;0
374.828;-30.0;50.0;1.9806882891804904;24.2991452991453;24.512820512820515;25.0;25.0;0;0
374.946;-30.0;50.0;1.9806882891804904;24.2991452991453;24.512820512820515;25.0;25.0;0;0
375.052;-30.0;50.0;1.9806882891804904;24.2991452991453;24.512820512820515;25.0;25.0;0;0
375.165;-30.0;50.0;1.9806882891804904;24.2991452991453;24.512820512820515;25.0;25.0;0;0
375.267;-30.0;50.0;1.9806882891804904;24.2991452991453;24.512820512820515;25.0;25.0;0;0
375.371;-30.0;50.0;1.9806882891804904;24.2991452991453;24.512820512820515;25.0;25.0;0;0
375.483;-30.0;50.0;1.9806882891804904;24.2991452991453;24.512820512820515;25.0;25.0;0;0
375.598;-30.0;50.0;1.9806882891804904;24.2991452991453;24.512820512820515;25.0;25.0;0;0
375.707;-30.0;50.0;1.9806882891804904;24.2991452991453;24.512820512820515;25.0;25.0;0;0
375.817;-30.0;50.0;1.9806882891804904;24.2991452991453;24.512820512820515;25.0;25.0;0;0
375.931;-30.0;50.0;1.9806882891804904;24.35897435897436;24.512820512820515;25.0;25.0;0;0
376.032;-30.0;50.0;1.9806882891804904;24.35897435897436;24.512820512820515;25.0;25.0;0;0
376.133;-30.0;50.0;1.9806882891804904;24.35897435897436;24.512820512820515;25.0;25.0;0;0
376.234;-30.0;50.0;1.9806882891804904;24.35897435897436;24.512820512820515;25.0;25.0;0;0
376.337;-30.0;50.0;1.9806882891804904;24.35897435897436;24.512820512820515;25.0;25.0;0;0
376.438;-30.0;50.0;1.9806882891804904;24.35897435897436;24.512820512820515;25.0;25.0;0;0
376.538;-30.0;50.0;1.9806882891804904;24.35897435897436;24.512820512820515;25.0;25.0;0;0
376.639;-30.0;50.0;1.9806882891804904;24.35897435897436;24.512820512820515;25.0;25.0;0;0
376.739;-30.0;50.0;1.9806882891804904;24.35897435897436;24.512820512820515;25.0;25.0;0;0
376.84;-30.0;50.0;1.9806882891804904;24.2991452991453;24.512820512820515;25.0;25.0;0;0
376.942;-30.0;50.0;1.9806882891804904;24.2991452991453;24.512820512820515;25.0;25.0;0;0
377.042;-30.0;50.0;1.9806882891804904;24.2991452991453;24.512820512820515;25.0;25.0;0;0
377.144;-30.0;50.0;1.9806882891804904;24.2991452991453;24.512820512820515;25.0;25.0;0;0
377.248;-30.0;50.0;1.9806882891804904;24.2991452991453;24.512820512820515;25.0;25.0;0;0
377.356;-30.0;50.0;1.9806882891804904;24.2991452991453;24.512820512820515;25.0;25.0;0;0
377.47;-30.0;50.0;1.9806882891804904;24.2991452991453;24.512820512820515;25.0;25.0;0;0
377.575;-30.0;50.0;1.9806882891804904;24.2991452991453;24.512820512820515;25.0;25.0;0;0
377.675;-30.0;50.0;1.9806882891804904;24.2991452991453;24.512820512820515;25.0;25.0;0;0
377.781;-30.0;50.0;1.9806882891804904;24.2991452991453;24.512820512820515;25.0;25.0;0;0
377.881;-30.0;50.0;1.9806882891804904;24.35897435897436;24.512820512820515;25.0;25.0;0;0
377.982;-30.0;50.0;1.9806882891804904;24.35897435897436;24.512820512820515;25.0;25.0;0;0
378.082;-30.0;50.0;1.9806882891804904;24.35897435897436;24.512820512820515;25.0;25.0;0;0
378.183;-30.0;50.0;1.9806882891804904;24.35897435897436;24.512820512820515;25.0;25.0;0;0
378.284;-30.0;50.0;1.9806882891804904;24.35897435897436;24.512820512820515;25.0;25.0;0;0
378.384;-30.0;50.0;1.9806882891804904;24.35897435897436;24.512820512820515;25.0;25.0;0;0
378.484;-30.0;50.0;1.9806882891804904;24.35897435897436;24.512820512820515;25.0;25.0;0;0
378.588;-30.0;50.0;1.9806882891804904;24.35897435897436;24.512820512820515;25.0;25.0;0;0
378.69;-30.0;50.0;1.9806882891804904;24.35897435897436;24.512820512820515;25.0;25.0;0;0
378.791;-30.0;50.0;1.9806882891804904;24.35897435897436;24.512820512820515;25.0;25.0;0;0
378.892;-30.0;50.0;1.9806882891804904;24.35897435897436;24.512820512820515;25.0;25.0;0;0
379.009;-30.0;50.0;1.9806882891804904;24.35897435897436;24.512820512820515;25.0;25.0;0;0
379.114;-30.0;50.0;1.9806882891804904;24.35897435897436;24.512820512820515;25.0;25.0;0;0
379.231;-30.0;50.0;1.9806882891804904;24.35897435897436;24.512820512820515;25.0;25.0;0;0
379.344;-30.0;50.0;1.9806882891804904;24.35897435897436;24.512820512820515;25.0;25.0;0;0
379.453;-30.0;50.0;1.9806882891804904;24.35897435897436;24.512820512820515;25.0;25.0;0;0
379.556;-30.0;50.0;1.9806882891804904;24.35897435897436;24.512820512820515;25.0;25.0;0;0
379.661;-30.0;50.0;1.9806882891804904;24.35897435897436;24.512820512820515;25.0;25.0;0;0
379.765;-30.0;50.0;1.9806882891804904;24.35897435897436;24.512820512820515;25.0;25.0;0;0
379.879;-30.0;50.0;1.9806882891804904;24.35897435897436;24.512820512820515;25.0;25.0;0;0
379.987;-30.0;50.0;1.9806882891804904;24.35897435897436;24.512820512820515;25.0;25.0;0;0
380.096;-30.0;50.0;1.9806882891804904;24.35897435897436;24.512820512820515;25.0;25.0;0;0
380.209;-30.0;50.0;1.9806882891804904;24.35897435897436;24.512820512820515;25.0;25.0;0;0
380.32;-30.0;50.0;1.9806882891804904;24.35897435897436;24.512820512820515;25.0;25.0;0;0
380.43;-30.0;50.0;1.9806882891804904;24.35897435897436;24.512820512820515;25.0;25.0;0;0
380.533;-30.0;50.0;1.9806882891804904;24.35897435897436;24.512820512820515;25.0;25.0;0;0
380.645;-30.0;50.0;1.9806882891804904;24.35897435897436;24.512820512820515;25.0;25.0;0;0
380.749;-30.0;50.0;1.9806882891804904;24.35897435897436;24.512820512820515;25.0;25.0;0;0
380.86;-30.0;50.0;1.9806882891804904;24.2991452991453;24.512820512820515;25.0;25.0;0;0
380.978;-30.0;50.0;1.9806882891804904;24.2991452991453;24.512820512820515;25.0;25.0;0;0
381.084;-30.0;50.0;1.9806882891804904;24.2991452991453;24.512820512820515;25.0;25.0;0;0
381.194;-30.0;50.0;1.9806882891804904;24.2991452991453;24.512820512820515;25.0;25.0;0;0
381.304;-30.0;50.0;1.9806882891804904;24.2991452991453;24.512820512820515;25.0;25.0;0;0
381.404;-30.0;50.0;1.9806882891804904;24.2991452991453;24.512820512820515;25.0;25.0;0;0
381.515;-30.0;50.0;1.9806882891804904;24.2991452991453;24.512820512820515;25.0;25.0;0;0
381.624;-30.0;50.0;1.9806882891804904;24.2991452991453;24.512820512820515;25.0;25.0;0;0
381.735;-30.0;50.0;1.9806882891804904;24.2991452991453;24.512820512820515;25.0;25.0;0;0
381.846;-30.0;50.0;1.9806882891804904;24.35897435897436;24.512820512820515;25.0;25.0;0;0
381.955;-30.0;50.0;1.9806882891804904;24.35897435897436;24.512820512820515;25.0;25.0;0;0
382.056;-30.0;50.0;1.9806882891804904;24.35897435897436;24.512820512820515;25.0;25.0;0;0
382.163;-30.0;50.0;1.9806882891804904;24.35897435897436;24.512820512820515;25.0;25.0;0;0
382.269;-30.0;50.0;1.9806882891804904;24.35897435897436;24.512820512820515;25.0;25.0;0;0
382.386;-30.0;50.0;1.9806882891804904;24.35897435897436;24.512820512820515;25.0;25.0;0;0
382.487;-30.0;50.0;1.9806882891804904;24.35897435897436;24.512820512820515;25.0;25.0;0;0
382.589;-30.0;50.0;1.9806882891804904;24.35897435897436;24.512820512820515;25.0;25.0;0;0
382.69;-30.0;50.0;1.9806882891804904;24.35897435897436;24.512820512820515;25.0;25.0;0;0
382.79;-30.0;50.0;1.9806882891804904;24.35897435897436;24.512820512820515;25.0;25.0;0;0
382.893;-30.0;50.0;1.9806882891804904;24.35897435897436;24.512820512820515;25.0;25.0;0;0
382.994;-30.0;50.0;1.9806882891804904;24.35897435897436;24.512820512820515;25.0;25.0;0;0
383.095;-30.0;50.0;1.9806882891804904;24.35897435897436;24.512820512820515;25.0;25.0;0;0
383.196;-30.0;50.0;1.9806882891804904;24.35897435897436;24.512820512820515;25.0;25.0;0;0
383.297;-30.0;50.0;1.9806882891804904;24.35897435897436;24.512820512820515;25.0;25.0;0;0
383.41;-30.0;50.0;1.9806882891804904;24.35897435897436;24.512820512820515;25.0;25.0;0;0
383.515;-30.0;50.0;1.9806882891804904;24.35897435897436;24.512820512820515;25.0;25.0;0;0
383.627;-30.0;50.0;1.9806882891804904;24.35897435897436;24.512820512820515;25.0;25.0;0;0
383.736;-30.0;50.0;1.9806882891804904;24.35897435897436;24.512820512820515;25.0;25.0;0;0
383.846;-30.0;50.0;1.9806882891804904;24.35897435897436;24.512820512820515;25.0;25.0;0;0
383.96;-30.0;50.0;1.9806882891804904;24.35897435897436;24.512820512820515;25.0;25.0;0;0
384.069;-30.0;50.0;1.9806882891804904;24.35897435897436;24.512820512820515;25.0;25.0;0;0
384.183;-30.0;50.0;1.9806882891804904;24.35897435897436;24.512820512820515;25.0;25.0;0;0
384.289;-30.0;50.0;1.9806882891804904;24.35897435897436;24.512820512820515;25.0;25.0;0;0
384.393;-30.0;50.0;1.9806882891804904;24.35897435897436;24.512820512820515;25.0;25.0;0;0
384.498;-30.0;50.0;1.9806882891804904;24.35897435897436;24.512820512820515;25.0;25.0;0;0
384.623;-30.0;50.0;1.9806882891804904;24.35897435897436;24.512820512820515;25.0;25.0;0;0
384.731;-30.0;50.0;1.9806882891804904;24.35897435897436;24.512820512820515;25.0;25.0;0;0
384.843;-30.0;50.0;1.9806882891804904;24.35897435897436;24.512820512820515;25.0;25.0;0;0
384.953;-30.0;50.0;1.9806882891804904;24.35897435897436;24.512820512820515;25.0;25.0;0;0
385.063;-30.0;50.0;1.9806882891804904;24.35897435897436;24.512820512820515;25.0;25.0;0;0
385.173;-30.0;50.0;1.9806882891804904;24.35897435897436;24.512820512820515;25.0;25.0;0;0
385.284;-30.0;50.0;1.9806882891804904;24.35897435897436;24.512820512820515;25.0;25.0;0;0
385.396;-30.0;50.0;1.9806882891804904;24.35897435897436;24.512820512820515;25.0;25.0;0;0
385.503;-30.0;50.0;1.9806882891804904;24.35897435897436;24.512820512820515;25.0;25.0;0;0
385.609;-30.0;50.0;1.9806882891804904;24.35897435897436;24.512820512820515;25.0;25.0;0;0
385.723;-30.0;50.0;1.9806882891804904;24.35897435897436;24.512820512820515;25.0;25.0;0;0
385.832;-30.0;50.0;1.9806882891804904;24.35897435897436;24.512820512820515;25.0;25.0;0;0
385.946;-30.0;50.0;1.9806882891804904;24.2991452991453;24.512820512820515;25.0;25.0;0;0
386.06;-30.0;50.0;1.9806882891804904;24.2991452991453;24.512820512820515;25.0;25.0;0;0
386.168;-30.0;50.0;1.9806882891804904;24.2991452991453;24.512820512820515;25.0;25.0;0;0
386.278;-30.0;50.0;1.9806882891804904;24.2991452991453;24.512820512820515;25.0;25.0;0;0
386.388;-30.0;50.0;1.9806882891804904;24.2991452991453;24.512820512820515;25.0;25.0;0;0
386.49;-30.0;50.0;1.9806882891804904;24.2991452991453;24.512820512820515;25.0;25.0;0;0
386.594;-30.0;50.0;1.9806882891804904;24.2991452991453;24.512820512820515;25.0;25.0;0;0
386.695;-30.0;50.0;1.9806882891804904;24.2991452991453;24.512820512820515;25.0;25.0;0;0
386.795;-30.0;50.0;1.9806882891804904;24.2991452991453;24.512820512820515;25.0;25.0;0;0
386.896;-30.0;50.0;1.9806882891804904;24.2991452991453;24.512820512820515;25.0;25.0;0;0
386.996;-30.0;50.0;1.9806882891804904;24.2991452991453;24.512820512820515;25.0;25.0;0;0
387.097;-30.0;50.0;1.9806882891804904;24.2991452991453;24.512820512820515;25.0;25.0;0;0
387.199;-30.0;50.0;1.9806882891804904;24.2991452991453;24.512820512820515;25.0;25.0;0;0
387.303;-30.0;50.0;1.9806882891804904;24.2991452991453;24.512820512820515;25.0;25.0;0;0
387.407;-30.0;50.0;1.9806882891804904;24.2991452991453;24.512820512820515;25.0;25.0;0;0
387.507;-30.0;50.0;1.9806882891804904;24.2991452991453;24.512820512820515;25.0;25.0;0;0
387.614;-30.0;50.0;1.9806882891804904;24.2991452991453;24.512820512820515;25.0;25.0;0;0
387.715;-30.0;50.0;1.9806882891804904;24.2991452991453;24.512820512820515;25.0;25.0;0;0
387.821;-30.0;50.0;1.9806882891804904;24.2991452991453;24.512820512820515;25.0;25.0;0;0
387.928;-30.0;50.0;1.9806882891804904;24.35897435897436;24.512820512820515;25.0;25.0;0;0
388.04;-30.0;50.0;1.9806882891804904;24.35897435897436;24.512820512820515;25.0;25.0;0;0
388.141;-30.0;50.0;1.9806882891804904;24.35897435897436;24.512820512820515;25.0;25.0;0;0
388.251;-30.0;50.0;1.9806882891804904;24.35897435897436;24.512820512820515;25.0;25.0;0;0
388.358;-30.0;50.0;1.9806882891804904;24.35897435897436;24.512820512820515;25.0;25.0;0;0
388.46;-30.0;50.0;1.9806882891804904;24.35897435897436;24.512820512820515;25.0;25.0;0;0
388.562;-30.0;50.0;1.9806882891804904;24.35897435897436;24.512820512820515;25.0;25.0;0;0
388.663;-30.0;50.0;1.9806882891804904;24.35897435897436;24.512820512820515;25.0;25.0;0;0
388.773;-30.0;50.0;1.9806882891804904;24.35897435897436;24.512820512820515;25.0;25.0;0;0
388.873;-30.0;50.0;1.9806882891804904;24.2991452991453;24.512820512820515;25.0;25.0;0;0
388.974;-30.0;50.0;1.9806882891804904;24.2991452991453;24.512820512820515;25.0;25.0;0;0
389.075;-30.0;50.0;1.9806882891804904;24.2991452991453;24.512820512820515;25.0;25.0;0;0
389.175;-30.0;50.0;1.9806882891804904;24.2991452991453;24.512820512820515;25.0;25.0;0;0
389.276;-30.0;50.0;1.9806882891804904;24.2991452991453;24.512820512820515;25.0;25.0;0;0
389.377;-30.0;50.0;1.9806882891804904;24.2991452991453;24.512820512820515;25.0;25.0;0;0
389.477;-30.0;50.0;1.9806882891804904;24.2991452991453;24.512820512820515;25.0;25.0;0;0
389.58;-30.0;50.0;1.9806882891804904;24.2991452991453;24.512820512820515;25.0;25.0;0;0
389.696;-30.0;50.0;1.9806882891804904;24.2991452991453;24.512820512820515;25.0;25.0;0;0
389.807;-30.0;50.0;1.9806882891804904;24.2991452991453;24.512820512820515;25.0;25.0;0;0
389.91;-30.0;50.0;1.9806882891804904;24.2991452991453;24.512820512820515;25.0;25.0;0;0
390.021;-30.0;50.0;1.9806882891804904;24.2991452991453;24.512820512820515;25.0;25.0;0;0
390.133;-30.0;50.0;1.9806882891804904;24.2991452991453;24.512820512820515;25.0;25.0;0;0
390.246;-30.0;50.0;1.9806882891804904;24.2991452991453;24.512820512820515;25.0;25.0;0;0
390.355;-30.0;50.0;1.9806882891804904;24.2991452991453;24.512820512820515;25.0;25.0;0;0
390.466;-30.0;50.0;1.9806882891804904;24.2991452991453;24.512820512820515;25.0;25.0;0;0
390.569;-30.0;50.0;1.9806882891804904;24.2991452991453;24.512820512820515;25.0;25.0;0;0
390.671;-30.0;50.0;1.9806882891804904;24.2991452991453;24.512820512820515;25.0;25.0;0;0
390.783;-30.0;50.0;1.9806882891804904;24.2991452991453;24.512820512820515;25.0;25.0;0;0
390.896;-30.0;50.0;1.9806882891804904;24.35897435897436;24.512820512820515;25.0;25.0;0;0
391.005;-30.0;50.0;1.9806882891804904;24.35897435897436;24.512820512820515;25.0;25.0;0;0
391.106;-30.0;50.0;1.9806882891804904;24.35897435897436;24.512820512820515;25.0;25.0;0;0
391.216;-30.0;50.0;1.9806882891804904;24.35897435897436;24.512820512820515;25.0;25.0;0;0
391.32;-30.0;50.0;1.9806882891804904;24.35897435897436;24.512820512820515;25.0;25.0;0;0
391.423;-30.0;50.0;1.9806882891804904;24.35897435897436;24.512820512820515;25.0;25.0;0;0
391.527;-30.0;50.0;1.9806882891804904;24.35897435897436;24.512820512820515;25.0;25.0;0;0
391.64;-30.0;50.0;1.9806882891804904;24.35897435897436;24.512820512820515;25.0;25.0;0;0
391.741;-30.0;50.0;1.9806882891804904;24.35897435897436;24.512820512820515;25.0;25.0;0;0
391.864;-30.0;50.0;1.9806882891804904;24.35897435897436;24.512820512820515;25.0;25.0;0;0
391.979;-30.0;50.0;1.9806882891804904;24.2991452991453;24.512820512820515;25.0;25.0;0;0
392.084;-30.0;50.0;1.9806882891804904;24.2991452991453;24.512820512820515;25.0;25.0;0;0
392.198;-30.0;50.0;1.9806882891804904;24.2991452991453;24.512820512820515;25.0;25.0;0;0
392.312;-30.0;50.0;1.9806882891804904;24.2991452991453;24.512820512820515;25.0;25.0;0;0
392.424;-30.0;50.0;1.9806882891804904;24.2991452991453;24.512820512820515;25.0;25.0;0;0
392.536;-30.0;50.0;1.9806882891804904;24.2991452991453;24.512820512820515;25.0;25.0;0;0
392.638;-30.0;50.0;1.9806882891804904;24.2991452991453;24.512820512820515;25.0;25.0;0;0
392.744;-30.0;50.0;1.9806882891804904;24.2991452991453;24.512820512820515;25.0;25.0;0;0
392.853;-30.0;50.0;1.9806882891804904;24.2991452991453;24.512820512820515;25.0;25.0;0;0
392.963;-30.0;50.0;1.9806882891804904;24.2991452991453;24.512820512820515;25.0;25.0;0;0
393.073;-30.0;50.0;1.9806882891804904;24.2991452991453;24.512820512820515;25.0;25.0;0;0
393.191;-30.0;50.0;1.9806882891804904;24.2991452991453;24.512820512820515;25.0;25.0;0;0
393.296;-30.0;50.0;1.9806882891804904;24.2991452991453;24.512820512820515;25.0;25.0;0;0
393.412;-30.0;50.0;1.9806882891804904;24.2991452991453;24.512820512820515;25.0;25.0;0;0
393.518;-30.0;50.0;1.9806882891804904;24.2991452991453;24.512820512820515;25.0;25.0;0;0
393.631;-30.0;50.0;1.9806882891804904;24.2991452991453;24.512820512820515;25.0;25.0;0;0
393.745;-30.0;50.0;1.9806882891804904;24.2991452991453;24.512820512820515;25.0;25.0;0;0
393.846;-30.0;50.0;1.9806882891804904;24.2991452991453;24.512820512820515;25.0;25.0;0;0
393.947;-30.0;50.0;1.9806882891804904;24.35897435897436;24.512820512820515;25.0;25.0;0;0
394.059;-30.0;50.0;1.9806882891804904;24.35897435897436;24.512820512820515;25.0;25.0;0;0
394.177;-30.0;50.0;1.9806882891804904;24.35897435897436;24.512820512820515;25.0;25.0;0;0
394.285;-30.0;50.0;1.9806882891804904;24.35897435897436;24.512820512820515;25.0;25.0;0;0
394.395;-30.0;50.0;1.9806882891804904;24.35897435897436;24.512820512820515;25.0;25.0;0;0
394.503;-30.0;50.0;1.9806882891804904;24.35897435897436;24.512820512820515;25.0;25.0;0;0
394.615;-30.0;50.0;1.9806882891804904;24.35897435897436;24.512820512820515;25.0;25.0;0;0
394.722;-30.0;50.0;1.9806882891804904;24.35897435897436;24.512820512820515;25.0;25.0;0;0
394.833;-30.0;50.0;1.9806882891804904;24.35897435897436;24.512820512820515;25.0;25.0;0;0
394.941;-30.0;50.0;1.9806882891804904;24.35897435897436;24.512820512820515;25.0;25.0;0;0
395.054;-30.0;50.0;1.9806882891804904;24.35897435897436;24.512820512820515;25.0;25.0;0;0
395.168;-30.0;50.0;1.9806882891804904;24.35897435897436;24.512820512820515;25.0;25.0;0;0
395.273;-30.0;50.0;1.9806882891804904;24.35897435897436;24.512820512820515;25.0;25.0;0;0
395.373;-30.0;50.0;1.9806882891804904;24.35897435897436;24.512820512820515;25.0;25.0;0;0
395.482;-30.0;50.0;1.9806882891804904;24.35897435897436;24.512820512820515;25.0;25.0;0;0
395.599;-30.0;50.0;1.9806882891804904;24.35897435897436;24.512820512820515;25.0;25.0;0;0
395.705;-30.0;50.0;1.9806882891804904;24.35897435897436;24.512820512820515;25.0;25.0;0;0
395.82;-30.0;50.0;1.9806882891804904;24.35897435897436;24.512820512820515;25.0;25.0;0;0
395.926;-30.0;50.0;1.9806882891804904;24.2991452991453;24.461538461538463;25.0;25.0;0;0
396.043;-30.0;50.0;1.9806882891804904;24.2991452991453;24.461538461538463;25.0;25.0;0;0
396.153;-30.0;50.0;1.9806882891804904;24.2991452991453;24.461538461538463;25.0;25.0;0;0
396.263;-30.0;50.0;1.9806882891804904;24.2991452991453;24.461538461538463;25.0;25.0;0;0
396.364;-30.0;50.0;1.9806882891804904;24.2991452991453;24.461538461538463;25.0;25.0;0;0
396.473;-30.0;50.0;1.9806882891804904;24.2991452991453;24.461538461538463;25.0;25.0;0;0
396.579;-30.0;50.0;1.9806882891804904;24.2991452991453;24.461538461538463;25.0;25.0;0;0
396.68;-30.0;50.0;1.9806882891804904;24.2991452991453;24.461538461538463;25.0;25.0;0;0
396.785;-30.0;50.0;1.9806882891804904;24.2991452991453;24.461538461538463;25.0;25.0;0;0
396.885;-30.0;50.0;1.9806882891804904;24.2991452991453;24.512820512820515;25.0;25.0;0;0
396.992;-30.0;50.0;1.9806882891804904;24.2991452991453;24.512820512820515;25.0;25.0;0;0
397.093;-30.0;50.0;1.9806882891804904;24.2991452991453;24.512820512820515;25.0;25.0;0;0
397.193;-30.0;50.0;1.9806882891804904;24.2991452991453;24.512820512820515;25.0;25.0;0;0
397.294;-30.0;50.0;1.9806882891804904;24.2991452991453;24.512820512820515;25.0;25.0;0;0
397.394;-30.0;50.0;1.9806882891804904;24.2991452991453;24.512820512820515;25.0;25.0;0;0
397.498;-30.0;50.0;1.9806882891804904;24.2991452991453;24.512820512820515;25.0;25.0;0;0
397.6;-30.0;50.0;1.9806882891804904;24.2991452991453;24.512820512820515;25.0;25.0;0;0
397.702;-30.0;50.0;1.9806882891804904;24.2991452991453;24.512820512820515;25.0;25.0;0;0
397.802;-30.0;50.0;1.9806882891804904;24.2991452991453;24.461538461538463;25.0;25.0;0;0
397.914;-30.0;50.0;1.9806882891804904;24.2991452991453;24.461538461538463;25.0;25.0;0;0
398.017;-30.0;50.0;1.9806882891804904;24.2991452991453;24.461538461538463;25.0;25.0;0;0
398.12;-30.0;50.0;1.9806882891804904;24.2991452991453;24.461538461538463;25.0;25.0;0;0
398.228;-30.0;50.0;1.9806882891804904;24.2991452991453;24.461538461538463;25.0;25.0;0;0
398.339;-30.0;50.0;1.9806882891804904;24.2991452991453;24.461538461538463;25.0;25.0;0;0
398.449;-30.0;50.0;1.9806882891804904;24.2991452991453;24.461538461538463;25.0;25.0;0;0
398.56;-30.0;50.0;1.9806882891804904;24.2991452991453;24.461538461538463;25.0;25.0;0;0
398.669;-30.0;50.0;1.9806882891804904;24.2991452991453;24.461538461538463;25.0;25.0;0;0
398.77;-30.0;50.0;1.9806882891804904;24.2991452991453;24.461538461538463;25.0;25.0;0;0
398.875;-30.0;50.0;1.9806882891804904;24.2991452991453;24.461538461538463;25.0;25.0;0;0
398.983;-30.0;50.0;1.9806882891804904;24.35897435897436;24.461538461538463;25.0;25.0;0;0
399.096;-30.0;50.0;1.9806882891804904;24.35897435897436;24.461538461538463;25.0;25.0;0;0
399.21;-30.0;50.0;1.9806882891804904;24.35897435897436;24.461538461538463;25.0;25.0;0;0
399.317;-30.0;50.0;1.9806882891804904;24.35897435897436;24.461538461538463;25.0;25.0;0;0
399.427;-30.0;50.0;1.9806882891804904;24.35897435897436;24.461538461538463;25.0;25.0;0;0
399.538;-30.0;50.0;1.9806882891804904;24.35897435897436;24.461538461538463;25.0;25.0;0;0
399.648;-30.0;50.0;1.9806882891804904;24.35897435897436;24.461538461538463;25.0;25.0;0;0
399.759;-30.0;50.0;1.9806882891804904;24.35897435897436;24.461538461538463;25.0;25.0;0;0
399.869;-30.0;50.0;1.9806882891804904;24.35897435897436;24.461538461538463;25.0;25.0;0;0
399.97;-30.0;50.0;1.9806882891804904;24.2991452991453;24.512820512820515;25.0;25.0;0;0
400.075;-30.0;50.0;1.9806882891804904;24.2991452991453;24.512820512820515;25.0;25.0;0;0
400.18;-30.0;50.0;1.9806882891804904;24.2991452991453;24.512820512820515;25.0;25.0;0;0
400.286;-30.0;50.0;1.9806882891804904;24.2991452991453;24.512820512820515;25.0;25.0;0;0
400.396;-30.0;50.0;1.9806882891804904;24.2991452991453;24.512820512820515;25.0;25.0;0;0
400.501;-30.0;50.0;1.9806882891804904;24.2991452991453;24.512820512820515;25.0;25.0;0;0
400.601;-30.0;50.0;1.9806882891804904;24.2991452991453;24.512820512820515;25.0;25.0;0;0
400.725;-30.0;50.0;1.9806882891804904;24.2991452991453;24.512820512820515;25.0;25.0;0;0
400.834;-30.0;50.0;1.9806882891804904;24.2991452991453;24.512820512820515;25.0;25.0;0;0
400.936;-30.0;50.0;1.9806882891804904;24.2991452991453;24.512820512820515;25.0;25.0;0;0
401.049;-30.0;50.0;1.9806882891804904;24.2991452991453;24.512820512820515;25.0;25.0;0;0
401.152;-30.0;50.0;1.9806882891804904;24.2991452991453;24.512820512820515;25.0;25.0;0;0
401.254;-30.0;50.0;1.9806882891804904;24.2991452991453;24.512820512820515;25.0;25.0;0;0
401.354;-30.0;50.0;1.9806882891804904;24.2991452991453;24.512820512820515;25.0;25.0;0;0
401.455;-30.0;50.0;1.9806882891804904;24.2991452991453;24.512820512820515;25.0;25.0;0;0
401.559;-30.0;50.0;1.9806882891804904;24.2991452991453;24.512820512820515;25.0;25.0;0;0
401.659;-30.0;50.0;1.9806882891804904;24.2991452991453;24.512820512820515;25.0;25.0;0;0
401.76;-30.0;50.0;1.9806882891804904;24.2991452991453;24.512820512820515;25.0;25.0;0;0
401.861;-30.0;50.0;1.9806882891804904;24.2991452991453;24.461538461538463;25.0;25.0;0;0
401.968;-30.0;50.0;1.9806882891804904;24.2991452991453;24.461538461538463;25.0;25.0;0;0
402.071;-30.0;50.0;1.9806882891804904;24.2991452991453;24.461538461538463;25.0;25.0;0;0
402.172;-30.0;50.0;1.9806882891804904;24.2991452991453;24.461538461538463;25.0;25.0;0;0
402.287;-30.0;50.0;1.9806882891804904;24.2991452991453;24.461538461538463;25.0;25.0;0;0
402.388;-30.0;50.0;1.9806882891804904;24.2991452991453;24.461538461538463;25.0;25.0;0;0
402.502;-30.0;50.0;1.9806882891804904;24.2991452991453;24.461538461538463;25.0;25.0;0;0
402.613;-30.0;50.0;1.9806882891804904;24.2991452991453;24.461538461538463;25.0;25.0;0;0
402.726;-30.0;50.0;1.9806882891804904;24.2991452991453;24.461538461538463;25.0;25.0;0;0
402.831;-30.0;50.0;1.9806882891804904;24.2991452991453;24.461538461538463;25.0;25.0;0;0
402.932;-30.0;50.0;1.9806882891804904;24.2991452991453;24.461538461538463;25.0;25.0;0;0
403.06;-30.0;50.0;1.9806882891804904;24.2991452991453;24.461538461538463;25.0;25.0;0;0
403.171;-30.0;50.0;1.9806882891804904;24.2991452991453;24.461538461538463;25.0;25.0;0;0
403.279;-30.0;50.0;1.9806882891804904;24.2991452991453;24.461538461538463;25.0;25.0;0;0
403.379;-30.0;50.0;1.9806882891804904;24.2991452991453;24.461538461538463;25.0;25.0;0;0
403.483;-30.0;50.0;1.9806882891804904;24.2991452991453;24.461538461538463;25.0;25.0;0;0
403.596;-30.0;50.0;1.9806882891804904;24.2991452991453;24.461538461538463;25.0;25.0;0;0
403.708;-30.0;50.0;1.9806882891804904;24.2991452991453;24.461538461538463;25.0;25.0;0;0
403.824;-30.0;50.0;1.9806882891804904;24.2991452991453;24.461538461538463;25.0;25.0;0;0
403.935;-30.0;50.0;1.9806882891804904;24.2991452991453;24.461538461538463;25.0;25.0;0;0
404.037;-30.0;50.0;1.9806882891804904;24.2991452991453;24.461538461538463;25.0;25.0;0;0
404.138;-30.0;50.0;1.9806882891804904;24.2991452991453;24.461538461538463;25.0;25.0;0;0
404.252;-30.0;50.0;1.9806882891804904;24.2991452991453;24.461538461538463;25.0;25.0;0;0
404.361;-30.0;50.0;1.9806882891804904;24.2991452991453;24.461538461538463;25.0;25.0;0;0
404.477;-30.0;50.0;1.9806882891804904;24.2991452991453;24.461538461538463;25.0;25.0;0;0
404.584;-30.0;50.0;1.9806882891804904;24.2991452991453;24.461538461538463;25.0;25.0;0;0
404.699;-30.0;50.0;1.9806882891804904;24.2991452991453;24.461538461538463;25.0;25.0;0;0
404.806;-30.0;50.0;1.9806882891804904;24.2991452991453;24.461538461538463;25.0;25.0;0;0
404.915;-30.0;50.0;1.9806882891804904;24.2991452991453;24.461538461538463;25.0;25.0;0;0
405.018;-30.0;50.0;1.9806882891804904;24.2991452991453;24.461538461538463;25.0;25.0;0;0
405.14;-30.0;50.0;1.9806882891804904;24.2991452991453;24.461538461538463;25.0;25.0;0;0
405.251;-30.0;50.0;1.9806882891804904;24.2991452991453;24.461538461538463;25.0;25.0;0;0
405.362;-30.0;50.0;1.9806882891804904;24.2991452991453;24.461538461538463;25.0;25.0;0;0
405.476;-30.0;50.0;1.9806882891804904;24.2991452991453;24.461538461538463;25.0;25.0;0;0
405.587;-30.0;50.0;1.9806882891804904;24.2991452991453;24.461538461538463;25.0;25.0;0;0
405.692;-30.0;50.0;1.9806882891804904;24.2991452991453;24.461538461538463;25.0;25.0;0;0
405.804;-30.0;50.0;1.9806882891804904;24.2991452991453;24.461538461538463;25.0;25.0;0;0
405.914;-30.0;50.0;1.9806882891804904;24.2991452991453;24.512820512820515;25.0;25.0;0;0
406.031;-30.0;50.0;1.9806882891804904;24.2991452991453;24.512820512820515;25.0;25.0;0;0
406.138;-30.0;50.0;1.9806882891804904;24.2991452991453;24.512820512820515;25.0;25.0;0;0
406.255;-30.0;50.0;1.9806882891804904;24.2991452991453;24.512820512820515;25.0;25.0;0;0
406.36;-30.0;50.0;1.9806882891804904;24.2991452991453;24.512820512820515;25.0;25.0;0;0
406.472;-30.0;50.0;1.9806882891804904;24.2991452991453;24.512820512820515;25.0;25.0;0;0
406.582;-30.0;50.0;1.9806882891804904;24.2991452991453;24.512820512820515;25.0;25.0;0;0
406.692;-30.0;50.0;1.9806882891804904;24.2991452991453;24.512820512820515;25.0;25.0;0;0
406.808;-30.0;50.0;1.9806882891804904;24.2991452991453;24.512820512820515;25.0;25.0;0;0
406.914;-30.0;50.0;1.9806882891804904;24.2991452991453;24.461538461538463;25.0;25.0;0;0
407.028;-30.0;50.0;1.9806882891804904;24.2991452991453;24.461538461538463;25.0;25.0;0;0
407.142;-30.0;50.0;1.9806882891804904;24.2991452991453;24.461538461538463;25.0;25.0;0;0
407.252;-30.0;50.0;1.9806882891804904;24.2991452991453;24.461538461538463;25.0;25.0;0;0
407.361;-30.0;50.0;1.9806882891804904;24.2991452991453;24.461538461538463;25.0;25.0;0;0
407.48;-30.0;50.0;1.9806882891804904;24.2991452991453;24.461538461538463;25.0;25.0;0;0
407.588;-30.0;50.0;1.9806882891804904;24.2991452991453;24.461538461538463;25.0;25.0;0;0
407.69;-30.0;50.0;1.9806882891804904;24.2991452991453;24.461538461538463;25.0;25.0;0;0
407.794;-30.0;50.0;1.9806882891804904;24.2991452991453;24.461538461538463;25.0;25.0;0;0
407.908;-30.0;50.0;1.9806882891804904;24.2991452991453;24.461538461538463;25.0;25.0;0;0
408.017;-30.0;50.0;1.9806882891804904;24.2991452991453;24.461538461538463;25.0;25.0;0;0
408.13;-30.0;50.0;1.9806882891804904;24.2991452991453;24.461538461538463;25.0;25.0;0;0
408.241;-30.0;50.0;1.9806882891804904;24.2991452991453;24.461538461538463;25.0;25.0;0;0
408.354;-30.0;50.0;1.9806882891804904;24.2991452991453;24.461538461538463;25.0;25.0;0;0
408.462;-30.0;50.0;1.9806882891804904;24.2991452991453;24.461538461538463;25.0;25.0;0;0
408.575;-30.0;50.0;1.9806882891804904;24.2991452991453;24.461538461538463;25.0;25.0;0;0
408.685;-30.0;50.0;1.9806882891804904;24.2991452991453;24.461538461538463;25.0;25.0;0;0
408.794;-30.0;50.0;1.9806882891804904;24.2991452991453;24.461538461538463;25.0;25.0;0;0
408.909;-30.0;50.0;1.9806882891804904;24.2991452991453;24.461538461538463;25.0;25.0;0;0
409.021;-30.0;50.0;1.9806882891804904;24.2991452991453;24.461538461538463;25.0;25.0;0;0
409.133;-30.0;50.0;1.9806882891804904;24.2991452991453;24.461538461538463;25.0;25.0;0;0
409.241;-30.0;50.0;1.9806882891804904;24.2991452991453;24.461538461538463;25.0;25.0;0;0
409.351;-30.0;50.0;1.9806882891804904;24.2991452991453;24.461538461538463;25.0;25.0;0;0
409.453;-30.0;50.0;1.9806882891804904;24.2991452991453;24.461538461538463;25.0;25.0;0;0
409.56;-30.0;50.0;1.9806882891804904;24.2991452991453;24.461538461538463;25.0;25.0;0;0
409.677;-30.0;50.0;1.9806882891804904;24.2991452991453;24.461538461538463;25.0;25.0;0;0
409.781;-30.0;50.0;1.9806882891804904;24.2991452991453;24.461538461538463;25.0;25.0;0;0
409.894;-30.0;50.0;1.9806882891804904;24.2991452991453;24.461538461538463;25.0;25.0;0;0
410.003;-30.0;50.0;1.9806882891804904;24.2991452991453;24.512820512820515;25.0;25.0;0;0
410.116;-30.0;50.0;1.9806882891804904;24.2991452991453;24.512820512820515;25.0;25.0;0;0
410.231;-30.0;50.0;1.9806882891804904;24.2991452991453;24.512820512820515;25.0;25.0;0;0
410.338;-30.0;50.0;1.9806882891804904;24.2991452991453;24.512820512820515;25.0;25.0;0;0
410.439;-30.0;50.0;1.9806882891804904;24.2991452991453;24.512820512820515;25.0;25.0;0;0
410.541;-30.0;50.0;1.9806882891804904;24.2991452991453;24.512820512820515;25.0;25.0;0;0
410.659;-30.0;50.0;1.9806882891804904;24.2991452991453;24.512820512820515;25.0;25.0;0;0
410.763;-30.0;50.0;1.9806882891804904;24.2991452991453;24.512820512820515;25.0;25.0;0;0
410.876;-30.0;50.0;1.9806882891804904;24.2991452991453;24.512820512820515;25.0;25.0;0;0
410.988;-30.0;50.0;1.9806882891804904;24.2991452991453;24.461538461538463;25.0;25.0;0;0
411.099;-30.0;50.0;1.9806882891804904;24.2991452991453;24.461538461538463;25.0;25.0;0;0
411.205;-30.0;50.0;1.9806882891804904;24.2991452991453;24.461538461538463;25.0;25.0;0;0
411.319;-30.0;50.0;1.9806882891804904;24.2991452991453;24.461538461538463;25.0;25.0;0;0
411.431;-30.0;50.0;1.9806882891804904;24.2991452991453;24.461538461538463;25.0;25.0;0;0
411.532;-30.0;50.0;1.9806882891804904;24.2991452991453;24.461538461538463;25.0;25.0;0;0
411.636;-30.0;50.0;1.9806882891804904;24.2991452991453;24.461538461538463;25.0;25.0;0;0
411.746;-30.0;50.0;1.9806882891804904;24.2991452991453;24.461538461538463;25.0;25.0;0;0
411.857;-30.0;50.0;1.9806882891804904;24.2991452991453;24.461538461538463;25.0;25.0;0;0
411.959;-30.0;50.0;1.9806882891804904;24.2991452991453;24.461538461538463;25.0;25.0;0;0
412.095;-30.0;50.0;1.9806882891804904;24.2991452991453;24.461538461538463;25.0;25.0;0;0
412.196;-30.0;50.0;1.9806882891804904;24.2991452991453;24.461538461538463;25.0;25.0;0;0
412.312;-30.0;50.0;1.9806882891804904;24.2991452991453;24.461538461538463;25.0;25.0;0;0
412.416;-30.0;50.0;1.9806882891804904;24.2991452991453;24.461538461538463;25.0;25.0;0;0
412.53;-30.0;50.0;1.9806882891804904;24.2991452991453;24.461538461538463;25.0;25.0;0;0
412.639;-30.0;50.0;1.9806882891804904;24.2991452991453;24.461538461538463;25.0;25.0;0;0
412.743;-30.0;50.0;1.9806882891804904;24.2991452991453;24.461538461538463;25.0;25.0;0;0
412.846;-30.0;50.0;1.9806882891804904;24.2991452991453;24.512820512820515;25.0;25.0;0;0
412.949;-30.0;50.0;1.9806882891804904;24.2991452991453;24.512820512820515;25.0;25.0;0;0
413.063;-30.0;50.0;1.9806882891804904;24.2991452991453;24.512820512820515;25.0;25.0;0;0
413.174;-30.0;50.0;1.9806882891804904;24.2991452991453;24.512820512820515;25.0;25.0;0;0
413.281;-30.0;50.0;1.9806882891804904;24.2991452991453;24.512820512820515;25.0;25.0;0;0
413.393;-30.0;50.0;1.9806882891804904;24.2991452991453;24.512820512820515;25.0;25.0;0;0
413.502;-30.0;50.0;1.9806882891804904;24.2991452991453;24.512820512820515;25.0;25.0;0;0
413.615;-30.0;50.0;1.9806882891804904;24.2991452991453;24.512820512820515;25.0;25.0;0;0
413.723;-30.0;50.0;1.9806882891804904;24.2991452991453;24.512820512820515;25.0;25.0;0;0
413.835;-30.0;50.0;1.9806882891804904;24.2991452991453;24.512820512820515;25.0;25.0;0;0
413.943;-30.0;50.0;1.9806882891804904;24.2991452991453;24.461538461538463;25.0;25.0;0;0
414.044;-30.0;50.0;1.9806882891804904;24.2991452991453;24.461538461538463;25.0;25.0;0;0
414.147;-30.0;50.0;1.9806882891804904;24.2991452991453;24.461538461538463;25.0;25.0;0;0
414.247;-30.0;50.0;1.9806882891804904;24.2991452991453;24.461538461538463;25.0;25.0;0;0
414.355;-30.0;50.0;1.9806882891804904;24.2991452991453;24.461538461538463;25.0;25.0;0;0
414.462;-30.0;50.0;1.9806882891804904;24.2991452991453;24.461538461538463;25.0;25.0;0;0
414.563;-30.0;50.0;1.9806882891804904;24.2991452991453;24.461538461538463;25.0;25.0;0;0
414.663;-30.0;50.0;1.9806882891804904;24.2991452991453;24.461538461538463;25.0;25.0;0;0
414.764;-30.0;50.0;1.9806882891804904;24.2991452991453;24.461538461538463;25.0;25.0;0;0
414.866;-30.0;50.0;1.9806882891804904;24.2991452991453;24.461538461538463;25.0;25.0;0;0
414.969;-30.0;50.0;1.9806882891804904;24.2991452991453;24.461538461538463;25.0;25.0;0;0
415.07;-30.0;50.0;1.9806882891804904;24.2991452991453;24.461538461538463;25.0;25.0;0;0
415.17;-30.0;50.0;1.9806882891804904;24.2991452991453;24.461538461538463;25.0;25.0;0;0
415.284;-30.0;50.0;1.9806882891804904;24.2991452991453;24.461538461538463;25.0;25.0;0;0
415.393;-30.0;50.0;1.9806882891804904;24.2991452991453;24.461538461538463;25.0;25.0;0;0
415.494;-30.0;50.0;1.9806882891804904;24.2991452991453;24.461538461538463;25.0;25.0;0;0
415.618;-30.0;50.0;1.9806882891804904;24.2991452991453;24.461538461538463;25.0;25.0;0;0
415.719;-30.0;50.0;1.9806882891804904;24.2991452991453;24.461538461538463;25.0;25.0;0;0
415.826;-30.0;50.0;1.9806882891804904;24.2991452991453;24.461538461538463;25.0;25.0;0;0
415.926;-30.0;50.0;1.9806882891804904;24.2991452991453;24.461538461538463;25.0;25.0;0;0
416.032;-30.0;50.0;1.9806882891804904;24.2991452991453;24.461538461538463;25.0;25.0;0;0
416.134;-30.0;50.0;1.9806882891804904;24.2991452991453;24.461538461538463;25.0;25.0;0;0
416.234;-30.0;50.0;1.9806882891804904;24.2991452991453;24.461538461538463;25.0;25.0;0;0
416.335;-30.0;50.0;1.9806882891804904;24.2991452991453;24.461538461538463;25.0;25.0;0;0
416.438;-30.0;50.0;1.9806882891804904;24.2991452991453;24.461538461538463;25.0;25.0;0;0
416.538;-30.0;50.0;1.9806882891804904;24.2991452991453;24.461538461538463;25.0;25.0;0;0
416.638;-30.0;50.0;1.9806882891804904;24.2991452991453;24.461538461538463;25.0;25.0;0;0
416.739;-30.0;50.0;1.9806882891804904;24.2991452991453;24.461538461538463;25.0;25.0;0;0
416.839;-30.0;50.0;1.9806882891804904;24.2991452991453;24.461538461538463;25.0;25.0;0;0
416.944;-30.0;50.0;1.9806882891804904;24.2991452991453;24.461538461538463;25.0;25.0;0;0
417.044;-30.0;50.0;1.9806882891804904;24.2991452991453;24.461538461538463;25.0;25.0;0;0
417.145;-30.0;50.0;1.9806882891804904;24.2991452991453;24.461538461538463;25.0;25.0;0;0
417.255;-30.0;50.0;1.9806882891804904;24.2991452991453;24.461538461538463;25.0;25.0;0;0
417.356;-30.0;50.0;1.9806882891804904;24.2991452991453;24.461538461538463;25.0;25.0;0;0
417.463;-30.0;50.0;1.9806882891804904;24.2991452991453;24.461538461538463;25.0;25.0;0;0
417.568;-30.0;50.0;1.9806882891804904;24.2991452991453;24.461538461538463;25.0;25.0;0;0
417.68;-30.0;50.0;1.9806882891804904;24.2991452991453;24.461538461538463;25.0;25.0;0;0
417.792;-30.0;50.0;1.9806882891804904;24.2991452991453;24.461538461538463;25.0;25.0;0;0
417.907;-30.0;50.0;1.9806882891804904;24.2991452991453;24.461538461538463;25.0;25.0;0;0
418.017;-30.0;50.0;1.9806882891804904;24.2991452991453;24.461538461538463;25.0;25.0;0;0
418.128;-30.0;50.0;1.9806882891804904;24.2991452991453;24.461538461538463;25.0;25.0;0;0
418.24;-30.0;50.0;1.9806882891804904;24.2991452991453;24.461538461538463;25.0;25.0;0;0
418.352;-30.0;50.0;1.9806882891804904;24.2991452991453;24.461538461538463;25.0;25.0;0;0
418.464;-30.0;50.0;1.9806882891804904;24.2991452991453;24.461538461538463;25.0;25.0;0;0
418.575;-30.0;50.0;1.9806882891804904;24.2991452991453;24.461538461538463;25.0;25.0;0;0
418.69;-30.0;50.0;1.9806882891804904;24.2991452991453;24.461538461538463;25.0;25.0;0;0
418.797;-30.0;50.0;1.9806882891804904;24.2991452991453;24.461538461538463;25.0;25.0;0;0
418.907;-30.0;50.0;1.9806882891804904;24.2991452991453;24.461538461538463;25.0;25.0;0;0
419.017;-30.0;50.0;1.9806882891804904;24.2991452991453;24.461538461538463;25.0;25.0;0;0
419.13;-30.0;50.0;1.9806882891804904;24.2991452991453;24.461538461538463;25.0;25.0;0;0
419.24;-30.0;50.0;1.9806882891804904;24.2991452991453;24.461538461538463;25.0;25.0;0;0
419.352;-30.0;50.0;1.9806882891804904;24.2991452991453;24.461538461538463;25.0;25.0;0;0
419.462;-30.0;50.0;1.9806882891804904;24.2991452991453;24.461538461538463;25.0;25.0;0;0
419.564;-30.0;50.0;1.9806882891804904;24.2991452991453;24.461538461538463;25.0;25.0;0;0
419.67;-30.0;50.0;1.9806882891804904;24.2991452991453;24.461538461538463;25.0;25.0;0;0
419.783;-30.0;50.0;1.9806882891804904;24.2991452991453;24.461538461538463;25.0;25.0;0;0
419.888;-30.0;50.0;1.9806882891804904;24.2991452991453;24.461538461538463;25.0;25.0;0;0
420.003;-30.0;50.0;1.9806882891804904;24.2991452991453;24.461538461538463;25.0;25.0;0;0
420.111;-30.0;50.0;1.9806882891804904;24.2991452991453;24.461538461538463;25.0;25.0;0;0
420.225;-30.0;50.0;1.9806882891804904;24.2991452991453;24.461538461538463;25.0;25.0;0;0
420.331;-30.0;50.0;1.9806882891804904;24.2991452991453;24.461538461538463;25.0;25.0;0;0
420.433;-30.0;50.0;1.9806882891804904;24.2991452991453;24.461538461538463;25.0;25.0;0;0
420.534;-30.0;50.0;1.9806882891804904;24.2991452991453;24.461538461538463;25.0;25.0;0;0
420.634;-30.0;50.0;1.9806882891804904;24.2991452991453;24.461538461538463;25.0;25.0;0;0
420.734;-30.0;50.0;1.9806882891804904;24.2991452991453;24.461538461538463;25.0;25.0;0;0
420.835;-30.0;50.0;1.9806882891804904;24.2991452991453;24.461538461538463;25.0;25.0;0;0
420.935;-30.0;50.0;1.9806882891804904;24.2991452991453;24.461538461538463;25.0;25.0;0;0
421.036;-30.0;50.0;1.9806882891804904;24.2991452991453;24.461538461538463;25.0;25.0;0;0
421.136;-30.0;50.0;1.9806882891804904;24.2991452991453;24.461538461538463;25.0;25.0;0;0
421.238;-30.0;50.0;1.9806882891804904;24.2991452991453;24.461538461538463;25.0;25.0;0;0
421.342;-30.0;50.0;1.9806882891804904;24.2991452991453;24.461538461538463;25.0;25.0;0;0
421.444;-30.0;50.0;1.9806882891804904;24.2991452991453;24.461538461538463;25.0;25.0;0;0
421.555;-30.0;50.0;1.9806882891804904;24.2991452991453;24.461538461538463;25.0;25.0;0;0
421.667;-30.0;50.0;1.9806882891804904;24.2991452991453;24.461538461538463;25.0;25.0;0;0
421.767;-30.0;50.0;1.9806882891804904;24.2991452991453;24.461538461538463;25.0;25.0;0;0
421.872;-30.0;50.0;1.9806882891804904;24.2991452991453;24.461538461538463;25.0;25.0;0;0
421.982;-30.0;50.0;1.9806882891804904;24.2991452991453;24.461538461538463;25.0;25.0;0;0
422.094;-30.0;50.0;1.9806882891804904;24.2991452991453;24.461538461538463;25.0;25.0;0;0
422.204;-30.0;50.0;1.9806882891804904;24.2991452991453;24.461538461538463;25.0;25.0;0;0
422.318;-30.0;50.0;1.9806882891804904;24.2991452991453;24.461538461538463;25.0;25.0;0;0
422.427;-30.0;50.0;1.9806882891804904;24.2991452991453;24.461538461538463;25.0;25.0;0;0
422.538;-30.0;50.0;1.9806882891804904;24.2991452991453;24.461538461538463;25.0;25.0;0;0
422.647;-30.0;50.0;1.9806882891804904;24.2991452991453;24.461538461538463;25.0;25.0;0;0
422.748;-30.0;50.0;1.9806882891804904;24.2991452991453;24.461538461538463;25.0;25.0;0;0
422.855;-30.0;50.0;1.9806882891804904;24.2991452991453;24.461538461538463;25.0;25.0;0;0
422.956;-30.0;50.0;1.9806882891804904;24.2991452991453;24.461538461538463;25.0;25.0;0;0
423.076;-30.0;50.0;1.9806882891804904;24.2991452991453;24.461538461538463;25.0;25.0;0;0
423.189;-30.0;50.0;1.9806882891804904;24.2991452991453;24.461538461538463;25.0;25.0;0;0
423.3;-30.0;50.0;1.9806882891804904;24.2991452991453;24.461538461538463;25.0;25.0;0;0
423.413;-30.0;50.0;1.9806882891804904;24.2991452991453;24.461538461538463;25.0;25.0;0;0
423.523;-30.0;50.0;1.9806882891804904;24.2991452991453;24.461538461538463;25.0;25.0;0;0
423.625;-30.0;50.0;1.9806882891804904;24.2991452991453;24.461538461538463;25.0;25.0;0;0
423.734;-30.0;50.0;1.9806882891804904;24.2991452991453;24.461538461538463;25.0;25.0;0;0
423.846;-30.0;50.0;1.9806882891804904;24.2991452991453;24.461538461538463;25.0;25.0;0;0
423.953;-30.0;50.0;1.9806882891804904;24.2991452991453;24.461538461538463;25.0;25.0;0;0
424.056;-30.0;50.0;1.9806882891804904;24.24786324786325;24.461538461538463;25.0;25.0;0;0
424.161;-30.0;50.0;1.9806882891804904;24.24786324786325;24.461538461538463;25.0;25.0;0;0
424.261;-30.0;50.0;1.9806882891804904;24.24786324786325;24.461538461538463;25.0;25.0;0;0
424.367;-30.0;50.0;1.9806882891804904;24.24786324786325;24.461538461538463;25.0;25.0;0;0
424.468;-30.0;50.0;1.9806882891804904;24.24786324786325;24.461538461538463;25.0;25.0;0;0
424.568;-30.0;50.0;1.9806882891804904;24.24786324786325;24.461538461538463;25.0;25.0;0;0
424.669;-30.0;50.0;1.9806882891804904;24.24786324786325;24.461538461538463;25.0;25.0;0;0
424.769;-30.0;50.0;1.9806882891804904;24.24786324786325;24.461538461538463;25.0;25.0;0;0
424.87;-30.0;50.0;1.9806882891804904;24.24786324786325;24.461538461538463;25.0;25.0;0;0
424.971;-30.0;50.0;1.9806882891804904;24.24786324786325;24.461538461538463;25.0;25.0;0;0
425.072;-30.0;50.0;1.9806882891804904;24.24786324786325;24.461538461538463;25.0;25.0;0;0
425.173;-30.0;50.0;1.9806882891804904;24.24786324786325;24.461538461538463;25.0;25.0;0;0
425.274;-30.0;50.0;1.9806882891804904;24.24786324786325;24.461538461538463;25.0;25.0;0;0
425.384;-30.0;50.0;1.9806882891804904;24.24786324786325;24.461538461538463;25.0;25.0;0;0
425.486;-30.0;50.0;1.9806882891804904;24.24786324786325;24.461538461538463;25.0;25.0;0;0
425.595;-30.0;50.0;1.9806882891804904;24.24786324786325;24.461538461538463;25.0;25.0;0;0
425.702;-30.0;50.0;1.9806882891804904;24.24786324786325;24.461538461538463;25.0;25.0;0;0
425.82;-30.0;50.0;1.9806882891804904;24.24786324786325;24.461538461538463;25.0;25.0;0;0
425.927;-30.0;50.0;1.9806882891804904;24.24786324786325;24.461538461538463;25.0;25.0;0;0
426.043;-30.0;50.0;1.9806882891804904;24.2991452991453;24.461538461538463;25.0;25.0;0;0
426.15;-30.0;50.0;1.9806882891804904;24.2991452991453;24.461538461538463;25.0;25.0;0;0
426.251;-30.0;50.0;1.9806882891804904;24.2991452991453;24.461538461538463;25.0;25.0;0;0
426.356;-30.0;50.0;1.9806882891804904;24.2991452991453;24.461538461538463;25.0;25.0;0;0
426.469;-30.0;50.0;1.9806882891804904;24.2991452991453;24.461538461538463;25.0;25.0;0;0
426.578;-30.0;50.0;1.9806882891804904;24.2991452991453;24.461538461538463;25.0;25.0;0;0
426.696;-30.0;50.0;1.9806882891804904;24.2991452991453;24.461538461538463;25.0;25.0;0;0
426.806;-30.0;50.0;1.9806882891804904;24.2991452991453;24.461538461538463;25.0;25.0;0;0
426.912;-30.0;50.0;1.9806882891804904;24.2991452991453;24.461538461538463;25.0;25.0;0;0
427.028;-30.0;50.0;1.9806882891804904;24.2991452991453;24.461538461538463;25.0;25.0;0;0
427.134;-30.0;50.0;1.9806882891804904;24.2991452991453;24.461538461538463;25.0;25.0;0;0
427.242;-30.0;50.0;1.9806882891804904;24.2991452991453;24.461538461538463;25.0;25.0;0;0
427.344;-30.0;50.0;1.9806882891804904;24.2991452991453;24.461538461538463;25.0;25.0;0;0
427.448;-30.0;50.0;1.9806882891804904;24.2991452991453;24.461538461538463;25.0;25.0;0;0
427.564;-30.0;50.0;1.9806882891804904;24.2991452991453;24.461538461538463;25.0;25.0;0;0
427.68;-30.0;50.0;1.9806882891804904;24.2991452991453;24.461538461538463;25.0;25.0;0;0
427.782;-30.0;50.0;1.9806882891804904;24.2991452991453;24.461538461538463;25.0;25.0;0;0
427.891;-30.0;50.0;1.9806882891804904;24.2991452991453;24.461538461538463;25.0;25.0;0;0
428.004;-30.0;50.0;1.9806882891804904;24.2991452991453;24.461538461538463;25.0;25.0;0;0
428.116;-30.0;50.0;1.9806882891804904;24.2991452991453;24.461538461538463;25.0;25.0;0;0
428.228;-30.0;50.0;1.9806882891804904;24.2991452991453;24.461538461538463;25.0;25.0;0;0
428.338;-30.0;50.0;1.9806882891804904;24.2991452991453;24.461538461538463;25.0;25.0;0;0
428.449;-30.0;50.0;1.9806882891804904;24.2991452991453;24.461538461538463;25.0;25.0;0;0
428.558;-30.0;50.0;1.9806882891804904;24.2991452991453;24.461538461538463;25.0;25.0;0;0
428.66;-30.0;50.0;1.9806882891804904;24.2991452991453;24.461538461538463;25.0;25.0;0;0
428.761;-30.0;50.0;1.9806882891804904;24.2991452991453;24.461538461538463;25.0;25.0;0;0
428.873;-30.0;50.0;1.9806882891804904;24.2991452991453;24.461538461538463;25.0;25.0;0;0
428.983;-30.0;50.0;1.9806882891804904;24.2991452991453;24.461538461538463;25.0;25.0;0;0
429.094;-30.0;50.0;1.9806882891804904;24.2991452991453;24.461538461538463;25.0;25.0;0;0
429.2;-30.0;50.0;1.9806882891804904;24.2991452991453;24.461538461538463;25.0;25.0;0;0
429.302;-30.0;50.0;1.9806882891804904;24.2991452991453;24.461538461538463;25.0;25.0;0;0
429.423;-30.0;50.0;1.9806882891804904;24.2991452991453;24.461538461538463;25.0;25.0;0;0
429.533;-30.0;50.0;1.9806882891804904;24.2991452991453;24.461538461538463;25.0;25.0;0;0
429.643;-30.0;50.0;1.9806882891804904;24.2991452991453;24.461538461538463;25.0;25.0;0;0
429.755;-30.0;50.0;1.9806882891804904;24.2991452991453;24.461538461538463;25.0;25.0;0;0
429.865;-30.0;50.0;1.9806882891804904;24.2991452991453;24.461538461538463;25.0;25.0;0;0
429.977;-30.0;50.0;1.9806882891804904;24.2991452991453;24.461538461538463;25.0;25.0;0;0
430.089;-30.0;50.0;1.9806882891804904;24.2991452991453;24.512820512820515;25.0;25.0;0;0
430.19;-30.0;50.0;1.9806882891804904;24.2991452991453;24.512820512820515;25.0;25.0;0;0
430.294;-30.0;50.0;1.9806882891804904;24.2991452991453;24.512820512820515;25.0;25.0;0;0
430.394;-30.0;50.0;1.9806882891804904;24.2991452991453;24.512820512820515;25.0;25.0;0;0
430.498;-30.0;50.0;1.9806882891804904;24.2991452991453;24.512820512820515;25.0;25.0;0;0
430.598;-30.0;50.0;1.9806882891804904;24.2991452991453;24.512820512820515;25.0;25.0;0;0
430.698;-30.0;50.0;1.9806882891804904;24.2991452991453;24.512820512820515;25.0;25.0;0;0
430.799;-30.0;50.0;1.9806882891804904;24.2991452991453;24.512820512820515;25.0;25.0;0;0
430.9;-30.0;50.0;1.9806882891804904;24.2991452991453;24.512820512820515;25.0;25.0;0;0
431.0;-30.0;50.0;1.9806882891804904;24.2991452991453;24.461538461538463;25.0;25.0;0;0
431.105;-30.0;50.0;1.9806882891804904;24.2991452991453;24.461538461538463;25.0;25.0;0;0
431.21;-30.0;50.0;1.9806882891804904;24.2991452991453;24.461538461538463;25.0;25.0;0;0
431.311;-30.0;50.0;1.9806882891804904;24.2991452991453;24.461538461538463;25.0;25.0;0;0
431.414;-30.0;50.0;1.9806882891804904;24.2991452991453;24.461538461538463;25.0;25.0;0;0
431.519;-30.0;50.0;1.9806882891804904;24.2991452991453;24.461538461538463;25.0;25.0;0;0
431.63;-30.0;50.0;1.9806882891804904;24.2991452991453;24.461538461538463;25.0;25.0;0;0
431.733;-30.0;50.0;1.9806882891804904;24.2991452991453;24.461538461538463;25.0;25.0;0;0
431.834;-30.0;50.0;1.9806882891804904;24.2991452991453;24.461538461538463;25.0;25.0;0;0
431.943;-30.0;50.0;1.9806882891804904;24.2991452991453;24.461538461538463;25.0;25.0;0;0
432.054;-30.0;50.0;1.9806882891804904;24.24786324786325;24.461538461538463;25.0;25.0;0;0
432.17;-30.0;50.0;1.9806882891804904;24.24786324786325;24.461538461538463;25.0;25.0;0;0
432.271;-30.0;50.0;1.9806882891804904;24.24786324786325;24.461538461538463;25.0;25.0;0;0
432.376;-30.0;50.0;1.9806882891804904;24.24786324786325;24.461538461538463;25.0;25.0;0;0
432.482;-30.0;50.0;1.9806882891804904;24.24786324786325;24.461538461538463;25.0;25.0;0;0
432.582;-30.0;50.0;1.9806882891804904;24.24786324786325;24.461538461538463;25.0;25.0;0;0
432.687;-30.0;50.0;1.9806882891804904;24.24786324786325;24.461538461538463;25.0;25.0;0;0
432.787;-30.0;50.0;1.9806882891804904;24.24786324786325;24.461538461538463;25.0;25.0;0;0
432.887;-30.0;50.0;1.9806882891804904;24.24786324786325;24.461538461538463;25.0;25.0;0;0
432.988;-30.0;50.0;1.9806882891804904;24.2991452991453;24.461538461538463;25.0;25.0;0;0
433.088;-30.0;50.0;1.9806882891804904;24.2991452991453;24.461538461538463;25.0;25.0;0;0
433.189;-30.0;50.0;1.9806882891804904;24.2991452991453;24.461538461538463;25.0;25.0;0;0
433.29;-30.0;50.0;1.9806882891804904;24.2991452991453;24.461538461538463;25.0;25.0;0;0
433.392;-30.0;50.0;1.9806882891804904;24.2991452991453;24.461538461538463;25.0;25.0;0;0
433.493;-30.0;50.0;1.9806882891804904;24.2991452991453;24.461538461538463;25.0;25.0;0;0
433.601;-30.0;50.0;1.9806882891804904;24.2991452991453;24.461538461538463;25.0;25.0;0;0
433.702;-30.0;50.0;1.9806882891804904;24.2991452991453;24.461538461538463;25.0;25.0;0;0
433.804;-30.0;50.0;1.9806882891804904;24.2991452991453;24.461538461538463;25.0;25.0;0;0
433.913;-30.0;50.0;1.9806882891804904;24.2991452991453;24.461538461538463;25.0;25.0;0;0
434.014;-30.0;50.0;1.9806882891804904;24.2991452991453;24.461538461538463;25.0;25.0;0;0
434.121;-30.0;50.0;1.9806882891804904;24.2991452991453;24.461538461538463;25.0;25.0;0;0
434.231;-30.0;50.0;1.9806882891804904;24.2991452991453;24.461538461538463;25.0;25.0;0;0
434.345;-30.0;50.0;1.9806882891804904;24.2991452991453;24.461538461538463;25.0;25.0;0;0
434.452;-30.0;50.0;1.9806882891804904;24.2991452991453;24.461538461538463;25.0;25.0;0;0
434.571;-30.0;50.0;1.9806882891804904;24.2991452991453;24.461538461538463;25.0;25.0;0;0
434.676;-30.0;50.0;1.9806882891804904;24.2991452991453;24.461538461538463;25.0;25.0;0;0
434.789;-30.0;50.0;1.9806882891804904;24.2991452991453;24.461538461538463;25.0;25.0;0;0
434.898;-30.0;50.0;1.9806882891804904;24.2991452991453;24.461538461538463;25.0;25.0;0;0
435.008;-30.0;50.0;1.9806882891804904;24.24786324786325;24.461538461538463;25.0;25.0;0;0
435.108;-30.0;50.0;1.9806882891804904;24.24786324786325;24.461538461538463;25.0;25.0;0;0
435.22;-30.0;50.0;1.9806882891804904;24.24786324786325;24.461538461538463;25.0;25.0;0;0
435.322;-30.0;50.0;1.9806882891804904;24.24786324786325;24.461538461538463;25.0;25.0;0;0
435.442;-30.0;50.0;1.9806882891804904;24.24786324786325;24.461538461538463;25.0;25.0;0;0
435.551;-30.0;50.0;1.9806882891804904;24.24786324786325;24.461538461538463;25.0;25.0;0;0
435.663;-30.0;50.0;1.9806882891804904;24.24786324786325;24.461538461538463;25.0;25.0;0;0
435.773;-30.0;50.0;1.9806882891804904;24.24786324786325;24.461538461538463;25.0;25.0;0;0
435.877;-30.0;50.0;1.9806882891804904;24.24786324786325;24.461538461538463;25.0;25.0;0;0
435.99;-30.0;50.0;1.9806882891804904;24.24786324786325;24.461538461538463;25.0;25.0;0;0
436.103;-30.0;50.0;1.9806882891804904;24.2991452991453;24.461538461538463;25.0;25.0;0;0
436.207;-30.0;50.0;1.9806882891804904;24.2991452991453;24.461538461538463;25.0;25.0;0;0
436.314;-30.0;50.0;1.9806882891804904;24.2991452991453;24.461538461538463;25.0;25.0;0;0
436.42;-30.0;50.0;1.9806882891804904;24.2991452991453;24.461538461538463;25.0;25.0;0;0
436.531;-30.0;50.0;1.9806882891804904;24.2991452991453;24.461538461538463;25.0;25.0;0;0
436.642;-30.0;50.0;1.9806882891804904;24.2991452991453;24.461538461538463;25.0;25.0;0;0
436.753;-30.0;50.0;1.9806882891804904;24.2991452991453;24.461538461538463;25.0;25.0;0;0
436.865;-30.0;50.0;1.9806882891804904;24.2991452991453;24.461538461538463;25.0;25.0;0;0
436.978;-30.0;50.0;1.9806882891804904;24.2991452991453;24.461538461538463;25.0;25.0;0;0
437.088;-30.0;50.0;1.9806882891804904;24.2991452991453;24.461538461538463;25.0;25.0;0;0
437.192;-30.0;50.0;1.9806882891804904;24.2991452991453;24.461538461538463;25.0;25.0;0;0
437.293;-30.0;50.0;1.9806882891804904;24.2991452991453;24.461538461538463;25.0;25.0;0;0
437.411;-30.0;50.0;1.9806882891804904;24.2991452991453;24.461538461538463;25.0;25.0;0;0
437.516;-30.0;50.0;1.9806882891804904;24.2991452991453;24.461538461538463;25.0;25.0;0;0
437.632;-29.86;50.0;1.9806882891804904;24.2991452991453;24.461538461538463;25.0;25.0;0;0
437.735;-29.34625;50.0;1.9806882891804904;24.2991452991453;24.461538461538463;25.0;25.0;0;0
437.853;-28.835;50.0;1.9806882891804904;24.2991452991453;24.461538461538463;25.0;25.0;0;0
437.958;-28.33;50.0;1.9806882891804904;24.2991452991453;24.461538461538463;25.0;25.0;0;0
438.062;-27.56375;50.0;1.9806882891804904;24.24786324786325;24.461538461538463;25.0;25.0;0;0
438.166;-27.05375;50.0;1.9806882891804904;24.24786324786325;24.461538461538463;25.0;25.0;0;0
438.284;-26.5375;50.0;1.9806882891804904;24.24786324786325;24.461538461538463;25.0;25.0;0;0
438.405;-26.02125;50.0;1.9806882891804904;24.24786324786325;24.461538461538463;25.0;25.0;0;0
438.518;-25.51125;50.0;1.9806882891804904;24.24786324786325;24.461538461538463;25.0;25.0;0;0
438.619;-24.99375;50.0;1.9806882891804904;24.24786324786325;24.461538461538463;25.0;25.0;0;0
438.726;-24.2275;50.0;1.9806882891804904;24.24786324786325;24.461538461538463;25.0;25.0;0;0
438.834;-23.7125;50.0;1.9806882891804904;24.24786324786325;24.461538461538463;25.0;25.0;0;0
438.946;-23.1975;50.0;1.9806882891804904;24.24786324786325;24.461538461538463;25.0;25.0;0;0
439.048;-22.43125;50.0;1.9806882891804904;24.2991452991453;24.461538461538463;25.0;25.0;0;0
439.157;-22.17375;50.0;1.9806882891804904;24.2991452991453;24.461538461538463;25.0;25.0;0;0
439.263;-21.65875;50.0;1.9806882891804904;24.2991452991453;24.461538461538463;25.0;25.0;0;0
439.377;-20.89125;50.0;1.9806882891804904;24.2991452991453;24.461538461538463;25.0;25.0;0;0
439.485;-20.375;50.0;1.9806882891804904;24.2991452991453;24.461538461538463;25.0;25.0;0;0
439.607;-19.86;50.0;1.9806882891804904;24.2991452991453;24.461538461538463;25.0;25.0;0;0
439.71;-19.3525;50.0;1.9806882891804904;24.2991452991453;24.461538461538463;25.0;25.0;0;0
439.825;-18.83875;50.0;1.9806882891804904;24.2991452991453;24.461538461538463;25.0;25.0;0;0
439.937;-18.06875;50.0;1.9806882891804904;24.2991452991453;24.461538461538463;25.0;25.0;0;0
440.048;-17.55625;50.0;1.9806882891804904;24.2991452991453;24.461538461538463;25.0;25.0;0;0
440.159;-16.79;50.0;1.9806882891804904;24.2991452991453;24.461538461538463;25.0;25.0;0;0
440.274;-16.2775;50.0;1.9806882891804904;24.2991452991453;24.461538461538463;25.0;25.0;0;0
440.381;-15.76375;50.0;1.9806882891804904;24.2991452991453;24.461538461538463;25.0;25.0;0;0
440.481;-15.255;50.0;1.9806882891804904;24.2991452991453;24.461538461538463;25.0;25.0;0;0
440.583;-14.7425;50.0;1.9806882891804904;24.2991452991453;24.461538461538463;25.0;25.0;0;0
440.692;-14.22875;50.0;1.9806882891804904;24.2991452991453;24.461538461538463;25.0;25.0;0;0
440.801;-13.72;50.0;1.9806882891804904;24.2991452991453;24.461538461538463;25.0;25.0;0;0
440.917;-13.20625;50.0;1.9806882891804904;24.2991452991453;24.461538461538463;25.0;25.0;0;0
441.034;-12.6925;50.0;1.9806882891804904;24.24786324786325;24.461538461538463;25.0;25.0;0;0
441.137;-11.9275;50.0;1.9806882891804904;24.24786324786325;24.461538461538463;25.0;25.0;0;0
441.252;-11.4125;50.0;1.9806882891804904;24.24786324786325;24.461538461538463;25.0;25.0;0;0
441.363;-10.89875;50.0;1.9806882891804904;24.24786324786325;24.461538461538463;25.0;25.0;0;0
441.471;-10.385;50.0;1.9806882891804904;24.24786324786325;24.461538461538463;25.0;25.0;0;0
441.579;-9.615;50.0;1.9806882891804904;24.24786324786325;24.461538461538463;25.0;25.0;0;0
441.682;-9.1025;50.0;1.9806882891804904;24.24786324786325;24.461538461538463;25.0;25.0;0;0
441.787;-8.58375;50.0;1.9806882891804904;24.24786324786325;24.461538461538463;25.0;25.0;0;0
441.894;-8.065;50.0;1.9806882891804904;24.24786324786325;24.461538461538463;25.0;25.0;0;0
442.008;-7.55125;50.0;1.9806882891804904;24.24786324786325;24.461538461538463;25.0;25.0;0;0
442.116;-6.77375;50.0;1.9806882891804904;24.24786324786325;24.461538461538463;25.0;25.0;0;0
442.227;-6.26;50.0;1.9806882891804904;24.24786324786325;24.461538461538463;25.0;25.0;0;0
442.343;-5.74125;50.0;1.9806882891804904;24.24786324786325;24.461538461538463;25.0;25.0;0;0
442.454;-5.2225;50.0;1.9806882891804904;24.24786324786325;24.461538461538463;25.0;25.0;0;0
442.563;-4.44875;50.0;1.9806882891804904;24.24786324786325;24.461538461538463;25.0;25.0;0;0
442.673;-4.19;50.0;1.9806882891804904;24.24786324786325;24.461538461538463;25.0;25.0;0;0
442.783;-3.67;50.0;1.9806882891804904;24.24786324786325;24.461538461538463;25.0;25.0;0;0
442.896;-2.8975;50.0;1.9806882891804904;24.24786324786325;24.461538461538463;25.0;25.0;0;0
443.001;-2.38;50.0;1.9806882891804904;24.24786324786325;24.461538461538463;25.0;25.0;0;0
443.111;-1.87625;50.0;1.9806882891804904;24.24786324786325;24.461538461538463;25.0;25.0;0;0
443.224;-1.11125;50.0;1.9806882891804904;24.24786324786325;24.461538461538463;25.0;25.0;0;0
443.332;-0.8575;50.0;1.9806882891804904;24.24786324786325;24.461538461538463;25.0;25.0;0;0
443.44;-0.1025;50.0;1.9806882891804904;24.24786324786325;24.461538461538463;25.0;25.0;0;0
443.553;0.0;49.99875;1.9806882891804904;24.24786324786325;24.461538461538463;25.0;25.0;0;0
443.661;0.0;49.61625;1.9806882891804904;24.24786324786325;24.461538461538463;25.0;25.0;0;0
443.78;0.0;49.10875;1.9806882891804904;24.24786324786325;24.461538461538463;25.0;25.0;0;0
443.883;0.0;48.59875;1.9806882891804904;24.24786324786325;24.461538461538463;25.0;25.0;0;0
443.997;0.0;47.83625;1.9806882891804904;24.24786324786325;24.461538461538463;25.0;25.0;0;0
444.102;0.0;47.3225;1.9806882891804904;24.24786324786325;24.461538461538463;25.0;25.0;0;0
444.217;0.0;46.805;1.9806882891804904;24.24786324786325;24.461538461538463;25.0;25.0;0;0
444.328;0.0;46.28875;1.9806882891804904;24.24786324786325;24.461538461538463;25.0;25.0;0;0
444.43;0.0;45.5125;1.9806882891804904;24.24786324786325;24.461538461538463;25.0;25.0;0;0
444.536;0.0;45.25375;1.9806882891804904;24.24786324786325;24.461538461538463;25.0;25.0;0;0
444.64;0.0;44.485;1.9806882891804904;24.24786324786325;24.461538461538463;25.0;25.0;0;0
444.748;0.0;43.96875;1.9806882891804904;24.24786324786325;24.461538461538463;25.0;25.0;0;0
444.856;0.0;43.45875;1.9806882891804904;24.24786324786325;24.461538461538463;25.0;25.0;0;0
444.971;0.0;42.9425;1.9806882891804904;24.24786324786325;24.461538461538463;25.0;25.0;0;0
445.079;0.0;42.4275;1.9806882891804904;24.24786324786325;24.461538461538463;25.0;25.0;0;0
445.191;0.0;41.91625;1.9806882891804904;24.24786324786325;24.461538461538463;25.0;25.0;0;0
445.306;0.0;41.1425;1.9806882891804904;24.24786324786325;24.461538461538463;25.0;25.0;0;0
445.412;0.0;40.62625;1.9806882891804904;24.24786324786325;24.461538461538463;25.0;25.0;0;0
445.526;0.0;40.115;1.9806882891804904;24.24786324786325;24.461538461538463;25.0;25.0;0;0
445.632;0.0;39.6;1.9806882891804904;24.24786324786325;24.461538461538463;25.0;25.0;0;0
445.744;0.0;39.08625;1.9806882891804904;24.24786324786325;24.461538461538463;25.0;25.0;0;0
445.851;0.0;38.315;1.9806882891804904;24.24786324786325;24.461538461538463;25.0;25.0;0;0
445.965;0.0;37.8;1.9806882891804904;24.24786324786325;24.461538461538463;25.0;25.0;0;0
446.071;0.0;37.29125;1.9806882891804904;24.24786324786325;24.461538461538463;25.0;25.0;0;0
446.173;0.0;36.77625;1.9806882891804904;24.24786324786325;24.461538461538463;25.0;25.0;0;0
446.282;0.0;36.2625;1.9806882891804904;24.24786324786325;24.461538461538463;25.0;25.0;0;0
446.388;0.0;35.75375;1.9806882891804904;24.24786324786325;24.461538461538463;25.0;25.0;0;0
446.489;0.0;34.98125;1.9806882891804904;24.24786324786325;24.461538461538463;25.0;25.0;0;0
446.611;0.0;34.4725;1.9806882891804904;24.24786324786325;24.461538461538463;25.0;25.0;0;0
446.714;0.0;33.9575;1.9806882891804904;24.24786324786325;24.461538461538463;25.0;25.0;0;0
446.832;0.0;33.44375;1.9806882891804904;24.24786324786325;24.461538461538463;25.0;25.0;0;0
446.947;0.0;32.67625;1.9806882891804904;24.24786324786325;24.461538461538463;25.0;25.0;0;0
447.062;0.0;32.16125;1.9806882891804904;24.2991452991453;24.461538461538463;25.0;25.0;0;0
447.166;0.0;31.6525;1.9806882891804904;24.2991452991453;24.461538461538463;25.0;25.0;0;0
447.276;0.0;31.1375;1.9806882891804904;24.2991452991453;24.461538461538463;25.0;25.0;0;0
447.386;0.0;30.6225;1.9806882891804904;24.2991452991453;24.461538461538463;25.0;25.0;0;0
447.504;0.0;29.855;1.9806882891804904;24.2991452991453;24.461538461538463;25.0;25.0;0;0
447.611;0.0;29.33875;1.9806882891804904;24.2991452991453;24.461538461538463;25.0;25.0;0;0
447.726;0.0;28.82;1.9806882891804904;24.2991452991453;24.461538461538463;25.0;25.0;0;0
447.848;0.0;28.30625;1.9806882891804904;24.2991452991453;24.461538461538463;25.0;25.0;0;0
447.948;0.0;27.52625;1.9806882891804904;24.2991452991453;24.461538461538463;25.0;25.0;0;0
448.051;0.0;27.01125;1.9806882891804904;24.24786324786325;24.461538461538463;25.0;25.0;0;0
448.168;0.0;26.4925;1.9806882891804904;24.24786324786325;24.461538461538463;25.0;25.0;0;0
448.278;0.0;25.9725;1.9806882891804904;24.24786324786325;24.461538461538463;25.0;25.0;0;0
448.394;0.0;25.4575;1.9806882891804904;24.24786324786325;24.461538461538463;25.0;25.0;0;0
448.498;0.0;24.9375;1.9806882891804904;24.24786324786325;24.461538461538463;25.0;25.0;0;0
448.599;0.0;24.1575;1.9806882891804904;24.24786324786325;24.461538461538463;25.0;25.0;0;0
448.706;0.0;23.6375;1.9806882891804904;24.24786324786325;24.461538461538463;25.0;25.0;0;0
448.813;0.0;23.1175;1.9806882891804904;24.24786324786325;24.461538461538463;25.0;25.0;0;0
448.914;0.0;22.60375;1.9806882891804904;24.24786324786325;24.461538461538463;25.0;25.0;0;0
449.038;0.0;21.82375;1.9806882891804904;24.24786324786325;24.461538461538463;25.0;25.0;0;0
449.168;0.0;21.30375;1.9806882891804904;24.24786324786325;24.461538461538463;25.0;25.0;0;0
449.282;0.0;20.78875;1.9806882891804904;24.24786324786325;24.461538461538463;25.0;25.0;0;0
449.386;0.0;20.26875;1.9806882891804904;24.24786324786325;24.461538461538463;25.0;25.0;0;0
449.501;0.0;19.74875;1.9806882891804904;24.24786324786325;24.461538461538463;25.0;25.0;0;0
449.607;0.0;18.97375;1.9806882891804904;24.24786324786325;24.461538461538463;25.0;25.0;0;0
449.708;0.0;18.45375;1.9806882891804904;24.24786324786325;24.461538461538463;25.0;25.0;0;0
449.815;0.0;17.93875;1.9806882891804904;24.24786324786325;24.461538461538463;25.0;25.0;0;0
449.941;0.0;17.41875;1.9806882891804904;24.24786324786325;24.461538461538463;25.0;25.0;0;0
450.051;0.0;16.89875;1.9806882891804904;24.24786324786325;24.461538461538463;25.0;25.0;0;0
450.168;0.0;16.11875;1.9806882891804904;24.24786324786325;24.461538461538463;25.0;25.0;0;0
450.269;0.0;15.59875;1.9806882891804904;24.24786324786325;24.461538461538463;25.0;25.0;0;0
450.376;0.0;15.08375;1.9806882891804904;24.24786324786325;24.461538461538463;25.0;25.0;0;0
450.482;0.0;14.5625;1.9806882891804904;24.24786324786325;24.461538461538463;25.0;25.0;0;0
450.582;0.0;14.0425;1.9806882891804904;24.24786324786325;24.461538461538463;25.0;25.0;0;0
450.688;0.0;13.2675;1.9806882891804904;24.24786324786325;24.461538461538463;25.0;25.0;0;0
450.789;0.0;12.7475;1.9806882891804904;24.24786324786325;24.461538461538463;25.0;25.0;0;0
450.889;0.0;12.22625;1.9806882891804904;24.24786324786325;24.461538461538463;25.0;25.0;0;0
450.989;0.0;11.71125;1.9806882891804904;24.24786324786325;24.461538461538463;25.0;25.0;0;0
451.091;0.0;11.19125;1.9806882891804904;24.24786324786325;24.461538461538463;25.0;25.0;0;0
451.191;0.0;10.67;1.9806882891804904;24.24786324786325;24.461538461538463;25.0;25.0;0;0
451.293;0.0;10.155;1.9806882891804904;24.24786324786325;24.461538461538463;25.0;25.0;0;0
451.395;0.0;9.63;1.9806882891804904;24.24786324786325;24.461538461538463;25.0;25.0;0;0
451.498;0.0;9.11;1.9806882891804904;24.24786324786325;24.461538461538463;25.0;25.0;0;0
451.603;0.0;8.585;1.9806882891804904;24.24786324786325;24.461538461538463;25.0;25.0;0;0
451.706;0.0;8.06;1.9806882891804904;24.24786324786325;24.461538461538463;25.0;25.0;0;0
451.818;0.0;7.54125;1.9806882891804904;24.24786324786325;24.461538461538463;25.0;25.0;0;0
451.923;0.0;7.27875;1.9806882891804904;24.24786324786325;24.461538461538463;25.0;25.0;0;0
452.023;0.0;6.49125;1.9806882891804904;24.24786324786325;24.461538461538463;25.0;25.0;0;0
452.134;0.0;5.97125;1.9806882891804904;24.24786324786325;24.461538461538463;25.0;25.0;0;0
452.24;0.0;5.44625;1.9806882891804904;24.24786324786325;24.461538461538463;25.0;25.0;0;0
452.345;0.0;4.92125;1.9806882891804904;24.24786324786325;24.461538461538463;25.0;25.0;0;0
452.449;0.0;4.40125;1.9806882891804904;24.24786324786325;24.461538461538463;25.0;25.0;0;0
452.564;0.0;3.8775;1.9806882891804904;24.24786324786325;24.461538461538463;25.0;25.0;0;0
452.669;0.0;3.09;1.9806882891804904;24.24786324786325;24.461538461538463;25.0;25.0;0;0
452.785;0.0;2.57;1.9806882891804904;24.24786324786325;24.461538461538463;25.0;25.0;0;0
452.89;0.0;2.0575;1.9806882891804904;24.24786324786325;24.461538461538463;25.0;25.0;0;0
452.995;0.0;1.5475;1.9806882891804904;24.24786324786325;24.461538461538463;25.0;25.0;0;0
453.097;0.0;0.78125;1.9806882891804904;24.24786324786325;24.461538461538463;25.0;25.0;0;0
453.229;0.0;0.26875;1.9806882891804904;24.24786324786325;24.461538461538463;25.0;25.0;0;0
453.338;0.0;0.0;1.9806882891804904;24.24786324786325;24.461538461538463;25.0;25.0;0;0
453.444;0.0;0.0;1.8568952711067097;24.24786324786325;24.461538461538463;25.0;25.0;0;0
453.552;0.0;0.0;1.6712057439960388;24.24786324786325;24.461538461538463;25.0;25.0;0;0
453.669;0.0;0.0;1.4855162168853677;24.24786324786325;24.461538461538463;25.0;25.0;0;0
453.783;0.0;0.0;1.176033671700916;24.24786324786325;24.461538461538463;25.0;25.0;0;0
453.891;0.0;0.0;0.9903441445902452;24.24786324786325;24.461538461538463;25.0;25.0;0;0
453.993;0.0;0.0;0.6808615994057936;24.24786324786325;24.461538461538463;25.0;25.0;0;0
454.096;0.0;0.0;0.6189650903689032;24.2991452991453;24.461538461538463;25.0;25.0;0;0
454.206;0.0;0.0;0.37137905422134193;24.2991452991453;24.461538461538463;25.0;25.0;0;0
454.318;0.0;0.0;0.18568952711067097;24.2991452991453;24.461538461538463;25.0;25.0;0;0
454.428;0.0;0.0;0.0;24.2991452991453;24.461538461538463;25.0;25.0;0;0
454.54;0.0;0.0;0.0;24.2991452991453;24.461538461538463;25.0;25.0;0;0
454.652;0.0;0.0;0.0;24.2991452991453;24.461538461538463;25.0;25.0;0;0
454.753;0.0;0.0;0.0;24.2991452991453;24.461538461538463;25.0;25.0;0;0
454.86;0.0;0.0;0.0;24.2991452991453;24.461538461538463;25.0;25.0;0;0
454.976;0.0;0.0;0.0;24.2991452991453;24.461538461538463;25.0;25.0;0;0
455.079;0.0;0.0;0.0;24.24786324786325;24.461538461538463;25.0;25.0;0;0
455.195;0.0;0.0;0.0;24.24786324786325;24.461538461538463;25.0;25.0;0;0
455.3;0.0;0.0;0.0;24.24786324786325;24.461538461538463;25.0;25.0;0;0
455.413;0.0;0.0;0.0;24.24786324786325;24.461538461538463;25.0;25.0;0;0
455.522;0.0;0.0;0.0;24.24786324786325;24.461538461538463;25.0;25.0;0;0
455.623;0.0;0.0;0.0;24.24786324786325;24.461538461538463;25.0;25.0;0;0
455.727;0.0;0.0;0.0;24.24786324786325;24.461538461538463;25.0;25.0;0;0
455.844;0.0;0.0;0.0;24.24786324786325;24.461538461538463;25.0;25.0;0;0
455.958;0.0;0.0;0.0;24.24786324786325;24.461538461538463;25.0;25.0;0;0
456.065;0.0;0.0;0.0;24.24786324786325;24.410256410256412;25.0;25.0;0;0
456.173;0.0;0.0;0.0;24.24786324786325;24.410256410256412;25.0;25.0;0;0
456.285;0.0;0.0;0.0;24.24786324786325;24.410256410256412;25.0;25.0;0;0
456.396;0.0;0.0;0.0;24.24786324786325;24.410256410256412;25.0;25.0;0;0
456.508;0.0;0.0;0.0;24.24786324786325;24.410256410256412;25.0;25.0;0;0
456.609;0.0;0.0;0.0;24.24786324786325;24.410256410256412;25.0;25.0;0;0
456.711;0.0;0.0;0.0;24.24786324786325;24.410256410256412;25.0;25.0;0;0
456.819;0.0;0.0;0.0;24.24786324786325;24.410256410256412;25.0;25.0;0;0
456.931;0.0;0.0;0.0;24.24786324786325;24.410256410256412;25.0;25.0;0;0
457.045;0.0;0.0;0.0;24.24786324786325;24.410256410256412;25.0;25.0;0;0
457.16;0.0;0.0;0.0;24.24786324786325;24.461538461538463;25.0;25.0;0;0
457.285;0.0;0.0;0.0;24.24786324786325;24.461538461538463;25.0;25.0;0;0
457.387;0.0;0.0;0.0;24.24786324786325;24.461538461538463;25.0;25.0;0;0
457.49;0.0;0.0;0.0;24.24786324786325;24.461538461538463;25.0;25.0;0;0
457.601;0.0;0.0;0.0;24.24786324786325;24.461538461538463;25.0;25.0;0;0
457.711;0.0;0.0;0.0;24.24786324786325;24.461538461538463;25.0;25.0;0;0
457.82;0.0;0.0;0.0;24.24786324786325;24.461538461538463;25.0;25.0;0;0
457.929;0.0;0.0;0.0;24.24786324786325;24.461538461538463;25.0;25.0;0;0
458.036;0.0;0.0;0.0;24.24786324786325;24.461538461538463;25.0;25.0;0;0
458.147;0.0;0.0;0.0;24.24786324786325;24.461538461538463;25.0;25.0;0;0
458.255;0.0;0.0;0.0;24.24786324786325;24.461538461538463;25.0;25.0;0;0
458.366;0.0;0.0;0.0;24.24786324786325;24.461538461538463;25.0;25.0;0;0
458.475;0.0;0.0;0.0;24.24786324786325;24.461538461538463;25.0;25.0;0;0
458.585;0.0;0.0;0.0;24.24786324786325;24.461538461538463;25.0;25.0;0;0
458.693;0.0;0.0;0.0;24.24786324786325;24.461538461538463;25.0;25.0;0;0
458.804;0.0;0.0;0.0;24.24786324786325;24.461538461538463;25.0;25.0;0;0
458.912;0.0;0.0;0.0;24.24786324786325;24.461538461538463;25.0;25.0;0;0
459.024;0.0;0.0;0.0;24.24786324786325;24.461538461538463;25.0;25.0;0;0
459.132;0.0;0.0;0.0;24.24786324786325;24.410256410256412;25.0;25.0;0;0
459.247;0.0;0.0;0.0;24.24786324786325;24.410256410256412;25.0;25.0;0;0
459.351;0.0;0.0;0.0;24.24786324786325;24.410256410256412;25.0;25.0;0;0
459.464;0.0;0.0;0.0;24.24786324786325;24.410256410256412;25.0;25.0;0;0
459.565;0.0;0.0;0.0;24.24786324786325;24.410256410256412;25.0;25.0;0;0
459.668;0.0;0.0;0.0;24.24786324786325;24.410256410256412;25.0;25.0;0;0
459.779;0.0;0.0;0.0;24.24786324786325;24.410256410256412;25.0;25.0;0;0
459.89;0.0;0.0;0.0;24.24786324786325;24.410256410256412;25.0;25.0;0;0
460.002;0.0;0.0;0.0;24.24786324786325;24.410256410256412;25.0;25.0;0;0
460.109;0.0;0.0;0.0;24.24786324786325;24.410256410256412;25.0;25.0;0;0
460.219;0.0;0.0;0.0;24.24786324786325;24.410256410256412;25.0;25.0;0;0
460.331;0.0;0.0;0.0;24.24786324786325;24.410256410256412;25.0;25.0;0;0
460.44;0.0;0.0;0.0;24.24786324786325;24.410256410256412;25.0;25.0;0;0
460.549;0.0;0.0;0.0;24.24786324786325;24.410256410256412;25.0;25.0;0;0
460.664;0.0;0.0;0.0;24.24786324786325;24.410256410256412;25.0;25.0;0;0
460.774;0.0;0.0;0.0;24.24786324786325;24.410256410256412;25.0;25.0;0;0
460.875;0.0;0.0;0.0;24.24786324786325;24.410256410256412;25.0;25.0;0;0
460.981;0.0;0.0;0.0;24.24786324786325;24.410256410256412;25.0;25.0;0;0
461.096;0.0;0.0;0.0;24.24786324786325;24.410256410256412;25.0;25.0;0;0
461.205;0.0;0.0;0.0;24.24786324786325;24.410256410256412;25.0;25.0;0;0
461.321;0.0;0.0;0.0;24.24786324786325;24.410256410256412;25.0;25.0;0;0
461.427;0.0;0.0;0.0;24.24786324786325;24.410256410256412;25.0;25.0;0;0
461.544;0.0;0.0;0.0;24.24786324786325;24.410256410256412;25.0;25.0;0;0
461.65;0.0;0.0;0.0;24.24786324786325;24.410256410256412;25.0;25.0;0;0
461.761;0.0;0.0;0.0;24.24786324786325;24.410256410256412;25.0;25.0;0;0
461.862;0.0;0.0;0.0;24.24786324786325;24.410256410256412;25.0;25.0;0;0
461.971;0.0;0.0;0.0;24.24786324786325;24.410256410256412;25.0;25.0;0;0
462.075;0.0;0.0;0.0;24.24786324786325;24.410256410256412;25.0;25.0;0;0
462.192;0.0;0.0;0.0;24.24786324786325;24.410256410256412;25.0;25.0;0;0
462.299;0.0;0.0;0.0;24.24786324786325;24.410256410256412;25.0;25.0;0;0
462.413;0.0;0.0;0.0;24.24786324786325;24.410256410256412;25.0;25.0;0;0
462.521;0.0;0.0;0.0;24.24786324786325;24.410256410256412;25.0;25.0;0;0
462.622;0.0;0.0;0.0;24.24786324786325;24.410256410256412;25.0;25.0;0;0
462.722;0.0;0.0;0.0;24.24786324786325;24.410256410256412;25.0;25.0;0;0
462.823;0.0;0.0;0.0;24.24786324786325;24.410256410256412;25.0;25.0;0;0
462.931;0.0;0.0;0.0;24.24786324786325;24.410256410256412;25.0;25.0;0;0
463.032;0.0;0.0;0.0;24.24786324786325;24.410256410256412;25.0;25.0;0;0
463.133;0.0;0.0;0.0;24.24786324786325;24.410256410256412;25.0;25.0;0;0
463.233;0.0;0.0;0.0;24.24786324786325;24.410256410256412;25.0;25.0;0;0
463.334;0.0;0.0;0.0;24.24786324786325;24.410256410256412;25.0;25.0;0;0
463.434;0.0;0.0;0.0;24.24786324786325;24.410256410256412;25.0;25.0;0;0
463.537;0.0;0.0;0.0;24.24786324786325;24.410256410256412;25.0;25.0;0;0
463.638;0.0;0.0;0.0;24.24786324786325;24.410256410256412;25.0;25.0;0;0
463.741;0.0;0.0;0.0;24.24786324786325;24.410256410256412;25.0;25.0;0;0
463.842;0.0;0.0;0.0;24.24786324786325;24.410256410256412;25.0;25.0;0;0
463.945;0.0;0.0;0.0;24.24786324786325;24.410256410256412;25.0;25.0;0;0
464.047;0.0;0.0;0.0;24.24786324786325;24.461538461538463;25.0;25.0;0;0
464.156;0.0;0.0;0.0;24.24786324786325;24.461538461538463;25.0;25.0;0;0
464.268;0.0;0.0;0.0;24.24786324786325;24.461538461538463;25.0;25.0;0;0
464.381;0.0;0.0;0.0;24.24786324786325;24.461538461538463;25.0;25.0;0;0
464.487;0.0;0.0;0.0;24.24786324786325;24.461538461538463;25.0;25.0;0;0
464.6;0.0;0.0;0.0;24.24786324786325;24.461538461538463;25.0;25.0;0;0
464.716;0.0;0.0;0.0;24.24786324786325;24.461538461538463;25.0;25.0;0;0
464.825;0.0;0.0;0.0;24.24786324786325;24.461538461538463;25.0;25.0;0;0
464.937;0.0;0.0;0.0;24.24786324786325;24.461538461538463;25.0;25.0;0;0
465.038;0.0;0.0;0.0;24.24786324786325;24.461538461538463;25.0;25.0;0;0
465.139;0.0;0.0;0.0;24.24786324786325;24.410256410256412;25.0;25.0;0;0
465.241;0.0;0.0;0.0;24.24786324786325;24.410256410256412;25.0;25.0;0;0
465.344;0.0;0.0;0.0;24.24786324786325;24.410256410256412;25.0;25.0;0;0
465.446;0.0;0.0;0.0;24.24786324786325;24.410256410256412;25.0;25.0;0;0
465.546;0.0;0.0;0.0;24.24786324786325;24.410256410256412;25.0;25.0;0;0
465.647;0.0;0.0;0.0;24.24786324786325;24.410256410256412;25.0;25.0;0;0
465.747;0.0;0.0;0.0;24.24786324786325;24.410256410256412;25.0;25.0;0;0
465.848;0.0;0.0;0.0;24.24786324786325;24.410256410256412;25.0;25.0;0;0
465.948;0.0;0.0;0.0;24.24786324786325;24.410256410256412;25.0;25.0;0;0
466.049;0.0;0.0;0.0;24.24786324786325;24.461538461538463;25.0;25.0;0;0
466.151;0.0;0.0;0.0;24.24786324786325;24.461538461538463;25.0;25.0;0;0
466.253;0.0;0.0;0.0;24.24786324786325;24.461538461538463;25.0;25.0;0;0
466.354;0.0;0.0;0.0;24.24786324786325;24.461538461538463;25.0;25.0;0;0
466.456;0.0;0.0;0.0;24.24786324786325;24.461538461538463;25.0;25.0;0;0
466.571;0.0;0.0;0.0;24.24786324786325;24.461538461538463;25.0;25.0;0;0
466.683;0.0;0.0;0.0;24.24786324786325;24.461538461538463;25.0;25.0;0;0
466.789;0.0;0.0;0.0;24.24786324786325;24.461538461538463;25.0;25.0;0;0
466.905;0.0;0.0;0.0;24.24786324786325;24.461538461538463;25.0;25.0;0;0
467.012;0.0;0.0;0.0;24.24786324786325;24.461538461538463;25.0;25.0;0;0
467.125;0.0;0.0;0.0;24.24786324786325;24.461538461538463;25.0;25.0;0;0
467.231;0.0;0.0;0.0;24.24786324786325;24.461538461538463;25.0;25.0;0;0
467.344;0.0;0.0;0.0;24.24786324786325;24.461538461538463;25.0;25.0;0;0
467.459;0.0;0.0;0.0;24.24786324786325;24.461538461538463;25.0;25.0;0;0
467.568;0.0;0.0;0.0;24.24786324786325;24.461538461538463;25.0;25.0;0;0
467.68;0.0;0.0;0.0;24.24786324786325;24.461538461538463;25.0;25.0;0;0
467.794;0.0;0.0;0.0;24.24786324786325;24.461538461538463;25.0;25.0;0;0
467.895;0.0;0.0;0.0;24.24786324786325;24.461538461538463;25.0;25.0;0;0
468.0;0.0;0.0;0.0;24.24786324786325;24.461538461538463;25.0;25.0;0;0
468.108;0.0;0.0;0.0;24.24786324786325;24.410256410256412;25.0;25.0;0;0
468.225;0.0;0.0;0.0;24.24786324786325;24.410256410256412;25.0;25.0;0;0
468.333;0.0;0.0;0.0;24.24786324786325;24.410256410256412;25.0;25.0;0;0
468.441;0.0;0.0;0.0;24.24786324786325;24.410256410256412;25.0;25.0;0;0
468.55;0.0;0.0;0.0;24.24786324786325;24.410256410256412;25.0;25.0;0;0
468.662;0.0;0.0;0.0;24.24786324786325;24.410256410256412;25.0;25.0;0;0
468.775;0.0;0.0;0.0;24.24786324786325;24.410256410256412;25.0;25.0;0;0
468.885;0.0;0.0;0.0;24.24786324786325;24.410256410256412;25.0;25.0;0;0
468.998;0.0;0.0;0.0;24.24786324786325;24.410256410256412;25.0;25.0;0;0
469.109;0.0;0.0;0.0;24.24786324786325;24.410256410256412;25.0;25.0;0;0
469.22;0.0;0.0;0.0;24.24786324786325;24.410256410256412;25.0;25.0;0;0
469.334;0.0;0.0;0.0;24.24786324786325;24.410256410256412;25.0;25.0;0;0
469.448;0.0;0.0;0.0;24.24786324786325;24.410256410256412;25.0;25.0;0;0
469.553;0.0;0.0;0.0;24.24786324786325;24.410256410256412;25.0;25.0;0;0
469.654;0.0;0.0;0.0;24.24786324786325;24.410256410256412;25.0;25.0;0;0
469.768;0.0;0.0;0.0;24.24786324786325;24.410256410256412;25.0;25.0;0;0
469.875;0.0;0.0;0.0;24.24786324786325;24.410256410256412;25.0;25.0;0;0
469.983;0.0;0.0;0.0;24.24786324786325;24.410256410256412;25.0;25.0;0;0
470.097;0.0;0.0;0.0;24.24786324786325;24.410256410256412;25.0;25.0;0;0
470.207;0.0;0.0;0.0;24.24786324786325;24.410256410256412;25.0;25.0;0;0
470.319;0.0;0.0;0.0;24.24786324786325;24.410256410256412;25.0;25.0;0;0
470.43;0.0;0.0;0.0;24.24786324786325;24.410256410256412;25.0;25.0;0;0
470.544;0.0;0.0;0.0;24.24786324786325;24.410256410256412;25.0;25.0;0;0
470.656;0.0;0.0;0.0;24.24786324786325;24.410256410256412;25.0;25.0;0;0
470.767;0.0;0.0;0.0;24.24786324786325;24.410256410256412;25.0;25.0;0;0
470.879;0.0;0.0;0.0;24.24786324786325;24.410256410256412;25.0;25.0;0;0
470.991;0.0;0.0;0.0;24.24786324786325;24.410256410256412;25.0;25.0;0;0
471.092;0.0;0.0;0.0;24.24786324786325;24.410256410256412;25.0;25.0;0;0
471.193;0.0;0.0;0.0;24.24786324786325;24.410256410256412;25.0;25.0;0;0
471.302;0.0;0.0;0.0;24.24786324786325;24.410256410256412;25.0;25.0;0;0
471.42;0.0;0.0;0.0;24.24786324786325;24.410256410256412;25.0;25.0;0;0
471.531;0.0;0.0;0.0;24.24786324786325;24.410256410256412;25.0;25.0;0;0
471.642;0.0;0.0;0.0;24.24786324786325;24.410256410256412;25.0;25.0;0;0
471.744;0.0;0.0;0.0;24.24786324786325;24.410256410256412;25.0;25.0;0;0
471.853;0.0;0.0;0.0;24.24786324786325;24.410256410256412;25.0;25.0;0;0
471.957;0.0;0.0;0.0;24.24786324786325;24.410256410256412;25.0;25.0;0;0
472.067;0.0;0.0;0.0;24.24786324786325;24.410256410256412;25.0;25.0;0;0
472.182;0.0;0.0;0.0;24.24786324786325;24.410256410256412;25.0;25.0;0;0
472.287;0.0;0.0;0.0;24.24786324786325;24.410256410256412;25.0;25.0;0;0
472.398;0.0;0.0;0.0;24.24786324786325;24.410256410256412;25.0;25.0;0;0
472.508;0.0;0.0;0.0;24.24786324786325;24.410256410256412;25.0;25.0;0;0
472.609;0.0;0.0;0.0;24.24786324786325;24.410256410256412;25.0;25.0;0;0
472.72;0.0;0.0;0.0;24.24786324786325;24.410256410256412;25.0;25.0;0;0
472.827;0.0;0.0;0.0;24.24786324786325;24.410256410256412;25.0;25.0;0;0
472.938;0.0;0.0;0.0;24.24786324786325;24.410256410256412;25.0;25.0;0;0
473.047;0.0;0.0;0.0;24.24786324786325;24.410256410256412;25.0;25.0;0;0
473.159;0.0;0.0;0.0;24.24786324786325;24.410256410256412;25.0;25.0;0;0
473.27;0.0;0.0;0.0;24.24786324786325;24.410256410256412;25.0;25.0;0;0
473.38;0.0;0.0;0.0;24.24786324786325;24.410256410256412;25.0;25.0;0;0
473.491;0.0;0.0;0.0;24.24786324786325;24.410256410256412;25.0;25.0;0;0
473.599;0.0;0.0;0.0;24.24786324786325;24.410256410256412;25.0;25.0;0;0
473.71;0.0;0.0;0.0;24.24786324786325;24.410256410256412;25.0;25.0;0;0
473.818;0.0;0.0;0.0;24.24786324786325;24.410256410256412;25.0;25.0;0;0
473.919;0.0;0.0;0.0;24.24786324786325;24.410256410256412;25.0;25.0;0;0
474.022;0.0;0.0;0.0;24.24786324786325;24.410256410256412;25.0;25.0;0;0
474.131;0.0;0.0;0.0;24.24786324786325;24.410256410256412;25.0;25.0;0;0
474.249;0.0;0.0;0.0;24.24786324786325;24.410256410256412;25.0;25.0;0;0
474.357;0.0;0.0;0.0;24.24786324786325;24.410256410256412;25.0;25.0;0;0
474.468;0.0;0.0;0.0;24.24786324786325;24.410256410256412;25.0;25.0;0;0
474.579;0.0;0.0;0.0;24.24786324786325;24.410256410256412;25.0;25.0;0;0
474.689;0.0;0.0;0.0;24.24786324786325;24.410256410256412;25.0;25.0;0;0
474.795;0.0;0.0;0.0;24.24786324786325;24.410256410256412;25.0;25.0;0;0
474.91;0.0;0.0;0.0;24.24786324786325;24.410256410256412;25.0;25.0;0;0
475.023;0.0;0.0;0.0;24.24786324786325;24.410256410256412;25.0;25.0;0;0
475.135;0.0;0.0;0.0;24.24786324786325;24.410256410256412;25.0;25.0;0;0
475.243;0.0;0.0;0.0;24.24786324786325;24.410256410256412;25.0;25.0;0;0
475.354;0.0;0.0;0.0;24.24786324786325;24.410256410256412;25.0;25.0;0;0
475.463;0.0;0.0;0.0;24.24786324786325;24.410256410256412;25.0;25.0;0;0
475.571;0.0;0.0;0.0;24.24786324786325;24.410256410256412;25.0;25.0;0;0
475.682;0.0;0.0;0.0;24.24786324786325;24.410256410256412;25.0;25.0;0;0
475.784;0.0;0.0;0.0;24.24786324786325;24.410256410256412;25.0;25.0;0;0
475.887;0.0;0.0;0.0;24.24786324786325;24.410256410256412;25.0;25.0;0;0
476.0;0.0;0.0;0.0;24.24786324786325;24.410256410256412;25.0;25.0;0;0
476.108;0.0;0.0;0.0;24.196581196581196;24.410256410256412;25.0;25.0;0;0
476.227;0.0;0.0;0.0;24.196581196581196;24.410256410256412;25.0;25.0;0;0
476.332;0.0;0.0;0.0;24.196581196581196;24.410256410256412;25.0;25.0;0;0
476.432;0.0;0.0;0.0;24.196581196581196;24.410256410256412;25.0;25.0;0;0
476.537;0.0;0.0;0.0;24.196581196581196;24.410256410256412;25.0;25.0;0;0
476.637;0.0;0.0;0.0;24.196581196581196;24.410256410256412;25.0;25.0;0;0
476.738;0.0;0.0;0.0;24.196581196581196;24.410256410256412;25.0;25.0;0;0
476.838;0.0;0.0;0.0;24.196581196581196;24.410256410256412;25.0;25.0;0;0
476.94;0.0;0.0;0.0;24.196581196581196;24.410256410256412;25.0;25.0;0;0
477.041;0.0;0.0;0.0;24.196581196581196;24.410256410256412;25.0;25.0;0;0
477.141;0.0;0.0;0.0;24.24786324786325;24.410256410256412;25.0;25.0;0;0
477.244;0.0;0.0;0.0;24.24786324786325;24.410256410256412;25.0;25.0;0;0
477.345;0.0;0.0;0.0;24.24786324786325;24.410256410256412;25.0;25.0;0;0
477.452;0.0;0.0;0.0;24.24786324786325;24.410256410256412;25.0;25.0;0;0
477.563;0.0;0.0;0.0;24.24786324786325;24.410256410256412;25.0;25.0;0;0
477.663;0.0;0.0;0.0;24.24786324786325;24.410256410256412;25.0;25.0;0;0
477.765;0.0;0.0;0.0;24.24786324786325;24.410256410256412;25.0;25.0;0;0
477.878;0.0;0.0;0.0;24.24786324786325;24.410256410256412;25.0;25.0;0;0
477.985;0.0;0.0;0.0;24.24786324786325;24.410256410256412;25.0;25.0;0;0
478.101;0.0;0.0;0.0;24.24786324786325;24.410256410256412;25.0;25.0;0;0
478.213;0.0;0.0;0.0;24.24786324786325;24.410256410256412;25.0;25.0;0;0
478.321;0.0;0.0;0.0;24.24786324786325;24.410256410256412;25.0;25.0;0;0
478.434;0.0;0.0;0.0;24.24786324786325;24.410256410256412;25.0;25.0;0;0
478.534;0.0;0.0;0.0;24.24786324786325;24.410256410256412;25.0;25.0;0;0
478.639;0.0;0.0;0.0;24.24786324786325;24.410256410256412;25.0;25.0;0;0
478.739;0.0;0.0;0.0;24.24786324786325;24.410256410256412;25.0;25.0;0;0
478.839;0.0;0.0;0.0;24.24786324786325;24.410256410256412;25.0;25.0;0;0
478.94;0.0;0.0;0.0;24.24786324786325;24.410256410256412;25.0;25.0;0;0
479.041;0.0;0.0;0.0;24.24786324786325;24.410256410256412;25.0;25.0;0;0
479.144;0.0;0.0;0.0;24.196581196581196;24.410256410256412;25.0;25.0;0;0
479.248;0.0;0.0;0.0;24.196581196581196;24.410256410256412;25.0;25.0;0;0
479.352;0.0;0.0;0.0;24.196581196581196;24.410256410256412;25.0;25.0;0;0
479.456;0.0;0.0;0.0;24.196581196581196;24.410256410256412;25.0;25.0;0;0
479.556;0.0;0.0;0.0;24.196581196581196;24.410256410256412;25.0;25.0;0;0
479.669;0.0;0.0;0.0;24.196581196581196;24.410256410256412;25.0;25.0;0;0
479.776;0.0;0.0;0.0;24.196581196581196;24.410256410256412;25.0;25.0;0;0
479.887;0.0;0.0;0.0;24.196581196581196;24.410256410256412;25.0;25.0;0;0
479.999;0.0;0.0;0.0;24.196581196581196;24.410256410256412;25.0;25.0;0;0
480.102;0.0;0.0;0.0;24.24786324786325;24.410256410256412;25.0;25.0;0;0
480.205;0.0;0.0;0.0;24.24786324786325;24.410256410256412;25.0;25.0;0;0
480.306;0.0;0.0;0.0;24.24786324786325;24.410256410256412;25.0;25.0;0;0
480.408;0.0;0.0;0.0;24.24786324786325;24.410256410256412;25.0;25.0;0;0
480.521;0.0;0.0;0.0;24.24786324786325;24.410256410256412;25.0;25.0;0;0
480.627;0.0;0.0;0.0;24.24786324786325;24.410256410256412;25.0;25.0;0;0
480.739;0.0;0.0;0.0;24.24786324786325;24.410256410256412;25.0;25.0;0;0
480.853;0.0;0.0;0.0;24.24786324786325;24.410256410256412;25.0;25.0;0;0
480.962;0.0;0.0;0.0;24.24786324786325;24.410256410256412;25.0;25.0;0;0
481.07;0.0;0.0;0.0;24.24786324786325;24.410256410256412;25.0;25.0;0;0
481.183;0.0;0.0;0.0;24.24786324786325;24.410256410256412;25.0;25.0;0;0
481.293;0.0;0.0;0.0;24.24786324786325;24.410256410256412;25.0;25.0;0;0
481.41;0.0;0.0;0.0;24.24786324786325;24.410256410256412;25.0;25.0;0;0
481.516;0.0;0.0;0.0;24.24786324786325;24.410256410256412;25.0;25.0;0;0
