Time_Sec;Pos_H;Pos_V;Pos_R;Temp_A;Temp_B;Set_A;Set_B;Stable_A;Stable_B
0.002;0.0;0.0;0.0;23.128205128205128;22.64957264957265;25.0;25.0;0;0
0.102;0.0;0.0;0.0;23.128205128205128;22.64957264957265;25.0;25.0;0;0
0.205;0.0;0.0;0.0;23.128205128205128;22.64957264957265;25.0;25.0;0;0
0.306;0.0;0.0;0.0;23.128205128205128;22.64957264957265;25.0;25.0;0;0
0.41;0.0;0.0;0.0;23.128205128205128;22.64957264957265;25.0;25.0;0;0
0.51;0.0;0.0;0.0;23.076923076923077;22.64957264957265;25.0;25.0;0;0
0.616;0.0;0.0;0.0;23.076923076923077;22.64957264957265;25.0;25.0;0;0
0.744;0.0;0.0;0.0;23.076923076923077;22.64957264957265;25.0;25.0;0;0
0.854;0.0;0.0;0.0;23.076923076923077;22.64957264957265;25.0;25.0;0;0
0.956;0.0;0.0;0.0;23.076923076923077;22.64957264957265;25.0;25.0;0;0
1.057;0.0;0.0;0.0;23.076923076923077;22.64957264957265;25.0;25.0;0;0
1.157;0.0;0.0;0.0;23.076923076923077;22.64957264957265;25.0;25.0;0;0
1.265;0.0;0.0;0.0;23.076923076923077;22.64957264957265;25.0;25.0;0;0
1.365;0.0;0.0;0.0;23.076923076923077;22.64957264957265;25.0;25.0;0;0
1.474;0.0;0.0;0.0;23.128205128205128;22.64957264957265;25.0;25.0;0;0
1.581;0.0;0.0;0.0;23.128205128205128;22.64957264957265;25.0;25.0;0;0
1.692;0.0;0.0;0.0;23.128205128205128;22.64957264957265;25.0;25.0;0;0
1.793;0.0;0.0;0.0;23.128205128205128;22.64957264957265;25.0;25.0;0;0
1.893;0.0;0.0;0.0;23.128205128205128;22.64957264957265;25.0;25.0;0;0
1.994;0.0;0.0;0.0;23.128205128205128;22.64957264957265;25.0;25.0;0;0
2.094;0.0;0.0;0.0;23.128205128205128;22.64957264957265;25.0;25.0;0;0
2.195;0.0;0.0;0.0;23.128205128205128;22.64957264957265;25.0;25.0;0;0
2.296;0.0;0.0;0.0;23.128205128205128;22.64957264957265;25.0;25.0;0;0
2.397;0.0;0.0;0.0;23.128205128205128;22.64957264957265;25.0;25.0;0;0
2.5;0.0;0.0;0.0;23.076923076923077;22.64957264957265;25.0;25.0;0;0
2.602;0.0;0.0;0.0;23.076923076923077;22.64957264957265;25.0;25.0;0;0
2.711;0.0;0.0;0.0;23.076923076923077;22.64957264957265;25.0;25.0;0;0
2.822;0.0;0.0;0.0;23.076923076923077;22.64957264957265;25.0;25.0;0;0
2.934;0.0;0.0;0.0;23.076923076923077;22.64957264957265;25.0;25.0;0;0
3.048;0.0;0.0;0.0;23.076923076923077;22.64957264957265;25.0;25.0;0;0
3.15;0.0;0.0;0.0;23.076923076923077;22.64957264957265;25.0;25.0;0;0
3.269;0.0;0.0;0.0;23.076923076923077;22.64957264957265;25.0;25.0;0;0
3.385;0.0;0.0;0.0;23.076923076923077;22.64957264957265;25.0;25.0;0;0
3.493;0.0;0.0;0.0;23.076923076923077;22.64957264957265;25.0;25.0;0;0
3.603;0.0;0.0;0.0;23.076923076923077;22.64957264957265;25.0;25.0;0;0
3.719;0.0;0.0;0.0;23.076923076923077;22.64957264957265;25.0;25.0;0;0
3.828;0.0;0.0;0.0;23.076923076923077;22.64957264957265;25.0;25.0;0;0
3.938;0.0;0.0;0.0;23.076923076923077;22.64957264957265;25.0;25.0;0;0
4.051;0.0;0.0;0.0;23.076923076923077;22.64957264957265;25.0;25.0;0;0
4.163;0.0;0.0;0.0;23.076923076923077;22.64957264957265;25.0;25.0;0;0
4.271;0.0;0.0;0.0;23.076923076923077;22.64957264957265;25.0;25.0;0;0
4.382;0.0;0.0;0.0;23.076923076923077;22.64957264957265;25.0;25.0;0;0
4.493;0.0;0.0;0.0;23.076923076923077;22.64957264957265;25.0;25.0;0;0
4.607;0.0;0.0;0.0;23.128205128205128;22.64957264957265;25.0;25.0;0;0
4.715;0.0;0.0;0.0;23.128205128205128;22.64957264957265;25.0;25.0;0;0
4.827;0.0;0.0;0.0;23.128205128205128;22.64957264957265;25.0;25.0;0;0
4.941;0.0;0.0;0.0;23.128205128205128;22.64957264957265;25.0;25.0;0;0
5.048;0.0;0.0;0.0;23.128205128205128;22.64957264957265;25.0;25.0;0;0
5.161;0.0;0.0;0.0;23.128205128205128;22.64957264957265;25.0;25.0;0;0
5.277;0.0;0.0;0.0;23.128205128205128;22.64957264957265;25.0;25.0;0;0
5.384;0.0;0.0;0.0;23.128205128205128;22.64957264957265;25.0;25.0;0;0
5.498;0.0;0.0;0.0;23.128205128205128;22.64957264957265;25.0;25.0;0;0
5.609;0.0;0.0;0.0;23.076923076923077;22.64957264957265;25.0;25.0;0;0
5.722;0.0;0.0;0.0;23.076923076923077;22.64957264957265;25.0;25.0;0;0
5.825;0.0;0.0;0.0;23.076923076923077;22.64957264957265;25.0;25.0;0;0
5.927;0.0;0.0;0.0;23.076923076923077;22.64957264957265;25.0;25.0;0;0
6.041;0.0;0.0;0.0;23.076923076923077;22.64957264957265;25.0;25.0;0;0
6.151;0.0;0.0;0.0;23.076923076923077;22.64957264957265;25.0;25.0;0;0
6.261;0.0;0.0;0.0;23.076923076923077;22.64957264957265;25.0;25.0;0;0
6.371;0.0;0.0;0.0;23.076923076923077;22.64957264957265;25.0;25.0;0;0
6.472;0.0;0.0;0.0;23.076923076923077;22.64957264957265;25.0;25.0;0;0
6.597;0.0;0.0;0.0;23.128205128205128;22.700854700854702;25.0;25.0;0;0
6.705;0.0;0.0;0.0;23.128205128205128;22.700854700854702;25.0;25.0;0;0
6.817;0.0;0.0;0.0;23.128205128205128;22.700854700854702;25.0;25.0;0;0
6.925;0.0;0.0;0.0;23.128205128205128;22.700854700854702;25.0;25.0;0;0
7.026;0.0;0.0;0.0;23.128205128205128;22.700854700854702;25.0;25.0;0;0
7.13;0.0;0.0;0.0;23.128205128205128;22.700854700854702;25.0;25.0;0;0
7.231;0.0;0.0;0.0;23.128205128205128;22.700854700854702;25.0;25.0;0;0
7.331;0.0;0.0;0.0;23.128205128205128;22.700854700854702;25.0;25.0;0;0
7.431;0.0;0.0;0.0;23.128205128205128;22.700854700854702;25.0;25.0;0;0
7.532;0.0;0.0;0.0;23.076923076923077;22.64957264957265;25.0;25.0;0;0
7.633;0.0;0.0;0.0;23.076923076923077;22.64957264957265;25.0;25.0;0;0
7.733;0.0;0.0;0.0;23.076923076923077;22.64957264957265;25.0;25.0;0;0
7.835;0.0;0.0;0.0;23.076923076923077;22.64957264957265;25.0;25.0;0;0
7.938;0.0;0.0;0.0;23.076923076923077;22.64957264957265;25.0;25.0;0;0
8.039;0.0;0.0;0.0;23.076923076923077;22.64957264957265;25.0;25.0;0;0
8.14;0.0;0.0;0.0;23.076923076923077;22.64957264957265;25.0;25.0;0;0
8.247;0.0;0.0;0.0;23.076923076923077;22.64957264957265;25.0;25.0;0;0
8.359;0.0;0.0;0.0;23.076923076923077;22.64957264957265;25.0;25.0;0;0
8.47;0.0;0.0;0.0;23.076923076923077;22.64957264957265;25.0;25.0;0;0
8.579;0.0;0.0;0.0;23.128205128205128;22.64957264957265;25.0;25.0;0;0
8.693;0.0;0.0;0.0;23.128205128205128;22.64957264957265;25.0;25.0;0;0
8.795;0.0;0.0;0.0;23.128205128205128;22.64957264957265;25.0;25.0;0;0
8.899;0.0;0.0;0.0;23.128205128205128;22.64957264957265;25.0;25.0;0;0
9.011;0.0;0.0;0.0;23.128205128205128;22.64957264957265;25.0;25.0;0;0
9.119;0.0;0.0;0.0;23.128205128205128;22.64957264957265;25.0;25.0;0;0
9.234;0.0;0.0;0.0;23.128205128205128;22.64957264957265;25.0;25.0;0;0
9.348;0.0;0.0;0.0;23.128205128205128;22.64957264957265;25.0;25.0;0;0
9.46;0.0;0.0;0.0;23.128205128205128;22.64957264957265;25.0;25.0;0;0
9.563;0.0;0.0;0.0;23.128205128205128;22.64957264957265;25.0;25.0;0;0
9.669;0.0;0.0;0.0;23.128205128205128;22.64957264957265;25.0;25.0;0;0
9.772;0.0;0.0;0.0;23.128205128205128;22.64957264957265;25.0;25.0;0;0
9.883;0.0;0.0;0.0;23.128205128205128;22.64957264957265;25.0;25.0;0;0
9.995;0.0;0.0;0.0;23.128205128205128;22.64957264957265;25.0;25.0;0;0
10.105;0.0;0.0;0.0;23.128205128205128;22.64957264957265;25.0;25.0;0;0
10.215;0.0;0.0;0.0;23.128205128205128;22.64957264957265;25.0;25.0;0;0
10.326;0.0;0.0;0.0;23.128205128205128;22.64957264957265;25.0;25.0;0;0
10.442;0.0;0.0;0.0;23.128205128205128;22.64957264957265;25.0;25.0;0;0
10.553;0.0;0.0;0.0;23.076923076923077;22.64957264957265;25.0;25.0;0;0
10.655;0.0;0.0;0.0;23.076923076923077;22.64957264957265;25.0;25.0;0;0
10.759;0.0;0.0;0.0;23.076923076923077;22.64957264957265;25.0;25.0;0;0
10.872;0.0;0.0;0.0;23.076923076923077;22.64957264957265;25.0;25.0;0;0
10.983;0.0;0.0;0.0;23.076923076923077;22.64957264957265;25.0;25.0;0;0
11.095;0.0;0.0;0.0;23.076923076923077;22.64957264957265;25.0;25.0;0;0
11.2;0.0;0.0;0.0;23.076923076923077;22.64957264957265;25.0;25.0;0;0
11.319;0.0;0.0;0.0;23.076923076923077;22.64957264957265;25.0;25.0;0;0
11.424;0.0;0.0;0.0;23.076923076923077;22.64957264957265;25.0;25.0;0;0
11.54;0.0;0.0;0.0;23.076923076923077;22.64957264957265;25.0;25.0;0;0
11.649;0.0;0.0;0.0;23.076923076923077;22.64957264957265;25.0;25.0;0;0
11.759;0.0;0.0;0.0;23.076923076923077;22.64957264957265;25.0;25.0;0;0
11.869;0.0;0.0;0.0;23.076923076923077;22.64957264957265;25.0;25.0;0;0
12.002;0.0;0.0;0.0;23.076923076923077;22.64957264957265;25.0;25.0;0;0
12.104;0.0;0.0;0.0;23.076923076923077;22.64957264957265;25.0;25.0;0;0
12.215;0.0;0.0;0.0;23.076923076923077;22.64957264957265;25.0;25.0;0;0
12.315;0.0;0.0;0.0;23.076923076923077;22.64957264957265;25.0;25.0;0;0
12.417;0.0;0.0;0.0;23.076923076923077;22.64957264957265;25.0;25.0;0;0
12.536;0.0;0.0;0.0;23.076923076923077;22.700854700854702;25.0;25.0;0;0
12.651;0.0;0.0;0.0;23.076923076923077;22.700854700854702;25.0;25.0;0;0
12.752;0.0;0.0;0.0;23.076923076923077;22.700854700854702;25.0;25.0;0;0
12.864;0.0;0.0;0.0;23.076923076923077;22.700854700854702;25.0;25.0;0;0
12.966;0.0;0.0;0.0;23.076923076923077;22.700854700854702;25.0;25.0;0;0
13.07;0.0;0.0;0.0;23.076923076923077;22.700854700854702;25.0;25.0;0;0
13.171;0.0;0.0;0.0;23.076923076923077;22.700854700854702;25.0;25.0;0;0
13.272;0.0;0.0;0.0;23.076923076923077;22.700854700854702;25.0;25.0;0;0
13.373;0.0;0.0;0.0;23.076923076923077;22.700854700854702;25.0;25.0;0;0
13.483;0.0;0.0;0.0;23.076923076923077;22.700854700854702;25.0;25.0;0;0
13.585;0.0;0.0;0.0;23.076923076923077;22.64957264957265;25.0;25.0;0;0
13.695;0.0;0.0;0.0;23.076923076923077;22.64957264957265;25.0;25.0;0;0
13.796;0.0;0.0;0.0;23.076923076923077;22.64957264957265;25.0;25.0;0;0
13.899;0.0;0.0;0.0;23.076923076923077;22.64957264957265;25.0;25.0;0;0
14.001;0.0;0.0;0.0;23.076923076923077;22.64957264957265;25.0;25.0;0;0
14.103;0.0;0.0;0.0;23.076923076923077;22.64957264957265;25.0;25.0;0;0
14.205;0.0;0.0;0.0;23.076923076923077;22.64957264957265;25.0;25.0;0;0
14.31;0.0;0.0;0.0;23.076923076923077;22.64957264957265;25.0;25.0;0;0
14.413;0.0;0.0;0.0;23.076923076923077;22.64957264957265;25.0;25.0;0;0
14.528;0.0;0.0;0.0;23.076923076923077;22.64957264957265;25.0;25.0;0;0
14.629;0.0;0.0;0.0;23.128205128205128;22.700854700854702;25.0;25.0;0;0
14.746;0.0;0.0;0.0;23.128205128205128;22.700854700854702;25.0;25.0;0;0
14.847;0.0;0.0;0.0;23.128205128205128;22.700854700854702;25.0;25.0;0;0
14.964;0.0;0.0;0.0;23.128205128205128;22.700854700854702;25.0;25.0;0;0
15.066;0.0;0.0;0.0;23.128205128205128;22.700854700854702;25.0;25.0;0;0
15.182;0.0;0.0;0.0;23.128205128205128;22.700854700854702;25.0;25.0;0;0
15.287;0.0;0.0;0.0;23.128205128205128;22.700854700854702;25.0;25.0;0;0
15.402;0.0;0.0;0.0;23.128205128205128;22.700854700854702;25.0;25.0;0;0
15.509;0.0;0.0;0.0;23.128205128205128;22.700854700854702;25.0;25.0;0;0
15.62;0.0;0.0;0.0;23.076923076923077;22.64957264957265;25.0;25.0;0;0
15.729;0.0;0.0;0.0;23.076923076923077;22.64957264957265;25.0;25.0;0;0
15.839;0.0;0.0;0.0;23.076923076923077;22.64957264957265;25.0;25.0;0;0
15.946;0.0;0.0;0.0;23.076923076923077;22.64957264957265;25.0;25.0;0;0
16.051;0.0;0.0;0.0;23.076923076923077;22.64957264957265;25.0;25.0;0;0
16.153;0.0;0.0;0.0;23.076923076923077;22.64957264957265;25.0;25.0;0;0
16.267;0.0;0.0;0.0;23.076923076923077;22.64957264957265;25.0;25.0;0;0
16.374;0.0;0.0;0.0;23.076923076923077;22.64957264957265;25.0;25.0;0;0
16.482;0.0;0.0;0.0;23.076923076923077;22.64957264957265;25.0;25.0;0;0
16.587;0.0;0.0;0.0;23.076923076923077;22.64957264957265;25.0;25.0;0;0
16.705;0.0;0.0;0.0;23.076923076923077;22.64957264957265;25.0;25.0;0;0
16.815;0.0;0.0;0.0;23.076923076923077;22.64957264957265;25.0;25.0;0;0
16.92;0.0;0.0;0.0;23.076923076923077;22.64957264957265;25.0;25.0;0;0
17.032;0.0;0.0;0.0;23.076923076923077;22.64957264957265;25.0;25.0;0;0
17.132;0.0;0.0;0.0;23.076923076923077;22.64957264957265;25.0;25.0;0;0
17.238;0.0;0.0;0.0;23.076923076923077;22.64957264957265;25.0;25.0;0;0
17.339;0.0;0.0;0.0;23.076923076923077;22.64957264957265;25.0;25.0;0;0
17.443;0.0;0.0;0.0;23.076923076923077;22.64957264957265;25.0;25.0;0;0
17.544;0.0;0.0;0.0;23.128205128205128;22.64957264957265;25.0;25.0;0;0
17.644;0.0;0.0;0.0;23.128205128205128;22.64957264957265;25.0;25.0;0;0
17.745;0.0;0.0;0.0;23.128205128205128;22.64957264957265;25.0;25.0;0;0
17.845;0.0;0.0;0.0;23.128205128205128;22.64957264957265;25.0;25.0;0;0
17.948;0.0;0.0;0.0;23.128205128205128;22.64957264957265;25.0;25.0;0;0
18.049;0.0;0.0;0.0;23.128205128205128;22.64957264957265;25.0;25.0;0;0
18.157;0.0;0.0;0.0;23.128205128205128;22.64957264957265;25.0;25.0;0;0
18.257;0.0;0.0;0.0;23.128205128205128;22.64957264957265;25.0;25.0;0;0
18.362;0.0;0.0;0.0;23.128205128205128;22.64957264957265;25.0;25.0;0;0
18.472;0.0;0.0;0.0;23.076923076923077;22.700854700854702;25.0;25.0;0;0
18.573;0.0;0.0;0.0;23.076923076923077;22.700854700854702;25.0;25.0;0;0
18.674;0.0;0.0;0.0;23.076923076923077;22.700854700854702;25.0;25.0;0;0
18.777;0.0;0.0;0.0;23.076923076923077;22.700854700854702;25.0;25.0;0;0
18.889;0.0;0.0;0.0;23.076923076923077;22.700854700854702;25.0;25.0;0;0
19.001;0.0;0.0;0.0;23.076923076923077;22.700854700854702;25.0;25.0;0;0
19.109;0.0;0.0;0.0;23.076923076923077;22.700854700854702;25.0;25.0;0;0
19.222;0.0;0.0;0.0;23.076923076923077;22.700854700854702;25.0;25.0;0;0
19.332;0.0;0.0;0.0;23.076923076923077;22.700854700854702;25.0;25.0;0;0
19.435;0.0;0.0;0.0;23.076923076923077;22.700854700854702;25.0;25.0;0;0
19.538;0.0;0.0;0.0;23.076923076923077;22.700854700854702;25.0;25.0;0;0
19.647;0.0;0.0;0.0;23.076923076923077;22.700854700854702;25.0;25.0;0;0
19.758;0.0;0.0;0.0;23.076923076923077;22.700854700854702;25.0;25.0;0;0
19.858;0.0;0.0;0.0;23.076923076923077;22.700854700854702;25.0;25.0;0;0
19.959;0.0;0.0;0.0;23.076923076923077;22.700854700854702;25.0;25.0;0;0
20.059;0.0;0.0;0.0;23.076923076923077;22.700854700854702;25.0;25.0;0;0
20.159;0.0;0.0;0.0;23.076923076923077;22.700854700854702;25.0;25.0;0;0
20.26;0.0;0.0;0.0;23.076923076923077;22.700854700854702;25.0;25.0;0;0
20.361;0.0;0.0;0.0;23.076923076923077;22.700854700854702;25.0;25.0;0;0
20.469;0.0;0.0;0.0;23.076923076923077;22.700854700854702;25.0;25.0;0;0
20.573;0.0;0.0;0.0;23.076923076923077;22.64957264957265;25.0;25.0;0;0
20.673;0.0;0.0;0.0;23.076923076923077;22.64957264957265;25.0;25.0;0;0
20.78;0.0;0.0;0.0;23.076923076923077;22.64957264957265;25.0;25.0;0;0
20.891;0.0;0.0;0.0;23.076923076923077;22.64957264957265;25.0;25.0;0;0
21.011;0.0;0.0;0.0;23.076923076923077;22.64957264957265;25.0;25.0;0;0
21.115;0.0;0.0;0.0;23.076923076923077;22.64957264957265;25.0;25.0;0;0
21.216;0.0;0.0;0.0;23.076923076923077;22.64957264957265;25.0;25.0;0;0
21.327;0.0;0.0;0.0;23.076923076923077;22.64957264957265;25.0;25.0;0;0
21.434;0.0;0.0;0.0;23.076923076923077;22.64957264957265;25.0;25.0;0;0
21.534;0.0;0.0;0.0;23.076923076923077;22.64957264957265;25.0;25.0;0;0
21.661;0.0;0.0;0.0;23.128205128205128;22.64957264957265;25.0;25.0;0;0
21.768;0.0;0.0;0.0;23.128205128205128;22.64957264957265;25.0;25.0;0;0
21.869;0.0;0.0;0.0;23.128205128205128;22.64957264957265;25.0;25.0;0;0
21.977;0.0;0.0;0.0;23.128205128205128;22.64957264957265;25.0;25.0;0;0
22.088;0.0;0.0;0.0;23.128205128205128;22.64957264957265;25.0;25.0;0;0
22.189;0.0;0.0;0.0;23.128205128205128;22.64957264957265;25.0;25.0;0;0
22.293;0.0;0.0;0.0;23.128205128205128;22.64957264957265;25.0;25.0;0;0
22.403;0.0;0.0;0.0;23.128205128205128;22.64957264957265;25.0;25.0;0;0
22.504;0.0;0.0;0.0;23.128205128205128;22.64957264957265;25.0;25.0;0;0
22.604;0.0;0.0;0.0;23.076923076923077;22.700854700854702;25.0;25.0;0;0
22.705;0.0;0.0;0.0;23.076923076923077;22.700854700854702;25.0;25.0;0;0
22.806;0.0;0.0;0.0;23.076923076923077;22.700854700854702;25.0;25.0;0;0
22.906;0.0;0.0;0.0;23.076923076923077;22.700854700854702;25.0;25.0;0;0
23.007;0.0;0.0;0.0;23.076923076923077;22.700854700854702;25.0;25.0;0;0
23.112;0.0;0.0;0.0;23.076923076923077;22.700854700854702;25.0;25.0;0;0
23.217;0.0;0.0;0.0;23.076923076923077;22.700854700854702;25.0;25.0;0;0
23.318;0.0;0.0;0.0;23.076923076923077;22.700854700854702;25.0;25.0;0;0
23.424;0.0;0.0;0.0;23.076923076923077;22.700854700854702;25.0;25.0;0;0
23.527;0.0;0.0;0.0;23.076923076923077;22.700854700854702;25.0;25.0;0;0
23.634;0.0;0.0;0.0;23.076923076923077;22.700854700854702;25.0;25.0;0;0
23.736;0.0;0.0;0.0;23.076923076923077;22.700854700854702;25.0;25.0;0;0
23.837;0.0;0.0;0.0;23.076923076923077;22.700854700854702;25.0;25.0;0;0
23.946;0.0;0.0;0.0;23.076923076923077;22.700854700854702;25.0;25.0;0;0
24.057;0.0;0.0;0.0;23.076923076923077;22.700854700854702;25.0;25.0;0;0
24.172;0.0;0.0;0.0;23.076923076923077;22.700854700854702;25.0;25.0;0;0
24.285;0.0;0.0;0.0;23.076923076923077;22.700854700854702;25.0;25.0;0;0
24.391;0.0;0.0;0.0;23.076923076923077;22.700854700854702;25.0;25.0;0;0
24.505;0.0;0.0;0.0;23.128205128205128;22.64957264957265;25.0;25.0;0;0
24.606;0.0;0.0;0.0;23.128205128205128;22.64957264957265;25.0;25.0;0;0
24.707;0.0;0.0;0.0;23.128205128205128;22.64957264957265;25.0;25.0;0;0
24.826;0.0;0.0;0.0;23.128205128205128;22.64957264957265;25.0;25.0;0;0
24.931;0.0;0.0;0.0;23.128205128205128;22.64957264957265;25.0;25.0;0;0
25.041;0.0;0.0;0.0;23.128205128205128;22.64957264957265;25.0;25.0;0;0
25.153;0.0;0.0;0.0;23.128205128205128;22.64957264957265;25.0;25.0;0;0
25.265;0.0;0.0;0.0;23.128205128205128;22.64957264957265;25.0;25.0;0;0
25.377;0.0;0.0;0.0;23.128205128205128;22.64957264957265;25.0;25.0;0;0
25.478;0.0;0.0;0.0;23.128205128205128;22.64957264957265;25.0;25.0;0;0
25.581;0.0;0.0;0.0;23.128205128205128;22.64957264957265;25.0;25.0;0;0
25.696;0.0;0.0;0.0;23.128205128205128;22.64957264957265;25.0;25.0;0;0
25.803;0.0;0.0;0.0;23.128205128205128;22.64957264957265;25.0;25.0;0;0
25.904;0.0;0.0;0.0;23.128205128205128;22.64957264957265;25.0;25.0;0;0
26.015;0.0;0.0;0.0;23.128205128205128;22.64957264957265;25.0;25.0;0;0
26.123;0.0;0.0;0.0;23.128205128205128;22.64957264957265;25.0;25.0;0;0
26.224;0.0;0.0;0.0;23.128205128205128;22.64957264957265;25.0;25.0;0;0
26.325;0.0;0.0;0.0;23.128205128205128;22.64957264957265;25.0;25.0;0;0
26.425;0.0;0.0;0.0;23.128205128205128;22.64957264957265;25.0;25.0;0;0
26.525;0.0;0.0;0.0;23.076923076923077;22.64957264957265;25.0;25.0;0;0
26.626;0.0;0.0;0.0;23.076923076923077;22.64957264957265;25.0;25.0;0;0
26.726;0.0;0.0;0.0;23.076923076923077;22.64957264957265;25.0;25.0;0;0
26.83;0.0;0.0;0.0;23.076923076923077;22.64957264957265;25.0;25.0;0;0
26.932;0.0;0.0;0.0;23.076923076923077;22.64957264957265;25.0;25.0;0;0
27.036;0.0;0.0;0.0;23.076923076923077;22.64957264957265;25.0;25.0;0;0
27.136;0.0;0.0;0.0;23.076923076923077;22.64957264957265;25.0;25.0;0;0
27.25;0.0;0.0;0.0;23.076923076923077;22.64957264957265;25.0;25.0;0;0
27.353;0.0;0.0;0.0;23.076923076923077;22.64957264957265;25.0;25.0;0;0
27.467;0.0;0.0;0.0;23.076923076923077;22.64957264957265;25.0;25.0;0;0
27.568;0.0;0.0;0.0;23.128205128205128;22.64957264957265;25.0;25.0;0;0
27.673;0.0;0.0;0.0;23.128205128205128;22.64957264957265;25.0;25.0;0;0
27.774;0.0;0.0;0.0;23.128205128205128;22.64957264957265;25.0;25.0;0;0
27.876;0.0;0.0;0.0;23.128205128205128;22.64957264957265;25.0;25.0;0;0
27.976;0.0;0.0;0.0;23.128205128205128;22.64957264957265;25.0;25.0;0;0
28.078;0.0;0.0;0.0;23.128205128205128;22.64957264957265;25.0;25.0;0;0
28.187;0.0;0.0;0.0;23.128205128205128;22.64957264957265;25.0;25.0;0;0
28.298;0.0;0.0;0.0;23.128205128205128;22.64957264957265;25.0;25.0;0;0
28.399;0.0;0.0;0.0;23.128205128205128;22.64957264957265;25.0;25.0;0;0
28.501;0.0;0.0;0.0;23.128205128205128;22.64957264957265;25.0;25.0;0;0
28.603;0.0;0.0;0.0;23.076923076923077;22.64957264957265;25.0;25.0;0;0
28.723;0.0;0.0;0.0;23.076923076923077;22.64957264957265;25.0;25.0;0;0
28.824;0.0;0.0;0.0;23.076923076923077;22.64957264957265;25.0;25.0;0;0
28.927;0.0;0.0;0.0;23.076923076923077;22.64957264957265;25.0;25.0;0;0
29.038;0.0;0.0;0.0;23.076923076923077;22.64957264957265;25.0;25.0;0;0
29.156;0.0;0.0;0.0;23.076923076923077;22.64957264957265;25.0;25.0;0;0
29.257;0.0;0.0;0.0;23.076923076923077;22.64957264957265;25.0;25.0;0;0
29.368;0.0;0.0;0.0;23.076923076923077;22.64957264957265;25.0;25.0;0;0
29.475;0.0;0.0;0.0;23.076923076923077;22.64957264957265;25.0;25.0;0;0
29.576;0.0;0.0;0.0;23.076923076923077;22.64957264957265;25.0;25.0;0;0
29.68;0.0;0.0;0.0;23.076923076923077;22.64957264957265;25.0;25.0;0;0
29.781;0.0;0.0;0.0;23.076923076923077;22.64957264957265;25.0;25.0;0;0
29.882;0.0;0.0;0.0;23.076923076923077;22.64957264957265;25.0;25.0;0;0
29.984;0.0;0.0;0.0;23.076923076923077;22.64957264957265;25.0;25.0;0;0
30.088;0.0;0.0;0.0;23.076923076923077;22.64957264957265;25.0;25.0;0;0
30.19;0.0;0.0;0.0;23.076923076923077;22.64957264957265;25.0;25.0;0;0
30.311;0.0;0.0;0.0;23.076923076923077;22.64957264957265;25.0;25.0;0;0
30.436;0.0;0.0;0.0;23.076923076923077;22.64957264957265;25.0;25.0;0;0
30.543;0.0;0.0;0.0;23.076923076923077;22.64957264957265;25.0;25.0;0;0
30.645;0.0;0.0;0.0;23.128205128205128;22.700854700854702;25.0;25.0;0;0
30.747;0.0;0.0;0.0;23.128205128205128;22.700854700854702;25.0;25.0;0;0
30.847;0.0;0.0;0.0;23.128205128205128;22.700854700854702;25.0;25.0;0;0
30.952;0.0;0.0;0.0;23.128205128205128;22.700854700854702;25.0;25.0;0;0
31.063;0.0;0.0;0.0;23.128205128205128;22.700854700854702;25.0;25.0;0;0
31.166;0.0;0.0;0.0;23.128205128205128;22.700854700854702;25.0;25.0;0;0
31.274;0.0;0.0;0.0;23.128205128205128;22.700854700854702;25.0;25.0;0;0
31.381;0.0;0.0;0.0;23.128205128205128;22.700854700854702;25.0;25.0;0;0
31.492;0.0;0.0;0.0;23.128205128205128;22.700854700854702;25.0;25.0;0;0
31.604;0.0;0.0;0.0;23.128205128205128;22.700854700854702;25.0;25.0;0;0
31.717;0.0;0.0;0.0;23.128205128205128;22.700854700854702;25.0;25.0;0;0
31.824;0.0;0.0;0.0;23.128205128205128;22.700854700854702;25.0;25.0;0;0
31.935;0.0;0.0;0.0;23.128205128205128;22.700854700854702;25.0;25.0;0;0
32.053;0.0;0.0;0.0;23.128205128205128;22.700854700854702;25.0;25.0;0;0
32.161;0.0;0.0;0.0;23.128205128205128;22.700854700854702;25.0;25.0;0;0
32.272;0.0;0.0;0.0;23.128205128205128;22.700854700854702;25.0;25.0;0;0
32.373;0.0;0.0;0.0;23.128205128205128;22.700854700854702;25.0;25.0;0;0
32.474;0.0;0.0;0.0;23.128205128205128;22.700854700854702;25.0;25.0;0;0
32.585;0.0;0.0;0.0;23.128205128205128;22.64957264957265;25.0;25.0;0;0
32.698;0.0;0.0;0.0;23.128205128205128;22.64957264957265;25.0;25.0;0;0
32.806;0.0;0.0;0.0;23.128205128205128;22.64957264957265;25.0;25.0;0;0
32.918;0.0;0.0;0.0;23.128205128205128;22.64957264957265;25.0;25.0;0;0
33.024;0.0;0.0;0.0;23.128205128205128;22.64957264957265;25.0;25.0;0;0
33.141;0.0;0.0;0.0;23.128205128205128;22.64957264957265;25.0;25.0;0;0
33.249;0.0;0.0;0.0;23.128205128205128;22.64957264957265;25.0;25.0;0;0
33.363;0.0;0.0;0.0;23.128205128205128;22.64957264957265;25.0;25.0;0;0
33.475;0.0;0.0;0.0;23.128205128205128;22.64957264957265;25.0;25.0;0;0
33.576;0.0;0.0;0.0;23.076923076923077;22.700854700854702;25.0;25.0;0;0
33.68;0.0;0.0;0.0;23.076923076923077;22.700854700854702;25.0;25.0;0;0
33.792;0.0;0.0;0.0;23.076923076923077;22.700854700854702;25.0;25.0;0;0
33.902;0.0;0.0;0.0;23.076923076923077;22.700854700854702;25.0;25.0;0;0
34.018;0.0;0.0;0.0;23.076923076923077;22.700854700854702;25.0;25.0;0;0
34.128;0.0;0.0;0.0;23.076923076923077;22.700854700854702;25.0;25.0;0;0
34.236;0.0;0.0;0.0;23.076923076923077;22.700854700854702;25.0;25.0;0;0
34.337;0.0;0.0;0.0;23.076923076923077;22.700854700854702;25.0;25.0;0;0
34.448;0.0;0.0;0.0;23.076923076923077;22.700854700854702;25.0;25.0;0;0
34.558;0.0;0.0;0.0;23.076923076923077;22.700854700854702;25.0;25.0;0;0
34.666;0.0;0.0;0.0;23.128205128205128;22.64957264957265;25.0;25.0;0;0
34.779;0.0;0.0;0.0;23.128205128205128;22.64957264957265;25.0;25.0;0;0
34.888;0.0;0.0;0.0;23.128205128205128;22.64957264957265;25.0;25.0;0;0
35.005;0.0;0.0;0.0;23.128205128205128;22.64957264957265;25.0;25.0;0;0
35.111;0.0;0.0;0.0;23.128205128205128;22.64957264957265;25.0;25.0;0;0
35.212;0.0;0.0;0.0;23.128205128205128;22.64957264957265;25.0;25.0;0;0
35.322;0.0;0.0;0.0;23.128205128205128;22.64957264957265;25.0;25.0;0;0
35.432;0.0;0.0;0.0;23.128205128205128;22.64957264957265;25.0;25.0;0;0
35.542;0.0;0.0;0.0;23.128205128205128;22.64957264957265;25.0;25.0;0;0
35.652;0.0;0.0;0.0;23.128205128205128;22.700854700854702;25.0;25.0;0;0
35.769;0.0;0.0;0.0;23.128205128205128;22.700854700854702;25.0;25.0;0;0
35.876;0.0;0.0;0.0;23.128205128205128;22.700854700854702;25.0;25.0;0;0
35.986;0.0;0.0;0.0;23.128205128205128;22.700854700854702;25.0;25.0;0;0
36.087;0.0;0.0;0.0;23.128205128205128;22.700854700854702;25.0;25.0;0;0
36.196;0.0;0.0;0.0;23.128205128205128;22.700854700854702;25.0;25.0;0;0
36.306;0.0;0.0;0.0;23.128205128205128;22.700854700854702;25.0;25.0;0;0
36.42;0.0;0.0;0.0;23.128205128205128;22.700854700854702;25.0;25.0;0;0
36.53;0.0;0.0;0.0;23.128205128205128;22.700854700854702;25.0;25.0;0;0
36.64;0.0;0.0;0.0;23.128205128205128;22.700854700854702;25.0;25.0;0;0
36.753;0.0;0.0;0.0;23.128205128205128;22.700854700854702;25.0;25.0;0;0
36.859;0.0;0.0;0.0;23.128205128205128;22.700854700854702;25.0;25.0;0;0
36.972;0.0;0.0;0.0;23.128205128205128;22.700854700854702;25.0;25.0;0;0
37.081;0.0;0.0;0.0;23.128205128205128;22.700854700854702;25.0;25.0;0;0
37.191;0.0;0.0;0.0;23.128205128205128;22.700854700854702;25.0;25.0;0;0
37.301;0.0;0.0;0.0;23.128205128205128;22.700854700854702;25.0;25.0;0;0
37.412;0.0;0.0;0.0;23.128205128205128;22.700854700854702;25.0;25.0;0;0
37.522;0.0;0.0;0.0;23.128205128205128;22.700854700854702;25.0;25.0;0;0
37.634;0.0;0.0;0.0;23.076923076923077;22.64957264957265;25.0;25.0;0;0
37.745;0.0;0.0;0.0;23.076923076923077;22.64957264957265;25.0;25.0;0;0
37.855;0.0;0.0;0.0;23.076923076923077;22.64957264957265;25.0;25.0;0;0
37.97;0.0;0.0;0.0;23.076923076923077;22.64957264957265;25.0;25.0;0;0
38.078;0.0;0.0;0.0;23.076923076923077;22.64957264957265;25.0;25.0;0;0
38.189;0.0;0.0;0.0;23.076923076923077;22.64957264957265;25.0;25.0;0;0
38.29;0.0;0.0;0.0;23.076923076923077;22.64957264957265;25.0;25.0;0;0
38.396;0.0;0.0;0.0;23.076923076923077;22.64957264957265;25.0;25.0;0;0
38.512;0.0;0.0;0.0;23.076923076923077;22.64957264957265;25.0;25.0;0;0
38.618;0.0;0.0;0.0;23.076923076923077;22.700854700854702;25.0;25.0;0;0
38.731;0.0;0.0;0.0;23.076923076923077;22.700854700854702;25.0;25.0;0;0
38.84;0.0;0.0;0.0;23.076923076923077;22.700854700854702;25.0;25.0;0;0
38.953;0.0;0.0;0.0;23.076923076923077;22.700854700854702;25.0;25.0;0;0
39.064;0.0;0.0;0.0;23.076923076923077;22.700854700854702;25.0;25.0;0;0
39.174;0.0;0.0;0.0;23.076923076923077;22.700854700854702;25.0;25.0;0;0
39.285;0.0;0.0;0.0;23.076923076923077;22.700854700854702;25.0;25.0;0;0
39.386;0.0;0.0;0.0;23.076923076923077;22.700854700854702;25.0;25.0;0;0
39.496;0.0;0.0;0.0;23.076923076923077;22.700854700854702;25.0;25.0;0;0
39.607;0.0;0.0;0.0;23.076923076923077;22.64957264957265;25.0;25.0;0;0
39.715;0.0;0.0;0.0;23.076923076923077;22.64957264957265;25.0;25.0;0;0
39.825;0.0;0.0;0.0;23.076923076923077;22.64957264957265;25.0;25.0;0;0
39.939;0.0;0.0;0.0;23.076923076923077;22.64957264957265;25.0;25.0;0;0
40.049;0.0;0.0;0.0;23.076923076923077;22.64957264957265;25.0;25.0;0;0
40.163;0.0;0.0;0.0;23.076923076923077;22.64957264957265;25.0;25.0;0;0
40.271;0.0;0.0;0.0;23.076923076923077;22.64957264957265;25.0;25.0;0;0
40.379;0.0;0.0;0.0;23.076923076923077;22.64957264957265;25.0;25.0;0;0
40.48;0.0;0.0;0.0;23.076923076923077;22.64957264957265;25.0;25.0;0;0
40.592;0.0;0.0;0.0;23.076923076923077;22.64957264957265;25.0;25.0;0;0
40.7;0.0;0.0;0.0;23.076923076923077;22.700854700854702;25.0;25.0;0;0
40.809;0.0;0.0;0.0;23.076923076923077;22.700854700854702;25.0;25.0;0;0
40.925;0.0;0.0;0.0;23.076923076923077;22.700854700854702;25.0;25.0;0;0
41.026;0.0;0.0;0.0;23.076923076923077;22.700854700854702;25.0;25.0;0;0
41.136;0.0;0.0;0.0;23.076923076923077;22.700854700854702;25.0;25.0;0;0
41.24;0.0;0.0;0.0;23.076923076923077;22.700854700854702;25.0;25.0;0;0
41.342;0.0;0.0;0.0;23.076923076923077;22.700854700854702;25.0;25.0;0;0
41.45;0.0;0.0;0.0;23.076923076923077;22.700854700854702;25.0;25.0;0;0
41.559;0.0;0.0;0.0;23.076923076923077;22.700854700854702;25.0;25.0;0;0
41.66;0.0;0.0;0.0;23.076923076923077;22.700854700854702;25.0;25.0;0;0
41.76;0.0;0.0;0.0;23.076923076923077;22.700854700854702;25.0;25.0;0;0
41.861;0.0;0.0;0.0;23.076923076923077;22.700854700854702;25.0;25.0;0;0
41.962;0.0;0.0;0.0;23.076923076923077;22.700854700854702;25.0;25.0;0;0
42.063;0.0;0.0;0.0;23.076923076923077;22.700854700854702;25.0;25.0;0;0
42.165;0.0;0.0;0.0;23.076923076923077;22.700854700854702;25.0;25.0;0;0
42.276;0.0;0.0;0.0;23.076923076923077;22.700854700854702;25.0;25.0;0;0
42.387;0.0;0.0;0.0;23.076923076923077;22.700854700854702;25.0;25.0;0;0
42.502;0.0;0.0;0.0;23.076923076923077;22.700854700854702;25.0;25.0;0;0
42.619;0.0;0.0;0.0;23.076923076923077;22.64957264957265;25.0;25.0;0;0
42.719;0.0;0.0;0.0;23.076923076923077;22.64957264957265;25.0;25.0;0;0
42.828;0.0;0.0;0.0;23.076923076923077;22.64957264957265;25.0;25.0;0;0
42.929;0.0;0.0;0.0;23.076923076923077;22.64957264957265;25.0;25.0;0;0
43.029;0.0;0.0;0.0;23.076923076923077;22.64957264957265;25.0;25.0;0;0
43.131;0.0;0.0;0.0;23.076923076923077;22.64957264957265;25.0;25.0;0;0
43.232;0.0;0.0;0.0;23.076923076923077;22.64957264957265;25.0;25.0;0;0
43.343;0.0;0.0;0.0;23.076923076923077;22.64957264957265;25.0;25.0;0;0
43.454;0.0;0.0;0.0;23.076923076923077;22.64957264957265;25.0;25.0;0;0
43.569;0.0;0.0;0.0;23.076923076923077;22.64957264957265;25.0;25.0;0;0
43.672;0.0;0.0;0.0;23.128205128205128;22.700854700854702;25.0;25.0;0;0
43.772;0.0;0.0;0.0;23.128205128205128;22.700854700854702;25.0;25.0;0;0
43.888;0.0;0.0;0.0;23.128205128205128;22.700854700854702;25.0;25.0;0;0
43.999;0.0;0.0;0.0;23.128205128205128;22.700854700854702;25.0;25.0;0;0
44.106;0.0;0.0;0.0;23.128205128205128;22.700854700854702;25.0;25.0;0;0
44.219;0.0;0.0;0.0;23.128205128205128;22.700854700854702;25.0;25.0;0;0
44.319;0.0;0.0;0.0;23.128205128205128;22.700854700854702;25.0;25.0;0;0
44.437;0.0;0.0;0.0;23.128205128205128;22.700854700854702;25.0;25.0;0;0
44.538;0.0;0.0;0.0;23.128205128205128;22.700854700854702;25.0;25.0;0;0
44.641;0.0;0.0;0.0;23.128205128205128;22.64957264957265;25.0;25.0;0;0
44.758;0.0;0.0;0.0;23.128205128205128;22.64957264957265;25.0;25.0;0;0
44.872;0.0;0.0;0.0;23.128205128205128;22.64957264957265;25.0;25.0;0;0
44.984;0.0;0.0;0.0;23.128205128205128;22.64957264957265;25.0;25.0;0;0
45.084;0.0;0.0;0.0;23.128205128205128;22.64957264957265;25.0;25.0;0;0
45.187;0.0;0.0;0.0;23.128205128205128;22.64957264957265;25.0;25.0;0;0
45.303;0.0;0.0;0.0;23.128205128205128;22.64957264957265;25.0;25.0;0;0
45.422;0.0;0.0;0.0;23.128205128205128;22.64957264957265;25.0;25.0;0;0
45.523;0.0;0.0;0.0;23.128205128205128;22.64957264957265;25.0;25.0;0;0
45.625;0.0;0.0;0.0;23.076923076923077;22.64957264957265;25.0;25.0;0;0
45.733;0.0;0.0;0.0;23.076923076923077;22.64957264957265;25.0;25.0;0;0
45.838;0.0;0.0;0.0;23.076923076923077;22.64957264957265;25.0;25.0;0;0
45.943;0.0;0.0;0.0;23.076923076923077;22.64957264957265;25.0;25.0;0;0
46.047;0.0;0.0;0.0;23.076923076923077;22.64957264957265;25.0;25.0;0;0
46.159;0.0;0.0;0.0;23.076923076923077;22.64957264957265;25.0;25.0;0;0
46.263;0.0;0.0;0.0;23.076923076923077;22.64957264957265;25.0;25.0;0;0
46.377;0.0;0.0;0.0;23.076923076923077;22.64957264957265;25.0;25.0;0;0
46.477;0.0;0.0;0.0;23.076923076923077;22.64957264957265;25.0;25.0;0;0
46.577;0.0;0.0;0.0;23.076923076923077;22.64957264957265;25.0;25.0;0;0
46.678;0.0;0.0;0.0;23.128205128205128;22.700854700854702;25.0;25.0;0;0
46.778;0.0;0.0;0.0;23.128205128205128;22.700854700854702;25.0;25.0;0;0
46.878;0.0;0.0;0.0;23.128205128205128;22.700854700854702;25.0;25.0;0;0
46.979;0.0;0.0;0.0;23.128205128205128;22.700854700854702;25.0;25.0;0;0
47.083;0.0;0.0;0.0;23.128205128205128;22.700854700854702;25.0;25.0;0;0
47.189;0.0;0.0;0.0;23.128205128205128;22.700854700854702;25.0;25.0;0;0
47.293;0.0;0.0;0.0;23.128205128205128;22.700854700854702;25.0;25.0;0;0
47.4;0.0;0.0;0.0;23.128205128205128;22.700854700854702;25.0;25.0;0;0
47.508;0.0;0.0;0.0;23.128205128205128;22.700854700854702;25.0;25.0;0;0
47.614;0.0;0.0;0.0;23.128205128205128;22.700854700854702;25.0;25.0;0;0
47.724;0.0;0.0;0.0;23.128205128205128;22.64957264957265;25.0;25.0;0;0
47.832;0.0;0.0;0.0;23.128205128205128;22.64957264957265;25.0;25.0;0;0
47.946;0.0;0.0;0.0;23.128205128205128;22.64957264957265;25.0;25.0;0;0
48.057;0.0;0.0;0.0;23.128205128205128;22.64957264957265;25.0;25.0;0;0
48.158;0.0;0.0;0.0;23.128205128205128;22.64957264957265;25.0;25.0;0;0
48.285;0.0;0.0;0.0;23.128205128205128;22.64957264957265;25.0;25.0;0;0
48.392;0.0;0.0;0.0;23.128205128205128;22.64957264957265;25.0;25.0;0;0
48.508;0.0;0.0;0.0;23.128205128205128;22.64957264957265;25.0;25.0;0;0
48.616;0.0;0.0;0.0;23.128205128205128;22.64957264957265;25.0;25.0;0;0
48.726;0.0;0.0;0.0;23.076923076923077;22.64957264957265;25.0;25.0;0;0
48.836;0.0;0.0;0.0;23.076923076923077;22.64957264957265;25.0;25.0;0;0
48.947;0.0;0.0;0.0;23.076923076923077;22.64957264957265;25.0;25.0;0;0
49.056;0.0;0.0;0.0;23.076923076923077;22.64957264957265;25.0;25.0;0;0
49.168;0.0525;0.0;0.0;23.076923076923077;22.64957264957265;25.0;25.0;0;0
49.282;0.52875;0.0;0.0;23.076923076923077;22.64957264957265;25.0;25.0;0;0
49.39;1.29375;0.0;0.0;23.076923076923077;22.64957264957265;25.0;25.0;0;0
49.505;1.805;0.0;0.0;23.076923076923077;22.64957264957265;25.0;25.0;0;0
49.612;2.31;0.0;0.0;23.076923076923077;22.64957264957265;25.0;25.0;0;0
49.713;3.075;0.0;0.0;23.128205128205128;22.64957264957265;25.0;25.0;0;0
49.824;3.33;0.0;0.0;23.128205128205128;22.64957264957265;25.0;25.0;0;0
49.93;3.83875;0.0;0.0;23.128205128205128;22.64957264957265;25.0;25.0;0;0
50.047;4.6025;0.0;0.0;23.128205128205128;22.64957264957265;25.0;25.0;0;0
50.154;4.995;0.0;0.0;23.128205128205128;22.64957264957265;25.0;25.0;0;0
50.266;5.0;0.0;0.0;23.128205128205128;22.64957264957265;25.0;25.0;0;0
50.379;5.0;0.0;0.0;23.128205128205128;22.64957264957265;25.0;25.0;0;0
50.489;5.0;0.0;0.0;23.128205128205128;22.64957264957265;25.0;25.0;0;0
50.591;5.0;0.0;0.0;23.128205128205128;22.64957264957265;25.0;25.0;0;0
50.697;5.0;0.0;0.0;23.128205128205128;22.64957264957265;25.0;25.0;0;0
50.811;5.0;0.0;0.0;23.128205128205128;22.64957264957265;25.0;25.0;0;0
50.92;5.0;0.0;0.0;23.128205128205128;22.64957264957265;25.0;25.0;0;0
51.033;5.0;0.0;0.0;23.128205128205128;22.64957264957265;25.0;25.0;0;0
51.142;5.0;0.0;0.0;23.128205128205128;22.64957264957265;25.0;25.0;0;0
51.256;5.0;0.0;0.0;23.128205128205128;22.64957264957265;25.0;25.0;0;0
51.36;5.0;0.0;0.0;23.128205128205128;22.64957264957265;25.0;25.0;0;0
51.46;5.0;0.0;0.0;23.128205128205128;22.64957264957265;25.0;25.0;0;0
51.568;5.0;0.0;0.0;23.128205128205128;22.64957264957265;25.0;25.0;0;0
51.684;5.0;0.0;0.0;23.076923076923077;22.64957264957265;25.0;25.0;0;0
51.792;5.0;0.0;0.0;23.076923076923077;22.64957264957265;25.0;25.0;0;0
51.903;5.0;0.0;0.0;23.076923076923077;22.64957264957265;25.0;25.0;0;0
52.013;5.0;0.0;0.0;23.076923076923077;22.64957264957265;25.0;25.0;0;0
52.127;5.0;0.0;0.0;23.076923076923077;22.64957264957265;25.0;25.0;0;0
52.239;5.0;0.0;0.0;23.076923076923077;22.64957264957265;25.0;25.0;0;0
52.35;5.0;0.0;0.0;23.076923076923077;22.64957264957265;25.0;25.0;0;0
52.457;4.8775;0.0;0.0;23.076923076923077;22.64957264957265;25.0;25.0;0;0
52.571;4.3675;0.0;0.0;23.076923076923077;22.64957264957265;25.0;25.0;0;0
52.681;3.85875;0.0;0.0;23.076923076923077;22.64957264957265;25.0;25.0;0;0
52.792;3.10125;0.0;0.0;23.076923076923077;22.64957264957265;25.0;25.0;0;0
52.9;2.5925;0.0;0.0;23.076923076923077;22.64957264957265;25.0;25.0;0;0
53.003;2.09;0.0;0.0;23.076923076923077;22.64957264957265;25.0;25.0;0;0
53.126;1.5825;0.0;0.0;23.076923076923077;22.64957264957265;25.0;25.0;0;0
53.234;1.075;0.0;0.0;23.076923076923077;22.64957264957265;25.0;25.0;0;0
53.345;0.5725;0.0;0.0;23.076923076923077;22.64957264957265;25.0;25.0;0;0
53.46;0.0;0.0;0.0;23.076923076923077;22.64957264957265;25.0;25.0;0;0
53.561;0.0;0.0;0.0;23.076923076923077;22.64957264957265;25.0;25.0;0;0
53.667;0.0;0.0;0.0;23.076923076923077;22.64957264957265;25.0;25.0;0;0
53.774;0.0;0.0;0.0;23.076923076923077;22.64957264957265;25.0;25.0;0;0
53.887;0.0;0.0;0.0;23.076923076923077;22.64957264957265;25.0;25.0;0;0
53.999;0.0;0.0;0.0;23.076923076923077;22.64957264957265;25.0;25.0;0;0
54.108;0.0;0.0;0.0;23.076923076923077;22.64957264957265;25.0;25.0;0;0
54.223;0.0;0.0;0.0;23.076923076923077;22.64957264957265;25.0;25.0;0;0
54.325;0.0;0.0;0.0;23.076923076923077;22.64957264957265;25.0;25.0;0;0
54.431;0.0;0.0;0.0;23.076923076923077;22.64957264957265;25.0;25.0;0;0
54.543;0.0;0.0;0.0;23.076923076923077;22.64957264957265;25.0;25.0;0;0
54.649;0.0;0.0;0.0;23.128205128205128;22.64957264957265;25.0;25.0;0;0
54.762;0.0;0.0;0.0;23.128205128205128;22.64957264957265;25.0;25.0;0;0
54.873;0.0;0.0;0.0;23.128205128205128;22.64957264957265;25.0;25.0;0;0
54.985;0.0;0.0;0.0;23.128205128205128;22.64957264957265;25.0;25.0;0;0
55.093;0.0;0.0;0.0;23.128205128205128;22.64957264957265;25.0;25.0;0;0
55.194;0.0;0.0;0.0;23.128205128205128;22.64957264957265;25.0;25.0;0;0
55.31;0.0;0.0;0.0;23.128205128205128;22.64957264957265;25.0;25.0;0;0
55.412;0.0;0.0;0.0;23.128205128205128;22.64957264957265;25.0;25.0;0;0
55.523;0.0;0.0;0.0;23.128205128205128;22.64957264957265;25.0;25.0;0;0
55.633;0.0;0.0;0.0;23.128205128205128;22.64957264957265;25.0;25.0;0;0
55.742;0.0425;0.0;0.0;23.076923076923077;22.64957264957265;25.0;25.0;0;0
55.86;0.77;0.0;0.0;23.076923076923077;22.64957264957265;25.0;25.0;0;0
55.973;1.275;0.0;0.0;23.076923076923077;22.64957264957265;25.0;25.0;0;0
56.078;1.785;0.0;0.0;23.076923076923077;22.64957264957265;25.0;25.0;0;0
56.194;2.29625;0.0;0.0;23.076923076923077;22.64957264957265;25.0;25.0;0;0
56.304;3.0625;0.0;0.0;23.076923076923077;22.64957264957265;25.0;25.0;0;0
56.412;3.57875;0.0;0.0;23.076923076923077;22.64957264957265;25.0;25.0;0;0
56.513;4.09;0.0;0.0;23.076923076923077;22.64957264957265;25.0;25.0;0;0
56.616;4.60625;0.0;0.0;23.076923076923077;22.64957264957265;25.0;25.0;0;0
56.729;5.1225;0.0;0.0;23.076923076923077;22.64957264957265;25.0;25.0;0;0
56.839;5.6325;0.0;0.0;23.076923076923077;22.64957264957265;25.0;25.0;0;0
56.952;6.40375;0.0;0.0;23.076923076923077;22.64957264957265;25.0;25.0;0;0
57.063;6.91375;0.0;0.0;23.076923076923077;22.64957264957265;25.0;25.0;0;0
57.183;7.68375;0.0;0.0;23.076923076923077;22.64957264957265;25.0;25.0;0;0
57.301;7.93875;0.0;0.0;23.076923076923077;22.64957264957265;25.0;25.0;0;0
57.405;8.69875;0.0;0.0;23.076923076923077;22.64957264957265;25.0;25.0;0;0
57.521;8.9525;0.0;0.0;23.076923076923077;22.64957264957265;25.0;25.0;0;0
57.626;9.94125;0.0;0.0;23.076923076923077;22.700854700854702;25.0;25.0;0;0
57.74;10.0;0.0;0.0;23.076923076923077;22.700854700854702;25.0;25.0;0;0
57.84;10.0;0.0;0.0;23.076923076923077;22.700854700854702;25.0;25.0;0;0
57.959;10.0;0.0;0.0;23.076923076923077;22.700854700854702;25.0;25.0;0;0
58.068;10.0;0.0;0.0;23.076923076923077;22.700854700854702;25.0;25.0;0;0
58.171;10.0;0.0;0.0;23.076923076923077;22.700854700854702;25.0;25.0;0;0
58.29;10.0;0.0;0.0;23.076923076923077;22.700854700854702;25.0;25.0;0;0
58.39;10.0;0.0;0.0;23.076923076923077;22.700854700854702;25.0;25.0;0;0
58.509;10.0;0.0;0.0;23.076923076923077;22.700854700854702;25.0;25.0;0;0
58.61;10.0;0.0;0.0;23.128205128205128;22.64957264957265;25.0;25.0;0;0
58.728;10.0;0.0;0.0;23.128205128205128;22.64957264957265;25.0;25.0;0;0
58.829;10.0;0.0;0.0;23.128205128205128;22.64957264957265;25.0;25.0;0;0
58.944;10.0;0.0;0.0;23.128205128205128;22.64957264957265;25.0;25.0;0;0
59.045;10.0;0.0;0.0;23.128205128205128;22.64957264957265;25.0;25.0;0;0
59.147;10.0;0.0;0.0;23.128205128205128;22.64957264957265;25.0;25.0;0;0
59.264;10.0;0.0;0.0;23.128205128205128;22.64957264957265;25.0;25.0;0;0
59.366;10.0;0.0;0.0;23.128205128205128;22.64957264957265;25.0;25.0;0;0
59.484;10.0;0.0;0.0;23.128205128205128;22.64957264957265;25.0;25.0;0;0
59.588;10.0;0.0;0.0;23.128205128205128;22.64957264957265;25.0;25.0;0;0
59.689;10.0;0.0;0.0;23.128205128205128;22.64957264957265;25.0;25.0;0;0
59.807;10.0;0.0;0.0;23.128205128205128;22.64957264957265;25.0;25.0;0;0
59.908;9.79625;0.0;0.0;23.128205128205128;22.64957264957265;25.0;25.0;0;0
60.028;9.53875;0.0;0.0;23.128205128205128;22.64957264957265;25.0;25.0;0;0
60.129;8.775;0.0;0.0;23.128205128205128;22.64957264957265;25.0;25.0;0;0
60.243;8.26625;0.0;0.0;23.128205128205128;22.64957264957265;25.0;25.0;0;0
60.349;7.50875;0.0;0.0;23.128205128205128;22.64957264957265;25.0;25.0;0;0
60.468;7.25125;0.0;0.0;23.128205128205128;22.64957264957265;25.0;25.0;0;0
60.57;6.485;0.0;0.0;23.076923076923077;22.64957264957265;25.0;25.0;0;0
60.691;5.97125;0.0;0.0;23.076923076923077;22.64957264957265;25.0;25.0;0;0
60.792;5.45625;0.0;0.0;23.076923076923077;22.64957264957265;25.0;25.0;0;0
60.9;4.69125;0.0;0.0;23.076923076923077;22.64957264957265;25.0;25.0;0;0
61.012;4.435;0.0;0.0;23.076923076923077;22.64957264957265;25.0;25.0;0;0
61.12;3.92125;0.0;0.0;23.076923076923077;22.64957264957265;25.0;25.0;0;0
61.224;3.1575;0.0;0.0;23.076923076923077;22.64957264957265;25.0;25.0;0;0
61.325;2.645;0.0;0.0;23.076923076923077;22.64957264957265;25.0;25.0;0;0
61.434;2.13625;0.0;0.0;23.076923076923077;22.64957264957265;25.0;25.0;0;0
61.547;1.62375;0.0;0.0;23.076923076923077;22.64957264957265;25.0;25.0;0;0
61.654;1.11;0.0;0.0;23.076923076923077;22.64957264957265;25.0;25.0;0;0
61.767;0.345;0.0;0.0;23.076923076923077;22.64957264957265;25.0;25.0;0;0
61.874;-0.1675;0.0;0.0;23.076923076923077;22.64957264957265;25.0;25.0;0;0
61.981;-0.67875;0.0;0.0;23.076923076923077;22.64957264957265;25.0;25.0;0;0
62.092;-1.185;0.0;0.0;23.076923076923077;22.64957264957265;25.0;25.0;0;0
62.205;-1.69625;0.0;0.0;23.076923076923077;22.64957264957265;25.0;25.0;0;0
62.308;-2.45875;0.0;0.0;23.076923076923077;22.64957264957265;25.0;25.0;0;0
62.413;-2.715;0.0;0.0;23.076923076923077;22.64957264957265;25.0;25.0;0;0
62.518;-3.4825;0.0;0.0;23.076923076923077;22.64957264957265;25.0;25.0;0;0
62.635;-3.98875;0.0;0.0;23.076923076923077;22.64957264957265;25.0;25.0;0;0
62.742;-4.5;0.0;0.0;23.076923076923077;22.64957264957265;25.0;25.0;0;0
62.843;-5.01125;0.0;0.0;23.076923076923077;22.64957264957265;25.0;25.0;0;0
62.949;-5.52375;0.0;0.0;23.076923076923077;22.64957264957265;25.0;25.0;0;0
63.05;-6.29125;0.0;0.0;23.076923076923077;22.64957264957265;25.0;25.0;0;0
63.15;-6.7975;0.0;0.0;23.076923076923077;22.64957264957265;25.0;25.0;0;0
63.251;-7.05375;0.0;0.0;23.076923076923077;22.64957264957265;25.0;25.0;0;0
63.352;-7.82;0.0;0.0;23.076923076923077;22.64957264957265;25.0;25.0;0;0
63.452;-8.3225;0.0;0.0;23.076923076923077;22.64957264957265;25.0;25.0;0;0
63.553;-8.83;0.0;0.0;23.076923076923077;22.64957264957265;25.0;25.0;0;0
63.657;-9.3375;0.0;0.0;23.076923076923077;22.64957264957265;25.0;25.0;0;0
63.758;-9.84375;0.0;0.0;23.076923076923077;22.64957264957265;25.0;25.0;0;0
63.862;-10.0;0.0;0.0;23.076923076923077;22.64957264957265;25.0;25.0;0;0
63.968;-10.0;0.0;0.0;23.076923076923077;22.64957264957265;25.0;25.0;0;0
64.071;-10.0;0.0;0.0;23.076923076923077;22.64957264957265;25.0;25.0;0;0
64.171;-10.0;0.0;0.0;23.076923076923077;22.64957264957265;25.0;25.0;0;0
64.272;-10.0;0.0;0.0;23.076923076923077;22.64957264957265;25.0;25.0;0;0
64.382;-10.0;0.0;0.0;23.076923076923077;22.64957264957265;25.0;25.0;0;0
64.495;-10.0;0.0;0.0;23.076923076923077;22.64957264957265;25.0;25.0;0;0
64.606;-10.0;0.0;0.0;23.076923076923077;22.64957264957265;25.0;25.0;0;0
64.721;-10.0;0.0;0.0;23.076923076923077;22.700854700854702;25.0;25.0;0;0
64.826;-10.0;0.0;0.0;23.076923076923077;22.700854700854702;25.0;25.0;0;0
64.936;-10.0;0.0;0.0;23.076923076923077;22.700854700854702;25.0;25.0;0;0
65.056;-10.0;0.0;0.0;23.076923076923077;22.700854700854702;25.0;25.0;0;0
65.193;-10.0;0.0;0.0;23.076923076923077;22.700854700854702;25.0;25.0;0;0
65.297;-10.0;0.0;0.0;23.076923076923077;22.700854700854702;25.0;25.0;0;0
65.398;-10.0;0.0;0.0;23.076923076923077;22.700854700854702;25.0;25.0;0;0
65.499;-10.0;0.0;0.0;23.076923076923077;22.700854700854702;25.0;25.0;0;0
65.609;-10.0;0.0;0.0;23.076923076923077;22.700854700854702;25.0;25.0;0;0
65.717;-10.0;0.0;0.0;23.128205128205128;22.64957264957265;25.0;25.0;0;0
65.818;-10.0;0.0;0.0;23.128205128205128;22.64957264957265;25.0;25.0;0;0
65.923;-10.0;0.0;0.0;23.128205128205128;22.64957264957265;25.0;25.0;0;0
66.024;-9.785;0.0;0.0;23.128205128205128;22.64957264957265;25.0;25.0;0;0
66.133;-9.5325;0.0;0.0;23.128205128205128;22.64957264957265;25.0;25.0;0;0
66.24;-8.76625;0.0;0.0;23.128205128205128;22.64957264957265;25.0;25.0;0;0
66.357;-8.25625;0.0;0.0;23.128205128205128;22.64957264957265;25.0;25.0;0;0
66.468;-7.75;0.0;0.0;23.128205128205128;22.64957264957265;25.0;25.0;0;0
66.574;-7.2375;0.0;0.0;23.128205128205128;22.64957264957265;25.0;25.0;0;0
66.686;-6.72125;0.0;0.0;23.128205128205128;22.700854700854702;25.0;25.0;0;0
66.799;-5.9525;0.0;0.0;23.128205128205128;22.700854700854702;25.0;25.0;0;0
66.908;-5.43625;0.0;0.0;23.128205128205128;22.700854700854702;25.0;25.0;0;0
67.019;-4.92375;0.0;0.0;23.128205128205128;22.700854700854702;25.0;25.0;0;0
67.13;-4.41;0.0;0.0;23.128205128205128;22.700854700854702;25.0;25.0;0;0
67.236;-3.6375;0.0;0.0;23.128205128205128;22.700854700854702;25.0;25.0;0;0
67.338;-3.1225;0.0;0.0;23.128205128205128;22.700854700854702;25.0;25.0;0;0
67.449;-2.60875;0.0;0.0;23.128205128205128;22.700854700854702;25.0;25.0;0;0
67.554;-2.1025;0.0;0.0;23.128205128205128;22.700854700854702;25.0;25.0;0;0
67.671;-1.5925;0.0;0.0;23.128205128205128;22.700854700854702;25.0;25.0;0;0
67.777;-1.08375;0.0;0.0;23.076923076923077;22.64957264957265;25.0;25.0;0;0
67.895;-0.57875;0.0;0.0;23.076923076923077;22.64957264957265;25.0;25.0;0;0
68.006;0.0;0.0;0.0;23.076923076923077;22.64957264957265;25.0;25.0;0;0
68.11;0.0;0.0;0.0;23.076923076923077;22.64957264957265;25.0;25.0;0;0
68.227;0.0;0.0;0.0;23.076923076923077;22.64957264957265;25.0;25.0;0;0
68.338;0.0;0.0;0.0;23.076923076923077;22.64957264957265;25.0;25.0;0;0
68.443;0.0;0.0;0.0;23.076923076923077;22.64957264957265;25.0;25.0;0;0
68.544;0.0;0.0;0.0;23.076923076923077;22.64957264957265;25.0;25.0;0;0
68.649;0.0;0.0;0.0;23.076923076923077;22.64957264957265;25.0;25.0;0;0
68.75;0.0;0.0;0.0;23.128205128205128;22.64957264957265;25.0;25.0;0;0
68.85;0.0;0.0;0.0;23.128205128205128;22.64957264957265;25.0;25.0;0;0
68.951;0.0;0.0;0.0;23.128205128205128;22.64957264957265;25.0;25.0;0;0
69.051;0.0;0.0;0.0;23.128205128205128;22.64957264957265;25.0;25.0;0;0
69.152;0.0;0.0;0.0;23.128205128205128;22.64957264957265;25.0;25.0;0;0
69.253;0.0;0.0;0.0;23.128205128205128;22.64957264957265;25.0;25.0;0;0
69.356;0.0;0.0;0.0;23.128205128205128;22.64957264957265;25.0;25.0;0;0
69.458;0.0;0.0;0.0;23.128205128205128;22.64957264957265;25.0;25.0;0;0
69.56;0.0;0.0;0.0;23.128205128205128;22.64957264957265;25.0;25.0;0;0
69.671;0.0;0.0;0.0;23.076923076923077;22.64957264957265;25.0;25.0;0;0
69.778;0.0;0.0;0.0;23.076923076923077;22.64957264957265;25.0;25.0;0;0
69.893;0.0;0.0;0.0;23.076923076923077;22.64957264957265;25.0;25.0;0;0
70.008;0.0;0.0;0.0;23.076923076923077;22.64957264957265;25.0;25.0;0;0
70.115;0.0;0.0;0.0;23.076923076923077;22.64957264957265;25.0;25.0;0;0
70.23;0.0;0.0;0.0;23.076923076923077;22.64957264957265;25.0;25.0;0;0
70.338;0.0;0.0;0.0;23.076923076923077;22.64957264957265;25.0;25.0;0;0
70.453;0.0;0.0;0.0;23.076923076923077;22.64957264957265;25.0;25.0;0;0
70.567;0.0;0.0;0.0;23.076923076923077;22.64957264957265;25.0;25.0;0;0
70.673;0.0;0.0;0.0;23.076923076923077;22.64957264957265;25.0;25.0;0;0
70.787;0.0;0.0;0.0;23.076923076923077;22.64957264957265;25.0;25.0;0;0
70.888;0.0;0.0;0.0;23.076923076923077;22.64957264957265;25.0;25.0;0;0
70.996;0.0;0.0;0.0;23.076923076923077;22.64957264957265;25.0;25.0;0;0
71.103;0.0;0.0;0.0;23.076923076923077;22.64957264957265;25.0;25.0;0;0
71.204;0.0;0.0;0.0;23.076923076923077;22.64957264957265;25.0;25.0;0;0
71.31;0.0;0.0;0.0;23.076923076923077;22.64957264957265;25.0;25.0;0;0
71.41;0.0;0.0;0.0;23.076923076923077;22.64957264957265;25.0;25.0;0;0
71.511;0.0;0.0;0.0;23.076923076923077;22.64957264957265;25.0;25.0;0;0
71.611;0.0;0.0;0.0;23.076923076923077;22.64957264957265;25.0;25.0;0;0
71.712;0.0;0.0;0.0;23.076923076923077;22.64957264957265;25.0;25.0;0;0
71.814;0.0;0.0;0.0;23.076923076923077;22.64957264957265;25.0;25.0;0;0
71.914;0.0;0.0;0.0;23.076923076923077;22.64957264957265;25.0;25.0;0;0
72.019;0.0;0.0;0.0;23.076923076923077;22.64957264957265;25.0;25.0;0;0
72.122;0.0;0.0;0.0;23.076923076923077;22.64957264957265;25.0;25.0;0;0
72.23;0.0;0.0;0.0;23.076923076923077;22.64957264957265;25.0;25.0;0;0
72.34;0.0875;0.0;0.0;23.076923076923077;22.64957264957265;25.0;25.0;0;0
72.44;0.845;0.0;0.0;23.076923076923077;22.64957264957265;25.0;25.0;0;0
72.56;1.34875;0.0;0.0;23.076923076923077;22.64957264957265;25.0;25.0;0;0
72.665;1.86;0.0;0.0;23.128205128205128;22.64957264957265;25.0;25.0;0;0
72.776;2.37125;0.0;0.0;23.128205128205128;22.64957264957265;25.0;25.0;0;0
72.88;2.88;0.0;0.0;23.128205128205128;22.64957264957265;25.0;25.0;0;0
72.999;3.39625;0.0;0.0;23.128205128205128;22.64957264957265;25.0;25.0;0;0
73.099;4.17125;0.0;0.0;23.128205128205128;22.64957264957265;25.0;25.0;0;0
73.217;4.42875;0.0;0.0;23.128205128205128;22.64957264957265;25.0;25.0;0;0
73.318;5.20375;0.0;0.0;23.128205128205128;22.64957264957265;25.0;25.0;0;0
73.428;5.7125;0.0;0.0;23.128205128205128;22.64957264957265;25.0;25.0;0;0
73.542;6.2275;0.0;0.0;23.128205128205128;22.64957264957265;25.0;25.0;0;0
73.667;6.995;0.0;0.0;23.128205128205128;22.64957264957265;25.0;25.0;0;0
73.77;7.50875;0.0;0.0;23.128205128205128;22.64957264957265;25.0;25.0;0;0
73.871;8.01875;0.0;0.0;23.128205128205128;22.64957264957265;25.0;25.0;0;0
73.985;8.52375;0.0;0.0;23.128205128205128;22.64957264957265;25.0;25.0;0;0
74.11;9.0325;0.0;0.0;23.128205128205128;22.64957264957265;25.0;25.0;0;0
74.21;9.80125;0.0;0.0;23.128205128205128;22.64957264957265;25.0;25.0;0;0
74.324;10.0;0.0;0.0;23.128205128205128;22.64957264957265;25.0;25.0;0;0
74.425;10.0;0.0;0.0;23.128205128205128;22.64957264957265;25.0;25.0;0;0
74.532;10.0;0.0;0.0;23.128205128205128;22.64957264957265;25.0;25.0;0;0
74.635;10.0;0.0;0.0;23.128205128205128;22.64957264957265;25.0;25.0;0;0
74.756;10.0;0.0;0.0;23.128205128205128;22.64957264957265;25.0;25.0;0;0
74.857;10.0;0.0;0.0;23.128205128205128;22.64957264957265;25.0;25.0;0;0
74.972;10.0;0.0;0.0;23.128205128205128;22.64957264957265;25.0;25.0;0;0
75.08;10.0;0.0;0.0;23.128205128205128;22.64957264957265;25.0;25.0;0;0
75.191;10.0;0.0;0.0;23.128205128205128;22.64957264957265;25.0;25.0;0;0
75.293;10.0;0.0;0.0;23.128205128205128;22.64957264957265;25.0;25.0;0;0
75.409;10.0;0.0;0.0;23.128205128205128;22.64957264957265;25.0;25.0;0;0
75.51;10.0;0.0;0.0;23.128205128205128;22.64957264957265;25.0;25.0;0;0
75.637;10.0;0.0;0.0;23.128205128205128;22.64957264957265;25.0;25.0;0;0
75.74;10.0;0.0;0.0;23.128205128205128;22.64957264957265;25.0;25.0;0;0
75.841;10.0;0.0;0.0;23.128205128205128;22.64957264957265;25.0;25.0;0;0
75.956;10.0;0.0;0.0;23.128205128205128;22.64957264957265;25.0;25.0;0;0
76.058;10.0;0.0;0.0;23.128205128205128;22.64957264957265;25.0;25.0;0;0
76.178;10.0;0.0;0.0;23.128205128205128;22.64957264957265;25.0;25.0;0;0
76.286;10.0;0.0;0.0;23.128205128205128;22.64957264957265;25.0;25.0;0;0
76.398;10.0;0.0;0.0;23.128205128205128;22.64957264957265;25.0;25.0;0;0
76.502;10.0;0.0;0.0;23.128205128205128;22.64957264957265;25.0;25.0;0;0
76.603;9.62375;0.0;0.0;23.128205128205128;22.64957264957265;25.0;25.0;0;0
76.71;9.3675;0.0;0.0;23.128205128205128;22.700854700854702;25.0;25.0;0;0
76.831;8.86;0.0;0.0;23.128205128205128;22.700854700854702;25.0;25.0;0;0
76.932;8.10125;0.0;0.0;23.128205128205128;22.700854700854702;25.0;25.0;0;0
77.033;7.5925;0.0;0.0;23.128205128205128;22.700854700854702;25.0;25.0;0;0
77.136;7.085;0.0;0.0;23.128205128205128;22.700854700854702;25.0;25.0;0;0
77.25;6.57125;0.0;0.0;23.128205128205128;22.700854700854702;25.0;25.0;0;0
77.354;6.05625;0.0;0.0;23.128205128205128;22.700854700854702;25.0;25.0;0;0
77.46;5.5475;0.0;0.0;23.128205128205128;22.700854700854702;25.0;25.0;0;0
77.572;5.0325;0.0;0.0;23.128205128205128;22.700854700854702;25.0;25.0;0;0
77.684;4.52;0.0;0.0;23.128205128205128;22.700854700854702;25.0;25.0;0;0
77.796;3.755;0.0;0.0;23.128205128205128;22.700854700854702;25.0;25.0;0;0
77.905;3.2425;0.0;0.0;23.128205128205128;22.700854700854702;25.0;25.0;0;0
78.016;2.735;0.0;0.0;23.128205128205128;22.700854700854702;25.0;25.0;0;0
78.135;1.965;0.0;0.0;23.128205128205128;22.700854700854702;25.0;25.0;0;0
78.238;1.4525;0.0;0.0;23.128205128205128;22.700854700854702;25.0;25.0;0;0
78.352;0.94375;0.0;0.0;23.128205128205128;22.700854700854702;25.0;25.0;0;0
78.455;0.43125;0.0;0.0;23.128205128205128;22.700854700854702;25.0;25.0;0;0
78.582;-0.0825;0.0;0.0;23.128205128205128;22.700854700854702;25.0;25.0;0;0
78.696;-0.59375;0.0;0.0;23.128205128205128;22.700854700854702;25.0;25.0;0;0
78.799;-1.36125;0.0;0.0;23.128205128205128;22.64957264957265;25.0;25.0;0;0
78.9;-1.8675;0.0;0.0;23.128205128205128;22.64957264957265;25.0;25.0;0;0
79.0;-2.37875;0.0;0.0;23.128205128205128;22.64957264957265;25.0;25.0;0;0
79.125;-2.89125;0.0;0.0;23.128205128205128;22.64957264957265;25.0;25.0;0;0
79.232;-3.3975;0.0;0.0;23.128205128205128;22.64957264957265;25.0;25.0;0;0
79.343;-4.165;0.0;0.0;23.128205128205128;22.64957264957265;25.0;25.0;0;0
79.454;-4.67125;0.0;0.0;23.128205128205128;22.64957264957265;25.0;25.0;0;0
79.563;-5.1825;0.0;0.0;23.128205128205128;22.64957264957265;25.0;25.0;0;0
79.675;-5.695;0.0;0.0;23.128205128205128;22.64957264957265;25.0;25.0;0;0
79.776;-6.4575;0.0;0.0;23.128205128205128;22.64957264957265;25.0;25.0;0;0
79.884;-6.7125;0.0;0.0;23.128205128205128;22.64957264957265;25.0;25.0;0;0
79.989;-7.48125;0.0;0.0;23.128205128205128;22.64957264957265;25.0;25.0;0;0
80.106;-7.98875;0.0;0.0;23.128205128205128;22.64957264957265;25.0;25.0;0;0
80.21;-8.4975;0.0;0.0;23.128205128205128;22.64957264957265;25.0;25.0;0;0
80.326;-8.99875;0.0;0.0;23.128205128205128;22.64957264957265;25.0;25.0;0;0
80.435;-9.5075;0.0;0.0;23.128205128205128;22.64957264957265;25.0;25.0;0;0
80.545;-10.0;0.0;0.0;23.128205128205128;22.64957264957265;25.0;25.0;0;0
80.661;-10.0;0.0;0.0;23.128205128205128;22.64957264957265;25.0;25.0;0;0
80.767;-10.0;0.0;0.0;23.128205128205128;22.64957264957265;25.0;25.0;0;0
80.885;-10.0;0.0;0.0;23.128205128205128;22.64957264957265;25.0;25.0;0;0
80.989;-10.0;0.0;0.0;23.128205128205128;22.64957264957265;25.0;25.0;0;0
81.106;-10.0;0.0;0.0;23.128205128205128;22.64957264957265;25.0;25.0;0;0
81.213;-10.0;0.0;0.0;23.128205128205128;22.64957264957265;25.0;25.0;0;0
81.329;-10.0;0.0;0.0;23.128205128205128;22.64957264957265;25.0;25.0;0;0
81.436;-10.0;0.0;0.0;23.128205128205128;22.64957264957265;25.0;25.0;0;0
81.545;-10.0;0.0;0.0;23.128205128205128;22.64957264957265;25.0;25.0;0;0
81.659;-10.0;0.0;0.0;23.128205128205128;22.64957264957265;25.0;25.0;0;0
81.767;-10.0;0.0;0.0;23.128205128205128;22.64957264957265;25.0;25.0;0;0
81.877;-10.0;0.0;0.0;23.128205128205128;22.64957264957265;25.0;25.0;0;0
81.98;-10.0;0.0;0.0;23.128205128205128;22.64957264957265;25.0;25.0;0;0
82.085;-10.0;0.0;0.0;23.128205128205128;22.64957264957265;25.0;25.0;0;0
82.199;-10.0;0.0;0.0;23.128205128205128;22.64957264957265;25.0;25.0;0;0
82.309;-10.0;0.0;0.0;23.128205128205128;22.64957264957265;25.0;25.0;0;0
82.42;-10.0;0.0;0.0;23.128205128205128;22.64957264957265;25.0;25.0;0;0
82.535;-10.0;0.0;0.0;23.128205128205128;22.64957264957265;25.0;25.0;0;0
82.646;-10.0;0.0;0.0;23.128205128205128;22.64957264957265;25.0;25.0;0;0
82.749;-10.0;0.0;0.0;23.076923076923077;22.64957264957265;25.0;25.0;0;0
82.851;-9.89375;0.0;0.0;23.076923076923077;22.64957264957265;25.0;25.0;0;0
82.958;-9.38625;0.0;0.0;23.076923076923077;22.64957264957265;25.0;25.0;0;0
83.073;-8.87625;0.0;0.0;23.076923076923077;22.64957264957265;25.0;25.0;0;0
83.186;-8.365;0.0;0.0;23.076923076923077;22.64957264957265;25.0;25.0;0;0
83.292;-7.86;0.0;0.0;23.076923076923077;22.64957264957265;25.0;25.0;0;0
83.408;-7.09;0.0;0.0;23.076923076923077;22.64957264957265;25.0;25.0;0;0
83.513;-6.57875;0.0;0.0;23.076923076923077;22.64957264957265;25.0;25.0;0;0
83.624;-6.0625;0.0;0.0;23.076923076923077;22.64957264957265;25.0;25.0;0;0
83.741;-5.54625;0.0;0.0;23.128205128205128;22.700854700854702;25.0;25.0;0;0
83.853;-4.7775;0.0;0.0;23.128205128205128;22.700854700854702;25.0;25.0;0;0
83.955;-4.2625;0.0;0.0;23.128205128205128;22.700854700854702;25.0;25.0;0;0
84.056;-3.7475;0.0;0.0;23.128205128205128;22.700854700854702;25.0;25.0;0;0
84.169;-3.23875;0.0;0.0;23.128205128205128;22.700854700854702;25.0;25.0;0;0
84.276;-2.72375;0.0;0.0;23.128205128205128;22.700854700854702;25.0;25.0;0;0
84.393;-2.21125;0.0;0.0;23.128205128205128;22.700854700854702;25.0;25.0;0;0
84.504;-1.44625;0.0;0.0;23.128205128205128;22.700854700854702;25.0;25.0;0;0
84.61;-0.9375;0.0;0.0;23.128205128205128;22.700854700854702;25.0;25.0;0;0
84.71;-0.4325;0.0;0.0;23.128205128205128;22.700854700854702;25.0;25.0;0;0
84.821;-0.0125;0.0;0.0;23.128205128205128;22.700854700854702;25.0;25.0;0;0
84.928;0.0;0.0;0.0;23.128205128205128;22.700854700854702;25.0;25.0;0;0
85.041;0.0;0.0;0.0;23.128205128205128;22.700854700854702;25.0;25.0;0;0
85.15;0.0;0.0;0.0;23.128205128205128;22.700854700854702;25.0;25.0;0;0
85.262;0.0;0.0;0.0;23.128205128205128;22.700854700854702;25.0;25.0;0;0
85.372;0.0;0.0;0.0;23.128205128205128;22.700854700854702;25.0;25.0;0;0
85.485;0.0;0.0;0.0;23.128205128205128;22.700854700854702;25.0;25.0;0;0
85.598;0.0;0.0;0.0;23.128205128205128;22.700854700854702;25.0;25.0;0;0
85.707;0.0;0.0;0.0;23.128205128205128;22.700854700854702;25.0;25.0;0;0
85.82;0.0;0.0;0.0;23.076923076923077;22.64957264957265;25.0;25.0;0;0
85.924;0.0;0.0;0.0;23.076923076923077;22.64957264957265;25.0;25.0;0;0
86.04;0.0;0.0;0.0;23.076923076923077;22.64957264957265;25.0;25.0;0;0
86.15;0.0;0.0;0.0;23.076923076923077;22.64957264957265;25.0;25.0;0;0
86.263;0.0;0.0;0.0;23.076923076923077;22.64957264957265;25.0;25.0;0;0
86.375;0.0;0.0;0.0;23.076923076923077;22.64957264957265;25.0;25.0;0;0
86.48;0.0;0.0;0.0;23.076923076923077;22.64957264957265;25.0;25.0;0;0
86.598;0.0;0.0;0.0;23.076923076923077;22.64957264957265;25.0;25.0;0;0
86.703;0.0;0.0;0.0;23.076923076923077;22.64957264957265;25.0;25.0;0;0
86.821;0.0;0.0;0.0;23.128205128205128;22.64957264957265;25.0;25.0;0;0
86.93;0.0;0.0;0.0;23.128205128205128;22.64957264957265;25.0;25.0;0;0
87.041;0.0;0.0;0.0;23.128205128205128;22.64957264957265;25.0;25.0;0;0
87.156;0.0;0.0;0.0;23.128205128205128;22.64957264957265;25.0;25.0;0;0
87.257;0.0;0.0;0.0;23.128205128205128;22.64957264957265;25.0;25.0;0;0
87.366;0.0;0.0;0.0;23.128205128205128;22.64957264957265;25.0;25.0;0;0
87.481;0.0;0.0;0.0;23.128205128205128;22.64957264957265;25.0;25.0;0;0
87.581;0.0;0.0;0.0;23.128205128205128;22.64957264957265;25.0;25.0;0;0
87.683;0.0;0.0;0.0;23.128205128205128;22.64957264957265;25.0;25.0;0;0
87.798;0.0;0.0;0.0;23.128205128205128;22.64957264957265;25.0;25.0;0;0
87.919;0.0;0.0;0.0;23.128205128205128;22.64957264957265;25.0;25.0;0;0
88.024;0.0;0.0;0.0;23.128205128205128;22.64957264957265;25.0;25.0;0;0
88.143;0.0;0.0;0.0;23.128205128205128;22.64957264957265;25.0;25.0;0;0
88.245;0.0;0.0;0.0;23.128205128205128;22.64957264957265;25.0;25.0;0;0
88.356;0.0;0.0;0.0;23.128205128205128;22.64957264957265;25.0;25.0;0;0
88.457;0.0;0.0;0.0;23.128205128205128;22.64957264957265;25.0;25.0;0;0
88.564;0.0;0.0;0.0;23.128205128205128;22.64957264957265;25.0;25.0;0;0
88.686;0.0;0.0;0.0;23.128205128205128;22.64957264957265;25.0;25.0;0;0
88.787;0.0;0.0;0.0;23.128205128205128;22.64957264957265;25.0;25.0;0;0
88.905;0.0;0.0;0.0;23.128205128205128;22.64957264957265;25.0;25.0;0;0
89.006;0.0;0.0;0.0;23.128205128205128;22.64957264957265;25.0;25.0;0;0
89.13;0.0;0.0;0.0;23.128205128205128;22.64957264957265;25.0;25.0;0;0
89.231;0.0;0.0;0.0;23.128205128205128;22.64957264957265;25.0;25.0;0;0
89.335;0.3375;0.0;0.0;23.128205128205128;22.64957264957265;25.0;25.0;0;0
89.441;0.84875;0.0;0.0;23.128205128205128;22.64957264957265;25.0;25.0;0;0
89.553;1.61375;0.0;0.0;23.128205128205128;22.64957264957265;25.0;25.0;0;0
89.675;2.11875;0.0;0.0;23.128205128205128;22.64957264957265;25.0;25.0;0;0
89.777;2.63125;0.0;0.0;23.076923076923077;22.64957264957265;25.0;25.0;0;0
89.891;3.1475;0.0;0.0;23.076923076923077;22.64957264957265;25.0;25.0;0;0
89.991;3.65875;0.0;0.0;23.076923076923077;22.64957264957265;25.0;25.0;0;0
90.095;4.175;0.0;0.0;23.076923076923077;22.64957264957265;25.0;25.0;0;0
90.221;4.68625;0.0;0.0;23.076923076923077;22.64957264957265;25.0;25.0;0;0
90.324;5.45875;0.0;0.0;23.076923076923077;22.64957264957265;25.0;25.0;0;0
90.442;5.71625;0.0;0.0;23.076923076923077;22.64957264957265;25.0;25.0;0;0
90.543;6.74125;0.0;0.0;23.076923076923077;22.64957264957265;25.0;25.0;0;0
90.656;6.99875;0.0;0.0;23.076923076923077;22.64957264957265;25.0;25.0;0;0
90.765;7.7625;0.0;0.0;23.076923076923077;22.64957264957265;25.0;25.0;0;0
90.871;8.0175;0.0;0.0;23.076923076923077;22.64957264957265;25.0;25.0;0;0
90.983;8.7825;0.0;0.0;23.076923076923077;22.64957264957265;25.0;25.0;0;0
91.1;9.54125;0.0;0.0;23.076923076923077;22.64957264957265;25.0;25.0;0;0
91.201;9.79875;0.0;0.0;23.076923076923077;22.64957264957265;25.0;25.0;0;0
91.311;10.0;0.0;0.0;23.076923076923077;22.64957264957265;25.0;25.0;0;0
91.416;10.0;0.0;0.0;23.076923076923077;22.64957264957265;25.0;25.0;0;0
91.526;10.0;0.0;0.0;23.076923076923077;22.64957264957265;25.0;25.0;0;0
91.627;10.0;0.0;0.0;23.076923076923077;22.64957264957265;25.0;25.0;0;0
91.735;10.0;0.0;0.0;23.076923076923077;22.64957264957265;25.0;25.0;0;0
91.848;10.0;0.0;0.0;23.076923076923077;22.64957264957265;25.0;25.0;0;0
91.954;10.0;0.0;0.0;23.076923076923077;22.64957264957265;25.0;25.0;0;0
92.069;10.0;0.0;0.0;23.076923076923077;22.64957264957265;25.0;25.0;0;0
92.177;10.0;0.0;0.0;23.076923076923077;22.64957264957265;25.0;25.0;0;0
92.278;10.0;0.0;0.0;23.076923076923077;22.64957264957265;25.0;25.0;0;0
92.386;10.0;0.0;0.0;23.076923076923077;22.64957264957265;25.0;25.0;0;0
92.497;10.0;0.0;0.0;23.076923076923077;22.64957264957265;25.0;25.0;0;0
92.605;10.0;0.0;0.0;23.076923076923077;22.64957264957265;25.0;25.0;0;0
92.714;10.0;0.0;0.0;23.076923076923077;22.64957264957265;25.0;25.0;0;0
92.826;10.0;0.0;0.0;23.076923076923077;22.64957264957265;25.0;25.0;0;0
92.941;10.0;0.0;0.0;23.076923076923077;22.64957264957265;25.0;25.0;0;0
93.047;10.0;0.0;0.0;23.076923076923077;22.64957264957265;25.0;25.0;0;0
93.163;10.0;0.0;0.0;23.076923076923077;22.64957264957265;25.0;25.0;0;0
93.273;10.0;0.0;0.0;23.076923076923077;22.64957264957265;25.0;25.0;0;0
93.374;10.0;0.0;0.0;23.076923076923077;22.64957264957265;25.0;25.0;0;0
93.493;9.745;0.0;0.0;23.076923076923077;22.64957264957265;25.0;25.0;0;0
93.593;9.23375;0.0;0.0;23.076923076923077;22.64957264957265;25.0;25.0;0;0
93.696;8.73;0.0;0.0;23.076923076923077;22.64957264957265;25.0;25.0;0;0
93.811;8.22125;0.0;0.0;23.128205128205128;22.64957264957265;25.0;25.0;0;0
93.922;7.4575;0.0;0.0;23.128205128205128;22.64957264957265;25.0;25.0;0;0
94.048;6.94875;0.0;0.0;23.128205128205128;22.64957264957265;25.0;25.0;0;0
94.165;6.435;0.0;0.0;23.128205128205128;22.64957264957265;25.0;25.0;0;0
94.266;5.92;0.0;0.0;23.128205128205128;22.64957264957265;25.0;25.0;0;0
94.382;5.41125;0.0;0.0;23.128205128205128;22.64957264957265;25.0;25.0;0;0
94.484;4.64;0.0;0.0;23.128205128205128;22.64957264957265;25.0;25.0;0;0
94.587;4.38875;0.0;0.0;23.128205128205128;22.64957264957265;25.0;25.0;0;0
94.702;3.62;0.0;0.0;23.128205128205128;22.64957264957265;25.0;25.0;0;0
94.812;3.10625;0.0;0.0;23.128205128205128;22.64957264957265;25.0;25.0;0;0
94.922;2.59875;0.0;0.0;23.128205128205128;22.64957264957265;25.0;25.0;0;0
95.035;2.08625;0.0;0.0;23.128205128205128;22.64957264957265;25.0;25.0;0;0
95.14;1.32125;0.0;0.0;23.128205128205128;22.64957264957265;25.0;25.0;0;0
95.256;0.80875;0.0;0.0;23.128205128205128;22.64957264957265;25.0;25.0;0;0
95.363;0.295;0.0;0.0;23.128205128205128;22.64957264957265;25.0;25.0;0;0
95.476;-0.21375;0.0;0.0;23.128205128205128;22.64957264957265;25.0;25.0;0;0
95.578;-0.98;0.0;0.0;23.128205128205128;22.64957264957265;25.0;25.0;0;0
95.679;-1.49125;0.0;0.0;23.128205128205128;22.64957264957265;25.0;25.0;0;0
95.794;-1.9975;0.0;0.0;23.128205128205128;22.64957264957265;25.0;25.0;0;0
95.919;-2.50875;0.0;0.0;23.128205128205128;22.64957264957265;25.0;25.0;0;0
96.021;-3.02125;0.0;0.0;23.128205128205128;22.64957264957265;25.0;25.0;0;0
96.123;-3.5325;0.0;0.0;23.128205128205128;22.64957264957265;25.0;25.0;0;0
96.237;-4.04375;0.0;0.0;23.128205128205128;22.64957264957265;25.0;25.0;0;0
96.35;-4.80625;0.0;0.0;23.128205128205128;22.64957264957265;25.0;25.0;0;0
96.458;-5.31875;0.0;0.0;23.128205128205128;22.64957264957265;25.0;25.0;0;0
96.559;-5.83;0.0;0.0;23.128205128205128;22.64957264957265;25.0;25.0;0;0
96.671;-6.33625;0.0;0.0;23.128205128205128;22.64957264957265;25.0;25.0;0;0
96.776;-6.84875;0.0;0.0;23.076923076923077;22.64957264957265;25.0;25.0;0;0
96.888;-7.36;0.0;0.0;23.076923076923077;22.64957264957265;25.0;25.0;0;0
96.999;-8.11875;0.0;0.0;23.076923076923077;22.64957264957265;25.0;25.0;0;0
97.108;-8.62625;0.0;0.0;23.076923076923077;22.64957264957265;25.0;25.0;0;0
97.222;-9.12875;0.0;0.0;23.076923076923077;22.64957264957265;25.0;25.0;0;0
97.329;-9.6375;0.0;0.0;23.076923076923077;22.64957264957265;25.0;25.0;0;0
97.438;-9.99875;0.0;0.0;23.076923076923077;22.64957264957265;25.0;25.0;0;0
97.539;-10.0;0.0;0.0;23.076923076923077;22.64957264957265;25.0;25.0;0;0
97.645;-10.0;0.0;0.0;23.076923076923077;22.64957264957265;25.0;25.0;0;0
97.758;-10.0;0.0;0.0;23.076923076923077;22.64957264957265;25.0;25.0;0;0
97.866;-10.0;0.0;0.0;23.128205128205128;22.700854700854702;25.0;25.0;0;0
97.982;-10.0;0.0;0.0;23.128205128205128;22.700854700854702;25.0;25.0;0;0
98.088;-10.0;0.0;0.0;23.128205128205128;22.700854700854702;25.0;25.0;0;0
98.199;-10.0;0.0;0.0;23.128205128205128;22.700854700854702;25.0;25.0;0;0
98.307;-10.0;0.0;0.0;23.128205128205128;22.700854700854702;25.0;25.0;0;0
98.421;-10.0;0.0;0.0;23.128205128205128;22.700854700854702;25.0;25.0;0;0
98.534;-10.0;0.0;0.0;23.128205128205128;22.700854700854702;25.0;25.0;0;0
98.642;-10.0;0.0;0.0;23.128205128205128;22.700854700854702;25.0;25.0;0;0
98.76;-10.0;0.0;0.0;23.128205128205128;22.700854700854702;25.0;25.0;0;0
98.868;-10.0;0.0;0.0;23.128205128205128;22.64957264957265;25.0;25.0;0;0
98.977;-10.0;0.0;0.0;23.128205128205128;22.64957264957265;25.0;25.0;0;0
99.081;-10.0;0.0;0.0;23.128205128205128;22.64957264957265;25.0;25.0;0;0
99.183;-10.0;0.0;0.0;23.128205128205128;22.64957264957265;25.0;25.0;0;0
99.295;-10.0;0.0;0.0;23.128205128205128;22.64957264957265;25.0;25.0;0;0
99.406;-10.0;0.0;0.0;23.128205128205128;22.64957264957265;25.0;25.0;0;0
99.515;-10.0;0.0;0.0;23.128205128205128;22.64957264957265;25.0;25.0;0;0
99.628;-9.8775;0.0;0.0;23.128205128205128;22.64957264957265;25.0;25.0;0;0
99.738;-9.36625;0.0;0.0;23.128205128205128;22.64957264957265;25.0;25.0;0;0
99.852;-8.86125;0.0;0.0;23.076923076923077;22.64957264957265;25.0;25.0;0;0
99.956;-8.09625;0.0;0.0;23.076923076923077;22.64957264957265;25.0;25.0;0;0
100.069;-7.59;0.0;0.0;23.076923076923077;22.64957264957265;25.0;25.0;0;0
100.191;-6.8175;0.0;0.0;23.076923076923077;22.64957264957265;25.0;25.0;0;0
100.296;-6.55875;0.0;0.0;23.076923076923077;22.64957264957265;25.0;25.0;0;0
100.407;-5.79;0.0;0.0;23.076923076923077;22.64957264957265;25.0;25.0;0;0
100.514;-5.27375;0.0;0.0;23.076923076923077;22.64957264957265;25.0;25.0;0;0
100.627;-4.7575;0.0;0.0;23.076923076923077;22.64957264957265;25.0;25.0;0;0
100.736;-4.24875;0.0;0.0;23.076923076923077;22.64957264957265;25.0;25.0;0;0
100.842;-3.73375;0.0;0.0;23.076923076923077;22.64957264957265;25.0;25.0;0;0
100.957;-3.21875;0.0;0.0;23.076923076923077;22.64957264957265;25.0;25.0;0;0
101.073;-2.4525;0.0;0.0;23.076923076923077;22.64957264957265;25.0;25.0;0;0
101.179;-1.9425;0.0;0.0;23.076923076923077;22.64957264957265;25.0;25.0;0;0
101.279;-1.4375;0.0;0.0;23.076923076923077;22.64957264957265;25.0;25.0;0;0
101.384;-0.92875;0.0;0.0;23.076923076923077;22.64957264957265;25.0;25.0;0;0
101.485;-0.41875;0.0;0.0;23.076923076923077;22.64957264957265;25.0;25.0;0;0
101.585;-0.00875;0.0;0.0;23.076923076923077;22.64957264957265;25.0;25.0;0;0
101.686;0.0;0.0;0.0;23.076923076923077;22.64957264957265;25.0;25.0;0;0
101.786;0.0;0.0;0.0;23.128205128205128;22.64957264957265;25.0;25.0;0;0
101.887;0.0;0.0;0.0;23.128205128205128;22.64957264957265;25.0;25.0;0;0
101.99;0.0;0.0;0.0;23.128205128205128;22.64957264957265;25.0;25.0;0;0
102.094;0.0;0.0;0.0;23.128205128205128;22.64957264957265;25.0;25.0;0;0
102.195;0.0;0.0;0.0;23.128205128205128;22.64957264957265;25.0;25.0;0;0
102.295;0.0;0.0;0.0;23.128205128205128;22.64957264957265;25.0;25.0;0;0
102.406;0.0;0.0;0.0;23.128205128205128;22.64957264957265;25.0;25.0;0;0
102.506;0.0;0.0;0.0;23.128205128205128;22.64957264957265;25.0;25.0;0;0
102.62;0.0;0.0;0.0;23.128205128205128;22.64957264957265;25.0;25.0;0;0
102.726;0.0;0.0;0.0;23.128205128205128;22.64957264957265;25.0;25.0;0;0
102.836;0.0;0.0;0.0;23.128205128205128;22.64957264957265;25.0;25.0;0;0
102.937;0.0;0.0;0.0;23.128205128205128;22.64957264957265;25.0;25.0;0;0
103.055;0.0;0.0;0.0;23.128205128205128;22.64957264957265;25.0;25.0;0;0
103.157;0.0;0.0;0.0;23.128205128205128;22.64957264957265;25.0;25.0;0;0
103.275;0.0;0.0;0.0;23.128205128205128;22.64957264957265;25.0;25.0;0;0
103.377;0.0;0.0;0.0;23.128205128205128;22.64957264957265;25.0;25.0;0;0
103.487;0.0;0.0;0.0;23.128205128205128;22.64957264957265;25.0;25.0;0;0
103.604;0.0;0.0;0.0;23.128205128205128;22.64957264957265;25.0;25.0;0;0
103.718;0.0;0.0;0.0;23.128205128205128;22.64957264957265;25.0;25.0;0;0
103.82;0.0;0.0;0.0;23.076923076923077;22.64957264957265;25.0;25.0;0;0
103.921;0.0;0.0;0.0;23.076923076923077;22.64957264957265;25.0;25.0;0;0
104.027;0.0;0.0;0.0;23.076923076923077;22.64957264957265;25.0;25.0;0;0
104.129;0.0;0.0;0.0;23.076923076923077;22.64957264957265;25.0;25.0;0;0
104.232;0.0;0.0;0.0;23.076923076923077;22.64957264957265;25.0;25.0;0;0
104.334;0.0;0.0;0.0;23.076923076923077;22.64957264957265;25.0;25.0;0;0
104.438;0.0;0.0;0.0;23.076923076923077;22.64957264957265;25.0;25.0;0;0
104.539;0.0;0.0;0.0;23.076923076923077;22.64957264957265;25.0;25.0;0;0
104.64;0.0;0.0;0.0;23.076923076923077;22.64957264957265;25.0;25.0;0;0
104.754;0.0;0.0;0.0;23.076923076923077;22.64957264957265;25.0;25.0;0;0
104.855;0.0;0.0;0.0;23.128205128205128;22.64957264957265;25.0;25.0;0;0
104.962;0.0;0.0;0.0;23.128205128205128;22.64957264957265;25.0;25.0;0;0
105.066;0.0;0.0;0.0;23.128205128205128;22.64957264957265;25.0;25.0;0;0
105.178;0.0;0.0;0.0;23.128205128205128;22.64957264957265;25.0;25.0;0;0
105.282;0.0;0.0;0.0;23.128205128205128;22.64957264957265;25.0;25.0;0;0
105.382;0.0;0.0;0.0;23.128205128205128;22.64957264957265;25.0;25.0;0;0
105.483;0.0;0.0;0.0;23.128205128205128;22.64957264957265;25.0;25.0;0;0
105.583;0.0;0.0;0.0;23.128205128205128;22.64957264957265;25.0;25.0;0;0
105.693;0.0;0.0;0.0;23.128205128205128;22.64957264957265;25.0;25.0;0;0
105.794;0.0;0.0;0.0;23.128205128205128;22.64957264957265;25.0;25.0;0;0
105.899;0.06375;0.0;0.0;23.128205128205128;22.64957264957265;25.0;25.0;0;0
106.008;0.55375;0.0;0.0;23.128205128205128;22.64957264957265;25.0;25.0;0;0
106.109;1.31875;0.0;0.0;23.128205128205128;22.64957264957265;25.0;25.0;0;0
106.211;1.57;0.0;0.0;23.128205128205128;22.64957264957265;25.0;25.0;0;0
106.32;2.335;0.0;0.0;23.128205128205128;22.64957264957265;25.0;25.0;0;0
106.425;2.85;0.0;0.0;23.128205128205128;22.64957264957265;25.0;25.0;0;0
106.534;3.36125;0.0;0.0;23.128205128205128;22.64957264957265;25.0;25.0;0;0
106.643;3.87625;0.0;0.0;23.128205128205128;22.64957264957265;25.0;25.0;0;0
106.744;4.39375;0.0;0.0;23.128205128205128;22.64957264957265;25.0;25.0;0;0
106.845;4.905;0.0;0.0;23.128205128205128;22.64957264957265;25.0;25.0;0;0
106.945;5.42;0.0;0.0;23.128205128205128;22.64957264957265;25.0;25.0;0;0
107.047;6.18625;0.0;0.0;23.128205128205128;22.64957264957265;25.0;25.0;0;0
107.151;6.70125;0.0;0.0;23.128205128205128;22.64957264957265;25.0;25.0;0;0
107.253;6.95875;0.0;0.0;23.128205128205128;22.64957264957265;25.0;25.0;0;0
107.356;7.47375;0.0;0.0;23.128205128205128;22.64957264957265;25.0;25.0;0;0
107.46;7.98375;0.0;0.0;23.128205128205128;22.64957264957265;25.0;25.0;0;0
107.581;8.49375;0.0;0.0;23.128205128205128;22.64957264957265;25.0;25.0;0;0
107.683;9.2525;0.0;0.0;23.128205128205128;22.64957264957265;25.0;25.0;0;0
107.786;9.765;0.0;0.0;23.128205128205128;22.64957264957265;25.0;25.0;0;0
107.888;10.0;0.0;0.0;23.128205128205128;22.64957264957265;25.0;25.0;0;0
107.993;10.0;0.0;0.0;23.128205128205128;22.64957264957265;25.0;25.0;0;0
108.103;10.0;0.0;0.0;23.128205128205128;22.64957264957265;25.0;25.0;0;0
108.216;10.0;0.0;0.0;23.128205128205128;22.64957264957265;25.0;25.0;0;0
108.328;10.0;0.0;0.0;23.128205128205128;22.64957264957265;25.0;25.0;0;0
108.441;10.0;0.0;0.0;23.128205128205128;22.64957264957265;25.0;25.0;0;0
108.547;10.0;0.0;0.0;23.128205128205128;22.64957264957265;25.0;25.0;0;0
108.651;10.0;0.0;0.0;23.128205128205128;22.64957264957265;25.0;25.0;0;0
108.757;10.0;0.0;0.0;23.128205128205128;22.64957264957265;25.0;25.0;0;0
108.864;10.0;0.0;0.0;23.128205128205128;22.64957264957265;25.0;25.0;0;0
108.975;10.0;0.0;0.0;23.128205128205128;22.64957264957265;25.0;25.0;0;0
109.088;10.0;0.0;0.0;23.128205128205128;22.64957264957265;25.0;25.0;0;0
109.201;10.0;0.0;0.0;23.128205128205128;22.64957264957265;25.0;25.0;0;0
109.316;10.0;0.0;0.0;23.128205128205128;22.64957264957265;25.0;25.0;0;0
109.421;10.0;0.0;0.0;23.128205128205128;22.64957264957265;25.0;25.0;0;0
109.534;10.0;0.0;0.0;23.128205128205128;22.64957264957265;25.0;25.0;0;0
109.642;10.0;0.0;0.0;23.128205128205128;22.64957264957265;25.0;25.0;0;0
109.761;10.0;0.0;0.0;23.128205128205128;22.64957264957265;25.0;25.0;0;0
109.867;10.0;0.0;0.0;23.128205128205128;22.64957264957265;25.0;25.0;0;0
109.978;10.0;0.0;0.0;23.128205128205128;22.64957264957265;25.0;25.0;0;0
110.085;10.0;0.0;0.0;23.128205128205128;22.64957264957265;25.0;25.0;0;0
110.199;9.91;0.0;0.0;23.128205128205128;22.64957264957265;25.0;25.0;0;0
110.307;9.40875;0.0;0.0;23.128205128205128;22.64957264957265;25.0;25.0;0;0
110.425;8.90125;0.0;0.0;23.128205128205128;22.64957264957265;25.0;25.0;0;0
110.534;8.3925;0.0;0.0;23.128205128205128;22.64957264957265;25.0;25.0;0;0
110.643;7.63375;0.0;0.0;23.128205128205128;22.64957264957265;25.0;25.0;0;0
110.756;7.12125;0.0;0.0;23.128205128205128;22.64957264957265;25.0;25.0;0;0
110.863;6.355;0.0;0.0;23.128205128205128;22.700854700854702;25.0;25.0;0;0
110.964;5.84125;0.0;0.0;23.128205128205128;22.700854700854702;25.0;25.0;0;0
111.074;5.58375;0.0;0.0;23.128205128205128;22.700854700854702;25.0;25.0;0;0
111.181;5.07375;0.0;0.0;23.128205128205128;22.700854700854702;25.0;25.0;0;0
111.297;4.305;0.0;0.0;23.128205128205128;22.700854700854702;25.0;25.0;0;0
111.409;3.79125;0.0;0.0;23.128205128205128;22.700854700854702;25.0;25.0;0;0
111.52;3.28375;0.0;0.0;23.128205128205128;22.700854700854702;25.0;25.0;0;0
111.631;2.77125;0.0;0.0;23.128205128205128;22.700854700854702;25.0;25.0;0;0
111.74;2.25875;0.0;0.0;23.128205128205128;22.700854700854702;25.0;25.0;0;0
111.841;1.48875;0.0;0.0;23.076923076923077;22.64957264957265;25.0;25.0;0;0
111.947;0.975;0.0;0.0;23.076923076923077;22.64957264957265;25.0;25.0;0;0
112.052;0.46625;0.0;0.0;23.076923076923077;22.64957264957265;25.0;25.0;0;0
112.175;-0.04625;0.0;0.0;23.076923076923077;22.64957264957265;25.0;25.0;0;0
112.281;-0.55875;0.0;0.0;23.076923076923077;22.64957264957265;25.0;25.0;0;0
112.389;-1.06375;0.0;0.0;23.076923076923077;22.64957264957265;25.0;25.0;0;0
112.503;-1.57625;0.0;0.0;23.076923076923077;22.64957264957265;25.0;25.0;0;0
112.609;-2.3375;0.0;0.0;23.076923076923077;22.64957264957265;25.0;25.0;0;0
112.71;-2.85;0.0;0.0;23.076923076923077;22.64957264957265;25.0;25.0;0;0
112.812;-3.36125;0.0;0.0;23.076923076923077;22.64957264957265;25.0;25.0;0;0
112.913;-3.8675;0.0;0.0;23.076923076923077;22.64957264957265;25.0;25.0;0;0
113.022;-4.37875;0.0;0.0;23.076923076923077;22.64957264957265;25.0;25.0;0;0
113.123;-5.14125;0.0;0.0;23.076923076923077;22.64957264957265;25.0;25.0;0;0
113.233;-5.65375;0.0;0.0;23.076923076923077;22.64957264957265;25.0;25.0;0;0
113.334;-6.165;0.0;0.0;23.076923076923077;22.64957264957265;25.0;25.0;0;0
113.434;-6.67125;0.0;0.0;23.076923076923077;22.64957264957265;25.0;25.0;0;0
113.535;-7.18375;0.0;0.0;23.076923076923077;22.64957264957265;25.0;25.0;0;0
113.639;-7.69375;0.0;0.0;23.076923076923077;22.64957264957265;25.0;25.0;0;0
113.739;-8.19625;0.0;0.0;23.076923076923077;22.700854700854702;25.0;25.0;0;0
113.842;-8.705;0.0;0.0;23.076923076923077;22.700854700854702;25.0;25.0;0;0
113.946;-9.2125;0.0;0.0;23.076923076923077;22.700854700854702;25.0;25.0;0;0
114.046;-9.71625;0.0;0.0;23.076923076923077;22.700854700854702;25.0;25.0;0;0
114.149;-9.9425;0.0;0.0;23.076923076923077;22.700854700854702;25.0;25.0;0;0
114.262;-10.0;0.0;0.0;23.076923076923077;22.700854700854702;25.0;25.0;0;0
114.376;-10.0;0.0;0.0;23.076923076923077;22.700854700854702;25.0;25.0;0;0
114.485;-10.0;0.0;0.0;23.076923076923077;22.700854700854702;25.0;25.0;0;0
114.586;-10.0;0.0;0.0;23.076923076923077;22.700854700854702;25.0;25.0;0;0
114.686;-10.0;0.0;0.0;23.076923076923077;22.700854700854702;25.0;25.0;0;0
114.8;-10.0;0.0;0.0;23.128205128205128;22.64957264957265;25.0;25.0;0;0
114.901;-10.0;0.0;0.0;23.128205128205128;22.64957264957265;25.0;25.0;0;0
115.004;-10.0;0.0;0.0;23.128205128205128;22.64957264957265;25.0;25.0;0;0
115.106;-10.0;0.0;0.0;23.128205128205128;22.64957264957265;25.0;25.0;0;0
115.207;-10.0;0.0;0.0;23.128205128205128;22.64957264957265;25.0;25.0;0;0
115.308;-10.0;0.0;0.0;23.128205128205128;22.64957264957265;25.0;25.0;0;0
115.408;-10.0;0.0;0.0;23.128205128205128;22.64957264957265;25.0;25.0;0;0
115.511;-10.0;0.0;0.0;23.128205128205128;22.64957264957265;25.0;25.0;0;0
115.613;-10.0;0.0;0.0;23.128205128205128;22.64957264957265;25.0;25.0;0;0
115.713;-10.0;0.0;0.0;23.128205128205128;22.64957264957265;25.0;25.0;0;0
115.814;-10.0;0.0;0.0;23.128205128205128;22.700854700854702;25.0;25.0;0;0
115.919;-10.0;0.0;0.0;23.128205128205128;22.700854700854702;25.0;25.0;0;0
116.023;-10.0;0.0;0.0;23.128205128205128;22.700854700854702;25.0;25.0;0;0
116.125;-10.0;0.0;0.0;23.128205128205128;22.700854700854702;25.0;25.0;0;0
116.232;-10.0;0.0;0.0;23.128205128205128;22.700854700854702;25.0;25.0;0;0
116.351;-9.93625;0.0;0.0;23.128205128205128;22.700854700854702;25.0;25.0;0;0
116.458;-9.45125;0.0;0.0;23.128205128205128;22.700854700854702;25.0;25.0;0;0
116.559;-8.68625;0.0;0.0;23.128205128205128;22.700854700854702;25.0;25.0;0;0
116.663;-8.18;0.0;0.0;23.128205128205128;22.700854700854702;25.0;25.0;0;0
116.777;-7.67;0.0;0.0;23.128205128205128;22.700854700854702;25.0;25.0;0;0
116.89;-7.155;0.0;0.0;23.128205128205128;22.64957264957265;25.0;25.0;0;0
116.994;-6.645;0.0;0.0;23.128205128205128;22.64957264957265;25.0;25.0;0;0
117.107;-6.12875;0.0;0.0;23.128205128205128;22.64957264957265;25.0;25.0;0;0
117.208;-5.35375;0.0;0.0;23.128205128205128;22.64957264957265;25.0;25.0;0;0
117.335;-4.585;0.0;0.0;23.128205128205128;22.64957264957265;25.0;25.0;0;0
117.449;-4.32875;0.0;0.0;23.128205128205128;22.64957264957265;25.0;25.0;0;0
117.55;-3.56125;0.0;0.0;23.128205128205128;22.64957264957265;25.0;25.0;0;0
117.67;-3.30375;0.0;0.0;23.128205128205128;22.64957264957265;25.0;25.0;0;0
117.78;-2.5325;0.0;0.0;23.128205128205128;22.64957264957265;25.0;25.0;0;0
117.89;-2.0275;0.0;0.0;23.128205128205128;22.64957264957265;25.0;25.0;0;0
117.991;-1.2625;0.0;0.0;23.128205128205128;22.64957264957265;25.0;25.0;0;0
118.102;-1.0075;0.0;0.0;23.128205128205128;22.64957264957265;25.0;25.0;0;0
118.203;-0.24625;0.0;0.0;23.128205128205128;22.64957264957265;25.0;25.0;0;0
118.323;0.0;0.0;0.0;23.128205128205128;22.64957264957265;25.0;25.0;0;0
118.423;0.0;0.0;0.0;23.128205128205128;22.64957264957265;25.0;25.0;0;0
118.541;0.0;0.0;0.0;23.128205128205128;22.64957264957265;25.0;25.0;0;0
118.642;0.0;0.0;0.0;23.128205128205128;22.64957264957265;25.0;25.0;0;0
118.745;0.0;0.0;0.0;23.128205128205128;22.64957264957265;25.0;25.0;0;0
118.846;0.0;0.0;0.0;23.076923076923077;22.64957264957265;25.0;25.0;0;0
118.949;0.0;0.0;0.0;23.076923076923077;22.64957264957265;25.0;25.0;0;0
119.052;0.0;0.0;0.0;23.076923076923077;22.64957264957265;25.0;25.0;0;0
119.164;0.0;0.0;0.0;23.076923076923077;22.64957264957265;25.0;25.0;0;0
119.274;0.0;0.0;0.0;23.076923076923077;22.64957264957265;25.0;25.0;0;0
119.38;0.0;0.0;0.0;23.076923076923077;22.64957264957265;25.0;25.0;0;0
119.48;0.0;0.0;0.0;23.076923076923077;22.64957264957265;25.0;25.0;0;0
119.582;0.0;0.0;0.0;23.076923076923077;22.64957264957265;25.0;25.0;0;0
119.688;0.0;0.0;0.0;23.076923076923077;22.64957264957265;25.0;25.0;0;0
119.8;0.0;0.0;0.0;23.128205128205128;22.64957264957265;25.0;25.0;0;0
119.9;0.0;0.0;0.0;23.128205128205128;22.64957264957265;25.0;25.0;0;0
120.008;0.0;0.0;0.0;23.128205128205128;22.64957264957265;25.0;25.0;0;0
120.119;0.0;0.0;0.0;23.128205128205128;22.64957264957265;25.0;25.0;0;0
120.221;0.0;0.0;0.0;23.128205128205128;22.64957264957265;25.0;25.0;0;0
120.328;0.0;0.0;0.0;23.128205128205128;22.64957264957265;25.0;25.0;0;0
120.441;0.0;0.0;0.0;23.128205128205128;22.64957264957265;25.0;25.0;0;0
120.542;0.0;0.0;0.0;23.128205128205128;22.64957264957265;25.0;25.0;0;0
120.644;0.0;0.0;0.0;23.128205128205128;22.64957264957265;25.0;25.0;0;0
120.746;0.0;0.0;0.0;23.128205128205128;22.64957264957265;25.0;25.0;0;0
120.858;0.0;0.0;0.0;23.076923076923077;22.64957264957265;25.0;25.0;0;0
120.972;0.0;0.0;0.0;23.076923076923077;22.64957264957265;25.0;25.0;0;0
121.074;0.0;0.0;0.0;23.076923076923077;22.64957264957265;25.0;25.0;0;0
121.177;0.0;0.0;0.0;23.076923076923077;22.64957264957265;25.0;25.0;0;0
121.293;0.0;0.0;0.0;23.076923076923077;22.64957264957265;25.0;25.0;0;0
121.398;0.0;0.0;0.0;23.076923076923077;22.64957264957265;25.0;25.0;0;0
121.506;0.0;0.0;0.0;23.076923076923077;22.64957264957265;25.0;25.0;0;0
121.621;0.0;0.0;0.0;23.076923076923077;22.64957264957265;25.0;25.0;0;0
121.729;0.0;0.0;0.0;23.076923076923077;22.64957264957265;25.0;25.0;0;0
121.839;0.0;0.0;0.0;23.128205128205128;22.64957264957265;25.0;25.0;0;0
121.951;0.0;0.0;0.0;23.128205128205128;22.64957264957265;25.0;25.0;0;0
122.059;0.0;0.0;0.0;23.128205128205128;22.64957264957265;25.0;25.0;0;0
122.162;0.0;0.0;0.0;23.128205128205128;22.64957264957265;25.0;25.0;0;0
122.267;0.0;0.0;0.0;23.128205128205128;22.64957264957265;25.0;25.0;0;0
122.376;0.0;0.0;0.0;23.128205128205128;22.64957264957265;25.0;25.0;0;0
122.492;0.0;0.0;0.0;23.128205128205128;22.64957264957265;25.0;25.0;0;0
122.603;0.0;0.0;0.0;23.128205128205128;22.64957264957265;25.0;25.0;0;0
122.709;0.05625;0.0;0.0;23.128205128205128;22.64957264957265;25.0;25.0;0;0
122.825;0.535;0.0;0.0;23.128205128205128;22.64957264957265;25.0;25.0;0;0
122.932;1.3;0.0;0.0;23.128205128205128;22.64957264957265;25.0;25.0;0;0
123.033;1.81125;0.0;0.0;23.128205128205128;22.64957264957265;25.0;25.0;0;0
123.138;2.31625;0.0;0.0;23.128205128205128;22.64957264957265;25.0;25.0;0;0
123.238;2.83125;0.0;0.0;23.128205128205128;22.64957264957265;25.0;25.0;0;0
123.338;3.3475;0.0;0.0;23.128205128205128;22.64957264957265;25.0;25.0;0;0
123.439;3.86375;0.0;0.0;23.128205128205128;22.64957264957265;25.0;25.0;0;0
123.54;4.38;0.0;0.0;23.128205128205128;22.64957264957265;25.0;25.0;0;0
123.643;4.89125;0.0;0.0;23.128205128205128;22.64957264957265;25.0;25.0;0;0
123.744;5.40625;0.0;0.0;23.128205128205128;22.64957264957265;25.0;25.0;0;0
123.846;5.92125;0.0;0.0;23.076923076923077;22.64957264957265;25.0;25.0;0;0
123.953;6.43;0.0;0.0;23.076923076923077;22.64957264957265;25.0;25.0;0;0
124.055;6.945;0.0;0.0;23.076923076923077;22.64957264957265;25.0;25.0;0;0
124.167;7.46;0.0;0.0;23.076923076923077;22.64957264957265;25.0;25.0;0;0
124.267;7.965;0.0;0.0;23.076923076923077;22.64957264957265;25.0;25.0;0;0
124.367;8.475;0.0;0.0;23.076923076923077;22.64957264957265;25.0;25.0;0;0
124.488;9.23875;0.0;0.0;23.076923076923077;22.64957264957265;25.0;25.0;0;0
124.603;9.745;0.0;0.0;23.076923076923077;22.64957264957265;25.0;25.0;0;0
124.712;10.0;0.0;0.0;23.076923076923077;22.64957264957265;25.0;25.0;0;0
124.825;10.0;0.0;0.0;23.076923076923077;22.64957264957265;25.0;25.0;0;0
124.936;10.0;0.0;0.0;23.128205128205128;22.64957264957265;25.0;25.0;0;0
125.046;10.0;0.0;0.0;23.128205128205128;22.64957264957265;25.0;25.0;0;0
125.156;10.0;0.0;0.0;23.128205128205128;22.64957264957265;25.0;25.0;0;0
125.261;10.0;0.0;0.0;23.128205128205128;22.64957264957265;25.0;25.0;0;0
125.386;10.0;0.0;0.0;23.128205128205128;22.64957264957265;25.0;25.0;0;0
125.491;10.0;0.0;0.0;23.128205128205128;22.64957264957265;25.0;25.0;0;0
125.599;10.0;0.0;0.0;23.128205128205128;22.64957264957265;25.0;25.0;0;0
125.708;10.0;0.0;0.0;23.128205128205128;22.64957264957265;25.0;25.0;0;0
125.824;10.0;0.0;0.0;23.128205128205128;22.64957264957265;25.0;25.0;0;0
125.935;10.0;0.0;0.0;23.128205128205128;22.64957264957265;25.0;25.0;0;0
126.044;10.0;0.0;0.0;23.128205128205128;22.64957264957265;25.0;25.0;0;0
126.153;10.0;0.0;0.0;23.128205128205128;22.64957264957265;25.0;25.0;0;0
126.266;10.0;0.0;0.0;23.128205128205128;22.64957264957265;25.0;25.0;0;0
126.379;10.0;0.0;0.0;23.128205128205128;22.64957264957265;25.0;25.0;0;0
126.487;10.0;0.0;0.0;23.128205128205128;22.64957264957265;25.0;25.0;0;0
126.598;10.0;0.0;0.0;23.128205128205128;22.64957264957265;25.0;25.0;0;0
126.708;10.0;0.0;0.0;23.128205128205128;22.64957264957265;25.0;25.0;0;0
126.823;10.0;0.0;0.0;23.128205128205128;22.64957264957265;25.0;25.0;0;0
126.931;9.95875;0.0;0.0;23.076923076923077;22.64957264957265;25.0;25.0;0;0
127.043;9.48875;0.0;0.0;23.076923076923077;22.64957264957265;25.0;25.0;0;0
127.15;8.73125;0.0;0.0;23.076923076923077;22.64957264957265;25.0;25.0;0;0
127.262;8.22125;0.0;0.0;23.076923076923077;22.64957264957265;25.0;25.0;0;0
127.374;7.7125;0.0;0.0;23.076923076923077;22.64957264957265;25.0;25.0;0;0
127.481;7.20625;0.0;0.0;23.076923076923077;22.64957264957265;25.0;25.0;0;0
127.593;6.435;0.0;0.0;23.076923076923077;22.64957264957265;25.0;25.0;0;0
127.703;5.92;0.0;0.0;23.076923076923077;22.64957264957265;25.0;25.0;0;0
127.805;5.40625;0.0;0.0;23.076923076923077;22.64957264957265;25.0;25.0;0;0
127.91;4.89125;0.0;0.0;23.076923076923077;22.64957264957265;25.0;25.0;0;0
128.011;4.38375;0.0;0.0;23.076923076923077;22.64957264957265;25.0;25.0;0;0
128.111;3.87125;0.0;0.0;23.076923076923077;22.64957264957265;25.0;25.0;0;0
128.212;3.3575;0.0;0.0;23.076923076923077;22.64957264957265;25.0;25.0;0;0
128.312;2.85;0.0;0.0;23.076923076923077;22.64957264957265;25.0;25.0;0;0
128.413;2.3375;0.0;0.0;23.076923076923077;22.64957264957265;25.0;25.0;0;0
128.513;1.825;0.0;0.0;23.076923076923077;22.64957264957265;25.0;25.0;0;0
128.614;1.31625;0.0;0.0;23.076923076923077;22.64957264957265;25.0;25.0;0;0
128.724;0.80375;0.0;0.0;23.076923076923077;22.64957264957265;25.0;25.0;0;0
128.826;0.0325;0.0;0.0;23.128205128205128;22.64957264957265;25.0;25.0;0;0
128.93;-0.21875;0.0;0.0;23.128205128205128;22.64957264957265;25.0;25.0;0;0
129.031;-0.985;0.0;0.0;23.128205128205128;22.64957264957265;25.0;25.0;0;0
129.138;-1.24125;0.0;0.0;23.128205128205128;22.64957264957265;25.0;25.0;0;0
129.248;-1.7525;0.0;0.0;23.128205128205128;22.64957264957265;25.0;25.0;0;0
129.359;-2.52;0.0;0.0;23.128205128205128;22.64957264957265;25.0;25.0;0;0
129.471;-3.02625;0.0;0.0;23.128205128205128;22.64957264957265;25.0;25.0;0;0
129.581;-3.5375;0.0;0.0;23.128205128205128;22.64957264957265;25.0;25.0;0;0
129.694;-4.04875;0.0;0.0;23.128205128205128;22.64957264957265;25.0;25.0;0;0
129.794;-4.81125;0.0;0.0;23.128205128205128;22.64957264957265;25.0;25.0;0;0
129.9;-5.0675;0.0;0.0;23.076923076923077;22.64957264957265;25.0;25.0;0;0
130.015;-5.835;0.0;0.0;23.076923076923077;22.64957264957265;25.0;25.0;0;0
130.119;-6.34125;0.0;0.0;23.076923076923077;22.64957264957265;25.0;25.0;0;0
130.22;-6.85375;0.0;0.0;23.076923076923077;22.64957264957265;25.0;25.0;0;0
130.347;-7.365;0.0;0.0;23.076923076923077;22.64957264957265;25.0;25.0;0;0
130.459;-8.12375;0.0;0.0;23.076923076923077;22.64957264957265;25.0;25.0;0;0
130.57;-8.63125;0.0;0.0;23.076923076923077;22.64957264957265;25.0;25.0;0;0
130.675;-9.13375;0.0;0.0;23.076923076923077;22.64957264957265;25.0;25.0;0;0
130.776;-9.6425;0.0;0.0;23.076923076923077;22.64957264957265;25.0;25.0;0;0
130.885;-9.99875;0.0;0.0;23.076923076923077;22.64957264957265;25.0;25.0;0;0
130.997;-10.0;0.0;0.0;23.076923076923077;22.64957264957265;25.0;25.0;0;0
131.104;-10.0;0.0;0.0;23.076923076923077;22.64957264957265;25.0;25.0;0;0
131.217;-10.0;0.0;0.0;23.076923076923077;22.64957264957265;25.0;25.0;0;0
131.328;-10.0;0.0;0.0;23.076923076923077;22.64957264957265;25.0;25.0;0;0
131.445;-10.0;0.0;0.0;23.076923076923077;22.64957264957265;25.0;25.0;0;0
131.554;-10.0;0.0;0.0;23.076923076923077;22.64957264957265;25.0;25.0;0;0
131.657;-10.0;0.0;0.0;23.076923076923077;22.64957264957265;25.0;25.0;0;0
131.762;-10.0;0.0;0.0;23.076923076923077;22.64957264957265;25.0;25.0;0;0
131.874;-10.0;0.0;0.0;23.128205128205128;22.64957264957265;25.0;25.0;0;0
131.985;-10.0;0.0;0.0;23.128205128205128;22.64957264957265;25.0;25.0;0;0
132.096;-10.0;0.0;0.0;23.128205128205128;22.64957264957265;25.0;25.0;0;0
132.223;-10.0;0.0;0.0;23.128205128205128;22.64957264957265;25.0;25.0;0;0
132.324;-10.0;0.0;0.0;23.128205128205128;22.64957264957265;25.0;25.0;0;0
132.446;-10.0;0.0;0.0;23.128205128205128;22.64957264957265;25.0;25.0;0;0
132.548;-10.0;0.0;0.0;23.128205128205128;22.64957264957265;25.0;25.0;0;0
132.662;-10.0;0.0;0.0;23.128205128205128;22.64957264957265;25.0;25.0;0;0
132.764;-10.0;0.0;0.0;23.128205128205128;22.64957264957265;25.0;25.0;0;0
132.877;-10.0;0.0;0.0;23.076923076923077;22.64957264957265;25.0;25.0;0;0
132.979;-10.0;0.0;0.0;23.076923076923077;22.64957264957265;25.0;25.0;0;0
133.097;-9.92;0.0;0.0;23.076923076923077;22.64957264957265;25.0;25.0;0;0
133.198;-9.16625;0.0;0.0;23.076923076923077;22.64957264957265;25.0;25.0;0;0
133.315;-8.6625;0.0;0.0;23.076923076923077;22.64957264957265;25.0;25.0;0;0
133.42;-8.15125;0.0;0.0;23.076923076923077;22.64957264957265;25.0;25.0;0;0
133.533;-7.89625;0.0;0.0;23.076923076923077;22.64957264957265;25.0;25.0;0;0
133.636;-7.12625;0.0;0.0;23.076923076923077;22.64957264957265;25.0;25.0;0;0
133.754;-6.61;0.0;0.0;23.076923076923077;22.64957264957265;25.0;25.0;0;0
133.855;-5.84125;0.0;0.0;23.128205128205128;22.64957264957265;25.0;25.0;0;0
133.969;-5.5825;0.0;0.0;23.128205128205128;22.64957264957265;25.0;25.0;0;0
134.07;-4.80875;0.0;0.0;23.128205128205128;22.64957264957265;25.0;25.0;0;0
134.172;-4.29875;0.0;0.0;23.128205128205128;22.64957264957265;25.0;25.0;0;0
134.278;-3.78375;0.0;0.0;23.128205128205128;22.64957264957265;25.0;25.0;0;0
134.387;-3.26875;0.0;0.0;23.128205128205128;22.64957264957265;25.0;25.0;0;0
134.49;-2.76;0.0;0.0;23.128205128205128;22.64957264957265;25.0;25.0;0;0
134.599;-1.9925;0.0;0.0;23.128205128205128;22.64957264957265;25.0;25.0;0;0
134.701;-1.7375;0.0;0.0;23.128205128205128;22.64957264957265;25.0;25.0;0;0
134.812;-0.97875;0.0;0.0;23.128205128205128;22.64957264957265;25.0;25.0;0;0
134.918;-0.46875;0.0;0.0;23.128205128205128;22.64957264957265;25.0;25.0;0;0
135.026;-0.025;0.0;0.0;23.128205128205128;22.64957264957265;25.0;25.0;0;0
135.129;0.0;0.0;0.0;23.128205128205128;22.64957264957265;25.0;25.0;0;0
135.23;0.0;0.0;0.0;23.128205128205128;22.64957264957265;25.0;25.0;0;0
135.336;0.0;0.0;0.0;23.128205128205128;22.64957264957265;25.0;25.0;0;0
135.437;0.0;0.0;0.0;23.128205128205128;22.64957264957265;25.0;25.0;0;0
135.543;0.0;0.0;0.0;23.128205128205128;22.64957264957265;25.0;25.0;0;0
135.643;0.0;0.0;0.0;23.128205128205128;22.64957264957265;25.0;25.0;0;0
135.747;0.0;0.0;0.0;23.128205128205128;22.64957264957265;25.0;25.0;0;0
135.849;0.0;0.0;0.0;23.128205128205128;22.64957264957265;25.0;25.0;0;0
135.951;0.0;0.0;0.0;23.128205128205128;22.64957264957265;25.0;25.0;0;0
136.051;0.0;0.0;0.0;23.128205128205128;22.64957264957265;25.0;25.0;0;0
136.153;0.0;0.0;0.0;23.128205128205128;22.64957264957265;25.0;25.0;0;0
136.275;0.0;0.0;0.0;23.128205128205128;22.64957264957265;25.0;25.0;0;0
136.382;0.0;0.0;0.0;23.128205128205128;22.64957264957265;25.0;25.0;0;0
136.484;0.0;0.0;0.0;23.128205128205128;22.64957264957265;25.0;25.0;0;0
136.592;0.0;0.0;0.0;23.128205128205128;22.64957264957265;25.0;25.0;0;0
136.697;0.0;0.0;0.0;23.128205128205128;22.64957264957265;25.0;25.0;0;0
136.798;0.0;0.0;0.0;23.128205128205128;22.64957264957265;25.0;25.0;0;0
136.899;0.0;0.0;0.0;23.128205128205128;22.64957264957265;25.0;25.0;0;0
137.0;0.0;0.0;0.0;23.128205128205128;22.64957264957265;25.0;25.0;0;0
137.112;0.0;0.0;0.0;23.128205128205128;22.64957264957265;25.0;25.0;0;0
137.536;0.0;0.0;0.0;23.128205128205128;22.64957264957265;25.0;25.0;0;0
137.867;0.0;0.0;0.0;23.128205128205128;22.64957264957265;25.0;25.0;0;0
137.967;1.015;0.0;0.0;23.128205128205128;22.64957264957265;25.0;25.0;0;0
138.076;2.035;0.0;0.0;23.128205128205128;22.64957264957265;25.0;25.0;0;0
138.383;3.56;0.0;0.0;23.128205128205128;22.64957264957265;25.0;25.0;0;0
138.785;5.0;0.0;0.0;23.128205128205128;22.64957264957265;25.0;25.0;0;0
139.28;5.0;0.0;0.0;23.076923076923077;22.64957264957265;25.0;25.0;0;0
139.398;5.0;0.0;0.0;23.076923076923077;22.64957264957265;25.0;25.0;0;0
139.693;5.0;0.0;0.0;23.076923076923077;22.64957264957265;25.0;25.0;0;0
139.836;5.0;0.0;0.0;23.076923076923077;22.64957264957265;25.0;25.0;0;0
139.944;5.0;0.0;0.0;23.076923076923077;22.64957264957265;25.0;25.0;0;0
140.14;5.0;0.0;0.0;23.076923076923077;22.64957264957265;25.0;25.0;0;0
140.275;5.0;0.0;0.0;23.076923076923077;22.64957264957265;25.0;25.0;0;0
140.381;5.0;0.0;0.0;23.076923076923077;22.64957264957265;25.0;25.0;0;0
140.509;5.0;0.0;0.0;23.076923076923077;22.64957264957265;25.0;25.0;0;0
140.61;5.0;0.0;0.0;23.076923076923077;22.64957264957265;25.0;25.0;0;0
140.712;5.0;0.0;0.0;23.076923076923077;22.64957264957265;25.0;25.0;0;0
140.812;5.0;0.0;0.0;23.128205128205128;22.64957264957265;25.0;25.0;0;0
140.912;5.0;0.0;0.0;23.128205128205128;22.64957264957265;25.0;25.0;0;0
141.013;5.0;0.0;0.0;23.128205128205128;22.64957264957265;25.0;25.0;0;0
141.116;5.0;0.0;0.0;23.128205128205128;22.64957264957265;25.0;25.0;0;0
141.216;5.0;0.0;0.0;23.128205128205128;22.64957264957265;25.0;25.0;0;0
141.323;5.0;0.0;0.0;23.128205128205128;22.64957264957265;25.0;25.0;0;0
141.425;5.0;0.0;0.0;23.128205128205128;22.64957264957265;25.0;25.0;0;0
141.555;5.0;0.0;0.0;23.128205128205128;22.64957264957265;25.0;25.0;0;0
141.663;5.0;0.0;0.0;23.128205128205128;22.64957264957265;25.0;25.0;0;0
141.769;5.0;0.0;0.0;23.128205128205128;22.64957264957265;25.0;25.0;0;0
141.87;4.615;0.0;0.0;23.128205128205128;22.64957264957265;25.0;25.0;0;0
141.971;4.11125;0.0;0.0;23.128205128205128;22.64957264957265;25.0;25.0;0;0
142.076;3.8575;0.0;0.0;23.128205128205128;22.64957264957265;25.0;25.0;0;0
142.181;3.34875;0.0;0.0;23.128205128205128;22.64957264957265;25.0;25.0;0;0
142.298;2.585;0.0;0.0;23.128205128205128;22.64957264957265;25.0;25.0;0;0
142.407;2.0775;0.0;0.0;23.128205128205128;22.64957264957265;25.0;25.0;0;0
142.519;1.57;0.0;0.0;23.128205128205128;22.64957264957265;25.0;25.0;0;0
142.626;1.0675;0.0;0.0;23.128205128205128;22.64957264957265;25.0;25.0;0;0
142.737;0.30625;0.0;0.0;23.128205128205128;22.64957264957265;25.0;25.0;0;0
142.846;0.0;0.0;0.0;23.128205128205128;22.64957264957265;25.0;25.0;0;0
142.956;0.0;0.0;0.0;23.128205128205128;22.64957264957265;25.0;25.0;0;0
143.079;0.0;0.0;0.0;23.128205128205128;22.64957264957265;25.0;25.0;0;0
143.183;0.0;0.0;0.0;23.128205128205128;22.64957264957265;25.0;25.0;0;0
143.309;0.0;0.0;0.0;23.128205128205128;22.64957264957265;25.0;25.0;0;0
143.411;0.0;0.0;0.0;23.128205128205128;22.64957264957265;25.0;25.0;0;0
143.516;0.0;0.0;0.0;23.128205128205128;22.64957264957265;25.0;25.0;0;0
143.617;0.0;0.0;0.0;23.128205128205128;22.64957264957265;25.0;25.0;0;0
143.733;0.0;0.0;0.0;23.128205128205128;22.64957264957265;25.0;25.0;0;0
143.834;0.0;0.0;0.0;23.076923076923077;22.64957264957265;25.0;25.0;0;0
143.935;0.0;0.0;0.0;23.076923076923077;22.64957264957265;25.0;25.0;0;0
144.04;0.0;0.0;0.0;23.076923076923077;22.64957264957265;25.0;25.0;0;0
144.148;0.0;0.0;0.0;23.076923076923077;22.64957264957265;25.0;25.0;0;0
144.259;0.0;0.0;0.0;23.076923076923077;22.64957264957265;25.0;25.0;0;0
144.368;0.0;0.0;0.0;23.076923076923077;22.64957264957265;25.0;25.0;0;0
144.484;0.0;0.0;0.0;23.076923076923077;22.64957264957265;25.0;25.0;0;0
144.592;0.0;0.0;0.0;23.076923076923077;22.64957264957265;25.0;25.0;0;0
144.694;0.0;0.0;0.0;23.076923076923077;22.64957264957265;25.0;25.0;0;0
144.807;0.0;0.0;0.0;23.076923076923077;22.64957264957265;25.0;25.0;0;0
144.919;0.0;0.0;0.0;23.128205128205128;22.64957264957265;25.0;25.0;0;0
145.021;0.0;0.0;0.0;23.128205128205128;22.64957264957265;25.0;25.0;0;0
145.122;0.0;0.0;0.0;23.128205128205128;22.64957264957265;25.0;25.0;0;0
145.223;0.0;0.0;0.0;23.128205128205128;22.64957264957265;25.0;25.0;0;0
145.323;0.0;0.0;0.0;23.128205128205128;22.64957264957265;25.0;25.0;0;0
145.43;0.0;0.0;0.0;23.128205128205128;22.64957264957265;25.0;25.0;0;0
145.533;0.0;0.0;0.0;23.128205128205128;22.64957264957265;25.0;25.0;0;0
145.633;0.0;0.0;0.0;23.128205128205128;22.64957264957265;25.0;25.0;0;0
145.735;0.0;0.0;0.0;23.128205128205128;22.64957264957265;25.0;25.0;0;0
145.835;0.0;0.0;0.0;23.076923076923077;22.64957264957265;25.0;25.0;0;0
145.945;0.0;0.0;0.0;23.076923076923077;22.64957264957265;25.0;25.0;0;0
146.061;0.0;0.0;0.0;23.076923076923077;22.64957264957265;25.0;25.0;0;0
146.162;0.0;0.0;0.0;23.076923076923077;22.64957264957265;25.0;25.0;0;0
146.281;0.0;0.0;0.0;23.076923076923077;22.64957264957265;25.0;25.0;0;0
146.414;0.0;0.0;0.0;23.076923076923077;22.64957264957265;25.0;25.0;0;0
146.517;0.0;0.0;0.0;23.076923076923077;22.64957264957265;25.0;25.0;0;0
146.624;0.0;0.0;0.0;23.076923076923077;22.64957264957265;25.0;25.0;0;0
146.725;0.0;0.0;0.0;23.076923076923077;22.64957264957265;25.0;25.0;0;0
146.826;0.0;0.0;0.0;23.128205128205128;22.700854700854702;25.0;25.0;0;0
146.927;0.0;0.0;0.0;23.128205128205128;22.700854700854702;25.0;25.0;0;0
147.062;0.0;0.0;0.0;23.128205128205128;22.700854700854702;25.0;25.0;0;0
147.17;0.0;0.0;0.0;23.128205128205128;22.700854700854702;25.0;25.0;0;0
147.282;0.0;0.0;0.0;23.128205128205128;22.700854700854702;25.0;25.0;0;0
147.395;0.0;0.0;0.0;23.128205128205128;22.700854700854702;25.0;25.0;0;0
147.501;0.0;0.0;0.0;23.128205128205128;22.700854700854702;25.0;25.0;0;0
147.616;0.0;0.0;0.0;23.128205128205128;22.700854700854702;25.0;25.0;0;0
147.717;0.0;0.0;0.0;23.128205128205128;22.700854700854702;25.0;25.0;0;0
147.817;0.0;0.0;0.0;23.128205128205128;22.64957264957265;25.0;25.0;0;0
147.919;0.0;0.0;0.0;23.128205128205128;22.64957264957265;25.0;25.0;0;0
148.023;0.0;0.0;0.0;23.128205128205128;22.64957264957265;25.0;25.0;0;0
148.123;0.0;0.0;0.0;23.128205128205128;22.64957264957265;25.0;25.0;0;0
148.235;0.0;0.0;0.0;23.128205128205128;22.64957264957265;25.0;25.0;0;0
148.337;0.0;0.0;0.0;23.128205128205128;22.64957264957265;25.0;25.0;0;0
148.437;0.0;0.0;0.0;23.128205128205128;22.64957264957265;25.0;25.0;0;0
148.544;0.0;0.0;0.0;23.128205128205128;22.64957264957265;25.0;25.0;0;0
148.654;0.0;0.0;0.0;23.128205128205128;22.64957264957265;25.0;25.0;0;0
148.756;0.0;0.0;0.0;23.128205128205128;22.64957264957265;25.0;25.0;0;0
148.879;0.0;0.0;0.0;23.128205128205128;22.64957264957265;25.0;25.0;0;0
148.983;0.0;0.0;0.0;23.128205128205128;22.64957264957265;25.0;25.0;0;0
149.092;0.0;0.0;0.0;23.128205128205128;22.64957264957265;25.0;25.0;0;0
149.202;0.0;0.0;0.0;23.128205128205128;22.64957264957265;25.0;25.0;0;0
149.313;0.0;0.0;0.0;23.128205128205128;22.64957264957265;25.0;25.0;0;0
149.42;0.0;0.0;0.0;23.128205128205128;22.64957264957265;25.0;25.0;0;0
149.533;0.0;0.0;0.0;23.128205128205128;22.64957264957265;25.0;25.0;0;0
149.656;0.0;0.0;0.0;23.128205128205128;22.64957264957265;25.0;25.0;0;0
149.792;0.0;0.0;0.0;23.128205128205128;22.64957264957265;25.0;25.0;0;0
149.893;0.0;0.0;0.0;23.128205128205128;22.64957264957265;25.0;25.0;0;0
149.994;0.0;0.0;0.0;23.128205128205128;22.64957264957265;25.0;25.0;0;0
150.096;0.0;0.0;0.0;23.128205128205128;22.64957264957265;25.0;25.0;0;0
150.202;0.0;0.0;0.0;23.128205128205128;22.64957264957265;25.0;25.0;0;0
150.307;0.0;0.0;0.0;23.128205128205128;22.64957264957265;25.0;25.0;0;0
150.422;0.0;0.0;0.0;23.128205128205128;22.64957264957265;25.0;25.0;0;0
150.544;0.0;0.0;0.0;23.128205128205128;22.64957264957265;25.0;25.0;0;0
150.673;0.0;0.0;0.0;23.128205128205128;22.64957264957265;25.0;25.0;0;0
150.789;0.0;0.0;0.0;23.128205128205128;22.64957264957265;25.0;25.0;0;0
150.908;0.0;0.0;0.0;23.128205128205128;22.64957264957265;25.0;25.0;0;0
151.009;0.0;0.0;0.0;23.128205128205128;22.64957264957265;25.0;25.0;0;0
151.12;0.0;0.0;0.0;23.128205128205128;22.64957264957265;25.0;25.0;0;0
151.22;0.0;0.0;0.0;23.128205128205128;22.64957264957265;25.0;25.0;0;0
151.321;0.0;0.0;0.0;23.128205128205128;22.64957264957265;25.0;25.0;0;0
151.423;0.0;0.0;0.0;23.128205128205128;22.64957264957265;25.0;25.0;0;0
151.535;0.0;0.0;0.0;23.128205128205128;22.64957264957265;25.0;25.0;0;0
151.636;0.0;0.0;0.0;23.128205128205128;22.64957264957265;25.0;25.0;0;0
151.747;0.0;0.0;0.0;23.128205128205128;22.64957264957265;25.0;25.0;0;0
151.863;0.0;0.0;0.0;23.128205128205128;22.64957264957265;25.0;25.0;0;0
151.966;0.0;0.0;0.0;23.128205128205128;22.700854700854702;25.0;25.0;0;0
152.082;0.0;0.0;0.0;23.128205128205128;22.700854700854702;25.0;25.0;0;0
152.186;0.0;0.0;0.0;23.128205128205128;22.700854700854702;25.0;25.0;0;0
152.31;0.0;0.0;0.0;23.128205128205128;22.700854700854702;25.0;25.0;0;0
152.441;0.0;0.0;0.0;23.128205128205128;22.700854700854702;25.0;25.0;0;0
152.541;0.0;0.0;0.0;23.128205128205128;22.700854700854702;25.0;25.0;0;0
152.642;0.0;0.0;0.0;23.128205128205128;22.700854700854702;25.0;25.0;0;0
152.743;0.0;0.0;0.0;23.128205128205128;22.700854700854702;25.0;25.0;0;0
152.876;0.0;0.0;0.0;23.128205128205128;22.64957264957265;25.0;25.0;0;0
152.986;0.0;0.0;0.0;23.128205128205128;22.64957264957265;25.0;25.0;0;0
153.087;0.0;0.0;0.0;23.128205128205128;22.64957264957265;25.0;25.0;0;0
153.203;0.0;0.0;0.0;23.128205128205128;22.64957264957265;25.0;25.0;0;0
153.304;0.0;0.0;0.0;23.128205128205128;22.64957264957265;25.0;25.0;0;0
153.405;0.0;0.0;0.0;23.128205128205128;22.64957264957265;25.0;25.0;0;0
153.506;0.0;0.0;0.0;23.128205128205128;22.64957264957265;25.0;25.0;0;0
153.611;0.0;0.0;0.0;23.128205128205128;22.64957264957265;25.0;25.0;0;0
153.719;0.0;0.0;0.0;23.128205128205128;22.64957264957265;25.0;25.0;0;0
153.82;0.0;0.0;0.0;23.128205128205128;22.64957264957265;25.0;25.0;0;0
153.93;0.0;0.0;0.0;23.128205128205128;22.64957264957265;25.0;25.0;0;0
154.033;0.0;0.0;0.0;23.128205128205128;22.64957264957265;25.0;25.0;0;0
154.134;0.0;0.0;0.0;23.128205128205128;22.64957264957265;25.0;25.0;0;0
154.235;0.0;0.0;0.0;23.128205128205128;22.64957264957265;25.0;25.0;0;0
154.335;0.0;0.0;0.0;23.128205128205128;22.64957264957265;25.0;25.0;0;0
154.441;0.0;0.0;0.0;23.128205128205128;22.64957264957265;25.0;25.0;0;0
154.558;0.0;0.0;0.0;23.128205128205128;22.64957264957265;25.0;25.0;0;0
154.666;0.0;0.0;0.0;23.128205128205128;22.64957264957265;25.0;25.0;0;0
154.768;0.0;0.0;0.0;23.128205128205128;22.64957264957265;25.0;25.0;0;0
154.879;0.0;0.0;0.0;23.128205128205128;22.700854700854702;25.0;25.0;0;0
154.987;0.0;0.0;0.0;23.128205128205128;22.700854700854702;25.0;25.0;0;0
155.096;0.0;0.0;0.0;23.128205128205128;22.700854700854702;25.0;25.0;0;0
155.218;0.0;0.0;0.0;23.128205128205128;22.700854700854702;25.0;25.0;0;0
155.322;0.0;0.0;0.0;23.128205128205128;22.700854700854702;25.0;25.0;0;0
155.451;0.0;0.0;0.0;23.128205128205128;22.700854700854702;25.0;25.0;0;0
155.564;0.0;0.0;0.0;23.128205128205128;22.700854700854702;25.0;25.0;0;0
155.665;0.0;0.0;0.0;23.128205128205128;22.700854700854702;25.0;25.0;0;0
155.766;0.0;0.0;0.0;23.128205128205128;22.700854700854702;25.0;25.0;0;0
155.869;0.0;0.0;0.0;23.128205128205128;22.700854700854702;25.0;25.0;0;0
155.979;0.0;0.0;0.0;23.128205128205128;22.64957264957265;25.0;25.0;0;0
156.081;0.0;0.0;0.0;23.128205128205128;22.64957264957265;25.0;25.0;0;0
156.184;0.0;0.0;0.0;23.128205128205128;22.64957264957265;25.0;25.0;0;0
156.297;0.0;0.0;0.0;23.128205128205128;22.64957264957265;25.0;25.0;0;0
156.401;0.0;0.0;0.0;23.128205128205128;22.64957264957265;25.0;25.0;0;0
156.502;0.0;0.0;0.0;23.128205128205128;22.64957264957265;25.0;25.0;0;0
156.619;0.0;0.0;0.0;23.128205128205128;22.64957264957265;25.0;25.0;0;0
156.721;0.0;0.0;0.0;23.128205128205128;22.64957264957265;25.0;25.0;0;0
156.822;0.0;0.0;0.0;23.128205128205128;22.64957264957265;25.0;25.0;0;0
156.93;0.0;0.0;0.0;23.128205128205128;22.64957264957265;25.0;25.0;0;0
157.031;0.0;0.0;0.0;23.128205128205128;22.64957264957265;25.0;25.0;0;0
157.134;0.0;0.0;0.0;23.128205128205128;22.64957264957265;25.0;25.0;0;0
157.236;0.0;0.0;0.0;23.128205128205128;22.64957264957265;25.0;25.0;0;0
157.336;0.0;0.0;0.0;23.128205128205128;22.64957264957265;25.0;25.0;0;0
157.437;0.0;0.0;0.0;23.128205128205128;22.64957264957265;25.0;25.0;0;0
157.537;0.0;0.0;0.0;23.128205128205128;22.64957264957265;25.0;25.0;0;0
157.645;0.0;0.0;0.0;23.128205128205128;22.64957264957265;25.0;25.0;0;0
157.746;0.0;0.0;0.0;23.128205128205128;22.64957264957265;25.0;25.0;0;0
157.848;0.0;0.0;0.0;23.128205128205128;22.64957264957265;25.0;25.0;0;0
157.955;0.0;0.0;0.0;23.076923076923077;22.64957264957265;25.0;25.0;0;0
158.082;0.0;0.0;0.0;23.076923076923077;22.64957264957265;25.0;25.0;0;0
158.188;0.0;0.0;0.0;23.076923076923077;22.64957264957265;25.0;25.0;0;0
158.295;0.0;0.0;0.0;23.076923076923077;22.64957264957265;25.0;25.0;0;0
158.42;0.0;0.0;0.0;23.076923076923077;22.64957264957265;25.0;25.0;0;0
158.521;0.0;0.0;0.0;23.076923076923077;22.64957264957265;25.0;25.0;0;0
158.622;0.0;0.0;0.0;23.076923076923077;22.64957264957265;25.0;25.0;0;0
158.729;0.0;0.0;0.0;23.076923076923077;22.64957264957265;25.0;25.0;0;0
158.831;0.0;0.0;0.0;23.076923076923077;22.64957264957265;25.0;25.0;0;0
158.935;0.0;0.0;0.0;23.076923076923077;22.64957264957265;25.0;25.0;0;0
159.057;0.0;0.0;0.0;23.076923076923077;22.64957264957265;25.0;25.0;0;0
159.159;0.0;0.0;0.0;23.076923076923077;22.64957264957265;25.0;25.0;0;0
159.26;0.0;0.0;0.0;23.076923076923077;22.64957264957265;25.0;25.0;0;0
159.367;0.0;0.0;0.0;23.076923076923077;22.64957264957265;25.0;25.0;0;0
159.48;0.0;0.0;0.0;23.076923076923077;22.64957264957265;25.0;25.0;0;0
159.585;0.0;0.0;0.0;23.076923076923077;22.64957264957265;25.0;25.0;0;0
159.706;0.0;0.0;0.0;23.076923076923077;22.64957264957265;25.0;25.0;0;0
159.813;0.0;0.0;0.0;23.076923076923077;22.64957264957265;25.0;25.0;0;0
159.913;0.0;0.0;0.0;23.128205128205128;22.64957264957265;25.0;25.0;0;0
160.031;0.0;0.0;0.0;23.128205128205128;22.64957264957265;25.0;25.0;0;0
160.14;0.0;0.0;0.0;23.128205128205128;22.64957264957265;25.0;25.0;0;0
160.25;0.0;0.0;0.0;23.128205128205128;22.64957264957265;25.0;25.0;0;0
160.362;0.0;0.0;0.0;23.128205128205128;22.64957264957265;25.0;25.0;0;0
160.475;0.0;0.0;0.0;23.128205128205128;22.64957264957265;25.0;25.0;0;0
160.577;0.0;0.0;0.0;23.128205128205128;22.64957264957265;25.0;25.0;0;0
160.678;0.0;0.0;0.0;23.128205128205128;22.64957264957265;25.0;25.0;0;0
160.802;0.0;0.0;0.0;23.128205128205128;22.64957264957265;25.0;25.0;0;0
160.906;0.0;0.0;0.0;23.076923076923077;22.64957264957265;25.0;25.0;0;0
161.007;0.0;0.0;0.0;23.076923076923077;22.64957264957265;25.0;25.0;0;0
161.107;0.0;0.0;0.0;23.076923076923077;22.64957264957265;25.0;25.0;0;0
161.209;0.0;0.0;0.0;23.076923076923077;22.64957264957265;25.0;25.0;0;0
161.311;0.0;0.0;0.0;23.076923076923077;22.64957264957265;25.0;25.0;0;0
161.415;0.0;0.0;0.0;23.076923076923077;22.64957264957265;25.0;25.0;0;0
161.517;0.0;0.0;0.0;23.076923076923077;22.64957264957265;25.0;25.0;0;0
161.62;0.0;0.0;0.0;23.076923076923077;22.64957264957265;25.0;25.0;0;0
161.721;0.0;0.0;0.0;23.076923076923077;22.64957264957265;25.0;25.0;0;0
161.83;0.0;0.0;0.0;23.076923076923077;22.64957264957265;25.0;25.0;0;0
161.934;0.0;0.0;0.0;23.128205128205128;22.64957264957265;25.0;25.0;0;0
162.045;0.0;0.0;0.0;23.128205128205128;22.64957264957265;25.0;25.0;0;0
162.146;0.0;0.0;0.0;23.128205128205128;22.64957264957265;25.0;25.0;0;0
162.253;0.0;0.0;0.0;23.128205128205128;22.64957264957265;25.0;25.0;0;0
162.356;0.0;0.0;0.0;23.128205128205128;22.64957264957265;25.0;25.0;0;0
162.475;0.0;0.0;0.0;23.128205128205128;22.64957264957265;25.0;25.0;0;0
162.599;0.0;0.0;0.0;23.128205128205128;22.64957264957265;25.0;25.0;0;0
162.7;0.0;0.0;0.0;23.128205128205128;22.64957264957265;25.0;25.0;0;0
162.801;0.0;0.0;0.0;23.128205128205128;22.64957264957265;25.0;25.0;0;0
162.902;0.0;0.0;0.0;23.128205128205128;22.64957264957265;25.0;25.0;0;0
163.006;0.0;0.0;0.0;23.128205128205128;22.64957264957265;25.0;25.0;0;0
163.12;0.0;0.0;0.0;23.128205128205128;22.64957264957265;25.0;25.0;0;0
163.244;0.0;0.0;0.0;23.128205128205128;22.64957264957265;25.0;25.0;0;0
163.36;0.0;0.0;0.0;23.128205128205128;22.64957264957265;25.0;25.0;0;0
163.464;0.0;0.0;0.0;23.128205128205128;22.64957264957265;25.0;25.0;0;0
163.565;0.0;0.0;0.0;23.128205128205128;22.64957264957265;25.0;25.0;0;0
163.684;0.0;0.0;0.0;23.128205128205128;22.64957264957265;25.0;25.0;0;0
163.807;0.0;0.0;0.0;23.128205128205128;22.64957264957265;25.0;25.0;0;0
163.908;0.0;0.0;0.0;23.128205128205128;22.64957264957265;25.0;25.0;0;0
164.011;0.0;0.0;0.0;23.128205128205128;22.64957264957265;25.0;25.0;0;0
164.115;0.0;0.0;0.0;23.128205128205128;22.64957264957265;25.0;25.0;0;0
164.215;0.0;0.0;0.0;23.128205128205128;22.64957264957265;25.0;25.0;0;0
164.316;0.0;0.0;0.0;23.128205128205128;22.64957264957265;25.0;25.0;0;0
164.417;0.0;0.0;0.0;23.128205128205128;22.64957264957265;25.0;25.0;0;0
164.523;0.0;0.0;0.0;23.128205128205128;22.64957264957265;25.0;25.0;0;0
164.642;0.0;0.0;0.0;23.128205128205128;22.64957264957265;25.0;25.0;0;0
164.744;0.0;0.0;0.0;23.128205128205128;22.64957264957265;25.0;25.0;0;0
164.847;0.0;0.0;0.0;23.128205128205128;22.64957264957265;25.0;25.0;0;0
164.952;0.0;0.0;0.0;23.076923076923077;22.64957264957265;25.0;25.0;0;0
165.055;0.0;0.0;0.0;23.076923076923077;22.64957264957265;25.0;25.0;0;0
165.167;0.0;0.0;0.0;23.076923076923077;22.64957264957265;25.0;25.0;0;0
165.269;0.0;0.0;0.0;23.076923076923077;22.64957264957265;25.0;25.0;0;0
165.37;0.0;0.0;0.0;23.076923076923077;22.64957264957265;25.0;25.0;0;0
165.471;0.0;0.0;0.0;23.076923076923077;22.64957264957265;25.0;25.0;0;0
165.571;0.0;0.0;0.0;23.076923076923077;22.64957264957265;25.0;25.0;0;0
165.672;0.0;0.0;0.0;23.076923076923077;22.64957264957265;25.0;25.0;0;0
165.784;0.0;0.0;0.0;23.076923076923077;22.64957264957265;25.0;25.0;0;0
165.884;0.0;0.0;0.0;23.076923076923077;22.64957264957265;25.0;25.0;0;0
166.002;0.0;0.0;0.0;23.076923076923077;22.64957264957265;25.0;25.0;0;0
166.103;0.0;0.0;0.0;23.076923076923077;22.64957264957265;25.0;25.0;0;0
166.212;0.0;0.0;0.0;23.076923076923077;22.64957264957265;25.0;25.0;0;0
166.315;0.0;0.0;0.0;23.076923076923077;22.64957264957265;25.0;25.0;0;0
166.421;0.0;0.0;0.0;23.076923076923077;22.64957264957265;25.0;25.0;0;0
166.522;0.0;0.0;0.0;23.076923076923077;22.64957264957265;25.0;25.0;0;0
166.639;0.0;0.0;0.0;23.076923076923077;22.64957264957265;25.0;25.0;0;0
166.755;0.0;0.0;0.0;23.076923076923077;22.64957264957265;25.0;25.0;0;0
166.856;0.0;0.0;0.0;23.076923076923077;22.64957264957265;25.0;25.0;0;0
166.957;0.0;0.0;0.0;23.076923076923077;22.64957264957265;25.0;25.0;0;0
167.058;0.0;0.0;0.0;23.076923076923077;22.64957264957265;25.0;25.0;0;0
167.17;0.0;0.0;0.0;23.076923076923077;22.64957264957265;25.0;25.0;0;0
167.286;0.0;0.0;0.0;23.076923076923077;22.64957264957265;25.0;25.0;0;0
167.405;0.0;0.0;0.0;23.076923076923077;22.64957264957265;25.0;25.0;0;0
167.522;0.0;0.0;0.0;23.076923076923077;22.64957264957265;25.0;25.0;0;0
167.623;0.0;0.0;0.0;23.076923076923077;22.64957264957265;25.0;25.0;0;0
167.727;0.0;0.0;0.0;23.076923076923077;22.64957264957265;25.0;25.0;0;0
167.829;0.0;0.0;0.0;23.076923076923077;22.64957264957265;25.0;25.0;0;0
167.93;0.0;0.0;0.0;23.128205128205128;22.64957264957265;25.0;25.0;0;0
168.042;0.0;0.0;0.0;23.128205128205128;22.64957264957265;25.0;25.0;0;0
168.144;0.0;0.0;0.0;23.128205128205128;22.64957264957265;25.0;25.0;0;0
168.251;0.0;0.0;0.0;23.128205128205128;22.64957264957265;25.0;25.0;0;0
168.358;0.0;0.0;0.0;23.128205128205128;22.64957264957265;25.0;25.0;0;0
168.466;0.0;0.0;0.0;23.128205128205128;22.64957264957265;25.0;25.0;0;0
168.588;0.0;0.0;0.0;23.128205128205128;22.64957264957265;25.0;25.0;0;0
168.69;0.0;0.0;0.0;23.128205128205128;22.64957264957265;25.0;25.0;0;0
168.796;0.0;0.0;0.0;23.128205128205128;22.64957264957265;25.0;25.0;0;0
168.904;0.0;0.0;0.0;23.076923076923077;22.64957264957265;25.0;25.0;0;0
169.01;0.0;0.0;0.0;23.076923076923077;22.64957264957265;25.0;25.0;0;0
169.118;0.0;0.0;0.0;23.076923076923077;22.64957264957265;25.0;25.0;0;0
169.238;0.0;0.0;0.0;23.076923076923077;22.64957264957265;25.0;25.0;0;0
169.355;0.0;0.0;0.0;23.076923076923077;22.64957264957265;25.0;25.0;0;0
169.481;0.0;0.0;0.0;23.076923076923077;22.64957264957265;25.0;25.0;0;0
169.586;0.0;0.0;0.0;23.076923076923077;22.64957264957265;25.0;25.0;0;0
169.716;0.0;0.0;0.0;23.076923076923077;22.64957264957265;25.0;25.0;0;0
169.823;0.0;0.0;0.0;23.076923076923077;22.64957264957265;25.0;25.0;0;0
169.937;0.0;0.0;0.0;23.076923076923077;22.64957264957265;25.0;25.0;0;0
170.053;0.0;0.0;0.0;23.076923076923077;22.64957264957265;25.0;25.0;0;0
170.154;0.0;0.0;0.0;23.076923076923077;22.64957264957265;25.0;25.0;0;0
170.255;0.0;0.0;0.0;23.076923076923077;22.64957264957265;25.0;25.0;0;0
170.391;0.0;0.0;0.0;23.076923076923077;22.64957264957265;25.0;25.0;0;0
170.492;0.0;0.0;0.0;23.076923076923077;22.64957264957265;25.0;25.0;0;0
170.592;0.0;0.0;0.0;23.076923076923077;22.64957264957265;25.0;25.0;0;0
170.693;0.0;0.0;0.0;23.076923076923077;22.64957264957265;25.0;25.0;0;0
170.794;0.0;0.0;0.0;23.076923076923077;22.64957264957265;25.0;25.0;0;0
170.897;0.0;0.0;0.0;23.076923076923077;22.64957264957265;25.0;25.0;0;0
171.004;0.0;0.0;0.0;23.128205128205128;22.64957264957265;25.0;25.0;0;0
171.121;0.0;0.0;0.0;23.128205128205128;22.64957264957265;25.0;25.0;0;0
171.233;0.0;0.0;0.0;23.128205128205128;22.64957264957265;25.0;25.0;0;0
171.34;0.0;0.0;0.0;23.128205128205128;22.64957264957265;25.0;25.0;0;0
171.441;0.0;0.0;0.0;23.128205128205128;22.64957264957265;25.0;25.0;0;0
171.549;0.0;0.0;0.0;23.128205128205128;22.64957264957265;25.0;25.0;0;0
171.665;0.0;0.0;0.0;23.128205128205128;22.64957264957265;25.0;25.0;0;0
171.766;0.0;0.0;0.0;23.128205128205128;22.64957264957265;25.0;25.0;0;0
171.87;0.0;0.0;0.0;23.128205128205128;22.64957264957265;25.0;25.0;0;0
171.992;0.0;0.0;0.0;23.076923076923077;22.64957264957265;25.0;25.0;0;0
172.103;0.0;0.0;0.0;23.076923076923077;22.64957264957265;25.0;25.0;0;0
172.203;0.0;0.0;0.0;23.076923076923077;22.64957264957265;25.0;25.0;0;0
172.31;0.0;0.0;0.0;23.076923076923077;22.64957264957265;25.0;25.0;0;0
172.411;0.0;0.0;0.0;23.076923076923077;22.64957264957265;25.0;25.0;0;0
172.515;0.0;0.0;0.0;23.076923076923077;22.64957264957265;25.0;25.0;0;0
172.624;0.0;0.0;0.0;23.076923076923077;22.64957264957265;25.0;25.0;0;0
172.73;0.0;0.0;0.0;23.076923076923077;22.64957264957265;25.0;25.0;0;0
172.837;0.0;0.0;0.0;23.076923076923077;22.64957264957265;25.0;25.0;0;0
172.946;0.0;0.0;0.0;23.076923076923077;22.64957264957265;25.0;25.0;0;0
173.054;0.0;0.0;0.0;23.076923076923077;22.64957264957265;25.0;25.0;0;0
173.168;0.0;0.0;0.0;23.076923076923077;22.64957264957265;25.0;25.0;0;0
173.278;0.0;0.0;0.0;23.076923076923077;22.64957264957265;25.0;25.0;0;0
173.404;0.0;0.0;0.0;23.076923076923077;22.64957264957265;25.0;25.0;0;0
173.512;0.0;0.0;0.0;23.076923076923077;22.64957264957265;25.0;25.0;0;0
173.613;0.0;0.0;0.0;23.076923076923077;22.64957264957265;25.0;25.0;0;0
173.718;0.0;0.0;0.0;23.076923076923077;22.64957264957265;25.0;25.0;0;0
173.841;0.0;0.0;0.0;23.076923076923077;22.64957264957265;25.0;25.0;0;0
173.942;0.0;0.0;0.0;23.128205128205128;22.700854700854702;25.0;25.0;0;0
174.047;0.0;0.0;0.0;23.128205128205128;22.700854700854702;25.0;25.0;0;0
174.149;0.0;0.0;0.0;23.128205128205128;22.700854700854702;25.0;25.0;0;0
174.251;0.0;0.0;0.0;23.128205128205128;22.700854700854702;25.0;25.0;0;0
174.356;0.0;0.0;0.0;23.128205128205128;22.700854700854702;25.0;25.0;0;0
174.464;0.0;0.0;0.0;23.128205128205128;22.700854700854702;25.0;25.0;0;0
174.569;0.0;0.0;0.0;23.128205128205128;22.700854700854702;25.0;25.0;0;0
174.678;0.0;0.0;0.0;23.128205128205128;22.700854700854702;25.0;25.0;0;0
174.787;0.0;0.0;0.0;23.128205128205128;22.700854700854702;25.0;25.0;0;0
174.888;0.0;0.0;0.0;23.128205128205128;22.700854700854702;25.0;25.0;0;0
174.998;0.0;0.0;0.0;23.076923076923077;22.64957264957265;25.0;25.0;0;0
175.099;0.0;0.0;0.0;23.076923076923077;22.64957264957265;25.0;25.0;0;0
175.225;0.0;0.0;0.0;23.076923076923077;22.64957264957265;25.0;25.0;0;0
175.326;0.0;0.0;0.0;23.076923076923077;22.64957264957265;25.0;25.0;0;0
175.445;0.0;0.0;0.0;23.076923076923077;22.64957264957265;25.0;25.0;0;0
175.55;0.0;0.0;0.0;23.076923076923077;22.64957264957265;25.0;25.0;0;0
175.664;0.0;0.0;0.0;23.076923076923077;22.64957264957265;25.0;25.0;0;0
175.765;0.0;0.0;0.0;23.076923076923077;22.64957264957265;25.0;25.0;0;0
175.865;0.0;0.0;0.0;23.076923076923077;22.64957264957265;25.0;25.0;0;0
175.966;0.0;0.0;0.0;23.076923076923077;22.64957264957265;25.0;25.0;0;0
176.066;0.0;0.0;0.0;23.076923076923077;22.64957264957265;25.0;25.0;0;0
176.167;0.0;0.0;0.0;23.076923076923077;22.64957264957265;25.0;25.0;0;0
176.271;0.0;0.0;0.0;23.076923076923077;22.64957264957265;25.0;25.0;0;0
176.372;0.0;0.0;0.0;23.076923076923077;22.64957264957265;25.0;25.0;0;0
176.473;0.0;0.0;0.0;23.076923076923077;22.64957264957265;25.0;25.0;0;0
176.584;0.0;0.0;0.0;23.076923076923077;22.64957264957265;25.0;25.0;0;0
176.686;0.0;0.0;0.0;23.076923076923077;22.64957264957265;25.0;25.0;0;0
176.789;0.0;0.0;0.0;23.076923076923077;22.64957264957265;25.0;25.0;0;0
176.896;0.0;0.0;0.0;23.076923076923077;22.64957264957265;25.0;25.0;0;0
177.012;0.0;0.0;0.0;23.128205128205128;22.64957264957265;25.0;25.0;0;0
177.133;0.0;0.0;0.0;23.128205128205128;22.64957264957265;25.0;25.0;0;0
177.236;0.0;0.0;0.0;23.128205128205128;22.64957264957265;25.0;25.0;0;0
177.338;0.0;0.0;0.0;23.128205128205128;22.64957264957265;25.0;25.0;0;0
177.455;0.0;0.0;0.0;23.128205128205128;22.64957264957265;25.0;25.0;0;0
177.556;0.0;0.0;0.0;23.128205128205128;22.64957264957265;25.0;25.0;0;0
177.659;0.0;0.0;0.0;23.128205128205128;22.64957264957265;25.0;25.0;0;0
177.76;0.0;0.0;0.0;23.128205128205128;22.64957264957265;25.0;25.0;0;0
177.867;0.0;0.0;0.0;23.128205128205128;22.64957264957265;25.0;25.0;0;0
177.968;0.0;0.0;0.0;23.076923076923077;22.64957264957265;25.0;25.0;0;0
178.068;0.0;0.0;0.0;23.076923076923077;22.64957264957265;25.0;25.0;0;0
178.169;0.0;0.0;0.0;23.076923076923077;22.64957264957265;25.0;25.0;0;0
178.269;0.0;0.0;0.0;23.076923076923077;22.64957264957265;25.0;25.0;0;0
178.4;0.0;0.0;0.0;23.076923076923077;22.64957264957265;25.0;25.0;0;0
178.515;0.0;0.0;0.0;23.076923076923077;22.64957264957265;25.0;25.0;0;0
178.616;0.0;0.0;0.0;23.076923076923077;22.64957264957265;25.0;25.0;0;0
178.729;0.0;0.0;0.0;23.076923076923077;22.64957264957265;25.0;25.0;0;0
178.844;0.0;0.0;0.0;23.076923076923077;22.64957264957265;25.0;25.0;0;0
178.945;0.0;0.0;0.0;23.128205128205128;22.64957264957265;25.0;25.0;0;0
179.055;0.0;0.0;0.0;23.128205128205128;22.64957264957265;25.0;25.0;0;0
179.196;0.0;0.0;0.0;23.128205128205128;22.64957264957265;25.0;25.0;0;0
179.304;0.0;0.0;0.0;23.128205128205128;22.64957264957265;25.0;25.0;0;0
179.405;0.0;0.0;0.0;23.128205128205128;22.64957264957265;25.0;25.0;0;0
179.505;0.0;0.0;0.0;23.128205128205128;22.64957264957265;25.0;25.0;0;0
179.606;0.0;0.0;0.0;23.128205128205128;22.64957264957265;25.0;25.0;0;0
179.729;0.0;0.0;0.0;23.128205128205128;22.64957264957265;25.0;25.0;0;0
179.847;0.0;0.0;0.0;23.128205128205128;22.64957264957265;25.0;25.0;0;0
179.954;0.0;0.0;0.0;23.128205128205128;22.64957264957265;25.0;25.0;0;0
180.06;0.0;0.0;0.0;23.076923076923077;22.64957264957265;25.0;25.0;0;0
180.161;0.0;0.0;0.0;23.076923076923077;22.64957264957265;25.0;25.0;0;0
180.271;0.0;0.0;0.0;23.076923076923077;22.64957264957265;25.0;25.0;0;0
180.375;0.0;0.0;0.0;23.076923076923077;22.64957264957265;25.0;25.0;0;0
180.477;0.0;0.0;0.0;23.076923076923077;22.64957264957265;25.0;25.0;0;0
180.578;0.0;0.0;0.0;23.076923076923077;22.64957264957265;25.0;25.0;0;0
180.686;0.0;0.0;0.0;23.076923076923077;22.64957264957265;25.0;25.0;0;0
180.787;0.0;0.0;0.0;23.076923076923077;22.64957264957265;25.0;25.0;0;0
180.892;0.0;0.0;0.0;23.076923076923077;22.64957264957265;25.0;25.0;0;0
180.993;0.0;0.0;0.0;23.128205128205128;22.700854700854702;25.0;25.0;0;0
181.098;0.0;0.0;0.0;23.128205128205128;22.700854700854702;25.0;25.0;0;0
181.202;0.0;0.0;0.0;23.128205128205128;22.700854700854702;25.0;25.0;0;0
181.312;0.0;0.0;0.0;23.128205128205128;22.700854700854702;25.0;25.0;0;0
181.438;0.0;0.0;0.0;23.128205128205128;22.700854700854702;25.0;25.0;0;0
181.538;0.0;0.0;0.0;23.128205128205128;22.700854700854702;25.0;25.0;0;0
181.639;0.0;0.0;0.0;23.128205128205128;22.700854700854702;25.0;25.0;0;0
181.744;0.0;0.0;0.0;23.128205128205128;22.700854700854702;25.0;25.0;0;0
181.863;0.0;0.0;0.0;23.128205128205128;22.700854700854702;25.0;25.0;0;0
181.974;0.0;0.0;0.0;23.128205128205128;22.700854700854702;25.0;25.0;0;0
182.079;0.0;0.0;0.0;23.076923076923077;22.64957264957265;25.0;25.0;0;0
182.19;0.0;0.0;0.0;23.076923076923077;22.64957264957265;25.0;25.0;0;0
182.293;0.0;0.0;0.0;23.076923076923077;22.64957264957265;25.0;25.0;0;0
182.412;0.0;0.0;0.0;23.076923076923077;22.64957264957265;25.0;25.0;0;0
182.513;0.0;0.0;0.0;23.076923076923077;22.64957264957265;25.0;25.0;0;0
182.616;0.0;0.0;0.0;23.076923076923077;22.64957264957265;25.0;25.0;0;0
182.72;0.0;0.0;0.0;23.076923076923077;22.64957264957265;25.0;25.0;0;0
182.83;0.0;0.0;0.0;23.076923076923077;22.64957264957265;25.0;25.0;0;0
182.938;0.0;0.0;0.0;23.128205128205128;22.64957264957265;25.0;25.0;0;0
183.057;0.0;0.0;0.0;23.128205128205128;22.64957264957265;25.0;25.0;0;0
183.159;0.0;0.0;0.0;23.128205128205128;22.64957264957265;25.0;25.0;0;0
183.262;0.0;0.0;0.0;23.128205128205128;22.64957264957265;25.0;25.0;0;0
183.376;0.0;0.0;0.0;23.128205128205128;22.64957264957265;25.0;25.0;0;0
183.478;0.0;0.0;0.0;23.128205128205128;22.64957264957265;25.0;25.0;0;0
183.579;0.0;0.0;0.0;23.128205128205128;22.64957264957265;25.0;25.0;0;0
183.682;0.0;0.0;0.0;23.128205128205128;22.64957264957265;25.0;25.0;0;0
183.783;0.0;0.0;0.0;23.128205128205128;22.64957264957265;25.0;25.0;0;0
183.887;0.0;0.0;0.0;23.128205128205128;22.64957264957265;25.0;25.0;0;0
183.988;0.0;0.0;0.0;23.076923076923077;22.64957264957265;25.0;25.0;0;0
184.1;0.0;0.0;0.0;23.076923076923077;22.64957264957265;25.0;25.0;0;0
184.216;0.0;0.0;0.0;23.076923076923077;22.64957264957265;25.0;25.0;0;0
184.318;0.0;0.0;0.0;23.076923076923077;22.64957264957265;25.0;25.0;0;0
184.437;0.0;0.0;0.0;23.076923076923077;22.64957264957265;25.0;25.0;0;0
184.538;0.0;0.0;0.0;23.076923076923077;22.64957264957265;25.0;25.0;0;0
184.645;0.0;0.0;0.0;23.076923076923077;22.64957264957265;25.0;25.0;0;0
184.75;0.0;0.0;0.0;23.076923076923077;22.64957264957265;25.0;25.0;0;0
184.857;0.0;0.0;0.0;23.076923076923077;22.64957264957265;25.0;25.0;0;0
184.958;0.0;0.0;0.0;23.076923076923077;22.64957264957265;25.0;25.0;0;0
185.059;0.0;0.0;0.0;23.076923076923077;22.64957264957265;25.0;25.0;0;0
185.164;0.0;0.0;0.0;23.076923076923077;22.64957264957265;25.0;25.0;0;0
185.266;0.0;0.0;0.0;23.076923076923077;22.64957264957265;25.0;25.0;0;0
185.379;0.0;0.0;0.0;23.076923076923077;22.64957264957265;25.0;25.0;0;0
185.479;0.0;0.0;0.0;23.076923076923077;22.64957264957265;25.0;25.0;0;0
185.582;0.0;0.0;0.0;23.076923076923077;22.64957264957265;25.0;25.0;0;0
185.688;0.0;0.0;0.0;23.076923076923077;22.64957264957265;25.0;25.0;0;0
185.794;0.0;0.0;0.0;23.076923076923077;22.64957264957265;25.0;25.0;0;0
185.914;0.0;0.0;0.0;23.076923076923077;22.64957264957265;25.0;25.0;0;0
186.019;0.0;0.0;0.0;23.128205128205128;22.700854700854702;25.0;25.0;0;0
186.125;0.0;0.0;0.0;23.128205128205128;22.700854700854702;25.0;25.0;0;0
186.232;0.0;0.0;0.0;23.128205128205128;22.700854700854702;25.0;25.0;0;0
186.348;0.0;0.0;0.0;23.128205128205128;22.700854700854702;25.0;25.0;0;0
186.456;0.0;0.0;0.0;23.128205128205128;22.700854700854702;25.0;25.0;0;0
186.558;0.0;0.0;0.0;23.128205128205128;22.700854700854702;25.0;25.0;0;0
186.703;0.0;0.0;0.0;23.128205128205128;22.700854700854702;25.0;25.0;0;0
186.806;0.0;0.0;0.0;23.128205128205128;22.700854700854702;25.0;25.0;0;0
186.911;0.0;0.0;0.0;23.128205128205128;22.700854700854702;25.0;25.0;0;0
187.02;0.0;0.0;0.0;23.128205128205128;22.700854700854702;25.0;25.0;0;0
187.177;0.0;0.0;0.0;23.076923076923077;22.64957264957265;25.0;25.0;0;0
187.277;0.0;0.0;0.0;23.076923076923077;22.64957264957265;25.0;25.0;0;0
187.378;0.0;0.0;0.0;23.076923076923077;22.64957264957265;25.0;25.0;0;0
187.483;0.0;0.0;0.0;23.076923076923077;22.64957264957265;25.0;25.0;0;0
187.588;0.0;0.0;0.0;23.076923076923077;22.64957264957265;25.0;25.0;0;0
187.689;0.0;0.0;0.0;23.076923076923077;22.64957264957265;25.0;25.0;0;0
187.801;0.0;0.0;0.0;23.076923076923077;22.64957264957265;25.0;25.0;0;0
187.901;0.0;0.0;0.0;23.076923076923077;22.64957264957265;25.0;25.0;0;0
188.002;0.0;0.0;0.0;23.076923076923077;22.64957264957265;25.0;25.0;0;0
188.103;0.0;0.0;0.0;23.128205128205128;22.700854700854702;25.0;25.0;0;0
188.208;0.0;0.0;0.0;23.128205128205128;22.700854700854702;25.0;25.0;0;0
188.326;0.0;0.0;0.0;23.128205128205128;22.700854700854702;25.0;25.0;0;0
188.445;0.0;0.0;0.0;23.128205128205128;22.700854700854702;25.0;25.0;0;0
188.545;0.0;0.0;0.0;23.128205128205128;22.700854700854702;25.0;25.0;0;0
188.649;0.0;0.0;0.0;23.128205128205128;22.700854700854702;25.0;25.0;0;0
188.771;0.0;0.0;0.0;23.128205128205128;22.700854700854702;25.0;25.0;0;0
188.877;0.0;0.0;0.0;23.128205128205128;22.700854700854702;25.0;25.0;0;0
188.978;0.0;0.0;0.0;23.128205128205128;22.64957264957265;25.0;25.0;0;0
189.082;0.0;0.0;0.0;23.128205128205128;22.64957264957265;25.0;25.0;0;0
189.197;0.0;0.0;0.0;23.128205128205128;22.64957264957265;25.0;25.0;0;0
189.301;0.0;0.0;0.0;23.128205128205128;22.64957264957265;25.0;25.0;0;0
189.412;0.0;0.0;0.0;23.128205128205128;22.64957264957265;25.0;25.0;0;0
189.515;0.0;0.0;0.0;23.128205128205128;22.64957264957265;25.0;25.0;0;0
189.621;0.0;0.0;0.0;23.128205128205128;22.64957264957265;25.0;25.0;0;0
189.722;0.0;0.0;0.0;23.128205128205128;22.64957264957265;25.0;25.0;0;0
189.834;0.0;0.0;0.0;23.128205128205128;22.64957264957265;25.0;25.0;0;0
189.947;0.0;0.0;0.0;23.128205128205128;22.64957264957265;25.0;25.0;0;0
190.049;0.0;0.0;0.0;23.128205128205128;22.64957264957265;25.0;25.0;0;0
190.157;0.0;0.0;0.0;23.128205128205128;22.64957264957265;25.0;25.0;0;0
190.28;0.0;0.0;0.0;23.128205128205128;22.64957264957265;25.0;25.0;0;0
190.384;0.0;0.0;0.0;23.128205128205128;22.64957264957265;25.0;25.0;0;0
190.507;0.0;0.0;0.0;23.128205128205128;22.64957264957265;25.0;25.0;0;0
190.624;0.0;0.0;0.0;23.128205128205128;22.64957264957265;25.0;25.0;0;0
190.732;0.0;0.0;0.0;23.128205128205128;22.64957264957265;25.0;25.0;0;0
190.837;0.0;0.0;0.0;23.128205128205128;22.64957264957265;25.0;25.0;0;0
190.942;0.0;0.0;0.0;23.128205128205128;22.64957264957265;25.0;25.0;0;0
191.056;0.0;0.0;0.0;23.128205128205128;22.700854700854702;25.0;25.0;0;0
191.158;0.0;0.0;0.0;23.128205128205128;22.700854700854702;25.0;25.0;0;0
191.266;0.0;0.0;0.0;23.128205128205128;22.700854700854702;25.0;25.0;0;0
191.409;0.0;0.0;0.0;23.128205128205128;22.700854700854702;25.0;25.0;0;0
191.513;0.0;0.0;0.0;23.128205128205128;22.700854700854702;25.0;25.0;0;0
191.628;0.0;0.0;0.0;23.128205128205128;22.700854700854702;25.0;25.0;0;0
191.747;0.0;0.0;0.0;23.128205128205128;22.700854700854702;25.0;25.0;0;0
191.861;0.0;0.0;0.0;23.128205128205128;22.700854700854702;25.0;25.0;0;0
191.971;0.0;0.0;0.0;23.128205128205128;22.700854700854702;25.0;25.0;0;0
192.09;0.0;0.0;0.0;23.128205128205128;22.64957264957265;25.0;25.0;0;0
192.204;0.0;0.0;0.0;23.128205128205128;22.64957264957265;25.0;25.0;0;0
192.31;0.0;0.0;0.0;23.128205128205128;22.64957264957265;25.0;25.0;0;0
192.411;0.0;0.0;0.0;23.128205128205128;22.64957264957265;25.0;25.0;0;0
192.517;0.0;0.0;0.0;23.128205128205128;22.64957264957265;25.0;25.0;0;0
192.622;0.0;0.0;0.0;23.128205128205128;22.64957264957265;25.0;25.0;0;0
192.729;0.0;0.0;0.0;23.128205128205128;22.64957264957265;25.0;25.0;0;0
192.829;0.0;0.0;0.0;23.128205128205128;22.64957264957265;25.0;25.0;0;0
192.938;0.0;0.0;0.0;23.128205128205128;22.64957264957265;25.0;25.0;0;0
193.054;0.0;0.0;0.0;23.076923076923077;22.64957264957265;25.0;25.0;0;0
193.157;0.0;0.0;0.0;23.076923076923077;22.64957264957265;25.0;25.0;0;0
193.283;0.0;0.0;0.0;23.076923076923077;22.64957264957265;25.0;25.0;0;0
193.392;0.0;0.0;0.0;23.076923076923077;22.64957264957265;25.0;25.0;0;0
193.5;0.0;0.0;0.0;23.076923076923077;22.64957264957265;25.0;25.0;0;0
193.602;0.0;0.0;0.0;23.076923076923077;22.64957264957265;25.0;25.0;0;0
193.752;0.0;0.0;0.0;23.076923076923077;22.64957264957265;25.0;25.0;0;0
193.863;0.0;0.0;0.0;23.076923076923077;22.64957264957265;25.0;25.0;0;0
193.97;0.0;0.0;0.0;23.076923076923077;22.64957264957265;25.0;25.0;0;0
194.07;0.0;0.0;0.0;23.076923076923077;22.64957264957265;25.0;25.0;0;0
194.173;0.0;0.0;0.0;23.076923076923077;22.64957264957265;25.0;25.0;0;0
194.274;0.0;0.0;0.0;23.076923076923077;22.64957264957265;25.0;25.0;0;0
194.374;0.0;0.0;0.0;23.076923076923077;22.64957264957265;25.0;25.0;0;0
194.488;0.0;0.0;0.0;23.076923076923077;22.64957264957265;25.0;25.0;0;0
194.623;0.0;0.0;0.0;23.076923076923077;22.64957264957265;25.0;25.0;0;0
194.724;0.0;0.0;0.0;23.076923076923077;22.64957264957265;25.0;25.0;0;0
194.825;0.0;0.0;0.0;23.076923076923077;22.64957264957265;25.0;25.0;0;0
194.925;0.0;0.0;0.0;23.076923076923077;22.64957264957265;25.0;25.0;0;0
195.026;0.0;0.0;0.0;23.128205128205128;22.64957264957265;25.0;25.0;0;0
195.131;0.0;0.0;0.0;23.128205128205128;22.64957264957265;25.0;25.0;0;0
195.239;0.0;0.0;0.0;23.128205128205128;22.64957264957265;25.0;25.0;0;0
195.34;0.0;0.0;0.0;23.128205128205128;22.64957264957265;25.0;25.0;0;0
195.44;0.0;0.0;0.0;23.128205128205128;22.64957264957265;25.0;25.0;0;0
195.567;0.0;0.0;0.0;23.128205128205128;22.64957264957265;25.0;25.0;0;0
195.681;0.0;0.0;0.0;23.128205128205128;22.64957264957265;25.0;25.0;0;0
195.792;0.0;0.0;0.0;23.128205128205128;22.64957264957265;25.0;25.0;0;0
195.893;0.0;0.0;0.0;23.128205128205128;22.64957264957265;25.0;25.0;0;0
195.993;0.0;0.0;0.0;23.128205128205128;22.64957264957265;25.0;25.0;0;0
196.094;0.0;0.0;0.0;23.128205128205128;22.64957264957265;25.0;25.0;0;0
196.205;0.0;0.0;0.0;23.128205128205128;22.64957264957265;25.0;25.0;0;0
196.323;0.0;0.0;0.0;23.128205128205128;22.64957264957265;25.0;25.0;0;0
196.435;0.0;0.0;0.0;23.128205128205128;22.64957264957265;25.0;25.0;0;0
196.537;0.0;0.0;0.0;23.128205128205128;22.64957264957265;25.0;25.0;0;0
196.642;0.0;0.0;0.0;23.128205128205128;22.64957264957265;25.0;25.0;0;0
196.754;0.0;0.0;0.0;23.128205128205128;22.64957264957265;25.0;25.0;0;0
196.855;0.0;0.0;0.0;23.128205128205128;22.64957264957265;25.0;25.0;0;0
196.96;0.0;0.0;0.0;23.128205128205128;22.64957264957265;25.0;25.0;0;0
197.061;0.0;0.0;0.0;23.128205128205128;22.64957264957265;25.0;25.0;0;0
197.162;0.0;0.0;0.0;23.128205128205128;22.64957264957265;25.0;25.0;0;0
197.272;0.0;0.0;0.0;23.128205128205128;22.64957264957265;25.0;25.0;0;0
197.376;0.0;0.0;0.0;23.128205128205128;22.64957264957265;25.0;25.0;0;0
197.479;0.0;0.0;0.0;23.128205128205128;22.64957264957265;25.0;25.0;0;0
197.58;0.0;0.0;0.0;23.128205128205128;22.64957264957265;25.0;25.0;0;0
197.682;0.0;0.0;0.0;23.128205128205128;22.64957264957265;25.0;25.0;0;0
197.782;0.0;0.0;0.0;23.128205128205128;22.64957264957265;25.0;25.0;0;0
197.915;0.0;0.0;0.0;23.128205128205128;22.64957264957265;25.0;25.0;0;0
198.033;0.0;0.0;0.0;23.128205128205128;22.64957264957265;25.0;25.0;0;0
198.149;0.0;0.0;0.0;23.128205128205128;22.64957264957265;25.0;25.0;0;0
198.263;0.0;0.0;0.0;23.128205128205128;22.64957264957265;25.0;25.0;0;0
198.368;0.0;0.0;0.0;23.128205128205128;22.64957264957265;25.0;25.0;0;0
198.469;0.0;0.0;0.0;23.128205128205128;22.64957264957265;25.0;25.0;0;0
198.57;0.0;0.0;0.0;23.128205128205128;22.64957264957265;25.0;25.0;0;0
198.681;0.0;0.0;0.0;23.128205128205128;22.64957264957265;25.0;25.0;0;0
198.786;0.0;0.0;0.0;23.128205128205128;22.64957264957265;25.0;25.0;0;0
198.89;0.0;0.0;0.0;23.128205128205128;22.64957264957265;25.0;25.0;0;0
198.991;0.0;0.0;0.0;23.128205128205128;22.64957264957265;25.0;25.0;0;0
199.096;0.0;0.0;0.0;23.128205128205128;22.64957264957265;25.0;25.0;0;0
199.198;0.0;0.0;0.0;23.128205128205128;22.64957264957265;25.0;25.0;0;0
199.298;0.0;0.0;0.0;23.128205128205128;22.64957264957265;25.0;25.0;0;0
199.404;0.0;0.0;0.0;23.128205128205128;22.64957264957265;25.0;25.0;0;0
199.505;0.0;0.0;0.0;23.128205128205128;22.64957264957265;25.0;25.0;0;0
199.609;0.0;0.0;0.0;23.128205128205128;22.64957264957265;25.0;25.0;0;0
199.717;0.0;0.0;0.0;23.128205128205128;22.64957264957265;25.0;25.0;0;0
199.829;0.0;0.0;0.0;23.128205128205128;22.64957264957265;25.0;25.0;0;0
199.952;0.0;0.0;0.0;23.128205128205128;22.64957264957265;25.0;25.0;0;0
200.064;0.0;0.0;0.0;23.076923076923077;22.64957264957265;25.0;25.0;0;0
200.165;0.0;0.0;0.0;23.076923076923077;22.64957264957265;25.0;25.0;0;0
200.269;0.0;0.0;0.0;23.076923076923077;22.64957264957265;25.0;25.0;0;0
200.371;0.0;0.0;0.0;23.076923076923077;22.64957264957265;25.0;25.0;0;0
200.478;0.0;0.0;0.0;23.076923076923077;22.64957264957265;25.0;25.0;0;0
200.579;0.0;0.0;0.0;23.076923076923077;22.64957264957265;25.0;25.0;0;0
200.689;0.0;0.0;0.0;23.076923076923077;22.64957264957265;25.0;25.0;0;0
200.79;0.0;0.0;0.0;23.076923076923077;22.64957264957265;25.0;25.0;0;0
200.917;0.0;0.0;0.0;23.076923076923077;22.64957264957265;25.0;25.0;0;0
201.031;0.0;0.0;0.0;23.128205128205128;22.64957264957265;25.0;25.0;0;0
201.168;0.0;0.0;0.0;23.128205128205128;22.64957264957265;25.0;25.0;0;0
201.268;0.0;0.0;0.0;23.128205128205128;22.64957264957265;25.0;25.0;0;0
201.385;0.0;0.0;0.0;23.128205128205128;22.64957264957265;25.0;25.0;0;0
201.501;0.0;0.0;0.0;23.128205128205128;22.64957264957265;25.0;25.0;0;0
201.613;0.0;0.0;0.0;23.128205128205128;22.64957264957265;25.0;25.0;0;0
201.719;0.0;0.0;0.0;23.128205128205128;22.64957264957265;25.0;25.0;0;0
201.829;0.0;0.0;0.0;23.128205128205128;22.64957264957265;25.0;25.0;0;0
201.934;0.0;0.0;0.0;23.128205128205128;22.64957264957265;25.0;25.0;0;0
202.075;0.0;0.0;0.0;23.128205128205128;22.700854700854702;25.0;25.0;0;0
202.177;0.0;0.0;0.0;23.128205128205128;22.700854700854702;25.0;25.0;0;0
202.291;0.0;0.0;0.0;23.128205128205128;22.700854700854702;25.0;25.0;0;0
202.41;0.0;0.0;0.0;23.128205128205128;22.700854700854702;25.0;25.0;0;0
202.51;0.0;0.0;0.0;23.128205128205128;22.700854700854702;25.0;25.0;0;0
202.611;0.0;0.0;0.0;23.128205128205128;22.700854700854702;25.0;25.0;0;0
202.711;0.0;0.0;0.0;23.128205128205128;22.700854700854702;25.0;25.0;0;0
202.812;0.0;0.0;0.0;23.128205128205128;22.700854700854702;25.0;25.0;0;0
202.928;0.0;0.0;0.0;23.128205128205128;22.700854700854702;25.0;25.0;0;0
203.029;0.0;0.0;0.0;23.128205128205128;22.64957264957265;25.0;25.0;0;0
203.132;0.0;0.0;0.0;23.128205128205128;22.64957264957265;25.0;25.0;0;0
203.234;0.0;0.0;0.0;23.128205128205128;22.64957264957265;25.0;25.0;0;0
203.334;0.0;0.0;0.0;23.128205128205128;22.64957264957265;25.0;25.0;0;0
203.436;0.0;0.0;0.0;23.128205128205128;22.64957264957265;25.0;25.0;0;0
203.54;0.0;0.0;0.0;23.128205128205128;22.64957264957265;25.0;25.0;0;0
203.642;0.0;0.0;0.0;23.128205128205128;22.64957264957265;25.0;25.0;0;0
203.759;0.0;0.0;0.0;23.128205128205128;22.64957264957265;25.0;25.0;0;0
203.872;0.0;0.0;0.0;23.128205128205128;22.64957264957265;25.0;25.0;0;0
203.975;0.0;0.0;0.0;23.128205128205128;22.64957264957265;25.0;25.0;0;0
204.079;0.0;0.0;0.0;23.128205128205128;22.700854700854702;25.0;25.0;0;0
204.18;0.0;0.0;0.0;23.128205128205128;22.700854700854702;25.0;25.0;0;0
204.281;0.0;0.0;0.0;23.128205128205128;22.700854700854702;25.0;25.0;0;0
204.382;0.0;0.0;0.0;23.128205128205128;22.700854700854702;25.0;25.0;0;0
204.482;0.0;0.0;0.0;23.128205128205128;22.700854700854702;25.0;25.0;0;0
204.584;0.0;0.0;0.0;23.128205128205128;22.700854700854702;25.0;25.0;0;0
204.686;0.0;0.0;0.0;23.128205128205128;22.700854700854702;25.0;25.0;0;0
204.787;0.0;0.0;0.0;23.128205128205128;22.700854700854702;25.0;25.0;0;0
204.925;0.0;0.0;0.0;23.128205128205128;22.700854700854702;25.0;25.0;0;0
205.031;0.0;0.0;0.0;23.076923076923077;22.64957264957265;25.0;25.0;0;0
205.134;0.0;0.0;0.0;23.076923076923077;22.64957264957265;25.0;25.0;0;0
205.235;0.0;0.0;0.0;23.076923076923077;22.64957264957265;25.0;25.0;0;0
205.34;0.0;0.0;0.0;23.076923076923077;22.64957264957265;25.0;25.0;0;0
205.445;0.0;0.0;0.0;23.076923076923077;22.64957264957265;25.0;25.0;0;0
205.551;0.0;0.0;0.0;23.076923076923077;22.64957264957265;25.0;25.0;0;0
205.652;0.0;0.0;0.0;23.076923076923077;22.64957264957265;25.0;25.0;0;0
205.768;0.0;0.0;0.0;23.076923076923077;22.64957264957265;25.0;25.0;0;0
205.875;0.0;0.0;0.0;23.076923076923077;22.64957264957265;25.0;25.0;0;0
205.985;0.0;0.0;0.0;23.128205128205128;22.64957264957265;25.0;25.0;0;0
206.095;0.0;0.0;0.0;23.128205128205128;22.64957264957265;25.0;25.0;0;0
206.2;0.0;0.0;0.0;23.128205128205128;22.64957264957265;25.0;25.0;0;0
206.312;0.0;0.0;0.0;23.128205128205128;22.64957264957265;25.0;25.0;0;0
206.432;0.0;0.0;0.0;23.128205128205128;22.64957264957265;25.0;25.0;0;0
206.548;0.0;0.0;0.0;23.128205128205128;22.64957264957265;25.0;25.0;0;0
206.66;0.0;0.0;0.0;23.128205128205128;22.64957264957265;25.0;25.0;0;0
206.766;0.0;0.0;0.0;23.128205128205128;22.64957264957265;25.0;25.0;0;0
206.874;0.0;0.0;0.0;23.128205128205128;22.64957264957265;25.0;25.0;0;0
206.974;0.0;0.0;0.0;23.128205128205128;22.64957264957265;25.0;25.0;0;0
207.077;0.0;0.0;0.0;23.128205128205128;22.64957264957265;25.0;25.0;0;0
207.179;0.0;0.0;0.0;23.128205128205128;22.64957264957265;25.0;25.0;0;0
207.28;0.0;0.0;0.0;23.128205128205128;22.64957264957265;25.0;25.0;0;0
207.382;0.0;0.0;0.0;23.128205128205128;22.64957264957265;25.0;25.0;0;0
207.482;0.0;0.0;0.0;23.128205128205128;22.64957264957265;25.0;25.0;0;0
207.584;0.0;0.0;0.0;23.128205128205128;22.64957264957265;25.0;25.0;0;0
207.684;0.0;0.0;0.0;23.128205128205128;22.64957264957265;25.0;25.0;0;0
207.798;0.0;0.0;0.0;23.128205128205128;22.64957264957265;25.0;25.0;0;0
207.91;0.0;0.0;0.0;23.128205128205128;22.64957264957265;25.0;25.0;0;0
208.018;0.0;0.0;0.0;23.128205128205128;22.64957264957265;25.0;25.0;0;0
208.118;0.0;0.0;0.0;23.128205128205128;22.64957264957265;25.0;25.0;0;0
208.222;0.0;0.0;0.0;23.128205128205128;22.64957264957265;25.0;25.0;0;0
208.324;0.0;0.0;0.0;23.128205128205128;22.64957264957265;25.0;25.0;0;0
208.426;0.0;0.0;0.0;23.128205128205128;22.64957264957265;25.0;25.0;0;0
208.527;0.0;0.0;0.0;23.128205128205128;22.64957264957265;25.0;25.0;0;0
208.633;0.0;0.0;0.0;23.128205128205128;22.64957264957265;25.0;25.0;0;0
208.745;0.0;0.0;0.0;23.128205128205128;22.64957264957265;25.0;25.0;0;0
208.861;0.0;0.0;0.0;23.128205128205128;22.64957264957265;25.0;25.0;0;0
208.982;0.0;0.0;0.0;23.128205128205128;22.64957264957265;25.0;25.0;0;0
209.086;0.0;0.0;0.0;23.128205128205128;22.64957264957265;25.0;25.0;0;0
209.187;0.0;0.0;0.0;23.128205128205128;22.64957264957265;25.0;25.0;0;0
209.31;0.0;0.0;0.0;23.128205128205128;22.64957264957265;25.0;25.0;0;0
209.413;0.0;0.0;0.0;23.128205128205128;22.64957264957265;25.0;25.0;0;0
209.513;0.0;0.0;0.0;23.128205128205128;22.64957264957265;25.0;25.0;0;0
209.623;0.0;0.0;0.0;23.128205128205128;22.64957264957265;25.0;25.0;0;0
209.728;0.0;0.0;0.0;23.128205128205128;22.64957264957265;25.0;25.0;0;0
209.84;0.0;0.0;0.0;23.128205128205128;22.64957264957265;25.0;25.0;0;0
209.952;0.0;0.0;0.0;23.128205128205128;22.64957264957265;25.0;25.0;0;0
210.053;0.0;0.0;0.0;23.128205128205128;22.64957264957265;25.0;25.0;0;0
210.154;0.0;0.0;0.0;23.128205128205128;22.64957264957265;25.0;25.0;0;0
210.255;0.0;0.0;0.0;23.128205128205128;22.64957264957265;25.0;25.0;0;0
210.358;0.0;0.0;0.0;23.128205128205128;22.64957264957265;25.0;25.0;0;0
210.484;0.0;0.0;0.0;23.128205128205128;22.64957264957265;25.0;25.0;0;0
210.589;0.0;0.0;0.0;23.128205128205128;22.64957264957265;25.0;25.0;0;0
210.702;0.0;0.0;0.0;23.128205128205128;22.64957264957265;25.0;25.0;0;0
210.812;0.0;0.0;0.0;23.128205128205128;22.64957264957265;25.0;25.0;0;0
210.926;0.0;0.0;0.0;23.128205128205128;22.64957264957265;25.0;25.0;0;0
211.03;0.0;0.0;0.0;23.128205128205128;22.64957264957265;25.0;25.0;0;0
211.136;0.0;0.0;0.0;23.128205128205128;22.64957264957265;25.0;25.0;0;0
211.25;0.0;0.0;0.0;23.128205128205128;22.64957264957265;25.0;25.0;0;0
211.361;0.0;0.0;0.0;23.128205128205128;22.64957264957265;25.0;25.0;0;0
211.474;0.0;0.0;0.0;23.128205128205128;22.64957264957265;25.0;25.0;0;0
211.592;0.0;0.0;0.0;23.128205128205128;22.64957264957265;25.0;25.0;0;0
211.701;0.0;0.0;0.0;23.128205128205128;22.64957264957265;25.0;25.0;0;0
211.802;0.0;0.0;0.0;23.128205128205128;22.64957264957265;25.0;25.0;0;0
211.904;0.0;0.0;0.0;23.128205128205128;22.64957264957265;25.0;25.0;0;0
212.005;0.0;0.0;0.0;23.128205128205128;22.64957264957265;25.0;25.0;0;0
212.112;0.0;0.0;0.0;23.128205128205128;22.64957264957265;25.0;25.0;0;0
212.216;0.0;0.0;0.0;23.128205128205128;22.64957264957265;25.0;25.0;0;0
212.328;0.0;0.0;0.0;23.128205128205128;22.64957264957265;25.0;25.0;0;0
212.474;0.0;0.0;0.0;23.128205128205128;22.64957264957265;25.0;25.0;0;0
212.612;0.0;0.0;0.0;23.128205128205128;22.64957264957265;25.0;25.0;0;0
212.713;0.0;0.0;0.0;23.128205128205128;22.64957264957265;25.0;25.0;0;0
212.832;0.0;0.0;0.0;23.128205128205128;22.64957264957265;25.0;25.0;0;0
212.938;0.0;0.0;0.0;23.128205128205128;22.64957264957265;25.0;25.0;0;0
213.046;0.0;0.0;0.0;23.128205128205128;22.64957264957265;25.0;25.0;0;0
213.147;0.0;0.0;0.0;23.128205128205128;22.64957264957265;25.0;25.0;0;0
213.249;0.0;0.0;0.0;23.128205128205128;22.64957264957265;25.0;25.0;0;0
213.349;0.0;0.0;0.0;23.128205128205128;22.64957264957265;25.0;25.0;0;0
213.455;0.0;0.0;0.0;23.128205128205128;22.64957264957265;25.0;25.0;0;0
213.557;0.0;0.0;0.0;23.128205128205128;22.64957264957265;25.0;25.0;0;0
213.66;0.0;0.0;0.0;23.128205128205128;22.64957264957265;25.0;25.0;0;0
213.767;0.0;0.0;0.0;23.128205128205128;22.64957264957265;25.0;25.0;0;0
213.868;0.0;0.0;0.0;23.128205128205128;22.64957264957265;25.0;25.0;0;0
213.973;0.0;0.0;0.0;23.128205128205128;22.64957264957265;25.0;25.0;0;0
214.082;0.0;0.0;0.0;23.076923076923077;22.64957264957265;25.0;25.0;0;0
214.19;0.0;0.0;0.0;23.076923076923077;22.64957264957265;25.0;25.0;0;0
214.295;0.0;0.0;0.0;23.076923076923077;22.64957264957265;25.0;25.0;0;0
214.406;0.0;0.0;0.0;23.076923076923077;22.64957264957265;25.0;25.0;0;0
214.519;0.0;0.0;0.0;23.076923076923077;22.64957264957265;25.0;25.0;0;0
214.645;0.0;0.0;0.0;23.076923076923077;22.64957264957265;25.0;25.0;0;0
214.755;0.0;0.0;0.0;23.076923076923077;22.64957264957265;25.0;25.0;0;0
214.863;0.0;0.0;0.0;23.076923076923077;22.64957264957265;25.0;25.0;0;0
214.966;0.0;0.0;0.0;23.076923076923077;22.64957264957265;25.0;25.0;0;0
215.07;0.0;0.0;0.0;23.076923076923077;22.64957264957265;25.0;25.0;0;0
215.181;0.0;0.0;0.0;23.076923076923077;22.64957264957265;25.0;25.0;0;0
215.302;0.0;0.0;0.0;23.076923076923077;22.64957264957265;25.0;25.0;0;0
215.412;0.0;0.0;0.0;23.076923076923077;22.64957264957265;25.0;25.0;0;0
215.526;0.0;0.0;0.0;23.076923076923077;22.64957264957265;25.0;25.0;0;0
215.646;0.0;0.0;0.0;23.076923076923077;22.64957264957265;25.0;25.0;0;0
215.746;0.0;0.0;0.0;23.076923076923077;22.64957264957265;25.0;25.0;0;0
215.854;0.0;0.0;0.0;23.076923076923077;22.64957264957265;25.0;25.0;0;0
215.979;0.0;0.0;0.0;23.076923076923077;22.64957264957265;25.0;25.0;0;0
216.082;0.0;0.0;0.0;23.128205128205128;22.64957264957265;25.0;25.0;0;0
216.199;0.0;0.0;0.0;23.128205128205128;22.64957264957265;25.0;25.0;0;0
216.347;0.0;0.0;0.0;23.128205128205128;22.64957264957265;25.0;25.0;0;0
216.448;0.0;0.0;0.0;23.128205128205128;22.64957264957265;25.0;25.0;0;0
216.55;0.0;0.0;0.0;23.128205128205128;22.64957264957265;25.0;25.0;0;0
216.651;0.0;0.0;0.0;23.128205128205128;22.64957264957265;25.0;25.0;0;0
216.768;0.0;0.0;0.0;23.128205128205128;22.64957264957265;25.0;25.0;0;0
216.892;0.0;0.0;0.0;23.128205128205128;22.64957264957265;25.0;25.0;0;0
216.993;0.0;0.0;0.0;23.128205128205128;22.64957264957265;25.0;25.0;0;0
217.095;0.0;0.0;0.0;23.076923076923077;22.64957264957265;25.0;25.0;0;0
217.215;0.0;0.0;0.0;23.076923076923077;22.64957264957265;25.0;25.0;0;0
217.316;0.0;0.0;0.0;23.076923076923077;22.64957264957265;25.0;25.0;0;0
217.448;0.0;0.0;0.0;23.076923076923077;22.64957264957265;25.0;25.0;0;0
217.549;0.0;0.0;0.0;23.076923076923077;22.64957264957265;25.0;25.0;0;0
217.651;0.0;0.0;0.0;23.076923076923077;22.64957264957265;25.0;25.0;0;0
217.752;0.0;0.0;0.0;23.076923076923077;22.64957264957265;25.0;25.0;0;0
217.87;0.0;0.0;0.0;23.076923076923077;22.64957264957265;25.0;25.0;0;0
217.973;0.0;0.0;0.0;23.076923076923077;22.64957264957265;25.0;25.0;0;0
218.074;0.0;0.0;0.0;23.128205128205128;22.64957264957265;25.0;25.0;0;0
218.175;0.0;0.0;0.0;23.128205128205128;22.64957264957265;25.0;25.0;0;0
218.31;0.0;0.0;0.0;23.128205128205128;22.64957264957265;25.0;25.0;0;0
218.416;0.0;0.0;0.0;23.128205128205128;22.64957264957265;25.0;25.0;0;0
218.518;0.0;0.0;0.0;23.128205128205128;22.64957264957265;25.0;25.0;0;0
218.618;0.0;0.0;0.0;23.128205128205128;22.64957264957265;25.0;25.0;0;0
218.733;0.0;0.0;0.0;23.128205128205128;22.64957264957265;25.0;25.0;0;0
218.833;0.0;0.0;0.0;23.128205128205128;22.64957264957265;25.0;25.0;0;0
218.937;0.0;0.0;0.0;23.128205128205128;22.64957264957265;25.0;25.0;0;0
219.063;0.0;0.0;0.0;23.076923076923077;22.64957264957265;25.0;25.0;0;0
219.173;0.0;0.0;0.0;23.076923076923077;22.64957264957265;25.0;25.0;0;0
219.279;0.0;0.0;0.0;23.076923076923077;22.64957264957265;25.0;25.0;0;0
219.382;0.0;0.0;0.0;23.076923076923077;22.64957264957265;25.0;25.0;0;0
219.484;0.0;0.0;0.0;23.076923076923077;22.64957264957265;25.0;25.0;0;0
219.584;0.0;0.0;0.0;23.076923076923077;22.64957264957265;25.0;25.0;0;0
219.687;0.0;0.0;0.0;23.076923076923077;22.64957264957265;25.0;25.0;0;0
219.814;0.0;0.0;0.0;23.076923076923077;22.64957264957265;25.0;25.0;0;0
219.914;0.0;0.0;0.0;23.076923076923077;22.64957264957265;25.0;25.0;0;0
220.019;0.0;0.0;0.0;23.076923076923077;22.64957264957265;25.0;25.0;0;0
220.121;0.0;0.0;0.0;23.128205128205128;22.64957264957265;25.0;25.0;0;0
220.224;0.0;0.0;0.0;23.128205128205128;22.64957264957265;25.0;25.0;0;0
220.328;0.0;0.0;0.0;23.128205128205128;22.64957264957265;25.0;25.0;0;0
220.454;0.0;0.0;0.0;23.128205128205128;22.64957264957265;25.0;25.0;0;0
220.564;0.0;0.0;0.0;23.128205128205128;22.64957264957265;25.0;25.0;0;0
220.667;0.0;0.0;0.0;23.128205128205128;22.64957264957265;25.0;25.0;0;0
220.789;0.0;0.0;0.0;23.128205128205128;22.64957264957265;25.0;25.0;0;0
220.891;0.0;0.0;0.0;23.128205128205128;22.64957264957265;25.0;25.0;0;0
220.992;0.0;0.0;0.0;23.128205128205128;22.64957264957265;25.0;25.0;0;0
221.097;0.0;0.0;0.0;23.128205128205128;22.64957264957265;25.0;25.0;0;0
221.201;0.0;0.0;0.0;23.128205128205128;22.64957264957265;25.0;25.0;0;0
221.333;0.0;0.0;0.0;23.128205128205128;22.64957264957265;25.0;25.0;0;0
221.44;0.0;0.0;0.0;23.128205128205128;22.64957264957265;25.0;25.0;0;0
221.542;0.0;0.0;0.0;23.128205128205128;22.64957264957265;25.0;25.0;0;0
221.646;0.0;0.0;0.0;23.128205128205128;22.64957264957265;25.0;25.0;0;0
221.758;0.0;0.0;0.0;23.128205128205128;22.64957264957265;25.0;25.0;0;0
221.868;0.0;0.0;0.0;23.128205128205128;22.64957264957265;25.0;25.0;0;0
221.976;0.0;0.0;0.0;23.128205128205128;22.64957264957265;25.0;25.0;0;0
222.079;0.0;0.0;0.0;23.128205128205128;22.64957264957265;25.0;25.0;0;0
222.18;0.0;0.0;0.0;23.128205128205128;22.64957264957265;25.0;25.0;0;0
222.285;0.0;0.0;0.0;23.128205128205128;22.64957264957265;25.0;25.0;0;0
222.389;0.0;0.0;0.0;23.128205128205128;22.64957264957265;25.0;25.0;0;0
222.494;0.0;0.0;0.0;23.128205128205128;22.64957264957265;25.0;25.0;0;0
222.609;0.0;0.0;0.0;23.128205128205128;22.64957264957265;25.0;25.0;0;0
222.71;0.0;0.0;0.0;23.128205128205128;22.64957264957265;25.0;25.0;0;0
222.819;0.0;0.0;0.0;23.128205128205128;22.64957264957265;25.0;25.0;0;0
222.923;0.0;0.0;0.0;23.128205128205128;22.64957264957265;25.0;25.0;0;0
223.035;0.0;0.0;0.0;23.128205128205128;22.64957264957265;25.0;25.0;0;0
223.136;0.0;0.0;0.0;23.076923076923077;22.64957264957265;25.0;25.0;0;0
223.237;0.0;0.0;0.0;23.076923076923077;22.64957264957265;25.0;25.0;0;0
223.351;0.0;0.0;0.0;23.076923076923077;22.64957264957265;25.0;25.0;0;0
223.452;0.0;0.0;0.0;23.076923076923077;22.64957264957265;25.0;25.0;0;0
223.557;0.0;0.0;0.0;23.076923076923077;22.64957264957265;25.0;25.0;0;0
223.66;0.0;0.0;0.0;23.076923076923077;22.64957264957265;25.0;25.0;0;0
223.761;0.0;0.0;0.0;23.076923076923077;22.64957264957265;25.0;25.0;0;0
223.861;0.0;0.0;0.0;23.076923076923077;22.64957264957265;25.0;25.0;0;0
223.963;0.0;0.0;0.0;23.076923076923077;22.64957264957265;25.0;25.0;0;0
224.072;0.0;0.0;0.0;23.076923076923077;22.64957264957265;25.0;25.0;0;0
224.182;0.0;0.0;0.0;23.076923076923077;22.700854700854702;25.0;25.0;0;0
224.283;0.0;0.0;0.0;23.076923076923077;22.700854700854702;25.0;25.0;0;0
224.385;0.0;0.0;0.0;23.076923076923077;22.700854700854702;25.0;25.0;0;0
224.52;0.0;0.0;0.0;23.076923076923077;22.700854700854702;25.0;25.0;0;0
224.636;0.0;0.0;0.0;23.076923076923077;22.700854700854702;25.0;25.0;0;0
224.747;0.0;0.0;0.0;23.076923076923077;22.700854700854702;25.0;25.0;0;0
224.852;0.0;0.0;0.0;23.076923076923077;22.700854700854702;25.0;25.0;0;0
224.97;0.0;0.0;0.0;23.076923076923077;22.700854700854702;25.0;25.0;0;0
225.076;0.0;0.0;0.0;23.128205128205128;22.64957264957265;25.0;25.0;0;0
225.177;0.0;0.0;0.0;23.128205128205128;22.64957264957265;25.0;25.0;0;0
225.285;0.0;0.0;0.0;23.128205128205128;22.64957264957265;25.0;25.0;0;0
225.387;0.0;0.0;0.0;23.128205128205128;22.64957264957265;25.0;25.0;0;0
225.535;0.0;0.0;0.0;23.128205128205128;22.64957264957265;25.0;25.0;0;0
225.636;0.0;0.0;0.0;23.128205128205128;22.64957264957265;25.0;25.0;0;0
225.736;0.0;0.0;0.0;23.128205128205128;22.64957264957265;25.0;25.0;0;0
225.847;0.0;0.0;0.0;23.128205128205128;22.64957264957265;25.0;25.0;0;0
225.954;0.0;0.0;0.0;23.128205128205128;22.64957264957265;25.0;25.0;0;0
226.061;0.0;0.0;0.0;23.128205128205128;22.64957264957265;25.0;25.0;0;0
226.162;0.0;0.0;0.0;23.076923076923077;22.64957264957265;25.0;25.0;0;0
226.269;0.0;0.0;0.0;23.076923076923077;22.64957264957265;25.0;25.0;0;0
226.37;0.0;0.0;0.0;23.076923076923077;22.64957264957265;25.0;25.0;0;0
226.471;0.0;0.0;0.0;23.076923076923077;22.64957264957265;25.0;25.0;0;0
226.577;0.0;0.0;0.0;23.076923076923077;22.64957264957265;25.0;25.0;0;0
226.687;0.0;0.0;0.0;23.076923076923077;22.64957264957265;25.0;25.0;0;0
226.789;0.0;0.0;0.0;23.076923076923077;22.64957264957265;25.0;25.0;0;0
226.895;0.0;0.0;0.0;23.076923076923077;22.64957264957265;25.0;25.0;0;0
227.007;0.0;0.0;0.0;23.076923076923077;22.64957264957265;25.0;25.0;0;0
227.115;0.0;0.0;0.0;23.128205128205128;22.64957264957265;25.0;25.0;0;0
227.233;0.0;0.0;0.0;23.128205128205128;22.64957264957265;25.0;25.0;0;0
227.348;0.0;0.0;0.0;23.128205128205128;22.64957264957265;25.0;25.0;0;0
227.454;0.0;0.0;0.0;23.128205128205128;22.64957264957265;25.0;25.0;0;0
227.562;0.0;0.0;0.0;23.128205128205128;22.64957264957265;25.0;25.0;0;0
227.665;0.0;0.0;0.0;23.128205128205128;22.64957264957265;25.0;25.0;0;0
227.776;0.0;0.0;0.0;23.128205128205128;22.64957264957265;25.0;25.0;0;0
227.894;0.0;0.0;0.0;23.128205128205128;22.64957264957265;25.0;25.0;0;0
227.994;0.0;0.0;0.0;23.128205128205128;22.64957264957265;25.0;25.0;0;0
228.1;0.0;0.0;0.0;23.128205128205128;22.64957264957265;25.0;25.0;0;0
228.203;0.0;0.0;0.0;23.128205128205128;22.64957264957265;25.0;25.0;0;0
228.307;0.0;0.0;0.0;23.128205128205128;22.64957264957265;25.0;25.0;0;0
228.415;0.0;0.0;0.0;23.128205128205128;22.64957264957265;25.0;25.0;0;0
228.531;0.0;0.0;0.0;23.128205128205128;22.64957264957265;25.0;25.0;0;0
228.638;0.0;0.0;0.0;23.128205128205128;22.64957264957265;25.0;25.0;0;0
228.751;0.0;0.0;0.0;23.128205128205128;22.64957264957265;25.0;25.0;0;0
228.869;0.0;0.0;0.0;23.128205128205128;22.64957264957265;25.0;25.0;0;0
228.974;0.0;0.0;0.0;23.128205128205128;22.64957264957265;25.0;25.0;0;0
229.084;0.0;0.0;0.0;23.128205128205128;22.64957264957265;25.0;25.0;0;0
229.184;0.0;0.0;0.0;23.076923076923077;22.64957264957265;25.0;25.0;0;0
229.314;0.0;0.0;0.0;23.076923076923077;22.64957264957265;25.0;25.0;0;0
229.421;0.0;0.0;0.0;23.076923076923077;22.64957264957265;25.0;25.0;0;0
229.521;0.0;0.0;0.0;23.076923076923077;22.64957264957265;25.0;25.0;0;0
229.626;0.0;0.0;0.0;23.076923076923077;22.64957264957265;25.0;25.0;0;0
229.726;0.0;0.0;0.0;23.076923076923077;22.64957264957265;25.0;25.0;0;0
229.827;0.0;0.0;0.0;23.076923076923077;22.64957264957265;25.0;25.0;0;0
229.928;0.0;0.0;0.0;23.076923076923077;22.64957264957265;25.0;25.0;0;0
230.036;0.0;0.0;0.0;23.076923076923077;22.64957264957265;25.0;25.0;0;0
230.137;0.0;0.0;0.0;23.076923076923077;22.64957264957265;25.0;25.0;0;0
230.238;0.0;0.0;0.0;23.076923076923077;22.64957264957265;25.0;25.0;0;0
230.339;0.0;0.0;0.0;23.076923076923077;22.64957264957265;25.0;25.0;0;0
230.441;0.0;0.0;0.0;23.076923076923077;22.64957264957265;25.0;25.0;0;0
230.542;0.0;0.0;0.0;23.076923076923077;22.64957264957265;25.0;25.0;0;0
230.662;0.0;0.0;0.0;23.076923076923077;22.64957264957265;25.0;25.0;0;0
230.778;0.0;0.0;0.0;23.076923076923077;22.64957264957265;25.0;25.0;0;0
230.883;0.0;0.0;0.0;23.076923076923077;22.64957264957265;25.0;25.0;0;0
231.021;0.0;0.0;0.0;23.076923076923077;22.64957264957265;25.0;25.0;0;0
231.133;0.0;0.0;0.0;23.076923076923077;22.64957264957265;25.0;25.0;0;0
231.234;0.0;0.0;0.0;23.128205128205128;22.64957264957265;25.0;25.0;0;0
231.337;0.0;0.0;0.0;23.128205128205128;22.64957264957265;25.0;25.0;0;0
231.437;0.0;0.0;0.0;23.128205128205128;22.64957264957265;25.0;25.0;0;0
231.547;0.0;0.0;0.0;23.128205128205128;22.64957264957265;25.0;25.0;0;0
231.658;0.0;0.0;0.0;23.128205128205128;22.64957264957265;25.0;25.0;0;0
231.766;0.0;0.0;0.0;23.128205128205128;22.64957264957265;25.0;25.0;0;0
231.873;0.0;0.0;0.0;23.128205128205128;22.64957264957265;25.0;25.0;0;0
231.974;0.0;0.0;0.0;23.128205128205128;22.64957264957265;25.0;25.0;0;0
232.077;0.0;0.0;0.0;23.128205128205128;22.64957264957265;25.0;25.0;0;0
232.178;0.0;0.0;0.0;23.128205128205128;22.64957264957265;25.0;25.0;0;0
232.284;0.0;0.0;0.0;23.128205128205128;22.64957264957265;25.0;25.0;0;0
232.386;0.0;0.0;0.0;23.128205128205128;22.64957264957265;25.0;25.0;0;0
232.5;0.0;0.0;0.0;23.128205128205128;22.64957264957265;25.0;25.0;0;0
232.601;0.0;0.0;0.0;23.128205128205128;22.64957264957265;25.0;25.0;0;0
232.728;0.0;0.0;0.0;23.128205128205128;22.64957264957265;25.0;25.0;0;0
232.841;0.0;0.0;0.0;23.128205128205128;22.64957264957265;25.0;25.0;0;0
232.947;0.0;0.0;0.0;23.128205128205128;22.64957264957265;25.0;25.0;0;0
233.051;0.0;0.0;0.0;23.128205128205128;22.64957264957265;25.0;25.0;0;0
233.167;0.0;0.0;0.0;23.076923076923077;22.64957264957265;25.0;25.0;0;0
233.291;0.0;0.0;0.0;23.076923076923077;22.64957264957265;25.0;25.0;0;0
233.393;0.0;0.0;0.0;23.076923076923077;22.64957264957265;25.0;25.0;0;0
233.504;0.0;0.0;0.0;23.076923076923077;22.64957264957265;25.0;25.0;0;0
233.608;0.0;0.0;0.0;23.076923076923077;22.64957264957265;25.0;25.0;0;0
233.708;0.0;0.0;0.0;23.076923076923077;22.64957264957265;25.0;25.0;0;0
233.811;0.0;0.0;0.0;23.076923076923077;22.64957264957265;25.0;25.0;0;0
233.911;0.0;0.0;0.0;23.076923076923077;22.64957264957265;25.0;25.0;0;0
234.012;0.0;0.0;0.0;23.076923076923077;22.64957264957265;25.0;25.0;0;0
234.113;0.0;0.0;0.0;23.076923076923077;22.64957264957265;25.0;25.0;0;0
234.219;0.0;0.0;0.0;23.128205128205128;22.64957264957265;25.0;25.0;0;0
234.321;0.0;0.0;0.0;23.128205128205128;22.64957264957265;25.0;25.0;0;0
234.423;0.0;0.0;0.0;23.128205128205128;22.64957264957265;25.0;25.0;0;0
234.524;0.0;0.0;0.0;23.128205128205128;22.64957264957265;25.0;25.0;0;0
234.629;0.0;0.0;0.0;23.128205128205128;22.64957264957265;25.0;25.0;0;0
234.743;0.0;0.0;0.0;23.128205128205128;22.64957264957265;25.0;25.0;0;0
234.844;0.0;0.0;0.0;23.128205128205128;22.64957264957265;25.0;25.0;0;0
234.945;0.0;0.0;0.0;23.128205128205128;22.64957264957265;25.0;25.0;0;0
235.047;0.0;0.0;0.0;23.128205128205128;22.64957264957265;25.0;25.0;0;0
235.148;0.0;0.0;0.0;23.128205128205128;22.64957264957265;25.0;25.0;0;0
235.249;0.0;0.0;0.0;23.128205128205128;22.64957264957265;25.0;25.0;0;0
235.349;0.0;0.0;0.0;23.128205128205128;22.64957264957265;25.0;25.0;0;0
235.457;0.0;0.0;0.0;23.128205128205128;22.64957264957265;25.0;25.0;0;0
235.558;0.0;0.0;0.0;23.128205128205128;22.64957264957265;25.0;25.0;0;0
235.665;0.0;0.0;0.0;23.128205128205128;22.64957264957265;25.0;25.0;0;0
235.772;0.0;0.0;0.0;23.128205128205128;22.64957264957265;25.0;25.0;0;0
235.881;0.0;0.0;0.0;23.128205128205128;22.64957264957265;25.0;25.0;0;0
235.994;0.0;0.0;0.0;23.128205128205128;22.64957264957265;25.0;25.0;0;0
236.104;0.0;0.0;0.0;23.128205128205128;22.64957264957265;25.0;25.0;0;0
236.209;0.0;0.0;0.0;23.076923076923077;22.64957264957265;25.0;25.0;0;0
236.329;0.0;0.0;0.0;23.076923076923077;22.64957264957265;25.0;25.0;0;0
236.435;0.0;0.0;0.0;23.076923076923077;22.64957264957265;25.0;25.0;0;0
236.54;0.0;0.0;0.0;23.076923076923077;22.64957264957265;25.0;25.0;0;0
236.647;0.0;0.0;0.0;23.076923076923077;22.64957264957265;25.0;25.0;0;0
236.748;0.0;0.0;0.0;23.076923076923077;22.64957264957265;25.0;25.0;0;0
236.855;0.0;0.0;0.0;23.076923076923077;22.64957264957265;25.0;25.0;0;0
236.963;0.0;0.0;0.0;23.076923076923077;22.64957264957265;25.0;25.0;0;0
237.072;0.0;0.0;0.0;23.076923076923077;22.64957264957265;25.0;25.0;0;0
237.18;0.0;0.0;0.0;23.128205128205128;22.64957264957265;25.0;25.0;0;0
237.285;0.0;0.0;0.0;23.128205128205128;22.64957264957265;25.0;25.0;0;0
237.385;0.0;0.0;0.0;23.128205128205128;22.64957264957265;25.0;25.0;0;0
237.486;0.0;0.0;0.0;23.128205128205128;22.64957264957265;25.0;25.0;0;0
237.587;0.0;0.0;0.0;23.128205128205128;22.64957264957265;25.0;25.0;0;0
237.69;0.0;0.0;0.0;23.128205128205128;22.64957264957265;25.0;25.0;0;0
237.806;0.0;0.0;0.0;23.128205128205128;22.64957264957265;25.0;25.0;0;0
237.909;0.0;0.0;0.0;23.128205128205128;22.64957264957265;25.0;25.0;0;0
238.011;0.0;0.0;0.0;23.128205128205128;22.64957264957265;25.0;25.0;0;0
238.111;0.0;0.0;0.0;23.128205128205128;22.58974358974359;25.0;25.0;0;0
238.236;0.0;0.0;0.0;23.128205128205128;22.58974358974359;25.0;25.0;0;0
238.348;0.0;0.0;0.0;23.128205128205128;22.58974358974359;25.0;25.0;0;0
238.449;0.0;0.0;0.0;23.128205128205128;22.58974358974359;25.0;25.0;0;0
238.549;0.0;0.0;0.0;23.128205128205128;22.58974358974359;25.0;25.0;0;0
238.663;0.0;0.0;0.0;23.128205128205128;22.58974358974359;25.0;25.0;0;0
238.763;0.0;0.0;0.0;23.128205128205128;22.58974358974359;25.0;25.0;0;0
238.88;0.0;0.0;0.0;23.128205128205128;22.58974358974359;25.0;25.0;0;0
238.988;0.0;0.0;0.0;23.128205128205128;22.58974358974359;25.0;25.0;0;0
239.09;0.0;0.0;0.0;23.076923076923077;22.64957264957265;25.0;25.0;0;0
239.193;0.0;0.0;0.0;23.076923076923077;22.64957264957265;25.0;25.0;0;0
239.303;0.0;0.0;0.0;23.076923076923077;22.64957264957265;25.0;25.0;0;0
239.417;0.0;0.0;0.0;23.076923076923077;22.64957264957265;25.0;25.0;0;0
239.525;0.0;0.0;0.0;23.076923076923077;22.64957264957265;25.0;25.0;0;0
239.626;0.0;0.0;0.0;23.076923076923077;22.64957264957265;25.0;25.0;0;0
239.728;0.0;0.0;0.0;23.076923076923077;22.64957264957265;25.0;25.0;0;0
239.834;0.0;0.0;0.0;23.076923076923077;22.64957264957265;25.0;25.0;0;0
239.946;0.0;0.0;0.0;23.076923076923077;22.64957264957265;25.0;25.0;0;0
240.063;0.0;0.0;0.0;23.076923076923077;22.64957264957265;25.0;25.0;0;0
240.167;0.0;0.0;0.0;23.128205128205128;22.64957264957265;25.0;25.0;0;0
240.27;0.0;0.0;0.0;23.128205128205128;22.64957264957265;25.0;25.0;0;0
240.371;0.0;0.0;0.0;23.128205128205128;22.64957264957265;25.0;25.0;0;0
240.472;0.0;0.0;0.0;23.128205128205128;22.64957264957265;25.0;25.0;0;0
240.577;0.0;0.0;0.0;23.128205128205128;22.64957264957265;25.0;25.0;0;0
240.677;0.0;0.0;0.0;23.128205128205128;22.64957264957265;25.0;25.0;0;0
240.778;0.0;0.0;0.0;23.128205128205128;22.64957264957265;25.0;25.0;0;0
240.878;0.0;0.0;0.0;23.128205128205128;22.64957264957265;25.0;25.0;0;0
240.98;0.0;0.0;0.0;23.128205128205128;22.64957264957265;25.0;25.0;0;0
241.08;0.0;0.0;0.0;23.128205128205128;22.64957264957265;25.0;25.0;0;0
241.181;0.0;0.0;0.0;23.076923076923077;22.64957264957265;25.0;25.0;0;0
241.282;0.0;0.0;0.0;23.076923076923077;22.64957264957265;25.0;25.0;0;0
241.383;0.0;0.0;0.0;23.076923076923077;22.64957264957265;25.0;25.0;0;0
241.488;0.0;0.0;0.0;23.076923076923077;22.64957264957265;25.0;25.0;0;0
241.589;0.0;0.0;0.0;23.076923076923077;22.64957264957265;25.0;25.0;0;0
241.695;0.0;0.0;0.0;23.076923076923077;22.64957264957265;25.0;25.0;0;0
241.803;0.0;0.0;0.0;23.076923076923077;22.64957264957265;25.0;25.0;0;0
241.903;0.0;0.0;0.0;23.076923076923077;22.64957264957265;25.0;25.0;0;0
242.029;0.0;0.0;0.0;23.076923076923077;22.64957264957265;25.0;25.0;0;0
242.138;0.0;0.0;0.0;23.076923076923077;22.700854700854702;25.0;25.0;0;0
242.247;0.0;0.0;0.0;23.076923076923077;22.700854700854702;25.0;25.0;0;0
242.357;0.0;0.0;0.0;23.076923076923077;22.700854700854702;25.0;25.0;0;0
242.467;0.0;0.0;0.0;23.076923076923077;22.700854700854702;25.0;25.0;0;0
242.574;0.0;0.0;0.0;23.076923076923077;22.700854700854702;25.0;25.0;0;0
242.678;0.0;0.0;0.0;23.076923076923077;22.700854700854702;25.0;25.0;0;0
242.793;0.0;0.0;0.0;23.076923076923077;22.700854700854702;25.0;25.0;0;0
242.896;0.0;0.0;0.0;23.076923076923077;22.700854700854702;25.0;25.0;0;0
242.999;0.0;0.0;0.0;23.076923076923077;22.700854700854702;25.0;25.0;0;0
243.112;0.0;0.0;0.0;23.128205128205128;22.64957264957265;25.0;25.0;0;0
243.214;0.0;0.0;0.0;23.128205128205128;22.64957264957265;25.0;25.0;0;0
243.316;0.0;0.0;0.0;23.128205128205128;22.64957264957265;25.0;25.0;0;0
243.417;0.0;0.0;0.0;23.128205128205128;22.64957264957265;25.0;25.0;0;0
243.518;0.0;0.0;0.0;23.128205128205128;22.64957264957265;25.0;25.0;0;0
243.619;0.0;0.0;0.0;23.128205128205128;22.64957264957265;25.0;25.0;0;0
243.721;0.0;0.0;0.0;23.128205128205128;22.64957264957265;25.0;25.0;0;0
243.825;0.0;0.0;0.0;23.128205128205128;22.64957264957265;25.0;25.0;0;0
243.926;0.0;0.0;0.0;23.128205128205128;22.64957264957265;25.0;25.0;0;0
244.033;0.0;0.0;0.0;23.128205128205128;22.64957264957265;25.0;25.0;0;0
244.134;0.0;0.0;0.0;23.128205128205128;22.64957264957265;25.0;25.0;0;0
244.239;0.0;0.0;0.0;23.128205128205128;22.64957264957265;25.0;25.0;0;0
244.34;0.0;0.0;0.0;23.128205128205128;22.64957264957265;25.0;25.0;0;0
244.445;0.0;0.0;0.0;23.128205128205128;22.64957264957265;25.0;25.0;0;0
244.549;0.0;0.0;0.0;23.128205128205128;22.64957264957265;25.0;25.0;0;0
244.661;0.0;0.0;0.0;23.128205128205128;22.64957264957265;25.0;25.0;0;0
244.763;0.0;0.0;0.0;23.128205128205128;22.64957264957265;25.0;25.0;0;0
244.864;0.0;0.0;0.0;23.128205128205128;22.64957264957265;25.0;25.0;0;0
244.966;0.0;0.0;0.0;23.128205128205128;22.64957264957265;25.0;25.0;0;0
245.071;0.0;0.0;0.0;23.128205128205128;22.64957264957265;25.0;25.0;0;0
245.174;0.0;0.0;0.0;23.128205128205128;22.64957264957265;25.0;25.0;0;0
245.281;0.0;0.0;0.0;23.128205128205128;22.64957264957265;25.0;25.0;0;0
245.382;0.0;0.0;0.0;23.128205128205128;22.64957264957265;25.0;25.0;0;0
245.483;0.0;0.0;0.0;23.128205128205128;22.64957264957265;25.0;25.0;0;0
245.583;0.0;0.0;0.0;23.128205128205128;22.64957264957265;25.0;25.0;0;0
245.685;0.0;0.0;0.0;23.128205128205128;22.64957264957265;25.0;25.0;0;0
245.786;0.0;0.0;0.0;23.128205128205128;22.64957264957265;25.0;25.0;0;0
245.888;0.0;0.0;0.0;23.128205128205128;22.64957264957265;25.0;25.0;0;0
245.988;0.0;0.0;0.0;23.128205128205128;22.64957264957265;25.0;25.0;0;0
246.132;0.0;0.0;0.0;23.128205128205128;22.64957264957265;25.0;25.0;0;0
246.233;0.0;0.0;0.0;23.076923076923077;22.64957264957265;25.0;25.0;0;0
246.34;0.0;0.0;0.0;23.076923076923077;22.64957264957265;25.0;25.0;0;0
246.445;0.0;0.0;0.0;23.076923076923077;22.64957264957265;25.0;25.0;0;0
246.546;0.0;0.0;0.0;23.076923076923077;22.64957264957265;25.0;25.0;0;0
246.65;0.0;0.0;0.0;23.076923076923077;22.64957264957265;25.0;25.0;0;0
246.762;0.0;0.0;0.0;23.076923076923077;22.64957264957265;25.0;25.0;0;0
246.874;0.0;0.0;0.0;23.076923076923077;22.64957264957265;25.0;25.0;0;0
246.979;0.0;0.0;0.0;23.076923076923077;22.64957264957265;25.0;25.0;0;0
247.085;0.0;0.0;0.0;23.076923076923077;22.64957264957265;25.0;25.0;0;0
247.189;0.0;0.0;0.0;23.128205128205128;22.64957264957265;25.0;25.0;0;0
247.292;0.0;0.0;0.0;23.128205128205128;22.64957264957265;25.0;25.0;0;0
247.394;0.0;0.0;0.0;23.128205128205128;22.64957264957265;25.0;25.0;0;0
247.495;0.0;0.0;0.0;23.128205128205128;22.64957264957265;25.0;25.0;0;0
247.612;0.0;0.0;0.0;23.128205128205128;22.64957264957265;25.0;25.0;0;0
247.727;0.0;0.0;0.0;23.128205128205128;22.64957264957265;25.0;25.0;0;0
247.831;0.0;0.0;0.0;23.128205128205128;22.64957264957265;25.0;25.0;0;0
247.932;0.0;0.0;0.0;23.128205128205128;22.64957264957265;25.0;25.0;0;0
248.032;0.0;0.0;0.0;23.128205128205128;22.64957264957265;25.0;25.0;0;0
248.132;0.0;0.0;0.0;23.128205128205128;22.64957264957265;25.0;25.0;0;0
248.233;0.0;0.0;0.0;23.128205128205128;22.64957264957265;25.0;25.0;0;0
248.334;0.0;0.0;0.0;23.128205128205128;22.64957264957265;25.0;25.0;0;0
248.441;0.0;0.0;0.0;23.128205128205128;22.64957264957265;25.0;25.0;0;0
248.555;0.0;0.0;0.0;23.128205128205128;22.64957264957265;25.0;25.0;0;0
248.669;0.0;0.0;0.0;23.128205128205128;22.64957264957265;25.0;25.0;0;0
248.777;0.0;0.0;0.0;23.128205128205128;22.64957264957265;25.0;25.0;0;0
248.893;0.0;0.0;0.0;23.128205128205128;22.64957264957265;25.0;25.0;0;0
248.996;0.0;0.0;0.0;23.128205128205128;22.64957264957265;25.0;25.0;0;0
249.101;0.0;0.0;0.0;23.128205128205128;22.64957264957265;25.0;25.0;0;0
249.204;0.0;0.0;0.0;23.076923076923077;22.64957264957265;25.0;25.0;0;0
249.307;0.0;0.0;0.0;23.076923076923077;22.64957264957265;25.0;25.0;0;0
249.416;0.0;0.0;0.0;23.076923076923077;22.64957264957265;25.0;25.0;0;0
249.523;0.0;0.0;0.0;23.076923076923077;22.64957264957265;25.0;25.0;0;0
249.635;0.0;0.0;0.0;23.076923076923077;22.64957264957265;25.0;25.0;0;0
249.761;0.0;0.0;0.0;23.076923076923077;22.64957264957265;25.0;25.0;0;0
249.869;0.0;0.0;0.0;23.076923076923077;22.64957264957265;25.0;25.0;0;0
249.978;0.0;0.0;0.0;23.076923076923077;22.64957264957265;25.0;25.0;0;0
250.079;0.0;0.0;0.0;23.076923076923077;22.64957264957265;25.0;25.0;0;0
250.184;0.0;0.0;0.0;23.128205128205128;22.64957264957265;25.0;25.0;0;0
250.314;0.0;0.0;0.0;23.128205128205128;22.64957264957265;25.0;25.0;0;0
250.415;0.0;0.0;0.0;23.128205128205128;22.64957264957265;25.0;25.0;0;0
250.528;0.0;0.0;0.0;23.128205128205128;22.64957264957265;25.0;25.0;0;0
250.658;0.0;0.0;0.0;23.128205128205128;22.64957264957265;25.0;25.0;0;0
250.78;0.0;0.0;0.0;23.128205128205128;22.64957264957265;25.0;25.0;0;0
250.882;0.0;0.0;0.0;23.128205128205128;22.64957264957265;25.0;25.0;0;0
250.982;0.0;0.0;0.0;23.128205128205128;22.64957264957265;25.0;25.0;0;0
251.094;0.0;0.0;0.0;23.128205128205128;22.64957264957265;25.0;25.0;0;0
251.205;0.0;0.0;0.0;23.128205128205128;22.64957264957265;25.0;25.0;0;0
251.306;0.0;0.0;0.0;23.128205128205128;22.64957264957265;25.0;25.0;0;0
251.411;0.0;0.0;0.0;23.128205128205128;22.64957264957265;25.0;25.0;0;0
251.519;0.0;0.0;0.0;23.128205128205128;22.64957264957265;25.0;25.0;0;0
251.621;0.0;0.0;0.0;23.128205128205128;22.64957264957265;25.0;25.0;0;0
251.723;0.0;0.0;0.0;23.128205128205128;22.64957264957265;25.0;25.0;0;0
251.829;0.0;0.0;0.0;23.128205128205128;22.64957264957265;25.0;25.0;0;0
251.944;0.0;0.0;0.0;23.128205128205128;22.64957264957265;25.0;25.0;0;0
252.044;0.0;0.0;0.0;23.128205128205128;22.64957264957265;25.0;25.0;0;0
252.179;0.0;0.0;0.0;23.076923076923077;22.64957264957265;25.0;25.0;0;0
252.29;0.0;0.0;0.0;23.076923076923077;22.64957264957265;25.0;25.0;0;0
252.396;0.0;0.0;0.0;23.076923076923077;22.64957264957265;25.0;25.0;0;0
252.526;0.0;0.0;0.0;23.076923076923077;22.64957264957265;25.0;25.0;0;0
252.647;0.0;0.0;0.0;23.076923076923077;22.64957264957265;25.0;25.0;0;0
252.747;0.0;0.0;0.0;23.076923076923077;22.64957264957265;25.0;25.0;0;0
252.848;0.0;0.0;0.0;23.076923076923077;22.64957264957265;25.0;25.0;0;0
252.951;0.0;0.0;0.0;23.076923076923077;22.64957264957265;25.0;25.0;0;0
253.077;0.0;0.0;0.0;23.076923076923077;22.64957264957265;25.0;25.0;0;0
253.186;0.0;0.0;0.0;23.076923076923077;22.64957264957265;25.0;25.0;0;0
253.289;0.0;0.0;0.0;23.076923076923077;22.64957264957265;25.0;25.0;0;0
253.408;0.0;0.0;0.0;23.076923076923077;22.64957264957265;25.0;25.0;0;0
253.509;0.0;0.0;0.0;23.076923076923077;22.64957264957265;25.0;25.0;0;0
253.611;0.0;0.0;0.0;23.076923076923077;22.64957264957265;25.0;25.0;0;0
253.727;0.0;0.0;0.0;23.076923076923077;22.64957264957265;25.0;25.0;0;0
253.828;0.0;0.0;0.0;23.076923076923077;22.64957264957265;25.0;25.0;0;0
253.935;0.0;0.0;0.0;23.076923076923077;22.64957264957265;25.0;25.0;0;0
254.058;0.0;0.0;0.0;23.076923076923077;22.64957264957265;25.0;25.0;0;0
254.165;0.0;0.0;0.0;23.076923076923077;22.64957264957265;25.0;25.0;0;0
254.266;0.0;0.0;0.0;23.076923076923077;22.64957264957265;25.0;25.0;0;0
254.369;0.0;0.0;0.0;23.076923076923077;22.64957264957265;25.0;25.0;0;0
254.484;0.0;0.0;0.0;23.076923076923077;22.64957264957265;25.0;25.0;0;0
254.6;0.0;0.0;0.0;23.076923076923077;22.64957264957265;25.0;25.0;0;0
254.703;0.0;0.0;0.0;23.076923076923077;22.64957264957265;25.0;25.0;0;0
254.817;0.0;0.0;0.0;23.076923076923077;22.64957264957265;25.0;25.0;0;0
254.926;0.0;0.0;0.0;23.076923076923077;22.64957264957265;25.0;25.0;0;0
255.027;0.0;0.0;0.0;23.076923076923077;22.64957264957265;25.0;25.0;0;0
255.139;0.0;0.0;0.0;23.076923076923077;22.64957264957265;25.0;25.0;0;0
255.267;0.0;0.0;0.0;23.076923076923077;22.64957264957265;25.0;25.0;0;0
255.368;0.0;0.0;0.0;23.076923076923077;22.64957264957265;25.0;25.0;0;0
255.481;0.0;0.0;0.0;23.076923076923077;22.64957264957265;25.0;25.0;0;0
255.593;0.0;0.0;0.0;23.076923076923077;22.64957264957265;25.0;25.0;0;0
255.704;0.0;0.0;0.0;23.076923076923077;22.64957264957265;25.0;25.0;0;0
255.816;0.0;0.0;0.0;23.076923076923077;22.64957264957265;25.0;25.0;0;0
255.918;0.0;0.0;0.0;23.076923076923077;22.64957264957265;25.0;25.0;0;0
256.031;0.0;0.0;0.0;23.076923076923077;22.64957264957265;25.0;25.0;0;0
256.138;0.0;0.0;0.0;23.076923076923077;22.64957264957265;25.0;25.0;0;0
256.248;0.0;0.0;0.0;23.076923076923077;22.64957264957265;25.0;25.0;0;0
256.358;0.0;0.0;0.0;23.076923076923077;22.64957264957265;25.0;25.0;0;0
256.459;0.0;0.0;0.0;23.076923076923077;22.64957264957265;25.0;25.0;0;0
256.567;0.0;0.0;0.0;23.076923076923077;22.64957264957265;25.0;25.0;0;0
256.668;0.0;0.0;0.0;23.076923076923077;22.64957264957265;25.0;25.0;0;0
256.793;0.0;0.0;0.0;23.076923076923077;22.64957264957265;25.0;25.0;0;0
256.895;0.0;0.0;0.0;23.076923076923077;22.64957264957265;25.0;25.0;0;0
257.003;0.0;0.0;0.0;23.076923076923077;22.64957264957265;25.0;25.0;0;0
257.103;0.0;0.0;0.0;23.076923076923077;22.64957264957265;25.0;25.0;0;0
257.22;0.0;0.0;0.0;23.128205128205128;22.700854700854702;25.0;25.0;0;0
257.322;0.0;0.0;0.0;23.128205128205128;22.700854700854702;25.0;25.0;0;0
257.441;0.0;0.0;0.0;23.128205128205128;22.700854700854702;25.0;25.0;0;0
257.566;0.0;0.0;0.0;23.128205128205128;22.700854700854702;25.0;25.0;0;0
257.68;0.0;0.0;0.0;23.128205128205128;22.700854700854702;25.0;25.0;0;0
257.792;0.0;0.0;0.0;23.128205128205128;22.700854700854702;25.0;25.0;0;0
257.896;0.0;0.0;0.0;23.128205128205128;22.700854700854702;25.0;25.0;0;0
258.013;0.0;0.0;0.0;23.128205128205128;22.700854700854702;25.0;25.0;0;0
258.115;0.0;0.0;0.0;23.128205128205128;22.700854700854702;25.0;25.0;0;0
258.234;0.0;0.0;0.0;23.128205128205128;22.64957264957265;25.0;25.0;0;0
258.336;0.0;0.0;0.0;23.128205128205128;22.64957264957265;25.0;25.0;0;0
258.444;0.0;0.0;0.0;23.128205128205128;22.64957264957265;25.0;25.0;0;0
258.553;0.0;0.0;0.0;23.128205128205128;22.64957264957265;25.0;25.0;0;0
258.674;0.0;0.0;0.0;23.128205128205128;22.64957264957265;25.0;25.0;0;0
258.775;0.0;0.0;0.0;23.128205128205128;22.64957264957265;25.0;25.0;0;0
258.889;0.0;0.0;0.0;23.128205128205128;22.64957264957265;25.0;25.0;0;0
258.99;0.0;0.0;0.0;23.128205128205128;22.64957264957265;25.0;25.0;0;0
259.104;0.0;0.0;0.0;23.128205128205128;22.64957264957265;25.0;25.0;0;0
259.22;0.0;0.0;0.0;23.128205128205128;22.64957264957265;25.0;25.0;0;0
259.339;0.0;0.0;0.0;23.128205128205128;22.64957264957265;25.0;25.0;0;0
259.44;0.0;0.0;0.0;23.128205128205128;22.64957264957265;25.0;25.0;0;0
259.546;0.0;0.0;0.0;23.128205128205128;22.64957264957265;25.0;25.0;0;0
259.648;0.0;0.0;0.0;23.128205128205128;22.64957264957265;25.0;25.0;0;0
259.749;0.0;0.0;0.0;23.128205128205128;22.64957264957265;25.0;25.0;0;0
259.858;0.0;0.0;0.0;23.128205128205128;22.64957264957265;25.0;25.0;0;0
259.983;0.0;0.0;0.0;23.128205128205128;22.64957264957265;25.0;25.0;0;0
260.091;0.0;0.0;0.0;23.128205128205128;22.64957264957265;25.0;25.0;0;0
260.2;0.0;0.0;0.0;23.128205128205128;22.64957264957265;25.0;25.0;0;0
260.308;0.0;0.0;0.0;23.128205128205128;22.64957264957265;25.0;25.0;0;0
260.419;0.0;0.0;0.0;23.128205128205128;22.64957264957265;25.0;25.0;0;0
260.52;0.0;0.0;0.0;23.128205128205128;22.64957264957265;25.0;25.0;0;0
260.635;0.0;0.0;0.0;23.128205128205128;22.64957264957265;25.0;25.0;0;0
260.736;0.0;0.0;0.0;23.128205128205128;22.64957264957265;25.0;25.0;0;0
260.837;0.0;0.0;0.0;23.128205128205128;22.64957264957265;25.0;25.0;0;0
260.937;0.0;0.0;0.0;23.128205128205128;22.64957264957265;25.0;25.0;0;0
261.048;0.0;0.0;0.0;23.128205128205128;22.64957264957265;25.0;25.0;0;0
261.149;0.0;0.0;0.0;23.128205128205128;22.64957264957265;25.0;25.0;0;0
261.263;0.0;0.0;0.0;23.076923076923077;22.64957264957265;25.0;25.0;0;0
261.391;0.0;0.0;0.0;23.076923076923077;22.64957264957265;25.0;25.0;0;0
261.492;0.0;0.0;0.0;23.076923076923077;22.64957264957265;25.0;25.0;0;0
261.594;0.0;0.0;0.0;23.076923076923077;22.64957264957265;25.0;25.0;0;0
261.695;0.0;0.0;0.0;23.076923076923077;22.64957264957265;25.0;25.0;0;0
261.796;0.0;0.0;0.0;23.076923076923077;22.64957264957265;25.0;25.0;0;0
261.897;0.0;0.0;0.0;23.076923076923077;22.64957264957265;25.0;25.0;0;0
262.002;0.0;0.0;0.0;23.076923076923077;22.64957264957265;25.0;25.0;0;0
262.108;0.0;0.0;0.0;23.076923076923077;22.64957264957265;25.0;25.0;0;0
262.221;0.0;0.0;0.0;23.128205128205128;22.64957264957265;25.0;25.0;0;0
262.329;0.0;0.0;0.0;23.128205128205128;22.64957264957265;25.0;25.0;0;0
262.441;0.0;0.0;0.0;23.128205128205128;22.64957264957265;25.0;25.0;0;0
262.541;0.0;0.0;0.0;23.128205128205128;22.64957264957265;25.0;25.0;0;0
262.65;0.0;0.0;0.0;23.128205128205128;22.64957264957265;25.0;25.0;0;0
262.752;0.0;0.0;0.0;23.128205128205128;22.64957264957265;25.0;25.0;0;0
262.853;0.0;0.0;0.0;23.128205128205128;22.64957264957265;25.0;25.0;0;0
262.957;0.0;0.0;0.0;23.128205128205128;22.64957264957265;25.0;25.0;0;0
263.058;0.0;0.0;0.0;23.128205128205128;22.64957264957265;25.0;25.0;0;0
263.159;0.0;0.0;0.0;23.128205128205128;22.64957264957265;25.0;25.0;0;0
263.263;0.0;0.0;0.0;23.076923076923077;22.64957264957265;25.0;25.0;0;0
263.365;0.0;0.0;0.0;23.076923076923077;22.64957264957265;25.0;25.0;0;0
263.481;0.0;0.0;0.0;23.076923076923077;22.64957264957265;25.0;25.0;0;0
263.581;0.0;0.0;0.0;23.076923076923077;22.64957264957265;25.0;25.0;0;0
263.684;0.0;0.0;0.0;23.076923076923077;22.64957264957265;25.0;25.0;0;0
263.802;0.0;0.0;0.0;23.076923076923077;22.64957264957265;25.0;25.0;0;0
263.905;0.0;0.0;0.0;23.076923076923077;22.64957264957265;25.0;25.0;0;0
264.02;0.0;0.0;0.0;23.076923076923077;22.64957264957265;25.0;25.0;0;0
264.123;0.0;0.0;0.0;23.076923076923077;22.64957264957265;25.0;25.0;0;0
264.234;0.0;0.0;0.0;23.076923076923077;22.64957264957265;25.0;25.0;0;0
264.342;0.0;0.0;0.0;23.076923076923077;22.64957264957265;25.0;25.0;0;0
264.473;0.0;0.0;0.0;23.076923076923077;22.64957264957265;25.0;25.0;0;0
264.579;0.0;0.0;0.0;23.076923076923077;22.64957264957265;25.0;25.0;0;0
264.686;0.0;0.0;0.0;23.076923076923077;22.64957264957265;25.0;25.0;0;0
264.787;0.0;0.0;0.0;23.076923076923077;22.64957264957265;25.0;25.0;0;0
264.892;0.0;0.0;0.0;23.076923076923077;22.64957264957265;25.0;25.0;0;0
264.997;0.0;0.0;0.0;23.076923076923077;22.64957264957265;25.0;25.0;0;0
265.097;0.0;0.0;0.0;23.076923076923077;22.64957264957265;25.0;25.0;0;0
265.199;0.0;0.0;0.0;23.076923076923077;22.64957264957265;25.0;25.0;0;0
265.317;0.0;0.0;0.0;23.076923076923077;22.64957264957265;25.0;25.0;0;0
265.436;0.0;0.0;0.0;23.076923076923077;22.64957264957265;25.0;25.0;0;0
265.537;0.0;0.0;0.0;23.076923076923077;22.64957264957265;25.0;25.0;0;0
265.638;0.0;0.0;0.0;23.076923076923077;22.64957264957265;25.0;25.0;0;0
265.76;0.0;0.0;0.0;23.076923076923077;22.64957264957265;25.0;25.0;0;0
265.868;0.0;0.0;0.0;23.076923076923077;22.64957264957265;25.0;25.0;0;0
265.978;0.0;0.0;0.0;23.076923076923077;22.64957264957265;25.0;25.0;0;0
266.09;0.0;0.0;0.0;23.076923076923077;22.64957264957265;25.0;25.0;0;0
266.192;0.0;0.0;0.0;23.128205128205128;22.64957264957265;25.0;25.0;0;0
266.298;0.0;0.0;0.0;23.128205128205128;22.64957264957265;25.0;25.0;0;0
266.399;0.0;0.0;0.0;23.128205128205128;22.64957264957265;25.0;25.0;0;0
266.5;0.0;0.0;0.0;23.128205128205128;22.64957264957265;25.0;25.0;0;0
266.61;0.0;0.0;0.0;23.128205128205128;22.64957264957265;25.0;25.0;0;0
266.721;0.0;0.0;0.0;23.128205128205128;22.64957264957265;25.0;25.0;0;0
266.825;0.0;0.0;0.0;23.128205128205128;22.64957264957265;25.0;25.0;0;0
266.932;0.0;0.0;0.0;23.128205128205128;22.64957264957265;25.0;25.0;0;0
267.043;0.0;0.0;0.0;23.128205128205128;22.64957264957265;25.0;25.0;0;0
267.144;0.0;0.0;0.0;23.128205128205128;22.64957264957265;25.0;25.0;0;0
267.246;0.0;0.0;0.0;23.128205128205128;22.64957264957265;25.0;25.0;0;0
267.363;0.0;0.0;0.0;23.128205128205128;22.64957264957265;25.0;25.0;0;0
267.467;0.0;0.0;0.0;23.128205128205128;22.64957264957265;25.0;25.0;0;0
267.576;0.0;0.0;0.0;23.128205128205128;22.64957264957265;25.0;25.0;0;0
267.679;0.0;0.0;0.0;23.128205128205128;22.64957264957265;25.0;25.0;0;0
267.781;0.0;0.0;0.0;23.128205128205128;22.64957264957265;25.0;25.0;0;0
267.882;0.0;0.0;0.0;23.128205128205128;22.64957264957265;25.0;25.0;0;0
267.983;0.0;0.0;0.0;23.128205128205128;22.64957264957265;25.0;25.0;0;0
268.091;0.0;0.0;0.0;23.128205128205128;22.64957264957265;25.0;25.0;0;0
268.192;0.0;0.0;0.0;23.076923076923077;22.64957264957265;25.0;25.0;0;0
268.293;0.0;0.0;0.0;23.076923076923077;22.64957264957265;25.0;25.0;0;0
268.395;0.0;0.0;0.0;23.076923076923077;22.64957264957265;25.0;25.0;0;0
268.495;0.0;0.0;0.0;23.076923076923077;22.64957264957265;25.0;25.0;0;0
268.598;0.0;0.0;0.0;23.076923076923077;22.64957264957265;25.0;25.0;0;0
268.702;0.0;0.0;0.0;23.076923076923077;22.64957264957265;25.0;25.0;0;0
268.808;0.0;0.0;0.0;23.076923076923077;22.64957264957265;25.0;25.0;0;0
268.912;0.0;0.0;0.0;23.076923076923077;22.64957264957265;25.0;25.0;0;0
269.026;0.0;0.0;0.0;23.076923076923077;22.64957264957265;25.0;25.0;0;0
269.176;0.0;0.0;0.0;23.076923076923077;22.64957264957265;25.0;25.0;0;0
269.277;0.0;0.0;0.0;23.128205128205128;22.64957264957265;25.0;25.0;0;0
269.427;0.0;0.0;0.0;23.128205128205128;22.64957264957265;25.0;25.0;0;0
269.528;0.0;0.0;0.0;23.128205128205128;22.64957264957265;25.0;25.0;0;0
269.631;0.0;0.0;0.0;23.128205128205128;22.64957264957265;25.0;25.0;0;0
269.732;0.0;0.0;0.0;23.128205128205128;22.64957264957265;25.0;25.0;0;0
269.834;0.0;0.0;0.0;23.128205128205128;22.64957264957265;25.0;25.0;0;0
269.939;0.0;0.0;0.0;23.128205128205128;22.64957264957265;25.0;25.0;0;0
270.04;0.0;0.0;0.0;23.128205128205128;22.64957264957265;25.0;25.0;0;0
270.142;0.0;0.0;0.0;23.128205128205128;22.64957264957265;25.0;25.0;0;0
270.247;0.0;0.0;0.0;23.128205128205128;22.64957264957265;25.0;25.0;0;0
270.349;0.0;0.0;0.0;23.128205128205128;22.64957264957265;25.0;25.0;0;0
270.45;0.0;0.0;0.0;23.128205128205128;22.64957264957265;25.0;25.0;0;0
270.554;0.0;0.0;0.0;23.128205128205128;22.64957264957265;25.0;25.0;0;0
270.658;0.0;0.0;0.0;23.128205128205128;22.64957264957265;25.0;25.0;0;0
270.766;0.0;0.0;0.0;23.128205128205128;22.64957264957265;25.0;25.0;0;0
270.898;0.0;0.0;0.0;23.128205128205128;22.64957264957265;25.0;25.0;0;0
271.001;0.0;0.0;0.0;23.128205128205128;22.64957264957265;25.0;25.0;0;0
271.102;0.0;0.0;0.0;23.128205128205128;22.64957264957265;25.0;25.0;0;0
271.217;0.0;0.0;0.0;23.128205128205128;22.64957264957265;25.0;25.0;0;0
271.318;0.0;0.0;0.0;23.128205128205128;22.64957264957265;25.0;25.0;0;0
271.422;0.0;0.0;0.0;23.128205128205128;22.64957264957265;25.0;25.0;0;0
271.532;0.0;0.0;0.0;23.128205128205128;22.64957264957265;25.0;25.0;0;0
271.641;0.0;0.0;0.0;23.128205128205128;22.64957264957265;25.0;25.0;0;0
271.743;0.0;0.0;0.0;23.128205128205128;22.64957264957265;25.0;25.0;0;0
271.847;0.0;0.0;0.0;23.128205128205128;22.64957264957265;25.0;25.0;0;0
271.977;0.0;0.0;0.0;23.128205128205128;22.64957264957265;25.0;25.0;0;0
272.097;0.0;0.0;0.0;23.128205128205128;22.64957264957265;25.0;25.0;0;0
272.222;0.0;0.0;0.0;23.128205128205128;22.64957264957265;25.0;25.0;0;0
272.322;0.0;0.0;0.0;23.128205128205128;22.64957264957265;25.0;25.0;0;0
272.457;0.0;0.0;0.0;23.128205128205128;22.64957264957265;25.0;25.0;0;0
272.571;0.0;0.0;0.0;23.128205128205128;22.64957264957265;25.0;25.0;0;0
272.674;0.0;0.0;0.0;23.128205128205128;22.64957264957265;25.0;25.0;0;0
272.781;0.0;0.0;0.0;23.128205128205128;22.64957264957265;25.0;25.0;0;0
272.888;0.0;0.0;0.0;23.128205128205128;22.64957264957265;25.0;25.0;0;0
272.988;0.0;0.0;0.0;23.128205128205128;22.64957264957265;25.0;25.0;0;0
273.091;0.0;0.0;0.0;23.128205128205128;22.64957264957265;25.0;25.0;0;0
273.192;0.0;0.0;0.0;23.076923076923077;22.64957264957265;25.0;25.0;0;0
273.304;0.0;0.0;0.0;23.076923076923077;22.64957264957265;25.0;25.0;0;0
273.428;0.0;0.0;0.0;23.076923076923077;22.64957264957265;25.0;25.0;0;0
273.547;0.0;0.0;0.0;23.076923076923077;22.64957264957265;25.0;25.0;0;0
273.662;0.0;0.0;0.0;23.076923076923077;22.64957264957265;25.0;25.0;0;0
273.763;0.0;0.0;0.0;23.076923076923077;22.64957264957265;25.0;25.0;0;0
273.866;0.0;0.0;0.0;23.076923076923077;22.64957264957265;25.0;25.0;0;0
273.984;0.0;0.0;0.0;23.076923076923077;22.64957264957265;25.0;25.0;0;0
274.1;0.0;0.0;0.0;23.076923076923077;22.64957264957265;25.0;25.0;0;0
274.205;0.0;0.0;0.0;23.076923076923077;22.64957264957265;25.0;25.0;0;0
274.308;0.0;0.0;0.0;23.128205128205128;22.64957264957265;25.0;25.0;0;0
274.409;0.0;0.0;0.0;23.128205128205128;22.64957264957265;25.0;25.0;0;0
274.521;0.0;0.0;0.0;23.128205128205128;22.64957264957265;25.0;25.0;0;0
274.627;0.0;0.0;0.0;23.128205128205128;22.64957264957265;25.0;25.0;0;0
274.741;0.0;0.0;0.0;23.128205128205128;22.64957264957265;25.0;25.0;0;0
274.855;0.0;0.0;0.0;23.128205128205128;22.64957264957265;25.0;25.0;0;0
274.959;0.0;0.0;0.0;23.128205128205128;22.64957264957265;25.0;25.0;0;0
275.061;0.0;0.0;0.0;23.128205128205128;22.64957264957265;25.0;25.0;0;0
275.17;0.0;0.0;0.0;23.076923076923077;22.64957264957265;25.0;25.0;0;0
275.281;0.0;0.0;0.0;23.076923076923077;22.64957264957265;25.0;25.0;0;0
275.386;0.0;0.0;0.0;23.076923076923077;22.64957264957265;25.0;25.0;0;0
275.486;0.0;0.0;0.0;23.076923076923077;22.64957264957265;25.0;25.0;0;0
275.588;0.0;0.0;0.0;23.076923076923077;22.64957264957265;25.0;25.0;0;0
275.69;0.0;0.0;0.0;23.076923076923077;22.64957264957265;25.0;25.0;0;0
275.792;0.0;0.0;0.0;23.076923076923077;22.64957264957265;25.0;25.0;0;0
275.9;0.0;0.0;0.0;23.076923076923077;22.64957264957265;25.0;25.0;0;0
276.01;0.0;0.0;0.0;23.076923076923077;22.64957264957265;25.0;25.0;0;0
276.125;0.0;0.0;0.0;23.076923076923077;22.64957264957265;25.0;25.0;0;0
276.266;0.0;0.0;0.0;23.076923076923077;22.64957264957265;25.0;25.0;0;0
276.386;0.0;0.0;0.0;23.128205128205128;22.64957264957265;25.0;25.0;0;0
276.488;0.0;0.0;0.0;23.128205128205128;22.64957264957265;25.0;25.0;0;0
276.588;0.0;0.0;0.0;23.128205128205128;22.64957264957265;25.0;25.0;0;0
276.702;0.0;0.0;0.0;23.128205128205128;22.64957264957265;25.0;25.0;0;0
276.803;0.0;0.0;0.0;23.128205128205128;22.64957264957265;25.0;25.0;0;0
276.906;0.0;0.0;0.0;23.128205128205128;22.64957264957265;25.0;25.0;0;0
277.007;0.0;0.0;0.0;23.128205128205128;22.64957264957265;25.0;25.0;0;0
277.124;0.0;0.0;0.0;23.128205128205128;22.64957264957265;25.0;25.0;0;0
277.225;0.0;0.0;0.0;23.128205128205128;22.64957264957265;25.0;25.0;0;0
277.329;0.0;0.0;0.0;23.076923076923077;22.700854700854702;25.0;25.0;0;0
277.431;0.0;0.0;0.0;23.076923076923077;22.700854700854702;25.0;25.0;0;0
277.533;0.0;0.0;0.0;23.076923076923077;22.700854700854702;25.0;25.0;0;0
277.641;0.0;0.0;0.0;23.076923076923077;22.700854700854702;25.0;25.0;0;0
277.746;0.0;0.0;0.0;23.076923076923077;22.700854700854702;25.0;25.0;0;0
277.852;0.0;0.0;0.0;23.076923076923077;22.700854700854702;25.0;25.0;0;0
277.965;0.0;0.0;0.0;23.076923076923077;22.700854700854702;25.0;25.0;0;0
278.076;0.0;0.0;0.0;23.076923076923077;22.700854700854702;25.0;25.0;0;0
278.218;0.0;0.0;0.0;23.076923076923077;22.700854700854702;25.0;25.0;0;0
278.319;0.0;0.0;0.0;23.128205128205128;22.64957264957265;25.0;25.0;0;0
278.42;0.0;0.0;0.0;23.128205128205128;22.64957264957265;25.0;25.0;0;0
278.543;0.0;0.0;0.0;23.128205128205128;22.64957264957265;25.0;25.0;0;0
278.648;0.0;0.0;0.0;23.128205128205128;22.64957264957265;25.0;25.0;0;0
278.749;0.0;0.0;0.0;23.128205128205128;22.64957264957265;25.0;25.0;0;0
278.854;0.0;0.0;0.0;23.128205128205128;22.64957264957265;25.0;25.0;0;0
278.964;0.0;0.0;0.0;23.128205128205128;22.64957264957265;25.0;25.0;0;0
279.072;0.0;0.0;0.0;23.128205128205128;22.64957264957265;25.0;25.0;0;0
279.188;0.0;0.0;0.0;23.128205128205128;22.64957264957265;25.0;25.0;0;0
279.289;0.0;0.0;0.0;23.128205128205128;22.700854700854702;25.0;25.0;0;0
279.413;0.0;0.0;0.0;23.128205128205128;22.700854700854702;25.0;25.0;0;0
279.519;0.0;0.0;0.0;23.128205128205128;22.700854700854702;25.0;25.0;0;0
279.646;0.0;0.0;0.0;23.128205128205128;22.700854700854702;25.0;25.0;0;0
279.75;0.0;0.0;0.0;23.128205128205128;22.700854700854702;25.0;25.0;0;0
279.863;0.0;0.0;0.0;23.128205128205128;22.700854700854702;25.0;25.0;0;0
279.97;0.0;0.0;0.0;23.128205128205128;22.700854700854702;25.0;25.0;0;0
280.071;0.0;0.0;0.0;23.128205128205128;22.700854700854702;25.0;25.0;0;0
280.173;0.0;0.0;0.0;23.128205128205128;22.700854700854702;25.0;25.0;0;0
280.275;0.0;0.0;0.0;23.076923076923077;22.64957264957265;25.0;25.0;0;0
280.381;0.0;0.0;0.0;23.076923076923077;22.64957264957265;25.0;25.0;0;0
280.492;0.0;0.0;0.0;23.076923076923077;22.64957264957265;25.0;25.0;0;0
280.611;0.0;0.0;0.0;23.076923076923077;22.64957264957265;25.0;25.0;0;0
280.716;0.0;0.0;0.0;23.076923076923077;22.64957264957265;25.0;25.0;0;0
280.831;0.0;0.0;0.0;23.076923076923077;22.64957264957265;25.0;25.0;0;0
280.934;0.0;0.0;0.0;23.076923076923077;22.64957264957265;25.0;25.0;0;0
281.046;0.0;0.0;0.0;23.076923076923077;22.64957264957265;25.0;25.0;0;0
281.156;0.0;0.0;0.0;23.076923076923077;22.64957264957265;25.0;25.0;0;0
281.269;0.0;0.0;0.0;23.128205128205128;22.64957264957265;25.0;25.0;0;0
281.381;0.0;0.0;0.0;23.128205128205128;22.64957264957265;25.0;25.0;0;0
281.483;0.0;0.0;0.0;23.128205128205128;22.64957264957265;25.0;25.0;0;0
281.594;0.0;0.0;0.0;23.128205128205128;22.64957264957265;25.0;25.0;0;0
281.705;0.0;0.0;0.0;23.128205128205128;22.64957264957265;25.0;25.0;0;0
281.81;0.0;0.0;0.0;23.128205128205128;22.64957264957265;25.0;25.0;0;0
281.923;0.0;0.0;0.0;23.128205128205128;22.64957264957265;25.0;25.0;0;0
282.032;0.0;0.0;0.0;23.128205128205128;22.64957264957265;25.0;25.0;0;0
282.145;0.0;0.0;0.0;23.128205128205128;22.64957264957265;25.0;25.0;0;0
282.249;0.0;0.0;0.0;23.128205128205128;22.64957264957265;25.0;25.0;0;0
282.35;0.0;0.0;0.0;23.128205128205128;22.64957264957265;25.0;25.0;0;0
282.456;0.0;0.0;0.0;23.128205128205128;22.64957264957265;25.0;25.0;0;0
282.574;0.0;0.0;0.0;23.128205128205128;22.64957264957265;25.0;25.0;0;0
282.686;0.0;0.0;0.0;23.128205128205128;22.64957264957265;25.0;25.0;0;0
282.794;0.0;0.0;0.0;23.128205128205128;22.64957264957265;25.0;25.0;0;0
282.906;0.0;0.0;0.0;23.128205128205128;22.64957264957265;25.0;25.0;0;0
283.012;0.0;0.0;0.0;23.128205128205128;22.64957264957265;25.0;25.0;0;0
283.125;0.0;0.0;0.0;23.128205128205128;22.64957264957265;25.0;25.0;0;0
283.23;0.0;0.0;0.0;23.128205128205128;22.64957264957265;25.0;25.0;0;0
283.332;0.0;0.0;0.0;23.128205128205128;22.64957264957265;25.0;25.0;0;0
283.451;0.0;0.0;0.0;23.128205128205128;22.64957264957265;25.0;25.0;0;0
283.566;0.0;0.0;0.0;23.128205128205128;22.64957264957265;25.0;25.0;0;0
283.667;0.0;0.0;0.0;23.128205128205128;22.64957264957265;25.0;25.0;0;0
283.779;0.0;0.0;0.0;23.128205128205128;22.64957264957265;25.0;25.0;0;0
283.892;0.0;0.0;0.0;23.128205128205128;22.64957264957265;25.0;25.0;0;0
284.002;0.0;0.0;0.0;23.128205128205128;22.64957264957265;25.0;25.0;0;0
284.118;0.0;0.0;0.0;23.128205128205128;22.64957264957265;25.0;25.0;0;0
284.222;0.0;0.0;0.0;23.128205128205128;22.64957264957265;25.0;25.0;0;0
284.331;0.0;0.0;0.0;23.128205128205128;22.64957264957265;25.0;25.0;0;0
284.443;0.0;0.0;0.0;23.128205128205128;22.64957264957265;25.0;25.0;0;0
284.559;0.0;0.0;0.0;23.128205128205128;22.64957264957265;25.0;25.0;0;0
284.676;0.0;0.0;0.0;23.128205128205128;22.64957264957265;25.0;25.0;0;0
284.784;0.0;0.0;0.0;23.128205128205128;22.64957264957265;25.0;25.0;0;0
284.888;0.0;0.0;0.0;23.128205128205128;22.64957264957265;25.0;25.0;0;0
284.996;0.0;0.0;0.0;23.128205128205128;22.64957264957265;25.0;25.0;0;0
285.106;0.0;0.0;0.0;23.128205128205128;22.64957264957265;25.0;25.0;0;0
285.214;0.0;0.0;0.0;23.128205128205128;22.64957264957265;25.0;25.0;0;0
285.331;0.0;0.0;0.0;23.128205128205128;22.64957264957265;25.0;25.0;0;0
285.431;0.0;0.0;0.0;23.128205128205128;22.64957264957265;25.0;25.0;0;0
285.54;0.0;0.0;0.0;23.128205128205128;22.64957264957265;25.0;25.0;0;0
285.65;0.0;0.0;0.0;23.128205128205128;22.64957264957265;25.0;25.0;0;0
285.758;0.0;0.0;0.0;23.128205128205128;22.64957264957265;25.0;25.0;0;0
285.877;0.0;0.0;0.0;23.128205128205128;22.64957264957265;25.0;25.0;0;0
285.982;0.0;0.0;0.0;23.128205128205128;22.64957264957265;25.0;25.0;0;0
286.09;0.0;0.0;0.0;23.128205128205128;22.64957264957265;25.0;25.0;0;0
286.213;0.0;0.0;0.0;23.128205128205128;22.64957264957265;25.0;25.0;0;0
286.314;0.0;0.0;0.0;23.076923076923077;22.64957264957265;25.0;25.0;0;0
286.416;0.0;0.0;0.0;23.076923076923077;22.64957264957265;25.0;25.0;0;0
286.521;0.0;0.0;0.0;23.076923076923077;22.64957264957265;25.0;25.0;0;0
286.622;0.0;0.0;0.0;23.076923076923077;22.64957264957265;25.0;25.0;0;0
286.727;0.0;0.0;0.0;23.076923076923077;22.64957264957265;25.0;25.0;0;0
286.841;0.0;0.0;0.0;23.076923076923077;22.64957264957265;25.0;25.0;0;0
286.95;0.0;0.0;0.0;23.076923076923077;22.64957264957265;25.0;25.0;0;0
287.057;0.0;0.0;0.0;23.076923076923077;22.64957264957265;25.0;25.0;0;0
287.164;0.0;0.0;0.0;23.076923076923077;22.64957264957265;25.0;25.0;0;0
287.265;0.0;0.0;0.0;23.128205128205128;22.64957264957265;25.0;25.0;0;0
287.369;0.0;0.0;0.0;23.128205128205128;22.64957264957265;25.0;25.0;0;0
287.469;0.0;0.0;0.0;23.128205128205128;22.64957264957265;25.0;25.0;0;0
287.571;0.0;0.0;0.0;23.128205128205128;22.64957264957265;25.0;25.0;0;0
287.675;0.0;0.0;0.0;23.128205128205128;22.64957264957265;25.0;25.0;0;0
287.782;0.0;0.0;0.0;23.128205128205128;22.64957264957265;25.0;25.0;0;0
287.887;0.0;0.0;0.0;23.128205128205128;22.64957264957265;25.0;25.0;0;0
287.988;0.0;0.0;0.0;23.128205128205128;22.64957264957265;25.0;25.0;0;0
288.089;0.0;0.0;0.0;23.128205128205128;22.64957264957265;25.0;25.0;0;0
288.201;0.0;0.0;0.0;23.128205128205128;22.64957264957265;25.0;25.0;0;0
288.307;0.0;0.0;0.0;23.076923076923077;22.64957264957265;25.0;25.0;0;0
288.412;0.0;0.0;0.0;23.076923076923077;22.64957264957265;25.0;25.0;0;0
288.513;0.0;0.0;0.0;23.076923076923077;22.64957264957265;25.0;25.0;0;0
288.636;0.0;0.0;0.0;23.076923076923077;22.64957264957265;25.0;25.0;0;0
288.748;0.0;0.0;0.0;23.076923076923077;22.64957264957265;25.0;25.0;0;0
288.854;0.0;0.0;0.0;23.076923076923077;22.64957264957265;25.0;25.0;0;0
288.966;0.0;0.0;0.0;23.076923076923077;22.64957264957265;25.0;25.0;0;0
289.089;0.0;0.0;0.0;23.076923076923077;22.64957264957265;25.0;25.0;0;0
289.198;0.0;0.0;0.0;23.076923076923077;22.64957264957265;25.0;25.0;0;0
289.3;0.0;0.0;0.0;23.128205128205128;22.700854700854702;25.0;25.0;0;0
289.403;0.0;0.0;0.0;23.128205128205128;22.700854700854702;25.0;25.0;0;0
289.506;0.0;0.0;0.0;23.128205128205128;22.700854700854702;25.0;25.0;0;0
289.607;0.0;0.0;0.0;23.128205128205128;22.700854700854702;25.0;25.0;0;0
289.735;0.0;0.0;0.0;23.128205128205128;22.700854700854702;25.0;25.0;0;0
289.836;0.0;0.0;0.0;23.128205128205128;22.700854700854702;25.0;25.0;0;0
289.952;0.0;0.0;0.0;23.128205128205128;22.700854700854702;25.0;25.0;0;0
290.074;0.0;0.0;0.0;23.128205128205128;22.700854700854702;25.0;25.0;0;0
290.186;0.0;0.0;0.0;23.128205128205128;22.700854700854702;25.0;25.0;0;0
290.295;0.0;0.0;0.0;23.128205128205128;22.64957264957265;25.0;25.0;0;0
290.398;0.0;0.0;0.0;23.128205128205128;22.64957264957265;25.0;25.0;0;0
290.51;0.0;0.0;0.0;23.128205128205128;22.64957264957265;25.0;25.0;0;0
290.621;0.0;0.0;0.0;23.128205128205128;22.64957264957265;25.0;25.0;0;0
290.724;0.0;0.0;0.0;23.128205128205128;22.64957264957265;25.0;25.0;0;0
290.825;0.0;0.0;0.0;23.128205128205128;22.64957264957265;25.0;25.0;0;0
290.932;0.0;0.0;0.0;23.128205128205128;22.64957264957265;25.0;25.0;0;0
291.033;0.0;0.0;0.0;23.128205128205128;22.64957264957265;25.0;25.0;0;0
291.14;0.0;0.0;0.0;23.128205128205128;22.64957264957265;25.0;25.0;0;0
291.241;0.0;0.0;0.0;23.128205128205128;22.64957264957265;25.0;25.0;0;0
291.345;0.0;0.0;0.0;23.128205128205128;22.64957264957265;25.0;25.0;0;0
291.448;0.0;0.0;0.0;23.128205128205128;22.64957264957265;25.0;25.0;0;0
291.553;0.0;0.0;0.0;23.128205128205128;22.64957264957265;25.0;25.0;0;0
291.677;0.0;0.0;0.0;23.128205128205128;22.64957264957265;25.0;25.0;0;0
291.778;0.0;0.0;0.0;23.128205128205128;22.64957264957265;25.0;25.0;0;0
291.904;0.0;0.0;0.0;23.128205128205128;22.64957264957265;25.0;25.0;0;0
292.005;0.0;0.0;0.0;23.128205128205128;22.64957264957265;25.0;25.0;0;0
292.106;0.0;0.0;0.0;23.128205128205128;22.64957264957265;25.0;25.0;0;0
292.208;0.0;0.0;0.0;23.076923076923077;22.64957264957265;25.0;25.0;0;0
292.31;0.0;0.0;0.0;23.076923076923077;22.64957264957265;25.0;25.0;0;0
292.41;0.0;0.0;0.0;23.076923076923077;22.64957264957265;25.0;25.0;0;0
292.512;0.0;0.0;0.0;23.076923076923077;22.64957264957265;25.0;25.0;0;0
292.613;0.0;0.0;0.0;23.076923076923077;22.64957264957265;25.0;25.0;0;0
292.722;0.0;0.0;0.0;23.076923076923077;22.64957264957265;25.0;25.0;0;0
292.824;0.0;0.0;0.0;23.076923076923077;22.64957264957265;25.0;25.0;0;0
292.952;0.0;0.0;0.0;23.076923076923077;22.64957264957265;25.0;25.0;0;0
293.064;0.0;0.0;0.0;23.076923076923077;22.64957264957265;25.0;25.0;0;0
293.166;0.0;0.0;0.0;23.076923076923077;22.64957264957265;25.0;25.0;0;0
293.281;0.0;0.0;0.0;23.076923076923077;22.64957264957265;25.0;25.0;0;0
293.385;0.0;0.0;0.0;23.076923076923077;22.64957264957265;25.0;25.0;0;0
293.553;0.0;0.0;0.0;23.076923076923077;22.64957264957265;25.0;25.0;0;0
293.664;0.0;0.0;0.0;23.076923076923077;22.64957264957265;25.0;25.0;0;0
293.776;0.0;0.0;0.0;23.076923076923077;22.64957264957265;25.0;25.0;0;0
293.879;0.0;0.0;0.0;23.076923076923077;22.64957264957265;25.0;25.0;0;0
293.98;0.0;0.0;0.0;23.076923076923077;22.64957264957265;25.0;25.0;0;0
294.083;0.0;0.0;0.0;23.076923076923077;22.64957264957265;25.0;25.0;0;0
294.193;0.0;0.0;0.0;23.076923076923077;22.64957264957265;25.0;25.0;0;0
294.294;0.0;0.0;0.0;23.076923076923077;22.64957264957265;25.0;25.0;0;0
294.395;0.0;0.0;0.0;23.076923076923077;22.64957264957265;25.0;25.0;0;0
294.497;0.0;0.0;0.0;23.076923076923077;22.64957264957265;25.0;25.0;0;0
294.598;0.0;0.0;0.0;23.076923076923077;22.64957264957265;25.0;25.0;0;0
294.699;0.0;0.0;0.0;23.076923076923077;22.64957264957265;25.0;25.0;0;0
294.801;0.0;0.0;0.0;23.076923076923077;22.64957264957265;25.0;25.0;0;0
294.905;0.0;0.0;0.0;23.076923076923077;22.64957264957265;25.0;25.0;0;0
295.008;0.0;0.0;0.0;23.076923076923077;22.64957264957265;25.0;25.0;0;0
295.111;0.0;0.0;0.0;23.076923076923077;22.64957264957265;25.0;25.0;0;0
295.217;0.0;0.0;0.0;23.076923076923077;22.64957264957265;25.0;25.0;0;0
295.332;0.0;0.0;0.0;23.128205128205128;22.64957264957265;25.0;25.0;0;0
295.433;0.0;0.0;0.0;23.128205128205128;22.64957264957265;25.0;25.0;0;0
295.536;0.0;0.0;0.0;23.128205128205128;22.64957264957265;25.0;25.0;0;0
295.659;0.0;0.0;0.0;23.128205128205128;22.64957264957265;25.0;25.0;0;0
295.76;0.0;0.0;0.0;23.128205128205128;22.64957264957265;25.0;25.0;0;0
295.862;0.0;0.0;0.0;23.128205128205128;22.64957264957265;25.0;25.0;0;0
295.981;0.0;0.0;0.0;23.128205128205128;22.64957264957265;25.0;25.0;0;0
296.091;0.0;0.0;0.0;23.128205128205128;22.64957264957265;25.0;25.0;0;0
296.209;0.0;0.0;0.0;23.128205128205128;22.64957264957265;25.0;25.0;0;0
296.314;0.0;0.0;0.0;23.076923076923077;22.64957264957265;25.0;25.0;0;0
296.426;0.0;0.0;0.0;23.076923076923077;22.64957264957265;25.0;25.0;0;0
296.544;0.0;0.0;0.0;23.076923076923077;22.64957264957265;25.0;25.0;0;0
296.677;0.0;0.0;0.0;23.076923076923077;22.64957264957265;25.0;25.0;0;0
296.779;0.0;0.0;0.0;23.076923076923077;22.64957264957265;25.0;25.0;0;0
296.879;0.0;0.0;0.0;23.076923076923077;22.64957264957265;25.0;25.0;0;0
296.997;0.0;0.0;0.0;23.076923076923077;22.64957264957265;25.0;25.0;0;0
297.106;0.0;0.0;0.0;23.076923076923077;22.64957264957265;25.0;25.0;0;0
297.222;0.0;0.0;0.0;23.128205128205128;22.64957264957265;25.0;25.0;0;0
297.323;0.0;0.0;0.0;23.128205128205128;22.64957264957265;25.0;25.0;0;0
297.439;0.0;0.0;0.0;23.128205128205128;22.64957264957265;25.0;25.0;0;0
297.562;0.0;0.0;0.0;23.128205128205128;22.64957264957265;25.0;25.0;0;0
297.663;0.0;0.0;0.0;23.128205128205128;22.64957264957265;25.0;25.0;0;0
297.769;0.0;0.0;0.0;23.128205128205128;22.64957264957265;25.0;25.0;0;0
297.87;0.0;0.0;0.0;23.128205128205128;22.64957264957265;25.0;25.0;0;0
297.973;0.0;0.0;0.0;23.128205128205128;22.64957264957265;25.0;25.0;0;0
298.081;0.0;0.0;0.0;23.128205128205128;22.64957264957265;25.0;25.0;0;0
298.182;0.0;0.0;0.0;23.128205128205128;22.64957264957265;25.0;25.0;0;0
298.283;0.0;0.0;0.0;23.128205128205128;22.64957264957265;25.0;25.0;0;0
298.386;0.0;0.0;0.0;23.128205128205128;22.64957264957265;25.0;25.0;0;0
298.514;0.0;0.0;0.0;23.128205128205128;22.64957264957265;25.0;25.0;0;0
298.618;0.0;0.0;0.0;23.128205128205128;22.64957264957265;25.0;25.0;0;0
298.746;0.0;0.0;0.0;23.128205128205128;22.64957264957265;25.0;25.0;0;0
298.863;0.0;0.0;0.0;23.128205128205128;22.64957264957265;25.0;25.0;0;0
298.98;0.0;0.0;0.0;23.128205128205128;22.64957264957265;25.0;25.0;0;0
299.082;0.0;0.0;0.0;23.128205128205128;22.64957264957265;25.0;25.0;0;0
299.183;0.0;0.0;0.0;23.128205128205128;22.64957264957265;25.0;25.0;0;0
299.284;0.0;0.0;0.0;23.076923076923077;22.64957264957265;25.0;25.0;0;0
299.387;0.0;0.0;0.0;23.076923076923077;22.64957264957265;25.0;25.0;0;0
299.504;0.0;0.0;0.0;23.076923076923077;22.64957264957265;25.0;25.0;0;0
299.607;0.0;0.0;0.0;23.076923076923077;22.64957264957265;25.0;25.0;0;0
299.708;0.0;0.0;0.0;23.076923076923077;22.64957264957265;25.0;25.0;0;0
299.811;0.0;0.0;0.0;23.076923076923077;22.64957264957265;25.0;25.0;0;0
299.911;0.0;0.0;0.0;23.076923076923077;22.64957264957265;25.0;25.0;0;0
300.012;0.0;0.0;0.0;23.076923076923077;22.64957264957265;25.0;25.0;0;0
300.122;0.0;0.0;0.0;23.076923076923077;22.64957264957265;25.0;25.0;0;0
300.233;0.0;0.0;0.0;23.076923076923077;22.64957264957265;25.0;25.0;0;0
300.358;0.0;0.0;0.0;23.128205128205128;22.64957264957265;25.0;25.0;0;0
300.493;0.0;0.0;0.0;23.128205128205128;22.64957264957265;25.0;25.0;0;0
300.594;0.0;0.0;0.0;23.128205128205128;22.64957264957265;25.0;25.0;0;0
300.711;0.0;0.0;0.0;23.128205128205128;22.64957264957265;25.0;25.0;0;0
300.812;0.0;0.0;0.0;23.128205128205128;22.64957264957265;25.0;25.0;0;0
300.912;0.0;0.0;0.0;23.128205128205128;22.64957264957265;25.0;25.0;0;0
301.015;0.0;0.0;0.0;23.128205128205128;22.64957264957265;25.0;25.0;0;0
301.122;0.0;0.0;0.0;23.128205128205128;22.64957264957265;25.0;25.0;0;0
301.227;0.0;0.0;0.0;23.128205128205128;22.64957264957265;25.0;25.0;0;0
301.329;0.0;0.0;0.0;23.128205128205128;22.64957264957265;25.0;25.0;0;0
301.439;0.0;0.0;0.0;23.128205128205128;22.64957264957265;25.0;25.0;0;0
301.564;0.0;0.0;0.0;23.128205128205128;22.64957264957265;25.0;25.0;0;0
301.665;0.0;0.0;0.0;23.128205128205128;22.64957264957265;25.0;25.0;0;0
301.769;0.0;0.0;0.0;23.128205128205128;22.64957264957265;25.0;25.0;0;0
301.87;0.0;0.0;0.0;23.128205128205128;22.64957264957265;25.0;25.0;0;0
301.979;0.0;0.0;0.0;23.128205128205128;22.64957264957265;25.0;25.0;0;0
302.101;0.0;0.0;0.0;23.128205128205128;22.64957264957265;25.0;25.0;0;0
302.209;0.0;0.0;0.0;23.128205128205128;22.64957264957265;25.0;25.0;0;0
302.315;0.0;0.0;0.0;23.128205128205128;22.700854700854702;25.0;25.0;0;0
302.424;0.0;0.0;0.0;23.128205128205128;22.700854700854702;25.0;25.0;0;0
302.529;0.0;0.0;0.0;23.128205128205128;22.700854700854702;25.0;25.0;0;0
302.631;0.0;0.0;0.0;23.128205128205128;22.700854700854702;25.0;25.0;0;0
302.736;0.0;0.0;0.0;23.128205128205128;22.700854700854702;25.0;25.0;0;0
302.845;0.0;0.0;0.0;23.128205128205128;22.700854700854702;25.0;25.0;0;0
302.975;0.0;0.0;0.0;23.128205128205128;22.700854700854702;25.0;25.0;0;0
303.077;0.0;0.0;0.0;23.128205128205128;22.700854700854702;25.0;25.0;0;0
303.178;0.0;0.0;0.0;23.128205128205128;22.700854700854702;25.0;25.0;0;0
303.279;0.0;0.0;0.0;23.128205128205128;22.64957264957265;25.0;25.0;0;0
303.383;0.0;0.0;0.0;23.128205128205128;22.64957264957265;25.0;25.0;0;0
303.493;0.0;0.0;0.0;23.128205128205128;22.64957264957265;25.0;25.0;0;0
303.595;0.0;0.0;0.0;23.128205128205128;22.64957264957265;25.0;25.0;0;0
303.696;0.0;0.0;0.0;23.128205128205128;22.64957264957265;25.0;25.0;0;0
303.812;0.0;0.0;0.0;23.128205128205128;22.64957264957265;25.0;25.0;0;0
303.93;0.0;0.0;0.0;23.128205128205128;22.64957264957265;25.0;25.0;0;0
304.03;0.0;0.0;0.0;23.128205128205128;22.64957264957265;25.0;25.0;0;0
304.131;0.0;0.0;0.0;23.128205128205128;22.64957264957265;25.0;25.0;0;0
304.236;0.0;0.0;0.0;23.128205128205128;22.64957264957265;25.0;25.0;0;0
304.336;0.0;0.0;0.0;23.128205128205128;22.64957264957265;25.0;25.0;0;0
304.452;0.0;0.0;0.0;23.128205128205128;22.64957264957265;25.0;25.0;0;0
304.553;0.0;0.0;0.0;23.128205128205128;22.64957264957265;25.0;25.0;0;0
304.656;0.0;0.0;0.0;23.128205128205128;22.64957264957265;25.0;25.0;0;0
304.757;0.0;0.0;0.0;23.128205128205128;22.64957264957265;25.0;25.0;0;0
304.857;0.0;0.0;0.0;23.128205128205128;22.64957264957265;25.0;25.0;0;0
304.96;0.0;0.0;0.0;23.128205128205128;22.64957264957265;25.0;25.0;0;0
305.062;0.0;0.0;0.0;23.128205128205128;22.64957264957265;25.0;25.0;0;0
305.163;0.0;0.0;0.0;23.128205128205128;22.64957264957265;25.0;25.0;0;0
305.265;0.0;0.0;0.0;23.128205128205128;22.64957264957265;25.0;25.0;0;0
305.375;0.0;0.0;0.0;23.076923076923077;22.64957264957265;25.0;25.0;0;0
305.511;0.0;0.0;0.0;23.076923076923077;22.64957264957265;25.0;25.0;0;0
305.614;0.0;0.0;0.0;23.076923076923077;22.64957264957265;25.0;25.0;0;0
305.726;0.0;0.0;0.0;23.076923076923077;22.64957264957265;25.0;25.0;0;0
305.89;0.0;0.0;0.0;23.076923076923077;22.64957264957265;25.0;25.0;0;0
305.991;0.0;0.0;0.0;23.076923076923077;22.64957264957265;25.0;25.0;0;0
306.093;0.0;0.0;0.0;23.076923076923077;22.64957264957265;25.0;25.0;0;0
306.193;0.0;0.0;0.0;23.076923076923077;22.64957264957265;25.0;25.0;0;0
306.3;0.0;0.0;0.0;23.128205128205128;22.64957264957265;25.0;25.0;0;0
306.401;0.0;0.0;0.0;23.128205128205128;22.64957264957265;25.0;25.0;0;0
306.511;0.0;0.0;0.0;23.128205128205128;22.64957264957265;25.0;25.0;0;0
306.611;0.0;0.0;0.0;23.128205128205128;22.64957264957265;25.0;25.0;0;0
306.725;0.0;0.0;0.0;23.128205128205128;22.64957264957265;25.0;25.0;0;0
306.865;0.0;0.0;0.0;23.128205128205128;22.64957264957265;25.0;25.0;0;0
306.965;0.0;0.0;0.0;23.128205128205128;22.64957264957265;25.0;25.0;0;0
307.068;0.0;0.0;0.0;23.128205128205128;22.64957264957265;25.0;25.0;0;0
307.201;0.0;0.0;0.0;23.128205128205128;22.64957264957265;25.0;25.0;0;0
307.302;0.0;0.0;0.0;23.128205128205128;22.64957264957265;25.0;25.0;0;0
307.428;0.0;0.0;0.0;23.128205128205128;22.64957264957265;25.0;25.0;0;0
307.539;0.0;0.0;0.0;23.128205128205128;22.64957264957265;25.0;25.0;0;0
307.658;0.0;0.0;0.0;23.128205128205128;22.64957264957265;25.0;25.0;0;0
307.771;0.0;0.0;0.0;23.128205128205128;22.64957264957265;25.0;25.0;0;0
307.882;0.0;0.0;0.0;23.128205128205128;22.64957264957265;25.0;25.0;0;0
307.989;0.0;0.0;0.0;23.128205128205128;22.64957264957265;25.0;25.0;0;0
308.099;0.0;0.0;0.0;23.128205128205128;22.64957264957265;25.0;25.0;0;0
308.201;0.0;0.0;0.0;23.128205128205128;22.64957264957265;25.0;25.0;0;0
308.302;0.0;0.0;0.0;23.128205128205128;22.64957264957265;25.0;25.0;0;0
308.402;0.0;0.0;0.0;23.128205128205128;22.64957264957265;25.0;25.0;0;0
308.509;0.0;0.0;0.0;23.128205128205128;22.64957264957265;25.0;25.0;0;0
308.644;0.0;0.0;0.0;23.128205128205128;22.64957264957265;25.0;25.0;0;0
308.749;0.0;0.0;0.0;23.128205128205128;22.64957264957265;25.0;25.0;0;0
308.85;0.0;0.0;0.0;23.128205128205128;22.64957264957265;25.0;25.0;0;0
308.953;0.0;0.0;0.0;23.128205128205128;22.64957264957265;25.0;25.0;0;0
309.091;0.0;0.0;0.0;23.128205128205128;22.64957264957265;25.0;25.0;0;0
309.196;0.0;0.0;0.0;23.128205128205128;22.64957264957265;25.0;25.0;0;0
309.297;0.0;0.0;0.0;23.128205128205128;22.64957264957265;25.0;25.0;0;0
309.4;0.0;0.0;0.0;23.128205128205128;22.64957264957265;25.0;25.0;0;0
309.506;0.0;0.0;0.0;23.128205128205128;22.64957264957265;25.0;25.0;0;0
309.607;0.0;0.0;0.0;23.128205128205128;22.64957264957265;25.0;25.0;0;0
309.71;0.0;0.0;0.0;23.128205128205128;22.64957264957265;25.0;25.0;0;0
309.82;0.0;0.0;0.0;23.128205128205128;22.64957264957265;25.0;25.0;0;0
309.943;0.0;0.0;0.0;23.128205128205128;22.64957264957265;25.0;25.0;0;0
310.055;0.0;0.0;0.0;23.128205128205128;22.64957264957265;25.0;25.0;0;0
310.161;0.0;0.0;0.0;23.128205128205128;22.64957264957265;25.0;25.0;0;0
310.29;0.0;0.0;0.0;23.128205128205128;22.64957264957265;25.0;25.0;0;0
310.406;0.0;0.0;0.0;23.128205128205128;22.64957264957265;25.0;25.0;0;0
310.507;0.0;0.0;0.0;23.128205128205128;22.64957264957265;25.0;25.0;0;0
310.616;0.0;0.0;0.0;23.128205128205128;22.64957264957265;25.0;25.0;0;0
310.717;0.0;0.0;0.0;23.128205128205128;22.64957264957265;25.0;25.0;0;0
310.817;0.0;0.0;0.0;23.128205128205128;22.64957264957265;25.0;25.0;0;0
310.922;0.0;0.0;0.0;23.128205128205128;22.64957264957265;25.0;25.0;0;0
311.024;0.0;0.0;0.0;23.128205128205128;22.64957264957265;25.0;25.0;0;0
311.124;0.0;0.0;0.0;23.128205128205128;22.64957264957265;25.0;25.0;0;0
311.241;0.0;0.0;0.0;23.128205128205128;22.64957264957265;25.0;25.0;0;0
311.341;0.0;0.0;0.0;23.128205128205128;22.64957264957265;25.0;25.0;0;0
311.442;0.0;0.0;0.0;23.128205128205128;22.64957264957265;25.0;25.0;0;0
311.562;0.0;0.0;0.0;23.128205128205128;22.64957264957265;25.0;25.0;0;0
311.671;0.0;0.0;0.0;23.128205128205128;22.64957264957265;25.0;25.0;0;0
311.773;0.0;0.0;0.0;23.128205128205128;22.64957264957265;25.0;25.0;0;0
311.879;0.0;0.0;0.0;23.128205128205128;22.64957264957265;25.0;25.0;0;0
311.982;0.0;0.0;0.0;23.128205128205128;22.64957264957265;25.0;25.0;0;0
312.088;0.0;0.0;0.0;23.128205128205128;22.64957264957265;25.0;25.0;0;0
312.2;0.0;0.0;0.0;23.128205128205128;22.64957264957265;25.0;25.0;0;0
312.309;0.0;0.0;0.0;23.128205128205128;22.64957264957265;25.0;25.0;0;0
312.425;0.0;0.0;0.0;23.128205128205128;22.64957264957265;25.0;25.0;0;0
312.53;0.0;0.0;0.0;23.128205128205128;22.64957264957265;25.0;25.0;0;0
312.638;0.0;0.0;0.0;23.128205128205128;22.64957264957265;25.0;25.0;0;0
312.742;0.0;0.0;0.0;23.128205128205128;22.64957264957265;25.0;25.0;0;0
312.881;0.0;0.0;0.0;23.128205128205128;22.64957264957265;25.0;25.0;0;0
312.994;0.0;0.0;0.0;23.128205128205128;22.64957264957265;25.0;25.0;0;0
313.105;0.0;0.0;0.0;23.128205128205128;22.64957264957265;25.0;25.0;0;0
313.214;0.0;0.0;0.0;23.128205128205128;22.64957264957265;25.0;25.0;0;0
313.331;0.0;0.0;0.0;23.076923076923077;22.64957264957265;25.0;25.0;0;0
313.432;0.0;0.0;0.0;23.076923076923077;22.64957264957265;25.0;25.0;0;0
313.56;0.0;0.0;0.0;23.076923076923077;22.64957264957265;25.0;25.0;0;0
313.675;0.0;0.0;0.0;23.076923076923077;22.64957264957265;25.0;25.0;0;0
313.776;0.0;0.0;0.0;23.076923076923077;22.64957264957265;25.0;25.0;0;0
313.906;0.0;0.0;0.0;23.076923076923077;22.64957264957265;25.0;25.0;0;0
314.015;0.0;0.0;0.0;23.076923076923077;22.64957264957265;25.0;25.0;0;0
314.124;0.0;0.0;0.0;23.076923076923077;22.64957264957265;25.0;25.0;0;0
314.225;0.0;0.0;0.0;23.076923076923077;22.64957264957265;25.0;25.0;0;0
314.328;0.0;0.0;0.0;23.076923076923077;22.64957264957265;25.0;25.0;0;0
314.43;0.0;0.0;0.0;23.128205128205128;22.64957264957265;25.0;25.0;0;0
314.531;0.0;0.0;0.0;23.128205128205128;22.64957264957265;25.0;25.0;0;0
314.632;0.0;0.0;0.0;23.128205128205128;22.64957264957265;25.0;25.0;0;0
314.733;0.0;0.0;0.0;23.128205128205128;22.64957264957265;25.0;25.0;0;0
314.834;0.0;0.0;0.0;23.128205128205128;22.64957264957265;25.0;25.0;0;0
314.94;0.0;0.0;0.0;23.128205128205128;22.64957264957265;25.0;25.0;0;0
315.047;0.0;0.0;0.0;23.128205128205128;22.64957264957265;25.0;25.0;0;0
315.156;0.0;0.0;0.0;23.128205128205128;22.64957264957265;25.0;25.0;0;0
315.268;0.0;0.0;0.0;23.128205128205128;22.64957264957265;25.0;25.0;0;0
315.376;0.0;0.0;0.0;23.128205128205128;22.700854700854702;25.0;25.0;0;0
315.48;0.0;0.0;0.0;23.128205128205128;22.700854700854702;25.0;25.0;0;0
315.583;0.0;0.0;0.0;23.128205128205128;22.700854700854702;25.0;25.0;0;0
315.699;0.0;0.0;0.0;23.128205128205128;22.700854700854702;25.0;25.0;0;0
315.812;0.0;0.0;0.0;23.128205128205128;22.700854700854702;25.0;25.0;0;0
315.913;0.0;0.0;0.0;23.128205128205128;22.700854700854702;25.0;25.0;0;0
316.013;0.0;0.0;0.0;23.128205128205128;22.700854700854702;25.0;25.0;0;0
316.136;0.0;0.0;0.0;23.128205128205128;22.700854700854702;25.0;25.0;0;0
316.239;0.0;0.0;0.0;23.128205128205128;22.700854700854702;25.0;25.0;0;0
316.342;0.0;0.0;0.0;23.128205128205128;22.64957264957265;25.0;25.0;0;0
316.45;0.0;0.0;0.0;23.128205128205128;22.64957264957265;25.0;25.0;0;0
316.556;0.0;0.0;0.0;23.128205128205128;22.64957264957265;25.0;25.0;0;0
316.656;0.0;0.0;0.0;23.128205128205128;22.64957264957265;25.0;25.0;0;0
316.758;0.0;0.0;0.0;23.128205128205128;22.64957264957265;25.0;25.0;0;0
316.858;0.0;0.0;0.0;23.128205128205128;22.64957264957265;25.0;25.0;0;0
316.97;0.0;0.0;0.0;23.128205128205128;22.64957264957265;25.0;25.0;0;0
317.077;0.0;0.0;0.0;23.128205128205128;22.64957264957265;25.0;25.0;0;0
317.178;0.0;0.0;0.0;23.128205128205128;22.64957264957265;25.0;25.0;0;0
317.284;0.0;0.0;0.0;23.128205128205128;22.64957264957265;25.0;25.0;0;0
317.39;0.0;0.0;0.0;23.128205128205128;22.64957264957265;25.0;25.0;0;0
317.491;0.0;0.0;0.0;23.128205128205128;22.64957264957265;25.0;25.0;0;0
317.592;0.0;0.0;0.0;23.128205128205128;22.64957264957265;25.0;25.0;0;0
317.723;0.0;0.0;0.0;23.128205128205128;22.64957264957265;25.0;25.0;0;0
317.829;0.0;0.0;0.0;23.128205128205128;22.64957264957265;25.0;25.0;0;0
317.93;0.0;0.0;0.0;23.128205128205128;22.64957264957265;25.0;25.0;0;0
318.034;0.0;0.0;0.0;23.128205128205128;22.64957264957265;25.0;25.0;0;0
318.134;0.0;0.0;0.0;23.128205128205128;22.64957264957265;25.0;25.0;0;0
318.237;0.0;0.0;0.0;23.128205128205128;22.64957264957265;25.0;25.0;0;0
318.383;0.0;0.0;0.0;23.128205128205128;22.64957264957265;25.0;25.0;0;0
318.484;0.0;0.0;0.0;23.128205128205128;22.64957264957265;25.0;25.0;0;0
318.584;0.0;0.0;0.0;23.128205128205128;22.64957264957265;25.0;25.0;0;0
318.69;0.0;0.0;0.0;23.128205128205128;22.64957264957265;25.0;25.0;0;0
318.806;0.0;0.0;0.0;23.128205128205128;22.64957264957265;25.0;25.0;0;0
318.924;0.0;0.0;0.0;23.128205128205128;22.64957264957265;25.0;25.0;0;0
319.029;0.0;0.0;0.0;23.128205128205128;22.64957264957265;25.0;25.0;0;0
319.141;0.0;0.0;0.0;23.128205128205128;22.64957264957265;25.0;25.0;0;0
319.257;0.0;0.0;0.0;23.128205128205128;22.64957264957265;25.0;25.0;0;0
319.358;0.0;0.0;0.0;23.128205128205128;22.64957264957265;25.0;25.0;0;0
319.473;0.0;0.0;0.0;23.128205128205128;22.64957264957265;25.0;25.0;0;0
319.573;0.0;0.0;0.0;23.128205128205128;22.64957264957265;25.0;25.0;0;0
319.676;0.0;0.0;0.0;23.128205128205128;22.64957264957265;25.0;25.0;0;0
319.78;0.0;0.0;0.0;23.128205128205128;22.64957264957265;25.0;25.0;0;0
319.881;0.0;0.0;0.0;23.128205128205128;22.64957264957265;25.0;25.0;0;0
319.982;0.0;0.0;0.0;23.128205128205128;22.64957264957265;25.0;25.0;0;0
320.089;0.0;0.0;0.0;23.128205128205128;22.64957264957265;25.0;25.0;0;0
320.209;0.0;0.0;0.0;23.128205128205128;22.64957264957265;25.0;25.0;0;0
320.328;0.0;0.0;0.0;23.128205128205128;22.64957264957265;25.0;25.0;0;0
320.435;0.0;0.0;0.0;23.128205128205128;22.64957264957265;25.0;25.0;0;0
320.564;0.0;0.0;0.0;23.128205128205128;22.64957264957265;25.0;25.0;0;0
320.664;0.0;0.0;0.0;23.128205128205128;22.64957264957265;25.0;25.0;0;0
320.766;0.0;0.0;0.0;23.128205128205128;22.64957264957265;25.0;25.0;0;0
320.872;0.0;0.0;0.0;23.128205128205128;22.64957264957265;25.0;25.0;0;0
320.987;0.0;0.0;0.0;23.128205128205128;22.64957264957265;25.0;25.0;0;0
321.09;0.0;0.0;0.0;23.128205128205128;22.64957264957265;25.0;25.0;0;0
321.223;0.0;0.0;0.0;23.128205128205128;22.64957264957265;25.0;25.0;0;0
321.344;0.0;0.0;0.0;23.076923076923077;22.64957264957265;25.0;25.0;0;0
321.446;0.0;0.0;0.0;23.076923076923077;22.64957264957265;25.0;25.0;0;0
321.552;0.0;0.0;0.0;23.076923076923077;22.64957264957265;25.0;25.0;0;0
321.654;0.0;0.0;0.0;23.076923076923077;22.64957264957265;25.0;25.0;0;0
321.764;0.0;0.0;0.0;23.076923076923077;22.64957264957265;25.0;25.0;0;0
321.866;0.0;0.0;0.0;23.076923076923077;22.64957264957265;25.0;25.0;0;0
321.971;0.0;0.0;0.0;23.076923076923077;22.64957264957265;25.0;25.0;0;0
322.073;0.0;0.0;0.0;23.076923076923077;22.64957264957265;25.0;25.0;0;0
322.188;0.0;0.0;0.0;23.076923076923077;22.64957264957265;25.0;25.0;0;0
322.295;0.0;0.0;0.0;23.076923076923077;22.64957264957265;25.0;25.0;0;0
322.436;0.0;0.0;0.0;23.076923076923077;22.64957264957265;25.0;25.0;0;0
322.544;0.0;0.0;0.0;23.076923076923077;22.64957264957265;25.0;25.0;0;0
322.644;0.0;0.0;0.0;23.076923076923077;22.64957264957265;25.0;25.0;0;0
322.751;0.0;0.0;0.0;23.076923076923077;22.64957264957265;25.0;25.0;0;0
322.853;0.0;0.0;0.0;23.076923076923077;22.64957264957265;25.0;25.0;0;0
322.955;0.0;0.0;0.0;23.076923076923077;22.64957264957265;25.0;25.0;0;0
323.066;0.0;0.0;0.0;23.076923076923077;22.64957264957265;25.0;25.0;0;0
323.182;0.0;0.0;0.0;23.076923076923077;22.64957264957265;25.0;25.0;0;0
323.288;0.0;0.0;0.0;23.076923076923077;22.64957264957265;25.0;25.0;0;0
323.403;0.0;0.0;0.0;23.128205128205128;22.64957264957265;25.0;25.0;0;0
323.507;0.0;0.0;0.0;23.128205128205128;22.64957264957265;25.0;25.0;0;0
323.614;0.0;0.0;0.0;23.128205128205128;22.64957264957265;25.0;25.0;0;0
323.717;0.0;0.0;0.0;23.128205128205128;22.64957264957265;25.0;25.0;0;0
323.827;0.0;0.0;0.0;23.128205128205128;22.64957264957265;25.0;25.0;0;0
323.937;0.0;0.0;0.0;23.128205128205128;22.64957264957265;25.0;25.0;0;0
324.041;0.0;0.0;0.0;23.128205128205128;22.64957264957265;25.0;25.0;0;0
324.148;0.0;0.0;0.0;23.128205128205128;22.64957264957265;25.0;25.0;0;0
324.263;0.0;0.0;0.0;23.128205128205128;22.64957264957265;25.0;25.0;0;0
324.365;0.0;0.0;0.0;23.128205128205128;22.64957264957265;25.0;25.0;0;0
324.468;0.0;0.0;0.0;23.076923076923077;22.64957264957265;25.0;25.0;0;0
324.581;0.0;0.0;0.0;23.076923076923077;22.64957264957265;25.0;25.0;0;0
324.709;0.0;0.0;0.0;23.076923076923077;22.64957264957265;25.0;25.0;0;0
324.818;0.0;0.0;0.0;23.076923076923077;22.64957264957265;25.0;25.0;0;0
324.93;0.0;0.0;0.0;23.076923076923077;22.64957264957265;25.0;25.0;0;0
325.04;0.0;0.0;0.0;23.076923076923077;22.64957264957265;25.0;25.0;0;0
325.142;0.0;0.0;0.0;23.076923076923077;22.64957264957265;25.0;25.0;0;0
325.256;0.0;0.0;0.0;23.076923076923077;22.64957264957265;25.0;25.0;0;0
325.358;0.0;0.0;0.0;23.076923076923077;22.64957264957265;25.0;25.0;0;0
325.459;0.0;0.0;0.0;23.076923076923077;22.64957264957265;25.0;25.0;0;0
325.563;0.0;0.0;0.0;23.076923076923077;22.64957264957265;25.0;25.0;0;0
325.667;0.0;0.0;0.0;23.076923076923077;22.64957264957265;25.0;25.0;0;0
325.769;0.0;0.0;0.0;23.076923076923077;22.64957264957265;25.0;25.0;0;0
325.879;0.0;0.0;0.0;23.076923076923077;22.64957264957265;25.0;25.0;0;0
325.988;0.0;0.0;0.0;23.076923076923077;22.64957264957265;25.0;25.0;0;0
326.091;0.0;0.0;0.0;23.076923076923077;22.64957264957265;25.0;25.0;0;0
326.191;0.0;0.0;0.0;23.076923076923077;22.64957264957265;25.0;25.0;0;0
326.293;0.0;0.0;0.0;23.128205128205128;22.64957264957265;25.0;25.0;0;0
326.393;0.0;0.0;0.0;23.128205128205128;22.64957264957265;25.0;25.0;0;0
326.496;0.0;0.0;0.0;23.128205128205128;22.64957264957265;25.0;25.0;0;0
326.6;0.0;0.0;0.0;23.128205128205128;22.64957264957265;25.0;25.0;0;0
326.702;0.0;0.0;0.0;23.128205128205128;22.64957264957265;25.0;25.0;0;0
326.806;0.0;0.0;0.0;23.128205128205128;22.64957264957265;25.0;25.0;0;0
326.907;0.0;0.0;0.0;23.128205128205128;22.64957264957265;25.0;25.0;0;0
327.047;0.0;0.0;0.0;23.128205128205128;22.64957264957265;25.0;25.0;0;0
327.153;0.0;0.0;0.0;23.128205128205128;22.64957264957265;25.0;25.0;0;0
327.254;0.0;0.0;0.0;23.128205128205128;22.64957264957265;25.0;25.0;0;0
327.355;0.0;0.0;0.0;23.128205128205128;22.64957264957265;25.0;25.0;0;0
327.457;0.0;0.0;0.0;23.076923076923077;22.64957264957265;25.0;25.0;0;0
327.563;0.0;0.0;0.0;23.076923076923077;22.64957264957265;25.0;25.0;0;0
327.672;0.0;0.0;0.0;23.076923076923077;22.64957264957265;25.0;25.0;0;0
327.782;0.0;0.0;0.0;23.076923076923077;22.64957264957265;25.0;25.0;0;0
327.903;0.0;0.0;0.0;23.076923076923077;22.64957264957265;25.0;25.0;0;0
328.004;0.0;0.0;0.0;23.076923076923077;22.64957264957265;25.0;25.0;0;0
328.105;0.0;0.0;0.0;23.076923076923077;22.64957264957265;25.0;25.0;0;0
328.206;0.0;0.0;0.0;23.076923076923077;22.64957264957265;25.0;25.0;0;0
328.311;0.0;0.0;0.0;23.128205128205128;22.64957264957265;25.0;25.0;0;0
328.412;0.0;0.0;0.0;23.128205128205128;22.64957264957265;25.0;25.0;0;0
328.524;0.0;0.0;0.0;23.128205128205128;22.64957264957265;25.0;25.0;0;0
328.625;0.0;0.0;0.0;23.128205128205128;22.64957264957265;25.0;25.0;0;0
328.758;0.0;0.0;0.0;23.128205128205128;22.64957264957265;25.0;25.0;0;0
328.859;0.0;0.0;0.0;23.128205128205128;22.64957264957265;25.0;25.0;0;0
328.961;0.0;0.0;0.0;23.128205128205128;22.64957264957265;25.0;25.0;0;0
329.079;0.0;0.0;0.0;23.128205128205128;22.64957264957265;25.0;25.0;0;0
329.18;0.0;0.0;0.0;23.128205128205128;22.64957264957265;25.0;25.0;0;0
329.281;0.0;0.0;0.0;23.128205128205128;22.64957264957265;25.0;25.0;0;0
329.398;0.0;0.0;0.0;23.128205128205128;22.64957264957265;25.0;25.0;0;0
329.502;0.0;0.0;0.0;23.076923076923077;22.64957264957265;25.0;25.0;0;0
329.618;0.0;0.0;0.0;23.076923076923077;22.64957264957265;25.0;25.0;0;0
329.722;0.0;0.0;0.0;23.076923076923077;22.64957264957265;25.0;25.0;0;0
329.827;0.0;0.0;0.0;23.076923076923077;22.64957264957265;25.0;25.0;0;0
329.953;0.0;0.0;0.0;23.076923076923077;22.64957264957265;25.0;25.0;0;0
330.054;0.0;0.0;0.0;23.076923076923077;22.64957264957265;25.0;25.0;0;0
330.158;0.0;0.0;0.0;23.076923076923077;22.64957264957265;25.0;25.0;0;0
330.275;0.0;0.0;0.0;23.076923076923077;22.64957264957265;25.0;25.0;0;0
330.377;0.0;0.0;0.0;23.076923076923077;22.64957264957265;25.0;25.0;0;0
330.499;0.0;0.0;0.0;23.076923076923077;22.64957264957265;25.0;25.0;0;0
330.612;0.0;0.0;0.0;23.076923076923077;22.64957264957265;25.0;25.0;0;0
330.74;0.0;0.0;0.0;23.076923076923077;22.64957264957265;25.0;25.0;0;0
330.841;0.0;0.0;0.0;23.076923076923077;22.64957264957265;25.0;25.0;0;0
330.957;0.0;0.0;0.0;23.076923076923077;22.64957264957265;25.0;25.0;0;0
331.068;0.0;0.0;0.0;23.076923076923077;22.64957264957265;25.0;25.0;0;0
331.168;0.0;0.0;0.0;23.076923076923077;22.64957264957265;25.0;25.0;0;0
331.283;0.0;0.0;0.0;23.076923076923077;22.64957264957265;25.0;25.0;0;0
331.392;0.0;0.0;0.0;23.076923076923077;22.64957264957265;25.0;25.0;0;0
331.496;0.0;0.0;0.0;23.128205128205128;22.64957264957265;25.0;25.0;0;0
331.596;0.0;0.0;0.0;23.128205128205128;22.64957264957265;25.0;25.0;0;0
331.699;0.0;0.0;0.0;23.128205128205128;22.64957264957265;25.0;25.0;0;0
331.802;0.0;0.0;0.0;23.128205128205128;22.64957264957265;25.0;25.0;0;0
331.915;0.0;0.0;0.0;23.128205128205128;22.64957264957265;25.0;25.0;0;0
332.015;0.0;0.0;0.0;23.128205128205128;22.64957264957265;25.0;25.0;0;0
332.121;0.0;0.0;0.0;23.128205128205128;22.64957264957265;25.0;25.0;0;0
332.229;0.0;0.0;0.0;23.128205128205128;22.64957264957265;25.0;25.0;0;0
332.34;0.0;0.0;0.0;23.128205128205128;22.64957264957265;25.0;25.0;0;0
332.448;0.0;0.0;0.0;23.128205128205128;22.64957264957265;25.0;25.0;0;0
332.558;0.0;0.0;0.0;23.128205128205128;22.64957264957265;25.0;25.0;0;0
332.665;0.0;0.0;0.0;23.128205128205128;22.64957264957265;25.0;25.0;0;0
332.768;0.0;0.0;0.0;23.128205128205128;22.64957264957265;25.0;25.0;0;0
332.871;0.0;0.0;0.0;23.128205128205128;22.64957264957265;25.0;25.0;0;0
332.996;0.0;0.0;0.0;23.128205128205128;22.64957264957265;25.0;25.0;0;0
333.116;0.0;0.0;0.0;23.128205128205128;22.64957264957265;25.0;25.0;0;0
333.24;0.0;0.0;0.0;23.128205128205128;22.64957264957265;25.0;25.0;0;0
333.358;0.0;0.0;0.0;23.128205128205128;22.64957264957265;25.0;25.0;0;0
333.461;0.0;0.0;0.0;23.076923076923077;22.64957264957265;25.0;25.0;0;0
333.591;0.0;0.0;0.0;23.076923076923077;22.64957264957265;25.0;25.0;0;0
333.693;0.0;0.0;0.0;23.076923076923077;22.64957264957265;25.0;25.0;0;0
333.795;0.0;0.0;0.0;23.076923076923077;22.64957264957265;25.0;25.0;0;0
333.908;0.0;0.0;0.0;23.076923076923077;22.64957264957265;25.0;25.0;0;0
334.013;0.0;0.0;0.0;23.076923076923077;22.64957264957265;25.0;25.0;0;0
334.121;0.0;0.0;0.0;23.076923076923077;22.64957264957265;25.0;25.0;0;0
334.251;0.0;0.0;0.0;23.076923076923077;22.64957264957265;25.0;25.0;0;0
334.352;0.0;0.0;0.0;23.076923076923077;22.64957264957265;25.0;25.0;0;0
334.472;0.0;0.0;0.0;23.076923076923077;22.64957264957265;25.0;25.0;0;0
334.592;0.0;0.0;0.0;23.076923076923077;22.64957264957265;25.0;25.0;0;0
334.694;0.0;0.0;0.0;23.076923076923077;22.64957264957265;25.0;25.0;0;0
334.795;0.0;0.0;0.0;23.076923076923077;22.64957264957265;25.0;25.0;0;0
334.924;0.0;0.0;0.0;23.076923076923077;22.64957264957265;25.0;25.0;0;0
335.032;0.0;0.0;0.0;23.076923076923077;22.64957264957265;25.0;25.0;0;0
335.159;0.0;0.0;0.0;23.076923076923077;22.64957264957265;25.0;25.0;0;0
335.26;0.0;0.0;0.0;23.076923076923077;22.64957264957265;25.0;25.0;0;0
335.361;0.0;0.0;0.0;23.076923076923077;22.64957264957265;25.0;25.0;0;0
335.462;0.0;0.0;0.0;23.128205128205128;22.64957264957265;25.0;25.0;0;0
335.57;0.0;0.0;0.0;23.128205128205128;22.64957264957265;25.0;25.0;0;0
335.67;0.0;0.0;0.0;23.128205128205128;22.64957264957265;25.0;25.0;0;0
335.771;0.0;0.0;0.0;23.128205128205128;22.64957264957265;25.0;25.0;0;0
335.889;0.0;0.0;0.0;23.128205128205128;22.64957264957265;25.0;25.0;0;0
335.99;0.0;0.0;0.0;23.128205128205128;22.64957264957265;25.0;25.0;0;0
336.092;0.0;0.0;0.0;23.128205128205128;22.64957264957265;25.0;25.0;0;0
336.194;0.0;0.0;0.0;23.128205128205128;22.64957264957265;25.0;25.0;0;0
336.307;0.0;0.0;0.0;23.128205128205128;22.64957264957265;25.0;25.0;0;0
336.41;0.0;0.0;0.0;23.128205128205128;22.64957264957265;25.0;25.0;0;0
336.543;0.0;0.0;0.0;23.128205128205128;22.64957264957265;25.0;25.0;0;0
336.672;0.0;0.0;0.0;23.128205128205128;22.64957264957265;25.0;25.0;0;0
336.773;0.0;0.0;0.0;23.128205128205128;22.64957264957265;25.0;25.0;0;0
336.878;0.0;0.0;0.0;23.128205128205128;22.64957264957265;25.0;25.0;0;0
336.979;0.0;0.0;0.0;23.128205128205128;22.64957264957265;25.0;25.0;0;0
337.112;0.0;0.0;0.0;23.128205128205128;22.64957264957265;25.0;25.0;0;0
337.221;0.0;0.0;0.0;23.128205128205128;22.64957264957265;25.0;25.0;0;0
337.324;0.0;0.0;0.0;23.128205128205128;22.64957264957265;25.0;25.0;0;0
337.426;0.0;0.0;0.0;23.128205128205128;22.64957264957265;25.0;25.0;0;0
337.546;0.0;0.0;0.0;23.128205128205128;22.64957264957265;25.0;25.0;0;0
337.654;0.0;0.0;0.0;23.128205128205128;22.64957264957265;25.0;25.0;0;0
337.773;0.0;0.0;0.0;23.128205128205128;22.64957264957265;25.0;25.0;0;0
337.875;0.0;0.0;0.0;23.128205128205128;22.64957264957265;25.0;25.0;0;0
337.976;0.0;0.0;0.0;23.128205128205128;22.64957264957265;25.0;25.0;0;0
338.097;0.0;0.0;0.0;23.128205128205128;22.64957264957265;25.0;25.0;0;0
338.204;0.0;0.0;0.0;23.128205128205128;22.64957264957265;25.0;25.0;0;0
338.311;0.0;0.0;0.0;23.128205128205128;22.64957264957265;25.0;25.0;0;0
338.421;0.0;0.0;0.0;23.128205128205128;22.64957264957265;25.0;25.0;0;0
338.55;0.0;0.0;0.0;23.128205128205128;22.64957264957265;25.0;25.0;0;0
338.659;0.0;0.0;0.0;23.128205128205128;22.64957264957265;25.0;25.0;0;0
338.763;0.0;0.0;0.0;23.128205128205128;22.64957264957265;25.0;25.0;0;0
338.872;0.0;0.0;0.0;23.128205128205128;22.64957264957265;25.0;25.0;0;0
338.973;0.0;0.0;0.0;23.128205128205128;22.64957264957265;25.0;25.0;0;0
339.078;0.0;0.0;0.0;23.128205128205128;22.64957264957265;25.0;25.0;0;0
339.179;0.0;0.0;0.0;23.128205128205128;22.64957264957265;25.0;25.0;0;0
339.294;0.0;0.0;0.0;23.128205128205128;22.64957264957265;25.0;25.0;0;0
339.403;0.0;0.0;0.0;23.128205128205128;22.64957264957265;25.0;25.0;0;0
339.512;0.0;0.0;0.0;23.128205128205128;22.64957264957265;25.0;25.0;0;0
339.613;0.0;0.0;0.0;23.128205128205128;22.64957264957265;25.0;25.0;0;0
339.715;0.0;0.0;0.0;23.128205128205128;22.64957264957265;25.0;25.0;0;0
339.843;0.0;0.0;0.0;23.128205128205128;22.64957264957265;25.0;25.0;0;0
339.949;0.0;0.0;0.0;23.128205128205128;22.64957264957265;25.0;25.0;0;0
340.052;0.0;0.0;0.0;23.128205128205128;22.64957264957265;25.0;25.0;0;0
340.153;0.0;0.0;0.0;23.128205128205128;22.64957264957265;25.0;25.0;0;0
340.254;0.0;0.0;0.0;23.128205128205128;22.64957264957265;25.0;25.0;0;0
340.356;0.0;0.0;0.0;23.128205128205128;22.64957264957265;25.0;25.0;0;0
340.461;0.0;0.0;0.0;23.128205128205128;22.64957264957265;25.0;25.0;0;0
340.571;0.0;0.0;0.0;23.128205128205128;22.64957264957265;25.0;25.0;0;0
340.687;0.0;0.0;0.0;23.128205128205128;22.64957264957265;25.0;25.0;0;0
340.795;0.0;0.0;0.0;23.128205128205128;22.64957264957265;25.0;25.0;0;0
340.911;0.0;0.0;0.0;23.128205128205128;22.64957264957265;25.0;25.0;0;0
341.013;0.0;0.0;0.0;23.128205128205128;22.64957264957265;25.0;25.0;0;0
341.119;0.0;0.0;0.0;23.128205128205128;22.64957264957265;25.0;25.0;0;0
341.225;0.0;0.0;0.0;23.128205128205128;22.64957264957265;25.0;25.0;0;0
341.329;0.0;0.0;0.0;23.128205128205128;22.64957264957265;25.0;25.0;0;0
341.438;0.0;0.0;0.0;23.076923076923077;22.64957264957265;25.0;25.0;0;0
341.539;0.0;0.0;0.0;23.076923076923077;22.64957264957265;25.0;25.0;0;0
341.643;0.0;0.0;0.0;23.076923076923077;22.64957264957265;25.0;25.0;0;0
341.75;0.0;0.0;0.0;23.076923076923077;22.64957264957265;25.0;25.0;0;0
341.861;0.0;0.0;0.0;23.076923076923077;22.64957264957265;25.0;25.0;0;0
341.964;0.0;0.0;0.0;23.076923076923077;22.64957264957265;25.0;25.0;0;0
342.065;0.0;0.0;0.0;23.076923076923077;22.64957264957265;25.0;25.0;0;0
342.196;0.0;0.0;0.0;23.076923076923077;22.64957264957265;25.0;25.0;0;0
342.303;0.0;0.0;0.0;23.076923076923077;22.64957264957265;25.0;25.0;0;0
342.41;0.0;0.0;0.0;23.076923076923077;22.64957264957265;25.0;25.0;0;0
342.55;0.0;0.0;0.0;23.076923076923077;22.64957264957265;25.0;25.0;0;0
342.663;0.0;0.0;0.0;23.076923076923077;22.64957264957265;25.0;25.0;0;0
342.772;0.0;0.0;0.0;23.076923076923077;22.64957264957265;25.0;25.0;0;0
342.875;0.0;0.0;0.0;23.076923076923077;22.64957264957265;25.0;25.0;0;0
342.979;0.0;0.0;0.0;23.076923076923077;22.64957264957265;25.0;25.0;0;0
343.082;0.0;0.0;0.0;23.076923076923077;22.64957264957265;25.0;25.0;0;0
343.192;0.0;0.0;0.0;23.076923076923077;22.64957264957265;25.0;25.0;0;0
343.315;0.0;0.0;0.0;23.076923076923077;22.64957264957265;25.0;25.0;0;0
343.42;0.0;0.0;0.0;23.076923076923077;22.64957264957265;25.0;25.0;0;0
343.528;0.0;0.0;0.0;23.076923076923077;22.64957264957265;25.0;25.0;0;0
343.633;0.0;0.0;0.0;23.076923076923077;22.64957264957265;25.0;25.0;0;0
343.735;0.0;0.0;0.0;23.076923076923077;22.64957264957265;25.0;25.0;0;0
343.855;0.0;0.0;0.0;23.076923076923077;22.64957264957265;25.0;25.0;0;0
343.958;0.0;0.0;0.0;23.076923076923077;22.64957264957265;25.0;25.0;0;0
344.072;0.0;0.0;0.0;23.076923076923077;22.64957264957265;25.0;25.0;0;0
344.175;0.0;0.0;0.0;23.076923076923077;22.64957264957265;25.0;25.0;0;0
344.301;0.0;0.0;0.0;23.076923076923077;22.64957264957265;25.0;25.0;0;0
344.428;0.0;0.0;0.0;23.076923076923077;22.64957264957265;25.0;25.0;0;0
344.528;0.0;0.0;0.0;23.128205128205128;22.64957264957265;25.0;25.0;0;0
344.635;0.0;0.0;0.0;23.128205128205128;22.64957264957265;25.0;25.0;0;0
344.757;0.0;0.0;0.0;23.128205128205128;22.64957264957265;25.0;25.0;0;0
344.866;0.0;0.0;0.0;23.128205128205128;22.64957264957265;25.0;25.0;0;0
344.97;0.0;0.0;0.0;23.128205128205128;22.64957264957265;25.0;25.0;0;0
345.091;0.0;0.0;0.0;23.128205128205128;22.64957264957265;25.0;25.0;0;0
345.192;0.0;0.0;0.0;23.128205128205128;22.64957264957265;25.0;25.0;0;0
345.323;0.0;0.0;0.0;23.128205128205128;22.64957264957265;25.0;25.0;0;0
345.429;0.0;0.0;0.0;23.076923076923077;22.64957264957265;25.0;25.0;0;0
345.543;0.0;0.0;0.0;23.076923076923077;22.64957264957265;25.0;25.0;0;0
345.662;0.0;0.0;0.0;23.076923076923077;22.64957264957265;25.0;25.0;0;0
345.762;0.0;0.0;0.0;23.076923076923077;22.64957264957265;25.0;25.0;0;0
345.863;0.0;0.0;0.0;23.076923076923077;22.64957264957265;25.0;25.0;0;0
345.981;0.0;0.0;0.0;23.076923076923077;22.64957264957265;25.0;25.0;0;0
346.096;0.0;0.0;0.0;23.076923076923077;22.64957264957265;25.0;25.0;0;0
346.207;0.0;0.0;0.0;23.076923076923077;22.64957264957265;25.0;25.0;0;0
346.309;0.0;0.0;0.0;23.076923076923077;22.64957264957265;25.0;25.0;0;0
346.409;0.0;0.0;0.0;23.076923076923077;22.64957264957265;25.0;25.0;0;0
346.523;0.0;0.0;0.0;23.076923076923077;22.64957264957265;25.0;25.0;0;0
346.65;0.0;0.0;0.0;23.076923076923077;22.64957264957265;25.0;25.0;0;0
346.751;0.0;0.0;0.0;23.076923076923077;22.64957264957265;25.0;25.0;0;0
346.856;0.0;0.0;0.0;23.076923076923077;22.64957264957265;25.0;25.0;0;0
346.97;0.0;0.0;0.0;23.076923076923077;22.64957264957265;25.0;25.0;0;0
347.074;0.0;0.0;0.0;23.076923076923077;22.64957264957265;25.0;25.0;0;0
347.181;0.0;0.0;0.0;23.076923076923077;22.64957264957265;25.0;25.0;0;0
347.291;0.0;0.0;0.0;23.076923076923077;22.64957264957265;25.0;25.0;0;0
347.394;0.0;0.0;0.0;23.076923076923077;22.64957264957265;25.0;25.0;0;0
347.525;0.0;0.0;0.0;23.076923076923077;22.64957264957265;25.0;25.0;0;0
347.64;0.0;0.0;0.0;23.076923076923077;22.64957264957265;25.0;25.0;0;0
347.742;0.0;0.0;0.0;23.076923076923077;22.64957264957265;25.0;25.0;0;0
347.846;0.0;0.0;0.0;23.076923076923077;22.64957264957265;25.0;25.0;0;0
347.947;0.0;0.0;0.0;23.076923076923077;22.64957264957265;25.0;25.0;0;0
348.056;0.0;0.0;0.0;23.076923076923077;22.64957264957265;25.0;25.0;0;0
348.172;0.0;0.0;0.0;23.076923076923077;22.64957264957265;25.0;25.0;0;0
348.291;0.0;0.0;0.0;23.076923076923077;22.64957264957265;25.0;25.0;0;0
348.412;0.0;0.0;0.0;23.128205128205128;22.64957264957265;25.0;25.0;0;0
348.524;0.0;0.0;0.0;23.128205128205128;22.64957264957265;25.0;25.0;0;0
348.631;0.0;0.0;0.0;23.128205128205128;22.64957264957265;25.0;25.0;0;0
348.741;0.0;0.0;0.0;23.128205128205128;22.64957264957265;25.0;25.0;0;0
348.842;0.0;0.0;0.0;23.128205128205128;22.64957264957265;25.0;25.0;0;0
348.948;0.0;0.0;0.0;23.128205128205128;22.64957264957265;25.0;25.0;0;0
349.072;0.0;0.0;0.0;23.128205128205128;22.64957264957265;25.0;25.0;0;0
349.181;0.0;0.0;0.0;23.128205128205128;22.64957264957265;25.0;25.0;0;0
349.282;0.0;0.0;0.0;23.128205128205128;22.64957264957265;25.0;25.0;0;0
349.398;0.0;0.0;0.0;23.128205128205128;22.64957264957265;25.0;25.0;0;0
349.516;0.0;0.0;0.0;23.128205128205128;22.700854700854702;25.0;25.0;0;0
349.633;0.0;0.0;0.0;23.128205128205128;22.700854700854702;25.0;25.0;0;0
349.734;0.0;0.0;0.0;23.128205128205128;22.700854700854702;25.0;25.0;0;0
349.845;0.0;0.0;0.0;23.128205128205128;22.700854700854702;25.0;25.0;0;0
349.946;0.0;0.0;0.0;23.128205128205128;22.700854700854702;25.0;25.0;0;0
350.049;0.0;0.0;0.0;23.128205128205128;22.700854700854702;25.0;25.0;0;0
350.15;0.0;0.0;0.0;23.128205128205128;22.700854700854702;25.0;25.0;0;0
350.25;0.0;0.0;0.0;23.128205128205128;22.700854700854702;25.0;25.0;0;0
350.352;0.0;0.0;0.0;23.128205128205128;22.700854700854702;25.0;25.0;0;0
350.457;0.0;0.0;0.0;23.076923076923077;22.64957264957265;25.0;25.0;0;0
350.558;0.0;0.0;0.0;23.076923076923077;22.64957264957265;25.0;25.0;0;0
350.675;0.0;0.0;0.0;23.076923076923077;22.64957264957265;25.0;25.0;0;0
350.785;0.0;0.0;0.0;23.076923076923077;22.64957264957265;25.0;25.0;0;0
350.885;0.0;0.0;0.0;23.076923076923077;22.64957264957265;25.0;25.0;0;0
351.017;0.0;0.0;0.0;23.076923076923077;22.64957264957265;25.0;25.0;0;0
351.129;0.0;0.0;0.0;23.076923076923077;22.64957264957265;25.0;25.0;0;0
351.243;0.0;0.0;0.0;23.076923076923077;22.64957264957265;25.0;25.0;0;0
351.367;0.0;0.0;0.0;23.076923076923077;22.64957264957265;25.0;25.0;0;0
351.484;0.0;0.0;0.0;23.128205128205128;22.64957264957265;25.0;25.0;0;0
351.592;0.0;0.0;0.0;23.128205128205128;22.64957264957265;25.0;25.0;0;0
351.704;0.0;0.0;0.0;23.128205128205128;22.64957264957265;25.0;25.0;0;0
351.807;0.0;0.0;0.0;23.128205128205128;22.64957264957265;25.0;25.0;0;0
351.916;0.0;0.0;0.0;23.128205128205128;22.64957264957265;25.0;25.0;0;0
352.017;0.0;0.0;0.0;23.128205128205128;22.64957264957265;25.0;25.0;0;0
352.137;0.0;0.0;0.0;23.128205128205128;22.64957264957265;25.0;25.0;0;0
352.254;0.0;0.0;0.0;23.128205128205128;22.64957264957265;25.0;25.0;0;0
352.356;0.0;0.0;0.0;23.128205128205128;22.64957264957265;25.0;25.0;0;0
352.46;0.0;0.0;0.0;23.128205128205128;22.64957264957265;25.0;25.0;0;0
352.574;0.0;0.0;0.0;23.128205128205128;22.64957264957265;25.0;25.0;0;0
352.676;0.0;0.0;0.0;23.128205128205128;22.64957264957265;25.0;25.0;0;0
352.794;0.0;0.0;0.0;23.128205128205128;22.64957264957265;25.0;25.0;0;0
352.898;0.0;0.0;0.0;23.128205128205128;22.64957264957265;25.0;25.0;0;0
353.011;0.0;0.0;0.0;23.128205128205128;22.64957264957265;25.0;25.0;0;0
353.113;0.0;0.0;0.0;23.128205128205128;22.64957264957265;25.0;25.0;0;0
353.215;0.0;0.0;0.0;23.128205128205128;22.64957264957265;25.0;25.0;0;0
353.353;0.0;0.0;0.0;23.128205128205128;22.64957264957265;25.0;25.0;0;0
353.453;0.0;0.0;0.0;23.076923076923077;22.64957264957265;25.0;25.0;0;0
353.558;0.0;0.0;0.0;23.076923076923077;22.64957264957265;25.0;25.0;0;0
353.675;0.0;0.0;0.0;23.076923076923077;22.64957264957265;25.0;25.0;0;0
353.796;0.0;0.0;0.0;23.076923076923077;22.64957264957265;25.0;25.0;0;0
353.896;0.0;0.0;0.0;23.076923076923077;22.64957264957265;25.0;25.0;0;0
354.0;0.0;0.0;0.0;23.076923076923077;22.64957264957265;25.0;25.0;0;0
354.103;0.0;0.0;0.0;23.076923076923077;22.64957264957265;25.0;25.0;0;0
354.212;0.0;0.0;0.0;23.076923076923077;22.64957264957265;25.0;25.0;0;0
354.318;0.0;0.0;0.0;23.076923076923077;22.64957264957265;25.0;25.0;0;0
354.421;0.0;0.0;0.0;23.128205128205128;22.700854700854702;25.0;25.0;0;0
354.527;0.0;0.0;0.0;23.128205128205128;22.700854700854702;25.0;25.0;0;0
354.628;0.0;0.0;0.0;23.128205128205128;22.700854700854702;25.0;25.0;0;0
354.741;0.0;0.0;0.0;23.128205128205128;22.700854700854702;25.0;25.0;0;0
354.841;0.0;0.0;0.0;23.128205128205128;22.700854700854702;25.0;25.0;0;0
354.966;0.0;0.0;0.0;23.128205128205128;22.700854700854702;25.0;25.0;0;0
355.066;0.0;0.0;0.0;23.128205128205128;22.700854700854702;25.0;25.0;0;0
355.167;0.0;0.0;0.0;23.128205128205128;22.700854700854702;25.0;25.0;0;0
355.272;0.0;0.0;0.0;23.128205128205128;22.700854700854702;25.0;25.0;0;0
355.374;0.0;0.0;0.0;23.128205128205128;22.700854700854702;25.0;25.0;0;0
355.474;0.0;0.0;0.0;23.128205128205128;22.64957264957265;25.0;25.0;0;0
355.589;0.0;0.0;0.0;23.128205128205128;22.64957264957265;25.0;25.0;0;0
355.691;0.0;0.0;0.0;23.128205128205128;22.64957264957265;25.0;25.0;0;0
355.803;0.0;0.0;0.0;23.128205128205128;22.64957264957265;25.0;25.0;0;0
355.905;0.0;0.0;0.0;23.128205128205128;22.64957264957265;25.0;25.0;0;0
356.006;0.0;0.0;0.0;23.128205128205128;22.64957264957265;25.0;25.0;0;0
356.114;0.0;0.0;0.0;23.128205128205128;22.64957264957265;25.0;25.0;0;0
356.227;0.0;0.0;0.0;23.128205128205128;22.64957264957265;25.0;25.0;0;0
356.34;0.0;0.0;0.0;23.128205128205128;22.64957264957265;25.0;25.0;0;0
356.441;0.0;0.0;0.0;23.128205128205128;22.64957264957265;25.0;25.0;0;0
356.555;0.0;0.0;0.0;23.128205128205128;22.64957264957265;25.0;25.0;0;0
356.671;0.0;0.0;0.0;23.128205128205128;22.64957264957265;25.0;25.0;0;0
356.775;0.0;0.0;0.0;23.128205128205128;22.64957264957265;25.0;25.0;0;0
356.886;0.0;0.0;0.0;23.128205128205128;22.64957264957265;25.0;25.0;0;0
356.994;0.0;0.0;0.0;23.128205128205128;22.64957264957265;25.0;25.0;0;0
357.11;0.0;0.0;0.0;23.128205128205128;22.64957264957265;25.0;25.0;0;0
357.217;0.0;0.0;0.0;23.128205128205128;22.64957264957265;25.0;25.0;0;0
357.322;0.0;0.0;0.0;23.128205128205128;22.64957264957265;25.0;25.0;0;0
357.423;0.0;0.0;0.0;23.128205128205128;22.64957264957265;25.0;25.0;0;0
357.528;0.0;0.0;0.0;23.128205128205128;22.58974358974359;25.0;25.0;0;0
357.63;0.0;0.0;0.0;23.128205128205128;22.58974358974359;25.0;25.0;0;0
357.741;0.0;0.0;0.0;23.128205128205128;22.58974358974359;25.0;25.0;0;0
357.845;0.0;0.0;0.0;23.128205128205128;22.58974358974359;25.0;25.0;0;0
357.946;0.0;0.0;0.0;23.128205128205128;22.58974358974359;25.0;25.0;0;0
358.052;0.0;0.0;0.0;23.128205128205128;22.58974358974359;25.0;25.0;0;0
358.167;0.0;0.0;0.0;23.128205128205128;22.58974358974359;25.0;25.0;0;0
358.268;0.0;0.0;0.0;23.128205128205128;22.58974358974359;25.0;25.0;0;0
358.369;0.0;0.0;0.0;23.128205128205128;22.58974358974359;25.0;25.0;0;0
358.472;0.0;0.0;0.0;23.128205128205128;22.64957264957265;25.0;25.0;0;0
358.573;0.0;0.0;0.0;23.128205128205128;22.64957264957265;25.0;25.0;0;0
358.691;0.0;0.0;0.0;23.128205128205128;22.64957264957265;25.0;25.0;0;0
358.793;0.0;0.0;0.0;23.128205128205128;22.64957264957265;25.0;25.0;0;0
358.907;0.0;0.0;0.0;23.128205128205128;22.64957264957265;25.0;25.0;0;0
359.022;0.0;0.0;0.0;23.128205128205128;22.64957264957265;25.0;25.0;0;0
359.123;0.0;0.0;0.0;23.128205128205128;22.64957264957265;25.0;25.0;0;0
359.257;0.0;0.0;0.0;23.128205128205128;22.64957264957265;25.0;25.0;0;0
359.358;0.0;0.0;0.0;23.128205128205128;22.64957264957265;25.0;25.0;0;0
359.46;0.0;0.0;0.0;23.128205128205128;22.64957264957265;25.0;25.0;0;0
359.563;0.0;0.0;0.0;23.128205128205128;22.64957264957265;25.0;25.0;0;0
359.691;0.0;0.0;0.0;23.128205128205128;22.64957264957265;25.0;25.0;0;0
359.792;0.0;0.0;0.0;23.128205128205128;22.64957264957265;25.0;25.0;0;0
359.912;0.0;0.0;0.0;23.128205128205128;22.64957264957265;25.0;25.0;0;0
360.02;0.0;0.0;0.0;23.128205128205128;22.64957264957265;25.0;25.0;0;0
360.141;0.0;0.0;0.0;23.128205128205128;22.64957264957265;25.0;25.0;0;0
360.242;0.0;0.0;0.0;23.128205128205128;22.64957264957265;25.0;25.0;0;0
360.343;0.0;0.0;0.0;23.128205128205128;22.64957264957265;25.0;25.0;0;0
360.448;0.0;0.0;0.0;23.128205128205128;22.64957264957265;25.0;25.0;0;0
360.551;0.0;0.0;0.0;23.076923076923077;22.64957264957265;25.0;25.0;0;0
360.651;0.0;0.0;0.0;23.076923076923077;22.64957264957265;25.0;25.0;0;0
360.764;0.0;0.0;0.0;23.076923076923077;22.64957264957265;25.0;25.0;0;0
360.865;0.0;0.0;0.0;23.076923076923077;22.64957264957265;25.0;25.0;0;0
360.966;0.0;0.0;0.0;23.076923076923077;22.64957264957265;25.0;25.0;0;0
361.091;0.0;0.0;0.0;23.076923076923077;22.64957264957265;25.0;25.0;0;0
361.2;0.0;0.0;0.0;23.076923076923077;22.64957264957265;25.0;25.0;0;0
361.31;0.0;0.0;0.0;23.076923076923077;22.64957264957265;25.0;25.0;0;0
361.442;0.0;0.0;0.0;23.128205128205128;22.64957264957265;25.0;25.0;0;0
361.546;0.0;0.0;0.0;23.128205128205128;22.64957264957265;25.0;25.0;0;0
361.647;0.0;0.0;0.0;23.128205128205128;22.64957264957265;25.0;25.0;0;0
361.749;0.0;0.0;0.0;23.128205128205128;22.64957264957265;25.0;25.0;0;0
361.85;0.0;0.0;0.0;23.128205128205128;22.64957264957265;25.0;25.0;0;0
361.969;0.0;0.0;0.0;23.128205128205128;22.64957264957265;25.0;25.0;0;0
362.087;0.0;0.0;0.0;23.128205128205128;22.64957264957265;25.0;25.0;0;0
362.189;0.0;0.0;0.0;23.128205128205128;22.64957264957265;25.0;25.0;0;0
362.289;0.0;0.0;0.0;23.128205128205128;22.64957264957265;25.0;25.0;0;0
362.393;0.0;0.0;0.0;23.128205128205128;22.64957264957265;25.0;25.0;0;0
362.516;0.0;0.0;0.0;23.128205128205128;22.64957264957265;25.0;25.0;0;0
362.622;0.0;0.0;0.0;23.128205128205128;22.64957264957265;25.0;25.0;0;0
362.727;0.0;0.0;0.0;23.128205128205128;22.64957264957265;25.0;25.0;0;0
362.843;0.0;0.0;0.0;23.128205128205128;22.64957264957265;25.0;25.0;0;0
362.967;0.0;0.0;0.0;23.128205128205128;22.64957264957265;25.0;25.0;0;0
363.078;0.0;0.0;0.0;23.128205128205128;22.64957264957265;25.0;25.0;0;0
363.185;0.0;0.0;0.0;23.128205128205128;22.64957264957265;25.0;25.0;0;0
363.287;0.0;0.0;0.0;23.128205128205128;22.64957264957265;25.0;25.0;0;0
363.396;0.0;0.0;0.0;23.128205128205128;22.64957264957265;25.0;25.0;0;0
363.496;0.0;0.0;0.0;23.128205128205128;22.64957264957265;25.0;25.0;0;0
363.623;0.0;0.0;0.0;23.128205128205128;22.64957264957265;25.0;25.0;0;0
363.745;0.0;0.0;0.0;23.128205128205128;22.64957264957265;25.0;25.0;0;0
363.847;0.0;0.0;0.0;23.128205128205128;22.64957264957265;25.0;25.0;0;0
363.947;0.0;0.0;0.0;23.128205128205128;22.64957264957265;25.0;25.0;0;0
364.078;0.0;0.0;0.0;23.128205128205128;22.64957264957265;25.0;25.0;0;0
364.186;0.0;0.0;0.0;23.128205128205128;22.64957264957265;25.0;25.0;0;0
364.287;0.0;0.0;0.0;23.128205128205128;22.64957264957265;25.0;25.0;0;0
364.389;0.0;0.0;0.0;23.128205128205128;22.64957264957265;25.0;25.0;0;0
364.491;0.0;0.0;0.0;23.128205128205128;22.64957264957265;25.0;25.0;0;0
364.611;0.0;0.0;0.0;23.128205128205128;22.64957264957265;25.0;25.0;0;0
364.722;0.0;0.0;0.0;23.128205128205128;22.64957264957265;25.0;25.0;0;0
364.824;0.0;0.0;0.0;23.128205128205128;22.64957264957265;25.0;25.0;0;0
364.924;0.0;0.0;0.0;23.128205128205128;22.64957264957265;25.0;25.0;0;0
365.042;0.0;0.0;0.0;23.128205128205128;22.64957264957265;25.0;25.0;0;0
365.152;0.0;0.0;0.0;23.128205128205128;22.64957264957265;25.0;25.0;0;0
365.255;0.0;0.0;0.0;23.128205128205128;22.64957264957265;25.0;25.0;0;0
365.36;0.0;0.0;0.0;23.128205128205128;22.64957264957265;25.0;25.0;0;0
365.479;0.0;0.0;0.0;23.128205128205128;22.64957264957265;25.0;25.0;0;0
365.613;0.0;0.0;0.0;23.128205128205128;22.64957264957265;25.0;25.0;0;0
365.714;0.0;0.0;0.0;23.128205128205128;22.64957264957265;25.0;25.0;0;0
365.836;0.0;0.0;0.0;23.128205128205128;22.64957264957265;25.0;25.0;0;0
365.937;0.0;0.0;0.0;23.128205128205128;22.64957264957265;25.0;25.0;0;0
366.04;0.0;0.0;0.0;23.128205128205128;22.64957264957265;25.0;25.0;0;0
366.143;0.0;0.0;0.0;23.128205128205128;22.64957264957265;25.0;25.0;0;0
366.247;0.0;0.0;0.0;23.128205128205128;22.64957264957265;25.0;25.0;0;0
366.358;0.0;0.0;0.0;23.128205128205128;22.64957264957265;25.0;25.0;0;0
366.458;0.0;0.0;0.0;23.128205128205128;22.64957264957265;25.0;25.0;0;0
366.593;0.0;0.0;0.0;23.128205128205128;22.64957264957265;25.0;25.0;0;0
366.693;0.0;0.0;0.0;23.128205128205128;22.64957264957265;25.0;25.0;0;0
366.794;0.0;0.0;0.0;23.128205128205128;22.64957264957265;25.0;25.0;0;0
366.904;0.0;0.0;0.0;23.128205128205128;22.64957264957265;25.0;25.0;0;0
367.019;0.0;0.0;0.0;23.128205128205128;22.64957264957265;25.0;25.0;0;0
367.123;0.0;0.0;0.0;23.128205128205128;22.64957264957265;25.0;25.0;0;0
367.234;0.0;0.0;0.0;23.128205128205128;22.64957264957265;25.0;25.0;0;0
367.343;0.0;0.0;0.0;23.128205128205128;22.64957264957265;25.0;25.0;0;0
367.456;0.0;0.0;0.0;23.076923076923077;22.64957264957265;25.0;25.0;0;0
367.558;0.0;0.0;0.0;23.076923076923077;22.64957264957265;25.0;25.0;0;0
367.662;0.0;0.0;0.0;23.076923076923077;22.64957264957265;25.0;25.0;0;0
367.763;0.0;0.0;0.0;23.076923076923077;22.64957264957265;25.0;25.0;0;0
367.864;0.0;0.0;0.0;23.076923076923077;22.64957264957265;25.0;25.0;0;0
367.972;0.0;0.0;0.0;23.076923076923077;22.64957264957265;25.0;25.0;0;0
368.081;0.0;0.0;0.0;23.076923076923077;22.64957264957265;25.0;25.0;0;0
368.206;0.0;0.0;0.0;23.076923076923077;22.64957264957265;25.0;25.0;0;0
368.338;0.0;0.0;0.0;23.076923076923077;22.64957264957265;25.0;25.0;0;0
368.439;0.0;0.0;0.0;23.076923076923077;22.64957264957265;25.0;25.0;0;0
368.54;0.0;0.0;0.0;23.076923076923077;22.64957264957265;25.0;25.0;0;0
368.646;0.0;0.0;0.0;23.076923076923077;22.64957264957265;25.0;25.0;0;0
368.785;0.0;0.0;0.0;23.076923076923077;22.64957264957265;25.0;25.0;0;0
368.887;0.0;0.0;0.0;23.076923076923077;22.64957264957265;25.0;25.0;0;0
368.991;0.0;0.0;0.0;23.076923076923077;22.64957264957265;25.0;25.0;0;0
369.093;0.0;0.0;0.0;23.076923076923077;22.64957264957265;25.0;25.0;0;0
369.212;0.0;0.0;0.0;23.076923076923077;22.64957264957265;25.0;25.0;0;0
369.32;0.0;0.0;0.0;23.076923076923077;22.64957264957265;25.0;25.0;0;0
369.42;0.0;0.0;0.0;23.076923076923077;22.64957264957265;25.0;25.0;0;0
369.526;0.0;0.0;0.0;23.128205128205128;22.64957264957265;25.0;25.0;0;0
369.627;0.0;0.0;0.0;23.128205128205128;22.64957264957265;25.0;25.0;0;0
369.727;0.0;0.0;0.0;23.128205128205128;22.64957264957265;25.0;25.0;0;0
369.858;0.0;0.0;0.0;23.128205128205128;22.64957264957265;25.0;25.0;0;0
369.96;0.0;0.0;0.0;23.128205128205128;22.64957264957265;25.0;25.0;0;0
370.062;0.0;0.0;0.0;23.128205128205128;22.64957264957265;25.0;25.0;0;0
370.191;0.0;0.0;0.0;23.128205128205128;22.64957264957265;25.0;25.0;0;0
370.312;0.0;0.0;0.0;23.128205128205128;22.64957264957265;25.0;25.0;0;0
370.421;0.0;0.0;0.0;23.128205128205128;22.64957264957265;25.0;25.0;0;0
370.525;0.0;0.0;0.0;23.128205128205128;22.64957264957265;25.0;25.0;0;0
370.626;0.0;0.0;0.0;23.128205128205128;22.64957264957265;25.0;25.0;0;0
370.738;0.0;0.0;0.0;23.128205128205128;22.64957264957265;25.0;25.0;0;0
370.842;0.0;0.0;0.0;23.128205128205128;22.64957264957265;25.0;25.0;0;0
370.943;0.0;0.0;0.0;23.128205128205128;22.64957264957265;25.0;25.0;0;0
371.046;0.0;0.0;0.0;23.128205128205128;22.64957264957265;25.0;25.0;0;0
371.179;0.0;0.0;0.0;23.128205128205128;22.64957264957265;25.0;25.0;0;0
371.279;0.0;0.0;0.0;23.128205128205128;22.64957264957265;25.0;25.0;0;0
371.404;0.0;0.0;0.0;23.128205128205128;22.64957264957265;25.0;25.0;0;0
371.52;0.0;0.0;0.0;23.076923076923077;22.64957264957265;25.0;25.0;0;0
371.639;0.0;0.0;0.0;23.076923076923077;22.64957264957265;25.0;25.0;0;0
371.74;0.0;0.0;0.0;23.076923076923077;22.64957264957265;25.0;25.0;0;0
371.845;0.0;0.0;0.0;23.076923076923077;22.64957264957265;25.0;25.0;0;0
371.951;0.0;0.0;0.0;23.076923076923077;22.64957264957265;25.0;25.0;0;0
372.052;0.0;0.0;0.0;23.076923076923077;22.64957264957265;25.0;25.0;0;0
372.167;0.0;0.0;0.0;23.076923076923077;22.64957264957265;25.0;25.0;0;0
372.268;0.0;0.0;0.0;23.076923076923077;22.64957264957265;25.0;25.0;0;0
372.371;0.0;0.0;0.0;23.076923076923077;22.64957264957265;25.0;25.0;0;0
372.478;0.0;0.0;0.0;23.128205128205128;22.64957264957265;25.0;25.0;0;0
372.58;0.0;0.0;0.0;23.128205128205128;22.64957264957265;25.0;25.0;0;0
372.687;0.0;0.0;0.0;23.128205128205128;22.64957264957265;25.0;25.0;0;0
372.79;0.0;0.0;0.0;23.128205128205128;22.64957264957265;25.0;25.0;0;0
372.925;0.0;0.0;0.0;23.128205128205128;22.64957264957265;25.0;25.0;0;0
373.026;0.0;0.0;0.0;23.128205128205128;22.64957264957265;25.0;25.0;0;0
373.142;0.0;0.0;0.0;23.128205128205128;22.64957264957265;25.0;25.0;0;0
373.282;0.0;0.0;0.0;23.128205128205128;22.64957264957265;25.0;25.0;0;0
373.383;0.0;0.0;0.0;23.128205128205128;22.64957264957265;25.0;25.0;0;0
373.489;0.0;0.0;0.0;23.076923076923077;22.64957264957265;25.0;25.0;0;0
373.609;0.0;0.0;0.0;23.076923076923077;22.64957264957265;25.0;25.0;0;0
373.71;0.0;0.0;0.0;23.076923076923077;22.64957264957265;25.0;25.0;0;0
373.816;0.0;0.0;0.0;23.076923076923077;22.64957264957265;25.0;25.0;0;0
373.927;0.0;0.0;0.0;23.076923076923077;22.64957264957265;25.0;25.0;0;0
374.028;0.0;0.0;0.0;23.076923076923077;22.64957264957265;25.0;25.0;0;0
374.13;0.0;0.0;0.0;23.076923076923077;22.64957264957265;25.0;25.0;0;0
374.231;0.0;0.0;0.0;23.076923076923077;22.64957264957265;25.0;25.0;0;0
374.333;0.0;0.0;0.0;23.076923076923077;22.64957264957265;25.0;25.0;0;0
374.442;0.0;0.0;0.0;23.076923076923077;22.64957264957265;25.0;25.0;0;0
374.567;0.0;0.0;0.0;23.076923076923077;22.64957264957265;25.0;25.0;0;0
374.671;0.0;0.0;0.0;23.076923076923077;22.64957264957265;25.0;25.0;0;0
374.772;0.0;0.0;0.0;23.076923076923077;22.64957264957265;25.0;25.0;0;0
374.888;0.0;0.0;0.0;23.076923076923077;22.64957264957265;25.0;25.0;0;0
374.993;0.0;0.0;0.0;23.076923076923077;22.64957264957265;25.0;25.0;0;0
375.131;0.0;0.0;0.0;23.076923076923077;22.64957264957265;25.0;25.0;0;0
375.231;0.0;0.0;0.0;23.076923076923077;22.64957264957265;25.0;25.0;0;0
375.336;0.0;0.0;0.0;23.076923076923077;22.64957264957265;25.0;25.0;0;0
375.453;0.0;0.0;0.0;23.076923076923077;22.64957264957265;25.0;25.0;0;0
375.554;0.0;0.0;0.0;23.128205128205128;22.64957264957265;25.0;25.0;0;0
375.685;0.0;0.0;0.0;23.128205128205128;22.64957264957265;25.0;25.0;0;0
375.797;0.0;0.0;0.0;23.128205128205128;22.64957264957265;25.0;25.0;0;0
375.914;0.0;0.0;0.0;23.128205128205128;22.64957264957265;25.0;25.0;0;0
376.014;0.0;0.0;0.0;23.128205128205128;22.64957264957265;25.0;25.0;0;0
376.121;0.0;0.0;0.0;23.128205128205128;22.64957264957265;25.0;25.0;0;0
376.227;0.0;0.0;0.0;23.128205128205128;22.64957264957265;25.0;25.0;0;0
376.336;0.0;0.0;0.0;23.128205128205128;22.64957264957265;25.0;25.0;0;0
376.456;0.0;0.0;0.0;23.076923076923077;22.64957264957265;25.0;25.0;0;0
376.573;0.0;0.0;0.0;23.076923076923077;22.64957264957265;25.0;25.0;0;0
376.673;0.0;0.0;0.0;23.076923076923077;22.64957264957265;25.0;25.0;0;0
376.779;0.0;0.0;0.0;23.076923076923077;22.64957264957265;25.0;25.0;0;0
376.892;0.0;0.0;0.0;23.076923076923077;22.64957264957265;25.0;25.0;0;0
377.028;0.0;0.0;0.0;23.076923076923077;22.64957264957265;25.0;25.0;0;0
377.142;0.0;0.0;0.0;23.076923076923077;22.64957264957265;25.0;25.0;0;0
377.249;0.0;0.0;0.0;23.076923076923077;22.64957264957265;25.0;25.0;0;0
377.356;0.0;0.0;0.0;23.076923076923077;22.64957264957265;25.0;25.0;0;0
377.457;0.0;0.0;0.0;23.076923076923077;22.64957264957265;25.0;25.0;0;0
377.584;0.0;0.0;0.0;23.128205128205128;22.64957264957265;25.0;25.0;0;0
377.685;0.0;0.0;0.0;23.128205128205128;22.64957264957265;25.0;25.0;0;0
377.797;0.0;0.0;0.0;23.128205128205128;22.64957264957265;25.0;25.0;0;0
377.922;0.0;0.0;0.0;23.128205128205128;22.64957264957265;25.0;25.0;0;0
378.022;0.0;0.0;0.0;23.128205128205128;22.64957264957265;25.0;25.0;0;0
378.123;0.0;0.0;0.0;23.128205128205128;22.64957264957265;25.0;25.0;0;0
378.224;0.0;0.0;0.0;23.128205128205128;22.64957264957265;25.0;25.0;0;0
378.326;0.0;0.0;0.0;23.128205128205128;22.64957264957265;25.0;25.0;0;0
378.441;0.0;0.0;0.0;23.128205128205128;22.64957264957265;25.0;25.0;0;0
378.572;0.0;0.0;0.0;23.128205128205128;22.64957264957265;25.0;25.0;0;0
378.677;0.0;0.0;0.0;23.128205128205128;22.64957264957265;25.0;25.0;0;0
378.779;0.0;0.0;0.0;23.128205128205128;22.64957264957265;25.0;25.0;0;0
378.888;0.0;0.0;0.0;23.128205128205128;22.64957264957265;25.0;25.0;0;0
378.991;0.0;0.0;0.0;23.128205128205128;22.64957264957265;25.0;25.0;0;0
379.11;0.0;0.0;0.0;23.128205128205128;22.64957264957265;25.0;25.0;0;0
379.211;0.0;0.0;0.0;23.128205128205128;22.64957264957265;25.0;25.0;0;0
379.353;0.0;0.0;0.0;23.128205128205128;22.64957264957265;25.0;25.0;0;0
379.461;0.0;0.0;0.0;23.128205128205128;22.64957264957265;25.0;25.0;0;0
379.562;0.0;0.0;0.0;23.128205128205128;22.64957264957265;25.0;25.0;0;0
379.667;0.0;0.0;0.0;23.128205128205128;22.64957264957265;25.0;25.0;0;0
379.777;0.0;0.0;0.0;23.128205128205128;22.64957264957265;25.0;25.0;0;0
379.889;0.0;0.0;0.0;23.128205128205128;22.64957264957265;25.0;25.0;0;0
379.994;0.0;0.0;0.0;23.128205128205128;22.64957264957265;25.0;25.0;0;0
380.112;0.0;0.0;0.0;23.128205128205128;22.64957264957265;25.0;25.0;0;0
380.213;0.0;0.0;0.0;23.128205128205128;22.64957264957265;25.0;25.0;0;0
380.324;0.0;0.0;0.0;23.128205128205128;22.64957264957265;25.0;25.0;0;0
380.44;0.0;0.0;0.0;23.128205128205128;22.64957264957265;25.0;25.0;0;0
380.542;0.0;0.0;0.0;23.128205128205128;22.64957264957265;25.0;25.0;0;0
380.643;0.0;0.0;0.0;23.128205128205128;22.64957264957265;25.0;25.0;0;0
380.747;0.0;0.0;0.0;23.128205128205128;22.64957264957265;25.0;25.0;0;0
380.889;0.0;0.0;0.0;23.128205128205128;22.64957264957265;25.0;25.0;0;0
380.99;0.0;0.0;0.0;23.128205128205128;22.64957264957265;25.0;25.0;0;0
381.093;0.0;0.0;0.0;23.128205128205128;22.64957264957265;25.0;25.0;0;0
381.194;0.0;0.0;0.0;23.128205128205128;22.64957264957265;25.0;25.0;0;0
381.296;0.0;0.0;0.0;23.128205128205128;22.64957264957265;25.0;25.0;0;0
381.412;0.0;0.0;0.0;23.128205128205128;22.64957264957265;25.0;25.0;0;0
381.513;0.0;0.0;0.0;23.128205128205128;22.64957264957265;25.0;25.0;0;0
381.641;0.0;0.0;0.0;23.128205128205128;22.64957264957265;25.0;25.0;0;0
381.758;0.0;0.0;0.0;23.128205128205128;22.64957264957265;25.0;25.0;0;0
381.875;0.0;0.0;0.0;23.128205128205128;22.64957264957265;25.0;25.0;0;0
381.98;0.0;0.0;0.0;23.128205128205128;22.64957264957265;25.0;25.0;0;0
382.087;0.0;0.0;0.0;23.128205128205128;22.64957264957265;25.0;25.0;0;0
382.188;0.0;0.0;0.0;23.128205128205128;22.64957264957265;25.0;25.0;0;0
382.29;0.0;0.0;0.0;23.128205128205128;22.64957264957265;25.0;25.0;0;0
382.391;0.0;0.0;0.0;23.128205128205128;22.64957264957265;25.0;25.0;0;0
382.493;0.0;0.0;0.0;23.128205128205128;22.64957264957265;25.0;25.0;0;0
382.596;0.0;0.0;0.0;23.128205128205128;22.64957264957265;25.0;25.0;0;0
382.696;0.0;0.0;0.0;23.128205128205128;22.64957264957265;25.0;25.0;0;0
382.811;0.0;0.0;0.0;23.128205128205128;22.64957264957265;25.0;25.0;0;0
382.917;0.0;0.0;0.0;23.128205128205128;22.64957264957265;25.0;25.0;0;0
383.031;0.0;0.0;0.0;23.128205128205128;22.64957264957265;25.0;25.0;0;0
383.135;0.0;0.0;0.0;23.128205128205128;22.64957264957265;25.0;25.0;0;0
383.236;0.0;0.0;0.0;23.128205128205128;22.64957264957265;25.0;25.0;0;0
383.361;0.0;0.0;0.0;23.128205128205128;22.64957264957265;25.0;25.0;0;0
383.463;0.0;0.0;0.0;23.128205128205128;22.64957264957265;25.0;25.0;0;0
383.566;0.0;0.0;0.0;23.128205128205128;22.64957264957265;25.0;25.0;0;0
383.666;0.0;0.0;0.0;23.128205128205128;22.64957264957265;25.0;25.0;0;0
383.767;0.0;0.0;0.0;23.128205128205128;22.64957264957265;25.0;25.0;0;0
383.871;0.0;0.0;0.0;23.128205128205128;22.64957264957265;25.0;25.0;0;0
383.972;0.0;0.0;0.0;23.128205128205128;22.64957264957265;25.0;25.0;0;0
384.082;0.0;0.0;0.0;23.128205128205128;22.64957264957265;25.0;25.0;0;0
384.197;0.0;0.0;0.0;23.128205128205128;22.64957264957265;25.0;25.0;0;0
384.301;0.0;0.0;0.0;23.128205128205128;22.64957264957265;25.0;25.0;0;0
384.425;0.0;0.0;0.0;23.128205128205128;22.64957264957265;25.0;25.0;0;0
384.529;0.0;0.0;0.0;23.128205128205128;22.64957264957265;25.0;25.0;0;0
384.629;0.0;0.0;0.0;23.128205128205128;22.64957264957265;25.0;25.0;0;0
384.735;0.0;0.0;0.0;23.128205128205128;22.64957264957265;25.0;25.0;0;0
384.87;0.0;0.0;0.0;23.128205128205128;22.64957264957265;25.0;25.0;0;0
384.977;0.0;0.0;0.0;23.128205128205128;22.64957264957265;25.0;25.0;0;0
385.08;0.0;0.0;0.0;23.128205128205128;22.64957264957265;25.0;25.0;0;0
385.19;0.0;0.0;0.0;23.128205128205128;22.64957264957265;25.0;25.0;0;0
385.291;0.0;0.0;0.0;23.128205128205128;22.64957264957265;25.0;25.0;0;0
385.394;0.0;0.0;0.0;23.128205128205128;22.64957264957265;25.0;25.0;0;0
385.505;0.0;0.0;0.0;23.128205128205128;22.64957264957265;25.0;25.0;0;0
385.607;0.0;0.0;0.0;23.128205128205128;22.64957264957265;25.0;25.0;0;0
385.716;0.0;0.0;0.0;23.128205128205128;22.64957264957265;25.0;25.0;0;0
385.818;0.0;0.0;0.0;23.128205128205128;22.64957264957265;25.0;25.0;0;0
385.922;0.0;0.0;0.0;23.128205128205128;22.64957264957265;25.0;25.0;0;0
386.026;0.0;0.0;0.0;23.128205128205128;22.64957264957265;25.0;25.0;0;0
386.129;0.0;0.0;0.0;23.128205128205128;22.64957264957265;25.0;25.0;0;0
386.235;0.0;0.0;0.0;23.128205128205128;22.64957264957265;25.0;25.0;0;0
386.337;0.0;0.0;0.0;23.128205128205128;22.64957264957265;25.0;25.0;0;0
386.437;0.0;0.0;0.0;23.128205128205128;22.64957264957265;25.0;25.0;0;0
386.538;0.0;0.0;0.0;23.128205128205128;22.64957264957265;25.0;25.0;0;0
386.667;0.0;0.0;0.0;23.128205128205128;22.58974358974359;25.0;25.0;0;0
386.768;0.0;0.0;0.0;23.128205128205128;22.58974358974359;25.0;25.0;0;0
386.89;0.0;0.0;0.0;23.128205128205128;22.58974358974359;25.0;25.0;0;0
387.006;0.0;0.0;0.0;23.128205128205128;22.58974358974359;25.0;25.0;0;0
387.108;0.0;0.0;0.0;23.128205128205128;22.58974358974359;25.0;25.0;0;0
387.208;0.0;0.0;0.0;23.128205128205128;22.58974358974359;25.0;25.0;0;0
387.311;0.0;0.0;0.0;23.128205128205128;22.58974358974359;25.0;25.0;0;0
387.411;0.0;0.0;0.0;23.128205128205128;22.58974358974359;25.0;25.0;0;0
387.517;0.0;0.0;0.0;23.128205128205128;22.58974358974359;25.0;25.0;0;0
387.643;0.0;0.0;0.0;23.076923076923077;22.64957264957265;25.0;25.0;0;0
387.746;0.0;0.0;0.0;23.076923076923077;22.64957264957265;25.0;25.0;0;0
387.856;0.0;0.0;0.0;23.076923076923077;22.64957264957265;25.0;25.0;0;0
387.978;0.0;0.0;0.0;23.076923076923077;22.64957264957265;25.0;25.0;0;0
388.079;0.0;0.0;0.0;23.076923076923077;22.64957264957265;25.0;25.0;0;0
388.183;0.0;0.0;0.0;23.076923076923077;22.64957264957265;25.0;25.0;0;0
388.304;0.0;0.0;0.0;23.076923076923077;22.64957264957265;25.0;25.0;0;0
388.406;0.0;0.0;0.0;23.076923076923077;22.64957264957265;25.0;25.0;0;0
388.511;0.0;0.0;0.0;23.128205128205128;22.64957264957265;25.0;25.0;0;0
388.636;0.0;0.0;0.0;23.128205128205128;22.64957264957265;25.0;25.0;0;0
388.741;0.0;0.0;0.0;23.128205128205128;22.64957264957265;25.0;25.0;0;0
388.847;0.0;0.0;0.0;23.128205128205128;22.64957264957265;25.0;25.0;0;0
388.947;0.0;0.0;0.0;23.128205128205128;22.64957264957265;25.0;25.0;0;0
389.056;0.0;0.0;0.0;23.128205128205128;22.64957264957265;25.0;25.0;0;0
389.181;0.0;0.0;0.0;23.128205128205128;22.64957264957265;25.0;25.0;0;0
389.296;0.0;0.0;0.0;23.128205128205128;22.64957264957265;25.0;25.0;0;0
389.397;0.0;0.0;0.0;23.128205128205128;22.64957264957265;25.0;25.0;0;0
389.503;0.0;0.0;0.0;23.128205128205128;22.64957264957265;25.0;25.0;0;0
389.613;0.0;0.0;0.0;23.076923076923077;22.64957264957265;25.0;25.0;0;0
389.721;0.0;0.0;0.0;23.076923076923077;22.64957264957265;25.0;25.0;0;0
389.835;0.0;0.0;0.0;23.076923076923077;22.64957264957265;25.0;25.0;0;0
389.952;0.0;0.0;0.0;23.076923076923077;22.64957264957265;25.0;25.0;0;0
390.059;0.0;0.0;0.0;23.076923076923077;22.64957264957265;25.0;25.0;0;0
390.16;0.0;0.0;0.0;23.076923076923077;22.64957264957265;25.0;25.0;0;0
390.263;0.0;0.0;0.0;23.076923076923077;22.64957264957265;25.0;25.0;0;0
390.364;0.0;0.0;0.0;23.076923076923077;22.64957264957265;25.0;25.0;0;0
390.471;0.0;0.0;0.0;23.076923076923077;22.64957264957265;25.0;25.0;0;0
390.58;0.0;0.0;0.0;23.128205128205128;22.64957264957265;25.0;25.0;0;0
390.683;0.0;0.0;0.0;23.128205128205128;22.64957264957265;25.0;25.0;0;0
390.799;0.0;0.0;0.0;23.128205128205128;22.64957264957265;25.0;25.0;0;0
390.935;0.0;0.0;0.0;23.128205128205128;22.64957264957265;25.0;25.0;0;0
391.052;0.0;0.0;0.0;23.128205128205128;22.64957264957265;25.0;25.0;0;0
391.168;0.0;0.0;0.0;23.128205128205128;22.64957264957265;25.0;25.0;0;0
391.269;0.0;0.0;0.0;23.128205128205128;22.64957264957265;25.0;25.0;0;0
391.379;0.0;0.0;0.0;23.128205128205128;22.64957264957265;25.0;25.0;0;0
391.491;0.0;0.0;0.0;23.128205128205128;22.64957264957265;25.0;25.0;0;0
391.591;0.0;0.0;0.0;23.128205128205128;22.64957264957265;25.0;25.0;0;0
391.707;0.0;0.0;0.0;23.128205128205128;22.64957264957265;25.0;25.0;0;0
391.812;0.0;0.0;0.0;23.128205128205128;22.64957264957265;25.0;25.0;0;0
391.912;0.0;0.0;0.0;23.128205128205128;22.64957264957265;25.0;25.0;0;0
392.013;0.0;0.0;0.0;23.128205128205128;22.64957264957265;25.0;25.0;0;0
392.129;0.0;0.0;0.0;23.128205128205128;22.64957264957265;25.0;25.0;0;0
392.234;0.0;0.0;0.0;23.128205128205128;22.64957264957265;25.0;25.0;0;0
392.334;0.0;0.0;0.0;23.128205128205128;22.64957264957265;25.0;25.0;0;0
392.435;0.0;0.0;0.0;23.128205128205128;22.64957264957265;25.0;25.0;0;0
392.555;0.0;0.0;0.0;23.128205128205128;22.64957264957265;25.0;25.0;0;0
392.669;0.0;0.0;0.0;23.128205128205128;22.64957264957265;25.0;25.0;0;0
392.774;0.0;0.0;0.0;23.128205128205128;22.64957264957265;25.0;25.0;0;0
392.883;0.0;0.0;0.0;23.128205128205128;22.64957264957265;25.0;25.0;0;0
393.0;0.0;0.0;0.0;23.128205128205128;22.64957264957265;25.0;25.0;0;0
393.102;0.0;0.0;0.0;23.128205128205128;22.64957264957265;25.0;25.0;0;0
393.223;0.0;0.0;0.0;23.128205128205128;22.64957264957265;25.0;25.0;0;0
393.325;0.0;0.0;0.0;23.128205128205128;22.64957264957265;25.0;25.0;0;0
393.433;0.0;0.0;0.0;23.128205128205128;22.64957264957265;25.0;25.0;0;0
393.546;0.0;0.0;0.0;23.128205128205128;22.64957264957265;25.0;25.0;0;0
393.652;0.0;0.0;0.0;23.128205128205128;22.64957264957265;25.0;25.0;0;0
393.768;0.0;0.0;0.0;23.128205128205128;22.64957264957265;25.0;25.0;0;0
393.869;0.0;0.0;0.0;23.128205128205128;22.64957264957265;25.0;25.0;0;0
393.969;0.0;0.0;0.0;23.128205128205128;22.64957264957265;25.0;25.0;0;0
394.089;0.0;0.0;0.0;23.128205128205128;22.64957264957265;25.0;25.0;0;0
394.191;0.0;0.0;0.0;23.128205128205128;22.64957264957265;25.0;25.0;0;0
394.292;0.0;0.0;0.0;23.128205128205128;22.64957264957265;25.0;25.0;0;0
394.394;0.0;0.0;0.0;23.128205128205128;22.64957264957265;25.0;25.0;0;0
394.507;0.0;0.0;0.0;23.128205128205128;22.64957264957265;25.0;25.0;0;0
394.608;0.0;0.0;0.0;23.076923076923077;22.64957264957265;25.0;25.0;0;0
394.726;0.0;0.0;0.0;23.076923076923077;22.64957264957265;25.0;25.0;0;0
394.875;0.0;0.0;0.0;23.076923076923077;22.64957264957265;25.0;25.0;0;0
394.976;0.0;0.0;0.0;23.076923076923077;22.64957264957265;25.0;25.0;0;0
395.085;0.0;0.0;0.0;23.076923076923077;22.64957264957265;25.0;25.0;0;0
395.206;0.0;0.0;0.0;23.076923076923077;22.64957264957265;25.0;25.0;0;0
395.308;0.0;0.0;0.0;23.076923076923077;22.64957264957265;25.0;25.0;0;0
395.412;0.0;0.0;0.0;23.076923076923077;22.64957264957265;25.0;25.0;0;0
395.513;0.0;0.0;0.0;23.076923076923077;22.64957264957265;25.0;25.0;0;0
395.617;0.0;0.0;0.0;23.076923076923077;22.64957264957265;25.0;25.0;0;0
395.773;0.0;0.0;0.0;23.076923076923077;22.64957264957265;25.0;25.0;0;0
395.874;0.0;0.0;0.0;23.076923076923077;22.64957264957265;25.0;25.0;0;0
395.974;0.0;0.0;0.0;23.076923076923077;22.64957264957265;25.0;25.0;0;0
396.099;0.0;0.0;0.0;23.076923076923077;22.64957264957265;25.0;25.0;0;0
396.2;0.0;0.0;0.0;23.076923076923077;22.64957264957265;25.0;25.0;0;0
396.31;0.0;0.0;0.0;23.076923076923077;22.64957264957265;25.0;25.0;0;0
396.437;0.0;0.0;0.0;23.076923076923077;22.64957264957265;25.0;25.0;0;0
396.538;0.0;0.0;0.0;23.076923076923077;22.64957264957265;25.0;25.0;0;0
396.65;0.0;0.0;0.0;23.128205128205128;22.64957264957265;25.0;25.0;0;0
396.754;0.0;0.0;0.0;23.128205128205128;22.64957264957265;25.0;25.0;0;0
396.858;0.0;0.0;0.0;23.128205128205128;22.64957264957265;25.0;25.0;0;0
396.966;0.0;0.0;0.0;23.128205128205128;22.64957264957265;25.0;25.0;0;0
397.08;0.0;0.0;0.0;23.128205128205128;22.64957264957265;25.0;25.0;0;0
397.182;0.0;0.0;0.0;23.128205128205128;22.64957264957265;25.0;25.0;0;0
397.283;0.0;0.0;0.0;23.128205128205128;22.64957264957265;25.0;25.0;0;0
397.387;0.0;0.0;0.0;23.128205128205128;22.64957264957265;25.0;25.0;0;0
397.488;0.0;0.0;0.0;23.128205128205128;22.64957264957265;25.0;25.0;0;0
397.591;0.0;0.0;0.0;23.128205128205128;22.64957264957265;25.0;25.0;0;0
397.712;0.0;0.0;0.0;23.128205128205128;22.64957264957265;25.0;25.0;0;0
397.819;0.0;0.0;0.0;23.128205128205128;22.64957264957265;25.0;25.0;0;0
397.922;0.0;0.0;0.0;23.128205128205128;22.64957264957265;25.0;25.0;0;0
398.025;0.0;0.0;0.0;23.128205128205128;22.64957264957265;25.0;25.0;0;0
398.126;0.0;0.0;0.0;23.128205128205128;22.64957264957265;25.0;25.0;0;0
398.23;0.0;0.0;0.0;23.128205128205128;22.64957264957265;25.0;25.0;0;0
398.332;0.0;0.0;0.0;23.128205128205128;22.64957264957265;25.0;25.0;0;0
398.448;0.0;0.0;0.0;23.128205128205128;22.64957264957265;25.0;25.0;0;0
398.563;0.0;0.0;0.0;23.128205128205128;22.64957264957265;25.0;25.0;0;0
398.684;0.0;0.0;0.0;23.128205128205128;22.64957264957265;25.0;25.0;0;0
398.812;0.0;0.0;0.0;23.128205128205128;22.64957264957265;25.0;25.0;0;0
398.916;0.0;0.0;0.0;23.128205128205128;22.64957264957265;25.0;25.0;0;0
399.027;0.0;0.0;0.0;23.128205128205128;22.64957264957265;25.0;25.0;0;0
399.154;0.0;0.0;0.0;23.128205128205128;22.64957264957265;25.0;25.0;0;0
399.255;0.0;0.0;0.0;23.128205128205128;22.64957264957265;25.0;25.0;0;0
399.358;0.0;0.0;0.0;23.128205128205128;22.64957264957265;25.0;25.0;0;0
399.47;0.0;0.0;0.0;23.128205128205128;22.64957264957265;25.0;25.0;0;0
399.576;0.0;0.0;0.0;23.128205128205128;22.64957264957265;25.0;25.0;0;0
399.687;0.0;0.0;0.0;23.128205128205128;22.64957264957265;25.0;25.0;0;0
399.797;0.0;0.0;0.0;23.128205128205128;22.64957264957265;25.0;25.0;0;0
399.898;0.0;0.0;0.0;23.128205128205128;22.64957264957265;25.0;25.0;0;0
399.999;0.0;0.0;0.0;23.128205128205128;22.64957264957265;25.0;25.0;0;0
400.1;0.0;0.0;0.0;23.128205128205128;22.64957264957265;25.0;25.0;0;0
400.21;0.0;0.0;0.0;23.128205128205128;22.64957264957265;25.0;25.0;0;0
400.329;0.0;0.0;0.0;23.128205128205128;22.64957264957265;25.0;25.0;0;0
400.449;0.0;0.0;0.0;23.128205128205128;22.64957264957265;25.0;25.0;0;0
400.551;0.0;0.0;0.0;23.128205128205128;22.64957264957265;25.0;25.0;0;0
400.651;0.0;0.0;0.0;23.128205128205128;22.64957264957265;25.0;25.0;0;0
400.759;0.0;0.0;0.0;23.128205128205128;22.64957264957265;25.0;25.0;0;0
400.861;0.0;0.0;0.0;23.128205128205128;22.64957264957265;25.0;25.0;0;0
400.962;0.0;0.0;0.0;23.128205128205128;22.64957264957265;25.0;25.0;0;0
401.075;0.0;0.0;0.0;23.128205128205128;22.64957264957265;25.0;25.0;0;0
401.178;0.0;0.0;0.0;23.128205128205128;22.64957264957265;25.0;25.0;0;0
401.288;0.0;0.0;0.0;23.128205128205128;22.64957264957265;25.0;25.0;0;0
401.389;0.0;0.0;0.0;23.128205128205128;22.64957264957265;25.0;25.0;0;0
401.499;0.0;0.0;0.0;23.128205128205128;22.64957264957265;25.0;25.0;0;0
401.603;0.0;0.0;0.0;23.128205128205128;22.64957264957265;25.0;25.0;0;0
401.703;0.0;0.0;0.0;23.128205128205128;22.64957264957265;25.0;25.0;0;0
401.827;0.0;0.0;0.0;23.128205128205128;22.64957264957265;25.0;25.0;0;0
401.929;0.0;0.0;0.0;23.128205128205128;22.64957264957265;25.0;25.0;0;0
402.034;0.0;0.0;0.0;23.128205128205128;22.64957264957265;25.0;25.0;0;0
402.154;0.0;0.0;0.0;23.128205128205128;22.64957264957265;25.0;25.0;0;0
402.261;0.0;0.0;0.0;23.128205128205128;22.64957264957265;25.0;25.0;0;0
402.378;0.0;0.0;0.0;23.128205128205128;22.64957264957265;25.0;25.0;0;0
402.487;0.0;0.0;0.0;23.128205128205128;22.64957264957265;25.0;25.0;0;0
402.596;0.0;0.0;0.0;23.128205128205128;22.64957264957265;25.0;25.0;0;0
402.697;0.0;0.0;0.0;23.128205128205128;22.64957264957265;25.0;25.0;0;0
402.807;0.0;0.0;0.0;23.128205128205128;22.64957264957265;25.0;25.0;0;0
402.91;0.0;0.0;0.0;23.128205128205128;22.64957264957265;25.0;25.0;0;0
403.013;0.0;0.0;0.0;23.128205128205128;22.64957264957265;25.0;25.0;0;0
403.141;0.0;0.0;0.0;23.128205128205128;22.64957264957265;25.0;25.0;0;0
403.249;0.0;0.0;0.0;23.128205128205128;22.64957264957265;25.0;25.0;0;0
403.357;0.0;0.0;0.0;23.128205128205128;22.64957264957265;25.0;25.0;0;0
403.464;0.0;0.0;0.0;23.128205128205128;22.64957264957265;25.0;25.0;0;0
403.573;0.0;0.0;0.0;23.128205128205128;22.64957264957265;25.0;25.0;0;0
403.684;0.0;0.0;0.0;23.128205128205128;22.64957264957265;25.0;25.0;0;0
403.791;0.0;0.0;0.0;23.128205128205128;22.64957264957265;25.0;25.0;0;0
403.9;0.0;0.0;0.0;23.128205128205128;22.64957264957265;25.0;25.0;0;0
404.001;0.0;0.0;0.0;23.128205128205128;22.64957264957265;25.0;25.0;0;0
404.102;0.0;0.0;0.0;23.128205128205128;22.64957264957265;25.0;25.0;0;0
404.208;0.0;0.0;0.0;23.128205128205128;22.64957264957265;25.0;25.0;0;0
404.308;0.0;0.0;0.0;23.128205128205128;22.64957264957265;25.0;25.0;0;0
404.409;0.0;0.0;0.0;23.128205128205128;22.64957264957265;25.0;25.0;0;0
404.509;0.0;0.0;0.0;23.128205128205128;22.64957264957265;25.0;25.0;0;0
404.618;0.0;0.0;0.0;23.128205128205128;22.64957264957265;25.0;25.0;0;0
404.726;0.0;0.0;0.0;23.128205128205128;22.64957264957265;25.0;25.0;0;0
404.838;0.0;0.0;0.0;23.128205128205128;22.64957264957265;25.0;25.0;0;0
404.939;0.0;0.0;0.0;23.128205128205128;22.64957264957265;25.0;25.0;0;0
405.043;0.0;0.0;0.0;23.128205128205128;22.64957264957265;25.0;25.0;0;0
405.147;0.0;0.0;0.0;23.128205128205128;22.64957264957265;25.0;25.0;0;0
405.252;0.0;0.0;0.0;23.128205128205128;22.64957264957265;25.0;25.0;0;0
405.578;0.0;0.0;0.0;23.128205128205128;22.64957264957265;25.0;25.0;0;0
405.808;0.0;0.0;0.0;23.128205128205128;22.64957264957265;25.0;25.0;0;0
406.158;0.0;0.0;0.0;23.128205128205128;22.64957264957265;25.0;25.0;0;0
406.748;0.0;0.0;0.0;23.076923076923077;22.64957264957265;25.0;25.0;0;0
407.035;0.0;0.0;0.0;23.076923076923077;22.64957264957265;25.0;25.0;0;0
407.763;0.0;0.0;0.0;23.076923076923077;22.64957264957265;25.0;25.0;0;0
408.185;0.0;0.0;0.0;23.076923076923077;22.64957264957265;25.0;25.0;0;0
408.304;0.0;0.0;0.0;23.076923076923077;22.64957264957265;25.0;25.0;0;0
408.443;0.0;0.0;0.0;23.076923076923077;22.64957264957265;25.0;25.0;0;0
408.554;0.0;0.0;0.0;23.076923076923077;22.64957264957265;25.0;25.0;0;0
408.677;0.0;0.0;0.0;23.076923076923077;22.64957264957265;25.0;25.0;0;0
408.802;0.0;0.0;0.0;23.076923076923077;22.64957264957265;25.0;25.0;0;0
408.911;0.0;0.0;0.0;23.076923076923077;22.64957264957265;25.0;25.0;0;0
409.029;0.0;0.0;0.0;23.076923076923077;22.64957264957265;25.0;25.0;0;0
409.13;0.0;0.0;0.0;23.076923076923077;22.64957264957265;25.0;25.0;0;0
409.23;0.0;0.0;0.0;23.076923076923077;22.64957264957265;25.0;25.0;0;0
409.331;0.0;0.0;0.0;23.076923076923077;22.64957264957265;25.0;25.0;0;0
409.431;0.0;0.0;0.0;23.076923076923077;22.64957264957265;25.0;25.0;0;0
409.532;0.0;0.0;0.0;23.076923076923077;22.64957264957265;25.0;25.0;0;0
409.633;0.0;0.0;0.0;23.128205128205128;22.64957264957265;25.0;25.0;0;0
409.739;0.0;0.0;0.0;23.128205128205128;22.64957264957265;25.0;25.0;0;0
409.841;0.0;0.0;0.0;23.128205128205128;22.64957264957265;25.0;25.0;0;0
409.942;0.0;0.0;0.0;23.128205128205128;22.64957264957265;25.0;25.0;0;0
410.043;0.0;0.0;0.0;23.128205128205128;22.64957264957265;25.0;25.0;0;0
410.159;0.0;0.0;0.0;23.128205128205128;22.64957264957265;25.0;25.0;0;0
410.278;0.0;0.0;0.0;23.128205128205128;22.64957264957265;25.0;25.0;0;0
410.398;0.0;0.0;0.0;23.128205128205128;22.64957264957265;25.0;25.0;0;0
410.514;0.0;0.0;0.0;23.128205128205128;22.64957264957265;25.0;25.0;0;0
410.614;0.0;0.0;0.0;23.076923076923077;22.64957264957265;25.0;25.0;0;0
410.72;0.0;0.0;0.0;23.076923076923077;22.64957264957265;25.0;25.0;0;0
410.831;0.0;0.0;0.0;23.076923076923077;22.64957264957265;25.0;25.0;0;0
410.934;0.0;0.0;0.0;23.076923076923077;22.64957264957265;25.0;25.0;0;0
411.036;0.0;0.0;0.0;23.076923076923077;22.64957264957265;25.0;25.0;0;0
411.141;0.0;0.0;0.0;23.076923076923077;22.64957264957265;25.0;25.0;0;0
411.258;0.0;0.0;0.0;23.076923076923077;22.64957264957265;25.0;25.0;0;0
411.362;0.0;0.0;0.0;23.076923076923077;22.64957264957265;25.0;25.0;0;0
411.472;0.0;0.0;0.0;23.076923076923077;22.64957264957265;25.0;25.0;0;0
411.6;0.0;0.0;0.0;23.076923076923077;22.64957264957265;25.0;25.0;0;0
411.701;0.0;0.0;0.0;23.076923076923077;22.64957264957265;25.0;25.0;0;0
411.802;0.0;0.0;0.0;23.076923076923077;22.64957264957265;25.0;25.0;0;0
411.912;0.0;0.0;0.0;23.076923076923077;22.64957264957265;25.0;25.0;0;0
412.022;0.0;0.0;0.0;23.076923076923077;22.64957264957265;25.0;25.0;0;0
412.133;0.0;0.0;0.0;23.076923076923077;22.64957264957265;25.0;25.0;0;0
412.235;0.0;0.0;0.0;23.076923076923077;22.64957264957265;25.0;25.0;0;0
412.352;0.0;0.0;0.0;23.076923076923077;22.64957264957265;25.0;25.0;0;0
412.463;0.0;0.0;0.0;23.076923076923077;22.64957264957265;25.0;25.0;0;0
412.575;0.0;0.0;0.0;23.076923076923077;22.64957264957265;25.0;25.0;0;0
412.689;0.0;0.0;0.0;23.128205128205128;22.64957264957265;25.0;25.0;0;0
412.797;0.0;0.0;0.0;23.128205128205128;22.64957264957265;25.0;25.0;0;0
412.915;0.0;0.0;0.0;23.128205128205128;22.64957264957265;25.0;25.0;0;0
413.021;0.0;0.0;0.0;23.128205128205128;22.64957264957265;25.0;25.0;0;0
