Time_Sec;Pos_H;Pos_V;Pos_R;Temp_A;Temp_B;Set_A;Set_B;Stable_A;Stable_B
0.002;-45.0;0.0;0.0;31.94017094017094;31.94017094017094;32.0;32.0;1;1
0.108;-45.0;0.0;0.0;31.94017094017094;31.94017094017094;32.0;32.0;1;1
0.209;-45.0;0.0;0.0;31.94017094017094;31.94017094017094;32.0;32.0;1;1
0.312;-45.0;0.0;0.0;31.94017094017094;31.94017094017094;32.0;32.0;1;1
0.416;-45.0;0.0;0.0;31.94017094017094;31.94017094017094;32.0;32.0;1;1
0.517;-45.0;0.0;0.0;31.94017094017094;31.94017094017094;32.0;32.0;1;1
0.618;-45.0;0.0;0.0;31.94017094017094;31.94017094017094;32.0;32.0;1;1
0.719;-45.0;0.0;0.0;31.94017094017094;31.94017094017094;32.0;32.0;1;1
0.822;-45.0;0.0;0.0;31.94017094017094;31.94017094017094;32.0;32.0;1;1
0.927;-45.0;0.0;0.0;31.94017094017094;31.94017094017094;32.0;32.0;1;1
1.038;-45.0;0.0;0.0;31.94017094017094;31.94017094017094;32.0;32.0;1;1
1.15;-45.0;0.0;0.0;31.94017094017094;31.94017094017094;32.0;32.0;1;1
1.276;-45.0;0.0;0.0;31.94017094017094;31.94017094017094;32.0;32.0;1;1
1.386;-45.0;0.0;0.0;31.94017094017094;31.94017094017094;32.0;32.0;1;1
1.498;-45.0;0.0;0.0;31.94017094017094;31.94017094017094;32.0;32.0;1;1
1.608;-45.0;0.0;0.0;31.94017094017094;31.94017094017094;32.0;32.0;1;1
1.71;-45.0;0.0;0.0;31.94017094017094;31.94017094017094;32.0;32.0;1;1
1.814;-45.0;0.0;0.0;31.94017094017094;31.94017094017094;32.0;32.0;1;1
1.926;-45.0;0.0;0.0;31.94017094017094;31.94017094017094;32.0;32.0;1;1
2.034;-45.0;0.0;0.0;31.94017094017094;31.99145299145299;32.0;32.0;1;1
2.148;-45.0;0.0;0.0;31.94017094017094;31.99145299145299;32.0;32.0;1;1
2.257;-45.0;0.0;0.0;31.94017094017094;31.99145299145299;32.0;32.0;1;1
2.371;-45.0;0.0;0.0;31.94017094017094;31.99145299145299;32.0;32.0;1;1
2.482;-45.0;0.0;0.0;31.94017094017094;31.99145299145299;32.0;32.0;1;1
2.592;-45.0;0.0;0.0;31.94017094017094;31.99145299145299;32.0;32.0;1;1
2.692;-45.0;0.0;0.0;31.94017094017094;31.99145299145299;32.0;32.0;1;1
2.798;-45.0;0.0;0.0;31.94017094017094;31.99145299145299;32.0;32.0;1;1
2.904;-45.0;0.0;0.0;31.94017094017094;31.99145299145299;32.0;32.0;1;1
3.015;-45.0;0.0;0.0;31.94017094017094;31.99145299145299;32.0;32.0;1;1
3.126;-45.0;0.0;0.0;31.94017094017094;31.99145299145299;32.0;32.0;1;1
3.231;-45.0;0.0;0.0;31.94017094017094;31.99145299145299;32.0;32.0;1;1
3.331;-45.0;0.0;0.0;31.94017094017094;31.99145299145299;32.0;32.0;1;1
3.432;-45.0;0.0;0.0;31.94017094017094;31.99145299145299;32.0;32.0;1;1
3.538;-45.0;0.0;0.0;31.94017094017094;31.99145299145299;32.0;32.0;1;1
3.639;-45.0;0.0;0.0;31.94017094017094;31.99145299145299;32.0;32.0;1;1
3.74;-45.0;0.0;0.0;31.94017094017094;31.99145299145299;32.0;32.0;1;1
3.841;-45.0;0.0;0.0;31.94017094017094;31.99145299145299;32.0;32.0;1;1
3.943;-45.0;0.0;0.0;31.94017094017094;31.99145299145299;32.0;32.0;1;1
4.047;-45.0;0.0;0.0;31.94017094017094;31.94017094017094;32.0;32.0;1;1
4.149;-45.0;0.0;0.0;31.94017094017094;31.94017094017094;32.0;32.0;1;1
4.254;-45.0;0.0;0.0;31.94017094017094;31.94017094017094;32.0;32.0;1;1
4.365;-45.0;0.0;0.0;31.94017094017094;31.94017094017094;32.0;32.0;1;1
4.467;-45.0;0.0;0.0;31.94017094017094;31.94017094017094;32.0;32.0;1;1
4.57;-45.0;0.0;0.0;31.94017094017094;31.94017094017094;32.0;32.0;1;1
4.676;-45.0;0.0;0.0;31.94017094017094;31.94017094017094;32.0;32.0;1;1
4.789;-45.0;0.0;0.0;31.94017094017094;31.94017094017094;32.0;32.0;1;1
4.893;-45.0;0.0;0.0;31.94017094017094;31.94017094017094;32.0;32.0;1;1
4.994;-45.0;0.0;0.0;31.94017094017094;31.94017094017094;32.0;32.0;1;1
5.104;-45.0;0.0;0.0;31.94017094017094;31.94017094017094;32.0;32.0;1;1
5.209;-45.0;0.0;0.0;31.94017094017094;31.94017094017094;32.0;32.0;1;1
5.31;-45.0;0.0;0.0;31.94017094017094;31.94017094017094;32.0;32.0;1;1
5.425;-45.0;0.0;0.0;31.94017094017094;31.94017094017094;32.0;32.0;1;1
5.529;-45.0;0.0;0.0;31.94017094017094;31.94017094017094;32.0;32.0;1;1
5.647;-45.0;0.0;0.0;31.94017094017094;31.94017094017094;32.0;32.0;1;1
5.753;-45.0;0.0;0.0;31.94017094017094;31.94017094017094;32.0;32.0;1;1
5.868;-45.0;0.0;0.0;31.94017094017094;31.94017094017094;32.0;32.0;1;1
5.992;-45.0;0.0;0.0;31.94017094017094;31.94017094017094;32.0;32.0;1;1
6.094;-45.0;0.0;0.0;31.94017094017094;31.99145299145299;32.0;32.0;1;1
6.196;-45.0;0.0;0.0;31.94017094017094;31.99145299145299;32.0;32.0;1;1
6.297;-45.0;0.0;0.0;31.94017094017094;31.99145299145299;32.0;32.0;1;1
6.41;-45.0;0.0;0.0;31.94017094017094;31.99145299145299;32.0;32.0;1;1
6.521;-45.0;0.0;0.0;31.94017094017094;31.99145299145299;32.0;32.0;1;1
6.63;-45.0;0.0;0.0;31.94017094017094;31.99145299145299;32.0;32.0;1;1
6.742;-45.0;0.0;0.0;31.94017094017094;31.99145299145299;32.0;32.0;1;1
6.854;-45.0;0.0;0.0;31.94017094017094;31.99145299145299;32.0;32.0;1;1
6.96;-45.0;0.0;0.0;31.94017094017094;31.99145299145299;32.0;32.0;1;1
7.061;-45.0;0.0;0.0;31.94017094017094;31.99145299145299;32.0;32.0;1;1
7.173;-45.0;0.0;0.0;31.94017094017094;31.99145299145299;32.0;32.0;1;1
7.285;-45.0;0.0;0.0;31.94017094017094;31.99145299145299;32.0;32.0;1;1
7.395;-45.0;0.0;0.0;31.94017094017094;31.99145299145299;32.0;32.0;1;1
7.507;-45.0;0.0;0.0;31.94017094017094;31.99145299145299;32.0;32.0;1;1
7.615;-45.0;0.0;0.0;31.94017094017094;31.99145299145299;32.0;32.0;1;1
7.731;-45.0;0.0;0.0;31.94017094017094;31.99145299145299;32.0;32.0;1;1
7.841;-45.0;0.0;0.0;31.94017094017094;31.99145299145299;32.0;32.0;1;1
7.945;-45.0;0.0;0.0;31.94017094017094;31.99145299145299;32.0;32.0;1;1
8.049;-45.0;0.0;0.0;31.94017094017094;31.94017094017094;32.0;32.0;1;1
8.16;-45.0;0.0;0.0;31.94017094017094;31.94017094017094;32.0;32.0;1;1
8.266;-45.0;0.0;0.0;31.94017094017094;31.94017094017094;32.0;32.0;1;1
8.378;-45.0;0.0;0.0;31.94017094017094;31.94017094017094;32.0;32.0;1;1
8.491;-45.0;0.0;0.0;31.94017094017094;31.94017094017094;32.0;32.0;1;1
8.606;-45.0;0.0;0.0;31.94017094017094;31.94017094017094;32.0;32.0;1;1
8.717;-45.0;0.0;0.0;31.94017094017094;31.94017094017094;32.0;32.0;1;1
8.828;-45.0;0.0;0.0;31.94017094017094;31.94017094017094;32.0;32.0;1;1
8.929;-45.0;0.0;0.0;31.94017094017094;31.94017094017094;32.0;32.0;1;1
9.035;-45.0;0.0;0.0;31.94017094017094;31.94017094017094;32.0;32.0;1;1
9.142;-45.0;0.0;0.0;31.94017094017094;31.94017094017094;32.0;32.0;1;1
9.256;-45.0;0.0;0.0;31.94017094017094;31.94017094017094;32.0;32.0;1;1
9.368;-45.0;0.0;0.0;31.94017094017094;31.94017094017094;32.0;32.0;1;1
9.48;-45.0;0.0;0.0;31.94017094017094;31.94017094017094;32.0;32.0;1;1
9.586;-45.0;0.0;0.0;31.94017094017094;31.94017094017094;32.0;32.0;1;1
9.706;-45.0;0.0;0.0;31.94017094017094;31.94017094017094;32.0;32.0;1;1
9.811;-45.0;0.0;0.0;31.94017094017094;31.94017094017094;32.0;32.0;1;1
9.912;-45.0;0.0;0.0;31.94017094017094;31.94017094017094;32.0;32.0;1;1
10.019;-45.0;0.0;0.0;31.94017094017094;31.94017094017094;32.0;32.0;1;1
10.12;-45.0;0.0;0.0;31.94017094017094;31.99145299145299;32.0;32.0;1;1
10.22;-45.0;0.0;0.0;31.94017094017094;31.99145299145299;32.0;32.0;1;1
10.321;-45.0;0.0;0.0;31.94017094017094;31.99145299145299;32.0;32.0;1;1
10.421;-45.0;0.0;0.0;31.94017094017094;31.99145299145299;32.0;32.0;1;1
10.522;-45.0;0.0;0.0;31.94017094017094;31.99145299145299;32.0;32.0;1;1
10.623;-45.0;0.0;0.0;31.94017094017094;31.99145299145299;32.0;32.0;1;1
10.726;-45.0;0.0;0.0;31.94017094017094;31.99145299145299;32.0;32.0;1;1
10.827;-45.0;0.0;0.0;31.94017094017094;31.99145299145299;32.0;32.0;1;1
10.932;-45.0;0.0;0.0;31.94017094017094;31.99145299145299;32.0;32.0;1;1
11.044;-45.0;0.0;0.0;31.94017094017094;31.99145299145299;32.0;32.0;1;1
11.145;-45.0;0.0;0.0;31.94017094017094;31.99145299145299;32.0;32.0;1;1
11.252;-45.0;0.0;0.0;31.94017094017094;31.99145299145299;32.0;32.0;1;1
11.371;-45.0;0.0;0.0;31.94017094017094;31.99145299145299;32.0;32.0;1;1
11.475;-45.0;0.0;0.0;31.94017094017094;31.99145299145299;32.0;32.0;1;1
11.579;-45.0;0.0;0.0;31.94017094017094;31.99145299145299;32.0;32.0;1;1
11.679;-45.0;0.0;0.0;31.94017094017094;31.99145299145299;32.0;32.0;1;1
11.795;-45.0;0.0;0.0;31.94017094017094;31.99145299145299;32.0;32.0;1;1
11.906;-45.0;0.0;0.0;31.94017094017094;31.99145299145299;32.0;32.0;1;1
12.018;-45.0;0.0;0.0;31.99145299145299;31.99145299145299;32.0;32.0;1;1
12.129;-45.0;0.0;0.0;31.99145299145299;31.99145299145299;32.0;32.0;1;1
12.24;-45.0;0.0;0.0;31.99145299145299;31.99145299145299;32.0;32.0;1;1
12.346;-45.0;0.0;0.0;31.99145299145299;31.99145299145299;32.0;32.0;1;1
12.463;-45.0;0.0;0.0;31.99145299145299;31.99145299145299;32.0;32.0;1;1
12.568;-45.0;0.0;0.0;31.99145299145299;31.99145299145299;32.0;32.0;1;1
12.683;-45.0;0.0;0.0;31.99145299145299;31.99145299145299;32.0;32.0;1;1
12.795;-45.0;0.0;0.0;31.99145299145299;31.99145299145299;32.0;32.0;1;1
12.9;-45.0;0.0;0.0;31.99145299145299;31.99145299145299;32.0;32.0;1;1
13.003;-45.0;0.0;0.0;31.99145299145299;31.99145299145299;32.0;32.0;1;1
13.126;-45.0;0.0;0.0;31.94017094017094;31.99145299145299;32.0;32.0;1;1
13.242;-45.0;0.0;0.0;31.94017094017094;31.99145299145299;32.0;32.0;1;1
13.349;-45.0;0.0;0.0;31.94017094017094;31.99145299145299;32.0;32.0;1;1
13.458;-45.0;0.0;0.0;31.94017094017094;31.99145299145299;32.0;32.0;1;1
13.581;-45.0;0.0;0.0;31.94017094017094;31.99145299145299;32.0;32.0;1;1
13.684;-45.0;0.0;0.0;31.94017094017094;31.99145299145299;32.0;32.0;1;1
13.793;-45.0;0.0;0.0;31.94017094017094;31.99145299145299;32.0;32.0;1;1
13.908;-45.0;0.0;0.0;31.94017094017094;31.99145299145299;32.0;32.0;1;1
14.015;-45.0;0.0;0.0;31.94017094017094;31.99145299145299;32.0;32.0;1;1
14.129;-45.0;0.0;0.0;31.94017094017094;31.99145299145299;32.0;32.0;1;1
14.229;-45.0;0.0;0.0;31.94017094017094;31.99145299145299;32.0;32.0;1;1
14.347;-45.0;0.0;0.0;31.94017094017094;31.99145299145299;32.0;32.0;1;1
14.46;-45.0;0.0;0.0;31.94017094017094;31.99145299145299;32.0;32.0;1;1
14.561;-45.0;0.0;0.0;31.94017094017094;31.99145299145299;32.0;32.0;1;1
14.68;-45.0;0.0;0.0;31.94017094017094;31.99145299145299;32.0;32.0;1;1
14.795;-45.0;0.0;0.0;31.94017094017094;31.99145299145299;32.0;32.0;1;1
14.896;-45.0;0.0;0.0;31.94017094017094;31.99145299145299;32.0;32.0;1;1
15.019;-45.0;0.0;0.0;31.94017094017094;31.99145299145299;32.0;32.0;1;1
15.12;-45.0;0.0;0.0;31.94017094017094;31.99145299145299;32.0;32.0;1;1
15.238;-45.0;0.0;0.0;31.94017094017094;31.99145299145299;32.0;32.0;1;1
15.338;-45.0;0.0;0.0;31.94017094017094;31.99145299145299;32.0;32.0;1;1
15.456;-45.0;0.0;0.0;31.94017094017094;31.99145299145299;32.0;32.0;1;1
15.557;-45.0;0.0;0.0;31.94017094017094;31.99145299145299;32.0;32.0;1;1
15.66;-45.0;0.0;0.0;31.94017094017094;31.99145299145299;32.0;32.0;1;1
15.762;-45.0;0.0;0.0;31.94017094017094;31.99145299145299;32.0;32.0;1;1
15.863;-45.0;0.0;0.0;31.94017094017094;31.99145299145299;32.0;32.0;1;1
15.974;-45.0;0.0;0.0;31.94017094017094;31.99145299145299;32.0;32.0;1;1
16.082;-45.0;0.0;0.0;31.94017094017094;31.94017094017094;32.0;32.0;1;1
16.19;-45.0;0.0;0.0;31.94017094017094;31.94017094017094;32.0;32.0;1;1
16.301;-45.0;0.0;0.0;31.94017094017094;31.94017094017094;32.0;32.0;1;1
16.413;-45.0;0.0;0.0;31.94017094017094;31.94017094017094;32.0;32.0;1;1
16.521;-45.0;0.0;0.0;31.94017094017094;31.94017094017094;32.0;32.0;1;1
16.636;-45.0;0.0;0.0;31.94017094017094;31.94017094017094;32.0;32.0;1;1
16.742;-45.0;0.0;0.0;31.94017094017094;31.94017094017094;32.0;32.0;1;1
16.848;-45.0;0.0;0.0;31.94017094017094;31.94017094017094;32.0;32.0;1;1
16.963;-45.0;0.0;0.0;31.94017094017094;31.94017094017094;32.0;32.0;1;1
17.071;-45.0;0.0;0.0;31.94017094017094;31.94017094017094;32.0;32.0;1;1
17.183;-45.0;0.0;0.0;31.94017094017094;31.94017094017094;32.0;32.0;1;1
17.287;-45.0;0.0;0.0;31.94017094017094;31.94017094017094;32.0;32.0;1;1
17.387;-45.0;0.0;0.0;31.94017094017094;31.94017094017094;32.0;32.0;1;1
17.487;-45.0;0.0;0.0;31.94017094017094;31.94017094017094;32.0;32.0;1;1
17.587;-45.0;0.0;0.0;31.94017094017094;31.94017094017094;32.0;32.0;1;1
17.692;-45.0;0.0;0.0;31.94017094017094;31.94017094017094;32.0;32.0;1;1
17.792;-45.0;0.0;0.0;31.94017094017094;31.94017094017094;32.0;32.0;1;1
17.898;-45.0;0.0;0.0;31.94017094017094;31.94017094017094;32.0;32.0;1;1
17.998;-45.0;0.0;0.0;31.94017094017094;31.94017094017094;32.0;32.0;1;1
18.101;-45.0;0.0;0.0;31.94017094017094;31.94017094017094;32.0;32.0;1;1
18.202;-45.0;0.0;0.0;31.94017094017094;31.94017094017094;32.0;32.0;1;1
18.323;-45.0;0.0;0.0;31.94017094017094;31.94017094017094;32.0;32.0;1;1
18.423;-45.0;0.0;0.0;31.94017094017094;31.94017094017094;32.0;32.0;1;1
18.527;-45.0;0.0;0.0;31.94017094017094;31.94017094017094;32.0;32.0;1;1
18.642;-45.0;0.0;0.0;31.94017094017094;31.94017094017094;32.0;32.0;1;1
18.746;-45.0;0.0;0.0;31.94017094017094;31.94017094017094;32.0;32.0;1;1
18.852;-45.0;0.0;0.0;31.94017094017094;31.94017094017094;32.0;32.0;1;1
18.968;-45.0;0.0;0.0;31.94017094017094;31.94017094017094;32.0;32.0;1;1
19.071;-45.0;0.0;0.0;31.94017094017094;31.94017094017094;32.0;32.0;1;1
19.172;-45.0;0.0;0.0;31.94017094017094;31.94017094017094;32.0;32.0;1;1
19.289;-45.0;0.0;0.0;31.94017094017094;31.94017094017094;32.0;32.0;1;1
19.399;-45.0;0.0;0.0;31.94017094017094;31.94017094017094;32.0;32.0;1;1
19.503;-45.0;0.0;0.0;31.94017094017094;31.94017094017094;32.0;32.0;1;1
19.628;-45.0;0.0;0.0;31.94017094017094;31.94017094017094;32.0;32.0;1;1
19.729;-45.0;0.0;0.0;31.94017094017094;31.94017094017094;32.0;32.0;1;1
19.833;-45.0;0.0;0.0;31.94017094017094;31.94017094017094;32.0;32.0;1;1
19.945;-45.0;0.0;0.0;31.94017094017094;31.94017094017094;32.0;32.0;1;1
20.054;-45.0;0.0;0.0;31.94017094017094;31.94017094017094;32.0;32.0;1;1
20.157;-45.0;0.0;0.0;31.94017094017094;31.99145299145299;32.0;32.0;1;1
20.261;-45.0;0.0;0.0;31.94017094017094;31.99145299145299;32.0;32.0;1;1
20.365;-45.0;0.0;0.0;31.94017094017094;31.99145299145299;32.0;32.0;1;1
20.466;-45.0;0.0;0.0;31.94017094017094;31.99145299145299;32.0;32.0;1;1
20.566;-45.0;0.0;0.0;31.94017094017094;31.99145299145299;32.0;32.0;1;1
20.667;-45.0;0.0;0.0;31.94017094017094;31.99145299145299;32.0;32.0;1;1
20.767;-45.0;0.0;0.0;31.94017094017094;31.99145299145299;32.0;32.0;1;1
20.869;-45.0;0.0;0.0;31.94017094017094;31.99145299145299;32.0;32.0;1;1
20.97;-45.0;0.0;0.0;31.94017094017094;31.99145299145299;32.0;32.0;1;1
21.071;-45.0;0.0;0.0;31.94017094017094;31.99145299145299;32.0;32.0;1;1
21.179;-45.0;0.0;0.0;31.94017094017094;31.99145299145299;32.0;32.0;1;1
21.285;-45.0;0.0;0.0;31.94017094017094;31.99145299145299;32.0;32.0;1;1
21.386;-45.0;0.0;0.0;31.94017094017094;31.99145299145299;32.0;32.0;1;1
21.496;-45.0;0.0;0.0;31.94017094017094;31.99145299145299;32.0;32.0;1;1
21.609;-45.0;0.0;0.0;31.94017094017094;31.99145299145299;32.0;32.0;1;1
21.711;-45.0;0.0;0.0;31.94017094017094;31.99145299145299;32.0;32.0;1;1
21.811;-45.0;0.0;0.0;31.94017094017094;31.99145299145299;32.0;32.0;1;1
21.926;-45.0;0.0;0.0;31.94017094017094;31.99145299145299;32.0;32.0;1;1
22.042;-45.0;0.0;0.0;31.94017094017094;31.99145299145299;32.0;32.0;1;1
22.144;-45.0;0.0;0.0;31.94017094017094;31.99145299145299;32.0;32.0;1;1
22.244;-45.0;0.0;0.0;31.94017094017094;31.99145299145299;32.0;32.0;1;1
22.365;-45.0;0.0;0.0;31.94017094017094;31.99145299145299;32.0;32.0;1;1
22.467;-45.0;0.0;0.0;31.94017094017094;31.99145299145299;32.0;32.0;1;1
22.589;-45.0;0.0;0.0;31.94017094017094;31.99145299145299;32.0;32.0;1;1
22.69;-45.0;0.0;0.0;31.94017094017094;31.99145299145299;32.0;32.0;1;1
22.794;-45.0;0.0;0.0;31.94017094017094;31.99145299145299;32.0;32.0;1;1
22.895;-45.0;0.0;0.0;31.94017094017094;31.99145299145299;32.0;32.0;1;1
22.996;-45.0;0.0;0.0;31.94017094017094;31.99145299145299;32.0;32.0;1;1
23.096;-45.0;0.0;0.0;31.94017094017094;31.99145299145299;32.0;32.0;1;1
23.198;-45.0;0.0;0.0;31.94017094017094;31.99145299145299;32.0;32.0;1;1
23.304;-45.0;0.0;0.0;31.94017094017094;31.99145299145299;32.0;32.0;1;1
23.413;-45.0;0.0;0.0;31.94017094017094;31.99145299145299;32.0;32.0;1;1
23.523;-45.0;0.0;0.0;31.94017094017094;31.99145299145299;32.0;32.0;1;1
23.624;-45.0;0.0;0.0;31.94017094017094;31.99145299145299;32.0;32.0;1;1
23.725;-45.0;0.0;0.0;31.94017094017094;31.99145299145299;32.0;32.0;1;1
23.826;-45.0;0.0;0.0;31.94017094017094;31.99145299145299;32.0;32.0;1;1
23.927;-45.0;0.0;0.0;31.94017094017094;31.99145299145299;32.0;32.0;1;1
24.037;-45.0;0.0;0.0;31.94017094017094;31.99145299145299;32.0;32.0;1;1
24.148;-45.0;0.0;0.0;31.94017094017094;31.99145299145299;32.0;32.0;1;1
24.26;-45.0;0.0;0.0;31.94017094017094;31.99145299145299;32.0;32.0;1;1
24.366;-45.0;0.0;0.0;31.94017094017094;31.99145299145299;32.0;32.0;1;1
24.482;-45.0;0.0;0.0;31.94017094017094;31.99145299145299;32.0;32.0;1;1
24.595;-45.0;0.0;0.0;31.94017094017094;31.99145299145299;32.0;32.0;1;1
24.696;-45.0;0.0;0.0;31.94017094017094;31.99145299145299;32.0;32.0;1;1
24.8;-45.0;0.0;0.0;31.94017094017094;31.99145299145299;32.0;32.0;1;1
24.912;-45.0;0.0;0.0;31.94017094017094;31.99145299145299;32.0;32.0;1;1
25.023;-45.0;0.0;0.0;31.94017094017094;31.99145299145299;32.0;32.0;1;1
25.132;-45.0;0.0;0.0;31.94017094017094;31.99145299145299;32.0;32.0;1;1
25.243;-45.0;0.0;0.0;31.94017094017094;31.99145299145299;32.0;32.0;1;1
25.362;-45.0;0.0;0.0;31.94017094017094;31.99145299145299;32.0;32.0;1;1
25.467;-45.0;0.0;0.0;31.94017094017094;31.99145299145299;32.0;32.0;1;1
25.581;-45.0;0.0;0.0;31.94017094017094;31.99145299145299;32.0;32.0;1;1
25.686;-45.0;0.0;0.0;31.94017094017094;31.99145299145299;32.0;32.0;1;1
25.787;-45.0;0.0;0.0;31.94017094017094;31.99145299145299;32.0;32.0;1;1
25.904;-45.0;0.0;0.0;31.94017094017094;31.99145299145299;32.0;32.0;1;1
26.006;-45.0;0.0;0.0;31.94017094017094;31.99145299145299;32.0;32.0;1;1
26.107;-45.0;0.0;0.0;31.94017094017094;31.99145299145299;32.0;32.0;1;1
26.21;-45.0;0.0;0.0;31.94017094017094;31.99145299145299;32.0;32.0;1;1
26.311;-45.0;0.0;0.0;31.94017094017094;31.99145299145299;32.0;32.0;1;1
26.42;-45.0;0.0;0.0;31.94017094017094;31.99145299145299;32.0;32.0;1;1
26.521;-45.0;0.0;0.0;31.94017094017094;31.99145299145299;32.0;32.0;1;1
26.624;-45.0;0.0;0.0;31.94017094017094;31.99145299145299;32.0;32.0;1;1
26.734;-45.0;0.0;0.0;31.94017094017094;31.99145299145299;32.0;32.0;1;1
26.842;-45.0;0.0;0.0;31.94017094017094;31.99145299145299;32.0;32.0;1;1
26.942;-45.0;0.0;0.0;31.94017094017094;31.99145299145299;32.0;32.0;1;1
27.043;-45.0;0.0;0.0;31.94017094017094;31.99145299145299;32.0;32.0;1;1
27.146;-45.0;0.0;0.0;31.94017094017094;31.99145299145299;32.0;32.0;1;1
27.248;-45.0;0.0;0.0;31.94017094017094;31.99145299145299;32.0;32.0;1;1
27.36;-45.0;0.0;0.0;31.94017094017094;31.99145299145299;32.0;32.0;1;1
27.47;-45.0;0.0;0.0;31.94017094017094;31.99145299145299;32.0;32.0;1;1
27.573;-45.0;0.0;0.0;31.94017094017094;31.99145299145299;32.0;32.0;1;1
27.676;-45.0;0.0;0.0;31.94017094017094;31.99145299145299;32.0;32.0;1;1
27.787;-45.0;0.0;0.0;31.94017094017094;31.99145299145299;32.0;32.0;1;1
27.893;-45.0;0.0;0.0;31.94017094017094;31.99145299145299;32.0;32.0;1;1
28.011;-45.0;0.0;0.0;31.94017094017094;31.99145299145299;32.0;32.0;1;1
28.115;-45.0;0.0;0.0;31.94017094017094;31.99145299145299;32.0;32.0;1;1
28.216;-45.0;0.0;0.0;31.94017094017094;31.99145299145299;32.0;32.0;1;1
28.321;-45.0;0.0;0.0;31.94017094017094;31.99145299145299;32.0;32.0;1;1
28.437;-45.0;0.0;0.0;31.94017094017094;31.99145299145299;32.0;32.0;1;1
28.551;-45.0;0.0;0.0;31.94017094017094;31.99145299145299;32.0;32.0;1;1
28.663;-45.0;0.0;0.0;31.94017094017094;31.99145299145299;32.0;32.0;1;1
28.769;-45.0;0.0;0.0;31.94017094017094;31.99145299145299;32.0;32.0;1;1
28.884;-45.0;0.0;0.0;31.94017094017094;31.99145299145299;32.0;32.0;1;1
28.993;-45.0;0.0;0.0;31.94017094017094;31.99145299145299;32.0;32.0;1;1
29.114;-45.0;0.0;0.0;31.94017094017094;31.94017094017094;32.0;32.0;1;1
29.218;-45.0;0.0;0.0;31.94017094017094;31.94017094017094;32.0;32.0;1;1
29.318;-45.0;0.0;0.0;31.94017094017094;31.94017094017094;32.0;32.0;1;1
29.426;-45.0;0.0;0.0;31.94017094017094;31.94017094017094;32.0;32.0;1;1
29.534;-45.0;0.0;0.0;31.94017094017094;31.94017094017094;32.0;32.0;1;1
29.653;-45.0;0.0;0.0;31.94017094017094;31.94017094017094;32.0;32.0;1;1
29.756;-45.0;0.0;0.0;31.94017094017094;31.94017094017094;32.0;32.0;1;1
29.869;-45.0;0.0;0.0;31.94017094017094;31.94017094017094;32.0;32.0;1;1
29.98;-45.0;0.0;0.0;31.94017094017094;31.94017094017094;32.0;32.0;1;1
30.08;-45.0;0.0;0.0;31.94017094017094;31.94017094017094;32.0;32.0;1;1
30.186;-45.0;0.0;0.0;31.94017094017094;31.99145299145299;32.0;32.0;1;1
30.298;-45.0;0.0;0.0;31.94017094017094;31.99145299145299;32.0;32.0;1;1
30.408;-45.0;0.0;0.0;31.94017094017094;31.99145299145299;32.0;32.0;1;1
30.514;-45.0;0.0;0.0;31.94017094017094;31.99145299145299;32.0;32.0;1;1
30.627;-45.0;0.0;0.0;31.94017094017094;31.99145299145299;32.0;32.0;1;1
30.739;-45.0;0.0;0.0;31.94017094017094;31.99145299145299;32.0;32.0;1;1
30.85;-45.0;0.0;0.0;31.94017094017094;31.99145299145299;32.0;32.0;1;1
30.959;-45.0;0.0;0.0;31.94017094017094;31.99145299145299;32.0;32.0;1;1
31.073;-45.0;0.0;0.0;31.94017094017094;31.99145299145299;32.0;32.0;1;1
31.178;-45.0;0.0;0.0;31.94017094017094;31.94017094017094;32.0;32.0;1;1
31.291;-45.0;0.0;0.0;31.94017094017094;31.94017094017094;32.0;32.0;1;1
31.392;-45.0;0.0;0.0;31.94017094017094;31.94017094017094;32.0;32.0;1;1
31.5;-45.0;0.0;0.0;31.94017094017094;31.94017094017094;32.0;32.0;1;1
31.608;-45.0;0.0;0.0;31.94017094017094;31.94017094017094;32.0;32.0;1;1
31.721;-45.0;0.0;0.0;31.94017094017094;31.94017094017094;32.0;32.0;1;1
31.83;-45.0;0.0;0.0;31.94017094017094;31.94017094017094;32.0;32.0;1;1
31.944;-45.0;0.0;0.0;31.94017094017094;31.94017094017094;32.0;32.0;1;1
32.051;-45.0;0.0;0.0;31.94017094017094;31.94017094017094;32.0;32.0;1;1
32.164;-45.0;0.0;0.0;31.94017094017094;31.94017094017094;32.0;32.0;1;1
32.264;-45.0;0.0;0.0;31.94017094017094;31.94017094017094;32.0;32.0;1;1
32.366;-45.0;0.0;0.0;31.94017094017094;31.94017094017094;32.0;32.0;1;1
32.48;-45.0;0.0;0.0;31.94017094017094;31.94017094017094;32.0;32.0;1;1
32.59;-45.0;0.0;0.0;31.94017094017094;31.94017094017094;32.0;32.0;1;1
32.706;-45.0;0.0;0.0;31.94017094017094;31.94017094017094;32.0;32.0;1;1
32.812;-45.0;0.0;0.0;31.94017094017094;31.94017094017094;32.0;32.0;1;1
32.928;-45.0;0.0;0.0;31.94017094017094;31.94017094017094;32.0;32.0;1;1
33.036;-45.0;0.0;0.0;31.94017094017094;31.94017094017094;32.0;32.0;1;1
33.15;-45.0;0.0;0.0;31.94017094017094;31.99145299145299;32.0;32.0;1;1
33.259;-45.0;0.0;0.0;31.94017094017094;31.99145299145299;32.0;32.0;1;1
33.368;-45.0;0.0;0.0;31.94017094017094;31.99145299145299;32.0;32.0;1;1
33.47;-45.0;0.0;0.0;31.94017094017094;31.99145299145299;32.0;32.0;1;1
33.577;-45.0;0.0;0.0;31.94017094017094;31.99145299145299;32.0;32.0;1;1
33.689;-45.0;0.0;0.0;31.94017094017094;31.99145299145299;32.0;32.0;1;1
33.798;-45.0;0.0;0.0;31.94017094017094;31.99145299145299;32.0;32.0;1;1
33.909;-45.0;0.0;0.0;31.94017094017094;31.99145299145299;32.0;32.0;1;1
34.024;-45.0;0.0;0.0;31.94017094017094;31.99145299145299;32.0;32.0;1;1
34.134;-45.0;0.0;0.0;31.94017094017094;31.99145299145299;32.0;32.0;1;1
34.246;-45.0;0.0;0.0;31.94017094017094;31.99145299145299;32.0;32.0;1;1
34.355;-45.0;0.0;0.0;31.94017094017094;31.99145299145299;32.0;32.0;1;1
34.46;-45.0;0.0;0.0;31.94017094017094;31.99145299145299;32.0;32.0;1;1
34.561;-45.0;0.0;0.0;31.94017094017094;31.99145299145299;32.0;32.0;1;1
34.663;-45.0;0.0;0.0;31.94017094017094;31.99145299145299;32.0;32.0;1;1
34.778;-45.0;0.0;0.0;31.94017094017094;31.99145299145299;32.0;32.0;1;1
34.88;-45.0;0.0;0.0;31.94017094017094;31.99145299145299;32.0;32.0;1;1
35.004;-45.0;0.0;0.0;31.94017094017094;31.99145299145299;32.0;32.0;1;1
35.118;-45.0;0.0;0.0;31.94017094017094;31.99145299145299;32.0;32.0;1;1
35.227;-45.0;0.0;0.0;31.94017094017094;31.94017094017094;32.0;32.0;1;1
35.336;-45.0;0.0;0.0;31.94017094017094;31.94017094017094;32.0;32.0;1;1
35.437;-45.0;0.0;0.0;31.94017094017094;31.94017094017094;32.0;32.0;1;1
35.546;-45.0;0.0;0.0;31.94017094017094;31.94017094017094;32.0;32.0;1;1
35.658;-45.0;0.0;0.0;31.94017094017094;31.94017094017094;32.0;32.0;1;1
35.766;-45.0;0.0;0.0;31.94017094017094;31.94017094017094;32.0;32.0;1;1
35.877;-45.0;0.0;0.0;31.94017094017094;31.94017094017094;32.0;32.0;1;1
35.993;-45.0;0.0;0.0;31.94017094017094;31.94017094017094;32.0;32.0;1;1
36.101;-45.0;0.0;0.0;31.94017094017094;31.94017094017094;32.0;32.0;1;1
36.209;-45.0;0.0;0.0;31.94017094017094;31.94017094017094;32.0;32.0;1;1
36.31;-45.0;0.0;0.0;31.94017094017094;31.94017094017094;32.0;32.0;1;1
36.427;-45.0;0.0;0.0;31.94017094017094;31.94017094017094;32.0;32.0;1;1
36.536;-45.0;0.0;0.0;31.94017094017094;31.94017094017094;32.0;32.0;1;1
36.65;-45.0;0.0;0.0;31.94017094017094;31.94017094017094;32.0;32.0;1;1
36.757;-45.0;0.0;0.0;31.94017094017094;31.94017094017094;32.0;32.0;1;1
36.877;-45.0;0.0;0.0;31.94017094017094;31.94017094017094;32.0;32.0;1;1
36.986;-45.0;0.0;0.0;31.94017094017094;31.94017094017094;32.0;32.0;1;1
37.094;-45.0;0.0;0.0;31.94017094017094;31.94017094017094;32.0;32.0;1;1
37.21;-45.0;0.0;0.0;31.94017094017094;31.99145299145299;32.0;32.0;1;1
37.321;-45.0;0.0;0.0;31.94017094017094;31.99145299145299;32.0;32.0;1;1
37.427;-45.0;0.0;0.0;31.94017094017094;31.99145299145299;32.0;32.0;1;1
37.543;-45.0;0.0;0.0;31.94017094017094;31.99145299145299;32.0;32.0;1;1
37.652;-45.0;0.0;0.0;31.94017094017094;31.99145299145299;32.0;32.0;1;1
37.767;-45.0;0.0;0.0;31.94017094017094;31.99145299145299;32.0;32.0;1;1
37.879;-45.0;0.0;0.0;31.94017094017094;31.99145299145299;32.0;32.0;1;1
37.981;-45.0;0.0;0.0;31.94017094017094;31.99145299145299;32.0;32.0;1;1
38.085;-45.0;0.0;0.0;31.94017094017094;31.99145299145299;32.0;32.0;1;1
38.195;-45.0;0.0;0.0;31.94017094017094;31.99145299145299;32.0;32.0;1;1
38.314;-45.0;0.0;0.0;31.94017094017094;31.99145299145299;32.0;32.0;1;1
38.416;-45.0;0.0;0.0;31.94017094017094;31.99145299145299;32.0;32.0;1;1
38.529;-45.0;0.0;0.0;31.94017094017094;31.99145299145299;32.0;32.0;1;1
38.64;-45.0;0.0;0.0;31.94017094017094;31.99145299145299;32.0;32.0;1;1
38.752;-45.0;0.0;0.0;31.94017094017094;31.99145299145299;32.0;32.0;1;1
38.866;-45.0;0.0;0.0;31.94017094017094;31.99145299145299;32.0;32.0;1;1
38.969;-45.0;0.0;0.0;31.94017094017094;31.99145299145299;32.0;32.0;1;1
39.085;-45.0;0.0;0.0;31.94017094017094;31.99145299145299;32.0;32.0;1;1
39.197;-45.0;0.0;0.0;31.94017094017094;31.99145299145299;32.0;32.0;1;1
39.306;-45.0;0.0;0.0;31.94017094017094;31.99145299145299;32.0;32.0;1;1
39.415;-45.0;0.0;0.0;31.94017094017094;31.99145299145299;32.0;32.0;1;1
39.517;-45.0;0.0;0.0;31.94017094017094;31.99145299145299;32.0;32.0;1;1
39.626;-45.0;0.0;0.0;31.94017094017094;31.99145299145299;32.0;32.0;1;1
39.736;-45.0;0.0;0.0;31.94017094017094;31.99145299145299;32.0;32.0;1;1
39.847;-45.0;0.0;0.0;31.94017094017094;31.99145299145299;32.0;32.0;1;1
39.961;-45.0;0.0;0.0;31.94017094017094;31.99145299145299;32.0;32.0;1;1
40.077;-45.0;0.0;0.0;31.94017094017094;31.99145299145299;32.0;32.0;1;1
40.182;-45.0;0.0;0.0;31.94017094017094;31.99145299145299;32.0;32.0;1;1
40.296;-45.0;0.0;0.0;31.94017094017094;31.99145299145299;32.0;32.0;1;1
40.404;-45.0;0.5925;0.0;31.94017094017094;31.99145299145299;32.0;32.0;1;1
40.508;-45.0;0.8525;0.0;31.94017094017094;31.99145299145299;32.0;32.0;1;1
40.613;-45.0;1.37375;0.0;31.94017094017094;31.99145299145299;32.0;32.0;1;1
40.721;-45.0;2.15375;0.0;31.94017094017094;31.99145299145299;32.0;32.0;1;1
40.822;-45.0;2.67375;0.0;31.94017094017094;31.99145299145299;32.0;32.0;1;1
40.928;-45.0;3.1925;0.0;31.94017094017094;31.99145299145299;32.0;32.0;1;1
41.028;-45.0;3.70625;0.0;31.94017094017094;31.99145299145299;32.0;32.0;1;1
41.128;-45.0;4.225;0.0;31.94017094017094;31.99145299145299;32.0;32.0;1;1
41.229;-45.0;4.74375;0.0;31.94017094017094;31.99145299145299;32.0;32.0;1;1
41.333;-45.0;5.2575;0.0;31.94017094017094;31.99145299145299;32.0;32.0;1;1
41.434;-45.0;5.775;0.0;31.94017094017094;31.99145299145299;32.0;32.0;1;1
41.535;-45.0;6.29125;0.0;31.94017094017094;31.99145299145299;32.0;32.0;1;1
41.639;-45.0;6.80375;0.0;31.94017094017094;31.99145299145299;32.0;32.0;1;1
41.751;-45.0;7.32125;0.0;31.94017094017094;31.99145299145299;32.0;32.0;1;1
41.855;-45.0;7.83875;0.0;31.94017094017094;31.99145299145299;32.0;32.0;1;1
41.956;-45.0;8.61;0.0;31.94017094017094;31.99145299145299;32.0;32.0;1;1
42.057;-45.0;9.1275;0.0;31.94017094017094;31.99145299145299;32.0;32.0;1;1
42.163;-45.0;9.38625;0.0;31.94017094017094;31.99145299145299;32.0;32.0;1;1
42.275;-45.0;9.905;0.0;31.94017094017094;31.99145299145299;32.0;32.0;1;1
42.386;-45.0;10.67875;0.0;31.94017094017094;31.99145299145299;32.0;32.0;1;1
42.496;-45.0;11.18875;0.0;31.94017094017094;31.99145299145299;32.0;32.0;1;1
42.617;-45.0;11.705;0.0;31.94017094017094;31.99145299145299;32.0;32.0;1;1
42.72;-45.0;12.47375;0.0;31.94017094017094;31.99145299145299;32.0;32.0;1;1
42.832;-45.0;12.73125;0.0;31.94017094017094;31.99145299145299;32.0;32.0;1;1
42.943;-45.0;13.50625;0.0;31.94017094017094;31.99145299145299;32.0;32.0;1;1
43.052;-45.0;14.01625;0.0;31.94017094017094;31.99145299145299;32.0;32.0;1;1
43.166;-45.0;14.5325;0.0;31.94017094017094;31.99145299145299;32.0;32.0;1;1
43.273;-45.0;15.04875;0.0;31.94017094017094;31.99145299145299;32.0;32.0;1;1
43.375;-45.0;15.8175;0.0;31.94017094017094;31.99145299145299;32.0;32.0;1;1
43.485;-45.0;16.33375;0.0;31.94017094017094;31.99145299145299;32.0;32.0;1;1
43.601;-45.0;16.845;0.0;31.94017094017094;31.99145299145299;32.0;32.0;1;1
43.709;-45.0;17.36125;0.0;31.94017094017094;31.99145299145299;32.0;32.0;1;1
43.816;-45.0;17.8775;0.0;31.94017094017094;31.99145299145299;32.0;32.0;1;1
43.928;-45.0;18.38875;0.0;31.94017094017094;31.99145299145299;32.0;32.0;1;1
44.039;-45.0;19.16375;0.0;31.94017094017094;31.99145299145299;32.0;32.0;1;1
44.157;-45.0;19.68;0.0;31.94017094017094;31.94017094017094;32.0;32.0;1;1
44.266;-45.0;20.44875;0.0;31.94017094017094;31.94017094017094;32.0;32.0;1;1
44.391;-45.0;20.70875;0.0;31.94017094017094;31.94017094017094;32.0;32.0;1;1
44.492;-45.0;21.485;0.0;31.94017094017094;31.94017094017094;32.0;32.0;1;1
44.593;-45.0;21.74625;0.0;31.94017094017094;31.94017094017094;32.0;32.0;1;1
44.693;-45.0;22.5275;0.0;31.94017094017094;31.94017094017094;32.0;32.0;1;1
44.799;-45.0;23.04375;0.0;31.94017094017094;31.94017094017094;32.0;32.0;1;1
44.902;-45.0;23.565;0.0;31.94017094017094;31.94017094017094;32.0;32.0;1;1
45.041;-45.0;24.3475;0.0;31.94017094017094;31.94017094017094;32.0;32.0;1;1
45.143;-45.0;24.86875;0.0;31.94017094017094;31.94017094017094;32.0;32.0;1;1
45.247;-45.0;25.39125;0.0;31.94017094017094;31.94017094017094;32.0;32.0;1;1
45.351;-45.0;25.9075;0.0;31.94017094017094;31.94017094017094;32.0;32.0;1;1
45.453;-45.0;26.42875;0.0;31.94017094017094;31.94017094017094;32.0;32.0;1;1
45.565;-45.0;26.95125;0.0;31.94017094017094;31.94017094017094;32.0;32.0;1;1
45.676;-45.0;27.46625;0.0;31.94017094017094;31.94017094017094;32.0;32.0;1;1
45.783;-45.0;27.9875;0.0;31.94017094017094;31.94017094017094;32.0;32.0;1;1
45.896;-45.0;28.77;0.0;31.94017094017094;31.94017094017094;32.0;32.0;1;1
46.008;-45.0;29.28625;0.0;31.94017094017094;31.94017094017094;32.0;32.0;1;1
46.117;-45.0;29.805;0.0;31.94017094017094;31.99145299145299;32.0;32.0;1;1
46.217;-45.0;30.0;0.0;31.94017094017094;31.99145299145299;32.0;32.0;1;1
46.318;-45.0;30.0;0.0;31.94017094017094;31.99145299145299;32.0;32.0;1;1
46.424;-45.0;30.0;0.0;31.94017094017094;31.99145299145299;32.0;32.0;1;1
46.524;-45.0;30.0;0.0;31.94017094017094;31.99145299145299;32.0;32.0;1;1
46.635;-45.0;30.0;0.0;31.94017094017094;31.99145299145299;32.0;32.0;1;1
46.735;-45.0;30.0;0.0;31.94017094017094;31.99145299145299;32.0;32.0;1;1
46.838;-45.0;30.0;0.0;31.94017094017094;31.99145299145299;32.0;32.0;1;1
46.938;-45.0;30.0;0.0;31.94017094017094;31.99145299145299;32.0;32.0;1;1
47.039;-45.0;30.0;0.0;31.94017094017094;31.99145299145299;32.0;32.0;1;1
47.149;-45.0;30.0;0.0;31.94017094017094;31.99145299145299;32.0;32.0;1;1
47.25;-45.0;30.0;0.0;31.94017094017094;31.99145299145299;32.0;32.0;1;1
47.359;-45.0;30.0;0.0;31.94017094017094;31.99145299145299;32.0;32.0;1;1
47.468;-45.0;30.0;0.0;31.94017094017094;31.99145299145299;32.0;32.0;1;1
47.573;-45.0;30.0;0.0;31.94017094017094;31.99145299145299;32.0;32.0;1;1
47.688;-45.0;30.0;0.0;31.94017094017094;31.99145299145299;32.0;32.0;1;1
47.793;-45.0;30.0;0.0;31.94017094017094;31.99145299145299;32.0;32.0;1;1
47.897;-45.0;30.0;0.0;31.94017094017094;31.99145299145299;32.0;32.0;1;1
48.008;-45.0;30.0;0.0;31.94017094017094;31.99145299145299;32.0;32.0;1;1
48.111;-45.0;30.0;0.0;31.94017094017094;31.99145299145299;32.0;32.0;1;1
48.211;-45.0;30.0;0.0;31.94017094017094;31.99145299145299;32.0;32.0;1;1
48.324;-45.0;30.0;0.0;31.94017094017094;31.99145299145299;32.0;32.0;1;1
48.436;-45.0;30.0;0.0;31.94017094017094;31.99145299145299;32.0;32.0;1;1
48.537;-45.0;30.0;0.0;31.94017094017094;31.99145299145299;32.0;32.0;1;1
48.644;-45.0;30.0;0.0;31.94017094017094;31.99145299145299;32.0;32.0;1;1
48.755;-45.0;30.0;0.0;31.94017094017094;31.99145299145299;32.0;32.0;1;1
48.868;-45.0;30.0;0.0;31.94017094017094;31.99145299145299;32.0;32.0;1;1
48.974;-45.0;30.0;0.0;31.94017094017094;31.99145299145299;32.0;32.0;1;1
49.083;-45.0;30.0;0.0;31.94017094017094;31.99145299145299;32.0;32.0;1;1
49.199;-45.0;30.0;0.0;31.94017094017094;31.99145299145299;32.0;32.0;1;1
49.311;-45.0;30.0;0.0;31.94017094017094;31.99145299145299;32.0;32.0;1;1
49.412;-45.0;30.0;0.0;31.94017094017094;31.99145299145299;32.0;32.0;1;1
49.517;-45.0;30.0;0.0;31.94017094017094;31.99145299145299;32.0;32.0;1;1
49.633;-45.0;30.0;0.0;31.94017094017094;31.99145299145299;32.0;32.0;1;1
49.74;-45.0;30.0;0.0;31.94017094017094;31.99145299145299;32.0;32.0;1;1
49.854;-45.0;30.0;0.0;31.94017094017094;31.99145299145299;32.0;32.0;1;1
49.963;-45.0;30.0;0.0;31.94017094017094;31.99145299145299;32.0;32.0;1;1
50.076;-45.0;30.0;0.0;31.94017094017094;31.99145299145299;32.0;32.0;1;1
50.182;-45.0;30.0;0.0;31.94017094017094;31.99145299145299;32.0;32.0;1;1
50.283;-45.0;30.0;0.0;31.94017094017094;31.99145299145299;32.0;32.0;1;1
50.407;-45.0;30.0;0.0;31.94017094017094;31.99145299145299;32.0;32.0;1;1
50.52;-45.0;30.0;0.0;31.94017094017094;31.99145299145299;32.0;32.0;1;1
50.629;-45.0;30.0;0.0;31.94017094017094;31.99145299145299;32.0;32.0;1;1
50.745;-45.0;30.0;0.0;31.94017094017094;31.99145299145299;32.0;32.0;1;1
50.855;-45.0;30.0;0.0;31.94017094017094;31.99145299145299;32.0;32.0;1;1
50.967;-45.0;30.0;0.0;31.94017094017094;31.99145299145299;32.0;32.0;1;1
51.081;-45.0;30.0;0.0;31.94017094017094;31.99145299145299;32.0;32.0;1;1
51.189;-45.0;30.0;0.0;31.94017094017094;31.99145299145299;32.0;32.0;1;1
51.29;-45.0;30.0;0.0;31.94017094017094;31.99145299145299;32.0;32.0;1;1
51.39;-45.0;30.0;0.0;31.94017094017094;31.99145299145299;32.0;32.0;1;1
51.491;-45.0;30.0;0.0;31.94017094017094;31.99145299145299;32.0;32.0;1;1
51.634;-45.0;30.0;0.0;31.94017094017094;31.99145299145299;32.0;32.0;1;1
51.747;-45.0;30.0;0.0;31.94017094017094;31.99145299145299;32.0;32.0;1;1
51.857;-45.0;30.0;0.0;31.94017094017094;31.99145299145299;32.0;32.0;1;1
51.958;-45.0;30.0;0.0;31.94017094017094;31.99145299145299;32.0;32.0;1;1
52.058;-45.0;30.0;0.0;31.94017094017094;31.99145299145299;32.0;32.0;1;1
52.159;-45.0;30.0;0.0;31.94017094017094;31.99145299145299;32.0;32.0;1;1
52.272;-45.0;30.0;0.0;31.94017094017094;31.99145299145299;32.0;32.0;1;1
52.379;-45.0;30.0;0.0;31.94017094017094;31.99145299145299;32.0;32.0;1;1
52.494;-45.0;30.0;0.0;31.94017094017094;31.99145299145299;32.0;32.0;1;1
52.61;-45.0;30.0;0.0;31.94017094017094;31.99145299145299;32.0;32.0;1;1
52.718;-45.0;30.0;0.0;31.94017094017094;31.99145299145299;32.0;32.0;1;1
52.819;-45.0;30.0;0.0;31.94017094017094;31.99145299145299;32.0;32.0;1;1
52.921;-45.0;30.0;0.0;31.94017094017094;31.99145299145299;32.0;32.0;1;1
53.032;-45.0;30.0;0.0;31.94017094017094;31.99145299145299;32.0;32.0;1;1
53.133;-45.0;30.0;0.0;31.94017094017094;31.99145299145299;32.0;32.0;1;1
53.259;-45.0;30.0;0.0;31.94017094017094;31.99145299145299;32.0;32.0;1;1
53.371;-45.0;30.0;0.0;31.94017094017094;31.99145299145299;32.0;32.0;1;1
53.473;-45.0;30.0;0.0;31.94017094017094;31.99145299145299;32.0;32.0;1;1
53.58;-45.0;30.0;0.0;31.94017094017094;31.99145299145299;32.0;32.0;1;1
53.691;-45.0;30.0;0.0;31.94017094017094;31.99145299145299;32.0;32.0;1;1
53.803;-45.0;30.0;0.0;31.94017094017094;31.99145299145299;32.0;32.0;1;1
53.909;-45.0;30.0;0.0;31.94017094017094;31.99145299145299;32.0;32.0;1;1
54.024;-45.0;30.0;0.0;31.94017094017094;31.99145299145299;32.0;32.0;1;1
54.133;-45.0;30.0;0.0;31.94017094017094;31.99145299145299;32.0;32.0;1;1
54.245;-45.0;30.0;0.0;31.94017094017094;31.99145299145299;32.0;32.0;1;1
54.358;-45.0;30.0;0.0;31.94017094017094;31.99145299145299;32.0;32.0;1;1
54.461;-45.0;30.0;0.0;31.94017094017094;31.99145299145299;32.0;32.0;1;1
54.565;-45.0;30.0;0.0;31.94017094017094;31.99145299145299;32.0;32.0;1;1
54.671;-45.0;30.0;0.0;31.94017094017094;31.99145299145299;32.0;32.0;1;1
54.783;-45.0;30.0;0.0;31.94017094017094;31.99145299145299;32.0;32.0;1;1
54.892;-45.0;30.0;0.0;31.94017094017094;31.99145299145299;32.0;32.0;1;1
55.006;-45.0;30.0;0.0;31.94017094017094;31.99145299145299;32.0;32.0;1;1
55.112;-45.0;30.0;0.0;31.94017094017094;31.99145299145299;32.0;32.0;1;1
55.231;-45.0;30.0;0.0;31.94017094017094;31.99145299145299;32.0;32.0;1;1
55.334;-45.0;30.0;0.0;31.94017094017094;31.99145299145299;32.0;32.0;1;1
55.435;-45.0;30.0;0.0;31.94017094017094;31.99145299145299;32.0;32.0;1;1
55.547;-45.0;30.0;0.0;31.94017094017094;31.99145299145299;32.0;32.0;1;1
55.658;-45.0;30.0;0.0;31.94017094017094;31.99145299145299;32.0;32.0;1;1
55.769;-45.0;30.0;0.0;31.94017094017094;31.99145299145299;32.0;32.0;1;1
55.879;-45.0;30.0;0.0;31.94017094017094;31.99145299145299;32.0;32.0;1;1
55.991;-45.0;30.0;0.0;31.94017094017094;31.99145299145299;32.0;32.0;1;1
56.098;-45.0;30.0;0.0;31.94017094017094;31.99145299145299;32.0;32.0;1;1
56.199;-45.0;30.0;0.0;31.94017094017094;31.94017094017094;32.0;32.0;1;1
56.322;-45.0;30.0;0.0;31.94017094017094;31.94017094017094;32.0;32.0;1;1
56.424;-45.0;30.0;0.0;31.94017094017094;31.94017094017094;32.0;32.0;1;1
56.526;-45.0;30.0;0.0;31.94017094017094;31.94017094017094;32.0;32.0;1;1
56.627;-45.0;30.0;0.0;31.94017094017094;31.94017094017094;32.0;32.0;1;1
56.728;-45.0;30.0;0.0;31.94017094017094;31.94017094017094;32.0;32.0;1;1
56.829;-45.0;30.0;0.0;31.94017094017094;31.94017094017094;32.0;32.0;1;1
56.931;-45.0;30.0;0.0;31.94017094017094;31.94017094017094;32.0;32.0;1;1
57.032;-45.0;30.0;0.0;31.94017094017094;31.94017094017094;32.0;32.0;1;1
57.132;-45.0;30.0;0.0;31.94017094017094;31.94017094017094;32.0;32.0;1;1
57.233;-45.0;30.0;0.0;31.94017094017094;31.99145299145299;32.0;32.0;1;1
57.335;-45.0;30.0;0.0;31.94017094017094;31.99145299145299;32.0;32.0;1;1
57.442;-45.0;30.0;0.0;31.94017094017094;31.99145299145299;32.0;32.0;1;1
57.543;-45.0;30.0;0.0;31.94017094017094;31.99145299145299;32.0;32.0;1;1
57.649;-45.0;30.0;0.0;31.94017094017094;31.99145299145299;32.0;32.0;1;1
57.76;-45.0;30.0;0.0;31.94017094017094;31.99145299145299;32.0;32.0;1;1
57.869;-45.0;30.0;0.0;31.94017094017094;31.99145299145299;32.0;32.0;1;1
57.972;-45.0;30.0;0.0;31.94017094017094;31.99145299145299;32.0;32.0;1;1
58.078;-45.0;30.0;0.0;31.94017094017094;31.99145299145299;32.0;32.0;1;1
58.191;-45.0;30.0;0.0;31.94017094017094;31.99145299145299;32.0;32.0;1;1
58.297;-45.0;30.0;0.0;31.94017094017094;31.99145299145299;32.0;32.0;1;1
58.399;-45.0;30.0;0.0;31.94017094017094;31.99145299145299;32.0;32.0;1;1
58.522;-45.0;30.0;0.0;31.94017094017094;31.99145299145299;32.0;32.0;1;1
58.636;-45.0;30.0;0.0;31.94017094017094;31.99145299145299;32.0;32.0;1;1
58.737;-45.0;30.0;0.0;31.94017094017094;31.99145299145299;32.0;32.0;1;1
58.839;-45.0;30.0;0.0;31.94017094017094;31.99145299145299;32.0;32.0;1;1
58.941;-45.0;30.0;0.0;31.94017094017094;31.99145299145299;32.0;32.0;1;1
59.043;-45.0;30.0;0.0;31.94017094017094;31.99145299145299;32.0;32.0;1;1
59.143;-45.0;30.0;0.0;31.94017094017094;31.99145299145299;32.0;32.0;1;1
59.244;-45.0;30.0;0.0;31.94017094017094;31.99145299145299;32.0;32.0;1;1
59.344;-45.0;30.0;0.0;31.94017094017094;31.99145299145299;32.0;32.0;1;1
59.449;-45.0;30.0;0.0;31.94017094017094;31.99145299145299;32.0;32.0;1;1
59.55;-45.0;30.0;0.0;31.94017094017094;31.99145299145299;32.0;32.0;1;1
59.656;-45.0;30.0;0.0;31.94017094017094;31.99145299145299;32.0;32.0;1;1
59.758;-45.0;30.0;0.0;31.94017094017094;31.99145299145299;32.0;32.0;1;1
59.859;-45.0;30.0;0.0;31.94017094017094;31.99145299145299;32.0;32.0;1;1
59.961;-45.0;30.0;0.0;31.94017094017094;31.99145299145299;32.0;32.0;1;1
60.062;-45.0;30.0;0.0;31.94017094017094;31.99145299145299;32.0;32.0;1;1
60.163;-45.0;30.0;0.0;31.94017094017094;31.99145299145299;32.0;32.0;1;1
60.273;-45.0;30.0;0.0;31.94017094017094;31.99145299145299;32.0;32.0;1;1
60.383;-45.0;30.0;0.0;31.94017094017094;31.99145299145299;32.0;32.0;1;1
60.49;-45.0;30.0;0.0;31.94017094017094;31.99145299145299;32.0;32.0;1;1
60.591;-45.0;30.0;0.0;31.94017094017094;31.99145299145299;32.0;32.0;1;1
60.699;-45.0;30.0;0.0;31.94017094017094;31.99145299145299;32.0;32.0;1;1
60.81;-45.0;30.0;0.0;31.94017094017094;31.99145299145299;32.0;32.0;1;1
60.922;-45.0;30.0;0.0;31.94017094017094;31.99145299145299;32.0;32.0;1;1
61.035;-45.0;30.0;0.0;31.94017094017094;31.99145299145299;32.0;32.0;1;1
61.141;-45.0;30.0;0.0;31.94017094017094;31.99145299145299;32.0;32.0;1;1
61.254;-45.0;30.0;0.0;31.94017094017094;31.99145299145299;32.0;32.0;1;1
61.362;-45.0;30.0;0.0;31.94017094017094;31.99145299145299;32.0;32.0;1;1
61.479;-45.0;30.0;0.0;31.94017094017094;31.99145299145299;32.0;32.0;1;1
61.586;-45.0;30.0;0.0;31.94017094017094;31.99145299145299;32.0;32.0;1;1
61.696;-45.0;30.0;0.0;31.94017094017094;31.99145299145299;32.0;32.0;1;1
61.811;-45.0;30.0;0.0;31.94017094017094;31.99145299145299;32.0;32.0;1;1
61.92;-45.0;30.0;0.0;31.94017094017094;31.99145299145299;32.0;32.0;1;1
62.022;-45.0;30.0;0.0;31.94017094017094;31.99145299145299;32.0;32.0;1;1
62.127;-45.0;30.0;0.0;31.94017094017094;31.99145299145299;32.0;32.0;1;1
62.24;-45.0;30.0;0.0;31.94017094017094;31.94017094017094;32.0;32.0;1;1
62.347;-45.0;30.0;0.0;31.94017094017094;31.94017094017094;32.0;32.0;1;1
62.456;-45.0;30.0;0.0;31.94017094017094;31.94017094017094;32.0;32.0;1;1
62.571;-45.0;30.0;0.0;31.94017094017094;31.94017094017094;32.0;32.0;1;1
62.679;-45.0;30.0;0.0;31.94017094017094;31.94017094017094;32.0;32.0;1;1
62.793;-45.0;30.0;0.0;31.94017094017094;31.94017094017094;32.0;32.0;1;1
62.905;-45.0;30.0;0.0;31.94017094017094;31.94017094017094;32.0;32.0;1;1
63.016;-45.0;30.0;0.0;31.94017094017094;31.94017094017094;32.0;32.0;1;1
63.127;-45.0;30.0;0.0;31.94017094017094;31.94017094017094;32.0;32.0;1;1
63.229;-45.0;30.0;0.0;31.94017094017094;31.99145299145299;32.0;32.0;1;1
63.333;-45.0;30.0;0.0;31.94017094017094;31.99145299145299;32.0;32.0;1;1
63.44;-45.0;30.0;0.0;31.94017094017094;31.99145299145299;32.0;32.0;1;1
63.541;-45.0;30.0;0.0;31.94017094017094;31.99145299145299;32.0;32.0;1;1
63.647;-45.0;30.0;0.0;31.94017094017094;31.99145299145299;32.0;32.0;1;1
63.748;-45.0;30.0;0.0;31.94017094017094;31.99145299145299;32.0;32.0;1;1
63.848;-45.0;30.0;0.0;31.94017094017094;31.99145299145299;32.0;32.0;1;1
63.949;-45.0;30.0;0.0;31.94017094017094;31.99145299145299;32.0;32.0;1;1
64.05;-45.0;30.0;0.0;31.94017094017094;31.99145299145299;32.0;32.0;1;1
64.156;-45.0;30.0;0.0;31.94017094017094;31.99145299145299;32.0;32.0;1;1
64.265;-45.0;30.0;0.0;31.94017094017094;31.99145299145299;32.0;32.0;1;1
64.372;-45.0;30.0;0.0;31.94017094017094;31.99145299145299;32.0;32.0;1;1
64.473;-45.0;30.0;0.0;31.94017094017094;31.99145299145299;32.0;32.0;1;1
64.573;-45.0;30.0;0.0;31.94017094017094;31.99145299145299;32.0;32.0;1;1
64.673;-45.0;30.0;0.0;31.94017094017094;31.99145299145299;32.0;32.0;1;1
64.779;-45.0;30.0;0.0;31.94017094017094;31.99145299145299;32.0;32.0;1;1
64.883;-45.0;30.0;0.0;31.94017094017094;31.99145299145299;32.0;32.0;1;1
64.987;-45.0;30.0;0.0;31.94017094017094;31.99145299145299;32.0;32.0;1;1
65.094;-45.0;30.0;0.0;31.94017094017094;31.99145299145299;32.0;32.0;1;1
65.206;-45.0;30.0;0.0;31.94017094017094;31.99145299145299;32.0;32.0;1;1
65.313;-45.0;30.0;0.0;31.94017094017094;31.99145299145299;32.0;32.0;1;1
65.429;-45.0;30.0;0.0;31.94017094017094;31.99145299145299;32.0;32.0;1;1
65.546;-45.0;30.0;0.0;31.94017094017094;31.99145299145299;32.0;32.0;1;1
65.657;-45.0;30.0;0.0;31.94017094017094;31.99145299145299;32.0;32.0;1;1
65.763;-45.0;30.0;0.0;31.94017094017094;31.99145299145299;32.0;32.0;1;1
65.863;-45.0;30.0;0.0;31.94017094017094;31.99145299145299;32.0;32.0;1;1
65.975;-45.0;30.0;0.0;31.94017094017094;31.99145299145299;32.0;32.0;1;1
66.086;-45.0;30.0;0.0;31.94017094017094;31.99145299145299;32.0;32.0;1;1
66.198;-45.0;30.0;0.0;31.94017094017094;31.99145299145299;32.0;32.0;1;1
66.305;-45.0;30.0;0.0;31.94017094017094;31.99145299145299;32.0;32.0;1;1
66.418;-45.0;30.0;0.0;31.94017094017094;31.99145299145299;32.0;32.0;1;1
66.527;-45.0;30.0;0.0;31.94017094017094;31.99145299145299;32.0;32.0;1;1
66.628;-45.0;30.0;0.0;31.94017094017094;31.99145299145299;32.0;32.0;1;1
66.733;-45.0;30.0;0.0;31.94017094017094;31.99145299145299;32.0;32.0;1;1
66.833;-45.0;30.0;0.0;31.94017094017094;31.99145299145299;32.0;32.0;1;1
66.934;-45.0;30.0;0.0;31.94017094017094;31.99145299145299;32.0;32.0;1;1
67.034;-45.0;30.0;0.0;31.94017094017094;31.99145299145299;32.0;32.0;1;1
67.134;-45.0;30.0;0.0;31.94017094017094;31.99145299145299;32.0;32.0;1;1
67.238;-45.0;30.0;0.0;31.94017094017094;31.99145299145299;32.0;32.0;1;1
67.344;-45.0;30.0;0.0;31.94017094017094;31.99145299145299;32.0;32.0;1;1
67.451;-45.0;30.0;0.0;31.94017094017094;31.99145299145299;32.0;32.0;1;1
67.556;-45.0;30.0;0.0;31.94017094017094;31.99145299145299;32.0;32.0;1;1
67.659;-45.0;30.0;0.0;31.94017094017094;31.99145299145299;32.0;32.0;1;1
67.768;-45.0;30.0;0.0;31.94017094017094;31.99145299145299;32.0;32.0;1;1
67.871;-45.0;30.0;0.0;31.94017094017094;31.99145299145299;32.0;32.0;1;1
67.981;-45.0;30.0;0.0;31.94017094017094;31.99145299145299;32.0;32.0;1;1
68.085;-45.0;30.0;0.0;31.94017094017094;31.99145299145299;32.0;32.0;1;1
68.186;-45.0;30.0;0.0;31.94017094017094;31.99145299145299;32.0;32.0;1;1
68.298;-45.0;30.0;0.0;31.94017094017094;31.99145299145299;32.0;32.0;1;1
68.412;-45.0;30.0;0.0;31.94017094017094;31.99145299145299;32.0;32.0;1;1
68.528;-45.0;30.0;0.0;31.94017094017094;31.99145299145299;32.0;32.0;1;1
68.634;-45.0;30.0;0.0;31.94017094017094;31.99145299145299;32.0;32.0;1;1
68.746;-45.0;30.0;0.0;31.94017094017094;31.99145299145299;32.0;32.0;1;1
68.86;-45.0;30.0;0.0;31.94017094017094;31.99145299145299;32.0;32.0;1;1
68.961;-45.0;30.0;0.0;31.94017094017094;31.99145299145299;32.0;32.0;1;1
69.066;-45.0;30.0;0.0;31.94017094017094;31.99145299145299;32.0;32.0;1;1
69.174;-45.0;30.0;0.0;31.94017094017094;31.99145299145299;32.0;32.0;1;1
69.279;-45.0;30.0;0.0;31.94017094017094;31.99145299145299;32.0;32.0;1;1
69.394;-45.0;30.0;0.0;31.94017094017094;31.99145299145299;32.0;32.0;1;1
69.496;-45.0;30.0;0.0;31.94017094017094;31.99145299145299;32.0;32.0;1;1
69.606;-45.0;30.0;0.0;31.94017094017094;31.99145299145299;32.0;32.0;1;1
69.738;-45.0;30.0;0.0;31.94017094017094;31.99145299145299;32.0;32.0;1;1
69.839;-45.0;30.0;0.0;31.94017094017094;31.99145299145299;32.0;32.0;1;1
69.94;-45.0;30.0;0.0;31.94017094017094;31.99145299145299;32.0;32.0;1;1
70.063;-45.0;30.0;0.0;31.94017094017094;31.99145299145299;32.0;32.0;1;1
70.175;-45.0;30.0;0.0;31.94017094017094;31.99145299145299;32.0;32.0;1;1
70.285;-45.0;30.0;0.0;31.94017094017094;31.99145299145299;32.0;32.0;1;1
70.399;-45.0;30.0;0.0;31.94017094017094;31.99145299145299;32.0;32.0;1;1
70.506;-45.0;30.0;0.0;31.94017094017094;31.99145299145299;32.0;32.0;1;1
70.609;-45.0;30.0;0.0;31.94017094017094;31.99145299145299;32.0;32.0;1;1
70.735;-45.0;30.0;0.0;31.94017094017094;31.99145299145299;32.0;32.0;1;1
70.837;-45.0;30.0;0.0;31.94017094017094;31.99145299145299;32.0;32.0;1;1
70.938;-45.0;30.0;0.0;31.94017094017094;31.99145299145299;32.0;32.0;1;1
71.05;-45.0;30.0;0.0;31.94017094017094;31.99145299145299;32.0;32.0;1;1
71.16;-45.0;30.0;0.0;31.94017094017094;31.99145299145299;32.0;32.0;1;1
71.274;-45.0;30.0;0.0;31.94017094017094;31.99145299145299;32.0;32.0;1;1
71.385;-45.0;30.0;0.0;31.94017094017094;31.99145299145299;32.0;32.0;1;1
71.49;-45.0;30.0;0.0;31.94017094017094;31.99145299145299;32.0;32.0;1;1
71.614;-45.0;30.0;0.0;31.94017094017094;31.99145299145299;32.0;32.0;1;1
71.718;-45.0;30.0;0.0;31.94017094017094;31.99145299145299;32.0;32.0;1;1
71.832;-45.0;30.0;0.0;31.94017094017094;31.99145299145299;32.0;32.0;1;1
71.939;-45.0;30.0;0.0;31.94017094017094;31.99145299145299;32.0;32.0;1;1
72.056;-45.0;30.0;0.0;31.94017094017094;31.99145299145299;32.0;32.0;1;1
72.159;-45.0;30.0;0.0;31.94017094017094;31.99145299145299;32.0;32.0;1;1
72.276;-45.0;30.0;0.0;31.94017094017094;31.94017094017094;32.0;32.0;1;1
72.383;-45.0;30.0;0.0;31.94017094017094;31.94017094017094;32.0;32.0;1;1
72.496;-45.0;30.0;0.0;31.94017094017094;31.94017094017094;32.0;32.0;1;1
72.599;-45.0;30.0;0.0;31.94017094017094;31.94017094017094;32.0;32.0;1;1
72.705;-45.0;30.0;0.0;31.94017094017094;31.94017094017094;32.0;32.0;1;1
72.816;-45.0;30.0;0.0;31.94017094017094;31.94017094017094;32.0;32.0;1;1
72.927;-45.0;30.0;0.0;31.94017094017094;31.94017094017094;32.0;32.0;1;1
73.039;-45.0;30.0;0.0;31.94017094017094;31.94017094017094;32.0;32.0;1;1
73.149;-45.0;30.0;0.0;31.94017094017094;31.94017094017094;32.0;32.0;1;1
73.257;-45.0;30.0;0.0;31.94017094017094;31.99145299145299;32.0;32.0;1;1
73.372;-45.0;30.0;0.0;31.94017094017094;31.99145299145299;32.0;32.0;1;1
73.48;-45.0;30.0;0.0;31.94017094017094;31.99145299145299;32.0;32.0;1;1
73.583;-45.0;30.0;0.0;31.94017094017094;31.99145299145299;32.0;32.0;1;1
73.685;-45.0;30.0;0.0;31.94017094017094;31.99145299145299;32.0;32.0;1;1
73.785;-45.0;30.0;0.0;31.94017094017094;31.99145299145299;32.0;32.0;1;1
73.886;-45.0;30.0;0.0;31.94017094017094;31.99145299145299;32.0;32.0;1;1
73.987;-45.0;30.0;0.0;31.94017094017094;31.99145299145299;32.0;32.0;1;1
74.088;-45.0;30.0;0.0;31.94017094017094;31.99145299145299;32.0;32.0;1;1
74.189;-45.0;30.0;0.0;31.94017094017094;31.94017094017094;32.0;32.0;1;1
74.294;-45.0;30.0;0.0;31.94017094017094;31.94017094017094;32.0;32.0;1;1
74.394;-45.0;30.0;0.0;31.94017094017094;31.94017094017094;32.0;32.0;1;1
74.498;-45.0;30.0;0.0;31.94017094017094;31.94017094017094;32.0;32.0;1;1
74.6;-45.0;30.0;0.0;31.94017094017094;31.94017094017094;32.0;32.0;1;1
74.702;-45.0;30.0;0.0;31.94017094017094;31.94017094017094;32.0;32.0;1;1
74.806;-45.0;30.0;0.0;31.94017094017094;31.94017094017094;32.0;32.0;1;1
74.909;-45.0;30.0;0.0;31.94017094017094;31.94017094017094;32.0;32.0;1;1
75.013;-45.0;30.0;0.0;31.94017094017094;31.94017094017094;32.0;32.0;1;1
75.114;-45.0;30.0;0.0;31.94017094017094;31.94017094017094;32.0;32.0;1;1
75.215;-45.0;30.0;0.0;31.94017094017094;31.99145299145299;32.0;32.0;1;1
75.315;-45.0;30.0;0.0;31.94017094017094;31.99145299145299;32.0;32.0;1;1
75.416;-45.0;30.0;0.0;31.94017094017094;31.99145299145299;32.0;32.0;1;1
75.516;-45.0;30.0;0.0;31.94017094017094;31.99145299145299;32.0;32.0;1;1
75.618;-45.0;30.0;0.0;31.94017094017094;31.99145299145299;32.0;32.0;1;1
75.721;-45.0;30.0;0.0;31.94017094017094;31.99145299145299;32.0;32.0;1;1
75.825;-45.0;30.0;0.0;31.94017094017094;31.99145299145299;32.0;32.0;1;1
75.93;-45.0;30.0;0.0;31.94017094017094;31.99145299145299;32.0;32.0;1;1
76.042;-45.0;30.0;0.0;31.94017094017094;31.99145299145299;32.0;32.0;1;1
76.146;-45.0;30.0;0.0;31.94017094017094;31.99145299145299;32.0;32.0;1;1
76.249;-45.0;30.0;0.0;31.94017094017094;31.99145299145299;32.0;32.0;1;1
76.358;-45.0;30.0;0.0;31.94017094017094;31.99145299145299;32.0;32.0;1;1
76.459;-45.0;30.0;0.0;31.94017094017094;31.99145299145299;32.0;32.0;1;1
76.562;-45.0;30.0;0.0;31.94017094017094;31.99145299145299;32.0;32.0;1;1
76.663;-45.0;30.0;0.0;31.94017094017094;31.99145299145299;32.0;32.0;1;1
76.771;-45.0;30.0;0.0;31.94017094017094;31.99145299145299;32.0;32.0;1;1
76.883;-45.0;30.0;0.0;31.94017094017094;31.99145299145299;32.0;32.0;1;1
76.992;-45.0;30.0;0.0;31.94017094017094;31.99145299145299;32.0;32.0;1;1
77.102;-45.0;30.0;0.0;31.94017094017094;31.99145299145299;32.0;32.0;1;1
77.21;-45.0;30.0;0.0;31.94017094017094;31.99145299145299;32.0;32.0;1;1
77.322;-45.0;30.0;0.0;31.94017094017094;31.99145299145299;32.0;32.0;1;1
77.43;-45.0;30.0;0.0;31.94017094017094;31.99145299145299;32.0;32.0;1;1
77.543;-45.0;30.0;0.0;31.94017094017094;31.99145299145299;32.0;32.0;1;1
77.643;-45.0;30.0;0.0;31.94017094017094;31.99145299145299;32.0;32.0;1;1
77.749;-45.0;30.0;0.0;31.94017094017094;31.99145299145299;32.0;32.0;1;1
77.86;-45.0;30.0;0.0;31.94017094017094;31.99145299145299;32.0;32.0;1;1
77.968;-45.0;30.0;0.0;31.94017094017094;31.99145299145299;32.0;32.0;1;1
78.087;-45.0;30.0;0.0;31.94017094017094;31.99145299145299;32.0;32.0;1;1
78.197;-45.0;30.0;0.0;31.94017094017094;31.99145299145299;32.0;32.0;1;1
78.31;-45.0;30.0;0.0;31.94017094017094;31.99145299145299;32.0;32.0;1;1
78.421;-45.0;30.0;0.0;31.94017094017094;31.99145299145299;32.0;32.0;1;1
78.522;-45.0;30.0;0.0;31.94017094017094;31.99145299145299;32.0;32.0;1;1
78.625;-45.0;30.0;0.0;31.94017094017094;31.99145299145299;32.0;32.0;1;1
78.741;-45.0;30.0;0.0;31.94017094017094;31.99145299145299;32.0;32.0;1;1
78.849;-45.0;30.0;0.0;31.94017094017094;31.99145299145299;32.0;32.0;1;1
78.968;-45.0;30.0;0.0;31.94017094017094;31.99145299145299;32.0;32.0;1;1
79.072;-45.0;30.0;0.0;31.94017094017094;31.99145299145299;32.0;32.0;1;1
79.183;-45.0;30.0;0.0;31.94017094017094;31.99145299145299;32.0;32.0;1;1
79.296;-45.0;30.0;0.0;31.94017094017094;31.99145299145299;32.0;32.0;1;1
79.424;-45.0;30.0;0.0;31.94017094017094;31.99145299145299;32.0;32.0;1;1
79.538;-45.0;30.0;0.0;31.94017094017094;31.99145299145299;32.0;32.0;1;1
79.645;-45.0;30.0;0.0;31.94017094017094;31.99145299145299;32.0;32.0;1;1
79.751;-45.0;30.0;0.0;31.94017094017094;31.99145299145299;32.0;32.0;1;1
79.852;-45.0;30.0;0.0;31.94017094017094;31.99145299145299;32.0;32.0;1;1
79.966;-45.0;30.0;0.0;31.94017094017094;31.99145299145299;32.0;32.0;1;1
80.08;-45.0;30.0;0.0;31.94017094017094;31.99145299145299;32.0;32.0;1;1
80.184;-45.0;30.0;0.0;31.94017094017094;31.99145299145299;32.0;32.0;1;1
80.285;-45.0;30.0;0.0;31.94017094017094;31.94017094017094;32.0;32.0;1;1
80.405;-45.0;30.0;0.0;31.94017094017094;31.94017094017094;32.0;32.0;1;1
80.505;-45.0;30.0;0.0;31.94017094017094;31.94017094017094;32.0;32.0;1;1
80.612;-45.0;30.0;0.0;31.94017094017094;31.94017094017094;32.0;32.0;1;1
80.712;-45.0;30.0;0.0;31.94017094017094;31.94017094017094;32.0;32.0;1;1
80.833;-45.0;30.0;0.0;31.94017094017094;31.94017094017094;32.0;32.0;1;1
80.933;-45.0;30.0;0.0;31.94017094017094;31.94017094017094;32.0;32.0;1;1
81.055;-45.0;30.0;0.0;31.94017094017094;31.94017094017094;32.0;32.0;1;1
81.155;-45.0;30.0;0.0;31.94017094017094;31.94017094017094;32.0;32.0;1;1
81.262;-45.0;30.0;0.0;31.94017094017094;31.99145299145299;32.0;32.0;1;1
81.362;-45.0;30.0;0.0;31.94017094017094;31.99145299145299;32.0;32.0;1;1
81.489;-45.0;30.0;0.0;31.94017094017094;31.99145299145299;32.0;32.0;1;1
81.595;-45.0;30.0;0.0;31.94017094017094;31.99145299145299;32.0;32.0;1;1
81.696;-45.0;30.0;0.0;31.94017094017094;31.99145299145299;32.0;32.0;1;1
81.797;-45.0;30.0;0.0;31.94017094017094;31.99145299145299;32.0;32.0;1;1
81.898;-45.0;30.0;0.0;31.94017094017094;31.99145299145299;32.0;32.0;1;1
82.001;-45.0;30.0;0.0;31.94017094017094;31.99145299145299;32.0;32.0;1;1
82.102;-45.0;30.0;0.0;31.94017094017094;31.99145299145299;32.0;32.0;1;1
82.205;-45.0;30.0;0.0;31.94017094017094;31.99145299145299;32.0;32.0;1;1
82.312;-45.0;30.0;0.0;31.94017094017094;31.99145299145299;32.0;32.0;1;1
82.42;-45.0;30.0;0.0;31.94017094017094;31.99145299145299;32.0;32.0;1;1
82.526;-45.0;30.0;0.0;31.94017094017094;31.99145299145299;32.0;32.0;1;1
82.63;-45.0;30.0;0.0;31.94017094017094;31.99145299145299;32.0;32.0;1;1
82.737;-45.0;30.0;0.0;31.94017094017094;31.99145299145299;32.0;32.0;1;1
82.848;-45.0;30.0;0.0;31.94017094017094;31.99145299145299;32.0;32.0;1;1
82.948;-45.0;30.0;0.0;31.94017094017094;31.99145299145299;32.0;32.0;1;1
83.048;-45.0;30.0;0.0;31.94017094017094;31.99145299145299;32.0;32.0;1;1
83.16;-45.0;30.0;0.0;31.94017094017094;31.99145299145299;32.0;32.0;1;1
83.265;-45.0;30.0;0.0;31.94017094017094;31.99145299145299;32.0;32.0;1;1
83.378;-45.0;30.0;0.0;31.94017094017094;31.99145299145299;32.0;32.0;1;1
83.492;-45.0;30.0;0.0;31.94017094017094;31.99145299145299;32.0;32.0;1;1
83.6;-45.0;30.0;0.0;31.94017094017094;31.99145299145299;32.0;32.0;1;1
83.713;-45.0;30.0;0.0;31.94017094017094;31.99145299145299;32.0;32.0;1;1
83.813;-45.0;30.0;0.0;31.94017094017094;31.99145299145299;32.0;32.0;1;1
83.915;-45.0;30.0;0.0;31.94017094017094;31.99145299145299;32.0;32.0;1;1
84.026;-45.0;30.0;0.0;31.94017094017094;31.99145299145299;32.0;32.0;1;1
84.14;-45.0;30.0;0.0;31.94017094017094;31.99145299145299;32.0;32.0;1;1
84.24;-45.0;30.0;0.0;31.94017094017094;31.99145299145299;32.0;32.0;1;1
84.341;-45.0;30.0;0.0;31.94017094017094;31.99145299145299;32.0;32.0;1;1
84.441;-45.0;30.0;0.0;31.94017094017094;31.99145299145299;32.0;32.0;1;1
84.543;-45.0;30.0;0.0;31.94017094017094;31.99145299145299;32.0;32.0;1;1
84.65;-45.0;30.0;0.0;31.94017094017094;31.99145299145299;32.0;32.0;1;1
84.751;-45.0;30.0;0.0;31.94017094017094;31.99145299145299;32.0;32.0;1;1
84.856;-45.0;30.0;0.0;31.94017094017094;31.99145299145299;32.0;32.0;1;1
84.965;-45.0;30.0;0.0;31.94017094017094;31.99145299145299;32.0;32.0;1;1
85.069;-45.0;30.0;0.0;31.94017094017094;31.99145299145299;32.0;32.0;1;1
85.171;-45.0;30.0;0.0;31.94017094017094;31.99145299145299;32.0;32.0;1;1
85.271;-45.0;30.0;0.0;31.94017094017094;31.99145299145299;32.0;32.0;1;1
85.372;-45.0;30.0;0.0;31.94017094017094;31.99145299145299;32.0;32.0;1;1
85.482;-45.0;30.0;0.0;31.94017094017094;31.99145299145299;32.0;32.0;1;1
85.592;-45.0;30.0;0.0;31.94017094017094;31.99145299145299;32.0;32.0;1;1
85.705;-45.0;30.0;0.0;31.94017094017094;31.99145299145299;32.0;32.0;1;1
85.815;-45.0;30.0;0.0;31.94017094017094;31.99145299145299;32.0;32.0;1;1
85.93;-45.0;30.0;0.0;31.94017094017094;31.99145299145299;32.0;32.0;1;1
86.04;-45.0;30.0;0.0;31.94017094017094;31.99145299145299;32.0;32.0;1;1
86.148;-45.0;30.0;0.0;31.94017094017094;31.99145299145299;32.0;32.0;1;1
86.263;-45.0;30.0;0.0;31.94017094017094;31.99145299145299;32.0;32.0;1;1
86.365;-45.0;30.0;0.0;31.94017094017094;31.99145299145299;32.0;32.0;1;1
86.468;-45.0;30.0;0.0;31.94017094017094;31.99145299145299;32.0;32.0;1;1
86.579;-45.0;30.0;0.0;31.94017094017094;31.99145299145299;32.0;32.0;1;1
86.69;-45.0;30.0;0.0;31.94017094017094;31.99145299145299;32.0;32.0;1;1
86.808;-45.0;30.0;0.0;31.94017094017094;31.99145299145299;32.0;32.0;1;1
86.916;-45.0;30.0;0.0;31.94017094017094;31.99145299145299;32.0;32.0;1;1
87.025;-45.0;30.0;0.0;31.94017094017094;31.99145299145299;32.0;32.0;1;1
87.125;-45.0;30.0;0.0;31.94017094017094;31.99145299145299;32.0;32.0;1;1
87.235;-45.0;30.0;0.0;31.94017094017094;31.99145299145299;32.0;32.0;1;1
87.343;-45.0;30.0;0.0;31.94017094017094;31.94017094017094;32.0;32.0;1;1
87.444;-45.0;30.0;0.0;31.94017094017094;31.94017094017094;32.0;32.0;1;1
87.57;-45.0;30.0;0.0;31.94017094017094;31.94017094017094;32.0;32.0;1;1
87.682;-45.0;30.0;0.0;31.94017094017094;31.94017094017094;32.0;32.0;1;1
87.791;-45.0;30.0;0.0;31.94017094017094;31.94017094017094;32.0;32.0;1;1
87.899;-45.0;30.0;0.0;31.94017094017094;31.94017094017094;32.0;32.0;1;1
87.999;-45.0;30.0;0.0;31.94017094017094;31.94017094017094;32.0;32.0;1;1
88.111;-45.0;30.0;0.0;31.94017094017094;31.94017094017094;32.0;32.0;1;1
88.221;-45.0;30.0;0.0;31.94017094017094;31.94017094017094;32.0;32.0;1;1
88.328;-45.0;30.0;0.0;31.94017094017094;31.99145299145299;32.0;32.0;1;1
88.441;-45.0;30.0;0.0;31.94017094017094;31.99145299145299;32.0;32.0;1;1
88.555;-45.0;30.0;0.0;31.94017094017094;31.99145299145299;32.0;32.0;1;1
88.664;-45.0;30.0;0.0;31.94017094017094;31.99145299145299;32.0;32.0;1;1
88.771;-45.0;30.0;0.0;31.94017094017094;31.99145299145299;32.0;32.0;1;1
88.887;-45.0;30.0;0.0;31.94017094017094;31.99145299145299;32.0;32.0;1;1
88.999;-45.0;30.0;0.0;31.94017094017094;31.99145299145299;32.0;32.0;1;1
89.103;-45.0;30.0;0.0;31.94017094017094;31.99145299145299;32.0;32.0;1;1
89.204;-45.0;30.0;0.0;31.94017094017094;31.99145299145299;32.0;32.0;1;1
89.307;-45.0;30.0;0.0;31.94017094017094;31.94017094017094;32.0;32.0;1;1
89.422;-45.0;30.0;0.0;31.94017094017094;31.94017094017094;32.0;32.0;1;1
89.532;-45.0;30.0;0.0;31.94017094017094;31.94017094017094;32.0;32.0;1;1
89.633;-45.0;30.0;0.0;31.94017094017094;31.94017094017094;32.0;32.0;1;1
89.739;-45.0;30.0;0.0;31.94017094017094;31.94017094017094;32.0;32.0;1;1
89.84;-45.0;30.0;0.0;31.94017094017094;31.94017094017094;32.0;32.0;1;1
89.944;-45.0;30.0;0.0;31.94017094017094;31.94017094017094;32.0;32.0;1;1
90.045;-45.0;30.0;0.0;31.94017094017094;31.94017094017094;32.0;32.0;1;1
90.149;-45.0;30.0;0.0;31.94017094017094;31.94017094017094;32.0;32.0;1;1
90.259;-45.0;30.0;0.0;31.94017094017094;31.94017094017094;32.0;32.0;1;1
90.36;-45.0;30.0;0.0;31.94017094017094;31.99145299145299;32.0;32.0;1;1
90.462;-45.0;30.0;0.0;31.94017094017094;31.99145299145299;32.0;32.0;1;1
90.572;-45.0;30.0;0.0;31.94017094017094;31.99145299145299;32.0;32.0;1;1
90.678;-45.0;30.0;0.0;31.94017094017094;31.99145299145299;32.0;32.0;1;1
90.791;-45.0;30.0;0.0;31.94017094017094;31.99145299145299;32.0;32.0;1;1
90.9;-45.0;30.0;0.0;31.94017094017094;31.99145299145299;32.0;32.0;1;1
91.01;-45.0;30.0;0.0;31.94017094017094;31.99145299145299;32.0;32.0;1;1
91.111;-45.0;30.0;0.0;31.94017094017094;31.99145299145299;32.0;32.0;1;1
91.216;-45.0;30.0;0.0;31.94017094017094;31.99145299145299;32.0;32.0;1;1
91.344;-45.0;30.0;0.0;31.94017094017094;31.99145299145299;32.0;32.0;1;1
91.444;-45.0;30.0;0.0;31.94017094017094;31.99145299145299;32.0;32.0;1;1
91.547;-45.0;30.0;0.0;31.94017094017094;31.99145299145299;32.0;32.0;1;1
91.653;-45.0;30.0;0.0;31.94017094017094;31.99145299145299;32.0;32.0;1;1
91.767;-45.0;30.0;0.0;31.94017094017094;31.99145299145299;32.0;32.0;1;1
91.871;-45.0;30.0;0.0;31.94017094017094;31.99145299145299;32.0;32.0;1;1
91.982;-45.0;30.0;0.0;31.94017094017094;31.99145299145299;32.0;32.0;1;1
92.085;-45.0;30.0;0.0;31.94017094017094;31.99145299145299;32.0;32.0;1;1
92.189;-45.0;30.0;0.0;31.94017094017094;31.99145299145299;32.0;32.0;1;1
92.29;-45.0;29.9875;0.0;31.94017094017094;31.99145299145299;32.0;32.0;1;1
92.398;-45.0;29.56;0.0;31.94017094017094;31.99145299145299;32.0;32.0;1;1
92.509;-45.0;29.0475;0.0;31.94017094017094;31.99145299145299;32.0;32.0;1;1
92.617;-45.0;28.52875;0.0;31.94017094017094;31.99145299145299;32.0;32.0;1;1
92.731;-45.0;28.01;0.0;31.94017094017094;31.99145299145299;32.0;32.0;1;1
92.857;-45.0;27.23875;0.0;31.94017094017094;31.99145299145299;32.0;32.0;1;1
92.959;-45.0;26.7225;0.0;31.94017094017094;31.99145299145299;32.0;32.0;1;1
93.065;-45.0;26.205;0.0;31.94017094017094;31.99145299145299;32.0;32.0;1;1
93.174;-45.0;25.68875;0.0;31.94017094017094;31.99145299145299;32.0;32.0;1;1
93.287;-45.0;24.9125;0.0;31.94017094017094;31.99145299145299;32.0;32.0;1;1
93.39;-45.0;24.4025;0.0;31.94017094017094;31.99145299145299;32.0;32.0;1;1
93.491;-45.0;23.8875;0.0;31.94017094017094;31.99145299145299;32.0;32.0;1;1
93.604;-45.0;23.37125;0.0;31.94017094017094;31.99145299145299;32.0;32.0;1;1
93.714;-45.0;22.60375;0.0;31.94017094017094;31.99145299145299;32.0;32.0;1;1
93.815;-45.0;22.34625;0.0;31.94017094017094;31.99145299145299;32.0;32.0;1;1
93.918;-45.0;21.83;0.0;31.94017094017094;31.99145299145299;32.0;32.0;1;1
94.03;-45.0;21.32;0.0;31.94017094017094;31.99145299145299;32.0;32.0;1;1
94.146;-45.0;20.54625;0.0;31.94017094017094;31.99145299145299;32.0;32.0;1;1
94.258;-45.0;20.035;0.0;31.94017094017094;31.99145299145299;32.0;32.0;1;1
94.363;-45.0;19.52;0.0;31.94017094017094;31.94017094017094;32.0;32.0;1;1
94.475;-45.0;19.00625;0.0;31.94017094017094;31.94017094017094;32.0;32.0;1;1
94.577;-45.0;18.4925;0.0;31.94017094017094;31.94017094017094;32.0;32.0;1;1
94.705;-45.0;17.72125;0.0;31.94017094017094;31.94017094017094;32.0;32.0;1;1
94.811;-45.0;17.2125;0.0;31.94017094017094;31.94017094017094;32.0;32.0;1;1
94.922;-45.0;16.69875;0.0;31.94017094017094;31.94017094017094;32.0;32.0;1;1
95.023;-45.0;15.9275;0.0;31.94017094017094;31.94017094017094;32.0;32.0;1;1
95.124;-45.0;15.41875;0.0;31.94017094017094;31.94017094017094;32.0;32.0;1;1
95.237;-45.0;15.16125;0.0;31.94017094017094;31.94017094017094;32.0;32.0;1;1
95.348;-45.0;14.6475;0.0;31.99145299145299;31.99145299145299;32.0;32.0;1;1
95.455;-45.0;13.88125;0.0;31.99145299145299;31.99145299145299;32.0;32.0;1;1
95.556;-45.0;13.36625;0.0;31.99145299145299;31.99145299145299;32.0;32.0;1;1
95.665;-45.0;12.8525;0.0;31.99145299145299;31.99145299145299;32.0;32.0;1;1
95.769;-45.0;12.3425;0.0;31.99145299145299;31.99145299145299;32.0;32.0;1;1
95.87;-45.0;11.82875;0.0;31.99145299145299;31.99145299145299;32.0;32.0;1;1
95.972;-45.0;11.31875;0.0;31.99145299145299;31.99145299145299;32.0;32.0;1;1
96.073;-45.0;10.80375;0.0;31.99145299145299;31.99145299145299;32.0;32.0;1;1
96.176;-45.0;10.03125;0.0;31.99145299145299;31.99145299145299;32.0;32.0;1;1
96.28;-45.0;9.78;0.0;31.94017094017094;31.99145299145299;32.0;32.0;1;1
96.39;-45.0;9.005;0.0;31.94017094017094;31.99145299145299;32.0;32.0;1;1
96.491;-45.0;8.485;0.0;31.94017094017094;31.99145299145299;32.0;32.0;1;1
96.592;-45.0;7.97125;0.0;31.94017094017094;31.99145299145299;32.0;32.0;1;1
96.699;-45.0;7.4525;0.0;31.94017094017094;31.99145299145299;32.0;32.0;1;1
96.8;-45.0;6.9325;0.0;31.94017094017094;31.99145299145299;32.0;32.0;1;1
96.901;-45.0;6.41875;0.0;31.94017094017094;31.99145299145299;32.0;32.0;1;1
97.004;-45.0;6.15875;0.0;31.94017094017094;31.99145299145299;32.0;32.0;1;1
97.114;-45.0;5.37875;0.0;31.94017094017094;31.99145299145299;32.0;32.0;1;1
97.226;-45.0;4.865;0.0;31.94017094017094;31.99145299145299;32.0;32.0;1;1
97.333;-45.0;4.345;0.0;31.99145299145299;31.99145299145299;32.0;32.0;1;1
97.445;-45.0;3.825;0.0;31.99145299145299;31.99145299145299;32.0;32.0;1;1
97.552;-45.0;3.305;0.0;31.99145299145299;31.99145299145299;32.0;32.0;1;1
97.667;-45.0;2.52625;0.0;31.99145299145299;31.99145299145299;32.0;32.0;1;1
97.771;-45.0;2.0125;0.0;31.99145299145299;31.99145299145299;32.0;32.0;1;1
97.872;-45.0;1.4925;0.0;31.99145299145299;31.99145299145299;32.0;32.0;1;1
97.988;-45.0;0.71875;0.0;31.99145299145299;31.99145299145299;32.0;32.0;1;1
98.092;-45.0;0.45875;0.0;31.99145299145299;31.99145299145299;32.0;32.0;1;1
98.193;-45.0;-0.06125;0.0;31.99145299145299;31.99145299145299;32.0;32.0;1;1
98.315;-45.0;-0.83625;0.0;31.94017094017094;31.99145299145299;32.0;32.0;1;1
98.431;-45.0;-1.35625;0.0;31.94017094017094;31.99145299145299;32.0;32.0;1;1
98.537;-45.0;-1.87625;0.0;31.94017094017094;31.99145299145299;32.0;32.0;1;1
98.645;-45.0;-2.39;0.0;31.94017094017094;31.99145299145299;32.0;32.0;1;1
98.765;-45.0;-3.17;0.0;31.94017094017094;31.99145299145299;32.0;32.0;1;1
98.871;-45.0;-3.69;0.0;31.94017094017094;31.99145299145299;32.0;32.0;1;1
98.972;-45.0;-4.21;0.0;31.94017094017094;31.99145299145299;32.0;32.0;1;1
99.092;-45.0;-4.73;0.0;31.94017094017094;31.99145299145299;32.0;32.0;1;1
99.193;-45.0;-5.505;0.0;31.94017094017094;31.99145299145299;32.0;32.0;1;1
99.308;-45.0;-5.765;0.0;31.94017094017094;31.99145299145299;32.0;32.0;1;1
99.415;-45.0;-6.545;0.0;31.94017094017094;31.99145299145299;32.0;32.0;1;1
99.523;-45.0;-7.05875;0.0;31.94017094017094;31.99145299145299;32.0;32.0;1;1
99.638;-45.0;-7.58;0.0;31.94017094017094;31.99145299145299;32.0;32.0;1;1
99.745;-45.0;-8.1;0.0;31.94017094017094;31.99145299145299;32.0;32.0;1;1
99.847;-45.0;-8.875;0.0;31.94017094017094;31.99145299145299;32.0;32.0;1;1
99.959;-45.0;-9.135;0.0;31.94017094017094;31.99145299145299;32.0;32.0;1;1
100.064;-45.0;-9.89625;0.0;31.94017094017094;31.99145299145299;32.0;32.0;1;1
100.179;-45.0;-10.0;0.0;31.94017094017094;31.99145299145299;32.0;32.0;1;1
100.289;-45.0;-10.0;0.0;31.94017094017094;31.99145299145299;32.0;32.0;1;1
100.399;-45.0;-10.0;0.0;31.94017094017094;31.99145299145299;32.0;32.0;1;1
100.501;-45.0;-10.0;0.0;31.94017094017094;31.99145299145299;32.0;32.0;1;1
100.608;-45.0;-10.0;0.0;31.94017094017094;31.99145299145299;32.0;32.0;1;1
100.716;-45.0;-10.0;0.0;31.94017094017094;31.99145299145299;32.0;32.0;1;1
100.833;-45.0;-10.0;0.0;31.94017094017094;31.99145299145299;32.0;32.0;1;1
100.944;-45.0;-10.0;0.0;31.94017094017094;31.99145299145299;32.0;32.0;1;1
101.05;-45.0;-10.0;0.0;31.94017094017094;31.99145299145299;32.0;32.0;1;1
101.166;-45.0;-10.0;0.0;31.94017094017094;31.99145299145299;32.0;32.0;1;1
101.278;-45.0;-10.0;0.0;31.94017094017094;31.99145299145299;32.0;32.0;1;1
101.391;-45.0;-10.0;0.0;31.99145299145299;31.99145299145299;32.0;32.0;1;1
101.497;-45.0;-10.0;0.0;31.99145299145299;31.99145299145299;32.0;32.0;1;1
101.6;-45.0;-10.0;0.0;31.99145299145299;31.99145299145299;32.0;32.0;1;1
101.706;-45.0;-10.0;0.0;31.99145299145299;31.99145299145299;32.0;32.0;1;1
101.817;-45.0;-10.0;0.0;31.99145299145299;31.99145299145299;32.0;32.0;1;1
101.924;-45.0;-10.0;0.0;31.99145299145299;31.99145299145299;32.0;32.0;1;1
102.025;-45.0;-10.0;0.0;31.99145299145299;31.99145299145299;32.0;32.0;1;1
102.125;-45.0;-10.0;0.0;31.99145299145299;31.99145299145299;32.0;32.0;1;1
102.226;-45.0;-10.0;0.0;31.99145299145299;31.99145299145299;32.0;32.0;1;1
102.326;-45.0;-10.0;0.0;31.94017094017094;31.99145299145299;32.0;32.0;1;1
102.433;-45.0;-10.0;0.0;31.94017094017094;31.99145299145299;32.0;32.0;1;1
102.542;-45.0;-10.0;0.0;31.94017094017094;31.99145299145299;32.0;32.0;1;1
102.645;-45.0;-10.0;0.0;31.94017094017094;31.99145299145299;32.0;32.0;1;1
102.757;-45.0;-10.0;0.0;31.94017094017094;31.99145299145299;32.0;32.0;1;1
102.859;-45.0;-10.0;0.0;31.94017094017094;31.99145299145299;32.0;32.0;1;1
102.961;-45.0;-10.0;0.0;31.94017094017094;31.99145299145299;32.0;32.0;1;1
103.063;-45.0;-10.0;0.0;31.94017094017094;31.99145299145299;32.0;32.0;1;1
103.165;-45.0;-10.0;0.0;31.94017094017094;31.99145299145299;32.0;32.0;1;1
103.266;-45.0;-10.0;0.0;31.94017094017094;31.99145299145299;32.0;32.0;1;1
103.379;-45.0;-10.0;0.0;31.94017094017094;31.94017094017094;32.0;32.0;1;1
103.488;-45.0;-10.0;0.0;31.94017094017094;31.94017094017094;32.0;32.0;1;1
103.603;-45.0;-10.0;0.0;31.94017094017094;31.94017094017094;32.0;32.0;1;1
103.708;-45.0;-10.0;0.0;31.94017094017094;31.94017094017094;32.0;32.0;1;1
103.824;-45.0;-10.0;0.0;31.94017094017094;31.94017094017094;32.0;32.0;1;1
103.926;-45.0;-10.0;0.0;31.94017094017094;31.94017094017094;32.0;32.0;1;1
104.033;-45.0;-10.0;0.0;31.94017094017094;31.94017094017094;32.0;32.0;1;1
104.144;-45.0;-10.0;0.0;31.94017094017094;31.94017094017094;32.0;32.0;1;1
104.254;-45.0;-10.0;0.0;31.94017094017094;31.94017094017094;32.0;32.0;1;1
104.361;-45.0;-10.0;0.0;31.94017094017094;31.94017094017094;32.0;32.0;1;1
104.462;-45.0;-10.0;0.0;31.94017094017094;31.94017094017094;32.0;32.0;1;1
104.584;-45.0;-10.0;0.0;31.94017094017094;31.94017094017094;32.0;32.0;1;1
104.701;-45.0;-10.0;0.0;31.94017094017094;31.94017094017094;32.0;32.0;1;1
104.811;-45.0;-10.0;0.0;31.94017094017094;31.94017094017094;32.0;32.0;1;1
104.927;-45.0;-10.0;0.0;31.94017094017094;31.94017094017094;32.0;32.0;1;1
105.03;-45.0;-10.0;0.0;31.94017094017094;31.94017094017094;32.0;32.0;1;1
105.135;-45.0;-10.0;0.0;31.94017094017094;31.94017094017094;32.0;32.0;1;1
105.24;-45.0;-10.0;0.0;31.94017094017094;31.94017094017094;32.0;32.0;1;1
105.349;-45.0;-10.0;0.0;31.99145299145299;31.94017094017094;32.0;32.0;1;1
105.46;-45.0;-10.0;0.0;31.99145299145299;31.94017094017094;32.0;32.0;1;1
105.57;-45.0;-10.0;0.0;31.99145299145299;31.94017094017094;32.0;32.0;1;1
105.681;-45.0;-10.0;0.0;31.99145299145299;31.94017094017094;32.0;32.0;1;1
105.792;-45.0;-10.0;0.0;31.99145299145299;31.94017094017094;32.0;32.0;1;1
105.9;-45.0;-10.0;0.0;31.99145299145299;31.94017094017094;32.0;32.0;1;1
106.015;-45.0;-10.0;0.0;31.99145299145299;31.94017094017094;32.0;32.0;1;1
106.115;-45.0;-10.0;0.0;31.99145299145299;31.94017094017094;32.0;32.0;1;1
106.216;-45.0;-10.0;0.0;31.99145299145299;31.94017094017094;32.0;32.0;1;1
106.344;-45.0;-10.0;0.0;31.94017094017094;31.99145299145299;32.0;32.0;1;1
106.457;-45.0;-10.0;0.0;31.94017094017094;31.99145299145299;32.0;32.0;1;1
106.567;-45.0;-10.0;0.0;31.94017094017094;31.99145299145299;32.0;32.0;1;1
106.679;-45.0;-10.0;0.0;31.94017094017094;31.99145299145299;32.0;32.0;1;1
106.792;-45.0;-10.0;0.0;31.94017094017094;31.99145299145299;32.0;32.0;1;1
106.899;-45.0;-10.0;0.0;31.94017094017094;31.99145299145299;32.0;32.0;1;1
107.014;-45.0;-10.0;0.0;31.94017094017094;31.99145299145299;32.0;32.0;1;1
107.121;-45.0;-10.0;0.0;31.94017094017094;31.99145299145299;32.0;32.0;1;1
107.234;-45.0;-10.0;0.0;31.94017094017094;31.99145299145299;32.0;32.0;1;1
107.342;-45.0;-10.0;0.0;31.99145299145299;31.99145299145299;32.0;32.0;1;1
107.453;-45.0;-10.0;0.0;31.99145299145299;31.99145299145299;32.0;32.0;1;1
107.566;-45.0;-10.0;0.0;31.99145299145299;31.99145299145299;32.0;32.0;1;1
107.673;-45.0;-10.0;0.0;31.99145299145299;31.99145299145299;32.0;32.0;1;1
107.786;-45.0;-10.0;0.0;31.99145299145299;31.99145299145299;32.0;32.0;1;1
107.895;-45.0;-10.0;0.0;31.99145299145299;31.99145299145299;32.0;32.0;1;1
108.01;-45.0;-10.0;0.0;31.99145299145299;31.99145299145299;32.0;32.0;1;1
108.114;-45.0;-10.0;0.0;31.99145299145299;31.99145299145299;32.0;32.0;1;1
108.217;-45.0;-10.0;0.0;31.99145299145299;31.99145299145299;32.0;32.0;1;1
108.322;-45.0;-10.0;0.0;31.94017094017094;31.99145299145299;32.0;32.0;1;1
108.437;-45.0;-10.0;0.0;31.94017094017094;31.99145299145299;32.0;32.0;1;1
108.545;-45.0;-10.0;0.0;31.94017094017094;31.99145299145299;32.0;32.0;1;1
108.658;-45.0;-10.0;0.0;31.94017094017094;31.99145299145299;32.0;32.0;1;1
108.769;-45.0;-10.0;0.0;31.94017094017094;31.99145299145299;32.0;32.0;1;1
108.889;-45.0;-10.0;0.0;31.94017094017094;31.99145299145299;32.0;32.0;1;1
108.993;-45.0;-10.0;0.0;31.94017094017094;31.99145299145299;32.0;32.0;1;1
109.099;-45.0;-10.0;0.0;31.94017094017094;31.99145299145299;32.0;32.0;1;1
109.201;-45.0;-10.0;0.0;31.94017094017094;31.99145299145299;32.0;32.0;1;1
109.305;-45.0;-10.0;0.0;31.94017094017094;31.99145299145299;32.0;32.0;1;1
109.419;-45.0;-10.0;0.0;31.94017094017094;31.99145299145299;32.0;32.0;1;1
109.547;-45.0;-10.0;0.0;31.94017094017094;31.99145299145299;32.0;32.0;1;1
109.658;-45.0;-10.0;0.0;31.94017094017094;31.99145299145299;32.0;32.0;1;1
109.759;-45.0;-10.0;0.0;31.94017094017094;31.99145299145299;32.0;32.0;1;1
109.866;-45.0;-10.0;0.0;31.94017094017094;31.99145299145299;32.0;32.0;1;1
109.971;-45.0;-10.0;0.0;31.94017094017094;31.99145299145299;32.0;32.0;1;1
110.087;-45.0;-10.0;0.0;31.94017094017094;31.99145299145299;32.0;32.0;1;1
110.193;-45.0;-10.0;0.0;31.94017094017094;31.99145299145299;32.0;32.0;1;1
110.309;-45.0;-10.0;0.0;31.94017094017094;31.99145299145299;32.0;32.0;1;1
110.421;-45.0;-10.0;0.0;31.94017094017094;31.99145299145299;32.0;32.0;1;1
110.523;-45.0;-10.0;0.0;31.94017094017094;31.99145299145299;32.0;32.0;1;1
110.626;-45.0;-10.0;0.0;31.94017094017094;31.99145299145299;32.0;32.0;1;1
110.743;-45.0;-10.0;0.0;31.94017094017094;31.99145299145299;32.0;32.0;1;1
110.85;-45.0;-10.0;0.0;31.94017094017094;31.99145299145299;32.0;32.0;1;1
110.965;-45.0;-10.0;0.0;31.94017094017094;31.99145299145299;32.0;32.0;1;1
111.076;-45.0;-10.0;0.0;31.94017094017094;31.99145299145299;32.0;32.0;1;1
111.188;-45.0;-10.0;0.0;31.94017094017094;31.99145299145299;32.0;32.0;1;1
111.298;-45.0;-10.0;0.0;31.94017094017094;31.99145299145299;32.0;32.0;1;1
111.418;-45.0;-10.0;0.0;31.94017094017094;31.99145299145299;32.0;32.0;1;1
111.518;-45.0;-10.0;0.0;31.94017094017094;31.99145299145299;32.0;32.0;1;1
111.618;-45.0;-10.0;0.0;31.94017094017094;31.99145299145299;32.0;32.0;1;1
111.725;-45.0;-10.0;0.0;31.94017094017094;31.99145299145299;32.0;32.0;1;1
111.83;-45.0;-10.0;0.0;31.94017094017094;31.99145299145299;32.0;32.0;1;1
111.94;-45.0;-10.0;0.0;31.94017094017094;31.99145299145299;32.0;32.0;1;1
112.042;-45.0;-10.0;0.0;31.94017094017094;31.99145299145299;32.0;32.0;1;1
112.146;-45.0;-10.0;0.0;31.94017094017094;31.99145299145299;32.0;32.0;1;1
112.249;-45.0;-10.0;0.0;31.94017094017094;31.99145299145299;32.0;32.0;1;1
112.353;-45.0;-10.0;0.0;31.94017094017094;31.94017094017094;32.0;32.0;1;1
112.454;-45.0;-10.0;0.0;31.94017094017094;31.94017094017094;32.0;32.0;1;1
112.559;-45.0;-10.0;0.0;31.94017094017094;31.94017094017094;32.0;32.0;1;1
112.66;-45.0;-10.0;0.0;31.94017094017094;31.94017094017094;32.0;32.0;1;1
112.76;-45.0;-10.0;0.0;31.94017094017094;31.94017094017094;32.0;32.0;1;1
112.861;-45.0;-10.0;0.0;31.94017094017094;31.94017094017094;32.0;32.0;1;1
112.961;-45.0;-10.0;0.0;31.94017094017094;31.94017094017094;32.0;32.0;1;1
113.062;-45.0;-10.0;0.0;31.94017094017094;31.94017094017094;32.0;32.0;1;1
113.164;-45.0;-10.0;0.0;31.94017094017094;31.94017094017094;32.0;32.0;1;1
113.265;-45.0;-10.0;0.0;31.94017094017094;31.94017094017094;32.0;32.0;1;1
113.377;-45.0;-10.0;0.0;31.94017094017094;31.99145299145299;32.0;32.0;1;1
113.484;-45.0;-10.0;0.0;31.94017094017094;31.99145299145299;32.0;32.0;1;1
113.585;-45.0;-10.0;0.0;31.94017094017094;31.99145299145299;32.0;32.0;1;1
113.694;-45.0;-10.0;0.0;31.94017094017094;31.99145299145299;32.0;32.0;1;1
113.799;-45.0;-10.0;0.0;31.94017094017094;31.99145299145299;32.0;32.0;1;1
113.899;-45.0;-10.0;0.0;31.94017094017094;31.99145299145299;32.0;32.0;1;1
114.009;-45.0;-10.0;0.0;31.94017094017094;31.99145299145299;32.0;32.0;1;1
114.12;-45.0;-10.0;0.0;31.94017094017094;31.99145299145299;32.0;32.0;1;1
114.24;-45.0;-10.0;0.0;31.94017094017094;31.99145299145299;32.0;32.0;1;1
114.341;-45.0;-10.0;0.0;31.99145299145299;31.99145299145299;32.0;32.0;1;1
114.452;-45.0;-10.0;0.0;31.99145299145299;31.99145299145299;32.0;32.0;1;1
114.559;-45.0;-10.0;0.0;31.99145299145299;31.99145299145299;32.0;32.0;1;1
114.674;-45.0;-10.0;0.0;31.99145299145299;31.99145299145299;32.0;32.0;1;1
114.787;-45.0;-10.0;0.0;31.99145299145299;31.99145299145299;32.0;32.0;1;1
114.894;-45.0;-10.0;0.0;31.99145299145299;31.99145299145299;32.0;32.0;1;1
114.998;-45.0;-10.0;0.0;31.99145299145299;31.99145299145299;32.0;32.0;1;1
115.098;-45.0;-10.0;0.0;31.99145299145299;31.99145299145299;32.0;32.0;1;1
115.214;-45.0;-10.0;0.0;31.99145299145299;31.99145299145299;32.0;32.0;1;1
115.329;-45.0;-10.0;0.0;31.94017094017094;31.99145299145299;32.0;32.0;1;1
115.434;-45.0;-10.0;0.0;31.94017094017094;31.99145299145299;32.0;32.0;1;1
115.535;-45.0;-10.0;0.0;31.94017094017094;31.99145299145299;32.0;32.0;1;1
115.658;-45.0;-10.0;0.0;31.94017094017094;31.99145299145299;32.0;32.0;1;1
115.77;-45.0;-10.0;0.0;31.94017094017094;31.99145299145299;32.0;32.0;1;1
115.879;-45.0;-10.0;0.0;31.94017094017094;31.99145299145299;32.0;32.0;1;1
115.988;-45.0;-10.0;0.0;31.94017094017094;31.99145299145299;32.0;32.0;1;1
116.105;-45.0;-10.0;0.0;31.94017094017094;31.99145299145299;32.0;32.0;1;1
116.209;-45.0;-10.0;0.0;31.94017094017094;31.99145299145299;32.0;32.0;1;1
116.325;-45.0;-10.0;0.0;31.94017094017094;31.99145299145299;32.0;32.0;1;1
116.438;-45.0;-10.0;0.0;31.99145299145299;31.94017094017094;32.0;32.0;1;1
116.552;-45.0;-10.0;0.0;31.99145299145299;31.94017094017094;32.0;32.0;1;1
116.659;-45.0;-10.0;0.0;31.99145299145299;31.94017094017094;32.0;32.0;1;1
116.77;-45.0;-10.0;0.0;31.99145299145299;31.94017094017094;32.0;32.0;1;1
116.897;-45.0;-10.0;0.0;31.99145299145299;31.94017094017094;32.0;32.0;1;1
116.998;-45.0;-10.0;0.0;31.99145299145299;31.94017094017094;32.0;32.0;1;1
117.109;-45.0;-10.0;0.0;31.99145299145299;31.94017094017094;32.0;32.0;1;1
117.211;-45.0;-10.0;0.0;31.99145299145299;31.94017094017094;32.0;32.0;1;1
117.312;-45.0;-10.0;0.0;31.94017094017094;31.99145299145299;32.0;32.0;1;1
117.419;-45.0;-10.0;0.0;31.94017094017094;31.99145299145299;32.0;32.0;1;1
117.52;-45.0;-10.0;0.0;31.94017094017094;31.99145299145299;32.0;32.0;1;1
117.63;-45.0;-10.0;0.0;31.94017094017094;31.99145299145299;32.0;32.0;1;1
117.752;-45.0;-10.0;0.0;31.94017094017094;31.99145299145299;32.0;32.0;1;1
117.852;-45.0;-10.0;0.0;31.94017094017094;31.99145299145299;32.0;32.0;1;1
117.98;-45.0;-10.0;0.0;31.94017094017094;31.99145299145299;32.0;32.0;1;1
118.092;-45.0;-10.0;0.0;31.94017094017094;31.99145299145299;32.0;32.0;1;1
118.193;-45.0;-10.0;0.0;31.94017094017094;31.99145299145299;32.0;32.0;1;1
118.293;-45.0;-10.0;0.0;31.94017094017094;31.99145299145299;32.0;32.0;1;1
118.395;-45.0;-10.0;0.0;31.94017094017094;31.99145299145299;32.0;32.0;1;1
118.505;-45.0;-10.0;0.0;31.94017094017094;31.99145299145299;32.0;32.0;1;1
118.612;-45.0;-10.0;0.0;31.94017094017094;31.99145299145299;32.0;32.0;1;1
118.728;-45.0;-10.0;0.0;31.94017094017094;31.99145299145299;32.0;32.0;1;1
118.84;-45.0;-10.0;0.0;31.94017094017094;31.99145299145299;32.0;32.0;1;1
118.946;-45.0;-10.0;0.0;31.94017094017094;31.99145299145299;32.0;32.0;1;1
119.06;-45.0;-10.0;0.0;31.94017094017094;31.99145299145299;32.0;32.0;1;1
119.17;-45.0;-10.0;0.0;31.94017094017094;31.99145299145299;32.0;32.0;1;1
119.277;-45.0;-10.0;0.0;31.94017094017094;31.99145299145299;32.0;32.0;1;1
119.396;-45.0;-10.0;0.0;31.94017094017094;31.99145299145299;32.0;32.0;1;1
119.505;-45.0;-10.0;0.0;31.94017094017094;31.99145299145299;32.0;32.0;1;1
119.618;-45.0;-10.0;0.0;31.94017094017094;31.99145299145299;32.0;32.0;1;1
119.729;-45.0;-10.0;0.0;31.94017094017094;31.99145299145299;32.0;32.0;1;1
119.836;-45.0;-10.0;0.0;31.94017094017094;31.99145299145299;32.0;32.0;1;1
119.939;-45.0;-10.0;0.0;31.94017094017094;31.99145299145299;32.0;32.0;1;1
120.039;-45.0;-10.0;0.0;31.94017094017094;31.99145299145299;32.0;32.0;1;1
120.14;-45.0;-10.0;0.0;31.94017094017094;31.99145299145299;32.0;32.0;1;1
120.251;-45.0;-10.0;0.0;31.94017094017094;31.99145299145299;32.0;32.0;1;1
120.353;-45.0;-10.0;0.0;31.94017094017094;31.99145299145299;32.0;32.0;1;1
120.455;-45.0;-10.0;0.0;31.94017094017094;31.99145299145299;32.0;32.0;1;1
120.556;-45.0;-10.0;0.0;31.94017094017094;31.99145299145299;32.0;32.0;1;1
120.658;-45.0;-10.0;0.0;31.94017094017094;31.99145299145299;32.0;32.0;1;1
120.76;-45.0;-10.0;0.0;31.94017094017094;31.99145299145299;32.0;32.0;1;1
120.864;-45.0;-10.0;0.0;31.94017094017094;31.99145299145299;32.0;32.0;1;1
120.965;-45.0;-10.0;0.0;31.94017094017094;31.99145299145299;32.0;32.0;1;1
121.095;-45.0;-10.0;0.0;31.94017094017094;31.99145299145299;32.0;32.0;1;1
121.206;-45.0;-10.0;0.0;31.94017094017094;31.99145299145299;32.0;32.0;1;1
121.31;-45.0;-10.0;0.0;31.94017094017094;31.99145299145299;32.0;32.0;1;1
121.413;-45.0;-10.0;0.0;31.94017094017094;31.99145299145299;32.0;32.0;1;1
121.515;-45.0;-10.0;0.0;31.94017094017094;31.99145299145299;32.0;32.0;1;1
121.626;-45.0;-10.0;0.0;31.94017094017094;31.99145299145299;32.0;32.0;1;1
121.731;-45.0;-10.0;0.0;31.94017094017094;31.99145299145299;32.0;32.0;1;1
121.846;-45.0;-10.0;0.0;31.94017094017094;31.99145299145299;32.0;32.0;1;1
121.956;-45.0;-10.0;0.0;31.94017094017094;31.99145299145299;32.0;32.0;1;1
122.068;-45.0;-10.0;0.0;31.94017094017094;31.99145299145299;32.0;32.0;1;1
122.173;-45.0;-10.0;0.0;31.94017094017094;31.99145299145299;32.0;32.0;1;1
122.278;-45.0;-10.0;0.0;31.94017094017094;31.99145299145299;32.0;32.0;1;1
122.379;-45.0;-10.0;0.0;31.94017094017094;31.99145299145299;32.0;32.0;1;1
122.486;-45.0;-10.0;0.0;31.94017094017094;31.99145299145299;32.0;32.0;1;1
122.606;-45.0;-10.0;0.0;31.94017094017094;31.99145299145299;32.0;32.0;1;1
122.716;-45.0;-10.0;0.0;31.94017094017094;31.99145299145299;32.0;32.0;1;1
122.827;-45.0;-10.0;0.0;31.94017094017094;31.99145299145299;32.0;32.0;1;1
122.928;-45.0;-10.0;0.0;31.94017094017094;31.99145299145299;32.0;32.0;1;1
123.029;-45.0;-10.0;0.0;31.94017094017094;31.99145299145299;32.0;32.0;1;1
123.131;-45.0;-10.0;0.0;31.94017094017094;31.99145299145299;32.0;32.0;1;1
123.232;-45.0;-10.0;0.0;31.94017094017094;31.99145299145299;32.0;32.0;1;1
123.337;-45.0;-10.0;0.0;31.94017094017094;31.99145299145299;32.0;32.0;1;1
123.445;-45.0;-10.0;0.0;31.94017094017094;31.99145299145299;32.0;32.0;1;1
123.561;-45.0;-10.0;0.0;31.94017094017094;31.99145299145299;32.0;32.0;1;1
123.676;-45.0;-10.0;0.0;31.94017094017094;31.99145299145299;32.0;32.0;1;1
123.788;-45.0;-10.0;0.0;31.94017094017094;31.99145299145299;32.0;32.0;1;1
123.899;-45.0;-10.0;0.0;31.94017094017094;31.99145299145299;32.0;32.0;1;1
124.008;-45.0;-10.0;0.0;31.94017094017094;31.99145299145299;32.0;32.0;1;1
124.117;-45.0;-10.0;0.0;31.94017094017094;31.99145299145299;32.0;32.0;1;1
124.226;-45.0;-10.0;0.0;31.94017094017094;31.99145299145299;32.0;32.0;1;1
124.336;-45.0;-10.0;0.0;31.94017094017094;31.99145299145299;32.0;32.0;1;1
124.438;-45.0;-10.0;0.0;31.94017094017094;31.99145299145299;32.0;32.0;1;1
124.556;-45.0;-10.0;0.0;31.94017094017094;31.99145299145299;32.0;32.0;1;1
124.657;-45.0;-10.0;0.0;31.94017094017094;31.99145299145299;32.0;32.0;1;1
124.77;-45.0;-10.0;0.0;31.94017094017094;31.99145299145299;32.0;32.0;1;1
124.881;-45.0;-10.0;0.0;31.94017094017094;31.99145299145299;32.0;32.0;1;1
124.991;-45.0;-10.0;0.0;31.94017094017094;31.99145299145299;32.0;32.0;1;1
125.105;-45.0;-10.0;0.0;31.94017094017094;31.99145299145299;32.0;32.0;1;1
125.215;-45.0;-10.0;0.0;31.94017094017094;31.99145299145299;32.0;32.0;1;1
125.319;-45.0;-10.0;0.0;31.94017094017094;31.99145299145299;32.0;32.0;1;1
125.421;-45.0;-10.0;0.0;31.99145299145299;31.99145299145299;32.0;32.0;1;1
125.529;-45.0;-10.0;0.0;31.99145299145299;31.99145299145299;32.0;32.0;1;1
125.655;-45.0;-10.0;0.0;31.99145299145299;31.99145299145299;32.0;32.0;1;1
125.755;-45.0;-10.0;0.0;31.99145299145299;31.99145299145299;32.0;32.0;1;1
125.86;-45.0;-10.0;0.0;31.99145299145299;31.99145299145299;32.0;32.0;1;1
125.973;-45.0;-10.0;0.0;31.99145299145299;31.99145299145299;32.0;32.0;1;1
126.087;-45.0;-10.0;0.0;31.99145299145299;31.99145299145299;32.0;32.0;1;1
126.194;-45.0;-10.0;0.0;31.99145299145299;31.99145299145299;32.0;32.0;1;1
126.311;-45.0;-10.0;0.0;31.94017094017094;31.94017094017094;32.0;32.0;1;1
126.421;-45.0;-10.0;0.0;31.94017094017094;31.94017094017094;32.0;32.0;1;1
126.527;-45.0;-10.0;0.0;31.94017094017094;31.94017094017094;32.0;32.0;1;1
126.643;-45.0;-10.0;0.0;31.94017094017094;31.94017094017094;32.0;32.0;1;1
126.75;-45.0;-10.0;0.0;31.94017094017094;31.94017094017094;32.0;32.0;1;1
126.864;-45.0;-10.0;0.0;31.94017094017094;31.94017094017094;32.0;32.0;1;1
126.973;-45.0;-10.0;0.0;31.94017094017094;31.94017094017094;32.0;32.0;1;1
127.087;-45.0;-10.0;0.0;31.94017094017094;31.94017094017094;32.0;32.0;1;1
127.199;-45.0;-10.0;0.0;31.94017094017094;31.94017094017094;32.0;32.0;1;1
127.311;-45.0;-10.0;0.0;31.94017094017094;31.94017094017094;32.0;32.0;1;1
127.423;-45.0;-10.0;0.0;31.94017094017094;31.99145299145299;32.0;32.0;1;1
127.53;-45.0;-10.0;0.0;31.94017094017094;31.99145299145299;32.0;32.0;1;1
127.644;-45.0;-10.0;0.0;31.94017094017094;31.99145299145299;32.0;32.0;1;1
127.756;-45.0;-10.0;0.0;31.94017094017094;31.99145299145299;32.0;32.0;1;1
127.87;-45.0;-10.0;0.0;31.94017094017094;31.99145299145299;32.0;32.0;1;1
127.981;-45.0;-10.0;0.0;31.94017094017094;31.99145299145299;32.0;32.0;1;1
128.086;-45.0;-10.0;0.0;31.94017094017094;31.99145299145299;32.0;32.0;1;1
128.202;-45.0;-10.0;0.0;31.94017094017094;31.99145299145299;32.0;32.0;1;1
128.316;-45.0;-10.0;0.0;31.94017094017094;31.99145299145299;32.0;32.0;1;1
128.421;-45.0;-10.0;0.0;31.99145299145299;31.94017094017094;32.0;32.0;1;1
128.529;-45.0;-10.0;0.0;31.99145299145299;31.94017094017094;32.0;32.0;1;1
128.64;-45.0;-10.0;0.0;31.99145299145299;31.94017094017094;32.0;32.0;1;1
128.742;-45.0;-10.0;0.0;31.99145299145299;31.94017094017094;32.0;32.0;1;1
128.848;-45.0;-10.0;0.0;31.99145299145299;31.94017094017094;32.0;32.0;1;1
128.959;-45.0;-10.0;0.0;31.99145299145299;31.94017094017094;32.0;32.0;1;1
129.067;-45.0;-10.0;0.0;31.99145299145299;31.94017094017094;32.0;32.0;1;1
129.18;-45.0;-10.0;0.0;31.99145299145299;31.94017094017094;32.0;32.0;1;1
129.294;-45.0;-10.0;0.0;31.99145299145299;31.94017094017094;32.0;32.0;1;1
129.394;-45.0;-10.0;0.0;31.94017094017094;31.99145299145299;32.0;32.0;1;1
129.503;-45.0;-10.0;0.0;31.94017094017094;31.99145299145299;32.0;32.0;1;1
129.61;-45.0;-10.0;0.0;31.94017094017094;31.99145299145299;32.0;32.0;1;1
129.711;-45.0;-10.0;0.0;31.94017094017094;31.99145299145299;32.0;32.0;1;1
129.812;-45.0;-10.0;0.0;31.94017094017094;31.99145299145299;32.0;32.0;1;1
129.912;-45.0;-10.0;0.0;31.94017094017094;31.99145299145299;32.0;32.0;1;1
130.013;-45.0;-10.0;0.0;31.94017094017094;31.99145299145299;32.0;32.0;1;1
130.116;-45.0;-10.0;0.0;31.94017094017094;31.99145299145299;32.0;32.0;1;1
130.221;-45.0;-10.0;0.0;31.94017094017094;31.99145299145299;32.0;32.0;1;1
130.321;-45.0;-10.0;0.0;31.99145299145299;31.99145299145299;32.0;32.0;1;1
130.431;-45.0;-10.0;0.0;31.99145299145299;31.99145299145299;32.0;32.0;1;1
130.532;-45.0;-10.0;0.0;31.99145299145299;31.99145299145299;32.0;32.0;1;1
130.632;-45.0;-10.0;0.0;31.99145299145299;31.99145299145299;32.0;32.0;1;1
130.744;-45.0;-10.0;0.0;31.99145299145299;31.99145299145299;32.0;32.0;1;1
130.853;-45.0;-10.0;0.0;31.99145299145299;31.99145299145299;32.0;32.0;1;1
130.954;-45.0;-10.0;0.0;31.99145299145299;31.99145299145299;32.0;32.0;1;1
131.054;-45.0;-10.0;0.0;31.99145299145299;31.99145299145299;32.0;32.0;1;1
131.168;-45.0;-10.0;0.0;31.99145299145299;31.99145299145299;32.0;32.0;1;1
131.273;-45.0;-10.0;0.0;31.99145299145299;31.99145299145299;32.0;32.0;1;1
131.373;-45.0;-10.0;0.0;31.94017094017094;31.99145299145299;32.0;32.0;1;1
131.481;-45.0;-10.0;0.0;31.94017094017094;31.99145299145299;32.0;32.0;1;1
131.596;-45.0;-10.0;0.0;31.94017094017094;31.99145299145299;32.0;32.0;1;1
131.704;-45.0;-10.0;0.0;31.94017094017094;31.99145299145299;32.0;32.0;1;1
131.816;-45.0;-10.0;0.0;31.94017094017094;31.99145299145299;32.0;32.0;1;1
131.926;-45.0;-10.0;0.0;31.94017094017094;31.99145299145299;32.0;32.0;1;1
132.039;-45.0;-10.0;0.0;31.94017094017094;31.99145299145299;32.0;32.0;1;1
132.152;-45.0;-10.0;0.0;31.94017094017094;31.99145299145299;32.0;32.0;1;1
132.261;-45.0;-10.0;0.0;31.94017094017094;31.99145299145299;32.0;32.0;1;1
132.361;-45.0;-10.0;0.0;31.94017094017094;31.99145299145299;32.0;32.0;1;1
132.471;-45.0;-10.0;0.0;31.94017094017094;31.99145299145299;32.0;32.0;1;1
132.583;-45.0;-10.0;0.0;31.94017094017094;31.99145299145299;32.0;32.0;1;1
132.692;-45.0;-10.0;0.0;31.94017094017094;31.99145299145299;32.0;32.0;1;1
132.806;-45.0;-10.0;0.0;31.94017094017094;31.99145299145299;32.0;32.0;1;1
132.91;-45.0;-10.0;0.0;31.94017094017094;31.99145299145299;32.0;32.0;1;1
133.012;-45.0;-10.0;0.0;31.94017094017094;31.99145299145299;32.0;32.0;1;1
133.117;-45.0;-10.0;0.0;31.94017094017094;31.99145299145299;32.0;32.0;1;1
133.231;-45.0;-10.0;0.0;31.94017094017094;31.99145299145299;32.0;32.0;1;1
133.35;-45.0;-10.0;0.0;31.94017094017094;31.99145299145299;32.0;32.0;1;1
133.456;-45.0;-10.0;0.0;31.99145299145299;31.99145299145299;32.0;32.0;1;1
133.568;-45.0;-10.0;0.0;31.99145299145299;31.99145299145299;32.0;32.0;1;1
133.677;-45.0;-10.0;0.0;31.99145299145299;31.99145299145299;32.0;32.0;1;1
133.792;-45.0;-10.0;0.0;31.99145299145299;31.99145299145299;32.0;32.0;1;1
133.903;-45.0;-10.0;0.0;31.99145299145299;31.99145299145299;32.0;32.0;1;1
134.014;-45.0;-10.0;0.0;31.99145299145299;31.99145299145299;32.0;32.0;1;1
134.117;-45.0;-10.0;0.0;31.99145299145299;31.99145299145299;32.0;32.0;1;1
134.218;-45.0;-10.0;0.0;31.99145299145299;31.99145299145299;32.0;32.0;1;1
134.329;-45.0;-10.0;0.0;31.99145299145299;31.99145299145299;32.0;32.0;1;1
134.441;-45.0;-10.0;0.0;31.94017094017094;31.99145299145299;32.0;32.0;1;1
134.553;-45.0;-10.0;0.0;31.94017094017094;31.99145299145299;32.0;32.0;1;1
134.663;-45.0;-10.0;0.0;31.94017094017094;31.99145299145299;32.0;32.0;1;1
134.777;-45.0;-10.0;0.0;31.94017094017094;31.99145299145299;32.0;32.0;1;1
134.882;-45.0;-10.0;0.0;31.94017094017094;31.99145299145299;32.0;32.0;1;1
134.997;-45.0;-10.0;0.0;31.94017094017094;31.99145299145299;32.0;32.0;1;1
135.099;-45.0;-10.0;0.0;31.94017094017094;31.99145299145299;32.0;32.0;1;1
135.199;-45.0;-10.0;0.0;31.94017094017094;31.99145299145299;32.0;32.0;1;1
135.313;-45.0;-10.0;0.0;31.94017094017094;31.99145299145299;32.0;32.0;1;1
135.417;-45.0;-10.0;0.0;31.99145299145299;31.99145299145299;32.0;32.0;1;1
135.518;-45.0;-10.0;0.0;31.99145299145299;31.99145299145299;32.0;32.0;1;1
135.619;-45.0;-10.0;0.0;31.99145299145299;31.99145299145299;32.0;32.0;1;1
135.721;-45.0;-10.0;0.0;31.99145299145299;31.99145299145299;32.0;32.0;1;1
135.831;-45.0;-10.0;0.0;31.99145299145299;31.99145299145299;32.0;32.0;1;1
135.935;-45.0;-10.0;0.0;31.99145299145299;31.99145299145299;32.0;32.0;1;1
136.035;-45.0;-10.0;0.0;31.99145299145299;31.99145299145299;32.0;32.0;1;1
136.138;-45.0;-10.0;0.0;31.99145299145299;31.99145299145299;32.0;32.0;1;1
136.24;-45.0;-10.0;0.0;31.99145299145299;31.99145299145299;32.0;32.0;1;1
136.34;-45.0;-10.0;0.0;31.99145299145299;31.99145299145299;32.0;32.0;1;1
136.447;-45.0;-10.0;0.0;31.99145299145299;31.99145299145299;32.0;32.0;1;1
136.564;-45.0;-10.0;0.0;31.99145299145299;31.99145299145299;32.0;32.0;1;1
136.67;-45.0;-10.0;0.0;31.99145299145299;31.99145299145299;32.0;32.0;1;1
136.783;-45.0;-10.0;0.0;31.99145299145299;31.99145299145299;32.0;32.0;1;1
136.89;-45.0;-10.0;0.0;31.99145299145299;31.99145299145299;32.0;32.0;1;1
137.002;-45.0;-10.0;0.0;31.99145299145299;31.99145299145299;32.0;32.0;1;1
137.11;-45.0;-10.0;0.0;31.99145299145299;31.99145299145299;32.0;32.0;1;1
137.226;-45.0;-10.0;0.0;31.99145299145299;31.99145299145299;32.0;32.0;1;1
137.331;-45.0;-10.0;0.0;31.94017094017094;31.99145299145299;32.0;32.0;1;1
137.44;-45.0;-10.0;0.0;31.94017094017094;31.99145299145299;32.0;32.0;1;1
137.551;-45.0;-10.0;0.0;31.94017094017094;31.99145299145299;32.0;32.0;1;1
137.655;-45.0;-10.0;0.0;31.94017094017094;31.99145299145299;32.0;32.0;1;1
137.757;-45.0;-10.0;0.0;31.94017094017094;31.99145299145299;32.0;32.0;1;1
137.859;-45.0;-10.0;0.0;31.94017094017094;31.99145299145299;32.0;32.0;1;1
137.963;-45.0;-10.0;0.0;31.94017094017094;31.99145299145299;32.0;32.0;1;1
138.068;-45.0;-10.0;0.0;31.94017094017094;31.99145299145299;32.0;32.0;1;1
138.177;-45.0;-10.0;0.0;31.94017094017094;31.99145299145299;32.0;32.0;1;1
138.284;-45.0;-10.0;0.0;31.94017094017094;31.99145299145299;32.0;32.0;1;1
138.384;-45.0;-10.0;0.0;31.99145299145299;31.99145299145299;32.0;32.0;1;1
138.485;-45.0;-10.0;0.0;31.99145299145299;31.99145299145299;32.0;32.0;1;1
138.586;-45.0;-10.0;0.0;31.99145299145299;31.99145299145299;32.0;32.0;1;1
138.686;-45.0;-10.0;0.0;31.99145299145299;31.99145299145299;32.0;32.0;1;1
138.787;-45.0;-10.0;0.0;31.99145299145299;31.99145299145299;32.0;32.0;1;1
138.89;-45.0;-10.0;0.0;31.99145299145299;31.99145299145299;32.0;32.0;1;1
138.994;-45.0;-10.0;0.0;31.99145299145299;31.99145299145299;32.0;32.0;1;1
139.094;-45.0;-10.0;0.0;31.99145299145299;31.99145299145299;32.0;32.0;1;1
139.204;-45.0;-10.0;0.0;31.99145299145299;31.99145299145299;32.0;32.0;1;1
139.308;-45.0;-10.0;0.0;31.99145299145299;31.99145299145299;32.0;32.0;1;1
139.418;-45.0;-10.0;0.0;31.94017094017094;31.99145299145299;32.0;32.0;1;1
139.519;-45.0;-10.0;0.0;31.94017094017094;31.99145299145299;32.0;32.0;1;1
139.622;-45.0;-10.0;0.0;31.94017094017094;31.99145299145299;32.0;32.0;1;1
139.736;-45.0;-10.0;0.0;31.94017094017094;31.99145299145299;32.0;32.0;1;1
139.847;-45.0;-10.0;0.0;31.94017094017094;31.99145299145299;32.0;32.0;1;1
139.954;-45.0;-10.0;0.0;31.94017094017094;31.99145299145299;32.0;32.0;1;1
140.065;-45.0;-10.0;0.0;31.94017094017094;31.99145299145299;32.0;32.0;1;1
140.18;-45.0;-10.0;0.0;31.94017094017094;31.99145299145299;32.0;32.0;1;1
140.29;-45.0;-10.0;0.0;31.94017094017094;31.99145299145299;32.0;32.0;1;1
140.4;-45.0;-10.0;0.0;31.94017094017094;31.99145299145299;32.0;32.0;1;1
140.503;-45.0;-10.0;0.0;31.99145299145299;31.99145299145299;32.0;32.0;1;1
140.608;-45.0;-10.0;0.0;31.99145299145299;31.99145299145299;32.0;32.0;1;1
140.722;-45.0;-10.0;0.0;31.99145299145299;31.99145299145299;32.0;32.0;1;1
140.83;-45.0;-10.0;0.0;31.99145299145299;31.99145299145299;32.0;32.0;1;1
140.944;-45.0;-10.0;0.0;31.99145299145299;31.99145299145299;32.0;32.0;1;1
141.051;-45.0;-10.0;0.0;31.99145299145299;31.99145299145299;32.0;32.0;1;1
141.166;-45.0;-10.0;0.0;31.99145299145299;31.99145299145299;32.0;32.0;1;1
141.276;-45.0;-10.0;0.0;31.99145299145299;31.99145299145299;32.0;32.0;1;1
141.379;-45.0;-10.0;0.0;31.99145299145299;31.99145299145299;32.0;32.0;1;1
141.487;-45.0;-10.0;0.0;31.99145299145299;31.94017094017094;32.0;32.0;1;1
141.593;-45.0;-10.0;0.0;31.99145299145299;31.94017094017094;32.0;32.0;1;1
141.708;-45.0;-10.0;0.0;31.99145299145299;31.94017094017094;32.0;32.0;1;1
141.817;-45.0;-10.0;0.0;31.99145299145299;31.94017094017094;32.0;32.0;1;1
141.933;-45.0;-10.0;0.0;31.99145299145299;31.94017094017094;32.0;32.0;1;1
142.04;-45.0;-10.0;0.0;31.99145299145299;31.94017094017094;32.0;32.0;1;1
142.141;-45.0;-10.0;0.0;31.99145299145299;31.94017094017094;32.0;32.0;1;1
142.251;-45.0;-10.0;0.0;31.99145299145299;31.94017094017094;32.0;32.0;1;1
142.36;-45.0;-10.0;0.0;31.99145299145299;31.94017094017094;32.0;32.0;1;1
142.472;-45.0;-10.0;0.0;31.94017094017094;31.99145299145299;32.0;32.0;1;1
142.584;-45.0;-10.0;0.0;31.94017094017094;31.99145299145299;32.0;32.0;1;1
142.689;-45.0;-10.0;0.0;31.94017094017094;31.99145299145299;32.0;32.0;1;1
142.805;-45.0;-10.0;0.0;31.94017094017094;31.99145299145299;32.0;32.0;1;1
142.915;-45.0;-10.0;0.0;31.94017094017094;31.99145299145299;32.0;32.0;1;1
143.03;-45.0;-10.0;0.0;31.94017094017094;31.99145299145299;32.0;32.0;1;1
143.134;-45.0;-10.0;0.0;31.94017094017094;31.99145299145299;32.0;32.0;1;1
143.235;-45.0;-10.0;0.0;31.94017094017094;31.99145299145299;32.0;32.0;1;1
143.344;-45.0;-10.0;0.0;31.94017094017094;31.99145299145299;32.0;32.0;1;1
143.454;-45.0;-10.0;0.0;31.99145299145299;31.99145299145299;32.0;32.0;1;1
143.564;-45.0;-10.0;0.0;31.99145299145299;31.99145299145299;32.0;32.0;1;1
143.685;-45.0;-10.0;0.0;31.99145299145299;31.99145299145299;32.0;32.0;1;1
143.786;-45.0;-10.0;0.0;31.99145299145299;31.99145299145299;32.0;32.0;1;1
143.887;-45.0;-10.0;0.0;31.99145299145299;31.99145299145299;32.0;32.0;1;1
143.989;-45.0;-10.0;0.0;31.99145299145299;31.99145299145299;32.0;32.0;1;1
144.089;-45.0;-10.0;0.0;31.99145299145299;31.99145299145299;32.0;32.0;1;1
144.19;-45.0;-10.0;0.0;31.99145299145299;31.99145299145299;32.0;32.0;1;1
144.293;-45.0;-10.0;0.0;31.99145299145299;31.99145299145299;32.0;32.0;1;1
144.394;-45.0;-10.0;0.0;31.99145299145299;31.94017094017094;32.0;32.0;1;1
144.499;-45.0;-10.0;0.0;31.99145299145299;31.94017094017094;32.0;32.0;1;1
144.6;-45.0;-10.0;0.0;31.99145299145299;31.94017094017094;32.0;32.0;1;1
144.704;-45.0;-10.0;0.0;31.99145299145299;31.94017094017094;32.0;32.0;1;1
144.811;-45.0;-10.0;0.0;31.99145299145299;31.94017094017094;32.0;32.0;1;1
144.925;-45.0;-10.0;0.0;31.99145299145299;31.94017094017094;32.0;32.0;1;1
145.029;-45.0;-10.0;0.0;31.99145299145299;31.94017094017094;32.0;32.0;1;1
145.132;-45.0;-10.0;0.0;31.99145299145299;31.94017094017094;32.0;32.0;1;1
145.239;-45.0;-10.0;0.0;31.99145299145299;31.94017094017094;32.0;32.0;1;1
145.34;-45.0;-10.0;0.0;31.99145299145299;31.99145299145299;32.0;32.0;1;1
145.441;-45.0;-10.0;0.0;31.99145299145299;31.99145299145299;32.0;32.0;1;1
145.567;-45.0;-10.0;0.0;31.99145299145299;31.99145299145299;32.0;32.0;1;1
145.668;-45.0;-10.0;0.0;31.99145299145299;31.99145299145299;32.0;32.0;1;1
145.777;-45.0;-10.0;0.0;31.99145299145299;31.99145299145299;32.0;32.0;1;1
145.88;-45.0;-10.0;0.0;31.99145299145299;31.99145299145299;32.0;32.0;1;1
145.984;-45.0;-10.0;0.0;31.99145299145299;31.99145299145299;32.0;32.0;1;1
146.098;-45.0;-10.0;0.0;31.99145299145299;31.99145299145299;32.0;32.0;1;1
146.203;-45.0;-10.0;0.0;31.99145299145299;31.99145299145299;32.0;32.0;1;1
146.32;-45.0;-10.0;0.0;31.99145299145299;31.99145299145299;32.0;32.0;1;1
146.428;-45.0;-10.0;0.0;31.99145299145299;31.99145299145299;32.0;32.0;1;1
146.54;-45.0;-10.0;0.0;31.99145299145299;31.99145299145299;32.0;32.0;1;1
146.645;-45.0;-10.0;0.0;31.99145299145299;31.99145299145299;32.0;32.0;1;1
146.765;-45.0;-10.0;0.0;31.99145299145299;31.99145299145299;32.0;32.0;1;1
146.874;-45.0;-10.0;0.0;31.99145299145299;31.99145299145299;32.0;32.0;1;1
146.98;-45.0;-10.0;0.0;31.99145299145299;31.99145299145299;32.0;32.0;1;1
147.081;-45.0;-10.0;0.0;31.99145299145299;31.99145299145299;32.0;32.0;1;1
147.191;-45.0;-10.0;0.0;31.99145299145299;31.99145299145299;32.0;32.0;1;1
147.303;-45.0;-10.0;0.0;31.99145299145299;31.99145299145299;32.0;32.0;1;1
147.416;-45.0;-10.0;0.0;31.99145299145299;31.99145299145299;32.0;32.0;1;1
147.522;-45.0;-10.0;0.0;31.99145299145299;31.99145299145299;32.0;32.0;1;1
147.638;-45.0;-10.0;0.0;31.99145299145299;31.99145299145299;32.0;32.0;1;1
147.745;-45.0;-10.0;0.0;31.99145299145299;31.99145299145299;32.0;32.0;1;1
147.845;-45.0;-10.0;0.0;31.99145299145299;31.99145299145299;32.0;32.0;1;1
147.968;-45.0;-10.0;0.0;31.99145299145299;31.99145299145299;32.0;32.0;1;1
148.089;-45.0;-10.0;0.0;31.99145299145299;31.99145299145299;32.0;32.0;1;1
148.192;-45.0;-10.0;0.0;31.99145299145299;31.99145299145299;32.0;32.0;1;1
148.306;-45.0;-10.0;0.0;31.99145299145299;31.99145299145299;32.0;32.0;1;1
148.411;-45.0;-10.0;0.0;31.99145299145299;31.99145299145299;32.0;32.0;1;1
148.534;-45.0;-10.0;0.0;31.94017094017094;31.99145299145299;32.0;32.0;1;1
148.637;-45.0;-10.0;0.0;31.94017094017094;31.99145299145299;32.0;32.0;1;1
148.752;-45.0;-10.0;0.0;31.94017094017094;31.99145299145299;32.0;32.0;1;1
148.86;-45.0;-10.0;0.0;31.94017094017094;31.99145299145299;32.0;32.0;1;1
148.967;-45.0;-10.0;0.0;31.94017094017094;31.99145299145299;32.0;32.0;1;1
149.068;-45.0;-10.0;0.0;31.94017094017094;31.99145299145299;32.0;32.0;1;1
149.188;-45.0;-10.0;0.0;31.94017094017094;31.99145299145299;32.0;32.0;1;1
149.299;-45.0;-10.0;0.0;31.94017094017094;31.99145299145299;32.0;32.0;1;1
149.402;-45.0;-10.0;0.0;31.94017094017094;31.99145299145299;32.0;32.0;1;1
149.506;-45.0;-10.0;0.0;31.94017094017094;31.99145299145299;32.0;32.0;1;1
149.617;-45.0;-10.0;0.0;31.94017094017094;31.99145299145299;32.0;32.0;1;1
149.718;-45.0;-10.0;0.0;31.94017094017094;31.99145299145299;32.0;32.0;1;1
149.844;-45.0;-10.0;0.0;31.94017094017094;31.99145299145299;32.0;32.0;1;1
149.957;-45.0;-10.0;0.0;31.94017094017094;31.99145299145299;32.0;32.0;1;1
150.066;-45.0;-10.0;0.0;31.94017094017094;31.99145299145299;32.0;32.0;1;1
150.168;-45.0;-10.0;0.0;31.94017094017094;31.99145299145299;32.0;32.0;1;1
150.282;-45.0;-10.0;0.0;31.94017094017094;31.99145299145299;32.0;32.0;1;1
150.382;-45.0;-10.0;0.0;31.94017094017094;31.99145299145299;32.0;32.0;1;1
150.491;-45.0;-10.0;0.0;31.94017094017094;31.99145299145299;32.0;32.0;1;1
150.598;-45.0;-10.0;0.0;31.94017094017094;31.99145299145299;32.0;32.0;1;1
150.698;-45.0;-10.0;0.0;31.94017094017094;31.99145299145299;32.0;32.0;1;1
150.799;-45.0;-10.0;0.0;31.94017094017094;31.99145299145299;32.0;32.0;1;1
150.899;-45.0;-10.0;0.0;31.94017094017094;31.99145299145299;32.0;32.0;1;1
151.004;-45.0;-10.0;0.0;31.94017094017094;31.99145299145299;32.0;32.0;1;1
151.105;-45.0;-9.72;0.0;31.94017094017094;31.99145299145299;32.0;32.0;1;1
151.206;-45.0;-9.20125;0.0;31.94017094017094;31.99145299145299;32.0;32.0;1;1
151.311;-45.0;-8.94125;0.0;31.94017094017094;31.99145299145299;32.0;32.0;1;1
151.426;-45.0;-8.16;0.0;31.99145299145299;31.99145299145299;32.0;32.0;1;1
151.531;-45.0;-7.645;0.0;31.99145299145299;31.99145299145299;32.0;32.0;1;1
151.647;-45.0;-7.12625;0.0;31.99145299145299;31.99145299145299;32.0;32.0;1;1
151.753;-45.0;-6.6075;0.0;31.99145299145299;31.99145299145299;32.0;32.0;1;1
151.868;-45.0;-5.835;0.0;31.99145299145299;31.99145299145299;32.0;32.0;1;1
151.972;-45.0;-5.315;0.0;31.99145299145299;31.99145299145299;32.0;32.0;1;1
152.084;-45.0;-4.79625;0.0;31.99145299145299;31.99145299145299;32.0;32.0;1;1
152.194;-45.0;-4.285;0.0;31.99145299145299;31.99145299145299;32.0;32.0;1;1
152.299;-45.0;-3.7675;0.0;31.99145299145299;31.99145299145299;32.0;32.0;1;1
152.404;-45.0;-3.25;0.0;31.99145299145299;31.99145299145299;32.0;32.0;1;1
152.51;-45.0;-2.73875;0.0;31.99145299145299;31.99145299145299;32.0;32.0;1;1
152.624;-45.0;-1.9625;0.0;31.99145299145299;31.99145299145299;32.0;32.0;1;1
152.729;-45.0;-1.45;0.0;31.99145299145299;31.99145299145299;32.0;32.0;1;1
152.831;-45.0;-0.9325;0.0;31.99145299145299;31.99145299145299;32.0;32.0;1;1
152.933;-45.0;-0.41375;0.0;31.99145299145299;31.99145299145299;32.0;32.0;1;1
153.04;-45.0;0.09875;0.0;31.99145299145299;31.99145299145299;32.0;32.0;1;1
153.144;-45.0;0.61375;0.0;31.99145299145299;31.99145299145299;32.0;32.0;1;1
153.26;-45.0;1.13;0.0;31.99145299145299;31.99145299145299;32.0;32.0;1;1
153.367;-45.0;1.64;0.0;31.99145299145299;31.99145299145299;32.0;32.0;1;1
153.468;-45.0;2.415;0.0;31.94017094017094;31.99145299145299;32.0;32.0;1;1
153.576;-45.0;2.6725;0.0;31.94017094017094;31.99145299145299;32.0;32.0;1;1
153.69;-45.0;3.18375;0.0;31.94017094017094;31.99145299145299;32.0;32.0;1;1
153.797;-45.0;3.9575;0.0;31.94017094017094;31.99145299145299;32.0;32.0;1;1
153.911;-45.0;4.4675;0.0;31.94017094017094;31.99145299145299;32.0;32.0;1;1
154.024;-45.0;4.98375;0.0;31.94017094017094;31.99145299145299;32.0;32.0;1;1
154.132;-45.0;5.5;0.0;31.94017094017094;31.99145299145299;32.0;32.0;1;1
154.239;-45.0;6.275;0.0;31.94017094017094;31.99145299145299;32.0;32.0;1;1
154.355;-45.0;6.79125;0.0;31.94017094017094;31.99145299145299;32.0;32.0;1;1
154.461;-45.0;7.30125;0.0;31.99145299145299;31.99145299145299;32.0;32.0;1;1
154.562;-45.0;8.07625;0.0;31.99145299145299;31.99145299145299;32.0;32.0;1;1
154.668;-45.0;8.335;0.0;31.99145299145299;31.99145299145299;32.0;32.0;1;1
154.783;-45.0;8.84625;0.0;31.99145299145299;31.99145299145299;32.0;32.0;1;1
154.89;-45.0;9.62125;0.0;31.99145299145299;31.99145299145299;32.0;32.0;1;1
155.002;-45.0;10.1375;0.0;31.99145299145299;31.99145299145299;32.0;32.0;1;1
155.113;-45.0;10.64875;0.0;31.99145299145299;31.99145299145299;32.0;32.0;1;1
155.228;-45.0;11.17;0.0;31.99145299145299;31.99145299145299;32.0;32.0;1;1
155.336;-45.0;11.69125;0.0;31.99145299145299;31.99145299145299;32.0;32.0;1;1
155.45;-45.0;12.4675;0.0;31.94017094017094;31.99145299145299;32.0;32.0;1;1
155.556;-45.0;12.99;0.0;31.94017094017094;31.99145299145299;32.0;32.0;1;1
155.671;-45.0;13.51125;0.0;31.94017094017094;31.99145299145299;32.0;32.0;1;1
155.782;-45.0;14.2925;0.0;31.94017094017094;31.99145299145299;32.0;32.0;1;1
155.884;-45.0;14.55375;0.0;31.94017094017094;31.99145299145299;32.0;32.0;1;1
155.986;-45.0;15.33125;0.0;31.94017094017094;31.99145299145299;32.0;32.0;1;1
156.101;-45.0;15.8525;0.0;31.94017094017094;31.99145299145299;32.0;32.0;1;1
156.207;-45.0;16.36875;0.0;31.94017094017094;31.99145299145299;32.0;32.0;1;1
156.32;-45.0;16.89125;0.0;31.94017094017094;31.99145299145299;32.0;32.0;1;1
156.425;-45.0;17.4125;0.0;31.94017094017094;31.99145299145299;32.0;32.0;1;1
156.541;-45.0;17.9275;0.0;31.99145299145299;31.94017094017094;32.0;32.0;1;1
156.658;-45.0;18.71;0.0;31.99145299145299;31.94017094017094;32.0;32.0;1;1
156.759;-45.0;19.23125;0.0;31.99145299145299;31.94017094017094;32.0;32.0;1;1
156.867;-45.0;19.7475;0.0;31.99145299145299;31.94017094017094;32.0;32.0;1;1
156.969;-45.0;20.27;0.0;31.99145299145299;31.94017094017094;32.0;32.0;1;1
157.079;-45.0;20.78625;0.0;31.99145299145299;31.94017094017094;32.0;32.0;1;1
157.19;-45.0;21.3075;0.0;31.99145299145299;31.94017094017094;32.0;32.0;1;1
157.299;-45.0;22.09125;0.0;31.99145299145299;31.94017094017094;32.0;32.0;1;1
157.413;-45.0;22.6075;0.0;31.99145299145299;31.94017094017094;32.0;32.0;1;1
157.521;-45.0;23.12875;0.0;31.99145299145299;31.99145299145299;32.0;32.0;1;1
157.639;-45.0;23.65125;0.0;31.99145299145299;31.99145299145299;32.0;32.0;1;1
157.746;-45.0;24.4275;0.0;31.99145299145299;31.99145299145299;32.0;32.0;1;1
157.847;-45.0;24.95;0.0;31.99145299145299;31.99145299145299;32.0;32.0;1;1
157.953;-45.0;25.46625;0.0;31.99145299145299;31.99145299145299;32.0;32.0;1;1
158.064;-45.0;25.98875;0.0;31.99145299145299;31.99145299145299;32.0;32.0;1;1
158.172;-45.0;26.51;0.0;31.99145299145299;31.99145299145299;32.0;32.0;1;1
158.288;-45.0;27.0275;0.0;31.99145299145299;31.99145299145299;32.0;32.0;1;1
158.4;-45.0;27.55;0.0;31.99145299145299;31.99145299145299;32.0;32.0;1;1
158.507;-45.0;28.3325;0.0;31.94017094017094;31.94017094017094;32.0;32.0;1;1
158.621;-45.0;28.855;0.0;31.94017094017094;31.94017094017094;32.0;32.0;1;1
158.731;-45.0;29.3775;0.0;31.94017094017094;31.94017094017094;32.0;32.0;1;1
158.842;-45.0;29.99875;0.0;31.94017094017094;31.94017094017094;32.0;32.0;1;1
158.946;-45.0;30.0;0.0;31.94017094017094;31.94017094017094;32.0;32.0;1;1
159.061;-45.0;30.0;0.0;31.94017094017094;31.94017094017094;32.0;32.0;1;1
159.167;-45.0;30.0;0.0;31.94017094017094;31.94017094017094;32.0;32.0;1;1
159.281;-45.0;30.0;0.0;31.94017094017094;31.94017094017094;32.0;32.0;1;1
159.396;-45.0;30.0;0.0;31.94017094017094;31.94017094017094;32.0;32.0;1;1
159.504;-45.0;30.0;0.0;31.99145299145299;31.99145299145299;32.0;32.0;1;1
159.606;-45.0;30.0;0.0;31.99145299145299;31.99145299145299;32.0;32.0;1;1
159.714;-45.0;30.0;0.0;31.99145299145299;31.99145299145299;32.0;32.0;1;1
159.838;-45.0;30.0;0.0;31.99145299145299;31.99145299145299;32.0;32.0;1;1
159.938;-45.0;30.0;0.0;31.99145299145299;31.99145299145299;32.0;32.0;1;1
160.043;-45.0;30.0;0.0;31.99145299145299;31.99145299145299;32.0;32.0;1;1
160.145;-45.0;30.0;0.0;31.99145299145299;31.99145299145299;32.0;32.0;1;1
160.251;-45.0;30.0;0.0;31.99145299145299;31.99145299145299;32.0;32.0;1;1
160.352;-45.0;30.0;0.0;31.99145299145299;31.99145299145299;32.0;32.0;1;1
160.452;-45.0;30.0;0.0;31.99145299145299;31.99145299145299;32.0;32.0;1;1
160.553;-45.0;30.0;0.0;31.99145299145299;31.99145299145299;32.0;32.0;1;1
160.654;-45.0;30.0;0.0;31.99145299145299;31.99145299145299;32.0;32.0;1;1
160.754;-45.0;30.0;0.0;31.99145299145299;31.99145299145299;32.0;32.0;1;1
160.86;-45.0;30.0;0.0;31.99145299145299;31.99145299145299;32.0;32.0;1;1
160.961;-45.0;30.0;0.0;31.99145299145299;31.99145299145299;32.0;32.0;1;1
161.064;-45.0;30.0;0.0;31.99145299145299;31.99145299145299;32.0;32.0;1;1
161.165;-45.0;30.0;0.0;31.99145299145299;31.99145299145299;32.0;32.0;1;1
161.279;-45.0;30.0;0.0;31.99145299145299;31.99145299145299;32.0;32.0;1;1
161.385;-45.0;30.0;0.0;31.99145299145299;31.99145299145299;32.0;32.0;1;1
161.486;-45.0;30.0;0.0;31.94017094017094;31.99145299145299;32.0;32.0;1;1
161.587;-45.0;30.0;0.0;31.94017094017094;31.99145299145299;32.0;32.0;1;1
161.689;-45.0;30.0;0.0;31.94017094017094;31.99145299145299;32.0;32.0;1;1
161.798;-45.0;30.0;0.0;31.94017094017094;31.99145299145299;32.0;32.0;1;1
161.904;-45.0;30.0;0.0;31.94017094017094;31.99145299145299;32.0;32.0;1;1
162.02;-45.0;30.0;0.0;31.94017094017094;31.99145299145299;32.0;32.0;1;1
162.13;-45.0;30.0;0.0;31.94017094017094;31.99145299145299;32.0;32.0;1;1
162.243;-45.0;30.0;0.0;31.94017094017094;31.99145299145299;32.0;32.0;1;1
162.351;-45.0;30.0;0.0;31.94017094017094;31.99145299145299;32.0;32.0;1;1
162.467;-45.0;30.0;0.0;31.94017094017094;31.99145299145299;32.0;32.0;1;1
162.578;-45.0;30.0;0.0;31.94017094017094;31.99145299145299;32.0;32.0;1;1
162.68;-45.0;30.0;0.0;31.94017094017094;31.99145299145299;32.0;32.0;1;1
162.786;-45.0;30.0;0.0;31.94017094017094;31.99145299145299;32.0;32.0;1;1
162.893;-45.0;30.0;0.0;31.94017094017094;31.99145299145299;32.0;32.0;1;1
163.004;-45.0;30.0;0.0;31.94017094017094;31.99145299145299;32.0;32.0;1;1
163.113;-45.0;30.0;0.0;31.94017094017094;31.99145299145299;32.0;32.0;1;1
163.213;-45.0;30.0;0.0;31.94017094017094;31.99145299145299;32.0;32.0;1;1
163.32;-45.0;30.0;0.0;31.94017094017094;31.99145299145299;32.0;32.0;1;1
163.436;-45.0;30.0;0.0;31.99145299145299;31.99145299145299;32.0;32.0;1;1
163.561;-45.0;30.0;0.0;31.99145299145299;31.99145299145299;32.0;32.0;1;1
163.676;-45.0;30.0;0.0;31.99145299145299;31.99145299145299;32.0;32.0;1;1
163.784;-45.0;30.0;0.0;31.99145299145299;31.99145299145299;32.0;32.0;1;1
163.897;-45.0;30.0;0.0;31.99145299145299;31.99145299145299;32.0;32.0;1;1
164.007;-45.0;30.0;0.0;31.99145299145299;31.99145299145299;32.0;32.0;1;1
164.123;-45.0;30.0;0.0;31.99145299145299;31.99145299145299;32.0;32.0;1;1
164.23;-45.0;30.0;0.0;31.99145299145299;31.99145299145299;32.0;32.0;1;1
164.332;-45.0;30.0;0.0;31.99145299145299;31.99145299145299;32.0;32.0;1;1
164.433;-45.0;30.0;0.0;31.99145299145299;31.99145299145299;32.0;32.0;1;1
164.546;-45.0;30.0;0.0;31.94017094017094;31.94017094017094;32.0;32.0;1;1
164.661;-45.0;30.0;0.0;31.94017094017094;31.94017094017094;32.0;32.0;1;1
164.768;-45.0;30.0;0.0;31.94017094017094;31.94017094017094;32.0;32.0;1;1
164.881;-45.0;30.0;0.0;31.94017094017094;31.94017094017094;32.0;32.0;1;1
164.993;-45.0;30.0;0.0;31.94017094017094;31.94017094017094;32.0;32.0;1;1
165.107;-45.0;30.0;0.0;31.94017094017094;31.94017094017094;32.0;32.0;1;1
165.211;-45.0;30.0;0.0;31.94017094017094;31.94017094017094;32.0;32.0;1;1
165.317;-45.0;30.0;0.0;31.94017094017094;31.94017094017094;32.0;32.0;1;1
165.417;-45.0;30.0;0.0;31.94017094017094;31.94017094017094;32.0;32.0;1;1
165.518;-45.0;30.0;0.0;31.99145299145299;31.99145299145299;32.0;32.0;1;1
165.618;-45.0;30.0;0.0;31.99145299145299;31.99145299145299;32.0;32.0;1;1
165.719;-45.0;30.0;0.0;31.99145299145299;31.99145299145299;32.0;32.0;1;1
165.819;-45.0;30.0;0.0;31.99145299145299;31.99145299145299;32.0;32.0;1;1
165.92;-45.0;30.0;0.0;31.99145299145299;31.99145299145299;32.0;32.0;1;1
166.023;-45.0;30.0;0.0;31.99145299145299;31.99145299145299;32.0;32.0;1;1
166.126;-45.0;30.0;0.0;31.99145299145299;31.99145299145299;32.0;32.0;1;1
166.228;-45.0;30.0;0.0;31.99145299145299;31.99145299145299;32.0;32.0;1;1
166.332;-45.0;30.0;0.0;31.99145299145299;31.99145299145299;32.0;32.0;1;1
166.432;-45.0;30.0;0.0;31.99145299145299;31.99145299145299;32.0;32.0;1;1
166.535;-45.0;30.0;0.0;31.99145299145299;31.99145299145299;32.0;32.0;1;1
166.636;-45.0;30.0;0.0;31.99145299145299;31.99145299145299;32.0;32.0;1;1
166.748;-45.0;30.0;0.0;31.99145299145299;31.99145299145299;32.0;32.0;1;1
166.859;-45.0;30.0;0.0;31.99145299145299;31.99145299145299;32.0;32.0;1;1
166.973;-45.0;30.0;0.0;31.99145299145299;31.99145299145299;32.0;32.0;1;1
167.082;-45.0;30.0;0.0;31.99145299145299;31.99145299145299;32.0;32.0;1;1
167.192;-45.0;30.0;0.0;31.99145299145299;31.99145299145299;32.0;32.0;1;1
167.294;-45.0;30.0;0.0;31.99145299145299;31.99145299145299;32.0;32.0;1;1
167.395;-45.0;30.0;0.0;31.99145299145299;31.99145299145299;32.0;32.0;1;1
167.507;-45.0;30.0;0.0;31.99145299145299;31.99145299145299;32.0;32.0;1;1
167.637;-45.0;30.0;0.0;31.99145299145299;31.99145299145299;32.0;32.0;1;1
167.746;-45.0;30.0;0.0;31.99145299145299;31.99145299145299;32.0;32.0;1;1
167.849;-45.0;30.0;0.0;31.99145299145299;31.99145299145299;32.0;32.0;1;1
167.95;-45.0;30.0;0.0;31.99145299145299;31.99145299145299;32.0;32.0;1;1
168.058;-45.0;30.0;0.0;31.99145299145299;31.99145299145299;32.0;32.0;1;1
168.16;-45.0;30.0;0.0;31.99145299145299;31.99145299145299;32.0;32.0;1;1
168.272;-45.0;30.0;0.0;31.99145299145299;31.99145299145299;32.0;32.0;1;1
168.377;-45.0;30.0;0.0;31.99145299145299;31.99145299145299;32.0;32.0;1;1
168.511;-45.0;30.0;0.0;31.99145299145299;31.99145299145299;32.0;32.0;1;1
168.614;-45.0;30.0;0.0;31.99145299145299;31.99145299145299;32.0;32.0;1;1
168.728;-45.0;30.0;0.0;31.99145299145299;31.99145299145299;32.0;32.0;1;1
168.831;-45.0;30.0;0.0;31.99145299145299;31.99145299145299;32.0;32.0;1;1
168.939;-45.0;30.0;0.0;31.99145299145299;31.99145299145299;32.0;32.0;1;1
169.05;-45.0;30.0;0.0;31.99145299145299;31.99145299145299;32.0;32.0;1;1
169.156;-45.0;30.0;0.0;31.99145299145299;31.99145299145299;32.0;32.0;1;1
169.271;-45.0;30.0;0.0;31.99145299145299;31.99145299145299;32.0;32.0;1;1
169.383;-45.0;30.0;0.0;31.99145299145299;31.99145299145299;32.0;32.0;1;1
169.492;-45.0;30.0;0.0;31.99145299145299;31.99145299145299;32.0;32.0;1;1
169.609;-45.0;30.0;0.0;31.99145299145299;31.99145299145299;32.0;32.0;1;1
169.717;-45.0;30.0;0.0;31.99145299145299;31.99145299145299;32.0;32.0;1;1
169.829;-45.0;30.0;0.0;31.99145299145299;31.99145299145299;32.0;32.0;1;1
169.937;-45.0;30.0;0.0;31.99145299145299;31.99145299145299;32.0;32.0;1;1
170.038;-45.0;30.0;0.0;31.99145299145299;31.99145299145299;32.0;32.0;1;1
170.148;-45.0;30.0;0.0;31.99145299145299;31.99145299145299;32.0;32.0;1;1
170.255;-45.0;30.0;0.0;31.99145299145299;31.99145299145299;32.0;32.0;1;1
170.371;-45.0;30.0;0.0;31.99145299145299;31.99145299145299;32.0;32.0;1;1
170.48;-45.0;30.0;0.0;31.99145299145299;31.99145299145299;32.0;32.0;1;1
170.592;-45.0;30.0;0.0;31.99145299145299;31.99145299145299;32.0;32.0;1;1
170.693;-45.0;30.0;0.0;31.99145299145299;31.99145299145299;32.0;32.0;1;1
170.793;-45.0;30.0;0.0;31.99145299145299;31.99145299145299;32.0;32.0;1;1
170.913;-45.0;30.0;0.0;31.99145299145299;31.99145299145299;32.0;32.0;1;1
171.017;-45.0;30.0;0.0;31.99145299145299;31.99145299145299;32.0;32.0;1;1
171.14;-45.0;30.0;0.0;31.99145299145299;31.99145299145299;32.0;32.0;1;1
171.244;-45.0;30.0;0.0;31.99145299145299;31.99145299145299;32.0;32.0;1;1
171.357;-45.0;30.0;0.0;31.99145299145299;31.99145299145299;32.0;32.0;1;1
171.467;-45.0;30.0;0.0;31.99145299145299;31.99145299145299;32.0;32.0;1;1
171.581;-45.0;30.0;0.0;31.94017094017094;31.99145299145299;32.0;32.0;1;1
171.689;-45.0;30.0;0.0;31.94017094017094;31.99145299145299;32.0;32.0;1;1
171.805;-45.0;30.0;0.0;31.94017094017094;31.99145299145299;32.0;32.0;1;1
171.916;-45.0;30.0;0.0;31.94017094017094;31.99145299145299;32.0;32.0;1;1
172.021;-45.0;30.0;0.0;31.94017094017094;31.99145299145299;32.0;32.0;1;1
172.122;-45.0;30.0;0.0;31.94017094017094;31.99145299145299;32.0;32.0;1;1
172.238;-45.0;30.0;0.0;31.94017094017094;31.99145299145299;32.0;32.0;1;1
172.341;-45.0;30.0;0.0;31.94017094017094;31.99145299145299;32.0;32.0;1;1
172.458;-45.0;30.0;0.0;31.94017094017094;31.99145299145299;32.0;32.0;1;1
172.559;-45.0;30.0;0.0;31.99145299145299;31.99145299145299;32.0;32.0;1;1
172.666;-45.0;30.0;0.0;31.99145299145299;31.99145299145299;32.0;32.0;1;1
172.775;-45.0;30.0;0.0;31.99145299145299;31.99145299145299;32.0;32.0;1;1
172.895;-45.0;30.0;0.0;31.99145299145299;31.99145299145299;32.0;32.0;1;1
173.012;-45.0;30.0;0.0;31.99145299145299;31.99145299145299;32.0;32.0;1;1
173.12;-45.0;30.0;0.0;31.99145299145299;31.99145299145299;32.0;32.0;1;1
173.223;-45.0;30.0;0.0;31.99145299145299;31.99145299145299;32.0;32.0;1;1
173.347;-45.0;30.0;0.0;31.99145299145299;31.99145299145299;32.0;32.0;1;1
173.46;-45.0;30.0;0.0;31.99145299145299;31.99145299145299;32.0;32.0;1;1
173.569;-45.0;30.0;0.0;31.94017094017094;31.99145299145299;32.0;32.0;1;1
173.676;-45.0;30.0;0.0;31.94017094017094;31.99145299145299;32.0;32.0;1;1
173.79;-45.0;30.0;0.0;31.94017094017094;31.99145299145299;32.0;32.0;1;1
173.896;-45.0;30.0;0.0;31.94017094017094;31.99145299145299;32.0;32.0;1;1
174.012;-45.0;30.0;0.0;31.94017094017094;31.99145299145299;32.0;32.0;1;1
174.122;-45.0;30.0;0.0;31.94017094017094;31.99145299145299;32.0;32.0;1;1
174.222;-45.0;30.0;0.0;31.94017094017094;31.99145299145299;32.0;32.0;1;1
174.328;-45.0;30.0;0.0;31.94017094017094;31.99145299145299;32.0;32.0;1;1
174.435;-45.0;30.0;0.0;31.94017094017094;31.99145299145299;32.0;32.0;1;1
174.549;-45.0;30.0;0.0;31.99145299145299;31.99145299145299;32.0;32.0;1;1
174.657;-45.0;30.0;0.0;31.99145299145299;31.99145299145299;32.0;32.0;1;1
174.772;-45.0;30.0;0.0;31.99145299145299;31.99145299145299;32.0;32.0;1;1
174.88;-45.0;30.0;0.0;31.99145299145299;31.99145299145299;32.0;32.0;1;1
175.001;-45.0;30.0;0.0;31.99145299145299;31.99145299145299;32.0;32.0;1;1
175.105;-45.0;30.0;0.0;31.99145299145299;31.99145299145299;32.0;32.0;1;1
175.216;-45.0;30.0;0.0;31.99145299145299;31.99145299145299;32.0;32.0;1;1
175.333;-45.0;30.0;0.0;31.99145299145299;31.99145299145299;32.0;32.0;1;1
175.44;-45.0;30.0;0.0;31.99145299145299;31.99145299145299;32.0;32.0;1;1
175.541;-45.0;30.0;0.0;31.99145299145299;31.99145299145299;32.0;32.0;1;1
175.643;-45.0;30.0;0.0;31.99145299145299;31.99145299145299;32.0;32.0;1;1
175.754;-45.0;30.0;0.0;31.99145299145299;31.99145299145299;32.0;32.0;1;1
175.87;-45.0;30.0;0.0;31.99145299145299;31.99145299145299;32.0;32.0;1;1
175.978;-45.0;30.0;0.0;31.99145299145299;31.99145299145299;32.0;32.0;1;1
176.079;-45.0;30.0;0.0;31.99145299145299;31.99145299145299;32.0;32.0;1;1
176.189;-45.0;30.0;0.0;31.99145299145299;31.99145299145299;32.0;32.0;1;1
176.294;-45.0;30.0;0.0;31.99145299145299;31.99145299145299;32.0;32.0;1;1
176.411;-45.0;30.0;0.0;31.99145299145299;31.99145299145299;32.0;32.0;1;1
176.517;-45.0;30.0;0.0;31.99145299145299;31.99145299145299;32.0;32.0;1;1
176.635;-45.0;30.0;0.0;31.99145299145299;31.99145299145299;32.0;32.0;1;1
176.742;-45.0;30.0;0.0;31.99145299145299;31.99145299145299;32.0;32.0;1;1
176.843;-45.0;30.0;0.0;31.99145299145299;31.99145299145299;32.0;32.0;1;1
176.953;-45.0;30.0;0.0;31.99145299145299;31.99145299145299;32.0;32.0;1;1
177.063;-45.0;30.0;0.0;31.99145299145299;31.99145299145299;32.0;32.0;1;1
177.184;-45.0;30.0;0.0;31.99145299145299;31.99145299145299;32.0;32.0;1;1
177.287;-45.0;30.0;0.0;31.99145299145299;31.99145299145299;32.0;32.0;1;1
177.399;-45.0;30.0;0.0;31.99145299145299;31.99145299145299;32.0;32.0;1;1
177.512;-45.0;30.0;0.0;31.99145299145299;31.99145299145299;32.0;32.0;1;1
177.622;-45.0;30.0;0.0;31.99145299145299;31.99145299145299;32.0;32.0;1;1
177.751;-45.0;30.0;0.0;31.99145299145299;31.99145299145299;32.0;32.0;1;1
177.851;-45.0;30.0;0.0;31.99145299145299;31.99145299145299;32.0;32.0;1;1
177.956;-45.0;30.0;0.0;31.99145299145299;31.99145299145299;32.0;32.0;1;1
178.07;-45.0;30.0;0.0;31.99145299145299;31.99145299145299;32.0;32.0;1;1
178.181;-45.0;30.0;0.0;31.99145299145299;31.99145299145299;32.0;32.0;1;1
178.29;-45.0;30.0;0.0;31.99145299145299;31.99145299145299;32.0;32.0;1;1
178.404;-45.0;30.0;0.0;31.99145299145299;31.99145299145299;32.0;32.0;1;1
178.513;-45.0;30.0;0.0;31.94017094017094;31.99145299145299;32.0;32.0;1;1
178.614;-45.0;30.0;0.0;31.94017094017094;31.99145299145299;32.0;32.0;1;1
178.721;-45.0;30.0;0.0;31.94017094017094;31.99145299145299;32.0;32.0;1;1
178.832;-45.0;30.0;0.0;31.94017094017094;31.99145299145299;32.0;32.0;1;1
178.933;-45.0;30.0;0.0;31.94017094017094;31.99145299145299;32.0;32.0;1;1
179.034;-45.0;30.0;0.0;31.94017094017094;31.99145299145299;32.0;32.0;1;1
179.146;-45.0;30.0;0.0;31.94017094017094;31.99145299145299;32.0;32.0;1;1
179.258;-45.0;30.0;0.0;31.94017094017094;31.99145299145299;32.0;32.0;1;1
179.367;-45.0;30.0;0.0;31.94017094017094;31.99145299145299;32.0;32.0;1;1
179.482;-45.0;30.0;0.0;31.94017094017094;31.99145299145299;32.0;32.0;1;1
179.593;-45.0;30.0;0.0;31.99145299145299;31.99145299145299;32.0;32.0;1;1
179.703;-45.0;30.0;0.0;31.99145299145299;31.99145299145299;32.0;32.0;1;1
179.814;-45.0;30.0;0.0;31.99145299145299;31.99145299145299;32.0;32.0;1;1
179.926;-45.0;30.0;0.0;31.99145299145299;31.99145299145299;32.0;32.0;1;1
180.036;-45.0;30.0;0.0;31.99145299145299;31.99145299145299;32.0;32.0;1;1
180.164;-45.0;30.0;0.0;31.99145299145299;31.99145299145299;32.0;32.0;1;1
180.31;-45.0;30.0;0.0;31.99145299145299;31.99145299145299;32.0;32.0;1;1
180.42;-45.0;30.0;0.0;31.99145299145299;31.99145299145299;32.0;32.0;1;1
180.524;-45.0;30.0;0.0;31.94017094017094;31.99145299145299;32.0;32.0;1;1
180.63;-45.0;30.0;0.0;31.94017094017094;31.99145299145299;32.0;32.0;1;1
180.737;-45.0;30.0;0.0;31.94017094017094;31.99145299145299;32.0;32.0;1;1
180.846;-45.0;30.0;0.0;31.94017094017094;31.99145299145299;32.0;32.0;1;1
180.949;-45.0;30.0;0.0;31.94017094017094;31.99145299145299;32.0;32.0;1;1
181.05;-45.0;30.0;0.0;31.94017094017094;31.99145299145299;32.0;32.0;1;1
181.164;-45.0;30.0;0.0;31.94017094017094;31.99145299145299;32.0;32.0;1;1
181.273;-45.0;30.0;0.0;31.94017094017094;31.99145299145299;32.0;32.0;1;1
181.374;-45.0;30.0;0.0;31.94017094017094;31.99145299145299;32.0;32.0;1;1
181.475;-45.0;30.0;0.0;31.94017094017094;31.99145299145299;32.0;32.0;1;1
181.579;-45.0;30.0;0.0;31.99145299145299;31.99145299145299;32.0;32.0;1;1
181.694;-45.0;30.0;0.0;31.99145299145299;31.99145299145299;32.0;32.0;1;1
181.801;-45.0;30.0;0.0;31.99145299145299;31.99145299145299;32.0;32.0;1;1
181.91;-45.0;30.0;0.0;31.99145299145299;31.99145299145299;32.0;32.0;1;1
182.022;-45.0;30.0;0.0;31.99145299145299;31.99145299145299;32.0;32.0;1;1
182.13;-45.0;30.0;0.0;31.99145299145299;31.99145299145299;32.0;32.0;1;1
182.23;-45.0;30.0;0.0;31.99145299145299;31.99145299145299;32.0;32.0;1;1
182.331;-45.0;30.0;0.0;31.99145299145299;31.99145299145299;32.0;32.0;1;1
182.436;-45.0;30.0;0.0;31.99145299145299;31.99145299145299;32.0;32.0;1;1
182.537;-45.0;30.0;0.0;31.94017094017094;31.99145299145299;32.0;32.0;1;1
182.638;-45.0;30.0;0.0;31.94017094017094;31.99145299145299;32.0;32.0;1;1
182.749;-45.0;30.0;0.0;31.94017094017094;31.99145299145299;32.0;32.0;1;1
182.85;-45.0;30.0;0.0;31.94017094017094;31.99145299145299;32.0;32.0;1;1
182.969;-45.0;30.0;0.0;31.94017094017094;31.99145299145299;32.0;32.0;1;1
183.081;-45.0;30.0;0.0;31.94017094017094;31.99145299145299;32.0;32.0;1;1
183.194;-45.0;30.0;0.0;31.94017094017094;31.99145299145299;32.0;32.0;1;1
183.3;-45.0;30.0;0.0;31.94017094017094;31.99145299145299;32.0;32.0;1;1
183.413;-45.0;30.0;0.0;31.94017094017094;31.99145299145299;32.0;32.0;1;1
183.522;-45.0;30.0;0.0;31.99145299145299;31.94017094017094;32.0;32.0;1;1
183.631;-45.0;30.0;0.0;31.99145299145299;31.94017094017094;32.0;32.0;1;1
183.741;-45.0;30.0;0.0;31.99145299145299;31.94017094017094;32.0;32.0;1;1
183.855;-45.0;30.0;0.0;31.99145299145299;31.94017094017094;32.0;32.0;1;1
183.97;-45.0;30.0;0.0;31.99145299145299;31.94017094017094;32.0;32.0;1;1
184.071;-45.0;30.0;0.0;31.99145299145299;31.94017094017094;32.0;32.0;1;1
184.174;-45.0;30.0;0.0;31.99145299145299;31.94017094017094;32.0;32.0;1;1
184.286;-45.0;30.0;0.0;31.99145299145299;31.94017094017094;32.0;32.0;1;1
184.394;-45.0;30.0;0.0;31.99145299145299;31.94017094017094;32.0;32.0;1;1
184.508;-45.0;30.0;0.0;31.99145299145299;31.94017094017094;32.0;32.0;1;1
184.615;-45.0;30.0;0.0;31.99145299145299;31.99145299145299;32.0;32.0;1;1
184.732;-45.0;30.0;0.0;31.99145299145299;31.99145299145299;32.0;32.0;1;1
184.833;-45.0;30.0;0.0;31.99145299145299;31.99145299145299;32.0;32.0;1;1
184.939;-45.0;30.0;0.0;31.99145299145299;31.99145299145299;32.0;32.0;1;1
185.046;-45.0;30.0;0.0;31.99145299145299;31.99145299145299;32.0;32.0;1;1
185.161;-45.0;30.0;0.0;31.99145299145299;31.99145299145299;32.0;32.0;1;1
185.272;-45.0;30.0;0.0;31.99145299145299;31.99145299145299;32.0;32.0;1;1
185.386;-45.0;30.0;0.0;31.99145299145299;31.99145299145299;32.0;32.0;1;1
185.493;-45.0;30.0;0.0;31.99145299145299;31.99145299145299;32.0;32.0;1;1
185.6;-45.0;30.0;0.0;31.99145299145299;31.99145299145299;32.0;32.0;1;1
185.701;-45.0;30.0;0.0;31.99145299145299;31.99145299145299;32.0;32.0;1;1
185.809;-45.0;30.0;0.0;31.99145299145299;31.99145299145299;32.0;32.0;1;1
185.91;-45.0;30.0;0.0;31.99145299145299;31.99145299145299;32.0;32.0;1;1
186.015;-45.0;30.0;0.0;31.99145299145299;31.99145299145299;32.0;32.0;1;1
186.125;-45.0;30.0;0.0;31.99145299145299;31.99145299145299;32.0;32.0;1;1
186.225;-45.0;30.0;0.0;31.99145299145299;31.99145299145299;32.0;32.0;1;1
186.325;-45.0;30.0;0.0;31.99145299145299;31.99145299145299;32.0;32.0;1;1
186.426;-45.0;30.0;0.0;31.99145299145299;31.99145299145299;32.0;32.0;1;1
186.526;-45.0;30.0;0.0;31.99145299145299;31.99145299145299;32.0;32.0;1;1
186.63;-45.0;30.0;0.0;31.99145299145299;31.99145299145299;32.0;32.0;1;1
186.735;-45.0;30.0;0.0;31.99145299145299;31.99145299145299;32.0;32.0;1;1
186.84;-45.0;30.0;0.0;31.99145299145299;31.99145299145299;32.0;32.0;1;1
186.951;-45.0;30.0;0.0;31.99145299145299;31.99145299145299;32.0;32.0;1;1
187.051;-45.0;30.0;0.0;31.99145299145299;31.99145299145299;32.0;32.0;1;1
187.154;-45.0;30.0;0.0;31.99145299145299;31.99145299145299;32.0;32.0;1;1
187.258;-45.0;30.0;0.0;31.99145299145299;31.99145299145299;32.0;32.0;1;1
187.358;-45.0;30.0;0.0;31.99145299145299;31.99145299145299;32.0;32.0;1;1
187.47;-45.0;30.0;0.0;31.99145299145299;31.99145299145299;32.0;32.0;1;1
187.594;-45.0;30.0;0.0;31.99145299145299;31.99145299145299;32.0;32.0;1;1
187.695;-45.0;30.0;0.0;31.99145299145299;31.99145299145299;32.0;32.0;1;1
187.804;-45.0;30.0;0.0;31.99145299145299;31.99145299145299;32.0;32.0;1;1
187.917;-45.0;30.0;0.0;31.99145299145299;31.99145299145299;32.0;32.0;1;1
188.017;-45.0;30.0;0.0;31.99145299145299;31.99145299145299;32.0;32.0;1;1
188.117;-45.0;30.0;0.0;31.99145299145299;31.99145299145299;32.0;32.0;1;1
188.237;-45.0;30.0;0.0;31.99145299145299;31.99145299145299;32.0;32.0;1;1
188.364;-45.0;30.0;0.0;31.99145299145299;31.99145299145299;32.0;32.0;1;1
188.467;-45.0;30.0;0.0;31.94017094017094;31.99145299145299;32.0;32.0;1;1
188.568;-45.0;30.0;0.0;31.94017094017094;31.99145299145299;32.0;32.0;1;1
188.679;-45.0;30.0;0.0;31.94017094017094;31.99145299145299;32.0;32.0;1;1
188.788;-45.0;30.0;0.0;31.94017094017094;31.99145299145299;32.0;32.0;1;1
188.899;-45.0;30.0;0.0;31.94017094017094;31.99145299145299;32.0;32.0;1;1
189.002;-45.0;30.0;0.0;31.94017094017094;31.99145299145299;32.0;32.0;1;1
189.107;-45.0;30.0;0.0;31.94017094017094;31.99145299145299;32.0;32.0;1;1
189.224;-45.0;30.0;0.0;31.94017094017094;31.99145299145299;32.0;32.0;1;1
189.349;-45.0;30.0;0.0;31.94017094017094;31.99145299145299;32.0;32.0;1;1
189.464;-45.0;30.0;0.0;31.94017094017094;31.99145299145299;32.0;32.0;1;1
189.572;-45.0;30.0;0.0;31.99145299145299;31.99145299145299;32.0;32.0;1;1
189.685;-45.0;30.0;0.0;31.99145299145299;31.99145299145299;32.0;32.0;1;1
189.802;-45.0;30.0;0.0;31.99145299145299;31.99145299145299;32.0;32.0;1;1
189.906;-45.0;30.0;0.0;31.99145299145299;31.99145299145299;32.0;32.0;1;1
190.007;-45.0;30.0;0.0;31.99145299145299;31.99145299145299;32.0;32.0;1;1
190.11;-45.0;30.0;0.0;31.99145299145299;31.99145299145299;32.0;32.0;1;1
190.224;-45.0;30.0;0.0;31.99145299145299;31.99145299145299;32.0;32.0;1;1
190.335;-45.0;30.0;0.0;31.99145299145299;31.99145299145299;32.0;32.0;1;1
190.444;-45.0;30.0;0.0;31.99145299145299;31.99145299145299;32.0;32.0;1;1
190.555;-45.0;30.0;0.0;31.99145299145299;31.99145299145299;32.0;32.0;1;1
190.668;-45.0;30.0;0.0;31.99145299145299;31.99145299145299;32.0;32.0;1;1
190.778;-45.0;30.0;0.0;31.99145299145299;31.99145299145299;32.0;32.0;1;1
190.895;-45.0;30.0;0.0;31.99145299145299;31.99145299145299;32.0;32.0;1;1
191.001;-45.0;30.0;0.0;31.99145299145299;31.99145299145299;32.0;32.0;1;1
191.116;-45.0;30.0;0.0;31.99145299145299;31.99145299145299;32.0;32.0;1;1
191.225;-45.0;30.0;0.0;31.99145299145299;31.99145299145299;32.0;32.0;1;1
191.337;-45.0;30.0;0.0;31.99145299145299;31.99145299145299;32.0;32.0;1;1
191.445;-45.0;30.0;0.0;31.99145299145299;31.99145299145299;32.0;32.0;1;1
191.554;-45.0;30.0;0.0;31.99145299145299;31.99145299145299;32.0;32.0;1;1
191.671;-45.0;30.0;0.0;31.99145299145299;31.99145299145299;32.0;32.0;1;1
191.781;-45.0;30.0;0.0;31.99145299145299;31.99145299145299;32.0;32.0;1;1
191.89;-45.0;30.0;0.0;31.99145299145299;31.99145299145299;32.0;32.0;1;1
192.002;-45.0;30.0;0.0;31.99145299145299;31.99145299145299;32.0;32.0;1;1
192.103;-45.0;30.0;0.0;31.99145299145299;31.99145299145299;32.0;32.0;1;1
192.225;-45.0;30.0;0.0;31.99145299145299;31.99145299145299;32.0;32.0;1;1
192.342;-45.0;30.0;0.0;31.99145299145299;31.99145299145299;32.0;32.0;1;1
192.453;-45.0;30.0;0.0;31.99145299145299;31.99145299145299;32.0;32.0;1;1
192.56;-45.0;30.0;0.0;31.99145299145299;31.99145299145299;32.0;32.0;1;1
192.675;-45.0;30.0;0.0;31.99145299145299;31.99145299145299;32.0;32.0;1;1
192.787;-45.0;30.0;0.0;31.99145299145299;31.99145299145299;32.0;32.0;1;1
192.897;-45.0;30.27625;0.0;31.99145299145299;31.99145299145299;32.0;32.0;1;1
193.009;-45.0;30.795;0.0;31.99145299145299;31.99145299145299;32.0;32.0;1;1
193.116;-45.0;31.57625;0.0;31.99145299145299;31.99145299145299;32.0;32.0;1;1
193.233;-45.0;32.09125;0.0;31.99145299145299;31.99145299145299;32.0;32.0;1;1
193.339;-45.0;32.61125;0.0;31.99145299145299;31.99145299145299;32.0;32.0;1;1
193.44;-45.0;33.13;0.0;31.99145299145299;31.99145299145299;32.0;32.0;1;1
193.562;-45.0;33.9075;0.0;31.99145299145299;31.99145299145299;32.0;32.0;1;1
193.678;-45.0;34.4275;0.0;31.99145299145299;31.99145299145299;32.0;32.0;1;1
193.785;-45.0;34.94125;0.0;31.99145299145299;31.99145299145299;32.0;32.0;1;1
193.887;-45.0;35.45875;0.0;31.99145299145299;31.99145299145299;32.0;32.0;1;1
193.998;-45.0;35.975;0.0;31.99145299145299;31.99145299145299;32.0;32.0;1;1
194.115;-45.0;36.74625;0.0;31.99145299145299;31.99145299145299;32.0;32.0;1;1
194.22;-45.0;37.26375;0.0;31.99145299145299;31.99145299145299;32.0;32.0;1;1
194.324;-45.0;37.77625;0.0;31.99145299145299;31.99145299145299;32.0;32.0;1;1
194.424;-45.0;38.29375;0.0;31.99145299145299;31.99145299145299;32.0;32.0;1;1
194.524;-45.0;38.81125;0.0;31.99145299145299;31.99145299145299;32.0;32.0;1;1
194.625;-45.0;39.32375;0.0;31.99145299145299;31.99145299145299;32.0;32.0;1;1
194.729;-45.0;39.84125;0.0;31.99145299145299;31.99145299145299;32.0;32.0;1;1
194.832;-45.0;40.35875;0.0;31.99145299145299;31.99145299145299;32.0;32.0;1;1
194.936;-45.0;40.87375;0.0;31.99145299145299;31.99145299145299;32.0;32.0;1;1
195.039;-45.0;41.39;0.0;31.99145299145299;31.99145299145299;32.0;32.0;1;1
195.158;-45.0;41.905;0.0;31.99145299145299;31.99145299145299;32.0;32.0;1;1
195.259;-45.0;42.67375;0.0;31.99145299145299;31.99145299145299;32.0;32.0;1;1
195.359;-45.0;43.19;0.0;31.99145299145299;31.99145299145299;32.0;32.0;1;1
195.465;-45.0;43.70125;0.0;31.99145299145299;31.99145299145299;32.0;32.0;1;1
195.568;-45.0;43.95875;0.0;31.99145299145299;31.99145299145299;32.0;32.0;1;1
195.675;-45.0;44.73375;0.0;31.99145299145299;31.99145299145299;32.0;32.0;1;1
195.786;-45.0;45.24375;0.0;31.99145299145299;31.99145299145299;32.0;32.0;1;1
195.894;-45.0;45.76;0.0;31.99145299145299;31.99145299145299;32.0;32.0;1;1
196.009;-45.0;46.27625;0.0;31.99145299145299;31.99145299145299;32.0;32.0;1;1
196.114;-45.0;46.7875;0.0;31.99145299145299;31.99145299145299;32.0;32.0;1;1
196.216;-45.0;47.5625;0.0;31.99145299145299;31.99145299145299;32.0;32.0;1;1
196.327;-45.0;48.0725;0.0;31.99145299145299;31.99145299145299;32.0;32.0;1;1
196.427;-45.0;48.59;0.0;31.99145299145299;31.99145299145299;32.0;32.0;1;1
196.535;-45.0;49.10625;0.0;31.99145299145299;31.99145299145299;32.0;32.0;1;1
196.636;-45.0;49.61625;0.0;31.94017094017094;31.99145299145299;32.0;32.0;1;1
196.736;-45.0;49.9975;0.0;31.94017094017094;31.99145299145299;32.0;32.0;1;1
196.841;-45.0;50.0;0.0;31.94017094017094;31.99145299145299;32.0;32.0;1;1
196.942;-45.0;50.0;0.0;31.94017094017094;31.99145299145299;32.0;32.0;1;1
197.045;-45.0;50.0;0.0;31.94017094017094;31.99145299145299;32.0;32.0;1;1
197.155;-45.0;50.0;0.0;31.94017094017094;31.99145299145299;32.0;32.0;1;1
197.259;-45.0;50.0;0.0;31.94017094017094;31.99145299145299;32.0;32.0;1;1
197.36;-45.0;50.0;0.0;31.94017094017094;31.99145299145299;32.0;32.0;1;1
197.469;-45.0;50.0;0.0;31.94017094017094;31.99145299145299;32.0;32.0;1;1
197.575;-45.0;50.0;0.0;31.99145299145299;31.99145299145299;32.0;32.0;1;1
197.688;-45.0;50.0;0.0;31.99145299145299;31.99145299145299;32.0;32.0;1;1
197.798;-45.0;50.0;0.0;31.99145299145299;31.99145299145299;32.0;32.0;1;1
197.91;-45.0;50.0;0.0;31.99145299145299;31.99145299145299;32.0;32.0;1;1
198.012;-45.0;50.0;0.0;31.99145299145299;31.99145299145299;32.0;32.0;1;1
198.122;-45.0;50.0;0.0;31.99145299145299;31.99145299145299;32.0;32.0;1;1
198.223;-45.0;50.0;0.0;31.99145299145299;31.99145299145299;32.0;32.0;1;1
198.33;-45.0;50.0;0.0;31.99145299145299;31.99145299145299;32.0;32.0;1;1
198.44;-45.0;50.0;0.0;31.99145299145299;31.99145299145299;32.0;32.0;1;1
198.549;-45.0;50.0;0.0;31.99145299145299;31.99145299145299;32.0;32.0;1;1
198.663;-45.0;50.0;0.0;31.99145299145299;31.99145299145299;32.0;32.0;1;1
198.77;-45.0;50.0;0.0;31.99145299145299;31.99145299145299;32.0;32.0;1;1
198.883;-45.0;50.0;0.0;31.99145299145299;31.99145299145299;32.0;32.0;1;1
198.993;-45.0;50.0;0.0;31.99145299145299;31.99145299145299;32.0;32.0;1;1
199.105;-45.0;50.0;0.0;31.99145299145299;31.99145299145299;32.0;32.0;1;1
199.215;-45.0;50.0;0.0;31.99145299145299;31.99145299145299;32.0;32.0;1;1
199.316;-45.0;50.0;0.0;31.99145299145299;31.99145299145299;32.0;32.0;1;1
199.442;-45.0;50.0;0.0;31.99145299145299;31.99145299145299;32.0;32.0;1;1
199.542;-45.0;50.0;0.0;31.99145299145299;31.99145299145299;32.0;32.0;1;1
199.659;-45.0;50.0;0.0;31.99145299145299;31.99145299145299;32.0;32.0;1;1
199.776;-45.0;50.0;0.0;31.99145299145299;31.99145299145299;32.0;32.0;1;1
199.881;-45.0;50.0;0.0;31.99145299145299;31.99145299145299;32.0;32.0;1;1
199.995;-45.0;50.0;0.0;31.99145299145299;31.99145299145299;32.0;32.0;1;1
200.104;-45.0;50.0;0.0;31.99145299145299;31.99145299145299;32.0;32.0;1;1
200.216;-45.0;50.0;0.0;31.99145299145299;31.99145299145299;32.0;32.0;1;1
200.33;-45.0;50.0;0.0;31.99145299145299;31.99145299145299;32.0;32.0;1;1
200.439;-45.0;50.0;0.0;31.99145299145299;31.99145299145299;32.0;32.0;1;1
200.552;-45.0;50.0;0.0;31.99145299145299;31.99145299145299;32.0;32.0;1;1
200.662;-45.0;50.0;0.0;31.99145299145299;31.99145299145299;32.0;32.0;1;1
200.774;-45.0;50.0;0.0;31.99145299145299;31.99145299145299;32.0;32.0;1;1
200.885;-45.0;50.0;0.0;31.99145299145299;31.99145299145299;32.0;32.0;1;1
200.991;-45.0;50.0;0.0;31.99145299145299;31.99145299145299;32.0;32.0;1;1
201.091;-45.0;50.0;0.0;31.99145299145299;31.99145299145299;32.0;32.0;1;1
201.208;-45.0;50.0;0.0;31.99145299145299;31.99145299145299;32.0;32.0;1;1
201.311;-45.0;50.0;0.0;31.99145299145299;31.99145299145299;32.0;32.0;1;1
201.428;-45.0;50.0;0.0;31.99145299145299;31.99145299145299;32.0;32.0;1;1
201.536;-45.0;50.0;0.0;31.99145299145299;31.99145299145299;32.0;32.0;1;1
201.647;-45.0;50.0;0.0;31.99145299145299;31.99145299145299;32.0;32.0;1;1
201.755;-45.0;50.0;0.0;31.99145299145299;31.99145299145299;32.0;32.0;1;1
201.876;-45.0;50.0;0.0;31.99145299145299;31.99145299145299;32.0;32.0;1;1
201.984;-45.0;50.0;0.0;31.99145299145299;31.99145299145299;32.0;32.0;1;1
202.085;-45.0;50.0;0.0;31.99145299145299;31.99145299145299;32.0;32.0;1;1
202.19;-45.0;50.0;0.0;31.99145299145299;31.99145299145299;32.0;32.0;1;1
202.298;-45.0;50.0;0.0;31.99145299145299;31.99145299145299;32.0;32.0;1;1
202.41;-45.0;50.0;0.0;31.99145299145299;31.99145299145299;32.0;32.0;1;1
202.521;-45.0;50.0;0.0;31.99145299145299;31.99145299145299;32.0;32.0;1;1
202.633;-45.0;50.0;0.0;31.99145299145299;31.99145299145299;32.0;32.0;1;1
202.753;-45.0;50.0;0.0;31.99145299145299;31.99145299145299;32.0;32.0;1;1
202.86;-45.0;50.0;0.0;31.99145299145299;31.99145299145299;32.0;32.0;1;1
202.974;-45.0;50.0;0.0;31.99145299145299;31.99145299145299;32.0;32.0;1;1
203.082;-45.0;50.0;0.0;31.99145299145299;31.99145299145299;32.0;32.0;1;1
203.198;-45.0;50.0;0.0;31.99145299145299;31.99145299145299;32.0;32.0;1;1
203.305;-45.0;50.0;0.0;31.99145299145299;31.99145299145299;32.0;32.0;1;1
203.407;-45.0;50.0;0.0;31.99145299145299;31.99145299145299;32.0;32.0;1;1
203.516;-45.0;50.0;0.0;31.99145299145299;31.99145299145299;32.0;32.0;1;1
203.638;-45.0;50.0;0.0;31.99145299145299;31.99145299145299;32.0;32.0;1;1
203.739;-45.0;50.0;0.0;31.99145299145299;31.99145299145299;32.0;32.0;1;1
203.851;-45.0;50.0;0.0;31.99145299145299;31.99145299145299;32.0;32.0;1;1
203.962;-45.0;50.0;0.0;31.99145299145299;31.99145299145299;32.0;32.0;1;1
204.072;-45.0;50.0;0.0;31.99145299145299;31.99145299145299;32.0;32.0;1;1
204.181;-45.0;50.0;0.0;31.99145299145299;31.99145299145299;32.0;32.0;1;1
204.281;-45.0;50.0;0.0;31.99145299145299;31.99145299145299;32.0;32.0;1;1
204.383;-45.0;50.0;0.0;31.99145299145299;31.99145299145299;32.0;32.0;1;1
204.496;-45.0;50.0;0.0;31.99145299145299;31.99145299145299;32.0;32.0;1;1
204.606;-45.0;50.0;0.0;31.99145299145299;31.99145299145299;32.0;32.0;1;1
204.718;-45.0;50.0;0.0;31.99145299145299;31.99145299145299;32.0;32.0;1;1
204.834;-45.0;50.0;0.0;31.99145299145299;31.99145299145299;32.0;32.0;1;1
204.943;-45.0;50.0;0.0;31.99145299145299;31.99145299145299;32.0;32.0;1;1
205.047;-45.0;50.0;0.0;31.99145299145299;31.99145299145299;32.0;32.0;1;1
205.162;-45.0;50.0;0.0;31.99145299145299;31.99145299145299;32.0;32.0;1;1
205.272;-45.0;50.0;0.0;31.99145299145299;31.99145299145299;32.0;32.0;1;1
205.373;-45.0;50.0;0.0;31.99145299145299;31.99145299145299;32.0;32.0;1;1
205.482;-45.0;50.0;0.0;31.99145299145299;31.99145299145299;32.0;32.0;1;1
205.592;-45.0;50.0;0.0;31.99145299145299;31.99145299145299;32.0;32.0;1;1
205.705;-45.0;50.0;0.0;31.99145299145299;31.99145299145299;32.0;32.0;1;1
205.814;-45.0;50.0;0.0;31.99145299145299;31.99145299145299;32.0;32.0;1;1
205.925;-45.0;50.0;0.0;31.99145299145299;31.99145299145299;32.0;32.0;1;1
206.034;-45.0;50.0;0.0;31.99145299145299;31.99145299145299;32.0;32.0;1;1
206.135;-45.0;50.0;0.0;31.99145299145299;31.99145299145299;32.0;32.0;1;1
206.239;-45.0;50.0;0.0;31.99145299145299;31.99145299145299;32.0;32.0;1;1
206.351;-45.0;50.0;0.0;31.99145299145299;31.99145299145299;32.0;32.0;1;1
206.461;-45.0;50.0;0.0;31.99145299145299;31.99145299145299;32.0;32.0;1;1
206.575;-45.0;50.0;0.0;31.99145299145299;31.99145299145299;32.0;32.0;1;1
206.681;-45.0;50.0;0.0;31.99145299145299;31.99145299145299;32.0;32.0;1;1
206.795;-45.0;50.0;0.0;31.99145299145299;31.99145299145299;32.0;32.0;1;1
206.905;-45.0;50.0;0.0;31.99145299145299;31.99145299145299;32.0;32.0;1;1
207.017;-45.0;50.0;0.0;31.99145299145299;31.99145299145299;32.0;32.0;1;1
207.128;-45.0;50.0;0.0;31.99145299145299;31.99145299145299;32.0;32.0;1;1
207.241;-45.0;50.0;0.0;31.99145299145299;31.99145299145299;32.0;32.0;1;1
207.349;-45.0;50.0;0.0;31.99145299145299;31.99145299145299;32.0;32.0;1;1
207.465;-45.0;50.0;0.0;31.99145299145299;31.99145299145299;32.0;32.0;1;1
207.573;-45.0;50.0;0.0;31.99145299145299;31.99145299145299;32.0;32.0;1;1
207.685;-45.0;50.0;0.0;31.99145299145299;31.99145299145299;32.0;32.0;1;1
207.796;-45.0;50.0;0.0;31.99145299145299;31.99145299145299;32.0;32.0;1;1
207.908;-45.0;50.0;0.0;31.99145299145299;31.99145299145299;32.0;32.0;1;1
208.017;-45.0;50.0;0.0;31.99145299145299;31.99145299145299;32.0;32.0;1;1
208.127;-45.0;50.0;0.0;31.99145299145299;31.99145299145299;32.0;32.0;1;1
208.241;-45.0;50.0;0.0;31.99145299145299;31.99145299145299;32.0;32.0;1;1
208.356;-45.0;50.0;0.0;31.99145299145299;31.99145299145299;32.0;32.0;1;1
208.466;-45.0;50.0;0.0;31.99145299145299;31.99145299145299;32.0;32.0;1;1
208.568;-45.0;50.0;0.0;31.99145299145299;31.99145299145299;32.0;32.0;1;1
208.668;-45.0;50.0;0.0;31.94017094017094;31.99145299145299;32.0;32.0;1;1
208.786;-45.0;50.0;0.0;31.94017094017094;31.99145299145299;32.0;32.0;1;1
208.897;-45.0;50.0;0.0;31.94017094017094;31.99145299145299;32.0;32.0;1;1
209.006;-45.0;50.0;0.0;31.94017094017094;31.99145299145299;32.0;32.0;1;1
209.114;-45.0;50.0;0.0;31.94017094017094;31.99145299145299;32.0;32.0;1;1
209.229;-45.0;50.0;0.0;31.94017094017094;31.99145299145299;32.0;32.0;1;1
209.338;-45.0;50.0;0.0;31.94017094017094;31.99145299145299;32.0;32.0;1;1
209.452;-45.0;50.0;0.0;31.94017094017094;31.99145299145299;32.0;32.0;1;1
209.56;-45.0;50.0;0.0;31.94017094017094;31.99145299145299;32.0;32.0;1;1
209.674;-45.0;50.0;0.0;31.94017094017094;31.99145299145299;32.0;32.0;1;1
209.787;-45.0;50.0;0.0;31.94017094017094;31.99145299145299;32.0;32.0;1;1
209.895;-45.0;50.0;0.0;31.94017094017094;31.99145299145299;32.0;32.0;1;1
210.004;-45.0;50.0;0.0;31.94017094017094;31.99145299145299;32.0;32.0;1;1
210.109;-45.0;50.0;0.0;31.94017094017094;31.99145299145299;32.0;32.0;1;1
210.212;-45.0;50.0;0.0;31.94017094017094;31.99145299145299;32.0;32.0;1;1
210.328;-45.0;50.0;0.0;31.94017094017094;31.99145299145299;32.0;32.0;1;1
210.429;-45.0;50.0;0.0;31.94017094017094;31.99145299145299;32.0;32.0;1;1
210.535;-45.0;50.0;0.0;31.94017094017094;31.99145299145299;32.0;32.0;1;1
210.644;-45.0;50.0;0.0;31.99145299145299;31.99145299145299;32.0;32.0;1;1
210.747;-45.0;50.0;0.0;31.99145299145299;31.99145299145299;32.0;32.0;1;1
210.847;-45.0;50.0;0.0;31.99145299145299;31.99145299145299;32.0;32.0;1;1
210.952;-45.0;50.0;0.0;31.99145299145299;31.99145299145299;32.0;32.0;1;1
211.054;-45.0;50.0;0.0;31.99145299145299;31.99145299145299;32.0;32.0;1;1
211.154;-45.0;50.0;0.0;31.99145299145299;31.99145299145299;32.0;32.0;1;1
211.255;-45.0;50.0;0.0;31.99145299145299;31.99145299145299;32.0;32.0;1;1
211.36;-45.0;50.0;0.0;31.99145299145299;31.99145299145299;32.0;32.0;1;1
211.474;-45.0;50.0;0.0;31.99145299145299;31.99145299145299;32.0;32.0;1;1
211.581;-45.0;50.0;0.0;31.99145299145299;31.99145299145299;32.0;32.0;1;1
211.687;-45.0;50.0;0.0;31.99145299145299;31.99145299145299;32.0;32.0;1;1
211.803;-45.0;50.0;0.0;31.99145299145299;31.99145299145299;32.0;32.0;1;1
211.907;-45.0;50.0;0.0;31.99145299145299;31.99145299145299;32.0;32.0;1;1
212.02;-45.0;50.0;0.0;31.99145299145299;31.99145299145299;32.0;32.0;1;1
212.132;-45.0;50.0;0.0;31.99145299145299;31.99145299145299;32.0;32.0;1;1
212.244;-45.0;50.0;0.0;31.99145299145299;31.99145299145299;32.0;32.0;1;1
212.352;-45.0;50.0;0.0;31.99145299145299;31.99145299145299;32.0;32.0;1;1
212.47;-45.0;50.0;0.0;31.99145299145299;31.99145299145299;32.0;32.0;1;1
212.581;-45.0;50.0;0.0;31.99145299145299;31.99145299145299;32.0;32.0;1;1
212.699;-45.0;50.0;0.0;31.99145299145299;31.99145299145299;32.0;32.0;1;1
212.808;-45.0;50.0;0.0;31.99145299145299;31.99145299145299;32.0;32.0;1;1
212.915;-45.0;50.0;0.0;31.99145299145299;31.99145299145299;32.0;32.0;1;1
213.021;-45.0;50.0;0.0;31.99145299145299;31.99145299145299;32.0;32.0;1;1
213.132;-45.0;50.0;0.0;31.99145299145299;31.99145299145299;32.0;32.0;1;1
213.233;-45.0;50.0;0.0;31.99145299145299;31.99145299145299;32.0;32.0;1;1
213.344;-45.0;50.0;0.0;31.99145299145299;31.99145299145299;32.0;32.0;1;1
213.445;-45.0;50.0;0.0;31.99145299145299;31.99145299145299;32.0;32.0;1;1
213.546;-45.0;50.0;0.0;31.99145299145299;31.99145299145299;32.0;32.0;1;1
213.647;-45.0;50.0;0.0;31.99145299145299;31.99145299145299;32.0;32.0;1;1
213.748;-45.0;50.0;0.0;31.99145299145299;31.99145299145299;32.0;32.0;1;1
213.849;-45.0;50.0;0.0;31.99145299145299;31.99145299145299;32.0;32.0;1;1
213.955;-45.0;50.0;0.0;31.99145299145299;31.99145299145299;32.0;32.0;1;1
214.069;-45.0;50.0;0.0;31.99145299145299;31.99145299145299;32.0;32.0;1;1
214.175;-45.0;50.0;0.0;31.99145299145299;31.99145299145299;32.0;32.0;1;1
214.292;-45.0;50.0;0.0;31.99145299145299;31.99145299145299;32.0;32.0;1;1
214.396;-45.0;50.0;0.0;31.99145299145299;31.99145299145299;32.0;32.0;1;1
214.514;-45.0;50.0;0.0;31.99145299145299;31.99145299145299;32.0;32.0;1;1
214.619;-45.0;50.0;0.0;31.99145299145299;31.99145299145299;32.0;32.0;1;1
214.719;-45.0;50.0;0.0;31.99145299145299;31.99145299145299;32.0;32.0;1;1
214.824;-45.0;50.0;0.0;31.99145299145299;31.99145299145299;32.0;32.0;1;1
214.925;-45.0;50.0;0.0;31.99145299145299;31.99145299145299;32.0;32.0;1;1
215.026;-45.0;50.0;0.0;31.99145299145299;31.99145299145299;32.0;32.0;1;1
215.126;-45.0;50.0;0.0;31.99145299145299;31.99145299145299;32.0;32.0;1;1
215.23;-45.0;50.0;0.0;31.99145299145299;31.99145299145299;32.0;32.0;1;1
215.33;-45.0;50.0;0.0;31.99145299145299;31.99145299145299;32.0;32.0;1;1
215.434;-45.0;50.0;0.0;31.99145299145299;31.99145299145299;32.0;32.0;1;1
215.536;-45.0;50.0;0.0;31.99145299145299;31.99145299145299;32.0;32.0;1;1
215.643;-45.0;50.0;0.0;31.94017094017094;31.99145299145299;32.0;32.0;1;1
215.753;-45.0;50.0;0.0;31.94017094017094;31.99145299145299;32.0;32.0;1;1
215.853;-45.0;50.0;0.0;31.94017094017094;31.99145299145299;32.0;32.0;1;1
215.957;-45.0;50.0;0.0;31.94017094017094;31.99145299145299;32.0;32.0;1;1
216.071;-45.0;50.0;0.0;31.94017094017094;31.99145299145299;32.0;32.0;1;1
216.177;-45.0;50.0;0.0;31.94017094017094;31.99145299145299;32.0;32.0;1;1
216.28;-45.0;50.0;0.0;31.94017094017094;31.99145299145299;32.0;32.0;1;1
216.387;-45.0;50.0;0.0;31.94017094017094;31.99145299145299;32.0;32.0;1;1
216.503;-45.0;50.0;0.0;31.94017094017094;31.99145299145299;32.0;32.0;1;1
216.611;-45.0;50.0;0.0;31.99145299145299;31.99145299145299;32.0;32.0;1;1
216.726;-45.0;50.0;0.0;31.99145299145299;31.99145299145299;32.0;32.0;1;1
216.839;-45.0;50.0;0.0;31.99145299145299;31.99145299145299;32.0;32.0;1;1
216.947;-45.0;50.0;0.0;31.99145299145299;31.99145299145299;32.0;32.0;1;1
217.061;-45.0;50.0;0.0;31.99145299145299;31.99145299145299;32.0;32.0;1;1
217.169;-45.0;50.0;0.0;31.99145299145299;31.99145299145299;32.0;32.0;1;1
217.293;-45.0;50.0;0.0;31.99145299145299;31.99145299145299;32.0;32.0;1;1
217.393;-45.0;50.0;0.0;31.99145299145299;31.99145299145299;32.0;32.0;1;1
217.507;-45.0;50.0;0.0;31.99145299145299;31.99145299145299;32.0;32.0;1;1
217.618;-45.0;50.0;0.0;31.99145299145299;31.99145299145299;32.0;32.0;1;1
217.725;-45.0;50.0;0.0;31.99145299145299;31.99145299145299;32.0;32.0;1;1
217.84;-45.0;50.0;0.0;31.99145299145299;31.99145299145299;32.0;32.0;1;1
217.952;-45.0;50.0;0.0;31.99145299145299;31.99145299145299;32.0;32.0;1;1
218.062;-45.0;50.0;0.0;31.99145299145299;31.99145299145299;32.0;32.0;1;1
218.18;-45.0;50.0;0.0;31.99145299145299;31.99145299145299;32.0;32.0;1;1
218.285;-45.0;50.0;0.0;31.99145299145299;31.99145299145299;32.0;32.0;1;1
218.393;-45.0;50.0;0.0;31.99145299145299;31.99145299145299;32.0;32.0;1;1
218.506;-45.0;50.0;0.0;31.99145299145299;31.99145299145299;32.0;32.0;1;1
218.616;-45.0;50.0;0.0;31.99145299145299;31.99145299145299;32.0;32.0;1;1
218.73;-45.0;50.0;0.0;31.99145299145299;31.99145299145299;32.0;32.0;1;1
218.841;-45.0;50.0;0.0;31.99145299145299;31.99145299145299;32.0;32.0;1;1
218.941;-45.0;50.0;0.0;31.99145299145299;31.99145299145299;32.0;32.0;1;1
219.048;-45.0;50.0;0.0;31.99145299145299;31.99145299145299;32.0;32.0;1;1
219.155;-45.0;50.0;0.0;31.99145299145299;31.99145299145299;32.0;32.0;1;1
219.257;-45.0;50.0;0.0;31.99145299145299;31.99145299145299;32.0;32.0;1;1
219.365;-45.0;50.0;0.0;31.99145299145299;31.99145299145299;32.0;32.0;1;1
219.475;-45.0;50.0;0.0;31.99145299145299;31.99145299145299;32.0;32.0;1;1
219.584;-45.0;50.0;0.0;31.99145299145299;31.99145299145299;32.0;32.0;1;1
219.686;-45.0;50.0;0.0;31.99145299145299;31.99145299145299;32.0;32.0;1;1
219.798;-45.0;50.0;0.0;31.99145299145299;31.99145299145299;32.0;32.0;1;1
219.906;-45.0;50.0;0.0;31.99145299145299;31.99145299145299;32.0;32.0;1;1
220.021;-45.0;50.0;0.0;31.99145299145299;31.99145299145299;32.0;32.0;1;1
220.129;-45.0;50.0;0.0;31.99145299145299;31.99145299145299;32.0;32.0;1;1
220.23;-45.0;50.0;0.0;31.99145299145299;31.99145299145299;32.0;32.0;1;1
220.357;-45.0;50.0;0.0;31.99145299145299;31.99145299145299;32.0;32.0;1;1
220.465;-45.0;50.0;0.0;31.99145299145299;31.99145299145299;32.0;32.0;1;1
220.568;-45.0;50.0;0.0;31.99145299145299;31.99145299145299;32.0;32.0;1;1
220.669;-45.0;50.0;0.0;31.99145299145299;31.99145299145299;32.0;32.0;1;1
220.783;-45.0;50.0;0.0;31.99145299145299;31.99145299145299;32.0;32.0;1;1
220.896;-45.0;50.0;0.0;31.99145299145299;31.99145299145299;32.0;32.0;1;1
221.004;-45.0;50.0;0.0;31.99145299145299;31.99145299145299;32.0;32.0;1;1
221.115;-45.0;50.0;0.0;31.99145299145299;31.99145299145299;32.0;32.0;1;1
221.229;-45.0;50.0;0.0;31.99145299145299;31.99145299145299;32.0;32.0;1;1
221.341;-45.0;50.0;0.0;31.99145299145299;31.99145299145299;32.0;32.0;1;1
221.453;-45.0;50.0;0.0;31.99145299145299;31.99145299145299;32.0;32.0;1;1
221.556;-45.0;50.0;0.0;31.99145299145299;31.99145299145299;32.0;32.0;1;1
221.657;-45.0;50.0;0.0;31.99145299145299;31.99145299145299;32.0;32.0;1;1
221.771;-45.0;50.0;0.0;31.99145299145299;31.99145299145299;32.0;32.0;1;1
221.878;-45.0;50.0;0.0;31.99145299145299;31.99145299145299;32.0;32.0;1;1
221.994;-45.0;50.0;0.0;31.99145299145299;31.99145299145299;32.0;32.0;1;1
222.101;-45.0;50.0;0.0;31.99145299145299;31.99145299145299;32.0;32.0;1;1
222.211;-45.0;50.0;0.0;31.99145299145299;31.99145299145299;32.0;32.0;1;1
222.328;-45.0;50.0;0.0;31.99145299145299;31.99145299145299;32.0;32.0;1;1
222.435;-45.0;50.0;0.0;31.99145299145299;31.99145299145299;32.0;32.0;1;1
222.535;-45.0;50.0;0.0;31.99145299145299;31.99145299145299;32.0;32.0;1;1
222.644;-45.0;50.0;0.0;31.99145299145299;31.99145299145299;32.0;32.0;1;1
222.752;-45.0;50.0;0.0;31.99145299145299;31.99145299145299;32.0;32.0;1;1
222.865;-45.0;50.0;0.0;31.99145299145299;31.99145299145299;32.0;32.0;1;1
222.979;-45.0;50.0;0.0;31.99145299145299;31.99145299145299;32.0;32.0;1;1
223.085;-45.0;50.0;0.0;31.99145299145299;31.99145299145299;32.0;32.0;1;1
223.201;-45.0;50.0;0.0;31.99145299145299;31.99145299145299;32.0;32.0;1;1
223.314;-45.0;50.0;0.0;31.99145299145299;31.99145299145299;32.0;32.0;1;1
223.421;-45.0;50.0;0.0;31.99145299145299;31.99145299145299;32.0;32.0;1;1
223.54;-45.0;50.0;0.0;31.99145299145299;31.99145299145299;32.0;32.0;1;1
223.647;-45.0;50.0;0.0;31.99145299145299;31.99145299145299;32.0;32.0;1;1
223.757;-45.0;50.0;0.0;31.99145299145299;31.99145299145299;32.0;32.0;1;1
223.868;-45.0;50.0;0.0;31.99145299145299;31.99145299145299;32.0;32.0;1;1
223.984;-45.0;50.0;0.0;31.99145299145299;31.99145299145299;32.0;32.0;1;1
224.085;-45.0;50.0;0.0;31.99145299145299;31.99145299145299;32.0;32.0;1;1
224.186;-45.0;50.0;0.0;31.99145299145299;31.99145299145299;32.0;32.0;1;1
224.3;-45.0;50.0;0.0;31.99145299145299;31.99145299145299;32.0;32.0;1;1
224.408;-45.0;50.0;0.0;31.99145299145299;31.99145299145299;32.0;32.0;1;1
224.522;-45.0;50.0;0.0;31.99145299145299;31.99145299145299;32.0;32.0;1;1
224.631;-45.0;50.0;0.0;31.99145299145299;31.99145299145299;32.0;32.0;1;1
224.743;-45.0;50.0;0.0;31.99145299145299;31.99145299145299;32.0;32.0;1;1
224.843;-45.0;50.0;0.0;31.99145299145299;31.99145299145299;32.0;32.0;1;1
224.956;-45.0;50.0;0.0;31.99145299145299;31.99145299145299;32.0;32.0;1;1
225.061;-45.0;50.0;0.0;31.99145299145299;31.99145299145299;32.0;32.0;1;1
225.176;-45.0;50.0;0.0;31.99145299145299;31.99145299145299;32.0;32.0;1;1
225.287;-45.0;50.0;0.0;31.99145299145299;31.99145299145299;32.0;32.0;1;1
225.387;-45.0;50.0;0.0;31.99145299145299;31.99145299145299;32.0;32.0;1;1
225.492;-45.0;50.0;0.0;31.99145299145299;31.99145299145299;32.0;32.0;1;1
225.601;-45.0;50.0;0.0;31.99145299145299;31.99145299145299;32.0;32.0;1;1
225.707;-45.0;50.0;0.0;31.99145299145299;31.99145299145299;32.0;32.0;1;1
225.816;-45.0;50.0;0.0;31.99145299145299;31.99145299145299;32.0;32.0;1;1
225.919;-45.0;50.0;0.0;31.99145299145299;31.99145299145299;32.0;32.0;1;1
226.024;-45.0;50.0;0.0;31.99145299145299;31.99145299145299;32.0;32.0;1;1
226.154;-45.0;50.0;0.0;31.99145299145299;31.99145299145299;32.0;32.0;1;1
226.265;-45.0;50.0;0.0;31.99145299145299;31.99145299145299;32.0;32.0;1;1
226.373;-45.0;50.0;0.0;31.99145299145299;31.99145299145299;32.0;32.0;1;1
226.482;-45.0;50.0;0.0;31.99145299145299;31.99145299145299;32.0;32.0;1;1
226.592;-45.0;50.0;0.0;31.99145299145299;31.99145299145299;32.0;32.0;1;1
226.7;-45.0;50.0;0.0;31.99145299145299;31.99145299145299;32.0;32.0;1;1
226.814;-45.0;50.0;0.0;31.99145299145299;31.99145299145299;32.0;32.0;1;1
226.918;-45.0;50.0;0.0;31.99145299145299;31.99145299145299;32.0;32.0;1;1
227.026;-45.0;50.0;0.0;31.99145299145299;31.99145299145299;32.0;32.0;1;1
227.133;-45.0;50.0;0.0;31.99145299145299;31.99145299145299;32.0;32.0;1;1
227.236;-45.0;50.0;0.0;31.99145299145299;31.99145299145299;32.0;32.0;1;1
227.336;-45.0;50.0;0.0;31.99145299145299;31.99145299145299;32.0;32.0;1;1
227.436;-45.0;50.0;0.0;31.99145299145299;31.99145299145299;32.0;32.0;1;1
227.541;-45.0;50.0;0.0;31.99145299145299;31.99145299145299;32.0;32.0;1;1
227.648;-45.0;50.0;0.0;31.99145299145299;31.99145299145299;32.0;32.0;1;1
227.75;-45.0;50.0;0.0;31.99145299145299;31.99145299145299;32.0;32.0;1;1
227.859;-45.0;50.0;0.0;31.99145299145299;31.99145299145299;32.0;32.0;1;1
227.97;-45.0;50.0;0.0;31.99145299145299;31.99145299145299;32.0;32.0;1;1
228.071;-45.0;50.0;0.0;31.99145299145299;31.99145299145299;32.0;32.0;1;1
228.176;-45.0;50.0;0.0;31.99145299145299;31.99145299145299;32.0;32.0;1;1
228.277;-45.0;50.0;0.0;31.99145299145299;31.99145299145299;32.0;32.0;1;1
228.38;-45.0;50.0;0.0;31.99145299145299;31.99145299145299;32.0;32.0;1;1
228.493;-45.0;50.0;0.0;31.99145299145299;31.99145299145299;32.0;32.0;1;1
228.604;-45.0;50.0;0.0;31.99145299145299;31.99145299145299;32.0;32.0;1;1
228.707;-45.0;50.0;0.0;31.99145299145299;31.99145299145299;32.0;32.0;1;1
228.807;-45.0;50.0;0.0;31.99145299145299;31.99145299145299;32.0;32.0;1;1
228.909;-45.0;50.0;0.0;31.99145299145299;31.99145299145299;32.0;32.0;1;1
229.013;-45.0;50.0;0.0;31.99145299145299;31.99145299145299;32.0;32.0;1;1
229.113;-45.0;50.0;0.0;31.99145299145299;31.99145299145299;32.0;32.0;1;1
229.224;-45.0;50.0;0.0;31.99145299145299;31.99145299145299;32.0;32.0;1;1
229.326;-45.0;50.0;0.0;31.99145299145299;31.99145299145299;32.0;32.0;1;1
229.431;-45.0;50.0;0.0;31.99145299145299;31.99145299145299;32.0;32.0;1;1
229.547;-45.0;50.0;0.0;31.99145299145299;31.99145299145299;32.0;32.0;1;1
229.66;-45.0;50.0;0.0;31.99145299145299;31.99145299145299;32.0;32.0;1;1
229.772;-45.0;50.0;0.0;31.99145299145299;31.99145299145299;32.0;32.0;1;1
229.881;-45.0;50.0;0.0;31.99145299145299;31.99145299145299;32.0;32.0;1;1
229.996;-45.0;50.0;0.0;31.99145299145299;31.99145299145299;32.0;32.0;1;1
230.098;-45.0;50.0;0.0;31.99145299145299;31.99145299145299;32.0;32.0;1;1
230.206;-45.0;50.0;0.0;31.99145299145299;31.99145299145299;32.0;32.0;1;1
230.315;-45.0;50.0;0.0;31.99145299145299;31.99145299145299;32.0;32.0;1;1
230.43;-45.0;50.0;0.0;31.99145299145299;31.99145299145299;32.0;32.0;1;1
230.532;-45.0;50.0;0.0;31.99145299145299;31.99145299145299;32.0;32.0;1;1
230.654;-45.0;50.0;0.0;31.99145299145299;31.99145299145299;32.0;32.0;1;1
230.76;-45.0;50.0;0.0;31.99145299145299;31.99145299145299;32.0;32.0;1;1
230.863;-45.0;50.0;0.0;31.99145299145299;31.99145299145299;32.0;32.0;1;1
230.966;-45.0;50.0;0.0;31.99145299145299;31.99145299145299;32.0;32.0;1;1
231.081;-45.0;50.0;0.0;31.99145299145299;31.99145299145299;32.0;32.0;1;1
231.193;-45.0;50.0;0.0;31.99145299145299;31.99145299145299;32.0;32.0;1;1
231.298;-45.0;50.0;0.0;31.99145299145299;31.99145299145299;32.0;32.0;1;1
231.399;-45.0;50.0;0.0;31.99145299145299;31.99145299145299;32.0;32.0;1;1
231.505;-45.0;50.0;0.0;31.99145299145299;31.99145299145299;32.0;32.0;1;1
231.606;-45.0;50.0;0.0;31.99145299145299;31.99145299145299;32.0;32.0;1;1
231.718;-45.0;50.0;0.0;31.99145299145299;31.99145299145299;32.0;32.0;1;1
231.825;-45.0;50.0;0.0;31.99145299145299;31.99145299145299;32.0;32.0;1;1
231.935;-45.0;50.0;0.0;31.99145299145299;31.99145299145299;32.0;32.0;1;1
232.035;-45.0;50.0;0.0;31.99145299145299;31.99145299145299;32.0;32.0;1;1
232.136;-45.0;50.0;0.0;31.99145299145299;31.99145299145299;32.0;32.0;1;1
232.237;-45.0;50.0;0.0;31.99145299145299;31.99145299145299;32.0;32.0;1;1
232.343;-45.0;50.0;0.0;31.99145299145299;31.99145299145299;32.0;32.0;1;1
232.446;-45.0;50.0;0.0;31.99145299145299;31.99145299145299;32.0;32.0;1;1
232.546;-45.0;50.0;0.0;31.99145299145299;31.99145299145299;32.0;32.0;1;1
232.657;-45.0;50.0;0.0;31.99145299145299;31.99145299145299;32.0;32.0;1;1
232.765;-45.0;50.0;0.0;31.99145299145299;31.99145299145299;32.0;32.0;1;1
232.873;-45.0;50.0;0.0;31.99145299145299;31.99145299145299;32.0;32.0;1;1
232.985;-45.0;50.0;0.0;31.99145299145299;31.99145299145299;32.0;32.0;1;1
233.089;-45.0;50.0;0.0;31.99145299145299;31.99145299145299;32.0;32.0;1;1
233.19;-45.0;50.0;0.0;31.99145299145299;31.99145299145299;32.0;32.0;1;1
233.292;-45.0;50.0;0.0;31.99145299145299;31.99145299145299;32.0;32.0;1;1
233.406;-45.0;50.0;0.0;31.99145299145299;31.99145299145299;32.0;32.0;1;1
233.513;-45.0;50.0;0.0;31.99145299145299;31.99145299145299;32.0;32.0;1;1
233.624;-45.0;50.0;0.0;31.99145299145299;31.99145299145299;32.0;32.0;1;1
233.725;-45.0;50.0;0.0;31.99145299145299;31.99145299145299;32.0;32.0;1;1
233.832;-45.0;50.0;0.0;31.99145299145299;31.99145299145299;32.0;32.0;1;1
233.933;-45.0;50.0;0.0;31.99145299145299;31.99145299145299;32.0;32.0;1;1
234.036;-45.0;50.0;0.0;31.99145299145299;31.99145299145299;32.0;32.0;1;1
234.15;-45.0;50.0;0.0;31.99145299145299;31.99145299145299;32.0;32.0;1;1
234.262;-45.0;50.0;0.0;31.99145299145299;31.99145299145299;32.0;32.0;1;1
234.366;-45.0;50.0;0.0;31.99145299145299;31.99145299145299;32.0;32.0;1;1
234.483;-45.0;50.0;0.0;31.99145299145299;31.99145299145299;32.0;32.0;1;1
234.589;-45.0;50.0;0.0;31.99145299145299;31.99145299145299;32.0;32.0;1;1
234.705;-45.0;50.0;0.0;31.99145299145299;31.99145299145299;32.0;32.0;1;1
234.811;-45.0;50.0;0.0;31.99145299145299;31.99145299145299;32.0;32.0;1;1
234.929;-45.0;50.0;0.0;31.99145299145299;31.99145299145299;32.0;32.0;1;1
235.037;-45.0;50.0;0.0;31.99145299145299;31.99145299145299;32.0;32.0;1;1
235.15;-45.0;50.0;0.0;31.99145299145299;31.99145299145299;32.0;32.0;1;1
235.25;-45.0;50.0;0.0;31.99145299145299;31.99145299145299;32.0;32.0;1;1
235.353;-45.0;50.0;0.0;31.99145299145299;31.99145299145299;32.0;32.0;1;1
235.472;-45.0;50.0;0.0;31.99145299145299;31.99145299145299;32.0;32.0;1;1
235.577;-45.0;50.0;0.0;31.99145299145299;31.99145299145299;32.0;32.0;1;1
235.678;-45.0;50.0;0.0;31.99145299145299;31.99145299145299;32.0;32.0;1;1
235.784;-45.0;50.0;0.0;31.99145299145299;31.99145299145299;32.0;32.0;1;1
235.894;-45.0;50.0;0.0;31.99145299145299;31.99145299145299;32.0;32.0;1;1
235.995;-45.0;50.0;0.0;31.99145299145299;31.99145299145299;32.0;32.0;1;1
236.102;-45.0;50.0;0.0;31.99145299145299;31.99145299145299;32.0;32.0;1;1
236.236;-45.0;50.0;0.0;31.99145299145299;31.99145299145299;32.0;32.0;1;1
236.347;-45.0;50.0;0.0;31.99145299145299;31.99145299145299;32.0;32.0;1;1
236.452;-45.0;50.0;0.0;31.99145299145299;31.99145299145299;32.0;32.0;1;1
236.554;-45.0;50.0;0.0;31.99145299145299;31.99145299145299;32.0;32.0;1;1
236.66;-45.0;50.0;0.0;31.99145299145299;31.99145299145299;32.0;32.0;1;1
236.761;-45.0;50.0;0.0;31.99145299145299;31.99145299145299;32.0;32.0;1;1
236.861;-45.0;50.0;0.0;31.99145299145299;31.99145299145299;32.0;32.0;1;1
236.962;-45.0;50.0;0.0;31.99145299145299;31.99145299145299;32.0;32.0;1;1
237.068;-45.0;50.0;0.0;31.99145299145299;31.99145299145299;32.0;32.0;1;1
237.172;-45.0;50.0;0.0;31.99145299145299;31.99145299145299;32.0;32.0;1;1
237.28;-45.0;50.0;0.0;31.99145299145299;31.99145299145299;32.0;32.0;1;1
237.39;-45.0;50.0;0.0;31.99145299145299;31.99145299145299;32.0;32.0;1;1
237.494;-45.0;50.0;0.0;31.99145299145299;31.99145299145299;32.0;32.0;1;1
237.595;-45.0;50.0;0.0;31.99145299145299;31.99145299145299;32.0;32.0;1;1
237.696;-45.0;50.0;0.0;31.99145299145299;31.99145299145299;32.0;32.0;1;1
237.798;-45.0;50.0;0.0;31.99145299145299;31.99145299145299;32.0;32.0;1;1
237.901;-45.0;50.0;0.0;31.99145299145299;31.99145299145299;32.0;32.0;1;1
238.005;-45.0;50.0;0.0;31.99145299145299;31.99145299145299;32.0;32.0;1;1
238.115;-45.0;50.0;0.0;31.99145299145299;31.99145299145299;32.0;32.0;1;1
238.226;-45.0;50.0;0.0;31.99145299145299;31.99145299145299;32.0;32.0;1;1
238.334;-45.0;50.0;0.0;31.99145299145299;31.99145299145299;32.0;32.0;1;1
238.449;-45.0;50.0;0.0;31.99145299145299;31.99145299145299;32.0;32.0;1;1
238.561;-45.0;50.0;0.0;31.99145299145299;31.99145299145299;32.0;32.0;1;1
238.674;-45.0;50.0;0.0;31.99145299145299;31.99145299145299;32.0;32.0;1;1
238.775;-45.0;50.0;0.0;31.99145299145299;31.99145299145299;32.0;32.0;1;1
238.875;-45.0;50.0;0.0;31.99145299145299;31.99145299145299;32.0;32.0;1;1
238.977;-45.0;50.0;0.0;31.99145299145299;31.99145299145299;32.0;32.0;1;1
239.082;-45.0;50.0;0.0;31.99145299145299;31.99145299145299;32.0;32.0;1;1
239.182;-45.0;50.0;0.0;31.99145299145299;31.99145299145299;32.0;32.0;1;1
239.283;-45.0;50.0;0.0;31.99145299145299;31.99145299145299;32.0;32.0;1;1
239.384;-45.0;50.0;0.0;31.99145299145299;31.99145299145299;32.0;32.0;1;1
239.486;-45.0;50.0;0.0;31.99145299145299;31.99145299145299;32.0;32.0;1;1
239.588;-45.0;50.0;0.0;31.99145299145299;31.99145299145299;32.0;32.0;1;1
239.695;-45.0;50.0;0.0;31.99145299145299;31.99145299145299;32.0;32.0;1;1
239.8;-45.0;50.0;0.0;31.99145299145299;31.99145299145299;32.0;32.0;1;1
239.925;-45.0;50.0;0.0;31.99145299145299;31.99145299145299;32.0;32.0;1;1
240.031;-45.0;50.0;0.0;31.99145299145299;31.99145299145299;32.0;32.0;1;1
240.134;-45.0;50.0;0.0;31.99145299145299;31.99145299145299;32.0;32.0;1;1
240.237;-45.0;50.0;0.0;31.99145299145299;31.99145299145299;32.0;32.0;1;1
240.339;-45.0;50.0;0.0;31.99145299145299;31.99145299145299;32.0;32.0;1;1
240.442;-45.0;50.0;0.0;31.99145299145299;31.99145299145299;32.0;32.0;1;1
240.547;-45.0;50.0;0.0;31.99145299145299;31.99145299145299;32.0;32.0;1;1
240.656;-45.0;50.0;0.0;31.99145299145299;31.99145299145299;32.0;32.0;1;1
240.769;-45.0;50.0;0.0;31.99145299145299;31.99145299145299;32.0;32.0;1;1
240.879;-45.0;50.0;0.0;31.99145299145299;31.99145299145299;32.0;32.0;1;1
240.987;-45.0;50.0;0.0;31.99145299145299;31.99145299145299;32.0;32.0;1;1
241.102;-45.0;50.0;0.0;31.99145299145299;31.99145299145299;32.0;32.0;1;1
241.211;-45.0;50.0;0.0;31.99145299145299;31.99145299145299;32.0;32.0;1;1
241.321;-45.0;50.0;0.0;31.99145299145299;31.99145299145299;32.0;32.0;1;1
241.429;-45.0;50.0;0.0;31.99145299145299;31.99145299145299;32.0;32.0;1;1
241.542;-45.0;50.0;0.0;31.99145299145299;31.99145299145299;32.0;32.0;1;1
241.648;-45.0;50.0;0.0;31.99145299145299;31.99145299145299;32.0;32.0;1;1
241.763;-45.0;50.0;0.0;31.99145299145299;31.99145299145299;32.0;32.0;1;1
241.866;-45.0;50.0;0.0;31.99145299145299;31.99145299145299;32.0;32.0;1;1
241.967;-45.0;50.0;0.0;31.99145299145299;31.99145299145299;32.0;32.0;1;1
242.079;-45.0;50.0;0.0;31.99145299145299;31.99145299145299;32.0;32.0;1;1
242.187;-45.0;50.0;0.0;31.99145299145299;31.99145299145299;32.0;32.0;1;1
242.299;-45.0;50.0;0.0;31.99145299145299;31.99145299145299;32.0;32.0;1;1
242.41;-45.0;50.0;0.0;31.99145299145299;31.99145299145299;32.0;32.0;1;1
242.52;-45.0;50.0;0.0;31.99145299145299;31.99145299145299;32.0;32.0;1;1
242.63;-45.0;50.0;0.0;31.99145299145299;31.99145299145299;32.0;32.0;1;1
242.741;-45.0;50.0;0.0;31.99145299145299;31.99145299145299;32.0;32.0;1;1
242.854;-45.0;50.0;0.0;31.99145299145299;31.99145299145299;32.0;32.0;1;1
242.961;-45.0;50.0;0.0;31.99145299145299;31.99145299145299;32.0;32.0;1;1
243.086;-45.0;50.0;0.0;31.99145299145299;31.99145299145299;32.0;32.0;1;1
243.188;-45.0;50.0;0.0;31.99145299145299;31.99145299145299;32.0;32.0;1;1
243.307;-45.0;50.0;0.0;31.99145299145299;31.99145299145299;32.0;32.0;1;1
243.409;-45.0;50.0;0.0;31.99145299145299;31.99145299145299;32.0;32.0;1;1
243.515;-45.0;50.0;0.0;31.99145299145299;31.99145299145299;32.0;32.0;1;1
243.616;-45.0;50.0;0.0;31.99145299145299;31.99145299145299;32.0;32.0;1;1
243.718;-45.0;50.0;0.0;31.99145299145299;31.94017094017094;32.0;32.0;1;1
243.834;-45.0;50.0;0.0;31.99145299145299;31.94017094017094;32.0;32.0;1;1
243.943;-45.0;50.0;0.0;31.99145299145299;31.94017094017094;32.0;32.0;1;1
244.056;-45.0;50.0;0.0;31.99145299145299;31.94017094017094;32.0;32.0;1;1
244.165;-45.0;50.0;0.0;31.99145299145299;31.94017094017094;32.0;32.0;1;1
244.274;-45.0;50.0;0.0;31.99145299145299;31.94017094017094;32.0;32.0;1;1
244.375;-45.0;50.0;0.0;31.99145299145299;31.94017094017094;32.0;32.0;1;1
244.484;-45.0;50.0;0.0;31.99145299145299;31.94017094017094;32.0;32.0;1;1
244.596;-45.0;50.0;0.0;31.99145299145299;31.94017094017094;32.0;32.0;1;1
244.707;-45.0;50.0;0.0;31.99145299145299;31.99145299145299;32.0;32.0;1;1
244.822;-45.0;50.0;0.0;31.99145299145299;31.99145299145299;32.0;32.0;1;1
244.928;-45.0;50.0;0.0;31.99145299145299;31.99145299145299;32.0;32.0;1;1
245.043;-45.0;50.0;0.0;31.99145299145299;31.99145299145299;32.0;32.0;1;1
245.155;-45.0;50.0;0.0;31.99145299145299;31.99145299145299;32.0;32.0;1;1
245.265;-45.0;50.0;0.0;31.99145299145299;31.99145299145299;32.0;32.0;1;1
245.379;-45.0;50.0;0.0;31.99145299145299;31.99145299145299;32.0;32.0;1;1
245.486;-45.0;50.0;0.0;31.99145299145299;31.99145299145299;32.0;32.0;1;1
245.588;-45.0;50.0;0.0;31.99145299145299;31.99145299145299;32.0;32.0;1;1
245.697;-45.0;50.0;0.0;31.99145299145299;31.99145299145299;32.0;32.0;1;1
245.803;-45.0;50.0;0.0;31.99145299145299;31.99145299145299;32.0;32.0;1;1
245.918;-45.0;50.0;0.0;31.99145299145299;31.99145299145299;32.0;32.0;1;1
246.03;-45.0;50.0;0.0;31.99145299145299;31.99145299145299;32.0;32.0;1;1
246.132;-45.0;50.0;0.0;31.99145299145299;31.99145299145299;32.0;32.0;1;1
246.236;-45.0;50.0;0.0;31.99145299145299;31.99145299145299;32.0;32.0;1;1
246.348;-45.0;50.0;0.0;31.99145299145299;31.99145299145299;32.0;32.0;1;1
246.459;-45.0;50.0;0.0;31.99145299145299;31.99145299145299;32.0;32.0;1;1
246.57;-45.0;50.0;0.0;31.99145299145299;31.99145299145299;32.0;32.0;1;1
246.678;-45.0;50.0;0.0;31.99145299145299;31.99145299145299;32.0;32.0;1;1
246.786;-45.0;50.0;0.0;31.99145299145299;31.99145299145299;32.0;32.0;1;1
246.898;-45.0;50.0;0.0;31.99145299145299;31.99145299145299;32.0;32.0;1;1
246.999;-45.0;50.0;0.0;31.99145299145299;31.99145299145299;32.0;32.0;1;1
247.109;-45.0;50.0;0.0;31.99145299145299;31.99145299145299;32.0;32.0;1;1
247.221;-45.0;50.0;0.0;31.99145299145299;31.99145299145299;32.0;32.0;1;1
247.33;-45.0;50.0;0.0;31.99145299145299;31.99145299145299;32.0;32.0;1;1
247.438;-45.0;50.0;0.0;31.99145299145299;31.99145299145299;32.0;32.0;1;1
247.555;-45.0;50.0;0.0;31.99145299145299;31.99145299145299;32.0;32.0;1;1
247.666;-45.0;50.0;0.0;31.99145299145299;31.99145299145299;32.0;32.0;1;1
247.777;-45.0;50.0;0.0;31.99145299145299;31.99145299145299;32.0;32.0;1;1
247.878;-45.0;50.0;0.0;31.99145299145299;31.99145299145299;32.0;32.0;1;1
247.983;-45.0;50.0;0.0;31.99145299145299;31.99145299145299;32.0;32.0;1;1
248.089;-45.0;50.0;0.0;31.99145299145299;31.99145299145299;32.0;32.0;1;1
248.19;-45.0;50.0;0.0;31.99145299145299;31.99145299145299;32.0;32.0;1;1
248.317;-45.0;50.0;0.0;31.99145299145299;31.99145299145299;32.0;32.0;1;1
248.424;-45.0;50.0;0.0;31.99145299145299;31.99145299145299;32.0;32.0;1;1
248.54;-45.0;50.0;0.0;31.99145299145299;31.99145299145299;32.0;32.0;1;1
248.647;-45.0;50.0;0.0;31.99145299145299;31.99145299145299;32.0;32.0;1;1
248.761;-45.0;50.0;0.0;31.99145299145299;31.99145299145299;32.0;32.0;1;1
248.866;-45.0;50.0;0.0;31.99145299145299;31.99145299145299;32.0;32.0;1;1
248.983;-45.0;50.0;0.0;31.99145299145299;31.99145299145299;32.0;32.0;1;1
249.094;-45.0;50.0;0.0;31.99145299145299;31.99145299145299;32.0;32.0;1;1
249.198;-45.0;50.0;0.0;31.99145299145299;31.99145299145299;32.0;32.0;1;1
249.298;-45.0;50.0;0.0;31.99145299145299;31.99145299145299;32.0;32.0;1;1
249.412;-45.0;50.0;0.0;31.99145299145299;31.99145299145299;32.0;32.0;1;1
249.52;-45.0;50.0;0.0;31.99145299145299;31.99145299145299;32.0;32.0;1;1
249.636;-45.0;50.0;0.0;31.99145299145299;31.99145299145299;32.0;32.0;1;1
249.742;-45.0;50.0;0.0;31.99145299145299;31.99145299145299;32.0;32.0;1;1
249.843;-45.0;50.0;0.0;31.99145299145299;31.99145299145299;32.0;32.0;1;1
249.954;-45.0;50.0;0.0;31.99145299145299;31.99145299145299;32.0;32.0;1;1
250.061;-45.0;50.0;0.0;31.99145299145299;31.99145299145299;32.0;32.0;1;1
250.178;-45.0;50.0;0.0;31.99145299145299;31.99145299145299;32.0;32.0;1;1
250.288;-45.0;50.0;0.0;31.99145299145299;31.99145299145299;32.0;32.0;1;1
250.397;-45.0;50.0;0.0;31.99145299145299;31.99145299145299;32.0;32.0;1;1
250.505;-45.0;50.0;0.0;31.99145299145299;31.99145299145299;32.0;32.0;1;1
250.616;-45.0;50.0;0.0;31.99145299145299;31.99145299145299;32.0;32.0;1;1
250.734;-45.0;50.0;0.0;31.99145299145299;31.99145299145299;32.0;32.0;1;1
250.836;-45.0;50.0;0.0;31.99145299145299;31.99145299145299;32.0;32.0;1;1
250.937;-45.0;50.0;0.0;31.99145299145299;31.99145299145299;32.0;32.0;1;1
251.047;-45.0;50.0;0.0;31.99145299145299;31.99145299145299;32.0;32.0;1;1
251.153;-45.0;50.0;0.0;31.99145299145299;31.99145299145299;32.0;32.0;1;1
251.266;-45.0;50.0;0.0;31.99145299145299;31.99145299145299;32.0;32.0;1;1
251.379;-45.0;50.0;0.0;31.99145299145299;31.99145299145299;32.0;32.0;1;1
251.486;-45.0;50.0;0.0;31.99145299145299;31.99145299145299;32.0;32.0;1;1
251.598;-45.0;50.0;0.0;31.99145299145299;31.99145299145299;32.0;32.0;1;1
251.712;-45.0;50.0;0.0;31.99145299145299;31.99145299145299;32.0;32.0;1;1
251.824;-45.0;50.0;0.0;31.99145299145299;31.99145299145299;32.0;32.0;1;1
251.93;-45.0;50.0;0.0;31.99145299145299;31.99145299145299;32.0;32.0;1;1
252.032;-45.0;50.0;0.0;31.99145299145299;31.99145299145299;32.0;32.0;1;1
252.156;-45.0;50.0;0.0;31.99145299145299;31.99145299145299;32.0;32.0;1;1
252.271;-45.0;50.0;0.0;31.99145299145299;31.99145299145299;32.0;32.0;1;1
252.372;-45.0;50.0;0.0;31.99145299145299;31.99145299145299;32.0;32.0;1;1
252.488;-45.0;50.0;0.0;31.99145299145299;31.99145299145299;32.0;32.0;1;1
252.605;-45.0;50.0;0.0;31.99145299145299;31.99145299145299;32.0;32.0;1;1
252.717;-45.0;50.0;0.0;31.99145299145299;31.99145299145299;32.0;32.0;1;1
252.829;-45.0;50.0;0.0;31.99145299145299;31.99145299145299;32.0;32.0;1;1
252.935;-45.0;50.0;0.0;31.99145299145299;31.99145299145299;32.0;32.0;1;1
253.053;-45.0;50.0;0.0;31.99145299145299;31.99145299145299;32.0;32.0;1;1
253.156;-45.0;50.0;0.0;31.99145299145299;31.99145299145299;32.0;32.0;1;1
253.273;-45.0;50.0;0.0;31.99145299145299;31.99145299145299;32.0;32.0;1;1
253.384;-45.0;50.0;0.0;31.99145299145299;31.99145299145299;32.0;32.0;1;1
253.492;-45.0;50.0;0.0;31.99145299145299;31.99145299145299;32.0;32.0;1;1
253.607;-45.0;50.0;0.0;31.99145299145299;31.99145299145299;32.0;32.0;1;1
253.715;-45.0;50.0;0.0;31.99145299145299;31.99145299145299;32.0;32.0;1;1
253.829;-45.0;50.0;0.0;31.99145299145299;31.99145299145299;32.0;32.0;1;1
253.94;-45.0;50.0;0.0;31.99145299145299;31.99145299145299;32.0;32.0;1;1
254.041;-45.0;50.0;0.0;31.99145299145299;31.99145299145299;32.0;32.0;1;1
254.167;-45.0;50.0;0.0;31.99145299145299;31.99145299145299;32.0;32.0;1;1
254.272;-45.0;50.0;0.0;31.99145299145299;31.99145299145299;32.0;32.0;1;1
254.389;-45.0;50.0;0.0;31.99145299145299;31.99145299145299;32.0;32.0;1;1
254.494;-45.0;50.0;0.0;31.99145299145299;31.99145299145299;32.0;32.0;1;1
254.594;-45.0;50.0;0.0;31.99145299145299;31.99145299145299;32.0;32.0;1;1
254.695;-45.0;50.0;0.0;31.99145299145299;31.99145299145299;32.0;32.0;1;1
254.796;-45.0;50.0;0.0;31.99145299145299;31.99145299145299;32.0;32.0;1;1
254.896;-45.0;50.0;0.0;31.99145299145299;31.99145299145299;32.0;32.0;1;1
255.006;-45.0;50.0;0.0;31.99145299145299;31.99145299145299;32.0;32.0;1;1
255.113;-45.0;50.0;0.0;31.99145299145299;31.99145299145299;32.0;32.0;1;1
255.215;-45.0;50.0;0.0;31.99145299145299;31.99145299145299;32.0;32.0;1;1
255.334;-45.0;50.0;0.0;31.99145299145299;31.99145299145299;32.0;32.0;1;1
255.434;-45.0;50.0;0.0;31.99145299145299;31.99145299145299;32.0;32.0;1;1
255.54;-45.0;50.0;0.0;31.99145299145299;31.99145299145299;32.0;32.0;1;1
255.642;-45.0;50.0;0.0;31.99145299145299;31.99145299145299;32.0;32.0;1;1
255.745;-45.0;50.0;0.0;31.99145299145299;31.99145299145299;32.0;32.0;1;1
255.85;-45.0;50.0;0.0;31.99145299145299;31.99145299145299;32.0;32.0;1;1
255.964;-45.0;50.0;0.0;31.99145299145299;31.99145299145299;32.0;32.0;1;1
256.077;-45.0;50.0;0.0;31.99145299145299;31.99145299145299;32.0;32.0;1;1
256.183;-45.0;50.0;0.0;31.99145299145299;31.99145299145299;32.0;32.0;1;1
256.294;-45.0;50.0;0.0;31.99145299145299;31.99145299145299;32.0;32.0;1;1
256.405;-45.0;50.0;0.0;31.99145299145299;31.99145299145299;32.0;32.0;1;1
256.512;-45.0;50.0;0.0;31.99145299145299;31.99145299145299;32.0;32.0;1;1
256.625;-45.0;50.0;0.0;31.99145299145299;31.99145299145299;32.0;32.0;1;1
256.735;-45.0;50.0;0.0;31.99145299145299;31.99145299145299;32.0;32.0;1;1
256.847;-45.0;50.0;0.0;31.99145299145299;31.99145299145299;32.0;32.0;1;1
256.957;-45.0;50.0;0.0;31.99145299145299;31.99145299145299;32.0;32.0;1;1
257.071;-45.0;50.0;0.0;31.99145299145299;31.99145299145299;32.0;32.0;1;1
257.173;-45.0;50.0;0.0;31.99145299145299;31.99145299145299;32.0;32.0;1;1
257.274;-45.0;50.0;0.0;31.99145299145299;31.99145299145299;32.0;32.0;1;1
257.375;-45.0;50.0;0.0;31.99145299145299;31.99145299145299;32.0;32.0;1;1
257.482;-45.0;50.0;0.0;31.99145299145299;31.99145299145299;32.0;32.0;1;1
257.595;-45.0;50.0;0.0;31.99145299145299;31.99145299145299;32.0;32.0;1;1
257.703;-45.0;50.0;0.0;31.99145299145299;31.99145299145299;32.0;32.0;1;1
257.803;-45.0;50.0;0.0;31.99145299145299;31.99145299145299;32.0;32.0;1;1
257.907;-45.0;50.0;0.0;31.99145299145299;31.99145299145299;32.0;32.0;1;1
258.017;-45.0;50.0;0.0;31.99145299145299;31.99145299145299;32.0;32.0;1;1
258.131;-45.0;50.0;0.0;31.99145299145299;31.99145299145299;32.0;32.0;1;1
258.238;-45.0;50.0;0.0;31.99145299145299;31.99145299145299;32.0;32.0;1;1
258.352;-45.0;50.0;0.0;31.99145299145299;31.99145299145299;32.0;32.0;1;1
258.464;-45.0;50.0;0.0;31.99145299145299;31.99145299145299;32.0;32.0;1;1
258.573;-45.0;50.0;0.0;31.99145299145299;31.99145299145299;32.0;32.0;1;1
258.673;-45.0;50.0;0.0;31.99145299145299;31.99145299145299;32.0;32.0;1;1
258.776;-45.0;50.0;0.0;31.99145299145299;31.99145299145299;32.0;32.0;1;1
258.88;-45.0;50.0;0.0;31.99145299145299;31.99145299145299;32.0;32.0;1;1
258.998;-45.0;50.0;0.0;31.99145299145299;31.99145299145299;32.0;32.0;1;1
259.111;-45.0;50.0;0.0;31.99145299145299;31.99145299145299;32.0;32.0;1;1
259.243;-45.0;50.0;0.0;31.99145299145299;31.99145299145299;32.0;32.0;1;1
259.353;-45.0;50.0;0.0;31.99145299145299;31.99145299145299;32.0;32.0;1;1
259.464;-45.0;50.0;0.0;31.99145299145299;31.99145299145299;32.0;32.0;1;1
259.567;-45.0;50.0;0.0;31.99145299145299;31.99145299145299;32.0;32.0;1;1
259.669;-45.0;50.0;0.0;31.99145299145299;31.99145299145299;32.0;32.0;1;1
259.78;-45.0;50.0;0.0;31.99145299145299;31.99145299145299;32.0;32.0;1;1
259.883;-45.0;50.0;0.0;31.99145299145299;31.99145299145299;32.0;32.0;1;1
259.999;-45.0;50.0;0.0;31.99145299145299;31.99145299145299;32.0;32.0;1;1
260.1;-45.0;50.0;0.0;31.99145299145299;31.99145299145299;32.0;32.0;1;1
260.211;-45.0;50.0;0.0;31.99145299145299;31.99145299145299;32.0;32.0;1;1
260.319;-45.0;50.0;0.0;31.99145299145299;31.99145299145299;32.0;32.0;1;1
260.434;-45.0;50.0;0.0;31.99145299145299;31.99145299145299;32.0;32.0;1;1
260.543;-45.0;50.0;0.0;31.99145299145299;31.99145299145299;32.0;32.0;1;1
260.644;-45.0;50.0;0.0;31.99145299145299;31.99145299145299;32.0;32.0;1;1
260.747;-45.0;50.0;0.0;31.99145299145299;31.99145299145299;32.0;32.0;1;1
260.849;-45.0;50.0;0.0;31.99145299145299;31.99145299145299;32.0;32.0;1;1
260.95;-45.0;50.0;0.0;31.99145299145299;31.99145299145299;32.0;32.0;1;1
261.05;-45.0;50.0;0.0;31.99145299145299;31.99145299145299;32.0;32.0;1;1
261.151;-45.0;50.0;0.0;31.99145299145299;31.99145299145299;32.0;32.0;1;1
261.253;-45.0;50.0;0.0;31.99145299145299;31.99145299145299;32.0;32.0;1;1
261.355;-45.0;50.0;0.0;31.99145299145299;31.99145299145299;32.0;32.0;1;1
261.46;-45.0;50.0;0.0;31.99145299145299;31.99145299145299;32.0;32.0;1;1
261.562;-45.0;50.0;0.0;31.99145299145299;31.99145299145299;32.0;32.0;1;1
261.674;-45.0;50.0;0.0;31.99145299145299;31.99145299145299;32.0;32.0;1;1
261.774;-45.0;50.0;0.0;31.99145299145299;31.99145299145299;32.0;32.0;1;1
261.878;-45.0;50.0;0.0;31.99145299145299;31.99145299145299;32.0;32.0;1;1
261.979;-45.0;50.0;0.0;31.99145299145299;31.99145299145299;32.0;32.0;1;1
262.086;-45.0;50.0;0.0;31.99145299145299;31.99145299145299;32.0;32.0;1;1
262.198;-45.0;50.0;0.0;31.99145299145299;31.99145299145299;32.0;32.0;1;1
262.31;-45.0;50.0;0.0;31.99145299145299;31.99145299145299;32.0;32.0;1;1
262.419;-45.0;50.0;0.0;31.99145299145299;31.99145299145299;32.0;32.0;1;1
262.53;-45.0;50.0;0.0;31.99145299145299;31.99145299145299;32.0;32.0;1;1
262.646;-45.0;50.0;0.0;31.99145299145299;31.99145299145299;32.0;32.0;1;1
262.757;-45.0;50.0;0.0;31.99145299145299;31.99145299145299;32.0;32.0;1;1
262.867;-45.0;50.0;0.0;31.99145299145299;31.99145299145299;32.0;32.0;1;1
262.98;-45.0;50.0;0.0;31.99145299145299;31.99145299145299;32.0;32.0;1;1
263.092;-45.0;50.0;0.0;31.99145299145299;31.99145299145299;32.0;32.0;1;1
263.213;-45.0;50.0;0.0;31.99145299145299;31.99145299145299;32.0;32.0;1;1
263.316;-45.0;50.0;0.0;31.99145299145299;31.99145299145299;32.0;32.0;1;1
263.426;-45.0;50.0;0.0;31.99145299145299;31.99145299145299;32.0;32.0;1;1
263.541;-45.0;50.0;0.0;31.99145299145299;31.99145299145299;32.0;32.0;1;1
263.649;-45.0;50.0;0.0;31.99145299145299;31.99145299145299;32.0;32.0;1;1
263.752;-45.0;50.0;0.0;31.99145299145299;31.99145299145299;32.0;32.0;1;1
263.855;-45.0;50.0;0.0;31.99145299145299;31.99145299145299;32.0;32.0;1;1
263.961;-45.0;50.0;0.0;31.99145299145299;31.99145299145299;32.0;32.0;1;1
264.062;-45.0;50.0;0.0;31.99145299145299;31.99145299145299;32.0;32.0;1;1
264.188;-45.0;50.0;0.0;31.99145299145299;31.99145299145299;32.0;32.0;1;1
264.29;-45.0;50.0;0.0;31.99145299145299;31.99145299145299;32.0;32.0;1;1
264.396;-45.0;50.0;0.0;31.99145299145299;31.99145299145299;32.0;32.0;1;1
264.504;-45.0;50.0;0.0;31.99145299145299;31.99145299145299;32.0;32.0;1;1
264.618;-45.0;50.0;0.0;31.99145299145299;31.99145299145299;32.0;32.0;1;1
264.727;-45.0;50.0;0.0;31.99145299145299;31.99145299145299;32.0;32.0;1;1
264.831;-45.0;50.0;0.0;31.94017094017094;31.99145299145299;32.0;32.0;1;1
264.932;-45.0;50.0;0.0;31.94017094017094;31.99145299145299;32.0;32.0;1;1
265.05;-45.0;50.0;0.0;31.94017094017094;31.99145299145299;32.0;32.0;1;1
265.168;-45.0;50.0;0.0;31.94017094017094;31.99145299145299;32.0;32.0;1;1
265.279;-45.0;50.0;0.0;31.94017094017094;31.99145299145299;32.0;32.0;1;1
265.379;-45.0;50.0;0.0;31.94017094017094;31.99145299145299;32.0;32.0;1;1
265.483;-45.0;50.0;0.0;31.94017094017094;31.99145299145299;32.0;32.0;1;1
265.592;-45.0;50.0;0.0;31.94017094017094;31.99145299145299;32.0;32.0;1;1
265.693;-45.0;50.0;0.0;31.94017094017094;31.99145299145299;32.0;32.0;1;1
265.796;-45.0;50.0;0.0;31.94017094017094;31.99145299145299;32.0;32.0;1;1
265.896;-45.0;50.0;0.0;31.94017094017094;31.99145299145299;32.0;32.0;1;1
265.997;-45.0;50.0;0.0;31.94017094017094;31.99145299145299;32.0;32.0;1;1
266.097;-45.0;50.0;0.0;31.94017094017094;31.99145299145299;32.0;32.0;1;1
266.198;-45.0;50.0;0.0;31.94017094017094;31.99145299145299;32.0;32.0;1;1
266.301;-45.0;50.0;0.0;31.94017094017094;31.99145299145299;32.0;32.0;1;1
266.409;-45.0;50.0;0.0;31.94017094017094;31.99145299145299;32.0;32.0;1;1
266.509;-45.0;50.0;0.0;31.94017094017094;31.99145299145299;32.0;32.0;1;1
266.621;-45.0;50.0;0.0;31.94017094017094;31.99145299145299;32.0;32.0;1;1
266.724;-45.0;50.0;0.0;31.99145299145299;31.99145299145299;32.0;32.0;1;1
266.825;-45.0;50.0;0.0;31.99145299145299;31.99145299145299;32.0;32.0;1;1
266.927;-45.0;50.0;0.0;31.99145299145299;31.99145299145299;32.0;32.0;1;1
267.068;-45.0;50.0;0.0;31.99145299145299;31.99145299145299;32.0;32.0;1;1
267.169;-45.0;50.0;0.0;31.99145299145299;31.99145299145299;32.0;32.0;1;1
267.271;-45.0;50.0;0.0;31.99145299145299;31.99145299145299;32.0;32.0;1;1
267.373;-45.0;50.0;0.0;31.99145299145299;31.99145299145299;32.0;32.0;1;1
267.477;-45.0;50.0;0.0;31.99145299145299;31.99145299145299;32.0;32.0;1;1
267.584;-45.0;50.0;0.0;31.99145299145299;31.99145299145299;32.0;32.0;1;1
267.7;-45.0;50.0;0.0;31.99145299145299;31.99145299145299;32.0;32.0;1;1
267.812;-45.0;50.0;0.0;31.99145299145299;31.99145299145299;32.0;32.0;1;1
267.915;-45.0;50.0;0.0;31.99145299145299;31.99145299145299;32.0;32.0;1;1
268.018;-45.0;50.0;0.0;31.99145299145299;31.99145299145299;32.0;32.0;1;1
268.121;-45.0;50.0;0.0;31.99145299145299;31.99145299145299;32.0;32.0;1;1
268.232;-45.0;50.0;0.0;31.99145299145299;31.99145299145299;32.0;32.0;1;1
268.343;-45.0;50.0;0.0;31.99145299145299;31.99145299145299;32.0;32.0;1;1
268.459;-45.0;50.0;0.0;31.99145299145299;31.99145299145299;32.0;32.0;1;1
268.567;-45.0;50.0;0.0;31.99145299145299;31.99145299145299;32.0;32.0;1;1
268.682;-45.0;50.0;0.0;31.99145299145299;31.99145299145299;32.0;32.0;1;1
268.806;-45.0;50.0;0.0;31.94017094017094;31.99145299145299;32.0;32.0;1;1
268.907;-45.0;50.0;0.0;31.94017094017094;31.99145299145299;32.0;32.0;1;1
269.014;-45.0;50.0;0.0;31.94017094017094;31.99145299145299;32.0;32.0;1;1
269.115;-45.0;50.0;0.0;31.94017094017094;31.99145299145299;32.0;32.0;1;1
269.22;-45.0;50.0;0.0;31.94017094017094;31.99145299145299;32.0;32.0;1;1
269.33;-45.0;50.0;0.0;31.94017094017094;31.99145299145299;32.0;32.0;1;1
269.441;-45.0;50.0;0.0;31.94017094017094;31.99145299145299;32.0;32.0;1;1
269.548;-45.0;50.0;0.0;31.94017094017094;31.99145299145299;32.0;32.0;1;1
269.661;-45.0;50.0;0.0;31.94017094017094;31.99145299145299;32.0;32.0;1;1
269.775;-45.0;50.0;0.0;31.99145299145299;31.99145299145299;32.0;32.0;1;1
269.883;-45.0;50.0;0.0;31.99145299145299;31.99145299145299;32.0;32.0;1;1
269.989;-45.0;50.0;0.0;31.99145299145299;31.99145299145299;32.0;32.0;1;1
270.1;-45.0;50.0;0.0;31.99145299145299;31.99145299145299;32.0;32.0;1;1
270.218;-45.0;50.0;0.0;31.99145299145299;31.99145299145299;32.0;32.0;1;1
270.328;-45.0;50.0;0.0;31.99145299145299;31.99145299145299;32.0;32.0;1;1
270.442;-45.0;50.0;0.0;31.99145299145299;31.99145299145299;32.0;32.0;1;1
270.551;-45.0;50.0;0.0;31.99145299145299;31.99145299145299;32.0;32.0;1;1
270.663;-45.0;50.0;0.0;31.99145299145299;31.99145299145299;32.0;32.0;1;1
270.773;-45.0;50.0;0.0;31.99145299145299;31.99145299145299;32.0;32.0;1;1
270.884;-45.0;50.0;0.0;31.99145299145299;31.99145299145299;32.0;32.0;1;1
270.993;-45.0;50.0;0.0;31.99145299145299;31.99145299145299;32.0;32.0;1;1
271.103;-45.0;50.0;0.0;31.99145299145299;31.99145299145299;32.0;32.0;1;1
271.212;-45.0;50.0;0.0;31.99145299145299;31.99145299145299;32.0;32.0;1;1
271.323;-45.0;50.0;0.0;31.99145299145299;31.99145299145299;32.0;32.0;1;1
271.434;-45.0;50.0;0.0;31.99145299145299;31.99145299145299;32.0;32.0;1;1
271.537;-45.0;50.0;0.0;31.99145299145299;31.99145299145299;32.0;32.0;1;1
271.641;-45.0;50.0;0.0;31.99145299145299;31.99145299145299;32.0;32.0;1;1
271.75;-45.0;50.0;0.0;31.99145299145299;31.99145299145299;32.0;32.0;1;1
271.862;-45.0;50.0;0.0;31.99145299145299;31.99145299145299;32.0;32.0;1;1
271.975;-45.0;50.0;0.0;31.99145299145299;31.99145299145299;32.0;32.0;1;1
272.082;-45.0;50.0;0.0;31.99145299145299;31.99145299145299;32.0;32.0;1;1
272.195;-45.0;50.0;0.0;31.99145299145299;31.99145299145299;32.0;32.0;1;1
272.302;-45.0;50.0;0.0;31.99145299145299;31.99145299145299;32.0;32.0;1;1
272.415;-45.0;50.0;0.0;31.99145299145299;31.99145299145299;32.0;32.0;1;1
272.523;-45.0;50.0;0.0;31.99145299145299;31.99145299145299;32.0;32.0;1;1
272.634;-45.0;50.0;0.0;31.99145299145299;31.99145299145299;32.0;32.0;1;1
272.741;-45.0;50.0;0.0;31.99145299145299;31.99145299145299;32.0;32.0;1;1
272.842;-45.0;50.0;0.0;31.99145299145299;31.99145299145299;32.0;32.0;1;1
272.953;-45.0;50.0;0.0;31.99145299145299;31.99145299145299;32.0;32.0;1;1
273.06;-45.0;50.0;0.0;31.99145299145299;31.99145299145299;32.0;32.0;1;1
273.173;-45.0;50.0;0.0;31.99145299145299;31.99145299145299;32.0;32.0;1;1
273.286;-45.0;50.0;0.0;31.99145299145299;31.99145299145299;32.0;32.0;1;1
273.395;-45.0;50.0;0.0;31.99145299145299;31.99145299145299;32.0;32.0;1;1
273.507;-45.0;50.0;0.0;31.99145299145299;31.99145299145299;32.0;32.0;1;1
273.617;-45.0;50.0;0.0;31.99145299145299;31.99145299145299;32.0;32.0;1;1
273.732;-45.0;50.0;0.0;31.99145299145299;31.99145299145299;32.0;32.0;1;1
273.843;-45.0;50.0;0.0;31.99145299145299;31.99145299145299;32.0;32.0;1;1
273.943;-45.0;50.0;0.0;31.99145299145299;31.99145299145299;32.0;32.0;1;1
274.05;-45.0;50.0;0.0;31.99145299145299;31.99145299145299;32.0;32.0;1;1
274.161;-45.0;50.0;0.0;31.99145299145299;31.99145299145299;32.0;32.0;1;1
274.27;-45.0;50.0;0.0;31.99145299145299;31.99145299145299;32.0;32.0;1;1
274.371;-45.0;50.0;0.0;31.99145299145299;31.99145299145299;32.0;32.0;1;1
274.494;-45.0;50.0;0.0;31.99145299145299;31.99145299145299;32.0;32.0;1;1
274.594;-45.0;50.0;0.0;31.99145299145299;31.99145299145299;32.0;32.0;1;1
274.703;-45.0;50.0;0.0;31.99145299145299;31.99145299145299;32.0;32.0;1;1
274.813;-45.0;50.0;0.0;31.99145299145299;31.99145299145299;32.0;32.0;1;1
274.925;-45.0;50.0;0.0;31.99145299145299;31.99145299145299;32.0;32.0;1;1
275.031;-45.0;50.0;0.0;31.99145299145299;31.99145299145299;32.0;32.0;1;1
275.147;-45.0;50.0;0.0;31.99145299145299;31.99145299145299;32.0;32.0;1;1
275.26;-45.0;50.0;0.0;31.99145299145299;31.99145299145299;32.0;32.0;1;1
275.364;-45.0;50.0;0.0;31.99145299145299;31.99145299145299;32.0;32.0;1;1
275.478;-45.0;50.0;0.0;31.99145299145299;31.99145299145299;32.0;32.0;1;1
275.586;-45.0;50.0;0.0;31.99145299145299;31.99145299145299;32.0;32.0;1;1
275.699;-45.0;50.0;0.0;31.99145299145299;31.99145299145299;32.0;32.0;1;1
275.807;-45.0;50.0;0.0;31.94017094017094;31.99145299145299;32.0;32.0;1;1
275.907;-45.0;50.0;0.0;31.94017094017094;31.99145299145299;32.0;32.0;1;1
276.017;-45.0;50.0;0.0;31.94017094017094;31.99145299145299;32.0;32.0;1;1
276.125;-45.0;50.0;0.0;31.94017094017094;31.99145299145299;32.0;32.0;1;1
276.238;-45.0;50.0;0.0;31.94017094017094;31.99145299145299;32.0;32.0;1;1
276.348;-45.0;50.0;0.0;31.94017094017094;31.99145299145299;32.0;32.0;1;1
276.463;-45.0;50.0;0.0;31.94017094017094;31.99145299145299;32.0;32.0;1;1
276.573;-45.0;50.0;0.0;31.94017094017094;31.99145299145299;32.0;32.0;1;1
276.685;-45.0;50.0;0.0;31.94017094017094;31.99145299145299;32.0;32.0;1;1
276.797;-45.0;50.0;0.0;31.99145299145299;31.99145299145299;32.0;32.0;1;1
276.908;-45.0;50.0;0.0;31.99145299145299;31.99145299145299;32.0;32.0;1;1
277.009;-45.0;50.0;0.0;31.99145299145299;31.99145299145299;32.0;32.0;1;1
277.115;-45.0;50.0;0.0;31.99145299145299;31.99145299145299;32.0;32.0;1;1
277.23;-45.0;50.0;0.0;31.99145299145299;31.99145299145299;32.0;32.0;1;1
277.332;-45.0;50.0;0.0;31.99145299145299;31.99145299145299;32.0;32.0;1;1
277.444;-45.0;50.0;0.0;31.99145299145299;31.99145299145299;32.0;32.0;1;1
277.554;-45.0;50.0;0.0;31.99145299145299;31.99145299145299;32.0;32.0;1;1
277.665;-45.0;50.0;0.0;31.99145299145299;31.99145299145299;32.0;32.0;1;1
277.766;-45.0;50.0;0.0;31.99145299145299;31.99145299145299;32.0;32.0;1;1
277.892;-45.0;50.0;0.0;31.99145299145299;31.99145299145299;32.0;32.0;1;1
278.005;-45.0;50.0;0.0;31.99145299145299;31.99145299145299;32.0;32.0;1;1
278.116;-45.0;50.0;0.0;31.99145299145299;31.99145299145299;32.0;32.0;1;1
278.225;-45.0;50.0;0.0;31.99145299145299;31.99145299145299;32.0;32.0;1;1
278.335;-45.0;50.0;0.0;31.99145299145299;31.99145299145299;32.0;32.0;1;1
278.45;-45.0;50.0;0.0;31.99145299145299;31.99145299145299;32.0;32.0;1;1
278.55;-45.0;50.0;0.0;31.99145299145299;31.99145299145299;32.0;32.0;1;1
278.651;-45.0;50.0;0.0;31.99145299145299;31.99145299145299;32.0;32.0;1;1
278.768;-45.0;50.0;0.0;31.99145299145299;31.99145299145299;32.0;32.0;1;1
278.876;-45.0;50.0;0.0;31.99145299145299;31.99145299145299;32.0;32.0;1;1
278.991;-45.0;50.0;0.0;31.99145299145299;31.99145299145299;32.0;32.0;1;1
279.1;-45.0;50.0;0.0;31.99145299145299;31.99145299145299;32.0;32.0;1;1
279.202;-45.0;50.0;0.0;31.99145299145299;31.99145299145299;32.0;32.0;1;1
279.324;-45.0;50.0;0.0;31.99145299145299;31.99145299145299;32.0;32.0;1;1
279.425;-45.0;50.0;0.0;31.99145299145299;31.99145299145299;32.0;32.0;1;1
279.529;-45.0;50.0;0.0;31.99145299145299;31.99145299145299;32.0;32.0;1;1
279.643;-45.0;50.0;0.0;31.99145299145299;31.99145299145299;32.0;32.0;1;1
279.754;-45.0;50.0;0.0;31.99145299145299;31.99145299145299;32.0;32.0;1;1
279.868;-45.0;50.0;0.0;31.94017094017094;31.99145299145299;32.0;32.0;1;1
279.978;-45.0;50.0;0.0;31.94017094017094;31.99145299145299;32.0;32.0;1;1
280.086;-45.0;50.0;0.0;31.94017094017094;31.99145299145299;32.0;32.0;1;1
280.201;-45.0;50.0;0.0;31.94017094017094;31.99145299145299;32.0;32.0;1;1
280.305;-45.0;50.0;0.0;31.94017094017094;31.99145299145299;32.0;32.0;1;1
280.408;-45.0;50.0;0.0;31.94017094017094;31.99145299145299;32.0;32.0;1;1
280.513;-45.0;50.0;0.0;31.94017094017094;31.99145299145299;32.0;32.0;1;1
280.613;-45.0;50.0;0.0;31.94017094017094;31.99145299145299;32.0;32.0;1;1
280.713;-45.0;50.0;0.0;31.94017094017094;31.99145299145299;32.0;32.0;1;1
280.814;-45.0;50.0;0.0;31.94017094017094;31.99145299145299;32.0;32.0;1;1
280.919;-45.0;50.0;0.0;31.94017094017094;31.99145299145299;32.0;32.0;1;1
281.022;-45.0;50.0;0.0;31.94017094017094;31.99145299145299;32.0;32.0;1;1
281.129;-45.0;50.0;0.0;31.94017094017094;31.99145299145299;32.0;32.0;1;1
281.23;-45.0;50.0;0.0;31.94017094017094;31.99145299145299;32.0;32.0;1;1
281.332;-45.0;50.0;0.0;31.94017094017094;31.99145299145299;32.0;32.0;1;1
281.442;-45.0;50.0;0.0;31.94017094017094;31.99145299145299;32.0;32.0;1;1
281.553;-45.0;50.0;0.0;31.94017094017094;31.99145299145299;32.0;32.0;1;1
281.665;-45.0;50.0;0.0;31.94017094017094;31.99145299145299;32.0;32.0;1;1
281.766;-45.0;50.0;0.0;31.99145299145299;31.94017094017094;32.0;32.0;1;1
281.867;-45.0;50.0;0.0;31.99145299145299;31.94017094017094;32.0;32.0;1;1
281.969;-45.0;50.0;0.0;31.99145299145299;31.94017094017094;32.0;32.0;1;1
282.08;-45.0;50.0;0.0;31.99145299145299;31.94017094017094;32.0;32.0;1;1
282.19;-45.0;50.0;0.0;31.99145299145299;31.94017094017094;32.0;32.0;1;1
282.301;-45.0;50.0;0.0;31.99145299145299;31.94017094017094;32.0;32.0;1;1
282.41;-45.0;50.0;0.0;31.99145299145299;31.94017094017094;32.0;32.0;1;1
282.525;-45.0;50.0;0.0;31.99145299145299;31.94017094017094;32.0;32.0;1;1
282.63;-45.0;50.0;0.0;31.99145299145299;31.94017094017094;32.0;32.0;1;1
282.74;-45.0;50.0;0.0;31.99145299145299;31.94017094017094;32.0;32.0;1;1
282.841;-45.0;50.0;0.0;31.94017094017094;31.99145299145299;32.0;32.0;1;1
282.952;-45.0;50.0;0.0;31.94017094017094;31.99145299145299;32.0;32.0;1;1
283.06;-45.0;50.0;0.0;31.94017094017094;31.99145299145299;32.0;32.0;1;1
283.175;-45.0;50.0;0.0;31.94017094017094;31.99145299145299;32.0;32.0;1;1
283.287;-45.0;50.0;0.0;31.94017094017094;31.99145299145299;32.0;32.0;1;1
283.397;-45.0;50.0;0.0;31.94017094017094;31.99145299145299;32.0;32.0;1;1
283.505;-45.0;50.0;0.0;31.94017094017094;31.99145299145299;32.0;32.0;1;1
283.62;-45.0;50.0;0.0;31.94017094017094;31.99145299145299;32.0;32.0;1;1
283.727;-45.0;50.0;0.0;31.94017094017094;31.99145299145299;32.0;32.0;1;1
283.838;-45.0;50.0;0.0;31.99145299145299;31.99145299145299;32.0;32.0;1;1
283.939;-45.0;50.0;0.0;31.99145299145299;31.99145299145299;32.0;32.0;1;1
284.048;-45.0;50.0;0.0;31.99145299145299;31.99145299145299;32.0;32.0;1;1
284.156;-45.0;50.0;0.0;31.99145299145299;31.99145299145299;32.0;32.0;1;1
284.271;-45.0;50.0;0.0;31.99145299145299;31.99145299145299;32.0;32.0;1;1
284.382;-45.0;50.0;0.0;31.99145299145299;31.99145299145299;32.0;32.0;1;1
284.49;-45.0;50.0;0.0;31.99145299145299;31.99145299145299;32.0;32.0;1;1
284.602;-45.0;50.0;0.0;31.99145299145299;31.99145299145299;32.0;32.0;1;1
284.702;-45.0;50.0;0.0;31.99145299145299;31.99145299145299;32.0;32.0;1;1
284.807;-45.0;50.0;0.0;31.99145299145299;31.99145299145299;32.0;32.0;1;1
284.921;-45.0;50.0;0.0;31.99145299145299;31.99145299145299;32.0;32.0;1;1
285.032;-45.0;50.0;0.0;31.99145299145299;31.99145299145299;32.0;32.0;1;1
285.145;-45.0;50.0;0.0;31.99145299145299;31.99145299145299;32.0;32.0;1;1
285.258;-45.0;50.0;0.0;31.99145299145299;31.99145299145299;32.0;32.0;1;1
285.361;-45.0;50.0;0.0;31.99145299145299;31.99145299145299;32.0;32.0;1;1
285.468;-45.0;50.0;0.0;31.99145299145299;31.99145299145299;32.0;32.0;1;1
285.571;-45.0;50.0;0.0;31.99145299145299;31.99145299145299;32.0;32.0;1;1
285.672;-45.0;50.0;0.0;31.99145299145299;31.99145299145299;32.0;32.0;1;1
285.792;-45.0;50.0;0.0;31.99145299145299;31.99145299145299;32.0;32.0;1;1
285.893;-45.0;50.0;0.0;31.99145299145299;31.99145299145299;32.0;32.0;1;1
286.012;-45.0;50.0;0.0;31.99145299145299;31.99145299145299;32.0;32.0;1;1
286.113;-45.0;50.0;0.0;31.99145299145299;31.99145299145299;32.0;32.0;1;1
286.213;-45.0;50.0;0.0;31.99145299145299;31.99145299145299;32.0;32.0;1;1
286.318;-45.0;50.0;0.0;31.99145299145299;31.99145299145299;32.0;32.0;1;1
286.423;-45.0;50.0;0.0;31.99145299145299;31.99145299145299;32.0;32.0;1;1
286.53;-45.0;50.0;0.0;31.99145299145299;31.99145299145299;32.0;32.0;1;1
286.637;-45.0;50.0;0.0;31.99145299145299;31.99145299145299;32.0;32.0;1;1
286.738;-45.0;50.0;0.0;31.99145299145299;31.99145299145299;32.0;32.0;1;1
286.852;-45.0;50.0;0.0;31.99145299145299;31.99145299145299;32.0;32.0;1;1
286.956;-45.0;50.0;0.0;31.99145299145299;31.99145299145299;32.0;32.0;1;1
287.063;-45.0;50.0;0.0;31.99145299145299;31.99145299145299;32.0;32.0;1;1
287.174;-45.0;50.0;0.0;31.99145299145299;31.99145299145299;32.0;32.0;1;1
287.281;-45.0;50.0;0.0;31.99145299145299;31.99145299145299;32.0;32.0;1;1
287.386;-45.0;50.0;0.0;31.99145299145299;31.99145299145299;32.0;32.0;1;1
287.501;-45.0;50.0;0.0;31.99145299145299;31.99145299145299;32.0;32.0;1;1
287.608;-45.0;50.0;0.0;31.99145299145299;31.99145299145299;32.0;32.0;1;1
287.719;-45.0;50.0;0.0;31.99145299145299;31.99145299145299;32.0;32.0;1;1
287.831;-45.0;50.0;0.0;31.99145299145299;31.99145299145299;32.0;32.0;1;1
287.932;-45.0;50.0;0.0;31.99145299145299;31.99145299145299;32.0;32.0;1;1
288.049;-45.0;50.0;0.0;31.99145299145299;31.99145299145299;32.0;32.0;1;1
288.149;-45.0;50.0;0.0;31.99145299145299;31.99145299145299;32.0;32.0;1;1
288.25;-45.0;50.0;0.0;31.99145299145299;31.99145299145299;32.0;32.0;1;1
288.364;-45.0;50.0;0.0;31.99145299145299;31.99145299145299;32.0;32.0;1;1
288.465;-45.0;50.0;0.0;31.99145299145299;31.99145299145299;32.0;32.0;1;1
288.566;-45.0;50.0;0.0;31.99145299145299;31.99145299145299;32.0;32.0;1;1
288.682;-45.0;50.0;0.0;31.99145299145299;31.99145299145299;32.0;32.0;1;1
288.791;-45.0;50.0;0.0;31.99145299145299;31.99145299145299;32.0;32.0;1;1
288.897;-45.0;50.0;0.0;31.99145299145299;31.99145299145299;32.0;32.0;1;1
289.013;-45.0;50.0;0.0;31.99145299145299;31.99145299145299;32.0;32.0;1;1
289.125;-45.0;50.0;0.0;31.99145299145299;31.99145299145299;32.0;32.0;1;1
289.227;-45.0;50.0;0.0;31.99145299145299;31.99145299145299;32.0;32.0;1;1
289.332;-45.0;50.0;0.0;31.99145299145299;31.99145299145299;32.0;32.0;1;1
289.439;-45.0;50.0;0.0;31.99145299145299;31.99145299145299;32.0;32.0;1;1
289.547;-45.0;50.0;0.0;31.99145299145299;31.99145299145299;32.0;32.0;1;1
289.665;-45.0;50.0;0.0;31.99145299145299;31.99145299145299;32.0;32.0;1;1
289.771;-45.0;50.0;0.0;31.99145299145299;31.99145299145299;32.0;32.0;1;1
289.881;-45.0;50.0;0.0;31.99145299145299;31.99145299145299;32.0;32.0;1;1
289.982;-45.0;50.0;0.0;31.99145299145299;31.99145299145299;32.0;32.0;1;1
290.091;-45.0;50.0;0.0;31.99145299145299;31.99145299145299;32.0;32.0;1;1
290.205;-45.0;50.0;0.0;31.99145299145299;31.99145299145299;32.0;32.0;1;1
290.316;-45.0;50.0;0.0;31.99145299145299;31.99145299145299;32.0;32.0;1;1
290.428;-45.0;50.0;0.0;31.99145299145299;31.99145299145299;32.0;32.0;1;1
290.54;-45.0;50.0;0.0;31.99145299145299;31.99145299145299;32.0;32.0;1;1
290.652;-45.0;50.0;0.0;31.99145299145299;31.99145299145299;32.0;32.0;1;1
290.761;-45.0;50.0;0.0;31.99145299145299;31.99145299145299;32.0;32.0;1;1
290.873;-45.0;50.0;0.0;31.99145299145299;31.99145299145299;32.0;32.0;1;1
290.99;-45.0;50.0;0.0;31.99145299145299;31.99145299145299;32.0;32.0;1;1
291.094;-45.0;50.0;0.0;31.99145299145299;31.99145299145299;32.0;32.0;1;1
291.197;-45.0;50.0;0.0;31.99145299145299;31.99145299145299;32.0;32.0;1;1
