Time_Sec;Pos_H;Pos_V;Pos_R;Temp_A;Temp_B;Set_A;Set_B;Stable_A;Stable_B
0.004;0.0;0.0;0.0;35.948717948717956;35.948717948717956;36.0;36.0;1;1
0.509;0.0;0.0;0.0;35.948717948717956;35.948717948717956;36.0;36.0;1;1
1.014;0.0;0.0;0.0;35.948717948717956;35.948717948717956;36.0;36.0;1;1
1.519;0.0;0.0;0.0;35.948717948717956;35.948717948717956;36.0;36.0;1;1
2.024;0.0;0.0;0.0;35.948717948717956;35.948717948717956;36.0;36.0;1;1
2.529;0.0;0.0;0.0;35.948717948717956;35.948717948717956;36.0;36.0;1;1
3.046;0.0;0.0;0.0;35.948717948717956;35.948717948717956;36.0;36.0;1;1
3.549;0.0;0.0;0.0;35.948717948717956;35.948717948717956;36.0;36.0;1;1
4.057;0.0;0.0;0.0;35.8974358974359;35.948717948717956;36.0;36.0;1;1
4.567;0.0;0.0;0.0;35.8974358974359;35.948717948717956;36.0;36.0;1;1
5.07;0.0;0.0;0.0;35.948717948717956;35.948717948717956;36.0;36.0;1;1
5.575;0.0;0.0;0.0;35.948717948717956;35.948717948717956;36.0;36.0;1;1
6.08;0.0;0.0;0.0;35.948717948717956;35.948717948717956;36.0;36.0;1;1
6.585;0.0;0.0;0.0;35.948717948717956;35.948717948717956;36.0;36.0;1;1
7.092;0.0;0.0;0.0;35.948717948717956;35.948717948717956;36.0;36.0;1;1
7.595;0.0;0.0;0.0;35.948717948717956;35.948717948717956;36.0;36.0;1;1
8.1;0.0;0.0;0.0;35.948717948717956;36.0;36.0;36.0;1;1
8.605;0.0;0.0;0.0;35.948717948717956;36.0;36.0;36.0;1;1
9.11;0.0;0.0;0.0;35.948717948717956;35.948717948717956;36.0;36.0;1;1
9.615;0.0;0.0;0.0;35.948717948717956;35.948717948717956;36.0;36.0;1;1
10.12;0.0;0.0;0.0;35.948717948717956;35.948717948717956;36.0;36.0;1;1
10.623;0.0;0.0;0.0;35.948717948717956;35.948717948717956;36.0;36.0;1;1
11.126;0.0;0.0;0.0;35.948717948717956;35.948717948717956;36.0;36.0;1;1
11.631;0.0;0.0;0.0;35.948717948717956;35.948717948717956;36.0;36.0;1;1
12.132;0.0;0.0;0.0;35.948717948717956;35.948717948717956;36.0;36.0;1;1
12.638;0.0;0.0;0.0;35.948717948717956;35.948717948717956;36.0;36.0;1;1
13.149;0.0;0.0;0.0;35.948717948717956;35.948717948717956;36.0;36.0;1;1
13.661;0.0;0.0;0.0;35.948717948717956;35.948717948717956;36.0;36.0;1;1
14.168;0.0;0.0;0.0;35.8974358974359;35.948717948717956;36.0;36.0;1;1
14.672;0.0;0.0;0.0;35.8974358974359;35.948717948717956;36.0;36.0;1;1
15.174;0.0;0.0;0.0;35.948717948717956;35.948717948717956;36.0;36.0;1;1
15.678;0.0;0.0;0.0;35.948717948717956;35.948717948717956;36.0;36.0;1;1
16.183;0.0;0.0;0.0;35.948717948717956;35.948717948717956;36.0;36.0;1;1
16.688;0.0;0.0;0.0;35.948717948717956;35.948717948717956;36.0;36.0;1;1
17.193;0.0;0.0;0.0;35.948717948717956;35.948717948717956;36.0;36.0;1;1
17.698;0.0;0.0;0.0;35.948717948717956;35.948717948717956;36.0;36.0;1;1
18.203;0.0;0.0;0.0;35.948717948717956;35.948717948717956;36.0;36.0;1;1
18.708;0.0;0.0;0.0;35.948717948717956;35.948717948717956;36.0;36.0;1;1
19.213;0.0;0.0;0.0;35.948717948717956;35.948717948717956;36.0;36.0;1;1
19.714;0.0;0.0;0.0;35.948717948717956;35.948717948717956;36.0;36.0;1;1
20.219;0.0;0.0;0.0;35.948717948717956;35.948717948717956;36.0;36.0;1;1
20.724;0.0;0.0;0.0;35.948717948717956;35.948717948717956;36.0;36.0;1;1
21.229;0.0;0.0;0.0;35.948717948717956;35.948717948717956;36.0;36.0;1;1
21.736;0.0;0.0;0.0;35.948717948717956;35.948717948717956;36.0;36.0;1;1
22.253;0.0;0.0;0.0;35.948717948717956;35.948717948717956;36.0;36.0;1;1
22.758;0.0;0.0;0.0;35.948717948717956;35.948717948717956;36.0;36.0;1;1
23.266;0.0;0.0;0.0;35.948717948717956;35.948717948717956;36.0;36.0;1;1
23.771;0.0;0.0;0.0;35.948717948717956;35.948717948717956;36.0;36.0;1;1
24.276;0.0;0.0;0.0;35.948717948717956;35.948717948717956;36.0;36.0;1;1
24.781;0.0;0.0;0.0;35.948717948717956;35.948717948717956;36.0;36.0;1;1
25.283;0.0;0.0;0.0;35.948717948717956;35.948717948717956;36.0;36.0;1;1
25.785;0.0;0.0;0.0;35.948717948717956;35.948717948717956;36.0;36.0;1;1
26.286;0.0;0.0;0.0;35.948717948717956;35.948717948717956;36.0;36.0;1;1
26.797;0.0;0.0;0.0;35.948717948717956;35.948717948717956;36.0;36.0;1;1
27.308;0.0;0.0;0.0;35.948717948717956;35.948717948717956;36.0;36.0;1;1
27.814;0.0;0.0;0.0;35.948717948717956;35.948717948717956;36.0;36.0;1;1
28.319;10.0;0.0;0.0;35.948717948717956;35.948717948717956;36.0;36.0;1;1
28.821;10.0;0.0;0.0;35.948717948717956;35.948717948717956;36.0;36.0;1;1
29.326;10.0;0.0;0.0;35.948717948717956;35.948717948717956;36.0;36.0;1;1
29.827;10.0;0.0;0.0;35.948717948717956;35.948717948717956;36.0;36.0;1;1
30.332;10.0;0.0;0.0;35.948717948717956;35.948717948717956;36.0;36.0;1;1
30.837;10.0;0.0;0.0;35.948717948717956;35.948717948717956;36.0;36.0;1;1
31.348;10.0;0.0;0.0;35.948717948717956;35.948717948717956;36.0;36.0;1;1
31.855;10.0;0.0;0.0;35.948717948717956;35.948717948717956;36.0;36.0;1;1
32.36;10.0;0.0;0.0;35.948717948717956;35.948717948717956;36.0;36.0;1;1
32.866;10.0;0.0;0.0;35.948717948717956;35.948717948717956;36.0;36.0;1;1
33.371;10.0;0.0;0.0;35.948717948717956;35.948717948717956;36.0;36.0;1;1
33.872;10.0;0.0;0.0;35.948717948717956;35.948717948717956;36.0;36.0;1;1
34.374;-10.0;0.0;0.0;35.948717948717956;35.948717948717956;36.0;36.0;1;1
34.879;-10.0;0.0;0.0;35.948717948717956;35.948717948717956;36.0;36.0;1;1
35.384;-10.0;0.0;0.0;35.948717948717956;35.948717948717956;36.0;36.0;1;1
35.884;-10.0;0.0;0.0;35.948717948717956;35.948717948717956;36.0;36.0;1;1
36.389;-10.0;0.0;0.0;35.948717948717956;35.948717948717956;36.0;36.0;1;1
36.895;-10.0;0.0;0.0;35.948717948717956;35.948717948717956;36.0;36.0;1;1
37.4;-10.0;0.0;0.0;35.948717948717956;35.948717948717956;36.0;36.0;1;1
37.904;-10.0;0.0;0.0;35.948717948717956;36.0;36.0;36.0;1;1
38.409;0.0;0.0;0.0;35.948717948717956;36.0;36.0;36.0;1;1
38.909;0.0;0.0;0.0;35.948717948717956;35.948717948717956;36.0;36.0;1;1
39.414;0.0;0.0;0.0;35.948717948717956;35.948717948717956;36.0;36.0;1;1
39.919;0.0;0.0;0.0;35.948717948717956;35.948717948717956;36.0;36.0;1;1
40.424;0.0;0.0;0.0;35.948717948717956;35.948717948717956;36.0;36.0;1;1
40.93;0.0;0.0;0.0;35.948717948717956;35.948717948717956;36.0;36.0;1;1
41.437;0.0;0.0;0.0;35.948717948717956;35.948717948717956;36.0;36.0;1;1
41.948;0.0;0.0;0.0;35.948717948717956;35.948717948717956;36.0;36.0;1;1
42.451;0.0;0.0;0.0;35.948717948717956;35.948717948717956;36.0;36.0;1;1
42.956;0.0;0.0;0.0;35.948717948717956;35.948717948717956;36.0;36.0;1;1
43.46;0.0;0.0;0.0;35.948717948717956;35.948717948717956;36.0;36.0;1;1
43.966;0.0;0.0;0.0;35.948717948717956;35.948717948717956;36.0;36.0;1;1
44.467;0.0;0.0;0.0;35.948717948717956;35.948717948717956;36.0;36.0;1;1
44.972;0.0;10.0;0.0;35.948717948717956;35.948717948717956;36.0;36.0;1;1
45.474;0.0;10.0;0.0;35.948717948717956;35.948717948717956;36.0;36.0;1;1
45.979;0.0;10.0;0.0;35.948717948717956;35.948717948717956;36.0;36.0;1;1
46.484;0.0;10.0;0.0;35.948717948717956;35.948717948717956;36.0;36.0;1;1
46.989;0.0;10.0;0.0;36.0;35.948717948717956;36.0;36.0;1;1
47.494;0.0;10.0;0.0;36.0;35.948717948717956;36.0;36.0;1;1
47.999;0.0;10.0;0.0;35.948717948717956;35.948717948717956;36.0;36.0;1;1
48.504;0.0;10.0;0.0;35.948717948717956;35.948717948717956;36.0;36.0;1;1
49.009;0.0;10.0;0.0;35.948717948717956;35.948717948717956;36.0;36.0;1;1
49.515;0.0;10.0;0.0;35.948717948717956;35.948717948717956;36.0;36.0;1;1
50.02;0.0;10.0;0.0;35.948717948717956;35.948717948717956;36.0;36.0;1;1
50.525;0.0;10.0;0.0;35.948717948717956;35.948717948717956;36.0;36.0;1;1
51.03;0.0;-10.0;0.0;35.948717948717956;35.948717948717956;36.0;36.0;1;1
51.536;0.0;-10.0;0.0;35.948717948717956;35.948717948717956;36.0;36.0;1;1
52.046;0.0;-10.0;0.0;35.8974358974359;35.948717948717956;36.0;36.0;1;1
52.549;0.0;-10.0;0.0;35.8974358974359;35.948717948717956;36.0;36.0;1;1
53.056;0.0;-10.0;0.0;35.948717948717956;35.948717948717956;36.0;36.0;1;1
53.565;0.0;-10.0;0.0;35.948717948717956;35.948717948717956;36.0;36.0;1;1
54.068;0.0;-10.0;0.0;35.948717948717956;36.0;36.0;36.0;1;1
54.572;0.0;-10.0;0.0;35.948717948717956;36.0;36.0;36.0;1;1
55.077;0.0;0.0;0.0;35.8974358974359;35.948717948717956;36.0;36.0;1;1
55.582;0.0;0.0;0.0;35.8974358974359;35.948717948717956;36.0;36.0;1;1
56.085;0.0;0.0;0.0;35.948717948717956;35.948717948717956;36.0;36.0;1;1
56.59;0.0;0.0;0.0;35.948717948717956;35.948717948717956;36.0;36.0;1;1
57.095;0.0;0.0;0.0;35.948717948717956;35.948717948717956;36.0;36.0;1;1
57.6;0.0;0.0;0.0;35.948717948717956;35.948717948717956;36.0;36.0;1;1
58.105;0.0;0.0;0.0;35.948717948717956;36.0;36.0;36.0;1;1
58.61;0.0;0.0;0.0;35.948717948717956;36.0;36.0;36.0;1;1
59.115;0.0;0.0;0.0;35.948717948717956;35.948717948717956;36.0;36.0;1;1
59.62;0.0;0.0;0.0;35.948717948717956;35.948717948717956;36.0;36.0;1;1
60.123;0.0;0.0;4.951720722951226;35.948717948717956;35.948717948717956;36.0;36.0;1;1
60.628;0.0;0.0;4.951720722951226;35.948717948717956;35.948717948717956;36.0;36.0;1;1
61.134;0.0;0.0;4.951720722951226;35.948717948717956;35.948717948717956;36.0;36.0;1;1
61.652;0.0;0.0;4.951720722951226;35.948717948717956;35.948717948717956;36.0;36.0;1;1
62.158;0.0;0.0;4.951720722951226;35.948717948717956;36.0;36.0;36.0;1;1
62.665;0.0;0.0;4.951720722951226;35.948717948717956;36.0;36.0;36.0;1;1
63.166;0.0;0.0;-4.951720722951226;35.948717948717956;35.948717948717956;36.0;36.0;1;1
63.671;0.0;0.0;-4.951720722951226;35.948717948717956;35.948717948717956;36.0;36.0;1;1
64.176;0.0;0.0;-4.951720722951226;35.948717948717956;35.948717948717956;36.0;36.0;1;1
64.681;0.0;0.0;-4.951720722951226;35.948717948717956;35.948717948717956;36.0;36.0;1;1
65.187;0.0;0.0;-4.951720722951226;35.948717948717956;35.948717948717956;36.0;36.0;1;1
65.692;0.0;0.0;0.0;35.948717948717956;35.948717948717956;36.0;36.0;1;1
66.197;0.0;0.0;0.0;35.948717948717956;35.948717948717956;36.0;36.0;1;1
66.702;0.0;0.0;0.0;35.948717948717956;35.948717948717956;36.0;36.0;1;1
67.207;0.0;0.0;0.0;35.948717948717956;36.0;36.0;36.0;1;1
67.712;0.0;0.0;0.0;35.948717948717956;36.0;36.0;36.0;1;1
68.217;0.0;0.0;0.0;35.948717948717956;35.948717948717956;36.0;36.0;1;1
68.722;0.0;0.0;0.0;35.948717948717956;35.948717948717956;36.0;36.0;1;1
69.227;0.0;0.0;0.0;35.948717948717956;35.948717948717956;36.0;36.0;1;1
69.737;0.0;0.0;0.0;35.948717948717956;35.948717948717956;36.0;36.0;1;1
70.243;0.0;0.0;0.0;35.948717948717956;35.948717948717956;36.0;36.0;1;1
70.75;0.0;0.0;0.0;35.948717948717956;35.948717948717956;36.0;36.0;1;1
71.256;0.0;0.0;0.0;35.948717948717956;35.948717948717956;36.0;36.0;1;1
71.76;0.0;0.0;0.0;35.948717948717956;35.948717948717956;36.0;36.0;1;1
72.266;0.0;0.0;0.0;35.948717948717956;35.948717948717956;36.0;36.0;1;1
72.771;0.0;0.0;0.0;35.948717948717956;35.948717948717956;36.0;36.0;1;1
73.272;0.0;0.0;0.0;35.948717948717956;36.0;36.0;36.0;1;1
73.777;0.0;0.0;0.0;35.948717948717956;36.0;36.0;36.0;1;1
74.281;0.0;0.0;0.0;35.948717948717956;35.948717948717956;36.0;36.0;1;1
74.782;0.0;0.0;0.0;35.948717948717956;35.948717948717956;36.0;36.0;1;1
75.287;0.0;0.0;0.0;35.948717948717956;35.948717948717956;36.0;36.0;1;1
75.792;0.0;0.0;0.0;35.948717948717956;35.948717948717956;36.0;36.0;1;1
76.297;0.0;0.0;0.0;35.948717948717956;35.948717948717956;36.0;36.0;1;1
76.802;0.0;0.0;0.0;35.948717948717956;35.948717948717956;36.0;36.0;1;1
77.308;0.0;0.0;0.0;35.948717948717956;35.948717948717956;36.0;36.0;1;1
77.813;0.0;0.0;0.0;35.948717948717956;35.948717948717956;36.0;36.0;1;1
78.318;0.0;0.0;0.0;35.948717948717956;35.948717948717956;36.0;36.0;1;1
78.823;0.0;0.0;0.0;35.948717948717956;35.948717948717956;36.0;36.0;1;1
79.328;0.0;0.0;0.0;35.948717948717956;35.948717948717956;36.0;36.0;1;1
79.844;0.0;0.0;0.0;35.948717948717956;35.948717948717956;36.0;36.0;1;1
80.351;0.0;0.0;0.0;35.948717948717956;35.948717948717956;36.0;36.0;1;1
80.857;0.0;0.0;0.0;35.948717948717956;35.948717948717956;36.0;36.0;1;1
81.361;0.0;0.0;0.0;35.8974358974359;35.948717948717956;36.0;36.0;1;1
81.869;0.0;0.0;0.0;35.8974358974359;35.948717948717956;36.0;36.0;1;1
82.374;0.0;0.0;0.0;35.948717948717956;35.948717948717956;36.0;36.0;1;1
82.879;0.0;0.0;0.0;35.948717948717956;35.948717948717956;36.0;36.0;1;1
83.385;0.0;0.0;0.0;35.948717948717956;36.0;36.0;36.0;1;1
83.89;0.0;0.0;0.0;35.948717948717956;36.0;36.0;36.0;1;1
84.39;0.0;0.0;0.0;35.948717948717956;36.0;36.0;36.0;1;1
84.89;0.0;0.0;0.0;35.948717948717956;36.0;36.0;36.0;1;1
85.395;0.0;0.0;0.0;35.948717948717956;35.948717948717956;36.0;36.0;1;1
85.896;0.0;0.0;0.0;35.948717948717956;35.948717948717956;36.0;36.0;1;1
86.401;0.0;0.0;0.0;35.8974358974359;35.948717948717956;36.0;36.0;1;1
86.907;0.0;0.0;0.0;35.8974358974359;35.948717948717956;36.0;36.0;1;1
87.412;0.0;0.0;0.0;36.0;35.948717948717956;36.0;36.0;1;1
87.915;0.0;0.0;0.0;36.0;35.948717948717956;36.0;36.0;1;1
88.421;0.0;0.0;0.0;35.948717948717956;36.0;36.0;36.0;1;1
88.926;0.0;0.0;0.0;35.948717948717956;36.0;36.0;36.0;1;1
89.431;0.0;0.0;0.0;35.948717948717956;35.948717948717956;36.0;36.0;1;1
89.946;0.0;0.0;0.0;35.948717948717956;35.948717948717956;36.0;36.0;1;1
90.45;0.0;0.0;0.0;35.948717948717956;35.948717948717956;36.0;36.0;1;1
90.956;0.0;0.0;0.0;35.948717948717956;35.948717948717956;36.0;36.0;1;1
91.459;0.0;0.0;0.0;35.948717948717956;35.948717948717956;36.0;36.0;1;1
91.968;0.0;0.0;0.0;35.948717948717956;35.948717948717956;36.0;36.0;1;1
92.472;0.0;0.0;0.0;35.948717948717956;35.948717948717956;36.0;36.0;1;1
92.977;0.0;0.0;0.0;35.948717948717956;35.948717948717956;36.0;36.0;1;1
93.482;0.0;0.0;0.0;35.948717948717956;35.948717948717956;36.0;36.0;1;1
93.985;0.0;0.0;0.0;35.948717948717956;35.948717948717956;36.0;36.0;1;1
94.489;0.0;0.0;0.0;35.948717948717956;36.0;36.0;36.0;1;1
94.994;0.0;0.0;0.0;35.948717948717956;36.0;36.0;36.0;1;1
95.499;0.0;0.0;0.0;35.948717948717956;35.948717948717956;36.0;36.0;1;1
96.004;0.0;0.0;0.0;35.948717948717956;35.948717948717956;36.0;36.0;1;1
96.506;0.0;0.0;0.0;35.948717948717956;35.948717948717956;36.0;36.0;1;1
97.012;0.0;0.0;0.0;35.948717948717956;35.948717948717956;36.0;36.0;1;1
97.517;0.0;0.0;0.0;35.948717948717956;36.0;36.0;36.0;1;1
98.021;0.0;0.0;0.0;35.8974358974359;35.948717948717956;36.0;36.0;1;1
98.522;0.0;0.0;0.0;35.8974358974359;35.948717948717956;36.0;36.0;1;1
99.023;0.0;0.0;0.0;35.948717948717956;35.948717948717956;36.0;36.0;1;1
99.528;0.0;0.0;0.0;35.948717948717956;35.948717948717956;36.0;36.0;1;1
100.032;0.0;0.0;0.0;35.948717948717956;35.948717948717956;36.0;36.0;1;1
100.547;0.0;0.0;0.0;35.948717948717956;35.948717948717956;36.0;36.0;1;1
101.051;0.0;0.0;0.0;35.948717948717956;35.948717948717956;36.0;36.0;1;1
101.556;0.0;0.0;0.0;35.948717948717956;35.948717948717956;36.0;36.0;1;1
102.061;0.0;0.0;0.0;35.948717948717956;35.948717948717956;36.0;36.0;1;1
102.567;0.0;0.0;0.0;35.948717948717956;35.948717948717956;36.0;36.0;1;1
103.071;0.0;0.0;0.0;35.948717948717956;35.948717948717956;36.0;36.0;1;1
103.576;0.0;0.0;0.0;35.948717948717956;35.948717948717956;36.0;36.0;1;1
104.078;0.0;0.0;0.0;35.8974358974359;35.948717948717956;36.0;36.0;1;1
104.583;0.0;0.0;0.0;35.8974358974359;35.948717948717956;36.0;36.0;1;1
105.088;0.0;0.0;0.0;35.948717948717956;36.0;36.0;36.0;1;1
105.593;0.0;0.0;0.0;35.948717948717956;36.0;36.0;36.0;1;1
106.098;0.0;0.0;0.0;35.948717948717956;35.948717948717956;36.0;36.0;1;1
106.603;0.0;0.0;0.0;35.948717948717956;35.948717948717956;36.0;36.0;1;1
107.103;0.0;0.0;0.0;35.8974358974359;36.0;36.0;36.0;1;1
107.604;0.0;0.0;0.0;35.8974358974359;36.0;36.0;36.0;1;1
108.109;0.0;0.0;0.0;35.948717948717956;36.0;36.0;36.0;1;1
108.61;0.0;0.0;0.0;35.948717948717956;36.0;36.0;36.0;1;1
109.115;0.0;0.0;0.0;36.0;35.948717948717956;36.0;36.0;1;1
109.619;0.0;0.0;0.0;36.0;35.948717948717956;36.0;36.0;1;1
110.124;0.0;0.0;0.0;35.8974358974359;35.948717948717956;36.0;36.0;1;1
110.629;0.0;0.0;0.0;35.8974358974359;35.948717948717956;36.0;36.0;1;1
111.135;0.0;0.0;0.0;35.8974358974359;36.0;36.0;36.0;1;1
111.646;0.0;0.0;0.0;35.8974358974359;36.0;36.0;36.0;1;1
112.158;0.0;0.0;0.0;35.948717948717956;36.0;36.0;36.0;1;1
112.665;0.0;0.0;0.0;35.948717948717956;36.0;36.0;36.0;1;1
113.168;0.0;0.0;0.0;35.948717948717956;36.0;36.0;36.0;1;1
113.673;0.0;0.0;0.0;35.948717948717956;36.0;36.0;36.0;1;1
114.178;0.0;0.0;0.0;35.948717948717956;35.948717948717956;36.0;36.0;1;1
114.683;0.0;0.0;0.0;35.948717948717956;35.948717948717956;36.0;36.0;1;1
115.185;0.0;0.0;0.0;35.948717948717956;35.948717948717956;36.0;36.0;1;1
115.69;0.0;0.0;0.0;35.948717948717956;35.948717948717956;36.0;36.0;1;1
116.195;0.0;0.0;0.0;35.948717948717956;35.948717948717956;36.0;36.0;1;1
116.697;0.0;0.0;0.0;35.948717948717956;35.948717948717956;36.0;36.0;1;1
117.202;0.0;0.0;0.0;35.948717948717956;35.948717948717956;36.0;36.0;1;1
117.707;0.0;0.0;0.0;35.948717948717956;35.948717948717956;36.0;36.0;1;1
118.211;0.0;0.0;0.0;35.948717948717956;35.948717948717956;36.0;36.0;1;1
118.716;0.0;0.0;0.0;35.948717948717956;35.948717948717956;36.0;36.0;1;1
119.216;0.0;0.0;0.0;35.948717948717956;35.948717948717956;36.0;36.0;1;1
119.72;0.0;0.0;0.0;35.948717948717956;35.948717948717956;36.0;36.0;1;1
120.221;0.0;0.0;0.0;35.948717948717956;35.948717948717956;36.0;36.0;1;1
120.722;0.0;0.0;0.0;35.948717948717956;35.948717948717956;36.0;36.0;1;1
121.226;0.0;0.0;0.0;35.948717948717956;36.0;36.0;36.0;1;1
121.731;0.0;0.0;0.0;35.948717948717956;36.0;36.0;36.0;1;1
122.236;0.0;0.0;0.0;35.948717948717956;35.948717948717956;36.0;36.0;1;1
122.751;0.0;0.0;0.0;35.948717948717956;35.948717948717956;36.0;36.0;1;1
123.263;0.0;0.0;0.0;35.8974358974359;35.948717948717956;36.0;36.0;1;1
123.769;0.0;0.0;0.0;35.8974358974359;35.948717948717956;36.0;36.0;1;1
124.274;0.0;0.0;0.0;35.948717948717956;35.948717948717956;36.0;36.0;1;1
124.779;0.0;0.0;0.0;35.948717948717956;35.948717948717956;36.0;36.0;1;1
125.285;0.0;0.0;0.0;35.8974358974359;35.948717948717956;36.0;36.0;1;1
125.79;0.0;0.0;0.0;35.8974358974359;35.948717948717956;36.0;36.0;1;1
126.295;0.0;0.0;0.0;35.948717948717956;36.0;36.0;36.0;1;1
126.8;0.0;0.0;0.0;35.948717948717956;36.0;36.0;36.0;1;1
127.305;0.0;0.0;0.0;35.948717948717956;36.0;36.0;36.0;1;1
127.81;0.0;0.0;0.0;35.948717948717956;36.0;36.0;36.0;1;1
128.315;0.0;0.0;0.0;35.948717948717956;35.948717948717956;36.0;36.0;1;1
128.817;0.0;0.0;0.0;35.948717948717956;35.948717948717956;36.0;36.0;1;1
129.323;0.0;0.0;0.0;35.948717948717956;35.948717948717956;36.0;36.0;1;1
129.828;0.0;0.0;0.0;35.948717948717956;35.948717948717956;36.0;36.0;1;1
130.343;0.0;0.0;0.0;35.948717948717956;35.948717948717956;36.0;36.0;1;1
130.856;0.0;0.0;0.0;35.948717948717956;35.948717948717956;36.0;36.0;1;1
131.358;0.0;0.0;0.0;35.948717948717956;35.948717948717956;36.0;36.0;1;1
131.864;0.0;0.0;0.0;35.948717948717956;35.948717948717956;36.0;36.0;1;1
132.371;0.0;0.0;0.0;35.948717948717956;35.948717948717956;36.0;36.0;1;1
132.872;0.0;0.0;0.0;35.948717948717956;35.948717948717956;36.0;36.0;1;1
133.373;0.0;0.0;0.0;35.948717948717956;35.948717948717956;36.0;36.0;1;1
133.878;0.0;0.0;0.0;35.948717948717956;35.948717948717956;36.0;36.0;1;1
134.383;0.0;0.0;0.0;36.0;35.948717948717956;36.0;36.0;1;1
134.888;0.0;0.0;0.0;36.0;35.948717948717956;36.0;36.0;1;1
135.393;0.0;0.0;0.0;35.948717948717956;35.948717948717956;36.0;36.0;1;1
135.898;0.0;0.0;0.0;35.948717948717956;35.948717948717956;36.0;36.0;1;1
136.403;0.0;0.0;0.0;35.948717948717956;35.948717948717956;36.0;36.0;1;1
136.909;0.0;0.0;0.0;35.948717948717956;35.948717948717956;36.0;36.0;1;1
137.414;0.0;0.0;0.0;35.948717948717956;35.948717948717956;36.0;36.0;1;1
137.915;0.0;0.0;0.0;35.948717948717956;35.948717948717956;36.0;36.0;1;1
138.42;0.0;0.0;0.0;35.948717948717956;35.948717948717956;36.0;36.0;1;1
138.925;0.0;0.0;0.0;35.948717948717956;35.948717948717956;36.0;36.0;1;1
139.43;0.0;0.0;0.0;35.948717948717956;36.0;36.0;36.0;1;1
139.937;0.0;0.0;0.0;35.948717948717956;36.0;36.0;36.0;1;1
140.451;0.0;0.0;0.0;35.948717948717956;35.948717948717956;36.0;36.0;1;1
140.957;0.0;0.0;0.0;35.948717948717956;35.948717948717956;36.0;36.0;1;1
141.465;0.0;0.0;0.0;35.948717948717956;35.948717948717956;36.0;36.0;1;1
141.97;0.0;0.0;0.0;35.948717948717956;35.948717948717956;36.0;36.0;1;1
142.475;0.0;0.0;0.0;35.948717948717956;35.948717948717956;36.0;36.0;1;1
142.98;0.0;0.0;0.0;35.948717948717956;35.948717948717956;36.0;36.0;1;1
143.485;0.0;0.0;0.0;35.948717948717956;36.0;36.0;36.0;1;1
143.991;0.0;0.0;0.0;35.948717948717956;36.0;36.0;36.0;1;1
144.496;0.0;0.0;0.0;35.948717948717956;35.948717948717956;36.0;36.0;1;1
145.001;0.0;0.0;0.0;35.948717948717956;35.948717948717956;36.0;36.0;1;1
145.506;0.0;0.0;0.0;35.8974358974359;35.948717948717956;36.0;36.0;1;1
146.011;0.0;0.0;0.0;35.8974358974359;35.948717948717956;36.0;36.0;1;1
146.516;0.0;0.0;0.0;35.948717948717956;35.948717948717956;36.0;36.0;1;1
147.021;0.0;0.0;0.0;35.948717948717956;35.948717948717956;36.0;36.0;1;1
147.526;0.0;0.0;0.0;35.948717948717956;35.948717948717956;36.0;36.0;1;1
148.032;0.0;0.0;0.0;35.948717948717956;35.948717948717956;36.0;36.0;1;1
148.547;0.0;0.0;0.0;35.948717948717956;35.948717948717956;36.0;36.0;1;1
149.057;0.0;0.0;0.0;35.948717948717956;35.948717948717956;36.0;36.0;1;1
149.566;0.0;0.0;0.0;35.8974358974359;35.948717948717956;36.0;36.0;1;1
150.071;0.0;0.0;0.0;35.8974358974359;35.948717948717956;36.0;36.0;1;1
150.576;0.0;0.0;0.0;35.948717948717956;35.948717948717956;36.0;36.0;1;1
151.081;0.0;0.0;0.0;35.948717948717956;35.948717948717956;36.0;36.0;1;1
151.586;0.0;0.0;0.0;35.948717948717956;35.948717948717956;36.0;36.0;1;1
152.1;0.0;0.0;0.0;35.948717948717956;35.948717948717956;36.0;36.0;1;1
152.608;0.0;0.0;0.0;35.948717948717956;35.948717948717956;36.0;36.0;1;1
153.113;0.0;0.0;0.0;35.948717948717956;35.948717948717956;36.0;36.0;1;1
153.618;0.0;0.0;0.0;35.948717948717956;35.948717948717956;36.0;36.0;1;1
154.124;0.0;0.0;0.0;35.948717948717956;35.948717948717956;36.0;36.0;1;1
154.629;0.0;0.0;0.0;35.8974358974359;35.948717948717956;36.0;36.0;1;1
155.147;0.0;0.0;0.0;35.8974358974359;35.948717948717956;36.0;36.0;1;1
155.657;0.0;0.0;0.0;35.948717948717956;35.948717948717956;36.0;36.0;1;1
156.165;0.0;0.0;0.0;35.948717948717956;35.948717948717956;36.0;36.0;1;1
156.67;0.0;0.0;0.0;35.948717948717956;35.948717948717956;36.0;36.0;1;1
157.175;0.0;0.0;0.0;35.948717948717956;35.948717948717956;36.0;36.0;1;1
157.68;0.0;0.0;0.0;35.948717948717956;35.948717948717956;36.0;36.0;1;1
158.185;0.0;0.0;0.0;35.948717948717956;35.948717948717956;36.0;36.0;1;1
158.69;0.0;0.0;0.0;35.948717948717956;35.948717948717956;36.0;36.0;1;1
159.195;0.0;0.0;0.0;35.8974358974359;35.948717948717956;36.0;36.0;1;1
159.7;0.0;0.0;0.0;35.8974358974359;35.948717948717956;36.0;36.0;1;1
160.206;0.0;0.0;0.0;35.8974358974359;35.948717948717956;36.0;36.0;1;1
160.711;0.0;0.0;0.0;35.8974358974359;35.948717948717956;36.0;36.0;1;1
161.216;0.0;0.0;0.0;35.948717948717956;35.948717948717956;36.0;36.0;1;1
161.721;0.0;0.0;0.0;35.948717948717956;35.948717948717956;36.0;36.0;1;1
162.226;0.0;0.0;0.0;35.948717948717956;35.948717948717956;36.0;36.0;1;1
162.731;0.0;0.0;0.0;35.948717948717956;35.948717948717956;36.0;36.0;1;1
163.247;0.0;0.0;0.0;35.948717948717956;35.948717948717956;36.0;36.0;1;1
163.757;0.0;0.0;0.0;35.948717948717956;35.948717948717956;36.0;36.0;1;1
164.267;0.0;0.0;0.0;35.948717948717956;35.948717948717956;36.0;36.0;1;1
164.773;0.0;0.0;0.0;35.948717948717956;35.948717948717956;36.0;36.0;1;1
165.275;0.0;0.0;0.0;35.948717948717956;35.948717948717956;36.0;36.0;1;1
165.781;0.0;0.0;0.0;35.948717948717956;35.948717948717956;36.0;36.0;1;1
166.286;0.0;0.0;0.0;35.948717948717956;35.948717948717956;36.0;36.0;1;1
166.791;0.0;0.0;0.0;35.948717948717956;35.948717948717956;36.0;36.0;1;1
167.296;0.0;0.0;0.0;35.8974358974359;35.948717948717956;36.0;36.0;1;1
167.801;0.0;0.0;0.0;35.8974358974359;35.948717948717956;36.0;36.0;1;1
168.306;0.0;0.0;0.0;35.948717948717956;35.948717948717956;36.0;36.0;1;1
168.811;0.0;0.0;0.0;35.948717948717956;35.948717948717956;36.0;36.0;1;1
169.316;0.0;0.0;0.0;35.948717948717956;35.948717948717956;36.0;36.0;1;1
169.821;0.0;0.0;0.0;35.948717948717956;35.948717948717956;36.0;36.0;1;1
170.326;0.0;0.0;0.0;35.948717948717956;35.948717948717956;36.0;36.0;1;1
170.832;0.0;0.0;0.0;35.948717948717956;35.948717948717956;36.0;36.0;1;1
171.347;0.0;0.0;0.0;35.8974358974359;36.0;36.0;36.0;1;1
171.856;0.0;0.0;0.0;35.8974358974359;36.0;36.0;36.0;1;1
172.364;0.0;0.0;0.0;35.948717948717956;35.948717948717956;36.0;36.0;1;1
172.869;0.0;0.0;0.0;35.948717948717956;35.948717948717956;36.0;36.0;1;1
173.374;0.0;0.0;0.0;35.948717948717956;35.948717948717956;36.0;36.0;1;1
173.874;0.0;0.0;0.0;35.948717948717956;35.948717948717956;36.0;36.0;1;1
174.38;0.0;0.0;0.0;35.948717948717956;36.0;36.0;36.0;1;1
174.885;0.0;0.0;0.0;35.948717948717956;36.0;36.0;36.0;1;1
175.39;0.0;0.0;0.0;35.948717948717956;35.948717948717956;36.0;36.0;1;1
175.89;0.0;0.0;0.0;35.948717948717956;35.948717948717956;36.0;36.0;1;1
176.395;0.0;0.0;0.0;35.948717948717956;35.948717948717956;36.0;36.0;1;1
176.9;0.0;0.0;0.0;35.948717948717956;35.948717948717956;36.0;36.0;1;1
177.405;0.0;0.0;0.0;35.948717948717956;35.948717948717956;36.0;36.0;1;1
177.911;0.0;0.0;0.0;35.948717948717956;35.948717948717956;36.0;36.0;1;1
178.416;0.0;0.0;0.0;35.948717948717956;35.948717948717956;36.0;36.0;1;1
178.921;0.0;0.0;0.0;35.948717948717956;35.948717948717956;36.0;36.0;1;1
179.426;0.0;0.0;0.0;35.948717948717956;35.948717948717956;36.0;36.0;1;1
179.931;0.0;0.0;0.0;35.948717948717956;35.948717948717956;36.0;36.0;1;1
180.438;0.0;0.0;0.0;35.948717948717956;35.948717948717956;36.0;36.0;1;1
180.947;0.0;0.0;0.0;35.948717948717956;35.948717948717956;36.0;36.0;1;1
181.455;0.0;0.0;0.0;35.948717948717956;35.948717948717956;36.0;36.0;1;1
181.965;0.0;0.0;0.0;35.948717948717956;35.948717948717956;36.0;36.0;1;1
182.47;0.0;0.0;0.0;35.948717948717956;35.948717948717956;36.0;36.0;1;1
182.975;0.0;0.0;0.0;35.948717948717956;35.948717948717956;36.0;36.0;1;1
183.48;0.0;0.0;0.0;35.948717948717956;35.948717948717956;36.0;36.0;1;1
183.985;0.0;0.0;0.0;35.948717948717956;35.948717948717956;36.0;36.0;1;1
184.49;0.0;0.0;0.0;35.948717948717956;35.948717948717956;36.0;36.0;1;1
184.995;0.0;0.0;0.0;35.948717948717956;35.948717948717956;36.0;36.0;1;1
185.502;0.0;0.0;0.0;35.948717948717956;35.948717948717956;36.0;36.0;1;1
186.008;0.0;0.0;0.0;35.948717948717956;35.948717948717956;36.0;36.0;1;1
186.513;0.0;0.0;0.0;35.948717948717956;35.948717948717956;36.0;36.0;1;1
187.018;0.0;0.0;0.0;35.948717948717956;35.948717948717956;36.0;36.0;1;1
187.523;0.0;0.0;0.0;35.948717948717956;35.948717948717956;36.0;36.0;1;1
188.028;0.0;0.0;0.0;35.948717948717956;35.948717948717956;36.0;36.0;1;1
188.536;0.0;0.0;0.0;35.948717948717956;35.948717948717956;36.0;36.0;1;1
189.055;0.0;0.0;0.0;35.948717948717956;35.948717948717956;36.0;36.0;1;1
189.564;0.0;0.0;0.0;35.948717948717956;35.948717948717956;36.0;36.0;1;1
190.069;0.0;0.0;0.0;35.948717948717956;35.948717948717956;36.0;36.0;1;1
190.574;0.0;0.0;0.0;35.948717948717956;35.948717948717956;36.0;36.0;1;1
191.079;0.0;0.0;0.0;35.948717948717956;35.948717948717956;36.0;36.0;1;1
191.58;0.0;0.0;0.0;35.948717948717956;35.948717948717956;36.0;36.0;1;1
192.085;0.0;0.0;0.0;35.948717948717956;35.948717948717956;36.0;36.0;1;1
192.59;0.0;0.0;0.0;35.948717948717956;35.948717948717956;36.0;36.0;1;1
193.095;0.0;0.0;0.0;35.948717948717956;35.948717948717956;36.0;36.0;1;1
193.6;0.0;0.0;0.0;35.948717948717956;35.948717948717956;36.0;36.0;1;1
194.106;0.0;0.0;0.0;35.948717948717956;35.948717948717956;36.0;36.0;1;1
194.611;0.0;0.0;0.0;36.0;35.948717948717956;36.0;36.0;1;1
195.116;0.0;0.0;0.0;36.0;35.948717948717956;36.0;36.0;1;1
195.621;0.0;0.0;0.0;35.948717948717956;35.948717948717956;36.0;36.0;1;1
196.126;0.0;0.0;0.0;35.948717948717956;35.948717948717956;36.0;36.0;1;1
196.631;0.0;0.0;0.0;35.948717948717956;35.948717948717956;36.0;36.0;1;1
197.146;0.0;0.0;0.0;35.948717948717956;35.948717948717956;36.0;36.0;1;1
197.656;0.0;0.0;0.0;35.948717948717956;35.948717948717956;36.0;36.0;1;1
198.162;0.0;0.0;0.0;35.948717948717956;35.948717948717956;36.0;36.0;1;1
198.669;0.0;0.0;0.0;35.948717948717956;35.948717948717956;36.0;36.0;1;1
199.174;0.0;0.0;0.0;35.948717948717956;35.948717948717956;36.0;36.0;1;1
199.679;0.0;0.0;0.0;35.948717948717956;35.948717948717956;36.0;36.0;1;1
200.184;0.0;0.0;0.0;35.948717948717956;35.948717948717956;36.0;36.0;1;1
200.689;0.0;0.0;0.0;35.948717948717956;35.948717948717956;36.0;36.0;1;1
201.194;0.0;0.0;0.0;35.948717948717956;35.948717948717956;36.0;36.0;1;1
201.699;0.0;0.0;0.0;35.948717948717956;35.948717948717956;36.0;36.0;1;1
202.205;0.0;0.0;0.0;35.948717948717956;35.948717948717956;36.0;36.0;1;1
202.709;0.0;0.0;0.0;35.948717948717956;35.948717948717956;36.0;36.0;1;1
203.214;0.0;0.0;0.0;35.948717948717956;35.948717948717956;36.0;36.0;1;1
203.72;0.0;0.0;0.0;35.948717948717956;35.948717948717956;36.0;36.0;1;1
204.225;0.0;0.0;0.0;35.948717948717956;35.948717948717956;36.0;36.0;1;1
204.725;0.0;0.0;0.0;35.948717948717956;36.0;36.0;36.0;1;1
205.23;0.0;0.0;0.0;35.948717948717956;36.0;36.0;36.0;1;1
205.732;0.0;0.0;0.0;35.948717948717956;35.948717948717956;36.0;36.0;1;1
206.238;0.0;0.0;0.0;35.948717948717956;35.948717948717956;36.0;36.0;1;1
206.757;0.0;0.0;0.0;35.948717948717956;35.948717948717956;36.0;36.0;1;1
207.264;0.0;0.0;0.0;35.948717948717956;35.948717948717956;36.0;36.0;1;1
207.77;0.0;0.0;0.0;35.948717948717956;35.948717948717956;36.0;36.0;1;1
208.275;0.0;0.0;0.0;35.948717948717956;35.948717948717956;36.0;36.0;1;1
208.78;0.0;0.0;0.0;36.0;35.948717948717956;36.0;36.0;1;1
209.285;0.0;0.0;0.0;36.0;35.948717948717956;36.0;36.0;1;1
209.79;0.0;0.0;0.0;35.948717948717956;35.948717948717956;36.0;36.0;1;1
210.295;0.0;0.0;0.0;35.948717948717956;35.948717948717956;36.0;36.0;1;1
210.8;0.0;0.0;0.0;35.8974358974359;35.948717948717956;36.0;36.0;1;1
211.306;0.0;0.0;0.0;35.948717948717956;35.948717948717956;36.0;36.0;1;1
211.811;0.0;0.0;0.0;35.948717948717956;35.948717948717956;36.0;36.0;1;1
212.316;0.0;0.0;0.0;35.948717948717956;35.948717948717956;36.0;36.0;1;1
212.821;0.0;0.0;0.0;35.948717948717956;36.0;36.0;36.0;1;1
213.326;0.0;0.0;0.0;35.948717948717956;35.948717948717956;36.0;36.0;1;1
213.831;0.0;0.0;0.0;35.948717948717956;35.948717948717956;36.0;36.0;1;1
214.337;0.0;0.0;0.0;35.948717948717956;35.948717948717956;36.0;36.0;1;1
214.842;0.0;0.0;0.0;35.948717948717956;35.948717948717956;36.0;36.0;1;1
215.349;0.0;0.0;0.0;35.948717948717956;35.948717948717956;36.0;36.0;1;1
215.856;0.0;0.0;0.0;35.948717948717956;35.948717948717956;36.0;36.0;1;1
216.365;0.0;0.0;0.0;35.948717948717956;35.948717948717956;36.0;36.0;1;1
216.871;0.0;0.0;0.0;35.948717948717956;35.948717948717956;36.0;36.0;1;1
217.376;0.0;0.0;0.0;35.948717948717956;35.948717948717956;36.0;36.0;1;1
217.879;0.0;0.0;0.0;35.948717948717956;35.948717948717956;36.0;36.0;1;1
218.384;0.0;0.0;0.0;35.948717948717956;35.948717948717956;36.0;36.0;1;1
218.889;0.0;0.0;0.0;35.948717948717956;35.948717948717956;36.0;36.0;1;1
219.394;0.0;0.0;0.0;35.948717948717956;35.948717948717956;36.0;36.0;1;1
219.899;0.0;0.0;0.0;35.948717948717956;35.948717948717956;36.0;36.0;1;1
220.404;0.0;0.0;0.0;35.948717948717956;35.948717948717956;36.0;36.0;1;1
220.91;0.0;0.0;0.0;35.948717948717956;35.948717948717956;36.0;36.0;1;1
221.415;0.0;0.0;0.0;35.948717948717956;35.948717948717956;36.0;36.0;1;1
221.92;0.0;0.0;0.0;35.948717948717956;35.948717948717956;36.0;36.0;1;1
222.425;0.0;0.0;0.0;35.948717948717956;35.948717948717956;36.0;36.0;1;1
222.93;0.0;0.0;0.0;35.948717948717956;35.948717948717956;36.0;36.0;1;1
223.438;0.0;0.0;0.0;35.948717948717956;35.948717948717956;36.0;36.0;1;1
223.956;0.0;0.0;0.0;35.948717948717956;35.948717948717956;36.0;36.0;1;1
224.466;0.0;0.0;0.0;35.948717948717956;35.948717948717956;36.0;36.0;1;1
224.971;0.0;0.0;0.0;35.948717948717956;35.948717948717956;36.0;36.0;1;1
225.476;0.0;0.0;0.0;35.948717948717956;35.948717948717956;36.0;36.0;1;1
225.981;0.0;0.0;0.0;35.948717948717956;35.948717948717956;36.0;36.0;1;1
226.486;0.0;0.0;0.0;35.948717948717956;35.948717948717956;36.0;36.0;1;1
226.991;0.0;0.0;0.0;35.948717948717956;35.948717948717956;36.0;36.0;1;1
227.496;0.0;0.0;0.0;35.948717948717956;35.948717948717956;36.0;36.0;1;1
228.001;0.0;0.0;0.0;35.948717948717956;35.948717948717956;36.0;36.0;1;1
228.506;0.0;0.0;0.0;35.948717948717956;35.948717948717956;36.0;36.0;1;1
229.011;0.0;0.0;0.0;35.948717948717956;35.948717948717956;36.0;36.0;1;1
229.517;0.0;0.0;0.0;35.948717948717956;35.948717948717956;36.0;36.0;1;1
230.022;0.0;0.0;0.0;35.948717948717956;35.948717948717956;36.0;36.0;1;1
230.527;0.0;0.0;0.0;35.948717948717956;35.948717948717956;36.0;36.0;1;1
231.032;0.0;0.0;0.0;35.948717948717956;35.948717948717956;36.0;36.0;1;1
231.543;0.0;0.0;0.0;35.948717948717956;35.948717948717956;36.0;36.0;1;1
232.056;0.0;0.0;0.0;35.948717948717956;35.948717948717956;36.0;36.0;1;1
232.564;0.0;0.0;0.0;35.948717948717956;35.948717948717956;36.0;36.0;1;1
233.069;0.0;0.0;0.0;35.948717948717956;35.948717948717956;36.0;36.0;1;1
233.569;0.0;0.0;0.0;35.948717948717956;35.948717948717956;36.0;36.0;1;1
234.074;0.0;0.0;0.0;35.948717948717956;35.948717948717956;36.0;36.0;1;1
234.58;0.0;0.0;0.0;35.948717948717956;35.948717948717956;36.0;36.0;1;1
235.085;0.0;0.0;0.0;35.948717948717956;35.948717948717956;36.0;36.0;1;1
235.59;0.0;0.0;0.0;35.948717948717956;35.948717948717956;36.0;36.0;1;1
236.095;0.0;0.0;0.0;35.948717948717956;35.948717948717956;36.0;36.0;1;1
236.6;0.0;0.0;0.0;35.948717948717956;35.948717948717956;36.0;36.0;1;1
237.105;0.0;0.0;0.0;35.948717948717956;35.948717948717956;36.0;36.0;1;1
237.61;0.0;0.0;0.0;35.948717948717956;35.948717948717956;36.0;36.0;1;1
238.115;0.0;0.0;0.0;35.948717948717956;35.948717948717956;36.0;36.0;1;1
238.62;0.0;0.0;0.0;35.948717948717956;35.948717948717956;36.0;36.0;1;1
239.125;0.0;0.0;0.0;35.948717948717956;35.948717948717956;36.0;36.0;1;1
239.631;0.0;0.0;0.0;35.948717948717956;35.948717948717956;36.0;36.0;1;1
240.147;0.0;0.0;0.0;35.948717948717956;35.948717948717956;36.0;36.0;1;1
240.656;0.0;0.0;0.0;35.948717948717956;35.948717948717956;36.0;36.0;1;1
241.164;0.0;0.0;0.0;35.948717948717956;35.948717948717956;36.0;36.0;1;1
241.669;0.0;0.0;0.0;35.948717948717956;35.948717948717956;36.0;36.0;1;1
242.175;0.0;0.0;0.0;35.948717948717956;35.948717948717956;36.0;36.0;1;1
242.68;0.0;0.0;0.0;35.948717948717956;35.948717948717956;36.0;36.0;1;1
243.185;0.0;0.0;0.0;35.948717948717956;35.948717948717956;36.0;36.0;1;1
243.69;0.0;0.0;0.0;35.948717948717956;35.948717948717956;36.0;36.0;1;1
244.195;0.0;0.0;0.0;35.948717948717956;35.948717948717956;36.0;36.0;1;1
244.7;0.0;0.0;0.0;35.948717948717956;35.948717948717956;36.0;36.0;1;1
245.205;0.0;0.0;0.0;35.948717948717956;35.948717948717956;36.0;36.0;1;1
245.71;0.0;0.0;0.0;35.948717948717956;35.948717948717956;36.0;36.0;1;1
246.215;0.0;0.0;0.0;35.948717948717956;35.948717948717956;36.0;36.0;1;1
246.72;0.0;0.0;0.0;35.948717948717956;35.948717948717956;36.0;36.0;1;1
247.225;0.0;0.0;0.0;35.948717948717956;35.948717948717956;36.0;36.0;1;1
247.731;0.0;0.0;0.0;35.948717948717956;35.948717948717956;36.0;36.0;1;1
248.247;0.0;0.0;0.0;35.948717948717956;35.948717948717956;36.0;36.0;1;1
248.757;0.0;0.0;0.0;35.948717948717956;35.948717948717956;36.0;36.0;1;1
249.264;0.0;0.0;0.0;35.948717948717956;35.948717948717956;36.0;36.0;1;1
249.769;0.0;0.0;0.0;35.948717948717956;35.948717948717956;36.0;36.0;1;1
250.274;0.0;0.0;0.0;35.948717948717956;35.948717948717956;36.0;36.0;1;1
250.779;0.0;0.0;0.0;35.948717948717956;35.948717948717956;36.0;36.0;1;1
251.284;0.0;0.0;0.0;35.948717948717956;35.948717948717956;36.0;36.0;1;1
251.789;0.0;0.0;0.0;35.948717948717956;35.948717948717956;36.0;36.0;1;1
252.294;0.0;0.0;0.0;35.948717948717956;35.948717948717956;36.0;36.0;1;1
252.799;0.0;0.0;0.0;35.948717948717956;35.948717948717956;36.0;36.0;1;1
253.304;0.0;0.0;0.0;35.948717948717956;35.948717948717956;36.0;36.0;1;1
253.809;0.0;0.0;0.0;35.948717948717956;35.948717948717956;36.0;36.0;1;1
254.315;0.0;0.0;0.0;35.948717948717956;35.948717948717956;36.0;36.0;1;1
254.82;0.0;0.0;0.0;35.948717948717956;35.948717948717956;36.0;36.0;1;1
255.325;0.0;0.0;0.0;35.948717948717956;35.948717948717956;36.0;36.0;1;1
255.83;0.0;0.0;0.0;35.948717948717956;35.948717948717956;36.0;36.0;1;1
256.335;0.0;0.0;0.0;35.948717948717956;35.948717948717956;36.0;36.0;1;1
256.856;0.0;0.0;0.0;35.948717948717956;35.948717948717956;36.0;36.0;1;1
257.363;0.0;0.0;0.0;35.948717948717956;35.948717948717956;36.0;36.0;1;1
257.868;0.0;0.0;0.0;35.948717948717956;35.948717948717956;36.0;36.0;1;1
258.373;0.0;0.0;0.0;35.948717948717956;35.948717948717956;36.0;36.0;1;1
258.878;0.0;0.0;0.0;35.948717948717956;35.948717948717956;36.0;36.0;1;1
259.383;0.0;0.0;0.0;35.948717948717956;35.948717948717956;36.0;36.0;1;1
259.888;0.0;0.0;0.0;35.948717948717956;35.948717948717956;36.0;36.0;1;1
260.394;0.0;0.0;0.0;35.948717948717956;35.948717948717956;36.0;36.0;1;1
260.899;0.0;0.0;0.0;35.948717948717956;35.948717948717956;36.0;36.0;1;1
261.404;0.0;0.0;0.0;35.948717948717956;35.948717948717956;36.0;36.0;1;1
261.909;0.0;0.0;0.0;35.948717948717956;35.948717948717956;36.0;36.0;1;1
262.414;0.0;0.0;0.0;35.948717948717956;35.948717948717956;36.0;36.0;1;1
262.919;0.0;0.0;0.0;35.948717948717956;35.948717948717956;36.0;36.0;1;1
263.424;0.0;0.0;0.0;35.948717948717956;35.948717948717956;36.0;36.0;1;1
263.929;0.0;0.0;0.0;36.0;35.948717948717956;36.0;36.0;1;1
264.447;0.0;0.0;0.0;36.0;35.948717948717956;36.0;36.0;1;1
264.956;0.0;0.0;0.0;35.948717948717956;35.948717948717956;36.0;36.0;1;1
265.464;0.0;0.0;0.0;36.0;35.948717948717956;36.0;36.0;1;1
265.969;0.0;0.0;0.0;36.0;35.948717948717956;36.0;36.0;1;1
266.474;0.0;0.0;0.0;36.0;35.948717948717956;36.0;36.0;1;1
266.979;0.0;0.0;0.0;35.948717948717956;35.948717948717956;36.0;36.0;1;1
267.484;0.0;0.0;0.0;35.948717948717956;35.948717948717956;36.0;36.0;1;1
267.989;0.0;0.0;0.0;35.948717948717956;35.948717948717956;36.0;36.0;1;1
268.494;0.0;0.0;0.0;36.0;35.948717948717956;36.0;36.0;1;1
268.999;0.0;0.0;0.0;36.0;35.948717948717956;36.0;36.0;1;1
269.504;0.0;0.0;0.0;35.948717948717956;36.0;36.0;36.0;1;1
270.01;0.0;0.0;0.0;35.948717948717956;36.0;36.0;36.0;1;1
270.515;0.0;0.0;0.0;35.948717948717956;35.948717948717956;36.0;36.0;1;1
271.02;0.0;0.0;0.0;35.948717948717956;35.948717948717956;36.0;36.0;1;1
271.525;0.0;0.0;0.0;35.948717948717956;35.948717948717956;36.0;36.0;1;1
272.03;0.0;0.0;0.0;35.948717948717956;35.948717948717956;36.0;36.0;1;1
272.538;0.0;0.0;0.0;35.948717948717956;35.948717948717956;36.0;36.0;1;1
273.055;0.0;0.0;0.0;35.948717948717956;35.948717948717956;36.0;36.0;1;1
273.564;0.0;0.0;0.0;35.948717948717956;35.948717948717956;36.0;36.0;1;1
274.069;0.0;0.0;0.0;35.948717948717956;35.948717948717956;36.0;36.0;1;1
274.574;0.0;0.0;0.0;35.948717948717956;35.948717948717956;36.0;36.0;1;1
275.079;0.0;0.0;0.0;35.948717948717956;35.948717948717956;36.0;36.0;1;1
275.584;0.0;0.0;0.0;35.948717948717956;35.948717948717956;36.0;36.0;1;1
276.09;0.0;0.0;0.0;35.948717948717956;35.948717948717956;36.0;36.0;1;1
276.595;0.0;0.0;0.0;35.948717948717956;35.948717948717956;36.0;36.0;1;1
277.1;0.0;0.0;0.0;35.948717948717956;35.948717948717956;36.0;36.0;1;1
277.605;0.0;0.0;0.0;35.948717948717956;35.948717948717956;36.0;36.0;1;1
278.11;0.0;0.0;0.0;35.948717948717956;35.948717948717956;36.0;36.0;1;1
278.615;0.0;0.0;0.0;35.948717948717956;35.948717948717956;36.0;36.0;1;1
279.12;0.0;0.0;0.0;35.948717948717956;35.948717948717956;36.0;36.0;1;1
279.625;0.0;0.0;0.0;35.948717948717956;36.0;36.0;36.0;1;1
280.13;0.0;0.0;0.0;35.948717948717956;36.0;36.0;36.0;1;1
280.647;0.0;0.0;0.0;35.948717948717956;35.948717948717956;36.0;36.0;1;1
281.154;0.0;0.0;0.0;35.948717948717956;35.948717948717956;36.0;36.0;1;1
281.664;0.0;0.0;0.0;35.948717948717956;35.948717948717956;36.0;36.0;1;1
282.169;0.0;0.0;0.0;35.948717948717956;35.948717948717956;36.0;36.0;1;1
282.675;0.0;0.0;0.0;35.948717948717956;35.948717948717956;36.0;36.0;1;1
283.18;0.0;0.0;0.0;35.948717948717956;35.948717948717956;36.0;36.0;1;1
283.685;0.0;0.0;0.0;35.948717948717956;35.948717948717956;36.0;36.0;1;1
284.19;0.0;0.0;0.0;35.948717948717956;35.948717948717956;36.0;36.0;1;1
284.695;0.0;0.0;0.0;35.948717948717956;35.948717948717956;36.0;36.0;1;1
285.2;0.0;0.0;0.0;35.948717948717956;35.948717948717956;36.0;36.0;1;1
285.705;0.0;0.0;0.0;36.0;35.948717948717956;36.0;36.0;1;1
286.21;0.0;0.0;0.0;36.0;35.948717948717956;36.0;36.0;1;1
286.715;0.0;0.0;0.0;35.8974358974359;35.948717948717956;36.0;36.0;1;1
287.221;0.0;0.0;0.0;35.8974358974359;35.948717948717956;36.0;36.0;1;1
287.726;0.0;0.0;0.0;35.948717948717956;35.948717948717956;36.0;36.0;1;1
288.231;0.0;0.0;0.0;35.948717948717956;35.948717948717956;36.0;36.0;1;1
288.738;0.0;0.0;0.0;35.948717948717956;35.948717948717956;36.0;36.0;1;1
289.256;0.0;0.0;0.0;35.948717948717956;35.948717948717956;36.0;36.0;1;1
289.764;0.0;0.0;0.0;35.948717948717956;35.948717948717956;36.0;36.0;1;1
290.268;0.0;0.0;0.0;35.948717948717956;35.948717948717956;36.0;36.0;1;1
290.773;0.0;0.0;0.0;35.948717948717956;35.948717948717956;36.0;36.0;1;1
291.278;0.0;0.0;0.0;35.948717948717956;35.948717948717956;36.0;36.0;1;1
291.783;0.0;0.0;0.0;35.948717948717956;36.0;36.0;36.0;1;1
292.289;0.0;0.0;0.0;35.948717948717956;36.0;36.0;36.0;1;1
292.794;0.0;0.0;0.0;35.948717948717956;35.948717948717956;36.0;36.0;1;1
293.299;0.0;0.0;0.0;35.948717948717956;35.948717948717956;36.0;36.0;1;1
293.804;0.0;0.0;0.0;35.948717948717956;35.948717948717956;36.0;36.0;1;1
294.309;0.0;0.0;0.0;35.948717948717956;35.948717948717956;36.0;36.0;1;1
294.813;0.0;0.0;0.0;35.948717948717956;35.948717948717956;36.0;36.0;1;1
295.318;0.0;0.0;0.0;35.948717948717956;35.948717948717956;36.0;36.0;1;1
295.823;0.0;0.0;0.0;35.948717948717956;35.948717948717956;36.0;36.0;1;1
296.328;0.0;0.0;0.0;35.948717948717956;35.948717948717956;36.0;36.0;1;1
296.835;0.0;0.0;0.0;35.948717948717956;35.948717948717956;36.0;36.0;1;1
297.356;0.0;0.0;0.0;35.948717948717956;35.948717948717956;36.0;36.0;1;1
297.863;0.0;0.0;0.0;35.948717948717956;35.948717948717956;36.0;36.0;1;1
298.368;0.0;0.0;0.0;35.948717948717956;35.948717948717956;36.0;36.0;1;1
298.873;0.0;0.0;0.0;35.948717948717956;35.948717948717956;36.0;36.0;1;1
299.378;0.0;0.0;0.0;35.948717948717956;35.948717948717956;36.0;36.0;1;1
299.883;0.0;0.0;0.0;35.948717948717956;35.948717948717956;36.0;36.0;1;1
300.388;0.0;0.0;0.0;35.948717948717956;35.948717948717956;36.0;36.0;1;1
300.893;0.0;0.0;0.0;35.8974358974359;35.948717948717956;36.0;36.0;1;1
301.399;0.0;0.0;0.0;35.8974358974359;35.948717948717956;36.0;36.0;1;1
301.904;0.0;0.0;0.0;35.948717948717956;35.948717948717956;36.0;36.0;1;1
302.409;0.0;0.0;0.0;35.948717948717956;35.948717948717956;36.0;36.0;1;1
302.914;0.0;0.0;0.0;35.948717948717956;35.948717948717956;36.0;36.0;1;1
303.419;0.0;0.0;0.0;35.948717948717956;35.948717948717956;36.0;36.0;1;1
303.924;0.0;0.0;0.0;36.0;36.0;36.0;36.0;1;1
304.429;0.0;0.0;0.0;36.0;36.0;36.0;36.0;1;1
304.945;0.0;0.0;0.0;35.948717948717956;35.948717948717956;36.0;36.0;1;1
305.458;0.0;0.0;0.0;35.948717948717956;35.948717948717956;36.0;36.0;1;1
305.965;0.0;0.0;0.0;35.948717948717956;35.948717948717956;36.0;36.0;1;1
306.47;0.0;0.0;0.0;35.948717948717956;35.948717948717956;36.0;36.0;1;1
306.975;0.0;0.0;0.0;35.948717948717956;36.0;36.0;36.0;1;1
307.48;0.0;0.0;0.0;35.948717948717956;36.0;36.0;36.0;1;1
307.985;0.0;0.0;0.0;35.948717948717956;35.948717948717956;36.0;36.0;1;1
308.49;0.0;0.0;0.0;35.948717948717956;35.948717948717956;36.0;36.0;1;1
308.996;0.0;0.0;0.0;35.948717948717956;35.948717948717956;36.0;36.0;1;1
309.501;0.0;0.0;0.0;35.948717948717956;35.948717948717956;36.0;36.0;1;1
310.006;0.0;0.0;0.0;35.948717948717956;35.948717948717956;36.0;36.0;1;1
310.511;0.0;0.0;0.0;35.948717948717956;35.948717948717956;36.0;36.0;1;1
311.016;0.0;0.0;0.0;35.948717948717956;35.948717948717956;36.0;36.0;1;1
311.521;0.0;0.0;0.0;35.948717948717956;35.948717948717956;36.0;36.0;1;1
312.026;0.0;0.0;0.0;35.948717948717956;35.948717948717956;36.0;36.0;1;1
312.531;0.0;0.0;0.0;35.948717948717956;35.948717948717956;36.0;36.0;1;1
313.038;0.0;0.0;0.0;35.948717948717956;35.948717948717956;36.0;36.0;1;1
313.555;0.0;0.0;0.0;35.948717948717956;35.948717948717956;36.0;36.0;1;1
314.062;0.0;0.0;0.0;35.948717948717956;35.948717948717956;36.0;36.0;1;1
314.567;0.0;0.0;0.0;35.948717948717956;35.948717948717956;36.0;36.0;1;1
315.072;0.0;0.0;0.0;35.948717948717956;35.948717948717956;36.0;36.0;1;1
315.577;0.0;0.0;0.0;35.948717948717956;35.948717948717956;36.0;36.0;1;1
316.082;0.0;0.0;0.0;35.948717948717956;35.948717948717956;36.0;36.0;1;1
316.587;0.0;0.0;0.0;35.948717948717956;35.948717948717956;36.0;36.0;1;1
317.089;0.0;0.0;0.0;35.948717948717956;35.948717948717956;36.0;36.0;1;1
317.595;0.0;0.0;0.0;35.948717948717956;35.948717948717956;36.0;36.0;1;1
318.1;0.0;0.0;0.0;35.948717948717956;35.948717948717956;36.0;36.0;1;1
318.605;0.0;0.0;0.0;35.948717948717956;35.948717948717956;36.0;36.0;1;1
319.11;0.0;0.0;0.0;35.948717948717956;35.948717948717956;36.0;36.0;1;1
319.615;0.0;0.0;0.0;35.948717948717956;35.948717948717956;36.0;36.0;1;1
320.12;0.0;0.0;0.0;35.948717948717956;35.948717948717956;36.0;36.0;1;1
320.625;0.0;0.0;0.0;35.948717948717956;35.948717948717956;36.0;36.0;1;1
321.13;0.0;0.0;0.0;35.948717948717956;35.948717948717956;36.0;36.0;1;1
321.636;0.0;0.0;0.0;35.948717948717956;35.948717948717956;36.0;36.0;1;1
322.148;0.0;0.0;0.0;35.948717948717956;35.948717948717956;36.0;36.0;1;1
322.656;0.0;0.0;0.0;35.948717948717956;35.948717948717956;36.0;36.0;1;1
323.164;0.0;0.0;0.0;35.948717948717956;35.948717948717956;36.0;36.0;1;1
323.669;0.0;0.0;0.0;35.948717948717956;35.948717948717956;36.0;36.0;1;1
324.174;0.0;0.0;0.0;35.948717948717956;35.948717948717956;36.0;36.0;1;1
324.679;0.0;0.0;0.0;35.948717948717956;35.948717948717956;36.0;36.0;1;1
325.184;0.0;0.0;0.0;35.948717948717956;35.948717948717956;36.0;36.0;1;1
325.689;0.0;0.0;0.0;35.948717948717956;35.948717948717956;36.0;36.0;1;1
326.194;0.0;0.0;0.0;35.948717948717956;35.948717948717956;36.0;36.0;1;1
326.699;0.0;0.0;0.0;35.948717948717956;35.948717948717956;36.0;36.0;1;1
327.204;0.0;0.0;0.0;35.948717948717956;35.948717948717956;36.0;36.0;1;1
327.71;0.0;0.0;0.0;35.948717948717956;35.948717948717956;36.0;36.0;1;1
328.215;0.0;0.0;0.0;35.948717948717956;35.948717948717956;36.0;36.0;1;1
328.72;0.0;0.0;0.0;35.948717948717956;35.948717948717956;36.0;36.0;1;1
329.225;0.0;0.0;0.0;35.948717948717956;35.948717948717956;36.0;36.0;1;1
329.73;0.0;0.0;0.0;35.948717948717956;35.948717948717956;36.0;36.0;1;1
330.235;0.0;0.0;0.0;35.948717948717956;35.948717948717956;36.0;36.0;1;1
330.749;0.0;0.0;0.0;36.0;35.948717948717956;36.0;36.0;1;1
331.256;0.0;0.0;0.0;36.0;35.948717948717956;36.0;36.0;1;1
331.763;0.0;0.0;0.0;35.948717948717956;35.948717948717956;36.0;36.0;1;1
332.268;0.0;0.0;0.0;35.948717948717956;35.948717948717956;36.0;36.0;1;1
332.773;0.0;0.0;0.0;35.948717948717956;35.948717948717956;36.0;36.0;1;1
333.278;0.0;0.0;0.0;35.948717948717956;35.948717948717956;36.0;36.0;1;1
333.783;0.0;0.0;0.0;35.948717948717956;35.948717948717956;36.0;36.0;1;1
334.288;0.0;0.0;0.0;35.948717948717956;35.948717948717956;36.0;36.0;1;1
334.793;0.0;0.0;0.0;35.948717948717956;35.948717948717956;36.0;36.0;1;1
335.298;0.0;0.0;0.0;35.948717948717956;35.948717948717956;36.0;36.0;1;1
335.804;0.0;0.0;0.0;35.948717948717956;35.948717948717956;36.0;36.0;1;1
336.309;0.0;0.0;0.0;35.948717948717956;35.948717948717956;36.0;36.0;1;1
336.814;0.0;0.0;0.0;35.948717948717956;35.948717948717956;36.0;36.0;1;1
337.319;0.0;0.0;0.0;35.948717948717956;35.948717948717956;36.0;36.0;1;1
337.824;0.0;0.0;0.0;35.948717948717956;35.948717948717956;36.0;36.0;1;1
338.329;0.0;0.0;0.0;35.948717948717956;35.948717948717956;36.0;36.0;1;1
338.846;0.0;0.0;0.0;35.948717948717956;35.948717948717956;36.0;36.0;1;1
339.357;0.0;0.0;0.0;35.948717948717956;35.948717948717956;36.0;36.0;1;1
339.864;0.0;0.0;0.0;35.948717948717956;35.948717948717956;36.0;36.0;1;1
340.37;0.0;0.0;0.0;35.948717948717956;35.948717948717956;36.0;36.0;1;1
340.875;0.0;0.0;0.0;35.948717948717956;35.948717948717956;36.0;36.0;1;1
341.38;0.0;0.0;0.0;35.948717948717956;35.948717948717956;36.0;36.0;1;1
341.885;0.0;0.0;0.0;35.948717948717956;35.948717948717956;36.0;36.0;1;1
342.39;0.0;0.0;0.0;35.948717948717956;35.948717948717956;36.0;36.0;1;1
342.895;0.0;0.0;0.0;36.0;35.948717948717956;36.0;36.0;1;1
343.4;0.0;0.0;0.0;36.0;35.948717948717956;36.0;36.0;1;1
343.906;0.0;0.0;0.0;35.948717948717956;35.948717948717956;36.0;36.0;1;1
344.406;0.0;0.0;0.0;35.948717948717956;35.948717948717956;36.0;36.0;1;1
344.911;0.0;0.0;0.0;36.0;35.948717948717956;36.0;36.0;1;1
345.416;0.0;0.0;0.0;36.0;35.948717948717956;36.0;36.0;1;1
345.922;0.0;0.0;0.0;35.948717948717956;36.0;36.0;36.0;1;1
346.427;0.0;0.0;0.0;35.948717948717956;36.0;36.0;36.0;1;1
346.932;0.0;0.0;0.0;35.948717948717956;35.948717948717956;36.0;36.0;1;1
347.441;0.0;0.0;0.0;35.948717948717956;35.948717948717956;36.0;36.0;1;1
347.957;0.0;0.0;0.0;35.948717948717956;35.948717948717956;36.0;36.0;1;1
348.464;0.0;0.0;0.0;35.948717948717956;35.948717948717956;36.0;36.0;1;1
348.97;0.0;0.0;0.0;35.948717948717956;35.948717948717956;36.0;36.0;1;1
349.475;0.0;0.0;0.0;35.948717948717956;35.948717948717956;36.0;36.0;1;1
349.98;0.0;0.0;0.0;35.948717948717956;35.948717948717956;36.0;36.0;1;1
350.485;0.0;0.0;0.0;35.948717948717956;35.948717948717956;36.0;36.0;1;1
350.99;0.0;0.0;0.0;35.948717948717956;35.948717948717956;36.0;36.0;1;1
351.495;0.0;0.0;0.0;35.948717948717956;35.948717948717956;36.0;36.0;1;1
352.0;0.0;0.0;0.0;35.948717948717956;35.948717948717956;36.0;36.0;1;1
352.505;0.0;0.0;0.0;35.948717948717956;35.948717948717956;36.0;36.0;1;1
353.01;0.0;0.0;0.0;36.0;35.948717948717956;36.0;36.0;1;1
353.515;0.0;0.0;0.0;36.0;35.948717948717956;36.0;36.0;1;1
354.021;0.0;0.0;0.0;35.948717948717956;35.948717948717956;36.0;36.0;1;1
354.526;0.0;0.0;0.0;35.948717948717956;35.948717948717956;36.0;36.0;1;1
355.03;0.0;0.0;0.0;35.948717948717956;35.948717948717956;36.0;36.0;1;1
355.546;0.0;0.0;0.0;35.948717948717956;35.948717948717956;36.0;36.0;1;1
356.056;0.0;0.0;0.0;36.0;35.948717948717956;36.0;36.0;1;1
356.563;0.0;0.0;0.0;36.0;35.948717948717956;36.0;36.0;1;1
357.068;0.0;0.0;0.0;35.948717948717956;36.0;36.0;36.0;1;1
357.573;0.0;0.0;0.0;35.948717948717956;36.0;36.0;36.0;1;1
358.078;0.0;0.0;0.0;36.0;36.0;36.0;36.0;1;1
358.583;0.0;0.0;0.0;36.0;36.0;36.0;36.0;1;1
359.089;0.0;0.0;0.0;35.948717948717956;35.948717948717956;36.0;36.0;1;1
359.594;0.0;0.0;0.0;35.948717948717956;35.948717948717956;36.0;36.0;1;1
360.099;0.0;0.0;0.0;35.948717948717956;35.948717948717956;36.0;36.0;1;1
360.604;0.0;0.0;0.0;35.948717948717956;35.948717948717956;36.0;36.0;1;1
361.109;0.0;0.0;0.0;35.948717948717956;35.948717948717956;36.0;36.0;1;1
361.614;0.0;0.0;0.0;35.948717948717956;35.948717948717956;36.0;36.0;1;1
362.119;0.0;0.0;0.0;35.948717948717956;35.948717948717956;36.0;36.0;1;1
362.624;0.0;0.0;0.0;35.948717948717956;35.948717948717956;36.0;36.0;1;1
363.129;0.0;0.0;0.0;36.0;35.948717948717956;36.0;36.0;1;1
363.636;0.0;0.0;0.0;36.0;35.948717948717956;36.0;36.0;1;1
364.157;0.0;0.0;0.0;36.0;35.948717948717956;36.0;36.0;1;1
364.666;0.0;0.0;0.0;36.0;35.948717948717956;36.0;36.0;1;1
365.171;0.0;0.0;0.0;36.0;35.948717948717956;36.0;36.0;1;1
365.676;0.0;0.0;0.0;36.0;35.948717948717956;36.0;36.0;1;1
366.181;0.0;0.0;0.0;35.948717948717956;35.948717948717956;36.0;36.0;1;1
366.686;0.0;0.0;0.0;35.948717948717956;35.948717948717956;36.0;36.0;1;1
367.191;0.0;0.0;0.0;35.948717948717956;35.948717948717956;36.0;36.0;1;1
367.696;0.0;0.0;0.0;35.948717948717956;35.948717948717956;36.0;36.0;1;1
368.201;0.0;0.0;0.0;35.948717948717956;35.948717948717956;36.0;36.0;1;1
368.706;0.0;0.0;0.0;35.948717948717956;35.948717948717956;36.0;36.0;1;1
369.212;0.0;0.0;0.0;36.0;35.948717948717956;36.0;36.0;1;1
369.717;0.0;0.0;0.0;36.0;35.948717948717956;36.0;36.0;1;1
370.222;0.0;0.0;0.0;35.948717948717956;35.948717948717956;36.0;36.0;1;1
370.727;0.0;0.0;0.0;35.948717948717956;35.948717948717956;36.0;36.0;1;1
371.232;0.0;0.0;0.0;35.948717948717956;35.948717948717956;36.0;36.0;1;1
371.746;0.0;0.0;0.0;35.948717948717956;35.948717948717956;36.0;36.0;1;1
372.256;0.0;0.0;0.0;36.0;35.948717948717956;36.0;36.0;1;1
372.764;0.0;0.0;0.0;36.0;35.948717948717956;36.0;36.0;1;1
373.269;0.0;0.0;0.0;35.948717948717956;35.948717948717956;36.0;36.0;1;1
373.774;0.0;0.0;0.0;35.948717948717956;35.948717948717956;36.0;36.0;1;1
374.279;0.0;0.0;0.0;35.948717948717956;35.948717948717956;36.0;36.0;1;1
374.784;0.0;0.0;0.0;35.948717948717956;35.948717948717956;36.0;36.0;1;1
375.289;0.0;0.0;0.0;35.948717948717956;35.948717948717956;36.0;36.0;1;1
375.794;0.0;0.0;0.0;35.948717948717956;35.948717948717956;36.0;36.0;1;1
376.299;0.0;0.0;0.0;36.0;35.948717948717956;36.0;36.0;1;1
376.804;0.0;0.0;0.0;35.948717948717956;35.948717948717956;36.0;36.0;1;1
377.31;0.0;0.0;0.0;35.948717948717956;35.948717948717956;36.0;36.0;1;1
377.815;0.0;0.0;0.0;35.948717948717956;35.948717948717956;36.0;36.0;1;1
378.32;0.0;0.0;0.0;35.948717948717956;35.948717948717956;36.0;36.0;1;1
378.825;0.0;0.0;0.0;35.948717948717956;35.948717948717956;36.0;36.0;1;1
379.33;0.0;0.0;0.0;35.948717948717956;35.948717948717956;36.0;36.0;1;1
379.842;0.0;0.0;0.0;36.0;35.948717948717956;36.0;36.0;1;1
380.358;0.0;0.0;0.0;36.0;35.948717948717956;36.0;36.0;1;1
380.864;0.0;0.0;0.0;35.948717948717956;35.948717948717956;36.0;36.0;1;1
381.369;0.0;0.0;0.0;35.948717948717956;35.948717948717956;36.0;36.0;1;1
381.87;0.0;0.0;0.0;35.948717948717956;35.948717948717956;36.0;36.0;1;1
382.375;0.0;0.0;0.0;35.948717948717956;35.948717948717956;36.0;36.0;1;1
382.88;0.0;0.0;0.0;35.948717948717956;35.948717948717956;36.0;36.0;1;1
383.385;0.0;0.0;0.0;35.948717948717956;35.948717948717956;36.0;36.0;1;1
383.89;0.0;0.0;0.0;35.948717948717956;35.948717948717956;36.0;36.0;1;1
384.391;0.0;0.0;0.0;35.948717948717956;35.948717948717956;36.0;36.0;1;1
384.896;0.0;0.0;0.0;35.948717948717956;35.948717948717956;36.0;36.0;1;1
385.401;0.0;0.0;0.0;35.948717948717956;35.948717948717956;36.0;36.0;1;1
385.906;0.0;0.0;0.0;36.0;35.948717948717956;36.0;36.0;1;1
386.411;0.0;0.0;0.0;36.0;35.948717948717956;36.0;36.0;1;1
386.916;0.0;0.0;0.0;35.948717948717956;35.948717948717956;36.0;36.0;1;1
387.421;0.0;0.0;0.0;35.948717948717956;35.948717948717956;36.0;36.0;1;1
387.926;0.0;0.0;0.0;35.948717948717956;35.948717948717956;36.0;36.0;1;1
388.432;0.0;0.0;0.0;35.948717948717956;35.948717948717956;36.0;36.0;1;1
388.946;0.0;0.0;0.0;35.948717948717956;35.948717948717956;36.0;36.0;1;1
389.456;0.0;0.0;0.0;35.948717948717956;35.948717948717956;36.0;36.0;1;1
389.963;0.0;0.0;0.0;35.948717948717956;35.948717948717956;36.0;36.0;1;1
390.468;0.0;0.0;0.0;35.948717948717956;35.948717948717956;36.0;36.0;1;1
390.969;0.0;0.0;0.0;35.948717948717956;35.948717948717956;36.0;36.0;1;1
391.474;0.0;0.0;0.0;35.948717948717956;35.948717948717956;36.0;36.0;1;1
391.979;0.0;0.0;0.0;35.948717948717956;35.948717948717956;36.0;36.0;1;1
392.484;0.0;0.0;0.0;35.948717948717956;35.948717948717956;36.0;36.0;1;1
392.989;0.0;0.0;0.0;35.948717948717956;35.948717948717956;36.0;36.0;1;1
393.494;0.0;0.0;0.0;35.948717948717956;35.948717948717956;36.0;36.0;1;1
393.999;0.0;0.0;0.0;35.948717948717956;35.948717948717956;36.0;36.0;1;1
394.505;0.0;0.0;0.0;35.948717948717956;35.948717948717956;36.0;36.0;1;1
395.01;0.0;0.0;0.0;35.948717948717956;35.948717948717956;36.0;36.0;1;1
395.515;0.0;0.0;0.0;35.948717948717956;35.948717948717956;36.0;36.0;1;1
396.02;0.0;0.0;0.0;35.948717948717956;35.948717948717956;36.0;36.0;1;1
396.525;0.0;0.0;0.0;35.948717948717956;35.948717948717956;36.0;36.0;1;1
397.03;0.0;0.0;0.0;36.0;35.948717948717956;36.0;36.0;1;1
397.538;0.0;0.0;0.0;36.0;35.948717948717956;36.0;36.0;1;1
398.047;0.0;0.0;0.0;35.948717948717956;35.948717948717956;36.0;36.0;1;1
398.574;0.0;0.0;0.0;35.948717948717956;35.948717948717956;36.0;36.0;1;1
399.082;0.0;0.0;0.0;36.0;35.948717948717956;36.0;36.0;1;1
399.588;0.0;0.0;0.0;36.0;35.948717948717956;36.0;36.0;1;1
400.093;0.0;0.0;0.0;35.948717948717956;35.948717948717956;36.0;36.0;1;1
400.598;0.0;0.0;0.0;35.948717948717956;35.948717948717956;36.0;36.0;1;1
401.103;0.0;0.0;0.0;36.0;35.948717948717956;36.0;36.0;1;1
401.608;0.0;0.0;0.0;36.0;35.948717948717956;36.0;36.0;1;1
402.113;0.0;0.0;0.0;35.948717948717956;35.948717948717956;36.0;36.0;1;1
402.618;0.0;0.0;0.0;35.948717948717956;35.948717948717956;36.0;36.0;1;1
403.123;0.0;0.0;0.0;35.948717948717956;35.948717948717956;36.0;36.0;1;1
403.628;0.0;0.0;0.0;35.948717948717956;35.948717948717956;36.0;36.0;1;1
404.147;0.0;0.0;0.0;35.948717948717956;35.948717948717956;36.0;36.0;1;1
404.656;0.0;0.0;0.0;35.948717948717956;35.948717948717956;36.0;36.0;1;1
405.163;0.0;0.0;0.0;35.948717948717956;35.948717948717956;36.0;36.0;1;1
405.67;0.0;0.0;0.0;35.948717948717956;35.948717948717956;36.0;36.0;1;1
406.175;0.0;0.0;0.0;35.948717948717956;35.948717948717956;36.0;36.0;1;1
406.68;0.0;0.0;0.0;35.948717948717956;35.948717948717956;36.0;36.0;1;1
407.181;0.0;0.0;0.0;36.0;35.948717948717956;36.0;36.0;1;1
407.686;0.0;0.0;0.0;36.0;35.948717948717956;36.0;36.0;1;1
408.191;0.0;0.0;0.0;35.948717948717956;35.948717948717956;36.0;36.0;1;1
408.697;0.0;0.0;0.0;35.948717948717956;35.948717948717956;36.0;36.0;1;1
409.202;0.0;0.0;0.0;35.948717948717956;35.948717948717956;36.0;36.0;1;1
409.707;0.0;0.0;0.0;35.948717948717956;35.948717948717956;36.0;36.0;1;1
410.212;0.0;0.0;0.0;35.948717948717956;35.948717948717956;36.0;36.0;1;1
410.717;0.0;0.0;0.0;35.948717948717956;35.948717948717956;36.0;36.0;1;1
411.222;0.0;0.0;0.0;36.0;35.948717948717956;36.0;36.0;1;1
411.727;0.0;0.0;0.0;36.0;35.948717948717956;36.0;36.0;1;1
412.244;0.0;0.0;0.0;35.948717948717956;35.948717948717956;36.0;36.0;1;1
412.756;0.0;0.0;0.0;35.948717948717956;35.948717948717956;36.0;36.0;1;1
413.264;0.0;0.0;0.0;35.948717948717956;36.0;36.0;36.0;1;1
413.769;0.0;0.0;0.0;35.948717948717956;36.0;36.0;36.0;1;1
414.274;0.0;0.0;0.0;35.948717948717956;35.948717948717956;36.0;36.0;1;1
414.779;0.0;0.0;0.0;35.948717948717956;35.948717948717956;36.0;36.0;1;1
415.285;0.0;0.0;0.0;35.948717948717956;36.0;36.0;36.0;1;1
415.79;0.0;0.0;0.0;35.948717948717956;36.0;36.0;36.0;1;1
416.295;0.0;0.0;0.0;35.948717948717956;35.948717948717956;36.0;36.0;1;1
416.8;0.0;0.0;0.0;35.948717948717956;35.948717948717956;36.0;36.0;1;1
417.305;0.0;0.0;0.0;36.0;35.948717948717956;36.0;36.0;1;1
417.81;0.0;0.0;0.0;36.0;35.948717948717956;36.0;36.0;1;1
418.315;0.0;0.0;0.0;36.0;35.948717948717956;36.0;36.0;1;1
418.82;0.0;0.0;0.0;36.0;35.948717948717956;36.0;36.0;1;1
419.326;0.0;0.0;0.0;35.948717948717956;35.948717948717956;36.0;36.0;1;1
419.831;0.0;0.0;0.0;35.948717948717956;35.948717948717956;36.0;36.0;1;1
420.341;0.0;0.0;0.0;35.948717948717956;36.0;36.0;36.0;1;1
420.856;0.0;0.0;0.0;35.948717948717956;36.0;36.0;36.0;1;1
421.366;0.0;0.0;0.0;35.948717948717956;35.948717948717956;36.0;36.0;1;1
421.871;0.0;0.0;0.0;35.948717948717956;35.948717948717956;36.0;36.0;1;1
422.376;0.0;0.0;0.0;35.948717948717956;35.948717948717956;36.0;36.0;1;1
422.881;0.0;0.0;0.0;35.948717948717956;35.948717948717956;36.0;36.0;1;1
423.386;0.0;0.0;0.0;36.0;36.0;36.0;36.0;1;1
423.892;0.0;0.0;0.0;35.948717948717956;35.948717948717956;36.0;36.0;1;1
424.397;0.0;0.0;0.0;35.948717948717956;35.948717948717956;36.0;36.0;1;1
424.902;0.0;0.0;0.0;35.948717948717956;35.948717948717956;36.0;36.0;1;1
425.407;0.0;0.0;0.0;35.948717948717956;35.948717948717956;36.0;36.0;1;1
425.912;0.0;0.0;0.0;35.948717948717956;35.948717948717956;36.0;36.0;1;1
426.417;0.0;0.0;0.0;35.948717948717956;35.948717948717956;36.0;36.0;1;1
426.922;0.0;0.0;0.0;35.948717948717956;35.948717948717956;36.0;36.0;1;1
427.427;0.0;0.0;0.0;35.948717948717956;35.948717948717956;36.0;36.0;1;1
427.937;0.0;0.0;0.0;35.948717948717956;35.948717948717956;36.0;36.0;1;1
428.455;0.0;0.0;0.0;35.948717948717956;35.948717948717956;36.0;36.0;1;1
428.958;0.0;0.0;0.0;35.948717948717956;35.948717948717956;36.0;36.0;1;1
429.465;0.0;0.0;0.0;35.948717948717956;35.948717948717956;36.0;36.0;1;1
429.971;0.0;0.0;0.0;35.948717948717956;36.0;36.0;36.0;1;1
430.476;0.0;0.0;0.0;35.948717948717956;36.0;36.0;36.0;1;1
430.981;0.0;0.0;0.0;35.948717948717956;35.948717948717956;36.0;36.0;1;1
431.486;0.0;0.0;0.0;35.948717948717956;35.948717948717956;36.0;36.0;1;1
431.991;0.0;0.0;0.0;35.948717948717956;36.0;36.0;36.0;1;1
432.496;0.0;0.0;0.0;35.948717948717956;36.0;36.0;36.0;1;1
433.001;0.0;0.0;0.0;35.948717948717956;36.0;36.0;36.0;1;1
433.506;0.0;0.0;0.0;35.948717948717956;36.0;36.0;36.0;1;1
434.011;0.0;0.0;0.0;35.948717948717956;36.0;36.0;36.0;1;1
434.517;0.0;0.0;0.0;35.948717948717956;36.0;36.0;36.0;1;1
435.022;0.0;0.0;0.0;35.948717948717956;36.0;36.0;36.0;1;1
435.527;0.0;0.0;0.0;35.948717948717956;36.0;36.0;36.0;1;1
436.032;0.0;0.0;0.0;35.948717948717956;35.948717948717956;36.0;36.0;1;1
436.541;0.0;0.0;0.0;35.948717948717956;35.948717948717956;36.0;36.0;1;1
437.049;0.0;0.0;0.0;35.948717948717956;35.948717948717956;36.0;36.0;1;1
437.554;0.0;0.0;0.0;35.948717948717956;35.948717948717956;36.0;36.0;1;1
438.065;0.0;0.0;0.0;36.0;35.948717948717956;36.0;36.0;1;1
438.57;0.0;0.0;0.0;36.0;35.948717948717956;36.0;36.0;1;1
439.076;0.0;0.0;0.0;36.0;36.0;36.0;36.0;1;1
439.577;0.0;0.0;0.0;36.0;36.0;36.0;36.0;1;1
440.083;0.0;0.0;0.0;35.948717948717956;35.948717948717956;36.0;36.0;1;1
440.588;0.0;0.0;0.0;35.948717948717956;35.948717948717956;36.0;36.0;1;1
441.093;0.0;0.0;0.0;35.948717948717956;35.948717948717956;36.0;36.0;1;1
441.598;0.0;0.0;0.0;35.948717948717956;35.948717948717956;36.0;36.0;1;1
442.103;0.0;0.0;0.0;36.0;35.948717948717956;36.0;36.0;1;1
442.608;0.0;0.0;0.0;36.0;35.948717948717956;36.0;36.0;1;1
443.113;0.0;0.0;0.0;35.948717948717956;35.948717948717956;36.0;36.0;1;1
443.618;0.0;0.0;0.0;35.948717948717956;35.948717948717956;36.0;36.0;1;1
444.123;0.0;0.0;0.0;35.948717948717956;35.948717948717956;36.0;36.0;1;1
444.628;0.0;0.0;0.0;35.948717948717956;35.948717948717956;36.0;36.0;1;1
445.142;0.0;0.0;0.0;35.948717948717956;35.948717948717956;36.0;36.0;1;1
445.653;0.0;0.0;0.0;35.948717948717956;35.948717948717956;36.0;36.0;1;1
446.166;0.0;0.0;0.0;35.948717948717956;36.0;36.0;36.0;1;1
446.671;0.0;0.0;0.0;35.948717948717956;36.0;36.0;36.0;1;1
447.176;0.0;0.0;0.0;35.948717948717956;36.0;36.0;36.0;1;1
447.681;0.0;0.0;0.0;35.948717948717956;36.0;36.0;36.0;1;1
448.186;0.0;0.0;0.0;35.948717948717956;35.948717948717956;36.0;36.0;1;1
448.691;0.0;0.0;0.0;35.948717948717956;35.948717948717956;36.0;36.0;1;1
449.196;0.0;0.0;0.0;35.948717948717956;35.948717948717956;36.0;36.0;1;1
449.701;0.0;0.0;0.0;35.948717948717956;35.948717948717956;36.0;36.0;1;1
450.207;0.0;0.0;0.0;35.948717948717956;35.948717948717956;36.0;36.0;1;1
450.712;0.0;0.0;0.0;35.948717948717956;35.948717948717956;36.0;36.0;1;1
451.217;0.0;0.0;0.0;35.948717948717956;35.948717948717956;36.0;36.0;1;1
451.722;0.0;0.0;0.0;35.948717948717956;35.948717948717956;36.0;36.0;1;1
452.227;0.0;0.0;0.0;35.948717948717956;36.0;36.0;36.0;1;1
452.734;0.0;0.0;0.0;35.948717948717956;36.0;36.0;36.0;1;1
453.246;0.0;0.0;0.0;36.0;35.948717948717956;36.0;36.0;1;1
453.755;0.0;0.0;0.0;36.0;35.948717948717956;36.0;36.0;1;1
454.265;0.0;0.0;0.0;36.0;35.948717948717956;36.0;36.0;1;1
454.77;0.0;0.0;0.0;36.0;35.948717948717956;36.0;36.0;1;1
455.275;0.0;0.0;0.0;35.948717948717956;35.948717948717956;36.0;36.0;1;1
455.78;0.0;0.0;0.0;35.948717948717956;35.948717948717956;36.0;36.0;1;1
456.285;0.0;0.0;0.0;35.948717948717956;35.948717948717956;36.0;36.0;1;1
456.791;0.0;0.0;0.0;35.948717948717956;35.948717948717956;36.0;36.0;1;1
457.296;0.0;0.0;0.0;35.948717948717956;36.0;36.0;36.0;1;1
457.801;0.0;0.0;0.0;35.948717948717956;36.0;36.0;36.0;1;1
458.306;0.0;0.0;0.0;35.948717948717956;36.0;36.0;36.0;1;1
458.811;0.0;0.0;0.0;35.948717948717956;36.0;36.0;36.0;1;1
459.316;0.0;0.0;0.0;35.948717948717956;35.948717948717956;36.0;36.0;1;1
459.821;0.0;0.0;0.0;35.948717948717956;35.948717948717956;36.0;36.0;1;1
460.327;0.0;0.0;0.0;35.948717948717956;36.0;36.0;36.0;1;1
460.832;0.0;0.0;0.0;35.948717948717956;36.0;36.0;36.0;1;1
461.34;0.0;0.0;0.0;35.948717948717956;35.948717948717956;36.0;36.0;1;1
461.85;0.0;0.0;0.0;35.948717948717956;35.948717948717956;36.0;36.0;1;1
462.356;0.0;0.0;0.0;35.948717948717956;35.948717948717956;36.0;36.0;1;1
462.866;0.0;0.0;0.0;35.948717948717956;35.948717948717956;36.0;36.0;1;1
463.374;0.0;0.0;0.0;36.0;35.948717948717956;36.0;36.0;1;1
463.879;0.0;0.0;0.0;36.0;35.948717948717956;36.0;36.0;1;1
464.384;0.0;0.0;0.0;35.948717948717956;35.948717948717956;36.0;36.0;1;1
464.889;0.0;0.0;0.0;35.948717948717956;35.948717948717956;36.0;36.0;1;1
465.394;0.0;0.0;0.0;36.0;35.948717948717956;36.0;36.0;1;1
465.899;0.0;0.0;0.0;36.0;35.948717948717956;36.0;36.0;1;1
466.405;0.0;0.0;0.0;36.0;36.0;36.0;36.0;1;1
466.91;0.0;0.0;0.0;36.0;36.0;36.0;36.0;1;1
467.415;0.0;0.0;0.0;35.948717948717956;35.948717948717956;36.0;36.0;1;1
467.92;0.0;0.0;0.0;35.948717948717956;35.948717948717956;36.0;36.0;1;1
468.425;0.0;0.0;0.0;35.948717948717956;36.0;36.0;36.0;1;1
468.93;0.0;0.0;0.0;35.948717948717956;36.0;36.0;36.0;1;1
469.446;0.0;0.0;0.0;36.0;35.948717948717956;36.0;36.0;1;1
469.955;0.0;0.0;0.0;36.0;35.948717948717956;36.0;36.0;1;1
470.467;0.0;0.0;0.0;35.948717948717956;35.948717948717956;36.0;36.0;1;1
470.972;0.0;0.0;0.0;35.948717948717956;35.948717948717956;36.0;36.0;1;1
471.477;0.0;0.0;0.0;36.0;36.0;36.0;36.0;1;1
471.982;0.0;0.0;0.0;36.0;36.0;36.0;36.0;1;1
472.488;0.0;0.0;0.0;36.0;36.0;36.0;36.0;1;1
472.993;0.0;0.0;0.0;36.0;36.0;36.0;36.0;1;1
473.498;0.0;0.0;0.0;36.0;35.948717948717956;36.0;36.0;1;1
474.003;0.0;0.0;0.0;36.0;35.948717948717956;36.0;36.0;1;1
474.508;0.0;0.0;0.0;35.948717948717956;35.948717948717956;36.0;36.0;1;1
475.013;0.0;0.0;0.0;35.948717948717956;35.948717948717956;36.0;36.0;1;1
475.518;0.0;0.0;0.0;36.0;36.0;36.0;36.0;1;1
476.024;0.0;0.0;0.0;36.0;36.0;36.0;36.0;1;1
476.529;0.0;0.0;0.0;35.948717948717956;35.948717948717956;36.0;36.0;1;1
477.037;0.0;0.0;0.0;35.948717948717956;35.948717948717956;36.0;36.0;1;1
477.554;0.0;0.0;0.0;36.0;35.948717948717956;36.0;36.0;1;1
478.067;0.0;0.0;0.0;35.948717948717956;36.0;36.0;36.0;1;1
478.572;0.0;0.0;0.0;35.948717948717956;36.0;36.0;36.0;1;1
479.077;0.0;0.0;0.0;35.948717948717956;36.0;36.0;36.0;1;1
479.582;0.0;0.0;0.0;35.948717948717956;36.0;36.0;36.0;1;1
480.087;0.0;0.0;0.0;36.0;35.948717948717956;36.0;36.0;1;1
480.592;0.0;0.0;0.0;36.0;35.948717948717956;36.0;36.0;1;1
481.097;0.0;0.0;0.0;35.948717948717956;35.948717948717956;36.0;36.0;1;1
481.602;0.0;0.0;0.0;35.948717948717956;35.948717948717956;36.0;36.0;1;1
482.108;0.0;0.0;0.0;36.0;36.0;36.0;36.0;1;1
482.618;0.0;0.0;0.0;36.0;36.0;36.0;36.0;1;1
483.128;0.0;0.0;0.0;36.0;35.948717948717956;36.0;36.0;1;1
483.646;0.0;0.0;0.0;36.0;35.948717948717956;36.0;36.0;1;1
484.157;0.0;0.0;0.0;36.0;36.0;36.0;36.0;1;1
484.668;0.0;0.0;0.0;36.0;36.0;36.0;36.0;1;1
485.175;0.0;0.0;0.0;35.948717948717956;35.948717948717956;36.0;36.0;1;1
485.685;0.0;0.0;0.0;35.948717948717956;35.948717948717956;36.0;36.0;1;1
486.195;0.0;0.0;0.0;36.0;35.948717948717956;36.0;36.0;1;1
486.705;0.0;0.0;0.0;36.0;35.948717948717956;36.0;36.0;1;1
487.215;0.0;0.0;0.0;35.948717948717956;35.948717948717956;36.0;36.0;1;1
487.717;0.0;0.0;0.0;35.948717948717956;35.948717948717956;36.0;36.0;1;1
488.227;0.0;0.0;0.0;35.948717948717956;35.948717948717956;36.0;36.0;1;1
488.747;0.0;0.0;0.0;35.948717948717956;35.948717948717956;36.0;36.0;1;1
489.257;0.0;0.0;0.0;36.0;35.948717948717956;36.0;36.0;1;1
489.767;0.0;0.0;0.0;36.0;35.948717948717956;36.0;36.0;1;1
490.277;0.0;0.0;0.0;35.948717948717956;36.0;36.0;36.0;1;1
490.787;0.0;0.0;0.0;35.948717948717956;36.0;36.0;36.0;1;1
491.297;0.0;0.0;0.0;35.948717948717956;35.948717948717956;36.0;36.0;1;1
491.808;0.0;0.0;0.0;35.948717948717956;35.948717948717956;36.0;36.0;1;1
492.318;0.0;0.0;0.0;35.948717948717956;36.0;36.0;36.0;1;1
492.828;0.0;0.0;0.0;35.948717948717956;36.0;36.0;36.0;1;1
493.345;0.0;0.0;0.0;35.948717948717956;35.948717948717956;36.0;36.0;1;1
493.855;0.0;0.0;0.0;35.948717948717956;35.948717948717956;36.0;36.0;1;1
494.367;0.0;0.0;0.0;35.948717948717956;35.948717948717956;36.0;36.0;1;1
494.878;0.0;0.0;0.0;35.948717948717956;35.948717948717956;36.0;36.0;1;1
495.388;0.0;0.0;0.0;35.948717948717956;35.948717948717956;36.0;36.0;1;1
495.898;0.0;0.0;0.0;35.948717948717956;35.948717948717956;36.0;36.0;1;1
496.408;0.0;0.0;0.0;36.0;35.948717948717956;36.0;36.0;1;1
496.918;0.0;0.0;0.0;36.0;35.948717948717956;36.0;36.0;1;1
497.428;0.0;0.0;0.0;35.948717948717956;35.948717948717956;36.0;36.0;1;1
497.94;0.0;0.0;0.0;35.948717948717956;35.948717948717956;36.0;36.0;1;1
498.455;0.0;0.0;0.0;35.948717948717956;36.0;36.0;36.0;1;1
498.969;0.0;0.0;0.0;35.948717948717956;36.0;36.0;36.0;1;1
499.479;0.0;0.0;0.0;36.0;35.948717948717956;36.0;36.0;1;1
499.989;0.0;0.0;0.0;36.0;35.948717948717956;36.0;36.0;1;1
500.499;0.0;0.0;0.0;36.0;35.948717948717956;36.0;36.0;1;1
501.009;0.0;0.0;0.0;36.0;35.948717948717956;36.0;36.0;1;1
501.519;0.0;0.0;0.0;35.948717948717956;35.948717948717956;36.0;36.0;1;1
502.029;0.0;0.0;0.0;35.948717948717956;35.948717948717956;36.0;36.0;1;1
502.546;0.0;0.0;0.0;36.0;35.948717948717956;36.0;36.0;1;1
503.057;0.0;0.0;0.0;36.0;35.948717948717956;36.0;36.0;1;1
503.569;0.0;0.0;0.0;35.948717948717956;35.948717948717956;36.0;36.0;1;1
504.079;0.0;0.0;0.0;36.0;35.948717948717956;36.0;36.0;1;1
504.589;0.0;0.0;0.0;36.0;35.948717948717956;36.0;36.0;1;1
505.099;0.0;0.0;0.0;36.0;35.948717948717956;36.0;36.0;1;1
505.609;0.0;0.0;0.0;35.948717948717956;35.948717948717956;36.0;36.0;1;1
506.119;0.0;0.0;0.0;35.948717948717956;35.948717948717956;36.0;36.0;1;1
506.629;0.0;0.0;0.0;35.948717948717956;35.948717948717956;36.0;36.0;1;1
507.146;0.0;0.0;0.0;35.948717948717956;35.948717948717956;36.0;36.0;1;1
507.657;0.0;0.0;0.0;36.0;35.948717948717956;36.0;36.0;1;1
508.17;0.0;0.0;0.0;36.0;35.948717948717956;36.0;36.0;1;1
508.68;0.0;0.0;0.0;35.948717948717956;35.948717948717956;36.0;36.0;1;1
509.19;0.0;0.0;0.0;35.948717948717956;35.948717948717956;36.0;36.0;1;1
509.7;0.0;0.0;0.0;35.948717948717956;35.948717948717956;36.0;36.0;1;1
510.21;0.0;0.0;0.0;35.948717948717956;35.948717948717956;36.0;36.0;1;1
510.719;0.0;0.0;0.0;35.948717948717956;35.948717948717956;36.0;36.0;1;1
511.22;0.0;0.0;0.0;35.948717948717956;35.948717948717956;36.0;36.0;1;1
511.73;0.0;0.0;0.0;35.948717948717956;35.948717948717956;36.0;36.0;1;1
512.246;0.0;0.0;0.0;36.0;35.948717948717956;36.0;36.0;1;1
512.756;0.0;0.0;0.0;36.0;35.948717948717956;36.0;36.0;1;1
513.268;0.0;0.0;0.0;35.948717948717956;35.948717948717956;36.0;36.0;1;1
513.779;0.0;0.0;0.0;35.948717948717956;35.948717948717956;36.0;36.0;1;1
514.289;0.0;0.0;0.0;36.0;35.948717948717956;36.0;36.0;1;1
514.799;0.0;0.0;0.0;36.0;35.948717948717956;36.0;36.0;1;1
515.31;0.0;0.0;0.0;35.948717948717956;35.948717948717956;36.0;36.0;1;1
515.82;0.0;0.0;0.0;35.948717948717956;35.948717948717956;36.0;36.0;1;1
516.33;0.0;0.0;0.0;36.0;35.948717948717956;36.0;36.0;1;1
516.845;0.0;0.0;0.0;36.0;35.948717948717956;36.0;36.0;1;1
517.348;0.0;0.0;0.0;35.948717948717956;36.0;36.0;36.0;1;1
517.868;0.0;0.0;0.0;35.948717948717956;36.0;36.0;36.0;1;1
518.378;0.0;0.0;0.0;35.948717948717956;35.948717948717956;36.0;36.0;1;1
518.888;0.0;0.0;0.0;35.948717948717956;35.948717948717956;36.0;36.0;1;1
519.398;0.0;0.0;0.0;35.948717948717956;35.948717948717956;36.0;36.0;1;1
519.908;0.0;0.0;0.0;35.948717948717956;35.948717948717956;36.0;36.0;1;1
520.418;0.0;0.0;0.0;35.948717948717956;36.0;36.0;36.0;1;1
520.929;0.0;0.0;0.0;35.948717948717956;36.0;36.0;36.0;1;1
521.446;0.0;0.0;0.0;36.0;35.948717948717956;36.0;36.0;1;1
521.957;0.0;0.0;0.0;36.0;35.948717948717956;36.0;36.0;1;1
522.469;0.0;0.0;0.0;35.948717948717956;35.948717948717956;36.0;36.0;1;1
522.98;0.0;0.0;0.0;35.948717948717956;35.948717948717956;36.0;36.0;1;1
523.49;0.0;0.0;0.0;36.0;35.948717948717956;36.0;36.0;1;1
524.0;0.0;0.0;0.0;36.0;35.948717948717956;36.0;36.0;1;1
524.51;0.0;0.0;0.0;36.0;35.948717948717956;36.0;36.0;1;1
525.02;0.0;0.0;0.0;36.0;35.948717948717956;36.0;36.0;1;1
525.53;0.0;0.0;0.0;35.948717948717956;35.948717948717956;36.0;36.0;1;1
526.033;0.0;0.0;0.0;35.948717948717956;35.948717948717956;36.0;36.0;1;1
526.548;0.0;0.0;0.0;35.948717948717956;35.948717948717956;36.0;36.0;1;1
527.058;0.0;0.0;0.0;35.948717948717956;35.948717948717956;36.0;36.0;1;1
527.569;0.0;0.0;0.0;35.948717948717956;35.948717948717956;36.0;36.0;1;1
528.079;0.0;0.0;0.0;35.948717948717956;35.948717948717956;36.0;36.0;1;1
528.589;0.0;0.0;0.0;35.948717948717956;36.0;36.0;36.0;1;1
529.099;0.0;0.0;0.0;35.948717948717956;36.0;36.0;36.0;1;1
529.609;0.0;0.0;0.0;36.0;35.948717948717956;36.0;36.0;1;1
530.12;0.0;0.0;0.0;36.0;35.948717948717956;36.0;36.0;1;1
530.63;0.0;0.0;0.0;35.948717948717956;35.948717948717956;36.0;36.0;1;1
531.139;0.0;0.0;0.0;35.948717948717956;35.948717948717956;36.0;36.0;1;1
531.655;0.0;0.0;0.0;35.948717948717956;35.948717948717956;36.0;36.0;1;1
532.169;0.0;0.0;0.0;35.948717948717956;35.948717948717956;36.0;36.0;1;1
532.679;0.0;0.0;0.0;35.948717948717956;35.948717948717956;36.0;36.0;1;1
533.189;0.0;0.0;0.0;35.948717948717956;35.948717948717956;36.0;36.0;1;1
533.698;0.0;0.0;0.0;35.948717948717956;35.948717948717956;36.0;36.0;1;1
534.209;0.0;0.0;0.0;35.948717948717956;35.948717948717956;36.0;36.0;1;1
534.719;0.0;0.0;0.0;35.948717948717956;35.948717948717956;36.0;36.0;1;1
535.229;0.0;0.0;0.0;35.948717948717956;35.948717948717956;36.0;36.0;1;1
535.745;0.0;0.0;0.0;36.0;35.948717948717956;36.0;36.0;1;1
536.257;0.0;0.0;0.0;36.0;35.948717948717956;36.0;36.0;1;1
536.768;0.0;0.0;0.0;35.948717948717956;36.0;36.0;36.0;1;1
537.279;0.0;0.0;0.0;36.0;35.948717948717956;36.0;36.0;1;1
537.789;0.0;0.0;0.0;36.0;35.948717948717956;36.0;36.0;1;1
538.299;0.0;0.0;0.0;36.0;35.948717948717956;36.0;36.0;1;1
538.808;0.0;0.0;0.0;36.0;35.948717948717956;36.0;36.0;1;1
539.318;0.0;0.0;0.0;36.0;36.0;36.0;36.0;1;1
539.829;0.0;0.0;0.0;36.0;36.0;36.0;36.0;1;1
540.346;0.0;0.0;0.0;35.948717948717956;36.0;36.0;36.0;1;1
540.857;0.0;0.0;0.0;35.948717948717956;36.0;36.0;36.0;1;1
541.37;0.0;0.0;0.0;35.948717948717956;35.948717948717956;36.0;36.0;1;1
541.88;0.0;0.0;0.0;35.948717948717956;35.948717948717956;36.0;36.0;1;1
542.39;0.0;0.0;0.0;36.0;35.948717948717956;36.0;36.0;1;1
542.9;0.0;0.0;0.0;36.0;35.948717948717956;36.0;36.0;1;1
543.41;0.0;0.0;0.0;35.948717948717956;35.948717948717956;36.0;36.0;1;1
543.92;0.0;0.0;0.0;35.948717948717956;35.948717948717956;36.0;36.0;1;1
544.43;0.0;0.0;0.0;36.0;35.948717948717956;36.0;36.0;1;1
544.946;0.0;0.0;0.0;36.0;35.948717948717956;36.0;36.0;1;1
545.457;0.0;0.0;0.0;35.948717948717956;36.0;36.0;36.0;1;1
545.971;0.0;0.0;0.0;35.948717948717956;36.0;36.0;36.0;1;1
546.481;0.0;0.0;0.0;36.0;36.0;36.0;36.0;1;1
546.991;0.0;0.0;0.0;36.0;36.0;36.0;36.0;1;1
547.501;0.0;0.0;0.0;36.0;35.948717948717956;36.0;36.0;1;1
548.011;0.0;0.0;0.0;36.0;35.948717948717956;36.0;36.0;1;1
548.521;0.0;0.0;0.0;35.948717948717956;35.948717948717956;36.0;36.0;1;1
549.028;0.0;0.0;0.0;35.948717948717956;35.948717948717956;36.0;36.0;1;1
549.546;0.0;0.0;0.0;36.0;35.948717948717956;36.0;36.0;1;1
550.056;0.0;0.0;0.0;36.0;35.948717948717956;36.0;36.0;1;1
550.569;0.0;0.0;0.0;35.948717948717956;35.948717948717956;36.0;36.0;1;1
551.079;0.0;0.0;0.0;35.948717948717956;35.948717948717956;36.0;36.0;1;1
551.589;0.0;0.0;0.0;35.948717948717956;35.948717948717956;36.0;36.0;1;1
552.099;0.0;0.0;0.0;35.948717948717956;35.948717948717956;36.0;36.0;1;1
552.609;0.0;0.0;0.0;35.948717948717956;35.948717948717956;36.0;36.0;1;1
553.119;0.0;0.0;0.0;35.948717948717956;35.948717948717956;36.0;36.0;1;1
553.63;0.0;0.0;0.0;36.0;35.948717948717956;36.0;36.0;1;1
554.141;0.0;0.0;0.0;36.0;35.948717948717956;36.0;36.0;1;1
554.655;0.0;0.0;0.0;35.948717948717956;35.948717948717956;36.0;36.0;1;1
555.169;0.0;0.0;0.0;35.948717948717956;35.948717948717956;36.0;36.0;1;1
555.679;0.0;0.0;0.0;35.948717948717956;35.948717948717956;36.0;36.0;1;1
556.189;0.0;0.0;0.0;35.948717948717956;35.948717948717956;36.0;36.0;1;1
556.7;0.0;0.0;0.0;35.948717948717956;35.948717948717956;36.0;36.0;1;1
557.21;0.0;0.0;0.0;35.948717948717956;35.948717948717956;36.0;36.0;1;1
557.72;0.0;0.0;0.0;35.948717948717956;35.948717948717956;36.0;36.0;1;1
558.23;0.0;0.0;0.0;35.948717948717956;35.948717948717956;36.0;36.0;1;1
558.746;0.0;0.0;0.0;35.948717948717956;36.0;36.0;36.0;1;1
559.253;0.0;0.0;0.0;35.948717948717956;36.0;36.0;36.0;1;1
559.77;0.0;0.0;0.0;36.0;35.948717948717956;36.0;36.0;1;1
560.28;0.0;0.0;0.0;35.948717948717956;35.948717948717956;36.0;36.0;1;1
560.79;0.0;0.0;0.0;35.948717948717956;35.948717948717956;36.0;36.0;1;1
561.3;0.0;0.0;0.0;35.948717948717956;35.948717948717956;36.0;36.0;1;1
561.811;0.0;0.0;0.0;35.948717948717956;35.948717948717956;36.0;36.0;1;1
562.321;0.0;0.0;0.0;35.948717948717956;35.948717948717956;36.0;36.0;1;1
562.831;0.0;0.0;0.0;35.948717948717956;35.948717948717956;36.0;36.0;1;1
563.342;0.0;0.0;0.0;35.948717948717956;35.948717948717956;36.0;36.0;1;1
563.857;0.0;0.0;0.0;35.948717948717956;35.948717948717956;36.0;36.0;1;1
564.371;0.0;0.0;0.0;36.0;36.0;36.0;36.0;1;1
564.882;0.0;0.0;0.0;36.0;36.0;36.0;36.0;1;1
565.394;0.0;0.0;0.0;35.948717948717956;35.948717948717956;36.0;36.0;1;1
565.904;0.0;0.0;0.0;35.948717948717956;35.948717948717956;36.0;36.0;1;1
566.414;0.0;0.0;0.0;35.948717948717956;35.948717948717956;36.0;36.0;1;1
566.92;0.0;0.0;0.0;35.948717948717956;35.948717948717956;36.0;36.0;1;1
567.43;0.0;0.0;0.0;35.948717948717956;35.948717948717956;36.0;36.0;1;1
567.946;0.0;0.0;0.0;35.948717948717956;35.948717948717956;36.0;36.0;1;1
568.457;0.0;0.0;0.0;36.0;35.948717948717956;36.0;36.0;1;1
568.969;0.0;0.0;0.0;36.0;35.948717948717956;36.0;36.0;1;1
569.479;0.0;0.0;0.0;35.948717948717956;35.948717948717956;36.0;36.0;1;1
569.989;0.0;0.0;0.0;35.948717948717956;35.948717948717956;36.0;36.0;1;1
570.499;0.0;0.0;0.0;35.948717948717956;35.948717948717956;36.0;36.0;1;1
571.009;0.0;0.0;0.0;35.948717948717956;35.948717948717956;36.0;36.0;1;1
571.519;0.0;0.0;0.0;35.948717948717956;35.948717948717956;36.0;36.0;1;1
572.029;0.0;0.0;0.0;35.948717948717956;35.948717948717956;36.0;36.0;1;1
572.545;0.0;0.0;0.0;35.948717948717956;35.948717948717956;36.0;36.0;1;1
573.056;0.0;0.0;0.0;35.948717948717956;35.948717948717956;36.0;36.0;1;1
573.568;0.0;0.0;0.0;35.948717948717956;35.948717948717956;36.0;36.0;1;1
574.078;0.0;0.0;0.0;35.948717948717956;35.948717948717956;36.0;36.0;1;1
574.588;0.0;0.0;0.0;35.948717948717956;36.0;36.0;36.0;1;1
575.098;0.0;0.0;0.0;35.948717948717956;36.0;36.0;36.0;1;1
575.608;0.0;0.0;0.0;35.948717948717956;35.948717948717956;36.0;36.0;1;1
576.119;0.0;0.0;0.0;35.948717948717956;35.948717948717956;36.0;36.0;1;1
576.629;0.0;0.0;0.0;35.948717948717956;35.948717948717956;36.0;36.0;1;1
577.142;0.0;0.0;0.0;35.948717948717956;35.948717948717956;36.0;36.0;1;1
577.657;0.0;0.0;0.0;35.948717948717956;35.948717948717956;36.0;36.0;1;1
578.169;0.0;0.0;0.0;35.948717948717956;35.948717948717956;36.0;36.0;1;1
578.679;0.0;0.0;0.0;35.948717948717956;36.0;36.0;36.0;1;1
579.189;0.0;0.0;0.0;35.948717948717956;36.0;36.0;36.0;1;1
579.699;0.0;0.0;0.0;35.948717948717956;35.948717948717956;36.0;36.0;1;1
580.209;0.0;0.0;0.0;35.948717948717956;35.948717948717956;36.0;36.0;1;1
580.719;0.0;0.0;0.0;35.948717948717956;35.948717948717956;36.0;36.0;1;1
581.229;0.0;0.0;0.0;35.948717948717956;35.948717948717956;36.0;36.0;1;1
581.745;0.0;0.0;0.0;35.948717948717956;35.948717948717956;36.0;36.0;1;1
582.257;0.0;0.0;0.0;35.948717948717956;35.948717948717956;36.0;36.0;1;1
582.768;0.0;0.0;0.0;35.948717948717956;35.948717948717956;36.0;36.0;1;1
583.279;0.0;0.0;0.0;35.948717948717956;35.948717948717956;36.0;36.0;1;1
583.789;0.0;0.0;0.0;35.948717948717956;36.0;36.0;36.0;1;1
584.299;0.0;0.0;0.0;35.948717948717956;36.0;36.0;36.0;1;1
584.808;0.0;0.0;0.0;35.948717948717956;35.948717948717956;36.0;36.0;1;1
585.318;0.0;0.0;0.0;35.948717948717956;35.948717948717956;36.0;36.0;1;1
585.828;0.0;0.0;0.0;36.0;35.948717948717956;36.0;36.0;1;1
586.34;0.0;0.0;0.0;36.0;35.948717948717956;36.0;36.0;1;1
586.857;0.0;0.0;0.0;35.948717948717956;35.948717948717956;36.0;36.0;1;1
587.367;0.0;0.0;0.0;35.948717948717956;35.948717948717956;36.0;36.0;1;1
587.878;0.0;0.0;0.0;35.948717948717956;35.948717948717956;36.0;36.0;1;1
588.388;0.0;0.0;0.0;35.948717948717956;35.948717948717956;36.0;36.0;1;1
588.898;0.0;0.0;0.0;35.948717948717956;35.948717948717956;36.0;36.0;1;1
589.409;0.0;0.0;0.0;35.948717948717956;35.948717948717956;36.0;36.0;1;1
589.917;0.0;0.0;0.0;35.948717948717956;35.948717948717956;36.0;36.0;1;1
590.427;0.0;0.0;0.0;35.8974358974359;35.948717948717956;36.0;36.0;1;1
590.942;0.0;0.0;0.0;35.8974358974359;35.948717948717956;36.0;36.0;1;1
591.454;0.0;0.0;0.0;35.948717948717956;35.948717948717956;36.0;36.0;1;1
591.968;0.0;0.0;0.0;35.948717948717956;35.948717948717956;36.0;36.0;1;1
592.479;0.0;0.0;0.0;35.948717948717956;35.948717948717956;36.0;36.0;1;1
592.989;0.0;0.0;0.0;35.948717948717956;35.948717948717956;36.0;36.0;1;1
593.499;0.0;0.0;0.0;35.948717948717956;35.948717948717956;36.0;36.0;1;1
594.009;0.0;0.0;0.0;35.948717948717956;35.948717948717956;36.0;36.0;1;1
594.519;0.0;0.0;0.0;35.948717948717956;35.948717948717956;36.0;36.0;1;1
595.029;0.0;0.0;0.0;35.948717948717956;35.948717948717956;36.0;36.0;1;1
595.546;0.0;0.0;0.0;35.948717948717956;35.948717948717956;36.0;36.0;1;1
596.057;0.0;0.0;0.0;35.948717948717956;35.948717948717956;36.0;36.0;1;1
596.568;0.0;0.0;0.0;35.948717948717956;35.948717948717956;36.0;36.0;1;1
597.078;0.0;0.0;0.0;35.948717948717956;35.948717948717956;36.0;36.0;1;1
597.588;0.0;0.0;0.0;35.948717948717956;35.948717948717956;36.0;36.0;1;1
598.099;0.0;0.0;0.0;35.948717948717956;35.948717948717956;36.0;36.0;1;1
598.609;0.0;0.0;0.0;35.948717948717956;35.948717948717956;36.0;36.0;1;1
599.119;0.0;0.0;0.0;35.948717948717956;35.948717948717956;36.0;36.0;1;1
599.629;0.0;0.0;0.0;35.948717948717956;35.948717948717956;36.0;36.0;1;1
600.146;0.0;0.0;0.0;35.948717948717956;35.948717948717956;36.0;36.0;1;1
600.657;0.0;0.0;0.0;35.948717948717956;36.0;36.0;36.0;1;1
601.16;0.0;0.0;0.0;35.948717948717956;36.0;36.0;36.0;1;1
601.67;0.0;0.0;0.0;35.948717948717956;35.948717948717956;36.0;36.0;1;1
602.181;0.0;0.0;0.0;35.948717948717956;35.948717948717956;36.0;36.0;1;1
602.688;0.0;0.0;0.0;35.948717948717956;35.948717948717956;36.0;36.0;1;1
603.198;0.0;0.0;0.0;35.948717948717956;35.948717948717956;36.0;36.0;1;1
603.708;0.0;0.0;0.0;35.948717948717956;35.948717948717956;36.0;36.0;1;1
604.218;0.0;0.0;0.0;35.948717948717956;35.948717948717956;36.0;36.0;1;1
604.729;0.0;0.0;0.0;35.948717948717956;35.948717948717956;36.0;36.0;1;1
605.24;0.0;0.0;0.0;35.948717948717956;35.948717948717956;36.0;36.0;1;1
605.757;0.0;0.0;0.0;35.948717948717956;35.948717948717956;36.0;36.0;1;1
606.269;0.0;0.0;0.0;35.948717948717956;35.948717948717956;36.0;36.0;1;1
606.779;0.0;0.0;0.0;35.948717948717956;35.948717948717956;36.0;36.0;1;1
607.289;0.0;0.0;0.0;35.948717948717956;35.948717948717956;36.0;36.0;1;1
607.799;0.0;0.0;0.0;35.948717948717956;35.948717948717956;36.0;36.0;1;1
608.309;0.0;0.0;0.0;35.948717948717956;35.948717948717956;36.0;36.0;1;1
608.819;0.0;0.0;0.0;35.948717948717956;35.948717948717956;36.0;36.0;1;1
609.328;0.0;0.0;0.0;35.948717948717956;35.948717948717956;36.0;36.0;1;1
609.844;0.0;0.0;0.0;35.948717948717956;35.948717948717956;36.0;36.0;1;1
610.356;0.0;0.0;0.0;35.948717948717956;35.948717948717956;36.0;36.0;1;1
610.868;0.0;0.0;0.0;35.948717948717956;35.948717948717956;36.0;36.0;1;1
611.378;0.0;0.0;0.0;35.948717948717956;35.948717948717956;36.0;36.0;1;1
611.888;0.0;0.0;0.0;35.948717948717956;35.948717948717956;36.0;36.0;1;1
612.398;0.0;0.0;0.0;35.948717948717956;35.948717948717956;36.0;36.0;1;1
612.908;0.0;0.0;0.0;35.948717948717956;35.948717948717956;36.0;36.0;1;1
613.418;0.0;0.0;0.0;35.948717948717956;35.948717948717956;36.0;36.0;1;1
613.928;0.0;0.0;0.0;36.0;35.948717948717956;36.0;36.0;1;1
614.438;0.0;0.0;0.0;36.0;35.948717948717956;36.0;36.0;1;1
614.95;0.0;0.0;0.0;36.0;35.948717948717956;36.0;36.0;1;1
615.458;0.0;0.0;0.0;35.948717948717956;35.948717948717956;36.0;36.0;1;1
615.97;0.0;0.0;0.0;35.948717948717956;35.948717948717956;36.0;36.0;1;1
616.48;0.0;0.0;0.0;35.948717948717956;35.948717948717956;36.0;36.0;1;1
616.99;0.0;0.0;0.0;35.948717948717956;35.948717948717956;36.0;36.0;1;1
617.501;0.0;0.0;0.0;36.0;35.948717948717956;36.0;36.0;1;1
618.011;0.0;0.0;0.0;36.0;35.948717948717956;36.0;36.0;1;1
618.521;0.0;0.0;0.0;35.948717948717956;35.948717948717956;36.0;36.0;1;1
619.027;0.0;0.0;0.0;35.948717948717956;35.948717948717956;36.0;36.0;1;1
619.541;0.0;0.0;0.0;35.948717948717956;35.948717948717956;36.0;36.0;1;1
620.057;0.0;0.0;0.0;35.948717948717956;35.948717948717956;36.0;36.0;1;1
620.565;0.0;0.0;0.0;35.948717948717956;36.0;36.0;36.0;1;1
621.075;0.0;0.0;0.0;35.948717948717956;36.0;36.0;36.0;1;1
621.585;0.0;0.0;0.0;35.948717948717956;35.948717948717956;36.0;36.0;1;1
622.095;0.0;0.0;0.0;35.948717948717956;35.948717948717956;36.0;36.0;1;1
622.605;0.0;0.0;0.0;35.948717948717956;36.0;36.0;36.0;1;1
623.109;0.0;0.0;0.0;35.948717948717956;36.0;36.0;36.0;1;1
623.619;0.0;0.0;0.0;36.0;35.948717948717956;36.0;36.0;1;1
624.13;0.0;0.0;0.0;36.0;35.948717948717956;36.0;36.0;1;1
624.646;0.0;0.0;0.0;35.948717948717956;35.948717948717956;36.0;36.0;1;1
625.157;0.0;0.0;0.0;35.948717948717956;35.948717948717956;36.0;36.0;1;1
625.664;0.0;0.0;0.0;35.948717948717956;35.948717948717956;36.0;36.0;1;1
626.177;0.0;0.0;0.0;35.948717948717956;35.948717948717956;36.0;36.0;1;1
626.688;0.0;0.0;0.0;35.948717948717956;35.948717948717956;36.0;36.0;1;1
627.197;0.0;0.0;0.0;35.948717948717956;35.948717948717956;36.0;36.0;1;1
627.707;0.0;0.0;0.0;35.948717948717956;35.948717948717956;36.0;36.0;1;1
628.217;0.0;0.0;0.0;35.948717948717956;35.948717948717956;36.0;36.0;1;1
628.727;0.0;0.0;0.0;35.948717948717956;35.948717948717956;36.0;36.0;1;1
629.247;0.0;0.0;0.0;35.948717948717956;35.948717948717956;36.0;36.0;1;1
629.757;0.0;0.0;0.0;35.948717948717956;35.948717948717956;36.0;36.0;1;1
630.268;0.0;0.0;0.0;35.948717948717956;35.948717948717956;36.0;36.0;1;1
630.778;0.0;0.0;0.0;36.0;35.948717948717956;36.0;36.0;1;1
631.289;0.0;0.0;0.0;36.0;35.948717948717956;36.0;36.0;1;1
631.799;0.0;0.0;0.0;36.0;35.948717948717956;36.0;36.0;1;1
632.309;0.0;0.0;0.0;36.0;35.948717948717956;36.0;36.0;1;1
632.819;0.0;0.0;0.0;35.948717948717956;35.948717948717956;36.0;36.0;1;1
633.329;0.0;0.0;0.0;35.948717948717956;35.948717948717956;36.0;36.0;1;1
633.844;0.0;0.0;0.0;35.948717948717956;35.948717948717956;36.0;36.0;1;1
634.355;0.0;0.0;0.0;35.948717948717956;35.948717948717956;36.0;36.0;1;1
634.856;0.0;0.0;0.0;35.948717948717956;35.948717948717956;36.0;36.0;1;1
635.369;0.0;0.0;0.0;35.948717948717956;35.948717948717956;36.0;36.0;1;1
635.879;0.0;0.0;0.0;35.948717948717956;35.948717948717956;36.0;36.0;1;1
636.389;0.0;0.0;0.0;35.948717948717956;35.948717948717956;36.0;36.0;1;1
636.899;0.0;0.0;0.0;35.948717948717956;35.948717948717956;36.0;36.0;1;1
637.408;0.0;0.0;0.0;35.948717948717956;35.948717948717956;36.0;36.0;1;1
637.918;0.0;0.0;0.0;35.948717948717956;35.948717948717956;36.0;36.0;1;1
638.428;0.0;0.0;0.0;35.948717948717956;35.948717948717956;36.0;36.0;1;1
638.945;0.0;0.0;0.0;36.0;36.0;36.0;36.0;1;1
639.456;0.0;0.0;0.0;36.0;36.0;36.0;36.0;1;1
639.957;0.0;0.0;0.0;35.948717948717956;35.948717948717956;36.0;36.0;1;1
640.468;0.0;0.0;0.0;35.948717948717956;35.948717948717956;36.0;36.0;1;1
640.978;0.0;0.0;0.0;35.948717948717956;35.948717948717956;36.0;36.0;1;1
641.488;0.0;0.0;0.0;35.948717948717956;35.948717948717956;36.0;36.0;1;1
641.998;0.0;0.0;0.0;35.948717948717956;35.948717948717956;36.0;36.0;1;1
642.508;0.0;0.0;0.0;35.948717948717956;35.948717948717956;36.0;36.0;1;1
643.018;0.0;0.0;0.0;36.0;35.948717948717956;36.0;36.0;1;1
643.529;0.0;0.0;0.0;35.948717948717956;35.948717948717956;36.0;36.0;1;1
644.045;0.0;0.0;0.0;35.948717948717956;35.948717948717956;36.0;36.0;1;1
644.557;0.0;0.0;0.0;36.0;35.948717948717956;36.0;36.0;1;1
645.075;0.0;0.0;0.0;36.0;35.948717948717956;36.0;36.0;1;1
645.585;0.0;0.0;0.0;35.948717948717956;35.948717948717956;36.0;36.0;1;1
646.095;0.0;0.0;0.0;35.948717948717956;35.948717948717956;36.0;36.0;1;1
646.606;0.0;0.0;0.0;35.948717948717956;35.948717948717956;36.0;36.0;1;1
647.116;0.0;0.0;0.0;35.948717948717956;35.948717948717956;36.0;36.0;1;1
647.626;0.0;0.0;0.0;35.948717948717956;35.948717948717956;36.0;36.0;1;1
648.147;0.0;0.0;0.0;35.948717948717956;35.948717948717956;36.0;36.0;1;1
648.659;0.0;0.0;0.0;35.948717948717956;35.948717948717956;36.0;36.0;1;1
649.169;0.0;0.0;0.0;35.948717948717956;35.948717948717956;36.0;36.0;1;1
649.679;0.0;0.0;0.0;35.948717948717956;36.0;36.0;36.0;1;1
650.187;0.0;0.0;0.0;35.948717948717956;36.0;36.0;36.0;1;1
650.697;0.0;0.0;0.0;36.0;35.948717948717956;36.0;36.0;1;1
651.208;0.0;0.0;0.0;36.0;35.948717948717956;36.0;36.0;1;1
651.718;0.0;0.0;0.0;35.948717948717956;35.948717948717956;36.0;36.0;1;1
652.228;0.0;0.0;0.0;35.948717948717956;35.948717948717956;36.0;36.0;1;1
652.745;0.0;0.0;0.0;35.948717948717956;35.948717948717956;36.0;36.0;1;1
653.257;0.0;0.0;0.0;35.948717948717956;35.948717948717956;36.0;36.0;1;1
653.767;0.0;0.0;0.0;35.948717948717956;35.948717948717956;36.0;36.0;1;1
654.277;0.0;0.0;0.0;35.948717948717956;35.948717948717956;36.0;36.0;1;1
654.787;0.0;0.0;0.0;35.948717948717956;35.948717948717956;36.0;36.0;1;1
655.297;0.0;0.0;0.0;35.948717948717956;35.948717948717956;36.0;36.0;1;1
655.807;0.0;0.0;0.0;36.0;35.948717948717956;36.0;36.0;1;1
656.317;0.0;0.0;0.0;36.0;35.948717948717956;36.0;36.0;1;1
656.828;0.0;0.0;0.0;36.0;35.948717948717956;36.0;36.0;1;1
657.346;0.0;0.0;0.0;36.0;35.948717948717956;36.0;36.0;1;1
657.857;0.0;0.0;0.0;35.948717948717956;35.948717948717956;36.0;36.0;1;1
658.367;0.0;0.0;0.0;35.948717948717956;35.948717948717956;36.0;36.0;1;1
658.877;0.0;0.0;0.0;35.948717948717956;35.948717948717956;36.0;36.0;1;1
659.388;0.0;0.0;0.0;35.948717948717956;35.948717948717956;36.0;36.0;1;1
659.898;0.0;0.0;0.0;35.948717948717956;35.948717948717956;36.0;36.0;1;1
660.408;0.0;0.0;0.0;35.948717948717956;35.948717948717956;36.0;36.0;1;1
660.918;0.0;0.0;0.0;35.948717948717956;35.948717948717956;36.0;36.0;1;1
661.428;0.0;0.0;0.0;35.948717948717956;35.948717948717956;36.0;36.0;1;1
661.929;0.0;0.0;0.0;35.948717948717956;35.948717948717956;36.0;36.0;1;1
662.441;0.0;0.0;0.0;35.948717948717956;35.948717948717956;36.0;36.0;1;1
662.956;0.0;0.0;0.0;35.948717948717956;35.948717948717956;36.0;36.0;1;1
663.468;0.0;0.0;0.0;35.948717948717956;35.948717948717956;36.0;36.0;1;1
663.978;0.0;0.0;0.0;35.948717948717956;35.948717948717956;36.0;36.0;1;1
664.488;0.0;0.0;0.0;35.948717948717956;35.948717948717956;36.0;36.0;1;1
664.998;0.0;0.0;0.0;35.948717948717956;35.948717948717956;36.0;36.0;1;1
665.508;0.0;0.0;0.0;35.948717948717956;35.948717948717956;36.0;36.0;1;1
666.018;0.0;0.0;0.0;36.0;35.948717948717956;36.0;36.0;1;1
666.528;0.0;0.0;0.0;36.0;35.948717948717956;36.0;36.0;1;1
667.04;0.0;0.0;0.0;35.948717948717956;35.948717948717956;36.0;36.0;1;1
667.557;0.0;0.0;0.0;35.948717948717956;35.948717948717956;36.0;36.0;1;1
668.069;0.0;0.0;0.0;35.948717948717956;36.0;36.0;36.0;1;1
668.579;0.0;0.0;0.0;35.948717948717956;36.0;36.0;36.0;1;1
669.089;0.0;0.0;0.0;35.948717948717956;35.948717948717956;36.0;36.0;1;1
669.598;0.0;0.0;0.0;35.948717948717956;35.948717948717956;36.0;36.0;1;1
670.108;0.0;0.0;0.0;35.948717948717956;35.948717948717956;36.0;36.0;1;1
670.618;0.0;0.0;0.0;35.948717948717956;35.948717948717956;36.0;36.0;1;1
671.128;0.0;0.0;0.0;35.948717948717956;35.948717948717956;36.0;36.0;1;1
671.647;0.0;0.0;0.0;36.0;36.0;36.0;36.0;1;1
672.156;0.0;0.0;0.0;36.0;36.0;36.0;36.0;1;1
672.667;0.0;0.0;0.0;35.948717948717956;35.948717948717956;36.0;36.0;1;1
673.177;0.0;0.0;0.0;35.948717948717956;35.948717948717956;36.0;36.0;1;1
673.687;0.0;0.0;0.0;35.948717948717956;35.948717948717956;36.0;36.0;1;1
674.197;0.0;0.0;0.0;35.948717948717956;35.948717948717956;36.0;36.0;1;1
674.707;0.0;0.0;0.0;35.948717948717956;35.948717948717956;36.0;36.0;1;1
675.217;0.0;0.0;0.0;35.948717948717956;35.948717948717956;36.0;36.0;1;1
675.727;0.0;0.0;0.0;35.948717948717956;36.0;36.0;36.0;1;1
676.238;0.0;0.0;0.0;35.948717948717956;36.0;36.0;36.0;1;1
676.756;0.0;0.0;0.0;35.948717948717956;35.948717948717956;36.0;36.0;1;1
677.267;0.0;0.0;0.0;35.948717948717956;35.948717948717956;36.0;36.0;1;1
677.778;0.0;0.0;0.0;35.948717948717956;36.0;36.0;36.0;1;1
678.288;0.0;0.0;0.0;35.948717948717956;36.0;36.0;36.0;1;1
678.798;0.0;0.0;0.0;36.0;36.0;36.0;36.0;1;1
679.308;0.0;0.0;0.0;36.0;36.0;36.0;36.0;1;1
679.818;0.0;0.0;0.0;35.948717948717956;35.948717948717956;36.0;36.0;1;1
680.328;0.0;0.0;0.0;35.948717948717956;35.948717948717956;36.0;36.0;1;1
680.846;0.0;0.0;0.0;35.948717948717956;35.948717948717956;36.0;36.0;1;1
681.357;0.0;0.0;0.0;35.948717948717956;35.948717948717956;36.0;36.0;1;1
681.868;0.0;0.0;0.0;36.0;35.948717948717956;36.0;36.0;1;1
682.378;0.0;0.0;0.0;36.0;35.948717948717956;36.0;36.0;1;1
682.888;0.0;0.0;0.0;35.948717948717956;35.948717948717956;36.0;36.0;1;1
683.398;0.0;0.0;0.0;35.948717948717956;35.948717948717956;36.0;36.0;1;1
683.908;0.0;0.0;0.0;36.0;35.948717948717956;36.0;36.0;1;1
684.411;0.0;0.0;0.0;36.0;35.948717948717956;36.0;36.0;1;1
684.921;0.0;0.0;0.0;36.0;35.948717948717956;36.0;36.0;1;1
685.432;0.0;0.0;0.0;36.0;35.948717948717956;36.0;36.0;1;1
685.946;0.0;0.0;0.0;35.948717948717956;36.0;36.0;36.0;1;1
686.457;0.0;0.0;0.0;35.948717948717956;36.0;36.0;36.0;1;1
686.97;0.0;0.0;0.0;36.0;35.948717948717956;36.0;36.0;1;1
687.48;0.0;0.0;0.0;36.0;35.948717948717956;36.0;36.0;1;1
687.99;0.0;0.0;0.0;35.948717948717956;35.948717948717956;36.0;36.0;1;1
688.5;0.0;0.0;0.0;35.948717948717956;35.948717948717956;36.0;36.0;1;1
689.01;0.0;0.0;0.0;35.948717948717956;35.948717948717956;36.0;36.0;1;1
689.52;0.0;0.0;0.0;35.948717948717956;35.948717948717956;36.0;36.0;1;1
690.03;0.0;0.0;0.0;35.948717948717956;35.948717948717956;36.0;36.0;1;1
690.54;0.0;0.0;0.0;35.948717948717956;35.948717948717956;36.0;36.0;1;1
691.054;0.0;0.0;0.0;35.948717948717956;35.948717948717956;36.0;36.0;1;1
691.564;0.0;0.0;0.0;35.948717948717956;35.948717948717956;36.0;36.0;1;1
692.069;0.0;0.0;0.0;35.948717948717956;35.948717948717956;36.0;36.0;1;1
692.574;0.0;0.0;0.0;35.948717948717956;35.948717948717956;36.0;36.0;1;1
693.08;0.0;0.0;0.0;35.948717948717956;35.948717948717956;36.0;36.0;1;1
693.585;0.0;0.0;0.0;35.948717948717956;35.948717948717956;36.0;36.0;1;1
694.09;0.0;0.0;0.0;36.0;35.948717948717956;36.0;36.0;1;1
694.595;0.0;0.0;0.0;36.0;35.948717948717956;36.0;36.0;1;1
695.1;0.0;0.0;0.0;36.0;35.948717948717956;36.0;36.0;1;1
695.605;0.0;0.0;0.0;36.0;35.948717948717956;36.0;36.0;1;1
696.109;0.0;0.0;0.0;35.948717948717956;35.948717948717956;36.0;36.0;1;1
696.615;0.0;0.0;0.0;35.948717948717956;35.948717948717956;36.0;36.0;1;1
697.12;0.0;0.0;0.0;35.948717948717956;36.0;36.0;36.0;1;1
697.625;0.0;0.0;0.0;35.948717948717956;36.0;36.0;36.0;1;1
698.13;0.0;0.0;0.0;35.948717948717956;36.0;36.0;36.0;1;1
698.635;0.0;0.0;0.0;35.948717948717956;36.0;36.0;36.0;1;1
699.146;0.0;0.0;0.0;35.948717948717956;35.948717948717956;36.0;36.0;1;1
699.656;0.0;0.0;0.0;35.948717948717956;35.948717948717956;36.0;36.0;1;1
700.158;0.0;0.0;0.0;35.948717948717956;35.948717948717956;36.0;36.0;1;1
700.666;0.0;0.0;0.0;36.0;35.948717948717956;36.0;36.0;1;1
701.171;0.0;0.0;0.0;36.0;35.948717948717956;36.0;36.0;1;1
701.676;0.0;0.0;0.0;36.0;35.948717948717956;36.0;36.0;1;1
702.181;0.0;0.0;0.0;35.948717948717956;35.948717948717956;36.0;36.0;1;1
702.683;0.0;0.0;0.0;35.948717948717956;35.948717948717956;36.0;36.0;1;1
703.185;0.0;0.0;0.0;35.948717948717956;35.948717948717956;36.0;36.0;1;1
703.69;0.0;0.0;0.0;35.948717948717956;35.948717948717956;36.0;36.0;1;1
704.195;0.0;0.0;0.0;35.948717948717956;35.948717948717956;36.0;36.0;1;1
704.7;0.0;0.0;0.0;35.948717948717956;35.948717948717956;36.0;36.0;1;1
705.205;0.0;0.0;0.0;35.948717948717956;35.948717948717956;36.0;36.0;1;1
705.71;0.0;0.0;0.0;35.948717948717956;35.948717948717956;36.0;36.0;1;1
706.215;0.0;0.0;0.0;35.948717948717956;35.948717948717956;36.0;36.0;1;1
706.716;0.0;0.0;0.0;35.948717948717956;35.948717948717956;36.0;36.0;1;1
707.22;0.0;0.0;0.0;35.948717948717956;35.948717948717956;36.0;36.0;1;1
707.725;0.0;0.0;0.0;35.948717948717956;35.948717948717956;36.0;36.0;1;1
708.23;0.0;0.0;0.0;35.948717948717956;35.948717948717956;36.0;36.0;1;1
708.74;0.0;0.0;0.0;35.948717948717956;35.948717948717956;36.0;36.0;1;1
709.255;0.0;0.0;0.0;35.948717948717956;35.948717948717956;36.0;36.0;1;1
709.759;0.0;0.0;0.0;35.948717948717956;36.0;36.0;36.0;1;1
710.266;0.0;0.0;0.0;35.948717948717956;36.0;36.0;36.0;1;1
710.77;0.0;0.0;0.0;35.948717948717956;35.948717948717956;36.0;36.0;1;1
711.274;0.0;0.0;0.0;35.948717948717956;35.948717948717956;36.0;36.0;1;1
711.779;0.0;0.0;0.0;36.0;35.948717948717956;36.0;36.0;1;1
712.283;0.0;0.0;0.0;36.0;35.948717948717956;36.0;36.0;1;1
712.788;0.0;0.0;0.0;35.948717948717956;35.948717948717956;36.0;36.0;1;1
713.293;0.0;0.0;0.0;35.948717948717956;35.948717948717956;36.0;36.0;1;1
713.799;0.0;0.0;0.0;35.948717948717956;35.948717948717956;36.0;36.0;1;1
714.304;0.0;0.0;0.0;35.948717948717956;35.948717948717956;36.0;36.0;1;1
714.808;0.0;0.0;0.0;35.948717948717956;35.948717948717956;36.0;36.0;1;1
715.313;0.0;0.0;0.0;35.948717948717956;35.948717948717956;36.0;36.0;1;1
715.818;0.0;0.0;0.0;35.948717948717956;35.948717948717956;36.0;36.0;1;1
716.32;0.0;0.0;0.0;35.948717948717956;35.948717948717956;36.0;36.0;1;1
716.825;0.0;0.0;0.0;35.948717948717956;35.948717948717956;36.0;36.0;1;1
717.327;0.0;0.0;0.0;35.948717948717956;35.948717948717956;36.0;36.0;1;1
717.841;0.0;0.0;0.0;35.948717948717956;35.948717948717956;36.0;36.0;1;1
718.354;0.0;0.0;0.0;35.948717948717956;35.948717948717956;36.0;36.0;1;1
718.865;0.0;0.0;0.0;35.948717948717956;35.948717948717956;36.0;36.0;1;1
719.369;0.0;0.0;0.0;35.948717948717956;35.948717948717956;36.0;36.0;1;1
719.874;0.0;0.0;0.0;35.948717948717956;35.948717948717956;36.0;36.0;1;1
720.379;0.0;0.0;0.0;35.948717948717956;35.948717948717956;36.0;36.0;1;1
720.885;0.0;0.0;0.0;36.0;35.948717948717956;36.0;36.0;1;1
721.39;0.0;0.0;0.0;36.0;35.948717948717956;36.0;36.0;1;1
721.895;0.0;0.0;0.0;35.948717948717956;35.948717948717956;36.0;36.0;1;1
722.4;0.0;0.0;0.0;35.948717948717956;35.948717948717956;36.0;36.0;1;1
722.905;0.0;0.0;0.0;36.0;35.948717948717956;36.0;36.0;1;1
723.41;0.0;0.0;0.0;36.0;35.948717948717956;36.0;36.0;1;1
723.915;0.0;0.0;0.0;35.948717948717956;35.948717948717956;36.0;36.0;1;1
724.42;0.0;0.0;0.0;35.948717948717956;35.948717948717956;36.0;36.0;1;1
724.925;0.0;0.0;0.0;35.948717948717956;35.948717948717956;36.0;36.0;1;1
725.431;0.0;0.0;0.0;35.948717948717956;35.948717948717956;36.0;36.0;1;1
725.936;0.0;0.0;0.0;35.948717948717956;35.948717948717956;36.0;36.0;1;1
726.445;0.0;0.0;0.0;35.948717948717956;35.948717948717956;36.0;36.0;1;1
726.956;0.0;0.0;0.0;35.948717948717956;36.0;36.0;36.0;1;1
727.466;0.0;0.0;0.0;35.948717948717956;36.0;36.0;36.0;1;1
727.971;0.0;0.0;0.0;35.948717948717956;35.948717948717956;36.0;36.0;1;1
728.476;0.0;0.0;0.0;35.948717948717956;35.948717948717956;36.0;36.0;1;1
728.98;0.0;0.0;0.0;35.948717948717956;35.948717948717956;36.0;36.0;1;1
729.485;0.0;0.0;0.0;35.948717948717956;35.948717948717956;36.0;36.0;1;1
729.988;0.0;0.0;0.0;35.948717948717956;35.948717948717956;36.0;36.0;1;1
730.493;0.0;0.0;0.0;35.948717948717956;35.948717948717956;36.0;36.0;1;1
730.998;0.0;0.0;0.0;35.948717948717956;36.0;36.0;36.0;1;1
731.503;0.0;0.0;0.0;35.948717948717956;36.0;36.0;36.0;1;1
732.007;0.0;0.0;0.0;35.948717948717956;36.0;36.0;36.0;1;1
732.513;0.0;0.0;0.0;35.948717948717956;36.0;36.0;36.0;1;1
733.018;0.0;0.0;0.0;35.948717948717956;35.948717948717956;36.0;36.0;1;1
733.519;0.0;0.0;0.0;35.948717948717956;35.948717948717956;36.0;36.0;1;1
734.02;0.0;0.0;0.0;35.948717948717956;35.948717948717956;36.0;36.0;1;1
734.525;0.0;0.0;0.0;35.948717948717956;35.948717948717956;36.0;36.0;1;1
735.03;0.0;0.0;0.0;35.948717948717956;35.948717948717956;36.0;36.0;1;1
735.54;0.0;0.0;0.0;35.948717948717956;35.948717948717956;36.0;36.0;1;1
736.048;0.0;0.0;0.0;35.948717948717956;35.948717948717956;36.0;36.0;1;1
736.554;0.0;0.0;0.0;35.948717948717956;35.948717948717956;36.0;36.0;1;1
737.066;0.0;0.0;0.0;35.948717948717956;35.948717948717956;36.0;36.0;1;1
737.571;0.0;0.0;0.0;35.948717948717956;35.948717948717956;36.0;36.0;1;1
738.072;0.0;0.0;0.0;35.948717948717956;35.948717948717956;36.0;36.0;1;1
738.576;0.0;0.0;0.0;35.948717948717956;35.948717948717956;36.0;36.0;1;1
739.079;0.0;0.0;0.0;35.948717948717956;35.948717948717956;36.0;36.0;1;1
739.582;0.0;0.0;0.0;35.948717948717956;35.948717948717956;36.0;36.0;1;1
740.087;0.0;0.0;0.0;35.948717948717956;35.948717948717956;36.0;36.0;1;1
740.592;0.0;0.0;0.0;35.948717948717956;35.948717948717956;36.0;36.0;1;1
741.097;0.0;0.0;0.0;36.0;35.948717948717956;36.0;36.0;1;1
741.601;0.0;0.0;0.0;36.0;35.948717948717956;36.0;36.0;1;1
742.106;0.0;0.0;0.0;36.0;35.948717948717956;36.0;36.0;1;1
742.611;0.0;0.0;0.0;36.0;35.948717948717956;36.0;36.0;1;1
743.116;0.0;0.0;0.0;35.948717948717956;35.948717948717956;36.0;36.0;1;1
743.621;0.0;0.0;0.0;35.948717948717956;35.948717948717956;36.0;36.0;1;1
744.121;0.0;0.0;0.0;35.948717948717956;35.948717948717956;36.0;36.0;1;1
744.627;0.0;0.0;0.0;35.948717948717956;35.948717948717956;36.0;36.0;1;1
745.133;0.0;0.0;0.0;35.948717948717956;35.948717948717956;36.0;36.0;1;1
745.65;0.0;0.0;0.0;35.948717948717956;35.948717948717956;36.0;36.0;1;1
746.157;0.0;0.0;0.0;35.948717948717956;35.948717948717956;36.0;36.0;1;1
746.666;0.0;0.0;0.0;35.948717948717956;35.948717948717956;36.0;36.0;1;1
747.171;0.0;0.0;0.0;35.948717948717956;35.948717948717956;36.0;36.0;1;1
747.676;0.0;0.0;0.0;35.948717948717956;35.948717948717956;36.0;36.0;1;1
748.181;0.0;0.0;0.0;35.948717948717956;35.948717948717956;36.0;36.0;1;1
748.686;0.0;0.0;0.0;35.948717948717956;35.948717948717956;36.0;36.0;1;1
749.191;0.0;0.0;0.0;35.948717948717956;35.948717948717956;36.0;36.0;1;1
749.696;0.0;0.0;0.0;35.948717948717956;35.948717948717956;36.0;36.0;1;1
750.201;0.0;0.0;0.0;35.948717948717956;35.948717948717956;36.0;36.0;1;1
750.706;0.0;0.0;0.0;35.948717948717956;35.948717948717956;36.0;36.0;1;1
751.212;0.0;0.0;0.0;36.0;35.948717948717956;36.0;36.0;1;1
751.717;0.0;0.0;0.0;36.0;35.948717948717956;36.0;36.0;1;1
752.218;0.0;0.0;0.0;35.948717948717956;35.948717948717956;36.0;36.0;1;1
752.721;0.0;0.0;0.0;35.948717948717956;35.948717948717956;36.0;36.0;1;1
753.226;0.0;0.0;0.0;35.948717948717956;35.948717948717956;36.0;36.0;1;1
753.733;0.0;0.0;0.0;35.948717948717956;35.948717948717956;36.0;36.0;1;1
754.243;0.0;0.0;0.0;35.948717948717956;35.948717948717956;36.0;36.0;1;1
754.753;0.0;0.0;0.0;35.948717948717956;35.948717948717956;36.0;36.0;1;1
755.258;0.0;0.0;0.0;35.948717948717956;36.0;36.0;36.0;1;1
755.764;0.0;0.0;0.0;35.948717948717956;36.0;36.0;36.0;1;1
756.271;0.0;0.0;0.0;35.948717948717956;35.948717948717956;36.0;36.0;1;1
756.776;0.0;0.0;0.0;35.948717948717956;35.948717948717956;36.0;36.0;1;1
757.281;0.0;0.0;0.0;35.948717948717956;35.948717948717956;36.0;36.0;1;1
757.786;0.0;0.0;0.0;35.948717948717956;35.948717948717956;36.0;36.0;1;1
758.291;0.0;0.0;0.0;35.948717948717956;35.948717948717956;36.0;36.0;1;1
758.796;0.0;0.0;0.0;35.948717948717956;35.948717948717956;36.0;36.0;1;1
759.301;0.0;0.0;0.0;35.948717948717956;35.948717948717956;36.0;36.0;1;1
759.806;0.0;0.0;0.0;35.948717948717956;35.948717948717956;36.0;36.0;1;1
760.312;0.0;0.0;0.0;35.948717948717956;36.0;36.0;36.0;1;1
760.817;0.0;0.0;0.0;35.948717948717956;36.0;36.0;36.0;1;1
761.319;0.0;0.0;0.0;35.948717948717956;35.948717948717956;36.0;36.0;1;1
761.821;0.0;0.0;0.0;35.948717948717956;35.948717948717956;36.0;36.0;1;1
762.326;0.0;0.0;0.0;36.0;35.948717948717956;36.0;36.0;1;1
762.831;0.0;0.0;0.0;35.948717948717956;35.948717948717956;36.0;36.0;1;1
763.345;0.0;0.0;0.0;35.948717948717956;35.948717948717956;36.0;36.0;1;1
763.849;0.0;0.0;0.0;35.948717948717956;35.948717948717956;36.0;36.0;1;1
764.352;0.0;0.0;0.0;35.948717948717956;35.948717948717956;36.0;36.0;1;1
764.866;0.0;0.0;0.0;35.948717948717956;35.948717948717956;36.0;36.0;1;1
765.371;0.0;0.0;0.0;35.948717948717956;35.948717948717956;36.0;36.0;1;1
765.873;0.0;0.0;0.0;35.948717948717956;35.948717948717956;36.0;36.0;1;1
766.378;0.0;0.0;0.0;35.948717948717956;35.948717948717956;36.0;36.0;1;1
766.882;0.0;0.0;0.0;35.948717948717956;35.948717948717956;36.0;36.0;1;1
767.387;0.0;0.0;0.0;35.948717948717956;35.948717948717956;36.0;36.0;1;1
767.892;0.0;0.0;0.0;35.948717948717956;35.948717948717956;36.0;36.0;1;1
768.395;0.0;0.0;0.0;35.948717948717956;35.948717948717956;36.0;36.0;1;1
768.9;0.0;0.0;0.0;35.948717948717956;35.948717948717956;36.0;36.0;1;1
769.402;0.0;0.0;0.0;35.948717948717956;35.948717948717956;36.0;36.0;1;1
769.907;0.0;0.0;0.0;35.948717948717956;35.948717948717956;36.0;36.0;1;1
770.413;0.0;0.0;0.0;35.948717948717956;35.948717948717956;36.0;36.0;1;1
770.918;0.0;0.0;0.0;35.948717948717956;35.948717948717956;36.0;36.0;1;1
771.418;0.0;0.0;0.0;35.948717948717956;35.948717948717956;36.0;36.0;1;1
771.919;0.0;0.0;0.0;35.948717948717956;35.948717948717956;36.0;36.0;1;1
772.424;0.0;0.0;0.0;35.948717948717956;35.948717948717956;36.0;36.0;1;1
772.93;0.0;0.0;0.0;35.948717948717956;35.948717948717956;36.0;36.0;1;1
773.435;0.0;0.0;0.0;35.948717948717956;35.948717948717956;36.0;36.0;1;1
773.944;0.0;0.0;0.0;35.948717948717956;35.948717948717956;36.0;36.0;1;1
774.449;0.0;0.0;0.0;35.948717948717956;35.948717948717956;36.0;36.0;1;1
774.955;0.0;0.0;0.0;35.948717948717956;35.948717948717956;36.0;36.0;1;1
775.457;0.0;0.0;0.0;35.948717948717956;35.948717948717956;36.0;36.0;1;1
775.964;0.0;0.0;0.0;36.0;35.948717948717956;36.0;36.0;1;1
776.465;0.0;0.0;0.0;36.0;35.948717948717956;36.0;36.0;1;1
776.97;0.0;0.0;0.0;35.948717948717956;35.948717948717956;36.0;36.0;1;1
777.47;0.0;0.0;0.0;35.948717948717956;35.948717948717956;36.0;36.0;1;1
777.971;0.0;0.0;0.0;35.948717948717956;35.948717948717956;36.0;36.0;1;1
778.476;0.0;0.0;0.0;35.948717948717956;35.948717948717956;36.0;36.0;1;1
778.981;0.0;0.0;0.0;35.948717948717956;35.948717948717956;36.0;36.0;1;1
779.487;0.0;0.0;0.0;35.948717948717956;35.948717948717956;36.0;36.0;1;1
779.992;0.0;0.0;0.0;36.0;35.948717948717956;36.0;36.0;1;1
780.495;0.0;0.0;0.0;36.0;35.948717948717956;36.0;36.0;1;1
781.001;0.0;0.0;0.0;35.948717948717956;35.948717948717956;36.0;36.0;1;1
781.506;0.0;0.0;0.0;35.948717948717956;35.948717948717956;36.0;36.0;1;1
782.011;0.0;0.0;0.0;35.948717948717956;35.948717948717956;36.0;36.0;1;1
782.516;0.0;0.0;0.0;35.948717948717956;35.948717948717956;36.0;36.0;1;1
783.021;0.0;0.0;0.0;35.948717948717956;36.0;36.0;36.0;1;1
783.522;0.0;0.0;0.0;35.948717948717956;36.0;36.0;36.0;1;1
784.027;0.0;0.0;0.0;35.948717948717956;35.948717948717956;36.0;36.0;1;1
784.536;0.0;0.0;0.0;35.948717948717956;35.948717948717956;36.0;36.0;1;1
785.049;0.0;0.0;0.0;35.948717948717956;35.948717948717956;36.0;36.0;1;1
785.554;0.0;0.0;0.0;35.948717948717956;35.948717948717956;36.0;36.0;1;1
786.063;0.0;0.0;0.0;35.948717948717956;35.948717948717956;36.0;36.0;1;1
786.565;0.0;0.0;0.0;35.948717948717956;35.948717948717956;36.0;36.0;1;1
787.07;0.0;0.0;0.0;36.0;35.948717948717956;36.0;36.0;1;1
787.575;0.0;0.0;0.0;36.0;35.948717948717956;36.0;36.0;1;1
788.078;0.0;0.0;0.0;35.948717948717956;35.948717948717956;36.0;36.0;1;1
788.583;0.0;0.0;0.0;35.948717948717956;35.948717948717956;36.0;36.0;1;1
789.088;0.0;0.0;0.0;35.948717948717956;35.948717948717956;36.0;36.0;1;1
789.594;0.0;0.0;0.0;35.948717948717956;35.948717948717956;36.0;36.0;1;1
790.099;0.0;0.0;0.0;35.948717948717956;35.948717948717956;36.0;36.0;1;1
790.604;0.0;0.0;0.0;35.948717948717956;35.948717948717956;36.0;36.0;1;1
791.108;0.0;0.0;0.0;35.948717948717956;35.948717948717956;36.0;36.0;1;1
791.614;0.0;0.0;0.0;35.948717948717956;35.948717948717956;36.0;36.0;1;1
792.119;0.0;0.0;0.0;35.948717948717956;35.948717948717956;36.0;36.0;1;1
792.624;0.0;0.0;0.0;35.948717948717956;35.948717948717956;36.0;36.0;1;1
793.125;0.0;0.0;0.0;36.0;35.948717948717956;36.0;36.0;1;1
793.631;0.0;0.0;0.0;36.0;35.948717948717956;36.0;36.0;1;1
794.144;0.0;0.0;0.0;35.948717948717956;35.948717948717956;36.0;36.0;1;1
794.648;0.0;0.0;0.0;35.948717948717956;35.948717948717956;36.0;36.0;1;1
795.154;0.0;0.0;0.0;35.948717948717956;36.0;36.0;36.0;1;1
795.657;0.0;0.0;0.0;35.948717948717956;36.0;36.0;36.0;1;1
796.161;0.0;0.0;0.0;35.948717948717956;35.948717948717956;36.0;36.0;1;1
796.669;0.0;0.0;0.0;35.948717948717956;35.948717948717956;36.0;36.0;1;1
797.171;0.0;0.0;0.0;36.0;35.948717948717956;36.0;36.0;1;1
797.676;0.0;0.0;0.0;36.0;35.948717948717956;36.0;36.0;1;1
798.181;0.0;0.0;0.0;35.948717948717956;35.948717948717956;36.0;36.0;1;1
798.686;0.0;0.0;0.0;35.948717948717956;35.948717948717956;36.0;36.0;1;1
799.191;0.0;0.0;0.0;35.948717948717956;36.0;36.0;36.0;1;1
799.696;0.0;0.0;0.0;35.948717948717956;36.0;36.0;36.0;1;1
800.2;0.0;0.0;0.0;35.948717948717956;35.948717948717956;36.0;36.0;1;1
800.705;0.0;0.0;0.0;35.948717948717956;35.948717948717956;36.0;36.0;1;1
801.21;0.0;0.0;0.0;35.948717948717956;35.948717948717956;36.0;36.0;1;1
801.716;0.0;0.0;0.0;35.948717948717956;35.948717948717956;36.0;36.0;1;1
802.221;0.0;0.0;0.0;36.0;35.948717948717956;36.0;36.0;1;1
802.726;0.0;0.0;0.0;36.0;35.948717948717956;36.0;36.0;1;1
803.231;0.0;0.0;0.0;36.0;35.948717948717956;36.0;36.0;1;1
803.741;0.0;0.0;0.0;36.0;35.948717948717956;36.0;36.0;1;1
804.251;0.0;0.0;0.0;35.948717948717956;36.0;36.0;36.0;1;1
804.758;0.0;0.0;0.0;35.948717948717956;36.0;36.0;36.0;1;1
805.265;0.0;0.0;0.0;35.948717948717956;35.948717948717956;36.0;36.0;1;1
805.771;0.0;0.0;0.0;35.948717948717956;35.948717948717956;36.0;36.0;1;1
806.276;0.0;0.0;0.0;35.948717948717956;35.948717948717956;36.0;36.0;1;1
806.778;0.0;0.0;0.0;35.948717948717956;35.948717948717956;36.0;36.0;1;1
807.283;0.0;0.0;0.0;36.0;35.948717948717956;36.0;36.0;1;1
807.787;0.0;0.0;0.0;36.0;35.948717948717956;36.0;36.0;1;1
808.292;0.0;0.0;0.0;36.0;35.948717948717956;36.0;36.0;1;1
808.795;0.0;0.0;0.0;36.0;35.948717948717956;36.0;36.0;1;1
809.3;0.0;0.0;0.0;35.948717948717956;36.0;36.0;36.0;1;1
809.805;0.0;0.0;0.0;35.948717948717956;36.0;36.0;36.0;1;1
810.31;0.0;0.0;0.0;36.0;35.948717948717956;36.0;36.0;1;1
810.815;0.0;0.0;0.0;36.0;35.948717948717956;36.0;36.0;1;1
811.32;0.0;0.0;0.0;35.948717948717956;35.948717948717956;36.0;36.0;1;1
811.821;0.0;0.0;0.0;35.948717948717956;35.948717948717956;36.0;36.0;1;1
812.326;0.0;0.0;0.0;36.0;35.948717948717956;36.0;36.0;1;1
812.839;0.0;0.0;0.0;36.0;35.948717948717956;36.0;36.0;1;1
813.346;0.0;0.0;0.0;35.948717948717956;35.948717948717956;36.0;36.0;1;1
813.853;0.0;0.0;0.0;35.948717948717956;35.948717948717956;36.0;36.0;1;1
814.359;0.0;0.0;0.0;35.948717948717956;35.948717948717956;36.0;36.0;1;1
814.864;0.0;0.0;0.0;35.948717948717956;35.948717948717956;36.0;36.0;1;1
815.369;0.0;0.0;0.0;35.948717948717956;35.948717948717956;36.0;36.0;1;1
815.874;0.0;0.0;0.0;35.948717948717956;35.948717948717956;36.0;36.0;1;1
816.394;0.0;0.0;0.0;36.0;36.0;36.0;36.0;1;1
816.894;0.0;0.0;0.0;36.0;36.0;36.0;36.0;1;1
817.4;0.0;0.0;0.0;36.0;36.0;36.0;36.0;1;1
817.904;0.0;0.0;0.0;36.0;36.0;36.0;36.0;1;1
818.404;0.0;0.0;0.0;35.948717948717956;35.948717948717956;36.0;36.0;1;1
818.909;0.0;0.0;0.0;35.948717948717956;35.948717948717956;36.0;36.0;1;1
819.414;0.0;0.0;0.0;35.948717948717956;35.948717948717956;36.0;36.0;1;1
819.916;0.0;0.0;0.0;35.948717948717956;35.948717948717956;36.0;36.0;1;1
820.421;0.0;0.0;0.0;35.948717948717956;35.948717948717956;36.0;36.0;1;1
820.926;0.0;0.0;0.0;35.948717948717956;35.948717948717956;36.0;36.0;1;1
821.445;0.0;0.0;0.0;36.0;35.948717948717956;36.0;36.0;1;1
821.951;0.0;0.0;0.0;36.0;35.948717948717956;36.0;36.0;1;1
822.462;0.0;0.0;0.0;36.0;36.0;36.0;36.0;1;1
822.967;0.0;0.0;0.0;36.0;36.0;36.0;36.0;1;1
823.47;0.0;0.0;0.0;35.948717948717956;35.948717948717956;36.0;36.0;1;1
823.975;0.0;0.0;0.0;35.948717948717956;35.948717948717956;36.0;36.0;1;1
824.48;0.0;0.0;0.0;35.948717948717956;35.948717948717956;36.0;36.0;1;1
824.986;0.0;0.0;0.0;35.948717948717956;35.948717948717956;36.0;36.0;1;1
825.491;0.0;0.0;0.0;36.0;35.948717948717956;36.0;36.0;1;1
825.991;0.0;0.0;0.0;35.948717948717956;35.948717948717956;36.0;36.0;1;1
826.494;0.0;0.0;0.0;35.948717948717956;35.948717948717956;36.0;36.0;1;1
826.999;0.0;0.0;0.0;35.948717948717956;35.948717948717956;36.0;36.0;1;1
827.503;0.0;0.0;0.0;35.948717948717956;35.948717948717956;36.0;36.0;1;1
828.007;0.0;0.0;0.0;35.948717948717956;35.948717948717956;36.0;36.0;1;1
828.512;0.0;0.0;0.0;35.948717948717956;35.948717948717956;36.0;36.0;1;1
829.017;0.0;0.0;0.0;35.948717948717956;36.0;36.0;36.0;1;1
829.518;0.0;0.0;0.0;35.948717948717956;36.0;36.0;36.0;1;1
830.023;0.0;0.0;0.0;35.948717948717956;36.0;36.0;36.0;1;1
830.529;0.0;0.0;0.0;36.0;35.948717948717956;36.0;36.0;1;1
831.034;0.0;0.0;0.0;35.948717948717956;35.948717948717956;36.0;36.0;1;1
831.546;0.0;0.0;0.0;35.948717948717956;35.948717948717956;36.0;36.0;1;1
832.053;0.0;0.0;0.0;35.948717948717956;35.948717948717956;36.0;36.0;1;1
832.565;0.0;0.0;0.0;35.948717948717956;35.948717948717956;36.0;36.0;1;1
833.07;0.0;0.0;0.0;36.0;35.948717948717956;36.0;36.0;1;1
833.602;0.0;0.0;0.0;36.0;35.948717948717956;36.0;36.0;1;1
834.11;0.0;0.0;0.0;35.948717948717956;36.0;36.0;36.0;1;1
834.615;0.0;0.0;0.0;35.948717948717956;36.0;36.0;36.0;1;1
835.118;0.0;0.0;0.0;35.948717948717956;35.948717948717956;36.0;36.0;1;1
835.623;0.0;0.0;0.0;35.948717948717956;35.948717948717956;36.0;36.0;1;1
836.128;0.0;0.0;0.0;36.0;35.948717948717956;36.0;36.0;1;1
836.644;0.0;0.0;0.0;36.0;35.948717948717956;36.0;36.0;1;1
837.151;0.0;0.0;0.0;35.948717948717956;35.948717948717956;36.0;36.0;1;1
837.666;0.0;0.0;0.0;35.948717948717956;35.948717948717956;36.0;36.0;1;1
838.171;0.0;0.0;0.0;35.948717948717956;36.0;36.0;36.0;1;1
838.676;0.0;0.0;0.0;35.948717948717956;36.0;36.0;36.0;1;1
839.181;0.0;0.0;0.0;35.948717948717956;35.948717948717956;36.0;36.0;1;1
839.685;0.0;0.0;0.0;35.948717948717956;35.948717948717956;36.0;36.0;1;1
840.19;0.0;0.0;0.0;35.948717948717956;35.948717948717956;36.0;36.0;1;1
840.695;0.0;0.0;0.0;35.948717948717956;35.948717948717956;36.0;36.0;1;1
841.197;0.0;0.0;0.0;35.948717948717956;35.948717948717956;36.0;36.0;1;1
841.701;0.0;0.0;0.0;35.948717948717956;35.948717948717956;36.0;36.0;1;1
842.206;0.0;0.0;0.0;36.0;35.948717948717956;36.0;36.0;1;1
842.711;0.0;0.0;0.0;36.0;35.948717948717956;36.0;36.0;1;1
843.217;0.0;0.0;0.0;35.948717948717956;35.948717948717956;36.0;36.0;1;1
843.722;0.0;0.0;0.0;35.948717948717956;35.948717948717956;36.0;36.0;1;1
844.227;0.0;0.0;0.0;36.0;35.948717948717956;36.0;36.0;1;1
844.733;0.0;0.0;0.0;36.0;35.948717948717956;36.0;36.0;1;1
845.256;0.0;0.0;0.0;35.948717948717956;35.948717948717956;36.0;36.0;1;1
845.768;0.0;0.0;0.0;35.948717948717956;35.948717948717956;36.0;36.0;1;1
846.272;0.0;0.0;0.0;36.0;35.948717948717956;36.0;36.0;1;1
846.777;0.0;0.0;0.0;36.0;35.948717948717956;36.0;36.0;1;1
847.282;0.0;0.0;0.0;35.948717948717956;35.948717948717956;36.0;36.0;1;1
847.785;0.0;0.0;0.0;35.948717948717956;35.948717948717956;36.0;36.0;1;1
848.29;0.0;0.0;0.0;35.948717948717956;35.948717948717956;36.0;36.0;1;1
848.791;0.0;0.0;0.0;35.948717948717956;35.948717948717956;36.0;36.0;1;1
849.296;0.0;0.0;0.0;36.0;35.948717948717956;36.0;36.0;1;1
849.799;0.0;0.0;0.0;36.0;35.948717948717956;36.0;36.0;1;1
850.304;0.0;0.0;0.0;36.0;35.948717948717956;36.0;36.0;1;1
850.81;0.0;0.0;0.0;36.0;35.948717948717956;36.0;36.0;1;1
851.315;0.0;0.0;0.0;36.0;35.948717948717956;36.0;36.0;1;1
851.82;0.0;0.0;0.0;36.0;35.948717948717956;36.0;36.0;1;1
852.321;0.0;0.0;0.0;35.948717948717956;35.948717948717956;36.0;36.0;1;1
852.821;0.0;0.0;0.0;35.948717948717956;35.948717948717956;36.0;36.0;1;1
853.326;0.0;0.0;0.0;35.948717948717956;35.948717948717956;36.0;36.0;1;1
853.829;0.0;0.0;0.0;35.948717948717956;35.948717948717956;36.0;36.0;1;1
854.341;0.0;0.0;0.0;35.948717948717956;35.948717948717956;36.0;36.0;1;1
854.852;0.0;0.0;0.0;35.948717948717956;35.948717948717956;36.0;36.0;1;1
855.359;0.0;0.0;0.0;36.0;35.948717948717956;36.0;36.0;1;1
855.869;0.0;0.0;0.0;36.0;35.948717948717956;36.0;36.0;1;1
856.387;0.0;0.0;0.0;36.0;36.0;36.0;36.0;1;1
856.898;0.0;0.0;0.0;36.0;36.0;36.0;36.0;1;1
857.399;0.0;0.0;0.0;35.948717948717956;35.948717948717956;36.0;36.0;1;1
857.905;0.0;0.0;0.0;35.948717948717956;35.948717948717956;36.0;36.0;1;1
858.407;0.0;0.0;0.0;35.948717948717956;35.948717948717956;36.0;36.0;1;1
858.984;0.0;0.0;0.0;35.948717948717956;35.948717948717956;36.0;36.0;1;1
859.511;0.0;0.0;0.0;36.0;35.948717948717956;36.0;36.0;1;1
860.011;0.0;0.0;0.0;36.0;35.948717948717956;36.0;36.0;1;1
860.516;0.0;0.0;0.0;36.0;35.948717948717956;36.0;36.0;1;1
861.021;0.0;0.0;0.0;36.0;35.948717948717956;36.0;36.0;1;1
861.522;0.0;0.0;0.0;35.948717948717956;35.948717948717956;36.0;36.0;1;1
862.027;0.0;0.0;0.0;35.948717948717956;35.948717948717956;36.0;36.0;1;1
862.529;0.0;0.0;0.0;36.0;35.948717948717956;36.0;36.0;1;1
863.031;0.0;0.0;0.0;36.0;35.948717948717956;36.0;36.0;1;1
863.556;0.0;0.0;0.0;35.948717948717956;35.948717948717956;36.0;36.0;1;1
864.059;0.0;0.0;0.0;35.948717948717956;35.948717948717956;36.0;36.0;1;1
864.567;0.0;0.0;0.0;35.948717948717956;35.948717948717956;36.0;36.0;1;1
865.071;0.0;0.0;0.0;35.948717948717956;35.948717948717956;36.0;36.0;1;1
865.576;0.0;0.0;0.0;35.948717948717956;35.948717948717956;36.0;36.0;1;1
866.081;0.0;0.0;0.0;35.948717948717956;35.948717948717956;36.0;36.0;1;1
866.586;0.0;0.0;0.0;35.948717948717956;35.948717948717956;36.0;36.0;1;1
867.087;0.0;0.0;0.0;35.948717948717956;35.948717948717956;36.0;36.0;1;1
867.59;0.0;0.0;0.0;35.948717948717956;35.948717948717956;36.0;36.0;1;1
868.095;0.0;0.0;0.0;35.948717948717956;35.948717948717956;36.0;36.0;1;1
868.6;0.0;0.0;0.0;35.948717948717956;35.948717948717956;36.0;36.0;1;1
869.105;0.0;0.0;0.0;35.948717948717956;35.948717948717956;36.0;36.0;1;1
869.61;0.0;0.0;0.0;35.948717948717956;35.948717948717956;36.0;36.0;1;1
870.138;0.0;0.0;0.0;35.948717948717956;35.948717948717956;36.0;36.0;1;1
870.662;0.0;0.0;0.0;35.948717948717956;35.948717948717956;36.0;36.0;1;1
871.179;0.0;0.0;0.0;36.0;35.948717948717956;36.0;36.0;1;1
871.693;0.0;0.0;0.0;36.0;35.948717948717956;36.0;36.0;1;1
872.202;0.0;0.0;0.0;36.0;35.948717948717956;36.0;36.0;1;1
872.708;0.0;0.0;0.0;36.0;36.0;36.0;36.0;1;1
873.212;0.0;0.0;0.0;36.0;35.948717948717956;36.0;36.0;1;1
873.715;0.0;0.0;0.0;36.0;35.948717948717956;36.0;36.0;1;1
874.222;0.0;0.0;0.0;35.948717948717956;35.948717948717956;36.0;36.0;1;1
874.723;0.0;0.0;0.0;35.948717948717956;35.948717948717956;36.0;36.0;1;1
875.231;0.0;0.0;0.0;35.948717948717956;36.0;36.0;36.0;1;1
875.743;0.0;0.0;0.0;35.948717948717956;36.0;36.0;36.0;1;1
876.254;0.0;0.0;0.0;35.948717948717956;35.948717948717956;36.0;36.0;1;1
876.768;0.0;0.0;0.0;35.948717948717956;35.948717948717956;36.0;36.0;1;1
877.28;0.0;0.0;0.0;35.948717948717956;35.948717948717956;36.0;36.0;1;1
877.79;0.0;0.0;0.0;35.948717948717956;35.948717948717956;36.0;36.0;1;1
878.3;0.0;0.0;0.0;35.948717948717956;35.948717948717956;36.0;36.0;1;1
878.824;0.0;0.0;0.0;35.948717948717956;35.948717948717956;36.0;36.0;1;1
879.34;0.0;0.0;0.0;35.948717948717956;35.948717948717956;36.0;36.0;1;1
879.856;0.0;0.0;0.0;35.948717948717956;35.948717948717956;36.0;36.0;1;1
880.359;0.0;0.0;0.0;35.948717948717956;36.0;36.0;36.0;1;1
880.91;0.0;0.0;0.0;35.948717948717956;36.0;36.0;36.0;1;1
881.606;0.0;0.0;0.0;35.948717948717956;35.948717948717956;36.0;36.0;1;1
882.12;0.0;0.0;0.0;35.948717948717956;35.948717948717956;36.0;36.0;1;1
882.632;0.0;0.0;0.0;35.948717948717956;36.0;36.0;36.0;1;1
883.135;0.0;0.0;0.0;35.948717948717956;36.0;36.0;36.0;1;1
883.642;0.0;0.0;0.0;35.948717948717956;35.948717948717956;36.0;36.0;1;1
884.15;0.0;0.0;0.0;35.948717948717956;35.948717948717956;36.0;36.0;1;1
884.661;0.0;0.0;0.0;35.948717948717956;36.0;36.0;36.0;1;1
885.175;0.0;0.0;0.0;36.0;36.0;36.0;36.0;1;1
885.715;0.0;0.0;0.0;36.0;36.0;36.0;36.0;1;1
886.221;0.0;0.0;0.0;36.0;36.0;36.0;36.0;1;1
886.74;0.0;0.0;0.0;36.0;36.0;36.0;36.0;1;1
887.245;0.0;0.0;0.0;35.948717948717956;36.0;36.0;36.0;1;1
887.754;0.0;0.0;0.0;35.948717948717956;36.0;36.0;36.0;1;1
888.267;0.0;0.0;0.0;36.0;35.948717948717956;36.0;36.0;1;1
888.78;0.0;0.0;0.0;36.0;35.948717948717956;36.0;36.0;1;1
889.282;0.0;0.0;0.0;35.948717948717956;35.948717948717956;36.0;36.0;1;1
889.785;0.0;0.0;0.0;35.948717948717956;35.948717948717956;36.0;36.0;1;1
890.287;0.0;0.0;0.0;35.948717948717956;36.0;36.0;36.0;1;1
890.793;0.0;0.0;0.0;35.948717948717956;36.0;36.0;36.0;1;1
891.294;0.0;0.0;0.0;35.948717948717956;35.948717948717956;36.0;36.0;1;1
891.796;0.0;0.0;0.0;35.948717948717956;35.948717948717956;36.0;36.0;1;1
892.325;0.0;0.0;0.0;35.948717948717956;35.948717948717956;36.0;36.0;1;1
892.832;0.0;0.0;0.0;35.948717948717956;35.948717948717956;36.0;36.0;1;1
893.352;0.0;0.0;0.0;35.948717948717956;36.0;36.0;36.0;1;1
893.863;0.0;0.0;0.0;35.948717948717956;36.0;36.0;36.0;1;1
894.371;0.0;0.0;0.0;35.948717948717956;36.0;36.0;36.0;1;1
894.889;0.0;0.0;0.0;35.948717948717956;36.0;36.0;36.0;1;1
895.398;0.0;0.0;0.0;35.948717948717956;35.948717948717956;36.0;36.0;1;1
895.9;0.0;0.0;0.0;35.948717948717956;35.948717948717956;36.0;36.0;1;1
896.409;0.0;0.0;0.0;35.948717948717956;36.0;36.0;36.0;1;1
896.929;0.0;0.0;0.0;35.948717948717956;36.0;36.0;36.0;1;1
897.439;0.0;0.0;0.0;35.948717948717956;36.0;36.0;36.0;1;1
897.947;0.0;0.0;0.0;35.948717948717956;36.0;36.0;36.0;1;1
898.449;0.0;0.0;0.0;35.948717948717956;35.948717948717956;36.0;36.0;1;1
898.957;0.0;0.0;0.0;35.948717948717956;35.948717948717956;36.0;36.0;1;1
899.467;0.0;0.0;0.0;35.948717948717956;36.0;36.0;36.0;1;1
899.979;0.0;0.0;0.0;35.948717948717956;36.0;36.0;36.0;1;1
900.507;0.0;0.0;0.0;35.948717948717956;36.0;36.0;36.0;1;1
901.015;0.0;0.0;0.0;35.948717948717956;36.0;36.0;36.0;1;1
901.518;0.0;0.0;0.0;35.948717948717956;36.0;36.0;36.0;1;1
902.022;0.0;0.0;0.0;35.948717948717956;36.0;36.0;36.0;1;1
902.524;0.0;0.0;0.0;35.948717948717956;36.0;36.0;36.0;1;1
903.038;0.0;0.0;0.0;35.948717948717956;36.0;36.0;36.0;1;1
903.551;0.0;0.0;0.0;35.948717948717956;35.948717948717956;36.0;36.0;1;1
904.079;0.0;0.0;0.0;35.948717948717956;35.948717948717956;36.0;36.0;1;1
904.588;0.0;0.0;0.0;35.948717948717956;35.948717948717956;36.0;36.0;1;1
905.159;0.0;0.0;0.0;35.948717948717956;35.948717948717956;36.0;36.0;1;1
905.68;0.0;0.0;0.0;35.948717948717956;35.948717948717956;36.0;36.0;1;1
906.196;0.0;0.0;0.0;35.948717948717956;35.948717948717956;36.0;36.0;1;1
906.705;0.0;0.0;0.0;35.948717948717956;35.948717948717956;36.0;36.0;1;1
907.231;0.0;0.0;0.0;36.0;36.0;36.0;36.0;1;1
907.735;0.0;0.0;0.0;36.0;36.0;36.0;36.0;1;1
908.264;0.0;0.0;0.0;35.948717948717956;35.948717948717956;36.0;36.0;1;1
908.779;0.0;0.0;0.0;35.948717948717956;35.948717948717956;36.0;36.0;1;1
909.297;0.0;0.0;0.0;35.948717948717956;35.948717948717956;36.0;36.0;1;1
909.808;0.0;0.0;0.0;35.948717948717956;35.948717948717956;36.0;36.0;1;1
910.311;0.0;0.0;0.0;35.948717948717956;36.0;36.0;36.0;1;1
910.824;0.0;0.0;0.0;35.948717948717956;36.0;36.0;36.0;1;1
911.328;0.0;0.0;0.0;35.948717948717956;36.0;36.0;36.0;1;1
911.838;0.0;0.0;0.0;35.948717948717956;36.0;36.0;36.0;1;1
912.344;0.0;0.0;0.0;35.948717948717956;36.0;36.0;36.0;1;1
912.872;0.0;0.0;0.0;35.948717948717956;36.0;36.0;36.0;1;1
913.598;0.0;0.0;0.0;35.948717948717956;35.948717948717956;36.0;36.0;1;1
914.135;0.0;0.0;0.0;35.948717948717956;35.948717948717956;36.0;36.0;1;1
914.643;0.0;0.0;0.0;35.948717948717956;35.948717948717956;36.0;36.0;1;1
915.154;0.0;0.0;0.0;35.948717948717956;35.948717948717956;36.0;36.0;1;1
915.659;0.0;0.0;0.0;35.948717948717956;35.948717948717956;36.0;36.0;1;1
916.171;0.0;0.0;0.0;35.948717948717956;35.948717948717956;36.0;36.0;1;1
916.679;0.0;0.0;0.0;35.948717948717956;35.948717948717956;36.0;36.0;1;1
917.195;0.0;0.0;0.0;35.948717948717956;35.948717948717956;36.0;36.0;1;1
917.711;0.0;0.0;0.0;35.948717948717956;36.0;36.0;36.0;1;1
918.256;0.0;0.0;0.0;35.948717948717956;36.0;36.0;36.0;1;1
918.766;0.0;0.0;0.0;35.948717948717956;36.0;36.0;36.0;1;1
919.281;0.0;0.0;0.0;35.948717948717956;36.0;36.0;36.0;1;1
919.816;0.0;0.0;0.0;35.948717948717956;35.948717948717956;36.0;36.0;1;1
920.337;0.0;0.0;0.0;35.948717948717956;35.948717948717956;36.0;36.0;1;1
920.843;0.0;0.0;0.0;35.948717948717956;35.948717948717956;36.0;36.0;1;1
921.348;0.0;0.0;0.0;35.948717948717956;36.0;36.0;36.0;1;1
921.86;0.0;0.0;0.0;35.948717948717956;36.0;36.0;36.0;1;1
922.374;0.0;0.0;0.0;35.948717948717956;35.948717948717956;36.0;36.0;1;1
922.896;0.0;0.0;0.0;35.948717948717956;35.948717948717956;36.0;36.0;1;1
923.415;0.0;0.0;0.0;35.948717948717956;35.948717948717956;36.0;36.0;1;1
923.92;0.0;0.0;0.0;35.948717948717956;35.948717948717956;36.0;36.0;1;1
924.43;0.0;0.0;0.0;36.0;35.948717948717956;36.0;36.0;1;1
924.932;0.0;0.0;0.0;36.0;35.948717948717956;36.0;36.0;1;1
925.445;0.0;0.0;0.0;35.948717948717956;35.948717948717956;36.0;36.0;1;1
925.951;0.0;0.0;0.0;35.948717948717956;35.948717948717956;36.0;36.0;1;1
926.458;0.0;0.0;0.0;35.948717948717956;35.948717948717956;36.0;36.0;1;1
926.967;0.0;0.0;0.0;35.948717948717956;35.948717948717956;36.0;36.0;1;1
927.473;0.0;0.0;0.0;35.948717948717956;35.948717948717956;36.0;36.0;1;1
927.979;0.0;0.0;0.0;35.948717948717956;35.948717948717956;36.0;36.0;1;1
928.484;0.0;0.0;0.0;35.948717948717956;35.948717948717956;36.0;36.0;1;1
928.985;0.0;0.0;0.0;35.948717948717956;35.948717948717956;36.0;36.0;1;1
929.49;0.0;0.0;0.0;35.948717948717956;35.948717948717956;36.0;36.0;1;1
929.995;0.0;0.0;0.0;35.948717948717956;35.948717948717956;36.0;36.0;1;1
930.502;0.0;0.0;0.0;35.948717948717956;36.0;36.0;36.0;1;1
931.007;0.0;0.0;0.0;35.948717948717956;36.0;36.0;36.0;1;1
931.512;0.0;0.0;0.0;35.948717948717956;35.948717948717956;36.0;36.0;1;1
932.017;0.0;0.0;0.0;35.948717948717956;35.948717948717956;36.0;36.0;1;1
932.52;0.0;0.0;0.0;35.948717948717956;35.948717948717956;36.0;36.0;1;1
933.025;0.0;0.0;0.0;35.948717948717956;35.948717948717956;36.0;36.0;1;1
933.53;0.0;0.0;0.0;35.948717948717956;35.948717948717956;36.0;36.0;1;1
934.034;0.0;0.0;0.0;35.948717948717956;35.948717948717956;36.0;36.0;1;1
934.555;0.0;0.0;0.0;35.948717948717956;35.948717948717956;36.0;36.0;1;1
935.059;0.0;0.0;0.0;35.948717948717956;35.948717948717956;36.0;36.0;1;1
935.568;0.0;0.0;0.0;35.948717948717956;36.0;36.0;36.0;1;1
936.073;0.0;0.0;0.0;35.948717948717956;36.0;36.0;36.0;1;1
936.577;0.0;0.0;0.0;35.948717948717956;35.948717948717956;36.0;36.0;1;1
937.078;0.0;0.0;0.0;35.948717948717956;35.948717948717956;36.0;36.0;1;1
937.579;0.0;0.0;0.0;35.948717948717956;35.948717948717956;36.0;36.0;1;1
938.082;0.0;0.0;0.0;35.948717948717956;35.948717948717956;36.0;36.0;1;1
938.583;0.0;0.0;0.0;36.0;35.948717948717956;36.0;36.0;1;1
939.089;0.0;0.0;0.0;36.0;35.948717948717956;36.0;36.0;1;1
939.594;0.0;0.0;0.0;35.948717948717956;35.948717948717956;36.0;36.0;1;1
940.097;0.0;0.0;0.0;35.948717948717956;35.948717948717956;36.0;36.0;1;1
940.6;0.0;0.0;0.0;35.948717948717956;35.948717948717956;36.0;36.0;1;1
941.102;0.0;0.0;0.0;35.948717948717956;35.948717948717956;36.0;36.0;1;1
941.607;0.0;0.0;0.0;35.948717948717956;35.948717948717956;36.0;36.0;1;1
942.182;0.0;0.0;0.0;35.948717948717956;35.948717948717956;36.0;36.0;1;1
942.698;0.0;0.0;0.0;35.948717948717956;35.948717948717956;36.0;36.0;1;1
943.231;0.0;0.0;0.0;35.948717948717956;35.948717948717956;36.0;36.0;1;1
943.805;0.0;0.0;0.0;35.8974358974359;35.948717948717956;36.0;36.0;1;1
944.31;0.0;0.0;0.0;35.8974358974359;35.948717948717956;36.0;36.0;1;1
944.815;0.0;0.0;0.0;35.948717948717956;35.948717948717956;36.0;36.0;1;1
945.32;0.0;0.0;0.0;35.948717948717956;35.948717948717956;36.0;36.0;1;1
945.824;0.0;0.0;0.0;35.948717948717956;35.948717948717956;36.0;36.0;1;1
946.327;0.0;0.0;0.0;35.948717948717956;35.948717948717956;36.0;36.0;1;1
946.833;0.0;0.0;0.0;35.948717948717956;35.948717948717956;36.0;36.0;1;1
947.352;0.0;0.0;0.0;35.948717948717956;35.948717948717956;36.0;36.0;1;1
947.865;0.0;0.0;0.0;35.948717948717956;35.948717948717956;36.0;36.0;1;1
948.37;0.0;0.0;0.0;35.948717948717956;35.948717948717956;36.0;36.0;1;1
948.872;0.0;0.0;0.0;35.948717948717956;35.948717948717956;36.0;36.0;1;1
949.377;0.0;0.0;0.0;35.948717948717956;35.948717948717956;36.0;36.0;1;1
949.882;0.0;0.0;0.0;35.948717948717956;35.948717948717956;36.0;36.0;1;1
950.384;0.0;0.0;0.0;35.948717948717956;35.948717948717956;36.0;36.0;1;1
950.886;0.0;0.0;0.0;35.948717948717956;35.948717948717956;36.0;36.0;1;1
951.387;0.0;0.0;0.0;35.948717948717956;35.948717948717956;36.0;36.0;1;1
951.892;0.0;0.0;0.0;36.0;35.948717948717956;36.0;36.0;1;1
952.394;0.0;0.0;0.0;35.948717948717956;35.948717948717956;36.0;36.0;1;1
952.899;0.0;0.0;0.0;35.948717948717956;35.948717948717956;36.0;36.0;1;1
953.404;0.0;0.0;0.0;35.948717948717956;35.948717948717956;36.0;36.0;1;1
953.906;0.0;0.0;0.0;35.948717948717956;35.948717948717956;36.0;36.0;1;1
954.409;0.0;0.0;0.0;35.948717948717956;35.948717948717956;36.0;36.0;1;1
954.913;0.0;0.0;0.0;35.948717948717956;36.0;36.0;36.0;1;1
955.418;0.0;0.0;0.0;35.948717948717956;35.948717948717956;36.0;36.0;1;1
955.923;0.0;0.0;0.0;35.948717948717956;35.948717948717956;36.0;36.0;1;1
956.428;0.0;0.0;0.0;35.948717948717956;35.948717948717956;36.0;36.0;1;1
956.929;0.0;0.0;0.0;35.948717948717956;35.948717948717956;36.0;36.0;1;1
957.441;0.0;0.0;0.0;35.948717948717956;35.948717948717956;36.0;36.0;1;1
957.956;0.0;0.0;0.0;35.948717948717956;35.948717948717956;36.0;36.0;1;1
958.465;0.0;0.0;0.0;35.948717948717956;35.948717948717956;36.0;36.0;1;1
958.969;0.0;0.0;0.0;35.948717948717956;35.948717948717956;36.0;36.0;1;1
959.473;0.0;0.0;0.0;35.948717948717956;35.948717948717956;36.0;36.0;1;1
959.978;0.0;0.0;0.0;35.948717948717956;35.948717948717956;36.0;36.0;1;1
960.482;0.0;0.0;0.0;35.948717948717956;36.0;36.0;36.0;1;1
960.982;0.0;0.0;0.0;35.948717948717956;36.0;36.0;36.0;1;1
961.483;0.0;0.0;0.0;35.948717948717956;35.948717948717956;36.0;36.0;1;1
961.989;0.0;0.0;0.0;35.948717948717956;35.948717948717956;36.0;36.0;1;1
962.489;0.0;0.0;0.0;35.948717948717956;35.948717948717956;36.0;36.0;1;1
962.994;0.0;0.0;0.0;35.948717948717956;35.948717948717956;36.0;36.0;1;1
963.499;0.0;0.0;0.0;35.948717948717956;35.948717948717956;36.0;36.0;1;1
964.004;0.0;0.0;0.0;35.948717948717956;35.948717948717956;36.0;36.0;1;1
964.508;0.0;0.0;0.0;35.948717948717956;35.948717948717956;36.0;36.0;1;1
965.013;0.0;0.0;0.0;35.948717948717956;35.948717948717956;36.0;36.0;1;1
965.518;0.0;0.0;0.0;35.948717948717956;35.948717948717956;36.0;36.0;1;1
966.023;0.0;0.0;0.0;35.948717948717956;35.948717948717956;36.0;36.0;1;1
966.529;0.0;0.0;0.0;35.948717948717956;35.948717948717956;36.0;36.0;1;1
967.045;0.0;0.0;0.0;35.948717948717956;35.948717948717956;36.0;36.0;1;1
967.553;0.0;0.0;0.0;35.948717948717956;35.948717948717956;36.0;36.0;1;1
968.083;0.0;0.0;0.0;35.948717948717956;35.948717948717956;36.0;36.0;1;1
968.586;0.0;0.0;0.0;35.948717948717956;35.948717948717956;36.0;36.0;1;1
969.091;0.0;0.0;0.0;35.948717948717956;35.948717948717956;36.0;36.0;1;1
969.593;0.0;0.0;0.0;35.948717948717956;35.948717948717956;36.0;36.0;1;1
970.098;0.0;0.0;0.0;35.948717948717956;35.948717948717956;36.0;36.0;1;1
970.6;0.0;0.0;0.0;35.948717948717956;35.948717948717956;36.0;36.0;1;1
971.105;0.0;0.0;0.0;35.948717948717956;35.948717948717956;36.0;36.0;1;1
971.607;0.0;0.0;0.0;35.948717948717956;35.948717948717956;36.0;36.0;1;1
972.109;0.0;0.0;0.0;35.948717948717956;35.948717948717956;36.0;36.0;1;1
972.614;0.0;0.0;0.0;35.948717948717956;35.948717948717956;36.0;36.0;1;1
973.116;0.0;0.0;0.0;35.948717948717956;35.948717948717956;36.0;36.0;1;1
973.619;0.0;0.0;0.0;35.948717948717956;35.948717948717956;36.0;36.0;1;1
974.124;0.0;0.0;0.0;35.948717948717956;35.948717948717956;36.0;36.0;1;1
974.629;0.0;0.0;0.0;35.948717948717956;35.948717948717956;36.0;36.0;1;1
975.145;0.0;0.0;0.0;35.948717948717956;35.948717948717956;36.0;36.0;1;1
975.65;0.0;0.0;0.0;35.948717948717956;35.948717948717956;36.0;36.0;1;1
976.154;0.0;0.0;0.0;35.948717948717956;35.948717948717956;36.0;36.0;1;1
976.661;0.0;0.0;0.0;35.948717948717956;35.948717948717956;36.0;36.0;1;1
977.167;0.0;0.0;0.0;35.948717948717956;35.948717948717956;36.0;36.0;1;1
977.672;0.0;0.0;0.0;35.8974358974359;35.948717948717956;36.0;36.0;1;1
978.177;0.0;0.0;0.0;35.8974358974359;35.948717948717956;36.0;36.0;1;1
978.677;0.0;0.0;0.0;35.948717948717956;35.948717948717956;36.0;36.0;1;1
979.181;0.0;0.0;0.0;35.948717948717956;35.948717948717956;36.0;36.0;1;1
979.687;0.0;0.0;0.0;35.948717948717956;35.948717948717956;36.0;36.0;1;1
980.191;0.0;0.0;0.0;35.948717948717956;35.948717948717956;36.0;36.0;1;1
980.694;0.0;0.0;0.0;35.948717948717956;35.948717948717956;36.0;36.0;1;1
981.195;0.0;0.0;0.0;35.948717948717956;35.948717948717956;36.0;36.0;1;1
981.7;0.0;0.0;0.0;35.948717948717956;35.948717948717956;36.0;36.0;1;1
982.205;0.0;0.0;0.0;35.948717948717956;35.948717948717956;36.0;36.0;1;1
982.707;0.0;0.0;0.0;35.948717948717956;35.948717948717956;36.0;36.0;1;1
983.211;0.0;0.0;0.0;35.948717948717956;35.948717948717956;36.0;36.0;1;1
983.716;0.0;0.0;0.0;35.948717948717956;35.948717948717956;36.0;36.0;1;1
984.22;0.0;0.0;0.0;35.948717948717956;35.948717948717956;36.0;36.0;1;1
984.72;0.0;0.0;0.0;35.948717948717956;35.948717948717956;36.0;36.0;1;1
985.225;0.0;0.0;0.0;35.948717948717956;35.948717948717956;36.0;36.0;1;1
985.736;0.0;0.0;0.0;35.948717948717956;35.948717948717956;36.0;36.0;1;1
986.25;0.0;0.0;0.0;35.948717948717956;35.948717948717956;36.0;36.0;1;1
986.756;0.0;0.0;0.0;35.948717948717956;35.948717948717956;36.0;36.0;1;1
987.264;0.0;0.0;0.0;35.948717948717956;35.948717948717956;36.0;36.0;1;1
987.769;0.0;0.0;0.0;36.0;35.948717948717956;36.0;36.0;1;1
988.272;0.0;0.0;0.0;36.0;35.948717948717956;36.0;36.0;1;1
988.777;0.0;0.0;0.0;35.948717948717956;35.948717948717956;36.0;36.0;1;1
989.282;0.0;0.0;0.0;35.948717948717956;35.948717948717956;36.0;36.0;1;1
989.787;0.0;0.0;0.0;36.0;35.948717948717956;36.0;36.0;1;1
990.289;0.0;0.0;0.0;36.0;35.948717948717956;36.0;36.0;1;1
990.791;0.0;0.0;0.0;35.948717948717956;35.948717948717956;36.0;36.0;1;1
991.297;0.0;0.0;0.0;35.948717948717956;35.948717948717956;36.0;36.0;1;1
991.802;0.0;0.0;0.0;35.948717948717956;35.948717948717956;36.0;36.0;1;1
992.305;0.0;0.0;0.0;35.948717948717956;35.948717948717956;36.0;36.0;1;1
992.806;0.0;0.0;0.0;36.0;35.948717948717956;36.0;36.0;1;1
993.311;0.0;0.0;0.0;36.0;35.948717948717956;36.0;36.0;1;1
993.815;0.0;0.0;0.0;35.948717948717956;35.948717948717956;36.0;36.0;1;1
994.319;0.0;0.0;0.0;35.948717948717956;35.948717948717956;36.0;36.0;1;1
994.825;0.0;0.0;0.0;35.948717948717956;35.948717948717956;36.0;36.0;1;1
995.33;0.0;0.0;0.0;35.948717948717956;35.948717948717956;36.0;36.0;1;1
995.831;0.0;0.0;0.0;35.948717948717956;35.948717948717956;36.0;36.0;1;1
996.348;0.0;0.0;0.0;35.948717948717956;35.948717948717956;36.0;36.0;1;1
996.853;0.0;0.0;0.0;35.948717948717956;35.948717948717956;36.0;36.0;1;1
997.363;0.0;0.0;0.0;35.948717948717956;35.948717948717956;36.0;36.0;1;1
997.868;0.0;0.0;0.0;35.948717948717956;35.948717948717956;36.0;36.0;1;1
998.373;0.0;0.0;0.0;35.948717948717956;35.948717948717956;36.0;36.0;1;1
998.878;0.0;0.0;0.0;35.948717948717956;35.948717948717956;36.0;36.0;1;1
999.38;0.0;0.0;0.0;35.948717948717956;35.948717948717956;36.0;36.0;1;1
