Time_Sec;Pos_H;Pos_V;Pos_R;Temp_A;Temp_B;Set_A;Set_B;Stable_A;Stable_B
0.015;0.0;0.0;0.0;31.99145299145299;31.94017094017094;32.0;32.0;1;1
0.139;0.0;0.0;0.0;31.99145299145299;31.94017094017094;32.0;32.0;1;1
0.247;0.0;0.0;0.0;31.99145299145299;31.94017094017094;32.0;32.0;1;1
0.358;0.0;0.0;0.0;31.99145299145299;31.94017094017094;32.0;32.0;1;1
0.466;0.0;0.0;0.0;31.99145299145299;31.94017094017094;32.0;32.0;1;1
0.581;0.0;0.0;0.0;31.99145299145299;31.94017094017094;32.0;32.0;1;1
0.692;0.0;0.0;0.0;31.99145299145299;31.94017094017094;32.0;32.0;1;1
0.804;0.0;0.0;0.0;31.99145299145299;31.94017094017094;32.0;32.0;1;1
0.917;0.0;0.0;0.0;31.99145299145299;31.94017094017094;32.0;32.0;1;1
1.033;0.0;0.0;0.0;31.99145299145299;31.94017094017094;32.0;32.0;1;1
1.14;0.0;0.0;0.0;31.94017094017094;31.94017094017094;32.0;32.0;1;1
1.246;0.0;0.0;0.0;31.94017094017094;31.94017094017094;32.0;32.0;1;1
1.358;0.0;0.0;0.0;31.94017094017094;31.94017094017094;32.0;32.0;1;1
1.458;0.0;0.0;0.0;31.94017094017094;31.94017094017094;32.0;32.0;1;1
1.561;0.0;0.0;0.0;31.94017094017094;31.94017094017094;32.0;32.0;1;1
1.662;0.0;0.0;0.0;31.94017094017094;31.94017094017094;32.0;32.0;1;1
1.768;0.0;0.0;0.0;31.94017094017094;31.94017094017094;32.0;32.0;1;1
1.869;0.0;0.0;0.0;31.94017094017094;31.94017094017094;32.0;32.0;1;1
1.969;0.0;0.0;0.0;31.94017094017094;31.94017094017094;32.0;32.0;1;1
2.069;0.0;0.0;0.0;31.94017094017094;31.94017094017094;32.0;32.0;1;1
2.17;0.0;0.0;0.0;31.99145299145299;31.94017094017094;32.0;32.0;1;1
2.271;0.0;0.0;0.0;31.99145299145299;31.94017094017094;32.0;32.0;1;1
2.374;0.0;0.0;0.0;31.99145299145299;31.94017094017094;32.0;32.0;1;1
2.474;0.0;0.0;0.0;31.99145299145299;31.94017094017094;32.0;32.0;1;1
2.581;0.0;0.0;0.0;31.99145299145299;31.94017094017094;32.0;32.0;1;1
2.692;0.0;0.0;0.0;31.99145299145299;31.94017094017094;32.0;32.0;1;1
2.792;0.0;0.0;0.0;31.99145299145299;31.94017094017094;32.0;32.0;1;1
2.894;0.0;0.0;0.0;31.99145299145299;31.94017094017094;32.0;32.0;1;1
2.997;0.0;0.0;0.0;31.99145299145299;31.94017094017094;32.0;32.0;1;1
3.106;0.0;0.0;0.0;31.99145299145299;31.94017094017094;32.0;32.0;1;1
3.21;0.0;0.0;0.0;31.99145299145299;31.94017094017094;32.0;32.0;1;1
3.327;0.0;0.0;0.0;31.99145299145299;31.94017094017094;32.0;32.0;1;1
3.432;0.0;0.0;0.0;31.99145299145299;31.94017094017094;32.0;32.0;1;1
3.544;0.0;0.0;0.0;31.99145299145299;31.94017094017094;32.0;32.0;1;1
3.653;0.0;0.0;0.0;31.99145299145299;31.94017094017094;32.0;32.0;1;1
3.766;0.0;0.0;0.0;31.99145299145299;31.94017094017094;32.0;32.0;1;1
3.878;0.0;0.0;0.0;31.99145299145299;31.94017094017094;32.0;32.0;1;1
3.985;0.0;0.0;0.0;31.99145299145299;31.94017094017094;32.0;32.0;1;1
4.096;0.0;0.0;0.0;31.99145299145299;31.94017094017094;32.0;32.0;1;1
4.199;0.0;0.0;0.0;31.99145299145299;31.94017094017094;32.0;32.0;1;1
4.3;0.0;0.0;0.0;31.99145299145299;31.94017094017094;32.0;32.0;1;1
4.414;0.0;0.0;0.0;31.99145299145299;31.94017094017094;32.0;32.0;1;1
4.523;0.0;0.0;0.0;31.99145299145299;31.94017094017094;32.0;32.0;1;1
4.624;0.0;0.0;0.0;31.99145299145299;31.94017094017094;32.0;32.0;1;1
4.746;0.0;0.0;0.0;31.99145299145299;31.94017094017094;32.0;32.0;1;1
4.861;0.0;0.0;0.0;31.99145299145299;31.94017094017094;32.0;32.0;1;1
4.971;0.0;0.0;0.0;31.99145299145299;31.94017094017094;32.0;32.0;1;1
5.079;0.0;0.0;0.0;31.99145299145299;31.94017094017094;32.0;32.0;1;1
5.193;0.0;0.0;0.0;31.99145299145299;31.94017094017094;32.0;32.0;1;1
5.303;0.0;0.0;0.0;31.99145299145299;31.94017094017094;32.0;32.0;1;1
5.413;0.0;0.0;0.0;31.99145299145299;31.94017094017094;32.0;32.0;1;1
5.522;0.0;0.0;0.0;31.99145299145299;31.94017094017094;32.0;32.0;1;1
5.634;0.0;0.0;0.0;31.99145299145299;31.94017094017094;32.0;32.0;1;1
5.743;0.0;0.0;0.0;31.99145299145299;31.94017094017094;32.0;32.0;1;1
5.854;0.0;0.0;0.0;31.99145299145299;31.94017094017094;32.0;32.0;1;1
5.965;0.0;0.0;0.0;31.99145299145299;31.94017094017094;32.0;32.0;1;1
6.076;0.0;0.0;0.0;31.99145299145299;31.94017094017094;32.0;32.0;1;1
6.183;0.0;0.0;0.0;31.99145299145299;31.99145299145299;32.0;32.0;1;1
6.299;0.0;0.0;0.0;31.99145299145299;31.99145299145299;32.0;32.0;1;1
6.412;0.0;0.0;0.0;31.99145299145299;31.99145299145299;32.0;32.0;1;1
6.522;0.0;0.0;0.0;31.99145299145299;31.99145299145299;32.0;32.0;1;1
6.63;0.0;0.0;0.0;31.99145299145299;31.99145299145299;32.0;32.0;1;1
6.731;0.0;0.0;0.0;31.99145299145299;31.99145299145299;32.0;32.0;1;1
6.834;0.0;0.0;0.0;31.99145299145299;31.99145299145299;32.0;32.0;1;1
6.94;0.0;0.0;0.0;31.99145299145299;31.99145299145299;32.0;32.0;1;1
7.046;0.0;0.0;0.0;31.99145299145299;31.99145299145299;32.0;32.0;1;1
7.17;0.0;0.0;0.0;31.99145299145299;31.99145299145299;32.0;32.0;1;1
7.276;0.0;0.0;0.0;31.99145299145299;31.94017094017094;32.0;32.0;1;1
7.378;0.0;0.0;0.0;31.99145299145299;31.94017094017094;32.0;32.0;1;1
7.483;0.0;0.0;0.0;31.99145299145299;31.94017094017094;32.0;32.0;1;1
7.583;0.0;0.0;0.0;31.99145299145299;31.94017094017094;32.0;32.0;1;1
7.684;0.0;0.0;0.0;31.99145299145299;31.94017094017094;32.0;32.0;1;1
7.784;0.0;0.0;0.0;31.99145299145299;31.94017094017094;32.0;32.0;1;1
7.885;0.0;0.0;0.0;31.99145299145299;31.94017094017094;32.0;32.0;1;1
7.985;0.0;0.0;0.0;31.99145299145299;31.94017094017094;32.0;32.0;1;1
8.086;0.0;0.0;0.0;31.99145299145299;31.94017094017094;32.0;32.0;1;1
8.193;0.0;0.0;0.0;31.99145299145299;31.94017094017094;32.0;32.0;1;1
8.293;0.0;0.0;0.0;31.99145299145299;31.94017094017094;32.0;32.0;1;1
8.396;0.0;0.0;0.0;31.99145299145299;31.94017094017094;32.0;32.0;1;1
8.503;0.0;0.0;0.0;31.99145299145299;31.94017094017094;32.0;32.0;1;1
8.612;0.0;0.0;0.0;31.99145299145299;31.94017094017094;32.0;32.0;1;1
8.725;0.0;0.0;0.0;31.99145299145299;31.94017094017094;32.0;32.0;1;1
8.833;0.0;0.0;0.0;31.99145299145299;31.94017094017094;32.0;32.0;1;1
8.945;0.0;0.0;0.0;31.99145299145299;31.94017094017094;32.0;32.0;1;1
9.045;0.0;0.0;0.0;31.99145299145299;31.94017094017094;32.0;32.0;1;1
9.146;0.0;0.0;0.0;31.99145299145299;31.94017094017094;32.0;32.0;1;1
9.257;0.0;0.0;0.0;31.99145299145299;31.94017094017094;32.0;32.0;1;1
9.368;0.0;0.0;0.0;31.99145299145299;31.94017094017094;32.0;32.0;1;1
9.479;0.0;0.0;0.0;31.99145299145299;31.94017094017094;32.0;32.0;1;1
9.587;0.0;0.0;0.0;31.99145299145299;31.94017094017094;32.0;32.0;1;1
9.698;0.0;0.0;0.0;31.99145299145299;31.94017094017094;32.0;32.0;1;1
9.799;0.0;0.0;0.0;31.99145299145299;31.94017094017094;32.0;32.0;1;1
9.9;0.0;0.0;0.0;31.99145299145299;31.94017094017094;32.0;32.0;1;1
10.009;0.0;0.0;0.0;31.99145299145299;31.94017094017094;32.0;32.0;1;1
10.117;0.0;0.0;0.0;31.99145299145299;31.94017094017094;32.0;32.0;1;1
10.217;0.0;0.0;0.0;31.99145299145299;31.94017094017094;32.0;32.0;1;1
10.339;0.0;0.0;0.0;31.99145299145299;31.94017094017094;32.0;32.0;1;1
10.451;0.0;0.0;0.0;31.99145299145299;31.94017094017094;32.0;32.0;1;1
10.561;0.0;0.0;0.0;31.99145299145299;31.94017094017094;32.0;32.0;1;1
10.673;0.0;0.0;0.0;31.99145299145299;31.94017094017094;32.0;32.0;1;1
10.782;0.0;0.0;0.0;31.99145299145299;31.94017094017094;32.0;32.0;1;1
10.899;0.0;0.0;0.0;31.99145299145299;31.94017094017094;32.0;32.0;1;1
11.001;0.0;0.0;0.0;31.99145299145299;31.94017094017094;32.0;32.0;1;1
11.101;0.0;0.0;0.0;31.94017094017094;31.94017094017094;32.0;32.0;1;1
11.205;0.0;0.0;0.0;31.94017094017094;31.94017094017094;32.0;32.0;1;1
11.313;0.0;0.0;0.0;31.94017094017094;31.94017094017094;32.0;32.0;1;1
11.418;0.0;0.0;0.0;31.94017094017094;31.94017094017094;32.0;32.0;1;1
11.524;0.0;0.0;0.0;31.94017094017094;31.94017094017094;32.0;32.0;1;1
11.632;0.0;0.0;0.0;31.94017094017094;31.94017094017094;32.0;32.0;1;1
11.733;0.0;0.0;0.0;31.94017094017094;31.94017094017094;32.0;32.0;1;1
11.833;0.0;0.0;0.0;31.94017094017094;31.94017094017094;32.0;32.0;1;1
11.934;0.0;0.0;0.0;31.94017094017094;31.94017094017094;32.0;32.0;1;1
12.034;0.0;0.0;0.0;31.94017094017094;31.94017094017094;32.0;32.0;1;1
12.135;0.0;0.0;0.0;31.94017094017094;31.94017094017094;32.0;32.0;1;1
12.241;0.0;0.0;0.0;31.99145299145299;31.94017094017094;32.0;32.0;1;1
12.354;0.0;0.0;0.0;31.99145299145299;31.94017094017094;32.0;32.0;1;1
12.464;0.0;0.0;0.0;31.99145299145299;31.94017094017094;32.0;32.0;1;1
12.571;0.0;0.0;0.0;31.99145299145299;31.94017094017094;32.0;32.0;1;1
12.677;0.0;0.0;0.0;31.99145299145299;31.94017094017094;32.0;32.0;1;1
12.779;0.0;0.0;0.0;31.99145299145299;31.94017094017094;32.0;32.0;1;1
12.88;0.0;0.0;0.0;31.99145299145299;31.94017094017094;32.0;32.0;1;1
12.984;0.0;0.0;0.0;31.99145299145299;31.94017094017094;32.0;32.0;1;1
13.094;0.0;0.0;0.0;31.99145299145299;31.94017094017094;32.0;32.0;1;1
13.206;0.0;0.0;0.0;31.99145299145299;31.94017094017094;32.0;32.0;1;1
13.309;0.0;0.0;0.0;31.99145299145299;31.94017094017094;32.0;32.0;1;1
13.41;0.0;0.0;0.0;31.99145299145299;31.94017094017094;32.0;32.0;1;1
13.513;0.0;0.0;0.0;31.99145299145299;31.94017094017094;32.0;32.0;1;1
13.615;0.0;0.0;0.0;31.99145299145299;31.94017094017094;32.0;32.0;1;1
13.73;0.0;0.0;0.0;31.99145299145299;31.94017094017094;32.0;32.0;1;1
13.835;0.0;0.0;0.0;31.99145299145299;31.94017094017094;32.0;32.0;1;1
13.95;0.0;0.0;0.0;31.99145299145299;31.94017094017094;32.0;32.0;1;1
14.059;0.0;0.0;0.0;31.99145299145299;31.94017094017094;32.0;32.0;1;1
14.172;0.0;0.0;0.0;31.99145299145299;31.94017094017094;32.0;32.0;1;1
14.28;0.0;0.0;0.0;31.99145299145299;31.99145299145299;32.0;32.0;1;1
14.387;0.0;0.0;0.0;31.99145299145299;31.99145299145299;32.0;32.0;1;1
14.498;0.0;0.0;0.0;31.99145299145299;31.99145299145299;32.0;32.0;1;1
14.607;0.0;0.0;0.0;31.99145299145299;31.99145299145299;32.0;32.0;1;1
14.715;0.0;0.0;0.0;31.99145299145299;31.99145299145299;32.0;32.0;1;1
14.826;0.0;0.0;0.0;31.99145299145299;31.99145299145299;32.0;32.0;1;1
14.936;0.0;0.0;0.0;31.99145299145299;31.99145299145299;32.0;32.0;1;1
15.049;0.0;0.0;0.0;31.99145299145299;31.99145299145299;32.0;32.0;1;1
15.157;0.0;0.0;0.0;31.99145299145299;31.99145299145299;32.0;32.0;1;1
15.268;0.0;0.0;0.0;31.99145299145299;31.94017094017094;32.0;32.0;1;1
15.379;0.0;0.0;0.0;31.99145299145299;31.94017094017094;32.0;32.0;1;1
15.486;0.0;0.0;0.0;31.99145299145299;31.94017094017094;32.0;32.0;1;1
15.587;0.0;0.0;0.0;31.99145299145299;31.94017094017094;32.0;32.0;1;1
15.691;0.0;0.0;0.0;31.99145299145299;31.94017094017094;32.0;32.0;1;1
15.8;0.0;0.0;0.0;31.99145299145299;31.94017094017094;32.0;32.0;1;1
15.913;0.0;0.0;0.0;31.99145299145299;31.94017094017094;32.0;32.0;1;1
16.022;0.0;0.0;0.0;31.99145299145299;31.94017094017094;32.0;32.0;1;1
16.133;0.0;0.0;0.0;31.99145299145299;31.94017094017094;32.0;32.0;1;1
16.242;0.0;0.0;0.0;31.99145299145299;31.94017094017094;32.0;32.0;1;1
16.351;0.0;0.0;0.0;31.99145299145299;31.94017094017094;32.0;32.0;1;1
16.462;0.0;0.0;0.0;31.99145299145299;31.94017094017094;32.0;32.0;1;1
16.575;0.0;0.0;0.0;31.99145299145299;31.94017094017094;32.0;32.0;1;1
16.685;0.0;0.0;0.0;31.99145299145299;31.94017094017094;32.0;32.0;1;1
16.789;0.0;0.0;0.0;31.99145299145299;31.94017094017094;32.0;32.0;1;1
16.89;0.0;0.0;0.0;31.99145299145299;31.94017094017094;32.0;32.0;1;1
16.991;0.0;0.0;0.0;31.99145299145299;31.94017094017094;32.0;32.0;1;1
17.091;0.0;0.0;0.0;31.99145299145299;31.94017094017094;32.0;32.0;1;1
17.192;0.0;0.0;0.0;31.99145299145299;31.99145299145299;32.0;32.0;1;1
17.296;0.0;0.0;0.0;31.99145299145299;31.99145299145299;32.0;32.0;1;1
17.396;0.0;0.0;0.0;31.99145299145299;31.99145299145299;32.0;32.0;1;1
17.497;0.0;0.0;0.0;31.99145299145299;31.99145299145299;32.0;32.0;1;1
17.598;0.0;0.0;0.0;31.99145299145299;31.99145299145299;32.0;32.0;1;1
17.698;0.0;0.0;0.0;31.99145299145299;31.99145299145299;32.0;32.0;1;1
17.808;0.0;0.0;0.0;31.99145299145299;31.99145299145299;32.0;32.0;1;1
17.919;0.0;0.0;0.0;31.99145299145299;31.99145299145299;32.0;32.0;1;1
18.029;0.0;0.0;0.0;31.99145299145299;31.99145299145299;32.0;32.0;1;1
18.141;0.0;0.0;0.0;31.99145299145299;31.99145299145299;32.0;32.0;1;1
18.252;0.0;0.0;0.0;31.99145299145299;31.94017094017094;32.0;32.0;1;1
18.362;0.0;0.0;0.0;31.99145299145299;31.94017094017094;32.0;32.0;1;1
18.464;0.0;0.0;0.0;31.99145299145299;31.94017094017094;32.0;32.0;1;1
18.564;0.0;0.0;0.0;31.99145299145299;31.94017094017094;32.0;32.0;1;1
18.665;0.0;0.0;0.0;31.99145299145299;31.94017094017094;32.0;32.0;1;1
18.768;0.0;0.0;0.0;31.99145299145299;31.94017094017094;32.0;32.0;1;1
18.879;0.0;0.0;0.0;31.99145299145299;31.94017094017094;32.0;32.0;1;1
18.989;0.0;0.0;0.0;31.99145299145299;31.94017094017094;32.0;32.0;1;1
19.105;0.0;0.0;0.0;31.99145299145299;31.94017094017094;32.0;32.0;1;1
19.209;0.0;0.0;0.0;31.99145299145299;31.94017094017094;32.0;32.0;1;1
19.323;0.0;0.0;0.0;31.99145299145299;31.94017094017094;32.0;32.0;1;1
19.432;0.0;0.0;0.0;31.99145299145299;31.94017094017094;32.0;32.0;1;1
19.54;0.0;0.0;0.0;31.99145299145299;31.94017094017094;32.0;32.0;1;1
19.653;0.0;0.0;0.0;31.99145299145299;31.94017094017094;32.0;32.0;1;1
19.762;0.0;0.0;0.0;31.99145299145299;31.94017094017094;32.0;32.0;1;1
19.871;0.0;0.0;0.0;31.99145299145299;31.94017094017094;32.0;32.0;1;1
19.983;0.0;0.0;0.0;31.99145299145299;31.94017094017094;32.0;32.0;1;1
20.088;0.0;0.0;0.0;31.99145299145299;31.94017094017094;32.0;32.0;1;1
20.202;0.0;0.0;0.0;31.99145299145299;31.94017094017094;32.0;32.0;1;1
20.311;0.0;0.0;0.0;31.99145299145299;31.94017094017094;32.0;32.0;1;1
20.422;0.0;0.0;0.0;31.99145299145299;31.94017094017094;32.0;32.0;1;1
20.523;0.0;0.0;0.0;31.99145299145299;31.94017094017094;32.0;32.0;1;1
20.63;0.0;0.0;0.0;31.99145299145299;31.94017094017094;32.0;32.0;1;1
20.741;0.0;0.0;0.0;31.99145299145299;31.94017094017094;32.0;32.0;1;1
20.852;0.0;0.0;0.0;31.99145299145299;31.94017094017094;32.0;32.0;1;1
20.961;0.0;0.0;0.0;31.99145299145299;31.94017094017094;32.0;32.0;1;1
21.071;0.0;0.0;0.0;31.99145299145299;31.94017094017094;32.0;32.0;1;1
21.173;0.0;0.0;0.0;31.99145299145299;31.94017094017094;32.0;32.0;1;1
21.276;0.0;0.0;0.0;31.94017094017094;31.94017094017094;32.0;32.0;1;1
21.386;0.0;0.0;0.0;31.94017094017094;31.94017094017094;32.0;32.0;1;1
21.486;0.0;0.0;0.0;31.94017094017094;31.94017094017094;32.0;32.0;1;1
21.586;0.0;0.0;0.0;31.94017094017094;31.94017094017094;32.0;32.0;1;1
21.687;0.0;0.0;0.0;31.94017094017094;31.94017094017094;32.0;32.0;1;1
21.787;0.0;0.0;0.0;31.94017094017094;31.94017094017094;32.0;32.0;1;1
21.89;0.0;0.0;0.0;31.94017094017094;31.94017094017094;32.0;32.0;1;1
21.995;0.0;0.0;0.0;31.94017094017094;31.94017094017094;32.0;32.0;1;1
22.096;0.0;0.0;0.0;31.94017094017094;31.94017094017094;32.0;32.0;1;1
22.199;0.0;0.0;0.0;31.99145299145299;31.94017094017094;32.0;32.0;1;1
22.309;0.0;0.0;0.0;31.99145299145299;31.94017094017094;32.0;32.0;1;1
22.42;0.0;0.0;0.0;31.99145299145299;31.94017094017094;32.0;32.0;1;1
22.531;0.0;0.0;0.0;31.99145299145299;31.94017094017094;32.0;32.0;1;1
22.643;0.0;0.0;0.0;31.99145299145299;31.94017094017094;32.0;32.0;1;1
22.749;0.0;0.0;0.0;31.99145299145299;31.94017094017094;32.0;32.0;1;1
22.862;0.0;0.0;0.0;31.99145299145299;31.94017094017094;32.0;32.0;1;1
22.969;0.0;0.0;0.0;31.99145299145299;31.94017094017094;32.0;32.0;1;1
23.082;0.0;0.0;0.0;31.99145299145299;31.94017094017094;32.0;32.0;1;1
23.195;0.0;0.0;0.0;31.99145299145299;31.94017094017094;32.0;32.0;1;1
23.305;0.0;0.0;0.0;31.99145299145299;31.94017094017094;32.0;32.0;1;1
23.406;0.0;0.0;0.0;31.99145299145299;31.94017094017094;32.0;32.0;1;1
23.51;0.0;0.0;0.0;31.99145299145299;31.94017094017094;32.0;32.0;1;1
23.613;0.0;0.0;0.0;31.99145299145299;31.94017094017094;32.0;32.0;1;1
23.714;0.0;0.0;0.0;31.99145299145299;31.94017094017094;32.0;32.0;1;1
23.825;0.0;0.0;0.0;31.99145299145299;31.94017094017094;32.0;32.0;1;1
23.943;0.0;0.0;0.0;31.99145299145299;31.94017094017094;32.0;32.0;1;1
24.046;0.0;0.0;0.0;31.99145299145299;31.94017094017094;32.0;32.0;1;1
24.155;0.0;0.0;0.0;31.99145299145299;31.94017094017094;32.0;32.0;1;1
24.266;0.0;0.0;0.0;31.99145299145299;31.94017094017094;32.0;32.0;1;1
24.374;0.0;0.0;0.0;31.99145299145299;31.94017094017094;32.0;32.0;1;1
24.484;0.0;0.0;0.0;31.99145299145299;31.94017094017094;32.0;32.0;1;1
24.593;0.0;0.0;0.0;31.99145299145299;31.94017094017094;32.0;32.0;1;1
24.705;0.0;0.0;0.0;31.99145299145299;31.94017094017094;32.0;32.0;1;1
24.806;0.0;0.0;0.0;31.99145299145299;31.94017094017094;32.0;32.0;1;1
24.911;0.0;0.0;0.0;31.99145299145299;31.94017094017094;32.0;32.0;1;1
25.022;0.0;0.0;0.0;31.99145299145299;31.94017094017094;32.0;32.0;1;1
25.138;0.0;0.0;0.0;31.99145299145299;31.94017094017094;32.0;32.0;1;1
25.248;0.0;0.0;0.0;31.94017094017094;31.94017094017094;32.0;32.0;1;1
25.355;0.0;0.0;0.0;31.94017094017094;31.94017094017094;32.0;32.0;1;1
25.464;0.0;0.0;0.0;31.94017094017094;31.94017094017094;32.0;32.0;1;1
25.575;0.0;0.0;0.0;31.94017094017094;31.94017094017094;32.0;32.0;1;1
25.675;0.0;0.0;0.0;31.94017094017094;31.94017094017094;32.0;32.0;1;1
25.778;0.0;0.0;0.0;31.94017094017094;31.94017094017094;32.0;32.0;1;1
25.878;0.0;0.0;0.0;31.94017094017094;31.94017094017094;32.0;32.0;1;1
25.985;0.0;0.0;0.0;31.94017094017094;31.94017094017094;32.0;32.0;1;1
26.086;0.0;0.0;0.0;31.94017094017094;31.94017094017094;32.0;32.0;1;1
26.186;0.0;0.0;0.0;31.94017094017094;31.94017094017094;32.0;32.0;1;1
26.286;0.0;0.0;0.0;31.99145299145299;31.94017094017094;32.0;32.0;1;1
26.387;0.0;0.0;0.0;31.99145299145299;31.94017094017094;32.0;32.0;1;1
26.492;0.0;0.0;0.0;31.99145299145299;31.94017094017094;32.0;32.0;1;1
26.593;0.0;0.0;0.0;31.99145299145299;31.94017094017094;32.0;32.0;1;1
26.694;0.0;0.0;0.0;31.99145299145299;31.94017094017094;32.0;32.0;1;1
26.797;0.0;0.0;0.0;31.99145299145299;31.94017094017094;32.0;32.0;1;1
26.925;0.0;0.0;0.0;31.99145299145299;31.94017094017094;32.0;32.0;1;1
27.028;0.0;0.0;0.0;31.99145299145299;31.94017094017094;32.0;32.0;1;1
27.13;0.0;0.0;0.0;31.99145299145299;31.94017094017094;32.0;32.0;1;1
27.241;0.0;0.0;0.0;31.99145299145299;31.94017094017094;32.0;32.0;1;1
27.35;0.0;0.0;0.0;31.99145299145299;31.94017094017094;32.0;32.0;1;1
27.46;0.0;0.0;0.0;31.99145299145299;31.94017094017094;32.0;32.0;1;1
27.56;0.0;0.0;0.0;31.99145299145299;31.94017094017094;32.0;32.0;1;1
27.665;0.0;0.0;0.0;31.99145299145299;31.94017094017094;32.0;32.0;1;1
27.775;0.0;0.0;0.0;31.99145299145299;31.94017094017094;32.0;32.0;1;1
27.886;0.0;0.0;0.0;31.99145299145299;31.94017094017094;32.0;32.0;1;1
27.994;0.0;0.0;0.0;31.99145299145299;31.94017094017094;32.0;32.0;1;1
28.095;0.0;0.0;0.0;31.99145299145299;31.94017094017094;32.0;32.0;1;1
28.2;0.0;0.0;0.0;31.99145299145299;31.94017094017094;32.0;32.0;1;1
28.301;0.0;0.0;0.0;31.99145299145299;31.94017094017094;32.0;32.0;1;1
28.409;0.0;0.0;0.0;31.99145299145299;31.94017094017094;32.0;32.0;1;1
28.517;0.0;0.0;0.0;31.99145299145299;31.94017094017094;32.0;32.0;1;1
28.618;0.0;0.0;0.0;31.99145299145299;31.94017094017094;32.0;32.0;1;1
28.718;0.0;0.0;0.0;31.99145299145299;31.94017094017094;32.0;32.0;1;1
28.819;0.0;0.0;0.0;31.99145299145299;31.94017094017094;32.0;32.0;1;1
28.919;0.0;0.0;0.0;31.99145299145299;31.94017094017094;32.0;32.0;1;1
29.024;0.0;0.0;0.0;31.99145299145299;31.94017094017094;32.0;32.0;1;1
29.127;0.0;0.0;0.0;31.99145299145299;31.94017094017094;32.0;32.0;1;1
29.228;0.0;0.0;0.0;31.99145299145299;31.94017094017094;32.0;32.0;1;1
29.329;0.0;0.0;0.0;31.99145299145299;31.94017094017094;32.0;32.0;1;1
29.439;0.0;0.0;0.0;31.99145299145299;31.94017094017094;32.0;32.0;1;1
29.548;0.0;0.0;0.0;31.99145299145299;31.94017094017094;32.0;32.0;1;1
29.657;0.0;0.0;0.0;31.99145299145299;31.94017094017094;32.0;32.0;1;1
29.764;0.0;0.0;0.0;31.99145299145299;31.94017094017094;32.0;32.0;1;1
29.865;0.0;0.0;0.0;31.99145299145299;31.94017094017094;32.0;32.0;1;1
29.971;0.0;0.0;0.0;31.99145299145299;31.94017094017094;32.0;32.0;1;1
30.075;0.0;0.0;0.0;31.99145299145299;31.94017094017094;32.0;32.0;1;1
30.176;0.0;0.0;0.0;31.99145299145299;31.94017094017094;32.0;32.0;1;1
30.285;0.0;0.0;0.0;31.99145299145299;31.94017094017094;32.0;32.0;1;1
30.395;0.0;0.0;0.0;31.99145299145299;31.94017094017094;32.0;32.0;1;1
30.497;0.0;0.0;0.0;31.99145299145299;31.94017094017094;32.0;32.0;1;1
30.616;0.0;0.0;0.0;31.99145299145299;31.94017094017094;32.0;32.0;1;1
30.736;0.0;0.0;0.0;31.99145299145299;31.94017094017094;32.0;32.0;1;1
30.837;0.0;0.0;0.0;31.99145299145299;31.94017094017094;32.0;32.0;1;1
30.939;0.0;0.0;0.0;31.99145299145299;31.94017094017094;32.0;32.0;1;1
31.043;0.0;0.0;0.0;31.99145299145299;31.94017094017094;32.0;32.0;1;1
31.156;0.0;0.0;0.0;31.99145299145299;31.94017094017094;32.0;32.0;1;1
31.263;0.0;0.0;0.0;31.99145299145299;31.94017094017094;32.0;32.0;1;1
31.363;0.0;0.0;0.0;31.99145299145299;31.94017094017094;32.0;32.0;1;1
31.464;0.0;0.0;0.0;31.99145299145299;31.94017094017094;32.0;32.0;1;1
31.564;0.0;0.0;0.0;31.99145299145299;31.94017094017094;32.0;32.0;1;1
31.664;0.0;0.0;0.0;31.99145299145299;31.94017094017094;32.0;32.0;1;1
31.764;0.0;0.0;0.0;31.99145299145299;31.94017094017094;32.0;32.0;1;1
31.866;0.0;0.0;0.0;31.99145299145299;31.94017094017094;32.0;32.0;1;1
31.968;0.0;0.0;0.0;31.99145299145299;31.94017094017094;32.0;32.0;1;1
32.078;0.0;0.0;0.0;31.99145299145299;31.94017094017094;32.0;32.0;1;1
32.182;0.0;0.0;0.0;31.99145299145299;31.94017094017094;32.0;32.0;1;1
32.283;0.0;0.0;0.0;31.99145299145299;31.94017094017094;32.0;32.0;1;1
32.385;0.0;0.0;0.0;31.99145299145299;31.94017094017094;32.0;32.0;1;1
32.485;0.0;0.0;0.0;31.99145299145299;31.94017094017094;32.0;32.0;1;1
32.594;0.0;0.0;0.0;31.99145299145299;31.94017094017094;32.0;32.0;1;1
32.705;0.0;0.0;0.0;31.99145299145299;31.94017094017094;32.0;32.0;1;1
32.82;0.0;0.0;0.0;31.99145299145299;31.94017094017094;32.0;32.0;1;1
32.929;0.0;0.0;0.0;31.99145299145299;31.94017094017094;32.0;32.0;1;1
33.041;0.0;0.0;0.0;31.99145299145299;31.94017094017094;32.0;32.0;1;1
33.15;0.0;0.0;0.0;31.99145299145299;31.94017094017094;32.0;32.0;1;1
33.263;0.0;0.0;0.0;31.99145299145299;31.94017094017094;32.0;32.0;1;1
33.372;0.0;0.0;0.0;31.99145299145299;31.94017094017094;32.0;32.0;1;1
33.484;0.0;0.0;0.0;31.99145299145299;31.94017094017094;32.0;32.0;1;1
33.597;0.0;0.0;0.0;31.99145299145299;31.94017094017094;32.0;32.0;1;1
33.708;0.0;0.0;0.0;31.99145299145299;31.94017094017094;32.0;32.0;1;1
33.814;0.0;0.0;0.0;31.99145299145299;31.94017094017094;32.0;32.0;1;1
33.925;0.0;0.0;0.0;31.99145299145299;31.94017094017094;32.0;32.0;1;1
34.038;0.0;0.0;0.0;31.99145299145299;31.94017094017094;32.0;32.0;1;1
34.15;0.0;0.0;0.0;31.99145299145299;31.94017094017094;32.0;32.0;1;1
34.258;0.0;0.0;0.0;31.99145299145299;31.94017094017094;32.0;32.0;1;1
34.368;0.0;0.0;0.0;31.99145299145299;31.94017094017094;32.0;32.0;1;1
34.478;0.0;0.0;0.0;31.99145299145299;31.94017094017094;32.0;32.0;1;1
34.59;0.0;0.0;0.0;31.99145299145299;31.94017094017094;32.0;32.0;1;1
34.7;0.0;0.0;0.0;31.99145299145299;31.94017094017094;32.0;32.0;1;1
34.81;0.0;0.0;0.0;31.99145299145299;31.94017094017094;32.0;32.0;1;1
34.922;0.0;0.0;0.0;31.99145299145299;31.94017094017094;32.0;32.0;1;1
35.032;0.0;0.0;0.0;31.99145299145299;31.94017094017094;32.0;32.0;1;1
35.141;0.0;0.0;0.0;31.99145299145299;31.94017094017094;32.0;32.0;1;1
35.253;0.0;0.0;0.0;31.99145299145299;31.99145299145299;32.0;32.0;1;1
35.355;0.0;0.0;0.0;31.99145299145299;31.99145299145299;32.0;32.0;1;1
35.455;0.0;0.0;0.0;31.99145299145299;31.99145299145299;32.0;32.0;1;1
35.569;0.0;0.0;0.0;31.99145299145299;31.99145299145299;32.0;32.0;1;1
35.682;0.0;0.0;0.0;31.99145299145299;31.99145299145299;32.0;32.0;1;1
35.793;0.0;0.0;0.0;31.99145299145299;31.99145299145299;32.0;32.0;1;1
35.901;0.0;0.0;0.0;31.99145299145299;31.99145299145299;32.0;32.0;1;1
36.002;0.0;0.0;0.0;31.99145299145299;31.99145299145299;32.0;32.0;1;1
36.123;0.0;0.0;0.0;31.99145299145299;31.99145299145299;32.0;32.0;1;1
36.237;0.0;0.0;0.0;31.99145299145299;31.99145299145299;32.0;32.0;1;1
36.345;0.0;0.0;0.0;31.99145299145299;31.94017094017094;32.0;32.0;1;1
36.46;0.0;0.0;0.0;31.99145299145299;31.94017094017094;32.0;32.0;1;1
36.566;0.0;0.0;0.0;31.99145299145299;31.94017094017094;32.0;32.0;1;1
36.678;0.0;0.0;0.0;31.99145299145299;31.94017094017094;32.0;32.0;1;1
36.789;0.0;0.0;0.0;31.99145299145299;31.94017094017094;32.0;32.0;1;1
36.899;0.0;0.0;0.0;31.99145299145299;31.94017094017094;32.0;32.0;1;1
37.012;0.0;0.0;0.0;31.99145299145299;31.94017094017094;32.0;32.0;1;1
37.121;0.0;0.0;0.0;31.99145299145299;31.94017094017094;32.0;32.0;1;1
37.233;0.0;0.0;0.0;31.99145299145299;31.94017094017094;32.0;32.0;1;1
37.344;0.0;0.0;0.0;31.99145299145299;31.94017094017094;32.0;32.0;1;1
37.455;0.0;0.0;0.0;31.99145299145299;31.94017094017094;32.0;32.0;1;1
37.567;0.0;0.0;0.0;31.99145299145299;31.94017094017094;32.0;32.0;1;1
37.675;0.0;0.0;0.0;31.99145299145299;31.94017094017094;32.0;32.0;1;1
37.787;0.0;0.0;0.0;31.99145299145299;31.94017094017094;32.0;32.0;1;1
37.888;0.0;0.0;0.0;31.99145299145299;31.94017094017094;32.0;32.0;1;1
37.99;0.0;0.0;0.0;31.99145299145299;31.94017094017094;32.0;32.0;1;1
38.091;0.0;0.0;0.0;31.99145299145299;31.94017094017094;32.0;32.0;1;1
38.191;0.0;0.0;0.0;31.99145299145299;31.94017094017094;32.0;32.0;1;1
38.292;0.0;0.0;0.0;31.99145299145299;31.94017094017094;32.0;32.0;1;1
38.392;0.0;0.0;0.0;31.99145299145299;31.94017094017094;32.0;32.0;1;1
38.493;0.0;0.0;0.0;31.99145299145299;31.94017094017094;32.0;32.0;1;1
38.601;0.0;0.0;0.0;31.99145299145299;31.94017094017094;32.0;32.0;1;1
38.702;0.0;0.0;0.0;31.99145299145299;31.94017094017094;32.0;32.0;1;1
38.804;0.0;0.0;0.0;31.99145299145299;31.94017094017094;32.0;32.0;1;1
38.915;0.0;0.0;0.0;31.99145299145299;31.94017094017094;32.0;32.0;1;1
39.016;0.0;0.0;0.0;31.99145299145299;31.94017094017094;32.0;32.0;1;1
39.117;0.0;0.0;0.0;31.99145299145299;31.94017094017094;32.0;32.0;1;1
39.225;0.0;0.0;0.0;31.99145299145299;31.94017094017094;32.0;32.0;1;1
39.333;0.0;0.0;0.0;31.99145299145299;31.94017094017094;32.0;32.0;1;1
39.445;0.0;0.0;0.0;31.99145299145299;31.94017094017094;32.0;32.0;1;1
39.557;0.0;0.0;0.0;31.99145299145299;31.94017094017094;32.0;32.0;1;1
39.667;0.0;0.0;0.0;31.99145299145299;31.94017094017094;32.0;32.0;1;1
39.776;0.0;0.0;0.0;31.99145299145299;31.94017094017094;32.0;32.0;1;1
39.89;0.0;0.0;0.0;31.99145299145299;31.94017094017094;32.0;32.0;1;1
39.999;0.0;0.0;0.0;31.99145299145299;31.94017094017094;32.0;32.0;1;1
40.111;0.0;0.0;0.0;31.99145299145299;31.94017094017094;32.0;32.0;1;1
40.213;0.0;0.0;0.0;31.99145299145299;31.94017094017094;32.0;32.0;1;1
40.322;0.0;0.0;0.0;31.99145299145299;31.99145299145299;32.0;32.0;1;1
40.431;0.0;0.0;0.0;31.99145299145299;31.99145299145299;32.0;32.0;1;1
40.531;0.0;0.0;0.0;31.99145299145299;31.99145299145299;32.0;32.0;1;1
40.633;0.0;0.0;0.0;31.99145299145299;31.99145299145299;32.0;32.0;1;1
40.733;0.0;0.0;0.0;31.99145299145299;31.99145299145299;32.0;32.0;1;1
40.834;0.0;0.0;0.0;31.99145299145299;31.99145299145299;32.0;32.0;1;1
40.934;0.0;0.0;0.0;31.99145299145299;31.99145299145299;32.0;32.0;1;1
41.034;0.0;0.0;0.0;31.99145299145299;31.99145299145299;32.0;32.0;1;1
41.136;0.0;0.0;0.0;31.99145299145299;31.99145299145299;32.0;32.0;1;1
41.238;0.0;0.0;0.0;31.94017094017094;31.94017094017094;32.0;32.0;1;1
41.339;0.0;0.0;0.0;31.94017094017094;31.94017094017094;32.0;32.0;1;1
41.44;0.0;0.0;0.0;31.94017094017094;31.94017094017094;32.0;32.0;1;1
41.546;0.0;0.0;0.0;31.94017094017094;31.94017094017094;32.0;32.0;1;1
41.646;0.0;0.0;0.0;31.94017094017094;31.94017094017094;32.0;32.0;1;1
41.761;0.0;0.0;0.0;31.94017094017094;31.94017094017094;32.0;32.0;1;1
41.861;0.0;0.0;0.0;31.94017094017094;31.94017094017094;32.0;32.0;1;1
41.982;0.0;0.0;0.0;31.94017094017094;31.94017094017094;32.0;32.0;1;1
42.093;0.0;0.0;0.0;31.94017094017094;31.94017094017094;32.0;32.0;1;1
42.203;0.0;0.0;0.0;31.94017094017094;31.94017094017094;32.0;32.0;1;1
42.314;0.0;0.0;0.0;31.99145299145299;31.94017094017094;32.0;32.0;1;1
42.425;0.0;0.0;0.0;31.99145299145299;31.94017094017094;32.0;32.0;1;1
42.533;0.0;0.0;0.0;31.99145299145299;31.94017094017094;32.0;32.0;1;1
42.642;0.0;0.0;0.0;31.99145299145299;31.94017094017094;32.0;32.0;1;1
42.757;0.0;0.0;0.0;31.99145299145299;31.94017094017094;32.0;32.0;1;1
42.87;0.0;0.0;0.0;31.99145299145299;31.94017094017094;32.0;32.0;1;1
42.983;0.0;0.0;0.0;31.99145299145299;31.94017094017094;32.0;32.0;1;1
43.092;0.0;0.0;0.0;31.99145299145299;31.94017094017094;32.0;32.0;1;1
43.203;0.0;0.0;0.0;31.99145299145299;31.94017094017094;32.0;32.0;1;1
43.315;0.0;0.0;0.0;31.99145299145299;31.94017094017094;32.0;32.0;1;1
43.422;0.0;0.0;0.0;31.99145299145299;31.94017094017094;32.0;32.0;1;1
43.524;0.0;0.0;0.0;31.99145299145299;31.94017094017094;32.0;32.0;1;1
43.628;0.0;0.0;0.0;31.99145299145299;31.94017094017094;32.0;32.0;1;1
43.733;0.0;0.0;0.0;31.99145299145299;31.94017094017094;32.0;32.0;1;1
43.844;0.0;0.0;0.0;31.99145299145299;31.94017094017094;32.0;32.0;1;1
43.956;0.0;0.0;0.0;31.99145299145299;31.94017094017094;32.0;32.0;1;1
44.068;0.0;0.0;0.0;31.99145299145299;31.94017094017094;32.0;32.0;1;1
44.175;0.0;0.0;0.0;31.99145299145299;31.94017094017094;32.0;32.0;1;1
44.275;0.0;0.0;0.0;31.99145299145299;31.94017094017094;32.0;32.0;1;1
44.384;0.0;0.0;0.0;31.99145299145299;31.94017094017094;32.0;32.0;1;1
44.491;0.0;0.0;0.0;31.99145299145299;31.94017094017094;32.0;32.0;1;1
44.603;0.0;0.0;0.0;31.99145299145299;31.94017094017094;32.0;32.0;1;1
44.712;0.0;0.0;0.0;31.99145299145299;31.94017094017094;32.0;32.0;1;1
44.824;0.0;0.0;0.0;31.99145299145299;31.94017094017094;32.0;32.0;1;1
44.933;0.0;0.0;0.0;31.99145299145299;31.94017094017094;32.0;32.0;1;1
45.044;0.0;0.0;0.0;31.99145299145299;31.94017094017094;32.0;32.0;1;1
45.154;0.0;0.0;0.0;31.99145299145299;31.94017094017094;32.0;32.0;1;1
45.267;0.0;0.0;0.0;31.94017094017094;31.94017094017094;32.0;32.0;1;1
45.375;0.0;0.0;0.0;31.94017094017094;31.94017094017094;32.0;32.0;1;1
45.485;0.0;0.0;0.0;31.94017094017094;31.94017094017094;32.0;32.0;1;1
45.585;0.0;0.0;0.0;31.94017094017094;31.94017094017094;32.0;32.0;1;1
45.691;0.0;0.0;0.0;31.94017094017094;31.94017094017094;32.0;32.0;1;1
45.802;0.0;0.0;0.0;31.94017094017094;31.94017094017094;32.0;32.0;1;1
45.914;0.0;0.0;0.0;31.94017094017094;31.94017094017094;32.0;32.0;1;1
46.022;0.0;0.0;0.0;31.94017094017094;31.94017094017094;32.0;32.0;1;1
46.132;0.0;0.0;0.0;31.94017094017094;31.94017094017094;32.0;32.0;1;1
46.243;0.0;0.0;0.0;31.94017094017094;31.94017094017094;32.0;32.0;1;1
46.353;0.0;0.0;0.0;31.99145299145299;31.94017094017094;32.0;32.0;1;1
46.463;0.0;0.0;0.0;31.99145299145299;31.94017094017094;32.0;32.0;1;1
46.575;0.0;0.0;0.0;31.99145299145299;31.94017094017094;32.0;32.0;1;1
46.682;0.0;0.0;0.0;31.99145299145299;31.94017094017094;32.0;32.0;1;1
46.802;0.0;0.0;0.0;31.99145299145299;31.94017094017094;32.0;32.0;1;1
46.904;0.0;0.0;0.0;31.99145299145299;31.94017094017094;32.0;32.0;1;1
47.014;0.0;0.0;0.0;31.99145299145299;31.94017094017094;32.0;32.0;1;1
47.126;0.0;0.0;0.0;31.99145299145299;31.94017094017094;32.0;32.0;1;1
47.237;0.0;0.0;0.0;31.99145299145299;31.94017094017094;32.0;32.0;1;1
47.34;0.0;0.0;0.0;31.99145299145299;31.94017094017094;32.0;32.0;1;1
47.446;0.0;0.0;0.0;31.99145299145299;31.94017094017094;32.0;32.0;1;1
47.551;0.0;0.0;0.0;31.99145299145299;31.94017094017094;32.0;32.0;1;1
47.663;0.0;0.0;0.0;31.99145299145299;31.94017094017094;32.0;32.0;1;1
47.774;0.0;0.0;0.0;31.99145299145299;31.94017094017094;32.0;32.0;1;1
47.889;0.0;0.0;0.0;31.99145299145299;31.94017094017094;32.0;32.0;1;1
47.999;0.0;0.0;0.0;31.99145299145299;31.94017094017094;32.0;32.0;1;1
48.107;0.0;0.0;0.0;31.99145299145299;31.94017094017094;32.0;32.0;1;1
48.207;0.0;0.0;0.0;31.99145299145299;31.94017094017094;32.0;32.0;1;1
48.311;0.0;0.0;0.0;31.99145299145299;31.94017094017094;32.0;32.0;1;1
48.412;0.0;0.0;0.0;31.99145299145299;31.94017094017094;32.0;32.0;1;1
48.52;0.0;0.0;0.0;31.99145299145299;31.94017094017094;32.0;32.0;1;1
48.628;0.0;0.0;0.0;31.99145299145299;31.94017094017094;32.0;32.0;1;1
48.73;0.0;0.0;0.0;31.99145299145299;31.94017094017094;32.0;32.0;1;1
48.831;0.0;0.0;0.0;31.99145299145299;31.94017094017094;32.0;32.0;1;1
48.931;0.0;0.0;0.0;31.99145299145299;31.94017094017094;32.0;32.0;1;1
49.031;0.0;0.0;0.0;31.99145299145299;31.94017094017094;32.0;32.0;1;1
49.134;0.0;0.0;0.0;31.99145299145299;31.94017094017094;32.0;32.0;1;1
49.24;0.0;0.0;0.0;31.99145299145299;31.94017094017094;32.0;32.0;1;1
49.341;0.0;0.0;0.0;31.99145299145299;31.94017094017094;32.0;32.0;1;1
49.442;0.0;0.0;0.0;31.99145299145299;31.94017094017094;32.0;32.0;1;1
49.548;0.0;0.0;0.0;31.99145299145299;31.94017094017094;32.0;32.0;1;1
49.65;0.0;0.0;0.0;31.99145299145299;31.94017094017094;32.0;32.0;1;1
49.755;0.0;0.0;0.0;31.99145299145299;31.94017094017094;32.0;32.0;1;1
49.862;0.0;0.0;0.0;31.99145299145299;31.94017094017094;32.0;32.0;1;1
49.971;0.0;0.0;0.0;31.99145299145299;31.94017094017094;32.0;32.0;1;1
50.082;0.0;0.0;0.0;31.99145299145299;31.94017094017094;32.0;32.0;1;1
50.183;0.0;0.0;0.0;31.99145299145299;31.94017094017094;32.0;32.0;1;1
50.288;0.0;0.0;0.0;31.99145299145299;31.94017094017094;32.0;32.0;1;1
50.397;0.0;0.0;0.0;31.99145299145299;31.94017094017094;32.0;32.0;1;1
50.509;0.0;0.0;0.0;31.99145299145299;31.94017094017094;32.0;32.0;1;1
50.618;0.0;0.0;0.0;31.99145299145299;31.94017094017094;32.0;32.0;1;1
50.718;0.0;0.0;0.0;31.99145299145299;31.94017094017094;32.0;32.0;1;1
50.825;0.0;0.0;0.0;31.99145299145299;31.94017094017094;32.0;32.0;1;1
50.931;0.0;0.0;0.0;31.99145299145299;31.94017094017094;32.0;32.0;1;1
51.031;0.0;0.0;0.0;31.99145299145299;31.94017094017094;32.0;32.0;1;1
51.131;0.0;0.0;0.0;31.99145299145299;31.94017094017094;32.0;32.0;1;1
51.232;0.0;0.0;0.0;31.99145299145299;31.94017094017094;32.0;32.0;1;1
51.333;0.0;0.0;0.0;31.99145299145299;31.94017094017094;32.0;32.0;1;1
51.433;0.0;0.0;0.0;31.99145299145299;31.94017094017094;32.0;32.0;1;1
51.534;0.0;0.0;0.0;31.99145299145299;31.94017094017094;32.0;32.0;1;1
51.636;0.0;0.0;0.0;31.99145299145299;31.94017094017094;32.0;32.0;1;1
51.739;0.0;0.0;0.0;31.99145299145299;31.94017094017094;32.0;32.0;1;1
51.843;0.0;0.0;0.0;31.99145299145299;31.94017094017094;32.0;32.0;1;1
51.953;0.0;0.0;0.0;31.99145299145299;31.94017094017094;32.0;32.0;1;1
52.054;0.0;0.0;0.0;31.99145299145299;31.94017094017094;32.0;32.0;1;1
52.154;0.0;0.0;0.0;31.99145299145299;31.94017094017094;32.0;32.0;1;1
52.264;0.0;0.0;0.0;31.94017094017094;31.94017094017094;32.0;32.0;1;1
52.372;0.0;0.0;0.0;31.94017094017094;31.94017094017094;32.0;32.0;1;1
52.487;0.0;0.0;0.0;31.94017094017094;31.94017094017094;32.0;32.0;1;1
52.597;0.0;0.0;0.0;31.94017094017094;31.94017094017094;32.0;32.0;1;1
52.707;0.0;0.0;0.0;31.94017094017094;31.94017094017094;32.0;32.0;1;1
52.813;0.0;0.0;0.0;31.94017094017094;31.94017094017094;32.0;32.0;1;1
52.914;0.0;0.0;0.0;31.94017094017094;31.94017094017094;32.0;32.0;1;1
53.022;0.0;0.0;0.0;31.94017094017094;31.94017094017094;32.0;32.0;1;1
53.137;0.0;0.0;0.0;31.94017094017094;31.94017094017094;32.0;32.0;1;1
53.241;0.0;0.0;0.0;31.94017094017094;31.94017094017094;32.0;32.0;1;1
53.355;0.0;0.0;0.0;31.99145299145299;31.94017094017094;32.0;32.0;1;1
53.463;0.0;0.0;0.0;31.99145299145299;31.94017094017094;32.0;32.0;1;1
53.572;0.0;0.0;0.0;31.99145299145299;31.94017094017094;32.0;32.0;1;1
53.682;0.0;0.0;0.0;31.99145299145299;31.94017094017094;32.0;32.0;1;1
53.793;0.0;0.0;0.0;31.99145299145299;31.94017094017094;32.0;32.0;1;1
53.902;0.0;0.0;0.0;31.99145299145299;31.94017094017094;32.0;32.0;1;1
54.013;0.0;0.0;0.0;31.99145299145299;31.94017094017094;32.0;32.0;1;1
54.132;0.0;0.0;0.0;31.99145299145299;31.94017094017094;32.0;32.0;1;1
54.236;0.0;0.0;0.0;31.99145299145299;31.94017094017094;32.0;32.0;1;1
54.342;0.0;0.0;0.0;31.94017094017094;31.99145299145299;32.0;32.0;1;1
54.454;0.0;0.0;0.0;31.94017094017094;31.99145299145299;32.0;32.0;1;1
54.563;0.0;0.0;0.0;31.94017094017094;31.99145299145299;32.0;32.0;1;1
54.676;0.0;0.0;0.0;31.94017094017094;31.99145299145299;32.0;32.0;1;1
54.788;0.0;0.0;0.0;31.94017094017094;31.99145299145299;32.0;32.0;1;1
54.889;0.0;0.0;0.0;31.94017094017094;31.99145299145299;32.0;32.0;1;1
54.99;0.0;0.0;0.0;31.94017094017094;31.99145299145299;32.0;32.0;1;1
55.102;0.0;0.0;0.0;31.94017094017094;31.99145299145299;32.0;32.0;1;1
55.216;0.61625;0.0;0.0;31.94017094017094;31.99145299145299;32.0;32.0;1;1
55.324;1.12;0.0;0.0;31.99145299145299;31.94017094017094;32.0;32.0;1;1
55.429;1.63125;0.0;0.0;31.99145299145299;31.94017094017094;32.0;32.0;1;1
55.545;2.3975;0.0;0.0;31.99145299145299;31.94017094017094;32.0;32.0;1;1
55.654;2.9025;0.0;0.0;31.99145299145299;31.94017094017094;32.0;32.0;1;1
55.765;3.41125;0.0;0.0;31.99145299145299;31.94017094017094;32.0;32.0;1;1
55.876;3.92125;0.0;0.0;31.99145299145299;31.94017094017094;32.0;32.0;1;1
55.984;4.425;0.0;0.0;31.99145299145299;31.94017094017094;32.0;32.0;1;1
56.094;4.92125;0.0;0.0;31.99145299145299;31.94017094017094;32.0;32.0;1;1
56.205;5.0;0.0;0.0;31.99145299145299;31.94017094017094;32.0;32.0;1;1
56.315;5.0;0.0;0.0;31.99145299145299;31.94017094017094;32.0;32.0;1;1
56.426;5.0;0.0;0.0;31.99145299145299;31.94017094017094;32.0;32.0;1;1
56.54;5.0;0.0;0.0;31.99145299145299;31.94017094017094;32.0;32.0;1;1
56.645;5.0;0.0;0.0;31.99145299145299;31.94017094017094;32.0;32.0;1;1
56.755;5.0;0.0;0.0;31.99145299145299;31.94017094017094;32.0;32.0;1;1
56.87;5.0;0.0;0.0;31.99145299145299;31.94017094017094;32.0;32.0;1;1
56.98;5.0;0.0;0.0;31.99145299145299;31.94017094017094;32.0;32.0;1;1
57.091;5.0;0.0;0.0;31.99145299145299;31.94017094017094;32.0;32.0;1;1
57.196;5.0;0.0;0.0;31.99145299145299;31.94017094017094;32.0;32.0;1;1
57.299;5.0;0.0;0.0;31.99145299145299;31.94017094017094;32.0;32.0;1;1
57.409;5.0;0.0;0.0;31.99145299145299;31.94017094017094;32.0;32.0;1;1
57.524;5.0;0.0;0.0;31.99145299145299;31.94017094017094;32.0;32.0;1;1
57.628;5.0;0.0;0.0;31.99145299145299;31.94017094017094;32.0;32.0;1;1
57.738;5.0;0.0;0.0;31.99145299145299;31.94017094017094;32.0;32.0;1;1
57.851;5.0;0.0;0.0;31.99145299145299;31.94017094017094;32.0;32.0;1;1
57.96;5.0;0.0;0.0;31.99145299145299;31.94017094017094;32.0;32.0;1;1
58.071;5.0;0.0;0.0;31.99145299145299;31.94017094017094;32.0;32.0;1;1
58.184;5.0;0.0;0.0;31.99145299145299;31.94017094017094;32.0;32.0;1;1
58.294;5.0;0.0;0.0;31.99145299145299;31.94017094017094;32.0;32.0;1;1
58.406;4.9675;0.0;0.0;31.99145299145299;31.94017094017094;32.0;32.0;1;1
58.512;4.2575;0.0;0.0;31.99145299145299;31.94017094017094;32.0;32.0;1;1
58.624;3.75;0.0;0.0;31.99145299145299;31.94017094017094;32.0;32.0;1;1
58.734;3.24125;0.0;0.0;31.99145299145299;31.94017094017094;32.0;32.0;1;1
58.835;2.7375;0.0;0.0;31.99145299145299;31.94017094017094;32.0;32.0;1;1
58.942;2.22875;0.0;0.0;31.99145299145299;31.94017094017094;32.0;32.0;1;1
59.043;1.72125;0.0;0.0;31.99145299145299;31.94017094017094;32.0;32.0;1;1
59.167;0.965;0.0;0.0;31.99145299145299;31.94017094017094;32.0;32.0;1;1
59.277;0.45625;0.0;0.0;31.99145299145299;31.94017094017094;32.0;32.0;1;1
59.39;0.01875;0.0;0.0;31.99145299145299;31.94017094017094;32.0;32.0;1;1
59.502;0.0;0.0;0.0;31.99145299145299;31.94017094017094;32.0;32.0;1;1
59.611;0.0;0.0;0.0;31.99145299145299;31.94017094017094;32.0;32.0;1;1
59.724;0.0;0.0;0.0;31.99145299145299;31.94017094017094;32.0;32.0;1;1
59.825;0.0;0.0;0.0;31.99145299145299;31.94017094017094;32.0;32.0;1;1
59.928;0.0;0.0;0.0;31.99145299145299;31.94017094017094;32.0;32.0;1;1
60.044;0.0;0.0;0.0;31.99145299145299;31.94017094017094;32.0;32.0;1;1
60.149;0.0;0.0;0.0;31.99145299145299;31.94017094017094;32.0;32.0;1;1
60.261;0.0;0.0;0.0;31.99145299145299;31.94017094017094;32.0;32.0;1;1
60.371;0.0;0.0;0.0;31.99145299145299;31.99145299145299;32.0;32.0;1;1
60.482;0.0;0.0;0.0;31.99145299145299;31.99145299145299;32.0;32.0;1;1
60.592;0.0;0.0;0.0;31.99145299145299;31.99145299145299;32.0;32.0;1;1
60.701;0.0;0.0;0.0;31.99145299145299;31.99145299145299;32.0;32.0;1;1
60.81;0.0;0.0;0.0;31.99145299145299;31.99145299145299;32.0;32.0;1;1
60.921;0.0;0.0;0.0;31.99145299145299;31.99145299145299;32.0;32.0;1;1
61.031;0.0;0.0;0.0;31.99145299145299;31.99145299145299;32.0;32.0;1;1
61.143;0.0;0.0;0.0;31.99145299145299;31.99145299145299;32.0;32.0;1;1
61.254;0.0;0.0;0.0;31.99145299145299;31.99145299145299;32.0;32.0;1;1
61.364;0.0;0.0;0.0;31.94017094017094;31.99145299145299;32.0;32.0;1;1
61.478;0.0;0.0;0.0;31.94017094017094;31.99145299145299;32.0;32.0;1;1
61.585;0.0;0.0;0.0;31.94017094017094;31.99145299145299;32.0;32.0;1;1
61.695;-0.08375;0.0;0.0;31.94017094017094;31.99145299145299;32.0;32.0;1;1
61.807;-0.5775;0.0;0.0;31.94017094017094;31.99145299145299;32.0;32.0;1;1
61.919;-1.34;0.0;0.0;31.94017094017094;31.99145299145299;32.0;32.0;1;1
62.03;-1.84375;0.0;0.0;31.94017094017094;31.99145299145299;32.0;32.0;1;1
62.143;-2.3525;0.0;0.0;31.94017094017094;31.99145299145299;32.0;32.0;1;1
62.259;-2.865;0.0;0.0;31.94017094017094;31.99145299145299;32.0;32.0;1;1
62.372;-3.63125;0.0;0.0;31.94017094017094;31.99145299145299;32.0;32.0;1;1
62.48;-4.14625;0.0;0.0;31.94017094017094;31.99145299145299;32.0;32.0;1;1
62.589;-4.655;0.0;0.0;31.94017094017094;31.99145299145299;32.0;32.0;1;1
62.698;-5.17;0.0;0.0;31.94017094017094;31.99145299145299;32.0;32.0;1;1
62.807;-5.6825;0.0;0.0;31.94017094017094;31.99145299145299;32.0;32.0;1;1
62.91;-6.44625;0.0;0.0;31.94017094017094;31.99145299145299;32.0;32.0;1;1
63.012;-6.70375;0.0;0.0;31.94017094017094;31.99145299145299;32.0;32.0;1;1
63.121;-7.4725;0.0;0.0;31.94017094017094;31.99145299145299;32.0;32.0;1;1
63.234;-7.975;0.0;0.0;31.94017094017094;31.99145299145299;32.0;32.0;1;1
63.341;-8.48375;0.0;0.0;31.99145299145299;31.94017094017094;32.0;32.0;1;1
63.451;-8.99125;0.0;0.0;31.99145299145299;31.94017094017094;32.0;32.0;1;1
63.557;-9.49375;0.0;0.0;31.99145299145299;31.94017094017094;32.0;32.0;1;1
63.672;-9.96;0.0;0.0;31.99145299145299;31.94017094017094;32.0;32.0;1;1
63.787;-10.0;0.16875;0.0;31.99145299145299;31.94017094017094;32.0;32.0;1;1
63.894;-10.0;0.68625;0.0;31.99145299145299;31.94017094017094;32.0;32.0;1;1
64.005;-10.0;1.19875;0.0;31.99145299145299;31.94017094017094;32.0;32.0;1;1
64.105;-10.0;1.96375;0.0;31.99145299145299;31.94017094017094;32.0;32.0;1;1
64.208;-10.0;2.22;0.0;31.99145299145299;31.94017094017094;32.0;32.0;1;1
64.319;-10.0;2.73625;0.0;31.99145299145299;31.94017094017094;32.0;32.0;1;1
64.429;-10.0;3.25;0.0;31.99145299145299;31.94017094017094;32.0;32.0;1;1
64.541;-10.0;4.02875;0.0;31.99145299145299;31.94017094017094;32.0;32.0;1;1
64.651;-10.0;4.5425;0.0;31.99145299145299;31.94017094017094;32.0;32.0;1;1
64.763;-10.0;5.0625;0.0;31.99145299145299;31.94017094017094;32.0;32.0;1;1
64.872;-10.0;5.58;0.0;31.99145299145299;31.94017094017094;32.0;32.0;1;1
64.985;-10.0;6.35;0.0;31.99145299145299;31.94017094017094;32.0;32.0;1;1
65.095;-10.0;6.8675;0.0;31.99145299145299;31.94017094017094;32.0;32.0;1;1
65.204;-10.0;7.385;0.0;31.99145299145299;31.94017094017094;32.0;32.0;1;1
65.317;-10.0;7.90375;0.0;31.99145299145299;31.94017094017094;32.0;32.0;1;1
65.43;-10.0;8.42125;0.0;31.94017094017094;31.99145299145299;32.0;32.0;1;1
65.537;-10.0;9.1925;0.0;31.94017094017094;31.99145299145299;32.0;32.0;1;1
65.651;-10.0;9.71125;0.0;31.94017094017094;31.99145299145299;32.0;32.0;1;1
65.761;-10.0;10.22875;0.0;31.94017094017094;31.99145299145299;32.0;32.0;1;1
65.869;-10.0;10.74;0.0;31.94017094017094;31.99145299145299;32.0;32.0;1;1
65.984;-10.0;11.51375;0.0;31.94017094017094;31.99145299145299;32.0;32.0;1;1
66.095;-10.0;12.02375;0.0;31.94017094017094;31.99145299145299;32.0;32.0;1;1
66.199;-10.0;12.54;0.0;31.94017094017094;31.99145299145299;32.0;32.0;1;1
66.311;-10.0;13.0575;0.0;31.94017094017094;31.99145299145299;32.0;32.0;1;1
66.423;-10.0;13.5675;0.0;31.99145299145299;31.94017094017094;32.0;32.0;1;1
66.531;-10.0;14.3425;0.0;31.99145299145299;31.94017094017094;32.0;32.0;1;1
66.644;-10.0;14.85375;0.0;31.99145299145299;31.94017094017094;32.0;32.0;1;1
66.758;-10.0;15.37;0.0;31.99145299145299;31.94017094017094;32.0;32.0;1;1
66.865;-10.0;15.88625;0.0;31.99145299145299;31.94017094017094;32.0;32.0;1;1
66.981;-10.0;16.3975;0.0;31.99145299145299;31.94017094017094;32.0;32.0;1;1
67.091;-10.0;17.1725;0.0;31.99145299145299;31.94017094017094;32.0;32.0;1;1
67.2;-10.0;17.6875;0.0;31.99145299145299;31.94017094017094;32.0;32.0;1;1
67.308;-10.0;18.195;0.0;31.99145299145299;31.94017094017094;32.0;32.0;1;1
67.421;-10.0;18.7075;0.0;31.99145299145299;31.94017094017094;32.0;32.0;1;1
67.529;-10.0;19.21875;0.0;31.99145299145299;31.94017094017094;32.0;32.0;1;1
67.637;-10.0;19.95;0.0;31.99145299145299;31.94017094017094;32.0;32.0;1;1
67.749;-10.0;20.0;0.061896509036890326;31.99145299145299;31.94017094017094;32.0;32.0;1;1
67.858;-10.0;20.0;0.2475860361475613;31.99145299145299;31.94017094017094;32.0;32.0;1;1
67.975;-10.0;20.0;0.43327556325823224;31.99145299145299;31.94017094017094;32.0;32.0;1;1
68.082;-10.0;20.0;0.6189650903689032;31.99145299145299;31.94017094017094;32.0;32.0;1;1
68.184;-10.0;20.0;0.9284476355533549;31.99145299145299;31.94017094017094;32.0;32.0;1;1
68.287;-10.0;20.0;0.9903441445902452;31.99145299145299;31.94017094017094;32.0;32.0;1;1
68.387;-10.0;20.0;0.9903441445902452;31.99145299145299;31.94017094017094;32.0;32.0;1;1
68.491;-10.0;20.0;0.9903441445902452;31.99145299145299;31.94017094017094;32.0;32.0;1;1
68.591;-10.0;20.0;0.9903441445902452;31.99145299145299;31.94017094017094;32.0;32.0;1;1
68.691;-10.0;20.0;0.9903441445902452;31.99145299145299;31.94017094017094;32.0;32.0;1;1
68.792;-10.0;20.0;0.9903441445902452;31.99145299145299;31.94017094017094;32.0;32.0;1;1
68.892;-10.0;20.0;0.9903441445902452;31.99145299145299;31.94017094017094;32.0;32.0;1;1
68.993;-10.0;20.0;0.9903441445902452;31.99145299145299;31.94017094017094;32.0;32.0;1;1
69.094;-10.0;20.0;0.9903441445902452;31.99145299145299;31.94017094017094;32.0;32.0;1;1
69.195;-10.0;20.0;0.9903441445902452;31.99145299145299;31.94017094017094;32.0;32.0;1;1
69.303;-10.0;20.0;0.9903441445902452;31.99145299145299;31.94017094017094;32.0;32.0;1;1
69.412;-10.0;20.0;0.9903441445902452;31.99145299145299;31.99145299145299;32.0;32.0;1;1
69.513;-10.0;20.0;0.9903441445902452;31.99145299145299;31.99145299145299;32.0;32.0;1;1
69.614;-10.0;20.0;0.9903441445902452;31.99145299145299;31.99145299145299;32.0;32.0;1;1
69.715;-10.0;20.0;0.9903441445902452;31.99145299145299;31.99145299145299;32.0;32.0;1;1
69.817;-10.0;20.0;0.9903441445902452;31.99145299145299;31.99145299145299;32.0;32.0;1;1
69.931;-10.0;20.0;0.9903441445902452;31.99145299145299;31.99145299145299;32.0;32.0;1;1
70.039;-10.0;20.0;0.9903441445902452;31.99145299145299;31.99145299145299;32.0;32.0;1;1
70.149;-10.0;20.0;0.9903441445902452;31.99145299145299;31.99145299145299;32.0;32.0;1;1
70.264;-10.0;20.0;0.9903441445902452;31.99145299145299;31.99145299145299;32.0;32.0;1;1
70.368;-10.0;20.0;0.9903441445902452;31.99145299145299;31.94017094017094;32.0;32.0;1;1
70.47;-9.9375;20.0;0.9903441445902452;31.99145299145299;31.94017094017094;32.0;32.0;1;1
70.575;-9.44875;20.0;0.9903441445902452;31.99145299145299;31.94017094017094;32.0;32.0;1;1
70.681;-8.68375;20.0;0.9903441445902452;31.99145299145299;31.94017094017094;32.0;32.0;1;1
70.793;-8.1775;20.0;0.9903441445902452;31.99145299145299;31.94017094017094;32.0;32.0;1;1
70.901;-7.6675;20.0;0.9903441445902452;31.99145299145299;31.94017094017094;32.0;32.0;1;1
71.001;-7.1625;20.0;0.9903441445902452;31.99145299145299;31.94017094017094;32.0;32.0;1;1
71.102;-6.6525;20.0;0.9903441445902452;31.99145299145299;31.94017094017094;32.0;32.0;1;1
71.202;-6.1425;20.0;0.9903441445902452;31.99145299145299;31.94017094017094;32.0;32.0;1;1
71.303;-5.63875;20.0;0.9903441445902452;31.99145299145299;31.94017094017094;32.0;32.0;1;1
71.405;-5.1275;20.0;0.9903441445902452;31.99145299145299;31.94017094017094;32.0;32.0;1;1
71.509;-5.0;20.0;0.9903441445902452;31.99145299145299;31.94017094017094;32.0;32.0;1;1
71.619;-5.0;20.0;0.9903441445902452;31.99145299145299;31.94017094017094;32.0;32.0;1;1
71.725;-5.0;20.0;0.9903441445902452;31.99145299145299;31.94017094017094;32.0;32.0;1;1
71.826;-5.0;20.0;0.9903441445902452;31.99145299145299;31.94017094017094;32.0;32.0;1;1
71.926;-5.0;20.0;0.9903441445902452;31.99145299145299;31.94017094017094;32.0;32.0;1;1
72.029;-5.0;20.0;0.9903441445902452;31.99145299145299;31.94017094017094;32.0;32.0;1;1
72.14;-5.0;20.0;0.9903441445902452;31.99145299145299;31.94017094017094;32.0;32.0;1;1
72.249;-5.0;20.0;0.9903441445902452;31.99145299145299;31.94017094017094;32.0;32.0;1;1
72.359;-5.0;20.0;0.9903441445902452;31.99145299145299;31.94017094017094;32.0;32.0;1;1
72.471;-5.0;20.0;0.9903441445902452;31.99145299145299;31.94017094017094;32.0;32.0;1;1
72.58;-5.0;20.0;0.9903441445902452;31.99145299145299;31.94017094017094;32.0;32.0;1;1
72.692;-5.0;20.0;0.9903441445902452;31.99145299145299;31.94017094017094;32.0;32.0;1;1
72.802;-5.0;20.0;0.9903441445902452;31.99145299145299;31.94017094017094;32.0;32.0;1;1
72.915;-5.0;20.0;0.9903441445902452;31.99145299145299;31.94017094017094;32.0;32.0;1;1
73.016;-5.0;20.0;0.9903441445902452;31.99145299145299;31.94017094017094;32.0;32.0;1;1
73.117;-5.0;20.0;0.9903441445902452;31.99145299145299;31.94017094017094;32.0;32.0;1;1
73.227;-5.0;20.0;0.9903441445902452;31.99145299145299;31.94017094017094;32.0;32.0;1;1
73.329;-5.0;20.0;0.9903441445902452;31.99145299145299;31.94017094017094;32.0;32.0;1;1
73.433;-5.0;20.0;0.9903441445902452;31.99145299145299;31.94017094017094;32.0;32.0;1;1
73.541;-5.0;20.0;0.9903441445902452;31.99145299145299;31.94017094017094;32.0;32.0;1;1
73.642;-5.14875;20.0;0.9903441445902452;31.99145299145299;31.94017094017094;32.0;32.0;1;1
73.742;-5.66125;20.0;0.9903441445902452;31.99145299145299;31.94017094017094;32.0;32.0;1;1
73.842;-6.17;20.0;0.9903441445902452;31.99145299145299;31.94017094017094;32.0;32.0;1;1
73.945;-6.67875;20.0;0.9903441445902452;31.99145299145299;31.94017094017094;32.0;32.0;1;1
74.049;-7.1875;20.0;0.9903441445902452;31.99145299145299;31.94017094017094;32.0;32.0;1;1
74.149;-7.69625;20.0;0.9903441445902452;31.99145299145299;31.94017094017094;32.0;32.0;1;1
74.25;-8.19875;20.0;0.9903441445902452;31.99145299145299;31.94017094017094;32.0;32.0;1;1
74.352;-8.70625;20.0;0.9903441445902452;31.99145299145299;31.94017094017094;32.0;32.0;1;1
74.453;-9.21375;20.0;0.9903441445902452;31.99145299145299;31.94017094017094;32.0;32.0;1;1
74.563;-9.71875;20.0;0.9903441445902452;31.99145299145299;31.94017094017094;32.0;32.0;1;1
74.674;-9.94375;20.0;0.9903441445902452;31.99145299145299;31.94017094017094;32.0;32.0;1;1
74.777;-10.0;20.0;0.9903441445902452;31.99145299145299;31.94017094017094;32.0;32.0;1;1
74.878;-10.0;20.0;0.9903441445902452;31.99145299145299;31.94017094017094;32.0;32.0;1;1
74.985;-10.0;20.0;0.9903441445902452;31.99145299145299;31.94017094017094;32.0;32.0;1;1
75.099;-10.0;20.0;0.9903441445902452;31.99145299145299;31.94017094017094;32.0;32.0;1;1
75.2;-10.0;20.0;0.9903441445902452;31.99145299145299;31.94017094017094;32.0;32.0;1;1
75.303;-10.0;20.0;0.9903441445902452;31.99145299145299;31.94017094017094;32.0;32.0;1;1
75.416;-10.0;20.0;0.9903441445902452;31.99145299145299;31.94017094017094;32.0;32.0;1;1
75.525;-10.0;20.0;0.9903441445902452;31.99145299145299;31.94017094017094;32.0;32.0;1;1
75.635;-10.0;20.0;0.9903441445902452;31.99145299145299;31.94017094017094;32.0;32.0;1;1
75.748;-10.0;20.0;0.9903441445902452;31.99145299145299;31.94017094017094;32.0;32.0;1;1
75.86;-10.0;20.0;0.9903441445902452;31.99145299145299;31.94017094017094;32.0;32.0;1;1
75.972;-10.0;20.0;0.9903441445902452;31.99145299145299;31.94017094017094;32.0;32.0;1;1
76.079;-10.0;20.0;0.9903441445902452;31.99145299145299;31.94017094017094;32.0;32.0;1;1
76.194;-10.0;20.0;0.9903441445902452;31.99145299145299;31.94017094017094;32.0;32.0;1;1
76.301;-10.0;20.0;0.9903441445902452;31.99145299145299;31.94017094017094;32.0;32.0;1;1
76.402;-10.0;20.0;0.9903441445902452;31.99145299145299;31.94017094017094;32.0;32.0;1;1
76.506;-10.0;20.0;0.9903441445902452;31.99145299145299;31.94017094017094;32.0;32.0;1;1
76.606;-10.0;20.0;0.9903441445902452;31.99145299145299;31.94017094017094;32.0;32.0;1;1
76.706;-10.0;20.0;0.9903441445902452;31.99145299145299;31.94017094017094;32.0;32.0;1;1
76.807;-10.0;20.0;0.9903441445902452;31.99145299145299;31.94017094017094;32.0;32.0;1;1
76.908;-10.0;20.0;0.9903441445902452;31.99145299145299;31.94017094017094;32.0;32.0;1;1
77.017;-10.0;20.0;0.9903441445902452;31.99145299145299;31.94017094017094;32.0;32.0;1;1
77.12;-10.0;20.0;0.9903441445902452;31.99145299145299;31.94017094017094;32.0;32.0;1;1
77.222;-10.0;20.0;0.9903441445902452;31.99145299145299;31.94017094017094;32.0;32.0;1;1
77.323;-10.0;20.0;0.9903441445902452;31.99145299145299;31.94017094017094;32.0;32.0;1;1
77.432;-10.0;20.0;0.9903441445902452;31.99145299145299;31.94017094017094;32.0;32.0;1;1
77.54;-10.0;20.0;0.9903441445902452;31.99145299145299;31.94017094017094;32.0;32.0;1;1
77.642;-10.0;20.0;0.9903441445902452;31.99145299145299;31.94017094017094;32.0;32.0;1;1
77.743;-10.0;20.0;0.9903441445902452;31.99145299145299;31.94017094017094;32.0;32.0;1;1
77.856;-10.0;20.0;0.9903441445902452;31.99145299145299;31.94017094017094;32.0;32.0;1;1
77.964;-10.0;20.0;0.9903441445902452;31.99145299145299;31.94017094017094;32.0;32.0;1;1
78.079;-10.0;20.0;0.9903441445902452;31.99145299145299;31.94017094017094;32.0;32.0;1;1
78.189;-10.0;20.0;0.9903441445902452;31.99145299145299;31.94017094017094;32.0;32.0;1;1
78.299;-10.0;20.0;0.9903441445902452;31.99145299145299;31.94017094017094;32.0;32.0;1;1
78.412;-10.0;20.0;0.9903441445902452;31.99145299145299;31.94017094017094;32.0;32.0;1;1
78.516;-10.0;20.0;0.9903441445902452;31.99145299145299;31.94017094017094;32.0;32.0;1;1
78.617;-10.0;20.0;0.9903441445902452;31.99145299145299;31.94017094017094;32.0;32.0;1;1
78.725;-10.0;20.0;0.9903441445902452;31.99145299145299;31.94017094017094;32.0;32.0;1;1
78.833;-10.0;20.0;0.9903441445902452;31.99145299145299;31.94017094017094;32.0;32.0;1;1
78.946;-10.0;20.0;0.9903441445902452;31.99145299145299;31.94017094017094;32.0;32.0;1;1
79.052;-10.0;20.0;0.9903441445902452;31.99145299145299;31.94017094017094;32.0;32.0;1;1
79.165;-10.0;20.0;0.9903441445902452;31.99145299145299;31.94017094017094;32.0;32.0;1;1
79.273;-10.0;20.0;0.9903441445902452;31.99145299145299;31.94017094017094;32.0;32.0;1;1
79.382;-10.0;20.0;0.9903441445902452;31.99145299145299;31.94017094017094;32.0;32.0;1;1
79.492;-10.0;20.0;0.9903441445902452;31.99145299145299;31.94017094017094;32.0;32.0;1;1
79.605;-10.0;20.0;0.9903441445902452;31.99145299145299;31.94017094017094;32.0;32.0;1;1
79.708;-10.0;20.0;0.9903441445902452;31.99145299145299;31.94017094017094;32.0;32.0;1;1
79.809;-10.0;20.0;0.9903441445902452;31.99145299145299;31.94017094017094;32.0;32.0;1;1
79.933;-10.0;20.0;0.9903441445902452;31.99145299145299;31.94017094017094;32.0;32.0;1;1
80.044;-10.0;20.0;0.9903441445902452;31.99145299145299;31.94017094017094;32.0;32.0;1;1
80.162;-10.0;20.0;0.9903441445902452;31.99145299145299;31.94017094017094;32.0;32.0;1;1
80.266;-10.0;20.0;0.9903441445902452;31.99145299145299;31.94017094017094;32.0;32.0;1;1
80.378;-10.0;20.0;0.9903441445902452;31.94017094017094;31.94017094017094;32.0;32.0;1;1
80.478;-10.0;20.0;0.9903441445902452;31.94017094017094;31.94017094017094;32.0;32.0;1;1
80.582;-10.0;20.0;0.9903441445902452;31.94017094017094;31.94017094017094;32.0;32.0;1;1
80.7;-10.0;20.0;0.9903441445902452;31.94017094017094;31.94017094017094;32.0;32.0;1;1
80.805;-10.0;20.0;0.9903441445902452;31.94017094017094;31.94017094017094;32.0;32.0;1;1
80.918;-10.0;20.0;0.9903441445902452;31.94017094017094;31.94017094017094;32.0;32.0;1;1
81.026;-10.0;20.0;0.9903441445902452;31.94017094017094;31.94017094017094;32.0;32.0;1;1
81.14;-10.0;20.0;0.9903441445902452;31.94017094017094;31.94017094017094;32.0;32.0;1;1
81.25;-10.0;20.0;0.9903441445902452;31.94017094017094;31.94017094017094;32.0;32.0;1;1
81.357;-10.0;20.0;0.9903441445902452;31.94017094017094;31.94017094017094;32.0;32.0;1;1
81.47;-10.0;20.0;0.9903441445902452;31.99145299145299;31.99145299145299;32.0;32.0;1;1
81.584;-10.0;20.0;0.9903441445902452;31.99145299145299;31.99145299145299;32.0;32.0;1;1
81.685;-10.0;20.0;0.9903441445902452;31.99145299145299;31.99145299145299;32.0;32.0;1;1
81.789;-10.0;20.0;0.9903441445902452;31.99145299145299;31.99145299145299;32.0;32.0;1;1
81.898;-10.0;20.0;0.9903441445902452;31.99145299145299;31.99145299145299;32.0;32.0;1;1
82.013;-10.0;20.0;0.9903441445902452;31.99145299145299;31.99145299145299;32.0;32.0;1;1
82.118;-10.0;20.0;0.9903441445902452;31.99145299145299;31.99145299145299;32.0;32.0;1;1
82.231;-10.0;20.0;0.9903441445902452;31.99145299145299;31.99145299145299;32.0;32.0;1;1
82.34;-10.0;20.0;0.9903441445902452;31.99145299145299;31.99145299145299;32.0;32.0;1;1
82.449;-10.0;20.0;0.9903441445902452;31.99145299145299;31.94017094017094;32.0;32.0;1;1
82.56;-10.0;20.0;0.9903441445902452;31.99145299145299;31.94017094017094;32.0;32.0;1;1
82.669;-10.0;20.0;0.9903441445902452;31.99145299145299;31.94017094017094;32.0;32.0;1;1
82.771;-10.0;20.0;0.9903441445902452;31.99145299145299;31.94017094017094;32.0;32.0;1;1
82.874;-10.0;20.0;0.9903441445902452;31.99145299145299;31.94017094017094;32.0;32.0;1;1
82.994;-10.0;20.0;0.9903441445902452;31.99145299145299;31.94017094017094;32.0;32.0;1;1
83.098;-10.0;20.0;0.9903441445902452;31.99145299145299;31.94017094017094;32.0;32.0;1;1
83.208;-10.0;20.0;0.9903441445902452;31.99145299145299;31.94017094017094;32.0;32.0;1;1
83.321;-10.0;20.0;0.9903441445902452;31.99145299145299;31.94017094017094;32.0;32.0;1;1
83.43;-10.0;20.0;0.9903441445902452;31.99145299145299;31.94017094017094;32.0;32.0;1;1
83.531;-10.0;20.0;0.9903441445902452;31.99145299145299;31.94017094017094;32.0;32.0;1;1
83.635;-10.0;20.0;0.9903441445902452;31.99145299145299;31.94017094017094;32.0;32.0;1;1
83.737;-10.0;20.0;0.9903441445902452;31.99145299145299;31.94017094017094;32.0;32.0;1;1
83.837;-10.0;20.0;0.9903441445902452;31.99145299145299;31.94017094017094;32.0;32.0;1;1
83.937;-10.0;20.0;0.9903441445902452;31.99145299145299;31.94017094017094;32.0;32.0;1;1
84.038;-10.0;20.0;0.9903441445902452;31.99145299145299;31.94017094017094;32.0;32.0;1;1
84.139;-10.0;20.0;0.9903441445902452;31.99145299145299;31.94017094017094;32.0;32.0;1;1
84.246;-10.0;20.0;0.9903441445902452;31.99145299145299;31.94017094017094;32.0;32.0;1;1
84.347;-10.0;20.0;0.9903441445902452;31.99145299145299;31.94017094017094;32.0;32.0;1;1
84.455;-10.0;20.0;0.9903441445902452;31.99145299145299;31.99145299145299;32.0;32.0;1;1
84.564;-10.0;20.0;0.9903441445902452;31.99145299145299;31.99145299145299;32.0;32.0;1;1
84.666;-10.0;20.0;0.9903441445902452;31.99145299145299;31.99145299145299;32.0;32.0;1;1
84.767;-10.0;20.0;0.9903441445902452;31.99145299145299;31.99145299145299;32.0;32.0;1;1
84.879;-10.0;20.0;0.9903441445902452;31.99145299145299;31.99145299145299;32.0;32.0;1;1
84.979;-10.0;20.0;0.9903441445902452;31.99145299145299;31.99145299145299;32.0;32.0;1;1
85.081;-10.0;20.0;0.9903441445902452;31.99145299145299;31.99145299145299;32.0;32.0;1;1
85.194;-10.0;20.0;0.9903441445902452;31.99145299145299;31.99145299145299;32.0;32.0;1;1
85.301;-10.0;20.0;0.9903441445902452;31.99145299145299;31.99145299145299;32.0;32.0;1;1
85.412;-10.0;20.0;0.9903441445902452;31.99145299145299;31.99145299145299;32.0;32.0;1;1
85.529;-10.0;20.0;0.9903441445902452;31.99145299145299;31.99145299145299;32.0;32.0;1;1
85.635;-10.0;20.0;0.9903441445902452;31.99145299145299;31.99145299145299;32.0;32.0;1;1
85.743;-10.0;20.0;0.9903441445902452;31.99145299145299;31.99145299145299;32.0;32.0;1;1
85.855;-10.0;20.0;0.9903441445902452;31.99145299145299;31.99145299145299;32.0;32.0;1;1
85.955;-10.0;20.0;0.9903441445902452;31.99145299145299;31.99145299145299;32.0;32.0;1;1
86.06;-10.0;20.0;0.9903441445902452;31.99145299145299;31.99145299145299;32.0;32.0;1;1
86.162;-10.0;20.0;0.9903441445902452;31.99145299145299;31.99145299145299;32.0;32.0;1;1
86.27;-10.0;20.0;0.9903441445902452;31.99145299145299;31.99145299145299;32.0;32.0;1;1
86.396;-10.0;20.0;0.9903441445902452;31.99145299145299;31.99145299145299;32.0;32.0;1;1
86.51;-10.0;20.0;0.9903441445902452;31.99145299145299;31.99145299145299;32.0;32.0;1;1
86.615;-10.0;20.0;0.9903441445902452;31.99145299145299;31.99145299145299;32.0;32.0;1;1
86.728;-10.0;20.0;0.9903441445902452;31.99145299145299;31.99145299145299;32.0;32.0;1;1
86.839;-10.0;20.0;0.9903441445902452;31.99145299145299;31.99145299145299;32.0;32.0;1;1
86.94;-10.0;20.0;0.9903441445902452;31.99145299145299;31.99145299145299;32.0;32.0;1;1
87.044;-10.0;20.0;0.9903441445902452;31.99145299145299;31.99145299145299;32.0;32.0;1;1
87.145;-10.0;20.0;0.9903441445902452;31.99145299145299;31.99145299145299;32.0;32.0;1;1
87.245;-10.0;20.0;0.9903441445902452;31.99145299145299;31.99145299145299;32.0;32.0;1;1
87.345;-10.0;20.0;0.9903441445902452;31.94017094017094;31.99145299145299;32.0;32.0;1;1
87.446;-10.0;20.0;0.9903441445902452;31.94017094017094;31.99145299145299;32.0;32.0;1;1
87.546;-10.0;20.0;0.9903441445902452;31.94017094017094;31.99145299145299;32.0;32.0;1;1
87.649;-10.0;20.0;0.9903441445902452;31.94017094017094;31.99145299145299;32.0;32.0;1;1
87.751;-10.0;20.0;0.9903441445902452;31.94017094017094;31.99145299145299;32.0;32.0;1;1
87.852;-10.0;20.0;0.9903441445902452;31.94017094017094;31.99145299145299;32.0;32.0;1;1
87.961;-10.0;20.0;0.9903441445902452;31.94017094017094;31.99145299145299;32.0;32.0;1;1
88.064;-10.0;20.0;0.9903441445902452;31.94017094017094;31.99145299145299;32.0;32.0;1;1
88.165;-10.0;20.0;0.9903441445902452;31.94017094017094;31.99145299145299;32.0;32.0;1;1
88.266;-10.0;20.0;0.9903441445902452;31.94017094017094;31.99145299145299;32.0;32.0;1;1
88.372;-10.0;20.0;0.9903441445902452;31.99145299145299;31.94017094017094;32.0;32.0;1;1
88.486;-10.0;20.0;0.9903441445902452;31.99145299145299;31.94017094017094;32.0;32.0;1;1
88.595;-10.0;20.0;0.9903441445902452;31.99145299145299;31.94017094017094;32.0;32.0;1;1
88.705;-10.0;20.0;0.9903441445902452;31.99145299145299;31.94017094017094;32.0;32.0;1;1
88.816;-10.0;20.0;0.9903441445902452;31.99145299145299;31.94017094017094;32.0;32.0;1;1
88.926;-10.0;20.0;0.9903441445902452;31.99145299145299;31.94017094017094;32.0;32.0;1;1
89.039;-10.0;20.0;0.9903441445902452;31.99145299145299;31.94017094017094;32.0;32.0;1;1
89.148;-10.0;20.0;0.9903441445902452;31.99145299145299;31.94017094017094;32.0;32.0;1;1
89.261;-10.0;20.0;0.9903441445902452;31.99145299145299;31.94017094017094;32.0;32.0;1;1
89.368;-10.0;20.0;0.9903441445902452;31.99145299145299;31.94017094017094;32.0;32.0;1;1
89.481;-10.0;20.0;0.9903441445902452;31.99145299145299;31.94017094017094;32.0;32.0;1;1
89.59;-10.0;20.0;0.9903441445902452;31.99145299145299;31.94017094017094;32.0;32.0;1;1
89.703;-10.0;20.0;0.9903441445902452;31.99145299145299;31.94017094017094;32.0;32.0;1;1
89.816;-10.0;20.0;0.9903441445902452;31.99145299145299;31.94017094017094;32.0;32.0;1;1
89.921;-10.0;20.0;0.9903441445902452;31.99145299145299;31.94017094017094;32.0;32.0;1;1
90.036;-10.0;20.0;0.9903441445902452;31.99145299145299;31.94017094017094;32.0;32.0;1;1
90.137;-10.0;20.0;0.9903441445902452;31.99145299145299;31.94017094017094;32.0;32.0;1;1
90.239;-10.0;20.0;0.9903441445902452;31.99145299145299;31.94017094017094;32.0;32.0;1;1
90.353;-10.0;20.0;0.9903441445902452;31.99145299145299;31.94017094017094;32.0;32.0;1;1
90.461;-10.0;20.0;0.9903441445902452;31.99145299145299;31.94017094017094;32.0;32.0;1;1
90.571;-10.0;20.0;0.9903441445902452;31.99145299145299;31.94017094017094;32.0;32.0;1;1
90.684;-10.0;20.0;0.9903441445902452;31.99145299145299;31.94017094017094;32.0;32.0;1;1
90.792;-10.0;20.0;0.9903441445902452;31.99145299145299;31.94017094017094;32.0;32.0;1;1
90.893;-10.0;20.0;0.9903441445902452;31.99145299145299;31.94017094017094;32.0;32.0;1;1
90.998;-10.0;20.0;0.9903441445902452;31.99145299145299;31.94017094017094;32.0;32.0;1;1
91.099;-10.0;20.0;0.9903441445902452;31.99145299145299;31.94017094017094;32.0;32.0;1;1
91.204;-10.0;20.0;0.9903441445902452;31.99145299145299;31.94017094017094;32.0;32.0;1;1
91.304;-10.0;20.0;0.9903441445902452;31.99145299145299;31.94017094017094;32.0;32.0;1;1
91.404;-10.0;20.0;0.9903441445902452;31.99145299145299;31.99145299145299;32.0;32.0;1;1
91.505;-10.0;20.0;0.9903441445902452;31.99145299145299;31.99145299145299;32.0;32.0;1;1
91.605;-10.0;20.0;0.9903441445902452;31.99145299145299;31.99145299145299;32.0;32.0;1;1
91.711;-10.0;20.0;0.9903441445902452;31.99145299145299;31.99145299145299;32.0;32.0;1;1
91.819;-10.0;20.0;0.9903441445902452;31.99145299145299;31.99145299145299;32.0;32.0;1;1
91.923;-10.0;20.0;0.9903441445902452;31.99145299145299;31.99145299145299;32.0;32.0;1;1
92.028;-10.0;20.0;0.9903441445902452;31.99145299145299;31.99145299145299;32.0;32.0;1;1
92.129;-10.0;20.0;0.9903441445902452;31.99145299145299;31.99145299145299;32.0;32.0;1;1
92.24;-10.0;20.0;0.9903441445902452;31.99145299145299;31.99145299145299;32.0;32.0;1;1
92.35;-10.0;20.0;0.9903441445902452;31.99145299145299;31.99145299145299;32.0;32.0;1;1
92.461;-10.0;20.0;0.9903441445902452;31.99145299145299;31.99145299145299;32.0;32.0;1;1
92.565;-10.0;20.0;0.9903441445902452;31.99145299145299;31.99145299145299;32.0;32.0;1;1
92.666;-10.0;20.0;0.9903441445902452;31.99145299145299;31.99145299145299;32.0;32.0;1;1
92.777;-10.0;20.0;0.9903441445902452;31.99145299145299;31.99145299145299;32.0;32.0;1;1
92.889;-10.0;20.0;0.9903441445902452;31.99145299145299;31.99145299145299;32.0;32.0;1;1
92.999;-10.0;20.0;0.9903441445902452;31.99145299145299;31.99145299145299;32.0;32.0;1;1
93.111;-10.0;20.0;0.9903441445902452;31.99145299145299;31.99145299145299;32.0;32.0;1;1
93.222;-10.0;20.0;0.9903441445902452;31.99145299145299;31.99145299145299;32.0;32.0;1;1
93.333;-10.0;20.0;0.9903441445902452;31.99145299145299;31.99145299145299;32.0;32.0;1;1
93.445;-10.0;20.0;0.9903441445902452;31.99145299145299;31.94017094017094;32.0;32.0;1;1
93.553;-10.0;20.0;0.9903441445902452;31.99145299145299;31.94017094017094;32.0;32.0;1;1
93.667;-10.0;20.0;0.9903441445902452;31.99145299145299;31.94017094017094;32.0;32.0;1;1
93.775;-10.0;20.0;0.9903441445902452;31.99145299145299;31.94017094017094;32.0;32.0;1;1
93.877;-10.0;20.0;0.9903441445902452;31.99145299145299;31.94017094017094;32.0;32.0;1;1
93.978;-10.0;20.0;0.9903441445902452;31.99145299145299;31.94017094017094;32.0;32.0;1;1
94.088;-10.0;20.0;0.9903441445902452;31.99145299145299;31.94017094017094;32.0;32.0;1;1
94.203;-10.0;20.0;0.9903441445902452;31.99145299145299;31.94017094017094;32.0;32.0;1;1
94.313;-10.0;20.0;0.9903441445902452;31.99145299145299;31.94017094017094;32.0;32.0;1;1
94.421;-10.0;20.0;0.9903441445902452;31.99145299145299;31.99145299145299;32.0;32.0;1;1
94.534;-10.0;20.0;0.9903441445902452;31.99145299145299;31.99145299145299;32.0;32.0;1;1
94.641;-10.0;20.0;0.9903441445902452;31.99145299145299;31.99145299145299;32.0;32.0;1;1
94.752;-10.0;20.0;0.9903441445902452;31.99145299145299;31.99145299145299;32.0;32.0;1;1
94.852;-10.0;20.0;0.9903441445902452;31.99145299145299;31.99145299145299;32.0;32.0;1;1
94.959;-10.0;20.0;0.9903441445902452;31.99145299145299;31.99145299145299;32.0;32.0;1;1
95.075;-10.0;20.0;0.9903441445902452;31.99145299145299;31.99145299145299;32.0;32.0;1;1
95.182;-10.0;20.0;0.9903441445902452;31.99145299145299;31.99145299145299;32.0;32.0;1;1
95.293;-10.0;20.0;0.9903441445902452;31.99145299145299;31.99145299145299;32.0;32.0;1;1
95.402;-10.0;20.0;0.9903441445902452;31.99145299145299;31.99145299145299;32.0;32.0;1;1
95.516;-10.0;20.0;0.9903441445902452;31.99145299145299;31.99145299145299;32.0;32.0;1;1
95.627;-10.0;20.0;0.9903441445902452;31.99145299145299;31.99145299145299;32.0;32.0;1;1
95.73;-10.0;20.0;0.9903441445902452;31.99145299145299;31.99145299145299;32.0;32.0;1;1
95.832;-10.0;20.0;0.9903441445902452;31.99145299145299;31.99145299145299;32.0;32.0;1;1
95.944;-10.0;20.0;0.9903441445902452;31.99145299145299;31.99145299145299;32.0;32.0;1;1
96.054;-10.0;20.0;0.9903441445902452;31.99145299145299;31.99145299145299;32.0;32.0;1;1
96.164;-10.0;20.0;0.9903441445902452;31.99145299145299;31.99145299145299;32.0;32.0;1;1
96.273;-10.0;20.0;0.9903441445902452;31.99145299145299;31.99145299145299;32.0;32.0;1;1
96.374;-10.0;20.0;0.9903441445902452;31.99145299145299;31.99145299145299;32.0;32.0;1;1
96.48;-10.0;20.0;0.9903441445902452;31.99145299145299;31.94017094017094;32.0;32.0;1;1
96.592;-10.0;20.0;0.9903441445902452;31.99145299145299;31.94017094017094;32.0;32.0;1;1
96.718;-10.0;20.0;0.9903441445902452;31.99145299145299;31.94017094017094;32.0;32.0;1;1
96.827;-10.0;20.0;0.9903441445902452;31.99145299145299;31.94017094017094;32.0;32.0;1;1
96.938;-10.0;20.0;0.9903441445902452;31.99145299145299;31.94017094017094;32.0;32.0;1;1
97.048;-10.0;20.0;0.9903441445902452;31.99145299145299;31.94017094017094;32.0;32.0;1;1
97.148;-10.0;20.0;0.9903441445902452;31.99145299145299;31.94017094017094;32.0;32.0;1;1
97.258;-10.0;20.0;0.9903441445902452;31.99145299145299;31.94017094017094;32.0;32.0;1;1
97.363;-10.0;20.0;0.9903441445902452;31.99145299145299;31.94017094017094;32.0;32.0;1;1
97.467;-10.0;20.0;0.9903441445902452;31.99145299145299;31.99145299145299;32.0;32.0;1;1
97.568;-10.0;20.0;0.9903441445902452;31.99145299145299;31.99145299145299;32.0;32.0;1;1
97.668;-10.0;20.0;0.9903441445902452;31.99145299145299;31.99145299145299;32.0;32.0;1;1
97.768;-10.0;20.0;0.9903441445902452;31.99145299145299;31.99145299145299;32.0;32.0;1;1
97.869;-10.0;20.0;0.9903441445902452;31.99145299145299;31.99145299145299;32.0;32.0;1;1
97.969;-10.0;20.0;0.9903441445902452;31.99145299145299;31.99145299145299;32.0;32.0;1;1
98.075;-10.0;20.0;0.9903441445902452;31.99145299145299;31.99145299145299;32.0;32.0;1;1
98.18;-10.0;20.0;0.9903441445902452;31.99145299145299;31.99145299145299;32.0;32.0;1;1
98.281;-10.0;20.0;0.9903441445902452;31.99145299145299;31.99145299145299;32.0;32.0;1;1
98.382;-10.0;20.0;0.9903441445902452;31.99145299145299;31.94017094017094;32.0;32.0;1;1
98.491;-10.0;20.0;0.9903441445902452;31.99145299145299;31.94017094017094;32.0;32.0;1;1
98.591;-10.0;20.0;0.9903441445902452;31.99145299145299;31.94017094017094;32.0;32.0;1;1
98.698;-10.0;20.0;0.9903441445902452;31.99145299145299;31.94017094017094;32.0;32.0;1;1
98.81;-10.0;20.0;0.9903441445902452;31.99145299145299;31.94017094017094;32.0;32.0;1;1
98.92;-10.0;20.0;0.9903441445902452;31.99145299145299;31.94017094017094;32.0;32.0;1;1
99.031;-10.0;20.0;0.9903441445902452;31.99145299145299;31.94017094017094;32.0;32.0;1;1
99.141;-10.0;20.0;0.9903441445902452;31.99145299145299;31.94017094017094;32.0;32.0;1;1
99.252;-10.0;20.0;0.9903441445902452;31.99145299145299;31.94017094017094;32.0;32.0;1;1
99.361;-10.0;20.0;0.9903441445902452;31.99145299145299;31.99145299145299;32.0;32.0;1;1
99.472;-10.0;20.0;0.9903441445902452;31.99145299145299;31.99145299145299;32.0;32.0;1;1
99.573;-10.0;20.0;0.9903441445902452;31.99145299145299;31.99145299145299;32.0;32.0;1;1
99.674;-10.0;20.0;0.9903441445902452;31.99145299145299;31.99145299145299;32.0;32.0;1;1
99.785;-10.0;20.0;0.9903441445902452;31.99145299145299;31.99145299145299;32.0;32.0;1;1
99.887;-10.0;20.0;0.9903441445902452;31.99145299145299;31.99145299145299;32.0;32.0;1;1
99.991;-10.0;20.0;0.9903441445902452;31.99145299145299;31.99145299145299;32.0;32.0;1;1
100.103;-10.0;20.0;0.9903441445902452;31.99145299145299;31.99145299145299;32.0;32.0;1;1
100.217;-10.0;20.0;0.9903441445902452;31.99145299145299;31.99145299145299;32.0;32.0;1;1
100.324;-10.0;20.0;0.9903441445902452;31.99145299145299;31.99145299145299;32.0;32.0;1;1
100.432;-10.0;20.0;0.9903441445902452;31.99145299145299;31.99145299145299;32.0;32.0;1;1
100.547;-10.0;20.0;0.9903441445902452;31.99145299145299;31.99145299145299;32.0;32.0;1;1
100.66;-10.0;20.0;0.9903441445902452;31.99145299145299;31.99145299145299;32.0;32.0;1;1
100.765;-10.0;20.0;0.9903441445902452;31.99145299145299;31.99145299145299;32.0;32.0;1;1
100.879;-10.0;20.0;0.9903441445902452;31.99145299145299;31.99145299145299;32.0;32.0;1;1
100.991;-10.0;20.0;0.9903441445902452;31.99145299145299;31.99145299145299;32.0;32.0;1;1
101.098;-10.0;20.0;0.9903441445902452;31.99145299145299;31.99145299145299;32.0;32.0;1;1
101.209;-10.0;20.0;0.9903441445902452;31.99145299145299;31.99145299145299;32.0;32.0;1;1
101.319;-10.0;20.0;0.9903441445902452;31.99145299145299;31.99145299145299;32.0;32.0;1;1
101.429;-10.0;20.0;0.9903441445902452;31.94017094017094;31.99145299145299;32.0;32.0;1;1
101.53;-10.0;20.0;0.9903441445902452;31.94017094017094;31.99145299145299;32.0;32.0;1;1
101.633;-10.0;20.0;0.9903441445902452;31.94017094017094;31.99145299145299;32.0;32.0;1;1
101.734;-10.0;20.0;0.9903441445902452;31.94017094017094;31.99145299145299;32.0;32.0;1;1
101.835;-10.0;20.0;0.9903441445902452;31.94017094017094;31.99145299145299;32.0;32.0;1;1
101.935;-10.0;20.0;0.9903441445902452;31.94017094017094;31.99145299145299;32.0;32.0;1;1
102.035;-10.0;20.0;0.9903441445902452;31.94017094017094;31.99145299145299;32.0;32.0;1;1
102.141;-10.0;20.0;0.9903441445902452;31.94017094017094;31.99145299145299;32.0;32.0;1;1
102.247;-10.0;20.0;0.9903441445902452;31.94017094017094;31.99145299145299;32.0;32.0;1;1
102.348;-10.0;20.0;0.9903441445902452;31.99145299145299;31.99145299145299;32.0;32.0;1;1
102.452;-10.0;20.0;0.9903441445902452;31.99145299145299;31.99145299145299;32.0;32.0;1;1
102.56;-10.0;20.0;0.9903441445902452;31.99145299145299;31.99145299145299;32.0;32.0;1;1
102.661;-10.0;20.0;0.9903441445902452;31.99145299145299;31.99145299145299;32.0;32.0;1;1
102.763;-10.0;20.0;0.9903441445902452;31.99145299145299;31.99145299145299;32.0;32.0;1;1
102.873;-10.0;20.0;0.9903441445902452;31.99145299145299;31.99145299145299;32.0;32.0;1;1
102.983;-10.0;20.0;0.9903441445902452;31.99145299145299;31.99145299145299;32.0;32.0;1;1
103.094;-10.0;20.0;0.9903441445902452;31.99145299145299;31.99145299145299;32.0;32.0;1;1
103.204;-10.0;20.0;0.9903441445902452;31.99145299145299;31.99145299145299;32.0;32.0;1;1
103.314;-10.0;20.0;0.9903441445902452;31.99145299145299;31.99145299145299;32.0;32.0;1;1
103.422;-10.0;20.0;0.9903441445902452;31.99145299145299;31.99145299145299;32.0;32.0;1;1
103.538;-10.0;20.0;0.9903441445902452;31.99145299145299;31.99145299145299;32.0;32.0;1;1
103.646;-10.0;20.0;0.9903441445902452;31.99145299145299;31.99145299145299;32.0;32.0;1;1
103.755;-10.0;20.0;0.9903441445902452;31.99145299145299;31.99145299145299;32.0;32.0;1;1
103.866;-10.0;20.0;0.9903441445902452;31.99145299145299;31.99145299145299;32.0;32.0;1;1
103.969;-10.0;20.0;0.9903441445902452;31.99145299145299;31.99145299145299;32.0;32.0;1;1
104.075;-10.0;20.0;0.9903441445902452;31.99145299145299;31.99145299145299;32.0;32.0;1;1
104.186;-10.0;20.0;0.9903441445902452;31.99145299145299;31.99145299145299;32.0;32.0;1;1
104.296;-10.0;20.0;0.9903441445902452;31.99145299145299;31.99145299145299;32.0;32.0;1;1
104.406;-10.0;20.0;0.9903441445902452;31.99145299145299;31.94017094017094;32.0;32.0;1;1
104.516;-10.0;20.0;0.9903441445902452;31.99145299145299;31.94017094017094;32.0;32.0;1;1
104.625;-10.0;20.0;0.9903441445902452;31.99145299145299;31.94017094017094;32.0;32.0;1;1
104.736;-10.0;20.0;0.9903441445902452;31.99145299145299;31.94017094017094;32.0;32.0;1;1
104.836;-10.0;20.0;0.9903441445902452;31.99145299145299;31.94017094017094;32.0;32.0;1;1
104.954;-10.0;20.0;0.9903441445902452;31.99145299145299;31.94017094017094;32.0;32.0;1;1
105.054;-10.0;20.0;0.9903441445902452;31.99145299145299;31.94017094017094;32.0;32.0;1;1
105.157;-10.0;20.0;0.9903441445902452;31.99145299145299;31.94017094017094;32.0;32.0;1;1
105.259;-10.0;20.0;0.9903441445902452;31.99145299145299;31.94017094017094;32.0;32.0;1;1
105.361;-10.0;20.0;0.9903441445902452;31.99145299145299;31.94017094017094;32.0;32.0;1;1
105.471;-10.0;20.0;0.9903441445902452;31.99145299145299;31.99145299145299;32.0;32.0;1;1
105.582;-10.0;20.0;0.9903441445902452;31.99145299145299;31.99145299145299;32.0;32.0;1;1
105.684;-10.0;20.0;0.9903441445902452;31.99145299145299;31.99145299145299;32.0;32.0;1;1
105.789;-10.0;20.0;0.9903441445902452;31.99145299145299;31.99145299145299;32.0;32.0;1;1
105.889;-10.0;20.0;0.9903441445902452;31.99145299145299;31.99145299145299;32.0;32.0;1;1
105.99;-10.0;20.0;0.9903441445902452;31.99145299145299;31.99145299145299;32.0;32.0;1;1
106.09;-10.0;20.0;0.9903441445902452;31.99145299145299;31.99145299145299;32.0;32.0;1;1
106.19;-10.0;20.0;0.9903441445902452;31.99145299145299;31.99145299145299;32.0;32.0;1;1
106.292;-10.0;20.0;0.9903441445902452;31.99145299145299;31.99145299145299;32.0;32.0;1;1
106.395;-10.0;20.0;0.9903441445902452;31.99145299145299;31.99145299145299;32.0;32.0;1;1
106.502;-10.0;20.0;0.9903441445902452;31.94017094017094;31.99145299145299;32.0;32.0;1;1
106.602;-10.0;20.0;0.9903441445902452;31.94017094017094;31.99145299145299;32.0;32.0;1;1
106.706;-10.0;20.0;0.9903441445902452;31.94017094017094;31.99145299145299;32.0;32.0;1;1
106.818;-10.0;20.0;0.9903441445902452;31.94017094017094;31.99145299145299;32.0;32.0;1;1
106.919;-10.0;20.0;0.9903441445902452;31.94017094017094;31.99145299145299;32.0;32.0;1;1
107.024;-10.0;20.0;0.9903441445902452;31.94017094017094;31.99145299145299;32.0;32.0;1;1
107.135;-10.0;20.0;0.9903441445902452;31.94017094017094;31.99145299145299;32.0;32.0;1;1
107.236;-10.0;20.0;0.9903441445902452;31.94017094017094;31.99145299145299;32.0;32.0;1;1
107.338;-10.0;20.0;0.9903441445902452;31.94017094017094;31.99145299145299;32.0;32.0;1;1
107.438;-10.0;20.0;0.9903441445902452;31.99145299145299;31.99145299145299;32.0;32.0;1;1
107.543;-10.0;20.0;0.9903441445902452;31.99145299145299;31.99145299145299;32.0;32.0;1;1
107.658;-10.0;20.0;0.9903441445902452;31.99145299145299;31.99145299145299;32.0;32.0;1;1
107.762;-10.0;20.0;0.9903441445902452;31.99145299145299;31.99145299145299;32.0;32.0;1;1
107.867;-10.0;20.0;0.9903441445902452;31.99145299145299;31.99145299145299;32.0;32.0;1;1
107.968;-10.0;20.0;0.9903441445902452;31.99145299145299;31.99145299145299;32.0;32.0;1;1
108.068;-10.0;20.0;0.9903441445902452;31.99145299145299;31.99145299145299;32.0;32.0;1;1
108.169;-10.0;20.0;0.9903441445902452;31.99145299145299;31.99145299145299;32.0;32.0;1;1
108.269;-10.0;20.0;0.9903441445902452;31.99145299145299;31.99145299145299;32.0;32.0;1;1
108.371;-10.0;20.0;0.9903441445902452;31.99145299145299;31.99145299145299;32.0;32.0;1;1
108.481;-10.0;20.0;0.9903441445902452;31.99145299145299;31.99145299145299;32.0;32.0;1;1
108.591;-10.0;20.0;0.9903441445902452;31.99145299145299;31.99145299145299;32.0;32.0;1;1
108.692;-10.0;20.0;0.9903441445902452;31.99145299145299;31.99145299145299;32.0;32.0;1;1
108.796;-10.0;20.0;0.9903441445902452;31.99145299145299;31.99145299145299;32.0;32.0;1;1
108.898;-10.0;20.0;0.9903441445902452;31.99145299145299;31.99145299145299;32.0;32.0;1;1
108.998;-10.0;20.0;0.9903441445902452;31.99145299145299;31.99145299145299;32.0;32.0;1;1
109.103;-10.0;20.0;0.9903441445902452;31.99145299145299;31.99145299145299;32.0;32.0;1;1
109.204;-10.0;20.0;0.9903441445902452;31.99145299145299;31.99145299145299;32.0;32.0;1;1
109.311;-10.0;20.0;0.9903441445902452;31.99145299145299;31.99145299145299;32.0;32.0;1;1
109.418;-10.0;20.0;0.9903441445902452;31.99145299145299;31.99145299145299;32.0;32.0;1;1
109.526;-10.0;20.0;0.9903441445902452;31.99145299145299;31.99145299145299;32.0;32.0;1;1
109.642;-10.0;20.0;0.9903441445902452;31.99145299145299;31.99145299145299;32.0;32.0;1;1
109.749;-10.0;20.0;0.9903441445902452;31.99145299145299;31.99145299145299;32.0;32.0;1;1
109.861;-10.0;20.0;0.9903441445902452;31.99145299145299;31.99145299145299;32.0;32.0;1;1
109.962;-10.0;20.0;0.9903441445902452;31.99145299145299;31.99145299145299;32.0;32.0;1;1
110.078;-10.0;20.0;0.9903441445902452;31.99145299145299;31.99145299145299;32.0;32.0;1;1
110.192;-10.0;20.0;0.9903441445902452;31.99145299145299;31.99145299145299;32.0;32.0;1;1
110.301;-10.0;20.0;0.9903441445902452;31.99145299145299;31.99145299145299;32.0;32.0;1;1
110.417;-10.0;20.0;0.9903441445902452;31.99145299145299;31.99145299145299;32.0;32.0;1;1
110.524;-10.0;20.0;0.9903441445902452;31.99145299145299;31.99145299145299;32.0;32.0;1;1
110.636;-10.0;20.0;0.9903441445902452;31.99145299145299;31.99145299145299;32.0;32.0;1;1
110.743;-10.0;20.0;0.9903441445902452;31.99145299145299;31.99145299145299;32.0;32.0;1;1
110.856;-10.0;20.0;0.9903441445902452;31.99145299145299;31.99145299145299;32.0;32.0;1;1
110.965;-10.0;20.0;0.9903441445902452;31.99145299145299;31.99145299145299;32.0;32.0;1;1
111.077;-10.0;20.0;0.9903441445902452;31.99145299145299;31.99145299145299;32.0;32.0;1;1
111.191;-10.0;20.0;0.9903441445902452;31.99145299145299;31.99145299145299;32.0;32.0;1;1
111.297;-10.0;20.0;0.9903441445902452;31.99145299145299;31.99145299145299;32.0;32.0;1;1
111.408;-10.0;20.0;0.9903441445902452;31.99145299145299;31.99145299145299;32.0;32.0;1;1
111.521;-10.0;20.0;0.9903441445902452;31.94017094017094;31.99145299145299;32.0;32.0;1;1
111.63;-10.0;20.0;0.9903441445902452;31.94017094017094;31.99145299145299;32.0;32.0;1;1
111.73;-10.0;20.0;0.9903441445902452;31.94017094017094;31.99145299145299;32.0;32.0;1;1
111.832;-10.0;20.0;0.9903441445902452;31.94017094017094;31.99145299145299;32.0;32.0;1;1
111.945;-10.0;20.0;0.9903441445902452;31.94017094017094;31.99145299145299;32.0;32.0;1;1
112.055;-10.0;20.0;0.9903441445902452;31.94017094017094;31.99145299145299;32.0;32.0;1;1
112.168;-10.0;20.0;0.9903441445902452;31.94017094017094;31.99145299145299;32.0;32.0;1;1
112.269;-10.0;20.0;0.9903441445902452;31.94017094017094;31.99145299145299;32.0;32.0;1;1
112.388;-10.0;20.0;0.9903441445902452;31.99145299145299;31.99145299145299;32.0;32.0;1;1
112.494;-10.0;20.0;0.9903441445902452;31.99145299145299;31.99145299145299;32.0;32.0;1;1
112.607;-10.0;20.0;0.9903441445902452;31.99145299145299;31.99145299145299;32.0;32.0;1;1
112.717;-10.0;20.0;0.9903441445902452;31.99145299145299;31.99145299145299;32.0;32.0;1;1
112.827;-10.0;20.0;0.9903441445902452;31.99145299145299;31.99145299145299;32.0;32.0;1;1
112.938;-10.0;20.0;0.9903441445902452;31.99145299145299;31.99145299145299;32.0;32.0;1;1
113.05;-10.0;20.0;0.9903441445902452;31.99145299145299;31.99145299145299;32.0;32.0;1;1
113.151;-10.0;20.0;0.9903441445902452;31.99145299145299;31.99145299145299;32.0;32.0;1;1
113.258;-10.0;20.0;0.9903441445902452;31.99145299145299;31.99145299145299;32.0;32.0;1;1
113.367;-10.0;20.0;0.9903441445902452;31.99145299145299;31.99145299145299;32.0;32.0;1;1
113.479;-10.0;20.0;0.9903441445902452;31.99145299145299;31.99145299145299;32.0;32.0;1;1
113.587;-10.0;20.0;0.9903441445902452;31.99145299145299;31.99145299145299;32.0;32.0;1;1
113.699;-10.0;20.0;0.9903441445902452;31.99145299145299;31.99145299145299;32.0;32.0;1;1
113.807;-10.0;20.0;0.9903441445902452;31.99145299145299;31.99145299145299;32.0;32.0;1;1
113.919;-10.0;20.0;0.9903441445902452;31.99145299145299;31.99145299145299;32.0;32.0;1;1
114.036;-10.0;20.0;0.9903441445902452;31.99145299145299;31.99145299145299;32.0;32.0;1;1
114.145;-10.0;20.0;0.9903441445902452;31.99145299145299;31.99145299145299;32.0;32.0;1;1
114.245;-10.0;20.0;0.9903441445902452;31.99145299145299;31.99145299145299;32.0;32.0;1;1
114.353;-10.0;20.0;0.9903441445902452;31.99145299145299;31.99145299145299;32.0;32.0;1;1
114.458;-10.0;20.0;0.9903441445902452;31.94017094017094;31.99145299145299;32.0;32.0;1;1
114.573;-10.0;20.0;0.9903441445902452;31.94017094017094;31.99145299145299;32.0;32.0;1;1
114.679;-10.0;20.0;0.9903441445902452;31.94017094017094;31.99145299145299;32.0;32.0;1;1
114.791;-10.0;20.0;0.9903441445902452;31.94017094017094;31.99145299145299;32.0;32.0;1;1
114.898;-10.0;20.0;0.9903441445902452;31.94017094017094;31.99145299145299;32.0;32.0;1;1
115.009;-10.0;20.0;0.9903441445902452;31.94017094017094;31.99145299145299;32.0;32.0;1;1
115.119;-10.0;20.0;0.9903441445902452;31.94017094017094;31.99145299145299;32.0;32.0;1;1
115.232;-10.0;20.0;0.9903441445902452;31.94017094017094;31.99145299145299;32.0;32.0;1;1
115.345;-10.0;20.0;0.9903441445902452;31.94017094017094;31.99145299145299;32.0;32.0;1;1
115.447;-10.0;20.0;0.9903441445902452;31.99145299145299;31.99145299145299;32.0;32.0;1;1
115.547;-10.0;20.0;0.9903441445902452;31.99145299145299;31.99145299145299;32.0;32.0;1;1
115.665;-10.0;20.0;0.9903441445902452;31.99145299145299;31.99145299145299;32.0;32.0;1;1
115.772;-10.0;20.0;0.9903441445902452;31.99145299145299;31.99145299145299;32.0;32.0;1;1
115.883;-10.0;20.0;0.9903441445902452;31.99145299145299;31.99145299145299;32.0;32.0;1;1
115.993;-10.0;20.0;0.9903441445902452;31.99145299145299;31.99145299145299;32.0;32.0;1;1
116.109;-10.0;20.0;0.9903441445902452;31.99145299145299;31.99145299145299;32.0;32.0;1;1
116.217;-10.0;20.0;0.9903441445902452;31.99145299145299;31.99145299145299;32.0;32.0;1;1
116.329;-10.0;20.0;0.9903441445902452;31.99145299145299;31.99145299145299;32.0;32.0;1;1
116.436;-10.0;20.0;0.9903441445902452;31.99145299145299;31.99145299145299;32.0;32.0;1;1
116.546;-10.0;20.0;0.9903441445902452;31.99145299145299;31.99145299145299;32.0;32.0;1;1
116.656;-10.0;20.0;0.9903441445902452;31.99145299145299;31.99145299145299;32.0;32.0;1;1
116.767;-10.0;20.0;0.9903441445902452;31.99145299145299;31.99145299145299;32.0;32.0;1;1
116.88;-10.0;20.0;0.9903441445902452;31.99145299145299;31.99145299145299;32.0;32.0;1;1
116.988;-10.0;20.0;0.9903441445902452;31.99145299145299;31.99145299145299;32.0;32.0;1;1
117.101;-10.0;20.0;0.9903441445902452;31.99145299145299;31.99145299145299;32.0;32.0;1;1
117.209;-10.0;20.0;0.9903441445902452;31.99145299145299;31.99145299145299;32.0;32.0;1;1
117.32;-10.0;20.0;0.9903441445902452;31.99145299145299;31.99145299145299;32.0;32.0;1;1
117.43;-10.0;20.0;0.9903441445902452;31.99145299145299;31.99145299145299;32.0;32.0;1;1
117.541;-10.0;20.0;0.9903441445902452;31.99145299145299;31.99145299145299;32.0;32.0;1;1
117.65;-10.0;20.0;0.9903441445902452;31.99145299145299;31.99145299145299;32.0;32.0;1;1
117.762;-10.0;20.0;0.9903441445902452;31.99145299145299;31.99145299145299;32.0;32.0;1;1
117.873;-10.0;20.0;0.9903441445902452;31.99145299145299;31.99145299145299;32.0;32.0;1;1
117.99;-10.0;20.0;0.9903441445902452;31.99145299145299;31.99145299145299;32.0;32.0;1;1
118.096;-10.0;20.0;0.9903441445902452;31.99145299145299;31.99145299145299;32.0;32.0;1;1
118.206;-10.0;20.0;0.9903441445902452;31.99145299145299;31.99145299145299;32.0;32.0;1;1
118.315;-10.0;20.0;0.9903441445902452;31.99145299145299;31.99145299145299;32.0;32.0;1;1
118.415;-10.0;20.0;0.9903441445902452;31.99145299145299;31.99145299145299;32.0;32.0;1;1
118.523;-10.0;20.0;0.9903441445902452;31.99145299145299;31.99145299145299;32.0;32.0;1;1
118.636;-10.0;20.0;0.9903441445902452;31.99145299145299;31.99145299145299;32.0;32.0;1;1
118.744;-10.0;20.0;0.9903441445902452;31.99145299145299;31.99145299145299;32.0;32.0;1;1
118.856;-10.0;20.0;0.9903441445902452;31.99145299145299;31.99145299145299;32.0;32.0;1;1
118.964;-10.0;20.0;0.9903441445902452;31.99145299145299;31.99145299145299;32.0;32.0;1;1
119.075;-10.0;20.0;0.9903441445902452;31.99145299145299;31.99145299145299;32.0;32.0;1;1
119.184;-10.0;20.0;0.9903441445902452;31.99145299145299;31.99145299145299;32.0;32.0;1;1
119.296;-10.0;20.0;0.9903441445902452;31.99145299145299;31.99145299145299;32.0;32.0;1;1
119.404;-10.0;20.0;0.9903441445902452;31.99145299145299;31.99145299145299;32.0;32.0;1;1
119.514;-10.0;20.0;0.9903441445902452;31.99145299145299;31.94017094017094;32.0;32.0;1;1
119.625;-10.0;20.0;0.9903441445902452;31.99145299145299;31.94017094017094;32.0;32.0;1;1
119.737;-10.0;20.0;0.9903441445902452;31.99145299145299;31.94017094017094;32.0;32.0;1;1
119.846;-10.0;20.0;0.9903441445902452;31.99145299145299;31.94017094017094;32.0;32.0;1;1
119.958;-10.0;20.0;0.9903441445902452;31.99145299145299;31.94017094017094;32.0;32.0;1;1
120.073;-10.0;20.0;0.9903441445902452;31.99145299145299;31.94017094017094;32.0;32.0;1;1
120.173;-10.0;20.0;0.9903441445902452;31.99145299145299;31.94017094017094;32.0;32.0;1;1
120.296;-10.0;20.0;0.9903441445902452;31.99145299145299;31.94017094017094;32.0;32.0;1;1
120.401;-10.0;20.0;0.9903441445902452;31.99145299145299;31.94017094017094;32.0;32.0;1;1
120.509;-10.0;20.0;0.9903441445902452;31.99145299145299;31.99145299145299;32.0;32.0;1;1
120.62;-10.0;20.0;0.9903441445902452;31.99145299145299;31.99145299145299;32.0;32.0;1;1
120.723;-10.0;20.0;0.9903441445902452;31.99145299145299;31.99145299145299;32.0;32.0;1;1
120.825;-10.0;20.0;0.9903441445902452;31.99145299145299;31.99145299145299;32.0;32.0;1;1
120.925;-10.0;20.0;0.9903441445902452;31.99145299145299;31.99145299145299;32.0;32.0;1;1
121.025;-10.0;20.0;0.9903441445902452;31.99145299145299;31.99145299145299;32.0;32.0;1;1
121.126;-10.0;20.0;0.9903441445902452;31.99145299145299;31.99145299145299;32.0;32.0;1;1
121.226;-10.0;20.0;0.9903441445902452;31.99145299145299;31.99145299145299;32.0;32.0;1;1
121.326;-10.0;20.0;0.9903441445902452;31.99145299145299;31.99145299145299;32.0;32.0;1;1
121.431;-10.0;20.0;0.9903441445902452;31.99145299145299;31.94017094017094;32.0;32.0;1;1
121.536;-10.0;20.0;0.9903441445902452;31.99145299145299;31.94017094017094;32.0;32.0;1;1
121.644;-10.0;20.0;0.9903441445902452;31.99145299145299;31.94017094017094;32.0;32.0;1;1
121.754;-10.0;20.0;0.9903441445902452;31.99145299145299;31.94017094017094;32.0;32.0;1;1
121.862;-10.0;20.0;0.9903441445902452;31.99145299145299;31.94017094017094;32.0;32.0;1;1
121.971;-10.0;20.0;0.9903441445902452;31.99145299145299;31.94017094017094;32.0;32.0;1;1
122.072;-10.0;20.0;0.9903441445902452;31.99145299145299;31.94017094017094;32.0;32.0;1;1
122.176;-10.0;20.0;0.9903441445902452;31.99145299145299;31.94017094017094;32.0;32.0;1;1
122.287;-10.0;20.0;0.9903441445902452;31.99145299145299;31.94017094017094;32.0;32.0;1;1
122.388;-10.0;20.0;0.9903441445902452;31.99145299145299;31.94017094017094;32.0;32.0;1;1
122.493;-10.0;20.0;0.9903441445902452;31.99145299145299;31.99145299145299;32.0;32.0;1;1
122.595;-10.0;20.0;0.9903441445902452;31.99145299145299;31.99145299145299;32.0;32.0;1;1
122.696;-10.0;20.0;0.9903441445902452;31.99145299145299;31.99145299145299;32.0;32.0;1;1
122.803;-10.0;20.0;0.9903441445902452;31.99145299145299;31.99145299145299;32.0;32.0;1;1
122.917;-10.0;20.0;0.9903441445902452;31.99145299145299;31.99145299145299;32.0;32.0;1;1
123.024;-10.0;20.0;0.9903441445902452;31.99145299145299;31.99145299145299;32.0;32.0;1;1
123.138;-10.0;20.0;0.9903441445902452;31.99145299145299;31.99145299145299;32.0;32.0;1;1
123.247;-10.0;20.0;0.9903441445902452;31.99145299145299;31.99145299145299;32.0;32.0;1;1
123.358;-10.0;20.0;0.9903441445902452;31.99145299145299;31.99145299145299;32.0;32.0;1;1
123.469;-10.0;20.0;0.9903441445902452;31.99145299145299;31.99145299145299;32.0;32.0;1;1
123.583;-10.0;20.0;0.9903441445902452;31.99145299145299;31.99145299145299;32.0;32.0;1;1
123.693;-10.0;20.0;0.9903441445902452;31.99145299145299;31.99145299145299;32.0;32.0;1;1
123.801;-10.0;20.0;0.9903441445902452;31.99145299145299;31.99145299145299;32.0;32.0;1;1
123.916;-10.0;20.0;0.9903441445902452;31.99145299145299;31.99145299145299;32.0;32.0;1;1
124.022;-10.0;20.0;0.9903441445902452;31.99145299145299;31.99145299145299;32.0;32.0;1;1
124.137;-10.0;20.0;0.9903441445902452;31.99145299145299;31.99145299145299;32.0;32.0;1;1
124.243;-10.0;20.0;0.9903441445902452;31.99145299145299;31.99145299145299;32.0;32.0;1;1
124.354;-10.0;20.0;0.9903441445902452;31.99145299145299;31.99145299145299;32.0;32.0;1;1
124.464;-10.0;20.0;0.9903441445902452;31.99145299145299;31.99145299145299;32.0;32.0;1;1
124.576;-10.0;20.0;0.9903441445902452;31.99145299145299;31.99145299145299;32.0;32.0;1;1
124.694;-10.0;20.0;0.9903441445902452;31.99145299145299;31.99145299145299;32.0;32.0;1;1
124.797;-10.0;20.0;0.9903441445902452;31.99145299145299;31.99145299145299;32.0;32.0;1;1
124.912;-10.0;20.0;0.9903441445902452;31.99145299145299;31.99145299145299;32.0;32.0;1;1
125.017;-10.0;20.0;0.9903441445902452;31.99145299145299;31.99145299145299;32.0;32.0;1;1
125.129;-10.0;20.0;0.9903441445902452;31.99145299145299;31.99145299145299;32.0;32.0;1;1
125.231;-10.0;20.0;0.9903441445902452;31.99145299145299;31.99145299145299;32.0;32.0;1;1
125.332;-10.0;20.0;0.9903441445902452;31.99145299145299;31.99145299145299;32.0;32.0;1;1
125.448;-10.0;20.0;0.9903441445902452;31.99145299145299;31.99145299145299;32.0;32.0;1;1
125.552;-10.0;20.0;0.9903441445902452;31.99145299145299;31.99145299145299;32.0;32.0;1;1
125.665;-10.0;20.0;0.9903441445902452;31.99145299145299;31.99145299145299;32.0;32.0;1;1
125.772;-10.0;20.0;0.9903441445902452;31.99145299145299;31.99145299145299;32.0;32.0;1;1
125.882;-10.0;20.0;0.9903441445902452;31.99145299145299;31.99145299145299;32.0;32.0;1;1
125.994;-10.0;20.0;0.9903441445902452;31.99145299145299;31.99145299145299;32.0;32.0;1;1
126.105;-10.0;20.0;0.9903441445902452;31.99145299145299;31.99145299145299;32.0;32.0;1;1
126.214;-10.0;20.0;0.9903441445902452;31.99145299145299;31.99145299145299;32.0;32.0;1;1
126.326;-10.0;20.0;0.9903441445902452;31.99145299145299;31.99145299145299;32.0;32.0;1;1
126.437;-10.0;20.0;0.9903441445902452;31.99145299145299;31.99145299145299;32.0;32.0;1;1
126.547;-10.0;20.0;0.9903441445902452;31.99145299145299;31.99145299145299;32.0;32.0;1;1
126.648;-10.0;20.0;0.9903441445902452;31.99145299145299;31.99145299145299;32.0;32.0;1;1
126.77;-10.0;20.0;0.9903441445902452;31.99145299145299;31.99145299145299;32.0;32.0;1;1
126.883;-10.0;20.0;0.9903441445902452;31.99145299145299;31.99145299145299;32.0;32.0;1;1
126.991;-10.0;20.0;0.9903441445902452;31.99145299145299;31.99145299145299;32.0;32.0;1;1
127.105;-10.0;20.0;0.9903441445902452;31.99145299145299;31.99145299145299;32.0;32.0;1;1
127.212;-10.0;20.0;0.9903441445902452;31.99145299145299;31.99145299145299;32.0;32.0;1;1
127.325;-10.0;20.0;0.9903441445902452;31.99145299145299;31.99145299145299;32.0;32.0;1;1
127.433;-10.0;20.0;0.9903441445902452;31.99145299145299;31.99145299145299;32.0;32.0;1;1
127.547;-10.0;20.0;0.9903441445902452;31.99145299145299;31.99145299145299;32.0;32.0;1;1
127.657;-10.0;20.0;0.9903441445902452;31.99145299145299;31.99145299145299;32.0;32.0;1;1
127.771;-10.0;20.0;0.9903441445902452;31.99145299145299;31.99145299145299;32.0;32.0;1;1
127.878;-10.0;20.0;0.9903441445902452;31.99145299145299;31.99145299145299;32.0;32.0;1;1
127.987;-10.0;20.0;0.9903441445902452;31.99145299145299;31.99145299145299;32.0;32.0;1;1
128.087;-10.0;20.0;0.9903441445902452;31.99145299145299;31.99145299145299;32.0;32.0;1;1
128.188;-10.0;20.0;0.9903441445902452;31.99145299145299;31.99145299145299;32.0;32.0;1;1
128.303;-10.0;20.0;0.9903441445902452;31.99145299145299;31.99145299145299;32.0;32.0;1;1
128.413;-10.0;20.0;0.9903441445902452;31.99145299145299;31.99145299145299;32.0;32.0;1;1
128.52;-10.0;20.0;0.9903441445902452;31.99145299145299;31.99145299145299;32.0;32.0;1;1
128.639;-10.0;20.0;0.9903441445902452;31.99145299145299;31.99145299145299;32.0;32.0;1;1
128.746;-10.0;20.0;0.9903441445902452;31.99145299145299;31.99145299145299;32.0;32.0;1;1
128.86;-10.0;20.0;0.9903441445902452;31.99145299145299;31.99145299145299;32.0;32.0;1;1
128.967;-10.0;20.0;0.9903441445902452;31.99145299145299;31.99145299145299;32.0;32.0;1;1
129.083;-10.0;20.0;0.9903441445902452;31.99145299145299;31.99145299145299;32.0;32.0;1;1
129.189;-10.0;20.0;0.9903441445902452;31.99145299145299;31.99145299145299;32.0;32.0;1;1
129.296;-10.0;20.0;0.9903441445902452;31.99145299145299;31.99145299145299;32.0;32.0;1;1
129.4;-10.0;20.0;0.9903441445902452;31.99145299145299;31.99145299145299;32.0;32.0;1;1
129.505;-10.0;20.0;0.9903441445902452;31.99145299145299;31.99145299145299;32.0;32.0;1;1
129.616;-10.0;20.0;0.9903441445902452;31.99145299145299;31.99145299145299;32.0;32.0;1;1
129.726;-10.0;20.0;0.9903441445902452;31.99145299145299;31.99145299145299;32.0;32.0;1;1
129.827;-10.0;20.0;0.9903441445902452;31.99145299145299;31.99145299145299;32.0;32.0;1;1
129.929;-10.0;20.0;0.9903441445902452;31.99145299145299;31.99145299145299;32.0;32.0;1;1
130.03;-10.0;20.0;0.9903441445902452;31.99145299145299;31.99145299145299;32.0;32.0;1;1
130.13;-10.0;20.0;0.9903441445902452;31.99145299145299;31.99145299145299;32.0;32.0;1;1
130.231;-10.0;20.0;0.9903441445902452;31.99145299145299;31.99145299145299;32.0;32.0;1;1
130.331;-10.0;20.0;0.9903441445902452;31.99145299145299;31.99145299145299;32.0;32.0;1;1
130.441;-10.0;20.0;0.9903441445902452;31.99145299145299;31.94017094017094;32.0;32.0;1;1
130.542;-10.0;20.0;0.9903441445902452;31.99145299145299;31.94017094017094;32.0;32.0;1;1
130.65;-10.0;20.0;0.9903441445902452;31.99145299145299;31.94017094017094;32.0;32.0;1;1
130.755;-10.0;20.0;0.9903441445902452;31.99145299145299;31.94017094017094;32.0;32.0;1;1
130.856;-10.0;20.0;0.9903441445902452;31.99145299145299;31.94017094017094;32.0;32.0;1;1
130.965;-10.0;20.0;0.9903441445902452;31.99145299145299;31.94017094017094;32.0;32.0;1;1
131.065;-10.0;20.0;0.9903441445902452;31.99145299145299;31.94017094017094;32.0;32.0;1;1
131.167;-10.0;20.0;0.9903441445902452;31.99145299145299;31.94017094017094;32.0;32.0;1;1
131.277;-10.0;20.0;0.9903441445902452;31.99145299145299;31.94017094017094;32.0;32.0;1;1
131.392;-10.0;20.0;0.9903441445902452;31.99145299145299;31.94017094017094;32.0;32.0;1;1
131.501;-10.0;20.0;0.9903441445902452;31.99145299145299;31.99145299145299;32.0;32.0;1;1
131.608;-9.63625;20.0;0.9903441445902452;31.99145299145299;31.99145299145299;32.0;32.0;1;1
131.721;-9.125;20.0;0.9903441445902452;31.99145299145299;31.99145299145299;32.0;32.0;1;1
131.841;-8.365;20.0;0.9903441445902452;31.99145299145299;31.99145299145299;32.0;32.0;1;1
131.942;-7.85375;20.0;0.9903441445902452;31.99145299145299;31.99145299145299;32.0;32.0;1;1
132.047;-7.34125;20.0;0.9903441445902452;31.99145299145299;31.99145299145299;32.0;32.0;1;1
132.157;-6.83125;20.0;0.9903441445902452;31.99145299145299;31.99145299145299;32.0;32.0;1;1
132.265;-6.315;20.0;0.9903441445902452;31.99145299145299;31.99145299145299;32.0;32.0;1;1
132.366;-5.79875;20.0;0.9903441445902452;31.99145299145299;31.99145299145299;32.0;32.0;1;1
132.471;-5.2875;20.0;0.9903441445902452;31.99145299145299;31.99145299145299;32.0;32.0;1;1
132.587;-4.77125;20.0;0.9903441445902452;31.99145299145299;31.99145299145299;32.0;32.0;1;1
132.695;-4.25625;20.0;0.9903441445902452;31.99145299145299;31.99145299145299;32.0;32.0;1;1
132.807;-3.49;20.0;0.9903441445902452;31.99145299145299;31.99145299145299;32.0;32.0;1;1
132.916;-2.975;20.0;0.9903441445902452;31.99145299145299;31.99145299145299;32.0;32.0;1;1
133.025;-2.46625;20.0;0.9903441445902452;31.99145299145299;31.99145299145299;32.0;32.0;1;1
133.141;-1.95625;20.0;0.9903441445902452;31.99145299145299;31.99145299145299;32.0;32.0;1;1
133.25;-1.19125;20.0;0.9903441445902452;31.99145299145299;31.99145299145299;32.0;32.0;1;1
133.355;-0.6875;20.0;0.9903441445902452;31.99145299145299;31.99145299145299;32.0;32.0;1;1
133.468;-0.17375;20.0;0.9903441445902452;31.99145299145299;31.99145299145299;32.0;32.0;1;1
133.581;0.0;20.0;0.9903441445902452;31.99145299145299;31.99145299145299;32.0;32.0;1;1
133.689;0.0;19.97;0.9903441445902452;31.99145299145299;31.99145299145299;32.0;32.0;1;1
133.8;0.0;19.51;0.9903441445902452;31.99145299145299;31.99145299145299;32.0;32.0;1;1
133.909;0.0;18.74875;0.9903441445902452;31.99145299145299;31.99145299145299;32.0;32.0;1;1
134.023;0.0;18.2375;0.9903441445902452;31.99145299145299;31.99145299145299;32.0;32.0;1;1
134.132;0.0;17.725;0.9903441445902452;31.99145299145299;31.99145299145299;32.0;32.0;1;1
134.244;0.0;17.21625;0.9903441445902452;31.99145299145299;31.99145299145299;32.0;32.0;1;1
134.352;0.0;16.69875;0.9903441445902452;31.99145299145299;31.99145299145299;32.0;32.0;1;1
134.464;0.0;15.92875;0.9903441445902452;31.99145299145299;31.99145299145299;32.0;32.0;1;1
134.576;0.0;15.41125;0.9903441445902452;31.99145299145299;31.94017094017094;32.0;32.0;1;1
134.697;0.0;14.89375;0.9903441445902452;31.99145299145299;31.94017094017094;32.0;32.0;1;1
134.799;0.0;14.38375;0.9903441445902452;31.99145299145299;31.94017094017094;32.0;32.0;1;1
134.907;0.0;13.61;0.9903441445902452;31.99145299145299;31.94017094017094;32.0;32.0;1;1
135.015;0.0;13.09375;0.9903441445902452;31.99145299145299;31.94017094017094;32.0;32.0;1;1
135.127;0.0;12.57875;0.9903441445902452;31.99145299145299;31.94017094017094;32.0;32.0;1;1
135.237;0.0;12.0625;0.9903441445902452;31.99145299145299;31.94017094017094;32.0;32.0;1;1
135.347;0.0;11.5525;0.9903441445902452;31.99145299145299;31.94017094017094;32.0;32.0;1;1
135.458;0.0;11.03625;0.9903441445902452;31.99145299145299;31.94017094017094;32.0;32.0;1;1
135.572;0.0;10.26125;0.9903441445902452;31.99145299145299;31.94017094017094;32.0;32.0;1;1
135.682;0.0;9.75125;0.9903441445902452;31.99145299145299;31.94017094017094;32.0;32.0;1;1
135.785;0.0;9.2375;0.9903441445902452;31.99145299145299;31.94017094017094;32.0;32.0;1;1
135.903;0.0;8.7225;0.9903441445902452;31.99145299145299;31.94017094017094;32.0;32.0;1;1
136.012;0.0;7.95625;0.9903441445902452;31.99145299145299;31.94017094017094;32.0;32.0;1;1
136.12;0.0;7.4425;0.9903441445902452;31.99145299145299;31.94017094017094;32.0;32.0;1;1
136.232;0.0;6.9325;0.9903441445902452;31.99145299145299;31.94017094017094;32.0;32.0;1;1
136.34;0.0;6.41875;0.9903441445902452;31.99145299145299;31.94017094017094;32.0;32.0;1;1
136.452;0.0;5.905;0.9903441445902452;31.99145299145299;31.94017094017094;32.0;32.0;1;1
136.565;0.0;5.1375;0.9903441445902452;31.99145299145299;31.99145299145299;32.0;32.0;1;1
136.671;0.0;4.62375;0.9903441445902452;31.99145299145299;31.99145299145299;32.0;32.0;1;1
136.785;0.0;4.11375;0.9903441445902452;31.99145299145299;31.99145299145299;32.0;32.0;1;1
136.893;0.0;3.6;0.9903441445902452;31.99145299145299;31.99145299145299;32.0;32.0;1;1
137.005;0.0;3.085;0.9903441445902452;31.99145299145299;31.99145299145299;32.0;32.0;1;1
137.105;0.0;2.31875;0.9903441445902452;31.99145299145299;31.99145299145299;32.0;32.0;1;1
137.208;0.0;2.06375;0.9903441445902452;31.99145299145299;31.99145299145299;32.0;32.0;1;1
137.318;0.0;1.2975;0.9903441445902452;31.99145299145299;31.99145299145299;32.0;32.0;1;1
137.428;0.0;0.79375;0.9903441445902452;31.99145299145299;31.99145299145299;32.0;32.0;1;1
137.529;0.0;0.28125;0.9903441445902452;31.99145299145299;31.99145299145299;32.0;32.0;1;1
137.64;0.0;0.0;0.9903441445902452;31.99145299145299;31.99145299145299;32.0;32.0;1;1
137.763;0.0;0.0;0.9284476355533549;31.99145299145299;31.99145299145299;32.0;32.0;1;1
137.874;0.0;0.0;0.6189650903689032;31.99145299145299;31.99145299145299;32.0;32.0;1;1
137.978;0.0;0.0;0.43327556325823224;31.99145299145299;31.99145299145299;32.0;32.0;1;1
138.09;0.0;0.0;0.2475860361475613;31.99145299145299;31.99145299145299;32.0;32.0;1;1
138.201;0.0;0.0;0.0;31.99145299145299;31.99145299145299;32.0;32.0;1;1
138.314;0.0;0.0;0.0;31.99145299145299;31.99145299145299;32.0;32.0;1;1
138.419;0.0;0.0;0.0;31.99145299145299;31.99145299145299;32.0;32.0;1;1
138.534;0.0;0.0;0.0;31.99145299145299;31.99145299145299;32.0;32.0;1;1
138.639;0.0;0.0;0.0;31.99145299145299;31.99145299145299;32.0;32.0;1;1
138.74;0.0;0.0;0.0;31.99145299145299;31.99145299145299;32.0;32.0;1;1
138.862;0.0;0.0;0.0;31.99145299145299;31.99145299145299;32.0;32.0;1;1
138.963;0.0;0.0;0.0;31.99145299145299;31.99145299145299;32.0;32.0;1;1
139.067;0.0;0.0;0.0;31.99145299145299;31.99145299145299;32.0;32.0;1;1
139.175;0.0;0.0;0.0;31.99145299145299;31.99145299145299;32.0;32.0;1;1
139.276;0.0;0.0;0.0;31.99145299145299;31.99145299145299;32.0;32.0;1;1
139.376;0.0;0.0;0.0;31.99145299145299;31.99145299145299;32.0;32.0;1;1
139.476;0.0;0.0;0.0;31.99145299145299;31.99145299145299;32.0;32.0;1;1
139.579;0.0;0.0;0.0;31.99145299145299;31.99145299145299;32.0;32.0;1;1
139.68;0.0;0.0;0.0;31.99145299145299;31.99145299145299;32.0;32.0;1;1
139.788;0.0;0.0;0.0;31.99145299145299;31.99145299145299;32.0;32.0;1;1
139.897;0.0;0.0;0.0;31.99145299145299;31.99145299145299;32.0;32.0;1;1
140.006;0.0;0.0;0.0;31.99145299145299;31.99145299145299;32.0;32.0;1;1
140.106;0.0;0.0;0.0;31.99145299145299;31.99145299145299;32.0;32.0;1;1
140.207;0.0;0.0;0.0;31.99145299145299;31.99145299145299;32.0;32.0;1;1
140.317;0.0;0.0;0.0;31.99145299145299;31.99145299145299;32.0;32.0;1;1
140.425;0.0;0.0;0.0;31.99145299145299;31.99145299145299;32.0;32.0;1;1
140.525;0.0;0.0;0.0;31.99145299145299;31.99145299145299;32.0;32.0;1;1
140.63;0.0;0.0;0.0;31.99145299145299;31.99145299145299;32.0;32.0;1;1
140.731;0.0;0.0;0.0;31.99145299145299;31.99145299145299;32.0;32.0;1;1
140.833;0.0;0.0;0.0;31.99145299145299;31.99145299145299;32.0;32.0;1;1
140.945;0.0;0.0;0.0;31.99145299145299;31.99145299145299;32.0;32.0;1;1
141.055;0.0;0.0;0.0;31.99145299145299;31.99145299145299;32.0;32.0;1;1
141.171;0.0;0.0;0.0;31.99145299145299;31.99145299145299;32.0;32.0;1;1
141.282;0.0;0.0;0.0;31.99145299145299;31.99145299145299;32.0;32.0;1;1
141.387;0.0;0.0;0.0;31.99145299145299;31.99145299145299;32.0;32.0;1;1
141.497;0.0;0.0;0.0;31.99145299145299;31.99145299145299;32.0;32.0;1;1
141.607;0.0;0.0;0.0;31.99145299145299;31.99145299145299;32.0;32.0;1;1
141.708;0.0;0.0;0.0;31.99145299145299;31.99145299145299;32.0;32.0;1;1
141.812;0.0;0.0;0.0;31.99145299145299;31.99145299145299;32.0;32.0;1;1
141.913;0.0;0.0;0.0;31.99145299145299;31.99145299145299;32.0;32.0;1;1
142.017;0.0;0.0;0.0;31.99145299145299;31.99145299145299;32.0;32.0;1;1
142.12;0.0;0.0;0.0;31.99145299145299;31.99145299145299;32.0;32.0;1;1
142.22;0.0;0.0;0.0;31.99145299145299;31.99145299145299;32.0;32.0;1;1
142.321;0.0;0.0;0.0;31.99145299145299;31.99145299145299;32.0;32.0;1;1
142.421;0.0;0.0;0.0;31.99145299145299;31.99145299145299;32.0;32.0;1;1
142.527;0.0;0.0;0.0;31.99145299145299;31.99145299145299;32.0;32.0;1;1
142.631;0.0;0.0;0.0;31.99145299145299;31.99145299145299;32.0;32.0;1;1
142.732;0.0;0.0;0.0;31.99145299145299;31.99145299145299;32.0;32.0;1;1
142.834;0.0;0.0;0.0;31.99145299145299;31.99145299145299;32.0;32.0;1;1
142.946;0.0;0.0;0.0;31.99145299145299;31.99145299145299;32.0;32.0;1;1
143.055;0.0;0.0;0.0;31.99145299145299;31.99145299145299;32.0;32.0;1;1
143.161;0.0;0.0;0.0;31.99145299145299;31.99145299145299;32.0;32.0;1;1
143.263;0.0;0.0;0.0;31.99145299145299;31.99145299145299;32.0;32.0;1;1
143.375;0.0;0.0;0.0;31.99145299145299;31.99145299145299;32.0;32.0;1;1
143.483;0.0;0.0;0.0;31.99145299145299;31.99145299145299;32.0;32.0;1;1
143.594;0.0;0.0;0.0;31.99145299145299;31.99145299145299;32.0;32.0;1;1
143.706;0.0;0.0;0.0;31.99145299145299;31.99145299145299;32.0;32.0;1;1
143.841;0.0;0.0;0.0;31.99145299145299;31.99145299145299;32.0;32.0;1;1
143.947;0.0;0.0;0.0;31.99145299145299;31.99145299145299;32.0;32.0;1;1
144.053;0.0;0.0;0.0;31.99145299145299;31.99145299145299;32.0;32.0;1;1
144.164;0.0;0.0;0.0;31.99145299145299;31.99145299145299;32.0;32.0;1;1
144.264;0.0;0.0;0.0;31.99145299145299;31.99145299145299;32.0;32.0;1;1
144.367;0.0;0.0;0.0;31.99145299145299;31.99145299145299;32.0;32.0;1;1
144.476;0.0;0.0;0.0;31.94017094017094;31.99145299145299;32.0;32.0;1;1
144.576;0.0;0.0;0.0;31.94017094017094;31.99145299145299;32.0;32.0;1;1
144.677;0.0;0.0;0.0;31.94017094017094;31.99145299145299;32.0;32.0;1;1
144.789;0.0;0.0;0.0;31.94017094017094;31.99145299145299;32.0;32.0;1;1
144.898;0.0;0.0;0.0;31.94017094017094;31.99145299145299;32.0;32.0;1;1
145.01;0.0;0.0;0.0;31.94017094017094;31.99145299145299;32.0;32.0;1;1
145.119;0.0;0.0;0.0;31.94017094017094;31.99145299145299;32.0;32.0;1;1
145.235;0.0;0.0;0.0;31.94017094017094;31.99145299145299;32.0;32.0;1;1
145.341;0.0;0.0;0.0;31.94017094017094;31.99145299145299;32.0;32.0;1;1
145.455;0.0;0.0;0.0;31.94017094017094;31.99145299145299;32.0;32.0;1;1
145.561;0.0;0.0;0.0;31.99145299145299;31.99145299145299;32.0;32.0;1;1
145.668;0.0;0.0;0.0;31.99145299145299;31.99145299145299;32.0;32.0;1;1
145.778;0.0;0.0;0.0;31.99145299145299;31.99145299145299;32.0;32.0;1;1
145.889;0.0;0.0;0.0;31.99145299145299;31.99145299145299;32.0;32.0;1;1
146.001;0.0;0.0;0.0;31.99145299145299;31.99145299145299;32.0;32.0;1;1
146.104;0.0;0.0;0.0;31.99145299145299;31.99145299145299;32.0;32.0;1;1
146.22;0.0;0.0;0.0;31.99145299145299;31.99145299145299;32.0;32.0;1;1
146.321;0.0;0.0;0.0;31.99145299145299;31.99145299145299;32.0;32.0;1;1
146.427;0.0;0.0;0.0;31.99145299145299;31.99145299145299;32.0;32.0;1;1
146.528;0.0;0.0;0.0;31.99145299145299;31.99145299145299;32.0;32.0;1;1
146.649;0.0;0.0;0.0;31.99145299145299;31.99145299145299;32.0;32.0;1;1
146.765;0.0;0.0;0.0;31.99145299145299;31.99145299145299;32.0;32.0;1;1
146.87;0.0;0.0;0.0;31.99145299145299;31.99145299145299;32.0;32.0;1;1
146.972;0.0;0.0;0.0;31.99145299145299;31.99145299145299;32.0;32.0;1;1
147.077;0.0;0.0;0.0;31.99145299145299;31.99145299145299;32.0;32.0;1;1
147.177;0.0;0.0;0.0;31.99145299145299;31.99145299145299;32.0;32.0;1;1
147.287;0.0;0.0;0.0;31.99145299145299;31.99145299145299;32.0;32.0;1;1
147.387;0.0;0.0;0.0;31.99145299145299;31.99145299145299;32.0;32.0;1;1
147.488;0.0;0.0;0.0;31.99145299145299;31.99145299145299;32.0;32.0;1;1
147.588;0.0;0.0;0.0;31.99145299145299;31.99145299145299;32.0;32.0;1;1
147.689;0.0;0.0;0.0;31.99145299145299;31.99145299145299;32.0;32.0;1;1
147.793;0.0;0.0;0.0;31.99145299145299;31.99145299145299;32.0;32.0;1;1
147.898;0.0;0.0;0.0;31.99145299145299;31.99145299145299;32.0;32.0;1;1
148.004;0.0;0.0;0.0;31.99145299145299;31.99145299145299;32.0;32.0;1;1
148.106;0.0;0.0;0.0;31.99145299145299;31.99145299145299;32.0;32.0;1;1
148.206;0.0;0.0;0.0;31.99145299145299;31.99145299145299;32.0;32.0;1;1
148.307;0.0;0.0;0.0;31.99145299145299;31.99145299145299;32.0;32.0;1;1
148.408;0.0;0.0;0.0;31.99145299145299;31.99145299145299;32.0;32.0;1;1
148.509;0.0;0.0;0.0;31.99145299145299;31.99145299145299;32.0;32.0;1;1
148.614;0.0;0.0;0.0;31.99145299145299;31.99145299145299;32.0;32.0;1;1
148.728;0.0;0.0;0.0;31.99145299145299;31.99145299145299;32.0;32.0;1;1
148.836;0.0;0.0;0.0;31.99145299145299;31.99145299145299;32.0;32.0;1;1
148.938;0.0;0.0;0.0;31.99145299145299;31.99145299145299;32.0;32.0;1;1
149.058;0.0;0.0;0.0;31.99145299145299;31.99145299145299;32.0;32.0;1;1
149.171;0.0;0.0;0.0;31.99145299145299;31.99145299145299;32.0;32.0;1;1
149.28;0.0;0.0;0.0;31.99145299145299;31.99145299145299;32.0;32.0;1;1
149.388;0.0;0.0;0.0;31.99145299145299;31.99145299145299;32.0;32.0;1;1
149.499;0.0;0.0;0.0;31.99145299145299;31.99145299145299;32.0;32.0;1;1
149.61;0.0;0.0;0.0;31.99145299145299;31.99145299145299;32.0;32.0;1;1
149.725;0.0;0.0;0.0;31.99145299145299;31.99145299145299;32.0;32.0;1;1
149.83;0.0;0.0;0.0;31.99145299145299;31.99145299145299;32.0;32.0;1;1
149.932;0.0;0.0;0.0;31.99145299145299;31.99145299145299;32.0;32.0;1;1
150.041;0.0;0.0;0.0;31.99145299145299;31.99145299145299;32.0;32.0;1;1
150.147;0.0;0.0;0.0;31.99145299145299;31.99145299145299;32.0;32.0;1;1
150.259;0.0;0.0;0.0;31.99145299145299;31.99145299145299;32.0;32.0;1;1
150.367;0.0;0.0;0.0;31.99145299145299;31.99145299145299;32.0;32.0;1;1
150.482;0.0;0.0;0.0;31.99145299145299;31.99145299145299;32.0;32.0;1;1
150.586;0.0;0.0;0.0;31.99145299145299;31.99145299145299;32.0;32.0;1;1
150.699;0.0;0.0;0.0;31.99145299145299;31.99145299145299;32.0;32.0;1;1
150.808;0.0;0.0;0.0;31.99145299145299;31.99145299145299;32.0;32.0;1;1
150.92;0.0;0.0;0.0;31.99145299145299;31.99145299145299;32.0;32.0;1;1
151.031;0.0;0.0;0.0;31.99145299145299;31.99145299145299;32.0;32.0;1;1
151.143;0.0;0.0;0.0;31.99145299145299;31.99145299145299;32.0;32.0;1;1
151.244;0.0;0.0;0.0;31.99145299145299;31.99145299145299;32.0;32.0;1;1
151.351;0.0;0.0;0.0;31.99145299145299;31.99145299145299;32.0;32.0;1;1
151.459;0.0;0.0;0.0;31.99145299145299;31.99145299145299;32.0;32.0;1;1
151.562;0.0;0.0;0.0;31.94017094017094;31.99145299145299;32.0;32.0;1;1
151.663;0.0;0.0;0.0;31.94017094017094;31.99145299145299;32.0;32.0;1;1
151.763;0.0;0.0;0.0;31.94017094017094;31.99145299145299;32.0;32.0;1;1
151.864;0.0;0.0;0.0;31.94017094017094;31.99145299145299;32.0;32.0;1;1
151.964;0.0;0.0;0.0;31.94017094017094;31.99145299145299;32.0;32.0;1;1
152.066;0.0;0.0;0.0;31.94017094017094;31.99145299145299;32.0;32.0;1;1
152.169;0.0;0.0;0.0;31.94017094017094;31.99145299145299;32.0;32.0;1;1
152.275;0.0;0.0;0.0;31.94017094017094;31.99145299145299;32.0;32.0;1;1
152.377;0.0;0.0;0.0;31.94017094017094;31.99145299145299;32.0;32.0;1;1
152.483;0.0;0.0;0.0;31.94017094017094;31.99145299145299;32.0;32.0;1;1
152.59;0.0;0.0;0.0;31.99145299145299;31.99145299145299;32.0;32.0;1;1
152.692;0.0;0.0;0.0;31.99145299145299;31.99145299145299;32.0;32.0;1;1
152.795;0.0;0.0;0.0;31.99145299145299;31.99145299145299;32.0;32.0;1;1
152.907;0.0;0.0;0.0;31.99145299145299;31.99145299145299;32.0;32.0;1;1
153.016;0.0;0.0;0.0;31.99145299145299;31.99145299145299;32.0;32.0;1;1
153.116;0.0;0.0;0.0;31.99145299145299;31.99145299145299;32.0;32.0;1;1
153.233;0.0;0.0;0.0;31.99145299145299;31.99145299145299;32.0;32.0;1;1
153.335;0.0;0.0;0.0;31.99145299145299;31.99145299145299;32.0;32.0;1;1
153.441;0.0;0.0;0.0;31.99145299145299;31.99145299145299;32.0;32.0;1;1
153.549;0.0;0.0;0.0;31.99145299145299;31.99145299145299;32.0;32.0;1;1
153.66;0.0;0.0;0.0;31.99145299145299;31.99145299145299;32.0;32.0;1;1
153.76;0.0;0.0;0.0;31.99145299145299;31.99145299145299;32.0;32.0;1;1
153.866;0.0;0.0;0.0;31.99145299145299;31.99145299145299;32.0;32.0;1;1
153.979;0.0;0.0;0.0;31.99145299145299;31.99145299145299;32.0;32.0;1;1
154.087;0.0;0.0;0.0;31.99145299145299;31.99145299145299;32.0;32.0;1;1
154.188;0.0;0.0;0.0;31.99145299145299;31.99145299145299;32.0;32.0;1;1
154.292;0.0;0.0;0.0;31.99145299145299;31.99145299145299;32.0;32.0;1;1
154.401;0.0;0.0;0.0;31.99145299145299;31.99145299145299;32.0;32.0;1;1
154.501;0.0;0.0;0.0;31.99145299145299;31.99145299145299;32.0;32.0;1;1
154.601;0.0;0.0;0.0;31.99145299145299;31.99145299145299;32.0;32.0;1;1
154.702;0.0;0.0;0.0;31.99145299145299;31.99145299145299;32.0;32.0;1;1
154.802;0.0;0.0;0.0;31.99145299145299;31.99145299145299;32.0;32.0;1;1
154.908;0.0;0.0;0.0;31.99145299145299;31.99145299145299;32.0;32.0;1;1
155.018;0.0;0.0;0.0;31.99145299145299;31.99145299145299;32.0;32.0;1;1
155.119;0.0;0.0;0.0;31.99145299145299;31.99145299145299;32.0;32.0;1;1
155.22;0.0;0.0;0.0;31.99145299145299;31.99145299145299;32.0;32.0;1;1
155.321;0.0;0.0;0.0;31.99145299145299;31.99145299145299;32.0;32.0;1;1
155.422;0.0;0.0;0.0;31.99145299145299;31.99145299145299;32.0;32.0;1;1
155.532;0.0;0.0;0.0;31.99145299145299;31.99145299145299;32.0;32.0;1;1
155.643;0.0;0.0;0.0;31.99145299145299;31.99145299145299;32.0;32.0;1;1
155.754;0.0;0.0;0.0;31.99145299145299;31.99145299145299;32.0;32.0;1;1
155.867;0.0;0.0;0.0;31.99145299145299;31.99145299145299;32.0;32.0;1;1
155.976;0.0;0.0;0.0;31.99145299145299;31.99145299145299;32.0;32.0;1;1
156.077;0.0;0.0;0.0;31.99145299145299;31.99145299145299;32.0;32.0;1;1
156.182;0.0;0.0;0.0;31.99145299145299;31.99145299145299;32.0;32.0;1;1
156.293;0.0;0.0;0.0;31.99145299145299;31.99145299145299;32.0;32.0;1;1
156.403;0.0;0.0;0.0;31.99145299145299;31.99145299145299;32.0;32.0;1;1
156.514;0.0;0.0;0.0;31.99145299145299;31.99145299145299;32.0;32.0;1;1
156.627;0.0;0.0;0.0;31.99145299145299;31.94017094017094;32.0;32.0;1;1
156.736;0.0;0.0;0.0;31.99145299145299;31.94017094017094;32.0;32.0;1;1
156.847;0.0;0.0;0.0;31.99145299145299;31.94017094017094;32.0;32.0;1;1
156.957;0.0;0.0;0.0;31.99145299145299;31.94017094017094;32.0;32.0;1;1
157.067;0.0;0.0;0.0;31.99145299145299;31.94017094017094;32.0;32.0;1;1
157.18;0.0;0.0;0.0;31.99145299145299;31.94017094017094;32.0;32.0;1;1
157.281;0.0;0.0;0.0;31.99145299145299;31.94017094017094;32.0;32.0;1;1
157.385;0.0;0.0;0.0;31.99145299145299;31.94017094017094;32.0;32.0;1;1
157.496;0.0;0.0;0.0;31.99145299145299;31.94017094017094;32.0;32.0;1;1
157.606;0.0;0.0;0.0;31.99145299145299;31.99145299145299;32.0;32.0;1;1
157.717;0.0;0.0;0.0;31.99145299145299;31.99145299145299;32.0;32.0;1;1
157.829;0.0;0.0;0.0;31.99145299145299;31.99145299145299;32.0;32.0;1;1
157.937;0.0;0.0;0.0;31.99145299145299;31.99145299145299;32.0;32.0;1;1
158.038;0.0;0.0;0.0;31.99145299145299;31.99145299145299;32.0;32.0;1;1
158.139;0.0;0.0;0.0;31.99145299145299;31.99145299145299;32.0;32.0;1;1
158.248;0.0;0.0;0.0;31.99145299145299;31.99145299145299;32.0;32.0;1;1
158.356;0.0;0.0;0.0;31.99145299145299;31.99145299145299;32.0;32.0;1;1
158.457;0.0;0.0;0.0;31.99145299145299;31.99145299145299;32.0;32.0;1;1
158.562;0.0;0.0;0.0;31.99145299145299;31.99145299145299;32.0;32.0;1;1
158.663;0.0;0.0;0.0;31.99145299145299;31.99145299145299;32.0;32.0;1;1
158.764;0.0;0.0;0.0;31.99145299145299;31.99145299145299;32.0;32.0;1;1
158.864;0.0;0.0;0.0;31.99145299145299;31.99145299145299;32.0;32.0;1;1
158.966;0.0;0.0;0.0;31.99145299145299;31.99145299145299;32.0;32.0;1;1
159.066;0.0;0.0;0.0;31.99145299145299;31.99145299145299;32.0;32.0;1;1
159.167;0.0;0.0;0.0;31.99145299145299;31.99145299145299;32.0;32.0;1;1
159.267;0.0;0.0;0.0;31.99145299145299;31.99145299145299;32.0;32.0;1;1
159.378;0.0;0.0;0.0;31.99145299145299;31.99145299145299;32.0;32.0;1;1
159.489;0.0;0.0;0.0;31.99145299145299;31.99145299145299;32.0;32.0;1;1
159.601;0.0;0.0;0.0;31.99145299145299;31.99145299145299;32.0;32.0;1;1
159.702;0.0;0.0;0.0;31.99145299145299;31.99145299145299;32.0;32.0;1;1
159.802;0.0;0.0;0.0;31.99145299145299;31.99145299145299;32.0;32.0;1;1
159.918;0.0;0.0;0.0;31.99145299145299;31.99145299145299;32.0;32.0;1;1
160.024;0.0;0.0;0.0;31.99145299145299;31.99145299145299;32.0;32.0;1;1
160.134;0.0;0.0;0.0;31.99145299145299;31.99145299145299;32.0;32.0;1;1
160.246;0.0;0.0;0.0;31.99145299145299;31.99145299145299;32.0;32.0;1;1
160.358;0.0;0.0;0.0;31.99145299145299;31.99145299145299;32.0;32.0;1;1
160.469;0.0;0.0;0.0;31.99145299145299;31.99145299145299;32.0;32.0;1;1
160.584;0.0;0.0;0.0;31.99145299145299;31.99145299145299;32.0;32.0;1;1
160.685;0.0;0.0;0.0;31.99145299145299;31.99145299145299;32.0;32.0;1;1
160.792;0.0;0.0;0.0;31.99145299145299;31.99145299145299;32.0;32.0;1;1
160.897;0.0;0.0;0.0;31.99145299145299;31.99145299145299;32.0;32.0;1;1
161.008;0.0;0.0;0.0;31.99145299145299;31.99145299145299;32.0;32.0;1;1
161.119;0.0;0.0;0.0;31.99145299145299;31.99145299145299;32.0;32.0;1;1
161.23;0.0;0.0;0.0;31.99145299145299;31.99145299145299;32.0;32.0;1;1
161.339;0.0;0.0;0.0;31.99145299145299;31.99145299145299;32.0;32.0;1;1
161.455;0.0;0.0;0.0;31.99145299145299;31.99145299145299;32.0;32.0;1;1
161.566;0.0;0.0;0.0;31.99145299145299;31.99145299145299;32.0;32.0;1;1
161.676;0.0;0.0;0.0;31.99145299145299;31.99145299145299;32.0;32.0;1;1
161.782;0.0;0.0;0.0;31.99145299145299;31.99145299145299;32.0;32.0;1;1
161.893;0.0;0.0;0.0;31.99145299145299;31.99145299145299;32.0;32.0;1;1
162.002;0.0;0.0;0.0;31.99145299145299;31.99145299145299;32.0;32.0;1;1
162.113;0.0;0.0;0.0;31.99145299145299;31.99145299145299;32.0;32.0;1;1
162.222;0.0;0.0;0.0;31.99145299145299;31.99145299145299;32.0;32.0;1;1
162.332;0.0;0.0;0.0;31.99145299145299;31.99145299145299;32.0;32.0;1;1
162.433;0.0;0.0;0.0;31.99145299145299;31.99145299145299;32.0;32.0;1;1
162.554;0.0;0.0;0.0;31.94017094017094;31.99145299145299;32.0;32.0;1;1
162.666;0.0;0.0;0.0;31.94017094017094;31.99145299145299;32.0;32.0;1;1
162.776;0.0;0.0;0.0;31.94017094017094;31.99145299145299;32.0;32.0;1;1
162.876;0.0;0.0;0.0;31.94017094017094;31.99145299145299;32.0;32.0;1;1
162.996;0.0;0.0;0.0;31.94017094017094;31.99145299145299;32.0;32.0;1;1
163.112;0.0;0.0;0.0;31.94017094017094;31.99145299145299;32.0;32.0;1;1
163.22;0.0;0.0;0.0;31.94017094017094;31.99145299145299;32.0;32.0;1;1
163.333;0.0;0.0;0.0;31.94017094017094;31.99145299145299;32.0;32.0;1;1
163.437;0.0;0.0;0.0;31.94017094017094;31.99145299145299;32.0;32.0;1;1
163.537;0.0;0.0;0.0;31.94017094017094;31.99145299145299;32.0;32.0;1;1
163.648;0.0;0.0;0.0;31.99145299145299;31.99145299145299;32.0;32.0;1;1
163.75;0.0;0.0;0.0;31.99145299145299;31.99145299145299;32.0;32.0;1;1
163.869;0.0;0.0;0.0;31.99145299145299;31.99145299145299;32.0;32.0;1;1
163.982;0.0;0.0;0.0;31.99145299145299;31.99145299145299;32.0;32.0;1;1
164.091;0.0;0.0;0.0;31.99145299145299;31.99145299145299;32.0;32.0;1;1
164.201;0.0;0.0;0.0;31.99145299145299;31.99145299145299;32.0;32.0;1;1
164.315;0.0;0.0;0.0;31.99145299145299;31.99145299145299;32.0;32.0;1;1
164.425;0.0;0.0;0.0;31.99145299145299;31.99145299145299;32.0;32.0;1;1
164.529;0.0;0.0;0.0;31.99145299145299;31.99145299145299;32.0;32.0;1;1
164.648;0.0;0.0;0.0;31.99145299145299;31.99145299145299;32.0;32.0;1;1
164.758;0.0;0.0;0.0;31.99145299145299;31.99145299145299;32.0;32.0;1;1
164.866;0.0;0.0;0.0;31.99145299145299;31.99145299145299;32.0;32.0;1;1
164.966;0.0;0.0;0.0;31.99145299145299;31.99145299145299;32.0;32.0;1;1
165.079;0.0;0.0;0.0;31.99145299145299;31.99145299145299;32.0;32.0;1;1
165.183;0.0;0.0;0.0;31.99145299145299;31.99145299145299;32.0;32.0;1;1
165.292;0.0;0.0;0.0;31.99145299145299;31.99145299145299;32.0;32.0;1;1
165.393;0.0;0.0;0.0;31.99145299145299;31.99145299145299;32.0;32.0;1;1
165.515;0.0;0.0;0.0;31.99145299145299;31.99145299145299;32.0;32.0;1;1
165.615;0.0;0.0;0.0;31.99145299145299;31.99145299145299;32.0;32.0;1;1
165.715;0.0;0.0;0.0;31.99145299145299;31.99145299145299;32.0;32.0;1;1
165.816;0.0;0.0;0.0;31.99145299145299;31.99145299145299;32.0;32.0;1;1
165.917;0.0;0.0;0.0;31.99145299145299;31.99145299145299;32.0;32.0;1;1
166.023;0.0;0.0;0.0;31.99145299145299;31.99145299145299;32.0;32.0;1;1
166.123;0.0;0.0;0.0;31.99145299145299;31.99145299145299;32.0;32.0;1;1
166.226;0.0;0.0;0.0;31.99145299145299;31.99145299145299;32.0;32.0;1;1
166.328;0.0;0.0;0.0;31.99145299145299;31.99145299145299;32.0;32.0;1;1
166.431;0.0;0.0;0.0;31.99145299145299;31.99145299145299;32.0;32.0;1;1
166.533;0.0;0.0;0.0;31.99145299145299;31.99145299145299;32.0;32.0;1;1
166.637;0.0;0.0;0.0;31.99145299145299;31.99145299145299;32.0;32.0;1;1
166.75;0.0;0.0;0.0;31.99145299145299;31.99145299145299;32.0;32.0;1;1
166.861;0.0;0.0;0.0;31.99145299145299;31.99145299145299;32.0;32.0;1;1
166.961;0.0;0.0;0.0;31.99145299145299;31.99145299145299;32.0;32.0;1;1
167.071;0.0;0.0;0.0;31.99145299145299;31.99145299145299;32.0;32.0;1;1
167.181;0.0;0.0;0.0;31.99145299145299;31.99145299145299;32.0;32.0;1;1
167.295;0.0;0.0;0.0;31.99145299145299;31.99145299145299;32.0;32.0;1;1
167.401;0.0;0.0;0.0;31.99145299145299;31.99145299145299;32.0;32.0;1;1
167.516;0.0;0.0;0.0;31.99145299145299;31.99145299145299;32.0;32.0;1;1
167.623;0.0;0.0;0.0;31.99145299145299;31.99145299145299;32.0;32.0;1;1
167.736;0.0;0.0;0.0;31.99145299145299;31.99145299145299;32.0;32.0;1;1
167.853;0.0;0.0;0.0;31.99145299145299;31.99145299145299;32.0;32.0;1;1
167.953;0.0;0.0;0.0;31.99145299145299;31.99145299145299;32.0;32.0;1;1
168.053;0.0;0.0;0.0;31.99145299145299;31.99145299145299;32.0;32.0;1;1
168.156;0.0;0.0;0.0;31.99145299145299;31.99145299145299;32.0;32.0;1;1
168.274;0.0;0.0;0.0;31.99145299145299;31.99145299145299;32.0;32.0;1;1
168.391;0.0;0.0;0.0;31.99145299145299;31.99145299145299;32.0;32.0;1;1
168.496;0.0;0.0;0.0;31.99145299145299;31.99145299145299;32.0;32.0;1;1
168.596;0.0;0.0;0.0;31.99145299145299;31.99145299145299;32.0;32.0;1;1
168.7;0.0;0.0;0.0;31.99145299145299;31.99145299145299;32.0;32.0;1;1
168.801;0.0;0.0;0.0;31.99145299145299;31.99145299145299;32.0;32.0;1;1
168.901;0.0;0.0;0.0;31.99145299145299;31.99145299145299;32.0;32.0;1;1
169.002;0.0;0.0;0.0;31.99145299145299;31.99145299145299;32.0;32.0;1;1
169.102;0.0;0.0;0.0;31.99145299145299;31.99145299145299;32.0;32.0;1;1
169.203;0.0;0.0;0.0;31.99145299145299;31.99145299145299;32.0;32.0;1;1
169.305;0.0;0.0;0.0;31.99145299145299;31.99145299145299;32.0;32.0;1;1
169.41;0.0;0.0;0.0;31.99145299145299;31.99145299145299;32.0;32.0;1;1
169.521;0.0;0.0;0.0;31.99145299145299;31.99145299145299;32.0;32.0;1;1
169.634;0.0;0.0;0.0;31.99145299145299;31.99145299145299;32.0;32.0;1;1
169.742;0.0;0.0;0.0;31.99145299145299;31.99145299145299;32.0;32.0;1;1
169.849;0.0;0.0;0.0;31.99145299145299;31.99145299145299;32.0;32.0;1;1
169.95;0.0;0.0;0.0;31.99145299145299;31.99145299145299;32.0;32.0;1;1
170.055;0.0;0.0;0.0;31.99145299145299;31.99145299145299;32.0;32.0;1;1
170.17;0.0;0.0;0.0;31.99145299145299;31.99145299145299;32.0;32.0;1;1
170.277;0.0;0.0;0.0;31.99145299145299;31.99145299145299;32.0;32.0;1;1
170.379;0.0;0.0;0.0;31.99145299145299;31.99145299145299;32.0;32.0;1;1
170.483;0.0;0.0;0.0;31.99145299145299;31.99145299145299;32.0;32.0;1;1
170.587;0.0;0.0;0.0;31.99145299145299;31.99145299145299;32.0;32.0;1;1
170.69;0.0;0.0;0.0;31.99145299145299;31.99145299145299;32.0;32.0;1;1
170.797;0.0;0.0;0.0;31.99145299145299;31.99145299145299;32.0;32.0;1;1
170.898;0.0;0.0;0.0;31.99145299145299;31.99145299145299;32.0;32.0;1;1
171.008;0.0;0.0;0.0;31.99145299145299;31.99145299145299;32.0;32.0;1;1
171.114;0.0;0.0;0.0;31.99145299145299;31.99145299145299;32.0;32.0;1;1
171.219;0.0;0.0;0.0;31.99145299145299;31.99145299145299;32.0;32.0;1;1
171.319;0.0;0.0;0.0;31.99145299145299;31.99145299145299;32.0;32.0;1;1
171.42;0.0;0.0;0.0;31.99145299145299;31.99145299145299;32.0;32.0;1;1
171.521;0.0;0.0;0.0;31.99145299145299;31.99145299145299;32.0;32.0;1;1
171.621;0.0;0.0;0.0;31.99145299145299;31.99145299145299;32.0;32.0;1;1
171.722;0.0;0.0;0.0;31.99145299145299;31.99145299145299;32.0;32.0;1;1
171.823;0.0;0.0;0.0;31.99145299145299;31.99145299145299;32.0;32.0;1;1
171.933;0.0;0.0;0.0;31.99145299145299;31.99145299145299;32.0;32.0;1;1
172.033;0.0;0.0;0.0;31.99145299145299;31.99145299145299;32.0;32.0;1;1
172.136;0.0;0.0;0.0;31.99145299145299;31.99145299145299;32.0;32.0;1;1
172.239;0.0;0.0;0.0;31.99145299145299;31.99145299145299;32.0;32.0;1;1
172.342;0.0;0.0;0.0;31.99145299145299;31.99145299145299;32.0;32.0;1;1
172.45;0.0;0.0;0.0;31.99145299145299;31.99145299145299;32.0;32.0;1;1
172.551;0.0;0.0;0.0;31.99145299145299;31.99145299145299;32.0;32.0;1;1
172.656;0.0;0.0;0.0;31.99145299145299;31.99145299145299;32.0;32.0;1;1
172.757;0.0;0.0;0.0;31.99145299145299;31.99145299145299;32.0;32.0;1;1
172.867;0.0;0.0;0.0;31.99145299145299;31.99145299145299;32.0;32.0;1;1
172.983;0.0;0.0;0.0;31.99145299145299;31.99145299145299;32.0;32.0;1;1
173.091;0.0;0.0;0.0;31.99145299145299;31.99145299145299;32.0;32.0;1;1
173.216;0.0;0.0;0.0;31.99145299145299;31.99145299145299;32.0;32.0;1;1
173.325;0.0;0.0;0.0;31.99145299145299;31.99145299145299;32.0;32.0;1;1
173.433;0.0;0.0;0.0;31.99145299145299;31.99145299145299;32.0;32.0;1;1
173.552;0.0;0.0;0.0;31.99145299145299;31.99145299145299;32.0;32.0;1;1
173.657;0.0;0.0;0.0;31.99145299145299;31.99145299145299;32.0;32.0;1;1
173.758;0.0;0.0;0.0;31.99145299145299;31.99145299145299;32.0;32.0;1;1
173.865;0.0;0.0;0.0;31.99145299145299;31.99145299145299;32.0;32.0;1;1
173.976;0.0;0.0;0.0;31.99145299145299;31.99145299145299;32.0;32.0;1;1
174.085;0.0;0.0;0.0;31.99145299145299;31.99145299145299;32.0;32.0;1;1
174.202;0.0;0.0;0.0;31.99145299145299;31.99145299145299;32.0;32.0;1;1
174.315;0.0;0.0;0.0;31.99145299145299;31.99145299145299;32.0;32.0;1;1
174.424;0.0;0.0;0.0;31.99145299145299;31.99145299145299;32.0;32.0;1;1
174.526;0.0;0.0;0.0;31.99145299145299;31.99145299145299;32.0;32.0;1;1
174.627;0.0;0.0;0.0;31.99145299145299;31.99145299145299;32.0;32.0;1;1
174.74;0.0;0.0;0.0;31.99145299145299;31.99145299145299;32.0;32.0;1;1
174.862;0.0;0.0;0.0;31.99145299145299;31.99145299145299;32.0;32.0;1;1
174.966;0.0;0.0;0.0;31.99145299145299;31.99145299145299;32.0;32.0;1;1
175.074;0.0;0.0;0.0;31.99145299145299;31.99145299145299;32.0;32.0;1;1
175.18;0.0;0.0;0.0;31.99145299145299;31.99145299145299;32.0;32.0;1;1
175.296;0.0;0.0;0.0;31.99145299145299;31.99145299145299;32.0;32.0;1;1
175.402;0.0;0.0;0.0;31.99145299145299;31.99145299145299;32.0;32.0;1;1
175.521;0.0;0.0;0.0;31.99145299145299;31.99145299145299;32.0;32.0;1;1
175.627;0.0;0.0;0.0;31.99145299145299;31.94017094017094;32.0;32.0;1;1
175.742;0.0;0.0;0.0;31.99145299145299;31.94017094017094;32.0;32.0;1;1
175.844;0.0;0.0;0.0;31.99145299145299;31.94017094017094;32.0;32.0;1;1
175.949;0.0;0.0;0.0;31.99145299145299;31.94017094017094;32.0;32.0;1;1
176.055;0.0;0.0;0.0;31.99145299145299;31.94017094017094;32.0;32.0;1;1
176.17;0.0;0.0;0.0;31.99145299145299;31.94017094017094;32.0;32.0;1;1
176.277;0.0;0.0;0.0;31.99145299145299;31.94017094017094;32.0;32.0;1;1
176.392;0.0;0.0;0.0;31.99145299145299;31.94017094017094;32.0;32.0;1;1
176.502;0.0;0.0;0.0;31.99145299145299;31.94017094017094;32.0;32.0;1;1
176.612;0.0;0.0;0.0;31.99145299145299;31.94017094017094;32.0;32.0;1;1
176.725;0.0;0.0;0.0;31.99145299145299;31.99145299145299;32.0;32.0;1;1
176.834;0.0;0.0;0.0;31.99145299145299;31.99145299145299;32.0;32.0;1;1
176.941;0.0;0.0;0.0;31.99145299145299;31.99145299145299;32.0;32.0;1;1
177.05;0.0;0.0;0.0;31.99145299145299;31.99145299145299;32.0;32.0;1;1
177.154;0.0;0.0;0.0;31.99145299145299;31.99145299145299;32.0;32.0;1;1
177.255;0.0;0.0;0.0;31.99145299145299;31.99145299145299;32.0;32.0;1;1
177.366;0.0;0.0;0.0;31.99145299145299;31.99145299145299;32.0;32.0;1;1
177.467;0.0;0.0;0.0;31.99145299145299;31.99145299145299;32.0;32.0;1;1
177.577;0.0;0.0;0.0;31.99145299145299;31.99145299145299;32.0;32.0;1;1
177.682;0.0;0.0;0.0;31.99145299145299;31.99145299145299;32.0;32.0;1;1
177.783;0.0;0.0;0.0;31.99145299145299;31.99145299145299;32.0;32.0;1;1
177.883;0.0;0.0;0.0;31.99145299145299;31.99145299145299;32.0;32.0;1;1
177.983;0.0;0.0;0.0;31.99145299145299;31.99145299145299;32.0;32.0;1;1
178.084;0.0;0.0;0.0;31.99145299145299;31.99145299145299;32.0;32.0;1;1
178.185;0.0;0.0;0.0;31.99145299145299;31.99145299145299;32.0;32.0;1;1
178.288;0.0;0.0;0.0;31.99145299145299;31.99145299145299;32.0;32.0;1;1
178.393;0.0;0.0;0.0;31.99145299145299;31.99145299145299;32.0;32.0;1;1
178.494;0.0;0.0;0.0;31.99145299145299;31.99145299145299;32.0;32.0;1;1
178.595;0.0;0.0;0.0;31.99145299145299;31.99145299145299;32.0;32.0;1;1
178.703;0.0;0.0;0.0;31.99145299145299;31.99145299145299;32.0;32.0;1;1
178.803;0.0;0.0;0.0;31.99145299145299;31.99145299145299;32.0;32.0;1;1
178.912;0.0;0.0;0.0;31.99145299145299;31.99145299145299;32.0;32.0;1;1
179.018;0.0;0.0;0.0;31.99145299145299;31.99145299145299;32.0;32.0;1;1
179.121;0.0;0.0;0.0;31.99145299145299;31.99145299145299;32.0;32.0;1;1
179.226;0.0;0.0;0.0;31.99145299145299;31.99145299145299;32.0;32.0;1;1
179.337;0.0;0.0;0.0;31.99145299145299;31.99145299145299;32.0;32.0;1;1
179.451;0.0;0.0;0.0;31.99145299145299;31.99145299145299;32.0;32.0;1;1
179.557;0.0;0.0;0.0;31.99145299145299;31.99145299145299;32.0;32.0;1;1
179.674;0.0;0.0;0.0;31.99145299145299;31.99145299145299;32.0;32.0;1;1
179.789;0.0;0.0;0.0;31.99145299145299;31.99145299145299;32.0;32.0;1;1
179.893;0.0;0.0;0.0;31.99145299145299;31.99145299145299;32.0;32.0;1;1
180.004;0.0;0.0;0.0;31.99145299145299;31.99145299145299;32.0;32.0;1;1
180.107;0.0;0.0;0.0;31.99145299145299;31.99145299145299;32.0;32.0;1;1
180.214;0.0;0.0;0.0;31.99145299145299;31.99145299145299;32.0;32.0;1;1
180.326;0.0;0.0;0.0;31.99145299145299;31.99145299145299;32.0;32.0;1;1
180.431;0.0;0.0;0.0;31.99145299145299;31.99145299145299;32.0;32.0;1;1
180.548;0.0;0.0;0.0;31.99145299145299;31.99145299145299;32.0;32.0;1;1
180.655;0.0;0.0;0.0;31.99145299145299;31.99145299145299;32.0;32.0;1;1
180.77;0.0;0.0;0.0;31.99145299145299;31.99145299145299;32.0;32.0;1;1
180.885;0.0;0.0;0.0;31.99145299145299;31.99145299145299;32.0;32.0;1;1
180.988;0.0;0.0;0.0;31.99145299145299;31.99145299145299;32.0;32.0;1;1
181.092;0.0;0.0;0.0;31.99145299145299;31.99145299145299;32.0;32.0;1;1
181.202;0.0;0.0;0.0;31.99145299145299;31.99145299145299;32.0;32.0;1;1
181.308;0.0;0.0;0.0;31.99145299145299;31.99145299145299;32.0;32.0;1;1
181.409;0.0;0.0;0.0;31.99145299145299;31.99145299145299;32.0;32.0;1;1
181.514;0.0;0.0;0.0;31.99145299145299;31.99145299145299;32.0;32.0;1;1
181.641;0.0;0.0;0.0;31.99145299145299;31.99145299145299;32.0;32.0;1;1
181.755;0.0;0.0;0.0;31.99145299145299;31.99145299145299;32.0;32.0;1;1
181.856;0.0;0.0;0.0;31.99145299145299;31.99145299145299;32.0;32.0;1;1
181.958;0.0;0.0;0.0;31.99145299145299;31.99145299145299;32.0;32.0;1;1
182.073;0.0;0.0;0.0;31.99145299145299;31.99145299145299;32.0;32.0;1;1
182.174;0.0;0.0;0.0;31.99145299145299;31.99145299145299;32.0;32.0;1;1
182.293;0.0;0.0;0.0;31.99145299145299;31.99145299145299;32.0;32.0;1;1
182.405;0.0;0.0;0.0;31.99145299145299;31.99145299145299;32.0;32.0;1;1
182.516;0.0;0.0;0.0;31.99145299145299;31.99145299145299;32.0;32.0;1;1
182.626;0.0;0.0;0.0;31.99145299145299;31.99145299145299;32.0;32.0;1;1
182.737;0.0;0.0;0.0;31.99145299145299;31.99145299145299;32.0;32.0;1;1
182.85;0.0;0.0;0.0;31.99145299145299;31.99145299145299;32.0;32.0;1;1
182.958;0.0;0.0;0.0;31.99145299145299;31.99145299145299;32.0;32.0;1;1
183.074;0.0;0.0;0.0;31.99145299145299;31.99145299145299;32.0;32.0;1;1
183.18;0.0;0.0;0.0;31.99145299145299;31.99145299145299;32.0;32.0;1;1
183.281;0.0;0.0;0.0;31.99145299145299;31.99145299145299;32.0;32.0;1;1
183.385;0.0;0.0;0.0;31.99145299145299;31.99145299145299;32.0;32.0;1;1
183.486;0.0;0.0;0.0;31.99145299145299;31.99145299145299;32.0;32.0;1;1
183.586;0.0;0.0;0.0;31.99145299145299;31.99145299145299;32.0;32.0;1;1
183.687;0.0;0.0;0.0;31.94017094017094;31.99145299145299;32.0;32.0;1;1
183.787;0.0;0.0;0.0;31.94017094017094;31.99145299145299;32.0;32.0;1;1
183.89;0.0;0.0;0.0;31.94017094017094;31.99145299145299;32.0;32.0;1;1
183.995;0.0;0.0;0.0;31.94017094017094;31.99145299145299;32.0;32.0;1;1
184.096;0.0;0.0;0.0;31.94017094017094;31.99145299145299;32.0;32.0;1;1
184.202;0.0;0.0;0.0;31.94017094017094;31.99145299145299;32.0;32.0;1;1
184.313;0.0;0.0;0.0;31.94017094017094;31.99145299145299;32.0;32.0;1;1
184.413;0.0;0.0;0.0;31.94017094017094;31.99145299145299;32.0;32.0;1;1
184.515;0.0;0.0;0.0;31.94017094017094;31.99145299145299;32.0;32.0;1;1
184.625;0.0;0.0;0.0;31.99145299145299;31.99145299145299;32.0;32.0;1;1
184.735;0.0;0.0;0.0;31.99145299145299;31.99145299145299;32.0;32.0;1;1
184.836;0.0;0.0;0.0;31.99145299145299;31.99145299145299;32.0;32.0;1;1
184.937;0.0;0.0;0.0;31.99145299145299;31.99145299145299;32.0;32.0;1;1
185.052;0.0;0.0;0.0;31.99145299145299;31.99145299145299;32.0;32.0;1;1
185.166;0.0;0.0;0.0;31.99145299145299;31.99145299145299;32.0;32.0;1;1
185.272;0.0;0.0;0.0;31.99145299145299;31.99145299145299;32.0;32.0;1;1
185.374;0.0;0.0;0.0;31.99145299145299;31.99145299145299;32.0;32.0;1;1
185.478;0.0;0.0;0.0;31.99145299145299;31.99145299145299;32.0;32.0;1;1
185.585;0.0;0.0;0.0;31.99145299145299;31.99145299145299;32.0;32.0;1;1
185.7;0.0;0.0;0.0;31.99145299145299;31.99145299145299;32.0;32.0;1;1
185.807;0.0;0.0;0.0;31.99145299145299;31.99145299145299;32.0;32.0;1;1
185.921;0.0;0.0;0.0;31.99145299145299;31.99145299145299;32.0;32.0;1;1
186.03;0.0;0.0;0.0;31.99145299145299;31.99145299145299;32.0;32.0;1;1
186.143;0.0;0.0;0.0;31.99145299145299;31.99145299145299;32.0;32.0;1;1
186.244;0.0;0.0;0.0;31.99145299145299;31.99145299145299;32.0;32.0;1;1
186.354;0.0;0.0;0.0;31.99145299145299;31.99145299145299;32.0;32.0;1;1
186.46;0.0;0.0;0.0;31.99145299145299;31.99145299145299;32.0;32.0;1;1
186.574;0.0;0.0;0.0;31.99145299145299;31.99145299145299;32.0;32.0;1;1
186.679;0.0;0.0;0.0;31.94017094017094;31.99145299145299;32.0;32.0;1;1
186.78;0.0;0.0;0.0;31.94017094017094;31.99145299145299;32.0;32.0;1;1
186.888;0.0;0.0;0.0;31.94017094017094;31.99145299145299;32.0;32.0;1;1
187.003;0.0;0.0;0.0;31.94017094017094;31.99145299145299;32.0;32.0;1;1
187.11;0.0;0.0;0.0;31.94017094017094;31.99145299145299;32.0;32.0;1;1
187.22;0.0;0.0;0.0;31.94017094017094;31.99145299145299;32.0;32.0;1;1
187.332;0.0;0.0;0.0;31.94017094017094;31.99145299145299;32.0;32.0;1;1
187.441;0.0;0.0;0.0;31.94017094017094;31.99145299145299;32.0;32.0;1;1
187.554;0.0;0.0;0.0;31.94017094017094;31.99145299145299;32.0;32.0;1;1
187.668;0.0;0.0;0.0;31.99145299145299;31.99145299145299;32.0;32.0;1;1
187.773;0.0;0.0;0.0;31.99145299145299;31.99145299145299;32.0;32.0;1;1
187.873;0.0;0.0;0.0;31.99145299145299;31.99145299145299;32.0;32.0;1;1
187.98;0.0;0.0;0.0;31.99145299145299;31.99145299145299;32.0;32.0;1;1
188.08;0.0;0.0;0.0;31.99145299145299;31.99145299145299;32.0;32.0;1;1
188.18;0.0;0.0;0.0;31.99145299145299;31.99145299145299;32.0;32.0;1;1
188.281;0.0;0.0;0.0;31.99145299145299;31.99145299145299;32.0;32.0;1;1
188.381;0.0;0.0;0.0;31.99145299145299;31.99145299145299;32.0;32.0;1;1
188.482;0.0;0.0;0.0;31.99145299145299;31.99145299145299;32.0;32.0;1;1
188.583;0.0;0.0;0.0;31.99145299145299;31.99145299145299;32.0;32.0;1;1
188.689;0.0;0.0;0.0;31.94017094017094;31.99145299145299;32.0;32.0;1;1
188.789;0.0;0.0;0.0;31.94017094017094;31.99145299145299;32.0;32.0;1;1
188.893;0.0;0.0;0.0;31.94017094017094;31.99145299145299;32.0;32.0;1;1
189.003;0.0;0.0;0.0;31.94017094017094;31.99145299145299;32.0;32.0;1;1
189.108;0.0;0.0;0.0;31.94017094017094;31.99145299145299;32.0;32.0;1;1
189.209;0.0;0.0;0.0;31.94017094017094;31.99145299145299;32.0;32.0;1;1
189.311;0.0;0.0;0.0;31.94017094017094;31.99145299145299;32.0;32.0;1;1
189.425;0.0;0.0;0.0;31.94017094017094;31.99145299145299;32.0;32.0;1;1
189.525;0.0;0.0;0.0;31.94017094017094;31.99145299145299;32.0;32.0;1;1
189.635;0.0;0.0;0.0;31.99145299145299;31.99145299145299;32.0;32.0;1;1
189.745;0.0;0.0;0.0;31.99145299145299;31.99145299145299;32.0;32.0;1;1
189.859;0.0;0.0;0.0;31.99145299145299;31.99145299145299;32.0;32.0;1;1
189.979;0.0;0.0;0.0;31.99145299145299;31.99145299145299;32.0;32.0;1;1
190.08;0.0;0.0;0.0;31.99145299145299;31.99145299145299;32.0;32.0;1;1
190.185;0.0;0.0;0.0;31.99145299145299;31.99145299145299;32.0;32.0;1;1
190.287;0.0;0.0;0.0;31.99145299145299;31.99145299145299;32.0;32.0;1;1
190.413;0.0;0.0;0.0;31.99145299145299;31.99145299145299;32.0;32.0;1;1
190.52;0.0;0.0;0.0;31.99145299145299;31.99145299145299;32.0;32.0;1;1
190.631;0.0;0.0;0.0;31.99145299145299;31.99145299145299;32.0;32.0;1;1
190.742;0.0;0.0;0.0;31.99145299145299;31.99145299145299;32.0;32.0;1;1
190.861;0.0;0.0;0.0;31.99145299145299;31.99145299145299;32.0;32.0;1;1
190.963;0.0;0.0;0.0;31.99145299145299;31.99145299145299;32.0;32.0;1;1
191.077;0.0;0.0;0.0;31.99145299145299;31.99145299145299;32.0;32.0;1;1
191.177;0.0;0.0;0.0;31.99145299145299;31.99145299145299;32.0;32.0;1;1
191.283;0.0;0.0;0.0;31.99145299145299;31.99145299145299;32.0;32.0;1;1
191.383;0.0;0.0;0.0;31.99145299145299;31.99145299145299;32.0;32.0;1;1
191.502;0.0;0.0;0.0;31.99145299145299;31.99145299145299;32.0;32.0;1;1
191.604;0.0;0.0;0.0;31.99145299145299;31.99145299145299;32.0;32.0;1;1
191.705;0.0;0.0;0.0;31.99145299145299;31.99145299145299;32.0;32.0;1;1
191.806;0.0;0.0;0.0;31.99145299145299;31.99145299145299;32.0;32.0;1;1
191.906;0.0;0.0;0.0;31.99145299145299;31.99145299145299;32.0;32.0;1;1
192.007;0.0;0.0;0.0;31.99145299145299;31.99145299145299;32.0;32.0;1;1
192.109;0.0;0.0;0.0;31.99145299145299;31.99145299145299;32.0;32.0;1;1
192.211;0.0;0.0;0.0;31.99145299145299;31.99145299145299;32.0;32.0;1;1
192.321;0.0;0.0;0.0;31.99145299145299;31.99145299145299;32.0;32.0;1;1
192.424;0.0;0.0;0.0;31.99145299145299;31.99145299145299;32.0;32.0;1;1
192.535;0.0;0.0;0.0;31.99145299145299;31.99145299145299;32.0;32.0;1;1
192.639;0.0;0.0;0.0;31.99145299145299;31.99145299145299;32.0;32.0;1;1
192.741;0.0;0.0;0.0;31.99145299145299;31.99145299145299;32.0;32.0;1;1
192.842;0.0;0.0;0.0;31.99145299145299;31.99145299145299;32.0;32.0;1;1
192.952;0.0;0.0;0.0;31.99145299145299;31.99145299145299;32.0;32.0;1;1
193.06;0.0;0.0;0.0;31.99145299145299;31.99145299145299;32.0;32.0;1;1
193.174;0.0;0.0;0.0;31.99145299145299;31.99145299145299;32.0;32.0;1;1
193.29;0.0;0.0;0.0;31.99145299145299;31.99145299145299;32.0;32.0;1;1
193.4;0.0;0.0;0.0;31.99145299145299;31.99145299145299;32.0;32.0;1;1
193.509;0.0;0.0;0.0;31.99145299145299;31.99145299145299;32.0;32.0;1;1
193.61;0.0;0.0;0.0;31.99145299145299;31.99145299145299;32.0;32.0;1;1
193.712;0.0;0.0;0.0;31.99145299145299;31.99145299145299;32.0;32.0;1;1
193.829;0.0;0.0;0.0;31.99145299145299;31.99145299145299;32.0;32.0;1;1
193.936;0.0;0.0;0.0;31.99145299145299;31.99145299145299;32.0;32.0;1;1
194.049;0.0;0.0;0.0;31.99145299145299;31.99145299145299;32.0;32.0;1;1
194.163;0.0;0.0;0.0;31.99145299145299;31.99145299145299;32.0;32.0;1;1
194.27;0.0;0.0;0.0;31.99145299145299;31.99145299145299;32.0;32.0;1;1
194.37;0.0;0.0;0.0;31.99145299145299;31.99145299145299;32.0;32.0;1;1
194.482;0.0;0.0;0.0;31.99145299145299;31.99145299145299;32.0;32.0;1;1
194.588;0.0;0.0;0.0;31.99145299145299;31.99145299145299;32.0;32.0;1;1
194.7;0.0;0.0;0.0;31.99145299145299;31.99145299145299;32.0;32.0;1;1
194.809;0.0;0.0;0.0;31.99145299145299;31.99145299145299;32.0;32.0;1;1
194.919;0.0;0.0;0.0;31.99145299145299;31.99145299145299;32.0;32.0;1;1
195.033;0.0;0.0;0.0;31.99145299145299;31.99145299145299;32.0;32.0;1;1
195.134;0.0;0.0;0.0;31.99145299145299;31.99145299145299;32.0;32.0;1;1
195.238;0.0;0.0;0.0;31.99145299145299;31.99145299145299;32.0;32.0;1;1
195.341;0.0;0.0;0.0;31.99145299145299;31.99145299145299;32.0;32.0;1;1
195.445;0.0;0.0;0.0;31.99145299145299;31.99145299145299;32.0;32.0;1;1
195.546;0.0;0.0;0.0;31.99145299145299;31.99145299145299;32.0;32.0;1;1
195.646;0.0;0.0;0.0;31.99145299145299;31.99145299145299;32.0;32.0;1;1
195.747;0.0;0.0;0.0;31.99145299145299;31.99145299145299;32.0;32.0;1;1
195.847;0.0;0.0;0.0;31.99145299145299;31.99145299145299;32.0;32.0;1;1
195.949;0.0;0.0;0.0;31.99145299145299;31.99145299145299;32.0;32.0;1;1
196.05;0.0;0.0;0.0;31.99145299145299;31.99145299145299;32.0;32.0;1;1
196.151;0.0;0.0;0.0;31.99145299145299;31.99145299145299;32.0;32.0;1;1
196.253;0.0;0.0;0.0;31.99145299145299;31.99145299145299;32.0;32.0;1;1
196.356;0.0;0.0;0.0;31.99145299145299;31.99145299145299;32.0;32.0;1;1
196.461;0.0;0.0;0.0;31.99145299145299;31.99145299145299;32.0;32.0;1;1
196.564;0.0;0.0;0.0;31.99145299145299;31.99145299145299;32.0;32.0;1;1
196.672;0.0;0.0;0.0;31.99145299145299;31.99145299145299;32.0;32.0;1;1
196.779;0.0;0.0;0.0;31.99145299145299;31.99145299145299;32.0;32.0;1;1
196.892;0.0;0.0;0.0;31.99145299145299;31.99145299145299;32.0;32.0;1;1
197.001;0.0;0.0;0.0;31.99145299145299;31.99145299145299;32.0;32.0;1;1
197.105;0.0;0.0;0.0;31.99145299145299;31.99145299145299;32.0;32.0;1;1
197.208;0.0;0.0;0.0;31.99145299145299;31.99145299145299;32.0;32.0;1;1
197.327;0.0;0.0;0.0;31.99145299145299;31.99145299145299;32.0;32.0;1;1
197.431;0.0;0.0;0.0;31.99145299145299;31.99145299145299;32.0;32.0;1;1
197.533;0.0;0.0;0.0;31.99145299145299;31.99145299145299;32.0;32.0;1;1
197.656;0.0;0.0;0.0;31.99145299145299;31.99145299145299;32.0;32.0;1;1
197.757;0.0;0.0;0.0;31.99145299145299;31.99145299145299;32.0;32.0;1;1
197.863;0.0;0.0;0.0;31.99145299145299;31.99145299145299;32.0;32.0;1;1
197.972;0.0;0.0;0.0;31.99145299145299;31.99145299145299;32.0;32.0;1;1
198.086;0.0;0.0;0.0;31.99145299145299;31.99145299145299;32.0;32.0;1;1
198.195;0.0;0.0;0.0;31.99145299145299;31.99145299145299;32.0;32.0;1;1
198.305;0.0;0.0;0.0;31.99145299145299;31.99145299145299;32.0;32.0;1;1
198.41;0.0;0.0;0.0;31.99145299145299;31.99145299145299;32.0;32.0;1;1
198.512;0.0;0.0;0.0;31.99145299145299;31.99145299145299;32.0;32.0;1;1
198.615;0.0;0.0;0.0;31.99145299145299;31.99145299145299;32.0;32.0;1;1
198.724;0.0;0.0;0.0;31.99145299145299;31.99145299145299;32.0;32.0;1;1
198.831;0.0;0.0;0.0;31.99145299145299;31.99145299145299;32.0;32.0;1;1
198.961;0.0;0.0;0.0;31.99145299145299;31.99145299145299;32.0;32.0;1;1
199.074;0.0;0.0;0.0;31.99145299145299;31.99145299145299;32.0;32.0;1;1
199.182;0.0;0.0;0.0;31.99145299145299;31.99145299145299;32.0;32.0;1;1
199.296;0.0;0.0;0.0;31.99145299145299;31.99145299145299;32.0;32.0;1;1
199.406;0.0;0.0;0.0;31.99145299145299;31.99145299145299;32.0;32.0;1;1
199.506;0.0;0.0;0.0;31.99145299145299;31.99145299145299;32.0;32.0;1;1
199.607;0.0;0.0;0.0;31.99145299145299;31.99145299145299;32.0;32.0;1;1
199.717;0.0;0.0;0.0;31.99145299145299;31.94017094017094;32.0;32.0;1;1
199.83;0.0;0.0;0.0;31.99145299145299;31.94017094017094;32.0;32.0;1;1
199.958;0.0;0.0;0.0;31.99145299145299;31.94017094017094;32.0;32.0;1;1
200.074;0.0;0.0;0.0;31.99145299145299;31.94017094017094;32.0;32.0;1;1
200.18;0.0;0.0;0.0;31.99145299145299;31.94017094017094;32.0;32.0;1;1
200.284;0.0;0.0;0.0;31.99145299145299;31.94017094017094;32.0;32.0;1;1
200.402;0.0;0.0;0.0;31.99145299145299;31.94017094017094;32.0;32.0;1;1
200.518;0.0;0.0;0.0;31.99145299145299;31.94017094017094;32.0;32.0;1;1
200.632;0.0;0.0;0.0;31.99145299145299;31.94017094017094;32.0;32.0;1;1
200.742;0.0;0.0;0.0;31.99145299145299;31.99145299145299;32.0;32.0;1;1
200.843;0.0;0.0;0.0;31.99145299145299;31.99145299145299;32.0;32.0;1;1
200.947;0.0;0.0;0.0;31.99145299145299;31.99145299145299;32.0;32.0;1;1
201.057;0.0;0.0;0.0;31.99145299145299;31.99145299145299;32.0;32.0;1;1
201.172;0.0;0.0;0.0;31.99145299145299;31.99145299145299;32.0;32.0;1;1
201.283;0.0;0.0;0.0;31.99145299145299;31.99145299145299;32.0;32.0;1;1
201.387;0.0;0.0;0.0;31.99145299145299;31.99145299145299;32.0;32.0;1;1
201.496;0.0;0.0;0.0;31.99145299145299;31.99145299145299;32.0;32.0;1;1
201.611;0.0;0.0;0.0;31.99145299145299;31.99145299145299;32.0;32.0;1;1
201.718;0.0;0.0;0.0;31.94017094017094;31.99145299145299;32.0;32.0;1;1
201.819;0.0;0.0;0.0;31.94017094017094;31.99145299145299;32.0;32.0;1;1
201.931;0.0;0.0;0.0;31.94017094017094;31.99145299145299;32.0;32.0;1;1
202.046;0.0;0.0;0.0;31.94017094017094;31.99145299145299;32.0;32.0;1;1
202.148;0.0;0.0;0.0;31.94017094017094;31.99145299145299;32.0;32.0;1;1
202.263;0.0;0.0;0.0;31.94017094017094;31.99145299145299;32.0;32.0;1;1
202.375;0.0;0.0;0.0;31.94017094017094;31.99145299145299;32.0;32.0;1;1
202.484;0.0;0.0;0.0;31.94017094017094;31.99145299145299;32.0;32.0;1;1
202.592;0.0;0.0;0.0;31.94017094017094;31.99145299145299;32.0;32.0;1;1
202.705;0.0;0.0;0.0;31.99145299145299;31.99145299145299;32.0;32.0;1;1
202.807;0.0;0.0;0.0;31.99145299145299;31.99145299145299;32.0;32.0;1;1
202.918;0.0;0.0;0.0;31.99145299145299;31.99145299145299;32.0;32.0;1;1
203.026;0.0;0.0;0.0;31.99145299145299;31.99145299145299;32.0;32.0;1;1
203.14;0.0;0.0;0.0;31.99145299145299;31.99145299145299;32.0;32.0;1;1
203.245;0.0;0.0;0.0;31.99145299145299;31.99145299145299;32.0;32.0;1;1
203.361;0.0;0.0;0.0;31.99145299145299;31.99145299145299;32.0;32.0;1;1
203.472;0.0;0.0;0.0;31.99145299145299;31.99145299145299;32.0;32.0;1;1
203.581;0.0;0.0;0.0;31.99145299145299;31.99145299145299;32.0;32.0;1;1
203.688;0.0;0.0;0.0;31.99145299145299;31.99145299145299;32.0;32.0;1;1
203.792;0.0;0.0;0.0;31.99145299145299;31.99145299145299;32.0;32.0;1;1
203.898;0.0;0.0;0.0;31.99145299145299;31.99145299145299;32.0;32.0;1;1
204.009;0.0;0.0;0.0;31.99145299145299;31.99145299145299;32.0;32.0;1;1
204.117;0.0;0.0;0.0;31.99145299145299;31.99145299145299;32.0;32.0;1;1
204.232;0.0;0.0;0.0;31.99145299145299;31.99145299145299;32.0;32.0;1;1
204.339;0.0;0.0;0.0;31.99145299145299;31.99145299145299;32.0;32.0;1;1
204.454;0.0;0.0;0.0;31.99145299145299;31.99145299145299;32.0;32.0;1;1
204.568;0.0;0.0;0.0;31.99145299145299;31.99145299145299;32.0;32.0;1;1
204.682;0.0;0.0;0.0;31.99145299145299;31.99145299145299;32.0;32.0;1;1
204.789;0.0;0.0;0.0;31.99145299145299;31.94017094017094;32.0;32.0;1;1
204.9;0.0;0.0;0.0;31.99145299145299;31.94017094017094;32.0;32.0;1;1
205.012;0.0725;0.0;0.0;31.99145299145299;31.94017094017094;32.0;32.0;1;1
205.12;0.56625;0.0;0.0;31.99145299145299;31.94017094017094;32.0;32.0;1;1
205.235;1.32625;0.0;0.0;31.99145299145299;31.94017094017094;32.0;32.0;1;1
205.339;1.8375;0.0;0.0;31.99145299145299;31.94017094017094;32.0;32.0;1;1
205.456;2.3425;0.0;0.0;31.99145299145299;31.94017094017094;32.0;32.0;1;1
205.564;2.85375;0.0;0.0;31.99145299145299;31.94017094017094;32.0;32.0;1;1
205.673;3.3625;0.0;0.0;31.99145299145299;31.94017094017094;32.0;32.0;1;1
205.788;3.8675;0.0;0.0;31.99145299145299;31.99145299145299;32.0;32.0;1;1
205.893;4.6325;0.0;0.0;31.99145299145299;31.99145299145299;32.0;32.0;1;1
205.994;5.0;0.0;0.0;31.99145299145299;31.99145299145299;32.0;32.0;1;1
206.104;5.0;0.0;0.0;31.99145299145299;31.99145299145299;32.0;32.0;1;1
206.212;5.0;0.0;0.0;31.99145299145299;31.99145299145299;32.0;32.0;1;1
206.328;5.0;0.0;0.0;31.99145299145299;31.99145299145299;32.0;32.0;1;1
206.432;5.0;0.0;0.0;31.99145299145299;31.99145299145299;32.0;32.0;1;1
206.544;5.0;0.0;0.0;31.99145299145299;31.99145299145299;32.0;32.0;1;1
206.651;5.0;0.0;0.0;31.99145299145299;31.99145299145299;32.0;32.0;1;1
206.752;5.0;0.0;0.0;31.99145299145299;31.99145299145299;32.0;32.0;1;1
206.855;5.0;0.0;0.0;31.99145299145299;31.99145299145299;32.0;32.0;1;1
206.956;5.0;0.0;0.0;31.99145299145299;31.99145299145299;32.0;32.0;1;1
207.056;5.0;0.0;0.0;31.99145299145299;31.99145299145299;32.0;32.0;1;1
207.156;5.0;0.0;0.0;31.99145299145299;31.99145299145299;32.0;32.0;1;1
207.257;5.0;0.0;0.0;31.99145299145299;31.99145299145299;32.0;32.0;1;1
207.357;5.0;0.0;0.0;31.99145299145299;31.99145299145299;32.0;32.0;1;1
207.457;5.0;0.0;0.0;31.99145299145299;31.99145299145299;32.0;32.0;1;1
207.56;5.0;0.0;0.0;31.99145299145299;31.99145299145299;32.0;32.0;1;1
207.661;5.0;0.0;0.0;31.99145299145299;31.99145299145299;32.0;32.0;1;1
207.761;5.0;0.0;0.0;31.99145299145299;31.99145299145299;32.0;32.0;1;1
207.864;5.0;0.0;0.0;31.99145299145299;31.99145299145299;32.0;32.0;1;1
207.968;5.0;0.0;0.0;31.99145299145299;31.99145299145299;32.0;32.0;1;1
208.076;5.0;0.0;0.0;31.99145299145299;31.99145299145299;32.0;32.0;1;1
208.19;4.7825;0.0;0.0;31.99145299145299;31.99145299145299;32.0;32.0;1;1
208.297;4.27125;0.0;0.0;31.99145299145299;31.99145299145299;32.0;32.0;1;1
208.407;3.7675;0.0;0.0;31.99145299145299;31.99145299145299;32.0;32.0;1;1
208.508;3.25875;0.0;0.0;31.99145299145299;31.99145299145299;32.0;32.0;1;1
208.615;2.75;0.0;0.0;31.99145299145299;31.99145299145299;32.0;32.0;1;1
208.715;2.24625;0.0;0.0;31.99145299145299;31.99145299145299;32.0;32.0;1;1
208.819;1.73875;0.0;0.0;31.99145299145299;31.99145299145299;32.0;32.0;1;1
208.92;0.9825;0.0;0.0;31.99145299145299;31.99145299145299;32.0;32.0;1;1
209.02;0.475;0.0;0.0;31.99145299145299;31.99145299145299;32.0;32.0;1;1
209.121;0.025;0.0;0.0;31.99145299145299;31.99145299145299;32.0;32.0;1;1
209.222;0.0;0.0;0.0;31.99145299145299;31.99145299145299;32.0;32.0;1;1
209.326;0.0;0.0;0.0;31.99145299145299;31.99145299145299;32.0;32.0;1;1
209.432;0.0;0.0;0.0;31.99145299145299;31.99145299145299;32.0;32.0;1;1
209.535;0.0;0.0;0.0;31.99145299145299;31.99145299145299;32.0;32.0;1;1
209.635;0.0;0.0;0.0;31.99145299145299;31.99145299145299;32.0;32.0;1;1
209.746;0.0;0.0;0.0;31.99145299145299;31.99145299145299;32.0;32.0;1;1
209.855;0.0;0.0;0.0;31.99145299145299;31.99145299145299;32.0;32.0;1;1
209.956;0.0;0.0;0.0;31.99145299145299;31.99145299145299;32.0;32.0;1;1
210.056;0.0;0.0;0.0;31.99145299145299;31.99145299145299;32.0;32.0;1;1
210.169;0.0;0.0;0.0;31.99145299145299;31.99145299145299;32.0;32.0;1;1
210.288;0.0;0.0;0.0;31.99145299145299;31.99145299145299;32.0;32.0;1;1
210.397;0.0;0.0;0.0;31.99145299145299;31.99145299145299;32.0;32.0;1;1
210.51;0.0;0.0;0.0;31.99145299145299;31.99145299145299;32.0;32.0;1;1
210.619;0.0;0.0;0.0;31.99145299145299;31.99145299145299;32.0;32.0;1;1
210.72;0.0;0.0;0.0;31.99145299145299;31.99145299145299;32.0;32.0;1;1
210.837;0.0;0.0;0.0;31.99145299145299;31.99145299145299;32.0;32.0;1;1
210.939;0.0;0.0;0.0;31.99145299145299;31.99145299145299;32.0;32.0;1;1
211.043;0.0;0.0;0.0;31.99145299145299;31.99145299145299;32.0;32.0;1;1
211.151;0.0;0.0;0.0;31.99145299145299;31.99145299145299;32.0;32.0;1;1
211.264;0.0;0.0;0.0;31.99145299145299;31.99145299145299;32.0;32.0;1;1
211.373;0.0;0.0;0.0;31.99145299145299;31.99145299145299;32.0;32.0;1;1
211.489;-0.06625;0.0;0.0;31.99145299145299;31.99145299145299;32.0;32.0;1;1
211.589;-0.805;0.0;0.0;31.99145299145299;31.99145299145299;32.0;32.0;1;1
211.696;-1.05875;0.0;0.0;31.99145299145299;31.99145299145299;32.0;32.0;1;1
211.807;-1.8225;0.0;0.0;31.99145299145299;31.99145299145299;32.0;32.0;1;1
211.922;-2.325;0.0;0.0;31.99145299145299;31.99145299145299;32.0;32.0;1;1
212.027;-2.8375;0.0;0.0;31.99145299145299;31.99145299145299;32.0;32.0;1;1
212.139;-3.3525;0.0;0.0;31.99145299145299;31.99145299145299;32.0;32.0;1;1
212.245;-3.86625;0.0;0.0;31.99145299145299;31.99145299145299;32.0;32.0;1;1
212.359;-4.63875;0.0;0.0;31.99145299145299;31.99145299145299;32.0;32.0;1;1
212.466;-5.1475;0.0;0.0;31.99145299145299;31.99145299145299;32.0;32.0;1;1
212.582;-5.66;0.0;0.0;31.99145299145299;31.99145299145299;32.0;32.0;1;1
212.696;-6.1725;0.0;0.0;31.99145299145299;31.99145299145299;32.0;32.0;1;1
212.808;-6.68125;0.0;0.0;31.99145299145299;31.99145299145299;32.0;32.0;1;1
212.92;-7.45;0.0;0.0;31.99145299145299;31.99145299145299;32.0;32.0;1;1
213.024;-7.9575;0.0;0.0;31.99145299145299;31.99145299145299;32.0;32.0;1;1
213.141;-8.47125;0.0;0.0;31.99145299145299;31.99145299145299;32.0;32.0;1;1
213.253;-8.985;0.0;0.0;31.99145299145299;31.99145299145299;32.0;32.0;1;1
213.361;-9.75;0.0;0.0;31.99145299145299;31.99145299145299;32.0;32.0;1;1
213.478;-10.2625;0.0;0.0;31.99145299145299;31.99145299145299;32.0;32.0;1;1
213.585;-10.77375;0.0;0.0;31.99145299145299;31.99145299145299;32.0;32.0;1;1
213.695;-11.285;0.0;0.0;31.99145299145299;31.99145299145299;32.0;32.0;1;1
213.803;-12.0525;0.0;0.0;31.99145299145299;31.99145299145299;32.0;32.0;1;1
213.92;-12.55875;0.0;0.0;31.99145299145299;31.99145299145299;32.0;32.0;1;1
214.03;-13.07;0.0;0.0;31.99145299145299;31.99145299145299;32.0;32.0;1;1
214.143;-13.5825;0.0;0.0;31.99145299145299;31.99145299145299;32.0;32.0;1;1
214.251;-14.0875;0.0;0.0;31.99145299145299;31.99145299145299;32.0;32.0;1;1
214.362;-14.6;0.0;0.0;31.99145299145299;31.99145299145299;32.0;32.0;1;1
214.475;-15.3625;0.0;0.0;31.99145299145299;31.99145299145299;32.0;32.0;1;1
214.582;-15.87375;0.0;0.0;31.99145299145299;31.99145299145299;32.0;32.0;1;1
214.684;-16.64125;0.0;0.0;31.99145299145299;31.99145299145299;32.0;32.0;1;1
214.792;-16.8925;0.0;0.0;31.99145299145299;31.99145299145299;32.0;32.0;1;1
214.898;-17.40375;0.0;0.0;31.99145299145299;31.99145299145299;32.0;32.0;1;1
215.015;-18.1675;0.0;0.0;31.99145299145299;31.99145299145299;32.0;32.0;1;1
215.121;-18.67875;0.0;0.0;31.99145299145299;31.99145299145299;32.0;32.0;1;1
215.236;-19.19125;0.0;0.0;31.99145299145299;31.99145299145299;32.0;32.0;1;1
215.346;-19.69875;0.0;0.0;31.99145299145299;31.99145299145299;32.0;32.0;1;1
215.457;-20.21;0.0;0.0;31.99145299145299;31.99145299145299;32.0;32.0;1;1
215.568;-20.9825;0.0;0.0;31.99145299145299;31.99145299145299;32.0;32.0;1;1
215.67;-21.49375;0.0;0.0;31.99145299145299;31.99145299145299;32.0;32.0;1;1
215.771;-22.01;0.0;0.0;31.99145299145299;31.94017094017094;32.0;32.0;1;1
215.888;-22.5275;0.0;0.0;31.99145299145299;31.94017094017094;32.0;32.0;1;1
215.994;-23.03875;0.0;0.0;31.99145299145299;31.94017094017094;32.0;32.0;1;1
216.11;-23.555;0.0;0.0;31.99145299145299;31.94017094017094;32.0;32.0;1;1
216.22;-24.0725;0.0;0.0;31.99145299145299;31.94017094017094;32.0;32.0;1;1
216.33;-24.8425;0.0;0.0;31.99145299145299;31.94017094017094;32.0;32.0;1;1
216.439;-25.36;0.0;0.0;31.99145299145299;31.94017094017094;32.0;32.0;1;1
216.549;-25.8775;0.0;0.0;31.99145299145299;31.94017094017094;32.0;32.0;1;1
216.662;-26.395;0.0;0.0;31.99145299145299;31.94017094017094;32.0;32.0;1;1
216.771;-26.91125;0.0;0.0;31.99145299145299;31.99145299145299;32.0;32.0;1;1
216.879;-27.67875;0.0;0.0;31.99145299145299;31.99145299145299;32.0;32.0;1;1
216.99;-28.18625;0.0;0.0;31.99145299145299;31.99145299145299;32.0;32.0;1;1
217.09;-28.9425;0.0;0.0;31.99145299145299;31.99145299145299;32.0;32.0;1;1
217.201;-29.19625;0.0;0.0;31.99145299145299;31.99145299145299;32.0;32.0;1;1
217.307;-29.70625;0.0;0.0;31.99145299145299;31.99145299145299;32.0;32.0;1;1
217.417;-30.0;0.01625;0.0;31.99145299145299;31.99145299145299;32.0;32.0;1;1
217.526;-30.0;0.45375;0.0;31.99145299145299;31.99145299145299;32.0;32.0;1;1
217.632;-30.0;0.9675;0.0;31.99145299145299;31.99145299145299;32.0;32.0;1;1
217.738;-30.0;1.475;0.0;31.99145299145299;31.99145299145299;32.0;32.0;1;1
217.849;-30.0;1.98875;0.0;31.99145299145299;31.99145299145299;32.0;32.0;1;1
217.954;-30.0;2.76125;0.0;31.99145299145299;31.99145299145299;32.0;32.0;1;1
218.088;-30.0;3.28;0.0;31.99145299145299;31.99145299145299;32.0;32.0;1;1
218.197;-30.0;3.79875;0.0;31.99145299145299;31.99145299145299;32.0;32.0;1;1
218.298;-30.0;4.5725;0.0;31.99145299145299;31.99145299145299;32.0;32.0;1;1
218.4;-30.0;4.8325;0.0;31.99145299145299;31.99145299145299;32.0;32.0;1;1
218.517;-30.0;5.35125;0.0;31.99145299145299;31.99145299145299;32.0;32.0;1;1
218.622;-30.0;5.8625;0.0;31.99145299145299;31.99145299145299;32.0;32.0;1;1
218.738;-30.0;6.64;0.0;31.99145299145299;31.99145299145299;32.0;32.0;1;1
218.848;-30.0;7.15125;0.0;31.99145299145299;31.99145299145299;32.0;32.0;1;1
218.949;-30.0;7.9275;0.0;31.99145299145299;31.99145299145299;32.0;32.0;1;1
219.055;-30.0;8.1875;0.0;31.99145299145299;31.99145299145299;32.0;32.0;1;1
219.166;-30.0;8.7;0.0;31.99145299145299;31.99145299145299;32.0;32.0;1;1
219.276;-30.0;9.2175;0.0;31.99145299145299;31.99145299145299;32.0;32.0;1;1
219.388;-30.0;9.99;0.0;31.99145299145299;31.99145299145299;32.0;32.0;1;1
219.494;-30.0;10.50625;0.0;31.99145299145299;31.99145299145299;32.0;32.0;1;1
219.595;-30.0;11.0225;0.0;31.99145299145299;31.99145299145299;32.0;32.0;1;1
219.696;-30.0;11.5325;0.0;31.99145299145299;31.99145299145299;32.0;32.0;1;1
219.811;-30.0;12.3075;0.0;31.99145299145299;31.99145299145299;32.0;32.0;1;1
219.926;-30.0;12.82375;0.0;31.99145299145299;31.99145299145299;32.0;32.0;1;1
220.031;-30.0;13.335;0.0;31.99145299145299;31.99145299145299;32.0;32.0;1;1
220.144;-30.0;13.85125;0.0;31.99145299145299;31.99145299145299;32.0;32.0;1;1
220.252;-30.0;14.3675;0.0;31.99145299145299;31.99145299145299;32.0;32.0;1;1
220.366;-30.0;14.8775;0.0;31.99145299145299;31.99145299145299;32.0;32.0;1;1
220.481;-30.0;15.39375;0.0;31.99145299145299;31.99145299145299;32.0;32.0;1;1
220.588;-30.0;16.16375;0.0;31.99145299145299;31.99145299145299;32.0;32.0;1;1
220.703;-30.0;16.68;0.0;31.99145299145299;31.99145299145299;32.0;32.0;1;1
220.811;-30.0;17.19625;0.0;31.99145299145299;31.99145299145299;32.0;32.0;1;1
220.928;-30.0;17.71375;0.0;31.99145299145299;31.99145299145299;32.0;32.0;1;1
221.031;-30.0;18.48875;0.0;31.99145299145299;31.99145299145299;32.0;32.0;1;1
221.141;-30.0;19.0;0.0;31.99145299145299;31.99145299145299;32.0;32.0;1;1
221.25;-30.0;19.5175;0.0;31.99145299145299;31.99145299145299;32.0;32.0;1;1
221.351;-30.0;20.035;0.0;31.99145299145299;31.99145299145299;32.0;32.0;1;1
221.459;-30.0;20.545;0.0;31.99145299145299;31.99145299145299;32.0;32.0;1;1
221.574;-30.0;21.06625;0.0;31.99145299145299;31.99145299145299;32.0;32.0;1;1
221.678;-30.0;21.5875;0.0;31.99145299145299;31.99145299145299;32.0;32.0;1;1
221.794;-30.0;22.365;0.0;31.99145299145299;31.99145299145299;32.0;32.0;1;1
221.9;-30.0;22.88625;0.0;31.99145299145299;31.99145299145299;32.0;32.0;1;1
222.016;-30.0;23.4075;0.0;31.99145299145299;31.99145299145299;32.0;32.0;1;1
222.12;-30.0;23.92375;0.0;31.99145299145299;31.99145299145299;32.0;32.0;1;1
222.236;-30.0;24.7075;0.0;31.99145299145299;31.99145299145299;32.0;32.0;1;1
222.343;-30.0;25.22875;0.0;31.99145299145299;31.99145299145299;32.0;32.0;1;1
222.455;-30.0;25.75125;0.0;31.99145299145299;31.99145299145299;32.0;32.0;1;1
222.563;-30.0;26.27375;0.0;31.99145299145299;31.99145299145299;32.0;32.0;1;1
222.674;-30.0;26.79;0.0;31.99145299145299;31.99145299145299;32.0;32.0;1;1
222.788;-30.0;27.5725;0.0;31.99145299145299;31.99145299145299;32.0;32.0;1;1
222.893;-30.0;28.08875;0.0;31.99145299145299;31.99145299145299;32.0;32.0;1;1
222.994;-30.0;28.61;0.0;31.99145299145299;31.99145299145299;32.0;32.0;1;1
223.105;-30.0;29.1325;0.0;31.99145299145299;31.99145299145299;32.0;32.0;1;1
223.21;-30.0;29.64875;0.0;31.99145299145299;31.99145299145299;32.0;32.0;1;1
223.312;-30.0;30.17;0.0;31.99145299145299;31.99145299145299;32.0;32.0;1;1
223.417;-30.0;30.6925;0.0;31.99145299145299;31.99145299145299;32.0;32.0;1;1
223.517;-30.0;31.47;0.0;31.99145299145299;31.99145299145299;32.0;32.0;1;1
223.618;-30.0;31.9925;0.0;31.99145299145299;31.99145299145299;32.0;32.0;1;1
223.718;-30.0;32.50875;0.0;31.99145299145299;31.99145299145299;32.0;32.0;1;1
223.819;-30.0;33.03125;0.0;31.99145299145299;31.99145299145299;32.0;32.0;1;1
223.919;-30.0;33.5525;0.0;31.99145299145299;31.99145299145299;32.0;32.0;1;1
224.02;-30.0;34.07;0.0;31.99145299145299;31.99145299145299;32.0;32.0;1;1
224.121;-30.0;34.59125;0.0;31.99145299145299;31.99145299145299;32.0;32.0;1;1
224.223;-30.0;34.8525;0.0;31.99145299145299;31.99145299145299;32.0;32.0;1;1
224.327;-30.0;35.63125;0.0;31.99145299145299;31.99145299145299;32.0;32.0;1;1
224.429;-30.0;36.15375;0.0;31.99145299145299;31.99145299145299;32.0;32.0;1;1
224.536;-30.0;36.41375;0.0;31.99145299145299;31.99145299145299;32.0;32.0;1;1
224.646;-30.0;36.93625;0.0;31.99145299145299;31.99145299145299;32.0;32.0;1;1
224.758;-30.0;37.715;0.0;31.99145299145299;31.99145299145299;32.0;32.0;1;1
224.868;-30.0;38.2375;0.0;31.99145299145299;31.99145299145299;32.0;32.0;1;1
224.969;-30.0;39.01625;0.0;31.99145299145299;31.99145299145299;32.0;32.0;1;1
225.073;-30.0;39.2775;0.0;31.99145299145299;31.99145299145299;32.0;32.0;1;1
225.184;-30.0;39.8;0.0;31.99145299145299;31.99145299145299;32.0;32.0;1;1
225.298;-30.0;40.32625;0.0;31.99145299145299;31.99145299145299;32.0;32.0;1;1
225.402;-30.0;41.1175;0.0;31.99145299145299;31.99145299145299;32.0;32.0;1;1
225.517;-30.0;41.63875;0.0;31.99145299145299;31.99145299145299;32.0;32.0;1;1
225.627;-30.0;42.165;0.0;31.99145299145299;31.99145299145299;32.0;32.0;1;1
225.739;-30.0;42.6925;0.0;31.99145299145299;31.99145299145299;32.0;32.0;1;1
225.847;-30.0;43.21375;0.0;31.99145299145299;31.99145299145299;32.0;32.0;1;1
225.961;-30.0;44.00375;0.0;31.99145299145299;31.99145299145299;32.0;32.0;1;1
226.066;-30.0;44.53;0.0;31.99145299145299;31.99145299145299;32.0;32.0;1;1
226.181;-30.0;45.0525;0.0;31.99145299145299;31.99145299145299;32.0;32.0;1;1
226.298;-30.0;45.58;0.0;31.99145299145299;31.99145299145299;32.0;32.0;1;1
226.405;-30.0;46.36375;0.0;31.99145299145299;31.99145299145299;32.0;32.0;1;1
226.519;-30.0;46.89125;0.0;31.99145299145299;31.99145299145299;32.0;32.0;1;1
226.626;-30.0;47.4175;0.0;31.99145299145299;31.99145299145299;32.0;32.0;1;1
226.738;-30.0;47.9325;0.0;31.99145299145299;31.99145299145299;32.0;32.0;1;1
226.838;-30.0;48.70125;0.0;31.99145299145299;31.99145299145299;32.0;32.0;1;1
226.949;-30.0;48.9575;0.0;31.99145299145299;31.99145299145299;32.0;32.0;1;1
227.055;-30.0;49.7225;0.0;31.99145299145299;31.99145299145299;32.0;32.0;1;1
227.171;-30.0;50.0;0.0;31.99145299145299;31.99145299145299;32.0;32.0;1;1
227.283;-30.0;50.0;0.12379301807378065;31.99145299145299;31.99145299145299;32.0;32.0;1;1
227.392;-30.0;50.0;0.3094825451844516;31.99145299145299;31.99145299145299;32.0;32.0;1;1
227.501;-30.0;50.0;0.4951720722951226;31.99145299145299;31.99145299145299;32.0;32.0;1;1
227.617;-30.0;50.0;0.8046546174795742;31.99145299145299;31.99145299145299;32.0;32.0;1;1
227.718;-30.0;50.0;0.9903441445902452;31.99145299145299;31.99145299145299;32.0;32.0;1;1
227.822;-30.0;50.0;1.176033671700916;31.99145299145299;31.99145299145299;32.0;32.0;1;1
227.929;-30.0;50.0;1.4236197078484774;31.99145299145299;31.99145299145299;32.0;32.0;1;1
228.045;-30.0;50.0;1.6093092349591485;31.99145299145299;31.99145299145299;32.0;32.0;1;1
228.151;-30.0;50.0;1.9187917801436;31.99145299145299;31.99145299145299;32.0;32.0;1;1
228.266;-30.0;50.0;1.9806882891804904;31.99145299145299;31.99145299145299;32.0;32.0;1;1
228.375;-30.0;50.0;1.9806882891804904;31.99145299145299;31.99145299145299;32.0;32.0;1;1
228.484;-30.0;50.0;1.9806882891804904;31.99145299145299;31.99145299145299;32.0;32.0;1;1
228.593;-30.0;50.0;1.9806882891804904;31.99145299145299;31.99145299145299;32.0;32.0;1;1
228.695;-30.0;50.0;1.9806882891804904;31.99145299145299;31.99145299145299;32.0;32.0;1;1
228.822;-30.0;50.0;1.9806882891804904;31.99145299145299;31.99145299145299;32.0;32.0;1;1
228.925;-30.0;50.0;1.9806882891804904;31.99145299145299;31.99145299145299;32.0;32.0;1;1
229.026;-30.0;50.0;1.9806882891804904;31.99145299145299;31.99145299145299;32.0;32.0;1;1
229.143;-30.0;50.0;1.9806882891804904;31.99145299145299;31.99145299145299;32.0;32.0;1;1
229.249;-30.0;50.0;1.9806882891804904;31.99145299145299;31.99145299145299;32.0;32.0;1;1
229.36;-30.0;50.0;1.9806882891804904;31.99145299145299;31.99145299145299;32.0;32.0;1;1
229.465;-30.0;50.0;1.9806882891804904;31.99145299145299;31.99145299145299;32.0;32.0;1;1
229.579;-30.0;50.0;1.9806882891804904;31.99145299145299;31.99145299145299;32.0;32.0;1;1
229.689;-30.0;50.0;1.9806882891804904;31.99145299145299;31.99145299145299;32.0;32.0;1;1
229.79;-30.0;50.0;1.9806882891804904;31.99145299145299;31.99145299145299;32.0;32.0;1;1
229.896;-30.0;50.0;1.9806882891804904;31.99145299145299;31.99145299145299;32.0;32.0;1;1
230.007;-30.0;50.0;1.9806882891804904;31.99145299145299;31.99145299145299;32.0;32.0;1;1
230.116;-30.0;50.0;1.9806882891804904;31.99145299145299;31.99145299145299;32.0;32.0;1;1
230.231;-30.0;50.0;1.9806882891804904;31.99145299145299;31.99145299145299;32.0;32.0;1;1
230.338;-30.0;50.0;1.9806882891804904;31.99145299145299;31.99145299145299;32.0;32.0;1;1
230.439;-30.0;50.0;1.9806882891804904;31.99145299145299;31.99145299145299;32.0;32.0;1;1
230.559;-30.0;50.0;1.9806882891804904;31.99145299145299;31.99145299145299;32.0;32.0;1;1
230.676;-30.0;50.0;1.9806882891804904;31.99145299145299;31.99145299145299;32.0;32.0;1;1
230.787;-30.0;50.0;1.9806882891804904;31.99145299145299;31.99145299145299;32.0;32.0;1;1
230.892;-30.0;50.0;1.9806882891804904;31.99145299145299;31.99145299145299;32.0;32.0;1;1
231.004;-30.0;50.0;1.9806882891804904;31.99145299145299;31.99145299145299;32.0;32.0;1;1
231.115;-30.0;50.0;1.9806882891804904;31.99145299145299;31.99145299145299;32.0;32.0;1;1
231.216;-30.0;50.0;1.9806882891804904;31.99145299145299;31.99145299145299;32.0;32.0;1;1
231.32;-30.0;50.0;1.9806882891804904;31.99145299145299;31.99145299145299;32.0;32.0;1;1
231.42;-30.0;50.0;1.9806882891804904;31.99145299145299;31.99145299145299;32.0;32.0;1;1
231.521;-30.0;50.0;1.9806882891804904;31.99145299145299;31.99145299145299;32.0;32.0;1;1
231.621;-30.0;50.0;1.9806882891804904;31.99145299145299;31.99145299145299;32.0;32.0;1;1
231.722;-30.0;50.0;1.9806882891804904;31.99145299145299;31.99145299145299;32.0;32.0;1;1
231.822;-30.0;50.0;1.9806882891804904;31.99145299145299;31.99145299145299;32.0;32.0;1;1
231.928;-30.0;50.0;1.9806882891804904;31.99145299145299;31.99145299145299;32.0;32.0;1;1
232.031;-30.0;50.0;1.9806882891804904;31.99145299145299;31.99145299145299;32.0;32.0;1;1
232.132;-30.0;50.0;1.9806882891804904;31.99145299145299;31.99145299145299;32.0;32.0;1;1
232.243;-30.0;50.0;1.9806882891804904;31.99145299145299;31.99145299145299;32.0;32.0;1;1
232.344;-30.0;50.0;1.9806882891804904;31.99145299145299;31.99145299145299;32.0;32.0;1;1
232.445;-30.0;50.0;1.9806882891804904;31.99145299145299;31.99145299145299;32.0;32.0;1;1
232.551;-29.97375;50.0;1.9806882891804904;31.99145299145299;31.99145299145299;32.0;32.0;1;1
232.651;-29.26375;50.0;1.9806882891804904;31.99145299145299;31.99145299145299;32.0;32.0;1;1
232.759;-29.00875;50.0;1.9806882891804904;31.99145299145299;31.99145299145299;32.0;32.0;1;1
232.866;-28.50375;50.0;1.9806882891804904;31.99145299145299;31.99145299145299;32.0;32.0;1;1
232.979;-27.7375;50.0;1.9806882891804904;31.99145299145299;31.99145299145299;32.0;32.0;1;1
233.091;-27.2325;50.0;1.9806882891804904;31.99145299145299;31.99145299145299;32.0;32.0;1;1
233.2;-26.7225;50.0;1.9806882891804904;31.99145299145299;31.99145299145299;32.0;32.0;1;1
233.3;-26.2125;50.0;1.9806882891804904;31.99145299145299;31.99145299145299;32.0;32.0;1;1
233.407;-25.45375;50.0;1.9806882891804904;31.99145299145299;31.99145299145299;32.0;32.0;1;1
233.519;-25.0175;50.0;1.9806882891804904;31.99145299145299;31.99145299145299;32.0;32.0;1;1
233.626;-25.0;50.0;1.9806882891804904;31.99145299145299;31.99145299145299;32.0;32.0;1;1
233.739;-25.0;50.0;1.9806882891804904;31.99145299145299;31.99145299145299;32.0;32.0;1;1
233.84;-25.0;50.0;1.9806882891804904;31.99145299145299;31.99145299145299;32.0;32.0;1;1
233.945;-25.0;50.0;1.9806882891804904;31.99145299145299;31.99145299145299;32.0;32.0;1;1
234.046;-25.0;50.0;1.9806882891804904;31.99145299145299;31.99145299145299;32.0;32.0;1;1
234.147;-25.0;50.0;1.9806882891804904;31.99145299145299;31.99145299145299;32.0;32.0;1;1
234.247;-25.0;50.0;1.9806882891804904;31.99145299145299;31.99145299145299;32.0;32.0;1;1
234.348;-25.0;50.0;1.9806882891804904;31.99145299145299;31.99145299145299;32.0;32.0;1;1
234.448;-25.0;50.0;1.9806882891804904;31.99145299145299;31.99145299145299;32.0;32.0;1;1
234.549;-25.0;50.0;1.9806882891804904;31.99145299145299;31.99145299145299;32.0;32.0;1;1
234.653;-25.0;50.0;1.9806882891804904;31.99145299145299;31.99145299145299;32.0;32.0;1;1
234.76;-25.0;50.0;1.9806882891804904;31.99145299145299;31.99145299145299;32.0;32.0;1;1
234.862;-25.0;50.0;1.9806882891804904;31.99145299145299;31.99145299145299;32.0;32.0;1;1
234.967;-25.0;50.0;1.9806882891804904;31.99145299145299;31.99145299145299;32.0;32.0;1;1
235.072;-25.0;50.0;1.9806882891804904;31.99145299145299;31.99145299145299;32.0;32.0;1;1
235.183;-25.0;50.0;1.9806882891804904;31.99145299145299;31.99145299145299;32.0;32.0;1;1
235.286;-25.0;50.0;1.9806882891804904;31.99145299145299;31.99145299145299;32.0;32.0;1;1
235.41;-25.0;50.0;1.9806882891804904;31.99145299145299;31.99145299145299;32.0;32.0;1;1
235.511;-25.0;50.0;1.9806882891804904;31.99145299145299;31.99145299145299;32.0;32.0;1;1
235.618;-25.0;50.0;1.9806882891804904;31.99145299145299;31.99145299145299;32.0;32.0;1;1
235.719;-25.0;50.0;1.9806882891804904;31.99145299145299;31.99145299145299;32.0;32.0;1;1
235.823;-25.04;50.0;1.9806882891804904;31.99145299145299;31.99145299145299;32.0;32.0;1;1
235.933;-25.50875;50.0;1.9806882891804904;31.99145299145299;31.99145299145299;32.0;32.0;1;1
236.047;-26.26625;50.0;1.9806882891804904;31.99145299145299;31.99145299145299;32.0;32.0;1;1
236.156;-26.775;50.0;1.9806882891804904;31.99145299145299;31.99145299145299;32.0;32.0;1;1
236.268;-27.28375;50.0;1.9806882891804904;31.99145299145299;31.99145299145299;32.0;32.0;1;1
236.373;-27.7875;50.0;1.9806882891804904;31.99145299145299;31.99145299145299;32.0;32.0;1;1
236.487;-28.54875;50.0;1.9806882891804904;31.99145299145299;31.99145299145299;32.0;32.0;1;1
236.597;-29.05125;50.0;1.9806882891804904;31.99145299145299;31.99145299145299;32.0;32.0;1;1
236.706;-29.55875;50.0;1.9806882891804904;31.99145299145299;31.99145299145299;32.0;32.0;1;1
236.815;-29.98625;50.0;1.9806882891804904;31.99145299145299;31.99145299145299;32.0;32.0;1;1
236.924;-30.0;50.0;1.9806882891804904;31.99145299145299;31.99145299145299;32.0;32.0;1;1
237.028;-30.0;50.0;1.9806882891804904;31.99145299145299;31.99145299145299;32.0;32.0;1;1
237.13;-30.0;50.0;1.9806882891804904;31.99145299145299;31.99145299145299;32.0;32.0;1;1
237.23;-30.0;50.0;1.9806882891804904;31.99145299145299;31.99145299145299;32.0;32.0;1;1
237.34;-30.0;50.0;1.9806882891804904;31.99145299145299;31.99145299145299;32.0;32.0;1;1
237.449;-30.0;50.0;1.9806882891804904;31.99145299145299;31.99145299145299;32.0;32.0;1;1
237.562;-30.0;50.0;1.9806882891804904;31.99145299145299;31.99145299145299;32.0;32.0;1;1
237.669;-30.0;50.0;1.9806882891804904;31.99145299145299;31.99145299145299;32.0;32.0;1;1
237.769;-30.0;50.0;1.9806882891804904;31.99145299145299;31.99145299145299;32.0;32.0;1;1
237.87;-30.0;50.0;1.9806882891804904;31.99145299145299;31.99145299145299;32.0;32.0;1;1
237.97;-30.0;50.0;1.9806882891804904;31.99145299145299;31.99145299145299;32.0;32.0;1;1
238.071;-30.0;50.0;1.9806882891804904;31.99145299145299;31.99145299145299;32.0;32.0;1;1
238.171;-30.0;50.0;1.9806882891804904;31.99145299145299;31.99145299145299;32.0;32.0;1;1
238.272;-30.0;50.0;1.9806882891804904;31.99145299145299;31.99145299145299;32.0;32.0;1;1
238.373;-30.0;50.0;1.9806882891804904;31.99145299145299;31.99145299145299;32.0;32.0;1;1
238.473;-30.0;50.0;1.9806882891804904;31.99145299145299;31.99145299145299;32.0;32.0;1;1
238.58;-30.0;50.0;1.9806882891804904;31.99145299145299;31.99145299145299;32.0;32.0;1;1
238.681;-30.0;50.0;1.9806882891804904;31.99145299145299;31.99145299145299;32.0;32.0;1;1
238.781;-30.0;50.0;1.9806882891804904;31.99145299145299;31.99145299145299;32.0;32.0;1;1
238.881;-30.0;50.0;1.9806882891804904;31.99145299145299;31.94017094017094;32.0;32.0;1;1
238.984;-30.0;50.0;1.9806882891804904;31.99145299145299;31.94017094017094;32.0;32.0;1;1
239.085;-30.0;50.0;1.9806882891804904;31.99145299145299;31.94017094017094;32.0;32.0;1;1
239.185;-30.0;50.0;1.9806882891804904;31.99145299145299;31.94017094017094;32.0;32.0;1;1
239.286;-30.0;50.0;1.9806882891804904;31.99145299145299;31.94017094017094;32.0;32.0;1;1
239.386;-30.0;50.0;1.9806882891804904;31.99145299145299;31.94017094017094;32.0;32.0;1;1
239.487;-30.0;50.0;1.9806882891804904;31.99145299145299;31.94017094017094;32.0;32.0;1;1
239.59;-30.0;50.0;1.9806882891804904;31.99145299145299;31.94017094017094;32.0;32.0;1;1
239.695;-30.0;50.0;1.9806882891804904;31.99145299145299;31.94017094017094;32.0;32.0;1;1
239.795;-30.0;50.0;1.9806882891804904;31.99145299145299;31.99145299145299;32.0;32.0;1;1
239.899;-30.0;50.0;1.9806882891804904;31.99145299145299;31.99145299145299;32.0;32.0;1;1
240.002;-30.0;50.0;1.9806882891804904;31.99145299145299;31.99145299145299;32.0;32.0;1;1
240.107;-30.0;50.0;1.9806882891804904;31.99145299145299;31.99145299145299;32.0;32.0;1;1
240.215;-30.0;50.0;1.9806882891804904;31.99145299145299;31.99145299145299;32.0;32.0;1;1
240.316;-30.0;50.0;1.9806882891804904;31.99145299145299;31.99145299145299;32.0;32.0;1;1
240.434;-30.0;50.0;1.9806882891804904;31.99145299145299;31.99145299145299;32.0;32.0;1;1
240.535;-30.0;50.0;1.9806882891804904;31.99145299145299;31.99145299145299;32.0;32.0;1;1
240.642;-30.0;50.0;1.9806882891804904;31.99145299145299;31.99145299145299;32.0;32.0;1;1
240.743;-30.0;50.0;1.9806882891804904;31.99145299145299;31.99145299145299;32.0;32.0;1;1
240.847;-30.0;50.0;1.9806882891804904;31.99145299145299;31.99145299145299;32.0;32.0;1;1
240.949;-30.0;50.0;1.9806882891804904;31.99145299145299;31.99145299145299;32.0;32.0;1;1
241.053;-30.0;50.0;1.9806882891804904;31.99145299145299;31.99145299145299;32.0;32.0;1;1
241.153;-30.0;50.0;1.9806882891804904;31.99145299145299;31.99145299145299;32.0;32.0;1;1
241.254;-30.0;50.0;1.9806882891804904;31.99145299145299;31.99145299145299;32.0;32.0;1;1
241.354;-30.0;50.0;1.9806882891804904;31.99145299145299;31.99145299145299;32.0;32.0;1;1
241.454;-30.0;50.0;1.9806882891804904;31.99145299145299;31.99145299145299;32.0;32.0;1;1
241.556;-30.0;50.0;1.9806882891804904;31.99145299145299;31.99145299145299;32.0;32.0;1;1
241.658;-30.0;50.0;1.9806882891804904;31.99145299145299;31.99145299145299;32.0;32.0;1;1
241.759;-30.0;50.0;1.9806882891804904;31.99145299145299;31.99145299145299;32.0;32.0;1;1
241.861;-30.0;50.0;1.9806882891804904;31.99145299145299;31.99145299145299;32.0;32.0;1;1
241.962;-30.0;50.0;1.9806882891804904;31.99145299145299;31.99145299145299;32.0;32.0;1;1
242.078;-30.0;50.0;1.9806882891804904;31.99145299145299;31.99145299145299;32.0;32.0;1;1
242.184;-30.0;50.0;1.9806882891804904;31.99145299145299;31.99145299145299;32.0;32.0;1;1
242.295;-30.0;50.0;1.9806882891804904;31.99145299145299;31.99145299145299;32.0;32.0;1;1
242.396;-30.0;50.0;1.9806882891804904;31.99145299145299;31.99145299145299;32.0;32.0;1;1
242.499;-30.0;50.0;1.9806882891804904;31.99145299145299;31.99145299145299;32.0;32.0;1;1
242.605;-30.0;50.0;1.9806882891804904;31.99145299145299;31.99145299145299;32.0;32.0;1;1
242.726;-30.0;50.0;1.9806882891804904;31.99145299145299;31.99145299145299;32.0;32.0;1;1
242.828;-30.0;50.0;1.9806882891804904;31.99145299145299;31.99145299145299;32.0;32.0;1;1
242.939;-30.0;50.0;1.9806882891804904;31.99145299145299;31.99145299145299;32.0;32.0;1;1
243.043;-30.0;50.0;1.9806882891804904;31.99145299145299;31.99145299145299;32.0;32.0;1;1
243.145;-30.0;50.0;1.9806882891804904;31.99145299145299;31.99145299145299;32.0;32.0;1;1
243.245;-30.0;50.0;1.9806882891804904;31.99145299145299;31.99145299145299;32.0;32.0;1;1
243.346;-30.0;50.0;1.9806882891804904;31.99145299145299;31.99145299145299;32.0;32.0;1;1
243.446;-30.0;50.0;1.9806882891804904;31.99145299145299;31.99145299145299;32.0;32.0;1;1
243.547;-30.0;50.0;1.9806882891804904;31.99145299145299;31.99145299145299;32.0;32.0;1;1
243.647;-30.0;50.0;1.9806882891804904;31.99145299145299;31.99145299145299;32.0;32.0;1;1
243.748;-30.0;50.0;1.9806882891804904;31.99145299145299;31.99145299145299;32.0;32.0;1;1
243.855;-30.0;50.0;1.9806882891804904;31.94017094017094;31.99145299145299;32.0;32.0;1;1
243.965;-30.0;50.0;1.9806882891804904;31.94017094017094;31.99145299145299;32.0;32.0;1;1
244.07;-30.0;50.0;1.9806882891804904;31.94017094017094;31.99145299145299;32.0;32.0;1;1
244.176;-30.0;50.0;1.9806882891804904;31.94017094017094;31.99145299145299;32.0;32.0;1;1
244.277;-30.0;50.0;1.9806882891804904;31.94017094017094;31.99145299145299;32.0;32.0;1;1
244.379;-30.0;50.0;1.9806882891804904;31.94017094017094;31.99145299145299;32.0;32.0;1;1
244.484;-30.0;50.0;1.9806882891804904;31.94017094017094;31.99145299145299;32.0;32.0;1;1
244.589;-30.0;50.0;1.9806882891804904;31.94017094017094;31.99145299145299;32.0;32.0;1;1
244.706;-30.0;50.0;1.9806882891804904;31.94017094017094;31.99145299145299;32.0;32.0;1;1
244.82;-30.0;50.0;1.9806882891804904;31.94017094017094;31.99145299145299;32.0;32.0;1;1
244.928;-30.0;50.0;1.9806882891804904;31.99145299145299;31.99145299145299;32.0;32.0;1;1
245.028;-30.0;50.0;1.9806882891804904;31.99145299145299;31.99145299145299;32.0;32.0;1;1
245.132;-30.0;50.0;1.9806882891804904;31.99145299145299;31.99145299145299;32.0;32.0;1;1
245.241;-30.0;50.0;1.9806882891804904;31.99145299145299;31.99145299145299;32.0;32.0;1;1
245.356;-30.0;50.0;1.9806882891804904;31.99145299145299;31.99145299145299;32.0;32.0;1;1
245.463;-30.0;50.0;1.9806882891804904;31.99145299145299;31.99145299145299;32.0;32.0;1;1
245.581;-30.0;50.0;1.9806882891804904;31.99145299145299;31.99145299145299;32.0;32.0;1;1
245.683;-30.0;50.0;1.9806882891804904;31.99145299145299;31.99145299145299;32.0;32.0;1;1
245.796;-30.0;50.0;1.9806882891804904;31.99145299145299;31.99145299145299;32.0;32.0;1;1
245.902;-30.0;50.0;1.9806882891804904;31.99145299145299;31.99145299145299;32.0;32.0;1;1
246.004;-30.0;50.0;1.9806882891804904;31.99145299145299;31.99145299145299;32.0;32.0;1;1
246.107;-30.0;50.0;1.9806882891804904;31.99145299145299;31.99145299145299;32.0;32.0;1;1
246.218;-30.0;50.0;1.9806882891804904;31.99145299145299;31.99145299145299;32.0;32.0;1;1
246.319;-30.0;50.0;1.9806882891804904;31.99145299145299;31.99145299145299;32.0;32.0;1;1
246.423;-30.0;50.0;1.9806882891804904;31.99145299145299;31.99145299145299;32.0;32.0;1;1
246.523;-30.0;50.0;1.9806882891804904;31.99145299145299;31.99145299145299;32.0;32.0;1;1
246.624;-30.0;50.0;1.9806882891804904;31.99145299145299;31.99145299145299;32.0;32.0;1;1
246.724;-30.0;50.0;1.9806882891804904;31.99145299145299;31.99145299145299;32.0;32.0;1;1
246.825;-30.0;50.0;1.9806882891804904;31.99145299145299;31.99145299145299;32.0;32.0;1;1
246.928;-30.0;50.0;1.9806882891804904;31.99145299145299;31.99145299145299;32.0;32.0;1;1
247.028;-30.0;50.0;1.9806882891804904;31.99145299145299;31.99145299145299;32.0;32.0;1;1
247.131;-30.0;50.0;1.9806882891804904;31.99145299145299;31.99145299145299;32.0;32.0;1;1
247.237;-30.0;50.0;1.9806882891804904;31.99145299145299;31.99145299145299;32.0;32.0;1;1
247.338;-30.0;50.0;1.9806882891804904;31.99145299145299;31.99145299145299;32.0;32.0;1;1
247.448;-30.0;50.0;1.9806882891804904;31.99145299145299;31.99145299145299;32.0;32.0;1;1
247.549;-30.0;50.0;1.9806882891804904;31.99145299145299;31.99145299145299;32.0;32.0;1;1
247.649;-30.0;50.0;1.9806882891804904;31.99145299145299;31.99145299145299;32.0;32.0;1;1
247.758;-30.0;50.0;1.9806882891804904;31.99145299145299;31.99145299145299;32.0;32.0;1;1
247.86;-30.0;50.0;1.9806882891804904;31.99145299145299;31.99145299145299;32.0;32.0;1;1
247.985;-30.0;50.0;1.9806882891804904;31.99145299145299;31.99145299145299;32.0;32.0;1;1
248.096;-30.0;50.0;1.9806882891804904;31.99145299145299;31.99145299145299;32.0;32.0;1;1
248.198;-30.0;50.0;1.9806882891804904;31.99145299145299;31.99145299145299;32.0;32.0;1;1
248.301;-30.0;50.0;1.9806882891804904;31.99145299145299;31.99145299145299;32.0;32.0;1;1
248.411;-30.0;50.0;1.9806882891804904;31.99145299145299;31.99145299145299;32.0;32.0;1;1
248.523;-30.0;50.0;1.9806882891804904;31.99145299145299;31.99145299145299;32.0;32.0;1;1
248.639;-30.0;50.0;1.9806882891804904;31.99145299145299;31.99145299145299;32.0;32.0;1;1
248.746;-30.0;50.0;1.9806882891804904;31.99145299145299;31.99145299145299;32.0;32.0;1;1
248.855;-30.0;50.0;1.9806882891804904;31.99145299145299;31.99145299145299;32.0;32.0;1;1
248.964;-30.0;50.0;1.9806882891804904;31.99145299145299;31.99145299145299;32.0;32.0;1;1
249.064;-30.0;50.0;1.9806882891804904;31.99145299145299;31.99145299145299;32.0;32.0;1;1
249.186;-30.0;50.0;1.9806882891804904;31.99145299145299;31.99145299145299;32.0;32.0;1;1
249.295;-30.0;50.0;1.9806882891804904;31.99145299145299;31.99145299145299;32.0;32.0;1;1
249.406;-30.0;50.0;1.9806882891804904;31.99145299145299;31.99145299145299;32.0;32.0;1;1
249.521;-30.0;50.0;1.9806882891804904;31.99145299145299;31.99145299145299;32.0;32.0;1;1
249.633;-30.0;50.0;1.9806882891804904;31.99145299145299;31.99145299145299;32.0;32.0;1;1
249.744;-30.0;50.0;1.9806882891804904;31.99145299145299;31.99145299145299;32.0;32.0;1;1
249.856;-30.0;50.0;1.9806882891804904;31.99145299145299;31.99145299145299;32.0;32.0;1;1
249.962;-30.0;50.0;1.9806882891804904;31.99145299145299;31.99145299145299;32.0;32.0;1;1
250.064;-30.0;50.0;1.9806882891804904;31.99145299145299;31.99145299145299;32.0;32.0;1;1
250.186;-30.0;50.0;1.9806882891804904;31.99145299145299;31.99145299145299;32.0;32.0;1;1
250.296;-30.0;50.0;1.9806882891804904;31.99145299145299;31.99145299145299;32.0;32.0;1;1
250.405;-30.0;50.0;1.9806882891804904;31.99145299145299;31.99145299145299;32.0;32.0;1;1
250.509;-30.0;50.0;1.9806882891804904;31.99145299145299;31.99145299145299;32.0;32.0;1;1
250.614;-30.0;50.0;1.9806882891804904;31.99145299145299;31.99145299145299;32.0;32.0;1;1
250.739;-30.0;50.0;1.9806882891804904;31.99145299145299;31.99145299145299;32.0;32.0;1;1
250.856;-30.0;50.0;1.9806882891804904;31.99145299145299;31.99145299145299;32.0;32.0;1;1
250.964;-30.0;50.0;1.9806882891804904;31.99145299145299;31.99145299145299;32.0;32.0;1;1
251.082;-30.0;50.0;1.9806882891804904;31.99145299145299;31.99145299145299;32.0;32.0;1;1
251.186;-30.0;50.0;1.9806882891804904;31.99145299145299;31.99145299145299;32.0;32.0;1;1
251.301;-30.0;50.0;1.9806882891804904;31.99145299145299;31.99145299145299;32.0;32.0;1;1
251.401;-30.0;50.0;1.9806882891804904;31.99145299145299;31.99145299145299;32.0;32.0;1;1
251.511;-30.0;50.0;1.9806882891804904;31.99145299145299;31.99145299145299;32.0;32.0;1;1
251.616;-30.0;50.0;1.9806882891804904;31.99145299145299;31.99145299145299;32.0;32.0;1;1
251.735;-30.0;50.0;1.9806882891804904;31.99145299145299;31.99145299145299;32.0;32.0;1;1
251.843;-30.0;50.0;1.9806882891804904;31.99145299145299;31.99145299145299;32.0;32.0;1;1
251.952;-30.0;50.0;1.9806882891804904;31.99145299145299;31.99145299145299;32.0;32.0;1;1
252.06;-30.0;50.0;1.9806882891804904;31.99145299145299;31.99145299145299;32.0;32.0;1;1
252.174;-30.0;50.0;1.9806882891804904;31.99145299145299;31.99145299145299;32.0;32.0;1;1
252.283;-30.0;50.0;1.9806882891804904;31.99145299145299;31.99145299145299;32.0;32.0;1;1
252.384;-30.0;50.0;1.9806882891804904;31.99145299145299;31.99145299145299;32.0;32.0;1;1
252.494;-30.0;50.0;1.9806882891804904;31.99145299145299;31.99145299145299;32.0;32.0;1;1
252.616;-30.0;50.0;1.9806882891804904;31.99145299145299;31.99145299145299;32.0;32.0;1;1
252.729;-30.0;50.0;1.9806882891804904;31.99145299145299;31.99145299145299;32.0;32.0;1;1
252.837;-30.0;50.0;1.9806882891804904;31.99145299145299;31.99145299145299;32.0;32.0;1;1
252.937;-30.0;50.0;1.9806882891804904;31.99145299145299;31.99145299145299;32.0;32.0;1;1
253.044;-30.0;50.0;1.9806882891804904;31.99145299145299;31.99145299145299;32.0;32.0;1;1
253.144;-30.0;50.0;1.9806882891804904;31.99145299145299;31.99145299145299;32.0;32.0;1;1
253.256;-30.0;50.0;1.9806882891804904;31.99145299145299;31.99145299145299;32.0;32.0;1;1
253.356;-30.0;50.0;1.9806882891804904;31.99145299145299;31.99145299145299;32.0;32.0;1;1
253.456;-30.0;50.0;1.9806882891804904;31.99145299145299;31.99145299145299;32.0;32.0;1;1
253.557;-30.0;50.0;1.9806882891804904;31.99145299145299;31.99145299145299;32.0;32.0;1;1
253.657;-30.0;50.0;1.9806882891804904;31.99145299145299;31.99145299145299;32.0;32.0;1;1
253.758;-30.0;50.0;1.9806882891804904;31.99145299145299;31.99145299145299;32.0;32.0;1;1
253.862;-30.0;50.0;1.9806882891804904;31.99145299145299;31.99145299145299;32.0;32.0;1;1
253.969;-30.0;50.0;1.9806882891804904;31.99145299145299;31.99145299145299;32.0;32.0;1;1
254.071;-30.0;50.0;1.9806882891804904;31.99145299145299;31.99145299145299;32.0;32.0;1;1
254.174;-30.0;50.0;1.9806882891804904;31.99145299145299;31.99145299145299;32.0;32.0;1;1
254.275;-30.0;50.0;1.9806882891804904;31.99145299145299;31.99145299145299;32.0;32.0;1;1
254.376;-30.0;50.0;1.9806882891804904;31.99145299145299;31.99145299145299;32.0;32.0;1;1
254.485;-30.0;50.0;1.9806882891804904;31.99145299145299;31.99145299145299;32.0;32.0;1;1
254.595;-30.0;50.0;1.9806882891804904;31.99145299145299;31.99145299145299;32.0;32.0;1;1
254.695;-30.0;50.0;1.9806882891804904;31.99145299145299;31.99145299145299;32.0;32.0;1;1
254.801;-30.0;50.0;1.9806882891804904;31.99145299145299;31.99145299145299;32.0;32.0;1;1
254.918;-30.0;50.0;1.9806882891804904;31.99145299145299;31.99145299145299;32.0;32.0;1;1
255.023;-30.0;50.0;1.9806882891804904;31.99145299145299;31.99145299145299;32.0;32.0;1;1
255.138;-30.0;50.0;1.9806882891804904;31.99145299145299;31.99145299145299;32.0;32.0;1;1
255.249;-30.0;50.0;1.9806882891804904;31.99145299145299;31.99145299145299;32.0;32.0;1;1
255.361;-30.0;50.0;1.9806882891804904;31.99145299145299;31.99145299145299;32.0;32.0;1;1
255.471;-30.0;50.0;1.9806882891804904;31.99145299145299;31.99145299145299;32.0;32.0;1;1
255.573;-30.0;50.0;1.9806882891804904;31.99145299145299;31.99145299145299;32.0;32.0;1;1
255.678;-30.0;50.0;1.9806882891804904;31.99145299145299;31.99145299145299;32.0;32.0;1;1
255.779;-30.0;50.0;1.9806882891804904;31.99145299145299;31.99145299145299;32.0;32.0;1;1
255.882;-30.0;50.0;1.9806882891804904;31.99145299145299;31.99145299145299;32.0;32.0;1;1
255.983;-30.0;50.0;1.9806882891804904;31.99145299145299;31.99145299145299;32.0;32.0;1;1
256.083;-30.0;50.0;1.9806882891804904;31.99145299145299;31.99145299145299;32.0;32.0;1;1
256.184;-30.0;50.0;1.9806882891804904;31.99145299145299;31.99145299145299;32.0;32.0;1;1
256.284;-30.0;50.0;1.9806882891804904;31.99145299145299;31.99145299145299;32.0;32.0;1;1
256.384;-30.0;50.0;1.9806882891804904;31.99145299145299;31.99145299145299;32.0;32.0;1;1
256.485;-30.0;50.0;1.9806882891804904;31.99145299145299;31.99145299145299;32.0;32.0;1;1
256.591;-30.0;50.0;1.9806882891804904;31.99145299145299;31.99145299145299;32.0;32.0;1;1
256.695;-30.0;50.0;1.9806882891804904;31.99145299145299;31.99145299145299;32.0;32.0;1;1
256.797;-30.0;50.0;1.9806882891804904;31.99145299145299;31.99145299145299;32.0;32.0;1;1
256.905;-30.0;50.0;1.9806882891804904;31.99145299145299;31.99145299145299;32.0;32.0;1;1
257.013;-30.0;50.0;1.9806882891804904;31.99145299145299;31.99145299145299;32.0;32.0;1;1
257.114;-30.0;50.0;1.9806882891804904;31.99145299145299;31.99145299145299;32.0;32.0;1;1
257.214;-30.0;50.0;1.9806882891804904;31.99145299145299;31.99145299145299;32.0;32.0;1;1
257.331;-30.0;50.0;1.9806882891804904;31.99145299145299;31.99145299145299;32.0;32.0;1;1
257.438;-30.0;50.0;1.9806882891804904;31.99145299145299;31.99145299145299;32.0;32.0;1;1
257.539;-30.0;50.0;1.9806882891804904;31.99145299145299;31.99145299145299;32.0;32.0;1;1
257.65;-30.0;50.0;1.9806882891804904;31.99145299145299;31.99145299145299;32.0;32.0;1;1
257.756;-30.0;50.0;1.9806882891804904;31.99145299145299;31.99145299145299;32.0;32.0;1;1
257.857;-30.0;50.0;1.9806882891804904;31.99145299145299;31.99145299145299;32.0;32.0;1;1
257.957;-30.0;50.0;1.9806882891804904;31.99145299145299;31.99145299145299;32.0;32.0;1;1
258.058;-30.0;50.0;1.9806882891804904;31.99145299145299;31.99145299145299;32.0;32.0;1;1
258.166;-30.0;50.0;1.9806882891804904;31.99145299145299;31.99145299145299;32.0;32.0;1;1
258.266;-30.0;50.0;1.9806882891804904;31.99145299145299;31.99145299145299;32.0;32.0;1;1
258.371;-30.0;50.0;1.9806882891804904;31.99145299145299;31.99145299145299;32.0;32.0;1;1
258.475;-30.0;50.0;1.9806882891804904;31.99145299145299;31.99145299145299;32.0;32.0;1;1
258.578;-30.0;50.0;1.9806882891804904;31.99145299145299;31.99145299145299;32.0;32.0;1;1
258.682;-30.0;50.0;1.9806882891804904;31.99145299145299;31.99145299145299;32.0;32.0;1;1
258.792;-30.0;50.0;1.9806882891804904;31.99145299145299;31.99145299145299;32.0;32.0;1;1
258.9;-30.0;50.0;1.9806882891804904;31.99145299145299;31.99145299145299;32.0;32.0;1;1
259.0;-30.0;50.0;1.9806882891804904;31.99145299145299;31.99145299145299;32.0;32.0;1;1
259.106;-30.0;50.0;1.9806882891804904;31.99145299145299;31.99145299145299;32.0;32.0;1;1
259.218;-30.0;50.0;1.9806882891804904;31.99145299145299;31.99145299145299;32.0;32.0;1;1
259.329;-30.0;50.0;1.9806882891804904;31.99145299145299;31.99145299145299;32.0;32.0;1;1
259.437;-30.0;50.0;1.9806882891804904;31.99145299145299;31.99145299145299;32.0;32.0;1;1
259.538;-30.0;50.0;1.9806882891804904;31.99145299145299;31.99145299145299;32.0;32.0;1;1
259.649;-30.0;50.0;1.9806882891804904;31.99145299145299;31.99145299145299;32.0;32.0;1;1
259.761;-30.0;50.0;1.9806882891804904;31.99145299145299;31.99145299145299;32.0;32.0;1;1
259.871;-30.0;50.0;1.9806882891804904;31.99145299145299;31.99145299145299;32.0;32.0;1;1
259.989;-30.0;50.0;1.9806882891804904;31.99145299145299;31.99145299145299;32.0;32.0;1;1
260.091;-30.0;50.0;1.9806882891804904;31.99145299145299;31.99145299145299;32.0;32.0;1;1
260.191;-30.0;50.0;1.9806882891804904;31.99145299145299;31.99145299145299;32.0;32.0;1;1
260.3;-30.0;50.0;1.9806882891804904;31.99145299145299;31.99145299145299;32.0;32.0;1;1
260.408;-30.0;50.0;1.9806882891804904;31.99145299145299;31.99145299145299;32.0;32.0;1;1
260.517;-30.0;50.0;1.9806882891804904;31.99145299145299;31.99145299145299;32.0;32.0;1;1
260.628;-30.0;50.0;1.9806882891804904;31.99145299145299;31.99145299145299;32.0;32.0;1;1
260.742;-30.0;50.0;1.9806882891804904;31.99145299145299;31.99145299145299;32.0;32.0;1;1
260.859;-30.0;50.0;1.9806882891804904;31.99145299145299;31.99145299145299;32.0;32.0;1;1
260.963;-30.0;50.0;1.9806882891804904;31.99145299145299;31.99145299145299;32.0;32.0;1;1
261.064;-30.0;50.0;1.9806882891804904;31.99145299145299;31.99145299145299;32.0;32.0;1;1
261.19;-30.0;50.0;1.9806882891804904;31.99145299145299;31.99145299145299;32.0;32.0;1;1
261.296;-30.0;50.0;1.9806882891804904;31.99145299145299;31.99145299145299;32.0;32.0;1;1
261.407;-30.0;50.0;1.9806882891804904;31.99145299145299;31.99145299145299;32.0;32.0;1;1
261.519;-30.0;50.0;1.9806882891804904;31.99145299145299;31.99145299145299;32.0;32.0;1;1
261.629;-30.0;50.0;1.9806882891804904;31.99145299145299;31.99145299145299;32.0;32.0;1;1
261.741;-30.0;50.0;1.9806882891804904;31.99145299145299;31.99145299145299;32.0;32.0;1;1
261.857;-30.0;50.0;1.9806882891804904;31.99145299145299;31.99145299145299;32.0;32.0;1;1
261.963;-30.0;50.0;1.9806882891804904;31.99145299145299;31.99145299145299;32.0;32.0;1;1
262.077;-30.0;50.0;1.9806882891804904;31.99145299145299;31.99145299145299;32.0;32.0;1;1
262.185;-30.0;50.0;1.9806882891804904;31.99145299145299;31.99145299145299;32.0;32.0;1;1
262.298;-30.0;50.0;1.9806882891804904;31.99145299145299;31.99145299145299;32.0;32.0;1;1
262.409;-30.0;50.0;1.9806882891804904;31.99145299145299;31.99145299145299;32.0;32.0;1;1
262.513;-30.0;50.0;1.9806882891804904;31.99145299145299;31.99145299145299;32.0;32.0;1;1
262.616;-30.0;50.0;1.9806882891804904;31.99145299145299;31.99145299145299;32.0;32.0;1;1
262.729;-30.0;50.0;1.9806882891804904;31.99145299145299;31.99145299145299;32.0;32.0;1;1
262.836;-30.0;50.0;1.9806882891804904;31.99145299145299;31.99145299145299;32.0;32.0;1;1
262.949;-30.0;50.0;1.9806882891804904;31.99145299145299;31.99145299145299;32.0;32.0;1;1
263.05;-30.0;50.0;1.9806882891804904;31.99145299145299;31.99145299145299;32.0;32.0;1;1
263.155;-30.0;50.0;1.9806882891804904;31.99145299145299;31.99145299145299;32.0;32.0;1;1
263.256;-30.0;50.0;1.9806882891804904;31.99145299145299;31.99145299145299;32.0;32.0;1;1
263.357;-30.0;50.0;1.9806882891804904;31.99145299145299;31.99145299145299;32.0;32.0;1;1
263.457;-30.0;50.0;1.9806882891804904;31.99145299145299;31.99145299145299;32.0;32.0;1;1
263.558;-30.0;50.0;1.9806882891804904;31.99145299145299;31.99145299145299;32.0;32.0;1;1
263.659;-30.0;50.0;1.9806882891804904;31.99145299145299;31.99145299145299;32.0;32.0;1;1
263.76;-30.0;50.0;1.9806882891804904;31.99145299145299;31.99145299145299;32.0;32.0;1;1
263.862;-30.0;50.0;1.9806882891804904;31.99145299145299;31.99145299145299;32.0;32.0;1;1
263.963;-30.0;50.0;1.9806882891804904;31.99145299145299;31.99145299145299;32.0;32.0;1;1
264.064;-30.0;50.0;1.9806882891804904;31.99145299145299;31.99145299145299;32.0;32.0;1;1
264.177;-30.0;50.0;1.9806882891804904;31.99145299145299;31.99145299145299;32.0;32.0;1;1
264.287;-30.0;50.0;1.9806882891804904;31.99145299145299;31.99145299145299;32.0;32.0;1;1
264.399;-30.0;50.0;1.9806882891804904;31.99145299145299;31.99145299145299;32.0;32.0;1;1
264.51;-30.0;50.0;1.9806882891804904;31.99145299145299;31.99145299145299;32.0;32.0;1;1
264.611;-30.0;50.0;1.9806882891804904;31.99145299145299;31.99145299145299;32.0;32.0;1;1
264.711;-30.0;50.0;1.9806882891804904;31.99145299145299;31.99145299145299;32.0;32.0;1;1
264.829;-30.0;50.0;1.9806882891804904;31.99145299145299;31.99145299145299;32.0;32.0;1;1
264.936;-30.0;50.0;1.9806882891804904;31.99145299145299;31.99145299145299;32.0;32.0;1;1
265.048;-30.0;50.0;1.9806882891804904;31.99145299145299;31.99145299145299;32.0;32.0;1;1
265.149;-30.0;50.0;1.9806882891804904;31.99145299145299;31.99145299145299;32.0;32.0;1;1
265.258;-30.0;50.0;1.9806882891804904;31.99145299145299;31.99145299145299;32.0;32.0;1;1
265.366;-30.0;50.0;1.9806882891804904;31.99145299145299;31.99145299145299;32.0;32.0;1;1
265.484;-30.0;50.0;1.9806882891804904;31.99145299145299;31.99145299145299;32.0;32.0;1;1
265.588;-30.0;50.0;1.9806882891804904;31.99145299145299;31.99145299145299;32.0;32.0;1;1
265.704;-30.0;50.0;1.9806882891804904;31.99145299145299;31.99145299145299;32.0;32.0;1;1
265.813;-30.0;50.0;1.9806882891804904;31.99145299145299;31.99145299145299;32.0;32.0;1;1
265.925;-30.0;50.0;1.9806882891804904;31.99145299145299;31.99145299145299;32.0;32.0;1;1
266.041;-30.0;50.0;1.9806882891804904;31.99145299145299;31.99145299145299;32.0;32.0;1;1
266.148;-30.0;50.0;1.9806882891804904;31.99145299145299;31.99145299145299;32.0;32.0;1;1
266.258;-30.0;50.0;1.9806882891804904;31.99145299145299;31.99145299145299;32.0;32.0;1;1
266.369;-30.0;50.0;1.9806882891804904;31.99145299145299;31.99145299145299;32.0;32.0;1;1
266.484;-30.0;50.0;1.9806882891804904;31.99145299145299;31.99145299145299;32.0;32.0;1;1
266.592;-30.0;50.0;1.9806882891804904;31.99145299145299;31.99145299145299;32.0;32.0;1;1
266.707;-30.0;50.0;1.9806882891804904;31.99145299145299;31.99145299145299;32.0;32.0;1;1
266.808;-30.0;50.0;1.9806882891804904;31.99145299145299;31.99145299145299;32.0;32.0;1;1
266.911;-30.0;50.0;1.9806882891804904;31.99145299145299;32.05128205128205;32.0;32.0;1;1
267.025;-30.0;50.0;1.9806882891804904;31.99145299145299;32.05128205128205;32.0;32.0;1;1
267.125;-30.0;50.0;1.9806882891804904;31.99145299145299;32.05128205128205;32.0;32.0;1;1
267.229;-30.0;50.0;1.9806882891804904;31.99145299145299;32.05128205128205;32.0;32.0;1;1
267.33;-30.0;50.0;1.9806882891804904;31.99145299145299;32.05128205128205;32.0;32.0;1;1
267.43;-30.0;50.0;1.9806882891804904;31.99145299145299;32.05128205128205;32.0;32.0;1;1
267.531;-30.0;50.0;1.9806882891804904;31.99145299145299;32.05128205128205;32.0;32.0;1;1
267.631;-30.0;50.0;1.9806882891804904;31.99145299145299;32.05128205128205;32.0;32.0;1;1
267.732;-30.0;50.0;1.9806882891804904;31.99145299145299;32.05128205128205;32.0;32.0;1;1
267.832;-30.0;50.0;1.9806882891804904;31.99145299145299;31.99145299145299;32.0;32.0;1;1
267.933;-30.0;50.0;1.9806882891804904;31.99145299145299;31.99145299145299;32.0;32.0;1;1
268.034;-30.0;50.0;1.9806882891804904;31.99145299145299;31.99145299145299;32.0;32.0;1;1
268.137;-30.0;50.0;1.9806882891804904;31.99145299145299;31.99145299145299;32.0;32.0;1;1
268.238;-30.0;50.0;1.9806882891804904;31.99145299145299;31.99145299145299;32.0;32.0;1;1
268.34;-30.0;50.0;1.9806882891804904;31.99145299145299;31.99145299145299;32.0;32.0;1;1
268.454;-30.0;50.0;1.9806882891804904;31.99145299145299;31.99145299145299;32.0;32.0;1;1
268.563;-30.0;50.0;1.9806882891804904;31.99145299145299;31.99145299145299;32.0;32.0;1;1
268.675;-30.0;50.0;1.9806882891804904;31.99145299145299;31.99145299145299;32.0;32.0;1;1
268.786;-30.0;50.0;1.9806882891804904;31.99145299145299;31.99145299145299;32.0;32.0;1;1
268.889;-30.0;50.0;1.9806882891804904;31.99145299145299;31.99145299145299;32.0;32.0;1;1
268.99;-30.0;50.0;1.9806882891804904;31.99145299145299;31.99145299145299;32.0;32.0;1;1
269.104;-30.0;50.0;1.9806882891804904;31.99145299145299;31.99145299145299;32.0;32.0;1;1
269.213;-30.0;50.0;1.9806882891804904;31.99145299145299;31.99145299145299;32.0;32.0;1;1
269.329;-30.0;50.0;1.9806882891804904;31.99145299145299;31.99145299145299;32.0;32.0;1;1
269.436;-30.0;50.0;1.9806882891804904;31.99145299145299;31.99145299145299;32.0;32.0;1;1
269.553;-30.0;50.0;1.9806882891804904;31.99145299145299;31.99145299145299;32.0;32.0;1;1
269.664;-30.0;50.0;1.9806882891804904;31.99145299145299;31.99145299145299;32.0;32.0;1;1
269.773;-30.0;50.0;1.9806882891804904;31.99145299145299;31.99145299145299;32.0;32.0;1;1
269.875;-30.0;50.0;1.9806882891804904;31.99145299145299;31.99145299145299;32.0;32.0;1;1
269.981;-30.0;50.0;1.9806882891804904;31.99145299145299;31.99145299145299;32.0;32.0;1;1
270.086;-30.0;50.0;1.9806882891804904;31.99145299145299;31.99145299145299;32.0;32.0;1;1
270.188;-30.0;50.0;1.9806882891804904;31.99145299145299;31.99145299145299;32.0;32.0;1;1
270.293;-30.0;50.0;1.9806882891804904;31.99145299145299;31.99145299145299;32.0;32.0;1;1
270.393;-30.0;50.0;1.9806882891804904;31.99145299145299;31.99145299145299;32.0;32.0;1;1
270.493;-30.0;50.0;1.9806882891804904;31.99145299145299;31.99145299145299;32.0;32.0;1;1
270.594;-30.0;50.0;1.9806882891804904;31.99145299145299;31.99145299145299;32.0;32.0;1;1
270.694;-30.0;50.0;1.9806882891804904;31.99145299145299;31.99145299145299;32.0;32.0;1;1
270.795;-30.0;50.0;1.9806882891804904;31.99145299145299;31.99145299145299;32.0;32.0;1;1
270.899;-30.0;50.0;1.9806882891804904;31.99145299145299;31.99145299145299;32.0;32.0;1;1
271.0;-30.0;50.0;1.9806882891804904;31.99145299145299;31.99145299145299;32.0;32.0;1;1
271.108;-30.0;50.0;1.9806882891804904;31.99145299145299;31.99145299145299;32.0;32.0;1;1
271.209;-30.0;50.0;1.9806882891804904;31.99145299145299;31.99145299145299;32.0;32.0;1;1
271.311;-30.0;50.0;1.9806882891804904;31.99145299145299;31.99145299145299;32.0;32.0;1;1
271.424;-30.0;50.0;1.9806882891804904;31.99145299145299;31.99145299145299;32.0;32.0;1;1
271.532;-30.0;50.0;1.9806882891804904;31.99145299145299;31.99145299145299;32.0;32.0;1;1
271.633;-30.0;50.0;1.9806882891804904;31.99145299145299;31.99145299145299;32.0;32.0;1;1
271.742;-30.0;50.0;1.9806882891804904;31.99145299145299;31.99145299145299;32.0;32.0;1;1
271.858;-30.0;50.0;1.9806882891804904;31.99145299145299;31.99145299145299;32.0;32.0;1;1
271.962;-30.0;50.0;1.9806882891804904;31.99145299145299;31.99145299145299;32.0;32.0;1;1
272.078;-30.0;50.0;1.9806882891804904;31.99145299145299;31.99145299145299;32.0;32.0;1;1
272.185;-30.0;50.0;1.9806882891804904;31.99145299145299;31.99145299145299;32.0;32.0;1;1
272.301;-30.0;50.0;1.9806882891804904;31.99145299145299;31.99145299145299;32.0;32.0;1;1
272.406;-30.0;50.0;1.9806882891804904;31.99145299145299;31.99145299145299;32.0;32.0;1;1
272.519;-30.0;50.0;1.9806882891804904;31.99145299145299;31.99145299145299;32.0;32.0;1;1
272.629;-30.0;50.0;1.9806882891804904;31.99145299145299;31.99145299145299;32.0;32.0;1;1
272.73;-30.0;50.0;1.9806882891804904;31.99145299145299;31.99145299145299;32.0;32.0;1;1
272.835;-30.0;50.0;1.9806882891804904;31.99145299145299;31.99145299145299;32.0;32.0;1;1
272.936;-30.0;50.0;1.9806882891804904;31.99145299145299;31.99145299145299;32.0;32.0;1;1
273.036;-30.0;50.0;1.9806882891804904;31.99145299145299;31.99145299145299;32.0;32.0;1;1
273.137;-30.0;50.0;1.9806882891804904;31.99145299145299;31.99145299145299;32.0;32.0;1;1
273.238;-30.0;50.0;1.9806882891804904;31.99145299145299;31.99145299145299;32.0;32.0;1;1
273.341;-30.0;50.0;1.9806882891804904;31.99145299145299;31.99145299145299;32.0;32.0;1;1
273.441;-30.0;50.0;1.9806882891804904;31.99145299145299;31.99145299145299;32.0;32.0;1;1
273.542;-30.0;50.0;1.9806882891804904;31.99145299145299;31.99145299145299;32.0;32.0;1;1
273.648;-30.0;50.0;1.9806882891804904;31.99145299145299;31.99145299145299;32.0;32.0;1;1
273.748;-30.0;50.0;1.9806882891804904;31.99145299145299;31.99145299145299;32.0;32.0;1;1
273.858;-30.0;50.0;1.9806882891804904;31.99145299145299;31.99145299145299;32.0;32.0;1;1
273.959;-30.0;50.0;1.9806882891804904;31.99145299145299;31.99145299145299;32.0;32.0;1;1
274.063;-30.0;50.0;1.9806882891804904;31.99145299145299;31.99145299145299;32.0;32.0;1;1
274.176;-30.0;50.0;1.9806882891804904;31.99145299145299;31.99145299145299;32.0;32.0;1;1
274.283;-30.0;50.0;1.9806882891804904;31.99145299145299;31.99145299145299;32.0;32.0;1;1
274.395;-30.0;50.0;1.9806882891804904;31.99145299145299;31.99145299145299;32.0;32.0;1;1
274.496;-30.0;50.0;1.9806882891804904;31.99145299145299;31.99145299145299;32.0;32.0;1;1
274.601;-30.0;50.0;1.9806882891804904;31.99145299145299;31.99145299145299;32.0;32.0;1;1
274.713;-30.0;50.0;1.9806882891804904;31.99145299145299;31.99145299145299;32.0;32.0;1;1
274.826;-30.0;50.0;1.9806882891804904;31.99145299145299;31.99145299145299;32.0;32.0;1;1
274.936;-30.0;50.0;1.9806882891804904;31.99145299145299;31.99145299145299;32.0;32.0;1;1
275.05;-30.0;50.0;1.9806882891804904;31.99145299145299;31.99145299145299;32.0;32.0;1;1
275.16;-30.0;50.0;1.9806882891804904;31.99145299145299;31.99145299145299;32.0;32.0;1;1
275.263;-30.0;50.0;1.9806882891804904;31.99145299145299;31.99145299145299;32.0;32.0;1;1
275.367;-30.0;50.0;1.9806882891804904;31.99145299145299;31.99145299145299;32.0;32.0;1;1
275.483;-30.0;50.0;1.9806882891804904;31.99145299145299;31.99145299145299;32.0;32.0;1;1
275.587;-30.0;50.0;1.9806882891804904;31.99145299145299;31.99145299145299;32.0;32.0;1;1
275.69;-30.0;50.0;1.9806882891804904;31.99145299145299;31.99145299145299;32.0;32.0;1;1
275.814;-30.0;50.0;1.9806882891804904;31.99145299145299;31.99145299145299;32.0;32.0;1;1
275.924;-30.0;50.0;1.9806882891804904;31.99145299145299;31.99145299145299;32.0;32.0;1;1
276.034;-30.0;50.0;1.9806882891804904;31.99145299145299;31.99145299145299;32.0;32.0;1;1
276.134;-30.0;50.0;1.9806882891804904;31.99145299145299;31.99145299145299;32.0;32.0;1;1
276.241;-30.0;50.0;1.9806882891804904;31.99145299145299;31.99145299145299;32.0;32.0;1;1
276.353;-30.0;50.0;1.9806882891804904;31.99145299145299;31.99145299145299;32.0;32.0;1;1
276.465;-30.0;50.0;1.9806882891804904;31.99145299145299;31.99145299145299;32.0;32.0;1;1
276.575;-30.0;50.0;1.9806882891804904;31.99145299145299;31.99145299145299;32.0;32.0;1;1
276.685;-30.0;50.0;1.9806882891804904;31.99145299145299;31.99145299145299;32.0;32.0;1;1
276.803;-30.0;50.0;1.9806882891804904;31.99145299145299;31.99145299145299;32.0;32.0;1;1
276.911;-30.0;50.0;1.9806882891804904;31.99145299145299;31.99145299145299;32.0;32.0;1;1
277.012;-30.0;50.0;1.9806882891804904;31.99145299145299;31.99145299145299;32.0;32.0;1;1
277.116;-30.0;50.0;1.9806882891804904;31.99145299145299;31.99145299145299;32.0;32.0;1;1
277.228;-30.0;50.0;1.9806882891804904;31.99145299145299;31.99145299145299;32.0;32.0;1;1
277.337;-30.0;50.0;1.9806882891804904;31.99145299145299;31.99145299145299;32.0;32.0;1;1
277.452;-30.0;50.0;1.9806882891804904;31.99145299145299;31.99145299145299;32.0;32.0;1;1
277.559;-30.0;50.0;1.9806882891804904;31.99145299145299;31.99145299145299;32.0;32.0;1;1
277.674;-30.0;50.0;1.9806882891804904;31.99145299145299;31.99145299145299;32.0;32.0;1;1
277.781;-30.0;50.0;1.9806882891804904;31.99145299145299;31.99145299145299;32.0;32.0;1;1
277.883;-30.0;50.0;1.9806882891804904;31.99145299145299;31.99145299145299;32.0;32.0;1;1
277.988;-30.0;50.0;1.9806882891804904;31.99145299145299;31.99145299145299;32.0;32.0;1;1
278.1;-30.0;50.0;1.9806882891804904;31.99145299145299;31.99145299145299;32.0;32.0;1;1
278.2;-30.0;50.0;1.9806882891804904;31.99145299145299;31.99145299145299;32.0;32.0;1;1
278.305;-30.0;50.0;1.9806882891804904;31.99145299145299;31.99145299145299;32.0;32.0;1;1
278.406;-30.0;50.0;1.9806882891804904;31.99145299145299;31.99145299145299;32.0;32.0;1;1
278.506;-30.0;50.0;1.9806882891804904;31.99145299145299;31.99145299145299;32.0;32.0;1;1
278.607;-30.0;50.0;1.9806882891804904;31.99145299145299;31.99145299145299;32.0;32.0;1;1
278.707;-30.0;50.0;1.9806882891804904;31.99145299145299;31.99145299145299;32.0;32.0;1;1
278.808;-30.0;50.0;1.9806882891804904;31.99145299145299;31.99145299145299;32.0;32.0;1;1
278.908;-30.0;50.0;1.9806882891804904;31.99145299145299;31.99145299145299;32.0;32.0;1;1
279.011;-30.0;50.0;1.9806882891804904;31.99145299145299;31.99145299145299;32.0;32.0;1;1
279.112;-30.0;50.0;1.9806882891804904;31.99145299145299;31.99145299145299;32.0;32.0;1;1
279.22;-30.0;50.0;1.9806882891804904;31.99145299145299;31.99145299145299;32.0;32.0;1;1
279.328;-30.0;50.0;1.9806882891804904;31.99145299145299;31.99145299145299;32.0;32.0;1;1
279.428;-30.0;50.0;1.9806882891804904;31.99145299145299;31.99145299145299;32.0;32.0;1;1
279.529;-30.0;50.0;1.9806882891804904;31.99145299145299;31.99145299145299;32.0;32.0;1;1
279.64;-30.0;50.0;1.9806882891804904;31.99145299145299;31.99145299145299;32.0;32.0;1;1
279.746;-30.0;50.0;1.9806882891804904;31.99145299145299;31.99145299145299;32.0;32.0;1;1
279.858;-30.0;50.0;1.9806882891804904;31.99145299145299;31.99145299145299;32.0;32.0;1;1
279.958;-30.0;50.0;1.9806882891804904;31.99145299145299;31.99145299145299;32.0;32.0;1;1
280.064;-30.0;50.0;1.9806882891804904;31.99145299145299;31.99145299145299;32.0;32.0;1;1
280.174;-30.0;50.0;1.9806882891804904;31.99145299145299;31.99145299145299;32.0;32.0;1;1
280.286;-30.0;50.0;1.9806882891804904;31.99145299145299;31.99145299145299;32.0;32.0;1;1
280.399;-30.0;50.0;1.9806882891804904;31.99145299145299;31.99145299145299;32.0;32.0;1;1
280.508;-30.0;50.0;1.9806882891804904;31.99145299145299;31.99145299145299;32.0;32.0;1;1
280.617;-30.0;50.0;1.9806882891804904;31.99145299145299;31.99145299145299;32.0;32.0;1;1
280.731;-30.0;50.0;1.9806882891804904;31.99145299145299;31.99145299145299;32.0;32.0;1;1
280.84;-30.0;50.0;1.9806882891804904;31.99145299145299;31.99145299145299;32.0;32.0;1;1
280.959;-30.0;50.0;1.9806882891804904;31.99145299145299;31.99145299145299;32.0;32.0;1;1
281.065;-30.0;50.0;1.9806882891804904;31.99145299145299;31.99145299145299;32.0;32.0;1;1
281.166;-30.0;50.0;1.9806882891804904;31.99145299145299;31.99145299145299;32.0;32.0;1;1
281.271;-30.0;50.0;1.9806882891804904;31.99145299145299;31.99145299145299;32.0;32.0;1;1
281.388;-30.0;50.0;1.9806882891804904;31.99145299145299;31.99145299145299;32.0;32.0;1;1
281.495;-30.0;50.0;1.9806882891804904;31.99145299145299;31.99145299145299;32.0;32.0;1;1
281.612;-30.0;50.0;1.9806882891804904;31.99145299145299;31.99145299145299;32.0;32.0;1;1
281.714;-30.0;50.0;1.9806882891804904;31.99145299145299;31.99145299145299;32.0;32.0;1;1
281.83;-30.0;50.0;1.9806882891804904;31.99145299145299;31.99145299145299;32.0;32.0;1;1
281.935;-30.0;50.0;1.9806882891804904;31.99145299145299;31.99145299145299;32.0;32.0;1;1
282.048;-30.0;50.0;1.9806882891804904;31.99145299145299;31.99145299145299;32.0;32.0;1;1
282.157;-30.0;50.0;1.9806882891804904;31.99145299145299;31.99145299145299;32.0;32.0;1;1
282.268;-30.0;50.0;1.9806882891804904;31.99145299145299;31.99145299145299;32.0;32.0;1;1
282.37;-30.0;50.0;1.9806882891804904;31.99145299145299;31.99145299145299;32.0;32.0;1;1
282.481;-30.0;50.0;1.9806882891804904;31.99145299145299;31.99145299145299;32.0;32.0;1;1
282.585;-30.0;50.0;1.9806882891804904;31.99145299145299;31.99145299145299;32.0;32.0;1;1
282.686;-30.0;50.0;1.9806882891804904;31.99145299145299;31.99145299145299;32.0;32.0;1;1
282.795;-30.0;50.0;1.9806882891804904;31.99145299145299;31.99145299145299;32.0;32.0;1;1
282.908;-30.0;50.0;1.9806882891804904;31.99145299145299;31.99145299145299;32.0;32.0;1;1
283.03;-30.0;50.0;1.9806882891804904;31.99145299145299;31.99145299145299;32.0;32.0;1;1
283.143;-30.0;50.0;1.9806882891804904;31.99145299145299;31.99145299145299;32.0;32.0;1;1
283.248;-30.0;50.0;1.9806882891804904;31.99145299145299;31.99145299145299;32.0;32.0;1;1
283.35;-30.0;50.0;1.9806882891804904;31.99145299145299;31.99145299145299;32.0;32.0;1;1
283.451;-30.0;50.0;1.9806882891804904;31.99145299145299;31.99145299145299;32.0;32.0;1;1
283.552;-30.0;50.0;1.9806882891804904;31.99145299145299;31.99145299145299;32.0;32.0;1;1
283.658;-30.0;50.0;1.9806882891804904;31.99145299145299;31.99145299145299;32.0;32.0;1;1
283.758;-30.0;50.0;1.9806882891804904;31.99145299145299;31.99145299145299;32.0;32.0;1;1
283.859;-30.0;50.0;1.9806882891804904;31.99145299145299;31.99145299145299;32.0;32.0;1;1
283.959;-30.0;50.0;1.9806882891804904;31.99145299145299;31.99145299145299;32.0;32.0;1;1
284.06;-30.0;50.0;1.9806882891804904;31.99145299145299;31.99145299145299;32.0;32.0;1;1
284.16;-30.0;50.0;1.9806882891804904;31.99145299145299;31.99145299145299;32.0;32.0;1;1
284.261;-30.0;50.0;1.9806882891804904;31.99145299145299;31.99145299145299;32.0;32.0;1;1
284.362;-30.0;50.0;1.9806882891804904;31.99145299145299;31.99145299145299;32.0;32.0;1;1
284.464;-30.0;50.0;1.9806882891804904;31.99145299145299;31.99145299145299;32.0;32.0;1;1
284.567;-30.0;50.0;1.9806882891804904;31.99145299145299;31.99145299145299;32.0;32.0;1;1
284.667;-30.0;50.0;1.9806882891804904;31.99145299145299;31.99145299145299;32.0;32.0;1;1
284.771;-30.0;50.0;1.9806882891804904;31.99145299145299;31.99145299145299;32.0;32.0;1;1
284.883;-30.0;50.0;1.9806882891804904;31.99145299145299;31.99145299145299;32.0;32.0;1;1
284.983;-30.0;50.0;1.9806882891804904;31.99145299145299;31.99145299145299;32.0;32.0;1;1
285.091;-30.0;50.0;1.9806882891804904;31.99145299145299;31.99145299145299;32.0;32.0;1;1
285.192;-30.0;50.0;1.9806882891804904;31.99145299145299;31.99145299145299;32.0;32.0;1;1
285.315;-30.0;50.0;1.9806882891804904;31.99145299145299;31.99145299145299;32.0;32.0;1;1
285.423;-30.0;50.0;1.9806882891804904;31.99145299145299;31.99145299145299;32.0;32.0;1;1
285.524;-30.0;50.0;1.9806882891804904;31.99145299145299;31.99145299145299;32.0;32.0;1;1
285.629;-30.0;50.0;1.9806882891804904;31.99145299145299;31.99145299145299;32.0;32.0;1;1
285.73;-30.0;50.0;1.9806882891804904;31.99145299145299;31.99145299145299;32.0;32.0;1;1
285.83;-30.0;50.0;1.9806882891804904;31.99145299145299;31.99145299145299;32.0;32.0;1;1
285.931;-30.0;50.0;1.9806882891804904;31.99145299145299;31.99145299145299;32.0;32.0;1;1
286.031;-30.0;50.0;1.9806882891804904;31.99145299145299;31.99145299145299;32.0;32.0;1;1
286.132;-30.0;50.0;1.9806882891804904;31.99145299145299;31.99145299145299;32.0;32.0;1;1
286.235;-30.0;50.0;1.9806882891804904;31.99145299145299;31.99145299145299;32.0;32.0;1;1
286.336;-30.0;50.0;1.9806882891804904;31.99145299145299;31.99145299145299;32.0;32.0;1;1
286.438;-30.0;50.0;1.9806882891804904;31.99145299145299;31.99145299145299;32.0;32.0;1;1
286.542;-30.0;50.0;1.9806882891804904;31.99145299145299;31.99145299145299;32.0;32.0;1;1
286.651;-30.0;50.0;1.9806882891804904;31.99145299145299;31.99145299145299;32.0;32.0;1;1
286.761;-30.0;50.0;1.9806882891804904;31.99145299145299;31.99145299145299;32.0;32.0;1;1
286.861;-30.0;50.0;1.9806882891804904;31.99145299145299;31.99145299145299;32.0;32.0;1;1
286.964;-30.0;50.0;1.9806882891804904;31.99145299145299;31.99145299145299;32.0;32.0;1;1
287.079;-30.0;50.0;1.9806882891804904;31.99145299145299;31.99145299145299;32.0;32.0;1;1
287.185;-30.0;50.0;1.9806882891804904;31.99145299145299;31.99145299145299;32.0;32.0;1;1
287.298;-30.0;50.0;1.9806882891804904;31.99145299145299;31.99145299145299;32.0;32.0;1;1
287.409;-30.0;50.0;1.9806882891804904;31.99145299145299;31.99145299145299;32.0;32.0;1;1
287.52;-30.0;50.0;1.9806882891804904;31.99145299145299;31.99145299145299;32.0;32.0;1;1
287.631;-30.0;50.0;1.9806882891804904;31.99145299145299;31.99145299145299;32.0;32.0;1;1
287.731;-30.0;50.0;1.9806882891804904;31.99145299145299;31.99145299145299;32.0;32.0;1;1
287.839;-30.0;50.0;1.9806882891804904;31.99145299145299;31.99145299145299;32.0;32.0;1;1
287.966;-30.0;50.0;1.9806882891804904;31.99145299145299;31.99145299145299;32.0;32.0;1;1
288.077;-30.0;50.0;1.9806882891804904;31.99145299145299;31.99145299145299;32.0;32.0;1;1
288.187;-30.0;50.0;1.9806882891804904;31.99145299145299;31.99145299145299;32.0;32.0;1;1
288.3;-30.0;50.0;1.9806882891804904;31.99145299145299;31.99145299145299;32.0;32.0;1;1
288.413;-30.0;50.0;1.9806882891804904;31.99145299145299;31.99145299145299;32.0;32.0;1;1
288.52;-30.0;50.0;1.9806882891804904;31.99145299145299;31.99145299145299;32.0;32.0;1;1
288.631;-30.0;50.0;1.9806882891804904;31.99145299145299;31.99145299145299;32.0;32.0;1;1
288.742;-30.0;50.0;1.9806882891804904;31.99145299145299;31.99145299145299;32.0;32.0;1;1
288.854;-30.0;50.0;1.9806882891804904;31.99145299145299;31.99145299145299;32.0;32.0;1;1
288.964;-30.0;50.0;1.9806882891804904;31.99145299145299;31.99145299145299;32.0;32.0;1;1
289.075;-30.0;50.0;1.9806882891804904;31.99145299145299;31.99145299145299;32.0;32.0;1;1
289.183;-30.0;50.0;1.9806882891804904;31.99145299145299;31.99145299145299;32.0;32.0;1;1
289.299;-30.0;50.0;1.9806882891804904;31.99145299145299;31.99145299145299;32.0;32.0;1;1
289.408;-30.0;50.0;1.9806882891804904;31.99145299145299;31.99145299145299;32.0;32.0;1;1
289.519;-30.0;50.0;1.9806882891804904;31.99145299145299;31.99145299145299;32.0;32.0;1;1
289.622;-30.0;50.0;1.9806882891804904;31.99145299145299;31.99145299145299;32.0;32.0;1;1
289.726;-30.0;50.0;1.9806882891804904;31.99145299145299;31.99145299145299;32.0;32.0;1;1
289.839;-30.0;50.0;1.9806882891804904;31.99145299145299;31.99145299145299;32.0;32.0;1;1
289.948;-30.0;50.0;1.9806882891804904;31.99145299145299;31.99145299145299;32.0;32.0;1;1
290.059;-30.0;50.0;1.9806882891804904;31.99145299145299;31.99145299145299;32.0;32.0;1;1
290.172;-30.0;50.0;1.9806882891804904;31.99145299145299;31.99145299145299;32.0;32.0;1;1
290.285;-30.0;50.0;1.9806882891804904;31.99145299145299;31.99145299145299;32.0;32.0;1;1
290.397;-30.0;50.0;1.9806882891804904;31.99145299145299;31.99145299145299;32.0;32.0;1;1
290.508;-30.0;50.0;1.9806882891804904;31.99145299145299;31.99145299145299;32.0;32.0;1;1
290.619;-30.0;50.0;1.9806882891804904;31.99145299145299;31.99145299145299;32.0;32.0;1;1
290.731;-30.0;50.0;1.9806882891804904;31.99145299145299;31.99145299145299;32.0;32.0;1;1
290.836;-30.0;50.0;1.9806882891804904;31.99145299145299;31.99145299145299;32.0;32.0;1;1
290.95;-30.0;50.0;1.9806882891804904;31.99145299145299;31.99145299145299;32.0;32.0;1;1
291.07;-30.0;50.0;1.9806882891804904;31.99145299145299;31.99145299145299;32.0;32.0;1;1
291.176;-30.0;50.0;1.9806882891804904;31.99145299145299;31.99145299145299;32.0;32.0;1;1
291.285;-30.0;50.0;1.9806882891804904;31.99145299145299;31.99145299145299;32.0;32.0;1;1
291.386;-30.0;50.0;1.9806882891804904;31.99145299145299;31.99145299145299;32.0;32.0;1;1
291.491;-30.0;50.0;1.9806882891804904;31.99145299145299;31.99145299145299;32.0;32.0;1;1
291.591;-30.0;50.0;1.9806882891804904;31.99145299145299;31.99145299145299;32.0;32.0;1;1
291.702;-30.0;50.0;1.9806882891804904;31.99145299145299;31.99145299145299;32.0;32.0;1;1
291.803;-30.0;50.0;1.9806882891804904;31.99145299145299;31.99145299145299;32.0;32.0;1;1
291.903;-30.0;50.0;1.9806882891804904;31.99145299145299;31.99145299145299;32.0;32.0;1;1
292.003;-30.0;50.0;1.9806882891804904;31.99145299145299;31.99145299145299;32.0;32.0;1;1
292.106;-30.0;50.0;1.9806882891804904;31.99145299145299;31.99145299145299;32.0;32.0;1;1
292.207;-30.0;50.0;1.9806882891804904;31.99145299145299;31.99145299145299;32.0;32.0;1;1
292.309;-30.0;50.0;1.9806882891804904;31.99145299145299;31.99145299145299;32.0;32.0;1;1
292.412;-30.0;50.0;1.9806882891804904;31.99145299145299;31.99145299145299;32.0;32.0;1;1
292.514;-30.0;50.0;1.9806882891804904;31.99145299145299;31.99145299145299;32.0;32.0;1;1
292.614;-30.0;50.0;1.9806882891804904;31.99145299145299;31.99145299145299;32.0;32.0;1;1
292.717;-30.0;50.0;1.9806882891804904;31.99145299145299;31.99145299145299;32.0;32.0;1;1
292.828;-30.0;50.0;1.9806882891804904;31.99145299145299;31.99145299145299;32.0;32.0;1;1
292.943;-30.0;50.0;1.9806882891804904;31.99145299145299;31.99145299145299;32.0;32.0;1;1
293.049;-30.0;50.0;1.9806882891804904;31.99145299145299;31.99145299145299;32.0;32.0;1;1
293.15;-30.0;50.0;1.9806882891804904;31.99145299145299;31.99145299145299;32.0;32.0;1;1
293.256;-30.0;50.0;1.9806882891804904;31.99145299145299;31.99145299145299;32.0;32.0;1;1
293.369;-30.0;50.0;1.9806882891804904;31.99145299145299;31.99145299145299;32.0;32.0;1;1
293.484;-30.0;50.0;1.9806882891804904;31.99145299145299;31.99145299145299;32.0;32.0;1;1
293.59;-30.0;50.0;1.9806882891804904;31.99145299145299;31.99145299145299;32.0;32.0;1;1
293.704;-30.0;50.0;1.9806882891804904;31.99145299145299;31.99145299145299;32.0;32.0;1;1
293.805;-30.0;50.0;1.9806882891804904;31.99145299145299;31.99145299145299;32.0;32.0;1;1
293.911;-30.0;50.0;1.9806882891804904;31.99145299145299;31.99145299145299;32.0;32.0;1;1
294.024;-30.0;50.0;1.9806882891804904;31.99145299145299;31.99145299145299;32.0;32.0;1;1
294.136;-30.0;50.0;1.9806882891804904;31.99145299145299;31.99145299145299;32.0;32.0;1;1
294.242;-30.0;50.0;1.9806882891804904;31.99145299145299;31.99145299145299;32.0;32.0;1;1
294.357;-30.0;50.0;1.9806882891804904;31.99145299145299;31.99145299145299;32.0;32.0;1;1
294.465;-30.0;50.0;1.9806882891804904;31.99145299145299;31.99145299145299;32.0;32.0;1;1
294.578;-30.0;50.0;1.9806882891804904;31.99145299145299;31.99145299145299;32.0;32.0;1;1
294.687;-30.0;50.0;1.9806882891804904;31.99145299145299;31.99145299145299;32.0;32.0;1;1
294.788;-30.0;50.0;1.9806882891804904;31.99145299145299;31.99145299145299;32.0;32.0;1;1
294.894;-30.0;50.0;1.9806882891804904;31.99145299145299;31.99145299145299;32.0;32.0;1;1
295.009;-30.0;50.0;1.9806882891804904;31.99145299145299;31.99145299145299;32.0;32.0;1;1
295.121;-30.0;50.0;1.9806882891804904;31.99145299145299;31.99145299145299;32.0;32.0;1;1
295.23;-30.0;50.0;1.9806882891804904;31.99145299145299;31.99145299145299;32.0;32.0;1;1
295.34;-30.0;50.0;1.9806882891804904;31.99145299145299;31.99145299145299;32.0;32.0;1;1
295.454;-30.0;50.0;1.9806882891804904;31.99145299145299;31.99145299145299;32.0;32.0;1;1
295.56;-30.0;50.0;1.9806882891804904;31.99145299145299;31.99145299145299;32.0;32.0;1;1
295.676;-30.0;50.0;1.9806882891804904;31.99145299145299;31.99145299145299;32.0;32.0;1;1
295.787;-30.0;50.0;1.9806882891804904;31.99145299145299;31.99145299145299;32.0;32.0;1;1
295.896;-30.0;50.0;1.9806882891804904;31.99145299145299;31.99145299145299;32.0;32.0;1;1
296.006;-30.0;50.0;1.9806882891804904;31.99145299145299;31.99145299145299;32.0;32.0;1;1
296.119;-30.0;50.0;1.9806882891804904;31.99145299145299;31.99145299145299;32.0;32.0;1;1
296.232;-30.0;50.0;1.9806882891804904;31.99145299145299;31.99145299145299;32.0;32.0;1;1
296.339;-30.0;50.0;1.9806882891804904;31.99145299145299;31.99145299145299;32.0;32.0;1;1
296.454;-30.0;50.0;1.9806882891804904;31.99145299145299;31.99145299145299;32.0;32.0;1;1
296.566;-30.0;50.0;1.9806882891804904;31.99145299145299;31.99145299145299;32.0;32.0;1;1
296.68;-30.0;50.0;1.9806882891804904;31.99145299145299;31.99145299145299;32.0;32.0;1;1
296.788;-30.0;50.0;1.9806882891804904;31.99145299145299;31.99145299145299;32.0;32.0;1;1
296.9;-30.0;50.0;1.9806882891804904;31.99145299145299;31.99145299145299;32.0;32.0;1;1
297.014;-30.0;50.0;1.9806882891804904;31.99145299145299;31.99145299145299;32.0;32.0;1;1
297.121;-30.0;50.0;1.9806882891804904;31.99145299145299;31.99145299145299;32.0;32.0;1;1
297.233;-30.0;50.0;1.9806882891804904;31.99145299145299;31.99145299145299;32.0;32.0;1;1
297.344;-29.85125;50.0;1.9806882891804904;31.99145299145299;31.99145299145299;32.0;32.0;1;1
297.446;-29.3425;50.0;1.9806882891804904;31.99145299145299;31.99145299145299;32.0;32.0;1;1
297.571;-28.8325;50.0;1.9806882891804904;31.99145299145299;31.99145299145299;32.0;32.0;1;1
297.679;-28.07125;50.0;1.9806882891804904;31.99145299145299;31.99145299145299;32.0;32.0;1;1
297.794;-27.56125;50.0;1.9806882891804904;31.99145299145299;31.99145299145299;32.0;32.0;1;1
297.902;-27.045;50.0;1.9806882891804904;31.99145299145299;31.99145299145299;32.0;32.0;1;1
298.02;-26.535;50.0;1.9806882891804904;31.99145299145299;31.99145299145299;32.0;32.0;1;1
298.122;-26.01875;50.0;1.9806882891804904;31.99145299145299;31.99145299145299;32.0;32.0;1;1
298.236;-25.24875;50.0;1.9806882891804904;31.99145299145299;31.99145299145299;32.0;32.0;1;1
298.339;-24.7325;50.0;1.9806882891804904;31.99145299145299;31.99145299145299;32.0;32.0;1;1
298.457;-24.21875;50.0;1.9806882891804904;31.99145299145299;31.99145299145299;32.0;32.0;1;1
298.564;-23.70875;50.0;1.9806882891804904;31.99145299145299;31.99145299145299;32.0;32.0;1;1
298.665;-23.19375;50.0;1.9806882891804904;31.99145299145299;31.99145299145299;32.0;32.0;1;1
298.771;-22.68;50.0;1.9806882891804904;31.99145299145299;31.99145299145299;32.0;32.0;1;1
298.883;-21.9125;50.0;1.9806882891804904;31.99145299145299;31.99145299145299;32.0;32.0;1;1
298.993;-21.3975;50.0;1.9806882891804904;31.99145299145299;31.99145299145299;32.0;32.0;1;1
299.109;-20.8825;50.0;1.9806882891804904;31.99145299145299;31.99145299145299;32.0;32.0;1;1
299.215;-20.3725;50.0;1.9806882891804904;31.99145299145299;31.99145299145299;32.0;32.0;1;1
299.318;-19.85625;50.0;1.9806882891804904;31.99145299145299;31.99145299145299;32.0;32.0;1;1
299.421;-19.0875;50.0;1.9806882891804904;31.99145299145299;31.99145299145299;32.0;32.0;1;1
299.521;-18.57375;50.0;1.9806882891804904;31.99145299145299;31.99145299145299;32.0;32.0;1;1
299.643;-18.06;50.0;1.9806882891804904;31.99145299145299;31.99145299145299;32.0;32.0;1;1
299.755;-17.5525;50.0;1.9806882891804904;31.99145299145299;31.99145299145299;32.0;32.0;1;1
299.866;-17.03875;50.0;1.9806882891804904;31.99145299145299;31.99145299145299;32.0;32.0;1;1
299.967;-16.525;50.0;1.9806882891804904;31.99145299145299;31.99145299145299;32.0;32.0;1;1
300.088;-15.76;50.0;1.9806882891804904;31.99145299145299;31.99145299145299;32.0;32.0;1;1
300.204;-15.24625;50.0;1.9806882891804904;31.99145299145299;31.99145299145299;32.0;32.0;1;1
300.312;-14.73875;50.0;1.9806882891804904;31.99145299145299;31.99145299145299;32.0;32.0;1;1
300.425;-14.225;50.0;1.9806882891804904;31.99145299145299;31.99145299145299;32.0;32.0;1;1
300.531;-13.71125;50.0;1.9806882891804904;31.99145299145299;31.99145299145299;32.0;32.0;1;1
300.651;-12.94625;50.0;1.9806882891804904;31.99145299145299;31.99145299145299;32.0;32.0;1;1
300.755;-12.43125;50.0;1.9806882891804904;31.99145299145299;31.99145299145299;32.0;32.0;1;1
300.867;-11.9175;50.0;1.9806882891804904;31.99145299145299;31.99145299145299;32.0;32.0;1;1
300.974;-11.40375;50.0;1.9806882891804904;31.99145299145299;31.99145299145299;32.0;32.0;1;1
301.074;-10.89;50.0;1.9806882891804904;31.99145299145299;31.99145299145299;32.0;32.0;1;1
301.199;-10.12375;50.0;1.9806882891804904;31.99145299145299;31.99145299145299;32.0;32.0;1;1
301.304;-9.61125;50.0;1.9806882891804904;31.99145299145299;31.99145299145299;32.0;32.0;1;1
301.405;-9.09375;50.0;1.9806882891804904;31.99145299145299;31.99145299145299;32.0;32.0;1;1
301.528;-8.58;50.0;1.9806882891804904;31.99145299145299;31.99145299145299;32.0;32.0;1;1
301.644;-8.06125;50.0;1.9806882891804904;31.99145299145299;31.99145299145299;32.0;32.0;1;1
301.748;-7.28875;50.0;1.9806882891804904;31.99145299145299;31.99145299145299;32.0;32.0;1;1
301.866;-6.77;50.0;1.9806882891804904;31.99145299145299;31.99145299145299;32.0;32.0;1;1
301.978;-6.25125;50.0;1.9806882891804904;31.99145299145299;31.99145299145299;32.0;32.0;1;1
302.085;-5.47875;50.0;1.9806882891804904;31.99145299145299;31.99145299145299;32.0;32.0;1;1
302.187;-4.95875;50.0;1.9806882891804904;31.99145299145299;31.99145299145299;32.0;32.0;1;1
302.296;-4.7;50.0;1.9806882891804904;31.99145299145299;31.99145299145299;32.0;32.0;1;1
302.402;-3.92625;50.0;1.9806882891804904;31.99145299145299;31.99145299145299;32.0;32.0;1;1
302.503;-3.40625;50.0;1.9806882891804904;31.99145299145299;31.99145299145299;32.0;32.0;1;1
302.606;-2.89375;50.0;1.9806882891804904;31.99145299145299;31.99145299145299;32.0;32.0;1;1
302.707;-2.3775;50.0;1.9806882891804904;31.99145299145299;31.99145299145299;32.0;32.0;1;1
302.807;-1.8675;50.0;1.9806882891804904;31.99145299145299;31.99145299145299;32.0;32.0;1;1
302.908;-1.3625;50.0;1.9806882891804904;31.99145299145299;31.99145299145299;32.0;32.0;1;1
303.008;-0.85375;50.0;1.9806882891804904;31.99145299145299;31.99145299145299;32.0;32.0;1;1
303.112;-0.3425;50.0;1.9806882891804904;31.99145299145299;31.99145299145299;32.0;32.0;1;1
303.217;0.0;50.0;1.9806882891804904;31.99145299145299;31.99145299145299;32.0;32.0;1;1
303.318;0.0;49.52;1.9806882891804904;31.99145299145299;31.99145299145299;32.0;32.0;1;1
303.421;0.0;49.26375;1.9806882891804904;31.99145299145299;31.99145299145299;32.0;32.0;1;1
303.522;0.0;48.75875;1.9806882891804904;31.99145299145299;31.99145299145299;32.0;32.0;1;1
303.625;0.0;48.24625;1.9806882891804904;31.99145299145299;31.99145299145299;32.0;32.0;1;1
303.733;0.0;47.735;1.9806882891804904;31.99145299145299;31.99145299145299;32.0;32.0;1;1
303.843;0.0;47.22;1.9806882891804904;31.99145299145299;31.99145299145299;32.0;32.0;1;1
303.957;0.0;46.445;1.9806882891804904;31.99145299145299;31.99145299145299;32.0;32.0;1;1
304.067;0.0;45.9325;1.9806882891804904;31.99145299145299;31.99145299145299;32.0;32.0;1;1
304.167;0.0;45.415;1.9806882891804904;31.99145299145299;31.99145299145299;32.0;32.0;1;1
304.275;0.0;44.8975;1.9806882891804904;31.99145299145299;31.99145299145299;32.0;32.0;1;1
304.385;0.0;44.3875;1.9806882891804904;31.99145299145299;31.99145299145299;32.0;32.0;1;1
304.492;0.0;43.8725;1.9806882891804904;31.99145299145299;31.99145299145299;32.0;32.0;1;1
304.605;0.0;43.09875;1.9806882891804904;31.99145299145299;31.99145299145299;32.0;32.0;1;1
304.716;0.0;42.58875;1.9806882891804904;31.99145299145299;31.99145299145299;32.0;32.0;1;1
304.83;0.0;42.0725;1.9806882891804904;31.99145299145299;31.99145299145299;32.0;32.0;1;1
304.939;0.0;41.55625;1.9806882891804904;31.99145299145299;31.99145299145299;32.0;32.0;1;1
305.049;0.0;41.045;1.9806882891804904;31.99145299145299;31.99145299145299;32.0;32.0;1;1
305.156;0.0;40.27125;1.9806882891804904;31.99145299145299;31.99145299145299;32.0;32.0;1;1
305.257;0.0;40.0125;1.9806882891804904;31.99145299145299;31.99145299145299;32.0;32.0;1;1
305.363;0.0;39.24125;1.9806882891804904;31.99145299145299;31.99145299145299;32.0;32.0;1;1
305.463;0.0;38.7275;1.9806882891804904;31.99145299145299;31.99145299145299;32.0;32.0;1;1
305.57;0.0;38.21875;1.9806882891804904;31.99145299145299;31.99145299145299;32.0;32.0;1;1
305.67;0.0;37.70375;1.9806882891804904;31.99145299145299;31.99145299145299;32.0;32.0;1;1
305.771;0.0;37.19;1.9806882891804904;31.99145299145299;31.99145299145299;32.0;32.0;1;1
305.871;0.0;36.68;1.9806882891804904;31.99145299145299;31.99145299145299;32.0;32.0;1;1
305.972;0.0;36.16625;1.9806882891804904;31.99145299145299;31.99145299145299;32.0;32.0;1;1
306.073;0.0;35.65125;1.9806882891804904;31.99145299145299;31.99145299145299;32.0;32.0;1;1
306.178;0.0;35.1425;1.9806882891804904;31.99145299145299;31.99145299145299;32.0;32.0;1;1
306.282;0.0;34.6275;1.9806882891804904;31.99145299145299;31.99145299145299;32.0;32.0;1;1
306.384;0.0;34.1125;1.9806882891804904;31.99145299145299;31.99145299145299;32.0;32.0;1;1
306.489;0.0;33.34625;1.9806882891804904;31.99145299145299;31.99145299145299;32.0;32.0;1;1
306.59;0.0;32.8325;1.9806882891804904;31.99145299145299;31.99145299145299;32.0;32.0;1;1
306.701;0.0;32.3225;1.9806882891804904;31.99145299145299;31.99145299145299;32.0;32.0;1;1
306.803;0.0;31.8075;1.9806882891804904;31.99145299145299;31.99145299145299;32.0;32.0;1;1
306.904;0.0;31.2925;1.9806882891804904;31.99145299145299;31.99145299145299;32.0;32.0;1;1
307.017;0.0;30.7825;1.9806882891804904;31.99145299145299;31.99145299145299;32.0;32.0;1;1
307.12;0.0;30.2675;1.9806882891804904;31.99145299145299;31.99145299145299;32.0;32.0;1;1
307.224;0.0;29.75375;1.9806882891804904;31.99145299145299;31.99145299145299;32.0;32.0;1;1
307.332;0.0;29.2425;1.9806882891804904;31.99145299145299;31.99145299145299;32.0;32.0;1;1
307.442;0.0;28.7225;1.9806882891804904;31.99145299145299;31.99145299145299;32.0;32.0;1;1
307.556;0.0;28.2025;1.9806882891804904;31.99145299145299;31.99145299145299;32.0;32.0;1;1
307.663;0.0;27.42875;1.9806882891804904;31.99145299145299;31.99145299145299;32.0;32.0;1;1
307.774;0.0;26.90875;1.9806882891804904;31.99145299145299;31.99145299145299;32.0;32.0;1;1
307.889;0.0;26.395;1.9806882891804904;31.99145299145299;31.99145299145299;32.0;32.0;1;1
307.998;0.0;25.875;1.9806882891804904;31.99145299145299;31.99145299145299;32.0;32.0;1;1
308.113;0.0;25.355;1.9806882891804904;31.99145299145299;31.99145299145299;32.0;32.0;1;1
308.217;0.0;24.575;1.9806882891804904;31.99145299145299;31.99145299145299;32.0;32.0;1;1
308.336;0.0;24.055;1.9806882891804904;31.99145299145299;31.99145299145299;32.0;32.0;1;1
308.447;0.0;23.54;1.9806882891804904;31.99145299145299;31.99145299145299;32.0;32.0;1;1
308.548;0.0;22.76;1.9806882891804904;31.99145299145299;31.99145299145299;32.0;32.0;1;1
308.65;0.0;22.5;1.9806882891804904;31.99145299145299;31.99145299145299;32.0;32.0;1;1
308.762;0.0;21.98625;1.9806882891804904;31.99145299145299;31.99145299145299;32.0;32.0;1;1
308.872;0.0;21.20625;1.9806882891804904;31.99145299145299;31.99145299145299;32.0;32.0;1;1
308.985;0.0;20.68625;1.9806882891804904;31.99145299145299;31.99145299145299;32.0;32.0;1;1
309.09;0.0;20.17125;1.9806882891804904;31.99145299145299;31.99145299145299;32.0;32.0;1;1
309.203;0.0;19.65125;1.9806882891804904;31.99145299145299;31.99145299145299;32.0;32.0;1;1
309.315;0.0;19.13125;1.9806882891804904;31.99145299145299;31.99145299145299;32.0;32.0;1;1
309.424;0.0;18.35625;1.9806882891804904;31.99145299145299;31.99145299145299;32.0;32.0;1;1
309.534;0.0;17.83625;1.9806882891804904;31.99145299145299;31.99145299145299;32.0;32.0;1;1
309.646;0.0;17.31625;1.9806882891804904;31.99145299145299;31.99145299145299;32.0;32.0;1;1
309.757;0.0;16.79625;1.9806882891804904;31.99145299145299;31.99145299145299;32.0;32.0;1;1
309.869;0.0;16.02125;1.9806882891804904;31.99145299145299;31.99145299145299;32.0;32.0;1;1
309.984;0.0;15.50125;1.9806882891804904;31.99145299145299;31.99145299145299;32.0;32.0;1;1
310.088;0.0;14.98125;1.9806882891804904;31.99145299145299;31.99145299145299;32.0;32.0;1;1
310.201;0.0;14.465;1.9806882891804904;31.99145299145299;31.99145299145299;32.0;32.0;1;1
310.309;0.0;13.945;1.9806882891804904;31.99145299145299;31.99145299145299;32.0;32.0;1;1
310.426;0.0;13.425;1.9806882891804904;31.99145299145299;31.99145299145299;32.0;32.0;1;1
310.534;0.0;12.65;1.9806882891804904;31.99145299145299;31.99145299145299;32.0;32.0;1;1
310.648;0.0;12.12875;1.9806882891804904;31.99145299145299;31.99145299145299;32.0;32.0;1;1
310.758;0.0;11.60875;1.9806882891804904;31.99145299145299;31.99145299145299;32.0;32.0;1;1
310.865;0.0;11.09375;1.9806882891804904;31.99145299145299;31.99145299145299;32.0;32.0;1;1
310.975;0.0;10.3125;1.9806882891804904;31.99145299145299;31.99145299145299;32.0;32.0;1;1
311.091;0.0;9.795;1.9806882891804904;31.99145299145299;31.99145299145299;32.0;32.0;1;1
311.203;0.0;9.26875;1.9806882891804904;31.99145299145299;31.99145299145299;32.0;32.0;1;1
311.314;0.0;8.74375;1.9806882891804904;31.99145299145299;31.99145299145299;32.0;32.0;1;1
311.424;0.0;8.22375;1.9806882891804904;31.99145299145299;31.99145299145299;32.0;32.0;1;1
311.532;0.0;7.43625;1.9806882891804904;31.99145299145299;31.99145299145299;32.0;32.0;1;1
311.644;0.0;6.9175;1.9806882891804904;31.99145299145299;31.99145299145299;32.0;32.0;1;1
311.744;0.0;6.3925;1.9806882891804904;31.99145299145299;31.99145299145299;32.0;32.0;1;1
311.853;0.0;5.8675;1.9806882891804904;31.99145299145299;31.99145299145299;32.0;32.0;1;1
311.962;0.0;5.34875;1.9806882891804904;31.99145299145299;31.99145299145299;32.0;32.0;1;1
312.076;0.0;4.82375;1.9806882891804904;31.99145299145299;31.99145299145299;32.0;32.0;1;1
312.183;0.0;4.035;1.9806882891804904;31.99145299145299;31.99145299145299;32.0;32.0;1;1
312.3;0.0;3.51625;1.9806882891804904;31.99145299145299;31.99145299145299;32.0;32.0;1;1
312.407;0.0;2.99125;1.9806882891804904;31.99145299145299;31.99145299145299;32.0;32.0;1;1
312.516;0.0;2.4675;1.9806882891804904;31.99145299145299;31.99145299145299;32.0;32.0;1;1
312.622;0.0;1.95625;1.9806882891804904;31.99145299145299;31.99145299145299;32.0;32.0;1;1
312.739;0.0;1.19125;1.9806882891804904;31.99145299145299;31.99145299145299;32.0;32.0;1;1
312.847;0.0;0.68625;1.9806882891804904;31.99145299145299;31.99145299145299;32.0;32.0;1;1
312.949;0.0;0.01125;1.9806882891804904;31.99145299145299;31.99145299145299;32.0;32.0;1;1
313.054;0.0;0.0;1.9806882891804904;31.99145299145299;31.99145299145299;32.0;32.0;1;1
313.155;0.0;0.0;1.8568952711067097;31.99145299145299;31.99145299145299;32.0;32.0;1;1
313.258;0.0;0.0;1.6712057439960388;31.99145299145299;31.99145299145299;32.0;32.0;1;1
313.358;0.0;0.0;1.4236197078484774;31.99145299145299;31.99145299145299;32.0;32.0;1;1
313.459;0.0;0.0;1.176033671700916;31.99145299145299;31.99145299145299;32.0;32.0;1;1
313.559;0.0;0.0;0.9903441445902452;31.99145299145299;31.99145299145299;32.0;32.0;1;1
313.66;0.0;0.0;0.8046546174795742;31.99145299145299;31.99145299145299;32.0;32.0;1;1
313.763;0.0;0.0;0.6189650903689032;31.99145299145299;31.99145299145299;32.0;32.0;1;1
313.865;0.0;0.0;0.37137905422134193;31.99145299145299;31.99145299145299;32.0;32.0;1;1
313.974;0.0;0.0;0.18568952711067097;31.99145299145299;31.99145299145299;32.0;32.0;1;1
314.077;0.0;0.0;0.12379301807378065;31.99145299145299;31.99145299145299;32.0;32.0;1;1
314.178;0.0;0.0;0.0;31.99145299145299;31.99145299145299;32.0;32.0;1;1
314.278;0.0;0.0;0.0;31.99145299145299;31.99145299145299;32.0;32.0;1;1
314.392;0.0;0.0;0.0;31.99145299145299;31.99145299145299;32.0;32.0;1;1
314.497;0.0;0.0;0.0;31.99145299145299;31.99145299145299;32.0;32.0;1;1
314.6;0.0;0.0;0.0;31.99145299145299;31.99145299145299;32.0;32.0;1;1
314.703;0.0;0.0;0.0;31.99145299145299;31.99145299145299;32.0;32.0;1;1
314.803;0.0;0.0;0.0;31.99145299145299;31.99145299145299;32.0;32.0;1;1
314.906;0.0;0.0;0.0;31.99145299145299;31.99145299145299;32.0;32.0;1;1
315.007;0.0;0.0;0.0;31.99145299145299;31.99145299145299;32.0;32.0;1;1
315.107;0.0;0.0;0.0;31.99145299145299;31.99145299145299;32.0;32.0;1;1
315.208;0.0;0.0;0.0;31.99145299145299;31.99145299145299;32.0;32.0;1;1
315.309;0.0;0.0;0.0;31.99145299145299;31.99145299145299;32.0;32.0;1;1
315.41;0.0;0.0;0.0;31.99145299145299;31.99145299145299;32.0;32.0;1;1
315.512;0.0;0.0;0.0;31.99145299145299;31.99145299145299;32.0;32.0;1;1
315.616;0.0;0.0;0.0;31.99145299145299;31.99145299145299;32.0;32.0;1;1
315.718;0.0;0.0;0.0;31.99145299145299;31.99145299145299;32.0;32.0;1;1
315.82;0.0;0.0;0.0;31.99145299145299;31.99145299145299;32.0;32.0;1;1
315.93;0.0;0.0;0.0;31.99145299145299;31.99145299145299;32.0;32.0;1;1
316.031;0.0;0.0;0.0;31.99145299145299;31.99145299145299;32.0;32.0;1;1
316.136;0.0;0.0;0.0;31.99145299145299;31.99145299145299;32.0;32.0;1;1
316.247;0.0;0.0;0.0;31.99145299145299;31.99145299145299;32.0;32.0;1;1
316.362;0.0;0.0;0.0;31.99145299145299;31.99145299145299;32.0;32.0;1;1
316.473;0.0;0.0;0.0;31.99145299145299;31.99145299145299;32.0;32.0;1;1
316.577;0.0;0.0;0.0;31.99145299145299;31.99145299145299;32.0;32.0;1;1
316.691;0.0;0.0;0.0;31.99145299145299;31.99145299145299;32.0;32.0;1;1
316.8;0.0;0.0;0.0;31.99145299145299;31.99145299145299;32.0;32.0;1;1
316.9;0.0;0.0;0.0;31.99145299145299;31.99145299145299;32.0;32.0;1;1
317.008;0.0;0.0;0.0;31.99145299145299;31.99145299145299;32.0;32.0;1;1
317.119;0.0;0.0;0.0;31.99145299145299;31.99145299145299;32.0;32.0;1;1
317.221;0.0;0.0;0.0;31.99145299145299;31.99145299145299;32.0;32.0;1;1
317.342;0.0;0.0;0.0;31.99145299145299;31.99145299145299;32.0;32.0;1;1
317.454;0.0;0.0;0.0;31.99145299145299;31.99145299145299;32.0;32.0;1;1
317.57;0.0;0.0;0.0;31.99145299145299;31.99145299145299;32.0;32.0;1;1
317.683;0.0;0.0;0.0;31.99145299145299;31.99145299145299;32.0;32.0;1;1
317.784;0.0;0.0;0.0;31.99145299145299;31.99145299145299;32.0;32.0;1;1
317.89;0.0;0.0;0.0;31.99145299145299;31.99145299145299;32.0;32.0;1;1
317.995;0.0;0.0;0.0;31.99145299145299;31.99145299145299;32.0;32.0;1;1
318.107;0.0;0.0;0.0;31.99145299145299;31.99145299145299;32.0;32.0;1;1
318.215;0.0;0.0;0.0;31.99145299145299;31.99145299145299;32.0;32.0;1;1
318.33;0.0;0.0;0.0;31.99145299145299;31.99145299145299;32.0;32.0;1;1
318.441;0.0;0.0;0.0;31.99145299145299;31.99145299145299;32.0;32.0;1;1
318.543;0.0;0.0;0.0;31.99145299145299;31.99145299145299;32.0;32.0;1;1
318.648;0.0;0.0;0.0;31.99145299145299;31.99145299145299;32.0;32.0;1;1
318.763;0.0;0.0;0.0;31.99145299145299;31.99145299145299;32.0;32.0;1;1
318.871;0.0;0.0;0.0;31.99145299145299;31.99145299145299;32.0;32.0;1;1
318.985;0.0;0.0;0.0;31.99145299145299;31.99145299145299;32.0;32.0;1;1
319.094;0.0;0.0;0.0;31.99145299145299;31.99145299145299;32.0;32.0;1;1
319.205;0.0;0.0;0.0;31.99145299145299;31.99145299145299;32.0;32.0;1;1
319.32;0.0;0.0;0.0;31.99145299145299;31.99145299145299;32.0;32.0;1;1
319.428;0.0;0.0;0.0;31.99145299145299;31.99145299145299;32.0;32.0;1;1
319.529;0.0;0.0;0.0;31.99145299145299;31.99145299145299;32.0;32.0;1;1
319.638;0.0;0.0;0.0;31.99145299145299;31.99145299145299;32.0;32.0;1;1
319.748;0.0;0.0;0.0;31.99145299145299;31.99145299145299;32.0;32.0;1;1
319.855;0.0;0.0;0.0;31.99145299145299;31.99145299145299;32.0;32.0;1;1
319.966;0.0;0.0;0.0;31.99145299145299;31.99145299145299;32.0;32.0;1;1
320.078;0.0;0.0;0.0;31.99145299145299;31.99145299145299;32.0;32.0;1;1
320.178;0.0;0.0;0.0;31.99145299145299;31.99145299145299;32.0;32.0;1;1
320.282;0.0;0.0;0.0;31.99145299145299;31.99145299145299;32.0;32.0;1;1
320.397;0.0;0.0;0.0;31.99145299145299;31.99145299145299;32.0;32.0;1;1
320.513;0.0;0.0;0.0;31.99145299145299;31.99145299145299;32.0;32.0;1;1
320.619;0.0;0.0;0.0;31.99145299145299;31.99145299145299;32.0;32.0;1;1
320.72;0.0;0.0;0.0;31.99145299145299;31.99145299145299;32.0;32.0;1;1
320.822;0.0;0.0;0.0;31.99145299145299;31.99145299145299;32.0;32.0;1;1
320.923;0.0;0.0;0.0;31.99145299145299;31.99145299145299;32.0;32.0;1;1
321.023;0.0;0.0;0.0;31.99145299145299;31.99145299145299;32.0;32.0;1;1
321.124;0.0;0.0;0.0;31.99145299145299;31.99145299145299;32.0;32.0;1;1
321.224;0.0;0.0;0.0;31.99145299145299;31.99145299145299;32.0;32.0;1;1
321.325;0.0;0.0;0.0;31.99145299145299;31.99145299145299;32.0;32.0;1;1
321.425;0.0;0.0;0.0;31.99145299145299;31.99145299145299;32.0;32.0;1;1
321.528;0.0;0.0;0.0;31.99145299145299;31.99145299145299;32.0;32.0;1;1
321.629;0.0;0.0;0.0;31.99145299145299;31.99145299145299;32.0;32.0;1;1
321.736;0.0;0.0;0.0;31.99145299145299;31.99145299145299;32.0;32.0;1;1
321.837;0.0;0.0;0.0;31.99145299145299;31.99145299145299;32.0;32.0;1;1
321.943;0.0;0.0;0.0;31.99145299145299;31.99145299145299;32.0;32.0;1;1
322.053;0.0;0.0;0.0;31.99145299145299;31.99145299145299;32.0;32.0;1;1
322.162;0.0;0.0;0.0;31.99145299145299;31.99145299145299;32.0;32.0;1;1
322.264;0.0;0.0;0.0;31.99145299145299;31.99145299145299;32.0;32.0;1;1
322.367;0.0;0.0;0.0;31.99145299145299;31.99145299145299;32.0;32.0;1;1
322.477;0.0;0.0;0.0;31.99145299145299;31.99145299145299;32.0;32.0;1;1
322.587;0.0;0.0;0.0;31.99145299145299;31.99145299145299;32.0;32.0;1;1
322.703;0.0;0.0;0.0;31.99145299145299;31.99145299145299;32.0;32.0;1;1
322.809;0.0;0.0;0.0;31.99145299145299;31.99145299145299;32.0;32.0;1;1
322.919;0.0;0.0;0.0;31.99145299145299;31.99145299145299;32.0;32.0;1;1
323.034;0.0;0.0;0.0;31.99145299145299;31.99145299145299;32.0;32.0;1;1
323.142;0.0;0.0;0.0;31.99145299145299;31.99145299145299;32.0;32.0;1;1
323.246;0.0;0.0;0.0;31.99145299145299;31.99145299145299;32.0;32.0;1;1
323.349;0.0;0.0;0.0;31.99145299145299;31.99145299145299;32.0;32.0;1;1
323.46;0.0;0.0;0.0;31.99145299145299;31.99145299145299;32.0;32.0;1;1
323.578;0.0;0.0;0.0;31.99145299145299;31.99145299145299;32.0;32.0;1;1
323.689;0.0;0.0;0.0;31.99145299145299;31.99145299145299;32.0;32.0;1;1
323.797;0.0;0.0;0.0;31.99145299145299;31.99145299145299;32.0;32.0;1;1
323.905;0.0;0.0;0.0;31.99145299145299;31.99145299145299;32.0;32.0;1;1
324.02;0.0;0.0;0.0;31.99145299145299;31.99145299145299;32.0;32.0;1;1
324.13;0.0;0.0;0.0;31.99145299145299;31.99145299145299;32.0;32.0;1;1
324.244;0.0;0.0;0.0;31.99145299145299;31.99145299145299;32.0;32.0;1;1
324.349;0.0;0.0;0.0;31.99145299145299;31.99145299145299;32.0;32.0;1;1
324.461;0.0;0.0;0.0;31.99145299145299;31.99145299145299;32.0;32.0;1;1
324.575;0.0;0.0;0.0;31.99145299145299;31.99145299145299;32.0;32.0;1;1
324.684;0.0;0.0;0.0;31.99145299145299;31.99145299145299;32.0;32.0;1;1
324.8;0.0;0.0;0.0;31.99145299145299;31.99145299145299;32.0;32.0;1;1
324.908;0.0;0.0;0.0;31.99145299145299;31.99145299145299;32.0;32.0;1;1
325.009;0.0;0.0;0.0;31.99145299145299;31.99145299145299;32.0;32.0;1;1
325.111;0.0;0.0;0.0;31.99145299145299;31.99145299145299;32.0;32.0;1;1
325.228;0.0;0.0;0.0;31.99145299145299;31.99145299145299;32.0;32.0;1;1
325.34;0.0;0.0;0.0;31.99145299145299;31.99145299145299;32.0;32.0;1;1
325.447;0.0;0.0;0.0;31.99145299145299;31.99145299145299;32.0;32.0;1;1
325.561;0.0;0.0;0.0;31.99145299145299;31.99145299145299;32.0;32.0;1;1
325.67;0.0;0.0;0.0;31.99145299145299;31.99145299145299;32.0;32.0;1;1
325.779;0.0;0.0;0.0;31.99145299145299;31.99145299145299;32.0;32.0;1;1
325.89;0.0;0.0;0.0;31.99145299145299;31.99145299145299;32.0;32.0;1;1
325.991;0.0;0.0;0.0;31.99145299145299;31.99145299145299;32.0;32.0;1;1
326.1;0.0;0.0;0.0;31.99145299145299;31.99145299145299;32.0;32.0;1;1
326.207;0.0;0.0;0.0;31.99145299145299;31.99145299145299;32.0;32.0;1;1
326.316;0.0;0.0;0.0;31.99145299145299;31.99145299145299;32.0;32.0;1;1
326.417;0.0;0.0;0.0;31.99145299145299;31.99145299145299;32.0;32.0;1;1
326.517;0.0;0.0;0.0;31.99145299145299;31.99145299145299;32.0;32.0;1;1
326.617;0.0;0.0;0.0;31.99145299145299;31.99145299145299;32.0;32.0;1;1
326.718;0.0;0.0;0.0;31.99145299145299;31.99145299145299;32.0;32.0;1;1
326.818;0.0;0.0;0.0;31.99145299145299;31.99145299145299;32.0;32.0;1;1
326.923;0.0;0.0;0.0;31.99145299145299;31.99145299145299;32.0;32.0;1;1
327.024;0.0;0.0;0.0;31.99145299145299;31.99145299145299;32.0;32.0;1;1
327.132;0.0;0.0;0.0;31.99145299145299;31.99145299145299;32.0;32.0;1;1
327.233;0.0;0.0;0.0;31.99145299145299;31.99145299145299;32.0;32.0;1;1
327.341;0.0;0.0;0.0;31.99145299145299;31.99145299145299;32.0;32.0;1;1
327.442;0.0;0.0;0.0;31.99145299145299;31.99145299145299;32.0;32.0;1;1
327.548;0.0;0.0;0.0;31.99145299145299;31.99145299145299;32.0;32.0;1;1
327.648;0.0;0.0;0.0;31.99145299145299;31.99145299145299;32.0;32.0;1;1
327.771;0.0;0.0;0.0;31.99145299145299;31.99145299145299;32.0;32.0;1;1
327.878;0.0;0.0;0.0;31.99145299145299;31.99145299145299;32.0;32.0;1;1
327.984;0.0;0.0;0.0;31.99145299145299;31.99145299145299;32.0;32.0;1;1
328.095;0.0;0.0;0.0;31.99145299145299;31.99145299145299;32.0;32.0;1;1
328.196;0.0;0.0;0.0;31.99145299145299;31.99145299145299;32.0;32.0;1;1
328.306;0.0;0.0;0.0;31.99145299145299;31.99145299145299;32.0;32.0;1;1
328.42;0.0;0.0;0.0;31.99145299145299;31.99145299145299;32.0;32.0;1;1
328.526;0.0;0.0;0.0;31.99145299145299;31.99145299145299;32.0;32.0;1;1
328.642;0.0;0.0;0.0;31.99145299145299;31.99145299145299;32.0;32.0;1;1
328.749;0.0;0.0;0.0;31.99145299145299;31.99145299145299;32.0;32.0;1;1
328.849;0.0;0.0;0.0;31.99145299145299;31.99145299145299;32.0;32.0;1;1
328.974;0.0;0.0;0.0;31.99145299145299;31.99145299145299;32.0;32.0;1;1
329.082;0.0;0.0;0.0;31.99145299145299;31.99145299145299;32.0;32.0;1;1
329.201;0.0;0.0;0.0;31.99145299145299;31.99145299145299;32.0;32.0;1;1
329.311;0.0;0.0;0.0;31.99145299145299;31.99145299145299;32.0;32.0;1;1
329.422;0.0;0.0;0.0;31.99145299145299;31.99145299145299;32.0;32.0;1;1
329.53;0.0;0.0;0.0;31.99145299145299;31.99145299145299;32.0;32.0;1;1
329.643;0.0;0.0;0.0;31.99145299145299;31.99145299145299;32.0;32.0;1;1
329.746;0.0;0.0;0.0;31.99145299145299;31.99145299145299;32.0;32.0;1;1
329.853;0.0;0.0;0.0;31.99145299145299;31.99145299145299;32.0;32.0;1;1
329.961;0.0;0.0;0.0;31.99145299145299;31.99145299145299;32.0;32.0;1;1
330.073;0.0;0.0;0.0;31.99145299145299;31.99145299145299;32.0;32.0;1;1
330.186;0.0;0.0;0.0;31.99145299145299;31.99145299145299;32.0;32.0;1;1
330.297;0.0;0.0;0.0;31.99145299145299;31.99145299145299;32.0;32.0;1;1
330.408;0.0;0.0;0.0;31.99145299145299;31.99145299145299;32.0;32.0;1;1
330.509;0.0;0.0;0.0;31.99145299145299;31.99145299145299;32.0;32.0;1;1
330.632;0.0;0.0;0.0;31.99145299145299;31.99145299145299;32.0;32.0;1;1
330.743;0.0;0.0;0.0;31.99145299145299;31.99145299145299;32.0;32.0;1;1
330.856;0.0;0.0;0.0;31.99145299145299;31.99145299145299;32.0;32.0;1;1
330.97;0.0;0.0;0.0;31.99145299145299;31.99145299145299;32.0;32.0;1;1
331.082;0.0;0.0;0.0;31.99145299145299;31.99145299145299;32.0;32.0;1;1
331.193;0.0;0.0;0.0;31.99145299145299;31.99145299145299;32.0;32.0;1;1
331.305;0.0;0.0;0.0;31.99145299145299;31.99145299145299;32.0;32.0;1;1
331.416;0.0;0.0;0.0;31.99145299145299;31.99145299145299;32.0;32.0;1;1
331.517;0.0;0.0;0.0;31.99145299145299;31.99145299145299;32.0;32.0;1;1
331.617;0.0;0.0;0.0;31.99145299145299;31.99145299145299;32.0;32.0;1;1
331.736;0.0;0.0;0.0;31.99145299145299;31.99145299145299;32.0;32.0;1;1
331.84;0.0;0.0;0.0;31.99145299145299;31.99145299145299;32.0;32.0;1;1
331.961;0.0;0.0;0.0;31.99145299145299;31.99145299145299;32.0;32.0;1;1
332.064;0.0;0.0;0.0;31.99145299145299;31.99145299145299;32.0;32.0;1;1
332.176;0.0;0.0;0.0;31.99145299145299;31.99145299145299;32.0;32.0;1;1
332.288;0.0;0.0;0.0;31.99145299145299;31.99145299145299;32.0;32.0;1;1
332.389;0.0;0.0;0.0;31.99145299145299;31.99145299145299;32.0;32.0;1;1
332.494;0.0;0.0;0.0;31.99145299145299;31.99145299145299;32.0;32.0;1;1
332.609;0.0;0.0;0.0;31.99145299145299;31.99145299145299;32.0;32.0;1;1
332.717;0.0;0.0;0.0;31.99145299145299;31.99145299145299;32.0;32.0;1;1
332.831;0.0;0.0;0.0;31.99145299145299;31.99145299145299;32.0;32.0;1;1
332.938;0.0;0.0;0.0;31.99145299145299;31.99145299145299;32.0;32.0;1;1
333.052;0.0;0.0;0.0;31.99145299145299;31.99145299145299;32.0;32.0;1;1
333.163;0.0;0.0;0.0;31.99145299145299;31.99145299145299;32.0;32.0;1;1
333.267;0.0;0.0;0.0;31.99145299145299;31.99145299145299;32.0;32.0;1;1
333.368;0.0;0.0;0.0;31.99145299145299;31.99145299145299;32.0;32.0;1;1
333.475;0.0;0.0;0.0;31.99145299145299;31.99145299145299;32.0;32.0;1;1
333.586;0.0;0.0;0.0;31.99145299145299;31.99145299145299;32.0;32.0;1;1
333.699;0.0;0.0;0.0;31.99145299145299;31.99145299145299;32.0;32.0;1;1
333.81;0.0;0.0;0.0;31.99145299145299;31.99145299145299;32.0;32.0;1;1
333.922;0.0;0.0;0.0;31.99145299145299;31.99145299145299;32.0;32.0;1;1
334.035;0.0;0.0;0.0;31.99145299145299;31.99145299145299;32.0;32.0;1;1
334.142;0.0;0.0;0.0;31.99145299145299;31.99145299145299;32.0;32.0;1;1
334.255;0.0;0.0;0.0;31.99145299145299;31.99145299145299;32.0;32.0;1;1
334.356;0.0;0.0;0.0;31.99145299145299;31.99145299145299;32.0;32.0;1;1
334.461;0.0;0.0;0.0;31.99145299145299;31.99145299145299;32.0;32.0;1;1
334.562;0.0;0.0;0.0;31.99145299145299;31.99145299145299;32.0;32.0;1;1
334.681;0.0;0.0;0.0;31.99145299145299;31.99145299145299;32.0;32.0;1;1
334.797;0.0;0.0;0.0;31.99145299145299;31.99145299145299;32.0;32.0;1;1
334.905;0.0;0.0;0.0;31.99145299145299;31.99145299145299;32.0;32.0;1;1
335.014;0.0;0.0;0.0;31.99145299145299;31.99145299145299;32.0;32.0;1;1
335.127;0.0;0.0;0.0;31.99145299145299;31.99145299145299;32.0;32.0;1;1
335.239;0.0;0.0;0.0;31.99145299145299;31.99145299145299;32.0;32.0;1;1
335.344;0.0;0.0;0.0;31.99145299145299;31.99145299145299;32.0;32.0;1;1
335.446;0.0;0.0;0.0;31.99145299145299;31.99145299145299;32.0;32.0;1;1
335.551;0.0;0.0;0.0;31.99145299145299;31.99145299145299;32.0;32.0;1;1
335.651;0.0;0.0;0.0;31.99145299145299;31.99145299145299;32.0;32.0;1;1
335.779;0.0;0.0;0.0;31.99145299145299;31.99145299145299;32.0;32.0;1;1
335.889;0.0;0.0;0.0;31.99145299145299;31.99145299145299;32.0;32.0;1;1
335.998;0.0;0.0;0.0;31.99145299145299;31.99145299145299;32.0;32.0;1;1
336.111;0.0;0.0;0.0;31.99145299145299;31.99145299145299;32.0;32.0;1;1
336.224;0.0;0.0;0.0;31.99145299145299;31.99145299145299;32.0;32.0;1;1
336.328;0.0;0.0;0.0;31.99145299145299;31.99145299145299;32.0;32.0;1;1
336.439;0.0;0.0;0.0;31.99145299145299;31.99145299145299;32.0;32.0;1;1
336.542;0.0;0.0;0.0;31.99145299145299;31.99145299145299;32.0;32.0;1;1
336.644;0.0;0.0;0.0;31.99145299145299;31.99145299145299;32.0;32.0;1;1
336.757;0.0;0.0;0.0;31.99145299145299;31.99145299145299;32.0;32.0;1;1
336.867;0.0;0.0;0.0;31.99145299145299;31.99145299145299;32.0;32.0;1;1
336.982;0.0;0.0;0.0;31.99145299145299;31.99145299145299;32.0;32.0;1;1
337.087;0.0;0.0;0.0;31.99145299145299;31.99145299145299;32.0;32.0;1;1
337.203;0.0;0.0;0.0;31.99145299145299;31.99145299145299;32.0;32.0;1;1
337.316;0.0;0.0;0.0;31.99145299145299;31.99145299145299;32.0;32.0;1;1
337.428;0.0;0.0;0.0;31.99145299145299;31.99145299145299;32.0;32.0;1;1
337.532;0.0;0.0;0.0;31.99145299145299;31.99145299145299;32.0;32.0;1;1
337.647;0.0;0.0;0.0;31.99145299145299;31.99145299145299;32.0;32.0;1;1
337.755;0.0;0.0;0.0;31.99145299145299;31.99145299145299;32.0;32.0;1;1
337.87;0.0;0.0;0.0;31.99145299145299;31.99145299145299;32.0;32.0;1;1
337.985;0.0;0.0;0.0;31.99145299145299;31.99145299145299;32.0;32.0;1;1
338.092;0.0;0.0;0.0;31.99145299145299;31.99145299145299;32.0;32.0;1;1
338.208;0.0;0.0;0.0;31.99145299145299;31.99145299145299;32.0;32.0;1;1
338.318;0.0;0.0;0.0;31.99145299145299;31.99145299145299;32.0;32.0;1;1
338.429;0.0;0.0;0.0;31.99145299145299;31.99145299145299;32.0;32.0;1;1
338.536;0.0;0.0;0.0;31.99145299145299;31.99145299145299;32.0;32.0;1;1
338.637;0.0;0.0;0.0;31.99145299145299;31.99145299145299;32.0;32.0;1;1
338.742;0.0;0.0;0.0;31.99145299145299;31.99145299145299;32.0;32.0;1;1
338.865;0.0;0.0;0.0;31.99145299145299;31.99145299145299;32.0;32.0;1;1
338.966;0.0;0.0;0.0;31.99145299145299;31.99145299145299;32.0;32.0;1;1
339.079;0.0;0.0;0.0;31.99145299145299;31.99145299145299;32.0;32.0;1;1
339.185;0.0;0.0;0.0;31.99145299145299;31.99145299145299;32.0;32.0;1;1
339.297;0.0;0.0;0.0;31.99145299145299;31.99145299145299;32.0;32.0;1;1
339.406;0.0;0.0;0.0;31.99145299145299;31.99145299145299;32.0;32.0;1;1
339.516;0.0;0.0;0.0;31.99145299145299;31.99145299145299;32.0;32.0;1;1
339.624;0.0;0.0;0.0;31.99145299145299;31.99145299145299;32.0;32.0;1;1
339.737;0.0;0.0;0.0;31.99145299145299;31.99145299145299;32.0;32.0;1;1
339.849;0.0;0.0;0.0;31.99145299145299;31.99145299145299;32.0;32.0;1;1
339.962;0.0;0.0;0.0;31.99145299145299;31.99145299145299;32.0;32.0;1;1
340.063;0.0;0.0;0.0;31.99145299145299;31.99145299145299;32.0;32.0;1;1
340.163;0.0;0.0;0.0;31.99145299145299;31.99145299145299;32.0;32.0;1;1
340.263;0.0;0.0;0.0;31.99145299145299;31.99145299145299;32.0;32.0;1;1
340.364;0.0;0.0;0.0;31.99145299145299;31.99145299145299;32.0;32.0;1;1
340.465;0.0;0.0;0.0;31.99145299145299;31.99145299145299;32.0;32.0;1;1
340.565;0.0;0.0;0.0;31.99145299145299;31.99145299145299;32.0;32.0;1;1
340.666;0.0;0.0;0.0;31.99145299145299;31.99145299145299;32.0;32.0;1;1
340.769;0.0;0.0;0.0;31.99145299145299;31.99145299145299;32.0;32.0;1;1
340.869;0.0;0.0;0.0;31.99145299145299;31.99145299145299;32.0;32.0;1;1
340.972;0.0;0.0;0.0;31.99145299145299;31.99145299145299;32.0;32.0;1;1
341.08;0.0;0.0;0.0;31.99145299145299;31.99145299145299;32.0;32.0;1;1
341.186;0.0;0.0;0.0;31.99145299145299;31.99145299145299;32.0;32.0;1;1
341.297;0.0;0.0;0.0;31.99145299145299;31.99145299145299;32.0;32.0;1;1
341.397;0.0;0.0;0.0;31.99145299145299;31.99145299145299;32.0;32.0;1;1
341.498;0.0;0.0;0.0;31.99145299145299;31.99145299145299;32.0;32.0;1;1
341.614;0.0;0.0;0.0;31.99145299145299;31.99145299145299;32.0;32.0;1;1
341.724;0.0;0.0;0.0;31.99145299145299;31.99145299145299;32.0;32.0;1;1
341.833;0.0;0.0;0.0;31.99145299145299;31.99145299145299;32.0;32.0;1;1
341.943;0.0;0.0;0.0;31.99145299145299;31.99145299145299;32.0;32.0;1;1
342.043;0.0;0.0;0.0;31.99145299145299;31.99145299145299;32.0;32.0;1;1
342.151;0.0;0.0;0.0;31.99145299145299;31.99145299145299;32.0;32.0;1;1
342.258;0.0;0.0;0.0;31.99145299145299;31.99145299145299;32.0;32.0;1;1
342.358;0.0;0.0;0.0;31.99145299145299;31.99145299145299;32.0;32.0;1;1
342.464;0.0;0.0;0.0;31.99145299145299;31.99145299145299;32.0;32.0;1;1
342.564;0.0;0.0;0.0;31.99145299145299;31.99145299145299;32.0;32.0;1;1
342.665;0.0;0.0;0.0;31.99145299145299;31.99145299145299;32.0;32.0;1;1
342.765;0.0;0.0;0.0;31.99145299145299;31.99145299145299;32.0;32.0;1;1
342.866;0.0;0.0;0.0;31.99145299145299;31.99145299145299;32.0;32.0;1;1
342.971;0.0;0.0;0.0;31.99145299145299;31.99145299145299;32.0;32.0;1;1
343.071;0.0;0.0;0.0;31.99145299145299;31.99145299145299;32.0;32.0;1;1
343.171;0.0;0.0;0.0;31.99145299145299;31.99145299145299;32.0;32.0;1;1
343.275;0.0;0.0;0.0;31.99145299145299;31.99145299145299;32.0;32.0;1;1
343.376;0.0;0.0;0.0;31.99145299145299;31.99145299145299;32.0;32.0;1;1
343.476;0.0;0.0;0.0;31.99145299145299;31.99145299145299;32.0;32.0;1;1
343.577;0.0;0.0;0.0;31.99145299145299;31.99145299145299;32.0;32.0;1;1
343.689;0.0;0.0;0.0;31.99145299145299;31.99145299145299;32.0;32.0;1;1
343.803;0.0;0.0;0.0;31.99145299145299;31.99145299145299;32.0;32.0;1;1
343.91;0.0;0.0;0.0;31.99145299145299;31.99145299145299;32.0;32.0;1;1
344.012;0.0;0.0;0.0;31.99145299145299;31.99145299145299;32.0;32.0;1;1
344.115;0.0;0.0;0.0;31.99145299145299;31.99145299145299;32.0;32.0;1;1
344.216;0.0;0.0;0.0;31.99145299145299;31.99145299145299;32.0;32.0;1;1
344.341;0.0;0.0;0.0;31.99145299145299;31.99145299145299;32.0;32.0;1;1
344.453;0.0;0.0;0.0;31.99145299145299;31.99145299145299;32.0;32.0;1;1
344.555;0.0;0.0;0.0;31.99145299145299;31.99145299145299;32.0;32.0;1;1
344.668;0.0;0.0;0.0;31.99145299145299;31.99145299145299;32.0;32.0;1;1
344.78;0.0;0.0;0.0;31.99145299145299;31.99145299145299;32.0;32.0;1;1
344.899;0.0;0.0;0.0;31.99145299145299;31.99145299145299;32.0;32.0;1;1
345.008;0.0;0.0;0.0;31.99145299145299;31.99145299145299;32.0;32.0;1;1
345.11;0.0;0.0;0.0;31.99145299145299;31.99145299145299;32.0;32.0;1;1
345.214;0.0;0.0;0.0;31.99145299145299;31.99145299145299;32.0;32.0;1;1
345.328;0.0;0.0;0.0;31.99145299145299;31.99145299145299;32.0;32.0;1;1
345.435;0.0;0.0;0.0;31.99145299145299;31.99145299145299;32.0;32.0;1;1
345.548;0.0;0.0;0.0;31.99145299145299;31.99145299145299;32.0;32.0;1;1
345.661;0.0;0.0;0.0;31.99145299145299;31.99145299145299;32.0;32.0;1;1
345.772;0.0;0.0;0.0;31.99145299145299;31.99145299145299;32.0;32.0;1;1
345.882;0.0;0.0;0.0;31.99145299145299;31.99145299145299;32.0;32.0;1;1
345.983;0.0;0.0;0.0;31.99145299145299;31.99145299145299;32.0;32.0;1;1
346.087;0.0;0.0;0.0;31.99145299145299;31.99145299145299;32.0;32.0;1;1
346.203;0.0;0.0;0.0;31.99145299145299;31.99145299145299;32.0;32.0;1;1
346.312;0.0;0.0;0.0;31.99145299145299;31.99145299145299;32.0;32.0;1;1
346.425;0.0;0.0;0.0;31.99145299145299;31.99145299145299;32.0;32.0;1;1
346.533;0.0;0.0;0.0;31.99145299145299;31.99145299145299;32.0;32.0;1;1
346.642;0.0;0.0;0.0;31.99145299145299;31.99145299145299;32.0;32.0;1;1
346.742;0.0;0.0;0.0;31.99145299145299;31.99145299145299;32.0;32.0;1;1
346.849;0.0;0.0;0.0;31.99145299145299;31.99145299145299;32.0;32.0;1;1
346.961;0.0;0.0;0.0;31.99145299145299;31.99145299145299;32.0;32.0;1;1
347.072;0.0;0.0;0.0;31.99145299145299;31.99145299145299;32.0;32.0;1;1
347.184;0.0;0.0;0.0;31.99145299145299;31.99145299145299;32.0;32.0;1;1
347.3;0.0;0.0;0.0;31.99145299145299;31.99145299145299;32.0;32.0;1;1
347.408;0.0;0.0;0.0;31.99145299145299;31.99145299145299;32.0;32.0;1;1
347.508;0.0;0.0;0.0;31.99145299145299;31.99145299145299;32.0;32.0;1;1
347.614;0.0;0.0;0.0;31.99145299145299;31.99145299145299;32.0;32.0;1;1
347.729;0.0;0.0;0.0;31.99145299145299;31.99145299145299;32.0;32.0;1;1
347.837;0.0;0.0;0.0;31.99145299145299;31.99145299145299;32.0;32.0;1;1
347.951;0.0;0.0;0.0;31.99145299145299;31.99145299145299;32.0;32.0;1;1
348.061;0.0;0.0;0.0;31.99145299145299;31.99145299145299;32.0;32.0;1;1
348.174;0.0;0.0;0.0;31.99145299145299;32.05128205128205;32.0;32.0;1;1
348.281;0.0;0.0;0.0;31.99145299145299;32.05128205128205;32.0;32.0;1;1
348.39;0.0;0.0;0.0;31.99145299145299;32.05128205128205;32.0;32.0;1;1
348.491;0.0;0.0;0.0;31.99145299145299;32.05128205128205;32.0;32.0;1;1
348.603;0.0;0.0;0.0;31.99145299145299;32.05128205128205;32.0;32.0;1;1
348.712;0.0;0.0;0.0;31.99145299145299;32.05128205128205;32.0;32.0;1;1
348.827;0.0;0.0;0.0;31.99145299145299;32.05128205128205;32.0;32.0;1;1
348.931;0.0;0.0;0.0;31.99145299145299;32.05128205128205;32.0;32.0;1;1
349.045;0.0;0.0;0.0;31.99145299145299;32.05128205128205;32.0;32.0;1;1
349.156;0.0;0.0;0.0;31.99145299145299;31.99145299145299;32.0;32.0;1;1
349.268;0.0;0.0;0.0;31.99145299145299;31.99145299145299;32.0;32.0;1;1
349.374;0.0;0.0;0.0;31.99145299145299;31.99145299145299;32.0;32.0;1;1
349.49;0.0;0.0;0.0;31.99145299145299;31.99145299145299;32.0;32.0;1;1
349.599;0.0;0.0;0.0;31.99145299145299;31.99145299145299;32.0;32.0;1;1
349.711;0.0;0.0;0.0;31.99145299145299;31.99145299145299;32.0;32.0;1;1
349.812;0.0;0.0;0.0;31.99145299145299;31.99145299145299;32.0;32.0;1;1
349.936;0.0;0.0;0.0;31.99145299145299;31.99145299145299;32.0;32.0;1;1
350.049;0.0;0.0;0.0;31.99145299145299;31.99145299145299;32.0;32.0;1;1
350.158;0.0;0.0;0.0;31.99145299145299;31.99145299145299;32.0;32.0;1;1
350.27;0.0;0.0;0.0;31.99145299145299;31.99145299145299;32.0;32.0;1;1
350.383;0.0;0.0;0.0;31.99145299145299;31.99145299145299;32.0;32.0;1;1
350.485;0.0;0.0;0.0;31.99145299145299;31.99145299145299;32.0;32.0;1;1
350.587;0.0;0.0;0.0;31.99145299145299;31.99145299145299;32.0;32.0;1;1
350.703;0.0;0.0;0.0;31.99145299145299;31.99145299145299;32.0;32.0;1;1
350.809;0.0;0.0;0.0;31.99145299145299;31.99145299145299;32.0;32.0;1;1
350.923;0.0;0.0;0.0;31.99145299145299;31.99145299145299;32.0;32.0;1;1
351.03;0.0;0.0;0.0;31.99145299145299;31.99145299145299;32.0;32.0;1;1
351.142;0.0;0.0;0.0;31.99145299145299;31.99145299145299;32.0;32.0;1;1
351.243;0.0;0.0;0.0;31.99145299145299;31.99145299145299;32.0;32.0;1;1
351.348;0.0;0.0;0.0;31.99145299145299;31.99145299145299;32.0;32.0;1;1
351.46;0.0;0.0;0.0;31.99145299145299;31.99145299145299;32.0;32.0;1;1
351.563;0.0;0.0;0.0;31.99145299145299;31.99145299145299;32.0;32.0;1;1
351.688;0.0;0.0;0.0;31.99145299145299;31.99145299145299;32.0;32.0;1;1
351.801;0.0;0.0;0.0;31.99145299145299;31.99145299145299;32.0;32.0;1;1
351.905;0.0;0.0;0.0;31.99145299145299;31.99145299145299;32.0;32.0;1;1
352.021;0.0;0.0;0.0;31.99145299145299;31.99145299145299;32.0;32.0;1;1
352.129;0.0;0.0;0.0;31.99145299145299;31.99145299145299;32.0;32.0;1;1
352.243;0.0;0.0;0.0;31.99145299145299;31.99145299145299;32.0;32.0;1;1
352.354;0.0;0.0;0.0;31.99145299145299;31.99145299145299;32.0;32.0;1;1
352.466;0.0;0.0;0.0;31.99145299145299;31.99145299145299;32.0;32.0;1;1
352.577;0.0;0.0;0.0;31.99145299145299;31.99145299145299;32.0;32.0;1;1
352.685;0.0;0.0;0.0;31.99145299145299;31.99145299145299;32.0;32.0;1;1
352.8;0.0;0.0;0.0;31.99145299145299;31.99145299145299;32.0;32.0;1;1
352.914;0.0;0.0;0.0;31.99145299145299;31.99145299145299;32.0;32.0;1;1
353.022;0.0;0.0;0.0;31.99145299145299;31.99145299145299;32.0;32.0;1;1
353.134;0.0;0.0;0.0;31.99145299145299;31.99145299145299;32.0;32.0;1;1
353.244;0.0;0.0;0.0;31.99145299145299;31.99145299145299;32.0;32.0;1;1
353.346;0.0;0.0;0.0;31.99145299145299;31.99145299145299;32.0;32.0;1;1
353.456;0.0;0.0;0.0;31.99145299145299;31.99145299145299;32.0;32.0;1;1
353.581;0.0;0.0;0.0;31.99145299145299;31.99145299145299;32.0;32.0;1;1
353.688;0.0;0.0;0.0;31.99145299145299;31.99145299145299;32.0;32.0;1;1
353.8;0.0;0.0;0.0;31.99145299145299;31.99145299145299;32.0;32.0;1;1
353.911;0.0;0.0;0.0;31.99145299145299;31.99145299145299;32.0;32.0;1;1
354.022;0.0;0.0;0.0;31.99145299145299;31.99145299145299;32.0;32.0;1;1
354.133;0.0;0.0;0.0;31.99145299145299;31.99145299145299;32.0;32.0;1;1
354.244;0.0;0.0;0.0;31.99145299145299;31.99145299145299;32.0;32.0;1;1
354.36;0.0;0.0;0.0;31.99145299145299;31.99145299145299;32.0;32.0;1;1
354.468;0.0;0.0;0.0;31.99145299145299;31.99145299145299;32.0;32.0;1;1
354.583;0.0;0.0;0.0;31.99145299145299;31.99145299145299;32.0;32.0;1;1
354.695;0.0;0.0;0.0;31.99145299145299;31.99145299145299;32.0;32.0;1;1
354.796;0.0;0.0;0.0;31.99145299145299;31.99145299145299;32.0;32.0;1;1
354.897;0.0;0.0;0.0;31.99145299145299;31.99145299145299;32.0;32.0;1;1
355.01;0.0;0.0;0.0;31.99145299145299;31.99145299145299;32.0;32.0;1;1
355.121;0.0;0.0;0.0;31.99145299145299;31.99145299145299;32.0;32.0;1;1
355.232;0.0;0.0;0.0;31.99145299145299;31.99145299145299;32.0;32.0;1;1
355.342;0.0;0.0;0.0;31.99145299145299;31.99145299145299;32.0;32.0;1;1
355.453;0.0;0.0;0.0;31.99145299145299;31.99145299145299;32.0;32.0;1;1
355.566;0.0;0.0;0.0;31.99145299145299;31.99145299145299;32.0;32.0;1;1
355.668;0.0;0.0;0.0;31.99145299145299;31.99145299145299;32.0;32.0;1;1
355.774;0.0;0.0;0.0;31.99145299145299;31.99145299145299;32.0;32.0;1;1
355.876;0.0;0.0;0.0;31.99145299145299;31.99145299145299;32.0;32.0;1;1
355.997;0.0;0.0;0.0;31.99145299145299;31.99145299145299;32.0;32.0;1;1
356.107;0.0;0.0;0.0;31.99145299145299;31.99145299145299;32.0;32.0;1;1
356.208;0.0;0.0;0.0;31.99145299145299;31.99145299145299;32.0;32.0;1;1
356.313;0.0;0.0;0.0;31.99145299145299;31.99145299145299;32.0;32.0;1;1
356.43;0.0;0.0;0.0;31.99145299145299;31.99145299145299;32.0;32.0;1;1
356.541;0.0;0.0;0.0;31.99145299145299;31.99145299145299;32.0;32.0;1;1
356.647;0.0;0.0;0.0;31.99145299145299;31.99145299145299;32.0;32.0;1;1
356.761;0.0;0.0;0.0;31.99145299145299;31.99145299145299;32.0;32.0;1;1
356.87;0.0;0.0;0.0;31.99145299145299;31.99145299145299;32.0;32.0;1;1
356.982;0.0;0.0;0.0;31.99145299145299;31.99145299145299;32.0;32.0;1;1
357.091;0.0;0.0;0.0;31.99145299145299;31.99145299145299;32.0;32.0;1;1
357.202;0.0;0.0;0.0;32.05128205128205;31.99145299145299;32.0;32.0;1;1
357.312;0.0;0.0;0.0;32.05128205128205;31.99145299145299;32.0;32.0;1;1
357.43;0.0;0.0;0.0;32.05128205128205;31.99145299145299;32.0;32.0;1;1
357.542;0.0;0.0;0.0;32.05128205128205;31.99145299145299;32.0;32.0;1;1
357.654;0.0;0.0;0.0;32.05128205128205;31.99145299145299;32.0;32.0;1;1
357.762;0.0;0.0;0.0;32.05128205128205;31.99145299145299;32.0;32.0;1;1
357.866;0.0;0.0;0.0;32.05128205128205;31.99145299145299;32.0;32.0;1;1
357.969;0.0;0.0;0.0;32.05128205128205;31.99145299145299;32.0;32.0;1;1
358.078;0.0;0.0;0.0;32.05128205128205;31.99145299145299;32.0;32.0;1;1
358.187;0.0;0.0;0.0;31.99145299145299;31.99145299145299;32.0;32.0;1;1
358.292;0.0;0.0;0.0;31.99145299145299;31.99145299145299;32.0;32.0;1;1
358.395;0.0;0.0;0.0;31.99145299145299;31.99145299145299;32.0;32.0;1;1
358.521;0.0;0.0;0.0;31.99145299145299;31.99145299145299;32.0;32.0;1;1
358.631;0.0;0.0;0.0;31.99145299145299;31.99145299145299;32.0;32.0;1;1
358.744;0.0;0.0;0.0;31.99145299145299;31.99145299145299;32.0;32.0;1;1
358.862;0.0;0.0;0.0;31.99145299145299;31.99145299145299;32.0;32.0;1;1
358.965;0.0;0.0;0.0;31.99145299145299;31.99145299145299;32.0;32.0;1;1
359.082;0.0;0.0;0.0;31.99145299145299;31.99145299145299;32.0;32.0;1;1
359.187;0.0;0.0;0.0;31.99145299145299;31.99145299145299;32.0;32.0;1;1
359.3;0.0;0.0;0.0;31.99145299145299;31.99145299145299;32.0;32.0;1;1
359.41;0.0;0.0;0.0;31.99145299145299;31.99145299145299;32.0;32.0;1;1
359.512;0.0;0.0;0.0;31.99145299145299;31.99145299145299;32.0;32.0;1;1
359.618;0.0;0.0;0.0;31.99145299145299;31.99145299145299;32.0;32.0;1;1
359.729;0.0;0.0;0.0;31.99145299145299;31.99145299145299;32.0;32.0;1;1
359.838;0.0;0.0;0.0;31.99145299145299;31.99145299145299;32.0;32.0;1;1
359.953;0.0;0.0;0.0;31.99145299145299;31.99145299145299;32.0;32.0;1;1
360.063;0.0;0.0;0.0;31.99145299145299;31.99145299145299;32.0;32.0;1;1
360.175;0.0;0.0;0.0;31.99145299145299;31.99145299145299;32.0;32.0;1;1
360.288;0.0;0.0;0.0;31.99145299145299;31.99145299145299;32.0;32.0;1;1
360.4;0.0;0.0;0.0;31.99145299145299;31.99145299145299;32.0;32.0;1;1
360.509;0.0;0.0;0.0;31.99145299145299;31.99145299145299;32.0;32.0;1;1
360.622;0.0;0.0;0.0;31.99145299145299;31.99145299145299;32.0;32.0;1;1
360.731;0.0;0.0;0.0;31.99145299145299;31.99145299145299;32.0;32.0;1;1
360.842;0.0;0.0;0.0;31.99145299145299;31.99145299145299;32.0;32.0;1;1
360.953;0.0;0.0;0.0;31.99145299145299;31.99145299145299;32.0;32.0;1;1
361.053;0.0;0.0;0.0;31.99145299145299;31.99145299145299;32.0;32.0;1;1
361.156;0.0;0.0;0.0;31.99145299145299;31.99145299145299;32.0;32.0;1;1
361.269;0.0;0.0;0.0;31.99145299145299;31.99145299145299;32.0;32.0;1;1
361.38;0.0;0.0;0.0;31.99145299145299;31.99145299145299;32.0;32.0;1;1
361.492;0.0;0.0;0.0;31.99145299145299;31.99145299145299;32.0;32.0;1;1
361.606;0.0;0.0;0.0;31.99145299145299;31.99145299145299;32.0;32.0;1;1
361.714;0.0;0.0;0.0;31.99145299145299;31.99145299145299;32.0;32.0;1;1
361.828;0.0;0.0;0.0;31.99145299145299;31.99145299145299;32.0;32.0;1;1
361.935;0.0;0.0;0.0;31.99145299145299;31.99145299145299;32.0;32.0;1;1
362.046;0.0;0.0;0.0;31.99145299145299;31.99145299145299;32.0;32.0;1;1
362.157;0.0;0.0;0.0;31.99145299145299;31.99145299145299;32.0;32.0;1;1
362.269;0.0;0.0;0.0;31.99145299145299;31.99145299145299;32.0;32.0;1;1
362.378;0.0;0.0;0.0;31.99145299145299;31.99145299145299;32.0;32.0;1;1
362.488;0.0;0.0;0.0;31.99145299145299;31.99145299145299;32.0;32.0;1;1
362.589;0.0;0.0;0.0;31.99145299145299;31.99145299145299;32.0;32.0;1;1
362.698;0.0;0.0;0.0;31.99145299145299;31.99145299145299;32.0;32.0;1;1
362.805;0.0;0.0;0.0;31.99145299145299;31.99145299145299;32.0;32.0;1;1
362.916;0.0;0.0;0.0;31.99145299145299;31.99145299145299;32.0;32.0;1;1
363.027;0.0;0.0;0.0;31.99145299145299;31.99145299145299;32.0;32.0;1;1
363.141;0.0;0.0;0.0;31.99145299145299;31.99145299145299;32.0;32.0;1;1
363.245;0.0;0.0;0.0;31.99145299145299;31.99145299145299;32.0;32.0;1;1
363.362;0.0;0.0;0.0;31.99145299145299;31.99145299145299;32.0;32.0;1;1
363.475;0.0;0.0;0.0;31.99145299145299;31.99145299145299;32.0;32.0;1;1
363.584;0.0;0.0;0.0;31.99145299145299;31.99145299145299;32.0;32.0;1;1
363.693;0.0;0.0;0.0;31.99145299145299;31.99145299145299;32.0;32.0;1;1
363.803;0.0;0.0;0.0;31.99145299145299;31.99145299145299;32.0;32.0;1;1
363.914;0.0;0.0;0.0;31.99145299145299;31.99145299145299;32.0;32.0;1;1
364.022;0.0;0.0;0.0;31.99145299145299;31.99145299145299;32.0;32.0;1;1
364.136;0.0;0.0;0.0;31.99145299145299;31.99145299145299;32.0;32.0;1;1
364.247;0.0;0.0;0.0;31.99145299145299;31.99145299145299;32.0;32.0;1;1
364.359;0.0;0.0;0.0;31.99145299145299;31.99145299145299;32.0;32.0;1;1
364.465;0.0;0.0;0.0;31.99145299145299;31.99145299145299;32.0;32.0;1;1
364.576;0.0;0.0;0.0;31.99145299145299;31.99145299145299;32.0;32.0;1;1
364.686;0.0;0.0;0.0;31.99145299145299;31.99145299145299;32.0;32.0;1;1
364.802;0.0;0.0;0.0;31.99145299145299;31.99145299145299;32.0;32.0;1;1
364.908;0.0;0.0;0.0;31.99145299145299;31.99145299145299;32.0;32.0;1;1
365.009;0.0;0.0;0.0;31.99145299145299;31.99145299145299;32.0;32.0;1;1
365.119;0.0;0.0;0.0;31.99145299145299;31.99145299145299;32.0;32.0;1;1
365.233;0.0;0.0;0.0;31.99145299145299;31.99145299145299;32.0;32.0;1;1
365.339;0.0;0.0;0.0;31.99145299145299;31.99145299145299;32.0;32.0;1;1
365.451;0.0;0.0;0.0;31.99145299145299;31.99145299145299;32.0;32.0;1;1
365.561;0.0;0.0;0.0;31.99145299145299;31.99145299145299;32.0;32.0;1;1
365.671;0.0;0.0;0.0;31.99145299145299;31.99145299145299;32.0;32.0;1;1
365.784;0.0;0.0;0.0;31.99145299145299;31.99145299145299;32.0;32.0;1;1
365.886;0.0;0.0;0.0;31.99145299145299;31.99145299145299;32.0;32.0;1;1
365.991;0.0;0.0;0.0;31.99145299145299;31.99145299145299;32.0;32.0;1;1
366.092;0.0;0.0;0.0;31.99145299145299;31.99145299145299;32.0;32.0;1;1
366.193;0.0;0.0;0.0;31.99145299145299;31.99145299145299;32.0;32.0;1;1
366.293;0.0;0.0;0.0;31.99145299145299;31.99145299145299;32.0;32.0;1;1
366.394;0.0;0.0;0.0;31.99145299145299;31.99145299145299;32.0;32.0;1;1
366.494;0.0;0.0;0.0;31.99145299145299;31.99145299145299;32.0;32.0;1;1
366.598;0.0;0.0;0.0;31.99145299145299;31.99145299145299;32.0;32.0;1;1
366.699;0.0;0.0;0.0;31.99145299145299;31.99145299145299;32.0;32.0;1;1
366.803;0.0;0.0;0.0;31.99145299145299;31.99145299145299;32.0;32.0;1;1
366.904;0.0;0.0;0.0;31.99145299145299;31.99145299145299;32.0;32.0;1;1
367.012;0.0;0.0;0.0;31.99145299145299;31.99145299145299;32.0;32.0;1;1
367.113;0.0;0.0;0.0;31.99145299145299;31.99145299145299;32.0;32.0;1;1
367.217;0.0;0.0;0.0;31.99145299145299;31.99145299145299;32.0;32.0;1;1
367.329;0.0;0.0;0.0;31.99145299145299;31.99145299145299;32.0;32.0;1;1
367.445;0.0;0.0;0.0;31.99145299145299;31.99145299145299;32.0;32.0;1;1
367.552;0.0;0.0;0.0;31.99145299145299;31.99145299145299;32.0;32.0;1;1
367.663;0.0;0.0;0.0;31.99145299145299;31.99145299145299;32.0;32.0;1;1
367.773;0.0;0.0;0.0;31.99145299145299;31.99145299145299;32.0;32.0;1;1
367.876;0.0;0.0;0.0;31.99145299145299;31.99145299145299;32.0;32.0;1;1
367.981;0.0;0.0;0.0;31.99145299145299;31.99145299145299;32.0;32.0;1;1
368.093;0.0;0.0;0.0;31.99145299145299;31.99145299145299;32.0;32.0;1;1
368.202;0.0;0.0;0.0;31.99145299145299;31.99145299145299;32.0;32.0;1;1
368.302;0.0;0.0;0.0;31.99145299145299;31.99145299145299;32.0;32.0;1;1
368.403;0.0;0.0;0.0;31.99145299145299;31.99145299145299;32.0;32.0;1;1
368.503;0.0;0.0;0.0;31.99145299145299;31.99145299145299;32.0;32.0;1;1
368.604;0.0;0.0;0.0;31.99145299145299;31.99145299145299;32.0;32.0;1;1
368.708;0.0;0.0;0.0;31.99145299145299;31.99145299145299;32.0;32.0;1;1
368.812;0.0;0.0;0.0;31.99145299145299;31.99145299145299;32.0;32.0;1;1
368.913;0.0;0.0;0.0;31.99145299145299;31.99145299145299;32.0;32.0;1;1
369.017;0.0;0.0;0.0;31.99145299145299;31.99145299145299;32.0;32.0;1;1
369.119;0.0;0.0;0.0;31.99145299145299;31.99145299145299;32.0;32.0;1;1
369.219;0.0;0.0;0.0;31.99145299145299;31.99145299145299;32.0;32.0;1;1
369.332;0.0;0.0;0.0;31.99145299145299;31.99145299145299;32.0;32.0;1;1
369.445;0.0;0.0;0.0;31.99145299145299;31.99145299145299;32.0;32.0;1;1
369.547;0.0;0.0;0.0;31.99145299145299;31.99145299145299;32.0;32.0;1;1
369.648;0.0;0.0;0.0;31.99145299145299;31.99145299145299;32.0;32.0;1;1
369.765;0.0;0.0;0.0;31.99145299145299;31.99145299145299;32.0;32.0;1;1
369.874;0.0;0.0;0.0;31.99145299145299;31.99145299145299;32.0;32.0;1;1
369.981;0.0;0.0;0.0;31.99145299145299;31.99145299145299;32.0;32.0;1;1
370.094;0.0;0.0;0.0;31.99145299145299;31.99145299145299;32.0;32.0;1;1
370.205;0.0;0.0;0.0;31.99145299145299;31.99145299145299;32.0;32.0;1;1
370.307;0.0;0.0;0.0;31.99145299145299;31.99145299145299;32.0;32.0;1;1
370.412;0.0;0.0;0.0;31.99145299145299;31.99145299145299;32.0;32.0;1;1
370.528;0.0;0.0;0.0;31.99145299145299;31.99145299145299;32.0;32.0;1;1
370.641;0.0;0.0;0.0;31.99145299145299;31.99145299145299;32.0;32.0;1;1
370.747;0.0;0.0;0.0;31.99145299145299;31.99145299145299;32.0;32.0;1;1
370.861;0.0;0.0;0.0;31.99145299145299;31.99145299145299;32.0;32.0;1;1
370.966;0.0;0.0;0.0;31.99145299145299;31.99145299145299;32.0;32.0;1;1
371.068;0.0;0.0;0.0;31.99145299145299;31.99145299145299;32.0;32.0;1;1
371.179;0.0;0.0;0.0;31.99145299145299;31.99145299145299;32.0;32.0;1;1
371.288;0.0;0.0;0.0;31.99145299145299;31.99145299145299;32.0;32.0;1;1
371.388;0.0;0.0;0.0;31.99145299145299;31.99145299145299;32.0;32.0;1;1
371.489;0.0;0.0;0.0;31.99145299145299;31.99145299145299;32.0;32.0;1;1
371.589;0.0;0.0;0.0;31.99145299145299;31.99145299145299;32.0;32.0;1;1
371.69;0.0;0.0;0.0;31.99145299145299;31.99145299145299;32.0;32.0;1;1
371.79;0.0;0.0;0.0;31.99145299145299;31.99145299145299;32.0;32.0;1;1
371.892;0.0;0.0;0.0;31.99145299145299;31.99145299145299;32.0;32.0;1;1
371.993;0.0;0.0;0.0;31.99145299145299;31.99145299145299;32.0;32.0;1;1
372.096;0.0;0.0;0.0;31.99145299145299;31.99145299145299;32.0;32.0;1;1
372.201;0.0;0.0;0.0;31.99145299145299;31.99145299145299;32.0;32.0;1;1
372.302;0.0;0.0;0.0;31.99145299145299;31.99145299145299;32.0;32.0;1;1
372.407;0.0;0.0;0.0;31.99145299145299;31.99145299145299;32.0;32.0;1;1
372.517;0.0;0.0;0.0;31.99145299145299;31.99145299145299;32.0;32.0;1;1
372.626;0.0;0.0;0.0;31.99145299145299;31.99145299145299;32.0;32.0;1;1
372.727;0.0;0.0;0.0;31.99145299145299;31.99145299145299;32.0;32.0;1;1
372.832;0.0;0.0;0.0;31.99145299145299;31.99145299145299;32.0;32.0;1;1
372.947;0.0;0.0;0.0;31.99145299145299;31.99145299145299;32.0;32.0;1;1
373.055;0.0;0.0;0.0;31.99145299145299;31.99145299145299;32.0;32.0;1;1
373.169;0.0;0.0;0.0;31.99145299145299;31.99145299145299;32.0;32.0;1;1
373.28;0.0;0.0;0.0;31.99145299145299;31.99145299145299;32.0;32.0;1;1
373.392;0.0;0.0;0.0;31.99145299145299;31.99145299145299;32.0;32.0;1;1
373.504;0.0;0.0;0.0;31.99145299145299;31.99145299145299;32.0;32.0;1;1
373.604;0.0;0.0;0.0;31.99145299145299;31.99145299145299;32.0;32.0;1;1
373.709;0.0;0.0;0.0;31.99145299145299;31.99145299145299;32.0;32.0;1;1
373.809;0.0;0.0;0.0;31.99145299145299;31.99145299145299;32.0;32.0;1;1
373.91;0.0;0.0;0.0;31.99145299145299;31.99145299145299;32.0;32.0;1;1
374.01;0.0;0.0;0.0;31.99145299145299;31.99145299145299;32.0;32.0;1;1
374.112;0.0;0.0;0.0;31.99145299145299;31.99145299145299;32.0;32.0;1;1
374.212;0.0;0.0;0.0;31.99145299145299;31.99145299145299;32.0;32.0;1;1
374.314;0.0;0.0;0.0;31.99145299145299;31.99145299145299;32.0;32.0;1;1
374.415;0.0;0.0;0.0;31.99145299145299;31.99145299145299;32.0;32.0;1;1
374.526;0.0;0.0;0.0;31.99145299145299;31.99145299145299;32.0;32.0;1;1
374.627;0.0;0.0;0.0;31.99145299145299;31.99145299145299;32.0;32.0;1;1
374.732;0.0;0.0;0.0;31.99145299145299;31.99145299145299;32.0;32.0;1;1
374.832;0.0;0.0;0.0;31.99145299145299;31.99145299145299;32.0;32.0;1;1
374.935;0.0;0.0;0.0;31.99145299145299;31.99145299145299;32.0;32.0;1;1
375.051;0.0;0.0;0.0;31.99145299145299;31.99145299145299;32.0;32.0;1;1
375.16;0.0;0.0;0.0;31.99145299145299;31.99145299145299;32.0;32.0;1;1
375.268;0.0;0.0;0.0;31.99145299145299;31.99145299145299;32.0;32.0;1;1
375.37;0.0;0.0;0.0;31.99145299145299;31.99145299145299;32.0;32.0;1;1
375.475;0.0;0.0;0.0;31.99145299145299;31.99145299145299;32.0;32.0;1;1
375.575;0.0;0.0;0.0;31.99145299145299;31.99145299145299;32.0;32.0;1;1
375.676;0.0;0.0;0.0;31.99145299145299;31.99145299145299;32.0;32.0;1;1
375.776;0.0;0.0;0.0;31.99145299145299;31.99145299145299;32.0;32.0;1;1
375.877;0.0;0.0;0.0;31.99145299145299;31.99145299145299;32.0;32.0;1;1
375.978;0.0;0.0;0.0;31.99145299145299;31.99145299145299;32.0;32.0;1;1
376.08;0.0;0.0;0.0;31.99145299145299;31.99145299145299;32.0;32.0;1;1
376.181;0.0;0.0;0.0;31.99145299145299;31.99145299145299;32.0;32.0;1;1
376.284;0.0;0.0;0.0;31.99145299145299;31.99145299145299;32.0;32.0;1;1
376.388;0.0;0.0;0.0;31.99145299145299;31.99145299145299;32.0;32.0;1;1
376.488;0.0;0.0;0.0;31.99145299145299;31.99145299145299;32.0;32.0;1;1
376.59;0.0;0.0;0.0;31.99145299145299;31.99145299145299;32.0;32.0;1;1
376.702;0.0;0.0;0.0;31.99145299145299;31.99145299145299;32.0;32.0;1;1
376.818;0.0;0.0;0.0;31.99145299145299;31.99145299145299;32.0;32.0;1;1
376.926;0.0;0.0;0.0;31.99145299145299;31.99145299145299;32.0;32.0;1;1
377.04;0.0;0.0;0.0;31.99145299145299;31.99145299145299;32.0;32.0;1;1
377.15;0.0;0.0;0.0;31.99145299145299;31.99145299145299;32.0;32.0;1;1
377.264;0.0;0.0;0.0;32.05128205128205;31.99145299145299;32.0;32.0;1;1
377.37;0.0;0.0;0.0;32.05128205128205;31.99145299145299;32.0;32.0;1;1
377.485;0.0;0.0;0.0;32.05128205128205;31.99145299145299;32.0;32.0;1;1
377.59;0.0;0.0;0.0;32.05128205128205;31.99145299145299;32.0;32.0;1;1
377.705;0.0;0.0;0.0;32.05128205128205;31.99145299145299;32.0;32.0;1;1
377.813;0.0;0.0;0.0;32.05128205128205;31.99145299145299;32.0;32.0;1;1
377.923;0.0;0.0;0.0;32.05128205128205;31.99145299145299;32.0;32.0;1;1
378.024;0.0;0.0;0.0;32.05128205128205;31.99145299145299;32.0;32.0;1;1
378.146;0.0;0.0;0.0;32.05128205128205;31.99145299145299;32.0;32.0;1;1
378.256;0.0;0.0;0.0;32.05128205128205;31.99145299145299;32.0;32.0;1;1
378.368;0.0;0.0;0.0;32.05128205128205;31.99145299145299;32.0;32.0;1;1
378.483;0.0;0.0;0.0;32.05128205128205;31.99145299145299;32.0;32.0;1;1
378.59;0.0;0.0;0.0;32.05128205128205;31.99145299145299;32.0;32.0;1;1
378.704;0.0;0.0;0.0;32.05128205128205;31.99145299145299;32.0;32.0;1;1
378.814;0.0;0.0;0.0;32.05128205128205;31.99145299145299;32.0;32.0;1;1
378.928;0.0;0.0;0.0;32.05128205128205;31.99145299145299;32.0;32.0;1;1
379.029;0.0;0.0;0.0;32.05128205128205;31.99145299145299;32.0;32.0;1;1
379.138;0.0;0.0;0.0;32.05128205128205;31.99145299145299;32.0;32.0;1;1
379.246;0.0;0.0;0.0;31.99145299145299;31.99145299145299;32.0;32.0;1;1
379.357;0.0;0.0;0.0;31.99145299145299;31.99145299145299;32.0;32.0;1;1
379.464;0.0;0.0;0.0;31.99145299145299;31.99145299145299;32.0;32.0;1;1
379.565;0.0;0.0;0.0;31.99145299145299;31.99145299145299;32.0;32.0;1;1
379.672;0.0;0.0;0.0;31.99145299145299;31.99145299145299;32.0;32.0;1;1
379.772;0.0;0.0;0.0;31.99145299145299;31.99145299145299;32.0;32.0;1;1
379.878;0.0;0.0;0.0;31.99145299145299;31.99145299145299;32.0;32.0;1;1
379.978;0.0;0.0;0.0;31.99145299145299;31.99145299145299;32.0;32.0;1;1
380.079;0.0;0.0;0.0;31.99145299145299;31.99145299145299;32.0;32.0;1;1
380.18;0.0;0.0;0.0;31.99145299145299;31.99145299145299;32.0;32.0;1;1
380.28;0.0;0.0;0.0;31.99145299145299;31.99145299145299;32.0;32.0;1;1
380.381;0.0;0.0;0.0;31.99145299145299;31.99145299145299;32.0;32.0;1;1
380.483;0.0;0.0;0.0;31.99145299145299;31.99145299145299;32.0;32.0;1;1
380.584;0.0;0.0;0.0;31.99145299145299;31.99145299145299;32.0;32.0;1;1
380.694;0.0;0.0;0.0;31.99145299145299;31.99145299145299;32.0;32.0;1;1
380.803;0.0;0.0;0.0;31.99145299145299;31.99145299145299;32.0;32.0;1;1
380.904;0.0;0.0;0.0;31.99145299145299;31.99145299145299;32.0;32.0;1;1
381.006;0.0;0.0;0.0;31.99145299145299;31.99145299145299;32.0;32.0;1;1
381.107;0.0;0.0;0.0;31.99145299145299;31.99145299145299;32.0;32.0;1;1
381.214;0.0;0.0;0.0;31.99145299145299;31.99145299145299;32.0;32.0;1;1
381.346;0.0;0.0;0.0;31.99145299145299;31.99145299145299;32.0;32.0;1;1
381.452;0.0;0.0;0.0;31.99145299145299;31.99145299145299;32.0;32.0;1;1
381.56;0.0;0.0;0.0;31.99145299145299;31.99145299145299;32.0;32.0;1;1
381.678;0.0;0.0;0.0;31.99145299145299;31.99145299145299;32.0;32.0;1;1
381.785;0.0;0.0;0.0;31.99145299145299;31.99145299145299;32.0;32.0;1;1
381.886;0.0;0.0;0.0;31.99145299145299;31.99145299145299;32.0;32.0;1;1
381.992;0.0;0.0;0.0;31.99145299145299;31.99145299145299;32.0;32.0;1;1
382.108;0.0;0.0;0.0;31.99145299145299;31.99145299145299;32.0;32.0;1;1
382.215;0.0;0.0;0.0;31.99145299145299;31.99145299145299;32.0;32.0;1;1
382.331;0.0;0.0;0.0;31.99145299145299;31.99145299145299;32.0;32.0;1;1
382.437;0.0;0.0;0.0;31.99145299145299;31.99145299145299;32.0;32.0;1;1
382.548;0.0;0.0;0.0;31.99145299145299;31.99145299145299;32.0;32.0;1;1
382.661;0.0;0.0;0.0;31.99145299145299;31.99145299145299;32.0;32.0;1;1
382.773;0.0;0.0;0.0;31.99145299145299;31.99145299145299;32.0;32.0;1;1
382.876;0.0;0.0;0.0;31.99145299145299;31.99145299145299;32.0;32.0;1;1
382.977;0.0;0.0;0.0;31.99145299145299;31.99145299145299;32.0;32.0;1;1
383.092;0.0;0.0;0.0;31.99145299145299;31.99145299145299;32.0;32.0;1;1
383.203;0.0;0.0;0.0;31.99145299145299;31.99145299145299;32.0;32.0;1;1
383.314;0.0;0.0;0.0;31.99145299145299;31.99145299145299;32.0;32.0;1;1
383.421;0.0;0.0;0.0;31.99145299145299;31.99145299145299;32.0;32.0;1;1
383.533;0.0;0.0;0.0;31.99145299145299;31.99145299145299;32.0;32.0;1;1
383.633;0.0;0.0;0.0;31.99145299145299;31.99145299145299;32.0;32.0;1;1
383.737;0.0;0.0;0.0;31.99145299145299;31.99145299145299;32.0;32.0;1;1
383.837;0.0;0.0;0.0;31.99145299145299;31.99145299145299;32.0;32.0;1;1
383.938;0.0;0.0;0.0;31.99145299145299;31.99145299145299;32.0;32.0;1;1
384.038;0.0;0.0;0.0;31.99145299145299;31.99145299145299;32.0;32.0;1;1
384.139;0.0;0.0;0.0;31.99145299145299;31.99145299145299;32.0;32.0;1;1
384.24;0.0;0.0;0.0;32.05128205128205;31.99145299145299;32.0;32.0;1;1
384.341;0.0;0.0;0.0;32.05128205128205;31.99145299145299;32.0;32.0;1;1
384.443;0.0;0.0;0.0;32.05128205128205;31.99145299145299;32.0;32.0;1;1
384.549;0.0;0.0;0.0;32.05128205128205;31.99145299145299;32.0;32.0;1;1
384.66;0.0;0.0;0.0;32.05128205128205;31.99145299145299;32.0;32.0;1;1
384.761;0.0;0.0;0.0;32.05128205128205;31.99145299145299;32.0;32.0;1;1
384.87;0.0;0.0;0.0;32.05128205128205;31.99145299145299;32.0;32.0;1;1
384.98;0.0;0.0;0.0;32.05128205128205;31.99145299145299;32.0;32.0;1;1
385.09;0.0;0.0;0.0;32.05128205128205;31.99145299145299;32.0;32.0;1;1
385.201;0.0;0.0;0.0;31.99145299145299;31.99145299145299;32.0;32.0;1;1
385.301;0.0;0.0;0.0;31.99145299145299;31.99145299145299;32.0;32.0;1;1
385.402;0.0;0.0;0.0;31.99145299145299;31.99145299145299;32.0;32.0;1;1
385.516;0.0;0.0;0.0;31.99145299145299;31.99145299145299;32.0;32.0;1;1
385.625;0.0;0.0;0.0;31.99145299145299;31.99145299145299;32.0;32.0;1;1
385.736;0.0;0.0;0.0;31.99145299145299;31.99145299145299;32.0;32.0;1;1
385.848;0.0;0.0;0.0;31.99145299145299;31.99145299145299;32.0;32.0;1;1
385.959;0.0;0.0;0.0;31.99145299145299;31.99145299145299;32.0;32.0;1;1
386.068;0.0;0.0;0.0;31.99145299145299;31.99145299145299;32.0;32.0;1;1
386.185;0.0;0.0;0.0;31.99145299145299;31.99145299145299;32.0;32.0;1;1
386.292;0.0;0.0;0.0;31.99145299145299;31.99145299145299;32.0;32.0;1;1
386.401;0.0;0.0;0.0;31.99145299145299;31.99145299145299;32.0;32.0;1;1
386.514;0.0;0.0;0.0;31.99145299145299;31.99145299145299;32.0;32.0;1;1
386.624;0.0;0.0;0.0;31.99145299145299;31.99145299145299;32.0;32.0;1;1
386.734;0.0;0.0;0.0;31.99145299145299;31.99145299145299;32.0;32.0;1;1
386.849;0.0;0.0;0.0;31.99145299145299;31.99145299145299;32.0;32.0;1;1
386.959;0.0;0.0;0.0;31.99145299145299;31.99145299145299;32.0;32.0;1;1
387.06;0.0;0.0;0.0;31.99145299145299;31.99145299145299;32.0;32.0;1;1
387.181;0.0;0.0;0.0;31.99145299145299;31.99145299145299;32.0;32.0;1;1
387.294;0.0;0.0;0.0;31.99145299145299;31.99145299145299;32.0;32.0;1;1
387.402;0.0;0.0;0.0;31.99145299145299;31.99145299145299;32.0;32.0;1;1
387.52;0.0;0.0;0.0;31.99145299145299;31.99145299145299;32.0;32.0;1;1
387.625;0.0;0.0;0.0;31.99145299145299;31.99145299145299;32.0;32.0;1;1
387.737;0.0;0.0;0.0;31.99145299145299;31.99145299145299;32.0;32.0;1;1
387.838;0.0;0.0;0.0;31.99145299145299;31.99145299145299;32.0;32.0;1;1
387.946;0.0;0.0;0.0;31.99145299145299;31.99145299145299;32.0;32.0;1;1
388.046;0.0;0.0;0.0;31.99145299145299;31.99145299145299;32.0;32.0;1;1
388.15;0.0;0.0;0.0;31.99145299145299;31.99145299145299;32.0;32.0;1;1
388.251;0.0;0.0;0.0;31.99145299145299;31.99145299145299;32.0;32.0;1;1
388.352;0.0;0.0;0.0;31.99145299145299;31.99145299145299;32.0;32.0;1;1
388.452;0.0;0.0;0.0;31.99145299145299;31.99145299145299;32.0;32.0;1;1
388.552;0.0;0.0;0.0;31.99145299145299;31.99145299145299;32.0;32.0;1;1
388.653;0.0;0.0;0.0;31.99145299145299;31.99145299145299;32.0;32.0;1;1
388.754;0.0;0.0;0.0;31.99145299145299;31.99145299145299;32.0;32.0;1;1
388.854;0.0;0.0;0.0;31.99145299145299;31.99145299145299;32.0;32.0;1;1
388.954;0.0;0.0;0.0;31.99145299145299;31.99145299145299;32.0;32.0;1;1
389.06;0.0;0.0;0.0;31.99145299145299;31.99145299145299;32.0;32.0;1;1
389.17;0.0;0.0;0.0;31.99145299145299;31.99145299145299;32.0;32.0;1;1
389.271;0.0;0.0;0.0;31.99145299145299;31.99145299145299;32.0;32.0;1;1
389.372;0.0;0.0;0.0;31.99145299145299;31.99145299145299;32.0;32.0;1;1
389.487;0.0;0.0;0.0;31.99145299145299;31.99145299145299;32.0;32.0;1;1
389.595;0.0;0.0;0.0;31.99145299145299;31.99145299145299;32.0;32.0;1;1
389.705;0.0;0.0;0.0;31.99145299145299;31.99145299145299;32.0;32.0;1;1
389.807;0.0;0.0;0.0;31.99145299145299;31.99145299145299;32.0;32.0;1;1
389.914;0.0;0.0;0.0;31.99145299145299;31.99145299145299;32.0;32.0;1;1
390.015;0.0;0.0;0.0;31.99145299145299;31.99145299145299;32.0;32.0;1;1
390.147;0.0;0.0;0.0;31.99145299145299;31.99145299145299;32.0;32.0;1;1
390.254;0.0;0.0;0.0;31.99145299145299;31.99145299145299;32.0;32.0;1;1
390.36;0.0;0.0;0.0;31.99145299145299;31.99145299145299;32.0;32.0;1;1
390.47;0.0;0.0;0.0;31.99145299145299;31.99145299145299;32.0;32.0;1;1
390.571;0.0;0.0;0.0;31.99145299145299;31.99145299145299;32.0;32.0;1;1
390.678;0.0;0.0;0.0;31.99145299145299;31.99145299145299;32.0;32.0;1;1
390.79;0.0;0.0;0.0;31.99145299145299;31.99145299145299;32.0;32.0;1;1
390.901;0.0;0.0;0.0;31.99145299145299;31.99145299145299;32.0;32.0;1;1
391.014;0.0;0.0;0.0;31.99145299145299;31.99145299145299;32.0;32.0;1;1
391.122;0.0;0.0;0.0;31.99145299145299;31.99145299145299;32.0;32.0;1;1
391.24;0.0;0.0;0.0;31.99145299145299;31.99145299145299;32.0;32.0;1;1
391.343;0.0;0.0;0.0;31.99145299145299;31.99145299145299;32.0;32.0;1;1
391.458;0.0;0.0;0.0;31.99145299145299;31.99145299145299;32.0;32.0;1;1
391.565;0.0;0.0;0.0;31.99145299145299;31.99145299145299;32.0;32.0;1;1
391.666;0.0;0.0;0.0;31.99145299145299;31.99145299145299;32.0;32.0;1;1
391.771;0.0;0.0;0.0;31.99145299145299;31.99145299145299;32.0;32.0;1;1
391.884;0.0;0.0;0.0;31.99145299145299;31.99145299145299;32.0;32.0;1;1
391.995;0.0;0.0;0.0;31.99145299145299;31.99145299145299;32.0;32.0;1;1
392.111;0.0;0.0;0.0;31.99145299145299;31.99145299145299;32.0;32.0;1;1
392.215;0.0;0.0;0.0;31.99145299145299;31.99145299145299;32.0;32.0;1;1
392.327;0.0;0.0;0.0;31.99145299145299;31.99145299145299;32.0;32.0;1;1
392.428;0.0;0.0;0.0;31.99145299145299;31.99145299145299;32.0;32.0;1;1
392.533;0.0;0.0;0.0;31.99145299145299;31.99145299145299;32.0;32.0;1;1
392.633;0.0;0.0;0.0;31.99145299145299;31.99145299145299;32.0;32.0;1;1
392.734;0.0;0.0;0.0;31.99145299145299;31.99145299145299;32.0;32.0;1;1
392.834;0.0;0.0;0.0;31.99145299145299;31.99145299145299;32.0;32.0;1;1
392.934;0.0;0.0;0.0;31.99145299145299;31.99145299145299;32.0;32.0;1;1
393.035;0.0;0.0;0.0;31.99145299145299;31.99145299145299;32.0;32.0;1;1
393.138;0.0;0.0;0.0;31.99145299145299;31.99145299145299;32.0;32.0;1;1
393.239;0.0;0.0;0.0;31.99145299145299;31.99145299145299;32.0;32.0;1;1
393.34;0.0;0.0;0.0;31.99145299145299;31.99145299145299;32.0;32.0;1;1
393.442;0.0;0.0;0.0;31.99145299145299;31.99145299145299;32.0;32.0;1;1
393.543;0.0;0.0;0.0;31.99145299145299;31.99145299145299;32.0;32.0;1;1
393.648;0.0;0.0;0.0;31.99145299145299;31.99145299145299;32.0;32.0;1;1
393.759;0.0;0.0;0.0;31.99145299145299;31.99145299145299;32.0;32.0;1;1
393.867;0.0;0.0;0.0;31.99145299145299;31.99145299145299;32.0;32.0;1;1
393.982;0.0;0.0;0.0;31.99145299145299;31.99145299145299;32.0;32.0;1;1
394.091;0.0;0.0;0.0;31.99145299145299;31.99145299145299;32.0;32.0;1;1
394.204;0.0;0.0;0.0;31.99145299145299;31.99145299145299;32.0;32.0;1;1
394.317;0.0;0.0;0.0;31.99145299145299;31.99145299145299;32.0;32.0;1;1
394.418;0.0;0.0;0.0;31.99145299145299;31.99145299145299;32.0;32.0;1;1
394.525;0.0;0.0;0.0;31.99145299145299;31.99145299145299;32.0;32.0;1;1
394.639;0.0;0.0;0.0;31.99145299145299;31.99145299145299;32.0;32.0;1;1
394.743;0.0;0.0;0.0;31.99145299145299;31.99145299145299;32.0;32.0;1;1
394.857;0.0;0.0;0.0;31.99145299145299;31.99145299145299;32.0;32.0;1;1
394.966;0.0;0.0;0.0;31.99145299145299;31.99145299145299;32.0;32.0;1;1
395.082;0.0;0.0;0.0;31.99145299145299;31.99145299145299;32.0;32.0;1;1
395.189;0.0;0.0;0.0;31.99145299145299;31.99145299145299;32.0;32.0;1;1
395.29;0.0;0.0;0.0;31.99145299145299;31.99145299145299;32.0;32.0;1;1
395.397;0.0;0.0;0.0;31.99145299145299;31.99145299145299;32.0;32.0;1;1
395.51;0.0;0.0;0.0;31.99145299145299;31.99145299145299;32.0;32.0;1;1
395.617;0.0;0.0;0.0;31.99145299145299;31.99145299145299;32.0;32.0;1;1
395.73;0.0;0.0;0.0;31.99145299145299;31.99145299145299;32.0;32.0;1;1
395.84;0.0;0.0;0.0;31.99145299145299;31.99145299145299;32.0;32.0;1;1
395.953;0.0;0.0;0.0;31.99145299145299;31.99145299145299;32.0;32.0;1;1
396.058;0.0;0.0;0.0;31.99145299145299;31.99145299145299;32.0;32.0;1;1
396.17;0.0;0.0;0.0;31.99145299145299;31.99145299145299;32.0;32.0;1;1
396.279;0.0;0.0;0.0;31.99145299145299;31.99145299145299;32.0;32.0;1;1
396.406;0.0;0.0;0.0;31.99145299145299;31.99145299145299;32.0;32.0;1;1
396.507;0.0;0.0;0.0;31.99145299145299;31.99145299145299;32.0;32.0;1;1
396.615;0.0;0.0;0.0;31.99145299145299;31.99145299145299;32.0;32.0;1;1
396.723;0.0;0.0;0.0;31.99145299145299;31.99145299145299;32.0;32.0;1;1
396.839;0.0;0.0;0.0;31.99145299145299;31.99145299145299;32.0;32.0;1;1
396.954;0.0;0.0;0.0;31.99145299145299;31.99145299145299;32.0;32.0;1;1
397.059;0.0;0.0;0.0;31.99145299145299;31.99145299145299;32.0;32.0;1;1
397.171;0.0;0.0;0.0;31.99145299145299;31.99145299145299;32.0;32.0;1;1
397.28;0.0;0.0;0.0;31.99145299145299;31.99145299145299;32.0;32.0;1;1
397.392;0.0;0.0;0.0;31.99145299145299;31.99145299145299;32.0;32.0;1;1
397.503;0.0;0.0;0.0;31.99145299145299;31.99145299145299;32.0;32.0;1;1
397.603;0.0;0.0;0.0;31.99145299145299;31.99145299145299;32.0;32.0;1;1
397.705;0.0;0.0;0.0;31.99145299145299;31.99145299145299;32.0;32.0;1;1
397.822;0.0;0.0;0.0;31.99145299145299;31.99145299145299;32.0;32.0;1;1
397.93;0.0;0.0;0.0;31.99145299145299;31.99145299145299;32.0;32.0;1;1
398.042;0.0;0.0;0.0;31.99145299145299;31.99145299145299;32.0;32.0;1;1
398.152;0.0;0.0;0.0;31.99145299145299;31.99145299145299;32.0;32.0;1;1
398.265;0.0;0.0;0.0;32.05128205128205;31.99145299145299;32.0;32.0;1;1
398.375;0.0;0.0;0.0;32.05128205128205;31.99145299145299;32.0;32.0;1;1
398.49;0.0;0.0;0.0;32.05128205128205;31.99145299145299;32.0;32.0;1;1
398.599;0.0;0.0;0.0;32.05128205128205;31.99145299145299;32.0;32.0;1;1
398.702;0.0;0.0;0.0;32.05128205128205;31.99145299145299;32.0;32.0;1;1
398.807;0.0;0.0;0.0;32.05128205128205;31.99145299145299;32.0;32.0;1;1
398.908;0.0;0.0;0.0;32.05128205128205;31.99145299145299;32.0;32.0;1;1
399.028;0.0;0.0;0.0;32.05128205128205;31.99145299145299;32.0;32.0;1;1
399.143;0.0;0.0;0.0;32.05128205128205;31.99145299145299;32.0;32.0;1;1
399.246;0.0;0.0;0.0;31.99145299145299;31.99145299145299;32.0;32.0;1;1
399.362;0.0;0.0;0.0;31.99145299145299;31.99145299145299;32.0;32.0;1;1
399.469;0.0;0.0;0.0;31.99145299145299;31.99145299145299;32.0;32.0;1;1
399.569;0.0;0.0;0.0;31.99145299145299;31.99145299145299;32.0;32.0;1;1
399.681;0.0;0.0;0.0;31.99145299145299;31.99145299145299;32.0;32.0;1;1
399.792;0.0;0.0;0.0;31.99145299145299;31.99145299145299;32.0;32.0;1;1
399.918;0.0;0.0;0.0;31.99145299145299;31.99145299145299;32.0;32.0;1;1
400.027;0.0;0.0;0.0;31.99145299145299;31.99145299145299;32.0;32.0;1;1
400.14;0.0;0.0;0.0;31.99145299145299;31.99145299145299;32.0;32.0;1;1
400.25;0.0;0.0;0.0;31.99145299145299;31.99145299145299;32.0;32.0;1;1
400.357;0.0;0.0;0.0;31.99145299145299;31.99145299145299;32.0;32.0;1;1
400.468;0.0;0.0;0.0;31.99145299145299;31.99145299145299;32.0;32.0;1;1
400.579;0.0;0.0;0.0;31.99145299145299;31.99145299145299;32.0;32.0;1;1
400.684;0.0;0.0;0.0;31.99145299145299;31.99145299145299;32.0;32.0;1;1
400.799;0.0;0.0;0.0;31.99145299145299;31.99145299145299;32.0;32.0;1;1
400.909;0.0;0.0;0.0;31.99145299145299;31.99145299145299;32.0;32.0;1;1
401.011;0.0;0.0;0.0;31.99145299145299;31.99145299145299;32.0;32.0;1;1
401.115;0.0;0.0;0.0;31.99145299145299;31.99145299145299;32.0;32.0;1;1
401.23;0.0;0.0;0.0;31.99145299145299;31.99145299145299;32.0;32.0;1;1
401.336;0.0;0.0;0.0;31.99145299145299;31.99145299145299;32.0;32.0;1;1
401.454;0.0;0.0;0.0;31.99145299145299;31.99145299145299;32.0;32.0;1;1
401.562;0.0;0.0;0.0;31.99145299145299;31.99145299145299;32.0;32.0;1;1
401.671;0.0;0.0;0.0;31.99145299145299;31.99145299145299;32.0;32.0;1;1
401.781;0.0;0.0;0.0;31.99145299145299;31.99145299145299;32.0;32.0;1;1
401.893;0.0;0.0;0.0;31.99145299145299;31.99145299145299;32.0;32.0;1;1
401.995;0.0;0.0;0.0;31.99145299145299;31.99145299145299;32.0;32.0;1;1
402.099;0.0;0.0;0.0;31.99145299145299;31.99145299145299;32.0;32.0;1;1
402.21;0.0;0.0;0.0;31.99145299145299;31.99145299145299;32.0;32.0;1;1
402.327;0.0;0.0;0.0;32.05128205128205;31.99145299145299;32.0;32.0;1;1
402.432;0.0;0.0;0.0;32.05128205128205;31.99145299145299;32.0;32.0;1;1
402.546;0.0;0.0;0.0;32.05128205128205;31.99145299145299;32.0;32.0;1;1
402.654;0.0;0.0;0.0;32.05128205128205;31.99145299145299;32.0;32.0;1;1
402.766;0.0;0.0;0.0;32.05128205128205;31.99145299145299;32.0;32.0;1;1
402.876;0.0;0.0;0.0;32.05128205128205;31.99145299145299;32.0;32.0;1;1
402.977;0.0;0.0;0.0;32.05128205128205;31.99145299145299;32.0;32.0;1;1
403.083;0.0;0.0;0.0;32.05128205128205;31.99145299145299;32.0;32.0;1;1
403.195;0.0;0.0;0.0;32.05128205128205;31.99145299145299;32.0;32.0;1;1
403.305;0.0;0.0;0.0;32.05128205128205;31.99145299145299;32.0;32.0;1;1
403.421;0.0;0.0;0.0;32.05128205128205;31.99145299145299;32.0;32.0;1;1
403.528;0.0;0.0;0.0;32.05128205128205;31.99145299145299;32.0;32.0;1;1
403.639;0.0;0.0;0.0;32.05128205128205;31.99145299145299;32.0;32.0;1;1
403.746;0.0;0.0;0.0;32.05128205128205;31.99145299145299;32.0;32.0;1;1
403.849;0.0;0.0;0.0;32.05128205128205;31.99145299145299;32.0;32.0;1;1
403.97;0.0;0.0;0.0;32.05128205128205;31.99145299145299;32.0;32.0;1;1
404.071;0.0;0.0;0.0;32.05128205128205;31.99145299145299;32.0;32.0;1;1
404.176;0.0;0.0;0.0;32.05128205128205;31.99145299145299;32.0;32.0;1;1
404.293;0.0;0.0;0.0;31.99145299145299;31.99145299145299;32.0;32.0;1;1
404.399;0.0;0.0;0.0;31.99145299145299;31.99145299145299;32.0;32.0;1;1
404.5;0.0;0.0;0.0;31.99145299145299;31.99145299145299;32.0;32.0;1;1
404.612;0.0;0.0;0.0;31.99145299145299;31.99145299145299;32.0;32.0;1;1
404.733;0.0;0.0;0.0;31.99145299145299;31.99145299145299;32.0;32.0;1;1
404.844;0.0;0.0;0.0;31.99145299145299;31.99145299145299;32.0;32.0;1;1
404.944;0.0;0.0;0.0;31.99145299145299;31.99145299145299;32.0;32.0;1;1
405.066;0.0;0.0;0.0;31.99145299145299;31.99145299145299;32.0;32.0;1;1
405.177;0.0;0.0;0.0;31.99145299145299;31.99145299145299;32.0;32.0;1;1
405.278;0.0;0.0;0.0;31.99145299145299;31.99145299145299;32.0;32.0;1;1
405.381;0.0;0.0;0.0;31.99145299145299;31.99145299145299;32.0;32.0;1;1
405.482;0.0;0.0;0.0;31.99145299145299;31.99145299145299;32.0;32.0;1;1
405.583;0.0;0.0;0.0;31.99145299145299;31.99145299145299;32.0;32.0;1;1
405.683;0.0;0.0;0.0;31.99145299145299;31.99145299145299;32.0;32.0;1;1
405.783;0.0;0.0;0.0;31.99145299145299;31.99145299145299;32.0;32.0;1;1
405.884;0.0;0.0;0.0;31.99145299145299;31.99145299145299;32.0;32.0;1;1
405.987;0.0;0.0;0.0;31.99145299145299;31.99145299145299;32.0;32.0;1;1
406.093;0.0;0.0;0.0;31.99145299145299;31.99145299145299;32.0;32.0;1;1
406.194;0.0;0.0;0.0;31.99145299145299;31.99145299145299;32.0;32.0;1;1
406.305;0.0;0.0;0.0;31.99145299145299;31.99145299145299;32.0;32.0;1;1
406.407;0.0;0.0;0.0;31.99145299145299;31.99145299145299;32.0;32.0;1;1
406.511;0.0;0.0;0.0;31.99145299145299;31.99145299145299;32.0;32.0;1;1
406.617;0.0;0.0;0.0;31.99145299145299;31.99145299145299;32.0;32.0;1;1
406.731;0.0;0.0;0.0;31.99145299145299;31.99145299145299;32.0;32.0;1;1
406.858;0.0;0.0;0.0;31.99145299145299;31.99145299145299;32.0;32.0;1;1
406.962;0.0;0.0;0.0;31.99145299145299;31.99145299145299;32.0;32.0;1;1
407.064;0.0;0.0;0.0;31.99145299145299;31.99145299145299;32.0;32.0;1;1
407.174;0.0;0.0;0.0;31.99145299145299;31.99145299145299;32.0;32.0;1;1
407.284;0.0;0.0;0.0;31.99145299145299;31.99145299145299;32.0;32.0;1;1
407.394;0.0;0.0;0.0;31.99145299145299;31.99145299145299;32.0;32.0;1;1
407.495;0.0;0.0;0.0;31.99145299145299;31.99145299145299;32.0;32.0;1;1
407.604;0.0;0.0;0.0;31.99145299145299;31.99145299145299;32.0;32.0;1;1
407.708;0.0;0.0;0.0;31.99145299145299;31.99145299145299;32.0;32.0;1;1
407.819;0.0;0.0;0.0;31.99145299145299;31.99145299145299;32.0;32.0;1;1
407.931;0.0;0.0;0.0;31.99145299145299;31.99145299145299;32.0;32.0;1;1
408.046;0.0;0.0;0.0;31.99145299145299;31.99145299145299;32.0;32.0;1;1
408.153;0.0;0.0;0.0;31.99145299145299;31.99145299145299;32.0;32.0;1;1
408.254;0.0;0.0;0.0;32.05128205128205;31.99145299145299;32.0;32.0;1;1
408.36;0.0;0.0;0.0;32.05128205128205;31.99145299145299;32.0;32.0;1;1
408.478;0.0;0.0;0.0;32.05128205128205;31.99145299145299;32.0;32.0;1;1
408.582;0.0;0.0;0.0;32.05128205128205;31.99145299145299;32.0;32.0;1;1
408.694;0.0;0.0;0.0;32.05128205128205;31.99145299145299;32.0;32.0;1;1
408.806;0.0;0.0;0.0;32.05128205128205;31.99145299145299;32.0;32.0;1;1
408.918;0.0;0.0;0.0;32.05128205128205;31.99145299145299;32.0;32.0;1;1
409.026;0.0;0.0;0.0;32.05128205128205;31.99145299145299;32.0;32.0;1;1
409.141;0.0;0.0;0.0;32.05128205128205;31.99145299145299;32.0;32.0;1;1
409.249;0.0;0.0;0.0;32.05128205128205;31.99145299145299;32.0;32.0;1;1
409.364;0.0;0.0;0.0;31.99145299145299;31.99145299145299;32.0;32.0;1;1
409.465;0.0;0.0;0.0;31.99145299145299;31.99145299145299;32.0;32.0;1;1
409.572;0.0;0.0;0.0;31.99145299145299;31.99145299145299;32.0;32.0;1;1
409.679;0.0;0.0;0.0;31.99145299145299;31.99145299145299;32.0;32.0;1;1
409.781;0.0;0.0;0.0;31.99145299145299;31.99145299145299;32.0;32.0;1;1
409.885;0.0;0.0;0.0;31.99145299145299;31.99145299145299;32.0;32.0;1;1
409.986;0.0;0.0;0.0;31.99145299145299;31.99145299145299;32.0;32.0;1;1
410.086;0.0;0.0;0.0;31.99145299145299;31.99145299145299;32.0;32.0;1;1
410.187;0.0;0.0;0.0;31.99145299145299;31.99145299145299;32.0;32.0;1;1
410.287;0.0;0.0;0.0;31.99145299145299;31.99145299145299;32.0;32.0;1;1
410.388;0.0;0.0;0.0;31.99145299145299;31.99145299145299;32.0;32.0;1;1
410.493;0.0;0.0;0.0;31.99145299145299;31.99145299145299;32.0;32.0;1;1
410.594;0.0;0.0;0.0;31.99145299145299;31.99145299145299;32.0;32.0;1;1
410.697;0.0;0.0;0.0;31.99145299145299;31.99145299145299;32.0;32.0;1;1
410.799;0.0;0.0;0.0;31.99145299145299;31.99145299145299;32.0;32.0;1;1
410.908;0.0;0.0;0.0;31.99145299145299;31.99145299145299;32.0;32.0;1;1
411.014;0.0;0.0;0.0;31.99145299145299;31.99145299145299;32.0;32.0;1;1
411.116;0.0;0.0;0.0;31.99145299145299;31.99145299145299;32.0;32.0;1;1
411.217;0.0;0.0;0.0;31.99145299145299;31.99145299145299;32.0;32.0;1;1
411.327;0.0;0.0;0.0;31.99145299145299;31.99145299145299;32.0;32.0;1;1
411.437;0.0;0.0;0.0;31.99145299145299;31.99145299145299;32.0;32.0;1;1
411.555;0.0;0.0;0.0;31.99145299145299;31.99145299145299;32.0;32.0;1;1
411.662;0.0;0.0;0.0;31.99145299145299;31.99145299145299;32.0;32.0;1;1
411.764;0.0;0.0;0.0;31.99145299145299;31.99145299145299;32.0;32.0;1;1
411.864;0.0;0.0;0.0;31.99145299145299;31.99145299145299;32.0;32.0;1;1
411.977;0.0;0.0;0.0;31.99145299145299;31.99145299145299;32.0;32.0;1;1
412.09;0.0;0.0;0.0;31.99145299145299;31.99145299145299;32.0;32.0;1;1
412.202;0.0;0.0;0.0;31.99145299145299;31.99145299145299;32.0;32.0;1;1
412.311;0.0;0.0;0.0;31.99145299145299;31.99145299145299;32.0;32.0;1;1
412.412;0.0;0.0;0.0;31.99145299145299;31.99145299145299;32.0;32.0;1;1
412.522;0.0;0.0;0.0;31.99145299145299;31.99145299145299;32.0;32.0;1;1
412.639;0.0;0.0;0.0;31.99145299145299;31.99145299145299;32.0;32.0;1;1
412.741;0.0;0.0;0.0;31.99145299145299;31.99145299145299;32.0;32.0;1;1
412.845;0.0;0.0;0.0;31.99145299145299;31.99145299145299;32.0;32.0;1;1
412.949;0.0;0.0;0.0;31.99145299145299;31.99145299145299;32.0;32.0;1;1
413.049;0.0;0.0;0.0;31.99145299145299;31.99145299145299;32.0;32.0;1;1
413.15;0.0;0.0;0.0;31.99145299145299;31.99145299145299;32.0;32.0;1;1
413.25;0.0;0.0;0.0;31.99145299145299;31.99145299145299;32.0;32.0;1;1
413.351;0.0;0.0;0.0;31.99145299145299;31.99145299145299;32.0;32.0;1;1
413.451;0.0;0.0;0.0;31.99145299145299;31.99145299145299;32.0;32.0;1;1
413.552;0.0;0.0;0.0;31.99145299145299;31.99145299145299;32.0;32.0;1;1
413.652;0.0;0.0;0.0;31.99145299145299;31.99145299145299;32.0;32.0;1;1
413.753;0.0;0.0;0.0;31.99145299145299;31.99145299145299;32.0;32.0;1;1
413.861;0.0;0.0;0.0;31.99145299145299;31.99145299145299;32.0;32.0;1;1
413.964;0.0;0.0;0.0;31.99145299145299;31.99145299145299;32.0;32.0;1;1
414.07;0.0;0.0;0.0;31.99145299145299;31.99145299145299;32.0;32.0;1;1
414.174;0.0;0.0;0.0;31.99145299145299;31.99145299145299;32.0;32.0;1;1
414.279;0.0;0.0;0.0;31.99145299145299;31.99145299145299;32.0;32.0;1;1
414.398;0.0;0.0;0.0;31.99145299145299;31.99145299145299;32.0;32.0;1;1
414.503;0.0;0.0;0.0;31.99145299145299;31.99145299145299;32.0;32.0;1;1
414.613;0.0;0.0;0.0;31.99145299145299;31.99145299145299;32.0;32.0;1;1
414.723;0.0;0.0;0.0;31.99145299145299;31.99145299145299;32.0;32.0;1;1
414.837;0.0;0.0;0.0;31.99145299145299;31.99145299145299;32.0;32.0;1;1
414.95;0.0;0.0;0.0;31.99145299145299;31.99145299145299;32.0;32.0;1;1
415.058;0.0;0.0;0.0;31.99145299145299;31.99145299145299;32.0;32.0;1;1
415.171;0.0;0.0;0.0;31.99145299145299;31.99145299145299;32.0;32.0;1;1
415.28;0.0;0.0;0.0;31.99145299145299;31.99145299145299;32.0;32.0;1;1
415.393;0.0;0.0;0.0;31.99145299145299;31.99145299145299;32.0;32.0;1;1
415.502;0.0;0.0;0.0;31.99145299145299;31.99145299145299;32.0;32.0;1;1
415.614;0.0;0.0;0.0;31.99145299145299;31.99145299145299;32.0;32.0;1;1
415.726;0.0;0.0;0.0;31.99145299145299;31.99145299145299;32.0;32.0;1;1
415.84;0.0;0.0;0.0;31.99145299145299;31.99145299145299;32.0;32.0;1;1
415.954;0.0;0.0;0.0;31.99145299145299;31.99145299145299;32.0;32.0;1;1
416.058;0.0;0.0;0.0;31.99145299145299;31.99145299145299;32.0;32.0;1;1
416.171;0.0;0.0;0.0;31.99145299145299;31.99145299145299;32.0;32.0;1;1
416.277;0.0;0.0;0.0;31.99145299145299;31.99145299145299;32.0;32.0;1;1
416.39;0.0;0.0;0.0;31.99145299145299;31.99145299145299;32.0;32.0;1;1
416.496;0.0;0.0;0.0;31.99145299145299;31.99145299145299;32.0;32.0;1;1
416.601;0.0;0.0;0.0;31.99145299145299;31.99145299145299;32.0;32.0;1;1
416.705;0.0;0.0;0.0;31.99145299145299;31.99145299145299;32.0;32.0;1;1
416.829;0.0;0.0;0.0;31.99145299145299;31.99145299145299;32.0;32.0;1;1
416.94;0.0;0.0;0.0;31.99145299145299;31.99145299145299;32.0;32.0;1;1
417.054;0.0;0.0;0.0;31.99145299145299;31.99145299145299;32.0;32.0;1;1
417.164;0.0;0.0;0.0;31.99145299145299;31.99145299145299;32.0;32.0;1;1
417.273;0.0;0.0;0.0;31.99145299145299;31.99145299145299;32.0;32.0;1;1
417.375;0.0;0.0;0.0;32.05128205128205;31.99145299145299;32.0;32.0;1;1
417.48;0.0;0.0;0.0;32.05128205128205;31.99145299145299;32.0;32.0;1;1
417.61;0.0;0.0;0.0;32.05128205128205;31.99145299145299;32.0;32.0;1;1
417.719;0.0;0.0;0.0;32.05128205128205;31.99145299145299;32.0;32.0;1;1
417.831;0.0;0.0;0.0;32.05128205128205;31.99145299145299;32.0;32.0;1;1
417.943;0.0;0.0;0.0;32.05128205128205;31.99145299145299;32.0;32.0;1;1
418.044;0.0;0.0;0.0;32.05128205128205;31.99145299145299;32.0;32.0;1;1
418.164;0.0;0.0;0.0;32.05128205128205;31.99145299145299;32.0;32.0;1;1
418.273;0.0;0.0;0.0;31.99145299145299;31.99145299145299;32.0;32.0;1;1
418.392;0.0;0.0;0.0;31.99145299145299;31.99145299145299;32.0;32.0;1;1
418.496;0.0;0.0;0.0;31.99145299145299;31.99145299145299;32.0;32.0;1;1
418.61;0.0;0.0;0.0;31.99145299145299;31.99145299145299;32.0;32.0;1;1
418.719;0.0;0.0;0.0;31.99145299145299;31.99145299145299;32.0;32.0;1;1
418.831;0.0;0.0;0.0;31.99145299145299;31.99145299145299;32.0;32.0;1;1
418.931;0.0;0.0;0.0;31.99145299145299;31.99145299145299;32.0;32.0;1;1
419.04;0.0;0.0;0.0;31.99145299145299;31.99145299145299;32.0;32.0;1;1
419.151;0.0;0.0;0.0;31.99145299145299;31.99145299145299;32.0;32.0;1;1
419.265;0.0;0.0;0.0;31.99145299145299;31.99145299145299;32.0;32.0;1;1
419.371;0.0;0.0;0.0;31.99145299145299;31.99145299145299;32.0;32.0;1;1
419.488;0.0;0.0;0.0;31.99145299145299;31.99145299145299;32.0;32.0;1;1
419.595;0.0;0.0;0.0;31.99145299145299;31.99145299145299;32.0;32.0;1;1
419.697;0.0;0.0;0.0;31.99145299145299;31.99145299145299;32.0;32.0;1;1
419.803;0.0;0.0;0.0;31.99145299145299;31.99145299145299;32.0;32.0;1;1
419.904;0.0;0.0;0.0;31.99145299145299;31.99145299145299;32.0;32.0;1;1
420.008;0.0;0.0;0.0;31.99145299145299;31.99145299145299;32.0;32.0;1;1
420.108;0.0;0.0;0.0;31.99145299145299;31.99145299145299;32.0;32.0;1;1
420.208;0.0;0.0;0.0;31.99145299145299;31.99145299145299;32.0;32.0;1;1
420.309;0.0;0.0;0.0;32.05128205128205;31.99145299145299;32.0;32.0;1;1
420.409;0.0;0.0;0.0;32.05128205128205;31.99145299145299;32.0;32.0;1;1
420.51;0.0;0.0;0.0;32.05128205128205;31.99145299145299;32.0;32.0;1;1
420.618;0.0;0.0;0.0;32.05128205128205;31.99145299145299;32.0;32.0;1;1
420.719;0.0;0.0;0.0;32.05128205128205;31.99145299145299;32.0;32.0;1;1
420.822;0.0;0.0;0.0;32.05128205128205;31.99145299145299;32.0;32.0;1;1
420.923;0.0;0.0;0.0;32.05128205128205;31.99145299145299;32.0;32.0;1;1
421.026;0.0;0.0;0.0;32.05128205128205;31.99145299145299;32.0;32.0;1;1
421.143;0.0;0.0;0.0;32.05128205128205;31.99145299145299;32.0;32.0;1;1
421.256;0.0;0.0;0.0;32.05128205128205;31.99145299145299;32.0;32.0;1;1
421.365;0.0;0.0;0.0;31.99145299145299;31.99145299145299;32.0;32.0;1;1
421.468;0.0;0.0;0.0;31.99145299145299;31.99145299145299;32.0;32.0;1;1
421.569;0.0;0.0;0.0;31.99145299145299;31.99145299145299;32.0;32.0;1;1
421.676;0.0;0.0;0.0;31.99145299145299;31.99145299145299;32.0;32.0;1;1
421.78;0.0;0.0;0.0;31.99145299145299;31.99145299145299;32.0;32.0;1;1
421.891;0.0;0.0;0.0;31.99145299145299;31.99145299145299;32.0;32.0;1;1
422.011;0.0;0.0;0.0;31.99145299145299;31.99145299145299;32.0;32.0;1;1
422.112;0.0;0.0;0.0;31.99145299145299;31.99145299145299;32.0;32.0;1;1
422.219;0.0;0.0;0.0;31.99145299145299;31.99145299145299;32.0;32.0;1;1
422.327;0.0;0.0;0.0;31.99145299145299;31.99145299145299;32.0;32.0;1;1
422.428;0.0;0.0;0.0;31.99145299145299;31.99145299145299;32.0;32.0;1;1
422.528;0.0;0.0;0.0;31.99145299145299;31.99145299145299;32.0;32.0;1;1
422.629;0.0;0.0;0.0;31.99145299145299;31.99145299145299;32.0;32.0;1;1
422.73;0.0;0.0;0.0;31.99145299145299;31.99145299145299;32.0;32.0;1;1
422.835;0.0;0.0;0.0;31.99145299145299;31.99145299145299;32.0;32.0;1;1
422.935;0.0;0.0;0.0;31.99145299145299;31.99145299145299;32.0;32.0;1;1
423.037;0.0;0.0;0.0;31.99145299145299;31.99145299145299;32.0;32.0;1;1
423.144;0.0;0.0;0.0;31.99145299145299;31.99145299145299;32.0;32.0;1;1
423.245;0.0;0.0;0.0;32.05128205128205;31.99145299145299;32.0;32.0;1;1
423.347;0.0;0.0;0.0;32.05128205128205;31.99145299145299;32.0;32.0;1;1
423.448;0.0;0.0;0.0;32.05128205128205;31.99145299145299;32.0;32.0;1;1
423.552;0.0;0.0;0.0;32.05128205128205;31.99145299145299;32.0;32.0;1;1
423.661;0.0;0.0;0.0;32.05128205128205;31.99145299145299;32.0;32.0;1;1
423.776;0.0;0.0;0.0;32.05128205128205;31.99145299145299;32.0;32.0;1;1
423.891;0.0;0.0;0.0;32.05128205128205;31.99145299145299;32.0;32.0;1;1
423.996;0.0;0.0;0.0;32.05128205128205;31.99145299145299;32.0;32.0;1;1
424.111;0.0;0.0;0.0;32.05128205128205;31.99145299145299;32.0;32.0;1;1
424.218;0.0;0.0;0.0;32.05128205128205;31.99145299145299;32.0;32.0;1;1
424.319;0.0;0.0;0.0;32.05128205128205;31.99145299145299;32.0;32.0;1;1
424.435;0.0;0.0;0.0;32.05128205128205;31.99145299145299;32.0;32.0;1;1
424.542;0.0;0.0;0.0;32.05128205128205;31.99145299145299;32.0;32.0;1;1
424.647;0.0;0.0;0.0;32.05128205128205;31.99145299145299;32.0;32.0;1;1
424.762;0.0;0.0;0.0;32.05128205128205;31.99145299145299;32.0;32.0;1;1
424.87;0.0;0.0;0.0;32.05128205128205;31.99145299145299;32.0;32.0;1;1
424.97;0.0;0.0;0.0;32.05128205128205;31.99145299145299;32.0;32.0;1;1
425.083;0.0;0.0;0.0;32.05128205128205;31.99145299145299;32.0;32.0;1;1
425.189;0.0;0.0;0.0;32.05128205128205;31.99145299145299;32.0;32.0;1;1
425.289;0.0;0.0;0.0;31.99145299145299;31.99145299145299;32.0;32.0;1;1
425.398;0.0;0.0;0.0;31.99145299145299;31.99145299145299;32.0;32.0;1;1
425.499;0.0;0.0;0.0;31.99145299145299;31.99145299145299;32.0;32.0;1;1
425.599;0.0;0.0;0.0;31.99145299145299;31.99145299145299;32.0;32.0;1;1
425.699;0.0;0.0;0.0;31.99145299145299;31.99145299145299;32.0;32.0;1;1
425.802;0.0;0.0;0.0;31.99145299145299;31.99145299145299;32.0;32.0;1;1
425.906;0.0;0.0;0.0;31.99145299145299;31.99145299145299;32.0;32.0;1;1
426.008;0.0;0.0;0.0;31.99145299145299;31.99145299145299;32.0;32.0;1;1
426.115;0.0;0.0;0.0;31.99145299145299;31.99145299145299;32.0;32.0;1;1
426.219;0.0;0.0;0.0;31.99145299145299;31.99145299145299;32.0;32.0;1;1
426.322;0.0;0.0;0.0;31.99145299145299;31.94017094017094;32.0;32.0;1;1
426.424;0.0;0.0;0.0;31.99145299145299;31.94017094017094;32.0;32.0;1;1
426.529;0.0;0.0;0.0;31.99145299145299;31.94017094017094;32.0;32.0;1;1
426.642;0.0;0.0;0.0;31.99145299145299;31.94017094017094;32.0;32.0;1;1
426.747;0.0;0.0;0.0;31.99145299145299;31.94017094017094;32.0;32.0;1;1
426.861;0.0;0.0;0.0;31.99145299145299;31.94017094017094;32.0;32.0;1;1
426.969;0.0;0.0;0.0;31.99145299145299;31.94017094017094;32.0;32.0;1;1
427.07;0.0;0.0;0.0;31.99145299145299;31.94017094017094;32.0;32.0;1;1
427.176;0.0;0.0;0.0;31.99145299145299;31.94017094017094;32.0;32.0;1;1
427.292;0.0;0.0;0.0;31.99145299145299;31.94017094017094;32.0;32.0;1;1
427.403;0.0;0.0;0.0;31.99145299145299;31.99145299145299;32.0;32.0;1;1
427.515;0.0;0.0;0.0;31.99145299145299;31.99145299145299;32.0;32.0;1;1
427.621;0.0;0.0;0.0;31.99145299145299;31.99145299145299;32.0;32.0;1;1
427.737;0.0;0.0;0.0;31.99145299145299;31.99145299145299;32.0;32.0;1;1
427.842;0.0;0.0;0.0;31.99145299145299;31.99145299145299;32.0;32.0;1;1
427.942;0.0;0.0;0.0;31.99145299145299;31.99145299145299;32.0;32.0;1;1
428.064;0.0;0.0;0.0;31.99145299145299;31.99145299145299;32.0;32.0;1;1
428.176;0.0;0.0;0.0;31.99145299145299;31.99145299145299;32.0;32.0;1;1
428.286;0.0;0.0;0.0;31.99145299145299;31.99145299145299;32.0;32.0;1;1
428.387;0.0;0.0;0.0;31.99145299145299;31.99145299145299;32.0;32.0;1;1
428.511;0.0;0.0;0.0;31.99145299145299;31.99145299145299;32.0;32.0;1;1
428.619;0.0;0.0;0.0;31.99145299145299;31.99145299145299;32.0;32.0;1;1
428.72;0.0;0.0;0.0;31.99145299145299;31.99145299145299;32.0;32.0;1;1
428.824;0.0;0.0;0.0;31.99145299145299;31.99145299145299;32.0;32.0;1;1
428.925;0.0;0.0;0.0;31.99145299145299;31.99145299145299;32.0;32.0;1;1
429.025;0.0;0.0;0.0;31.99145299145299;31.99145299145299;32.0;32.0;1;1
429.126;0.0;0.0;0.0;31.99145299145299;31.99145299145299;32.0;32.0;1;1
429.226;0.0;0.0;0.0;31.99145299145299;31.99145299145299;32.0;32.0;1;1
429.327;0.0;0.0;0.0;31.99145299145299;31.99145299145299;32.0;32.0;1;1
429.427;0.0;0.0;0.0;31.99145299145299;31.99145299145299;32.0;32.0;1;1
429.531;0.0;0.0;0.0;31.99145299145299;31.99145299145299;32.0;32.0;1;1
429.634;0.0;0.0;0.0;31.99145299145299;31.99145299145299;32.0;32.0;1;1
429.743;0.0;0.0;0.0;31.99145299145299;31.99145299145299;32.0;32.0;1;1
429.85;0.0;0.0;0.0;31.99145299145299;31.99145299145299;32.0;32.0;1;1
429.954;0.0;0.0;0.0;31.99145299145299;31.99145299145299;32.0;32.0;1;1
430.056;0.0;0.0;0.0;31.99145299145299;31.99145299145299;32.0;32.0;1;1
430.157;0.0;0.0;0.0;31.99145299145299;31.99145299145299;32.0;32.0;1;1
430.263;0.0;0.0;0.0;31.99145299145299;31.99145299145299;32.0;32.0;1;1
430.37;0.0;0.0;0.0;32.05128205128205;31.99145299145299;32.0;32.0;1;1
430.474;0.0;0.0;0.0;32.05128205128205;31.99145299145299;32.0;32.0;1;1
430.592;0.0;0.0;0.0;32.05128205128205;31.99145299145299;32.0;32.0;1;1
430.71;0.0;0.0;0.0;32.05128205128205;31.99145299145299;32.0;32.0;1;1
430.812;0.0;0.0;0.0;32.05128205128205;31.99145299145299;32.0;32.0;1;1
430.918;0.0;0.0;0.0;32.05128205128205;31.99145299145299;32.0;32.0;1;1
431.022;0.0;0.0;0.0;32.05128205128205;31.99145299145299;32.0;32.0;1;1
431.14;0.0;0.0;0.0;32.05128205128205;31.99145299145299;32.0;32.0;1;1
431.246;0.0;0.0;0.0;32.05128205128205;31.99145299145299;32.0;32.0;1;1
431.362;0.0;0.0;0.0;32.05128205128205;31.99145299145299;32.0;32.0;1;1
431.468;0.0;0.0;0.0;32.05128205128205;31.99145299145299;32.0;32.0;1;1
431.581;0.0;0.0;0.0;32.05128205128205;31.99145299145299;32.0;32.0;1;1
431.692;0.0;0.0;0.0;32.05128205128205;31.99145299145299;32.0;32.0;1;1
431.804;0.0;0.0;0.0;32.05128205128205;31.99145299145299;32.0;32.0;1;1
431.914;0.0;0.0;0.0;32.05128205128205;31.99145299145299;32.0;32.0;1;1
432.025;0.0;0.0;0.0;32.05128205128205;31.99145299145299;32.0;32.0;1;1
432.142;0.0;0.0;0.0;32.05128205128205;31.99145299145299;32.0;32.0;1;1
432.246;0.0;0.0;0.0;32.05128205128205;31.99145299145299;32.0;32.0;1;1
432.363;0.0;0.0;0.0;31.99145299145299;31.99145299145299;32.0;32.0;1;1
432.647;0.0;0.0;0.0;31.99145299145299;31.99145299145299;32.0;32.0;1;1
432.747;0.0;0.0;0.0;31.99145299145299;31.99145299145299;32.0;32.0;1;1
432.848;0.0;0.0;0.0;31.99145299145299;31.99145299145299;32.0;32.0;1;1
432.949;0.0;0.0;0.0;31.99145299145299;31.99145299145299;32.0;32.0;1;1
433.049;0.0;0.0;0.0;31.99145299145299;31.99145299145299;32.0;32.0;1;1
433.149;0.0;0.0;0.0;31.99145299145299;31.99145299145299;32.0;32.0;1;1
433.253;0.0;0.0;0.0;31.99145299145299;31.99145299145299;32.0;32.0;1;1
433.364;0.0;0.0;0.0;31.99145299145299;31.99145299145299;32.0;32.0;1;1
433.465;0.0;0.0;0.0;31.99145299145299;31.99145299145299;32.0;32.0;1;1
433.57;0.0;0.0;0.0;31.99145299145299;31.99145299145299;32.0;32.0;1;1
433.682;0.0;0.0;0.0;31.99145299145299;31.99145299145299;32.0;32.0;1;1
433.79;0.0;0.0;0.0;31.99145299145299;31.99145299145299;32.0;32.0;1;1
433.898;0.0;0.0;0.0;31.99145299145299;31.99145299145299;32.0;32.0;1;1
433.999;0.0;0.0;0.0;31.99145299145299;31.99145299145299;32.0;32.0;1;1
434.109;0.0;0.0;0.0;31.99145299145299;31.99145299145299;32.0;32.0;1;1
434.216;0.0;0.0;0.0;31.99145299145299;31.99145299145299;32.0;32.0;1;1
434.327;0.0;0.0;0.0;31.99145299145299;31.99145299145299;32.0;32.0;1;1
434.434;0.0;0.0;0.0;31.99145299145299;31.99145299145299;32.0;32.0;1;1
434.551;0.0;0.0;0.0;31.99145299145299;31.99145299145299;32.0;32.0;1;1
434.657;0.0;0.0;0.0;31.99145299145299;31.99145299145299;32.0;32.0;1;1
434.757;0.0;0.0;0.0;31.99145299145299;31.99145299145299;32.0;32.0;1;1
434.863;0.0;0.0;0.0;31.99145299145299;31.99145299145299;32.0;32.0;1;1
434.974;0.0;0.0;0.0;31.99145299145299;31.99145299145299;32.0;32.0;1;1
435.085;0.0;0.0;0.0;31.99145299145299;31.99145299145299;32.0;32.0;1;1
435.196;0.0;0.0;0.0;31.99145299145299;31.99145299145299;32.0;32.0;1;1
435.297;0.0;0.0;0.0;31.99145299145299;31.99145299145299;32.0;32.0;1;1
435.424;0.0;0.0;0.0;31.99145299145299;31.99145299145299;32.0;32.0;1;1
435.529;0.0;0.0;0.0;31.99145299145299;31.99145299145299;32.0;32.0;1;1
435.644;0.0;0.0;0.0;31.99145299145299;31.99145299145299;32.0;32.0;1;1
435.757;0.0;0.0;0.0;31.99145299145299;31.99145299145299;32.0;32.0;1;1
435.865;0.0;0.0;0.0;31.99145299145299;31.99145299145299;32.0;32.0;1;1
435.966;0.0;0.0;0.0;31.99145299145299;31.99145299145299;32.0;32.0;1;1
436.084;0.0;0.0;0.0;31.99145299145299;31.99145299145299;32.0;32.0;1;1
436.188;0.0;0.0;0.0;31.99145299145299;31.99145299145299;32.0;32.0;1;1
436.294;0.0;0.0;0.0;31.99145299145299;31.99145299145299;32.0;32.0;1;1
436.394;0.0;0.0;0.0;31.99145299145299;31.99145299145299;32.0;32.0;1;1
436.502;0.0;0.0;0.0;31.99145299145299;31.99145299145299;32.0;32.0;1;1
436.602;0.0;0.0;0.0;31.99145299145299;31.99145299145299;32.0;32.0;1;1
436.703;0.0;0.0;0.0;31.99145299145299;31.99145299145299;32.0;32.0;1;1
436.803;0.0;0.0;0.0;31.99145299145299;31.99145299145299;32.0;32.0;1;1
436.904;0.0;0.0;0.0;31.99145299145299;31.99145299145299;32.0;32.0;1;1
437.004;0.0;0.0;0.0;31.99145299145299;31.99145299145299;32.0;32.0;1;1
437.109;0.0;0.0;0.0;31.99145299145299;31.99145299145299;32.0;32.0;1;1
437.21;0.0;0.0;0.0;31.99145299145299;31.99145299145299;32.0;32.0;1;1
437.317;0.0;0.0;0.0;31.99145299145299;31.99145299145299;32.0;32.0;1;1
437.428;0.0;0.0;0.0;31.99145299145299;31.99145299145299;32.0;32.0;1;1
437.531;0.0;0.0;0.0;31.99145299145299;31.99145299145299;32.0;32.0;1;1
437.638;0.0;0.0;0.0;31.99145299145299;31.99145299145299;32.0;32.0;1;1
437.739;0.0;0.0;0.0;31.99145299145299;31.99145299145299;32.0;32.0;1;1
437.839;0.0;0.0;0.0;31.99145299145299;31.99145299145299;32.0;32.0;1;1
437.956;0.0;0.0;0.0;31.99145299145299;31.99145299145299;32.0;32.0;1;1
438.063;0.0;0.0;0.0;31.99145299145299;31.99145299145299;32.0;32.0;1;1
438.174;0.0;0.0;0.0;31.99145299145299;31.99145299145299;32.0;32.0;1;1
438.283;0.0;0.0;0.0;31.99145299145299;31.99145299145299;32.0;32.0;1;1
438.387;0.0;0.0;0.0;32.05128205128205;31.99145299145299;32.0;32.0;1;1
438.506;0.0;0.0;0.0;32.05128205128205;31.99145299145299;32.0;32.0;1;1
438.617;0.0;0.0;0.0;32.05128205128205;31.99145299145299;32.0;32.0;1;1
438.734;0.0;0.0;0.0;32.05128205128205;31.99145299145299;32.0;32.0;1;1
438.839;0.0;0.0;0.0;32.05128205128205;31.99145299145299;32.0;32.0;1;1
438.952;0.0;0.0;0.0;32.05128205128205;31.99145299145299;32.0;32.0;1;1
439.063;0.0;0.0;0.0;32.05128205128205;31.99145299145299;32.0;32.0;1;1
439.177;0.0;0.0;0.0;32.05128205128205;31.99145299145299;32.0;32.0;1;1
439.284;0.0;0.0;0.0;32.05128205128205;31.99145299145299;32.0;32.0;1;1
439.401;0.0;0.0;0.0;32.05128205128205;31.99145299145299;32.0;32.0;1;1
439.511;0.0;0.0;0.0;32.05128205128205;31.99145299145299;32.0;32.0;1;1
439.619;0.0;0.0;0.0;32.05128205128205;31.99145299145299;32.0;32.0;1;1
439.734;0.0;0.0;0.0;32.05128205128205;31.99145299145299;32.0;32.0;1;1
439.841;0.0;0.0;0.0;32.05128205128205;31.99145299145299;32.0;32.0;1;1
439.942;0.0;0.0;0.0;32.05128205128205;31.99145299145299;32.0;32.0;1;1
440.045;0.0;0.0;0.0;32.05128205128205;31.99145299145299;32.0;32.0;1;1
440.145;0.0;0.0;0.0;32.05128205128205;31.99145299145299;32.0;32.0;1;1
440.245;0.0;0.0;0.0;32.05128205128205;31.99145299145299;32.0;32.0;1;1
440.346;0.0;0.0;0.0;32.05128205128205;31.99145299145299;32.0;32.0;1;1
440.446;0.0;0.0;0.0;32.05128205128205;31.99145299145299;32.0;32.0;1;1
440.546;0.0;0.0;0.0;32.05128205128205;31.99145299145299;32.0;32.0;1;1
440.647;0.0;0.0;0.0;32.05128205128205;31.99145299145299;32.0;32.0;1;1
440.752;0.0;0.0;0.0;32.05128205128205;31.99145299145299;32.0;32.0;1;1
440.865;0.0;0.0;0.0;32.05128205128205;31.99145299145299;32.0;32.0;1;1
440.967;0.0;0.0;0.0;32.05128205128205;31.99145299145299;32.0;32.0;1;1
441.068;0.0;0.0;0.0;32.05128205128205;31.99145299145299;32.0;32.0;1;1
441.177;0.0;0.0;0.0;32.05128205128205;31.99145299145299;32.0;32.0;1;1
441.285;0.0;0.0;0.0;32.05128205128205;31.99145299145299;32.0;32.0;1;1
441.386;0.0;0.0;0.0;31.99145299145299;31.99145299145299;32.0;32.0;1;1
441.505;0.0;0.0;0.0;31.99145299145299;31.99145299145299;32.0;32.0;1;1
441.616;0.0;0.0;0.0;31.99145299145299;31.99145299145299;32.0;32.0;1;1
441.726;0.0;0.0;0.0;31.99145299145299;31.99145299145299;32.0;32.0;1;1
441.837;0.0;0.0;0.0;31.99145299145299;31.99145299145299;32.0;32.0;1;1
441.956;0.0;0.0;0.0;31.99145299145299;31.99145299145299;32.0;32.0;1;1
442.061;0.0;0.0;0.0;31.99145299145299;31.99145299145299;32.0;32.0;1;1
442.176;0.0;0.0;0.0;31.99145299145299;31.99145299145299;32.0;32.0;1;1
442.277;0.0;0.0;0.0;31.99145299145299;31.99145299145299;32.0;32.0;1;1
442.383;0.0;0.0;0.0;31.99145299145299;31.99145299145299;32.0;32.0;1;1
442.49;0.0;0.0;0.0;31.99145299145299;31.99145299145299;32.0;32.0;1;1
442.606;0.0;0.0;0.0;31.99145299145299;31.99145299145299;32.0;32.0;1;1
442.711;0.0;0.0;0.0;31.99145299145299;31.99145299145299;32.0;32.0;1;1
442.826;0.0;0.0;0.0;31.99145299145299;31.99145299145299;32.0;32.0;1;1
442.934;0.0;0.0;0.0;31.99145299145299;31.99145299145299;32.0;32.0;1;1
443.05;0.0;0.0;0.0;31.99145299145299;31.99145299145299;32.0;32.0;1;1
443.156;0.0;0.0;0.0;31.99145299145299;31.99145299145299;32.0;32.0;1;1
443.272;0.0;0.0;0.0;31.99145299145299;31.99145299145299;32.0;32.0;1;1
443.378;0.0;0.0;0.0;31.99145299145299;31.99145299145299;32.0;32.0;1;1
443.491;0.0;0.0;0.0;31.99145299145299;31.99145299145299;32.0;32.0;1;1
443.599;0.0;0.0;0.0;31.99145299145299;31.99145299145299;32.0;32.0;1;1
443.712;0.0;0.0;0.0;31.99145299145299;31.99145299145299;32.0;32.0;1;1
443.827;0.0;0.0;0.0;31.99145299145299;31.99145299145299;32.0;32.0;1;1
443.931;0.0;0.0;0.0;31.99145299145299;31.99145299145299;32.0;32.0;1;1
444.043;0.0;0.0;0.0;31.99145299145299;31.99145299145299;32.0;32.0;1;1
444.153;0.0;0.0;0.0;31.99145299145299;31.99145299145299;32.0;32.0;1;1
444.269;0.0;0.0;0.0;31.99145299145299;31.99145299145299;32.0;32.0;1;1
444.376;0.0;0.0;0.0;31.99145299145299;31.99145299145299;32.0;32.0;1;1
444.477;0.0;0.0;0.0;31.99145299145299;31.99145299145299;32.0;32.0;1;1
444.582;0.0;0.0;0.0;31.99145299145299;31.99145299145299;32.0;32.0;1;1
444.692;0.0;0.0;0.0;31.99145299145299;31.99145299145299;32.0;32.0;1;1
444.802;0.0;0.0;0.0;31.99145299145299;31.99145299145299;32.0;32.0;1;1
444.912;0.0;0.0;0.0;31.99145299145299;31.99145299145299;32.0;32.0;1;1
445.023;0.0;0.0;0.0;31.99145299145299;31.99145299145299;32.0;32.0;1;1
445.136;0.0;0.0;0.0;31.99145299145299;31.99145299145299;32.0;32.0;1;1
445.244;0.0;0.0;0.0;31.99145299145299;31.99145299145299;32.0;32.0;1;1
445.362;0.0;0.0;0.0;31.99145299145299;31.99145299145299;32.0;32.0;1;1
445.467;0.0;0.0;0.0;31.99145299145299;31.99145299145299;32.0;32.0;1;1
445.58;0.0;0.0;0.0;31.99145299145299;31.99145299145299;32.0;32.0;1;1
445.69;0.0;0.0;0.0;31.99145299145299;31.99145299145299;32.0;32.0;1;1
445.79;0.0;0.0;0.0;31.99145299145299;31.99145299145299;32.0;32.0;1;1
445.895;0.0;0.0;0.0;31.99145299145299;31.99145299145299;32.0;32.0;1;1
446.008;0.0;0.0;0.0;31.99145299145299;31.99145299145299;32.0;32.0;1;1
446.116;0.0;0.0;0.0;31.99145299145299;31.99145299145299;32.0;32.0;1;1
446.23;0.0;0.0;0.0;31.99145299145299;31.99145299145299;32.0;32.0;1;1
446.339;0.0;0.0;0.0;31.99145299145299;31.99145299145299;32.0;32.0;1;1
446.451;0.0;0.0;0.0;31.99145299145299;31.99145299145299;32.0;32.0;1;1
446.56;0.0;0.0;0.0;31.99145299145299;31.99145299145299;32.0;32.0;1;1
446.677;0.0;0.0;0.0;31.99145299145299;31.99145299145299;32.0;32.0;1;1
446.782;0.0;0.0;0.0;31.99145299145299;31.99145299145299;32.0;32.0;1;1
446.883;0.0;0.0;0.0;31.99145299145299;31.99145299145299;32.0;32.0;1;1
446.995;0.0;0.0;0.0;31.99145299145299;31.99145299145299;32.0;32.0;1;1
447.102;0.0;0.0;0.0;31.99145299145299;31.99145299145299;32.0;32.0;1;1
447.212;0.0;0.0;0.0;31.99145299145299;31.99145299145299;32.0;32.0;1;1
447.313;0.0;0.0;0.0;31.99145299145299;31.99145299145299;32.0;32.0;1;1
447.434;0.0;0.0;0.0;31.99145299145299;31.99145299145299;32.0;32.0;1;1
447.551;0.0;0.0;0.0;31.99145299145299;31.99145299145299;32.0;32.0;1;1
447.657;0.0;0.0;0.0;31.99145299145299;31.99145299145299;32.0;32.0;1;1
447.769;0.0;0.0;0.0;31.99145299145299;31.99145299145299;32.0;32.0;1;1
447.88;0.0;0.0;0.0;31.99145299145299;31.99145299145299;32.0;32.0;1;1
447.98;0.0;0.0;0.0;31.99145299145299;31.99145299145299;32.0;32.0;1;1
448.087;0.0;0.0;0.0;31.99145299145299;31.99145299145299;32.0;32.0;1;1
448.196;0.0;0.0;0.0;31.99145299145299;31.99145299145299;32.0;32.0;1;1
448.296;0.0;0.0;0.0;31.99145299145299;31.99145299145299;32.0;32.0;1;1
448.397;0.0;0.0;0.0;31.99145299145299;31.99145299145299;32.0;32.0;1;1
448.497;0.0;0.0;0.0;31.99145299145299;31.99145299145299;32.0;32.0;1;1
448.598;0.0;0.0;0.0;31.99145299145299;31.99145299145299;32.0;32.0;1;1
448.698;0.0;0.0;0.0;31.99145299145299;31.99145299145299;32.0;32.0;1;1
448.804;0.0;0.0;0.0;31.99145299145299;31.99145299145299;32.0;32.0;1;1
448.91;0.0;0.0;0.0;31.99145299145299;31.99145299145299;32.0;32.0;1;1
449.014;0.0;0.0;0.0;31.99145299145299;31.99145299145299;32.0;32.0;1;1
449.116;0.0;0.0;0.0;31.99145299145299;31.99145299145299;32.0;32.0;1;1
449.217;0.0;0.0;0.0;31.99145299145299;31.99145299145299;32.0;32.0;1;1
449.327;0.0;0.0;0.0;31.99145299145299;31.99145299145299;32.0;32.0;1;1
449.427;0.0;0.0;0.0;31.99145299145299;31.99145299145299;32.0;32.0;1;1
449.53;0.0;0.0;0.0;31.99145299145299;31.99145299145299;32.0;32.0;1;1
449.646;0.0;0.0;0.0;31.99145299145299;31.99145299145299;32.0;32.0;1;1
449.76;0.0;0.0;0.0;31.99145299145299;31.99145299145299;32.0;32.0;1;1
449.866;0.0;0.0;0.0;31.99145299145299;31.99145299145299;32.0;32.0;1;1
449.974;0.0;0.0;0.0;31.99145299145299;31.99145299145299;32.0;32.0;1;1
450.087;0.0;0.0;0.0;31.99145299145299;31.99145299145299;32.0;32.0;1;1
450.199;0.0;0.0;0.0;31.99145299145299;31.99145299145299;32.0;32.0;1;1
450.308;0.0;0.0;0.0;31.99145299145299;31.99145299145299;32.0;32.0;1;1
450.424;0.0;0.0;0.0;31.99145299145299;31.99145299145299;32.0;32.0;1;1
450.529;0.0;0.0;0.0;31.99145299145299;31.99145299145299;32.0;32.0;1;1
450.643;0.0;0.0;0.0;31.99145299145299;31.99145299145299;32.0;32.0;1;1
450.749;0.0;0.0;0.0;31.99145299145299;31.99145299145299;32.0;32.0;1;1
450.85;0.0;0.0;0.0;31.99145299145299;31.99145299145299;32.0;32.0;1;1
450.959;0.0;0.0;0.0;31.99145299145299;31.99145299145299;32.0;32.0;1;1
451.07;0.0;0.0;0.0;31.99145299145299;31.99145299145299;32.0;32.0;1;1
451.179;0.0;0.0;0.0;31.99145299145299;31.99145299145299;32.0;32.0;1;1
451.28;0.0;0.0;0.0;31.99145299145299;31.99145299145299;32.0;32.0;1;1
451.392;0.0;0.0;0.0;31.99145299145299;31.99145299145299;32.0;32.0;1;1
451.52;0.0;0.0;0.0;31.99145299145299;31.99145299145299;32.0;32.0;1;1
451.624;0.0;0.0;0.0;31.99145299145299;31.99145299145299;32.0;32.0;1;1
451.736;0.0;0.0;0.0;31.99145299145299;31.99145299145299;32.0;32.0;1;1
451.837;0.0;0.0;0.0;31.99145299145299;31.99145299145299;32.0;32.0;1;1
451.942;0.0;0.0;0.0;31.99145299145299;31.99145299145299;32.0;32.0;1;1
452.055;0.0;0.0;0.0;31.99145299145299;31.99145299145299;32.0;32.0;1;1
452.167;0.0;0.0;0.0;31.99145299145299;31.99145299145299;32.0;32.0;1;1
452.276;0.0;0.0;0.0;31.99145299145299;31.99145299145299;32.0;32.0;1;1
452.388;0.0;0.0;0.0;31.99145299145299;31.99145299145299;32.0;32.0;1;1
452.497;0.0;0.0;0.0;31.99145299145299;31.99145299145299;32.0;32.0;1;1
452.612;0.0;0.0;0.0;31.99145299145299;31.99145299145299;32.0;32.0;1;1
452.72;0.0;0.0;0.0;31.99145299145299;31.99145299145299;32.0;32.0;1;1
452.822;0.0;0.0;0.0;31.99145299145299;31.99145299145299;32.0;32.0;1;1
452.927;0.0;0.0;0.0;31.99145299145299;31.99145299145299;32.0;32.0;1;1
453.039;0.0;0.0;0.0;31.99145299145299;31.99145299145299;32.0;32.0;1;1
453.151;0.0;0.0;0.0;31.99145299145299;31.99145299145299;32.0;32.0;1;1
453.262;0.0;0.0;0.0;31.99145299145299;31.99145299145299;32.0;32.0;1;1
453.371;0.0;0.0;0.0;31.99145299145299;31.99145299145299;32.0;32.0;1;1
453.483;0.0;0.0;0.0;31.99145299145299;31.99145299145299;32.0;32.0;1;1
453.595;0.0;0.0;0.0;31.99145299145299;31.99145299145299;32.0;32.0;1;1
453.708;0.0;0.0;0.0;31.99145299145299;31.99145299145299;32.0;32.0;1;1
453.819;0.0;0.0;0.0;31.99145299145299;31.99145299145299;32.0;32.0;1;1
453.919;0.0;0.0;0.0;31.99145299145299;31.99145299145299;32.0;32.0;1;1
454.045;0.0;0.0;0.0;31.99145299145299;31.99145299145299;32.0;32.0;1;1
454.151;0.0;0.0;0.0;31.99145299145299;31.99145299145299;32.0;32.0;1;1
454.266;0.0;0.0;0.0;31.99145299145299;31.99145299145299;32.0;32.0;1;1
454.375;0.0;0.0;0.0;31.99145299145299;31.99145299145299;32.0;32.0;1;1
454.487;0.0;0.0;0.0;31.99145299145299;31.99145299145299;32.0;32.0;1;1
454.598;0.0;0.0;0.0;31.99145299145299;31.99145299145299;32.0;32.0;1;1
454.711;0.0;0.0;0.0;31.99145299145299;31.99145299145299;32.0;32.0;1;1
454.826;0.0;0.0;0.0;31.99145299145299;31.99145299145299;32.0;32.0;1;1
454.929;0.0;0.0;0.0;31.99145299145299;31.99145299145299;32.0;32.0;1;1
455.041;0.0;0.0;0.0;31.99145299145299;31.99145299145299;32.0;32.0;1;1
455.152;0.0;0.0;0.0;31.99145299145299;31.99145299145299;32.0;32.0;1;1
455.267;0.0;0.0;0.0;31.99145299145299;31.99145299145299;32.0;32.0;1;1
455.377;0.0;0.0;0.0;31.99145299145299;31.99145299145299;32.0;32.0;1;1
455.479;0.0;0.0;0.0;31.99145299145299;31.99145299145299;32.0;32.0;1;1
455.583;0.0;0.0;0.0;31.99145299145299;31.99145299145299;32.0;32.0;1;1
455.695;0.0;0.0;0.0;31.99145299145299;31.99145299145299;32.0;32.0;1;1
455.804;0.0;0.0;0.0;31.99145299145299;31.99145299145299;32.0;32.0;1;1
455.916;0.0;0.0;0.0;31.99145299145299;31.99145299145299;32.0;32.0;1;1
456.027;0.0;0.0;0.0;31.99145299145299;31.99145299145299;32.0;32.0;1;1
456.141;0.0;0.0;0.0;31.99145299145299;31.99145299145299;32.0;32.0;1;1
456.248;0.0;0.0;0.0;31.99145299145299;31.99145299145299;32.0;32.0;1;1
456.364;0.0;0.0;0.0;31.99145299145299;31.99145299145299;32.0;32.0;1;1
456.471;0.0;0.0;0.0;31.99145299145299;31.99145299145299;32.0;32.0;1;1
456.572;0.0;0.0;0.0;31.99145299145299;31.99145299145299;32.0;32.0;1;1
456.678;0.0;0.0;0.0;31.99145299145299;31.99145299145299;32.0;32.0;1;1
456.796;0.0;0.0;0.0;31.99145299145299;31.99145299145299;32.0;32.0;1;1
456.921;0.0;0.0;0.0;31.99145299145299;31.99145299145299;32.0;32.0;1;1
457.028;0.0;0.0;0.0;31.99145299145299;31.99145299145299;32.0;32.0;1;1
457.141;0.0;0.0;0.0;31.99145299145299;31.99145299145299;32.0;32.0;1;1
457.241;0.0;0.0;0.0;31.99145299145299;31.99145299145299;32.0;32.0;1;1
457.351;0.0;0.0;0.0;31.99145299145299;31.99145299145299;32.0;32.0;1;1
457.459;0.0;0.0;0.0;31.99145299145299;31.99145299145299;32.0;32.0;1;1
457.567;0.0;0.0;0.0;31.99145299145299;31.99145299145299;32.0;32.0;1;1
457.68;0.0;0.0;0.0;31.99145299145299;31.99145299145299;32.0;32.0;1;1
457.78;0.0;0.0;0.0;31.99145299145299;31.99145299145299;32.0;32.0;1;1
457.884;0.0;0.0;0.0;31.99145299145299;31.99145299145299;32.0;32.0;1;1
457.984;0.0;0.0;0.0;31.99145299145299;31.99145299145299;32.0;32.0;1;1
458.085;0.0;0.0;0.0;31.99145299145299;31.99145299145299;32.0;32.0;1;1
458.185;0.0;0.0;0.0;31.99145299145299;31.99145299145299;32.0;32.0;1;1
458.286;0.0;0.0;0.0;31.99145299145299;31.99145299145299;32.0;32.0;1;1
458.386;0.0;0.0;0.0;31.99145299145299;31.99145299145299;32.0;32.0;1;1
458.487;0.0;0.0;0.0;31.99145299145299;31.99145299145299;32.0;32.0;1;1
458.592;0.0;0.0;0.0;31.99145299145299;31.99145299145299;32.0;32.0;1;1
458.7;0.0;0.0;0.0;31.99145299145299;31.99145299145299;32.0;32.0;1;1
458.801;0.0;0.0;0.0;31.99145299145299;31.99145299145299;32.0;32.0;1;1
458.902;0.0;0.0;0.0;31.99145299145299;31.99145299145299;32.0;32.0;1;1
459.016;0.0;0.0;0.0;31.99145299145299;31.99145299145299;32.0;32.0;1;1
459.125;0.0;0.0;0.0;31.99145299145299;31.99145299145299;32.0;32.0;1;1
459.226;0.0;0.0;0.0;31.99145299145299;31.99145299145299;32.0;32.0;1;1
459.328;0.0;0.0;0.0;31.99145299145299;31.99145299145299;32.0;32.0;1;1
459.441;0.0;0.0;0.0;31.99145299145299;31.99145299145299;32.0;32.0;1;1
459.55;0.0;0.0;0.0;31.99145299145299;31.99145299145299;32.0;32.0;1;1
459.665;0.0;0.0;0.0;31.99145299145299;31.99145299145299;32.0;32.0;1;1
459.773;0.0;0.0;0.0;31.99145299145299;31.99145299145299;32.0;32.0;1;1
459.889;0.0;0.0;0.0;31.99145299145299;31.99145299145299;32.0;32.0;1;1
459.996;0.0;0.0;0.0;31.99145299145299;31.99145299145299;32.0;32.0;1;1
460.109;0.0;0.0;0.0;31.99145299145299;31.99145299145299;32.0;32.0;1;1
460.217;0.0;0.0;0.0;31.99145299145299;31.99145299145299;32.0;32.0;1;1
460.333;0.0;0.0;0.0;31.99145299145299;31.99145299145299;32.0;32.0;1;1
460.434;0.0;0.0;0.0;31.99145299145299;31.99145299145299;32.0;32.0;1;1
460.538;0.0;0.0;0.0;31.99145299145299;31.99145299145299;32.0;32.0;1;1
460.638;0.0;0.0;0.0;31.99145299145299;31.99145299145299;32.0;32.0;1;1
460.743;0.0;0.0;0.0;31.99145299145299;31.99145299145299;32.0;32.0;1;1
460.844;0.0;0.0;0.0;31.99145299145299;31.99145299145299;32.0;32.0;1;1
460.944;0.0;0.0;0.0;31.99145299145299;31.99145299145299;32.0;32.0;1;1
461.044;0.0;0.0;0.0;31.99145299145299;31.99145299145299;32.0;32.0;1;1
461.145;0.0;0.0;0.0;31.99145299145299;31.99145299145299;32.0;32.0;1;1
461.245;0.0;0.0;0.0;31.99145299145299;31.99145299145299;32.0;32.0;1;1
461.346;0.0;0.0;0.0;31.99145299145299;31.99145299145299;32.0;32.0;1;1
461.448;0.0;0.0;0.0;31.99145299145299;31.99145299145299;32.0;32.0;1;1
461.549;0.0;0.0;0.0;31.99145299145299;31.99145299145299;32.0;32.0;1;1
461.649;0.0;0.0;0.0;31.99145299145299;31.99145299145299;32.0;32.0;1;1
461.763;0.0;0.0;0.0;31.99145299145299;31.99145299145299;32.0;32.0;1;1
461.878;0.0;0.0;0.0;31.99145299145299;31.99145299145299;32.0;32.0;1;1
461.988;0.0;0.0;0.0;31.99145299145299;31.99145299145299;32.0;32.0;1;1
462.089;0.0;0.0;0.0;31.99145299145299;31.99145299145299;32.0;32.0;1;1
462.195;0.0;0.0;0.0;31.99145299145299;31.99145299145299;32.0;32.0;1;1
462.304;0.0;0.0;0.0;31.99145299145299;31.99145299145299;32.0;32.0;1;1
462.422;0.0;0.0;0.0;31.99145299145299;31.99145299145299;32.0;32.0;1;1
462.526;0.0;0.0;0.0;31.99145299145299;31.99145299145299;32.0;32.0;1;1
462.628;0.0;0.0;0.0;31.99145299145299;31.99145299145299;32.0;32.0;1;1
462.736;0.0;0.0;0.0;31.99145299145299;31.99145299145299;32.0;32.0;1;1
462.851;0.0;0.0;0.0;31.99145299145299;31.99145299145299;32.0;32.0;1;1
462.956;0.0;0.0;0.0;31.99145299145299;31.99145299145299;32.0;32.0;1;1
463.069;0.0;0.0;0.0;31.99145299145299;31.99145299145299;32.0;32.0;1;1
463.181;0.0;0.0;0.0;31.99145299145299;31.99145299145299;32.0;32.0;1;1
463.293;0.0;0.0;0.0;31.99145299145299;31.99145299145299;32.0;32.0;1;1
463.403;0.0;0.0;0.0;31.99145299145299;31.99145299145299;32.0;32.0;1;1
463.519;0.0;0.0;0.0;31.99145299145299;31.99145299145299;32.0;32.0;1;1
463.623;0.0;0.0;0.0;31.99145299145299;31.99145299145299;32.0;32.0;1;1
463.724;0.0;0.0;0.0;31.99145299145299;31.99145299145299;32.0;32.0;1;1
463.831;0.0;0.0;0.0;31.99145299145299;31.99145299145299;32.0;32.0;1;1
463.941;0.0;0.0;0.0;31.99145299145299;31.99145299145299;32.0;32.0;1;1
464.057;0.0;0.0;0.0;31.99145299145299;31.99145299145299;32.0;32.0;1;1
464.17;0.0;0.0;0.0;31.99145299145299;31.99145299145299;32.0;32.0;1;1
464.274;0.0;0.0;0.0;31.99145299145299;31.99145299145299;32.0;32.0;1;1
464.377;0.0;0.0;0.0;31.99145299145299;31.99145299145299;32.0;32.0;1;1
464.482;0.0;0.0;0.0;31.99145299145299;31.99145299145299;32.0;32.0;1;1
464.582;0.0;0.0;0.0;31.99145299145299;31.99145299145299;32.0;32.0;1;1
464.683;0.0;0.0;0.0;31.99145299145299;31.99145299145299;32.0;32.0;1;1
464.783;0.0;0.0;0.0;31.99145299145299;31.99145299145299;32.0;32.0;1;1
464.883;0.0;0.0;0.0;31.99145299145299;31.99145299145299;32.0;32.0;1;1
464.984;0.0;0.0;0.0;31.99145299145299;31.99145299145299;32.0;32.0;1;1
465.084;0.0;0.0;0.0;31.99145299145299;31.99145299145299;32.0;32.0;1;1
465.185;0.0;0.0;0.0;31.99145299145299;31.99145299145299;32.0;32.0;1;1
465.286;0.0;0.0;0.0;31.99145299145299;31.99145299145299;32.0;32.0;1;1
465.411;0.0;0.0;0.0;31.99145299145299;31.99145299145299;32.0;32.0;1;1
465.511;0.0;0.0;0.0;31.99145299145299;31.99145299145299;32.0;32.0;1;1
465.616;0.0;0.0;0.0;31.99145299145299;31.99145299145299;32.0;32.0;1;1
465.717;0.0;0.0;0.0;31.99145299145299;31.99145299145299;32.0;32.0;1;1
465.823;0.0;0.0;0.0;31.99145299145299;31.99145299145299;32.0;32.0;1;1
465.934;0.0;0.0;0.0;31.99145299145299;31.99145299145299;32.0;32.0;1;1
466.037;0.0;0.0;0.0;31.99145299145299;31.99145299145299;32.0;32.0;1;1
466.139;0.0;0.0;0.0;31.99145299145299;31.99145299145299;32.0;32.0;1;1
466.248;0.0;0.0;0.0;31.99145299145299;31.99145299145299;32.0;32.0;1;1
466.366;0.0;0.0;0.0;31.99145299145299;31.99145299145299;32.0;32.0;1;1
466.47;0.0;0.0;0.0;31.99145299145299;31.99145299145299;32.0;32.0;1;1
466.572;0.0;0.0;0.0;31.99145299145299;31.99145299145299;32.0;32.0;1;1
466.677;0.0;0.0;0.0;31.99145299145299;31.99145299145299;32.0;32.0;1;1
466.79;0.0;0.0;0.0;31.99145299145299;31.99145299145299;32.0;32.0;1;1
466.9;0.0;0.0;0.0;31.99145299145299;31.99145299145299;32.0;32.0;1;1
467.016;0.0;0.0;0.0;31.99145299145299;31.99145299145299;32.0;32.0;1;1
467.121;0.0;0.0;0.0;31.99145299145299;31.99145299145299;32.0;32.0;1;1
467.233;0.0;0.0;0.0;31.99145299145299;31.99145299145299;32.0;32.0;1;1
467.344;0.0;0.0;0.0;31.99145299145299;31.99145299145299;32.0;32.0;1;1
467.454;0.0;0.0;0.0;31.99145299145299;31.99145299145299;32.0;32.0;1;1
467.564;0.0;0.0;0.0;31.99145299145299;31.99145299145299;32.0;32.0;1;1
467.665;0.0;0.0;0.0;31.99145299145299;31.99145299145299;32.0;32.0;1;1
467.772;0.0;0.0;0.0;31.99145299145299;31.99145299145299;32.0;32.0;1;1
467.881;0.0;0.0;0.0;31.99145299145299;31.99145299145299;32.0;32.0;1;1
467.983;0.0;0.0;0.0;31.99145299145299;31.99145299145299;32.0;32.0;1;1
468.109;0.0;0.0;0.0;31.99145299145299;31.99145299145299;32.0;32.0;1;1
468.214;0.0;0.0;0.0;31.99145299145299;31.99145299145299;32.0;32.0;1;1
468.326;0.0;0.0;0.0;31.99145299145299;31.99145299145299;32.0;32.0;1;1
468.436;0.0;0.0;0.0;31.99145299145299;31.99145299145299;32.0;32.0;1;1
468.55;0.0;0.0;0.0;31.99145299145299;31.99145299145299;32.0;32.0;1;1
468.651;0.0;0.0;0.0;31.99145299145299;31.99145299145299;32.0;32.0;1;1
468.756;0.0;0.0;0.0;31.99145299145299;31.99145299145299;32.0;32.0;1;1
468.868;0.0;0.0;0.0;31.99145299145299;31.99145299145299;32.0;32.0;1;1
468.982;0.0;0.0;0.0;31.99145299145299;31.99145299145299;32.0;32.0;1;1
469.087;0.0;0.0;0.0;31.99145299145299;31.99145299145299;32.0;32.0;1;1
469.2;0.0;0.0;0.0;31.99145299145299;31.99145299145299;32.0;32.0;1;1
469.308;0.0;0.0;0.0;31.99145299145299;31.99145299145299;32.0;32.0;1;1
469.422;0.0;0.0;0.0;31.99145299145299;31.99145299145299;32.0;32.0;1;1
469.531;0.0;0.0;0.0;31.99145299145299;31.99145299145299;32.0;32.0;1;1
469.643;0.0;0.0;0.0;31.99145299145299;31.99145299145299;32.0;32.0;1;1
469.751;0.0;0.0;0.0;31.99145299145299;31.99145299145299;32.0;32.0;1;1
469.852;0.0;0.0;0.0;31.99145299145299;31.99145299145299;32.0;32.0;1;1
469.96;0.0;0.0;0.0;31.99145299145299;31.99145299145299;32.0;32.0;1;1
470.069;0.0;0.0;0.0;31.99145299145299;31.99145299145299;32.0;32.0;1;1
470.169;0.0;0.0;0.0;31.99145299145299;31.99145299145299;32.0;32.0;1;1
470.279;0.0;0.0;0.0;31.99145299145299;31.99145299145299;32.0;32.0;1;1
470.379;0.0;0.0;0.0;31.99145299145299;31.99145299145299;32.0;32.0;1;1
470.48;0.0;0.0;0.0;32.05128205128205;31.99145299145299;32.0;32.0;1;1
470.58;0.0;0.0;0.0;32.05128205128205;31.99145299145299;32.0;32.0;1;1
470.681;0.0;0.0;0.0;32.05128205128205;31.99145299145299;32.0;32.0;1;1
470.781;0.0;0.0;0.0;32.05128205128205;31.99145299145299;32.0;32.0;1;1
470.882;0.0;0.0;0.0;32.05128205128205;31.99145299145299;32.0;32.0;1;1
470.986;0.0;0.0;0.0;32.05128205128205;31.99145299145299;32.0;32.0;1;1
471.089;0.0;0.0;0.0;32.05128205128205;31.99145299145299;32.0;32.0;1;1
471.191;0.0;0.0;0.0;32.05128205128205;31.99145299145299;32.0;32.0;1;1
471.298;0.0;0.0;0.0;32.05128205128205;31.99145299145299;32.0;32.0;1;1
471.401;0.0;0.0;0.0;31.99145299145299;31.99145299145299;32.0;32.0;1;1
471.503;0.0;0.0;0.0;31.99145299145299;31.99145299145299;32.0;32.0;1;1
471.604;0.0;0.0;0.0;31.99145299145299;31.99145299145299;32.0;32.0;1;1
471.71;0.0;0.0;0.0;31.99145299145299;31.99145299145299;32.0;32.0;1;1
471.82;0.0;0.0;0.0;31.99145299145299;31.99145299145299;32.0;32.0;1;1
471.921;0.0;0.0;0.0;31.99145299145299;31.99145299145299;32.0;32.0;1;1
472.033;0.0;0.0;0.0;31.99145299145299;31.99145299145299;32.0;32.0;1;1
472.134;0.0;0.0;0.0;31.99145299145299;31.99145299145299;32.0;32.0;1;1
472.234;0.0;0.0;0.0;31.99145299145299;31.99145299145299;32.0;32.0;1;1
472.335;0.0;0.0;0.0;31.99145299145299;31.99145299145299;32.0;32.0;1;1
472.436;0.0;0.0;0.0;31.99145299145299;31.99145299145299;32.0;32.0;1;1
472.536;0.0;0.0;0.0;31.99145299145299;31.99145299145299;32.0;32.0;1;1
472.637;0.0;0.0;0.0;31.99145299145299;31.99145299145299;32.0;32.0;1;1
472.738;0.0;0.0;0.0;31.99145299145299;31.99145299145299;32.0;32.0;1;1
472.842;0.0;0.0;0.0;31.99145299145299;31.99145299145299;32.0;32.0;1;1
472.945;0.0;0.0;0.0;31.99145299145299;31.99145299145299;32.0;32.0;1;1
473.046;0.0;0.0;0.0;31.99145299145299;31.99145299145299;32.0;32.0;1;1
473.149;0.0;0.0;0.0;31.99145299145299;31.99145299145299;32.0;32.0;1;1
473.251;0.0;0.0;0.0;31.99145299145299;31.99145299145299;32.0;32.0;1;1
473.364;0.0;0.0;0.0;31.99145299145299;31.99145299145299;32.0;32.0;1;1
473.474;0.0;0.0;0.0;31.99145299145299;31.99145299145299;32.0;32.0;1;1
473.589;0.0;0.0;0.0;31.99145299145299;31.99145299145299;32.0;32.0;1;1
473.7;0.0;0.0;0.0;31.99145299145299;31.99145299145299;32.0;32.0;1;1
473.809;0.0;0.0;0.0;31.99145299145299;31.99145299145299;32.0;32.0;1;1
473.924;0.0;0.0;0.0;31.99145299145299;31.99145299145299;32.0;32.0;1;1
474.028;0.0;0.0;0.0;31.99145299145299;31.99145299145299;32.0;32.0;1;1
474.145;0.0;0.0;0.0;31.99145299145299;31.99145299145299;32.0;32.0;1;1
474.252;0.0;0.0;0.0;31.99145299145299;31.99145299145299;32.0;32.0;1;1
474.353;0.0;0.0;0.0;31.99145299145299;31.99145299145299;32.0;32.0;1;1
474.462;0.0;0.0;0.0;31.99145299145299;31.99145299145299;32.0;32.0;1;1
474.576;0.0;0.0;0.0;31.99145299145299;31.99145299145299;32.0;32.0;1;1
474.686;0.0;0.0;0.0;31.99145299145299;31.99145299145299;32.0;32.0;1;1
474.798;0.0;0.0;0.0;31.99145299145299;31.99145299145299;32.0;32.0;1;1
474.905;0.0;0.0;0.0;31.99145299145299;31.99145299145299;32.0;32.0;1;1
475.02;0.0;0.0;0.0;31.99145299145299;31.99145299145299;32.0;32.0;1;1
475.128;0.0;0.0;0.0;31.99145299145299;31.99145299145299;32.0;32.0;1;1
475.228;0.0;0.0;0.0;31.99145299145299;31.99145299145299;32.0;32.0;1;1
475.332;0.0;0.0;0.0;31.99145299145299;31.99145299145299;32.0;32.0;1;1
475.432;0.0;0.0;0.0;31.99145299145299;31.99145299145299;32.0;32.0;1;1
475.533;0.0;0.0;0.0;31.99145299145299;31.99145299145299;32.0;32.0;1;1
475.633;0.0;0.0;0.0;31.99145299145299;31.99145299145299;32.0;32.0;1;1
475.734;0.0;0.0;0.0;31.99145299145299;31.99145299145299;32.0;32.0;1;1
475.834;0.0;0.0;0.0;31.99145299145299;31.99145299145299;32.0;32.0;1;1
475.936;0.0;0.0;0.0;31.99145299145299;31.99145299145299;32.0;32.0;1;1
476.037;0.0;0.0;0.0;31.99145299145299;31.99145299145299;32.0;32.0;1;1
476.142;0.0;0.0;0.0;31.99145299145299;31.99145299145299;32.0;32.0;1;1
476.243;0.0;0.0;0.0;31.99145299145299;31.99145299145299;32.0;32.0;1;1
476.346;0.0;0.0;0.0;31.99145299145299;31.99145299145299;32.0;32.0;1;1
476.447;0.0;0.0;0.0;31.99145299145299;31.99145299145299;32.0;32.0;1;1
476.558;0.0;0.0;0.0;31.99145299145299;31.99145299145299;32.0;32.0;1;1
476.666;0.0;0.0;0.0;31.99145299145299;31.99145299145299;32.0;32.0;1;1
476.766;0.0;0.0;0.0;31.99145299145299;31.99145299145299;32.0;32.0;1;1
476.871;0.0;0.0;0.0;31.99145299145299;31.99145299145299;32.0;32.0;1;1
476.973;0.0;0.0;0.0;31.99145299145299;31.99145299145299;32.0;32.0;1;1
477.073;0.0;0.0;0.0;31.99145299145299;31.99145299145299;32.0;32.0;1;1
477.174;0.0;0.0;0.0;31.99145299145299;31.99145299145299;32.0;32.0;1;1
477.275;0.0;0.0;0.0;31.99145299145299;31.99145299145299;32.0;32.0;1;1
477.375;0.0;0.0;0.0;31.99145299145299;31.99145299145299;32.0;32.0;1;1
477.477;0.0;0.0;0.0;31.99145299145299;31.99145299145299;32.0;32.0;1;1
477.578;0.0;0.0;0.0;31.99145299145299;31.99145299145299;32.0;32.0;1;1
477.687;0.0;0.0;0.0;31.99145299145299;31.99145299145299;32.0;32.0;1;1
477.797;0.0;0.0;0.0;31.99145299145299;31.99145299145299;32.0;32.0;1;1
477.897;0.0;0.0;0.0;31.99145299145299;31.99145299145299;32.0;32.0;1;1
477.999;0.0;0.0;0.0;31.99145299145299;31.99145299145299;32.0;32.0;1;1
478.116;0.0;0.0;0.0;31.99145299145299;31.99145299145299;32.0;32.0;1;1
478.226;0.0;0.0;0.0;31.99145299145299;31.99145299145299;32.0;32.0;1;1
478.335;0.0;0.0;0.0;31.99145299145299;31.99145299145299;32.0;32.0;1;1
478.435;0.0;0.0;0.0;31.99145299145299;31.99145299145299;32.0;32.0;1;1
478.54;0.0;0.0;0.0;31.99145299145299;31.99145299145299;32.0;32.0;1;1
478.645;0.0;0.0;0.0;31.99145299145299;31.99145299145299;32.0;32.0;1;1
478.765;0.0;0.0;0.0;31.99145299145299;31.99145299145299;32.0;32.0;1;1
478.873;0.0;0.0;0.0;31.99145299145299;31.99145299145299;32.0;32.0;1;1
478.975;0.0;0.0;0.0;31.99145299145299;31.99145299145299;32.0;32.0;1;1
479.089;0.0;0.0;0.0;31.99145299145299;31.99145299145299;32.0;32.0;1;1
479.2;0.0;0.0;0.0;31.99145299145299;31.99145299145299;32.0;32.0;1;1
479.305;0.0;0.0;0.0;31.99145299145299;31.99145299145299;32.0;32.0;1;1
479.416;0.0;0.0;0.0;31.99145299145299;31.99145299145299;32.0;32.0;1;1
479.527;0.0;0.0;0.0;32.05128205128205;31.99145299145299;32.0;32.0;1;1
479.645;0.0;0.0;0.0;32.05128205128205;31.99145299145299;32.0;32.0;1;1
479.747;0.0;0.0;0.0;32.05128205128205;31.99145299145299;32.0;32.0;1;1
479.848;0.0;0.0;0.0;32.05128205128205;31.99145299145299;32.0;32.0;1;1
479.974;0.0;0.0;0.0;32.05128205128205;31.99145299145299;32.0;32.0;1;1
480.089;0.0;0.0;0.0;32.05128205128205;31.99145299145299;32.0;32.0;1;1
480.196;0.0;0.0;0.0;32.05128205128205;31.99145299145299;32.0;32.0;1;1
480.302;0.0;0.0;0.0;32.05128205128205;31.99145299145299;32.0;32.0;1;1
480.414;0.0;0.0;0.0;31.99145299145299;31.99145299145299;32.0;32.0;1;1
480.523;0.0;0.0;0.0;31.99145299145299;31.99145299145299;32.0;32.0;1;1
480.639;0.0;0.0;0.0;31.99145299145299;31.99145299145299;32.0;32.0;1;1
480.746;0.0;0.0;0.0;31.99145299145299;31.99145299145299;32.0;32.0;1;1
480.859;0.0;0.0;0.0;31.99145299145299;31.99145299145299;32.0;32.0;1;1
480.966;0.0;0.0;0.0;31.99145299145299;31.99145299145299;32.0;32.0;1;1
481.069;0.0;0.0;0.0;31.99145299145299;31.99145299145299;32.0;32.0;1;1
481.173;0.0;0.0;0.0;31.99145299145299;31.99145299145299;32.0;32.0;1;1
481.288;0.0;0.0;0.0;31.99145299145299;31.99145299145299;32.0;32.0;1;1
481.398;0.0;0.0;0.0;31.99145299145299;31.99145299145299;32.0;32.0;1;1
481.514;0.0;0.0;0.0;31.99145299145299;31.99145299145299;32.0;32.0;1;1
481.618;0.0;0.0;0.0;31.99145299145299;31.99145299145299;32.0;32.0;1;1
481.736;0.0;0.0;0.0;31.99145299145299;31.99145299145299;32.0;32.0;1;1
481.84;0.0;0.0;0.0;31.99145299145299;31.99145299145299;32.0;32.0;1;1
481.953;0.0;0.0;0.0;31.99145299145299;31.99145299145299;32.0;32.0;1;1
482.064;0.0;0.0;0.0;31.99145299145299;31.99145299145299;32.0;32.0;1;1
482.167;0.0;0.0;0.0;31.99145299145299;31.99145299145299;32.0;32.0;1;1
482.27;0.0;0.0;0.0;31.99145299145299;31.99145299145299;32.0;32.0;1;1
482.38;0.0;0.0;0.0;31.99145299145299;31.99145299145299;32.0;32.0;1;1
482.494;0.0;0.0;0.0;31.99145299145299;31.94017094017094;32.0;32.0;1;1
482.608;0.0;0.0;0.0;31.99145299145299;31.94017094017094;32.0;32.0;1;1
482.713;0.0;0.0;0.0;31.99145299145299;31.94017094017094;32.0;32.0;1;1
482.828;0.0;0.0;0.0;31.99145299145299;31.94017094017094;32.0;32.0;1;1
482.934;0.0;0.0;0.0;31.99145299145299;31.94017094017094;32.0;32.0;1;1
483.036;0.0;0.0;0.0;31.99145299145299;31.94017094017094;32.0;32.0;1;1
483.14;0.0;0.0;0.0;31.99145299145299;31.94017094017094;32.0;32.0;1;1
483.257;0.0;0.0;0.0;31.99145299145299;31.94017094017094;32.0;32.0;1;1
483.366;0.0;0.0;0.0;31.99145299145299;31.94017094017094;32.0;32.0;1;1
483.477;0.0;0.0;0.0;31.99145299145299;31.99145299145299;32.0;32.0;1;1
483.588;0.0;0.0;0.0;31.99145299145299;31.99145299145299;32.0;32.0;1;1
483.697;0.0;0.0;0.0;31.99145299145299;31.99145299145299;32.0;32.0;1;1
483.809;0.0;0.0;0.0;31.99145299145299;31.99145299145299;32.0;32.0;1;1
483.922;0.0;0.0;0.0;31.99145299145299;31.99145299145299;32.0;32.0;1;1
484.03;0.0;0.0;0.0;31.99145299145299;31.99145299145299;32.0;32.0;1;1
484.131;0.0;0.0;0.0;31.99145299145299;31.99145299145299;32.0;32.0;1;1
484.307;0.0;0.0;0.0;31.99145299145299;31.99145299145299;32.0;32.0;1;1
484.407;0.0;0.0;0.0;31.99145299145299;31.99145299145299;32.0;32.0;1;1
484.51;0.0;0.0;0.0;31.99145299145299;31.99145299145299;32.0;32.0;1;1
484.613;0.0;0.0;0.0;31.99145299145299;31.99145299145299;32.0;32.0;1;1
484.723;0.0;0.0;0.0;31.99145299145299;31.99145299145299;32.0;32.0;1;1
484.828;0.0;0.0;0.0;31.99145299145299;31.99145299145299;32.0;32.0;1;1
484.929;0.0;0.0;0.0;31.99145299145299;31.99145299145299;32.0;32.0;1;1
485.029;0.0;0.0;0.0;31.99145299145299;31.99145299145299;32.0;32.0;1;1
485.143;0.0;0.0;0.0;31.99145299145299;31.99145299145299;32.0;32.0;1;1
485.249;0.0;0.0;0.0;31.99145299145299;31.99145299145299;32.0;32.0;1;1
485.35;0.0;0.0;0.0;31.99145299145299;31.99145299145299;32.0;32.0;1;1
485.46;0.0;0.0;0.0;31.99145299145299;31.99145299145299;32.0;32.0;1;1
485.571;0.0;0.0;0.0;31.99145299145299;31.99145299145299;32.0;32.0;1;1
485.683;0.0;0.0;0.0;31.99145299145299;31.99145299145299;32.0;32.0;1;1
485.796;0.0;0.0;0.0;31.99145299145299;31.99145299145299;32.0;32.0;1;1
485.902;0.0;0.0;0.0;31.99145299145299;31.99145299145299;32.0;32.0;1;1
486.014;0.0;0.0;0.0;31.99145299145299;31.99145299145299;32.0;32.0;1;1
486.124;0.0;0.0;0.0;31.99145299145299;31.99145299145299;32.0;32.0;1;1
486.239;0.0;0.0;0.0;31.99145299145299;31.99145299145299;32.0;32.0;1;1
486.347;0.0;0.0;0.0;31.99145299145299;31.99145299145299;32.0;32.0;1;1
486.448;0.0;0.0;0.0;31.99145299145299;31.99145299145299;32.0;32.0;1;1
486.554;0.0;0.0;0.0;31.99145299145299;31.99145299145299;32.0;32.0;1;1
486.664;0.0;0.0;0.0;31.99145299145299;31.99145299145299;32.0;32.0;1;1
486.778;0.0;0.0;0.0;31.99145299145299;31.99145299145299;32.0;32.0;1;1
486.89;0.0;0.0;0.0;31.99145299145299;31.99145299145299;32.0;32.0;1;1
486.999;0.0;0.0;0.0;31.99145299145299;31.99145299145299;32.0;32.0;1;1
487.111;0.0;0.0;0.0;31.99145299145299;31.99145299145299;32.0;32.0;1;1
487.212;0.0;0.0;0.0;31.99145299145299;31.99145299145299;32.0;32.0;1;1
487.316;0.0;0.0;0.0;31.99145299145299;31.99145299145299;32.0;32.0;1;1
487.43;0.0;0.0;0.0;31.99145299145299;31.99145299145299;32.0;32.0;1;1
487.542;0.0;0.0;0.0;31.99145299145299;31.99145299145299;32.0;32.0;1;1
487.647;0.0;0.0;0.0;31.99145299145299;31.99145299145299;32.0;32.0;1;1
487.756;0.0;0.0;0.0;31.99145299145299;31.99145299145299;32.0;32.0;1;1
487.871;0.0;0.0;0.0;31.99145299145299;31.99145299145299;32.0;32.0;1;1
487.984;0.0;0.0;0.0;31.99145299145299;31.99145299145299;32.0;32.0;1;1
488.089;0.0;0.0;0.0;31.99145299145299;31.99145299145299;32.0;32.0;1;1
488.202;0.0;0.0;0.0;31.99145299145299;31.99145299145299;32.0;32.0;1;1
488.31;0.0;0.0;0.0;31.99145299145299;31.99145299145299;32.0;32.0;1;1
488.426;0.0;0.0;0.0;31.99145299145299;31.99145299145299;32.0;32.0;1;1
488.532;0.0;0.0;0.0;31.99145299145299;31.99145299145299;32.0;32.0;1;1
488.648;0.0;0.0;0.0;31.99145299145299;31.99145299145299;32.0;32.0;1;1
488.763;0.0;0.0;0.0;31.99145299145299;31.99145299145299;32.0;32.0;1;1
488.868;0.0;0.0;0.0;31.99145299145299;31.99145299145299;32.0;32.0;1;1
488.982;0.0;0.0;0.0;31.99145299145299;31.99145299145299;32.0;32.0;1;1
489.091;0.0;0.0;0.0;31.99145299145299;31.99145299145299;32.0;32.0;1;1
489.202;0.0;0.0;0.0;31.99145299145299;31.99145299145299;32.0;32.0;1;1
489.308;0.0;0.0;0.0;31.99145299145299;31.99145299145299;32.0;32.0;1;1
489.409;0.0;0.0;0.0;31.99145299145299;31.99145299145299;32.0;32.0;1;1
489.515;0.0;0.0;0.0;31.99145299145299;31.99145299145299;32.0;32.0;1;1
489.616;0.0;0.0;0.0;31.99145299145299;31.99145299145299;32.0;32.0;1;1
489.737;0.0;0.0;0.0;31.99145299145299;31.99145299145299;32.0;32.0;1;1
489.85;0.0;0.0;0.0;31.99145299145299;31.99145299145299;32.0;32.0;1;1
489.958;0.0;0.0;0.0;31.99145299145299;31.99145299145299;32.0;32.0;1;1
490.072;0.0;0.0;0.0;31.99145299145299;31.99145299145299;32.0;32.0;1;1
490.182;0.0;0.0;0.0;31.99145299145299;31.99145299145299;32.0;32.0;1;1
490.301;0.0;0.0;0.0;31.99145299145299;31.99145299145299;32.0;32.0;1;1
490.405;0.0;0.0;0.0;31.99145299145299;31.99145299145299;32.0;32.0;1;1
490.519;0.0;0.0;0.061896509036890326;31.99145299145299;31.99145299145299;32.0;32.0;1;1
490.62;0.0;0.0;0.43327556325823224;31.99145299145299;31.99145299145299;32.0;32.0;1;1
490.729;0.0;0.0;1.2998266897746968;31.99145299145299;31.99145299145299;32.0;32.0;1;1
490.835;0.0;0.0;2.5377568705125033;31.99145299145299;31.99145299145299;32.0;32.0;1;1
490.938;0.0;0.0;5.075513741025007;31.99145299145299;31.99145299145299;32.0;32.0;1;1
491.043;0.0;0.0;7.056202030205497;31.99145299145299;31.99145299145299;32.0;32.0;1;1
491.143;0.0;0.0;9.036890319385988;31.99145299145299;31.99145299145299;32.0;32.0;1;1
491.253;0.0;0.0;11.079475117603367;31.99145299145299;31.99145299145299;32.0;32.0;1;1
491.354;0.0;0.0;13.06016340678386;31.99145299145299;31.99145299145299;32.0;32.0;1;1
491.454;0.0;0.0;15.04085169596435;31.99145299145299;31.99145299145299;32.0;32.0;1;1
491.555;0.0;0.0;17.08343649418173;31.99145299145299;31.99145299145299;32.0;32.0;1;1
491.655;0.0;0.0;19.06412478336222;31.99145299145299;31.99145299145299;32.0;32.0;1;1
491.756;0.0;0.0;21.04481307254271;31.99145299145299;31.99145299145299;32.0;32.0;1;1
491.858;0.0;0.0;23.0255013617232;31.99145299145299;31.99145299145299;32.0;32.0;1;1
491.958;0.0;0.0;25.00618965090369;31.99145299145299;31.99145299145299;32.0;32.0;1;1
492.059;0.0;0.0;26.98687794008418;31.99145299145299;31.99145299145299;32.0;32.0;1;1
492.173;0.0;0.0;29.02946273830156;31.99145299145299;31.99145299145299;32.0;32.0;1;1
492.278;0.0;0.0;31.010151027482053;31.99145299145299;31.99145299145299;32.0;32.0;1;1
492.396;0.0;0.0;32.990839316662544;31.99145299145299;31.99145299145299;32.0;32.0;1;1
492.506;0.0;0.0;35.961871750433275;31.99145299145299;31.99145299145299;32.0;32.0;1;1
492.608;0.0;0.0;37.94256003961377;31.99145299145299;31.99145299145299;32.0;32.0;1;1
492.711;0.0;0.0;39.98514483783115;31.99145299145299;31.99145299145299;32.0;32.0;1;1
492.827;0.0;0.0;41.96583312701164;31.99145299145299;31.99145299145299;32.0;32.0;1;1
492.933;0.0;0.0;43.94652141619213;31.99145299145299;31.99145299145299;32.0;32.0;1;1
493.048;0.0;0.0;45.92720970537262;31.99145299145299;31.99145299145299;32.0;32.0;1;1
493.154;0.0;0.0;48.96013864818025;31.99145299145299;31.99145299145299;32.0;32.0;1;1
493.27;0.0;0.0;50.94082693736074;31.99145299145299;31.99145299145299;32.0;32.0;1;1
493.381;0.0;0.0;52.921515226541224;31.99145299145299;31.99145299145299;32.0;32.0;1;1
493.487;0.0;0.0;54.902203515721716;31.99145299145299;31.99145299145299;32.0;32.0;1;1
493.59;0.0;0.0;57.935132458529345;31.99145299145299;31.99145299145299;32.0;32.0;1;1
493.692;0.0;0.0;58.92547660311959;31.99145299145299;31.99145299145299;32.0;32.0;1;1
493.804;0.0;0.0;60.906164892300076;31.99145299145299;31.99145299145299;32.0;32.0;1;1
493.92;0.0;0.0;63.877197326070814;31.99145299145299;31.99145299145299;32.0;32.0;1;1
494.027;0.0;0.0;65.8578856152513;31.99145299145299;31.99145299145299;32.0;32.0;1;1
494.143;0.0;0.0;67.8385739044318;31.99145299145299;31.99145299145299;32.0;32.0;1;1
494.255;0.0;0.0;69.88115870264917;31.99145299145299;31.99145299145299;32.0;32.0;1;1
494.366;0.0;0.0;71.86184699182967;31.99145299145299;31.99145299145299;32.0;32.0;1;1
494.478;0.0;0.0;74.8328794256004;31.99145299145299;31.99145299145299;32.0;32.0;1;1
494.586;0.0;0.0;76.87546422381779;31.99145299145299;31.99145299145299;32.0;32.0;1;1
494.695;0.0;0.0;78.85615251299828;31.99145299145299;31.99145299145299;32.0;32.0;1;1
494.795;0.0;0.0;80.83684080217877;31.99145299145299;31.99145299145299;32.0;32.0;1;1
494.922;0.0;0.0;83.8078732359495;31.99145299145299;31.99145299145299;32.0;32.0;1;1
495.027;0.0;0.0;85.78856152512999;31.99145299145299;31.99145299145299;32.0;32.0;1;1
495.128;0.0;0.0;87.39787076008913;31.99145299145299;31.99145299145299;32.0;32.0;1;1
495.236;0.0;0.0;88.63580094082694;31.99145299145299;31.99145299145299;32.0;32.0;1;1
495.363;0.0;0.0;89.74993810349098;31.99145299145299;31.99145299145299;32.0;32.0;1;1
495.463;0.0;0.0;89.87373112156475;31.99145299145299;31.99145299145299;32.0;32.0;1;1
495.571;0.0;0.0;89.99752413963853;31.99145299145299;31.99145299145299;32.0;32.0;1;1
495.679;0.0;0.0;89.99752413963853;31.99145299145299;31.99145299145299;32.0;32.0;1;1
495.793;0.0;0.0;89.99752413963853;31.99145299145299;31.99145299145299;32.0;32.0;1;1
495.901;0.0;0.0;89.99752413963853;31.99145299145299;31.99145299145299;32.0;32.0;1;1
496.014;0.0;0.0;89.99752413963853;31.99145299145299;31.99145299145299;32.0;32.0;1;1
496.12;0.0;0.0;89.99752413963853;31.99145299145299;31.99145299145299;32.0;32.0;1;1
496.233;0.0;0.0;89.99752413963853;31.99145299145299;31.99145299145299;32.0;32.0;1;1
496.34;0.0;0.0;89.99752413963853;31.99145299145299;31.99145299145299;32.0;32.0;1;1
496.454;0.0;0.0;89.99752413963853;31.99145299145299;31.99145299145299;32.0;32.0;1;1
496.564;0.0;0.0;89.99752413963853;31.99145299145299;31.99145299145299;32.0;32.0;1;1
496.665;0.0;0.0;89.99752413963853;31.99145299145299;31.99145299145299;32.0;32.0;1;1
496.773;0.0;0.0;89.99752413963853;31.99145299145299;31.99145299145299;32.0;32.0;1;1
496.883;0.0;0.0;89.99752413963853;31.99145299145299;31.99145299145299;32.0;32.0;1;1
496.993;0.0;0.0;89.99752413963853;31.99145299145299;31.99145299145299;32.0;32.0;1;1
497.106;0.0;0.0;89.99752413963853;31.99145299145299;31.99145299145299;32.0;32.0;1;1
497.207;0.0;0.0;89.99752413963853;31.99145299145299;31.99145299145299;32.0;32.0;1;1
497.313;0.0;0.0;89.99752413963853;31.99145299145299;31.99145299145299;32.0;32.0;1;1
497.423;0.0;0.0;89.99752413963853;31.99145299145299;31.99145299145299;32.0;32.0;1;1
497.523;0.0;0.0;89.99752413963853;31.99145299145299;31.99145299145299;32.0;32.0;1;1
497.629;0.0;0.0;89.99752413963853;31.99145299145299;31.99145299145299;32.0;32.0;1;1
497.729;0.0;0.0;89.99752413963853;31.99145299145299;31.99145299145299;32.0;32.0;1;1
497.839;0.0;0.0;89.99752413963853;31.99145299145299;31.99145299145299;32.0;32.0;1;1
497.939;0.0;0.0;89.99752413963853;31.99145299145299;31.99145299145299;32.0;32.0;1;1
498.04;0.0;0.0;89.99752413963853;31.99145299145299;31.99145299145299;32.0;32.0;1;1
498.14;0.0;0.0;89.99752413963853;31.99145299145299;31.99145299145299;32.0;32.0;1;1
498.244;0.0;0.0;89.99752413963853;31.99145299145299;31.99145299145299;32.0;32.0;1;1
498.344;0.0;0.0;89.99752413963853;31.99145299145299;31.99145299145299;32.0;32.0;1;1
498.444;0.0;0.0;89.99752413963853;31.99145299145299;31.99145299145299;32.0;32.0;1;1
498.546;0.0;0.0;89.99752413963853;31.99145299145299;31.99145299145299;32.0;32.0;1;1
498.65;0.0;0.0;89.99752413963853;31.99145299145299;31.99145299145299;32.0;32.0;1;1
498.76;0.0;0.0;89.99752413963853;31.99145299145299;31.99145299145299;32.0;32.0;1;1
498.86;0.0;0.0;89.99752413963853;31.99145299145299;31.99145299145299;32.0;32.0;1;1
498.965;0.0;0.0;89.99752413963853;31.99145299145299;31.99145299145299;32.0;32.0;1;1
499.08;0.0;0.0;89.99752413963853;31.99145299145299;31.99145299145299;32.0;32.0;1;1
499.19;0.0;0.0;89.99752413963853;31.99145299145299;31.99145299145299;32.0;32.0;1;1
499.302;0.0;0.0;89.99752413963853;31.99145299145299;31.99145299145299;32.0;32.0;1;1
499.416;0.0;0.0;89.99752413963853;31.99145299145299;31.99145299145299;32.0;32.0;1;1
499.525;0.0;0.0;89.99752413963853;31.99145299145299;31.99145299145299;32.0;32.0;1;1
499.627;0.0;0.0;89.99752413963853;31.99145299145299;31.99145299145299;32.0;32.0;1;1
499.739;0.0;0.0;89.99752413963853;31.99145299145299;31.99145299145299;32.0;32.0;1;1
499.864;0.0;0.0;89.99752413963853;31.99145299145299;31.99145299145299;32.0;32.0;1;1
499.972;0.0;0.0;89.99752413963853;31.99145299145299;31.99145299145299;32.0;32.0;1;1
500.086;0.0;0.0;89.99752413963853;31.99145299145299;31.99145299145299;32.0;32.0;1;1
500.2;0.0;0.0;89.99752413963853;31.99145299145299;31.99145299145299;32.0;32.0;1;1
500.305;0.0;0.0;89.99752413963853;31.99145299145299;31.99145299145299;32.0;32.0;1;1
500.422;0.0;0.0;89.99752413963853;31.99145299145299;31.99145299145299;32.0;32.0;1;1
500.526;0.0;0.0;89.99752413963853;31.99145299145299;31.99145299145299;32.0;32.0;1;1
500.627;0.0;0.0;89.99752413963853;31.99145299145299;31.99145299145299;32.0;32.0;1;1
500.755;0.0;0.0;89.99752413963853;31.99145299145299;31.99145299145299;32.0;32.0;1;1
500.862;0.0;0.0;89.99752413963853;31.99145299145299;31.99145299145299;32.0;32.0;1;1
500.962;0.0;0.0;89.99752413963853;31.99145299145299;31.99145299145299;32.0;32.0;1;1
501.073;0.0;0.0;89.99752413963853;31.99145299145299;31.99145299145299;32.0;32.0;1;1
501.178;0.0;0.0;89.99752413963853;31.99145299145299;31.99145299145299;32.0;32.0;1;1
501.294;0.0;0.0;89.99752413963853;31.99145299145299;31.99145299145299;32.0;32.0;1;1
501.403;0.0;0.0;89.99752413963853;31.99145299145299;31.99145299145299;32.0;32.0;1;1
501.52;0.0;0.0;89.99752413963853;31.99145299145299;31.99145299145299;32.0;32.0;1;1
501.624;0.0;0.0;89.99752413963853;31.99145299145299;31.99145299145299;32.0;32.0;1;1
501.737;0.0;0.0;89.99752413963853;31.99145299145299;31.99145299145299;32.0;32.0;1;1
501.837;0.0;0.0;89.99752413963853;31.99145299145299;31.99145299145299;32.0;32.0;1;1
501.943;0.0;0.0;89.99752413963853;31.99145299145299;31.99145299145299;32.0;32.0;1;1
502.056;0.0;0.0;89.99752413963853;31.99145299145299;31.99145299145299;32.0;32.0;1;1
502.166;0.0;0.0;89.99752413963853;31.99145299145299;31.99145299145299;32.0;32.0;1;1
502.276;0.0;0.0;89.99752413963853;31.99145299145299;31.99145299145299;32.0;32.0;1;1
502.388;0.0;0.0;89.99752413963853;31.99145299145299;31.99145299145299;32.0;32.0;1;1
502.498;0.0;0.0;89.99752413963853;31.99145299145299;31.99145299145299;32.0;32.0;1;1
502.612;0.0;0.0;89.99752413963853;31.99145299145299;31.99145299145299;32.0;32.0;1;1
502.714;0.0;0.0;89.99752413963853;31.99145299145299;31.99145299145299;32.0;32.0;1;1
502.818;0.0;0.0;89.99752413963853;31.99145299145299;31.99145299145299;32.0;32.0;1;1
502.928;0.0;0.0;89.99752413963853;31.99145299145299;31.99145299145299;32.0;32.0;1;1
503.037;0.0;0.0;89.99752413963853;31.99145299145299;31.99145299145299;32.0;32.0;1;1
503.149;0.0;0.0;89.99752413963853;31.99145299145299;31.99145299145299;32.0;32.0;1;1
503.264;0.0;0.0;89.99752413963853;31.99145299145299;31.99145299145299;32.0;32.0;1;1
503.371;0.0;0.0;89.99752413963853;31.99145299145299;31.99145299145299;32.0;32.0;1;1
503.489;0.0;0.0;89.99752413963853;31.99145299145299;31.99145299145299;32.0;32.0;1;1
503.594;0.0;0.0;89.99752413963853;31.99145299145299;31.99145299145299;32.0;32.0;1;1
503.706;0.0;0.0;89.99752413963853;31.99145299145299;31.99145299145299;32.0;32.0;1;1
503.807;0.0;0.0;89.99752413963853;31.99145299145299;31.99145299145299;32.0;32.0;1;1
503.911;0.0;0.0;89.99752413963853;31.99145299145299;31.99145299145299;32.0;32.0;1;1
504.024;0.0;0.0;89.99752413963853;31.99145299145299;31.99145299145299;32.0;32.0;1;1
504.135;0.0;0.0;89.99752413963853;31.99145299145299;31.99145299145299;32.0;32.0;1;1
504.243;0.0;0.0;89.99752413963853;31.99145299145299;31.99145299145299;32.0;32.0;1;1
504.36;0.0;0.0;89.99752413963853;31.99145299145299;31.99145299145299;32.0;32.0;1;1
504.468;0.0;0.0;89.99752413963853;31.99145299145299;31.99145299145299;32.0;32.0;1;1
504.583;0.0;0.0;89.99752413963853;31.99145299145299;31.99145299145299;32.0;32.0;1;1
504.786;0.0;0.0;89.99752413963853;31.99145299145299;31.99145299145299;32.0;32.0;1;1
504.887;0.0;0.0;89.99752413963853;31.99145299145299;31.99145299145299;32.0;32.0;1;1
504.988;0.0;0.0;89.99752413963853;31.99145299145299;31.99145299145299;32.0;32.0;1;1
505.088;0.0;0.0;89.99752413963853;31.99145299145299;31.99145299145299;32.0;32.0;1;1
505.189;0.0;0.0;89.99752413963853;31.99145299145299;31.99145299145299;32.0;32.0;1;1
505.289;0.0;0.0;89.99752413963853;31.99145299145299;31.99145299145299;32.0;32.0;1;1
505.391;0.0;0.0;89.99752413963853;31.99145299145299;31.99145299145299;32.0;32.0;1;1
505.492;0.0;0.0;89.99752413963853;31.99145299145299;31.99145299145299;32.0;32.0;1;1
505.6;0.0;0.0;89.99752413963853;31.99145299145299;31.99145299145299;32.0;32.0;1;1
505.71;0.0;0.0;89.99752413963853;31.99145299145299;31.99145299145299;32.0;32.0;1;1
505.813;0.0;0.0;89.99752413963853;31.99145299145299;31.99145299145299;32.0;32.0;1;1
505.916;0.0;0.0;89.99752413963853;31.99145299145299;31.99145299145299;32.0;32.0;1;1
506.027;0.0;0.0;89.99752413963853;31.99145299145299;31.99145299145299;32.0;32.0;1;1
506.144;0.0;0.0;89.99752413963853;31.99145299145299;31.99145299145299;32.0;32.0;1;1
506.246;0.0;0.0;89.99752413963853;31.99145299145299;31.99145299145299;32.0;32.0;1;1
506.36;0.0;0.0;89.99752413963853;31.99145299145299;31.99145299145299;32.0;32.0;1;1
506.467;0.0;0.0;89.99752413963853;31.99145299145299;31.99145299145299;32.0;32.0;1;1
506.581;0.0;0.0;89.99752413963853;31.99145299145299;31.99145299145299;32.0;32.0;1;1
506.682;0.0;0.0;89.99752413963853;31.99145299145299;31.99145299145299;32.0;32.0;1;1
506.802;0.0;0.0;89.99752413963853;31.99145299145299;31.99145299145299;32.0;32.0;1;1
506.92;0.0;0.0;89.99752413963853;31.99145299145299;31.99145299145299;32.0;32.0;1;1
507.028;0.0;0.0;89.99752413963853;31.99145299145299;31.99145299145299;32.0;32.0;1;1
507.132;0.0;0.0;89.99752413963853;31.99145299145299;31.99145299145299;32.0;32.0;1;1
507.232;0.0;0.0;89.99752413963853;31.99145299145299;31.99145299145299;32.0;32.0;1;1
507.335;0.0;0.0;89.99752413963853;31.99145299145299;31.99145299145299;32.0;32.0;1;1
507.436;0.0;0.0;89.99752413963853;31.99145299145299;31.99145299145299;32.0;32.0;1;1
507.545;0.0;0.0;89.99752413963853;31.99145299145299;31.99145299145299;32.0;32.0;1;1
507.646;0.0;0.0;89.99752413963853;31.99145299145299;31.99145299145299;32.0;32.0;1;1
507.755;0.0;0.0;89.99752413963853;31.99145299145299;31.99145299145299;32.0;32.0;1;1
507.864;0.0;0.0;89.99752413963853;31.99145299145299;31.99145299145299;32.0;32.0;1;1
507.965;0.0;0.0;89.99752413963853;31.99145299145299;31.99145299145299;32.0;32.0;1;1
508.065;0.0;0.0;89.99752413963853;31.99145299145299;31.99145299145299;32.0;32.0;1;1
508.165;0.0;0.0;89.99752413963853;31.99145299145299;31.99145299145299;32.0;32.0;1;1
508.266;0.0;0.0;89.99752413963853;31.99145299145299;31.99145299145299;32.0;32.0;1;1
508.367;0.0;0.0;89.99752413963853;31.99145299145299;31.99145299145299;32.0;32.0;1;1
508.469;0.0;0.0;89.99752413963853;31.99145299145299;31.99145299145299;32.0;32.0;1;1
508.57;0.0;0.0;89.99752413963853;31.99145299145299;31.99145299145299;32.0;32.0;1;1
508.68;0.0;0.0;89.99752413963853;31.99145299145299;31.99145299145299;32.0;32.0;1;1
508.78;0.0;0.0;89.99752413963853;31.99145299145299;31.99145299145299;32.0;32.0;1;1
508.886;0.0;0.0;89.99752413963853;31.99145299145299;31.99145299145299;32.0;32.0;1;1
508.994;0.0;0.0;89.99752413963853;31.99145299145299;31.99145299145299;32.0;32.0;1;1
509.11;0.0;0.0;89.99752413963853;31.99145299145299;31.99145299145299;32.0;32.0;1;1
509.218;0.0;0.0;89.99752413963853;31.99145299145299;31.99145299145299;32.0;32.0;1;1
509.331;0.0;0.0;89.99752413963853;31.99145299145299;31.99145299145299;32.0;32.0;1;1
509.44;0.0;0.0;89.99752413963853;31.99145299145299;31.99145299145299;32.0;32.0;1;1
509.552;0.0;0.0;89.99752413963853;31.99145299145299;31.94017094017094;32.0;32.0;1;1
509.663;0.0;0.0;89.99752413963853;31.99145299145299;31.94017094017094;32.0;32.0;1;1
509.776;0.0;0.0;89.99752413963853;31.99145299145299;31.94017094017094;32.0;32.0;1;1
509.882;0.0;0.0;89.99752413963853;31.99145299145299;31.94017094017094;32.0;32.0;1;1
509.983;0.0;0.0;89.99752413963853;31.99145299145299;31.94017094017094;32.0;32.0;1;1
510.094;0.0;0.0;89.99752413963853;31.99145299145299;31.94017094017094;32.0;32.0;1;1
510.22;0.0;0.0;89.99752413963853;31.99145299145299;31.94017094017094;32.0;32.0;1;1
510.321;0.0;0.0;89.99752413963853;31.99145299145299;31.94017094017094;32.0;32.0;1;1
510.424;0.0;0.0;89.99752413963853;31.99145299145299;31.94017094017094;32.0;32.0;1;1
510.544;0.0;0.0;89.99752413963853;31.99145299145299;31.94017094017094;32.0;32.0;1;1
510.648;0.0;0.0;89.99752413963853;31.99145299145299;31.99145299145299;32.0;32.0;1;1
510.765;0.0;0.0;89.99752413963853;31.99145299145299;31.99145299145299;32.0;32.0;1;1
510.868;0.0;0.0;89.99752413963853;31.99145299145299;31.99145299145299;32.0;32.0;1;1
510.984;0.0;0.0;89.99752413963853;31.99145299145299;31.99145299145299;32.0;32.0;1;1
511.092;0.0;0.0;89.99752413963853;31.99145299145299;31.99145299145299;32.0;32.0;1;1
511.208;0.0;0.0;89.99752413963853;31.99145299145299;31.99145299145299;32.0;32.0;1;1
511.319;0.0;0.0;89.99752413963853;31.99145299145299;31.99145299145299;32.0;32.0;1;1
511.422;0.0;0.0;89.99752413963853;31.99145299145299;31.99145299145299;32.0;32.0;1;1
511.525;0.0;0.0;89.99752413963853;31.99145299145299;31.99145299145299;32.0;32.0;1;1
511.642;0.0;0.0;89.99752413963853;31.99145299145299;31.99145299145299;32.0;32.0;1;1
511.746;0.0;0.0;89.99752413963853;31.99145299145299;31.99145299145299;32.0;32.0;1;1
511.857;0.0;0.0;89.99752413963853;31.99145299145299;31.99145299145299;32.0;32.0;1;1
511.972;0.0;0.0;89.99752413963853;31.99145299145299;31.99145299145299;32.0;32.0;1;1
512.072;0.0;0.0;89.99752413963853;31.99145299145299;31.99145299145299;32.0;32.0;1;1
512.176;0.0;0.0;89.99752413963853;31.99145299145299;31.99145299145299;32.0;32.0;1;1
512.287;0.0;0.0;89.99752413963853;31.99145299145299;31.99145299145299;32.0;32.0;1;1
512.401;0.0;0.0;89.99752413963853;31.99145299145299;31.99145299145299;32.0;32.0;1;1
512.513;0.0;0.0;89.99752413963853;31.99145299145299;31.99145299145299;32.0;32.0;1;1
512.621;0.0;0.0;89.99752413963853;31.99145299145299;31.99145299145299;32.0;32.0;1;1
512.734;0.0;0.0;89.99752413963853;31.99145299145299;31.99145299145299;32.0;32.0;1;1
512.847;0.0;0.0;89.99752413963853;31.99145299145299;31.99145299145299;32.0;32.0;1;1
512.956;0.0;0.0;89.99752413963853;31.99145299145299;31.99145299145299;32.0;32.0;1;1
513.057;0.0;0.0;89.99752413963853;31.99145299145299;31.99145299145299;32.0;32.0;1;1
513.162;0.0;0.0;89.99752413963853;31.99145299145299;31.99145299145299;32.0;32.0;1;1
513.272;0.0;0.0;89.99752413963853;31.99145299145299;31.99145299145299;32.0;32.0;1;1
513.386;0.0;0.0;89.99752413963853;31.99145299145299;31.99145299145299;32.0;32.0;1;1
513.495;0.0;0.0;89.99752413963853;31.99145299145299;31.99145299145299;32.0;32.0;1;1
513.611;0.0;0.0;89.99752413963853;31.99145299145299;31.99145299145299;32.0;32.0;1;1
513.72;0.0;0.0;89.99752413963853;31.99145299145299;31.99145299145299;32.0;32.0;1;1
513.835;0.0;0.0;89.99752413963853;31.99145299145299;31.99145299145299;32.0;32.0;1;1
513.942;0.0;0.0;89.99752413963853;31.99145299145299;31.99145299145299;32.0;32.0;1;1
514.054;0.0;0.0;89.99752413963853;31.99145299145299;31.99145299145299;32.0;32.0;1;1
514.155;0.0;0.0;89.99752413963853;31.99145299145299;31.99145299145299;32.0;32.0;1;1
514.266;0.0;0.0;89.99752413963853;31.99145299145299;31.99145299145299;32.0;32.0;1;1
514.393;0.0;0.0;89.99752413963853;31.99145299145299;31.99145299145299;32.0;32.0;1;1
514.5;0.0;0.0;89.99752413963853;31.99145299145299;31.99145299145299;32.0;32.0;1;1
514.613;0.0;0.0;89.99752413963853;31.99145299145299;31.99145299145299;32.0;32.0;1;1
514.714;0.0;0.0;89.99752413963853;31.99145299145299;31.99145299145299;32.0;32.0;1;1
514.819;0.0;0.0;89.99752413963853;31.99145299145299;31.99145299145299;32.0;32.0;1;1
514.919;0.0;0.0;89.99752413963853;31.99145299145299;31.99145299145299;32.0;32.0;1;1
515.041;0.0;0.0;89.99752413963853;31.99145299145299;31.99145299145299;32.0;32.0;1;1
515.159;0.0;0.0;89.99752413963853;31.99145299145299;31.99145299145299;32.0;32.0;1;1
515.264;0.0;0.0;89.99752413963853;31.99145299145299;31.99145299145299;32.0;32.0;1;1
515.374;0.0;0.0;89.99752413963853;31.99145299145299;31.99145299145299;32.0;32.0;1;1
515.487;0.0;0.0;89.99752413963853;31.99145299145299;31.99145299145299;32.0;32.0;1;1
515.597;0.0;0.0;89.99752413963853;31.99145299145299;31.99145299145299;32.0;32.0;1;1
515.712;0.0;0.0;89.99752413963853;31.99145299145299;31.99145299145299;32.0;32.0;1;1
515.824;0.0;0.0;89.99752413963853;31.99145299145299;31.99145299145299;32.0;32.0;1;1
515.928;0.0;0.0;89.99752413963853;31.99145299145299;31.99145299145299;32.0;32.0;1;1
516.043;0.0;0.0;89.99752413963853;31.99145299145299;31.99145299145299;32.0;32.0;1;1
516.158;0.0;0.0;89.99752413963853;31.99145299145299;31.99145299145299;32.0;32.0;1;1
516.264;0.0;0.0;89.99752413963853;31.99145299145299;31.99145299145299;32.0;32.0;1;1
516.377;0.0;0.0;89.99752413963853;31.99145299145299;31.99145299145299;32.0;32.0;1;1
516.488;0.0;0.0;89.99752413963853;31.99145299145299;31.99145299145299;32.0;32.0;1;1
516.599;0.0;0.0;89.99752413963853;31.99145299145299;31.99145299145299;32.0;32.0;1;1
516.711;0.0;0.0;89.99752413963853;31.99145299145299;31.99145299145299;32.0;32.0;1;1
516.82;0.0;0.0;89.99752413963853;31.99145299145299;31.99145299145299;32.0;32.0;1;1
516.931;0.0;0.0;89.99752413963853;31.99145299145299;31.99145299145299;32.0;32.0;1;1
517.047;0.0;0.0;89.99752413963853;31.99145299145299;31.99145299145299;32.0;32.0;1;1
517.152;0.0;0.0;89.99752413963853;31.99145299145299;31.99145299145299;32.0;32.0;1;1
517.267;0.0;0.0;89.99752413963853;31.99145299145299;31.99145299145299;32.0;32.0;1;1
517.374;0.0;0.0;89.99752413963853;31.99145299145299;31.99145299145299;32.0;32.0;1;1
517.49;0.0;0.0;89.99752413963853;31.99145299145299;31.99145299145299;32.0;32.0;1;1
517.59;0.0;0.0;89.99752413963853;31.99145299145299;31.99145299145299;32.0;32.0;1;1
517.697;0.0;0.0;89.99752413963853;31.99145299145299;31.99145299145299;32.0;32.0;1;1
517.805;0.0;0.0;89.99752413963853;31.99145299145299;31.99145299145299;32.0;32.0;1;1
517.921;0.0;0.0;89.99752413963853;31.99145299145299;31.99145299145299;32.0;32.0;1;1
518.03;0.0;0.0;89.99752413963853;31.99145299145299;31.99145299145299;32.0;32.0;1;1
518.141;0.0;0.0;89.99752413963853;31.99145299145299;31.99145299145299;32.0;32.0;1;1
518.25;0.0;0.0;89.99752413963853;31.99145299145299;31.99145299145299;32.0;32.0;1;1
518.36;0.0;0.0;89.99752413963853;31.99145299145299;31.99145299145299;32.0;32.0;1;1
518.472;0.0;0.0;89.99752413963853;31.99145299145299;31.99145299145299;32.0;32.0;1;1
518.581;0.0;0.0;89.99752413963853;31.99145299145299;31.99145299145299;32.0;32.0;1;1
518.696;0.0;0.0;89.99752413963853;31.99145299145299;31.99145299145299;32.0;32.0;1;1
518.804;0.0;0.0;89.99752413963853;31.99145299145299;31.99145299145299;32.0;32.0;1;1
518.915;0.0;0.0;89.99752413963853;31.99145299145299;31.99145299145299;32.0;32.0;1;1
519.026;0.0;0.0;89.99752413963853;31.99145299145299;31.99145299145299;32.0;32.0;1;1
519.143;0.0;0.0;89.99752413963853;31.99145299145299;31.99145299145299;32.0;32.0;1;1
519.248;0.0;0.0;89.99752413963853;31.99145299145299;31.99145299145299;32.0;32.0;1;1
519.365;0.0;0.0;89.99752413963853;31.99145299145299;31.99145299145299;32.0;32.0;1;1
519.473;0.0;0.0;89.99752413963853;31.99145299145299;31.99145299145299;32.0;32.0;1;1
519.574;0.0;0.0;89.99752413963853;31.99145299145299;31.99145299145299;32.0;32.0;1;1
519.681;0.0;0.0;89.99752413963853;31.99145299145299;31.99145299145299;32.0;32.0;1;1
519.793;0.0;0.0;89.99752413963853;31.99145299145299;31.99145299145299;32.0;32.0;1;1
519.898;0.0;0.0;89.99752413963853;31.99145299145299;31.99145299145299;32.0;32.0;1;1
520.016;0.0;0.0;89.99752413963853;31.99145299145299;31.99145299145299;32.0;32.0;1;1
520.118;0.0;0.0;89.99752413963853;31.99145299145299;31.99145299145299;32.0;32.0;1;1
520.223;0.0;0.0;89.99752413963853;31.99145299145299;31.99145299145299;32.0;32.0;1;1
520.342;0.0;0.0;89.99752413963853;31.99145299145299;31.99145299145299;32.0;32.0;1;1
520.455;0.0;0.0;89.99752413963853;31.99145299145299;31.99145299145299;32.0;32.0;1;1
520.571;0.0;0.0;89.99752413963853;31.99145299145299;31.99145299145299;32.0;32.0;1;1
520.683;0.0;0.0;89.99752413963853;31.99145299145299;31.99145299145299;32.0;32.0;1;1
520.795;0.0;0.0;89.99752413963853;31.99145299145299;31.99145299145299;32.0;32.0;1;1
520.902;0.0;0.0;89.99752413963853;31.99145299145299;31.99145299145299;32.0;32.0;1;1
521.002;0.0;0.0;89.99752413963853;31.99145299145299;31.99145299145299;32.0;32.0;1;1
521.113;0.0;0.0;89.99752413963853;31.99145299145299;31.99145299145299;32.0;32.0;1;1
521.221;0.0;0.0;89.99752413963853;31.99145299145299;31.99145299145299;32.0;32.0;1;1
521.331;0.0;0.0;89.99752413963853;31.99145299145299;31.99145299145299;32.0;32.0;1;1
521.441;0.0;0.0;89.99752413963853;31.99145299145299;31.99145299145299;32.0;32.0;1;1
521.541;0.0;0.0;89.99752413963853;31.99145299145299;31.99145299145299;32.0;32.0;1;1
521.641;0.0;0.0;89.99752413963853;31.99145299145299;31.99145299145299;32.0;32.0;1;1
521.742;0.0;0.0;89.99752413963853;31.99145299145299;31.99145299145299;32.0;32.0;1;1
521.843;0.0;0.0;89.99752413963853;31.99145299145299;31.99145299145299;32.0;32.0;1;1
521.944;0.0;0.0;89.99752413963853;31.99145299145299;31.99145299145299;32.0;32.0;1;1
522.048;0.0;0.0;89.99752413963853;31.99145299145299;31.99145299145299;32.0;32.0;1;1
522.148;0.0;0.0;89.99752413963853;31.99145299145299;31.99145299145299;32.0;32.0;1;1
522.249;0.0;0.0;89.99752413963853;31.99145299145299;31.99145299145299;32.0;32.0;1;1
522.352;0.0;0.0;89.99752413963853;31.99145299145299;31.99145299145299;32.0;32.0;1;1
522.457;0.0;0.0;89.99752413963853;31.99145299145299;31.99145299145299;32.0;32.0;1;1
522.561;0.0;0.0;89.99752413963853;31.99145299145299;31.99145299145299;32.0;32.0;1;1
522.684;0.0;0.0;89.99752413963853;31.99145299145299;31.99145299145299;32.0;32.0;1;1
522.799;0.0;0.0;89.99752413963853;31.99145299145299;31.99145299145299;32.0;32.0;1;1
522.905;0.0;0.0;89.99752413963853;31.99145299145299;31.99145299145299;32.0;32.0;1;1
523.017;0.0;0.0;89.99752413963853;31.99145299145299;31.99145299145299;32.0;32.0;1;1
523.127;0.0;0.0;89.99752413963853;31.99145299145299;31.99145299145299;32.0;32.0;1;1
523.24;0.0;0.0;89.99752413963853;31.99145299145299;31.99145299145299;32.0;32.0;1;1
523.349;0.0;0.0;89.99752413963853;31.99145299145299;31.99145299145299;32.0;32.0;1;1
523.452;0.0;0.0;89.99752413963853;31.99145299145299;31.99145299145299;32.0;32.0;1;1
523.554;0.0;0.0;89.99752413963853;31.99145299145299;31.99145299145299;32.0;32.0;1;1
523.669;0.0;0.0;89.99752413963853;31.99145299145299;31.99145299145299;32.0;32.0;1;1
523.778;0.0;0.0;89.99752413963853;31.99145299145299;31.99145299145299;32.0;32.0;1;1
523.89;0.0;0.0;89.99752413963853;31.99145299145299;31.99145299145299;32.0;32.0;1;1
524.001;0.0;0.0;89.99752413963853;31.99145299145299;31.99145299145299;32.0;32.0;1;1
524.112;0.0;0.0;89.99752413963853;31.99145299145299;31.99145299145299;32.0;32.0;1;1
524.212;0.0;0.0;89.99752413963853;31.99145299145299;31.99145299145299;32.0;32.0;1;1
524.323;0.0;0.0;89.99752413963853;31.99145299145299;31.99145299145299;32.0;32.0;1;1
524.431;0.0;0.0;89.99752413963853;31.99145299145299;31.99145299145299;32.0;32.0;1;1
524.544;0.0;0.0;89.99752413963853;31.99145299145299;31.99145299145299;32.0;32.0;1;1
524.653;0.0;0.0;89.99752413963853;31.99145299145299;31.99145299145299;32.0;32.0;1;1
524.763;0.0;0.0;89.99752413963853;31.99145299145299;31.99145299145299;32.0;32.0;1;1
524.873;0.0;0.0;89.99752413963853;31.99145299145299;31.99145299145299;32.0;32.0;1;1
524.985;0.0;0.0;89.99752413963853;31.99145299145299;31.99145299145299;32.0;32.0;1;1
525.096;0.0;0.0;89.99752413963853;31.99145299145299;31.99145299145299;32.0;32.0;1;1
525.197;0.0;0.0;89.99752413963853;31.99145299145299;31.99145299145299;32.0;32.0;1;1
525.303;0.0;0.0;89.99752413963853;31.99145299145299;31.99145299145299;32.0;32.0;1;1
525.416;0.0;0.0;89.99752413963853;31.99145299145299;31.99145299145299;32.0;32.0;1;1
525.525;0.0;0.0;89.99752413963853;31.99145299145299;31.99145299145299;32.0;32.0;1;1
525.638;0.0;0.0;89.99752413963853;31.99145299145299;31.99145299145299;32.0;32.0;1;1
525.746;0.0;0.0;89.99752413963853;31.99145299145299;31.99145299145299;32.0;32.0;1;1
525.866;0.0;0.0;89.99752413963853;31.99145299145299;31.99145299145299;32.0;32.0;1;1
525.97;0.0;0.0;89.99752413963853;31.99145299145299;31.99145299145299;32.0;32.0;1;1
526.073;0.0;0.0;89.99752413963853;31.99145299145299;31.99145299145299;32.0;32.0;1;1
526.178;0.0;0.0;89.99752413963853;31.99145299145299;31.99145299145299;32.0;32.0;1;1
526.289;0.0;0.0;89.99752413963853;31.99145299145299;31.99145299145299;32.0;32.0;1;1
526.405;0.0;0.0;89.99752413963853;31.99145299145299;31.99145299145299;32.0;32.0;1;1
526.514;0.0;0.0;89.99752413963853;31.99145299145299;31.99145299145299;32.0;32.0;1;1
526.621;0.0;0.0;89.99752413963853;31.99145299145299;31.99145299145299;32.0;32.0;1;1
526.739;0.0;0.0;89.99752413963853;31.99145299145299;31.99145299145299;32.0;32.0;1;1
526.848;0.0;0.0;89.99752413963853;31.99145299145299;31.99145299145299;32.0;32.0;1;1
526.958;0.0;0.0;89.99752413963853;31.99145299145299;31.99145299145299;32.0;32.0;1;1
527.074;0.0;0.0;89.99752413963853;31.99145299145299;31.99145299145299;32.0;32.0;1;1
527.178;0.0;0.0;89.99752413963853;31.99145299145299;31.99145299145299;32.0;32.0;1;1
527.29;0.0;0.0;89.99752413963853;31.99145299145299;31.99145299145299;32.0;32.0;1;1
527.404;0.0;0.0;89.99752413963853;31.99145299145299;31.99145299145299;32.0;32.0;1;1
527.517;0.0;0.0;89.99752413963853;31.99145299145299;31.99145299145299;32.0;32.0;1;1
527.626;0.0;0.0;89.99752413963853;31.99145299145299;31.99145299145299;32.0;32.0;1;1
527.735;0.0;0.0;89.99752413963853;31.99145299145299;31.99145299145299;32.0;32.0;1;1
527.845;0.0;0.0;89.99752413963853;31.99145299145299;31.99145299145299;32.0;32.0;1;1
527.946;0.0;0.0;89.99752413963853;31.99145299145299;31.99145299145299;32.0;32.0;1;1
528.053;0.0;0.0;89.99752413963853;31.99145299145299;31.99145299145299;32.0;32.0;1;1
528.169;0.0;0.0;89.99752413963853;31.99145299145299;31.99145299145299;32.0;32.0;1;1
528.274;0.0;0.0;89.99752413963853;31.99145299145299;31.99145299145299;32.0;32.0;1;1
528.387;0.0;0.0;89.99752413963853;31.99145299145299;31.99145299145299;32.0;32.0;1;1
528.498;0.0;0.0;89.99752413963853;31.99145299145299;31.99145299145299;32.0;32.0;1;1
528.607;0.0;0.0;89.99752413963853;31.99145299145299;31.99145299145299;32.0;32.0;1;1
528.723;0.0;0.0;89.99752413963853;31.99145299145299;31.99145299145299;32.0;32.0;1;1
528.833;0.0;0.0;89.99752413963853;31.99145299145299;31.99145299145299;32.0;32.0;1;1
528.94;0.0;0.0;89.99752413963853;31.99145299145299;31.99145299145299;32.0;32.0;1;1
529.043;0.0;0.0;89.99752413963853;31.99145299145299;31.99145299145299;32.0;32.0;1;1
529.148;0.0;0.0;89.99752413963853;31.99145299145299;31.99145299145299;32.0;32.0;1;1
529.261;0.0;0.0;89.99752413963853;31.99145299145299;31.99145299145299;32.0;32.0;1;1
529.372;0.0;0.0;89.99752413963853;31.99145299145299;31.99145299145299;32.0;32.0;1;1
529.472;0.0;0.0;89.99752413963853;31.99145299145299;31.99145299145299;32.0;32.0;1;1
529.574;0.0;0.0;89.99752413963853;31.99145299145299;31.99145299145299;32.0;32.0;1;1
529.674;0.0;0.0;89.99752413963853;31.99145299145299;31.99145299145299;32.0;32.0;1;1
529.775;0.0;0.0;89.99752413963853;31.99145299145299;31.99145299145299;32.0;32.0;1;1
529.875;0.0;0.0;89.99752413963853;31.99145299145299;31.99145299145299;32.0;32.0;1;1
529.976;0.0;0.0;89.99752413963853;31.99145299145299;31.99145299145299;32.0;32.0;1;1
530.081;0.0;0.0;89.99752413963853;31.99145299145299;31.99145299145299;32.0;32.0;1;1
530.185;0.0;0.0;89.99752413963853;31.99145299145299;31.99145299145299;32.0;32.0;1;1
530.287;0.0;0.0;89.99752413963853;31.99145299145299;31.99145299145299;32.0;32.0;1;1
530.387;0.0;0.0;89.99752413963853;31.99145299145299;31.99145299145299;32.0;32.0;1;1
530.489;0.0;0.0;89.99752413963853;31.99145299145299;31.99145299145299;32.0;32.0;1;1
530.591;0.0;0.0;89.99752413963853;31.99145299145299;31.99145299145299;32.0;32.0;1;1
530.692;0.0;0.0;89.99752413963853;31.99145299145299;31.99145299145299;32.0;32.0;1;1
530.799;0.0;0.0;89.99752413963853;31.99145299145299;31.99145299145299;32.0;32.0;1;1
530.911;0.0;0.0;89.99752413963853;31.99145299145299;31.99145299145299;32.0;32.0;1;1
531.012;0.0;0.0;89.99752413963853;31.99145299145299;31.99145299145299;32.0;32.0;1;1
531.139;0.0;0.0;89.99752413963853;31.99145299145299;31.99145299145299;32.0;32.0;1;1
531.245;0.0;0.0;89.99752413963853;31.99145299145299;31.99145299145299;32.0;32.0;1;1
531.345;0.0;0.0;89.99752413963853;31.99145299145299;31.99145299145299;32.0;32.0;1;1
531.449;0.0;0.0;89.99752413963853;31.99145299145299;31.99145299145299;32.0;32.0;1;1
531.55;0.0;0.0;89.99752413963853;31.99145299145299;31.99145299145299;32.0;32.0;1;1
531.65;0.0;0.0;89.99752413963853;31.99145299145299;31.99145299145299;32.0;32.0;1;1
531.75;0.0;0.0;89.99752413963853;31.99145299145299;31.99145299145299;32.0;32.0;1;1
531.851;0.0;0.0;89.99752413963853;31.99145299145299;31.99145299145299;32.0;32.0;1;1
531.951;0.0;0.0;89.99752413963853;31.99145299145299;31.99145299145299;32.0;32.0;1;1
532.053;0.0;0.0;89.99752413963853;31.99145299145299;31.99145299145299;32.0;32.0;1;1
532.154;0.0;0.0;89.99752413963853;31.99145299145299;31.99145299145299;32.0;32.0;1;1
532.256;0.0;0.0;89.99752413963853;31.99145299145299;31.99145299145299;32.0;32.0;1;1
532.357;0.0;0.0;89.99752413963853;31.99145299145299;31.99145299145299;32.0;32.0;1;1
532.464;0.0;0.0;89.99752413963853;31.99145299145299;31.99145299145299;32.0;32.0;1;1
532.566;0.0;0.0;89.99752413963853;31.99145299145299;31.99145299145299;32.0;32.0;1;1
532.679;0.0;0.0;89.99752413963853;31.99145299145299;31.99145299145299;32.0;32.0;1;1
532.782;0.0;0.0;89.99752413963853;31.99145299145299;31.99145299145299;32.0;32.0;1;1
532.894;0.0;0.0;89.99752413963853;31.99145299145299;31.99145299145299;32.0;32.0;1;1
533.012;0.0;0.0;89.99752413963853;31.99145299145299;31.99145299145299;32.0;32.0;1;1
533.12;0.0;0.0;89.99752413963853;31.99145299145299;31.99145299145299;32.0;32.0;1;1
533.233;0.0;0.0;89.99752413963853;31.99145299145299;31.99145299145299;32.0;32.0;1;1
533.341;0.0;0.0;89.99752413963853;31.99145299145299;31.99145299145299;32.0;32.0;1;1
533.455;0.0;0.0;89.99752413963853;31.99145299145299;31.99145299145299;32.0;32.0;1;1
533.561;0.0;0.0;89.99752413963853;31.99145299145299;31.99145299145299;32.0;32.0;1;1
533.675;0.0;0.0;89.99752413963853;31.99145299145299;31.94017094017094;32.0;32.0;1;1
533.775;0.0;0.0;89.99752413963853;31.99145299145299;31.94017094017094;32.0;32.0;1;1
533.881;0.0;0.0;89.99752413963853;31.99145299145299;31.94017094017094;32.0;32.0;1;1
533.982;0.0;0.0;89.99752413963853;31.99145299145299;31.94017094017094;32.0;32.0;1;1
534.091;0.0;0.0;89.99752413963853;31.99145299145299;31.94017094017094;32.0;32.0;1;1
534.192;0.0;0.0;89.99752413963853;31.99145299145299;31.94017094017094;32.0;32.0;1;1
534.292;0.0;0.0;89.99752413963853;31.99145299145299;31.94017094017094;32.0;32.0;1;1
534.393;0.0;0.0;89.99752413963853;31.99145299145299;31.94017094017094;32.0;32.0;1;1
534.499;0.0;0.0;89.99752413963853;31.99145299145299;31.94017094017094;32.0;32.0;1;1
534.6;0.0;0.0;89.99752413963853;31.99145299145299;31.94017094017094;32.0;32.0;1;1
534.704;0.0;0.0;89.99752413963853;31.99145299145299;31.94017094017094;32.0;32.0;1;1
534.807;0.0;0.0;89.99752413963853;31.99145299145299;31.94017094017094;32.0;32.0;1;1
534.913;0.0;0.0;89.99752413963853;31.99145299145299;31.94017094017094;32.0;32.0;1;1
535.015;0.0;0.0;89.99752413963853;31.99145299145299;31.94017094017094;32.0;32.0;1;1
535.116;0.0;0.0;89.99752413963853;31.99145299145299;31.94017094017094;32.0;32.0;1;1
535.22;0.0;0.0;89.99752413963853;31.99145299145299;31.94017094017094;32.0;32.0;1;1
535.328;0.0;0.0;89.99752413963853;31.99145299145299;31.94017094017094;32.0;32.0;1;1
535.44;0.0;0.0;89.99752413963853;31.99145299145299;31.94017094017094;32.0;32.0;1;1
535.55;0.0;0.0;89.99752413963853;31.99145299145299;31.94017094017094;32.0;32.0;1;1
535.665;0.0;0.0;89.99752413963853;31.94017094017094;31.99145299145299;32.0;32.0;1;1
535.774;0.0;0.0;89.99752413963853;31.94017094017094;31.99145299145299;32.0;32.0;1;1
535.891;0.0;0.0;89.99752413963853;31.94017094017094;31.99145299145299;32.0;32.0;1;1
535.996;0.0;0.0;89.99752413963853;31.94017094017094;31.99145299145299;32.0;32.0;1;1
536.111;0.0;0.0;89.99752413963853;31.94017094017094;31.99145299145299;32.0;32.0;1;1
536.222;0.0;0.0;89.99752413963853;31.94017094017094;31.99145299145299;32.0;32.0;1;1
536.324;0.0;0.0;89.99752413963853;31.94017094017094;31.99145299145299;32.0;32.0;1;1
536.428;0.0;0.0;89.99752413963853;31.94017094017094;31.99145299145299;32.0;32.0;1;1
536.541;0.0;0.0;89.99752413963853;31.94017094017094;31.99145299145299;32.0;32.0;1;1
536.648;0.0;0.0;89.99752413963853;31.99145299145299;31.99145299145299;32.0;32.0;1;1
536.768;0.0;0.0;89.99752413963853;31.99145299145299;31.99145299145299;32.0;32.0;1;1
536.871;0.0;0.0;89.99752413963853;31.99145299145299;31.99145299145299;32.0;32.0;1;1
536.982;0.0;0.0;89.99752413963853;31.99145299145299;31.99145299145299;32.0;32.0;1;1
537.093;0.0;0.0;89.99752413963853;31.99145299145299;31.99145299145299;32.0;32.0;1;1
537.203;0.0;0.0;89.99752413963853;31.99145299145299;31.99145299145299;32.0;32.0;1;1
537.318;0.0;0.0;89.99752413963853;31.99145299145299;31.99145299145299;32.0;32.0;1;1
537.426;0.0;0.0;89.99752413963853;31.99145299145299;31.99145299145299;32.0;32.0;1;1
537.534;0.0;0.0;89.99752413963853;31.99145299145299;31.99145299145299;32.0;32.0;1;1
537.637;0.0;0.0;89.99752413963853;31.99145299145299;31.99145299145299;32.0;32.0;1;1
537.76;0.0;0.0;89.99752413963853;31.99145299145299;31.99145299145299;32.0;32.0;1;1
537.868;0.0;0.0;89.99752413963853;31.99145299145299;31.99145299145299;32.0;32.0;1;1
537.984;0.0;0.0;89.99752413963853;31.99145299145299;31.99145299145299;32.0;32.0;1;1
538.102;0.0;0.0;89.99752413963853;31.99145299145299;31.99145299145299;32.0;32.0;1;1
538.204;0.0;0.0;89.99752413963853;31.99145299145299;31.99145299145299;32.0;32.0;1;1
538.311;0.0;0.0;89.99752413963853;31.99145299145299;31.99145299145299;32.0;32.0;1;1
538.426;0.0;0.0;89.99752413963853;31.99145299145299;31.99145299145299;32.0;32.0;1;1
538.541;0.0;0.0;89.99752413963853;31.99145299145299;31.99145299145299;32.0;32.0;1;1
538.646;0.0;0.0;89.99752413963853;31.94017094017094;31.99145299145299;32.0;32.0;1;1
538.761;0.0;0.0;89.99752413963853;31.94017094017094;31.99145299145299;32.0;32.0;1;1
538.866;0.0;0.0;89.99752413963853;31.94017094017094;31.99145299145299;32.0;32.0;1;1
538.976;0.0;0.0;89.99752413963853;31.94017094017094;31.99145299145299;32.0;32.0;1;1
539.089;0.0;0.0;89.99752413963853;31.94017094017094;31.99145299145299;32.0;32.0;1;1
539.204;0.0;0.0;89.99752413963853;31.94017094017094;31.99145299145299;32.0;32.0;1;1
539.311;0.0;0.0;89.99752413963853;31.94017094017094;31.99145299145299;32.0;32.0;1;1
539.427;0.0;0.0;89.99752413963853;31.94017094017094;31.99145299145299;32.0;32.0;1;1
539.534;0.0;0.0;89.99752413963853;31.94017094017094;31.99145299145299;32.0;32.0;1;1
539.644;0.0;0.0;89.99752413963853;31.99145299145299;31.99145299145299;32.0;32.0;1;1
539.747;0.0;0.0;89.99752413963853;31.99145299145299;31.99145299145299;32.0;32.0;1;1
539.855;0.0;0.0;89.99752413963853;31.99145299145299;31.99145299145299;32.0;32.0;1;1
539.963;0.0;0.0;89.99752413963853;31.99145299145299;31.99145299145299;32.0;32.0;1;1
540.079;0.0;0.0;89.99752413963853;31.99145299145299;31.99145299145299;32.0;32.0;1;1
540.184;0.0;0.0;89.99752413963853;31.99145299145299;31.99145299145299;32.0;32.0;1;1
540.3;0.0;0.0;89.99752413963853;31.99145299145299;31.99145299145299;32.0;32.0;1;1
540.409;0.0;0.0;89.99752413963853;31.99145299145299;31.99145299145299;32.0;32.0;1;1
540.518;0.0;0.0;89.99752413963853;31.99145299145299;31.99145299145299;32.0;32.0;1;1
540.62;0.0;0.0;89.99752413963853;31.99145299145299;31.99145299145299;32.0;32.0;1;1
540.729;0.0;0.0;89.99752413963853;31.99145299145299;31.99145299145299;32.0;32.0;1;1
540.829;0.0;0.0;89.99752413963853;31.99145299145299;31.99145299145299;32.0;32.0;1;1
540.93;0.0;0.0;89.99752413963853;31.99145299145299;31.99145299145299;32.0;32.0;1;1
541.031;0.0;0.0;89.99752413963853;31.99145299145299;31.99145299145299;32.0;32.0;1;1
541.131;0.0;0.0;89.99752413963853;31.99145299145299;31.99145299145299;32.0;32.0;1;1
541.232;0.0;0.0;89.99752413963853;31.99145299145299;31.99145299145299;32.0;32.0;1;1
541.336;0.0;0.0;89.99752413963853;31.99145299145299;31.99145299145299;32.0;32.0;1;1
541.436;0.0;0.0;89.99752413963853;31.99145299145299;31.99145299145299;32.0;32.0;1;1
541.541;0.0;0.0;89.99752413963853;31.99145299145299;31.99145299145299;32.0;32.0;1;1
541.646;0.0;0.0;89.99752413963853;31.94017094017094;31.99145299145299;32.0;32.0;1;1
541.747;0.0;0.0;89.99752413963853;31.94017094017094;31.99145299145299;32.0;32.0;1;1
541.848;0.0;0.0;89.99752413963853;31.94017094017094;31.99145299145299;32.0;32.0;1;1
541.949;0.0;0.0;89.99752413963853;31.94017094017094;31.99145299145299;32.0;32.0;1;1
542.059;0.0;0.0;89.99752413963853;31.94017094017094;31.99145299145299;32.0;32.0;1;1
542.172;0.0;0.0;89.99752413963853;31.94017094017094;31.99145299145299;32.0;32.0;1;1
542.281;0.0;0.0;89.99752413963853;31.94017094017094;31.99145299145299;32.0;32.0;1;1
542.393;0.0;0.0;89.99752413963853;31.94017094017094;31.99145299145299;32.0;32.0;1;1
542.508;0.0;0.0;89.99752413963853;31.94017094017094;31.99145299145299;32.0;32.0;1;1
542.616;0.0;0.0;89.99752413963853;31.94017094017094;31.99145299145299;32.0;32.0;1;1
542.718;0.0;0.0;89.99752413963853;31.99145299145299;31.99145299145299;32.0;32.0;1;1
542.836;0.0;0.0;89.99752413963853;31.99145299145299;31.99145299145299;32.0;32.0;1;1
542.937;0.0;0.0;89.99752413963853;31.99145299145299;31.99145299145299;32.0;32.0;1;1
543.045;0.0;0.0;89.99752413963853;31.99145299145299;31.99145299145299;32.0;32.0;1;1
543.152;0.0;0.0;89.99752413963853;31.99145299145299;31.99145299145299;32.0;32.0;1;1
543.269;0.0;0.0;89.99752413963853;31.99145299145299;31.99145299145299;32.0;32.0;1;1
543.374;0.0;0.0;89.99752413963853;31.99145299145299;31.99145299145299;32.0;32.0;1;1
543.49;0.0;0.0;89.99752413963853;31.99145299145299;31.99145299145299;32.0;32.0;1;1
543.602;0.0;0.0;89.99752413963853;31.99145299145299;31.99145299145299;32.0;32.0;1;1
543.712;0.0;0.0;89.99752413963853;31.94017094017094;31.99145299145299;32.0;32.0;1;1
543.824;0.0;0.0;89.99752413963853;31.94017094017094;31.99145299145299;32.0;32.0;1;1
543.933;0.0;0.0;89.99752413963853;31.94017094017094;31.99145299145299;32.0;32.0;1;1
544.046;0.0;0.0;89.99752413963853;31.94017094017094;31.99145299145299;32.0;32.0;1;1
544.153;0.0;0.0;89.99752413963853;31.94017094017094;31.99145299145299;32.0;32.0;1;1
544.265;0.0;0.0;89.99752413963853;31.94017094017094;31.99145299145299;32.0;32.0;1;1
544.376;0.0;0.0;89.99752413963853;31.94017094017094;31.99145299145299;32.0;32.0;1;1
544.489;0.0;0.0;89.99752413963853;31.94017094017094;31.99145299145299;32.0;32.0;1;1
544.598;0.0;0.0;89.99752413963853;31.94017094017094;31.99145299145299;32.0;32.0;1;1
544.7;0.0;0.0;89.99752413963853;31.99145299145299;31.99145299145299;32.0;32.0;1;1
544.806;0.0;0.0;89.99752413963853;31.99145299145299;31.99145299145299;32.0;32.0;1;1
544.909;0.0;0.0;89.99752413963853;31.99145299145299;31.99145299145299;32.0;32.0;1;1
545.034;0.0;0.0;89.99752413963853;31.99145299145299;31.99145299145299;32.0;32.0;1;1
545.139;0.0;0.0;89.99752413963853;31.99145299145299;31.99145299145299;32.0;32.0;1;1
545.256;0.0;0.0;89.99752413963853;31.99145299145299;31.99145299145299;32.0;32.0;1;1
545.363;0.0;0.0;89.99752413963853;31.99145299145299;31.99145299145299;32.0;32.0;1;1
545.477;0.0;0.0;89.99752413963853;31.99145299145299;31.99145299145299;32.0;32.0;1;1
545.586;0.0;0.0;89.99752413963853;31.99145299145299;31.99145299145299;32.0;32.0;1;1
545.7;0.0;0.0;89.99752413963853;31.99145299145299;31.99145299145299;32.0;32.0;1;1
545.805;0.0;0.0;89.99752413963853;31.99145299145299;31.99145299145299;32.0;32.0;1;1
545.92;0.0;0.0;89.99752413963853;31.99145299145299;31.99145299145299;32.0;32.0;1;1
546.029;0.0;0.0;89.99752413963853;31.99145299145299;31.99145299145299;32.0;32.0;1;1
546.143;0.0;0.0;89.99752413963853;31.99145299145299;31.99145299145299;32.0;32.0;1;1
546.251;0.0;0.0;89.99752413963853;31.99145299145299;31.99145299145299;32.0;32.0;1;1
546.352;0.0;0.0;89.99752413963853;31.99145299145299;31.99145299145299;32.0;32.0;1;1
546.461;0.0;0.0;89.99752413963853;31.99145299145299;31.99145299145299;32.0;32.0;1;1
546.571;0.0;0.0;89.99752413963853;31.99145299145299;31.99145299145299;32.0;32.0;1;1
546.681;0.0;0.0;89.99752413963853;31.99145299145299;31.99145299145299;32.0;32.0;1;1
546.784;0.0;0.0;89.99752413963853;31.99145299145299;31.99145299145299;32.0;32.0;1;1
546.886;0.0;0.0;89.99752413963853;31.99145299145299;31.99145299145299;32.0;32.0;1;1
546.986;0.0;0.0;89.99752413963853;31.99145299145299;31.99145299145299;32.0;32.0;1;1
547.086;0.0;0.0;89.99752413963853;31.99145299145299;31.99145299145299;32.0;32.0;1;1
547.187;0.0;0.0;89.99752413963853;31.99145299145299;31.99145299145299;32.0;32.0;1;1
547.288;0.0;0.0;89.99752413963853;31.99145299145299;31.99145299145299;32.0;32.0;1;1
547.388;0.0;0.0;89.99752413963853;31.99145299145299;31.99145299145299;32.0;32.0;1;1
547.489;0.0;0.0;89.99752413963853;31.99145299145299;31.99145299145299;32.0;32.0;1;1
547.591;0.0;0.0;89.99752413963853;31.99145299145299;31.99145299145299;32.0;32.0;1;1
547.694;0.0;0.0;89.99752413963853;31.94017094017094;31.99145299145299;32.0;32.0;1;1
547.796;0.0;0.0;89.99752413963853;31.94017094017094;31.99145299145299;32.0;32.0;1;1
547.896;0.0;0.0;89.99752413963853;31.94017094017094;31.99145299145299;32.0;32.0;1;1
547.999;0.0;0.0;89.99752413963853;31.94017094017094;31.99145299145299;32.0;32.0;1;1
548.101;0.0;0.0;89.99752413963853;31.94017094017094;31.99145299145299;32.0;32.0;1;1
548.211;0.0;0.0;89.99752413963853;31.94017094017094;31.99145299145299;32.0;32.0;1;1
548.319;0.0;0.0;89.99752413963853;31.94017094017094;31.99145299145299;32.0;32.0;1;1
548.427;0.0;0.0;89.99752413963853;31.94017094017094;31.99145299145299;32.0;32.0;1;1
548.536;0.0;0.0;89.99752413963853;31.94017094017094;31.99145299145299;32.0;32.0;1;1
548.649;0.0;0.0;89.99752413963853;31.94017094017094;31.99145299145299;32.0;32.0;1;1
548.761;0.0;0.0;89.99752413963853;31.99145299145299;31.99145299145299;32.0;32.0;1;1
548.869;0.0;0.0;89.99752413963853;31.99145299145299;31.99145299145299;32.0;32.0;1;1
548.981;0.0;0.0;89.99752413963853;31.99145299145299;31.99145299145299;32.0;32.0;1;1
549.091;0.0;0.0;89.99752413963853;31.99145299145299;31.99145299145299;32.0;32.0;1;1
549.205;0.0;0.0;89.99752413963853;31.99145299145299;31.99145299145299;32.0;32.0;1;1
549.312;0.0;0.0;89.99752413963853;31.99145299145299;31.99145299145299;32.0;32.0;1;1
549.428;0.0;0.0;89.99752413963853;31.99145299145299;31.99145299145299;32.0;32.0;1;1
549.533;0.0;0.0;89.99752413963853;31.99145299145299;31.99145299145299;32.0;32.0;1;1
549.635;0.0;0.0;89.99752413963853;31.99145299145299;31.99145299145299;32.0;32.0;1;1
549.74;0.0;0.0;89.99752413963853;31.99145299145299;31.99145299145299;32.0;32.0;1;1
549.852;0.0;0.0;89.99752413963853;31.99145299145299;31.99145299145299;32.0;32.0;1;1
549.962;0.0;0.0;89.99752413963853;31.99145299145299;31.99145299145299;32.0;32.0;1;1
550.078;0.0;0.0;89.99752413963853;31.99145299145299;31.99145299145299;32.0;32.0;1;1
550.186;0.0;0.0;89.99752413963853;31.99145299145299;31.99145299145299;32.0;32.0;1;1
550.296;0.0;0.0;89.99752413963853;31.99145299145299;31.99145299145299;32.0;32.0;1;1
550.406;0.0;0.0;89.99752413963853;31.99145299145299;31.99145299145299;32.0;32.0;1;1
550.519;0.0;0.0;89.99752413963853;31.99145299145299;31.99145299145299;32.0;32.0;1;1
550.629;0.0;0.0;89.99752413963853;31.99145299145299;31.99145299145299;32.0;32.0;1;1
550.739;0.0;0.0;89.99752413963853;31.94017094017094;31.99145299145299;32.0;32.0;1;1
550.853;0.0;0.0;89.99752413963853;31.94017094017094;31.99145299145299;32.0;32.0;1;1
550.963;0.0;0.0;89.99752413963853;31.94017094017094;31.99145299145299;32.0;32.0;1;1
551.082;0.0;0.0;89.99752413963853;31.94017094017094;31.99145299145299;32.0;32.0;1;1
551.186;0.0;0.0;89.99752413963853;31.94017094017094;31.99145299145299;32.0;32.0;1;1
551.299;0.0;0.0;89.99752413963853;31.94017094017094;31.99145299145299;32.0;32.0;1;1
551.408;0.0;0.0;89.99752413963853;31.94017094017094;31.99145299145299;32.0;32.0;1;1
551.518;0.0;0.0;89.99752413963853;31.94017094017094;31.99145299145299;32.0;32.0;1;1
551.632;0.0;0.0;89.99752413963853;31.94017094017094;31.99145299145299;32.0;32.0;1;1
551.744;0.0;0.0;89.99752413963853;31.99145299145299;31.99145299145299;32.0;32.0;1;1
551.857;0.0;0.0;89.99752413963853;31.99145299145299;31.99145299145299;32.0;32.0;1;1
551.958;0.0;0.0;89.99752413963853;31.99145299145299;31.99145299145299;32.0;32.0;1;1
552.074;0.0;0.0;89.99752413963853;31.99145299145299;31.99145299145299;32.0;32.0;1;1
552.18;0.0;0.0;89.99752413963853;31.99145299145299;31.99145299145299;32.0;32.0;1;1
552.298;0.0;0.0;89.99752413963853;31.99145299145299;31.99145299145299;32.0;32.0;1;1
552.408;0.0;0.0;89.99752413963853;31.99145299145299;31.99145299145299;32.0;32.0;1;1
552.509;0.0;0.0;89.99752413963853;31.99145299145299;31.99145299145299;32.0;32.0;1;1
552.615;0.0;0.0;89.99752413963853;31.99145299145299;31.99145299145299;32.0;32.0;1;1
552.729;0.0;0.0;89.99752413963853;31.99145299145299;31.99145299145299;32.0;32.0;1;1
552.836;0.0;0.0;89.99752413963853;31.99145299145299;31.99145299145299;32.0;32.0;1;1
552.949;0.0;0.0;89.99752413963853;31.99145299145299;31.99145299145299;32.0;32.0;1;1
553.066;0.0;0.0;89.99752413963853;31.99145299145299;31.99145299145299;32.0;32.0;1;1
553.169;0.0;0.0;89.99752413963853;31.99145299145299;31.99145299145299;32.0;32.0;1;1
553.283;0.0;0.0;89.99752413963853;31.99145299145299;31.99145299145299;32.0;32.0;1;1
553.396;0.0;0.0;89.99752413963853;31.99145299145299;31.99145299145299;32.0;32.0;1;1
553.5;0.0;0.0;89.99752413963853;31.99145299145299;31.99145299145299;32.0;32.0;1;1
553.611;0.0;0.0;89.99752413963853;31.99145299145299;31.99145299145299;32.0;32.0;1;1
553.714;0.0;0.0;89.99752413963853;31.99145299145299;31.99145299145299;32.0;32.0;1;1
553.818;0.0;0.0;89.99752413963853;31.99145299145299;31.99145299145299;32.0;32.0;1;1
553.929;0.0;0.0;89.99752413963853;31.99145299145299;31.99145299145299;32.0;32.0;1;1
554.029;0.0;0.0;89.99752413963853;31.99145299145299;31.99145299145299;32.0;32.0;1;1
554.14;0.0;0.0;89.99752413963853;31.99145299145299;31.99145299145299;32.0;32.0;1;1
554.246;0.0;0.0;89.99752413963853;31.99145299145299;31.99145299145299;32.0;32.0;1;1
554.355;0.0;0.0;89.99752413963853;31.99145299145299;31.99145299145299;32.0;32.0;1;1
554.455;0.0;0.0;89.99752413963853;31.99145299145299;31.99145299145299;32.0;32.0;1;1
554.556;0.0;0.0;89.99752413963853;31.99145299145299;31.99145299145299;32.0;32.0;1;1
554.656;0.0;0.0;89.99752413963853;31.99145299145299;31.99145299145299;32.0;32.0;1;1
554.757;0.0;0.0;89.99752413963853;31.99145299145299;31.99145299145299;32.0;32.0;1;1
554.857;0.0;0.0;89.99752413963853;31.99145299145299;31.99145299145299;32.0;32.0;1;1
554.958;0.0;0.0;89.99752413963853;31.99145299145299;31.99145299145299;32.0;32.0;1;1
555.062;0.0;0.0;89.99752413963853;31.99145299145299;31.99145299145299;32.0;32.0;1;1
555.166;0.0;0.0;89.99752413963853;31.99145299145299;31.99145299145299;32.0;32.0;1;1
555.27;0.0;0.0;89.99752413963853;31.99145299145299;31.99145299145299;32.0;32.0;1;1
555.376;0.0;0.0;89.99752413963853;31.99145299145299;31.99145299145299;32.0;32.0;1;1
555.487;0.0;0.0;89.99752413963853;31.99145299145299;31.99145299145299;32.0;32.0;1;1
555.587;0.0;0.0;89.99752413963853;31.94017094017094;31.99145299145299;32.0;32.0;1;1
555.692;0.0;0.0;89.99752413963853;31.94017094017094;31.99145299145299;32.0;32.0;1;1
555.804;0.0;0.0;89.99752413963853;31.94017094017094;31.99145299145299;32.0;32.0;1;1
555.905;0.0;0.0;89.99752413963853;31.94017094017094;31.99145299145299;32.0;32.0;1;1
556.012;0.0;0.0;89.99752413963853;31.94017094017094;31.99145299145299;32.0;32.0;1;1
556.117;0.0;0.0;89.99752413963853;31.94017094017094;31.99145299145299;32.0;32.0;1;1
556.235;0.0;0.0;89.99752413963853;31.94017094017094;31.99145299145299;32.0;32.0;1;1
556.341;0.0;0.0;89.99752413963853;31.94017094017094;31.99145299145299;32.0;32.0;1;1
556.442;0.0;0.0;89.99752413963853;31.94017094017094;31.99145299145299;32.0;32.0;1;1
556.546;0.0;0.0;89.99752413963853;31.94017094017094;31.99145299145299;32.0;32.0;1;1
556.646;0.0;0.0;89.99752413963853;31.99145299145299;31.99145299145299;32.0;32.0;1;1
556.747;0.0;0.0;89.99752413963853;31.99145299145299;31.99145299145299;32.0;32.0;1;1
556.847;0.0;0.0;89.99752413963853;31.99145299145299;31.99145299145299;32.0;32.0;1;1
556.948;0.0;0.0;89.99752413963853;31.99145299145299;31.99145299145299;32.0;32.0;1;1
557.048;0.0;0.0;89.99752413963853;31.99145299145299;31.99145299145299;32.0;32.0;1;1
557.149;0.0;0.0;89.99752413963853;31.99145299145299;31.99145299145299;32.0;32.0;1;1
557.252;0.0;0.0;89.99752413963853;31.99145299145299;31.99145299145299;32.0;32.0;1;1
557.355;0.0;0.0;89.99752413963853;31.99145299145299;31.99145299145299;32.0;32.0;1;1
557.462;0.0;0.0;89.99752413963853;31.99145299145299;31.99145299145299;32.0;32.0;1;1
557.566;0.0;0.0;89.99752413963853;31.99145299145299;31.99145299145299;32.0;32.0;1;1
557.676;0.0;0.0;89.99752413963853;31.99145299145299;31.99145299145299;32.0;32.0;1;1
557.786;0.0;0.0;89.99752413963853;31.99145299145299;31.99145299145299;32.0;32.0;1;1
557.887;0.0;0.0;89.99752413963853;31.99145299145299;31.99145299145299;32.0;32.0;1;1
557.995;0.0;0.0;89.99752413963853;31.99145299145299;31.99145299145299;32.0;32.0;1;1
558.101;0.0;0.0;89.99752413963853;31.99145299145299;31.99145299145299;32.0;32.0;1;1
558.202;0.0;0.0;89.99752413963853;31.99145299145299;31.99145299145299;32.0;32.0;1;1
558.307;0.0;0.0;89.99752413963853;31.99145299145299;31.99145299145299;32.0;32.0;1;1
558.426;0.0;0.0;89.99752413963853;31.99145299145299;31.99145299145299;32.0;32.0;1;1
558.531;0.0;0.0;89.99752413963853;31.99145299145299;31.99145299145299;32.0;32.0;1;1
558.644;0.0;0.0;89.99752413963853;31.99145299145299;31.99145299145299;32.0;32.0;1;1
558.746;0.0;0.0;89.99752413963853;31.99145299145299;31.99145299145299;32.0;32.0;1;1
558.852;0.0;0.0;89.99752413963853;31.99145299145299;31.99145299145299;32.0;32.0;1;1
558.96;0.0;0.0;89.99752413963853;31.99145299145299;31.99145299145299;32.0;32.0;1;1
559.074;0.0;0.0;89.99752413963853;31.99145299145299;31.99145299145299;32.0;32.0;1;1
559.181;0.0;0.0;89.99752413963853;31.99145299145299;31.99145299145299;32.0;32.0;1;1
559.284;0.0;0.0;89.99752413963853;31.99145299145299;31.99145299145299;32.0;32.0;1;1
559.408;0.0;0.0;89.99752413963853;31.99145299145299;31.99145299145299;32.0;32.0;1;1
559.519;0.0;0.0;89.99752413963853;31.99145299145299;31.99145299145299;32.0;32.0;1;1
559.623;0.0;0.0;89.99752413963853;31.99145299145299;31.99145299145299;32.0;32.0;1;1
559.736;0.0;0.0;89.99752413963853;31.94017094017094;31.99145299145299;32.0;32.0;1;1
559.844;0.0;0.0;89.99752413963853;31.94017094017094;31.99145299145299;32.0;32.0;1;1
559.957;0.0;0.0;89.99752413963853;31.94017094017094;31.99145299145299;32.0;32.0;1;1
560.058;0.0;0.0;89.99752413963853;31.94017094017094;31.99145299145299;32.0;32.0;1;1
560.161;0.0;0.0;89.99752413963853;31.94017094017094;31.99145299145299;32.0;32.0;1;1
560.261;0.0;0.0;89.99752413963853;31.94017094017094;31.99145299145299;32.0;32.0;1;1
560.37;0.0;0.0;89.99752413963853;31.94017094017094;31.99145299145299;32.0;32.0;1;1
560.47;0.0;0.0;89.99752413963853;31.94017094017094;31.99145299145299;32.0;32.0;1;1
560.571;0.0;0.0;89.99752413963853;31.94017094017094;31.99145299145299;32.0;32.0;1;1
560.671;0.0;0.0;89.99752413963853;31.99145299145299;31.99145299145299;32.0;32.0;1;1
560.771;0.0;0.0;89.99752413963853;31.99145299145299;31.99145299145299;32.0;32.0;1;1
560.872;0.0;0.0;89.99752413963853;31.99145299145299;31.99145299145299;32.0;32.0;1;1
560.973;0.0;0.0;89.99752413963853;31.99145299145299;31.99145299145299;32.0;32.0;1;1
561.074;0.0;0.0;89.99752413963853;31.99145299145299;31.99145299145299;32.0;32.0;1;1
561.174;0.0;0.0;89.99752413963853;31.99145299145299;31.99145299145299;32.0;32.0;1;1
561.275;0.0;0.0;89.99752413963853;31.99145299145299;31.99145299145299;32.0;32.0;1;1
561.377;0.0;0.0;89.99752413963853;31.99145299145299;31.99145299145299;32.0;32.0;1;1
561.483;0.0;0.0;89.99752413963853;31.99145299145299;31.99145299145299;32.0;32.0;1;1
561.59;0.0;0.0;89.99752413963853;31.99145299145299;31.99145299145299;32.0;32.0;1;1
561.691;0.0;0.0;89.99752413963853;31.99145299145299;31.99145299145299;32.0;32.0;1;1
561.8;0.0;0.0;89.99752413963853;31.99145299145299;31.99145299145299;32.0;32.0;1;1
561.926;0.0;0.0;89.99752413963853;31.99145299145299;31.99145299145299;32.0;32.0;1;1
562.031;0.0;0.0;89.99752413963853;31.99145299145299;31.99145299145299;32.0;32.0;1;1
562.146;0.0;0.0;89.99752413963853;31.99145299145299;31.99145299145299;32.0;32.0;1;1
562.254;0.0;0.0;89.99752413963853;31.99145299145299;31.99145299145299;32.0;32.0;1;1
562.356;0.0;0.0;89.99752413963853;31.99145299145299;31.99145299145299;32.0;32.0;1;1
562.463;0.0;0.0;89.99752413963853;31.99145299145299;31.99145299145299;32.0;32.0;1;1
562.576;0.0;0.0;89.99752413963853;31.99145299145299;31.99145299145299;32.0;32.0;1;1
562.68;0.0;0.0;89.99752413963853;31.99145299145299;31.99145299145299;32.0;32.0;1;1
562.783;0.0;0.0;89.99752413963853;31.99145299145299;31.99145299145299;32.0;32.0;1;1
562.889;0.0;0.0;89.99752413963853;31.99145299145299;31.99145299145299;32.0;32.0;1;1
562.989;0.0;0.0;89.99752413963853;31.99145299145299;31.99145299145299;32.0;32.0;1;1
563.09;0.0;0.0;89.99752413963853;31.99145299145299;31.99145299145299;32.0;32.0;1;1
563.19;0.0;0.0;89.99752413963853;31.99145299145299;31.99145299145299;32.0;32.0;1;1
563.29;0.0;0.0;89.99752413963853;31.99145299145299;31.99145299145299;32.0;32.0;1;1
563.391;0.0;0.0;89.99752413963853;31.99145299145299;31.99145299145299;32.0;32.0;1;1
563.491;0.0;0.0;89.99752413963853;31.99145299145299;31.99145299145299;32.0;32.0;1;1
563.592;0.0;0.0;89.99752413963853;31.99145299145299;31.99145299145299;32.0;32.0;1;1
563.698;0.0;0.0;89.99752413963853;31.99145299145299;31.99145299145299;32.0;32.0;1;1
563.801;0.0;0.0;89.99752413963853;31.99145299145299;31.99145299145299;32.0;32.0;1;1
563.91;0.0;0.0;89.99752413963853;31.99145299145299;31.99145299145299;32.0;32.0;1;1
564.019;0.0;0.0;89.99752413963853;31.99145299145299;31.99145299145299;32.0;32.0;1;1
564.121;0.0;0.0;89.99752413963853;31.99145299145299;31.99145299145299;32.0;32.0;1;1
564.23;0.0;0.0;89.99752413963853;31.99145299145299;31.99145299145299;32.0;32.0;1;1
564.34;0.0;0.0;89.99752413963853;31.99145299145299;31.99145299145299;32.0;32.0;1;1
564.442;0.0;0.0;89.99752413963853;31.99145299145299;31.99145299145299;32.0;32.0;1;1
564.547;0.0;0.0;89.99752413963853;31.99145299145299;31.99145299145299;32.0;32.0;1;1
564.651;0.0;0.0;89.99752413963853;31.99145299145299;31.99145299145299;32.0;32.0;1;1
564.764;0.0;0.0;89.99752413963853;31.99145299145299;31.99145299145299;32.0;32.0;1;1
564.865;0.0;0.0;89.99752413963853;31.99145299145299;31.99145299145299;32.0;32.0;1;1
564.989;0.0;0.0;89.99752413963853;31.99145299145299;31.99145299145299;32.0;32.0;1;1
565.09;0.0;0.0;89.99752413963853;31.99145299145299;31.99145299145299;32.0;32.0;1;1
565.195;0.0;0.0;89.99752413963853;31.99145299145299;31.99145299145299;32.0;32.0;1;1
565.305;0.0;0.0;89.99752413963853;31.99145299145299;31.99145299145299;32.0;32.0;1;1
565.42;0.0;0.0;89.99752413963853;31.99145299145299;31.99145299145299;32.0;32.0;1;1
565.527;0.0;0.0;89.99752413963853;31.99145299145299;31.99145299145299;32.0;32.0;1;1
565.638;0.0;0.0;89.99752413963853;31.99145299145299;31.99145299145299;32.0;32.0;1;1
565.749;0.0;0.0;89.99752413963853;31.99145299145299;31.99145299145299;32.0;32.0;1;1
565.861;0.0;0.0;89.99752413963853;31.99145299145299;31.99145299145299;32.0;32.0;1;1
565.962;0.0;0.0;89.99752413963853;31.99145299145299;31.99145299145299;32.0;32.0;1;1
566.082;0.0;0.0;89.99752413963853;31.99145299145299;31.99145299145299;32.0;32.0;1;1
566.183;0.0;0.0;89.99752413963853;31.99145299145299;31.99145299145299;32.0;32.0;1;1
566.29;0.0;0.0;89.99752413963853;31.99145299145299;31.99145299145299;32.0;32.0;1;1
566.401;0.0;0.0;89.99752413963853;31.99145299145299;31.99145299145299;32.0;32.0;1;1
566.516;0.0;0.0;89.99752413963853;31.99145299145299;31.99145299145299;32.0;32.0;1;1
566.621;0.0;0.0;89.99752413963853;31.99145299145299;31.99145299145299;32.0;32.0;1;1
566.722;0.0;0.0;89.99752413963853;31.99145299145299;31.99145299145299;32.0;32.0;1;1
566.822;0.0;0.0;89.99752413963853;31.99145299145299;31.99145299145299;32.0;32.0;1;1
566.923;0.0;0.0;89.99752413963853;31.99145299145299;31.99145299145299;32.0;32.0;1;1
567.024;0.0;0.0;89.99752413963853;31.99145299145299;31.99145299145299;32.0;32.0;1;1
567.125;0.0;0.0;89.99752413963853;31.99145299145299;31.99145299145299;32.0;32.0;1;1
567.225;0.0;0.0;89.99752413963853;31.99145299145299;31.99145299145299;32.0;32.0;1;1
567.328;0.0;0.0;89.99752413963853;31.99145299145299;31.99145299145299;32.0;32.0;1;1
567.43;0.0;0.0;89.99752413963853;31.99145299145299;31.99145299145299;32.0;32.0;1;1
567.536;0.0;0.0;89.99752413963853;31.99145299145299;31.99145299145299;32.0;32.0;1;1
567.646;0.0;0.0;89.99752413963853;31.99145299145299;31.94017094017094;32.0;32.0;1;1
567.746;0.0;0.0;89.99752413963853;31.99145299145299;31.94017094017094;32.0;32.0;1;1
567.855;0.0;0.0;89.99752413963853;31.99145299145299;31.94017094017094;32.0;32.0;1;1
567.955;0.0;0.0;89.99752413963853;31.99145299145299;31.94017094017094;32.0;32.0;1;1
568.057;0.0;0.0;89.99752413963853;31.99145299145299;31.94017094017094;32.0;32.0;1;1
568.165;0.0;0.0;89.99752413963853;31.99145299145299;31.94017094017094;32.0;32.0;1;1
568.274;0.0;0.0;89.99752413963853;31.99145299145299;31.94017094017094;32.0;32.0;1;1
568.387;0.0;0.0;89.99752413963853;31.99145299145299;31.94017094017094;32.0;32.0;1;1
568.495;0.0;0.0;89.99752413963853;31.99145299145299;31.94017094017094;32.0;32.0;1;1
568.607;0.0;0.0;89.99752413963853;31.99145299145299;31.94017094017094;32.0;32.0;1;1
568.719;0.0;0.0;89.99752413963853;31.99145299145299;31.99145299145299;32.0;32.0;1;1
568.83;0.0;0.0;89.99752413963853;31.99145299145299;31.99145299145299;32.0;32.0;1;1
568.938;0.0;0.0;89.99752413963853;31.99145299145299;31.99145299145299;32.0;32.0;1;1
569.048;0.0;0.0;89.99752413963853;31.99145299145299;31.99145299145299;32.0;32.0;1;1
569.161;0.0;0.0;89.99752413963853;31.99145299145299;31.99145299145299;32.0;32.0;1;1
569.262;0.0;0.0;89.99752413963853;31.99145299145299;31.99145299145299;32.0;32.0;1;1
569.369;0.0;0.0;89.99752413963853;31.99145299145299;31.99145299145299;32.0;32.0;1;1
569.482;0.0;0.0;89.99752413963853;31.99145299145299;31.99145299145299;32.0;32.0;1;1
569.589;0.0;0.0;89.99752413963853;31.99145299145299;31.99145299145299;32.0;32.0;1;1
569.7;0.0;0.0;89.99752413963853;31.99145299145299;31.99145299145299;32.0;32.0;1;1
569.81;0.0;0.0;89.99752413963853;31.99145299145299;31.94017094017094;32.0;32.0;1;1
569.924;0.0;0.0;89.99752413963853;31.99145299145299;31.94017094017094;32.0;32.0;1;1
570.033;0.0;0.0;89.99752413963853;31.99145299145299;31.94017094017094;32.0;32.0;1;1
570.134;0.0;0.0;89.99752413963853;31.99145299145299;31.94017094017094;32.0;32.0;1;1
570.241;0.0;0.0;89.99752413963853;31.99145299145299;31.94017094017094;32.0;32.0;1;1
570.341;0.0;0.0;89.99752413963853;31.99145299145299;31.94017094017094;32.0;32.0;1;1
570.452;0.0;0.0;89.99752413963853;31.99145299145299;31.94017094017094;32.0;32.0;1;1
570.558;0.0;0.0;89.99752413963853;31.99145299145299;31.94017094017094;32.0;32.0;1;1
570.667;0.0;0.0;89.99752413963853;31.99145299145299;31.94017094017094;32.0;32.0;1;1
570.801;0.0;0.0;89.99752413963853;31.99145299145299;31.99145299145299;32.0;32.0;1;1
570.909;0.0;0.0;89.99752413963853;31.99145299145299;31.99145299145299;32.0;32.0;1;1
571.019;0.0;0.0;89.99752413963853;31.99145299145299;31.99145299145299;32.0;32.0;1;1
571.119;0.0;0.0;89.99752413963853;31.99145299145299;31.99145299145299;32.0;32.0;1;1
571.226;0.0;0.0;89.99752413963853;31.99145299145299;31.99145299145299;32.0;32.0;1;1
571.338;0.0;0.0;89.99752413963853;31.99145299145299;31.99145299145299;32.0;32.0;1;1
571.449;0.0;0.0;89.99752413963853;31.99145299145299;31.99145299145299;32.0;32.0;1;1
571.556;0.0;0.0;89.99752413963853;31.99145299145299;31.99145299145299;32.0;32.0;1;1
571.672;0.0;0.0;89.99752413963853;31.99145299145299;31.99145299145299;32.0;32.0;1;1
571.779;0.0;0.0;89.99752413963853;31.99145299145299;31.99145299145299;32.0;32.0;1;1
571.897;0.0;0.0;89.99752413963853;31.99145299145299;31.99145299145299;32.0;32.0;1;1
572.001;0.0;0.0;89.99752413963853;31.99145299145299;31.99145299145299;32.0;32.0;1;1
572.114;0.0;0.0;89.99752413963853;31.99145299145299;31.99145299145299;32.0;32.0;1;1
572.215;0.0;0.0;89.99752413963853;31.99145299145299;31.99145299145299;32.0;32.0;1;1
572.32;0.0;0.0;89.99752413963853;31.99145299145299;31.99145299145299;32.0;32.0;1;1
572.43;0.0;0.0;89.99752413963853;31.99145299145299;31.99145299145299;32.0;32.0;1;1
572.534;0.0;0.0;89.99752413963853;31.99145299145299;31.99145299145299;32.0;32.0;1;1
572.643;0.0;0.0;89.99752413963853;31.99145299145299;31.99145299145299;32.0;32.0;1;1
572.765;0.0;0.0;89.99752413963853;31.99145299145299;31.99145299145299;32.0;32.0;1;1
572.876;0.0;0.0;89.99752413963853;31.99145299145299;31.99145299145299;32.0;32.0;1;1
572.977;0.0;0.0;89.99752413963853;31.99145299145299;31.99145299145299;32.0;32.0;1;1
573.084;0.0;0.0;89.99752413963853;31.99145299145299;31.99145299145299;32.0;32.0;1;1
573.196;0.0;0.0;89.99752413963853;31.99145299145299;31.99145299145299;32.0;32.0;1;1
573.297;0.0;0.0;89.99752413963853;31.99145299145299;31.99145299145299;32.0;32.0;1;1
573.421;0.0;0.0;89.99752413963853;31.99145299145299;31.99145299145299;32.0;32.0;1;1
573.53;0.0;0.0;89.99752413963853;31.99145299145299;31.99145299145299;32.0;32.0;1;1
573.641;0.0;0.0;89.99752413963853;31.99145299145299;31.99145299145299;32.0;32.0;1;1
573.752;0.0;0.0;89.99752413963853;31.99145299145299;31.99145299145299;32.0;32.0;1;1
573.869;0.0;0.0;89.99752413963853;31.99145299145299;31.99145299145299;32.0;32.0;1;1
573.98;0.0;0.0;89.99752413963853;31.99145299145299;31.99145299145299;32.0;32.0;1;1
574.088;0.0;0.0;89.99752413963853;31.99145299145299;31.99145299145299;32.0;32.0;1;1
574.204;0.0;0.0;89.99752413963853;31.99145299145299;31.99145299145299;32.0;32.0;1;1
574.309;0.0;0.0;89.99752413963853;31.99145299145299;31.99145299145299;32.0;32.0;1;1
574.426;0.0;0.0;89.99752413963853;31.99145299145299;31.99145299145299;32.0;32.0;1;1
574.531;0.0;0.0;89.99752413963853;31.99145299145299;31.99145299145299;32.0;32.0;1;1
574.645;0.0;0.0;89.99752413963853;31.99145299145299;31.99145299145299;32.0;32.0;1;1
574.756;0.0;0.0;89.99752413963853;31.99145299145299;31.99145299145299;32.0;32.0;1;1
574.866;0.0;0.0;89.99752413963853;31.99145299145299;31.99145299145299;32.0;32.0;1;1
574.969;0.0;0.0;89.99752413963853;31.99145299145299;31.99145299145299;32.0;32.0;1;1
575.073;0.0;0.0;89.99752413963853;31.99145299145299;31.99145299145299;32.0;32.0;1;1
575.183;0.0;0.0;89.99752413963853;31.99145299145299;31.99145299145299;32.0;32.0;1;1
575.283;0.0;0.0;89.99752413963853;31.99145299145299;31.99145299145299;32.0;32.0;1;1
575.388;0.0;0.0;89.99752413963853;31.99145299145299;31.99145299145299;32.0;32.0;1;1
575.489;0.0;0.0;89.99752413963853;31.99145299145299;31.99145299145299;32.0;32.0;1;1
575.589;0.0;0.0;89.99752413963853;31.99145299145299;31.99145299145299;32.0;32.0;1;1
575.69;0.0;0.0;89.99752413963853;31.94017094017094;31.99145299145299;32.0;32.0;1;1
575.79;0.0;0.0;89.99752413963853;31.94017094017094;31.99145299145299;32.0;32.0;1;1
575.891;0.0;0.0;89.99752413963853;31.94017094017094;31.99145299145299;32.0;32.0;1;1
575.995;0.27625;0.0;89.99752413963853;31.94017094017094;31.99145299145299;32.0;32.0;1;1
576.096;0.78375;0.0;89.99752413963853;31.94017094017094;31.99145299145299;32.0;32.0;1;1
576.197;1.29375;0.0;89.99752413963853;31.94017094017094;31.99145299145299;32.0;32.0;1;1
576.298;2.06;0.0;89.99752413963853;31.94017094017094;31.99145299145299;32.0;32.0;1;1
576.41;2.31;0.0;89.99752413963853;31.94017094017094;31.99145299145299;32.0;32.0;1;1
576.518;3.075;0.0;89.99752413963853;31.94017094017094;31.99145299145299;32.0;32.0;1;1
576.619;3.585;0.0;89.99752413963853;31.94017094017094;31.99145299145299;32.0;32.0;1;1
576.728;3.835;0.0;89.99752413963853;31.94017094017094;31.99145299145299;32.0;32.0;1;1
576.836;4.59875;0.0;89.99752413963853;31.99145299145299;31.99145299145299;32.0;32.0;1;1
576.95;4.99625;0.0;89.99752413963853;31.99145299145299;31.99145299145299;32.0;32.0;1;1
577.055;5.0;0.0;89.99752413963853;31.99145299145299;31.99145299145299;32.0;32.0;1;1
577.178;5.0;0.0;89.99752413963853;31.99145299145299;31.99145299145299;32.0;32.0;1;1
577.279;5.0;0.0;89.99752413963853;31.99145299145299;31.99145299145299;32.0;32.0;1;1
577.391;5.0;0.0;89.99752413963853;31.99145299145299;31.99145299145299;32.0;32.0;1;1
577.495;5.0;0.0;89.99752413963853;31.99145299145299;31.99145299145299;32.0;32.0;1;1
577.609;5.0;0.0;89.99752413963853;31.99145299145299;31.99145299145299;32.0;32.0;1;1
577.71;5.0;0.0;89.99752413963853;31.99145299145299;31.99145299145299;32.0;32.0;1;1
577.817;5.0;0.0;89.99752413963853;31.99145299145299;31.99145299145299;32.0;32.0;1;1
577.917;5.0;0.0;89.99752413963853;31.99145299145299;31.99145299145299;32.0;32.0;1;1
578.039;5.0;0.0;89.99752413963853;31.99145299145299;31.99145299145299;32.0;32.0;1;1
578.15;5.0;0.0;89.99752413963853;31.99145299145299;31.99145299145299;32.0;32.0;1;1
578.255;5.0;0.0;89.99752413963853;31.99145299145299;31.99145299145299;32.0;32.0;1;1
578.357;5.0;0.0;89.99752413963853;31.99145299145299;31.99145299145299;32.0;32.0;1;1
578.457;5.0;0.0;89.99752413963853;31.99145299145299;31.99145299145299;32.0;32.0;1;1
578.558;5.0;0.0;89.99752413963853;31.99145299145299;31.99145299145299;32.0;32.0;1;1
578.658;5.0;0.0;89.99752413963853;31.99145299145299;31.99145299145299;32.0;32.0;1;1
578.759;5.0;0.0;89.99752413963853;31.99145299145299;31.99145299145299;32.0;32.0;1;1
578.86;5.0;0.0;89.99752413963853;31.99145299145299;31.99145299145299;32.0;32.0;1;1
578.962;5.0;0.0;89.99752413963853;31.99145299145299;31.99145299145299;32.0;32.0;1;1
579.063;5.0;0.0;89.99752413963853;31.99145299145299;31.99145299145299;32.0;32.0;1;1
579.175;4.7775;0.0;89.99752413963853;31.99145299145299;31.99145299145299;32.0;32.0;1;1
579.276;4.27125;0.0;89.99752413963853;31.99145299145299;31.99145299145299;32.0;32.0;1;1
579.379;3.7625;0.0;89.99752413963853;31.99145299145299;31.99145299145299;32.0;32.0;1;1
579.484;3.25375;0.0;89.99752413963853;31.99145299145299;31.99145299145299;32.0;32.0;1;1
579.591;2.75;0.0;89.99752413963853;31.99145299145299;31.99145299145299;32.0;32.0;1;1
579.693;2.24125;0.0;89.99752413963853;31.99145299145299;31.99145299145299;32.0;32.0;1;1
579.796;1.73375;0.0;89.99752413963853;31.99145299145299;31.99145299145299;32.0;32.0;1;1
579.896;1.23125;0.0;89.99752413963853;31.99145299145299;31.99145299145299;32.0;32.0;1;1
580.001;0.72375;0.0;89.99752413963853;31.99145299145299;31.99145299145299;32.0;32.0;1;1
580.102;0.2125;0.0;89.99752413963853;31.99145299145299;31.99145299145299;32.0;32.0;1;1
580.202;0.0;0.0;89.99752413963853;31.99145299145299;31.99145299145299;32.0;32.0;1;1
580.302;0.0;0.0;89.99752413963853;31.99145299145299;31.99145299145299;32.0;32.0;1;1
580.405;0.0;0.0;89.99752413963853;31.99145299145299;31.99145299145299;32.0;32.0;1;1
580.507;0.0;0.0;89.99752413963853;31.99145299145299;31.99145299145299;32.0;32.0;1;1
580.607;0.0;0.0;89.99752413963853;31.99145299145299;31.99145299145299;32.0;32.0;1;1
580.711;0.0;0.0;89.99752413963853;31.99145299145299;31.99145299145299;32.0;32.0;1;1
580.812;0.0;0.0;89.99752413963853;31.99145299145299;31.99145299145299;32.0;32.0;1;1
580.92;0.0;0.0;89.99752413963853;31.99145299145299;31.99145299145299;32.0;32.0;1;1
581.02;0.0;0.0;89.99752413963853;31.99145299145299;31.99145299145299;32.0;32.0;1;1
581.121;0.0;0.0;89.99752413963853;31.99145299145299;31.99145299145299;32.0;32.0;1;1
581.236;0.0;0.0;89.99752413963853;31.99145299145299;31.99145299145299;32.0;32.0;1;1
581.342;0.0;0.0;89.99752413963853;31.99145299145299;31.99145299145299;32.0;32.0;1;1
581.455;0.0;0.0;89.99752413963853;31.99145299145299;31.99145299145299;32.0;32.0;1;1
581.565;0.0;0.0;89.99752413963853;31.99145299145299;31.99145299145299;32.0;32.0;1;1
581.665;0.0;0.0;89.99752413963853;31.99145299145299;31.99145299145299;32.0;32.0;1;1
581.789;0.0;0.0;89.99752413963853;31.99145299145299;31.99145299145299;32.0;32.0;1;1
581.897;0.0;0.0;89.99752413963853;31.99145299145299;31.99145299145299;32.0;32.0;1;1
582.009;0.0;0.0;89.99752413963853;31.99145299145299;31.99145299145299;32.0;32.0;1;1
582.122;0.0;0.0;89.99752413963853;31.99145299145299;31.99145299145299;32.0;32.0;1;1
582.237;0.0;0.0;89.99752413963853;31.99145299145299;31.99145299145299;32.0;32.0;1;1
582.343;0.0;0.0;89.99752413963853;31.99145299145299;31.99145299145299;32.0;32.0;1;1
582.456;-0.01875;0.0;89.99752413963853;31.99145299145299;31.99145299145299;32.0;32.0;1;1
582.563;-0.4525;0.0;89.99752413963853;31.99145299145299;31.99145299145299;32.0;32.0;1;1
582.664;-0.9625;0.0;89.99752413963853;31.99145299145299;31.99145299145299;32.0;32.0;1;1
582.774;-1.47;0.0;89.99752413963853;31.99145299145299;31.99145299145299;32.0;32.0;1;1
582.889;-1.97375;0.0;89.99752413963853;31.99145299145299;31.99145299145299;32.0;32.0;1;1
582.993;-2.4825;0.0;89.99752413963853;31.99145299145299;31.99145299145299;32.0;32.0;1;1
583.112;-3.25375;0.0;89.99752413963853;31.99145299145299;31.99145299145299;32.0;32.0;1;1
583.214;-3.76875;0.0;89.99752413963853;31.99145299145299;31.99145299145299;32.0;32.0;1;1
583.32;-4.2825;0.0;89.99752413963853;31.99145299145299;31.99145299145299;32.0;32.0;1;1
583.438;-4.7925;0.0;89.99752413963853;31.99145299145299;31.99145299145299;32.0;32.0;1;1
583.55;-5.5625;0.0;89.99752413963853;31.99145299145299;31.99145299145299;32.0;32.0;1;1
583.65;-6.07;0.0;89.99752413963853;31.99145299145299;31.99145299145299;32.0;32.0;1;1
583.761;-6.5825;0.0;89.99752413963853;31.99145299145299;31.99145299145299;32.0;32.0;1;1
583.869;-7.09625;0.0;89.99752413963853;31.99145299145299;31.99145299145299;32.0;32.0;1;1
583.97;-7.6025;0.0;89.99752413963853;31.99145299145299;31.99145299145299;32.0;32.0;1;1
584.072;-8.11;0.0;89.99752413963853;31.99145299145299;31.99145299145299;32.0;32.0;1;1
584.172;-8.61875;0.0;89.99752413963853;31.99145299145299;31.99145299145299;32.0;32.0;1;1
584.273;-9.37375;0.0;89.99752413963853;31.99145299145299;31.99145299145299;32.0;32.0;1;1
584.373;-9.88125;0.0;89.99752413963853;31.99145299145299;31.99145299145299;32.0;32.0;1;1
584.474;-9.99875;0.0;89.99752413963853;31.99145299145299;31.99145299145299;32.0;32.0;1;1
584.577;-10.0;0.0;89.99752413963853;31.99145299145299;31.99145299145299;32.0;32.0;1;1
584.678;-10.0;0.51875;89.99752413963853;31.99145299145299;31.99145299145299;32.0;32.0;1;1
584.779;-10.0;1.0275;89.99752413963853;31.99145299145299;31.99145299145299;32.0;32.0;1;1
584.884;-10.0;1.54;89.99752413963853;31.99145299145299;31.99145299145299;32.0;32.0;1;1
584.987;-10.0;1.79625;89.99752413963853;31.99145299145299;31.99145299145299;32.0;32.0;1;1
585.088;-10.0;2.5625;89.99752413963853;31.99145299145299;31.99145299145299;32.0;32.0;1;1
585.189;-10.0;3.08125;89.99752413963853;31.99145299145299;31.99145299145299;32.0;32.0;1;1
585.3;-10.0;3.34125;89.99752413963853;31.99145299145299;31.99145299145299;32.0;32.0;1;1
585.405;-10.0;4.11375;89.99752413963853;31.99145299145299;31.99145299145299;32.0;32.0;1;1
585.522;-10.0;4.63375;89.99752413963853;31.99145299145299;31.99145299145299;32.0;32.0;1;1
585.634;-10.0;5.1525;89.99752413963853;31.99145299145299;31.99145299145299;32.0;32.0;1;1
585.741;-10.0;5.665;89.99752413963853;31.99145299145299;31.99145299145299;32.0;32.0;1;1
585.842;-10.0;6.1825;89.99752413963853;31.99145299145299;31.99145299145299;32.0;32.0;1;1
585.944;-10.0;6.7;89.99752413963853;31.99145299145299;31.99145299145299;32.0;32.0;1;1
586.06;-10.0;7.2125;89.99752413963853;31.99145299145299;31.99145299145299;32.0;32.0;1;1
586.17;-10.0;7.98875;89.99752413963853;31.99145299145299;31.99145299145299;32.0;32.0;1;1
586.279;-10.0;8.50125;89.99752413963853;31.99145299145299;31.99145299145299;32.0;32.0;1;1
586.393;-10.0;9.01875;89.99752413963853;31.99145299145299;31.99145299145299;32.0;32.0;1;1
586.497;-10.0;9.5375;89.99752413963853;31.99145299145299;31.99145299145299;32.0;32.0;1;1
586.611;-10.0;10.05;89.99752413963853;31.99145299145299;31.99145299145299;32.0;32.0;1;1
586.72;-10.0;10.82375;89.99752413963853;31.99145299145299;31.99145299145299;32.0;32.0;1;1
586.834;-10.0;11.34;89.99752413963853;31.99145299145299;31.99145299145299;32.0;32.0;1;1
586.937;-10.0;11.85125;89.99752413963853;31.99145299145299;31.99145299145299;32.0;32.0;1;1
587.04;-10.0;12.3675;89.99752413963853;31.99145299145299;31.99145299145299;32.0;32.0;1;1
587.149;-10.0;12.88375;89.99752413963853;31.99145299145299;31.99145299145299;32.0;32.0;1;1
587.263;-10.0;13.395;89.99752413963853;31.99145299145299;31.99145299145299;32.0;32.0;1;1
587.37;-10.0;14.16875;89.99752413963853;31.99145299145299;31.99145299145299;32.0;32.0;1;1
587.471;-10.0;14.685;89.99752413963853;31.99145299145299;31.99145299145299;32.0;32.0;1;1
587.598;-10.0;15.20125;89.99752413963853;31.99145299145299;31.99145299145299;32.0;32.0;1;1
587.706;-10.0;15.71875;89.99752413963853;31.99145299145299;31.99145299145299;32.0;32.0;1;1
587.815;-10.0;16.4875;89.99752413963853;31.99145299145299;31.99145299145299;32.0;32.0;1;1
587.918;-10.0;17.00375;89.99752413963853;31.99145299145299;31.99145299145299;32.0;32.0;1;1
588.024;-10.0;17.515;89.99752413963853;31.99145299145299;31.99145299145299;32.0;32.0;1;1
588.139;-10.0;18.0275;89.99752413963853;31.99145299145299;31.99145299145299;32.0;32.0;1;1
588.244;-10.0;18.54125;89.99752413963853;31.99145299145299;31.99145299145299;32.0;32.0;1;1
588.361;-10.0;19.0475;89.99752413963853;31.99145299145299;31.99145299145299;32.0;32.0;1;1
588.468;-10.0;19.82;89.99752413963853;31.99145299145299;31.99145299145299;32.0;32.0;1;1
588.569;-10.0;19.98625;89.99752413963853;31.99145299145299;31.99145299145299;32.0;32.0;1;1
588.672;-10.0;20.0;90.12131715771231;31.99145299145299;31.99145299145299;32.0;32.0;1;1
588.787;-10.0;20.0;90.30700668482298;31.94017094017094;31.99145299145299;32.0;32.0;1;1
588.898;-10.0;20.0;90.55459272097055;31.94017094017094;31.99145299145299;32.0;32.0;1;1
589.009;-10.0;20.0;90.74028224808121;31.94017094017094;31.99145299145299;32.0;32.0;1;1
589.11;-10.0;20.0;90.92597177519188;31.94017094017094;31.99145299145299;32.0;32.0;1;1
589.235;-10.0;20.0;90.98786828422878;31.94017094017094;31.99145299145299;32.0;32.0;1;1
589.341;-10.0;20.0;90.98786828422878;31.94017094017094;31.99145299145299;32.0;32.0;1;1
589.455;-10.0;20.0;90.98786828422878;31.94017094017094;31.99145299145299;32.0;32.0;1;1
589.563;-10.0;20.0;90.98786828422878;31.94017094017094;31.99145299145299;32.0;32.0;1;1
589.664;-10.0;20.0;90.98786828422878;31.94017094017094;31.99145299145299;32.0;32.0;1;1
589.771;-10.0;20.0;90.98786828422878;31.99145299145299;31.99145299145299;32.0;32.0;1;1
589.888;-10.0;20.0;90.98786828422878;31.99145299145299;31.99145299145299;32.0;32.0;1;1
589.994;-10.0;20.0;90.98786828422878;31.99145299145299;31.99145299145299;32.0;32.0;1;1
590.108;-10.0;20.0;90.98786828422878;31.99145299145299;31.99145299145299;32.0;32.0;1;1
590.216;-10.0;20.0;90.98786828422878;31.99145299145299;31.99145299145299;32.0;32.0;1;1
590.332;-10.0;20.0;90.98786828422878;31.99145299145299;31.99145299145299;32.0;32.0;1;1
590.443;-10.0;20.0;90.98786828422878;31.99145299145299;31.99145299145299;32.0;32.0;1;1
590.551;-10.0;20.0;90.98786828422878;31.99145299145299;31.99145299145299;32.0;32.0;1;1
590.669;-10.0;20.0;90.98786828422878;31.99145299145299;31.99145299145299;32.0;32.0;1;1
590.775;-10.0;20.0;90.98786828422878;31.99145299145299;31.99145299145299;32.0;32.0;1;1
590.889;-10.0;20.0;90.98786828422878;31.99145299145299;31.99145299145299;32.0;32.0;1;1
590.994;-10.0;20.0;90.98786828422878;31.99145299145299;31.99145299145299;32.0;32.0;1;1
591.097;-10.0;20.0;90.98786828422878;31.99145299145299;31.99145299145299;32.0;32.0;1;1
591.201;-10.0;20.0;90.98786828422878;31.99145299145299;31.99145299145299;32.0;32.0;1;1
591.301;-10.0;20.0;90.98786828422878;31.99145299145299;31.99145299145299;32.0;32.0;1;1
591.402;-10.0;20.0;90.98786828422878;31.99145299145299;31.99145299145299;32.0;32.0;1;1
591.502;-10.0;20.0;90.98786828422878;31.99145299145299;31.99145299145299;32.0;32.0;1;1
591.602;-10.0;20.0;90.98786828422878;31.99145299145299;31.99145299145299;32.0;32.0;1;1
591.703;-10.0;20.0;90.98786828422878;31.99145299145299;31.99145299145299;32.0;32.0;1;1
591.806;-10.0;20.0;90.98786828422878;31.99145299145299;31.99145299145299;32.0;32.0;1;1
591.912;-10.0;20.0;90.98786828422878;31.99145299145299;31.99145299145299;32.0;32.0;1;1
592.021;-10.0;20.0;90.98786828422878;31.99145299145299;31.99145299145299;32.0;32.0;1;1
592.126;-10.0;20.0;90.98786828422878;31.99145299145299;31.99145299145299;32.0;32.0;1;1
592.234;-10.0;20.0;90.98786828422878;31.99145299145299;31.99145299145299;32.0;32.0;1;1
592.339;-10.0;20.0;90.98786828422878;31.99145299145299;31.99145299145299;32.0;32.0;1;1
592.445;-10.0;20.0;90.98786828422878;31.99145299145299;31.99145299145299;32.0;32.0;1;1
592.547;-10.0;20.0;90.98786828422878;31.99145299145299;31.99145299145299;32.0;32.0;1;1
592.65;-10.0;20.0;90.98786828422878;31.99145299145299;31.99145299145299;32.0;32.0;1;1
592.763;-10.0;20.0;90.98786828422878;31.99145299145299;31.99145299145299;32.0;32.0;1;1
592.867;-10.0;20.0;90.98786828422878;31.99145299145299;31.99145299145299;32.0;32.0;1;1
592.987;-10.0;20.0;90.98786828422878;31.99145299145299;31.99145299145299;32.0;32.0;1;1
593.092;-10.0;20.0;90.98786828422878;31.99145299145299;31.99145299145299;32.0;32.0;1;1
593.206;-10.0;20.0;90.98786828422878;31.99145299145299;31.99145299145299;32.0;32.0;1;1
593.314;-10.0;20.0;90.98786828422878;31.99145299145299;31.99145299145299;32.0;32.0;1;1
593.433;-10.0;20.0;90.98786828422878;31.99145299145299;31.99145299145299;32.0;32.0;1;1
593.539;-9.855;20.0;90.98786828422878;31.99145299145299;31.99145299145299;32.0;32.0;1;1
593.653;-9.34125;20.0;90.98786828422878;31.99145299145299;31.99145299145299;32.0;32.0;1;1
593.763;-8.83125;20.0;90.98786828422878;31.99145299145299;31.99145299145299;32.0;32.0;1;1
593.871;-8.32625;20.0;90.98786828422878;31.99145299145299;31.99145299145299;32.0;32.0;1;1
593.986;-7.56;20.0;90.98786828422878;31.99145299145299;31.99145299145299;32.0;32.0;1;1
594.097;-7.05;20.0;90.98786828422878;31.99145299145299;31.99145299145299;32.0;32.0;1;1
594.207;-6.545;20.0;90.98786828422878;31.99145299145299;31.99145299145299;32.0;32.0;1;1
594.321;-6.03625;20.0;90.98786828422878;31.99145299145299;31.99145299145299;32.0;32.0;1;1
594.422;-5.275;20.0;90.98786828422878;31.99145299145299;31.99145299145299;32.0;32.0;1;1
594.523;-5.0525;20.0;90.98786828422878;31.99145299145299;31.99145299145299;32.0;32.0;1;1
594.632;-5.0;20.0;90.98786828422878;31.99145299145299;31.99145299145299;32.0;32.0;1;1
594.75;-5.0;20.0;90.98786828422878;31.99145299145299;31.99145299145299;32.0;32.0;1;1
594.861;-5.0;20.0;90.98786828422878;31.99145299145299;31.99145299145299;32.0;32.0;1;1
594.966;-5.0;20.0;90.98786828422878;31.99145299145299;31.99145299145299;32.0;32.0;1;1
595.081;-5.0;20.0;90.98786828422878;31.99145299145299;31.99145299145299;32.0;32.0;1;1
595.189;-5.0;20.0;90.98786828422878;31.99145299145299;31.99145299145299;32.0;32.0;1;1
595.291;-5.0;20.0;90.98786828422878;31.99145299145299;31.99145299145299;32.0;32.0;1;1
595.395;-5.0;20.0;90.98786828422878;31.99145299145299;31.99145299145299;32.0;32.0;1;1
595.507;-5.0;20.0;90.98786828422878;31.99145299145299;31.99145299145299;32.0;32.0;1;1
595.618;-5.0;20.0;90.98786828422878;31.99145299145299;31.99145299145299;32.0;32.0;1;1
595.73;-5.0;20.0;90.98786828422878;31.99145299145299;31.99145299145299;32.0;32.0;1;1
595.84;-5.0;20.0;90.98786828422878;31.99145299145299;31.99145299145299;32.0;32.0;1;1
595.954;-5.0;20.0;90.98786828422878;31.99145299145299;31.99145299145299;32.0;32.0;1;1
596.062;-5.0;20.0;90.98786828422878;31.99145299145299;31.99145299145299;32.0;32.0;1;1
596.175;-5.0;20.0;90.98786828422878;31.99145299145299;31.99145299145299;32.0;32.0;1;1
596.276;-5.0;20.0;90.98786828422878;31.99145299145299;31.99145299145299;32.0;32.0;1;1
596.38;-5.0;20.0;90.98786828422878;31.99145299145299;31.99145299145299;32.0;32.0;1;1
596.493;-5.0;20.0;90.98786828422878;31.99145299145299;31.99145299145299;32.0;32.0;1;1
596.605;-5.0;20.0;90.98786828422878;31.99145299145299;31.99145299145299;32.0;32.0;1;1
596.713;-5.0;20.0;90.98786828422878;31.99145299145299;31.99145299145299;32.0;32.0;1;1
596.832;-5.07;20.0;90.98786828422878;31.99145299145299;31.94017094017094;32.0;32.0;1;1
596.937;-5.5625;20.0;90.98786828422878;31.99145299145299;31.94017094017094;32.0;32.0;1;1
597.049;-6.32;20.0;90.98786828422878;31.99145299145299;31.94017094017094;32.0;32.0;1;1
597.161;-6.82875;20.0;90.98786828422878;31.99145299145299;31.94017094017094;32.0;32.0;1;1
597.269;-7.3375;20.0;90.98786828422878;31.99145299145299;31.94017094017094;32.0;32.0;1;1
597.369;-8.095;20.0;90.98786828422878;31.99145299145299;31.94017094017094;32.0;32.0;1;1
597.478;-8.34875;20.0;90.98786828422878;31.99145299145299;31.94017094017094;32.0;32.0;1;1
597.589;-8.85625;20.0;90.98786828422878;31.99145299145299;31.94017094017094;32.0;32.0;1;1
597.695;-9.61875;20.0;90.98786828422878;31.99145299145299;31.94017094017094;32.0;32.0;1;1
597.807;-9.99875;20.0;90.98786828422878;31.99145299145299;32.05128205128205;32.0;32.0;1;1
597.917;-10.0;20.0;90.98786828422878;31.99145299145299;32.05128205128205;32.0;32.0;1;1
598.019;-10.0;20.0;90.98786828422878;31.99145299145299;32.05128205128205;32.0;32.0;1;1
598.131;-10.0;20.0;90.98786828422878;31.99145299145299;32.05128205128205;32.0;32.0;1;1
598.252;-10.0;20.0;90.98786828422878;31.99145299145299;32.05128205128205;32.0;32.0;1;1
598.354;-10.0;20.0;90.98786828422878;31.99145299145299;32.05128205128205;32.0;32.0;1;1
598.46;-10.0;20.0;90.98786828422878;31.99145299145299;32.05128205128205;32.0;32.0;1;1
598.571;-10.0;20.0;90.98786828422878;31.99145299145299;32.05128205128205;32.0;32.0;1;1
598.683;-10.0;20.0;90.98786828422878;31.99145299145299;32.05128205128205;32.0;32.0;1;1
598.794;-10.0;20.0;90.98786828422878;31.99145299145299;31.99145299145299;32.0;32.0;1;1
598.904;-10.0;20.0;90.98786828422878;31.99145299145299;31.99145299145299;32.0;32.0;1;1
599.004;-10.0;20.0;90.98786828422878;31.99145299145299;31.99145299145299;32.0;32.0;1;1
599.105;-10.0;20.0;90.98786828422878;31.99145299145299;31.99145299145299;32.0;32.0;1;1
599.205;-10.0;20.0;90.98786828422878;31.99145299145299;31.99145299145299;32.0;32.0;1;1
599.306;-10.0;20.0;90.98786828422878;31.99145299145299;31.99145299145299;32.0;32.0;1;1
599.406;-10.0;20.0;90.98786828422878;31.99145299145299;31.99145299145299;32.0;32.0;1;1
599.507;-10.0;20.0;90.98786828422878;31.99145299145299;31.99145299145299;32.0;32.0;1;1
599.607;-10.0;20.0;90.98786828422878;31.99145299145299;31.99145299145299;32.0;32.0;1;1
599.708;-10.0;20.0;90.98786828422878;31.99145299145299;31.99145299145299;32.0;32.0;1;1
599.813;-10.0;20.0;90.98786828422878;31.99145299145299;31.99145299145299;32.0;32.0;1;1
599.915;-10.0;20.0;90.98786828422878;31.99145299145299;31.99145299145299;32.0;32.0;1;1
600.015;-10.0;20.0;90.98786828422878;31.99145299145299;31.99145299145299;32.0;32.0;1;1
600.117;-10.0;20.0;90.98786828422878;31.99145299145299;31.99145299145299;32.0;32.0;1;1
600.218;-10.0;20.0;90.98786828422878;31.99145299145299;31.99145299145299;32.0;32.0;1;1
600.331;-10.0;20.0;90.98786828422878;31.99145299145299;31.99145299145299;32.0;32.0;1;1
600.442;-10.0;20.0;90.98786828422878;31.99145299145299;31.99145299145299;32.0;32.0;1;1
600.542;-10.0;20.0;90.98786828422878;31.99145299145299;31.99145299145299;32.0;32.0;1;1
600.649;-10.0;20.0;90.98786828422878;31.99145299145299;31.99145299145299;32.0;32.0;1;1
600.766;-10.0;20.0;90.98786828422878;31.99145299145299;31.99145299145299;32.0;32.0;1;1
600.87;-10.0;20.0;90.98786828422878;31.99145299145299;31.99145299145299;32.0;32.0;1;1
600.987;-10.0;20.0;90.98786828422878;31.99145299145299;31.99145299145299;32.0;32.0;1;1
601.09;-10.0;20.0;90.98786828422878;31.99145299145299;31.99145299145299;32.0;32.0;1;1
601.205;-10.0;20.0;90.98786828422878;31.99145299145299;31.99145299145299;32.0;32.0;1;1
601.311;-10.0;20.0;90.98786828422878;31.99145299145299;31.99145299145299;32.0;32.0;1;1
601.424;-10.0;20.0;90.98786828422878;31.99145299145299;31.99145299145299;32.0;32.0;1;1
601.533;-10.0;20.0;90.98786828422878;31.99145299145299;31.99145299145299;32.0;32.0;1;1
601.644;-10.0;20.0;90.98786828422878;31.99145299145299;31.99145299145299;32.0;32.0;1;1
601.757;-10.0;20.0;90.98786828422878;31.99145299145299;31.99145299145299;32.0;32.0;1;1
601.868;-10.0;20.0;90.98786828422878;31.99145299145299;31.99145299145299;32.0;32.0;1;1
601.981;-10.0;20.0;90.98786828422878;31.99145299145299;31.99145299145299;32.0;32.0;1;1
602.089;-10.0;20.0;90.98786828422878;31.99145299145299;31.99145299145299;32.0;32.0;1;1
602.195;-10.0;20.0;90.98786828422878;31.99145299145299;31.99145299145299;32.0;32.0;1;1
602.307;-10.0;20.0;90.98786828422878;31.99145299145299;31.99145299145299;32.0;32.0;1;1
602.414;-10.0;20.0;90.98786828422878;31.99145299145299;31.99145299145299;32.0;32.0;1;1
602.52;-10.0;20.0;90.98786828422878;31.99145299145299;31.99145299145299;32.0;32.0;1;1
602.631;-10.0;20.0;90.98786828422878;31.99145299145299;31.99145299145299;32.0;32.0;1;1
602.733;-10.0;20.0;90.98786828422878;31.99145299145299;31.99145299145299;32.0;32.0;1;1
602.838;-10.0;20.0;90.98786828422878;31.99145299145299;31.99145299145299;32.0;32.0;1;1
602.938;-10.0;20.0;90.98786828422878;31.99145299145299;31.99145299145299;32.0;32.0;1;1
603.049;-10.0;20.0;90.98786828422878;31.99145299145299;31.99145299145299;32.0;32.0;1;1
603.149;-10.0;20.0;90.98786828422878;31.99145299145299;31.99145299145299;32.0;32.0;1;1
603.249;-10.0;20.0;90.98786828422878;31.99145299145299;31.99145299145299;32.0;32.0;1;1
603.35;-10.0;20.0;90.98786828422878;31.99145299145299;31.99145299145299;32.0;32.0;1;1
603.45;-10.0;20.0;90.98786828422878;31.99145299145299;31.99145299145299;32.0;32.0;1;1
603.552;-10.0;20.0;90.98786828422878;31.99145299145299;31.99145299145299;32.0;32.0;1;1
603.653;-10.0;20.0;90.98786828422878;31.99145299145299;31.99145299145299;32.0;32.0;1;1
603.757;-10.0;20.0;90.98786828422878;31.99145299145299;31.99145299145299;32.0;32.0;1;1
603.86;-10.0;20.0;90.98786828422878;31.99145299145299;31.99145299145299;32.0;32.0;1;1
603.964;-10.0;20.0;90.98786828422878;31.99145299145299;31.99145299145299;32.0;32.0;1;1
604.066;-10.0;20.0;90.98786828422878;31.99145299145299;31.99145299145299;32.0;32.0;1;1
604.172;-10.0;20.0;90.98786828422878;31.99145299145299;31.99145299145299;32.0;32.0;1;1
604.281;-10.0;20.0;90.98786828422878;31.99145299145299;31.99145299145299;32.0;32.0;1;1
604.393;-10.0;20.0;90.98786828422878;31.99145299145299;31.99145299145299;32.0;32.0;1;1
604.499;-10.0;20.0;90.98786828422878;31.99145299145299;31.99145299145299;32.0;32.0;1;1
604.613;-10.0;20.0;90.98786828422878;31.99145299145299;31.99145299145299;32.0;32.0;1;1
604.72;-10.0;20.0;90.98786828422878;31.99145299145299;31.99145299145299;32.0;32.0;1;1
604.832;-10.0;20.0;90.98786828422878;31.99145299145299;31.99145299145299;32.0;32.0;1;1
604.944;-10.0;20.0;90.98786828422878;31.99145299145299;31.99145299145299;32.0;32.0;1;1
605.046;-10.0;20.0;90.98786828422878;31.99145299145299;31.99145299145299;32.0;32.0;1;1
605.152;-10.0;20.0;90.98786828422878;31.99145299145299;31.99145299145299;32.0;32.0;1;1
605.253;-10.0;20.0;90.98786828422878;31.99145299145299;31.99145299145299;32.0;32.0;1;1
605.353;-10.0;20.0;90.98786828422878;31.99145299145299;31.99145299145299;32.0;32.0;1;1
605.454;-10.0;20.0;90.98786828422878;31.99145299145299;31.99145299145299;32.0;32.0;1;1
605.555;-10.0;20.0;90.98786828422878;31.99145299145299;31.99145299145299;32.0;32.0;1;1
605.655;-10.0;20.0;90.98786828422878;31.99145299145299;31.99145299145299;32.0;32.0;1;1
605.755;-10.0;20.0;90.98786828422878;31.99145299145299;31.99145299145299;32.0;32.0;1;1
605.859;-10.0;20.0;90.98786828422878;31.99145299145299;31.99145299145299;32.0;32.0;1;1
605.964;-10.0;20.0;90.98786828422878;31.99145299145299;31.99145299145299;32.0;32.0;1;1
606.065;-10.0;20.0;90.98786828422878;31.99145299145299;31.99145299145299;32.0;32.0;1;1
606.165;-10.0;20.0;90.98786828422878;31.99145299145299;31.99145299145299;32.0;32.0;1;1
606.269;-10.0;20.0;90.98786828422878;31.99145299145299;31.99145299145299;32.0;32.0;1;1
606.374;-10.0;20.0;90.98786828422878;31.99145299145299;31.99145299145299;32.0;32.0;1;1
606.487;-10.0;20.0;90.98786828422878;31.99145299145299;31.99145299145299;32.0;32.0;1;1
606.594;-10.0;20.0;90.98786828422878;31.99145299145299;31.99145299145299;32.0;32.0;1;1
606.695;-10.0;20.0;90.98786828422878;31.99145299145299;31.99145299145299;32.0;32.0;1;1
606.803;-10.0;20.0;90.98786828422878;31.99145299145299;31.99145299145299;32.0;32.0;1;1
606.914;-10.0;20.0;90.98786828422878;31.94017094017094;31.99145299145299;32.0;32.0;1;1
607.025;-10.0;20.0;90.98786828422878;31.94017094017094;31.99145299145299;32.0;32.0;1;1
607.133;-10.0;20.0;90.98786828422878;31.94017094017094;31.99145299145299;32.0;32.0;1;1
607.256;-10.0;20.0;90.98786828422878;31.94017094017094;31.99145299145299;32.0;32.0;1;1
607.362;-10.0;20.0;90.98786828422878;31.94017094017094;31.99145299145299;32.0;32.0;1;1
607.472;-10.0;20.0;90.98786828422878;31.94017094017094;31.99145299145299;32.0;32.0;1;1
607.585;-10.0;20.0;90.98786828422878;31.94017094017094;31.99145299145299;32.0;32.0;1;1
607.694;-10.0;20.0;90.98786828422878;31.94017094017094;31.99145299145299;32.0;32.0;1;1
607.805;-10.0;20.0;90.98786828422878;31.94017094017094;31.99145299145299;32.0;32.0;1;1
607.92;-10.0;20.0;90.98786828422878;31.99145299145299;31.99145299145299;32.0;32.0;1;1
608.029;-10.0;20.0;90.98786828422878;31.99145299145299;31.99145299145299;32.0;32.0;1;1
608.14;-10.0;20.0;90.98786828422878;31.99145299145299;31.99145299145299;32.0;32.0;1;1
608.251;-10.0;20.0;90.98786828422878;31.99145299145299;31.99145299145299;32.0;32.0;1;1
608.363;-10.0;20.0;90.98786828422878;31.99145299145299;31.99145299145299;32.0;32.0;1;1
608.464;-10.0;20.0;90.98786828422878;31.99145299145299;31.99145299145299;32.0;32.0;1;1
608.568;-10.0;20.0;90.98786828422878;31.99145299145299;31.99145299145299;32.0;32.0;1;1
608.682;-10.0;20.0;90.98786828422878;31.99145299145299;31.99145299145299;32.0;32.0;1;1
608.782;-10.0;20.0;90.98786828422878;31.99145299145299;31.99145299145299;32.0;32.0;1;1
608.902;-10.0;20.0;90.98786828422878;31.99145299145299;31.99145299145299;32.0;32.0;1;1
609.018;-10.0;20.0;90.98786828422878;31.99145299145299;31.99145299145299;32.0;32.0;1;1
609.123;-10.0;20.0;90.98786828422878;31.99145299145299;31.99145299145299;32.0;32.0;1;1
609.236;-10.0;20.0;90.98786828422878;31.99145299145299;31.99145299145299;32.0;32.0;1;1
609.337;-10.0;20.0;90.98786828422878;31.99145299145299;31.99145299145299;32.0;32.0;1;1
609.444;-10.0;20.0;90.98786828422878;31.99145299145299;31.99145299145299;32.0;32.0;1;1
609.545;-10.0;20.0;90.98786828422878;31.99145299145299;31.99145299145299;32.0;32.0;1;1
609.651;-10.0;20.0;90.98786828422878;31.99145299145299;31.99145299145299;32.0;32.0;1;1
609.751;-10.0;20.0;90.98786828422878;31.99145299145299;31.99145299145299;32.0;32.0;1;1
609.852;-10.0;20.0;90.98786828422878;31.99145299145299;31.99145299145299;32.0;32.0;1;1
609.952;-10.0;20.0;90.98786828422878;31.99145299145299;31.99145299145299;32.0;32.0;1;1
610.053;-10.0;20.0;90.98786828422878;31.99145299145299;31.99145299145299;32.0;32.0;1;1
610.154;-10.0;20.0;90.98786828422878;31.99145299145299;31.99145299145299;32.0;32.0;1;1
610.254;-10.0;20.0;90.98786828422878;31.99145299145299;31.99145299145299;32.0;32.0;1;1
610.355;-10.0;20.0;90.98786828422878;31.99145299145299;31.99145299145299;32.0;32.0;1;1
610.457;-10.0;20.0;90.98786828422878;31.99145299145299;31.99145299145299;32.0;32.0;1;1
610.56;-10.0;20.0;90.98786828422878;31.99145299145299;31.99145299145299;32.0;32.0;1;1
610.669;-10.0;20.0;90.98786828422878;31.99145299145299;31.99145299145299;32.0;32.0;1;1
610.771;-10.0;20.0;90.98786828422878;31.99145299145299;31.99145299145299;32.0;32.0;1;1
610.871;-10.0;20.0;90.98786828422878;31.99145299145299;31.99145299145299;32.0;32.0;1;1
610.992;-10.0;20.0;90.98786828422878;31.99145299145299;31.99145299145299;32.0;32.0;1;1
611.101;-10.0;20.0;90.98786828422878;31.99145299145299;31.99145299145299;32.0;32.0;1;1
611.203;-10.0;20.0;90.98786828422878;31.99145299145299;31.99145299145299;32.0;32.0;1;1
611.306;-10.0;20.0;90.98786828422878;31.99145299145299;31.99145299145299;32.0;32.0;1;1
611.421;-10.0;20.0;90.98786828422878;31.99145299145299;31.99145299145299;32.0;32.0;1;1
611.527;-10.0;20.0;90.98786828422878;31.99145299145299;31.99145299145299;32.0;32.0;1;1
611.641;-10.0;20.0;90.98786828422878;31.99145299145299;31.99145299145299;32.0;32.0;1;1
611.749;-10.0;20.0;90.98786828422878;31.99145299145299;31.99145299145299;32.0;32.0;1;1
611.862;-10.0;20.0;90.98786828422878;31.99145299145299;31.99145299145299;32.0;32.0;1;1
611.966;-10.0;20.0;90.98786828422878;31.99145299145299;31.99145299145299;32.0;32.0;1;1
612.068;-10.0;20.0;90.98786828422878;31.99145299145299;31.99145299145299;32.0;32.0;1;1
612.169;-10.0;20.0;90.98786828422878;31.99145299145299;31.99145299145299;32.0;32.0;1;1
612.279;-10.0;20.0;90.98786828422878;31.99145299145299;31.99145299145299;32.0;32.0;1;1
612.402;-10.0;20.0;90.98786828422878;31.99145299145299;31.99145299145299;32.0;32.0;1;1
612.505;-10.0;20.0;90.98786828422878;31.99145299145299;31.99145299145299;32.0;32.0;1;1
612.606;-10.0;20.0;90.98786828422878;31.99145299145299;31.99145299145299;32.0;32.0;1;1
612.707;-10.0;20.0;90.98786828422878;31.99145299145299;31.99145299145299;32.0;32.0;1;1
612.813;-10.0;20.0;90.98786828422878;31.99145299145299;31.99145299145299;32.0;32.0;1;1
612.914;-10.0;20.0;90.98786828422878;31.99145299145299;31.99145299145299;32.0;32.0;1;1
613.014;-10.0;20.0;90.98786828422878;31.99145299145299;31.99145299145299;32.0;32.0;1;1
613.115;-10.0;20.0;90.98786828422878;31.99145299145299;31.99145299145299;32.0;32.0;1;1
613.215;-10.0;20.0;90.98786828422878;31.99145299145299;31.99145299145299;32.0;32.0;1;1
613.321;-10.0;20.0;90.98786828422878;31.99145299145299;31.99145299145299;32.0;32.0;1;1
613.426;-10.0;20.0;90.98786828422878;31.99145299145299;31.99145299145299;32.0;32.0;1;1
613.527;-10.0;20.0;90.98786828422878;31.99145299145299;31.99145299145299;32.0;32.0;1;1
613.63;-10.0;20.0;90.98786828422878;31.99145299145299;31.99145299145299;32.0;32.0;1;1
613.736;-10.0;20.0;90.98786828422878;31.99145299145299;31.99145299145299;32.0;32.0;1;1
613.837;-10.0;20.0;90.98786828422878;31.99145299145299;31.99145299145299;32.0;32.0;1;1
613.941;-10.0;20.0;90.98786828422878;31.99145299145299;31.99145299145299;32.0;32.0;1;1
614.054;-10.0;20.0;90.98786828422878;31.99145299145299;31.99145299145299;32.0;32.0;1;1
614.171;-10.0;20.0;90.98786828422878;31.99145299145299;31.99145299145299;32.0;32.0;1;1
614.278;-10.0;20.0;90.98786828422878;31.99145299145299;31.99145299145299;32.0;32.0;1;1
614.391;-10.0;20.0;90.98786828422878;31.99145299145299;31.99145299145299;32.0;32.0;1;1
614.499;-10.0;20.0;90.98786828422878;31.99145299145299;31.99145299145299;32.0;32.0;1;1
614.601;-10.0;20.0;90.98786828422878;31.99145299145299;31.99145299145299;32.0;32.0;1;1
614.709;-10.0;20.0;90.98786828422878;31.99145299145299;31.99145299145299;32.0;32.0;1;1
614.82;-10.0;20.0;90.98786828422878;31.99145299145299;31.99145299145299;32.0;32.0;1;1
614.931;-10.0;20.0;90.98786828422878;31.99145299145299;31.99145299145299;32.0;32.0;1;1
615.036;-10.0;20.0;90.98786828422878;31.99145299145299;31.99145299145299;32.0;32.0;1;1
615.139;-10.0;20.0;90.98786828422878;31.99145299145299;31.99145299145299;32.0;32.0;1;1
615.245;-10.0;20.0;90.98786828422878;31.99145299145299;31.99145299145299;32.0;32.0;1;1
615.346;-10.0;20.0;90.98786828422878;31.99145299145299;31.99145299145299;32.0;32.0;1;1
615.447;-10.0;20.0;90.98786828422878;31.99145299145299;31.99145299145299;32.0;32.0;1;1
615.548;-10.0;20.0;90.98786828422878;31.99145299145299;31.99145299145299;32.0;32.0;1;1
615.648;-10.0;20.0;90.98786828422878;31.99145299145299;31.99145299145299;32.0;32.0;1;1
615.749;-10.0;20.0;90.98786828422878;31.99145299145299;31.99145299145299;32.0;32.0;1;1
615.85;-10.0;20.0;90.98786828422878;31.99145299145299;31.99145299145299;32.0;32.0;1;1
615.952;-10.0;20.0;90.98786828422878;31.99145299145299;31.99145299145299;32.0;32.0;1;1
616.053;-10.0;20.0;90.98786828422878;31.99145299145299;31.99145299145299;32.0;32.0;1;1
616.154;-10.0;20.0;90.98786828422878;31.99145299145299;31.99145299145299;32.0;32.0;1;1
616.265;-10.0;20.0;90.98786828422878;31.99145299145299;31.99145299145299;32.0;32.0;1;1
616.365;-10.0;20.0;90.98786828422878;31.99145299145299;31.99145299145299;32.0;32.0;1;1
616.467;-10.0;20.0;90.98786828422878;31.99145299145299;31.99145299145299;32.0;32.0;1;1
616.58;-10.0;20.0;90.98786828422878;31.99145299145299;31.99145299145299;32.0;32.0;1;1
616.69;-10.0;20.0;90.98786828422878;31.99145299145299;31.99145299145299;32.0;32.0;1;1
616.791;-10.0;20.0;90.98786828422878;31.99145299145299;31.99145299145299;32.0;32.0;1;1
616.896;-10.0;20.0;90.98786828422878;31.99145299145299;31.99145299145299;32.0;32.0;1;1
617.009;-10.0;20.0;90.98786828422878;31.99145299145299;31.99145299145299;32.0;32.0;1;1
617.119;-10.0;20.0;90.98786828422878;31.99145299145299;31.99145299145299;32.0;32.0;1;1
617.219;-10.0;20.0;90.98786828422878;31.99145299145299;31.99145299145299;32.0;32.0;1;1
617.34;-10.0;20.0;90.98786828422878;31.99145299145299;31.99145299145299;32.0;32.0;1;1
617.451;-10.0;20.0;90.98786828422878;31.99145299145299;31.99145299145299;32.0;32.0;1;1
617.559;-10.0;20.0;90.98786828422878;31.99145299145299;31.99145299145299;32.0;32.0;1;1
617.675;-10.0;20.0;90.98786828422878;31.99145299145299;31.99145299145299;32.0;32.0;1;1
617.784;-10.0;20.0;90.98786828422878;31.99145299145299;31.99145299145299;32.0;32.0;1;1
617.895;-10.0;20.0;90.98786828422878;31.99145299145299;31.99145299145299;32.0;32.0;1;1
618.008;-10.0;20.0;90.98786828422878;31.99145299145299;31.99145299145299;32.0;32.0;1;1
618.12;-10.0;20.0;90.98786828422878;31.99145299145299;31.99145299145299;32.0;32.0;1;1
618.233;-10.0;20.0;90.98786828422878;31.99145299145299;31.99145299145299;32.0;32.0;1;1
618.339;-10.0;20.0;90.98786828422878;31.99145299145299;31.99145299145299;32.0;32.0;1;1
618.454;-10.0;20.0;90.98786828422878;31.99145299145299;31.99145299145299;32.0;32.0;1;1
618.561;-10.0;20.0;90.98786828422878;31.99145299145299;31.99145299145299;32.0;32.0;1;1
618.669;-10.0;20.0;90.98786828422878;31.99145299145299;31.99145299145299;32.0;32.0;1;1
618.77;-10.0;20.0;90.98786828422878;31.99145299145299;31.99145299145299;32.0;32.0;1;1
618.878;-10.0;20.0;90.98786828422878;31.99145299145299;31.99145299145299;32.0;32.0;1;1
618.991;-10.0;20.0;90.98786828422878;31.99145299145299;31.99145299145299;32.0;32.0;1;1
619.099;-10.0;20.0;90.98786828422878;31.99145299145299;31.99145299145299;32.0;32.0;1;1
619.21;-10.0;20.0;90.98786828422878;31.99145299145299;31.99145299145299;32.0;32.0;1;1
619.322;-10.0;20.0;90.98786828422878;31.99145299145299;31.99145299145299;32.0;32.0;1;1
619.441;-10.0;20.0;90.98786828422878;31.99145299145299;31.99145299145299;32.0;32.0;1;1
619.543;-10.0;20.0;90.98786828422878;31.99145299145299;31.99145299145299;32.0;32.0;1;1
619.654;-10.0;20.0;90.98786828422878;31.99145299145299;31.99145299145299;32.0;32.0;1;1
619.768;-10.0;20.0;90.98786828422878;31.99145299145299;31.99145299145299;32.0;32.0;1;1
619.877;-10.0;20.0;90.98786828422878;31.99145299145299;31.99145299145299;32.0;32.0;1;1
619.979;-10.0;20.0;90.98786828422878;31.99145299145299;31.99145299145299;32.0;32.0;1;1
620.087;-10.0;20.0;90.98786828422878;31.99145299145299;31.99145299145299;32.0;32.0;1;1
620.196;-10.0;20.0;90.98786828422878;31.99145299145299;31.99145299145299;32.0;32.0;1;1
620.325;-10.0;20.0;90.98786828422878;31.99145299145299;31.99145299145299;32.0;32.0;1;1
620.435;-10.0;20.0;90.98786828422878;31.99145299145299;31.99145299145299;32.0;32.0;1;1
620.551;-10.0;20.0;90.98786828422878;31.99145299145299;31.99145299145299;32.0;32.0;1;1
620.656;-10.0;20.0;90.98786828422878;31.99145299145299;31.99145299145299;32.0;32.0;1;1
620.774;-10.0;20.0;90.98786828422878;31.99145299145299;31.99145299145299;32.0;32.0;1;1
620.885;-10.0;20.0;90.98786828422878;31.99145299145299;31.99145299145299;32.0;32.0;1;1
620.994;-10.0;20.0;90.98786828422878;31.99145299145299;31.99145299145299;32.0;32.0;1;1
621.106;-10.0;20.0;90.98786828422878;31.99145299145299;31.99145299145299;32.0;32.0;1;1
621.208;-10.0;20.0;90.98786828422878;31.99145299145299;31.99145299145299;32.0;32.0;1;1
621.31;-10.0;20.0;90.98786828422878;31.99145299145299;31.99145299145299;32.0;32.0;1;1
621.423;-10.0;20.0;90.98786828422878;31.99145299145299;31.99145299145299;32.0;32.0;1;1
621.531;-10.0;20.0;90.98786828422878;31.99145299145299;31.99145299145299;32.0;32.0;1;1
621.644;-10.0;20.0;90.98786828422878;31.99145299145299;31.99145299145299;32.0;32.0;1;1
621.753;-10.0;20.0;90.98786828422878;31.99145299145299;31.99145299145299;32.0;32.0;1;1
621.867;-10.0;20.0;90.98786828422878;31.99145299145299;31.99145299145299;32.0;32.0;1;1
621.978;-10.0;20.0;90.98786828422878;31.99145299145299;31.99145299145299;32.0;32.0;1;1
622.085;-10.0;20.0;90.98786828422878;31.99145299145299;31.99145299145299;32.0;32.0;1;1
622.186;-10.0;20.0;90.98786828422878;31.99145299145299;31.99145299145299;32.0;32.0;1;1
622.298;-10.0;20.0;90.98786828422878;31.99145299145299;31.99145299145299;32.0;32.0;1;1
622.405;-10.0;20.0;90.98786828422878;31.99145299145299;31.99145299145299;32.0;32.0;1;1
622.513;-10.0;20.0;90.98786828422878;31.99145299145299;31.99145299145299;32.0;32.0;1;1
622.613;-10.0;20.0;90.98786828422878;31.99145299145299;31.99145299145299;32.0;32.0;1;1
622.721;-10.0;20.0;90.98786828422878;31.99145299145299;31.99145299145299;32.0;32.0;1;1
622.821;-10.0;20.0;90.98786828422878;31.99145299145299;31.99145299145299;32.0;32.0;1;1
622.921;-10.0;20.0;90.98786828422878;31.99145299145299;31.99145299145299;32.0;32.0;1;1
623.022;-10.0;20.0;90.98786828422878;31.99145299145299;31.99145299145299;32.0;32.0;1;1
623.122;-10.0;20.0;90.98786828422878;31.99145299145299;31.99145299145299;32.0;32.0;1;1
623.223;-10.0;20.0;90.98786828422878;31.99145299145299;31.99145299145299;32.0;32.0;1;1
623.329;-10.0;20.0;90.98786828422878;31.99145299145299;31.99145299145299;32.0;32.0;1;1
623.431;-10.0;20.0;90.98786828422878;31.99145299145299;31.99145299145299;32.0;32.0;1;1
623.535;-10.0;20.0;90.98786828422878;31.99145299145299;31.99145299145299;32.0;32.0;1;1
623.641;-10.0;20.0;90.98786828422878;31.99145299145299;31.99145299145299;32.0;32.0;1;1
623.743;-10.0;20.0;90.98786828422878;31.99145299145299;31.99145299145299;32.0;32.0;1;1
623.845;-10.0;20.0;90.98786828422878;31.99145299145299;31.99145299145299;32.0;32.0;1;1
623.956;-10.0;20.0;90.98786828422878;31.99145299145299;31.99145299145299;32.0;32.0;1;1
624.056;-10.0;20.0;90.98786828422878;31.99145299145299;31.99145299145299;32.0;32.0;1;1
624.162;-10.0;20.0;90.98786828422878;31.99145299145299;31.99145299145299;32.0;32.0;1;1
624.263;-10.0;20.0;90.98786828422878;31.99145299145299;31.99145299145299;32.0;32.0;1;1
624.368;-10.0;20.0;90.98786828422878;31.99145299145299;31.99145299145299;32.0;32.0;1;1
624.468;-10.0;20.0;90.98786828422878;31.99145299145299;31.99145299145299;32.0;32.0;1;1
624.569;-10.0;20.0;90.98786828422878;31.99145299145299;31.99145299145299;32.0;32.0;1;1
624.67;-10.0;20.0;90.98786828422878;31.99145299145299;31.99145299145299;32.0;32.0;1;1
624.77;-10.0;20.0;90.98786828422878;31.99145299145299;31.99145299145299;32.0;32.0;1;1
624.871;-10.0;20.0;90.98786828422878;31.99145299145299;31.99145299145299;32.0;32.0;1;1
624.975;-10.0;20.0;90.98786828422878;31.99145299145299;31.99145299145299;32.0;32.0;1;1
625.076;-10.0;20.0;90.98786828422878;31.99145299145299;31.99145299145299;32.0;32.0;1;1
625.178;-10.0;20.0;90.98786828422878;31.99145299145299;31.99145299145299;32.0;32.0;1;1
625.279;-10.0;20.0;90.98786828422878;31.99145299145299;31.99145299145299;32.0;32.0;1;1
625.391;-10.0;20.0;90.98786828422878;31.99145299145299;31.99145299145299;32.0;32.0;1;1
625.501;-10.0;20.0;90.98786828422878;31.99145299145299;31.99145299145299;32.0;32.0;1;1
625.613;-10.0;20.0;90.98786828422878;31.99145299145299;31.99145299145299;32.0;32.0;1;1
625.722;-10.0;20.0;90.98786828422878;31.99145299145299;31.99145299145299;32.0;32.0;1;1
625.823;-10.0;20.0;90.98786828422878;31.99145299145299;31.99145299145299;32.0;32.0;1;1
625.93;-10.0;20.0;90.98786828422878;31.99145299145299;32.05128205128205;32.0;32.0;1;1
626.046;-10.0;20.0;90.98786828422878;31.99145299145299;32.05128205128205;32.0;32.0;1;1
626.15;-10.0;20.0;90.98786828422878;31.99145299145299;32.05128205128205;32.0;32.0;1;1
626.265;-10.0;20.0;90.98786828422878;31.99145299145299;32.05128205128205;32.0;32.0;1;1
626.369;-10.0;20.0;90.98786828422878;31.99145299145299;32.05128205128205;32.0;32.0;1;1
626.484;-10.0;20.0;90.98786828422878;31.99145299145299;32.05128205128205;32.0;32.0;1;1
626.591;-10.0;20.0;90.98786828422878;31.99145299145299;32.05128205128205;32.0;32.0;1;1
626.704;-10.0;20.0;90.98786828422878;31.99145299145299;32.05128205128205;32.0;32.0;1;1
626.814;-10.0;20.0;90.98786828422878;31.99145299145299;32.05128205128205;32.0;32.0;1;1
626.928;-10.0;20.0;90.98786828422878;31.99145299145299;31.99145299145299;32.0;32.0;1;1
627.043;-10.0;20.0;90.98786828422878;31.99145299145299;31.99145299145299;32.0;32.0;1;1
627.151;-10.0;20.0;90.98786828422878;31.99145299145299;31.99145299145299;32.0;32.0;1;1
627.264;-10.0;20.0;90.98786828422878;31.99145299145299;31.99145299145299;32.0;32.0;1;1
627.373;-10.0;20.0;90.98786828422878;31.99145299145299;31.99145299145299;32.0;32.0;1;1
627.486;-10.0;20.0;90.98786828422878;31.99145299145299;31.99145299145299;32.0;32.0;1;1
627.589;-10.0;20.0;90.98786828422878;31.99145299145299;31.99145299145299;32.0;32.0;1;1
627.692;-10.0;20.0;90.98786828422878;31.99145299145299;31.99145299145299;32.0;32.0;1;1
627.793;-10.0;20.0;90.98786828422878;31.99145299145299;31.99145299145299;32.0;32.0;1;1
627.914;-10.0;20.0;90.98786828422878;31.99145299145299;31.99145299145299;32.0;32.0;1;1
628.025;-10.0;20.0;90.98786828422878;31.99145299145299;31.99145299145299;32.0;32.0;1;1
628.141;-10.0;20.0;90.98786828422878;31.99145299145299;31.99145299145299;32.0;32.0;1;1
628.248;-10.0;20.0;90.98786828422878;31.99145299145299;31.99145299145299;32.0;32.0;1;1
628.36;-10.0;20.0;90.98786828422878;31.99145299145299;31.99145299145299;32.0;32.0;1;1
628.469;-10.0;20.0;90.98786828422878;31.99145299145299;31.99145299145299;32.0;32.0;1;1
628.57;-10.0;20.0;90.98786828422878;31.99145299145299;31.99145299145299;32.0;32.0;1;1
628.68;-10.0;20.0;90.98786828422878;31.99145299145299;31.99145299145299;32.0;32.0;1;1
628.792;-10.0;20.0;90.98786828422878;31.99145299145299;31.99145299145299;32.0;32.0;1;1
628.9;-10.0;20.0;90.98786828422878;31.99145299145299;31.99145299145299;32.0;32.0;1;1
629.015;-10.0;20.0;90.98786828422878;31.99145299145299;31.99145299145299;32.0;32.0;1;1
629.119;-10.0;20.0;90.98786828422878;31.99145299145299;31.99145299145299;32.0;32.0;1;1
629.235;-10.0;20.0;90.98786828422878;31.99145299145299;31.99145299145299;32.0;32.0;1;1
629.34;-10.0;20.0;90.98786828422878;31.99145299145299;31.99145299145299;32.0;32.0;1;1
629.456;-10.0;20.0;90.98786828422878;31.99145299145299;31.99145299145299;32.0;32.0;1;1
629.564;-10.0;20.0;90.98786828422878;31.99145299145299;31.99145299145299;32.0;32.0;1;1
629.665;-10.0;20.0;90.98786828422878;31.99145299145299;31.99145299145299;32.0;32.0;1;1
629.77;-10.0;20.0;90.98786828422878;31.99145299145299;31.99145299145299;32.0;32.0;1;1
629.881;-10.0;20.0;90.98786828422878;31.99145299145299;31.99145299145299;32.0;32.0;1;1
629.992;-10.0;20.0;90.98786828422878;31.99145299145299;31.99145299145299;32.0;32.0;1;1
630.11;-10.0;20.0;90.98786828422878;31.99145299145299;31.99145299145299;32.0;32.0;1;1
630.215;-10.0;20.0;90.98786828422878;31.99145299145299;31.99145299145299;32.0;32.0;1;1
630.33;-10.0;20.0;90.98786828422878;31.99145299145299;31.99145299145299;32.0;32.0;1;1
630.436;-10.0;20.0;90.98786828422878;31.99145299145299;31.99145299145299;32.0;32.0;1;1
630.552;-10.0;20.0;90.98786828422878;31.99145299145299;31.99145299145299;32.0;32.0;1;1
630.656;-10.0;20.0;90.98786828422878;31.99145299145299;31.99145299145299;32.0;32.0;1;1
630.768;-10.0;20.0;90.98786828422878;31.99145299145299;31.99145299145299;32.0;32.0;1;1
630.87;-10.0;20.0;90.98786828422878;31.99145299145299;31.99145299145299;32.0;32.0;1;1
630.996;-10.0;20.0;90.98786828422878;31.99145299145299;31.99145299145299;32.0;32.0;1;1
631.106;-10.0;20.0;90.98786828422878;31.99145299145299;31.99145299145299;32.0;32.0;1;1
631.206;-10.0;20.0;90.98786828422878;31.99145299145299;31.99145299145299;32.0;32.0;1;1
631.314;-10.0;20.0;90.98786828422878;31.99145299145299;31.99145299145299;32.0;32.0;1;1
631.422;-10.0;20.0;90.98786828422878;31.99145299145299;31.99145299145299;32.0;32.0;1;1
631.529;-10.0;20.0;90.98786828422878;31.99145299145299;31.99145299145299;32.0;32.0;1;1
631.642;-10.0;20.0;90.98786828422878;31.99145299145299;31.99145299145299;32.0;32.0;1;1
631.742;-10.0;20.0;90.98786828422878;31.99145299145299;31.99145299145299;32.0;32.0;1;1
631.864;-10.0;20.0;90.98786828422878;31.99145299145299;31.99145299145299;32.0;32.0;1;1
631.965;-10.0;20.0;90.98786828422878;31.99145299145299;31.99145299145299;32.0;32.0;1;1
632.069;-10.0;20.0;90.98786828422878;31.99145299145299;31.99145299145299;32.0;32.0;1;1
632.17;-10.0;20.0;90.98786828422878;31.99145299145299;31.99145299145299;32.0;32.0;1;1
632.271;-10.0;20.0;90.98786828422878;31.99145299145299;31.99145299145299;32.0;32.0;1;1
632.371;-10.0;20.0;90.98786828422878;31.99145299145299;31.99145299145299;32.0;32.0;1;1
632.471;-10.0;20.0;90.98786828422878;31.99145299145299;31.99145299145299;32.0;32.0;1;1
632.572;-10.0;20.0;90.98786828422878;31.99145299145299;31.99145299145299;32.0;32.0;1;1
632.674;-10.0;20.0;90.98786828422878;31.99145299145299;31.99145299145299;32.0;32.0;1;1
632.778;-10.0;20.0;90.98786828422878;31.99145299145299;31.99145299145299;32.0;32.0;1;1
632.884;-10.0;20.0;90.98786828422878;31.99145299145299;31.99145299145299;32.0;32.0;1;1
632.985;-10.0;20.0;90.98786828422878;31.99145299145299;31.99145299145299;32.0;32.0;1;1
633.092;-10.0;20.0;90.98786828422878;31.99145299145299;31.99145299145299;32.0;32.0;1;1
633.194;-10.0;20.0;90.98786828422878;31.99145299145299;31.99145299145299;32.0;32.0;1;1
633.304;-10.0;20.0;90.98786828422878;31.99145299145299;31.99145299145299;32.0;32.0;1;1
633.417;-10.0;20.0;90.98786828422878;31.99145299145299;31.99145299145299;32.0;32.0;1;1
633.521;-10.0;20.0;90.98786828422878;31.99145299145299;31.99145299145299;32.0;32.0;1;1
633.621;-10.0;20.0;90.98786828422878;31.99145299145299;31.99145299145299;32.0;32.0;1;1
633.729;-10.0;20.0;90.98786828422878;31.99145299145299;31.99145299145299;32.0;32.0;1;1
633.83;-10.0;20.0;90.98786828422878;31.99145299145299;31.99145299145299;32.0;32.0;1;1
633.969;-10.0;20.0;90.98786828422878;31.99145299145299;31.99145299145299;32.0;32.0;1;1
634.08;-10.0;20.0;90.98786828422878;31.99145299145299;31.99145299145299;32.0;32.0;1;1
634.19;-10.0;20.0;90.98786828422878;31.99145299145299;31.99145299145299;32.0;32.0;1;1
634.292;-10.0;20.0;90.98786828422878;31.99145299145299;31.99145299145299;32.0;32.0;1;1
634.396;-10.0;20.0;90.98786828422878;31.99145299145299;31.99145299145299;32.0;32.0;1;1
634.509;-10.0;20.0;90.98786828422878;31.99145299145299;31.99145299145299;32.0;32.0;1;1
634.62;-10.0;20.0;90.98786828422878;31.99145299145299;31.99145299145299;32.0;32.0;1;1
634.736;-10.0;20.0;90.98786828422878;31.99145299145299;31.99145299145299;32.0;32.0;1;1
634.839;-10.0;20.0;90.98786828422878;31.99145299145299;31.99145299145299;32.0;32.0;1;1
634.953;-10.0;20.0;90.98786828422878;31.99145299145299;31.99145299145299;32.0;32.0;1;1
635.069;-10.0;20.0;90.98786828422878;31.99145299145299;31.99145299145299;32.0;32.0;1;1
635.174;-10.0;20.0;90.98786828422878;31.99145299145299;31.99145299145299;32.0;32.0;1;1
635.283;-10.0;20.0;90.98786828422878;31.99145299145299;31.99145299145299;32.0;32.0;1;1
635.383;-10.0;20.0;90.98786828422878;31.99145299145299;31.99145299145299;32.0;32.0;1;1
635.491;-10.0;20.0;90.98786828422878;31.99145299145299;31.99145299145299;32.0;32.0;1;1
635.6;-10.0;20.0;90.98786828422878;31.99145299145299;31.99145299145299;32.0;32.0;1;1
635.703;-10.0;20.0;90.98786828422878;31.99145299145299;31.99145299145299;32.0;32.0;1;1
635.834;-10.0;20.0;90.98786828422878;31.99145299145299;31.99145299145299;32.0;32.0;1;1
635.934;-10.0;20.0;90.98786828422878;31.99145299145299;31.99145299145299;32.0;32.0;1;1
636.045;-10.0;20.0;90.98786828422878;31.99145299145299;31.99145299145299;32.0;32.0;1;1
636.157;-10.0;20.0;90.98786828422878;31.99145299145299;31.99145299145299;32.0;32.0;1;1
636.258;-10.0;20.0;90.98786828422878;31.99145299145299;31.99145299145299;32.0;32.0;1;1
636.365;-10.0;20.0;90.98786828422878;31.99145299145299;31.99145299145299;32.0;32.0;1;1
636.474;-10.0;20.0;90.98786828422878;31.99145299145299;31.99145299145299;32.0;32.0;1;1
636.586;-10.0;20.0;90.98786828422878;31.99145299145299;31.99145299145299;32.0;32.0;1;1
636.7;-10.0;20.0;90.98786828422878;31.99145299145299;31.99145299145299;32.0;32.0;1;1
636.805;-10.0;20.0;90.98786828422878;31.99145299145299;31.99145299145299;32.0;32.0;1;1
636.917;-10.0;20.0;90.98786828422878;31.99145299145299;31.99145299145299;32.0;32.0;1;1
637.025;-10.0;20.0;90.98786828422878;31.99145299145299;31.99145299145299;32.0;32.0;1;1
637.142;-10.0;20.0;90.98786828422878;31.99145299145299;31.99145299145299;32.0;32.0;1;1
637.25;-10.0;20.0;90.98786828422878;31.99145299145299;31.99145299145299;32.0;32.0;1;1
637.363;-10.0;20.0;90.98786828422878;31.99145299145299;31.99145299145299;32.0;32.0;1;1
637.469;-10.0;20.0;90.98786828422878;31.99145299145299;31.99145299145299;32.0;32.0;1;1
637.573;-10.0;20.0;90.98786828422878;31.99145299145299;31.99145299145299;32.0;32.0;1;1
637.679;-10.0;20.0;90.98786828422878;31.99145299145299;31.99145299145299;32.0;32.0;1;1
637.794;-10.0;20.0;90.98786828422878;31.99145299145299;31.99145299145299;32.0;32.0;1;1
637.899;-10.0;20.0;90.98786828422878;31.99145299145299;31.99145299145299;32.0;32.0;1;1
638.001;-10.0;20.0;90.98786828422878;31.99145299145299;31.99145299145299;32.0;32.0;1;1
638.125;-10.0;20.0;90.98786828422878;31.99145299145299;31.99145299145299;32.0;32.0;1;1
638.238;-10.0;20.0;90.98786828422878;31.99145299145299;31.99145299145299;32.0;32.0;1;1
638.344;-10.0;20.0;90.98786828422878;31.99145299145299;31.99145299145299;32.0;32.0;1;1
638.458;-10.0;20.0;90.98786828422878;31.99145299145299;31.99145299145299;32.0;32.0;1;1
638.567;-10.0;20.0;90.98786828422878;31.99145299145299;31.99145299145299;32.0;32.0;1;1
638.682;-10.0;20.0;90.98786828422878;31.99145299145299;31.99145299145299;32.0;32.0;1;1
638.795;-10.0;20.0;90.98786828422878;31.99145299145299;31.99145299145299;32.0;32.0;1;1
638.9;-10.0;20.0;90.98786828422878;31.99145299145299;31.99145299145299;32.0;32.0;1;1
639.014;-10.0;20.0;90.98786828422878;31.99145299145299;31.99145299145299;32.0;32.0;1;1
639.121;-10.0;20.0;90.98786828422878;31.99145299145299;31.99145299145299;32.0;32.0;1;1
639.231;-10.0;20.0;90.98786828422878;31.99145299145299;31.99145299145299;32.0;32.0;1;1
639.342;-10.0;20.0;90.98786828422878;31.99145299145299;31.99145299145299;32.0;32.0;1;1
639.458;-10.0;20.0;90.98786828422878;31.99145299145299;31.99145299145299;32.0;32.0;1;1
639.562;-10.0;20.0;90.98786828422878;31.99145299145299;31.99145299145299;32.0;32.0;1;1
639.663;-10.0;20.0;90.98786828422878;31.99145299145299;31.99145299145299;32.0;32.0;1;1
639.785;-10.0;20.0;90.98786828422878;31.99145299145299;31.99145299145299;32.0;32.0;1;1
639.897;-10.0;20.0;90.98786828422878;31.99145299145299;31.99145299145299;32.0;32.0;1;1
640.011;-10.0;20.0;90.98786828422878;31.99145299145299;31.99145299145299;32.0;32.0;1;1
640.118;-10.0;20.0;90.98786828422878;31.99145299145299;31.99145299145299;32.0;32.0;1;1
640.22;-10.0;20.0;90.98786828422878;31.99145299145299;31.99145299145299;32.0;32.0;1;1
640.326;-10.0;20.0;90.98786828422878;31.99145299145299;31.99145299145299;32.0;32.0;1;1
640.437;-10.0;20.0;90.98786828422878;31.99145299145299;31.99145299145299;32.0;32.0;1;1
640.544;-10.0;20.0;90.98786828422878;31.99145299145299;31.99145299145299;32.0;32.0;1;1
640.647;-10.0;20.0;90.98786828422878;31.99145299145299;31.99145299145299;32.0;32.0;1;1
640.747;-10.0;20.0;90.98786828422878;31.99145299145299;31.99145299145299;32.0;32.0;1;1
640.853;-10.0;20.0;90.98786828422878;31.99145299145299;31.99145299145299;32.0;32.0;1;1
640.953;-10.0;20.0;90.98786828422878;31.99145299145299;31.99145299145299;32.0;32.0;1;1
641.054;-10.0;20.0;90.98786828422878;31.99145299145299;31.99145299145299;32.0;32.0;1;1
641.154;-10.0;20.0;90.98786828422878;31.99145299145299;31.99145299145299;32.0;32.0;1;1
641.261;-10.0;20.0;90.98786828422878;31.99145299145299;31.99145299145299;32.0;32.0;1;1
641.361;-10.0;20.0;90.98786828422878;31.99145299145299;31.99145299145299;32.0;32.0;1;1
641.462;-10.0;20.0;90.98786828422878;31.99145299145299;31.99145299145299;32.0;32.0;1;1
641.563;-10.0;20.0;90.98786828422878;31.99145299145299;31.99145299145299;32.0;32.0;1;1
641.671;-10.0;20.0;90.98786828422878;31.99145299145299;31.99145299145299;32.0;32.0;1;1
641.772;-10.0;20.0;90.98786828422878;31.99145299145299;31.99145299145299;32.0;32.0;1;1
641.879;-10.0;20.0;90.98786828422878;31.99145299145299;31.99145299145299;32.0;32.0;1;1
641.979;-10.0;20.0;90.98786828422878;31.99145299145299;31.99145299145299;32.0;32.0;1;1
642.085;-10.0;20.0;90.98786828422878;31.99145299145299;31.99145299145299;32.0;32.0;1;1
642.185;-10.0;20.0;90.98786828422878;31.99145299145299;31.99145299145299;32.0;32.0;1;1
642.285;-10.0;20.0;90.98786828422878;31.99145299145299;31.99145299145299;32.0;32.0;1;1
642.386;-10.0;20.0;90.98786828422878;31.99145299145299;31.99145299145299;32.0;32.0;1;1
642.486;-10.0;20.0;90.98786828422878;31.99145299145299;31.99145299145299;32.0;32.0;1;1
642.588;-10.0;20.0;90.98786828422878;31.99145299145299;31.99145299145299;32.0;32.0;1;1
642.689;-10.0;20.0;90.98786828422878;31.99145299145299;31.99145299145299;32.0;32.0;1;1
642.791;-10.0;20.0;90.98786828422878;31.99145299145299;31.99145299145299;32.0;32.0;1;1
642.895;-10.0;20.0;90.98786828422878;31.99145299145299;31.99145299145299;32.0;32.0;1;1
643.001;-10.0;20.0;90.98786828422878;31.99145299145299;31.99145299145299;32.0;32.0;1;1
643.105;-10.0;20.0;90.98786828422878;31.99145299145299;31.99145299145299;32.0;32.0;1;1
643.205;-10.0;20.0;90.98786828422878;31.99145299145299;31.99145299145299;32.0;32.0;1;1
643.308;-10.0;20.0;90.98786828422878;31.99145299145299;31.99145299145299;32.0;32.0;1;1
643.422;-10.0;20.0;90.98786828422878;31.99145299145299;31.99145299145299;32.0;32.0;1;1
643.529;-10.0;20.0;90.98786828422878;31.99145299145299;31.99145299145299;32.0;32.0;1;1
643.646;-10.0;20.0;90.98786828422878;31.99145299145299;31.99145299145299;32.0;32.0;1;1
643.752;-10.0;20.0;90.98786828422878;31.99145299145299;31.99145299145299;32.0;32.0;1;1
643.853;-10.0;20.0;90.98786828422878;31.99145299145299;31.99145299145299;32.0;32.0;1;1
643.961;-10.0;20.0;90.98786828422878;31.99145299145299;31.99145299145299;32.0;32.0;1;1
644.061;-10.0;20.0;90.98786828422878;31.99145299145299;31.99145299145299;32.0;32.0;1;1
644.172;-10.0;20.0;90.98786828422878;31.99145299145299;31.99145299145299;32.0;32.0;1;1
644.301;-10.0;20.0;90.98786828422878;31.99145299145299;31.99145299145299;32.0;32.0;1;1
644.404;-10.0;20.0;90.98786828422878;31.99145299145299;31.99145299145299;32.0;32.0;1;1
644.515;-10.0;20.0;90.98786828422878;31.99145299145299;31.99145299145299;32.0;32.0;1;1
644.625;-10.0;20.0;90.98786828422878;31.99145299145299;31.99145299145299;32.0;32.0;1;1
644.739;-10.0;20.0;90.98786828422878;31.99145299145299;31.99145299145299;32.0;32.0;1;1
644.84;-10.0;20.0;90.98786828422878;31.99145299145299;31.99145299145299;32.0;32.0;1;1
644.942;-10.0;20.0;90.98786828422878;31.99145299145299;31.99145299145299;32.0;32.0;1;1
645.051;-10.0;20.0;90.98786828422878;31.99145299145299;31.99145299145299;32.0;32.0;1;1
645.162;-10.0;20.0;90.98786828422878;31.99145299145299;31.99145299145299;32.0;32.0;1;1
645.275;-10.0;20.0;90.98786828422878;31.99145299145299;31.99145299145299;32.0;32.0;1;1
645.383;-10.0;20.0;90.98786828422878;31.99145299145299;31.99145299145299;32.0;32.0;1;1
645.496;-10.0;20.0;90.98786828422878;31.99145299145299;31.99145299145299;32.0;32.0;1;1
645.61;-10.0;20.0;90.98786828422878;31.99145299145299;31.99145299145299;32.0;32.0;1;1
645.717;-10.0;20.0;90.98786828422878;31.99145299145299;31.99145299145299;32.0;32.0;1;1
645.827;-10.0;20.0;90.98786828422878;31.99145299145299;31.99145299145299;32.0;32.0;1;1
645.938;-10.0;20.0;90.98786828422878;31.99145299145299;31.99145299145299;32.0;32.0;1;1
646.05;-10.0;20.0;90.98786828422878;31.99145299145299;31.99145299145299;32.0;32.0;1;1
646.151;-10.0;20.0;90.98786828422878;31.99145299145299;31.99145299145299;32.0;32.0;1;1
646.256;-10.0;20.0;90.98786828422878;31.99145299145299;31.99145299145299;32.0;32.0;1;1
646.367;-10.0;20.0;90.98786828422878;31.99145299145299;31.99145299145299;32.0;32.0;1;1
646.483;-10.0;20.0;90.98786828422878;31.99145299145299;31.99145299145299;32.0;32.0;1;1
646.59;-10.0;20.0;90.98786828422878;31.99145299145299;31.99145299145299;32.0;32.0;1;1
646.703;-10.0;20.0;90.98786828422878;31.99145299145299;31.99145299145299;32.0;32.0;1;1
646.813;-10.0;20.0;90.98786828422878;31.99145299145299;31.99145299145299;32.0;32.0;1;1
646.928;-10.0;20.0;90.98786828422878;31.99145299145299;31.99145299145299;32.0;32.0;1;1
647.033;-10.0;20.0;90.98786828422878;31.99145299145299;31.99145299145299;32.0;32.0;1;1
647.134;-10.0;20.0;90.98786828422878;31.99145299145299;31.99145299145299;32.0;32.0;1;1
647.234;-10.0;20.0;90.98786828422878;31.99145299145299;31.99145299145299;32.0;32.0;1;1
647.355;-10.0;20.0;90.98786828422878;31.99145299145299;31.99145299145299;32.0;32.0;1;1
647.463;-10.0;20.0;90.98786828422878;31.99145299145299;31.99145299145299;32.0;32.0;1;1
647.579;-10.0;20.0;90.98786828422878;31.99145299145299;31.99145299145299;32.0;32.0;1;1
647.685;-10.0;20.0;90.98786828422878;31.99145299145299;31.99145299145299;32.0;32.0;1;1
647.802;-10.0;20.0;90.98786828422878;31.99145299145299;31.99145299145299;32.0;32.0;1;1
647.91;-10.0;20.0;90.98786828422878;31.99145299145299;31.99145299145299;32.0;32.0;1;1
648.011;-10.0;20.0;90.98786828422878;31.99145299145299;31.99145299145299;32.0;32.0;1;1
648.116;-10.0;20.0;90.98786828422878;31.99145299145299;31.99145299145299;32.0;32.0;1;1
648.218;-10.0;20.0;90.98786828422878;31.99145299145299;31.99145299145299;32.0;32.0;1;1
648.335;-10.0;20.0;90.98786828422878;31.99145299145299;31.99145299145299;32.0;32.0;1;1
648.449;-10.0;20.0;90.98786828422878;31.99145299145299;31.99145299145299;32.0;32.0;1;1
648.56;-10.0;20.0;90.98786828422878;31.99145299145299;31.99145299145299;32.0;32.0;1;1
648.672;-10.0;20.0;90.98786828422878;31.99145299145299;31.99145299145299;32.0;32.0;1;1
648.781;-10.0;20.0;90.98786828422878;31.99145299145299;31.99145299145299;32.0;32.0;1;1
648.894;-10.0;20.0;90.98786828422878;31.99145299145299;31.94017094017094;32.0;32.0;1;1
648.995;-10.0;20.0;90.98786828422878;31.99145299145299;31.94017094017094;32.0;32.0;1;1
649.099;-10.0;20.0;90.98786828422878;31.99145299145299;31.94017094017094;32.0;32.0;1;1
649.207;-10.0;20.0;90.98786828422878;31.99145299145299;31.94017094017094;32.0;32.0;1;1
649.319;-10.0;20.0;90.98786828422878;31.99145299145299;31.94017094017094;32.0;32.0;1;1
649.437;-10.0;20.0;90.98786828422878;31.99145299145299;31.94017094017094;32.0;32.0;1;1
649.547;-10.0;20.0;90.98786828422878;31.99145299145299;31.94017094017094;32.0;32.0;1;1
649.655;-10.0;20.0;90.98786828422878;31.99145299145299;31.94017094017094;32.0;32.0;1;1
649.77;-10.0;20.0;90.98786828422878;31.99145299145299;31.94017094017094;32.0;32.0;1;1
649.882;-10.0;20.0;90.98786828422878;31.99145299145299;31.94017094017094;32.0;32.0;1;1
649.992;-10.0;20.0;90.98786828422878;32.05128205128205;31.99145299145299;32.0;32.0;1;1
650.094;-10.0;20.0;90.98786828422878;32.05128205128205;31.99145299145299;32.0;32.0;1;1
650.2;-10.0;20.0;90.98786828422878;32.05128205128205;31.99145299145299;32.0;32.0;1;1
650.309;-10.0;20.0;90.98786828422878;32.05128205128205;31.99145299145299;32.0;32.0;1;1
650.424;-10.0;20.0;90.98786828422878;32.05128205128205;31.99145299145299;32.0;32.0;1;1
650.53;-10.0;20.0;90.98786828422878;32.05128205128205;31.99145299145299;32.0;32.0;1;1
650.644;-10.0;20.0;90.98786828422878;32.05128205128205;31.99145299145299;32.0;32.0;1;1
650.756;-10.0;20.0;90.98786828422878;32.05128205128205;31.99145299145299;32.0;32.0;1;1
650.869;-10.0;20.0;90.98786828422878;32.05128205128205;31.99145299145299;32.0;32.0;1;1
650.969;-10.0;20.0;90.98786828422878;31.99145299145299;31.99145299145299;32.0;32.0;1;1
651.079;-10.0;20.0;90.98786828422878;31.99145299145299;31.99145299145299;32.0;32.0;1;1
651.183;-10.0;20.0;90.98786828422878;31.99145299145299;31.99145299145299;32.0;32.0;1;1
651.3;-10.0;20.0;90.98786828422878;31.99145299145299;31.99145299145299;32.0;32.0;1;1
651.406;-10.0;20.0;90.98786828422878;31.99145299145299;31.99145299145299;32.0;32.0;1;1
651.522;-10.0;20.0;90.98786828422878;31.99145299145299;31.99145299145299;32.0;32.0;1;1
651.629;-10.0;20.0;90.98786828422878;31.99145299145299;31.99145299145299;32.0;32.0;1;1
651.744;-10.0;20.0;90.98786828422878;31.99145299145299;31.99145299145299;32.0;32.0;1;1
651.868;-10.0;20.0;90.98786828422878;31.99145299145299;31.99145299145299;32.0;32.0;1;1
651.97;-10.0;20.0;90.98786828422878;31.99145299145299;31.99145299145299;32.0;32.0;1;1
652.077;-10.0;20.0;90.98786828422878;31.99145299145299;31.99145299145299;32.0;32.0;1;1
652.181;-10.0;20.0;90.98786828422878;31.99145299145299;31.99145299145299;32.0;32.0;1;1
652.299;-10.0;20.0;90.98786828422878;31.99145299145299;31.99145299145299;32.0;32.0;1;1
652.404;-10.0;20.0;90.98786828422878;31.99145299145299;31.99145299145299;32.0;32.0;1;1
652.522;-10.0;20.0;90.98786828422878;31.99145299145299;31.99145299145299;32.0;32.0;1;1
652.624;-10.0;20.0;90.98786828422878;31.99145299145299;31.99145299145299;32.0;32.0;1;1
652.73;-10.0;20.0;90.98786828422878;31.99145299145299;31.99145299145299;32.0;32.0;1;1
652.834;-10.0;20.0;90.98786828422878;31.99145299145299;31.99145299145299;32.0;32.0;1;1
652.946;-10.0;20.0;90.98786828422878;31.99145299145299;31.99145299145299;32.0;32.0;1;1
653.058;-10.0;20.0;90.98786828422878;31.99145299145299;31.99145299145299;32.0;32.0;1;1
653.172;-10.0;20.0;90.98786828422878;31.99145299145299;31.99145299145299;32.0;32.0;1;1
653.28;-10.0;20.0;90.98786828422878;31.99145299145299;31.99145299145299;32.0;32.0;1;1
653.393;-10.0;20.0;90.98786828422878;31.99145299145299;31.99145299145299;32.0;32.0;1;1
653.493;-10.0;20.0;90.98786828422878;31.99145299145299;31.99145299145299;32.0;32.0;1;1
653.602;-10.0;20.0;90.98786828422878;31.99145299145299;31.99145299145299;32.0;32.0;1;1
653.714;-10.0;20.0;90.98786828422878;31.99145299145299;31.99145299145299;32.0;32.0;1;1
653.827;-10.0;20.0;90.98786828422878;31.99145299145299;31.99145299145299;32.0;32.0;1;1
653.933;-10.0;20.0;90.98786828422878;31.99145299145299;31.99145299145299;32.0;32.0;1;1
654.05;-10.0;20.0;90.98786828422878;31.99145299145299;31.99145299145299;32.0;32.0;1;1
654.155;-10.0;20.0;90.98786828422878;31.99145299145299;31.99145299145299;32.0;32.0;1;1
654.271;-10.0;20.0;90.98786828422878;31.99145299145299;31.99145299145299;32.0;32.0;1;1
654.394;-10.0;20.0;90.98786828422878;31.99145299145299;31.99145299145299;32.0;32.0;1;1
654.496;-10.0;20.0;90.98786828422878;31.99145299145299;31.99145299145299;32.0;32.0;1;1
654.603;-10.0;20.0;90.98786828422878;31.99145299145299;31.99145299145299;32.0;32.0;1;1
654.704;-10.0;20.0;90.98786828422878;31.99145299145299;31.99145299145299;32.0;32.0;1;1
654.812;-10.0;20.0;90.98786828422878;31.99145299145299;31.99145299145299;32.0;32.0;1;1
654.917;-10.0;20.0;90.98786828422878;31.99145299145299;31.99145299145299;32.0;32.0;1;1
655.018;-10.0;20.0;90.98786828422878;31.99145299145299;31.99145299145299;32.0;32.0;1;1
655.118;-10.0;20.0;90.98786828422878;31.99145299145299;31.99145299145299;32.0;32.0;1;1
655.219;-10.0;20.0;90.98786828422878;31.99145299145299;31.99145299145299;32.0;32.0;1;1
655.319;-10.0;20.0;90.98786828422878;31.99145299145299;31.99145299145299;32.0;32.0;1;1
655.422;-10.0;20.0;90.98786828422878;31.99145299145299;31.99145299145299;32.0;32.0;1;1
655.522;-10.0;20.0;90.98786828422878;31.99145299145299;31.99145299145299;32.0;32.0;1;1
655.626;-10.0;20.0;90.98786828422878;31.99145299145299;31.99145299145299;32.0;32.0;1;1
655.728;-10.0;20.0;90.98786828422878;31.99145299145299;31.99145299145299;32.0;32.0;1;1
655.828;-10.0;20.0;90.98786828422878;31.99145299145299;31.99145299145299;32.0;32.0;1;1
655.934;-10.0;20.0;90.98786828422878;31.99145299145299;31.99145299145299;32.0;32.0;1;1
656.035;-10.0;20.0;90.98786828422878;31.99145299145299;31.99145299145299;32.0;32.0;1;1
656.143;-10.0;20.0;90.98786828422878;31.99145299145299;31.99145299145299;32.0;32.0;1;1
656.249;-10.0;20.0;90.98786828422878;31.99145299145299;31.99145299145299;32.0;32.0;1;1
656.364;-10.0;20.0;90.98786828422878;31.99145299145299;31.99145299145299;32.0;32.0;1;1
656.471;-10.0;20.0;90.98786828422878;31.99145299145299;31.99145299145299;32.0;32.0;1;1
656.572;-10.0;20.0;90.98786828422878;31.99145299145299;31.99145299145299;32.0;32.0;1;1
656.677;-10.0;20.0;90.98786828422878;31.99145299145299;31.99145299145299;32.0;32.0;1;1
656.788;-10.0;20.0;90.98786828422878;31.99145299145299;31.99145299145299;32.0;32.0;1;1
656.899;-10.0;20.0;90.98786828422878;31.99145299145299;31.99145299145299;32.0;32.0;1;1
657.017;-10.0;20.0;90.98786828422878;31.99145299145299;31.99145299145299;32.0;32.0;1;1
657.119;-10.0;20.0;90.98786828422878;31.99145299145299;31.99145299145299;32.0;32.0;1;1
657.222;-10.0;20.0;90.98786828422878;31.99145299145299;31.99145299145299;32.0;32.0;1;1
657.326;-10.0;20.0;90.98786828422878;31.99145299145299;31.99145299145299;32.0;32.0;1;1
657.427;-10.0;20.0;90.98786828422878;31.99145299145299;31.99145299145299;32.0;32.0;1;1
657.535;-10.0;20.0;90.98786828422878;31.99145299145299;31.99145299145299;32.0;32.0;1;1
657.636;-10.0;20.0;90.98786828422878;31.99145299145299;31.99145299145299;32.0;32.0;1;1
657.737;-10.0;20.0;90.98786828422878;31.99145299145299;31.99145299145299;32.0;32.0;1;1
657.837;-10.0;20.0;90.98786828422878;31.99145299145299;31.99145299145299;32.0;32.0;1;1
657.938;-10.0;20.0;90.98786828422878;31.99145299145299;31.99145299145299;32.0;32.0;1;1
658.038;-10.0;20.0;90.98786828422878;31.99145299145299;31.99145299145299;32.0;32.0;1;1
658.144;-10.0;20.0;90.98786828422878;31.99145299145299;31.99145299145299;32.0;32.0;1;1
658.247;-10.0;20.0;90.98786828422878;31.99145299145299;31.99145299145299;32.0;32.0;1;1
658.352;-10.0;20.0;90.98786828422878;31.99145299145299;31.99145299145299;32.0;32.0;1;1
658.454;-10.0;20.0;90.98786828422878;31.99145299145299;31.99145299145299;32.0;32.0;1;1
658.559;-10.0;20.0;90.98786828422878;31.99145299145299;31.99145299145299;32.0;32.0;1;1
658.67;-10.0;20.0;90.98786828422878;31.99145299145299;31.99145299145299;32.0;32.0;1;1
658.77;-10.0;20.0;90.98786828422878;31.99145299145299;31.99145299145299;32.0;32.0;1;1
658.873;-10.0;20.0;90.98786828422878;31.99145299145299;31.99145299145299;32.0;32.0;1;1
658.987;-10.0;20.0;90.98786828422878;31.99145299145299;31.99145299145299;32.0;32.0;1;1
659.094;-10.0;20.0;90.98786828422878;31.99145299145299;31.99145299145299;32.0;32.0;1;1
659.195;-10.0;20.0;90.98786828422878;31.99145299145299;31.99145299145299;32.0;32.0;1;1
659.306;-10.0;20.0;90.98786828422878;31.99145299145299;31.99145299145299;32.0;32.0;1;1
659.415;-10.0;20.0;90.98786828422878;31.99145299145299;31.99145299145299;32.0;32.0;1;1
659.525;-10.0;20.0;90.98786828422878;31.99145299145299;31.99145299145299;32.0;32.0;1;1
659.639;-10.0;20.0;90.98786828422878;31.99145299145299;31.99145299145299;32.0;32.0;1;1
659.747;-10.0;20.0;90.98786828422878;31.99145299145299;31.99145299145299;32.0;32.0;1;1
659.859;-10.0;20.0;90.98786828422878;31.99145299145299;31.99145299145299;32.0;32.0;1;1
659.967;-10.0;20.0;90.98786828422878;31.99145299145299;31.99145299145299;32.0;32.0;1;1
660.081;-10.0;20.0;90.98786828422878;31.99145299145299;31.99145299145299;32.0;32.0;1;1
660.184;-10.0;20.0;90.98786828422878;31.99145299145299;31.99145299145299;32.0;32.0;1;1
660.288;-10.0;20.0;90.98786828422878;31.99145299145299;31.99145299145299;32.0;32.0;1;1
660.4;-10.0;20.0;90.98786828422878;31.99145299145299;31.99145299145299;32.0;32.0;1;1
660.517;-10.0;20.0;90.98786828422878;31.99145299145299;31.99145299145299;32.0;32.0;1;1
660.623;-10.0;20.0;90.98786828422878;31.99145299145299;31.99145299145299;32.0;32.0;1;1
660.737;-10.0;20.0;90.98786828422878;31.99145299145299;31.99145299145299;32.0;32.0;1;1
660.842;-10.0;20.0;90.98786828422878;31.99145299145299;31.99145299145299;32.0;32.0;1;1
660.954;-10.0;20.0;90.98786828422878;31.99145299145299;31.99145299145299;32.0;32.0;1;1
661.067;-10.0;20.0;90.98786828422878;31.99145299145299;31.99145299145299;32.0;32.0;1;1
661.176;-10.0;20.0;90.98786828422878;31.99145299145299;31.99145299145299;32.0;32.0;1;1
661.288;-10.0;20.0;90.98786828422878;31.99145299145299;31.99145299145299;32.0;32.0;1;1
661.39;-10.0;20.0;90.98786828422878;31.99145299145299;31.99145299145299;32.0;32.0;1;1
661.494;-10.0;20.0;90.98786828422878;31.99145299145299;31.99145299145299;32.0;32.0;1;1
661.594;-10.0;20.0;90.98786828422878;31.99145299145299;31.99145299145299;32.0;32.0;1;1
661.695;-10.0;20.0;90.98786828422878;31.99145299145299;31.99145299145299;32.0;32.0;1;1
661.795;-10.0;20.0;90.98786828422878;31.99145299145299;31.99145299145299;32.0;32.0;1;1
661.896;-10.0;20.0;90.98786828422878;31.99145299145299;31.99145299145299;32.0;32.0;1;1
661.996;-10.0;20.0;90.98786828422878;31.99145299145299;31.99145299145299;32.0;32.0;1;1
662.097;-10.0;20.0;90.98786828422878;31.99145299145299;31.99145299145299;32.0;32.0;1;1
662.198;-10.0;20.0;90.98786828422878;31.99145299145299;31.99145299145299;32.0;32.0;1;1
662.299;-10.0;20.0;90.98786828422878;31.99145299145299;31.99145299145299;32.0;32.0;1;1
662.399;-10.0;20.0;90.98786828422878;31.99145299145299;31.99145299145299;32.0;32.0;1;1
662.5;-10.0;20.0;90.98786828422878;31.99145299145299;31.99145299145299;32.0;32.0;1;1
662.601;-10.0;20.0;90.98786828422878;31.99145299145299;31.99145299145299;32.0;32.0;1;1
662.708;-10.0;20.0;90.98786828422878;31.99145299145299;31.99145299145299;32.0;32.0;1;1
662.819;-10.0;20.0;90.98786828422878;31.99145299145299;31.99145299145299;32.0;32.0;1;1
662.93;-10.0;20.0;90.98786828422878;31.99145299145299;31.99145299145299;32.0;32.0;1;1
663.043;-10.0;20.0;90.98786828422878;31.99145299145299;31.99145299145299;32.0;32.0;1;1
663.153;-10.0;20.0;90.98786828422878;31.99145299145299;31.99145299145299;32.0;32.0;1;1
663.266;-10.0;20.0;90.98786828422878;31.99145299145299;31.99145299145299;32.0;32.0;1;1
663.375;-10.0;20.0;90.98786828422878;31.99145299145299;31.99145299145299;32.0;32.0;1;1
663.487;-10.0;20.0;90.98786828422878;31.99145299145299;31.99145299145299;32.0;32.0;1;1
663.588;-10.0;20.0;90.98786828422878;31.99145299145299;31.99145299145299;32.0;32.0;1;1
663.695;-10.0;20.0;90.98786828422878;31.99145299145299;31.99145299145299;32.0;32.0;1;1
663.803;-10.0;20.0;90.98786828422878;31.99145299145299;31.99145299145299;32.0;32.0;1;1
663.907;-10.0;20.0;90.98786828422878;31.99145299145299;31.99145299145299;32.0;32.0;1;1
664.01;-10.0;20.0;90.98786828422878;31.99145299145299;31.99145299145299;32.0;32.0;1;1
664.111;-10.0;20.0;90.98786828422878;31.99145299145299;31.99145299145299;32.0;32.0;1;1
664.211;-10.0;20.0;90.98786828422878;31.99145299145299;31.99145299145299;32.0;32.0;1;1
664.311;-10.0;20.0;90.98786828422878;31.99145299145299;31.99145299145299;32.0;32.0;1;1
664.411;-10.0;20.0;90.98786828422878;31.99145299145299;31.99145299145299;32.0;32.0;1;1
664.512;-10.0;20.0;90.98786828422878;31.99145299145299;31.99145299145299;32.0;32.0;1;1
664.612;-10.0;20.0;90.98786828422878;31.99145299145299;31.99145299145299;32.0;32.0;1;1
664.714;-10.0;20.0;90.98786828422878;31.99145299145299;31.99145299145299;32.0;32.0;1;1
664.814;-10.0;20.0;90.98786828422878;31.99145299145299;31.99145299145299;32.0;32.0;1;1
664.922;-10.0;20.0;90.98786828422878;31.99145299145299;31.99145299145299;32.0;32.0;1;1
665.023;-10.0;20.0;90.98786828422878;31.99145299145299;31.99145299145299;32.0;32.0;1;1
665.124;-10.0;20.0;90.98786828422878;31.99145299145299;31.99145299145299;32.0;32.0;1;1
665.237;-10.0;20.0;90.98786828422878;31.99145299145299;31.99145299145299;32.0;32.0;1;1
665.337;-10.0;20.0;90.98786828422878;31.99145299145299;31.99145299145299;32.0;32.0;1;1
665.442;-10.0;20.0;90.98786828422878;31.99145299145299;31.99145299145299;32.0;32.0;1;1
665.543;-10.0;20.0;90.98786828422878;31.99145299145299;31.99145299145299;32.0;32.0;1;1
665.647;-10.0;20.0;90.98786828422878;31.99145299145299;31.99145299145299;32.0;32.0;1;1
665.748;-10.0;20.0;90.98786828422878;31.99145299145299;31.99145299145299;32.0;32.0;1;1
665.848;-10.0;20.0;90.98786828422878;31.99145299145299;31.99145299145299;32.0;32.0;1;1
665.949;-10.0;20.0;90.98786828422878;31.99145299145299;31.99145299145299;32.0;32.0;1;1
666.049;-10.0;20.0;90.98786828422878;31.99145299145299;31.99145299145299;32.0;32.0;1;1
666.15;-10.0;20.0;90.98786828422878;31.99145299145299;31.99145299145299;32.0;32.0;1;1
666.251;-10.0;20.0;90.98786828422878;31.99145299145299;31.99145299145299;32.0;32.0;1;1
666.361;-10.0;20.0;90.98786828422878;31.99145299145299;31.99145299145299;32.0;32.0;1;1
666.462;-10.0;20.0;90.98786828422878;31.99145299145299;31.99145299145299;32.0;32.0;1;1
666.563;-10.0;20.0;90.98786828422878;31.99145299145299;31.99145299145299;32.0;32.0;1;1
666.667;-10.0;20.0;90.98786828422878;31.99145299145299;31.99145299145299;32.0;32.0;1;1
666.768;-10.0;20.0;90.98786828422878;31.99145299145299;31.99145299145299;32.0;32.0;1;1
666.869;-10.0;20.0;90.98786828422878;31.99145299145299;31.99145299145299;32.0;32.0;1;1
666.97;-10.0;20.0;90.98786828422878;31.99145299145299;31.99145299145299;32.0;32.0;1;1
667.075;-10.0;20.0;90.98786828422878;31.99145299145299;31.99145299145299;32.0;32.0;1;1
667.175;-10.0;20.0;90.98786828422878;31.99145299145299;31.99145299145299;32.0;32.0;1;1
667.276;-10.0;20.0;90.98786828422878;31.99145299145299;31.99145299145299;32.0;32.0;1;1
667.376;-10.0;20.0;90.98786828422878;31.99145299145299;31.99145299145299;32.0;32.0;1;1
667.477;-10.0;20.0;90.98786828422878;31.99145299145299;31.99145299145299;32.0;32.0;1;1
667.577;-10.0;20.0;90.98786828422878;31.99145299145299;31.99145299145299;32.0;32.0;1;1
667.677;-10.0;20.0;90.98786828422878;31.99145299145299;31.99145299145299;32.0;32.0;1;1
667.782;-10.0;20.0;90.98786828422878;31.99145299145299;31.99145299145299;32.0;32.0;1;1
667.884;-10.0;20.0;90.98786828422878;31.99145299145299;31.99145299145299;32.0;32.0;1;1
667.984;-10.0;20.0;90.98786828422878;31.99145299145299;31.99145299145299;32.0;32.0;1;1
668.086;-10.0;20.0;90.98786828422878;31.99145299145299;31.99145299145299;32.0;32.0;1;1
668.186;-10.0;20.0;90.98786828422878;31.99145299145299;31.99145299145299;32.0;32.0;1;1
668.302;-10.0;20.0;90.98786828422878;31.99145299145299;31.99145299145299;32.0;32.0;1;1
668.403;-10.0;20.0;90.98786828422878;31.99145299145299;31.99145299145299;32.0;32.0;1;1
668.506;-10.0;20.0;90.98786828422878;31.99145299145299;31.99145299145299;32.0;32.0;1;1
668.617;-10.0;20.0;90.98786828422878;31.99145299145299;31.99145299145299;32.0;32.0;1;1
668.726;-10.0;20.0;90.98786828422878;31.99145299145299;31.99145299145299;32.0;32.0;1;1
668.84;-10.0;20.0;90.98786828422878;31.99145299145299;31.99145299145299;32.0;32.0;1;1
668.954;-10.0;20.0;90.98786828422878;31.99145299145299;31.99145299145299;32.0;32.0;1;1
669.061;-10.0;20.0;90.98786828422878;31.99145299145299;31.99145299145299;32.0;32.0;1;1
669.163;-10.0;20.0;90.98786828422878;31.99145299145299;31.99145299145299;32.0;32.0;1;1
669.265;-10.0;20.0;90.98786828422878;31.99145299145299;31.99145299145299;32.0;32.0;1;1
669.383;-10.0;20.0;90.98786828422878;31.99145299145299;31.99145299145299;32.0;32.0;1;1
669.491;-10.0;20.0;90.98786828422878;31.99145299145299;31.99145299145299;32.0;32.0;1;1
669.6;-10.0;20.0;90.98786828422878;31.99145299145299;31.99145299145299;32.0;32.0;1;1
669.71;-10.0;20.0;90.98786828422878;31.99145299145299;31.99145299145299;32.0;32.0;1;1
669.824;-10.0;20.0;90.98786828422878;31.99145299145299;31.99145299145299;32.0;32.0;1;1
669.935;-10.0;20.0;90.98786828422878;31.99145299145299;31.99145299145299;32.0;32.0;1;1
670.045;-10.0;20.0;90.98786828422878;31.99145299145299;31.99145299145299;32.0;32.0;1;1
670.156;-10.0;20.0;90.98786828422878;31.99145299145299;31.99145299145299;32.0;32.0;1;1
670.256;-10.0;20.0;90.98786828422878;31.99145299145299;31.99145299145299;32.0;32.0;1;1
670.377;-10.0;20.0;90.98786828422878;31.99145299145299;31.99145299145299;32.0;32.0;1;1
670.489;-9.9725;20.0;90.98786828422878;31.99145299145299;31.99145299145299;32.0;32.0;1;1
670.6;-9.5175;20.0;90.98786828422878;31.99145299145299;31.99145299145299;32.0;32.0;1;1
670.712;-9.01125;20.0;90.98786828422878;31.99145299145299;31.99145299145299;32.0;32.0;1;1
670.829;-8.50125;20.0;90.98786828422878;31.99145299145299;31.99145299145299;32.0;32.0;1;1
670.934;-7.74125;20.0;90.98786828422878;31.99145299145299;31.99145299145299;32.0;32.0;1;1
671.052;-7.2275;20.0;90.98786828422878;31.99145299145299;31.99145299145299;32.0;32.0;1;1
671.155;-6.71125;20.0;90.98786828422878;31.99145299145299;31.99145299145299;32.0;32.0;1;1
671.272;-6.2;20.0;90.98786828422878;31.99145299145299;31.99145299145299;32.0;32.0;1;1
671.386;-5.68375;20.0;90.98786828422878;31.99145299145299;31.99145299145299;32.0;32.0;1;1
671.491;-4.90875;20.0;90.98786828422878;31.99145299145299;31.99145299145299;32.0;32.0;1;1
671.603;-4.4;20.0;90.98786828422878;31.99145299145299;31.99145299145299;32.0;32.0;1;1
671.719;-3.885;20.0;90.98786828422878;31.99145299145299;31.99145299145299;32.0;32.0;1;1
671.826;-3.37;20.0;90.98786828422878;31.99145299145299;31.99145299145299;32.0;32.0;1;1
671.937;-2.59875;20.0;90.98786828422878;31.99145299145299;31.99145299145299;32.0;32.0;1;1
672.049;-2.0875;20.0;90.98786828422878;31.99145299145299;31.99145299145299;32.0;32.0;1;1
672.158;-1.5825;20.0;90.98786828422878;31.99145299145299;31.99145299145299;32.0;32.0;1;1
672.27;-1.07375;20.0;90.98786828422878;31.99145299145299;31.99145299145299;32.0;32.0;1;1
672.379;-0.56375;20.0;90.98786828422878;31.99145299145299;31.99145299145299;32.0;32.0;1;1
672.495;-0.075;20.0;90.98786828422878;31.99145299145299;31.99145299145299;32.0;32.0;1;1
672.605;0.0;19.87875;90.98786828422878;31.99145299145299;31.99145299145299;32.0;32.0;1;1
672.712;0.0;19.3725;90.98786828422878;31.99145299145299;31.99145299145299;32.0;32.0;1;1
672.828;0.0;18.86125;90.98786828422878;31.99145299145299;31.99145299145299;32.0;32.0;1;1
672.933;0.0;18.35;90.98786828422878;31.99145299145299;31.99145299145299;32.0;32.0;1;1
673.051;0.0;17.58875;90.98786828422878;31.99145299145299;31.99145299145299;32.0;32.0;1;1
673.157;0.0;17.0725;90.98786828422878;31.99145299145299;31.99145299145299;32.0;32.0;1;1
673.27;0.0;16.56;90.98786828422878;31.99145299145299;31.99145299145299;32.0;32.0;1;1
673.371;0.0;15.785;90.98786828422878;31.99145299145299;31.99145299145299;32.0;32.0;1;1
673.473;0.0;15.52625;90.98786828422878;31.99145299145299;31.99145299145299;32.0;32.0;1;1
673.589;0.0;15.01375;90.98786828422878;31.99145299145299;31.99145299145299;32.0;32.0;1;1
673.69;0.0;14.24;90.98786828422878;31.99145299145299;31.99145299145299;32.0;32.0;1;1
673.811;0.0;13.72375;90.98786828422878;31.99145299145299;31.99145299145299;32.0;32.0;1;1
673.924;0.0;13.21375;90.98786828422878;31.99145299145299;31.99145299145299;32.0;32.0;1;1
674.031;0.0;12.69875;90.98786828422878;31.99145299145299;31.99145299145299;32.0;32.0;1;1
674.132;0.0;12.1825;90.98786828422878;31.99145299145299;31.99145299145299;32.0;32.0;1;1
674.257;0.0;11.41375;90.98786828422878;31.99145299145299;31.99145299145299;32.0;32.0;1;1
674.364;0.0;10.8975;90.98786828422878;31.99145299145299;31.99145299145299;32.0;32.0;1;1
674.465;0.0;10.12875;90.98786828422878;31.99145299145299;31.99145299145299;32.0;32.0;1;1
674.58;0.0;9.87;90.98786828422878;31.99145299145299;31.99145299145299;32.0;32.0;1;1
674.68;0.0;9.35625;90.98786828422878;31.99145299145299;31.99145299145299;32.0;32.0;1;1
674.791;0.0;8.585;90.98786828422878;31.99145299145299;31.99145299145299;32.0;32.0;1;1
674.902;0.0;8.07125;90.98786828422878;31.99145299145299;31.99145299145299;32.0;32.0;1;1
675.003;0.0;7.56125;90.98786828422878;31.99145299145299;31.99145299145299;32.0;32.0;1;1
675.11;0.0;7.0475;90.98786828422878;31.99145299145299;31.99145299145299;32.0;32.0;1;1
675.21;0.0;6.5325;90.98786828422878;31.99145299145299;31.99145299145299;32.0;32.0;1;1
675.315;0.0;6.02375;90.98786828422878;31.99145299145299;31.99145299145299;32.0;32.0;1;1
675.415;0.0;5.50875;90.98786828422878;31.99145299145299;31.99145299145299;32.0;32.0;1;1
675.516;0.0;4.995;90.98786828422878;31.99145299145299;31.99145299145299;32.0;32.0;1;1
675.616;0.0;4.485;90.98786828422878;31.99145299145299;31.99145299145299;32.0;32.0;1;1
675.717;0.0;3.71375;90.98786828422878;31.99145299145299;31.99145299145299;32.0;32.0;1;1
675.818;0.0;3.19875;90.98786828422878;31.99145299145299;31.99145299145299;32.0;32.0;1;1
675.919;0.0;2.9475;90.98786828422878;31.99145299145299;31.99145299145299;32.0;32.0;1;1
676.022;0.0;2.1775;90.98786828422878;31.99145299145299;31.99145299145299;32.0;32.0;1;1
676.124;0.0;1.66625;90.98786828422878;31.99145299145299;31.99145299145299;32.0;32.0;1;1
676.225;0.0;1.15625;90.98786828422878;31.99145299145299;31.99145299145299;32.0;32.0;1;1
676.337;0.0;0.64625;90.98786828422878;31.99145299145299;31.99145299145299;32.0;32.0;1;1
676.445;0.0;0.13875;90.98786828422878;31.99145299145299;31.99145299145299;32.0;32.0;1;1
676.557;0.0;0.00375;90.98786828422878;31.99145299145299;31.99145299145299;32.0;32.0;1;1
676.657;0.0;0.0;90.864075266155;31.99145299145299;31.99145299145299;32.0;32.0;1;1
676.766;0.0;0.0;90.67838573904433;31.99145299145299;31.99145299145299;32.0;32.0;1;1
676.879;0.0;0.0;90.43079970289676;31.99145299145299;31.99145299145299;32.0;32.0;1;1
676.987;0.0;0.0;90.2451101757861;31.99145299145299;31.99145299145299;32.0;32.0;1;1
677.091;0.0;0.0;90.05942064867543;31.99145299145299;31.99145299145299;32.0;32.0;1;1
677.193;0.0;0.0;89.99752413963853;31.99145299145299;31.99145299145299;32.0;32.0;1;1
677.317;0.0;0.0;89.99752413963853;31.99145299145299;31.99145299145299;32.0;32.0;1;1
677.418;0.0;0.0;89.99752413963853;31.99145299145299;31.99145299145299;32.0;32.0;1;1
677.52;0.0;0.0;89.99752413963853;31.99145299145299;31.99145299145299;32.0;32.0;1;1
677.629;0.0;0.0;89.99752413963853;31.99145299145299;31.99145299145299;32.0;32.0;1;1
677.741;0.0;0.0;89.99752413963853;31.99145299145299;31.99145299145299;32.0;32.0;1;1
677.853;0.0;0.0;89.99752413963853;31.99145299145299;31.99145299145299;32.0;32.0;1;1
677.965;0.0;0.0;89.99752413963853;31.99145299145299;31.99145299145299;32.0;32.0;1;1
678.076;0.0;0.0;89.99752413963853;31.99145299145299;31.99145299145299;32.0;32.0;1;1
678.185;0.0;0.0;89.99752413963853;31.99145299145299;31.99145299145299;32.0;32.0;1;1
678.285;0.0;0.0;89.99752413963853;31.99145299145299;31.99145299145299;32.0;32.0;1;1
678.391;0.0;0.0;89.99752413963853;31.99145299145299;31.99145299145299;32.0;32.0;1;1
678.507;0.0;0.0;89.99752413963853;31.99145299145299;31.99145299145299;32.0;32.0;1;1
678.615;0.0;0.0;89.99752413963853;31.99145299145299;31.99145299145299;32.0;32.0;1;1
678.725;0.0;0.0;89.99752413963853;31.99145299145299;31.99145299145299;32.0;32.0;1;1
678.835;0.0;0.0;89.99752413963853;31.99145299145299;31.99145299145299;32.0;32.0;1;1
678.948;0.0;0.0;89.99752413963853;31.99145299145299;31.99145299145299;32.0;32.0;1;1
679.056;0.0;0.0;89.99752413963853;31.99145299145299;31.99145299145299;32.0;32.0;1;1
679.171;0.0;0.0;89.99752413963853;31.99145299145299;31.99145299145299;32.0;32.0;1;1
679.28;0.0;0.0;89.99752413963853;31.99145299145299;31.99145299145299;32.0;32.0;1;1
679.381;0.0;0.0;89.99752413963853;31.99145299145299;31.99145299145299;32.0;32.0;1;1
679.508;0.0;0.0;89.99752413963853;31.99145299145299;31.99145299145299;32.0;32.0;1;1
679.618;0.0;0.0;89.99752413963853;31.99145299145299;31.99145299145299;32.0;32.0;1;1
679.721;0.0;0.0;89.99752413963853;31.99145299145299;31.99145299145299;32.0;32.0;1;1
679.829;0.0;0.0;89.99752413963853;31.99145299145299;31.99145299145299;32.0;32.0;1;1
679.935;0.0;0.0;89.99752413963853;31.99145299145299;31.99145299145299;32.0;32.0;1;1
680.047;0.0;0.0;89.99752413963853;31.99145299145299;31.99145299145299;32.0;32.0;1;1
680.156;0.0;0.0;89.99752413963853;31.99145299145299;31.99145299145299;32.0;32.0;1;1
680.271;0.0;0.0;89.99752413963853;31.99145299145299;31.99145299145299;32.0;32.0;1;1
680.379;0.0;0.0;89.99752413963853;31.99145299145299;31.99145299145299;32.0;32.0;1;1
680.48;0.0;0.0;89.99752413963853;31.99145299145299;31.99145299145299;32.0;32.0;1;1
680.583;0.0;0.0;89.99752413963853;31.99145299145299;31.99145299145299;32.0;32.0;1;1
680.698;0.0;0.0;89.99752413963853;31.99145299145299;31.99145299145299;32.0;32.0;1;1
680.799;0.0;0.0;89.99752413963853;31.99145299145299;31.99145299145299;32.0;32.0;1;1
680.903;0.0;0.0;89.99752413963853;31.99145299145299;31.99145299145299;32.0;32.0;1;1
681.003;0.0;0.0;89.99752413963853;31.99145299145299;31.99145299145299;32.0;32.0;1;1
681.104;0.0;0.0;89.99752413963853;31.99145299145299;31.99145299145299;32.0;32.0;1;1
681.204;0.0;0.0;89.99752413963853;31.99145299145299;31.99145299145299;32.0;32.0;1;1
681.305;0.0;0.0;89.99752413963853;31.99145299145299;31.99145299145299;32.0;32.0;1;1
681.405;0.0;0.0;89.99752413963853;31.99145299145299;31.99145299145299;32.0;32.0;1;1
681.506;0.0;0.0;89.99752413963853;31.99145299145299;31.99145299145299;32.0;32.0;1;1
681.606;0.0;0.0;89.99752413963853;31.99145299145299;31.99145299145299;32.0;32.0;1;1
681.707;0.0;0.0;89.99752413963853;31.99145299145299;31.99145299145299;32.0;32.0;1;1
681.808;0.0;0.0;89.99752413963853;31.99145299145299;31.99145299145299;32.0;32.0;1;1
681.909;0.0;0.0;89.99752413963853;31.99145299145299;31.99145299145299;32.0;32.0;1;1
682.02;0.0;0.0;89.99752413963853;31.99145299145299;31.99145299145299;32.0;32.0;1;1
682.121;0.0;0.0;89.99752413963853;31.99145299145299;31.99145299145299;32.0;32.0;1;1
682.226;0.0;0.0;89.99752413963853;31.99145299145299;31.99145299145299;32.0;32.0;1;1
682.339;0.0;0.0;89.99752413963853;31.99145299145299;31.99145299145299;32.0;32.0;1;1
682.452;0.0;0.0;89.99752413963853;31.99145299145299;31.99145299145299;32.0;32.0;1;1
682.558;0.0;0.0;89.99752413963853;31.99145299145299;31.99145299145299;32.0;32.0;1;1
682.661;0.0;0.0;89.99752413963853;31.99145299145299;31.99145299145299;32.0;32.0;1;1
682.771;0.0;0.0;89.99752413963853;31.99145299145299;31.99145299145299;32.0;32.0;1;1
682.876;0.0;0.0;89.99752413963853;31.99145299145299;31.99145299145299;32.0;32.0;1;1
682.987;0.0;0.0;89.99752413963853;31.99145299145299;31.99145299145299;32.0;32.0;1;1
683.104;0.0;0.0;89.99752413963853;31.99145299145299;31.99145299145299;32.0;32.0;1;1
683.21;0.0;0.0;89.99752413963853;31.99145299145299;31.99145299145299;32.0;32.0;1;1
683.324;0.0;0.0;89.99752413963853;31.99145299145299;31.99145299145299;32.0;32.0;1;1
683.435;0.0;0.0;89.99752413963853;31.99145299145299;31.99145299145299;32.0;32.0;1;1
683.555;0.0;0.0;89.99752413963853;31.99145299145299;31.99145299145299;32.0;32.0;1;1
683.658;0.0;0.0;89.99752413963853;31.99145299145299;31.99145299145299;32.0;32.0;1;1
683.767;0.0;0.0;89.99752413963853;31.99145299145299;31.99145299145299;32.0;32.0;1;1
683.877;0.0;0.0;89.99752413963853;31.99145299145299;31.99145299145299;32.0;32.0;1;1
683.979;0.0;0.0;89.99752413963853;31.99145299145299;31.99145299145299;32.0;32.0;1;1
684.085;0.0;0.0;89.99752413963853;31.99145299145299;31.99145299145299;32.0;32.0;1;1
684.194;0.0;0.0;89.99752413963853;31.99145299145299;31.99145299145299;32.0;32.0;1;1
684.305;0.0;0.0;89.99752413963853;31.99145299145299;31.99145299145299;32.0;32.0;1;1
684.417;0.0;0.0;89.99752413963853;31.99145299145299;31.99145299145299;32.0;32.0;1;1
684.527;0.0;0.0;89.99752413963853;31.99145299145299;31.99145299145299;32.0;32.0;1;1
684.637;0.0;0.0;89.99752413963853;31.99145299145299;31.99145299145299;32.0;32.0;1;1
684.747;0.0;0.0;89.99752413963853;31.99145299145299;31.99145299145299;32.0;32.0;1;1
684.863;0.0;0.0;89.99752413963853;31.99145299145299;31.99145299145299;32.0;32.0;1;1
684.966;0.0;0.0;89.99752413963853;31.99145299145299;31.99145299145299;32.0;32.0;1;1
685.082;0.0;0.0;89.99752413963853;31.99145299145299;31.99145299145299;32.0;32.0;1;1
685.194;0.0;0.0;89.99752413963853;31.99145299145299;31.99145299145299;32.0;32.0;1;1
685.304;0.0;0.0;89.99752413963853;31.99145299145299;31.99145299145299;32.0;32.0;1;1
685.415;0.0;0.0;89.99752413963853;31.99145299145299;31.99145299145299;32.0;32.0;1;1
685.522;0.0;0.0;89.99752413963853;31.99145299145299;31.99145299145299;32.0;32.0;1;1
685.636;0.0;0.0;89.99752413963853;31.99145299145299;31.99145299145299;32.0;32.0;1;1
685.744;0.0;0.0;89.99752413963853;31.99145299145299;31.99145299145299;32.0;32.0;1;1
685.861;0.0;0.0;89.99752413963853;31.99145299145299;31.99145299145299;32.0;32.0;1;1
685.968;0.0;0.0;89.99752413963853;31.99145299145299;31.99145299145299;32.0;32.0;1;1
686.08;0.0;0.0;89.99752413963853;31.99145299145299;31.99145299145299;32.0;32.0;1;1
686.188;0.0;0.0;89.99752413963853;31.99145299145299;31.99145299145299;32.0;32.0;1;1
686.29;0.0;0.0;89.99752413963853;31.99145299145299;31.99145299145299;32.0;32.0;1;1
686.397;0.0;0.0;89.99752413963853;31.99145299145299;31.99145299145299;32.0;32.0;1;1
686.513;0.0;0.0;89.99752413963853;31.99145299145299;31.99145299145299;32.0;32.0;1;1
686.621;0.0;0.0;89.99752413963853;31.99145299145299;31.99145299145299;32.0;32.0;1;1
686.732;0.0;0.0;89.99752413963853;31.99145299145299;31.99145299145299;32.0;32.0;1;1
686.841;0.0;0.0;89.99752413963853;31.99145299145299;31.99145299145299;32.0;32.0;1;1
686.954;0.0;0.0;89.99752413963853;31.99145299145299;31.99145299145299;32.0;32.0;1;1
687.063;0.0;0.0;89.99752413963853;31.99145299145299;31.99145299145299;32.0;32.0;1;1
687.175;0.0;0.0;89.99752413963853;31.99145299145299;31.99145299145299;32.0;32.0;1;1
687.276;0.0;0.0;89.99752413963853;31.99145299145299;31.99145299145299;32.0;32.0;1;1
687.38;0.0;0.0;89.99752413963853;31.99145299145299;31.99145299145299;32.0;32.0;1;1
687.491;0.0;0.0;89.99752413963853;31.99145299145299;31.99145299145299;32.0;32.0;1;1
687.607;0.0;0.0;89.99752413963853;31.99145299145299;31.99145299145299;32.0;32.0;1;1
687.717;0.0;0.0;89.99752413963853;31.99145299145299;31.99145299145299;32.0;32.0;1;1
687.828;0.0;0.0;89.99752413963853;31.99145299145299;31.99145299145299;32.0;32.0;1;1
687.937;0.0;0.0;89.99752413963853;31.99145299145299;31.99145299145299;32.0;32.0;1;1
688.053;0.0;0.0;89.99752413963853;31.99145299145299;31.99145299145299;32.0;32.0;1;1
688.161;0.0;0.0;89.99752413963853;31.99145299145299;31.99145299145299;32.0;32.0;1;1
688.273;0.0;0.0;89.99752413963853;31.99145299145299;31.99145299145299;32.0;32.0;1;1
688.392;0.0;0.0;89.99752413963853;31.99145299145299;31.99145299145299;32.0;32.0;1;1
688.498;0.0;0.0;89.99752413963853;31.99145299145299;31.99145299145299;32.0;32.0;1;1
688.609;0.0;0.0;89.99752413963853;31.99145299145299;31.99145299145299;32.0;32.0;1;1
688.717;0.0;0.0;89.99752413963853;31.99145299145299;31.99145299145299;32.0;32.0;1;1
688.83;0.0;0.0;89.99752413963853;31.99145299145299;31.99145299145299;32.0;32.0;1;1
688.934;0.0;0.0;89.99752413963853;31.99145299145299;31.99145299145299;32.0;32.0;1;1
689.05;0.0;0.0;89.99752413963853;31.99145299145299;31.94017094017094;32.0;32.0;1;1
689.156;0.0;0.0;89.99752413963853;31.99145299145299;31.94017094017094;32.0;32.0;1;1
689.27;0.0;0.0;89.99752413963853;31.99145299145299;31.94017094017094;32.0;32.0;1;1
689.38;0.0;0.0;89.99752413963853;31.99145299145299;31.94017094017094;32.0;32.0;1;1
689.481;0.0;0.0;89.99752413963853;31.99145299145299;31.94017094017094;32.0;32.0;1;1
689.585;0.0;0.0;89.99752413963853;31.99145299145299;31.94017094017094;32.0;32.0;1;1
689.685;0.0;0.0;89.99752413963853;31.99145299145299;31.94017094017094;32.0;32.0;1;1
689.786;0.0;0.0;89.99752413963853;31.99145299145299;31.94017094017094;32.0;32.0;1;1
689.886;0.0;0.0;89.99752413963853;31.99145299145299;31.94017094017094;32.0;32.0;1;1
689.987;0.0;0.0;89.99752413963853;31.99145299145299;31.94017094017094;32.0;32.0;1;1
690.089;0.0;0.0;89.99752413963853;32.05128205128205;31.99145299145299;32.0;32.0;1;1
690.189;0.0;0.0;89.99752413963853;32.05128205128205;31.99145299145299;32.0;32.0;1;1
690.294;0.0;0.0;89.99752413963853;32.05128205128205;31.99145299145299;32.0;32.0;1;1
690.398;0.0;0.0;89.99752413963853;32.05128205128205;31.99145299145299;32.0;32.0;1;1
690.498;0.0;0.0;89.99752413963853;32.05128205128205;31.99145299145299;32.0;32.0;1;1
690.608;0.0;0.0;89.99752413963853;32.05128205128205;31.99145299145299;32.0;32.0;1;1
690.711;0.0;0.0;89.99752413963853;32.05128205128205;31.99145299145299;32.0;32.0;1;1
690.812;0.0;0.0;89.99752413963853;32.05128205128205;31.99145299145299;32.0;32.0;1;1
690.919;0.0;0.0;89.99752413963853;32.05128205128205;31.99145299145299;32.0;32.0;1;1
691.032;0.0;0.0;89.99752413963853;32.05128205128205;31.99145299145299;32.0;32.0;1;1
691.143;0.0;0.0;89.99752413963853;31.99145299145299;31.99145299145299;32.0;32.0;1;1
691.246;0.0;0.0;89.99752413963853;31.99145299145299;31.99145299145299;32.0;32.0;1;1
691.348;0.0;0.0;89.99752413963853;31.99145299145299;31.99145299145299;32.0;32.0;1;1
691.46;0.0;0.0;89.99752413963853;31.99145299145299;31.99145299145299;32.0;32.0;1;1
691.569;0.0;0.0;89.99752413963853;31.99145299145299;31.99145299145299;32.0;32.0;1;1
691.681;0.0;0.0;89.99752413963853;31.99145299145299;31.99145299145299;32.0;32.0;1;1
691.795;0.0;0.0;89.99752413963853;31.99145299145299;31.99145299145299;32.0;32.0;1;1
691.902;0.0;0.0;89.99752413963853;31.99145299145299;31.99145299145299;32.0;32.0;1;1
692.019;0.0;0.0;89.99752413963853;31.99145299145299;31.99145299145299;32.0;32.0;1;1
692.12;0.0;0.0;89.99752413963853;31.99145299145299;31.99145299145299;32.0;32.0;1;1
692.227;0.0;0.0;89.99752413963853;31.99145299145299;31.99145299145299;32.0;32.0;1;1
692.332;0.0;0.0;89.99752413963853;31.99145299145299;31.99145299145299;32.0;32.0;1;1
692.442;0.0;0.0;89.99752413963853;31.99145299145299;31.99145299145299;32.0;32.0;1;1
692.543;0.0;0.0;89.99752413963853;31.99145299145299;31.99145299145299;32.0;32.0;1;1
692.662;0.0;0.0;89.99752413963853;31.99145299145299;31.99145299145299;32.0;32.0;1;1
692.777;0.0;0.0;89.99752413963853;31.99145299145299;31.99145299145299;32.0;32.0;1;1
692.89;0.0;0.0;89.99752413963853;31.99145299145299;31.99145299145299;32.0;32.0;1;1
692.998;0.0;0.0;89.99752413963853;32.05128205128205;31.99145299145299;32.0;32.0;1;1
693.111;0.0;0.0;89.99752413963853;32.05128205128205;31.99145299145299;32.0;32.0;1;1
693.222;0.0;0.0;89.99752413963853;32.05128205128205;31.99145299145299;32.0;32.0;1;1
693.334;0.0;0.0;89.99752413963853;32.05128205128205;31.99145299145299;32.0;32.0;1;1
693.443;0.0;0.0;89.99752413963853;32.05128205128205;31.99145299145299;32.0;32.0;1;1
693.557;0.0;0.0;89.99752413963853;32.05128205128205;31.99145299145299;32.0;32.0;1;1
693.659;0.0;0.0;89.99752413963853;32.05128205128205;31.99145299145299;32.0;32.0;1;1
693.761;0.0;0.0;89.99752413963853;32.05128205128205;31.99145299145299;32.0;32.0;1;1
693.889;0.0;0.0;89.99752413963853;32.05128205128205;31.99145299145299;32.0;32.0;1;1
693.99;0.0;0.0;89.99752413963853;32.05128205128205;31.99145299145299;32.0;32.0;1;1
694.099;0.0;0.0;89.99752413963853;31.99145299145299;31.99145299145299;32.0;32.0;1;1
694.207;0.0;0.0;89.99752413963853;31.99145299145299;31.99145299145299;32.0;32.0;1;1
694.308;0.0;0.0;89.99752413963853;31.99145299145299;31.99145299145299;32.0;32.0;1;1
694.408;0.0;0.0;89.99752413963853;31.99145299145299;31.99145299145299;32.0;32.0;1;1
694.508;0.0;0.0;89.99752413963853;31.99145299145299;31.99145299145299;32.0;32.0;1;1
694.609;0.0;0.0;89.99752413963853;31.99145299145299;31.99145299145299;32.0;32.0;1;1
694.71;0.0;0.0;89.99752413963853;31.99145299145299;31.99145299145299;32.0;32.0;1;1
694.813;0.0;0.0;89.99752413963853;31.99145299145299;31.99145299145299;32.0;32.0;1;1
694.916;0.0;0.0;89.99752413963853;31.99145299145299;31.99145299145299;32.0;32.0;1;1
695.016;0.0;0.0;89.99752413963853;31.99145299145299;31.94017094017094;32.0;32.0;1;1
695.118;0.0;0.0;89.99752413963853;31.99145299145299;31.94017094017094;32.0;32.0;1;1
695.218;0.0;0.0;89.99752413963853;31.99145299145299;31.94017094017094;32.0;32.0;1;1
695.321;0.0;0.0;89.99752413963853;31.99145299145299;31.94017094017094;32.0;32.0;1;1
695.43;0.0;0.0;89.99752413963853;31.99145299145299;31.94017094017094;32.0;32.0;1;1
695.542;0.0;0.0;89.99752413963853;31.99145299145299;31.94017094017094;32.0;32.0;1;1
695.653;0.0;0.0;89.99752413963853;31.99145299145299;31.94017094017094;32.0;32.0;1;1
695.766;0.0;0.0;89.99752413963853;31.99145299145299;31.94017094017094;32.0;32.0;1;1
695.875;0.0;0.0;89.99752413963853;31.99145299145299;31.94017094017094;32.0;32.0;1;1
695.985;0.0;0.0;89.99752413963853;31.99145299145299;31.94017094017094;32.0;32.0;1;1
696.086;0.0;0.0;89.99752413963853;31.99145299145299;31.99145299145299;32.0;32.0;1;1
696.192;0.0;0.0;89.99752413963853;31.99145299145299;31.99145299145299;32.0;32.0;1;1
696.304;0.0;0.0;89.99752413963853;31.99145299145299;31.99145299145299;32.0;32.0;1;1
696.42;0.0;0.0;89.99752413963853;31.99145299145299;31.99145299145299;32.0;32.0;1;1
696.525;0.0;0.0;89.99752413963853;31.99145299145299;31.99145299145299;32.0;32.0;1;1
696.639;0.0;0.0;89.99752413963853;31.99145299145299;31.99145299145299;32.0;32.0;1;1
696.746;0.0;0.0;89.99752413963853;31.99145299145299;31.99145299145299;32.0;32.0;1;1
696.848;0.0;0.0;89.99752413963853;31.99145299145299;31.99145299145299;32.0;32.0;1;1
696.958;0.0;0.0;89.99752413963853;31.99145299145299;31.99145299145299;32.0;32.0;1;1
697.082;0.0;0.0;89.99752413963853;32.05128205128205;31.99145299145299;32.0;32.0;1;1
697.193;0.0;0.0;89.99752413963853;32.05128205128205;31.99145299145299;32.0;32.0;1;1
697.309;0.0;0.0;89.99752413963853;32.05128205128205;31.99145299145299;32.0;32.0;1;1
697.433;0.0;0.0;89.99752413963853;32.05128205128205;31.99145299145299;32.0;32.0;1;1
697.544;0.0;0.0;89.99752413963853;32.05128205128205;31.99145299145299;32.0;32.0;1;1
697.656;0.0;0.0;89.99752413963853;32.05128205128205;31.99145299145299;32.0;32.0;1;1
697.767;0.0;0.0;89.99752413963853;32.05128205128205;31.99145299145299;32.0;32.0;1;1
697.868;0.0;0.0;89.99752413963853;32.05128205128205;31.99145299145299;32.0;32.0;1;1
697.969;0.0;0.0;89.99752413963853;32.05128205128205;31.99145299145299;32.0;32.0;1;1
698.08;0.0;0.0;89.99752413963853;32.05128205128205;31.99145299145299;32.0;32.0;1;1
698.19;0.0;0.0;89.99752413963853;32.05128205128205;31.99145299145299;32.0;32.0;1;1
698.301;0.0;0.0;89.99752413963853;32.05128205128205;31.99145299145299;32.0;32.0;1;1
698.417;0.0;0.0;89.99752413963853;32.05128205128205;31.99145299145299;32.0;32.0;1;1
698.523;0.0;0.0;89.99752413963853;32.05128205128205;31.99145299145299;32.0;32.0;1;1
698.627;0.0;0.0;89.99752413963853;32.05128205128205;31.99145299145299;32.0;32.0;1;1
698.731;0.0;0.0;89.99752413963853;32.05128205128205;31.99145299145299;32.0;32.0;1;1
698.831;0.0;0.0;89.99752413963853;32.05128205128205;31.99145299145299;32.0;32.0;1;1
698.931;0.0;0.0;89.99752413963853;32.05128205128205;31.99145299145299;32.0;32.0;1;1
699.032;0.0;0.0;89.99752413963853;32.05128205128205;31.99145299145299;32.0;32.0;1;1
699.132;0.0;0.0;89.99752413963853;31.99145299145299;31.99145299145299;32.0;32.0;1;1
699.237;0.0;0.0;89.99752413963853;31.99145299145299;31.99145299145299;32.0;32.0;1;1
699.337;0.0;0.0;89.99752413963853;31.99145299145299;31.99145299145299;32.0;32.0;1;1
699.438;0.0;0.0;89.99752413963853;31.99145299145299;31.99145299145299;32.0;32.0;1;1
699.539;0.0;0.0;89.99752413963853;31.99145299145299;31.99145299145299;32.0;32.0;1;1
699.64;0.0;0.0;89.99752413963853;31.99145299145299;31.99145299145299;32.0;32.0;1;1
699.75;0.0;0.0;89.99752413963853;31.99145299145299;31.99145299145299;32.0;32.0;1;1
699.858;0.0;0.0;89.99752413963853;31.99145299145299;31.99145299145299;32.0;32.0;1;1
699.959;0.0;0.0;89.99752413963853;31.99145299145299;31.99145299145299;32.0;32.0;1;1
700.063;0.0;0.0;89.99752413963853;32.05128205128205;31.99145299145299;32.0;32.0;1;1
700.164;0.0;0.0;89.99752413963853;32.05128205128205;31.99145299145299;32.0;32.0;1;1
700.272;0.0;0.0;89.99752413963853;32.05128205128205;31.99145299145299;32.0;32.0;1;1
700.373;0.0;0.0;89.99752413963853;32.05128205128205;31.99145299145299;32.0;32.0;1;1
700.494;0.0;0.0;89.99752413963853;32.05128205128205;31.99145299145299;32.0;32.0;1;1
700.609;0.0;0.0;89.99752413963853;32.05128205128205;31.99145299145299;32.0;32.0;1;1
700.72;0.0;0.0;89.99752413963853;32.05128205128205;31.99145299145299;32.0;32.0;1;1
700.833;0.0;0.0;89.99752413963853;32.05128205128205;31.99145299145299;32.0;32.0;1;1
700.945;0.0;0.0;89.99752413963853;32.05128205128205;31.99145299145299;32.0;32.0;1;1
701.056;0.0;0.0;89.99752413963853;32.05128205128205;31.99145299145299;32.0;32.0;1;1
701.167;0.0;0.0;89.99752413963853;31.99145299145299;31.99145299145299;32.0;32.0;1;1
701.268;0.0;0.0;89.99752413963853;31.99145299145299;31.99145299145299;32.0;32.0;1;1
701.37;0.0;0.0;89.99752413963853;31.99145299145299;31.99145299145299;32.0;32.0;1;1
701.47;0.0;0.0;89.99752413963853;31.99145299145299;31.99145299145299;32.0;32.0;1;1
701.576;0.0;0.0;89.99752413963853;31.99145299145299;31.99145299145299;32.0;32.0;1;1
701.676;0.0;0.0;89.99752413963853;31.99145299145299;31.99145299145299;32.0;32.0;1;1
701.776;0.0;0.0;89.99752413963853;31.99145299145299;31.99145299145299;32.0;32.0;1;1
701.877;0.0;0.0;89.99752413963853;31.99145299145299;31.99145299145299;32.0;32.0;1;1
701.978;0.0;0.0;89.99752413963853;32.05128205128205;31.99145299145299;32.0;32.0;1;1
702.078;0.0;0.0;89.99752413963853;32.05128205128205;31.99145299145299;32.0;32.0;1;1
702.178;0.0;0.0;89.99752413963853;32.05128205128205;31.99145299145299;32.0;32.0;1;1
702.279;0.0;0.0;89.99752413963853;32.05128205128205;31.99145299145299;32.0;32.0;1;1
702.382;0.0;0.0;89.99752413963853;32.05128205128205;31.99145299145299;32.0;32.0;1;1
702.484;0.0;0.0;89.99752413963853;32.05128205128205;31.99145299145299;32.0;32.0;1;1
702.585;0.0;0.0;89.99752413963853;32.05128205128205;31.99145299145299;32.0;32.0;1;1
702.687;0.0;0.0;89.99752413963853;32.05128205128205;31.99145299145299;32.0;32.0;1;1
702.8;0.0;0.0;89.99752413963853;32.05128205128205;31.99145299145299;32.0;32.0;1;1
702.903;0.0;0.0;89.99752413963853;32.05128205128205;31.99145299145299;32.0;32.0;1;1
703.007;0.0;0.0;89.99752413963853;32.05128205128205;31.99145299145299;32.0;32.0;1;1
703.121;0.0;0.0;89.99752413963853;31.99145299145299;31.99145299145299;32.0;32.0;1;1
703.233;0.0;0.0;89.99752413963853;31.99145299145299;31.99145299145299;32.0;32.0;1;1
703.339;0.0;0.0;89.99752413963853;31.99145299145299;31.99145299145299;32.0;32.0;1;1
703.457;0.0;0.0;89.99752413963853;31.99145299145299;31.99145299145299;32.0;32.0;1;1
703.566;0.0;0.0;89.99752413963853;31.99145299145299;31.99145299145299;32.0;32.0;1;1
703.666;0.0;0.0;89.99752413963853;31.99145299145299;31.99145299145299;32.0;32.0;1;1
703.778;0.0;0.0;89.99752413963853;31.99145299145299;31.99145299145299;32.0;32.0;1;1
703.884;0.0;0.0;89.99752413963853;31.99145299145299;31.99145299145299;32.0;32.0;1;1
703.995;0.0;0.0;89.99752413963853;31.99145299145299;31.99145299145299;32.0;32.0;1;1
704.106;0.0;0.0;89.99752413963853;32.05128205128205;31.99145299145299;32.0;32.0;1;1
704.207;0.0;0.0;89.99752413963853;32.05128205128205;31.99145299145299;32.0;32.0;1;1
704.319;0.0;0.0;89.99752413963853;32.05128205128205;31.99145299145299;32.0;32.0;1;1
704.423;0.0;0.0;89.99752413963853;32.05128205128205;31.99145299145299;32.0;32.0;1;1
704.537;0.0;0.0;89.99752413963853;32.05128205128205;31.99145299145299;32.0;32.0;1;1
704.647;0.0;0.0;89.99752413963853;32.05128205128205;31.99145299145299;32.0;32.0;1;1
704.765;0.0;0.0;89.99752413963853;32.05128205128205;31.99145299145299;32.0;32.0;1;1
704.868;0.0;0.0;89.99752413963853;32.05128205128205;31.99145299145299;32.0;32.0;1;1
704.969;0.0;0.0;89.99752413963853;32.05128205128205;31.99145299145299;32.0;32.0;1;1
705.083;0.0;0.0;89.99752413963853;32.05128205128205;31.99145299145299;32.0;32.0;1;1
705.205;0.0;0.0;89.99752413963853;31.99145299145299;31.99145299145299;32.0;32.0;1;1
705.314;0.0;0.0;89.99752413963853;31.99145299145299;31.99145299145299;32.0;32.0;1;1
705.416;0.0;0.0;89.99752413963853;31.99145299145299;31.99145299145299;32.0;32.0;1;1
705.522;0.0;0.0;89.99752413963853;31.99145299145299;31.99145299145299;32.0;32.0;1;1
705.633;0.0;0.0;89.99752413963853;31.99145299145299;31.99145299145299;32.0;32.0;1;1
705.746;0.0;0.0;89.99752413963853;31.99145299145299;31.99145299145299;32.0;32.0;1;1
705.861;0.0;0.0;89.99752413963853;31.99145299145299;31.99145299145299;32.0;32.0;1;1
705.965;0.0;0.0;89.99752413963853;31.99145299145299;31.99145299145299;32.0;32.0;1;1
706.079;0.0;0.0;89.99752413963853;31.99145299145299;31.99145299145299;32.0;32.0;1;1
706.184;0.0;0.0;89.99752413963853;31.99145299145299;31.99145299145299;32.0;32.0;1;1
706.295;0.0;0.0;89.99752413963853;31.99145299145299;31.99145299145299;32.0;32.0;1;1
706.404;0.0;0.0;89.99752413963853;31.99145299145299;31.99145299145299;32.0;32.0;1;1
706.52;0.0;0.0;89.99752413963853;31.99145299145299;31.99145299145299;32.0;32.0;1;1
706.626;0.0;0.0;89.99752413963853;31.99145299145299;31.99145299145299;32.0;32.0;1;1
706.727;0.0;0.0;89.99752413963853;31.99145299145299;31.99145299145299;32.0;32.0;1;1
706.833;0.0;0.0;89.99752413963853;31.99145299145299;31.99145299145299;32.0;32.0;1;1
706.944;0.0;0.0;89.99752413963853;31.99145299145299;31.99145299145299;32.0;32.0;1;1
707.054;0.0;0.0;89.99752413963853;31.99145299145299;31.99145299145299;32.0;32.0;1;1
707.166;0.0;0.0;89.99752413963853;32.05128205128205;31.99145299145299;32.0;32.0;1;1
707.277;0.0;0.0;89.99752413963853;32.05128205128205;31.99145299145299;32.0;32.0;1;1
707.389;0.0;0.0;89.99752413963853;32.05128205128205;31.99145299145299;32.0;32.0;1;1
707.501;0.0;0.0;89.99752413963853;32.05128205128205;31.99145299145299;32.0;32.0;1;1
707.615;0.0;0.0;89.99752413963853;32.05128205128205;31.99145299145299;32.0;32.0;1;1
707.715;0.0;0.0;89.99752413963853;32.05128205128205;31.99145299145299;32.0;32.0;1;1
707.821;0.0;0.0;89.99752413963853;32.05128205128205;31.99145299145299;32.0;32.0;1;1
707.93;0.0;0.0;89.99752413963853;32.05128205128205;31.99145299145299;32.0;32.0;1;1
708.04;0.0;0.0;89.99752413963853;32.05128205128205;31.99145299145299;32.0;32.0;1;1
708.141;0.0;0.0;89.99752413963853;32.05128205128205;31.99145299145299;32.0;32.0;1;1
708.246;0.0;0.0;89.99752413963853;32.05128205128205;31.99145299145299;32.0;32.0;1;1
708.347;0.0;0.0;89.99752413963853;32.05128205128205;31.99145299145299;32.0;32.0;1;1
708.447;0.0;0.0;89.99752413963853;32.05128205128205;31.99145299145299;32.0;32.0;1;1
708.548;0.0;0.0;89.99752413963853;32.05128205128205;31.99145299145299;32.0;32.0;1;1
708.649;0.0;0.0;89.99752413963853;32.05128205128205;31.99145299145299;32.0;32.0;1;1
708.749;0.0;0.0;89.99752413963853;32.05128205128205;31.99145299145299;32.0;32.0;1;1
708.85;0.0;0.0;89.99752413963853;32.05128205128205;31.99145299145299;32.0;32.0;1;1
708.952;0.0;0.0;89.99752413963853;32.05128205128205;31.99145299145299;32.0;32.0;1;1
709.058;0.0;0.0;89.99752413963853;31.99145299145299;31.99145299145299;32.0;32.0;1;1
709.169;0.0;0.0;89.99752413963853;31.99145299145299;31.99145299145299;32.0;32.0;1;1
709.269;0.0;0.0;89.99752413963853;31.99145299145299;31.99145299145299;32.0;32.0;1;1
709.38;0.0;0.0;89.99752413963853;31.99145299145299;31.99145299145299;32.0;32.0;1;1
709.489;0.0;0.0;89.99752413963853;31.99145299145299;31.99145299145299;32.0;32.0;1;1
709.591;0.0;0.0;89.99752413963853;31.99145299145299;31.99145299145299;32.0;32.0;1;1
709.7;0.0;0.0;89.99752413963853;31.99145299145299;31.99145299145299;32.0;32.0;1;1
709.811;0.0;0.0;89.99752413963853;31.99145299145299;31.99145299145299;32.0;32.0;1;1
709.921;0.0;0.0;89.99752413963853;31.99145299145299;31.99145299145299;32.0;32.0;1;1
710.032;0.0;0.0;89.99752413963853;31.99145299145299;31.99145299145299;32.0;32.0;1;1
710.143;0.0;0.0;89.99752413963853;31.99145299145299;31.99145299145299;32.0;32.0;1;1
710.245;0.0;0.0;89.99752413963853;31.99145299145299;31.99145299145299;32.0;32.0;1;1
710.346;0.0;0.0;89.99752413963853;31.99145299145299;31.99145299145299;32.0;32.0;1;1
710.448;0.0;0.0;89.99752413963853;31.99145299145299;31.99145299145299;32.0;32.0;1;1
710.569;0.0;0.0;89.99752413963853;31.99145299145299;31.99145299145299;32.0;32.0;1;1
710.681;0.0;0.0;89.99752413963853;31.99145299145299;31.99145299145299;32.0;32.0;1;1
710.795;0.0;0.0;89.99752413963853;31.99145299145299;31.99145299145299;32.0;32.0;1;1
710.901;0.0;0.0;89.99752413963853;31.99145299145299;31.99145299145299;32.0;32.0;1;1
711.012;0.0;0.0;89.99752413963853;31.99145299145299;31.99145299145299;32.0;32.0;1;1
711.12;0.0;0.0;89.99752413963853;31.99145299145299;31.99145299145299;32.0;32.0;1;1
711.223;0.0;0.0;89.99752413963853;31.99145299145299;31.99145299145299;32.0;32.0;1;1
711.326;0.0;0.0;89.99752413963853;31.99145299145299;31.99145299145299;32.0;32.0;1;1
711.427;0.0;0.0;89.99752413963853;31.99145299145299;31.99145299145299;32.0;32.0;1;1
711.549;0.0;0.0;89.99752413963853;31.99145299145299;31.99145299145299;32.0;32.0;1;1
711.664;0.0;0.0;89.99752413963853;31.99145299145299;31.99145299145299;32.0;32.0;1;1
711.775;0.0;0.0;89.99752413963853;31.99145299145299;31.99145299145299;32.0;32.0;1;1
711.891;0.0;0.0;89.99752413963853;31.99145299145299;31.99145299145299;32.0;32.0;1;1
711.996;0.0;0.0;89.99752413963853;31.99145299145299;31.99145299145299;32.0;32.0;1;1
712.114;0.0;0.0;89.99752413963853;31.99145299145299;31.99145299145299;32.0;32.0;1;1
712.217;0.0;0.0;89.99752413963853;31.99145299145299;31.99145299145299;32.0;32.0;1;1
712.331;0.0;0.0;89.99752413963853;31.99145299145299;31.99145299145299;32.0;32.0;1;1
712.438;0.0;0.0;89.99752413963853;31.99145299145299;31.99145299145299;32.0;32.0;1;1
712.539;0.0;0.0;89.99752413963853;31.99145299145299;31.99145299145299;32.0;32.0;1;1
712.644;0.0;0.0;89.99752413963853;31.99145299145299;31.99145299145299;32.0;32.0;1;1
712.756;0.0;0.0;89.99752413963853;31.99145299145299;31.99145299145299;32.0;32.0;1;1
712.868;0.0;0.0;89.99752413963853;31.99145299145299;31.99145299145299;32.0;32.0;1;1
712.981;0.0;0.0;89.99752413963853;31.99145299145299;31.99145299145299;32.0;32.0;1;1
713.09;0.0;0.0;89.99752413963853;31.99145299145299;31.99145299145299;32.0;32.0;1;1
713.206;0.0;0.0;89.99752413963853;32.05128205128205;31.99145299145299;32.0;32.0;1;1
713.314;0.0;0.0;89.99752413963853;32.05128205128205;31.99145299145299;32.0;32.0;1;1
713.426;0.0;0.0;89.99752413963853;32.05128205128205;31.99145299145299;32.0;32.0;1;1
713.535;0.0;0.0;89.99752413963853;32.05128205128205;31.99145299145299;32.0;32.0;1;1
713.65;0.0;0.0;89.99752413963853;32.05128205128205;31.99145299145299;32.0;32.0;1;1
713.759;0.0;0.0;89.99752413963853;32.05128205128205;31.99145299145299;32.0;32.0;1;1
713.868;0.0;0.0;89.99752413963853;32.05128205128205;31.99145299145299;32.0;32.0;1;1
713.984;0.0;0.0;89.99752413963853;32.05128205128205;31.99145299145299;32.0;32.0;1;1
714.089;0.0;0.0;89.99752413963853;32.05128205128205;31.99145299145299;32.0;32.0;1;1
714.204;0.0;0.0;89.99752413963853;32.05128205128205;31.99145299145299;32.0;32.0;1;1
714.313;0.0;0.0;89.99752413963853;32.05128205128205;31.99145299145299;32.0;32.0;1;1
714.423;0.0;0.0;89.99752413963853;32.05128205128205;31.99145299145299;32.0;32.0;1;1
714.533;0.0;0.0;89.99752413963853;32.05128205128205;31.99145299145299;32.0;32.0;1;1
714.634;0.0;0.0;89.99752413963853;32.05128205128205;31.99145299145299;32.0;32.0;1;1
714.74;0.0;0.0;89.99752413963853;32.05128205128205;31.99145299145299;32.0;32.0;1;1
714.855;0.0;0.0;89.99752413963853;32.05128205128205;31.99145299145299;32.0;32.0;1;1
714.96;0.0;0.0;89.99752413963853;32.05128205128205;31.99145299145299;32.0;32.0;1;1
715.077;0.0;0.0;89.99752413963853;32.05128205128205;31.99145299145299;32.0;32.0;1;1
715.185;0.0;0.0;89.99752413963853;32.05128205128205;31.99145299145299;32.0;32.0;1;1
715.299;0.0;0.0;89.99752413963853;32.05128205128205;31.99145299145299;32.0;32.0;1;1
715.408;0.0;0.0;89.99752413963853;32.05128205128205;31.99145299145299;32.0;32.0;1;1
715.522;0.0;0.0;89.99752413963853;32.05128205128205;31.99145299145299;32.0;32.0;1;1
715.633;0.0;0.0;89.99752413963853;32.05128205128205;31.99145299145299;32.0;32.0;1;1
715.744;0.0;0.0;89.99752413963853;32.05128205128205;31.99145299145299;32.0;32.0;1;1
715.845;0.0;0.0;89.99752413963853;32.05128205128205;31.99145299145299;32.0;32.0;1;1
715.964;0.0;0.0;89.99752413963853;32.05128205128205;31.99145299145299;32.0;32.0;1;1
716.076;0.0;0.0;89.99752413963853;32.05128205128205;31.99145299145299;32.0;32.0;1;1
716.181;0.0;0.0;89.99752413963853;32.05128205128205;31.99145299145299;32.0;32.0;1;1
716.297;0.0;0.0;89.99752413963853;32.05128205128205;31.99145299145299;32.0;32.0;1;1
716.403;0.0;0.0;89.99752413963853;32.05128205128205;31.99145299145299;32.0;32.0;1;1
716.515;0.0;0.0;89.99752413963853;32.05128205128205;31.99145299145299;32.0;32.0;1;1
716.625;0.0;0.0;89.99752413963853;32.05128205128205;31.99145299145299;32.0;32.0;1;1
716.736;0.0;0.0;89.99752413963853;32.05128205128205;31.99145299145299;32.0;32.0;1;1
716.838;0.0;0.0;89.99752413963853;32.05128205128205;31.99145299145299;32.0;32.0;1;1
716.96;0.0;0.0;89.99752413963853;32.05128205128205;31.99145299145299;32.0;32.0;1;1
717.06;0.0;0.0;89.99752413963853;31.99145299145299;31.99145299145299;32.0;32.0;1;1
717.165;0.0;0.0;89.99752413963853;31.99145299145299;31.99145299145299;32.0;32.0;1;1
717.266;0.0;0.0;89.99752413963853;31.99145299145299;31.99145299145299;32.0;32.0;1;1
717.366;0.0;0.0;89.99752413963853;31.99145299145299;31.99145299145299;32.0;32.0;1;1
717.467;0.0;0.0;89.99752413963853;31.99145299145299;31.99145299145299;32.0;32.0;1;1
717.567;0.0;0.0;89.99752413963853;31.99145299145299;31.99145299145299;32.0;32.0;1;1
717.668;0.0;0.0;89.99752413963853;31.99145299145299;31.99145299145299;32.0;32.0;1;1
717.768;0.0;0.0;89.99752413963853;31.99145299145299;31.99145299145299;32.0;32.0;1;1
717.869;0.0;0.0;89.99752413963853;31.99145299145299;31.99145299145299;32.0;32.0;1;1
717.97;0.0;0.0;89.99752413963853;31.99145299145299;31.99145299145299;32.0;32.0;1;1
718.077;0.0;0.0;89.99752413963853;32.05128205128205;31.99145299145299;32.0;32.0;1;1
718.178;0.0;0.0;89.99752413963853;32.05128205128205;31.99145299145299;32.0;32.0;1;1
718.279;0.0;0.0;89.99752413963853;32.05128205128205;31.99145299145299;32.0;32.0;1;1
718.392;0.0;0.0;89.99752413963853;32.05128205128205;31.99145299145299;32.0;32.0;1;1
718.501;0.0;0.0;89.99752413963853;32.05128205128205;31.99145299145299;32.0;32.0;1;1
718.602;0.0;0.0;89.99752413963853;32.05128205128205;31.99145299145299;32.0;32.0;1;1
718.729;0.0;0.0;89.99752413963853;32.05128205128205;31.99145299145299;32.0;32.0;1;1
718.838;0.0;0.0;89.99752413963853;32.05128205128205;31.99145299145299;32.0;32.0;1;1
718.939;0.0;0.0;89.99752413963853;32.05128205128205;31.99145299145299;32.0;32.0;1;1
719.049;0.0;0.0;89.99752413963853;32.05128205128205;31.99145299145299;32.0;32.0;1;1
719.154;0.0;0.0;89.99752413963853;31.99145299145299;31.99145299145299;32.0;32.0;1;1
719.271;0.0;0.0;89.99752413963853;31.99145299145299;31.99145299145299;32.0;32.0;1;1
719.378;0.0;0.0;89.99752413963853;31.99145299145299;31.99145299145299;32.0;32.0;1;1
719.493;0.0;0.0;89.99752413963853;31.99145299145299;31.99145299145299;32.0;32.0;1;1
719.599;0.0;0.0;89.99752413963853;31.99145299145299;31.99145299145299;32.0;32.0;1;1
719.71;0.0;0.0;89.99752413963853;31.99145299145299;31.99145299145299;32.0;32.0;1;1
719.81;0.0;0.0;89.99752413963853;31.99145299145299;31.99145299145299;32.0;32.0;1;1
719.915;0.0;0.0;89.99752413963853;31.99145299145299;31.99145299145299;32.0;32.0;1;1
720.016;0.0;0.0;89.99752413963853;31.99145299145299;31.99145299145299;32.0;32.0;1;1
720.116;0.0;0.0;89.99752413963853;31.99145299145299;31.99145299145299;32.0;32.0;1;1
720.217;0.0;0.0;89.99752413963853;31.99145299145299;31.99145299145299;32.0;32.0;1;1
720.317;0.0;0.0;89.99752413963853;31.99145299145299;31.99145299145299;32.0;32.0;1;1
720.418;0.0;0.0;89.99752413963853;31.99145299145299;31.99145299145299;32.0;32.0;1;1
720.521;0.0;0.0;89.99752413963853;31.99145299145299;31.99145299145299;32.0;32.0;1;1
720.626;0.0;0.0;89.99752413963853;31.99145299145299;31.99145299145299;32.0;32.0;1;1
720.726;0.0;0.0;89.99752413963853;31.99145299145299;31.99145299145299;32.0;32.0;1;1
720.827;0.0;0.0;89.99752413963853;31.99145299145299;31.99145299145299;32.0;32.0;1;1
720.936;0.0;0.0;89.99752413963853;31.99145299145299;31.99145299145299;32.0;32.0;1;1
721.044;0.0;0.0;89.99752413963853;31.99145299145299;31.94017094017094;32.0;32.0;1;1
721.145;0.0;0.0;89.99752413963853;31.99145299145299;31.94017094017094;32.0;32.0;1;1
721.246;0.0;0.0;89.99752413963853;31.99145299145299;31.94017094017094;32.0;32.0;1;1
721.348;0.0;0.0;89.99752413963853;31.99145299145299;31.94017094017094;32.0;32.0;1;1
721.457;0.0;0.0;89.99752413963853;31.99145299145299;31.94017094017094;32.0;32.0;1;1
721.566;0.0;0.0;89.99752413963853;31.99145299145299;31.94017094017094;32.0;32.0;1;1
721.668;0.0;0.0;89.99752413963853;31.99145299145299;31.94017094017094;32.0;32.0;1;1
721.772;0.0;0.0;89.99752413963853;31.99145299145299;31.94017094017094;32.0;32.0;1;1
721.872;0.0;0.0;89.99752413963853;31.99145299145299;31.94017094017094;32.0;32.0;1;1
721.973;0.0;0.0;89.99752413963853;31.99145299145299;31.94017094017094;32.0;32.0;1;1
722.073;0.0;0.0;89.99752413963853;31.99145299145299;31.99145299145299;32.0;32.0;1;1
722.174;0.0;0.0;89.99752413963853;31.99145299145299;31.99145299145299;32.0;32.0;1;1
722.276;0.0;0.0;89.99752413963853;31.99145299145299;31.99145299145299;32.0;32.0;1;1
722.378;0.0;0.0;89.99752413963853;31.99145299145299;31.99145299145299;32.0;32.0;1;1
722.479;0.0;0.0;89.99752413963853;31.99145299145299;31.99145299145299;32.0;32.0;1;1
722.584;0.0;0.0;89.99752413963853;31.99145299145299;31.99145299145299;32.0;32.0;1;1
722.685;0.0;0.0;89.99752413963853;31.99145299145299;31.99145299145299;32.0;32.0;1;1
722.792;0.0;0.0;89.99752413963853;31.99145299145299;31.99145299145299;32.0;32.0;1;1
722.902;0.0;0.0;89.99752413963853;31.99145299145299;31.99145299145299;32.0;32.0;1;1
723.014;0.0;0.0;89.99752413963853;31.99145299145299;31.99145299145299;32.0;32.0;1;1
723.121;0.0;0.0;89.99752413963853;31.99145299145299;31.99145299145299;32.0;32.0;1;1
723.238;0.0;0.0;89.99752413963853;31.99145299145299;31.94017094017094;32.0;32.0;1;1
723.341;0.0;0.0;89.99752413963853;31.99145299145299;31.94017094017094;32.0;32.0;1;1
723.456;0.0;0.0;89.99752413963853;31.99145299145299;31.94017094017094;32.0;32.0;1;1
723.556;0.0;0.0;89.99752413963853;31.99145299145299;31.94017094017094;32.0;32.0;1;1
723.662;0.0;0.0;89.99752413963853;31.99145299145299;31.94017094017094;32.0;32.0;1;1
723.775;0.0;0.0;89.99752413963853;31.99145299145299;31.94017094017094;32.0;32.0;1;1
723.887;0.0;0.0;89.99752413963853;31.99145299145299;31.94017094017094;32.0;32.0;1;1
723.996;0.0;0.0;89.99752413963853;31.99145299145299;31.94017094017094;32.0;32.0;1;1
724.099;0.0;0.0;89.99752413963853;31.99145299145299;31.94017094017094;32.0;32.0;1;1
724.221;0.0;0.0;89.99752413963853;31.99145299145299;31.99145299145299;32.0;32.0;1;1
724.321;0.0;0.0;89.99752413963853;31.99145299145299;31.99145299145299;32.0;32.0;1;1
724.428;0.0;0.0;89.99752413963853;31.99145299145299;31.99145299145299;32.0;32.0;1;1
724.539;0.0;0.0;89.99752413963853;31.99145299145299;31.99145299145299;32.0;32.0;1;1
724.652;0.0;0.0;89.99752413963853;31.99145299145299;31.99145299145299;32.0;32.0;1;1
724.766;0.0;0.0;89.99752413963853;31.99145299145299;31.99145299145299;32.0;32.0;1;1
724.867;0.0;0.0;89.99752413963853;31.99145299145299;31.99145299145299;32.0;32.0;1;1
724.973;0.0;0.0;89.99752413963853;31.99145299145299;31.99145299145299;32.0;32.0;1;1
725.082;0.0;0.0;89.99752413963853;31.99145299145299;31.99145299145299;32.0;32.0;1;1
725.194;0.0;0.0;89.99752413963853;31.99145299145299;31.99145299145299;32.0;32.0;1;1
725.301;0.0;0.0;89.99752413963853;31.99145299145299;31.99145299145299;32.0;32.0;1;1
725.411;0.0;0.0;89.99752413963853;31.99145299145299;31.99145299145299;32.0;32.0;1;1
725.513;0.0;0.0;89.99752413963853;31.99145299145299;31.99145299145299;32.0;32.0;1;1
725.635;0.0;0.0;89.99752413963853;31.99145299145299;31.99145299145299;32.0;32.0;1;1
725.745;0.0;0.0;89.99752413963853;31.99145299145299;31.99145299145299;32.0;32.0;1;1
725.846;0.0;0.0;89.99752413963853;31.99145299145299;31.99145299145299;32.0;32.0;1;1
725.957;0.0;0.0;89.99752413963853;31.99145299145299;31.99145299145299;32.0;32.0;1;1
726.078;0.0;0.0;89.99752413963853;31.99145299145299;31.99145299145299;32.0;32.0;1;1
726.18;0.0;0.0;89.99752413963853;31.99145299145299;31.99145299145299;32.0;32.0;1;1
726.284;0.0;0.0;89.99752413963853;31.99145299145299;31.99145299145299;32.0;32.0;1;1
726.386;0.0;0.0;89.99752413963853;31.99145299145299;31.99145299145299;32.0;32.0;1;1
726.487;0.0;0.0;89.99752413963853;31.99145299145299;31.99145299145299;32.0;32.0;1;1
726.587;0.0;0.0;89.99752413963853;31.99145299145299;31.99145299145299;32.0;32.0;1;1
726.688;0.0;0.0;89.99752413963853;31.99145299145299;31.99145299145299;32.0;32.0;1;1
726.788;0.0;0.0;89.99752413963853;31.99145299145299;31.99145299145299;32.0;32.0;1;1
726.893;0.0;0.0;89.99752413963853;31.99145299145299;31.99145299145299;32.0;32.0;1;1
726.996;0.0;0.0;89.99752413963853;31.99145299145299;31.99145299145299;32.0;32.0;1;1
727.101;0.0;0.0;89.99752413963853;31.99145299145299;31.99145299145299;32.0;32.0;1;1
727.206;0.0;0.0;89.99752413963853;31.99145299145299;31.99145299145299;32.0;32.0;1;1
727.309;0.0;0.0;89.99752413963853;31.99145299145299;31.99145299145299;32.0;32.0;1;1
727.42;0.0;0.0;89.99752413963853;31.99145299145299;31.99145299145299;32.0;32.0;1;1
727.521;0.0;0.0;89.99752413963853;31.99145299145299;31.99145299145299;32.0;32.0;1;1
727.622;0.0;0.0;89.99752413963853;31.99145299145299;31.99145299145299;32.0;32.0;1;1
727.732;0.0;0.0;89.99752413963853;31.99145299145299;31.99145299145299;32.0;32.0;1;1
727.839;0.0;0.0;89.99752413963853;31.99145299145299;31.99145299145299;32.0;32.0;1;1
727.952;0.0;0.0;89.99752413963853;31.99145299145299;31.99145299145299;32.0;32.0;1;1
728.063;0.0;0.0;89.99752413963853;31.99145299145299;31.99145299145299;32.0;32.0;1;1
728.176;0.0;0.0;89.99752413963853;31.99145299145299;31.99145299145299;32.0;32.0;1;1
728.283;0.0;0.0;89.99752413963853;31.99145299145299;31.99145299145299;32.0;32.0;1;1
728.385;0.0;0.0;89.99752413963853;31.99145299145299;31.99145299145299;32.0;32.0;1;1
728.489;0.0;0.0;89.99752413963853;31.99145299145299;31.99145299145299;32.0;32.0;1;1
728.604;0.0;0.0;89.99752413963853;31.99145299145299;31.99145299145299;32.0;32.0;1;1
728.707;0.0;0.0;89.99752413963853;31.99145299145299;31.99145299145299;32.0;32.0;1;1
728.821;0.0;0.0;89.99752413963853;31.99145299145299;31.99145299145299;32.0;32.0;1;1
728.929;0.0;0.0;89.99752413963853;31.99145299145299;31.99145299145299;32.0;32.0;1;1
729.039;0.0;0.0;89.99752413963853;31.99145299145299;31.99145299145299;32.0;32.0;1;1
729.152;0.0;0.0;89.99752413963853;31.99145299145299;31.99145299145299;32.0;32.0;1;1
729.267;0.0;0.0;89.99752413963853;31.99145299145299;31.99145299145299;32.0;32.0;1;1
729.372;0.0;0.0;89.99752413963853;31.99145299145299;31.99145299145299;32.0;32.0;1;1
729.475;0.0;0.0;89.99752413963853;31.99145299145299;31.99145299145299;32.0;32.0;1;1
729.598;0.0;0.0;89.99752413963853;31.99145299145299;31.99145299145299;32.0;32.0;1;1
729.698;0.0;0.0;89.99752413963853;31.99145299145299;31.99145299145299;32.0;32.0;1;1
729.801;0.0;0.0;89.99752413963853;31.99145299145299;31.99145299145299;32.0;32.0;1;1
729.912;0.0;0.0;89.99752413963853;31.99145299145299;31.99145299145299;32.0;32.0;1;1
730.023;0.0;0.0;89.99752413963853;31.99145299145299;31.99145299145299;32.0;32.0;1;1
730.135;0.0;0.0;89.99752413963853;31.99145299145299;31.99145299145299;32.0;32.0;1;1
730.246;0.0;0.0;89.99752413963853;31.99145299145299;31.99145299145299;32.0;32.0;1;1
730.358;0.0;0.0;89.99752413963853;31.99145299145299;31.99145299145299;32.0;32.0;1;1
730.463;0.0;0.0;89.99752413963853;31.99145299145299;31.99145299145299;32.0;32.0;1;1
730.579;0.0;0.0;89.99752413963853;31.99145299145299;31.99145299145299;32.0;32.0;1;1
730.688;0.0;0.0;89.99752413963853;31.99145299145299;31.99145299145299;32.0;32.0;1;1
730.8;0.0;0.0;89.99752413963853;31.99145299145299;31.99145299145299;32.0;32.0;1;1
730.902;0.0;0.0;89.99752413963853;31.99145299145299;31.99145299145299;32.0;32.0;1;1
731.005;0.0;0.0;89.99752413963853;31.99145299145299;31.99145299145299;32.0;32.0;1;1
731.119;0.0;0.0;89.99752413963853;31.99145299145299;31.99145299145299;32.0;32.0;1;1
731.221;0.0;0.0;89.99752413963853;32.05128205128205;31.99145299145299;32.0;32.0;1;1
731.323;0.0;0.0;89.99752413963853;32.05128205128205;31.99145299145299;32.0;32.0;1;1
731.424;0.0;0.0;89.99752413963853;32.05128205128205;31.99145299145299;32.0;32.0;1;1
731.543;0.0;0.0;89.99752413963853;32.05128205128205;31.99145299145299;32.0;32.0;1;1
731.643;0.0;0.0;89.99752413963853;32.05128205128205;31.99145299145299;32.0;32.0;1;1
731.744;0.0;0.0;89.99752413963853;32.05128205128205;31.99145299145299;32.0;32.0;1;1
731.845;0.0;0.0;89.99752413963853;32.05128205128205;31.99145299145299;32.0;32.0;1;1
731.945;0.0;0.0;89.99752413963853;32.05128205128205;31.99145299145299;32.0;32.0;1;1
732.046;0.0;0.0;89.99752413963853;32.05128205128205;31.99145299145299;32.0;32.0;1;1
732.146;0.0;0.0;89.99752413963853;31.99145299145299;31.99145299145299;32.0;32.0;1;1
732.248;0.3075;0.0;89.99752413963853;31.99145299145299;31.99145299145299;32.0;32.0;1;1
732.355;0.81375;0.0;89.99752413963853;31.99145299145299;31.99145299145299;32.0;32.0;1;1
732.465;1.32375;0.0;89.99752413963853;31.99145299145299;31.99145299145299;32.0;32.0;1;1
732.566;2.09;0.0;89.99752413963853;31.99145299145299;31.99145299145299;32.0;32.0;1;1
732.676;2.59625;0.0;89.99752413963853;31.99145299145299;31.99145299145299;32.0;32.0;1;1
732.787;3.105;0.0;89.99752413963853;31.99145299145299;31.99145299145299;32.0;32.0;1;1
732.888;3.615;0.0;89.99752413963853;31.99145299145299;31.99145299145299;32.0;32.0;1;1
732.991;4.125;0.0;89.99752413963853;31.99145299145299;31.99145299145299;32.0;32.0;1;1
733.092;4.635;0.0;89.99752413963853;31.99145299145299;31.99145299145299;32.0;32.0;1;1
733.205;5.0;0.0;89.99752413963853;31.99145299145299;31.99145299145299;32.0;32.0;1;1
733.312;5.0;0.0;89.99752413963853;31.99145299145299;31.99145299145299;32.0;32.0;1;1
733.422;5.0;0.0;89.99752413963853;31.99145299145299;31.99145299145299;32.0;32.0;1;1
733.529;5.0;0.0;89.99752413963853;31.99145299145299;31.99145299145299;32.0;32.0;1;1
733.646;5.0;0.0;89.99752413963853;31.99145299145299;31.99145299145299;32.0;32.0;1;1
733.747;5.0;0.0;89.99752413963853;31.99145299145299;31.99145299145299;32.0;32.0;1;1
733.857;5.0;0.0;89.99752413963853;31.99145299145299;31.99145299145299;32.0;32.0;1;1
733.962;5.0;0.0;89.99752413963853;31.99145299145299;31.99145299145299;32.0;32.0;1;1
734.074;5.0;0.0;89.99752413963853;31.99145299145299;31.99145299145299;32.0;32.0;1;1
734.184;5.0;0.0;89.99752413963853;31.99145299145299;31.94017094017094;32.0;32.0;1;1
734.304;5.0;0.0;89.99752413963853;31.99145299145299;31.94017094017094;32.0;32.0;1;1
734.406;5.0;0.0;89.99752413963853;31.99145299145299;31.94017094017094;32.0;32.0;1;1
734.508;5.0;0.0;89.99752413963853;31.99145299145299;31.94017094017094;32.0;32.0;1;1
734.62;5.0;0.0;89.99752413963853;31.99145299145299;31.94017094017094;32.0;32.0;1;1
734.724;5.0;0.0;89.99752413963853;31.99145299145299;31.94017094017094;32.0;32.0;1;1
734.826;5.0;0.0;89.99752413963853;31.99145299145299;31.94017094017094;32.0;32.0;1;1
734.926;5.0;0.0;89.99752413963853;31.99145299145299;31.94017094017094;32.0;32.0;1;1
735.027;5.0;0.0;89.99752413963853;31.99145299145299;31.94017094017094;32.0;32.0;1;1
735.127;5.0;0.0;89.99752413963853;31.99145299145299;31.99145299145299;32.0;32.0;1;1
735.228;5.0;0.0;89.99752413963853;31.99145299145299;31.99145299145299;32.0;32.0;1;1
735.33;5.0;0.0;89.99752413963853;31.99145299145299;31.99145299145299;32.0;32.0;1;1
735.43;4.84375;0.0;89.99752413963853;31.99145299145299;31.99145299145299;32.0;32.0;1;1
735.539;4.335;0.0;89.99752413963853;31.99145299145299;31.99145299145299;32.0;32.0;1;1
735.642;4.08125;0.0;89.99752413963853;31.99145299145299;31.99145299145299;32.0;32.0;1;1
735.747;3.31875;0.0;89.99752413963853;31.99145299145299;31.99145299145299;32.0;32.0;1;1
735.856;2.81;0.0;89.99752413963853;31.99145299145299;31.99145299145299;32.0;32.0;1;1
735.958;2.30125;0.0;89.99752413963853;31.99145299145299;31.99145299145299;32.0;32.0;1;1
736.059;1.7925;0.0;89.99752413963853;31.99145299145299;31.99145299145299;32.0;32.0;1;1
736.162;1.29;0.0;89.99752413963853;31.99145299145299;31.99145299145299;32.0;32.0;1;1
736.268;0.7825;0.0;89.99752413963853;31.99145299145299;31.99145299145299;32.0;32.0;1;1
736.369;0.2725;0.0;89.99752413963853;31.99145299145299;31.99145299145299;32.0;32.0;1;1
736.473;0.0;0.0;89.99752413963853;31.99145299145299;31.99145299145299;32.0;32.0;1;1
736.573;0.0;0.0;89.99752413963853;31.99145299145299;31.99145299145299;32.0;32.0;1;1
736.674;0.0;0.0;89.99752413963853;31.99145299145299;31.99145299145299;32.0;32.0;1;1
736.774;0.0;0.0;89.99752413963853;31.99145299145299;31.99145299145299;32.0;32.0;1;1
736.875;0.0;0.0;89.99752413963853;31.99145299145299;31.99145299145299;32.0;32.0;1;1
736.976;0.0;0.0;89.99752413963853;31.99145299145299;31.99145299145299;32.0;32.0;1;1
737.078;0.0;0.0;89.99752413963853;31.99145299145299;31.99145299145299;32.0;32.0;1;1
737.181;0.0;0.0;89.99752413963853;31.99145299145299;31.99145299145299;32.0;32.0;1;1
737.288;0.0;0.0;89.99752413963853;31.99145299145299;31.99145299145299;32.0;32.0;1;1
737.394;0.0;0.0;89.99752413963853;31.99145299145299;31.99145299145299;32.0;32.0;1;1
737.494;0.0;0.0;89.99752413963853;31.99145299145299;31.99145299145299;32.0;32.0;1;1
737.598;0.0;0.0;89.99752413963853;31.99145299145299;31.99145299145299;32.0;32.0;1;1
737.709;0.0;0.0;89.99752413963853;31.99145299145299;31.99145299145299;32.0;32.0;1;1
737.809;0.0;0.0;89.99752413963853;31.99145299145299;31.99145299145299;32.0;32.0;1;1
737.921;0.0;0.0;89.99752413963853;31.99145299145299;31.99145299145299;32.0;32.0;1;1
738.033;0.0;0.0;89.99752413963853;31.99145299145299;31.99145299145299;32.0;32.0;1;1
738.152;0.0;0.0;89.99752413963853;32.05128205128205;31.99145299145299;32.0;32.0;1;1
738.257;0.0;0.0;89.99752413963853;32.05128205128205;31.99145299145299;32.0;32.0;1;1
738.372;0.0;0.0;89.99752413963853;32.05128205128205;31.99145299145299;32.0;32.0;1;1
738.472;0.0;0.0;89.99752413963853;32.05128205128205;31.99145299145299;32.0;32.0;1;1
738.598;-0.01875;0.0;89.99752413963853;32.05128205128205;31.99145299145299;32.0;32.0;1;1
738.712;-0.45375;0.0;89.99752413963853;32.05128205128205;31.99145299145299;32.0;32.0;1;1
738.823;-0.9625;0.0;89.99752413963853;32.05128205128205;31.99145299145299;32.0;32.0;1;1
738.933;-1.47;0.0;89.99752413963853;32.05128205128205;31.99145299145299;32.0;32.0;1;1
739.049;-1.97375;0.0;89.99752413963853;32.05128205128205;31.99145299145299;32.0;32.0;1;1
739.152;-2.74;0.0;89.99752413963853;32.05128205128205;31.99145299145299;32.0;32.0;1;1
739.256;-3.255;0.0;89.99752413963853;31.99145299145299;31.99145299145299;32.0;32.0;1;1
739.363;-3.76375;0.0;89.99752413963853;31.99145299145299;31.99145299145299;32.0;32.0;1;1
739.474;-4.2775;0.0;89.99752413963853;31.99145299145299;31.99145299145299;32.0;32.0;1;1
739.587;-4.7925;0.0;89.99752413963853;31.99145299145299;31.99145299145299;32.0;32.0;1;1
739.7;-5.30125;0.0;89.99752413963853;31.99145299145299;31.99145299145299;32.0;32.0;1;1
739.809;-6.07;0.0;89.99752413963853;31.99145299145299;31.99145299145299;32.0;32.0;1;1
739.922;-6.5775;0.0;89.99752413963853;31.99145299145299;31.99145299145299;32.0;32.0;1;1
740.029;-7.09125;0.0;89.99752413963853;31.99145299145299;31.99145299145299;32.0;32.0;1;1
740.146;-7.60375;0.0;89.99752413963853;31.99145299145299;31.99145299145299;32.0;32.0;1;1
740.247;-8.37375;0.0;89.99752413963853;31.99145299145299;31.99145299145299;32.0;32.0;1;1
740.352;-8.63;0.0;89.99752413963853;31.99145299145299;31.99145299145299;32.0;32.0;1;1
740.464;-9.395;0.0;89.99752413963853;31.99145299145299;31.99145299145299;32.0;32.0;1;1
740.577;-9.90875;0.0;89.99752413963853;31.99145299145299;31.99145299145299;32.0;32.0;1;1
740.684;-10.42;0.0;89.99752413963853;31.99145299145299;31.99145299145299;32.0;32.0;1;1
740.799;-10.92625;0.0;89.99752413963853;31.99145299145299;31.99145299145299;32.0;32.0;1;1
740.905;-11.69375;0.0;89.99752413963853;31.99145299145299;31.99145299145299;32.0;32.0;1;1
741.02;-12.205;0.0;89.99752413963853;31.99145299145299;31.99145299145299;32.0;32.0;1;1
741.128;-12.71125;0.0;89.99752413963853;31.99145299145299;31.99145299145299;32.0;32.0;1;1
741.242;-13.22375;0.0;89.99752413963853;31.99145299145299;31.99145299145299;32.0;32.0;1;1
741.354;-13.735;0.0;89.99752413963853;31.99145299145299;31.99145299145299;32.0;32.0;1;1
741.464;-14.4975;0.0;89.99752413963853;31.99145299145299;31.99145299145299;32.0;32.0;1;1
741.581;-15.00875;0.0;89.99752413963853;31.99145299145299;31.99145299145299;32.0;32.0;1;1
741.685;-15.52;0.0;89.99752413963853;31.99145299145299;31.99145299145299;32.0;32.0;1;1
741.799;-16.0325;0.0;89.99752413963853;31.99145299145299;31.99145299145299;32.0;32.0;1;1
741.905;-16.54375;0.0;89.99752413963853;31.99145299145299;31.99145299145299;32.0;32.0;1;1
742.017;-17.3075;0.0;89.99752413963853;31.99145299145299;31.99145299145299;32.0;32.0;1;1
742.121;-17.81875;0.0;89.99752413963853;31.99145299145299;31.99145299145299;32.0;32.0;1;1
742.225;-18.32625;0.0;89.99752413963853;31.99145299145299;31.99145299145299;32.0;32.0;1;1
742.333;-18.8375;0.0;89.99752413963853;31.99145299145299;31.99145299145299;32.0;32.0;1;1
742.449;-19.35;0.0;89.99752413963853;31.99145299145299;31.99145299145299;32.0;32.0;1;1
742.555;-19.8575;0.0;89.99752413963853;31.99145299145299;31.99145299145299;32.0;32.0;1;1
742.669;-20.625;0.0;89.99752413963853;31.99145299145299;31.99145299145299;32.0;32.0;1;1
742.777;-21.1425;0.0;89.99752413963853;31.99145299145299;31.99145299145299;32.0;32.0;1;1
742.893;-21.65375;0.0;89.99752413963853;31.99145299145299;31.99145299145299;32.0;32.0;1;1
743.004;-22.17;0.0;89.99752413963853;31.99145299145299;31.99145299145299;32.0;32.0;1;1
743.107;-22.6825;0.0;89.99752413963853;31.99145299145299;31.99145299145299;32.0;32.0;1;1
743.207;-23.4575;0.0;89.99752413963853;31.99145299145299;31.99145299145299;32.0;32.0;1;1
743.426;-24.48625;0.0;89.99752413963853;31.99145299145299;31.99145299145299;32.0;32.0;1;1
743.526;-25.0025;0.0;89.99752413963853;31.99145299145299;31.99145299145299;32.0;32.0;1;1
743.627;-25.52;0.0;89.99752413963853;31.99145299145299;31.99145299145299;32.0;32.0;1;1
743.729;-26.0325;0.0;89.99752413963853;31.99145299145299;31.99145299145299;32.0;32.0;1;1
743.832;-26.55;0.0;89.99752413963853;31.99145299145299;31.99145299145299;32.0;32.0;1;1
743.933;-27.06625;0.0;89.99752413963853;31.99145299145299;31.99145299145299;32.0;32.0;1;1
744.036;-27.57625;0.0;89.99752413963853;31.99145299145299;31.99145299145299;32.0;32.0;1;1
744.138;-28.085;0.0;89.99752413963853;31.99145299145299;31.99145299145299;32.0;32.0;1;1
744.24;-28.5925;0.0;89.99752413963853;31.99145299145299;31.99145299145299;32.0;32.0;1;1
744.343;-29.095;0.0;89.99752413963853;31.99145299145299;31.99145299145299;32.0;32.0;1;1
744.452;-29.60375;0.0;89.99752413963853;31.99145299145299;31.99145299145299;32.0;32.0;1;1
744.553;-29.995;0.0;89.99752413963853;31.99145299145299;31.99145299145299;32.0;32.0;1;1
744.653;-30.0;0.04;89.99752413963853;31.99145299145299;31.99145299145299;32.0;32.0;1;1
744.762;-30.0;0.25375;89.99752413963853;31.99145299145299;31.99145299145299;32.0;32.0;1;1
744.867;-30.0;1.02125;89.99752413963853;31.99145299145299;31.99145299145299;32.0;32.0;1;1
744.981;-30.0;1.53375;89.99752413963853;31.99145299145299;31.99145299145299;32.0;32.0;1;1
745.087;-30.0;2.0475;89.99752413963853;31.99145299145299;31.99145299145299;32.0;32.0;1;1
745.194;-30.0;2.55625;89.99752413963853;31.99145299145299;31.99145299145299;32.0;32.0;1;1
745.302;-30.0;3.075;89.99752413963853;31.99145299145299;31.99145299145299;32.0;32.0;1;1
745.415;-30.0;3.59375;89.99752413963853;31.99145299145299;31.99145299145299;32.0;32.0;1;1
745.526;-30.0;4.3675;89.99752413963853;31.99145299145299;31.99145299145299;32.0;32.0;1;1
745.64;-30.0;4.88625;89.99752413963853;31.99145299145299;31.99145299145299;32.0;32.0;1;1
745.747;-30.0;5.4;89.99752413963853;31.99145299145299;31.99145299145299;32.0;32.0;1;1
745.848;-30.0;5.91625;89.99752413963853;31.99145299145299;31.99145299145299;32.0;32.0;1;1
745.958;-30.0;6.69375;89.99752413963853;31.99145299145299;31.99145299145299;32.0;32.0;1;1
746.063;-30.0;7.21125;89.99752413963853;31.99145299145299;31.99145299145299;32.0;32.0;1;1
746.164;-30.0;7.72875;89.99752413963853;31.99145299145299;31.99145299145299;32.0;32.0;1;1
746.264;-30.0;8.24125;89.99752413963853;31.99145299145299;31.99145299145299;32.0;32.0;1;1
746.365;-30.0;8.75875;89.99752413963853;31.99145299145299;31.99145299145299;32.0;32.0;1;1
746.466;-30.0;9.2775;89.99752413963853;31.99145299145299;31.99145299145299;32.0;32.0;1;1
746.567;-30.0;9.79;89.99752413963853;31.99145299145299;31.99145299145299;32.0;32.0;1;1
746.668;-30.0;10.3075;89.99752413963853;31.99145299145299;31.99145299145299;32.0;32.0;1;1
746.769;-30.0;10.82375;89.99752413963853;31.99145299145299;31.99145299145299;32.0;32.0;1;1
746.87;-30.0;11.33375;89.99752413963853;31.99145299145299;31.99145299145299;32.0;32.0;1;1
746.971;-30.0;11.85;89.99752413963853;31.99145299145299;31.99145299145299;32.0;32.0;1;1
747.083;-30.0;12.36625;89.99752413963853;31.99145299145299;31.99145299145299;32.0;32.0;1;1
747.185;-30.0;12.8775;89.99752413963853;31.99145299145299;31.99145299145299;32.0;32.0;1;1
747.303;-30.0;13.39375;89.99752413963853;31.99145299145299;31.99145299145299;32.0;32.0;1;1
747.406;-30.0;13.91;89.99752413963853;31.99145299145299;31.99145299145299;32.0;32.0;1;1
747.516;-30.0;14.42125;89.99752413963853;31.99145299145299;31.99145299145299;32.0;32.0;1;1
747.621;-30.0;14.9375;89.99752413963853;31.99145299145299;31.99145299145299;32.0;32.0;1;1
747.735;-30.0;15.70625;89.99752413963853;31.99145299145299;31.99145299145299;32.0;32.0;1;1
747.84;-30.0;16.22375;89.99752413963853;31.99145299145299;31.99145299145299;32.0;32.0;1;1
747.957;-30.0;16.74;89.99752413963853;31.99145299145299;31.99145299145299;32.0;32.0;1;1
748.057;-30.0;17.25125;89.99752413963853;31.99145299145299;31.99145299145299;32.0;32.0;1;1
748.158;-30.0;17.7675;89.99752413963853;31.99145299145299;31.99145299145299;32.0;32.0;1;1
748.26;-30.0;18.5425;89.99752413963853;31.99145299145299;31.99145299145299;32.0;32.0;1;1
748.36;-30.0;19.05375;89.99752413963853;31.99145299145299;31.99145299145299;32.0;32.0;1;1
748.46;-30.0;19.57125;89.99752413963853;31.99145299145299;31.99145299145299;32.0;32.0;1;1
748.563;-30.0;20.08875;89.99752413963853;31.99145299145299;31.99145299145299;32.0;32.0;1;1
748.664;-30.0;20.6;89.99752413963853;31.99145299145299;31.99145299145299;32.0;32.0;1;1
748.764;-30.0;21.12125;89.99752413963853;31.99145299145299;31.99145299145299;32.0;32.0;1;1
748.864;-30.0;21.6425;89.99752413963853;31.99145299145299;31.99145299145299;32.0;32.0;1;1
748.967;-30.0;22.16375;89.99752413963853;31.99145299145299;31.99145299145299;32.0;32.0;1;1
749.074;-30.0;22.685;89.99752413963853;31.99145299145299;31.99145299145299;32.0;32.0;1;1
749.184;-30.0;23.20125;89.99752413963853;31.99145299145299;31.99145299145299;32.0;32.0;1;1
749.296;-30.0;23.72375;89.99752413963853;31.99145299145299;31.99145299145299;32.0;32.0;1;1
749.397;-30.0;24.245;89.99752413963853;31.99145299145299;31.99145299145299;32.0;32.0;1;1
749.498;-30.0;24.76125;89.99752413963853;31.99145299145299;31.99145299145299;32.0;32.0;1;1
749.608;-30.0;25.28375;89.99752413963853;31.99145299145299;31.99145299145299;32.0;32.0;1;1
749.715;-30.0;25.805;89.99752413963853;31.99145299145299;31.99145299145299;32.0;32.0;1;1
749.831;-30.0;26.3225;89.99752413963853;31.99145299145299;31.99145299145299;32.0;32.0;1;1
749.935;-30.0;27.105;89.99752413963853;31.99145299145299;31.99145299145299;32.0;32.0;1;1
750.053;-30.0;27.62625;89.99752413963853;31.99145299145299;31.99145299145299;32.0;32.0;1;1
750.158;-30.0;28.1425;89.99752413963853;31.99145299145299;31.99145299145299;32.0;32.0;1;1
750.258;-30.0;28.925;89.99752413963853;32.05128205128205;31.99145299145299;32.0;32.0;1;1
750.368;-30.0;29.18625;89.99752413963853;32.05128205128205;31.99145299145299;32.0;32.0;1;1
750.479;-30.0;29.70875;89.99752413963853;32.05128205128205;31.99145299145299;32.0;32.0;1;1
750.589;-30.0;30.49125;89.99752413963853;32.05128205128205;31.99145299145299;32.0;32.0;1;1
750.705;-30.0;31.0075;89.99752413963853;32.05128205128205;31.99145299145299;32.0;32.0;1;1
750.811;-30.0;31.53;89.99752413963853;32.05128205128205;31.99145299145299;32.0;32.0;1;1
750.925;-30.0;32.0525;89.99752413963853;32.05128205128205;31.99145299145299;32.0;32.0;1;1
751.039;-30.0;32.56875;89.99752413963853;32.05128205128205;31.99145299145299;32.0;32.0;1;1
751.141;-30.0;33.35125;89.99752413963853;32.05128205128205;31.99145299145299;32.0;32.0;1;1
751.242;-30.0;33.86875;89.99752413963853;31.99145299145299;31.99145299145299;32.0;32.0;1;1
751.358;-30.0;34.39;89.99752413963853;31.99145299145299;31.99145299145299;32.0;32.0;1;1
751.469;-30.0;34.9125;89.99752413963853;31.99145299145299;31.99145299145299;32.0;32.0;1;1
751.58;-30.0;35.43;89.99752413963853;31.99145299145299;31.99145299145299;32.0;32.0;1;1
751.693;-30.0;35.9525;89.99752413963853;31.99145299145299;31.99145299145299;32.0;32.0;1;1
751.798;-30.0;36.73;89.99752413963853;31.99145299145299;31.99145299145299;32.0;32.0;1;1
751.903;-30.0;37.2525;89.99752413963853;31.99145299145299;31.99145299145299;32.0;32.0;1;1
752.017;-30.0;37.775;89.99752413963853;31.99145299145299;31.99145299145299;32.0;32.0;1;1
752.123;-30.0;38.2925;89.99752413963853;31.99145299145299;31.99145299145299;32.0;32.0;1;1
752.24;-30.0;38.815;89.99752413963853;31.99145299145299;31.99145299145299;32.0;32.0;1;1
752.342;-30.0;39.59875;89.99752413963853;31.99145299145299;31.99145299145299;32.0;32.0;1;1
752.455;-30.0;40.1175;89.99752413963853;31.99145299145299;31.99145299145299;32.0;32.0;1;1
752.556;-30.0;40.645;89.99752413963853;31.99145299145299;31.99145299145299;32.0;32.0;1;1
752.662;-30.0;41.1725;89.99752413963853;31.99145299145299;31.99145299145299;32.0;32.0;1;1
752.779;-30.0;41.69375;89.99752413963853;31.99145299145299;31.99145299145299;32.0;32.0;1;1
752.888;-30.0;42.22;89.99752413963853;31.99145299145299;31.99145299145299;32.0;32.0;1;1
753.001;-30.0;43.005;89.99752413963853;31.99145299145299;31.99145299145299;32.0;32.0;1;1
753.119;-30.0;43.53125;89.99752413963853;31.99145299145299;31.99145299145299;32.0;32.0;1;1
753.225;-30.0;44.05875;89.99752413963853;31.99145299145299;31.99145299145299;32.0;32.0;1;1
753.331;-30.0;44.585;89.99752413963853;31.99145299145299;31.99145299145299;32.0;32.0;1;1
753.432;-30.0;45.37625;89.99752413963853;31.99145299145299;31.99145299145299;32.0;32.0;1;1
753.543;-30.0;45.64;89.99752413963853;31.99145299145299;31.99145299145299;32.0;32.0;1;1
753.648;-30.0;46.425;89.99752413963853;31.99145299145299;31.99145299145299;32.0;32.0;1;1
753.75;-30.0;46.95125;89.99752413963853;31.99145299145299;31.99145299145299;32.0;32.0;1;1
753.855;-30.0;47.4725;89.99752413963853;31.99145299145299;31.99145299145299;32.0;32.0;1;1
753.967;-30.0;47.98625;89.99752413963853;31.99145299145299;31.99145299145299;32.0;32.0;1;1
754.08;-30.0;48.49875;89.99752413963853;31.99145299145299;31.99145299145299;32.0;32.0;1;1
754.204;-30.0;49.005;89.99752413963853;31.99145299145299;31.99145299145299;32.0;32.0;1;1
754.312;-30.0;49.7775;89.99752413963853;31.99145299145299;31.99145299145299;32.0;32.0;1;1
754.427;-30.0;50.0;89.99752413963853;31.99145299145299;31.99145299145299;32.0;32.0;1;1
754.536;-30.0;50.0;90.12131715771231;31.99145299145299;31.99145299145299;32.0;32.0;1;1
754.637;-30.0;50.0;90.36890319385988;31.99145299145299;31.99145299145299;32.0;32.0;1;1
754.745;-30.0;50.0;90.49269621193365;31.99145299145299;31.99145299145299;32.0;32.0;1;1
754.856;-30.0;50.0;90.8021787571181;31.99145299145299;31.99145299145299;32.0;32.0;1;1
754.967;-30.0;50.0;90.98786828422878;31.99145299145299;31.99145299145299;32.0;32.0;1;1
755.079;-30.0;50.0;91.17355781133945;31.99145299145299;31.99145299145299;32.0;32.0;1;1
755.185;-30.0;50.0;91.35924733845012;31.99145299145299;31.99145299145299;32.0;32.0;1;1
755.288;-30.0;50.0;91.66872988363457;31.99145299145299;31.99145299145299;32.0;32.0;1;1
755.393;-30.0;50.0;91.85441941074524;31.99145299145299;31.99145299145299;32.0;32.0;1;1
755.493;-30.0;50.0;91.97821242881902;31.99145299145299;31.99145299145299;32.0;32.0;1;1
755.594;-30.0;50.0;91.97821242881902;31.99145299145299;31.99145299145299;32.0;32.0;1;1
755.695;-30.0;50.0;91.97821242881902;31.99145299145299;31.99145299145299;32.0;32.0;1;1
755.795;-30.0;50.0;91.97821242881902;31.99145299145299;31.99145299145299;32.0;32.0;1;1
755.896;-30.0;50.0;91.97821242881902;31.99145299145299;31.99145299145299;32.0;32.0;1;1
755.997;-30.0;50.0;91.97821242881902;31.99145299145299;31.99145299145299;32.0;32.0;1;1
756.1;-30.0;50.0;91.97821242881902;31.99145299145299;31.99145299145299;32.0;32.0;1;1
756.207;-30.0;50.0;91.97821242881902;31.99145299145299;31.99145299145299;32.0;32.0;1;1
756.308;-30.0;50.0;91.97821242881902;31.99145299145299;31.99145299145299;32.0;32.0;1;1
756.411;-30.0;50.0;91.97821242881902;31.99145299145299;31.99145299145299;32.0;32.0;1;1
756.523;-30.0;50.0;91.97821242881902;31.99145299145299;31.99145299145299;32.0;32.0;1;1
756.635;-30.0;50.0;91.97821242881902;31.99145299145299;31.99145299145299;32.0;32.0;1;1
756.747;-30.0;50.0;91.97821242881902;31.99145299145299;31.99145299145299;32.0;32.0;1;1
756.847;-30.0;50.0;91.97821242881902;31.99145299145299;31.99145299145299;32.0;32.0;1;1
756.968;-30.0;50.0;91.97821242881902;31.99145299145299;31.99145299145299;32.0;32.0;1;1
757.082;-30.0;50.0;91.97821242881902;31.99145299145299;31.99145299145299;32.0;32.0;1;1
757.193;-30.0;50.0;91.97821242881902;31.99145299145299;31.99145299145299;32.0;32.0;1;1
757.294;-30.0;50.0;91.97821242881902;31.99145299145299;31.94017094017094;32.0;32.0;1;1
757.401;-30.0;50.0;91.97821242881902;31.99145299145299;31.94017094017094;32.0;32.0;1;1
757.512;-30.0;50.0;91.97821242881902;31.99145299145299;31.94017094017094;32.0;32.0;1;1
757.619;-30.0;50.0;91.97821242881902;31.99145299145299;31.94017094017094;32.0;32.0;1;1
757.737;-30.0;50.0;91.97821242881902;31.99145299145299;31.94017094017094;32.0;32.0;1;1
757.841;-30.0;50.0;91.97821242881902;31.99145299145299;31.94017094017094;32.0;32.0;1;1
757.955;-30.0;50.0;91.97821242881902;31.99145299145299;31.94017094017094;32.0;32.0;1;1
758.062;-30.0;50.0;91.97821242881902;31.99145299145299;31.94017094017094;32.0;32.0;1;1
758.163;-30.0;50.0;91.97821242881902;31.99145299145299;31.94017094017094;32.0;32.0;1;1
758.267;-30.0;50.0;91.97821242881902;31.99145299145299;31.99145299145299;32.0;32.0;1;1
758.369;-30.0;50.0;91.97821242881902;31.99145299145299;31.99145299145299;32.0;32.0;1;1
758.492;-30.0;50.0;91.97821242881902;31.99145299145299;31.99145299145299;32.0;32.0;1;1
758.606;-30.0;50.0;91.97821242881902;31.99145299145299;31.99145299145299;32.0;32.0;1;1
758.713;-30.0;50.0;91.97821242881902;31.99145299145299;31.99145299145299;32.0;32.0;1;1
758.83;-30.0;50.0;91.97821242881902;31.99145299145299;31.99145299145299;32.0;32.0;1;1
758.933;-30.0;50.0;91.97821242881902;31.99145299145299;31.99145299145299;32.0;32.0;1;1
759.051;-30.0;50.0;91.97821242881902;31.99145299145299;31.99145299145299;32.0;32.0;1;1
759.156;-30.0;50.0;91.97821242881902;31.99145299145299;31.99145299145299;32.0;32.0;1;1
759.258;-30.0;50.0;91.97821242881902;31.99145299145299;31.99145299145299;32.0;32.0;1;1
759.366;-30.0;50.0;91.97821242881902;31.99145299145299;31.99145299145299;32.0;32.0;1;1
759.482;-30.0;50.0;91.97821242881902;31.99145299145299;31.99145299145299;32.0;32.0;1;1
759.587;-30.0;50.0;91.97821242881902;31.99145299145299;31.99145299145299;32.0;32.0;1;1
759.698;-30.0;50.0;91.97821242881902;31.99145299145299;31.99145299145299;32.0;32.0;1;1
759.809;-29.9575;50.0;91.97821242881902;31.99145299145299;31.99145299145299;32.0;32.0;1;1
759.929;-29.48375;50.0;91.97821242881902;31.99145299145299;31.99145299145299;32.0;32.0;1;1
760.037;-28.72375;50.0;91.97821242881902;31.99145299145299;31.99145299145299;32.0;32.0;1;1
760.138;-28.2125;50.0;91.97821242881902;31.99145299145299;31.99145299145299;32.0;32.0;1;1
760.24;-27.7025;50.0;91.97821242881902;31.99145299145299;31.99145299145299;32.0;32.0;1;1
760.356;-27.1975;50.0;91.97821242881902;31.99145299145299;31.99145299145299;32.0;32.0;1;1
760.462;-26.6875;50.0;91.97821242881902;31.99145299145299;31.99145299145299;32.0;32.0;1;1
760.579;-25.92875;50.0;91.97821242881902;31.99145299145299;31.99145299145299;32.0;32.0;1;1
760.683;-25.41875;50.0;91.97821242881902;31.99145299145299;31.99145299145299;32.0;32.0;1;1
760.784;-25.0075;50.0;91.97821242881902;31.99145299145299;31.99145299145299;32.0;32.0;1;1
760.892;-25.0;50.0;91.97821242881902;31.99145299145299;31.99145299145299;32.0;32.0;1;1
761.003;-25.0;50.0;91.97821242881902;31.99145299145299;31.99145299145299;32.0;32.0;1;1
761.113;-25.0;50.0;91.97821242881902;31.99145299145299;31.99145299145299;32.0;32.0;1;1
761.224;-25.0;50.0;91.97821242881902;31.99145299145299;31.99145299145299;32.0;32.0;1;1
761.336;-25.0;50.0;91.97821242881902;31.99145299145299;31.99145299145299;32.0;32.0;1;1
761.452;-25.0;50.0;91.97821242881902;31.99145299145299;31.99145299145299;32.0;32.0;1;1
761.555;-25.0;50.0;91.97821242881902;31.99145299145299;31.99145299145299;32.0;32.0;1;1
761.671;-25.0;50.0;91.97821242881902;31.99145299145299;31.99145299145299;32.0;32.0;1;1
761.779;-25.0;50.0;91.97821242881902;31.99145299145299;31.99145299145299;32.0;32.0;1;1
761.893;-25.0;50.0;91.97821242881902;31.99145299145299;31.99145299145299;32.0;32.0;1;1
762.002;-25.0;50.0;91.97821242881902;31.99145299145299;31.99145299145299;32.0;32.0;1;1
762.103;-25.0;50.0;91.97821242881902;31.99145299145299;31.99145299145299;32.0;32.0;1;1
762.21;-25.0;50.0;91.97821242881902;31.99145299145299;31.99145299145299;32.0;32.0;1;1
762.311;-25.0;50.0;91.97821242881902;31.99145299145299;31.99145299145299;32.0;32.0;1;1
762.415;-25.0;50.0;91.97821242881902;31.99145299145299;31.99145299145299;32.0;32.0;1;1
762.515;-25.0;50.0;91.97821242881902;31.99145299145299;31.99145299145299;32.0;32.0;1;1
762.616;-25.0;50.0;91.97821242881902;31.99145299145299;31.99145299145299;32.0;32.0;1;1
762.716;-25.0;50.0;91.97821242881902;31.99145299145299;31.99145299145299;32.0;32.0;1;1
762.817;-25.0;50.0;91.97821242881902;31.99145299145299;31.99145299145299;32.0;32.0;1;1
762.917;-25.0;50.0;91.97821242881902;31.99145299145299;31.99145299145299;32.0;32.0;1;1
763.018;-25.175;50.0;91.97821242881902;31.99145299145299;31.99145299145299;32.0;32.0;1;1
763.122;-25.68875;50.0;91.97821242881902;31.99145299145299;31.99145299145299;32.0;32.0;1;1
763.225;-26.19125;50.0;91.97821242881902;31.99145299145299;31.99145299145299;32.0;32.0;1;1
763.326;-26.7;50.0;91.97821242881902;31.99145299145299;31.99145299145299;32.0;32.0;1;1
763.427;-26.955;50.0;91.97821242881902;31.99145299145299;31.99145299145299;32.0;32.0;1;1
763.527;-27.46375;50.0;91.97821242881902;31.99145299145299;31.99145299145299;32.0;32.0;1;1
763.632;-28.225;50.0;91.97821242881902;31.99145299145299;31.99145299145299;32.0;32.0;1;1
763.734;-28.72875;50.0;91.97821242881902;31.99145299145299;31.99145299145299;32.0;32.0;1;1
763.835;-29.235;50.0;91.97821242881902;31.99145299145299;31.99145299145299;32.0;32.0;1;1
763.958;-29.74625;50.0;91.97821242881902;31.99145299145299;31.99145299145299;32.0;32.0;1;1
764.065;-30.0;50.0;91.97821242881902;31.99145299145299;31.99145299145299;32.0;32.0;1;1
764.179;-30.0;50.0;91.97821242881902;31.99145299145299;31.99145299145299;32.0;32.0;1;1
764.296;-30.0;50.0;91.97821242881902;31.99145299145299;31.99145299145299;32.0;32.0;1;1
764.401;-30.0;50.0;91.97821242881902;31.99145299145299;31.99145299145299;32.0;32.0;1;1
764.514;-30.0;50.0;91.97821242881902;31.99145299145299;31.99145299145299;32.0;32.0;1;1
764.623;-30.0;50.0;91.97821242881902;31.99145299145299;31.99145299145299;32.0;32.0;1;1
764.737;-30.0;50.0;91.97821242881902;31.99145299145299;31.99145299145299;32.0;32.0;1;1
764.848;-30.0;50.0;91.97821242881902;31.99145299145299;31.99145299145299;32.0;32.0;1;1
764.961;-30.0;50.0;91.97821242881902;31.99145299145299;31.99145299145299;32.0;32.0;1;1
765.075;-30.0;50.0;91.97821242881902;31.99145299145299;31.99145299145299;32.0;32.0;1;1
765.182;-30.0;50.0;91.97821242881902;31.99145299145299;31.99145299145299;32.0;32.0;1;1
765.293;-30.0;50.0;91.97821242881902;31.99145299145299;31.99145299145299;32.0;32.0;1;1
765.395;-30.0;50.0;91.97821242881902;31.99145299145299;31.99145299145299;32.0;32.0;1;1
765.502;-30.0;50.0;91.97821242881902;31.99145299145299;31.99145299145299;32.0;32.0;1;1
765.628;-30.0;50.0;91.97821242881902;31.99145299145299;31.99145299145299;32.0;32.0;1;1
765.742;-30.0;50.0;91.97821242881902;31.99145299145299;31.99145299145299;32.0;32.0;1;1
765.851;-30.0;50.0;91.97821242881902;31.99145299145299;31.99145299145299;32.0;32.0;1;1
765.964;-30.0;50.0;91.97821242881902;31.99145299145299;31.99145299145299;32.0;32.0;1;1
766.073;-30.0;50.0;91.97821242881902;31.99145299145299;31.99145299145299;32.0;32.0;1;1
766.174;-30.0;50.0;91.97821242881902;31.99145299145299;31.99145299145299;32.0;32.0;1;1
766.277;-30.0;50.0;91.97821242881902;31.99145299145299;31.99145299145299;32.0;32.0;1;1
766.377;-30.0;50.0;91.97821242881902;31.99145299145299;31.99145299145299;32.0;32.0;1;1
766.477;-30.0;50.0;91.97821242881902;31.99145299145299;31.99145299145299;32.0;32.0;1;1
766.578;-30.0;50.0;91.97821242881902;31.99145299145299;31.99145299145299;32.0;32.0;1;1
766.679;-30.0;50.0;91.97821242881902;31.99145299145299;31.99145299145299;32.0;32.0;1;1
766.779;-30.0;50.0;91.97821242881902;31.99145299145299;31.99145299145299;32.0;32.0;1;1
766.879;-30.0;50.0;91.97821242881902;31.99145299145299;31.99145299145299;32.0;32.0;1;1
766.984;-30.0;50.0;91.97821242881902;31.99145299145299;31.99145299145299;32.0;32.0;1;1
767.088;-30.0;50.0;91.97821242881902;31.99145299145299;31.99145299145299;32.0;32.0;1;1
767.189;-30.0;50.0;91.97821242881902;31.99145299145299;31.99145299145299;32.0;32.0;1;1
767.296;-30.0;50.0;91.97821242881902;31.99145299145299;31.99145299145299;32.0;32.0;1;1
767.399;-30.0;50.0;91.97821242881902;31.99145299145299;31.99145299145299;32.0;32.0;1;1
767.5;-30.0;50.0;91.97821242881902;31.99145299145299;31.99145299145299;32.0;32.0;1;1
767.614;-30.0;50.0;91.97821242881902;31.99145299145299;31.99145299145299;32.0;32.0;1;1
767.722;-30.0;50.0;91.97821242881902;31.99145299145299;31.99145299145299;32.0;32.0;1;1
767.832;-30.0;50.0;91.97821242881902;31.99145299145299;31.99145299145299;32.0;32.0;1;1
767.944;-30.0;50.0;91.97821242881902;31.99145299145299;31.99145299145299;32.0;32.0;1;1
768.054;-30.0;50.0;91.97821242881902;31.99145299145299;31.99145299145299;32.0;32.0;1;1
768.166;-30.0;50.0;91.97821242881902;31.99145299145299;31.99145299145299;32.0;32.0;1;1
768.277;-30.0;50.0;91.97821242881902;31.99145299145299;31.99145299145299;32.0;32.0;1;1
768.393;-30.0;50.0;91.97821242881902;31.99145299145299;31.99145299145299;32.0;32.0;1;1
768.5;-30.0;50.0;91.97821242881902;31.99145299145299;31.99145299145299;32.0;32.0;1;1
768.613;-30.0;50.0;91.97821242881902;31.99145299145299;31.99145299145299;32.0;32.0;1;1
768.724;-30.0;50.0;91.97821242881902;31.99145299145299;31.99145299145299;32.0;32.0;1;1
768.836;-30.0;50.0;91.97821242881902;31.99145299145299;31.99145299145299;32.0;32.0;1;1
768.952;-30.0;50.0;91.97821242881902;31.99145299145299;31.99145299145299;32.0;32.0;1;1
769.056;-30.0;50.0;91.97821242881902;31.99145299145299;31.99145299145299;32.0;32.0;1;1
769.172;-30.0;50.0;91.97821242881902;31.99145299145299;31.99145299145299;32.0;32.0;1;1
769.28;-30.0;50.0;91.97821242881902;31.99145299145299;31.99145299145299;32.0;32.0;1;1
769.392;-30.0;50.0;91.97821242881902;31.99145299145299;31.99145299145299;32.0;32.0;1;1
769.493;-30.0;50.0;91.97821242881902;31.99145299145299;31.99145299145299;32.0;32.0;1;1
769.599;-30.0;50.0;91.97821242881902;31.99145299145299;31.99145299145299;32.0;32.0;1;1
769.711;-30.0;50.0;91.97821242881902;31.99145299145299;31.99145299145299;32.0;32.0;1;1
769.819;-30.0;50.0;91.97821242881902;31.99145299145299;31.99145299145299;32.0;32.0;1;1
769.94;-30.0;50.0;91.97821242881902;31.99145299145299;31.99145299145299;32.0;32.0;1;1
770.041;-30.0;50.0;91.97821242881902;31.99145299145299;31.99145299145299;32.0;32.0;1;1
770.155;-30.0;50.0;91.97821242881902;31.99145299145299;31.99145299145299;32.0;32.0;1;1
770.27;-30.0;50.0;91.97821242881902;31.99145299145299;31.99145299145299;32.0;32.0;1;1
770.372;-30.0;50.0;91.97821242881902;31.99145299145299;31.99145299145299;32.0;32.0;1;1
770.473;-30.0;50.0;91.97821242881902;31.99145299145299;31.99145299145299;32.0;32.0;1;1
770.586;-30.0;50.0;91.97821242881902;31.99145299145299;31.99145299145299;32.0;32.0;1;1
770.691;-30.0;50.0;91.97821242881902;31.99145299145299;31.99145299145299;32.0;32.0;1;1
770.803;-30.0;50.0;91.97821242881902;31.99145299145299;31.99145299145299;32.0;32.0;1;1
770.92;-30.0;50.0;91.97821242881902;31.99145299145299;31.99145299145299;32.0;32.0;1;1
771.023;-30.0;50.0;91.97821242881902;31.99145299145299;31.99145299145299;32.0;32.0;1;1
771.135;-30.0;50.0;91.97821242881902;31.99145299145299;31.99145299145299;32.0;32.0;1;1
771.247;-30.0;50.0;91.97821242881902;31.99145299145299;31.99145299145299;32.0;32.0;1;1
771.349;-30.0;50.0;91.97821242881902;31.99145299145299;31.94017094017094;32.0;32.0;1;1
771.465;-30.0;50.0;91.97821242881902;31.99145299145299;31.94017094017094;32.0;32.0;1;1
771.566;-30.0;50.0;91.97821242881902;31.99145299145299;31.94017094017094;32.0;32.0;1;1
771.675;-30.0;50.0;91.97821242881902;31.99145299145299;31.94017094017094;32.0;32.0;1;1
771.787;-30.0;50.0;91.97821242881902;31.99145299145299;31.94017094017094;32.0;32.0;1;1
771.9;-30.0;50.0;91.97821242881902;31.99145299145299;31.94017094017094;32.0;32.0;1;1
772.013;-30.0;50.0;91.97821242881902;31.99145299145299;31.94017094017094;32.0;32.0;1;1
772.117;-30.0;50.0;91.97821242881902;31.99145299145299;31.94017094017094;32.0;32.0;1;1
772.232;-30.0;50.0;91.97821242881902;31.99145299145299;31.94017094017094;32.0;32.0;1;1
772.344;-30.0;50.0;91.97821242881902;31.99145299145299;31.99145299145299;32.0;32.0;1;1
772.454;-30.0;50.0;91.97821242881902;31.99145299145299;31.99145299145299;32.0;32.0;1;1
772.561;-30.0;50.0;91.97821242881902;31.99145299145299;31.99145299145299;32.0;32.0;1;1
772.675;-30.0;50.0;91.97821242881902;31.99145299145299;31.99145299145299;32.0;32.0;1;1
772.776;-30.0;50.0;91.97821242881902;31.99145299145299;31.99145299145299;32.0;32.0;1;1
772.881;-30.0;50.0;91.97821242881902;31.99145299145299;31.99145299145299;32.0;32.0;1;1
772.982;-30.0;50.0;91.97821242881902;31.99145299145299;31.99145299145299;32.0;32.0;1;1
773.089;-30.0;50.0;91.97821242881902;31.99145299145299;31.99145299145299;32.0;32.0;1;1
773.189;-30.0;50.0;91.97821242881902;31.99145299145299;31.99145299145299;32.0;32.0;1;1
773.29;-30.0;50.0;91.97821242881902;31.99145299145299;31.99145299145299;32.0;32.0;1;1
773.39;-30.0;50.0;91.97821242881902;31.99145299145299;31.99145299145299;32.0;32.0;1;1
773.491;-30.0;50.0;91.97821242881902;31.99145299145299;31.99145299145299;32.0;32.0;1;1
773.594;-30.0;50.0;91.97821242881902;31.99145299145299;31.99145299145299;32.0;32.0;1;1
773.694;-30.0;50.0;91.97821242881902;31.99145299145299;31.99145299145299;32.0;32.0;1;1
773.795;-30.0;50.0;91.97821242881902;31.99145299145299;31.99145299145299;32.0;32.0;1;1
773.901;-30.0;50.0;91.97821242881902;31.99145299145299;31.99145299145299;32.0;32.0;1;1
774.004;-30.0;50.0;91.97821242881902;31.99145299145299;31.99145299145299;32.0;32.0;1;1
774.108;-30.0;50.0;91.97821242881902;31.99145299145299;31.99145299145299;32.0;32.0;1;1
774.213;-30.0;50.0;91.97821242881902;31.99145299145299;31.99145299145299;32.0;32.0;1;1
774.315;-30.0;50.0;91.97821242881902;31.99145299145299;31.99145299145299;32.0;32.0;1;1
774.429;-30.0;50.0;91.97821242881902;31.99145299145299;31.99145299145299;32.0;32.0;1;1
774.54;-30.0;50.0;91.97821242881902;31.99145299145299;31.99145299145299;32.0;32.0;1;1
774.648;-30.0;50.0;91.97821242881902;31.99145299145299;31.99145299145299;32.0;32.0;1;1
774.749;-30.0;50.0;91.97821242881902;31.99145299145299;31.99145299145299;32.0;32.0;1;1
774.868;-30.0;50.0;91.97821242881902;31.99145299145299;31.99145299145299;32.0;32.0;1;1
774.968;-30.0;50.0;91.97821242881902;31.99145299145299;31.99145299145299;32.0;32.0;1;1
775.073;-30.0;50.0;91.97821242881902;31.99145299145299;31.99145299145299;32.0;32.0;1;1
775.173;-30.0;50.0;91.97821242881902;31.99145299145299;31.99145299145299;32.0;32.0;1;1
775.283;-30.0;50.0;91.97821242881902;31.99145299145299;31.99145299145299;32.0;32.0;1;1
775.384;-30.0;50.0;91.97821242881902;31.99145299145299;31.99145299145299;32.0;32.0;1;1
775.484;-30.0;50.0;91.97821242881902;31.99145299145299;31.99145299145299;32.0;32.0;1;1
775.585;-30.0;50.0;91.97821242881902;31.99145299145299;31.99145299145299;32.0;32.0;1;1
775.687;-30.0;50.0;91.97821242881902;31.99145299145299;31.99145299145299;32.0;32.0;1;1
775.787;-30.0;50.0;91.97821242881902;31.99145299145299;31.99145299145299;32.0;32.0;1;1
775.89;-30.0;50.0;91.97821242881902;31.99145299145299;31.99145299145299;32.0;32.0;1;1
775.994;-30.0;50.0;91.97821242881902;31.99145299145299;31.99145299145299;32.0;32.0;1;1
776.096;-30.0;50.0;91.97821242881902;31.99145299145299;31.99145299145299;32.0;32.0;1;1
776.205;-30.0;50.0;91.97821242881902;31.99145299145299;31.99145299145299;32.0;32.0;1;1
776.316;-30.0;50.0;91.97821242881902;31.99145299145299;31.99145299145299;32.0;32.0;1;1
776.425;-30.0;50.0;91.97821242881902;31.99145299145299;31.99145299145299;32.0;32.0;1;1
776.526;-30.0;50.0;91.97821242881902;31.99145299145299;31.99145299145299;32.0;32.0;1;1
776.635;-30.0;50.0;91.97821242881902;31.99145299145299;31.99145299145299;32.0;32.0;1;1
776.738;-30.0;50.0;91.97821242881902;31.99145299145299;31.99145299145299;32.0;32.0;1;1
776.839;-30.0;50.0;91.97821242881902;31.99145299145299;31.99145299145299;32.0;32.0;1;1
776.945;-30.0;50.0;91.97821242881902;31.99145299145299;31.99145299145299;32.0;32.0;1;1
777.058;-30.0;50.0;91.97821242881902;31.99145299145299;31.99145299145299;32.0;32.0;1;1
777.168;-30.0;50.0;91.97821242881902;31.99145299145299;31.99145299145299;32.0;32.0;1;1
777.278;-30.0;50.0;91.97821242881902;31.99145299145299;31.99145299145299;32.0;32.0;1;1
777.391;-30.0;50.0;91.97821242881902;31.99145299145299;31.99145299145299;32.0;32.0;1;1
777.492;-30.0;50.0;91.97821242881902;31.99145299145299;31.99145299145299;32.0;32.0;1;1
777.597;-30.0;50.0;91.97821242881902;31.99145299145299;31.99145299145299;32.0;32.0;1;1
777.697;-30.0;50.0;91.97821242881902;31.99145299145299;31.99145299145299;32.0;32.0;1;1
777.805;-30.0;50.0;91.97821242881902;31.99145299145299;31.99145299145299;32.0;32.0;1;1
777.905;-30.0;50.0;91.97821242881902;31.99145299145299;31.99145299145299;32.0;32.0;1;1
778.006;-30.0;50.0;91.97821242881902;31.99145299145299;31.99145299145299;32.0;32.0;1;1
778.106;-30.0;50.0;91.97821242881902;31.99145299145299;31.99145299145299;32.0;32.0;1;1
778.207;-30.0;50.0;91.97821242881902;31.99145299145299;31.99145299145299;32.0;32.0;1;1
778.309;-30.0;50.0;91.97821242881902;31.99145299145299;31.99145299145299;32.0;32.0;1;1
778.412;-30.0;50.0;91.97821242881902;31.99145299145299;31.99145299145299;32.0;32.0;1;1
778.521;-30.0;50.0;91.97821242881902;31.99145299145299;31.99145299145299;32.0;32.0;1;1
778.623;-30.0;50.0;91.97821242881902;31.99145299145299;31.99145299145299;32.0;32.0;1;1
778.728;-30.0;50.0;91.97821242881902;31.99145299145299;31.99145299145299;32.0;32.0;1;1
778.83;-30.0;50.0;91.97821242881902;31.99145299145299;31.99145299145299;32.0;32.0;1;1
778.931;-30.0;50.0;91.97821242881902;31.99145299145299;31.99145299145299;32.0;32.0;1;1
779.033;-30.0;50.0;91.97821242881902;31.99145299145299;31.99145299145299;32.0;32.0;1;1
779.14;-30.0;50.0;91.97821242881902;31.99145299145299;31.99145299145299;32.0;32.0;1;1
779.246;-30.0;50.0;91.97821242881902;31.99145299145299;31.94017094017094;32.0;32.0;1;1
779.363;-30.0;50.0;91.97821242881902;31.99145299145299;31.94017094017094;32.0;32.0;1;1
779.47;-30.0;50.0;91.97821242881902;31.99145299145299;31.94017094017094;32.0;32.0;1;1
779.572;-30.0;50.0;91.97821242881902;31.99145299145299;31.94017094017094;32.0;32.0;1;1
779.679;-30.0;50.0;91.97821242881902;31.99145299145299;31.94017094017094;32.0;32.0;1;1
779.795;-30.0;50.0;91.97821242881902;31.99145299145299;31.94017094017094;32.0;32.0;1;1
779.9;-30.0;50.0;91.97821242881902;31.99145299145299;31.94017094017094;32.0;32.0;1;1
780.003;-30.0;50.0;91.97821242881902;31.99145299145299;31.94017094017094;32.0;32.0;1;1
780.106;-30.0;50.0;91.97821242881902;31.99145299145299;31.94017094017094;32.0;32.0;1;1
780.206;-30.0;50.0;91.97821242881902;31.99145299145299;31.94017094017094;32.0;32.0;1;1
780.307;-30.0;50.0;91.97821242881902;31.99145299145299;31.99145299145299;32.0;32.0;1;1
780.407;-30.0;50.0;91.97821242881902;31.99145299145299;31.99145299145299;32.0;32.0;1;1
780.508;-30.0;50.0;91.97821242881902;31.99145299145299;31.99145299145299;32.0;32.0;1;1
780.608;-30.0;50.0;91.97821242881902;31.99145299145299;31.99145299145299;32.0;32.0;1;1
780.709;-30.0;50.0;91.97821242881902;31.99145299145299;31.99145299145299;32.0;32.0;1;1
780.812;-30.0;50.0;91.97821242881902;31.99145299145299;31.99145299145299;32.0;32.0;1;1
780.913;-30.0;50.0;91.97821242881902;31.99145299145299;31.99145299145299;32.0;32.0;1;1
781.014;-30.0;50.0;91.97821242881902;31.99145299145299;31.99145299145299;32.0;32.0;1;1
781.116;-30.0;50.0;91.97821242881902;31.99145299145299;31.99145299145299;32.0;32.0;1;1
781.218;-30.0;50.0;91.97821242881902;31.99145299145299;31.99145299145299;32.0;32.0;1;1
781.332;-30.0;50.0;91.97821242881902;31.99145299145299;31.99145299145299;32.0;32.0;1;1
781.446;-30.0;50.0;91.97821242881902;31.99145299145299;31.99145299145299;32.0;32.0;1;1
781.553;-30.0;50.0;91.97821242881902;31.99145299145299;31.99145299145299;32.0;32.0;1;1
781.654;-30.0;50.0;91.97821242881902;31.99145299145299;31.99145299145299;32.0;32.0;1;1
781.761;-30.0;50.0;91.97821242881902;31.99145299145299;31.99145299145299;32.0;32.0;1;1
781.865;-30.0;50.0;91.97821242881902;31.99145299145299;31.99145299145299;32.0;32.0;1;1
781.966;-30.0;50.0;91.97821242881902;31.99145299145299;31.99145299145299;32.0;32.0;1;1
782.074;-30.0;50.0;91.97821242881902;31.99145299145299;31.99145299145299;32.0;32.0;1;1
782.185;-30.0;50.0;91.97821242881902;31.99145299145299;31.99145299145299;32.0;32.0;1;1
782.31;-30.0;50.0;91.97821242881902;31.99145299145299;31.99145299145299;32.0;32.0;1;1
782.425;-30.0;50.0;91.97821242881902;31.99145299145299;31.99145299145299;32.0;32.0;1;1
782.534;-30.0;50.0;91.97821242881902;31.99145299145299;31.99145299145299;32.0;32.0;1;1
782.648;-30.0;50.0;91.97821242881902;31.99145299145299;31.99145299145299;32.0;32.0;1;1
782.762;-30.0;50.0;91.97821242881902;31.99145299145299;31.99145299145299;32.0;32.0;1;1
782.867;-30.0;50.0;91.97821242881902;31.99145299145299;31.99145299145299;32.0;32.0;1;1
782.982;-30.0;50.0;91.97821242881902;31.99145299145299;31.99145299145299;32.0;32.0;1;1
783.089;-30.0;50.0;91.97821242881902;31.99145299145299;31.99145299145299;32.0;32.0;1;1
783.189;-30.0;50.0;91.97821242881902;31.99145299145299;31.99145299145299;32.0;32.0;1;1
783.295;-30.0;50.0;91.97821242881902;31.99145299145299;31.94017094017094;32.0;32.0;1;1
783.396;-30.0;50.0;91.97821242881902;31.99145299145299;31.94017094017094;32.0;32.0;1;1
783.497;-30.0;50.0;91.97821242881902;31.99145299145299;31.94017094017094;32.0;32.0;1;1
783.597;-30.0;50.0;91.97821242881902;31.99145299145299;31.94017094017094;32.0;32.0;1;1
783.697;-30.0;50.0;91.97821242881902;31.99145299145299;31.94017094017094;32.0;32.0;1;1
783.798;-30.0;50.0;91.97821242881902;31.99145299145299;31.94017094017094;32.0;32.0;1;1
783.898;-30.0;50.0;91.97821242881902;31.99145299145299;31.94017094017094;32.0;32.0;1;1
784.002;-30.0;50.0;91.97821242881902;31.99145299145299;31.94017094017094;32.0;32.0;1;1
784.108;-30.0;50.0;91.97821242881902;31.99145299145299;31.94017094017094;32.0;32.0;1;1
784.211;-30.0;50.0;91.97821242881902;31.99145299145299;31.99145299145299;32.0;32.0;1;1
784.316;-30.0;50.0;91.97821242881902;31.99145299145299;31.99145299145299;32.0;32.0;1;1
784.424;-30.0;50.0;91.97821242881902;31.99145299145299;31.99145299145299;32.0;32.0;1;1
784.53;-30.0;50.0;91.97821242881902;31.99145299145299;31.99145299145299;32.0;32.0;1;1
784.636;-30.0;50.0;91.97821242881902;31.99145299145299;31.99145299145299;32.0;32.0;1;1
784.738;-30.0;50.0;91.97821242881902;31.99145299145299;31.99145299145299;32.0;32.0;1;1
784.838;-30.0;50.0;91.97821242881902;31.99145299145299;31.99145299145299;32.0;32.0;1;1
784.948;-30.0;50.0;91.97821242881902;31.99145299145299;31.99145299145299;32.0;32.0;1;1
785.059;-30.0;50.0;91.97821242881902;31.99145299145299;31.99145299145299;32.0;32.0;1;1
785.175;-30.0;50.0;91.97821242881902;31.99145299145299;31.99145299145299;32.0;32.0;1;1
785.281;-30.0;50.0;91.97821242881902;31.99145299145299;31.99145299145299;32.0;32.0;1;1
785.382;-30.0;50.0;91.97821242881902;31.99145299145299;31.99145299145299;32.0;32.0;1;1
785.49;-30.0;50.0;91.97821242881902;31.99145299145299;31.99145299145299;32.0;32.0;1;1
785.604;-30.0;50.0;91.97821242881902;31.99145299145299;31.99145299145299;32.0;32.0;1;1
785.709;-30.0;50.0;91.97821242881902;31.99145299145299;31.99145299145299;32.0;32.0;1;1
785.822;-30.0;50.0;91.97821242881902;31.99145299145299;31.99145299145299;32.0;32.0;1;1
785.932;-30.0;50.0;91.97821242881902;31.99145299145299;31.99145299145299;32.0;32.0;1;1
786.048;-30.0;50.0;91.97821242881902;31.99145299145299;31.99145299145299;32.0;32.0;1;1
786.151;-30.0;50.0;91.97821242881902;31.99145299145299;31.99145299145299;32.0;32.0;1;1
786.265;-30.0;50.0;91.97821242881902;31.99145299145299;31.99145299145299;32.0;32.0;1;1
786.372;-30.0;50.0;91.97821242881902;31.99145299145299;31.99145299145299;32.0;32.0;1;1
786.486;-30.0;50.0;91.97821242881902;31.99145299145299;31.99145299145299;32.0;32.0;1;1
786.596;-30.0;50.0;91.97821242881902;31.99145299145299;31.99145299145299;32.0;32.0;1;1
786.697;-30.0;50.0;91.97821242881902;31.99145299145299;31.99145299145299;32.0;32.0;1;1
786.801;-30.0;50.0;91.97821242881902;31.99145299145299;31.99145299145299;32.0;32.0;1;1
786.902;-30.0;50.0;91.97821242881902;31.99145299145299;31.99145299145299;32.0;32.0;1;1
787.023;-30.0;50.0;91.97821242881902;31.99145299145299;31.99145299145299;32.0;32.0;1;1
787.142;-30.0;50.0;91.97821242881902;31.99145299145299;31.99145299145299;32.0;32.0;1;1
787.245;-30.0;50.0;91.97821242881902;31.99145299145299;31.99145299145299;32.0;32.0;1;1
787.36;-30.0;50.0;91.97821242881902;31.99145299145299;31.99145299145299;32.0;32.0;1;1
787.461;-30.0;50.0;91.97821242881902;31.99145299145299;31.99145299145299;32.0;32.0;1;1
787.587;-30.0;50.0;91.97821242881902;31.99145299145299;31.99145299145299;32.0;32.0;1;1
787.691;-30.0;50.0;91.97821242881902;31.99145299145299;31.99145299145299;32.0;32.0;1;1
787.803;-30.0;50.0;91.97821242881902;31.99145299145299;31.99145299145299;32.0;32.0;1;1
787.922;-30.0;50.0;91.97821242881902;31.99145299145299;31.99145299145299;32.0;32.0;1;1
788.024;-30.0;50.0;91.97821242881902;31.99145299145299;31.99145299145299;32.0;32.0;1;1
788.143;-30.0;50.0;91.97821242881902;31.99145299145299;31.99145299145299;32.0;32.0;1;1
788.244;-30.0;50.0;91.97821242881902;31.99145299145299;31.99145299145299;32.0;32.0;1;1
788.347;-30.0;50.0;91.97821242881902;31.99145299145299;31.99145299145299;32.0;32.0;1;1
788.455;-30.0;50.0;91.97821242881902;31.99145299145299;31.99145299145299;32.0;32.0;1;1
788.564;-30.0;50.0;91.97821242881902;31.99145299145299;31.99145299145299;32.0;32.0;1;1
788.674;-30.0;50.0;91.97821242881902;31.99145299145299;31.99145299145299;32.0;32.0;1;1
788.786;-30.0;50.0;91.97821242881902;31.99145299145299;31.99145299145299;32.0;32.0;1;1
788.902;-30.0;50.0;91.97821242881902;31.99145299145299;31.99145299145299;32.0;32.0;1;1
789.011;-30.0;50.0;91.97821242881902;31.99145299145299;31.99145299145299;32.0;32.0;1;1
789.118;-30.0;50.0;91.97821242881902;31.99145299145299;31.99145299145299;32.0;32.0;1;1
789.218;-30.0;50.0;91.97821242881902;31.99145299145299;31.99145299145299;32.0;32.0;1;1
789.331;-30.0;50.0;91.97821242881902;31.99145299145299;31.99145299145299;32.0;32.0;1;1
789.438;-30.0;50.0;91.97821242881902;31.99145299145299;31.99145299145299;32.0;32.0;1;1
789.554;-30.0;50.0;91.97821242881902;31.99145299145299;31.99145299145299;32.0;32.0;1;1
789.661;-30.0;50.0;91.97821242881902;31.99145299145299;31.99145299145299;32.0;32.0;1;1
789.772;-30.0;50.0;91.97821242881902;31.99145299145299;31.99145299145299;32.0;32.0;1;1
789.882;-30.0;50.0;91.97821242881902;31.99145299145299;31.99145299145299;32.0;32.0;1;1
789.989;-30.0;50.0;91.97821242881902;31.99145299145299;31.99145299145299;32.0;32.0;1;1
790.111;-30.0;50.0;91.97821242881902;31.99145299145299;31.99145299145299;32.0;32.0;1;1
790.223;-30.0;50.0;91.97821242881902;31.99145299145299;31.99145299145299;32.0;32.0;1;1
790.329;-30.0;50.0;91.97821242881902;31.99145299145299;31.94017094017094;32.0;32.0;1;1
790.439;-30.0;50.0;91.97821242881902;31.99145299145299;31.94017094017094;32.0;32.0;1;1
790.541;-30.0;50.0;91.97821242881902;31.99145299145299;31.94017094017094;32.0;32.0;1;1
790.646;-30.0;50.0;91.97821242881902;31.99145299145299;31.94017094017094;32.0;32.0;1;1
790.756;-30.0;50.0;91.97821242881902;31.99145299145299;31.94017094017094;32.0;32.0;1;1
790.866;-30.0;50.0;91.97821242881902;31.99145299145299;31.94017094017094;32.0;32.0;1;1
790.976;-30.0;50.0;91.97821242881902;31.99145299145299;31.94017094017094;32.0;32.0;1;1
791.093;-30.0;50.0;91.97821242881902;31.99145299145299;31.94017094017094;32.0;32.0;1;1
791.207;-30.0;50.0;91.97821242881902;31.99145299145299;31.94017094017094;32.0;32.0;1;1
791.308;-30.0;50.0;91.97821242881902;31.99145299145299;31.94017094017094;32.0;32.0;1;1
791.411;-30.0;50.0;91.97821242881902;31.99145299145299;31.94017094017094;32.0;32.0;1;1
791.514;-30.0;50.0;91.97821242881902;31.99145299145299;31.94017094017094;32.0;32.0;1;1
791.615;-30.0;50.0;91.97821242881902;31.99145299145299;31.94017094017094;32.0;32.0;1;1
791.723;-30.0;50.0;91.97821242881902;31.99145299145299;31.94017094017094;32.0;32.0;1;1
791.824;-30.0;50.0;91.97821242881902;31.99145299145299;31.94017094017094;32.0;32.0;1;1
791.947;-30.0;50.0;91.97821242881902;31.99145299145299;31.94017094017094;32.0;32.0;1;1
792.047;-30.0;50.0;91.97821242881902;31.99145299145299;31.94017094017094;32.0;32.0;1;1
792.167;-30.0;50.0;91.97821242881902;31.99145299145299;31.94017094017094;32.0;32.0;1;1
792.268;-30.0;50.0;91.97821242881902;31.99145299145299;31.94017094017094;32.0;32.0;1;1
792.368;-30.0;50.0;91.97821242881902;31.99145299145299;31.99145299145299;32.0;32.0;1;1
792.468;-30.0;50.0;91.97821242881902;31.99145299145299;31.99145299145299;32.0;32.0;1;1
792.569;-30.0;50.0;91.97821242881902;31.99145299145299;31.99145299145299;32.0;32.0;1;1
792.669;-30.0;50.0;91.97821242881902;31.99145299145299;31.99145299145299;32.0;32.0;1;1
792.771;-30.0;50.0;91.97821242881902;31.99145299145299;31.99145299145299;32.0;32.0;1;1
792.875;-30.0;50.0;91.97821242881902;31.99145299145299;31.99145299145299;32.0;32.0;1;1
792.977;-30.0;50.0;91.97821242881902;31.99145299145299;31.99145299145299;32.0;32.0;1;1
793.08;-30.0;50.0;91.97821242881902;31.99145299145299;31.99145299145299;32.0;32.0;1;1
793.186;-30.0;50.0;91.97821242881902;31.99145299145299;31.99145299145299;32.0;32.0;1;1
793.286;-30.0;50.0;91.97821242881902;31.99145299145299;31.99145299145299;32.0;32.0;1;1
793.39;-30.0;50.0;91.97821242881902;31.99145299145299;31.99145299145299;32.0;32.0;1;1
793.493;-30.0;50.0;91.97821242881902;31.99145299145299;31.99145299145299;32.0;32.0;1;1
793.61;-30.0;50.0;91.97821242881902;31.99145299145299;31.99145299145299;32.0;32.0;1;1
793.719;-30.0;50.0;91.97821242881902;31.99145299145299;31.99145299145299;32.0;32.0;1;1
793.819;-30.0;50.0;91.97821242881902;31.99145299145299;31.99145299145299;32.0;32.0;1;1
793.92;-30.0;50.0;91.97821242881902;31.99145299145299;31.99145299145299;32.0;32.0;1;1
794.02;-30.0;50.0;91.97821242881902;31.99145299145299;31.99145299145299;32.0;32.0;1;1
794.121;-30.0;50.0;91.97821242881902;31.99145299145299;31.99145299145299;32.0;32.0;1;1
794.221;-30.0;50.0;91.97821242881902;31.99145299145299;31.99145299145299;32.0;32.0;1;1
794.321;-30.0;50.0;91.97821242881902;31.99145299145299;31.99145299145299;32.0;32.0;1;1
794.422;-30.0;50.0;91.97821242881902;31.99145299145299;31.99145299145299;32.0;32.0;1;1
794.523;-30.0;50.0;91.97821242881902;31.99145299145299;31.99145299145299;32.0;32.0;1;1
794.624;-30.0;50.0;91.97821242881902;31.99145299145299;31.99145299145299;32.0;32.0;1;1
794.731;-30.0;50.0;91.97821242881902;31.99145299145299;31.99145299145299;32.0;32.0;1;1
794.833;-30.0;50.0;91.97821242881902;31.99145299145299;31.99145299145299;32.0;32.0;1;1
794.946;-30.0;50.0;91.97821242881902;31.99145299145299;31.99145299145299;32.0;32.0;1;1
795.057;-30.0;50.0;91.97821242881902;31.99145299145299;31.99145299145299;32.0;32.0;1;1
795.173;-30.0;50.0;91.97821242881902;31.99145299145299;31.99145299145299;32.0;32.0;1;1
795.277;-30.0;50.0;91.97821242881902;31.99145299145299;31.99145299145299;32.0;32.0;1;1
795.395;-30.0;50.0;91.97821242881902;31.99145299145299;31.99145299145299;32.0;32.0;1;1
795.501;-30.0;50.0;91.97821242881902;31.99145299145299;31.99145299145299;32.0;32.0;1;1
795.602;-30.0;50.0;91.97821242881902;31.99145299145299;31.99145299145299;32.0;32.0;1;1
795.707;-30.0;50.0;91.97821242881902;31.99145299145299;31.99145299145299;32.0;32.0;1;1
795.819;-30.0;50.0;91.97821242881902;31.99145299145299;31.99145299145299;32.0;32.0;1;1
795.931;-30.0;50.0;91.97821242881902;31.99145299145299;31.99145299145299;32.0;32.0;1;1
796.043;-30.0;50.0;91.97821242881902;31.99145299145299;31.99145299145299;32.0;32.0;1;1
796.153;-30.0;50.0;91.97821242881902;31.99145299145299;31.99145299145299;32.0;32.0;1;1
796.266;-30.0;50.0;91.97821242881902;31.99145299145299;31.99145299145299;32.0;32.0;1;1
796.368;-30.0;50.0;91.97821242881902;31.99145299145299;31.99145299145299;32.0;32.0;1;1
796.473;-30.0;50.0;91.97821242881902;31.99145299145299;31.99145299145299;32.0;32.0;1;1
796.588;-30.0;50.0;91.97821242881902;31.99145299145299;31.99145299145299;32.0;32.0;1;1
796.693;-30.0;50.0;91.97821242881902;31.99145299145299;31.99145299145299;32.0;32.0;1;1
796.793;-30.0;50.0;91.97821242881902;31.99145299145299;31.99145299145299;32.0;32.0;1;1
796.894;-30.0;50.0;91.97821242881902;31.99145299145299;31.99145299145299;32.0;32.0;1;1
796.995;-30.0;50.0;91.97821242881902;31.99145299145299;31.99145299145299;32.0;32.0;1;1
797.095;-30.0;50.0;91.97821242881902;31.99145299145299;31.99145299145299;32.0;32.0;1;1
797.196;-30.0;50.0;91.97821242881902;31.99145299145299;31.99145299145299;32.0;32.0;1;1
797.302;-30.0;50.0;91.97821242881902;31.99145299145299;31.94017094017094;32.0;32.0;1;1
797.41;-30.0;50.0;91.97821242881902;31.99145299145299;31.94017094017094;32.0;32.0;1;1
797.512;-30.0;50.0;91.97821242881902;31.99145299145299;31.94017094017094;32.0;32.0;1;1
797.62;-30.0;50.0;91.97821242881902;31.99145299145299;31.94017094017094;32.0;32.0;1;1
797.729;-30.0;50.0;91.97821242881902;31.99145299145299;31.94017094017094;32.0;32.0;1;1
797.836;-30.0;50.0;91.97821242881902;31.99145299145299;31.94017094017094;32.0;32.0;1;1
797.936;-30.0;50.0;91.97821242881902;31.99145299145299;31.94017094017094;32.0;32.0;1;1
798.054;-30.0;50.0;91.97821242881902;31.99145299145299;31.94017094017094;32.0;32.0;1;1
798.16;-30.0;50.0;91.97821242881902;31.99145299145299;31.94017094017094;32.0;32.0;1;1
798.268;-30.0;50.0;91.97821242881902;31.99145299145299;31.94017094017094;32.0;32.0;1;1
798.377;-30.0;50.0;91.97821242881902;31.99145299145299;31.99145299145299;32.0;32.0;1;1
798.489;-30.0;50.0;91.97821242881902;31.99145299145299;31.99145299145299;32.0;32.0;1;1
798.59;-30.0;50.0;91.97821242881902;31.99145299145299;31.99145299145299;32.0;32.0;1;1
798.694;-30.0;50.0;91.97821242881902;31.99145299145299;31.99145299145299;32.0;32.0;1;1
798.803;-30.0;50.0;91.97821242881902;31.99145299145299;31.99145299145299;32.0;32.0;1;1
798.914;-30.0;50.0;91.97821242881902;31.99145299145299;31.99145299145299;32.0;32.0;1;1
799.027;-30.0;50.0;91.97821242881902;31.99145299145299;31.99145299145299;32.0;32.0;1;1
799.138;-30.0;50.0;91.97821242881902;31.99145299145299;31.99145299145299;32.0;32.0;1;1
799.246;-30.0;50.0;91.97821242881902;31.99145299145299;31.99145299145299;32.0;32.0;1;1
799.363;-30.0;50.0;91.97821242881902;31.99145299145299;31.99145299145299;32.0;32.0;1;1
799.468;-30.0;50.0;91.97821242881902;31.99145299145299;31.99145299145299;32.0;32.0;1;1
799.584;-30.0;50.0;91.97821242881902;31.99145299145299;31.99145299145299;32.0;32.0;1;1
799.688;-30.0;50.0;91.97821242881902;31.99145299145299;31.99145299145299;32.0;32.0;1;1
799.799;-30.0;50.0;91.97821242881902;31.99145299145299;31.99145299145299;32.0;32.0;1;1
799.902;-30.0;50.0;91.97821242881902;31.99145299145299;31.99145299145299;32.0;32.0;1;1
800.005;-30.0;50.0;91.97821242881902;31.99145299145299;31.99145299145299;32.0;32.0;1;1
800.119;-30.0;50.0;91.97821242881902;31.99145299145299;31.99145299145299;32.0;32.0;1;1
800.231;-30.0;50.0;91.97821242881902;31.99145299145299;31.99145299145299;32.0;32.0;1;1
800.337;-30.0;50.0;91.97821242881902;31.99145299145299;31.99145299145299;32.0;32.0;1;1
800.441;-30.0;50.0;91.97821242881902;31.99145299145299;31.99145299145299;32.0;32.0;1;1
800.559;-30.0;50.0;91.97821242881902;31.99145299145299;31.99145299145299;32.0;32.0;1;1
800.663;-30.0;50.0;91.97821242881902;31.99145299145299;31.99145299145299;32.0;32.0;1;1
800.765;-30.0;50.0;91.97821242881902;31.99145299145299;31.99145299145299;32.0;32.0;1;1
800.879;-30.0;50.0;91.97821242881902;31.99145299145299;31.99145299145299;32.0;32.0;1;1
800.993;-30.0;50.0;91.97821242881902;31.99145299145299;31.99145299145299;32.0;32.0;1;1
801.106;-30.0;50.0;91.97821242881902;31.99145299145299;31.99145299145299;32.0;32.0;1;1
801.209;-30.0;50.0;91.97821242881902;31.99145299145299;31.99145299145299;32.0;32.0;1;1
801.32;-30.0;50.0;91.97821242881902;31.99145299145299;31.99145299145299;32.0;32.0;1;1
801.433;-30.0;50.0;91.97821242881902;31.99145299145299;31.99145299145299;32.0;32.0;1;1
801.543;-30.0;50.0;91.97821242881902;31.99145299145299;31.99145299145299;32.0;32.0;1;1
801.653;-30.0;50.0;91.97821242881902;31.99145299145299;31.99145299145299;32.0;32.0;1;1
801.77;-30.0;50.0;91.97821242881902;31.99145299145299;31.99145299145299;32.0;32.0;1;1
801.877;-30.0;50.0;91.97821242881902;31.99145299145299;31.99145299145299;32.0;32.0;1;1
801.99;-30.0;50.0;91.97821242881902;31.99145299145299;31.99145299145299;32.0;32.0;1;1
802.101;-30.0;50.0;91.97821242881902;31.99145299145299;31.99145299145299;32.0;32.0;1;1
802.211;-30.0;50.0;91.97821242881902;31.99145299145299;31.99145299145299;32.0;32.0;1;1
802.323;-30.0;50.0;91.97821242881902;31.99145299145299;31.99145299145299;32.0;32.0;1;1
802.433;-30.0;50.0;91.97821242881902;31.99145299145299;31.99145299145299;32.0;32.0;1;1
802.547;-30.0;50.0;91.97821242881902;31.99145299145299;31.99145299145299;32.0;32.0;1;1
802.653;-30.0;50.0;91.97821242881902;31.99145299145299;31.99145299145299;32.0;32.0;1;1
802.769;-30.0;50.0;91.97821242881902;31.99145299145299;31.99145299145299;32.0;32.0;1;1
802.875;-30.0;50.0;91.97821242881902;31.99145299145299;31.99145299145299;32.0;32.0;1;1
802.975;-30.0;50.0;91.97821242881902;31.99145299145299;31.99145299145299;32.0;32.0;1;1
803.082;-30.0;50.0;91.97821242881902;31.99145299145299;31.99145299145299;32.0;32.0;1;1
803.193;-30.0;50.0;91.97821242881902;31.99145299145299;31.99145299145299;32.0;32.0;1;1
803.305;-30.0;50.0;91.97821242881902;31.99145299145299;31.99145299145299;32.0;32.0;1;1
803.405;-30.0;50.0;91.97821242881902;31.99145299145299;31.99145299145299;32.0;32.0;1;1
803.509;-30.0;50.0;91.97821242881902;31.99145299145299;31.99145299145299;32.0;32.0;1;1
803.61;-30.0;50.0;91.97821242881902;31.99145299145299;31.99145299145299;32.0;32.0;1;1
803.71;-30.0;50.0;91.97821242881902;31.99145299145299;31.99145299145299;32.0;32.0;1;1
803.811;-30.0;50.0;91.97821242881902;31.99145299145299;31.99145299145299;32.0;32.0;1;1
803.911;-30.0;50.0;91.97821242881902;31.99145299145299;31.99145299145299;32.0;32.0;1;1
804.012;-30.0;50.0;91.97821242881902;31.99145299145299;31.99145299145299;32.0;32.0;1;1
804.113;-30.0;50.0;91.97821242881902;31.99145299145299;31.99145299145299;32.0;32.0;1;1
804.217;-30.0;50.0;91.97821242881902;31.99145299145299;31.99145299145299;32.0;32.0;1;1
804.322;-30.0;50.0;91.97821242881902;31.99145299145299;31.99145299145299;32.0;32.0;1;1
804.425;-30.0;50.0;91.97821242881902;31.99145299145299;31.99145299145299;32.0;32.0;1;1
804.525;-30.0;50.0;91.97821242881902;31.99145299145299;31.99145299145299;32.0;32.0;1;1
804.628;-30.0;50.0;91.97821242881902;31.99145299145299;31.99145299145299;32.0;32.0;1;1
804.733;-30.0;50.0;91.97821242881902;31.99145299145299;31.99145299145299;32.0;32.0;1;1
804.841;-30.0;50.0;91.97821242881902;31.99145299145299;31.99145299145299;32.0;32.0;1;1
804.959;-30.0;50.0;91.97821242881902;31.99145299145299;31.99145299145299;32.0;32.0;1;1
805.068;-30.0;50.0;91.97821242881902;31.99145299145299;31.99145299145299;32.0;32.0;1;1
805.168;-30.0;50.0;91.97821242881902;31.99145299145299;31.99145299145299;32.0;32.0;1;1
805.272;-30.0;50.0;91.97821242881902;31.99145299145299;31.99145299145299;32.0;32.0;1;1
805.382;-30.0;50.0;91.97821242881902;31.99145299145299;31.99145299145299;32.0;32.0;1;1
805.492;-30.0;50.0;91.97821242881902;31.99145299145299;31.99145299145299;32.0;32.0;1;1
805.602;-30.0;50.0;91.97821242881902;31.99145299145299;31.99145299145299;32.0;32.0;1;1
805.712;-30.0;50.0;91.97821242881902;31.99145299145299;31.99145299145299;32.0;32.0;1;1
805.825;-30.0;50.0;91.97821242881902;31.99145299145299;31.99145299145299;32.0;32.0;1;1
805.933;-30.0;50.0;91.97821242881902;31.99145299145299;31.99145299145299;32.0;32.0;1;1
806.05;-30.0;50.0;91.97821242881902;31.99145299145299;31.99145299145299;32.0;32.0;1;1
806.154;-30.0;50.0;91.97821242881902;31.99145299145299;31.99145299145299;32.0;32.0;1;1
806.271;-30.0;50.0;91.97821242881902;31.99145299145299;31.99145299145299;32.0;32.0;1;1
806.386;-30.0;50.0;91.97821242881902;31.99145299145299;31.99145299145299;32.0;32.0;1;1
806.493;-30.0;50.0;91.97821242881902;31.99145299145299;31.99145299145299;32.0;32.0;1;1
806.604;-30.0;50.0;91.97821242881902;31.99145299145299;31.99145299145299;32.0;32.0;1;1
806.714;-30.0;50.0;91.97821242881902;31.99145299145299;31.99145299145299;32.0;32.0;1;1
806.824;-30.0;50.0;91.97821242881902;31.99145299145299;31.99145299145299;32.0;32.0;1;1
806.939;-30.0;50.0;91.97821242881902;31.99145299145299;31.99145299145299;32.0;32.0;1;1
807.04;-30.0;50.0;91.97821242881902;31.99145299145299;31.99145299145299;32.0;32.0;1;1
807.14;-30.0;50.0;91.97821242881902;31.99145299145299;31.99145299145299;32.0;32.0;1;1
807.249;-30.0;50.0;91.97821242881902;31.99145299145299;31.99145299145299;32.0;32.0;1;1
807.362;-30.0;50.0;91.97821242881902;31.99145299145299;31.99145299145299;32.0;32.0;1;1
807.465;-30.0;50.0;91.97821242881902;31.99145299145299;31.99145299145299;32.0;32.0;1;1
807.567;-30.0;50.0;91.97821242881902;31.99145299145299;31.99145299145299;32.0;32.0;1;1
807.669;-30.0;50.0;91.97821242881902;31.99145299145299;31.99145299145299;32.0;32.0;1;1
807.79;-30.0;50.0;91.97821242881902;31.99145299145299;31.99145299145299;32.0;32.0;1;1
807.902;-30.0;50.0;91.97821242881902;31.99145299145299;31.99145299145299;32.0;32.0;1;1
808.006;-30.0;50.0;91.97821242881902;31.99145299145299;31.99145299145299;32.0;32.0;1;1
808.107;-30.0;50.0;91.97821242881902;31.99145299145299;31.99145299145299;32.0;32.0;1;1
808.207;-30.0;50.0;91.97821242881902;31.99145299145299;31.99145299145299;32.0;32.0;1;1
808.314;-30.0;50.0;91.97821242881902;31.99145299145299;31.99145299145299;32.0;32.0;1;1
808.415;-30.0;50.0;91.97821242881902;31.99145299145299;31.99145299145299;32.0;32.0;1;1
808.516;-30.0;50.0;91.97821242881902;31.99145299145299;31.99145299145299;32.0;32.0;1;1
808.616;-30.0;50.0;91.97821242881902;31.99145299145299;31.99145299145299;32.0;32.0;1;1
808.717;-30.0;50.0;91.97821242881902;31.99145299145299;31.99145299145299;32.0;32.0;1;1
808.817;-30.0;50.0;91.97821242881902;31.99145299145299;31.99145299145299;32.0;32.0;1;1
808.923;-30.0;50.0;91.97821242881902;31.99145299145299;31.99145299145299;32.0;32.0;1;1
809.026;-30.0;50.0;91.97821242881902;31.99145299145299;31.99145299145299;32.0;32.0;1;1
809.132;-30.0;50.0;91.97821242881902;31.99145299145299;31.99145299145299;32.0;32.0;1;1
809.242;-30.0;50.0;91.97821242881902;31.99145299145299;31.99145299145299;32.0;32.0;1;1
809.345;-30.0;50.0;91.97821242881902;31.99145299145299;31.99145299145299;32.0;32.0;1;1
809.453;-30.0;50.0;91.97821242881902;31.99145299145299;31.99145299145299;32.0;32.0;1;1
809.557;-30.0;50.0;91.97821242881902;31.99145299145299;31.99145299145299;32.0;32.0;1;1
809.67;-30.0;50.0;91.97821242881902;31.99145299145299;31.99145299145299;32.0;32.0;1;1
809.779;-30.0;50.0;91.97821242881902;31.99145299145299;31.99145299145299;32.0;32.0;1;1
809.893;-30.0;50.0;91.97821242881902;31.99145299145299;31.99145299145299;32.0;32.0;1;1
810.0;-30.0;50.0;91.97821242881902;31.99145299145299;31.99145299145299;32.0;32.0;1;1
810.1;-30.0;50.0;91.97821242881902;31.99145299145299;31.99145299145299;32.0;32.0;1;1
810.206;-30.0;50.0;91.97821242881902;31.99145299145299;31.99145299145299;32.0;32.0;1;1
810.307;-30.0;50.0;91.97821242881902;31.99145299145299;31.99145299145299;32.0;32.0;1;1
810.417;-30.0;50.0;91.97821242881902;31.99145299145299;31.99145299145299;32.0;32.0;1;1
810.518;-30.0;50.0;91.97821242881902;31.99145299145299;31.99145299145299;32.0;32.0;1;1
810.618;-30.0;50.0;91.97821242881902;31.99145299145299;31.99145299145299;32.0;32.0;1;1
810.719;-30.0;50.0;91.97821242881902;31.99145299145299;31.99145299145299;32.0;32.0;1;1
810.819;-30.0;50.0;91.97821242881902;31.99145299145299;31.99145299145299;32.0;32.0;1;1
810.92;-30.0;50.0;91.97821242881902;31.99145299145299;31.99145299145299;32.0;32.0;1;1
811.026;-30.0;50.0;91.97821242881902;31.99145299145299;31.99145299145299;32.0;32.0;1;1
811.133;-30.0;50.0;91.97821242881902;31.99145299145299;31.99145299145299;32.0;32.0;1;1
811.234;-30.0;50.0;91.97821242881902;31.99145299145299;31.99145299145299;32.0;32.0;1;1
811.34;-30.0;50.0;91.97821242881902;31.99145299145299;31.99145299145299;32.0;32.0;1;1
811.449;-30.0;50.0;91.97821242881902;31.99145299145299;31.99145299145299;32.0;32.0;1;1
811.551;-30.0;50.0;91.97821242881902;31.99145299145299;31.99145299145299;32.0;32.0;1;1
811.673;-30.0;50.0;91.97821242881902;31.99145299145299;31.99145299145299;32.0;32.0;1;1
811.783;-30.0;50.0;91.97821242881902;31.99145299145299;31.99145299145299;32.0;32.0;1;1
811.893;-30.0;50.0;91.97821242881902;31.99145299145299;31.99145299145299;32.0;32.0;1;1
811.995;-30.0;50.0;91.97821242881902;31.99145299145299;31.99145299145299;32.0;32.0;1;1
812.101;-30.0;50.0;91.97821242881902;31.99145299145299;31.99145299145299;32.0;32.0;1;1
812.211;-30.0;50.0;91.97821242881902;31.99145299145299;31.99145299145299;32.0;32.0;1;1
812.311;-30.0;50.0;91.97821242881902;31.99145299145299;31.99145299145299;32.0;32.0;1;1
812.42;-30.0;50.0;91.97821242881902;31.99145299145299;31.99145299145299;32.0;32.0;1;1
812.526;-30.0;50.0;91.97821242881902;31.99145299145299;31.99145299145299;32.0;32.0;1;1
812.641;-30.0;50.0;91.97821242881902;31.99145299145299;31.99145299145299;32.0;32.0;1;1
812.749;-30.0;50.0;91.97821242881902;31.99145299145299;31.99145299145299;32.0;32.0;1;1
812.863;-30.0;50.0;91.97821242881902;31.99145299145299;31.99145299145299;32.0;32.0;1;1
812.966;-30.0;50.0;91.97821242881902;31.99145299145299;31.99145299145299;32.0;32.0;1;1
813.072;-30.0;50.0;91.97821242881902;31.99145299145299;31.99145299145299;32.0;32.0;1;1
813.194;-30.0;50.0;91.97821242881902;31.99145299145299;31.99145299145299;32.0;32.0;1;1
813.304;-30.0;50.0;91.97821242881902;31.99145299145299;31.99145299145299;32.0;32.0;1;1
813.419;-30.0;50.0;91.97821242881902;31.99145299145299;31.99145299145299;32.0;32.0;1;1
813.527;-30.0;50.0;91.97821242881902;31.99145299145299;31.99145299145299;32.0;32.0;1;1
813.642;-30.0;50.0;91.97821242881902;31.99145299145299;31.99145299145299;32.0;32.0;1;1
813.75;-30.0;50.0;91.97821242881902;31.99145299145299;31.99145299145299;32.0;32.0;1;1
813.862;-30.0;50.0;91.97821242881902;31.99145299145299;31.99145299145299;32.0;32.0;1;1
813.963;-30.0;50.0;91.97821242881902;31.99145299145299;31.99145299145299;32.0;32.0;1;1
814.073;-30.0;50.0;91.97821242881902;31.99145299145299;31.99145299145299;32.0;32.0;1;1
814.18;-30.0;50.0;91.97821242881902;31.99145299145299;31.99145299145299;32.0;32.0;1;1
814.296;-30.0;50.0;91.97821242881902;31.99145299145299;31.99145299145299;32.0;32.0;1;1
814.403;-30.0;50.0;91.97821242881902;31.99145299145299;31.99145299145299;32.0;32.0;1;1
814.518;-30.0;50.0;91.97821242881902;31.99145299145299;31.99145299145299;32.0;32.0;1;1
814.626;-30.0;50.0;91.97821242881902;31.99145299145299;31.99145299145299;32.0;32.0;1;1
814.74;-30.0;50.0;91.97821242881902;31.99145299145299;31.99145299145299;32.0;32.0;1;1
814.85;-30.0;50.0;91.97821242881902;31.99145299145299;31.99145299145299;32.0;32.0;1;1
814.95;-30.0;50.0;91.97821242881902;31.99145299145299;31.99145299145299;32.0;32.0;1;1
815.055;-30.0;50.0;91.97821242881902;31.99145299145299;31.99145299145299;32.0;32.0;1;1
815.17;-30.0;50.0;91.97821242881902;31.99145299145299;31.99145299145299;32.0;32.0;1;1
815.279;-30.0;50.0;91.97821242881902;31.99145299145299;31.99145299145299;32.0;32.0;1;1
815.394;-30.0;50.0;91.97821242881902;31.99145299145299;31.99145299145299;32.0;32.0;1;1
815.499;-30.0;50.0;91.97821242881902;31.99145299145299;31.99145299145299;32.0;32.0;1;1
815.599;-30.0;50.0;91.97821242881902;31.99145299145299;31.99145299145299;32.0;32.0;1;1
815.711;-30.0;50.0;91.97821242881902;31.99145299145299;31.99145299145299;32.0;32.0;1;1
815.819;-30.0;50.0;91.97821242881902;31.99145299145299;31.99145299145299;32.0;32.0;1;1
815.929;-30.0;50.0;91.97821242881902;31.99145299145299;31.99145299145299;32.0;32.0;1;1
816.042;-30.0;50.0;91.97821242881902;31.99145299145299;31.99145299145299;32.0;32.0;1;1
816.151;-30.0;50.0;91.97821242881902;31.99145299145299;31.99145299145299;32.0;32.0;1;1
816.265;-30.0;50.0;91.97821242881902;31.99145299145299;31.99145299145299;32.0;32.0;1;1
816.371;-30.0;50.0;91.97821242881902;31.99145299145299;31.99145299145299;32.0;32.0;1;1
816.472;-30.0;50.0;91.97821242881902;31.99145299145299;32.05128205128205;32.0;32.0;1;1
816.577;-30.0;50.0;91.97821242881902;31.99145299145299;32.05128205128205;32.0;32.0;1;1
816.677;-30.0;50.0;91.97821242881902;31.99145299145299;32.05128205128205;32.0;32.0;1;1
816.787;-30.0;50.0;91.97821242881902;31.99145299145299;32.05128205128205;32.0;32.0;1;1
816.895;-30.0;50.0;91.97821242881902;31.99145299145299;32.05128205128205;32.0;32.0;1;1
816.995;-30.0;50.0;91.97821242881902;31.99145299145299;32.05128205128205;32.0;32.0;1;1
817.095;-30.0;50.0;91.97821242881902;31.99145299145299;32.05128205128205;32.0;32.0;1;1
817.196;-30.0;50.0;91.97821242881902;31.99145299145299;32.05128205128205;32.0;32.0;1;1
817.296;-30.0;50.0;91.97821242881902;31.99145299145299;32.05128205128205;32.0;32.0;1;1
817.397;-30.0;50.0;91.97821242881902;31.99145299145299;31.99145299145299;32.0;32.0;1;1
817.498;-30.0;50.0;91.97821242881902;31.99145299145299;31.99145299145299;32.0;32.0;1;1
817.61;-30.0;50.0;91.97821242881902;31.99145299145299;31.99145299145299;32.0;32.0;1;1
817.714;-30.0;50.0;91.97821242881902;31.99145299145299;31.99145299145299;32.0;32.0;1;1
817.816;-30.0;50.0;91.97821242881902;31.99145299145299;31.99145299145299;32.0;32.0;1;1
817.917;-30.0;50.0;91.97821242881902;31.99145299145299;31.99145299145299;32.0;32.0;1;1
818.025;-30.0;50.0;91.97821242881902;31.99145299145299;31.99145299145299;32.0;32.0;1;1
818.127;-30.0;50.0;91.97821242881902;31.99145299145299;31.99145299145299;32.0;32.0;1;1
818.233;-30.0;50.0;91.97821242881902;31.99145299145299;31.99145299145299;32.0;32.0;1;1
818.343;-30.0;50.0;91.97821242881902;31.99145299145299;31.99145299145299;32.0;32.0;1;1
818.455;-30.0;50.0;91.97821242881902;31.99145299145299;31.99145299145299;32.0;32.0;1;1
818.562;-30.0;50.0;91.97821242881902;31.99145299145299;31.99145299145299;32.0;32.0;1;1
818.674;-30.0;50.0;91.97821242881902;31.99145299145299;31.99145299145299;32.0;32.0;1;1
818.783;-30.0;50.0;91.97821242881902;31.99145299145299;31.99145299145299;32.0;32.0;1;1
818.898;-30.0;50.0;91.97821242881902;31.99145299145299;31.99145299145299;32.0;32.0;1;1
819.011;-30.0;50.0;91.97821242881902;31.99145299145299;31.99145299145299;32.0;32.0;1;1
819.117;-30.0;50.0;91.97821242881902;31.99145299145299;31.99145299145299;32.0;32.0;1;1
819.227;-30.0;50.0;91.97821242881902;31.99145299145299;31.99145299145299;32.0;32.0;1;1
819.339;-30.0;50.0;91.97821242881902;31.99145299145299;31.99145299145299;32.0;32.0;1;1
819.443;-30.0;50.0;91.97821242881902;31.99145299145299;31.99145299145299;32.0;32.0;1;1
819.562;-30.0;50.0;91.97821242881902;31.99145299145299;31.99145299145299;32.0;32.0;1;1
819.679;-30.0;50.0;91.97821242881902;31.99145299145299;31.99145299145299;32.0;32.0;1;1
819.788;-30.0;50.0;91.97821242881902;31.99145299145299;31.99145299145299;32.0;32.0;1;1
819.896;-30.0;50.0;91.97821242881902;31.99145299145299;31.99145299145299;32.0;32.0;1;1
820.007;-30.0;50.0;91.97821242881902;31.99145299145299;31.99145299145299;32.0;32.0;1;1
820.118;-30.0;50.0;91.97821242881902;31.99145299145299;31.99145299145299;32.0;32.0;1;1
820.223;-30.0;50.0;91.97821242881902;31.99145299145299;31.99145299145299;32.0;32.0;1;1
820.33;-30.0;50.0;91.97821242881902;31.99145299145299;31.99145299145299;32.0;32.0;1;1
820.457;-30.0;50.0;91.97821242881902;31.99145299145299;31.94017094017094;32.0;32.0;1;1
820.56;-30.0;50.0;91.97821242881902;31.99145299145299;31.94017094017094;32.0;32.0;1;1
820.663;-30.0;50.0;91.97821242881902;31.99145299145299;31.94017094017094;32.0;32.0;1;1
820.763;-30.0;50.0;91.97821242881902;31.99145299145299;31.94017094017094;32.0;32.0;1;1
820.864;-30.0;50.0;91.97821242881902;31.99145299145299;31.94017094017094;32.0;32.0;1;1
820.964;-30.0;50.0;91.97821242881902;31.99145299145299;31.94017094017094;32.0;32.0;1;1
821.064;-30.0;50.0;91.97821242881902;31.99145299145299;31.94017094017094;32.0;32.0;1;1
821.165;-30.0;50.0;91.97821242881902;31.99145299145299;31.94017094017094;32.0;32.0;1;1
821.269;-30.0;50.0;91.97821242881902;31.99145299145299;31.94017094017094;32.0;32.0;1;1
821.37;-30.0;50.0;91.97821242881902;31.99145299145299;31.94017094017094;32.0;32.0;1;1
821.473;-30.0;50.0;91.97821242881902;31.99145299145299;31.99145299145299;32.0;32.0;1;1
821.578;-30.0;50.0;91.97821242881902;31.99145299145299;31.99145299145299;32.0;32.0;1;1
821.679;-30.0;50.0;91.97821242881902;31.99145299145299;31.99145299145299;32.0;32.0;1;1
821.787;-30.0;50.0;91.97821242881902;31.99145299145299;31.99145299145299;32.0;32.0;1;1
821.895;-30.0;50.0;91.97821242881902;31.99145299145299;31.99145299145299;32.0;32.0;1;1
821.996;-30.0;50.0;91.97821242881902;31.99145299145299;31.99145299145299;32.0;32.0;1;1
822.102;-30.0;50.0;91.97821242881902;31.99145299145299;31.99145299145299;32.0;32.0;1;1
822.203;-30.0;50.0;91.97821242881902;31.99145299145299;31.99145299145299;32.0;32.0;1;1
822.324;-30.0;50.0;91.97821242881902;31.99145299145299;31.99145299145299;32.0;32.0;1;1
822.434;-30.0;50.0;91.97821242881902;31.99145299145299;31.99145299145299;32.0;32.0;1;1
822.549;-30.0;50.0;91.97821242881902;31.99145299145299;31.99145299145299;32.0;32.0;1;1
822.651;-30.0;50.0;91.97821242881902;31.99145299145299;31.99145299145299;32.0;32.0;1;1
822.763;-30.0;50.0;91.97821242881902;31.99145299145299;31.99145299145299;32.0;32.0;1;1
822.873;-30.0;50.0;91.97821242881902;31.99145299145299;31.99145299145299;32.0;32.0;1;1
822.986;-30.0;50.0;91.97821242881902;31.99145299145299;31.99145299145299;32.0;32.0;1;1
823.093;-30.0;50.0;91.97821242881902;31.99145299145299;31.99145299145299;32.0;32.0;1;1
823.206;-30.0;50.0;91.97821242881902;31.99145299145299;31.99145299145299;32.0;32.0;1;1
823.308;-30.0;50.0;91.97821242881902;31.99145299145299;31.99145299145299;32.0;32.0;1;1
823.411;-30.0;50.0;91.97821242881902;31.99145299145299;31.99145299145299;32.0;32.0;1;1
823.512;-30.0;50.0;91.97821242881902;31.99145299145299;31.99145299145299;32.0;32.0;1;1
823.616;-30.0;50.0;91.97821242881902;31.99145299145299;31.99145299145299;32.0;32.0;1;1
823.717;-30.0;50.0;91.97821242881902;31.99145299145299;31.99145299145299;32.0;32.0;1;1
823.817;-30.0;50.0;91.97821242881902;31.99145299145299;31.99145299145299;32.0;32.0;1;1
823.918;-30.0;50.0;91.97821242881902;31.99145299145299;31.99145299145299;32.0;32.0;1;1
824.018;-30.0;50.0;91.97821242881902;31.99145299145299;31.99145299145299;32.0;32.0;1;1
824.121;-30.0;50.0;91.97821242881902;31.99145299145299;31.99145299145299;32.0;32.0;1;1
824.222;-30.0;50.0;91.97821242881902;31.99145299145299;31.99145299145299;32.0;32.0;1;1
824.325;-30.0;50.0;91.97821242881902;31.99145299145299;31.99145299145299;32.0;32.0;1;1
824.425;-30.0;50.0;91.97821242881902;31.99145299145299;31.99145299145299;32.0;32.0;1;1
824.538;-30.0;50.0;91.97821242881902;31.99145299145299;31.99145299145299;32.0;32.0;1;1
824.639;-30.0;50.0;91.97821242881902;31.99145299145299;31.99145299145299;32.0;32.0;1;1
824.745;-30.0;50.0;91.97821242881902;31.99145299145299;31.99145299145299;32.0;32.0;1;1
824.848;-30.0;50.0;91.97821242881902;31.99145299145299;31.99145299145299;32.0;32.0;1;1
824.95;-29.87875;50.0;91.97821242881902;31.99145299145299;31.99145299145299;32.0;32.0;1;1
825.057;-29.3675;50.0;91.97821242881902;31.99145299145299;31.99145299145299;32.0;32.0;1;1
825.173;-28.8575;50.0;91.97821242881902;31.99145299145299;31.99145299145299;32.0;32.0;1;1
825.278;-28.09125;50.0;91.97821242881902;31.99145299145299;31.99145299145299;32.0;32.0;1;1
825.397;-27.58625;50.0;91.97821242881902;31.99145299145299;31.99145299145299;32.0;32.0;1;1
825.501;-27.07125;50.0;91.97821242881902;31.99145299145299;31.99145299145299;32.0;32.0;1;1
825.602;-26.555;50.0;91.97821242881902;31.99145299145299;31.99145299145299;32.0;32.0;1;1
825.709;-26.04375;50.0;91.97821242881902;31.99145299145299;31.99145299145299;32.0;32.0;1;1
825.822;-25.5275;50.0;91.97821242881902;31.99145299145299;31.99145299145299;32.0;32.0;1;1
825.931;-25.01125;50.0;91.97821242881902;31.99145299145299;31.99145299145299;32.0;32.0;1;1
826.033;-24.24375;50.0;91.97821242881902;31.99145299145299;31.99145299145299;32.0;32.0;1;1
826.144;-23.73;50.0;91.97821242881902;31.99145299145299;31.99145299145299;32.0;32.0;1;1
826.27;-23.215;50.0;91.97821242881902;31.99145299145299;31.99145299145299;32.0;32.0;1;1
826.374;-22.705;50.0;91.97821242881902;31.99145299145299;31.99145299145299;32.0;32.0;1;1
826.49;-22.19;50.0;91.97821242881902;31.99145299145299;31.99145299145299;32.0;32.0;1;1
826.601;-21.4175;50.0;91.97821242881902;31.99145299145299;31.99145299145299;32.0;32.0;1;1
826.711;-20.9025;50.0;91.97821242881902;31.99145299145299;31.99145299145299;32.0;32.0;1;1
826.811;-20.3875;50.0;91.97821242881902;31.99145299145299;31.99145299145299;32.0;32.0;1;1
826.916;-19.8775;50.0;91.97821242881902;31.99145299145299;31.99145299145299;32.0;32.0;1;1
827.028;-19.36375;50.0;91.97821242881902;31.99145299145299;31.99145299145299;32.0;32.0;1;1
827.143;-18.85125;50.0;91.97821242881902;31.99145299145299;31.99145299145299;32.0;32.0;1;1
827.248;-18.08625;50.0;91.97821242881902;31.99145299145299;31.99145299145299;32.0;32.0;1;1
827.362;-17.5725;50.0;91.97821242881902;31.99145299145299;31.99145299145299;32.0;32.0;1;1
827.468;-17.06375;50.0;91.97821242881902;31.99145299145299;31.94017094017094;32.0;32.0;1;1
827.588;-16.55;50.0;91.97821242881902;31.99145299145299;31.94017094017094;32.0;32.0;1;1
827.696;-16.0375;50.0;91.97821242881902;31.99145299145299;31.94017094017094;32.0;32.0;1;1
827.808;-15.2725;50.0;91.97821242881902;31.99145299145299;31.94017094017094;32.0;32.0;1;1
827.908;-14.75875;50.0;91.97821242881902;31.99145299145299;31.94017094017094;32.0;32.0;1;1
828.011;-14.245;50.0;91.97821242881902;31.99145299145299;31.94017094017094;32.0;32.0;1;1
828.122;-13.73125;50.0;91.97821242881902;31.99145299145299;31.94017094017094;32.0;32.0;1;1
828.232;-13.2175;50.0;91.97821242881902;31.99145299145299;31.94017094017094;32.0;32.0;1;1
828.333;-12.70875;50.0;91.97821242881902;31.99145299145299;31.94017094017094;32.0;32.0;1;1
828.438;-11.93875;50.0;91.97821242881902;31.99145299145299;31.99145299145299;32.0;32.0;1;1
828.539;-11.425;50.0;91.97821242881902;31.99145299145299;31.99145299145299;32.0;32.0;1;1
828.64;-10.91625;50.0;91.97821242881902;31.99145299145299;31.99145299145299;32.0;32.0;1;1
828.74;-10.40125;50.0;91.97821242881902;31.99145299145299;31.99145299145299;32.0;32.0;1;1
828.841;-9.8875;50.0;91.97821242881902;31.99145299145299;31.99145299145299;32.0;32.0;1;1
828.941;-9.37875;50.0;91.97821242881902;31.99145299145299;31.99145299145299;32.0;32.0;1;1
829.042;-8.86;50.0;91.97821242881902;31.99145299145299;31.99145299145299;32.0;32.0;1;1
829.142;-8.34125;50.0;91.97821242881902;31.99145299145299;31.99145299145299;32.0;32.0;1;1
829.243;-7.82875;50.0;91.97821242881902;31.99145299145299;31.99145299145299;32.0;32.0;1;1
829.362;-7.56875;50.0;91.97821242881902;31.99145299145299;31.99145299145299;32.0;32.0;1;1
829.467;-6.79625;50.0;91.97821242881902;31.99145299145299;31.99145299145299;32.0;32.0;1;1
829.568;-6.2775;50.0;91.97821242881902;31.99145299145299;31.99145299145299;32.0;32.0;1;1
829.675;-5.75875;50.0;91.97821242881902;31.99145299145299;31.99145299145299;32.0;32.0;1;1
829.776;-4.985;50.0;91.97821242881902;31.99145299145299;31.99145299145299;32.0;32.0;1;1
829.881;-4.72625;50.0;91.97821242881902;31.99145299145299;31.99145299145299;32.0;32.0;1;1
829.982;-4.20625;50.0;91.97821242881902;31.99145299145299;31.99145299145299;32.0;32.0;1;1
830.108;-3.4325;50.0;91.97821242881902;31.99145299145299;31.99145299145299;32.0;32.0;1;1
830.215;-2.91375;50.0;91.97821242881902;31.99145299145299;31.99145299145299;32.0;32.0;1;1
830.327;-2.3975;50.0;91.97821242881902;31.99145299145299;31.99145299145299;32.0;32.0;1;1
830.436;-1.8925;50.0;91.97821242881902;31.99145299145299;31.99145299145299;32.0;32.0;1;1
830.551;-1.12875;50.0;91.97821242881902;31.99145299145299;31.99145299145299;32.0;32.0;1;1
830.652;-0.62375;50.0;91.97821242881902;31.99145299145299;31.99145299145299;32.0;32.0;1;1
830.754;-0.11625;50.0;91.97821242881902;31.99145299145299;31.99145299145299;32.0;32.0;1;1
830.867;0.0;50.0;91.97821242881902;31.99145299145299;31.99145299145299;32.0;32.0;1;1
830.981;0.0;49.90875;91.97821242881902;31.99145299145299;31.99145299145299;32.0;32.0;1;1
831.089;0.0;49.405;91.97821242881902;31.99145299145299;31.99145299145299;32.0;32.0;1;1
831.19;0.0;48.89375;91.97821242881902;31.99145299145299;31.99145299145299;32.0;32.0;1;1
831.292;0.0;48.13125;91.97821242881902;31.99145299145299;31.99145299145299;32.0;32.0;1;1
831.404;0.0;47.62;91.97821242881902;31.99145299145299;31.99145299145299;32.0;32.0;1;1
831.511;0.0;47.11;91.97821242881902;31.99145299145299;31.99145299145299;32.0;32.0;1;1
831.612;0.0;46.5925;91.97821242881902;31.99145299145299;31.99145299145299;32.0;32.0;1;1
831.712;0.0;46.075;91.97821242881902;31.99145299145299;31.99145299145299;32.0;32.0;1;1
831.813;0.0;45.56375;91.97821242881902;31.99145299145299;31.99145299145299;32.0;32.0;1;1
831.914;0.0;45.04625;91.97821242881902;31.99145299145299;31.99145299145299;32.0;32.0;1;1
832.014;0.0;44.53;91.97821242881902;31.99145299145299;31.99145299145299;32.0;32.0;1;1
832.114;0.0;44.02;91.97821242881902;31.99145299145299;31.99145299145299;32.0;32.0;1;1
832.215;0.0;43.50375;91.97821242881902;31.99145299145299;31.99145299145299;32.0;32.0;1;1
832.317;0.0;42.98875;91.97821242881902;31.99145299145299;31.99145299145299;32.0;32.0;1;1
832.422;0.0;42.4725;91.97821242881902;31.94017094017094;31.94017094017094;32.0;32.0;1;1
832.523;0.0;41.95625;91.97821242881902;31.94017094017094;31.94017094017094;32.0;32.0;1;1
832.623;0.0;41.44125;91.97821242881902;31.94017094017094;31.94017094017094;32.0;32.0;1;1
832.739;0.0;40.93;91.97821242881902;31.94017094017094;31.94017094017094;32.0;32.0;1;1
832.847;0.0;40.41375;91.97821242881902;31.94017094017094;31.94017094017094;32.0;32.0;1;1
832.956;0.0;39.8975;91.97821242881902;31.94017094017094;31.94017094017094;32.0;32.0;1;1
833.057;0.0;39.13125;91.97821242881902;31.94017094017094;31.94017094017094;32.0;32.0;1;1
833.183;0.0;38.6175;91.97821242881902;31.94017094017094;31.94017094017094;32.0;32.0;1;1
833.295;0.0;38.1075;91.97821242881902;31.94017094017094;31.94017094017094;32.0;32.0;1;1
833.404;0.0;37.33625;91.97821242881902;31.94017094017094;31.94017094017094;32.0;32.0;1;1
833.513;0.0;36.8225;91.97821242881902;31.99145299145299;31.99145299145299;32.0;32.0;1;1
833.614;0.0;36.3125;91.97821242881902;31.99145299145299;31.99145299145299;32.0;32.0;1;1
833.715;0.0;35.79875;91.97821242881902;31.99145299145299;31.99145299145299;32.0;32.0;1;1
833.829;0.0;35.29;91.97821242881902;31.99145299145299;31.99145299145299;32.0;32.0;1;1
833.936;0.0;34.775;91.97821242881902;31.99145299145299;31.99145299145299;32.0;32.0;1;1
834.048;0.0;34.26;91.97821242881902;31.99145299145299;31.99145299145299;32.0;32.0;1;1
834.159;0.0;33.75125;91.97821242881902;31.99145299145299;31.99145299145299;32.0;32.0;1;1
834.26;0.0;32.97875;91.97821242881902;31.99145299145299;31.99145299145299;32.0;32.0;1;1
834.366;0.0;32.46375;91.97821242881902;31.99145299145299;31.99145299145299;32.0;32.0;1;1
834.481;0.0;31.955;91.97821242881902;31.99145299145299;31.99145299145299;32.0;32.0;1;1
834.586;0.0;31.44;91.97821242881902;31.99145299145299;31.99145299145299;32.0;32.0;1;1
834.701;0.0;30.925;91.97821242881902;31.99145299145299;31.99145299145299;32.0;32.0;1;1
834.808;0.0;30.415;91.97821242881902;31.99145299145299;31.99145299145299;32.0;32.0;1;1
834.924;0.0;29.64375;91.97821242881902;31.99145299145299;31.99145299145299;32.0;32.0;1;1
835.027;0.0;29.13125;91.97821242881902;31.99145299145299;31.99145299145299;32.0;32.0;1;1
835.143;0.0;28.61125;91.97821242881902;31.99145299145299;31.99145299145299;32.0;32.0;1;1
835.246;0.0;28.09125;91.97821242881902;31.99145299145299;31.99145299145299;32.0;32.0;1;1
835.364;0.0;27.57125;91.97821242881902;31.99145299145299;31.99145299145299;32.0;32.0;1;1
835.472;0.0;26.7925;91.97821242881902;31.99145299145299;31.99145299145299;32.0;32.0;1;1
835.573;0.0;26.2775;91.97821242881902;31.99145299145299;31.99145299145299;32.0;32.0;1;1
835.681;0.0;25.7575;91.97821242881902;31.99145299145299;31.99145299145299;32.0;32.0;1;1
835.796;0.0;25.2375;91.97821242881902;31.99145299145299;31.99145299145299;32.0;32.0;1;1
835.901;0.0;24.72375;91.97821242881902;31.99145299145299;31.99145299145299;32.0;32.0;1;1
836.002;0.0;24.20375;91.97821242881902;31.99145299145299;31.99145299145299;32.0;32.0;1;1
836.112;0.0;23.4225;91.97821242881902;31.99145299145299;31.99145299145299;32.0;32.0;1;1
836.22;0.0;22.90875;91.97821242881902;31.99145299145299;31.99145299145299;32.0;32.0;1;1
836.33;0.0;22.38875;91.97821242881902;31.99145299145299;31.99145299145299;32.0;32.0;1;1
836.43;0.0;21.86875;91.97821242881902;31.99145299145299;31.99145299145299;32.0;32.0;1;1
836.54;0.0;21.355;91.97821242881902;31.99145299145299;31.99145299145299;32.0;32.0;1;1
836.64;0.0;20.835;91.97821242881902;31.99145299145299;31.99145299145299;32.0;32.0;1;1
836.741;0.0;20.315;91.97821242881902;31.99145299145299;31.99145299145299;32.0;32.0;1;1
836.841;0.0;19.535;91.97821242881902;31.99145299145299;31.99145299145299;32.0;32.0;1;1
836.946;0.0;19.275;91.97821242881902;31.99145299145299;31.99145299145299;32.0;32.0;1;1
837.048;0.0;18.5;91.97821242881902;31.99145299145299;31.99145299145299;32.0;32.0;1;1
837.151;0.0;18.23875;91.97821242881902;31.99145299145299;31.99145299145299;32.0;32.0;1;1
837.264;0.0;17.71875;91.97821242881902;31.99145299145299;31.99145299145299;32.0;32.0;1;1
837.364;0.0;16.945;91.97821242881902;31.99145299145299;31.99145299145299;32.0;32.0;1;1
837.465;0.0;16.425;91.97821242881902;31.99145299145299;31.99145299145299;32.0;32.0;1;1
837.566;0.0;15.905;91.97821242881902;31.99145299145299;31.99145299145299;32.0;32.0;1;1
837.669;0.0;15.65;91.97821242881902;31.99145299145299;31.99145299145299;32.0;32.0;1;1
837.777;0.0;14.86875;91.97821242881902;31.99145299145299;31.99145299145299;32.0;32.0;1;1
837.881;0.0;14.34875;91.97821242881902;31.99145299145299;31.99145299145299;32.0;32.0;1;1
838.002;0.0;13.83375;91.97821242881902;31.99145299145299;31.99145299145299;32.0;32.0;1;1
838.109;0.0;13.31375;91.97821242881902;31.99145299145299;31.99145299145299;32.0;32.0;1;1
838.218;0.0;12.79875;91.97821242881902;31.99145299145299;31.99145299145299;32.0;32.0;1;1
838.331;0.0;12.0175;91.97821242881902;31.99145299145299;31.99145299145299;32.0;32.0;1;1
838.431;0.0;11.4975;91.97821242881902;31.99145299145299;31.99145299145299;32.0;32.0;1;1
838.535;0.0;10.98125;91.97821242881902;31.99145299145299;31.99145299145299;32.0;32.0;1;1
838.636;0.0;10.46125;91.97821242881902;31.99145299145299;31.99145299145299;32.0;32.0;1;1
838.762;0.0;9.93875;91.97821242881902;31.99145299145299;31.99145299145299;32.0;32.0;1;1
838.868;0.0;9.41875;91.97821242881902;31.99145299145299;31.99145299145299;32.0;32.0;1;1
838.986;0.0;8.63125;91.97821242881902;31.99145299145299;31.99145299145299;32.0;32.0;1;1
839.092;0.0;8.11125;91.97821242881902;31.99145299145299;31.99145299145299;32.0;32.0;1;1
839.195;0.0;7.5875;91.97821242881902;31.99145299145299;31.99145299145299;32.0;32.0;1;1
839.303;0.0;7.0625;91.97821242881902;31.99145299145299;31.99145299145299;32.0;32.0;1;1
839.413;0.0;6.5425;91.97821242881902;31.99145299145299;31.99145299145299;32.0;32.0;1;1
839.525;0.0;6.0175;91.97821242881902;31.99145299145299;31.99145299145299;32.0;32.0;1;1
839.642;0.0;5.23;91.97821242881902;31.99145299145299;31.99145299145299;32.0;32.0;1;1
839.745;0.0;4.705;91.97821242881902;31.99145299145299;31.99145299145299;32.0;32.0;1;1
839.858;0.0;4.18;91.97821242881902;31.99145299145299;31.99145299145299;32.0;32.0;1;1
839.959;0.0;3.66125;91.97821242881902;31.99145299145299;31.99145299145299;32.0;32.0;1;1
840.069;0.0;2.87375;91.97821242881902;31.99145299145299;31.99145299145299;32.0;32.0;1;1
840.179;0.0;2.3525;91.97821242881902;31.99145299145299;31.99145299145299;32.0;32.0;1;1
840.289;0.0;1.8475;91.97821242881902;31.99145299145299;31.99145299145299;32.0;32.0;1;1
840.398;0.0;1.33625;91.97821242881902;31.99145299145299;31.99145299145299;32.0;32.0;1;1
840.499;0.0;0.82625;91.97821242881902;31.99145299145299;31.99145299145299;32.0;32.0;1;1
840.599;0.0;0.32;91.97821242881902;31.99145299145299;31.99145299145299;32.0;32.0;1;1
840.7;0.0;0.0;91.97821242881902;31.99145299145299;31.99145299145299;32.0;32.0;1;1
840.8;0.0;0.0;91.85441941074524;31.99145299145299;31.99145299145299;32.0;32.0;1;1
840.901;0.0;0.0;91.66872988363457;31.99145299145299;31.99145299145299;32.0;32.0;1;1
841.002;0.0;0.0;91.35924733845012;31.99145299145299;31.99145299145299;32.0;32.0;1;1
841.103;0.0;0.0;91.23545432037633;31.99145299145299;31.99145299145299;32.0;32.0;1;1
841.21;0.0;0.0;91.04976479326567;31.99145299145299;31.99145299145299;32.0;32.0;1;1
841.314;0.0;0.0;90.864075266155;31.99145299145299;31.99145299145299;32.0;32.0;1;1
841.423;0.0;0.0;90.55459272097055;31.99145299145299;31.99145299145299;32.0;32.0;1;1
841.524;0.0;0.0;90.36890319385988;31.99145299145299;31.99145299145299;32.0;32.0;1;1
841.625;0.0;0.0;90.1832136667492;31.99145299145299;31.99145299145299;32.0;32.0;1;1
841.738;0.0;0.0;90.05942064867543;31.99145299145299;31.99145299145299;32.0;32.0;1;1
841.845;0.0;0.0;89.99752413963853;31.99145299145299;31.99145299145299;32.0;32.0;1;1
841.954;0.0;0.0;89.99752413963853;31.99145299145299;31.99145299145299;32.0;32.0;1;1
842.065;0.0;0.0;89.99752413963853;31.99145299145299;31.99145299145299;32.0;32.0;1;1
842.166;0.0;0.0;89.99752413963853;31.99145299145299;31.99145299145299;32.0;32.0;1;1
842.287;0.0;0.0;89.99752413963853;31.99145299145299;31.99145299145299;32.0;32.0;1;1
842.399;0.0;0.0;89.99752413963853;31.99145299145299;31.99145299145299;32.0;32.0;1;1
842.499;0.0;0.0;89.99752413963853;31.99145299145299;31.99145299145299;32.0;32.0;1;1
842.605;0.0;0.0;89.99752413963853;31.99145299145299;31.99145299145299;32.0;32.0;1;1
842.705;0.0;0.0;89.99752413963853;31.99145299145299;31.99145299145299;32.0;32.0;1;1
842.806;0.0;0.0;89.99752413963853;31.99145299145299;31.99145299145299;32.0;32.0;1;1
842.906;0.0;0.0;89.99752413963853;31.99145299145299;31.99145299145299;32.0;32.0;1;1
843.007;0.0;0.0;89.99752413963853;31.99145299145299;31.99145299145299;32.0;32.0;1;1
843.107;0.0;0.0;89.99752413963853;31.99145299145299;31.99145299145299;32.0;32.0;1;1
843.208;0.0;0.0;89.99752413963853;31.99145299145299;31.99145299145299;32.0;32.0;1;1
843.31;0.0;0.0;89.99752413963853;31.99145299145299;31.99145299145299;32.0;32.0;1;1
843.411;0.0;0.0;89.99752413963853;31.99145299145299;31.99145299145299;32.0;32.0;1;1
843.511;0.0;0.0;89.99752413963853;31.99145299145299;31.99145299145299;32.0;32.0;1;1
843.615;0.0;0.0;89.99752413963853;31.99145299145299;31.99145299145299;32.0;32.0;1;1
843.717;0.0;0.0;89.99752413963853;31.99145299145299;31.99145299145299;32.0;32.0;1;1
843.83;0.0;0.0;89.99752413963853;31.99145299145299;31.99145299145299;32.0;32.0;1;1
843.931;0.0;0.0;89.99752413963853;31.99145299145299;31.99145299145299;32.0;32.0;1;1
844.041;0.0;0.0;89.99752413963853;31.99145299145299;31.99145299145299;32.0;32.0;1;1
844.147;0.0;0.0;89.99752413963853;31.99145299145299;31.99145299145299;32.0;32.0;1;1
844.258;0.0;0.0;89.99752413963853;31.99145299145299;31.99145299145299;32.0;32.0;1;1
844.37;0.0;0.0;89.99752413963853;31.99145299145299;31.99145299145299;32.0;32.0;1;1
844.484;0.0;0.0;89.99752413963853;31.99145299145299;31.99145299145299;32.0;32.0;1;1
844.593;0.0;0.0;89.99752413963853;31.99145299145299;31.99145299145299;32.0;32.0;1;1
844.708;0.0;0.0;89.99752413963853;31.99145299145299;31.99145299145299;32.0;32.0;1;1
844.818;0.0;0.0;89.99752413963853;31.99145299145299;31.99145299145299;32.0;32.0;1;1
844.92;0.0;0.0;89.99752413963853;31.99145299145299;31.99145299145299;32.0;32.0;1;1
845.021;0.0;0.0;89.99752413963853;31.99145299145299;31.99145299145299;32.0;32.0;1;1
845.137;0.0;0.0;89.99752413963853;31.99145299145299;31.99145299145299;32.0;32.0;1;1
845.242;0.0;0.0;89.99752413963853;31.99145299145299;31.99145299145299;32.0;32.0;1;1
845.358;0.0;0.0;89.99752413963853;31.99145299145299;31.99145299145299;32.0;32.0;1;1
845.469;0.0;0.0;89.99752413963853;31.99145299145299;31.99145299145299;32.0;32.0;1;1
845.58;0.0;0.0;89.99752413963853;31.99145299145299;31.99145299145299;32.0;32.0;1;1
845.691;0.0;0.0;89.99752413963853;31.99145299145299;31.99145299145299;32.0;32.0;1;1
845.792;0.0;0.0;89.99752413963853;31.99145299145299;31.99145299145299;32.0;32.0;1;1
845.896;0.0;0.0;89.99752413963853;31.99145299145299;31.99145299145299;32.0;32.0;1;1
846.007;0.0;0.0;89.99752413963853;31.99145299145299;31.99145299145299;32.0;32.0;1;1
846.118;0.0;0.0;89.99752413963853;31.99145299145299;31.99145299145299;32.0;32.0;1;1
846.233;0.0;0.0;89.99752413963853;31.99145299145299;31.99145299145299;32.0;32.0;1;1
846.342;0.0;0.0;89.99752413963853;31.99145299145299;31.99145299145299;32.0;32.0;1;1
846.459;0.0;0.0;89.99752413963853;31.99145299145299;31.99145299145299;32.0;32.0;1;1
846.56;0.0;0.0;89.99752413963853;31.94017094017094;31.99145299145299;32.0;32.0;1;1
846.668;0.0;0.0;89.99752413963853;31.94017094017094;31.99145299145299;32.0;32.0;1;1
846.769;0.0;0.0;89.99752413963853;31.94017094017094;31.99145299145299;32.0;32.0;1;1
846.891;0.0;0.0;89.99752413963853;31.94017094017094;31.99145299145299;32.0;32.0;1;1
846.993;0.0;0.0;89.99752413963853;31.94017094017094;31.99145299145299;32.0;32.0;1;1
847.111;0.0;0.0;89.99752413963853;31.94017094017094;31.99145299145299;32.0;32.0;1;1
847.214;0.0;0.0;89.99752413963853;31.94017094017094;31.99145299145299;32.0;32.0;1;1
847.327;0.0;0.0;89.99752413963853;31.94017094017094;31.99145299145299;32.0;32.0;1;1
847.428;0.0;0.0;89.99752413963853;31.94017094017094;31.99145299145299;32.0;32.0;1;1
847.532;0.0;0.0;89.99752413963853;31.94017094017094;31.94017094017094;32.0;32.0;1;1
847.646;0.0;0.0;89.99752413963853;31.94017094017094;31.94017094017094;32.0;32.0;1;1
847.758;0.0;0.0;89.99752413963853;31.94017094017094;31.94017094017094;32.0;32.0;1;1
847.866;0.0;0.0;89.99752413963853;31.94017094017094;31.94017094017094;32.0;32.0;1;1
847.984;0.0;0.0;89.99752413963853;31.94017094017094;31.94017094017094;32.0;32.0;1;1
848.09;0.0;0.0;89.99752413963853;31.94017094017094;31.94017094017094;32.0;32.0;1;1
848.202;0.0;0.0;89.99752413963853;31.94017094017094;31.94017094017094;32.0;32.0;1;1
848.309;0.0;0.0;89.99752413963853;31.94017094017094;31.94017094017094;32.0;32.0;1;1
848.426;0.0;0.0;89.99752413963853;31.94017094017094;31.94017094017094;32.0;32.0;1;1
848.532;0.0;0.0;89.99752413963853;31.94017094017094;31.99145299145299;32.0;32.0;1;1
848.647;0.0;0.0;89.99752413963853;31.94017094017094;31.99145299145299;32.0;32.0;1;1
848.761;0.0;0.0;89.99752413963853;31.94017094017094;31.99145299145299;32.0;32.0;1;1
848.867;0.0;0.0;89.99752413963853;31.94017094017094;31.99145299145299;32.0;32.0;1;1
848.983;0.0;0.0;89.99752413963853;31.94017094017094;31.99145299145299;32.0;32.0;1;1
849.088;0.0;0.0;89.99752413963853;31.94017094017094;31.99145299145299;32.0;32.0;1;1
849.201;0.0;0.0;89.99752413963853;31.94017094017094;31.99145299145299;32.0;32.0;1;1
849.309;0.0;0.0;89.99752413963853;31.94017094017094;31.99145299145299;32.0;32.0;1;1
849.422;0.0;0.0;89.99752413963853;31.94017094017094;31.99145299145299;32.0;32.0;1;1
849.533;0.0;0.0;89.99752413963853;31.99145299145299;31.99145299145299;32.0;32.0;1;1
849.649;0.0;0.0;89.99752413963853;31.99145299145299;31.99145299145299;32.0;32.0;1;1
849.757;0.0;0.0;89.99752413963853;31.99145299145299;31.99145299145299;32.0;32.0;1;1
849.866;0.0;0.0;89.99752413963853;31.99145299145299;31.99145299145299;32.0;32.0;1;1
849.978;0.0;0.0;89.99752413963853;31.99145299145299;31.99145299145299;32.0;32.0;1;1
850.079;0.0;0.0;89.99752413963853;31.99145299145299;31.99145299145299;32.0;32.0;1;1
850.187;0.0;0.0;89.99752413963853;31.99145299145299;31.99145299145299;32.0;32.0;1;1
850.301;0.0;0.0;89.99752413963853;31.99145299145299;31.99145299145299;32.0;32.0;1;1
850.413;0.0;0.0;89.99752413963853;31.99145299145299;31.99145299145299;32.0;32.0;1;1
850.516;0.0;0.0;89.99752413963853;31.94017094017094;31.99145299145299;32.0;32.0;1;1
850.617;0.0;0.0;89.99752413963853;31.94017094017094;31.99145299145299;32.0;32.0;1;1
850.739;0.0;0.0;89.99752413963853;31.94017094017094;31.99145299145299;32.0;32.0;1;1
850.848;0.0;0.0;89.99752413963853;31.94017094017094;31.99145299145299;32.0;32.0;1;1
850.96;0.0;0.0;89.99752413963853;31.94017094017094;31.99145299145299;32.0;32.0;1;1
851.061;0.0;0.0;89.99752413963853;31.94017094017094;31.99145299145299;32.0;32.0;1;1
851.166;0.0;0.0;89.99752413963853;31.94017094017094;31.99145299145299;32.0;32.0;1;1
851.267;0.0;0.0;89.99752413963853;31.94017094017094;31.99145299145299;32.0;32.0;1;1
851.367;0.0;0.0;89.99752413963853;31.94017094017094;31.99145299145299;32.0;32.0;1;1
851.468;0.0;0.0;89.99752413963853;31.94017094017094;31.94017094017094;32.0;32.0;1;1
851.568;0.0;0.0;89.99752413963853;31.94017094017094;31.94017094017094;32.0;32.0;1;1
851.669;0.0;0.0;89.99752413963853;31.94017094017094;31.94017094017094;32.0;32.0;1;1
851.776;0.0;0.0;89.99752413963853;31.94017094017094;31.94017094017094;32.0;32.0;1;1
851.88;0.0;0.0;89.99752413963853;31.94017094017094;31.94017094017094;32.0;32.0;1;1
851.98;0.0;0.0;89.99752413963853;31.94017094017094;31.94017094017094;32.0;32.0;1;1
852.082;0.0;0.0;89.99752413963853;31.94017094017094;31.94017094017094;32.0;32.0;1;1
852.185;0.0;0.0;89.99752413963853;31.94017094017094;31.94017094017094;32.0;32.0;1;1
852.298;0.0;0.0;89.99752413963853;31.94017094017094;31.94017094017094;32.0;32.0;1;1
852.408;0.0;0.0;89.99752413963853;31.94017094017094;31.94017094017094;32.0;32.0;1;1
852.508;0.0;0.0;89.99752413963853;31.94017094017094;31.99145299145299;32.0;32.0;1;1
852.615;0.0;0.0;89.99752413963853;31.94017094017094;31.99145299145299;32.0;32.0;1;1
852.717;0.0;0.0;89.99752413963853;31.94017094017094;31.99145299145299;32.0;32.0;1;1
852.821;0.0;0.0;89.99752413963853;31.94017094017094;31.99145299145299;32.0;32.0;1;1
852.922;0.0;0.0;89.99752413963853;31.94017094017094;31.99145299145299;32.0;32.0;1;1
853.022;0.0;0.0;89.99752413963853;31.94017094017094;31.99145299145299;32.0;32.0;1;1
853.123;0.0;0.0;89.99752413963853;31.94017094017094;31.99145299145299;32.0;32.0;1;1
853.226;0.0;0.0;89.99752413963853;31.94017094017094;31.99145299145299;32.0;32.0;1;1
853.327;0.0;0.0;89.99752413963853;31.94017094017094;31.99145299145299;32.0;32.0;1;1
853.427;0.0;0.0;89.99752413963853;31.99145299145299;31.94017094017094;32.0;32.0;1;1
853.533;0.0;0.0;89.99752413963853;31.99145299145299;31.94017094017094;32.0;32.0;1;1
853.635;0.0;0.0;89.99752413963853;31.99145299145299;31.94017094017094;32.0;32.0;1;1
853.736;0.0;0.0;89.99752413963853;31.99145299145299;31.94017094017094;32.0;32.0;1;1
853.847;0.0;0.0;89.99752413963853;31.99145299145299;31.94017094017094;32.0;32.0;1;1
853.954;0.0;0.0;89.99752413963853;31.99145299145299;31.94017094017094;32.0;32.0;1;1
854.054;0.0;0.0;89.99752413963853;31.99145299145299;31.94017094017094;32.0;32.0;1;1
854.155;0.0;0.0;89.99752413963853;31.99145299145299;31.94017094017094;32.0;32.0;1;1
854.266;0.0;0.0;89.99752413963853;31.99145299145299;31.94017094017094;32.0;32.0;1;1
854.376;0.0;0.0;89.99752413963853;31.99145299145299;31.94017094017094;32.0;32.0;1;1
854.477;0.0;0.0;89.99752413963853;31.99145299145299;31.99145299145299;32.0;32.0;1;1
854.589;0.0;0.0;89.99752413963853;31.99145299145299;31.99145299145299;32.0;32.0;1;1
854.699;0.0;0.0;89.99752413963853;31.99145299145299;31.99145299145299;32.0;32.0;1;1
854.809;0.0;0.0;89.99752413963853;31.99145299145299;31.99145299145299;32.0;32.0;1;1
854.926;0.0;0.0;89.99752413963853;31.99145299145299;31.99145299145299;32.0;32.0;1;1
855.037;0.0;0.0;89.99752413963853;31.99145299145299;31.99145299145299;32.0;32.0;1;1
855.145;0.0;0.0;89.99752413963853;31.99145299145299;31.99145299145299;32.0;32.0;1;1
855.256;0.0;0.0;89.99752413963853;31.99145299145299;31.99145299145299;32.0;32.0;1;1
855.369;0.0;0.0;89.99752413963853;31.99145299145299;31.99145299145299;32.0;32.0;1;1
855.483;0.0;0.0;89.99752413963853;31.99145299145299;31.99145299145299;32.0;32.0;1;1
855.588;0.0;0.0;89.99752413963853;31.94017094017094;31.99145299145299;32.0;32.0;1;1
855.698;0.0;0.0;89.99752413963853;31.94017094017094;31.99145299145299;32.0;32.0;1;1
855.81;0.0;0.0;89.99752413963853;31.94017094017094;31.99145299145299;32.0;32.0;1;1
855.917;0.0;0.0;89.99752413963853;31.94017094017094;31.99145299145299;32.0;32.0;1;1
856.034;0.0;0.0;89.99752413963853;31.94017094017094;31.99145299145299;32.0;32.0;1;1
856.137;0.0;0.0;89.99752413963853;31.94017094017094;31.99145299145299;32.0;32.0;1;1
856.239;0.0;0.0;89.99752413963853;31.94017094017094;31.99145299145299;32.0;32.0;1;1
856.341;0.0;0.0;89.99752413963853;31.94017094017094;31.99145299145299;32.0;32.0;1;1
856.446;0.0;0.0;89.99752413963853;31.94017094017094;31.99145299145299;32.0;32.0;1;1
856.547;0.0;0.0;89.99752413963853;31.99145299145299;31.99145299145299;32.0;32.0;1;1
856.648;0.0;0.0;89.99752413963853;31.99145299145299;31.99145299145299;32.0;32.0;1;1
856.748;0.0;0.0;89.99752413963853;31.99145299145299;31.99145299145299;32.0;32.0;1;1
856.849;0.0;0.0;89.99752413963853;31.99145299145299;31.99145299145299;32.0;32.0;1;1
856.95;0.0;0.0;89.99752413963853;31.99145299145299;31.99145299145299;32.0;32.0;1;1
857.052;0.0;0.0;89.99752413963853;31.99145299145299;31.99145299145299;32.0;32.0;1;1
857.155;0.0;0.0;89.99752413963853;31.99145299145299;31.99145299145299;32.0;32.0;1;1
857.256;0.0;0.0;89.99752413963853;31.99145299145299;31.99145299145299;32.0;32.0;1;1
857.358;0.0;0.0;89.99752413963853;31.99145299145299;31.99145299145299;32.0;32.0;1;1
857.464;0.0;0.0;89.99752413963853;31.99145299145299;31.99145299145299;32.0;32.0;1;1
857.565;0.0;0.0;89.99752413963853;31.99145299145299;31.99145299145299;32.0;32.0;1;1
857.677;0.0;0.0;89.99752413963853;31.99145299145299;31.99145299145299;32.0;32.0;1;1
857.783;0.0;0.0;89.99752413963853;31.99145299145299;31.99145299145299;32.0;32.0;1;1
857.885;0.0;0.0;89.99752413963853;31.99145299145299;31.99145299145299;32.0;32.0;1;1
857.992;0.0;0.0;89.99752413963853;31.99145299145299;31.99145299145299;32.0;32.0;1;1
858.106;0.0;0.0;89.99752413963853;31.99145299145299;31.99145299145299;32.0;32.0;1;1
858.213;0.0;0.0;89.99752413963853;31.99145299145299;31.99145299145299;32.0;32.0;1;1
858.329;0.0;0.0;89.99752413963853;31.99145299145299;31.99145299145299;32.0;32.0;1;1
858.434;0.0;0.0;89.99752413963853;31.99145299145299;31.99145299145299;32.0;32.0;1;1
858.546;0.0;0.0;89.99752413963853;31.94017094017094;31.94017094017094;32.0;32.0;1;1
858.653;0.0;0.0;89.99752413963853;31.94017094017094;31.94017094017094;32.0;32.0;1;1
858.767;0.0;0.0;89.99752413963853;31.94017094017094;31.94017094017094;32.0;32.0;1;1
858.877;0.0;0.0;89.99752413963853;31.94017094017094;31.94017094017094;32.0;32.0;1;1
858.989;0.0;0.0;89.99752413963853;31.94017094017094;31.94017094017094;32.0;32.0;1;1
859.09;0.0;0.0;89.99752413963853;31.94017094017094;31.94017094017094;32.0;32.0;1;1
859.193;0.0;0.0;89.99752413963853;31.94017094017094;31.94017094017094;32.0;32.0;1;1
859.307;0.0;0.0;89.99752413963853;31.94017094017094;31.94017094017094;32.0;32.0;1;1
859.421;0.0;0.0;89.99752413963853;31.94017094017094;31.94017094017094;32.0;32.0;1;1
859.53;0.0;0.0;89.99752413963853;31.94017094017094;31.99145299145299;32.0;32.0;1;1
859.648;0.0;0.0;89.99752413963853;31.94017094017094;31.99145299145299;32.0;32.0;1;1
859.758;0.0;0.0;89.99752413963853;31.94017094017094;31.99145299145299;32.0;32.0;1;1
859.864;0.0;0.0;89.99752413963853;31.94017094017094;31.99145299145299;32.0;32.0;1;1
859.974;0.0;0.0;89.99752413963853;31.94017094017094;31.99145299145299;32.0;32.0;1;1
860.088;0.0;0.0;89.99752413963853;31.94017094017094;31.99145299145299;32.0;32.0;1;1
860.201;0.0;0.0;89.99752413963853;31.94017094017094;31.99145299145299;32.0;32.0;1;1
860.313;0.0;0.0;89.99752413963853;31.94017094017094;31.99145299145299;32.0;32.0;1;1
