Time_Sec;Pos_H;Pos_V;Pos_R;Temp_A;Temp_B;Set_A;Set_B;Stable_A;Stable_B
0.002;0.0;0.0;0.0;31.99145299145299;31.99145299145299;32.0;32.0;1;1
0.102;0.0;0.0;0.0;31.99145299145299;31.99145299145299;32.0;32.0;1;1
0.207;0.0;0.0;0.0;31.99145299145299;31.99145299145299;32.0;32.0;1;1
0.31;0.0;0.0;0.0;31.99145299145299;31.99145299145299;32.0;32.0;1;1
0.411;0.0;0.0;0.0;31.99145299145299;31.99145299145299;32.0;32.0;1;1
0.522;0.0;0.0;0.0;31.99145299145299;31.99145299145299;32.0;32.0;1;1
0.626;0.0;0.0;0.0;31.99145299145299;31.99145299145299;32.0;32.0;1;1
0.741;0.0;0.0;0.0;31.99145299145299;31.99145299145299;32.0;32.0;1;1
0.85;0.0;0.0;0.0;31.99145299145299;31.99145299145299;32.0;32.0;1;1
0.982;0.0;0.0;0.0;31.99145299145299;31.99145299145299;32.0;32.0;1;1
1.087;0.0;0.0;0.0;31.99145299145299;31.99145299145299;32.0;32.0;1;1
1.187;0.0;0.0;0.0;31.99145299145299;31.99145299145299;32.0;32.0;1;1
1.29;0.0;0.0;0.0;31.99145299145299;31.99145299145299;32.0;32.0;1;1
1.392;0.0;0.0;0.0;31.99145299145299;31.99145299145299;32.0;32.0;1;1
1.495;0.0;0.0;0.0;31.99145299145299;31.99145299145299;32.0;32.0;1;1
1.596;0.0;0.0;0.0;31.99145299145299;31.99145299145299;32.0;32.0;1;1
1.702;0.0;0.0;0.0;31.99145299145299;31.99145299145299;32.0;32.0;1;1
1.814;0.0;0.0;0.0;31.99145299145299;31.99145299145299;32.0;32.0;1;1
1.921;0.0;0.0;0.0;31.99145299145299;31.99145299145299;32.0;32.0;1;1
2.032;0.0;0.0;0.0;31.99145299145299;31.99145299145299;32.0;32.0;1;1
2.134;0.0;0.0;0.0;31.99145299145299;31.99145299145299;32.0;32.0;1;1
2.262;0.0;0.0;0.0;31.99145299145299;31.99145299145299;32.0;32.0;1;1
2.364;0.0;0.0;0.0;31.99145299145299;31.99145299145299;32.0;32.0;1;1
2.484;0.0;0.0;0.0;31.99145299145299;31.99145299145299;32.0;32.0;1;1
2.586;0.0;0.0;0.0;31.99145299145299;31.99145299145299;32.0;32.0;1;1
2.702;0.0;0.0;0.0;31.99145299145299;31.99145299145299;32.0;32.0;1;1
2.804;0.0;0.0;0.0;31.99145299145299;31.99145299145299;32.0;32.0;1;1
2.919;0.0;0.0;0.0;31.99145299145299;31.99145299145299;32.0;32.0;1;1
3.038;0.0;0.0;0.0;31.99145299145299;31.99145299145299;32.0;32.0;1;1
3.139;0.0;0.0;0.0;31.99145299145299;31.99145299145299;32.0;32.0;1;1
3.246;0.0;0.0;0.0;31.99145299145299;31.99145299145299;32.0;32.0;1;1
3.379;0.0;0.0;0.0;31.99145299145299;31.99145299145299;32.0;32.0;1;1
3.481;0.0;0.0;0.0;31.99145299145299;31.99145299145299;32.0;32.0;1;1
3.59;0.0;0.0;0.0;31.99145299145299;31.99145299145299;32.0;32.0;1;1
3.691;0.0;0.0;0.0;31.99145299145299;31.99145299145299;32.0;32.0;1;1
3.796;0.0;0.0;0.0;31.99145299145299;31.99145299145299;32.0;32.0;1;1
3.898;0.0;0.0;0.0;31.99145299145299;31.99145299145299;32.0;32.0;1;1
3.998;0.0;0.0;0.0;31.99145299145299;31.99145299145299;32.0;32.0;1;1
4.106;0.0;0.0;0.0;31.99145299145299;31.99145299145299;32.0;32.0;1;1
4.216;0.0;0.0;0.0;31.99145299145299;31.99145299145299;32.0;32.0;1;1
4.319;0.0;0.0;0.0;31.99145299145299;31.99145299145299;32.0;32.0;1;1
4.42;0.0;0.0;0.0;31.99145299145299;31.99145299145299;32.0;32.0;1;1
4.522;0.0;0.0;0.0;31.99145299145299;31.99145299145299;32.0;32.0;1;1
4.624;0.0;0.0;0.0;31.99145299145299;31.99145299145299;32.0;32.0;1;1
4.739;0.0;0.0;0.0;31.99145299145299;31.99145299145299;32.0;32.0;1;1
4.847;0.0;0.0;0.0;31.99145299145299;31.99145299145299;32.0;32.0;1;1
4.956;0.0;0.0;0.0;31.99145299145299;31.99145299145299;32.0;32.0;1;1
5.06;0.0;0.0;0.0;31.99145299145299;31.99145299145299;32.0;32.0;1;1
5.162;0.0;0.0;0.0;31.99145299145299;31.99145299145299;32.0;32.0;1;1
5.265;0.0;0.0;0.0;31.99145299145299;31.99145299145299;32.0;32.0;1;1
5.366;0.0;0.0;0.0;31.99145299145299;31.99145299145299;32.0;32.0;1;1
5.467;0.0;0.0;0.0;31.99145299145299;31.99145299145299;32.0;32.0;1;1
5.574;0.0;0.0;0.0;31.99145299145299;31.99145299145299;32.0;32.0;1;1
5.686;0.0;0.0;0.0;31.99145299145299;31.99145299145299;32.0;32.0;1;1
5.794;0.0;0.0;0.0;31.99145299145299;31.99145299145299;32.0;32.0;1;1
5.896;0.0;0.0;0.0;31.99145299145299;31.99145299145299;32.0;32.0;1;1
6.002;0.0;0.0;0.0;31.99145299145299;31.99145299145299;32.0;32.0;1;1
6.114;0.0;0.0;0.0;31.99145299145299;31.99145299145299;32.0;32.0;1;1
6.233;0.0;0.0;0.0;31.99145299145299;31.99145299145299;32.0;32.0;1;1
6.334;0.0;0.0;0.0;31.99145299145299;31.99145299145299;32.0;32.0;1;1
6.44;0.0;0.0;0.0;31.99145299145299;31.99145299145299;32.0;32.0;1;1
6.562;0.0;0.0;0.0;31.99145299145299;31.99145299145299;32.0;32.0;1;1
6.663;0.0;0.0;0.0;31.99145299145299;31.99145299145299;32.0;32.0;1;1
6.77;0.0;0.0;0.0;31.99145299145299;31.99145299145299;32.0;32.0;1;1
6.871;0.0;0.0;0.0;31.99145299145299;31.99145299145299;32.0;32.0;1;1
6.976;0.0;0.0;0.0;31.99145299145299;31.99145299145299;32.0;32.0;1;1
7.079;0.0;0.0;0.0;31.99145299145299;31.99145299145299;32.0;32.0;1;1
7.18;0.0;0.0;0.0;31.99145299145299;31.99145299145299;32.0;32.0;1;1
7.283;0.0;0.0;0.0;31.99145299145299;31.99145299145299;32.0;32.0;1;1
7.384;0.0;0.0;0.0;31.99145299145299;31.99145299145299;32.0;32.0;1;1
7.485;0.0;0.0;0.0;31.99145299145299;31.99145299145299;32.0;32.0;1;1
7.59;0.0;0.0;0.0;31.99145299145299;31.99145299145299;32.0;32.0;1;1
7.702;0.0;0.0;0.0;31.99145299145299;31.99145299145299;32.0;32.0;1;1
7.812;0.0;0.0;0.0;31.99145299145299;31.99145299145299;32.0;32.0;1;1
7.919;0.0;0.0;0.0;31.99145299145299;31.99145299145299;32.0;32.0;1;1
8.019;0.0;0.0;0.0;31.99145299145299;31.99145299145299;32.0;32.0;1;1
8.12;0.0;0.0;0.0;31.99145299145299;31.99145299145299;32.0;32.0;1;1
8.23;0.0;0.0;0.0;31.99145299145299;31.99145299145299;32.0;32.0;1;1
8.347;0.0;0.0;0.0;31.99145299145299;31.99145299145299;32.0;32.0;1;1
8.452;0.0;0.0;0.0;31.99145299145299;31.99145299145299;32.0;32.0;1;1
8.558;0.0;0.0;0.0;31.99145299145299;31.99145299145299;32.0;32.0;1;1
8.659;0.0;0.0;0.0;31.99145299145299;31.99145299145299;32.0;32.0;1;1
8.76;0.0;0.0;0.0;31.99145299145299;31.99145299145299;32.0;32.0;1;1
8.861;0.0;0.0;0.0;31.99145299145299;31.99145299145299;32.0;32.0;1;1
8.963;0.0;0.0;0.0;31.99145299145299;31.99145299145299;32.0;32.0;1;1
9.071;0.0;0.0;0.0;31.99145299145299;31.99145299145299;32.0;32.0;1;1
9.183;0.005;0.0;0.0;31.99145299145299;31.99145299145299;32.0;32.0;1;1
9.294;0.4025;0.0;0.0;31.99145299145299;31.99145299145299;32.0;32.0;1;1
9.4;1.16875;0.0;0.0;31.99145299145299;31.99145299145299;32.0;32.0;1;1
9.51;1.67875;0.0;0.0;31.99145299145299;31.99145299145299;32.0;32.0;1;1
9.622;2.185;0.0;0.0;31.99145299145299;31.99145299145299;32.0;32.0;1;1
9.73;2.695;0.0;0.0;31.99145299145299;31.99145299145299;32.0;32.0;1;1
9.844;3.20375;0.0;0.0;31.99145299145299;31.99145299145299;32.0;32.0;1;1
9.951;3.9625;0.0;0.0;31.99145299145299;31.99145299145299;32.0;32.0;1;1
10.062;4.4725;0.0;0.0;31.99145299145299;31.99145299145299;32.0;32.0;1;1
10.174;4.9475;0.0;0.0;31.99145299145299;31.99145299145299;32.0;32.0;1;1
10.285;5.0;0.0;0.0;31.99145299145299;31.99145299145299;32.0;32.0;1;1
10.395;5.0;0.0;0.0;31.99145299145299;31.99145299145299;32.0;32.0;1;1
10.511;5.0;0.0;0.0;31.99145299145299;31.99145299145299;32.0;32.0;1;1
10.614;5.0;0.0;0.0;31.99145299145299;31.99145299145299;32.0;32.0;1;1
10.718;5.0;0.0;0.0;31.99145299145299;31.99145299145299;32.0;32.0;1;1
10.828;5.0;0.0;0.0;31.99145299145299;31.99145299145299;32.0;32.0;1;1
10.946;5.0;0.0;0.0;31.99145299145299;31.99145299145299;32.0;32.0;1;1
11.048;5.0;0.0;0.0;31.99145299145299;31.99145299145299;32.0;32.0;1;1
11.158;5.0;0.0;0.0;31.99145299145299;31.99145299145299;32.0;32.0;1;1
11.274;5.0;0.0;0.0;31.99145299145299;31.99145299145299;32.0;32.0;1;1
11.38;5.0;0.0;0.0;31.99145299145299;31.99145299145299;32.0;32.0;1;1
11.496;5.0;0.0;0.0;31.99145299145299;31.99145299145299;32.0;32.0;1;1
11.603;5.0;0.0;0.0;31.99145299145299;31.99145299145299;32.0;32.0;1;1
11.716;5.0;0.0;0.0;31.99145299145299;31.99145299145299;32.0;32.0;1;1
11.817;5.0;0.0;0.0;31.99145299145299;31.99145299145299;32.0;32.0;1;1
11.92;5.0;0.0;0.0;31.99145299145299;31.99145299145299;32.0;32.0;1;1
12.034;5.0;0.0;0.0;31.99145299145299;31.99145299145299;32.0;32.0;1;1
12.145;5.0;0.0;0.0;31.99145299145299;31.99145299145299;32.0;32.0;1;1
12.249;5.0;0.0;0.0;31.99145299145299;31.99145299145299;32.0;32.0;1;1
12.363;4.98875;0.0;0.0;31.99145299145299;31.99145299145299;32.0;32.0;1;1
12.478;4.57375;0.0;0.0;31.99145299145299;31.99145299145299;32.0;32.0;1;1
12.59;4.06375;0.0;0.0;31.99145299145299;31.99145299145299;32.0;32.0;1;1
12.699;3.55625;0.0;0.0;31.99145299145299;31.99145299145299;32.0;32.0;1;1
12.813;3.0525;0.0;0.0;31.99145299145299;31.99145299145299;32.0;32.0;1;1
12.914;2.28875;0.0;0.0;31.99145299145299;31.99145299145299;32.0;32.0;1;1
13.015;1.78125;0.0;0.0;31.99145299145299;31.99145299145299;32.0;32.0;1;1
13.131;1.27875;0.0;0.0;31.99145299145299;31.99145299145299;32.0;32.0;1;1
13.24;0.7725;0.0;0.0;31.99145299145299;31.99145299145299;32.0;32.0;1;1
13.355;0.2625;0.0;0.0;31.99145299145299;31.99145299145299;32.0;32.0;1;1
13.456;0.0;0.0;0.0;31.99145299145299;31.99145299145299;32.0;32.0;1;1
13.571;0.0;0.0;0.0;31.99145299145299;31.99145299145299;32.0;32.0;1;1
13.683;0.0;0.0;0.0;31.99145299145299;31.99145299145299;32.0;32.0;1;1
13.792;0.0;0.0;0.0;31.99145299145299;31.99145299145299;32.0;32.0;1;1
13.903;0.0;0.0;0.0;31.99145299145299;31.99145299145299;32.0;32.0;1;1
14.014;0.0;0.0;0.0;31.99145299145299;31.99145299145299;32.0;32.0;1;1
14.133;0.0;0.0;0.0;31.99145299145299;31.99145299145299;32.0;32.0;1;1
14.237;0.0;0.0;0.0;31.99145299145299;31.99145299145299;32.0;32.0;1;1
14.35;0.0;0.0;0.0;31.99145299145299;31.99145299145299;32.0;32.0;1;1
14.461;0.0;0.0;0.0;31.99145299145299;31.99145299145299;32.0;32.0;1;1
14.571;0.0;0.0;0.0;31.99145299145299;31.99145299145299;32.0;32.0;1;1
14.686;0.0;0.0;0.0;31.99145299145299;31.99145299145299;32.0;32.0;1;1
14.791;0.0;0.0;0.0;31.99145299145299;31.99145299145299;32.0;32.0;1;1
14.896;0.0;0.0;0.0;31.99145299145299;31.99145299145299;32.0;32.0;1;1
14.997;0.0;0.0;0.0;31.99145299145299;31.99145299145299;32.0;32.0;1;1
15.108;0.0;0.0;0.0;31.99145299145299;31.99145299145299;32.0;32.0;1;1
15.224;0.0;0.0;0.0;31.99145299145299;31.99145299145299;32.0;32.0;1;1
15.336;0.0;0.0;0.0;31.99145299145299;31.99145299145299;32.0;32.0;1;1
15.442;0.0;0.0;0.0;31.99145299145299;31.99145299145299;32.0;32.0;1;1
15.555;0.0;0.0;0.0;31.99145299145299;31.99145299145299;32.0;32.0;1;1
15.664;0.0;0.0;0.0;31.99145299145299;31.99145299145299;32.0;32.0;1;1
15.781;0.0;0.0;0.2475860361475613;31.99145299145299;31.99145299145299;32.0;32.0;1;1
15.886;0.0;0.0;0.9284476355533549;31.99145299145299;31.99145299145299;32.0;32.0;1;1
15.998;0.0;0.0;1.9806882891804904;31.99145299145299;31.99145299145299;32.0;32.0;1;1
16.113;0.0;0.0;3.3424114879920777;31.99145299145299;31.99145299145299;32.0;32.0;1;1
16.214;0.0;0.0;4.580341668729884;31.99145299145299;31.99145299145299;32.0;32.0;1;1
16.319;0.0;0.0;4.827927704877445;31.99145299145299;31.99145299145299;32.0;32.0;1;1
16.431;0.0;0.0;4.951720722951226;31.99145299145299;31.99145299145299;32.0;32.0;1;1
16.539;0.0;0.0;4.951720722951226;31.99145299145299;31.99145299145299;32.0;32.0;1;1
16.654;0.0;0.0;4.951720722951226;31.99145299145299;31.99145299145299;32.0;32.0;1;1
16.765;0.0;0.0;4.951720722951226;31.99145299145299;31.99145299145299;32.0;32.0;1;1
16.866;0.0;0.0;4.951720722951226;31.99145299145299;31.99145299145299;32.0;32.0;1;1
16.973;0.0;0.0;4.951720722951226;31.99145299145299;31.99145299145299;32.0;32.0;1;1
17.08;0.0;0.0;4.951720722951226;31.99145299145299;31.99145299145299;32.0;32.0;1;1
17.19;0.0;0.0;4.951720722951226;31.99145299145299;31.99145299145299;32.0;32.0;1;1
17.307;0.0;0.0;4.951720722951226;31.99145299145299;31.99145299145299;32.0;32.0;1;1
17.409;0.0;0.0;4.951720722951226;31.99145299145299;31.99145299145299;32.0;32.0;1;1
17.509;0.0;0.0;4.951720722951226;31.99145299145299;31.99145299145299;32.0;32.0;1;1
17.615;0.0;0.0;4.951720722951226;31.99145299145299;31.99145299145299;32.0;32.0;1;1
17.716;0.0;0.0;4.951720722951226;31.99145299145299;31.99145299145299;32.0;32.0;1;1
17.822;0.0;0.0;4.951720722951226;31.99145299145299;31.99145299145299;32.0;32.0;1;1
17.924;0.0;0.0;4.951720722951226;31.99145299145299;31.99145299145299;32.0;32.0;1;1
18.027;0.0;0.0;4.951720722951226;31.99145299145299;31.99145299145299;32.0;32.0;1;1
18.128;0.0;0.0;4.951720722951226;31.99145299145299;31.99145299145299;32.0;32.0;1;1
18.236;0.0;0.0;4.951720722951226;31.99145299145299;31.99145299145299;32.0;32.0;1;1
18.338;0.0;0.0;4.951720722951226;31.99145299145299;31.99145299145299;32.0;32.0;1;1
18.444;0.0;0.0;4.766031195840555;31.99145299145299;31.99145299145299;32.0;32.0;1;1
18.546;0.0;0.0;4.208962614508542;31.99145299145299;31.99145299145299;32.0;32.0;1;1
18.648;0.0;0.0;3.218618469918297;31.99145299145299;31.99145299145299;32.0;32.0;1;1
18.75;0.0;0.0;1.0522406536271356;31.99145299145299;31.99145299145299;32.0;32.0;1;1
18.852;0.0;0.0;0.3094825451844516;31.99145299145299;31.99145299145299;32.0;32.0;1;1
18.968;0.0;0.0;-1.9187917801436;31.99145299145299;31.99145299145299;32.0;32.0;1;1
19.072;0.0;0.0;-2.661549888586284;31.99145299145299;31.99145299145299;32.0;32.0;1;1
19.172;0.0;0.0;-4.208962614508542;31.99145299145299;31.99145299145299;32.0;32.0;1;1
19.275;0.0;0.0;-4.766031195840555;31.99145299145299;31.99145299145299;32.0;32.0;1;1
19.377;0.0;0.0;-4.951720722951226;31.99145299145299;31.99145299145299;32.0;32.0;1;1
19.477;0.0;0.0;-4.951720722951226;31.99145299145299;31.99145299145299;32.0;32.0;1;1
19.58;0.0;0.0;-4.951720722951226;31.99145299145299;31.99145299145299;32.0;32.0;1;1
19.685;0.0;0.0;-4.951720722951226;31.99145299145299;31.99145299145299;32.0;32.0;1;1
19.786;0.0;0.0;-4.951720722951226;31.99145299145299;31.99145299145299;32.0;32.0;1;1
19.887;0.0;0.0;-4.951720722951226;31.99145299145299;31.99145299145299;32.0;32.0;1;1
19.998;0.0;0.0;-4.951720722951226;31.99145299145299;31.99145299145299;32.0;32.0;1;1
20.098;0.0;0.0;-4.951720722951226;31.99145299145299;31.99145299145299;32.0;32.0;1;1
20.203;0.0;0.0;-4.951720722951226;31.99145299145299;31.99145299145299;32.0;32.0;1;1
20.305;0.0;0.0;-4.951720722951226;31.99145299145299;31.99145299145299;32.0;32.0;1;1
20.409;0.0;0.0;-4.951720722951226;31.99145299145299;31.99145299145299;32.0;32.0;1;1
20.51;0.0;0.0;-4.951720722951226;31.99145299145299;31.99145299145299;32.0;32.0;1;1
20.614;0.0;0.0;-4.951720722951226;31.99145299145299;31.99145299145299;32.0;32.0;1;1
20.731;0.0;0.0;-4.951720722951226;31.99145299145299;31.99145299145299;32.0;32.0;1;1
20.849;0.0;0.0;-4.951720722951226;31.99145299145299;31.99145299145299;32.0;32.0;1;1
20.951;0.0;0.0;-4.951720722951226;31.99145299145299;31.99145299145299;32.0;32.0;1;1
21.053;0.0;0.0;-4.951720722951226;31.99145299145299;31.99145299145299;32.0;32.0;1;1
21.171;0.0;0.0;-4.951720722951226;31.99145299145299;31.99145299145299;32.0;32.0;1;1
21.274;0.0;0.0;-4.951720722951226;31.99145299145299;31.99145299145299;32.0;32.0;1;1
21.375;0.0;0.0;-4.951720722951226;31.99145299145299;31.99145299145299;32.0;32.0;1;1
21.478;0.0;0.0;-4.827927704877445;31.99145299145299;31.99145299145299;32.0;32.0;1;1
21.582;0.0;0.0;-4.208962614508542;31.99145299145299;31.99145299145299;32.0;32.0;1;1
21.695;0.0;0.0;-3.218618469918297;31.99145299145299;31.99145299145299;32.0;32.0;1;1
21.796;0.0;0.0;-1.9187917801436;31.99145299145299;31.99145299145299;32.0;32.0;1;1
21.897;0.0;0.0;-0.8665511265164645;31.99145299145299;31.99145299145299;32.0;32.0;1;1
21.998;0.0;0.0;-0.2475860361475613;31.99145299145299;31.99145299145299;32.0;32.0;1;1
22.099;0.0;0.0;0.0;31.99145299145299;31.99145299145299;32.0;32.0;1;1
22.2;0.0;0.0;0.0;31.99145299145299;31.99145299145299;32.0;32.0;1;1
22.303;0.0;0.0;0.0;31.99145299145299;31.99145299145299;32.0;32.0;1;1
22.415;0.0;0.0;0.0;31.99145299145299;31.99145299145299;32.0;32.0;1;1
22.516;0.0;0.0;0.0;31.99145299145299;31.99145299145299;32.0;32.0;1;1
22.622;0.0;0.0;0.0;31.99145299145299;31.99145299145299;32.0;32.0;1;1
22.73;0.0;0.0;0.0;31.99145299145299;31.99145299145299;32.0;32.0;1;1
22.834;0.0;0.0;0.0;31.99145299145299;31.99145299145299;32.0;32.0;1;1
22.934;0.0;0.0;0.0;31.99145299145299;31.99145299145299;32.0;32.0;1;1
23.035;0.0;0.0;0.0;31.99145299145299;31.99145299145299;32.0;32.0;1;1
23.136;0.0;0.0;0.0;31.99145299145299;31.99145299145299;32.0;32.0;1;1
23.243;0.0;0.0;0.0;31.99145299145299;31.99145299145299;32.0;32.0;1;1
23.353;0.0;0.0;0.0;31.99145299145299;31.99145299145299;32.0;32.0;1;1
23.463;0.0;0.0;0.0;31.99145299145299;31.99145299145299;32.0;32.0;1;1
23.571;0.0;0.0;0.0;31.99145299145299;31.99145299145299;32.0;32.0;1;1
23.685;0.0;0.0;0.0;31.99145299145299;31.99145299145299;32.0;32.0;1;1
23.792;0.0;0.0;0.0;31.99145299145299;31.99145299145299;32.0;32.0;1;1
23.909;0.0;0.0;0.0;31.99145299145299;31.99145299145299;32.0;32.0;1;1
24.011;0.0;0.0;0.0;31.99145299145299;31.99145299145299;32.0;32.0;1;1
24.12;0.0;0.0;0.0;31.99145299145299;31.99145299145299;32.0;32.0;1;1
24.222;0.0;0.0;0.0;31.99145299145299;31.99145299145299;32.0;32.0;1;1
24.331;0.0;0.0;0.0;31.99145299145299;31.99145299145299;32.0;32.0;1;1
24.447;0.0;0.0;0.0;31.99145299145299;31.99145299145299;32.0;32.0;1;1
24.558;0.0;0.0;0.0;31.99145299145299;31.99145299145299;32.0;32.0;1;1
24.664;0.0;0.0;0.0;31.99145299145299;31.99145299145299;32.0;32.0;1;1
24.778;0.0;0.0;0.0;31.99145299145299;31.99145299145299;32.0;32.0;1;1
24.879;0.0;0.0;0.0;31.99145299145299;31.99145299145299;32.0;32.0;1;1
24.985;0.0;0.0;0.0;31.99145299145299;31.99145299145299;32.0;32.0;1;1
25.085;0.0;0.0;0.0;31.99145299145299;31.99145299145299;32.0;32.0;1;1
25.206;0.0;0.0;0.0;31.99145299145299;31.99145299145299;32.0;32.0;1;1
25.319;0.0;0.0;0.0;31.99145299145299;31.99145299145299;32.0;32.0;1;1
25.43;0.0;0.0;0.0;31.99145299145299;31.99145299145299;32.0;32.0;1;1
25.541;0.0;0.0;0.0;31.99145299145299;31.99145299145299;32.0;32.0;1;1
25.645;0.0;0.0;0.0;31.99145299145299;31.99145299145299;32.0;32.0;1;1
25.751;0.0;0.0;0.0;31.99145299145299;31.99145299145299;32.0;32.0;1;1
25.859;0.0;0.0;0.0;31.99145299145299;31.99145299145299;32.0;32.0;1;1
25.974;0.0;0.0;0.0;31.99145299145299;31.99145299145299;32.0;32.0;1;1
26.083;0.0;0.0;0.0;31.99145299145299;31.99145299145299;32.0;32.0;1;1
26.198;0.0;0.0;0.0;31.99145299145299;31.99145299145299;32.0;32.0;1;1
26.312;0.0;0.0;0.0;31.99145299145299;31.99145299145299;32.0;32.0;1;1
26.424;0.0;0.0;0.18568952711067097;31.99145299145299;31.99145299145299;32.0;32.0;1;1
26.524;0.0;0.0;0.8046546174795742;31.99145299145299;31.99145299145299;32.0;32.0;1;1
26.63;0.0;0.0;1.7949987620698193;31.99145299145299;31.99145299145299;32.0;32.0;1;1
26.738;0.0;0.0;2.785342906660065;31.99145299145299;31.99145299145299;32.0;32.0;1;1
26.846;0.0;0.0;3.77568705125031;31.99145299145299;31.99145299145299;32.0;32.0;1;1
26.952;0.0;0.0;4.766031195840555;31.99145299145299;31.99145299145299;32.0;32.0;1;1
27.064;0.0;0.0;4.951720722951226;31.99145299145299;31.99145299145299;32.0;32.0;1;1
27.177;0.0;0.0;4.951720722951226;31.99145299145299;31.99145299145299;32.0;32.0;1;1
27.284;0.0;0.0;4.951720722951226;31.99145299145299;31.99145299145299;32.0;32.0;1;1
27.399;0.0;0.0;4.951720722951226;31.99145299145299;31.99145299145299;32.0;32.0;1;1
27.504;0.0;0.0;4.951720722951226;31.99145299145299;31.99145299145299;32.0;32.0;1;1
27.623;0.0;0.0;4.951720722951226;31.99145299145299;31.99145299145299;32.0;32.0;1;1
27.726;0.0;0.0;4.951720722951226;31.99145299145299;31.99145299145299;32.0;32.0;1;1
27.843;0.0;0.0;4.951720722951226;31.99145299145299;31.99145299145299;32.0;32.0;1;1
27.952;0.0;0.0;4.951720722951226;31.99145299145299;31.99145299145299;32.0;32.0;1;1
28.066;0.0;0.0;4.951720722951226;31.99145299145299;31.99145299145299;32.0;32.0;1;1
28.174;0.0;0.0;4.951720722951226;31.99145299145299;31.99145299145299;32.0;32.0;1;1
28.285;0.0;0.0;4.951720722951226;31.99145299145299;31.99145299145299;32.0;32.0;1;1
28.386;0.0;0.0;4.951720722951226;31.99145299145299;31.99145299145299;32.0;32.0;1;1
28.507;0.0;0.0;4.951720722951226;31.99145299145299;31.99145299145299;32.0;32.0;1;1
28.622;0.0;0.0;4.951720722951226;31.99145299145299;31.99145299145299;32.0;32.0;1;1
28.723;0.0;0.0;4.951720722951226;31.99145299145299;31.99145299145299;32.0;32.0;1;1
28.827;0.0;0.0;4.951720722951226;31.99145299145299;31.99145299145299;32.0;32.0;1;1
28.94;0.0;0.0;4.951720722951226;31.99145299145299;31.99145299145299;32.0;32.0;1;1
29.052;0.0;0.0;4.951720722951226;31.99145299145299;31.99145299145299;32.0;32.0;1;1
29.162;0.0;0.0;4.951720722951226;31.99145299145299;31.99145299145299;32.0;32.0;1;1
29.279;0.0;0.0;4.827927704877445;31.99145299145299;31.99145299145299;32.0;32.0;1;1
29.391;0.0;0.0;4.270859123545432;31.99145299145299;31.99145299145299;32.0;32.0;1;1
29.506;0.0;0.0;3.2805149789551873;31.99145299145299;31.99145299145299;32.0;32.0;1;1
29.612;0.0;0.0;1.7949987620698193;31.99145299145299;31.99145299145299;32.0;32.0;1;1
29.727;0.0;0.0;0.8046546174795742;31.99145299145299;31.99145299145299;32.0;32.0;1;1
29.835;0.0;0.0;-0.18568952711067097;31.99145299145299;31.99145299145299;32.0;32.0;1;1
29.936;0.0;0.0;-1.176033671700916;31.99145299145299;31.99145299145299;32.0;32.0;1;1
30.037;0.0;0.0;-2.1663778162911616;31.99145299145299;31.99145299145299;32.0;32.0;1;1
30.153;0.0;0.0;-3.1567219608814066;31.99145299145299;31.99145299145299;32.0;32.0;1;1
30.261;0.0;0.0;-4.456548650656103;31.99145299145299;31.99145299145299;32.0;32.0;1;1
30.381;0.0;0.0;-4.889824213914336;31.99145299145299;31.99145299145299;32.0;32.0;1;1
30.491;0.0;0.0;-4.951720722951226;31.99145299145299;31.99145299145299;32.0;32.0;1;1
30.597;0.0;0.0;-4.951720722951226;31.99145299145299;31.99145299145299;32.0;32.0;1;1
30.706;0.0;0.0;-4.951720722951226;31.99145299145299;31.99145299145299;32.0;32.0;1;1
30.818;0.0;0.0;-4.951720722951226;31.99145299145299;31.99145299145299;32.0;32.0;1;1
30.918;0.0;0.0;-4.951720722951226;31.99145299145299;31.99145299145299;32.0;32.0;1;1
31.019;0.0;0.0;-4.951720722951226;31.99145299145299;31.99145299145299;32.0;32.0;1;1
31.129;0.0;0.0;-4.951720722951226;31.99145299145299;31.99145299145299;32.0;32.0;1;1
31.229;0.0;0.0;-4.951720722951226;31.99145299145299;31.99145299145299;32.0;32.0;1;1
31.335;0.0;0.0;-4.951720722951226;31.99145299145299;31.99145299145299;32.0;32.0;1;1
31.435;0.0;0.0;-4.951720722951226;31.99145299145299;31.99145299145299;32.0;32.0;1;1
31.536;0.0;0.0;-4.951720722951226;31.99145299145299;31.99145299145299;32.0;32.0;1;1
31.637;0.0;0.0;-4.951720722951226;31.99145299145299;31.99145299145299;32.0;32.0;1;1
31.737;0.0;0.0;-4.951720722951226;31.99145299145299;31.99145299145299;32.0;32.0;1;1
31.84;0.0;0.0;-4.951720722951226;31.99145299145299;31.99145299145299;32.0;32.0;1;1
31.946;0.0;0.0;-4.951720722951226;31.99145299145299;31.99145299145299;32.0;32.0;1;1
32.05;0.0;0.0;-4.951720722951226;31.99145299145299;31.99145299145299;32.0;32.0;1;1
32.153;0.0;0.0;-4.951720722951226;31.99145299145299;31.99145299145299;32.0;32.0;1;1
32.257;0.0;0.0;-4.951720722951226;31.99145299145299;31.99145299145299;32.0;32.0;1;1
32.36;0.0;0.0;-4.951720722951226;31.99145299145299;31.99145299145299;32.0;32.0;1;1
32.461;0.0;0.0;-4.951720722951226;31.99145299145299;31.99145299145299;32.0;32.0;1;1
32.564;0.0;0.0;-4.889824213914336;31.99145299145299;31.99145299145299;32.0;32.0;1;1
32.665;0.0;0.0;-4.023273087397871;31.99145299145299;31.99145299145299;32.0;32.0;1;1
32.798;0.0;0.0;-3.032928942807626;31.99145299145299;31.99145299145299;32.0;32.0;1;1
32.901;0.0;0.0;-1.547412725922258;31.99145299145299;31.99145299145299;32.0;32.0;1;1
33.004;0.0;0.0;-1.0522406536271356;31.99145299145299;31.99145299145299;32.0;32.0;1;1
33.123;0.0;0.0;-0.12379301807378065;31.99145299145299;31.99145299145299;32.0;32.0;1;1
33.242;0.0;0.0;0.0;31.99145299145299;31.99145299145299;32.0;32.0;1;1
33.342;0.0;0.0;0.0;31.99145299145299;31.99145299145299;32.0;32.0;1;1
33.457;0.0;0.0;0.0;31.99145299145299;31.99145299145299;32.0;32.0;1;1
33.558;0.0;0.0;0.0;31.99145299145299;31.99145299145299;32.0;32.0;1;1
33.663;0.0;0.0;0.0;31.99145299145299;31.99145299145299;32.0;32.0;1;1
33.765;0.0;0.0;0.0;31.99145299145299;31.99145299145299;32.0;32.0;1;1
33.871;0.0;0.0;0.0;31.99145299145299;31.99145299145299;32.0;32.0;1;1
33.997;0.0;0.0;0.0;31.99145299145299;31.99145299145299;32.0;32.0;1;1
34.101;0.0;0.0;0.0;31.99145299145299;31.99145299145299;32.0;32.0;1;1
34.218;0.0;0.0;0.0;31.99145299145299;31.99145299145299;32.0;32.0;1;1
34.32;0.0;0.0;0.0;31.99145299145299;31.99145299145299;32.0;32.0;1;1
34.438;0.0;0.0;0.0;31.99145299145299;31.99145299145299;32.0;32.0;1;1
34.542;0.0;0.0;0.0;31.99145299145299;31.99145299145299;32.0;32.0;1;1
34.644;0.0;0.0;0.0;31.99145299145299;31.99145299145299;32.0;32.0;1;1
34.745;0.0;0.0;0.0;31.99145299145299;31.99145299145299;32.0;32.0;1;1
34.848;0.0;0.0;0.0;31.99145299145299;31.99145299145299;32.0;32.0;1;1
34.949;0.0;0.0;0.0;31.99145299145299;31.99145299145299;32.0;32.0;1;1
35.051;0.0;0.0;0.0;31.99145299145299;31.99145299145299;32.0;32.0;1;1
35.152;0.0;0.0;0.0;31.99145299145299;31.99145299145299;32.0;32.0;1;1
35.264;0.0;0.0;0.0;31.99145299145299;31.99145299145299;32.0;32.0;1;1
35.366;0.0;0.0;0.0;31.99145299145299;31.99145299145299;32.0;32.0;1;1
35.47;0.0;0.0;0.0;31.99145299145299;31.99145299145299;32.0;32.0;1;1
35.571;0.0;0.0;0.0;31.99145299145299;31.99145299145299;32.0;32.0;1;1
35.68;0.0;0.0;0.0;31.99145299145299;31.99145299145299;32.0;32.0;1;1
35.782;0.0;0.0;0.0;31.99145299145299;31.99145299145299;32.0;32.0;1;1
35.884;0.0;0.0;0.0;31.99145299145299;31.99145299145299;32.0;32.0;1;1
35.985;0.0;0.0;0.0;31.99145299145299;31.99145299145299;32.0;32.0;1;1
36.097;0.0;0.0;0.0;31.99145299145299;31.99145299145299;32.0;32.0;1;1
36.198;0.0;0.0;0.0;31.99145299145299;31.99145299145299;32.0;32.0;1;1
36.32;0.0;0.0;0.0;31.99145299145299;31.99145299145299;32.0;32.0;1;1
36.421;0.0;0.0;0.0;31.99145299145299;31.99145299145299;32.0;32.0;1;1
36.525;0.0;0.0;0.0;31.99145299145299;31.99145299145299;32.0;32.0;1;1
36.626;0.0;0.0;0.0;31.99145299145299;31.99145299145299;32.0;32.0;1;1
36.728;0.0;0.0;0.0;31.99145299145299;31.99145299145299;32.0;32.0;1;1
36.833;0.0;0.0;0.0;31.99145299145299;31.99145299145299;32.0;32.0;1;1
36.946;0.0;0.0;0.0;31.99145299145299;31.99145299145299;32.0;32.0;1;1
37.05;0.0;0.0;0.0;31.99145299145299;31.99145299145299;32.0;32.0;1;1
37.15;0.0;0.0;0.0;31.99145299145299;31.99145299145299;32.0;32.0;1;1
37.251;0.0;0.0;0.0;31.99145299145299;31.99145299145299;32.0;32.0;1;1
37.352;0.0;0.0;0.0;31.99145299145299;31.99145299145299;32.0;32.0;1;1
37.453;0.0;0.0;0.0;31.99145299145299;31.99145299145299;32.0;32.0;1;1
37.558;0.0;0.0;0.37137905422134193;31.99145299145299;31.99145299145299;32.0;32.0;1;1
37.661;0.0;0.0;0.8665511265164645;31.99145299145299;31.99145299145299;32.0;32.0;1;1
37.768;0.0;0.0;1.6093092349591485;31.99145299145299;31.99145299145299;32.0;32.0;1;1
37.886;0.0;0.0;2.104481307254271;31.99145299145299;31.99145299145299;32.0;32.0;1;1
37.998;0.0;0.0;2.5996533795493937;31.99145299145299;31.99145299145299;32.0;32.0;1;1
38.11;0.0;0.0;3.094825451844516;31.99145299145299;31.99145299145299;32.0;32.0;1;1
38.211;0.0;0.0;3.8375835602872;31.99145299145299;31.99145299145299;32.0;32.0;1;1
38.313;0.0;0.0;4.085169596434762;31.99145299145299;31.99145299145299;32.0;32.0;1;1
38.414;0.0;0.0;4.580341668729884;31.99145299145299;31.99145299145299;32.0;32.0;1;1
38.515;0.0;0.0;4.889824213914336;31.99145299145299;31.99145299145299;32.0;32.0;1;1
38.621;0.0;0.0;4.951720722951226;31.99145299145299;31.99145299145299;32.0;32.0;1;1
38.733;0.0;0.0;4.951720722951226;31.99145299145299;31.99145299145299;32.0;32.0;1;1
38.841;0.0;0.0;4.951720722951226;31.99145299145299;31.99145299145299;32.0;32.0;1;1
38.958;0.0;0.0;4.951720722951226;31.99145299145299;31.99145299145299;32.0;32.0;1;1
39.064;0.0;0.0;4.951720722951226;31.99145299145299;31.99145299145299;32.0;32.0;1;1
39.171;0.0;0.0;4.951720722951226;31.99145299145299;31.99145299145299;32.0;32.0;1;1
39.279;0.0;0.0;4.951720722951226;31.99145299145299;31.99145299145299;32.0;32.0;1;1
39.391;0.0;0.0;4.951720722951226;31.99145299145299;31.99145299145299;32.0;32.0;1;1
39.501;0.0;0.0;4.951720722951226;31.99145299145299;31.99145299145299;32.0;32.0;1;1
39.614;0.0;0.0;4.951720722951226;31.99145299145299;31.99145299145299;32.0;32.0;1;1
39.725;0.0;0.0;4.951720722951226;31.99145299145299;31.99145299145299;32.0;32.0;1;1
39.834;0.0;0.0;4.951720722951226;31.99145299145299;31.99145299145299;32.0;32.0;1;1
39.936;0.0;0.0;4.951720722951226;31.99145299145299;31.99145299145299;32.0;32.0;1;1
40.039;0.0;0.0;4.951720722951226;31.99145299145299;31.99145299145299;32.0;32.0;1;1
40.14;0.0;0.0;4.951720722951226;31.99145299145299;31.99145299145299;32.0;32.0;1;1
40.246;0.0;0.0;4.951720722951226;31.99145299145299;31.99145299145299;32.0;32.0;1;1
40.347;0.0;0.0;4.951720722951226;31.99145299145299;31.99145299145299;32.0;32.0;1;1
40.447;0.0;0.0;4.951720722951226;31.99145299145299;31.99145299145299;32.0;32.0;1;1
40.548;0.0;0.0;4.951720722951226;31.99145299145299;31.99145299145299;32.0;32.0;1;1
40.648;0.0;0.0;4.889824213914336;31.99145299145299;31.99145299145299;32.0;32.0;1;1
40.749;0.0;0.0;4.456548650656103;32.05128205128205;31.99145299145299;32.0;32.0;1;1
40.85;0.0;0.0;3.961376578360981;32.05128205128205;31.99145299145299;32.0;32.0;1;1
40.952;0.0;0.0;3.466204506065858;32.05128205128205;31.99145299145299;32.0;32.0;1;1
41.054;0.0;0.0;2.9710324337707354;32.05128205128205;31.99145299145299;32.0;32.0;1;1
41.154;0.0;0.0;2.7234463976231744;32.05128205128205;31.99145299145299;32.0;32.0;1;1
41.262;0.0;0.0;1.9806882891804904;32.05128205128205;31.99145299145299;32.0;32.0;1;1
41.374;0.0;0.0;1.4855162168853677;32.05128205128205;31.99145299145299;32.0;32.0;1;1
41.475;0.0;0.0;0.7427581084426839;32.05128205128205;31.99145299145299;32.0;32.0;1;1
41.578;0.0;0.0;0.4951720722951226;32.05128205128205;31.99145299145299;32.0;32.0;1;1
41.695;0.0;0.0;0.0;32.05128205128205;31.99145299145299;32.0;32.0;1;1
41.805;0.0;0.0;-0.4951720722951226;31.99145299145299;31.99145299145299;32.0;32.0;1;1
41.916;0.0;0.0;-1.2379301807378065;31.99145299145299;31.99145299145299;32.0;32.0;1;1
42.027;0.0;0.0;-1.733102253032929;31.99145299145299;31.99145299145299;32.0;32.0;1;1
42.135;0.0;0.0;-2.2282743253280515;31.99145299145299;31.99145299145299;32.0;32.0;1;1
42.237;0.0;0.0;-2.7234463976231744;31.99145299145299;31.99145299145299;32.0;32.0;1;1
42.342;0.0;0.0;-3.218618469918297;31.99145299145299;31.99145299145299;32.0;32.0;1;1
42.452;0.0;0.0;-3.961376578360981;31.99145299145299;31.99145299145299;32.0;32.0;1;1
42.569;0.0;0.0;-4.456548650656103;31.99145299145299;31.99145299145299;32.0;32.0;1;1
42.681;0.0;0.0;-4.889824213914336;31.99145299145299;31.99145299145299;32.0;32.0;1;1
42.791;0.0;0.0;-4.951720722951226;31.99145299145299;31.99145299145299;32.0;32.0;1;1
42.899;0.0;0.0;-4.951720722951226;31.99145299145299;31.99145299145299;32.0;32.0;1;1
43.007;0.0;0.0;-4.951720722951226;31.99145299145299;31.99145299145299;32.0;32.0;1;1
43.112;0.0;0.0;-4.951720722951226;31.99145299145299;31.99145299145299;32.0;32.0;1;1
43.227;0.0;0.0;-4.951720722951226;31.99145299145299;31.99145299145299;32.0;32.0;1;1
43.328;0.0;0.0;-4.951720722951226;31.99145299145299;31.99145299145299;32.0;32.0;1;1
43.429;0.0;0.0;-4.951720722951226;31.99145299145299;31.99145299145299;32.0;32.0;1;1
43.53;0.0;0.0;-4.951720722951226;31.99145299145299;31.99145299145299;32.0;32.0;1;1
43.631;0.0;0.0;-4.951720722951226;31.99145299145299;31.99145299145299;32.0;32.0;1;1
43.731;0.0;0.0;-4.951720722951226;31.99145299145299;31.99145299145299;32.0;32.0;1;1
43.831;0.0;0.0;-4.951720722951226;31.99145299145299;31.99145299145299;32.0;32.0;1;1
43.932;0.0;0.0;-4.951720722951226;31.99145299145299;31.99145299145299;32.0;32.0;1;1
44.033;0.0;0.0;-4.951720722951226;31.99145299145299;31.99145299145299;32.0;32.0;1;1
44.143;0.0;0.0;-4.951720722951226;31.99145299145299;31.99145299145299;32.0;32.0;1;1
44.247;0.0;0.0;-4.951720722951226;31.99145299145299;31.99145299145299;32.0;32.0;1;1
44.349;0.0;0.0;-4.951720722951226;31.99145299145299;31.99145299145299;32.0;32.0;1;1
44.45;0.0;0.0;-4.951720722951226;31.99145299145299;31.99145299145299;32.0;32.0;1;1
44.554;0.0;0.0;-4.951720722951226;31.99145299145299;31.99145299145299;32.0;32.0;1;1
44.665;0.0;0.0;-4.951720722951226;31.99145299145299;31.99145299145299;32.0;32.0;1;1
44.767;0.0;0.0;-4.951720722951226;31.99145299145299;31.99145299145299;32.0;32.0;1;1
44.871;0.0;0.0;-4.704134686803664;31.99145299145299;31.99145299145299;32.0;32.0;1;1
44.982;0.0;0.0;-4.208962614508542;31.99145299145299;31.99145299145299;32.0;32.0;1;1
45.096;0.0;0.0;-3.7137905422134194;31.99145299145299;31.99145299145299;32.0;32.0;1;1
45.202;0.0;0.0;-3.218618469918297;31.99145299145299;31.99145299145299;32.0;32.0;1;1
45.32;0.0;0.0;-2.7234463976231744;31.99145299145299;31.99145299145299;32.0;32.0;1;1
45.426;0.0;0.0;-1.9806882891804904;31.99145299145299;31.99145299145299;32.0;32.0;1;1
45.537;0.0;0.0;-1.4855162168853677;31.99145299145299;31.99145299145299;32.0;32.0;1;1
45.653;0.0;0.0;-0.9903441445902452;31.99145299145299;31.99145299145299;32.0;32.0;1;1
45.759;0.0;0.0;-0.4951720722951226;31.99145299145299;31.99145299145299;32.0;32.0;1;1
45.871;0.0;0.0;0.0;31.99145299145299;31.99145299145299;32.0;32.0;1;1
45.974;0.0;0.0;0.0;31.99145299145299;31.99145299145299;32.0;32.0;1;1
46.076;0.0;0.0;0.0;31.99145299145299;31.99145299145299;32.0;32.0;1;1
46.189;0.0;0.0;0.0;31.99145299145299;31.99145299145299;32.0;32.0;1;1
46.297;0.0;0.0;0.0;31.99145299145299;31.99145299145299;32.0;32.0;1;1
46.414;0.0;0.0;0.0;31.99145299145299;31.99145299145299;32.0;32.0;1;1
46.522;0.0;0.0;0.0;31.99145299145299;31.99145299145299;32.0;32.0;1;1
46.631;0.0;0.0;0.0;31.99145299145299;31.99145299145299;32.0;32.0;1;1
46.743;0.0;0.0;0.0;31.99145299145299;31.99145299145299;32.0;32.0;1;1
46.843;0.0;0.0;0.0;31.99145299145299;31.99145299145299;32.0;32.0;1;1
46.969;0.0;0.0;0.0;31.99145299145299;31.99145299145299;32.0;32.0;1;1
47.077;0.0;0.0;0.0;31.99145299145299;31.99145299145299;32.0;32.0;1;1
47.188;0.0;0.0;0.0;31.99145299145299;31.99145299145299;32.0;32.0;1;1
47.296;0.0;0.0;0.0;31.99145299145299;31.99145299145299;32.0;32.0;1;1
47.427;0.0;0.0;0.0;31.99145299145299;31.99145299145299;32.0;32.0;1;1
47.528;0.0;0.0;0.0;31.99145299145299;31.99145299145299;32.0;32.0;1;1
47.633;0.0;0.0;0.0;31.99145299145299;31.99145299145299;32.0;32.0;1;1
47.747;0.0;0.0;0.0;31.99145299145299;31.99145299145299;32.0;32.0;1;1
47.852;0.0;0.0;0.0;31.99145299145299;31.99145299145299;32.0;32.0;1;1
47.967;0.0;0.0;0.0;31.99145299145299;31.99145299145299;32.0;32.0;1;1
48.086;0.0;0.0;0.0;31.99145299145299;31.99145299145299;32.0;32.0;1;1
48.187;0.0;0.0;0.0;31.99145299145299;31.99145299145299;32.0;32.0;1;1
48.293;0.0;0.0;0.0;31.99145299145299;31.99145299145299;32.0;32.0;1;1
48.409;0.0;0.0;0.0;31.99145299145299;31.99145299145299;32.0;32.0;1;1
48.526;0.0;0.0;0.0;31.99145299145299;31.99145299145299;32.0;32.0;1;1
48.628;0.0;0.0;0.0;31.99145299145299;31.99145299145299;32.0;32.0;1;1
48.73;0.0;0.0;0.0;31.99145299145299;31.99145299145299;32.0;32.0;1;1
48.849;0.0;0.0;0.0;31.99145299145299;31.99145299145299;32.0;32.0;1;1
48.951;0.0;0.0;0.0;31.99145299145299;31.99145299145299;32.0;32.0;1;1
49.069;0.0;0.0;0.0;31.99145299145299;31.99145299145299;32.0;32.0;1;1
49.17;0.0;0.0;0.0;31.99145299145299;31.99145299145299;32.0;32.0;1;1
49.272;0.0;0.0;0.0;31.99145299145299;31.99145299145299;32.0;32.0;1;1
49.374;0.0;0.0;0.0;31.99145299145299;31.99145299145299;32.0;32.0;1;1
49.477;0.0;0.0;0.0;31.99145299145299;31.99145299145299;32.0;32.0;1;1
49.581;0.0;0.0;0.0;31.99145299145299;31.99145299145299;32.0;32.0;1;1
49.687;0.0;0.0;0.0;31.99145299145299;31.99145299145299;32.0;32.0;1;1
49.797;0.0;0.0;0.0;31.99145299145299;31.99145299145299;32.0;32.0;1;1
49.9;0.0;0.0;0.0;31.99145299145299;31.99145299145299;32.0;32.0;1;1
50.0;0.0;0.0;0.0;31.99145299145299;31.99145299145299;32.0;32.0;1;1
50.103;0.0;0.0;0.0;31.99145299145299;31.99145299145299;32.0;32.0;1;1
50.204;0.0;0.0;0.061896509036890326;31.99145299145299;31.99145299145299;32.0;32.0;1;1
50.314;0.0;0.0;0.18568952711067097;31.99145299145299;31.99145299145299;32.0;32.0;1;1
50.415;0.0;0.0;0.43327556325823224;31.99145299145299;31.99145299145299;32.0;32.0;1;1
50.52;0.0;0.0;0.6808615994057936;31.99145299145299;31.99145299145299;32.0;32.0;1;1
50.622;0.0;0.0;0.8665511265164645;31.99145299145299;31.99145299145299;32.0;32.0;1;1
50.728;0.0;0.0;1.0522406536271356;31.99145299145299;31.99145299145299;32.0;32.0;1;1
50.828;0.0;0.0;1.2379301807378065;31.99145299145299;31.99145299145299;32.0;32.0;1;1
50.929;0.0;0.0;1.3617231988115872;31.99145299145299;31.99145299145299;32.0;32.0;1;1
51.029;0.0;0.0;1.6712057439960388;31.99145299145299;31.99145299145299;32.0;32.0;1;1
51.15;0.0;0.0;1.8568952711067097;31.99145299145299;31.99145299145299;32.0;32.0;1;1
51.251;0.0;0.0;2.042584798217381;31.99145299145299;31.99145299145299;32.0;32.0;1;1
51.355;0.0;0.0;2.2282743253280515;31.99145299145299;31.99145299145299;32.0;32.0;1;1
51.455;0.0;0.0;2.5377568705125033;31.99145299145299;31.99145299145299;32.0;32.0;1;1
51.558;0.0;0.0;2.661549888586284;31.99145299145299;31.99145299145299;32.0;32.0;1;1
51.661;0.0;0.0;2.909135924733845;31.99145299145299;31.99145299145299;32.0;32.0;1;1
51.761;0.0;0.0;3.1567219608814066;31.99145299145299;31.99145299145299;32.0;32.0;1;1
51.863;0.0;0.0;3.218618469918297;31.99145299145299;31.99145299145299;32.0;32.0;1;1
51.963;0.0;0.0;3.5281010151027483;31.99145299145299;31.99145299145299;32.0;32.0;1;1
52.076;0.0;0.0;3.651894033176529;31.99145299145299;31.99145299145299;32.0;32.0;1;1
52.176;0.0;0.0;3.8994800693240905;31.99145299145299;31.99145299145299;32.0;32.0;1;1
52.276;0.0;0.0;4.1470661054716516;31.99145299145299;31.99145299145299;32.0;32.0;1;1
52.391;0.0;0.0;4.332755632582323;31.99145299145299;31.99145299145299;32.0;32.0;1;1
52.504;0.0;0.0;4.518445159692994;31.99145299145299;31.99145299145299;32.0;32.0;1;1
52.612;0.0;0.0;4.704134686803664;31.99145299145299;31.99145299145299;32.0;32.0;1;1
52.723;0.0;0.0;4.889824213914336;31.99145299145299;31.99145299145299;32.0;32.0;1;1
52.834;0.0;0.0;4.951720722951226;31.99145299145299;31.99145299145299;32.0;32.0;1;1
52.941;0.0;0.0;4.951720722951226;31.99145299145299;31.99145299145299;32.0;32.0;1;1
53.042;0.0;0.0;4.951720722951226;31.99145299145299;31.99145299145299;32.0;32.0;1;1
53.151;0.0;0.0;4.951720722951226;31.99145299145299;31.99145299145299;32.0;32.0;1;1
53.254;0.0;0.0;4.951720722951226;31.99145299145299;31.99145299145299;32.0;32.0;1;1
53.364;0.0;0.0;4.951720722951226;31.99145299145299;31.99145299145299;32.0;32.0;1;1
53.474;0.0;0.0;4.951720722951226;31.99145299145299;31.99145299145299;32.0;32.0;1;1
53.585;0.0;0.0;4.951720722951226;31.99145299145299;31.99145299145299;32.0;32.0;1;1
53.693;0.0;0.0;4.951720722951226;31.99145299145299;31.99145299145299;32.0;32.0;1;1
53.807;0.0;0.0;4.951720722951226;31.99145299145299;31.99145299145299;32.0;32.0;1;1
53.907;0.0;0.0;4.951720722951226;31.99145299145299;31.99145299145299;32.0;32.0;1;1
54.011;0.0;0.0;4.951720722951226;31.99145299145299;31.99145299145299;32.0;32.0;1;1
54.113;0.0;0.0;4.951720722951226;31.99145299145299;31.99145299145299;32.0;32.0;1;1
54.214;0.0;0.0;4.951720722951226;31.99145299145299;31.99145299145299;32.0;32.0;1;1
54.318;0.0;0.0;4.951720722951226;31.99145299145299;31.99145299145299;32.0;32.0;1;1
54.425;0.0;0.0;4.951720722951226;31.99145299145299;31.99145299145299;32.0;32.0;1;1
54.525;0.0;0.0;4.951720722951226;31.99145299145299;31.99145299145299;32.0;32.0;1;1
54.629;0.0;0.0;4.951720722951226;31.99145299145299;31.99145299145299;32.0;32.0;1;1
54.73;0.0;0.0;4.951720722951226;31.99145299145299;31.99145299145299;32.0;32.0;1;1
54.83;0.0;0.0;4.951720722951226;31.99145299145299;31.99145299145299;32.0;32.0;1;1
54.931;0.0;0.0;4.827927704877445;31.99145299145299;31.99145299145299;32.0;32.0;1;1
55.032;0.0;0.0;4.6422381777667745;31.99145299145299;31.99145299145299;32.0;32.0;1;1
55.132;0.0;0.0;4.394652141619213;31.99145299145299;31.99145299145299;32.0;32.0;1;1
55.236;0.0;0.0;4.208962614508542;31.99145299145299;31.99145299145299;32.0;32.0;1;1
55.337;0.0;0.0;4.023273087397871;31.99145299145299;31.99145299145299;32.0;32.0;1;1
55.437;0.0;0.0;3.8375835602872;31.99145299145299;31.99145299145299;32.0;32.0;1;1
55.542;0.0;0.0;3.651894033176529;31.99145299145299;31.99145299145299;32.0;32.0;1;1
55.654;0.0;0.0;3.404307997028968;31.99145299145299;31.99145299145299;32.0;32.0;1;1
55.758;0.0;0.0;3.218618469918297;31.99145299145299;31.99145299145299;32.0;32.0;1;1
55.859;0.0;0.0;3.032928942807626;31.99145299145299;31.99145299145299;32.0;32.0;1;1
55.97;0.0;0.0;2.8472394156969547;31.99145299145299;31.99145299145299;32.0;32.0;1;1
56.082;0.0;0.0;2.661549888586284;31.99145299145299;31.99145299145299;32.0;32.0;1;1
56.193;0.0;0.0;2.4139638524387226;31.99145299145299;31.99145299145299;32.0;32.0;1;1
56.299;0.0;0.0;2.2282743253280515;31.99145299145299;31.99145299145299;32.0;32.0;1;1
56.415;0.0;0.0;1.9187917801436;31.99145299145299;31.99145299145299;32.0;32.0;1;1
56.524;0.0;0.0;1.733102253032929;31.99145299145299;31.99145299145299;32.0;32.0;1;1
56.635;0.0;0.0;1.547412725922258;31.99145299145299;31.99145299145299;32.0;32.0;1;1
56.748;0.0;0.0;1.3617231988115872;31.99145299145299;31.99145299145299;32.0;32.0;1;1
56.854;0.0;0.0;1.176033671700916;31.99145299145299;31.99145299145299;32.0;32.0;1;1
56.955;0.0;0.0;0.8665511265164645;31.99145299145299;31.99145299145299;32.0;32.0;1;1
57.067;0.0;0.0;0.6808615994057936;31.99145299145299;31.99145299145299;32.0;32.0;1;1
57.18;0.0;0.0;0.43327556325823224;31.99145299145299;31.99145299145299;32.0;32.0;1;1
57.288;0.0;0.0;0.2475860361475613;31.99145299145299;31.99145299145299;32.0;32.0;1;1
57.4;0.0;0.0;0.061896509036890326;31.99145299145299;31.99145299145299;32.0;32.0;1;1
57.514;0.0;0.0;-0.2475860361475613;31.99145299145299;31.99145299145299;32.0;32.0;1;1
57.624;0.0;0.0;-0.43327556325823224;31.99145299145299;31.99145299145299;32.0;32.0;1;1
57.734;0.0;0.0;-0.6189650903689032;31.99145299145299;31.99145299145299;32.0;32.0;1;1
57.845;0.0;0.0;-0.8046546174795742;31.99145299145299;31.99145299145299;32.0;32.0;1;1
57.953;0.0;0.0;-1.0522406536271356;31.99145299145299;31.99145299145299;32.0;32.0;1;1
58.069;0.0;0.0;-1.2379301807378065;31.99145299145299;31.99145299145299;32.0;32.0;1;1
58.179;0.0;0.0;-1.547412725922258;31.99145299145299;31.99145299145299;32.0;32.0;1;1
58.294;0.0;0.0;-1.733102253032929;31.99145299145299;31.99145299145299;32.0;32.0;1;1
58.403;0.0;0.0;-1.9187917801436;31.99145299145299;31.99145299145299;32.0;32.0;1;1
58.511;0.0;0.0;-2.104481307254271;31.99145299145299;31.99145299145299;32.0;32.0;1;1
58.614;0.0;0.0;-2.4139638524387226;31.99145299145299;31.99145299145299;32.0;32.0;1;1
58.715;0.0;0.0;-2.5996533795493937;31.99145299145299;31.99145299145299;32.0;32.0;1;1
58.815;0.0;0.0;-2.785342906660065;31.99145299145299;31.99145299145299;32.0;32.0;1;1
58.916;0.0;0.0;-3.032928942807626;31.99145299145299;31.99145299145299;32.0;32.0;1;1
59.016;0.0;0.0;-3.218618469918297;31.99145299145299;31.99145299145299;32.0;32.0;1;1
59.117;0.0;0.0;-3.404307997028968;31.99145299145299;31.99145299145299;32.0;32.0;1;1
59.22;0.0;0.0;-3.5899975241396387;31.99145299145299;31.99145299145299;32.0;32.0;1;1
59.323;0.0;0.0;-3.77568705125031;31.99145299145299;31.99145299145299;32.0;32.0;1;1
59.424;0.0;0.0;-4.023273087397871;31.99145299145299;31.99145299145299;32.0;32.0;1;1
59.535;0.0;0.0;-4.208962614508542;31.99145299145299;31.99145299145299;32.0;32.0;1;1
59.638;0.0;0.0;-4.394652141619213;31.99145299145299;31.99145299145299;32.0;32.0;1;1
59.751;0.0;0.0;-4.580341668729884;31.99145299145299;31.99145299145299;32.0;32.0;1;1
59.854;0.0;0.0;-4.889824213914336;31.99145299145299;31.99145299145299;32.0;32.0;1;1
59.957;0.0;0.0;-4.951720722951226;31.99145299145299;31.99145299145299;32.0;32.0;1;1
60.065;0.0;0.0;-4.951720722951226;31.99145299145299;31.99145299145299;32.0;32.0;1;1
60.171;0.0;0.0;-4.951720722951226;31.99145299145299;31.99145299145299;32.0;32.0;1;1
60.274;0.0;0.0;-4.951720722951226;31.99145299145299;31.99145299145299;32.0;32.0;1;1
60.383;0.0;0.0;-4.951720722951226;31.99145299145299;31.99145299145299;32.0;32.0;1;1
60.495;0.0;0.0;-4.951720722951226;31.99145299145299;31.99145299145299;32.0;32.0;1;1
60.616;0.0;0.0;-4.951720722951226;31.99145299145299;31.99145299145299;32.0;32.0;1;1
60.729;0.0;0.0;-4.951720722951226;31.99145299145299;31.99145299145299;32.0;32.0;1;1
60.845;0.0;0.0;-4.951720722951226;31.99145299145299;31.99145299145299;32.0;32.0;1;1
60.955;0.0;0.0;-4.951720722951226;31.99145299145299;31.99145299145299;32.0;32.0;1;1
61.063;0.0;0.0;-4.951720722951226;31.99145299145299;31.99145299145299;32.0;32.0;1;1
61.165;0.0;0.0;-4.951720722951226;31.99145299145299;31.99145299145299;32.0;32.0;1;1
61.265;0.0;0.0;-4.951720722951226;31.99145299145299;31.99145299145299;32.0;32.0;1;1
61.365;0.0;0.0;-4.951720722951226;31.99145299145299;31.99145299145299;32.0;32.0;1;1
61.472;0.0;0.0;-4.951720722951226;31.99145299145299;31.99145299145299;32.0;32.0;1;1
61.599;0.0;0.0;-4.951720722951226;31.99145299145299;31.99145299145299;32.0;32.0;1;1
61.715;0.0;0.0;-4.951720722951226;31.99145299145299;31.99145299145299;32.0;32.0;1;1
61.823;0.0;0.0;-4.951720722951226;31.99145299145299;31.99145299145299;32.0;32.0;1;1
61.94;0.0;0.0;-4.951720722951226;31.99145299145299;31.99145299145299;32.0;32.0;1;1
62.05;0.0;0.0;-4.951720722951226;31.99145299145299;31.99145299145299;32.0;32.0;1;1
62.158;0.0;0.0;-4.827927704877445;31.99145299145299;31.99145299145299;32.0;32.0;1;1
62.264;0.0;0.0;-4.6422381777667745;31.99145299145299;31.99145299145299;32.0;32.0;1;1
62.382;0.0;0.0;-4.456548650656103;31.99145299145299;31.99145299145299;32.0;32.0;1;1
62.483;0.0;0.0;-4.1470661054716516;31.99145299145299;31.99145299145299;32.0;32.0;1;1
62.603;0.0;0.0;-3.961376578360981;31.99145299145299;31.99145299145299;32.0;32.0;1;1
62.716;0.0;0.0;-3.77568705125031;31.99145299145299;31.99145299145299;32.0;32.0;1;1
62.833;0.0;0.0;-3.466204506065858;31.99145299145299;31.99145299145299;32.0;32.0;1;1
62.937;0.0;0.0;-3.3424114879920777;31.99145299145299;31.99145299145299;32.0;32.0;1;1
63.038;0.0;0.0;-3.094825451844516;31.99145299145299;31.99145299145299;32.0;32.0;1;1
63.142;0.0;0.0;-2.8472394156969547;31.99145299145299;31.99145299145299;32.0;32.0;1;1
63.243;0.0;0.0;-2.661549888586284;31.99145299145299;31.99145299145299;32.0;32.0;1;1
63.344;0.0;0.0;-2.475860361475613;31.99145299145299;31.99145299145299;32.0;32.0;1;1
63.451;0.0;0.0;-2.290170834364942;31.99145299145299;31.99145299145299;32.0;32.0;1;1
63.565;0.0;0.0;-2.104481307254271;31.99145299145299;31.99145299145299;32.0;32.0;1;1
63.672;0.0;0.0;-1.7949987620698193;31.99145299145299;31.99145299145299;32.0;32.0;1;1
63.783;0.0;0.0;-1.6093092349591485;31.99145299145299;31.99145299145299;32.0;32.0;1;1
63.885;0.0;0.0;-1.3617231988115872;31.99145299145299;31.99145299145299;32.0;32.0;1;1
63.987;0.0;0.0;-1.176033671700916;31.99145299145299;31.99145299145299;32.0;32.0;1;1
64.09;0.0;0.0;-0.9903441445902452;31.99145299145299;31.99145299145299;32.0;32.0;1;1
64.191;0.0;0.0;-0.8046546174795742;31.99145299145299;31.99145299145299;32.0;32.0;1;1
64.293;0.0;0.0;-0.6189650903689032;31.99145299145299;31.99145299145299;32.0;32.0;1;1
64.396;0.0;0.0;-0.37137905422134193;31.99145299145299;31.99145299145299;32.0;32.0;1;1
64.512;0.0;0.0;-0.12379301807378065;31.99145299145299;31.99145299145299;32.0;32.0;1;1
64.615;0.0;0.0;0.0;31.99145299145299;31.99145299145299;32.0;32.0;1;1
64.725;0.0;0.0;0.0;31.99145299145299;31.99145299145299;32.0;32.0;1;1
64.832;0.0;0.0;0.0;31.99145299145299;31.99145299145299;32.0;32.0;1;1
64.945;0.0;0.0;0.0;31.99145299145299;31.99145299145299;32.0;32.0;1;1
65.049;0.0;0.0;0.0;31.99145299145299;31.99145299145299;32.0;32.0;1;1
65.173;0.0;0.0;0.0;31.99145299145299;31.99145299145299;32.0;32.0;1;1
65.274;0.0;0.0;0.0;31.99145299145299;31.99145299145299;32.0;32.0;1;1
65.384;0.0;0.0;0.0;31.99145299145299;31.99145299145299;32.0;32.0;1;1
65.497;0.0;0.0;0.0;31.99145299145299;31.99145299145299;32.0;32.0;1;1
65.604;0.0;0.0;0.0;31.99145299145299;31.99145299145299;32.0;32.0;1;1
65.711;0.0;0.0;0.0;31.99145299145299;31.99145299145299;32.0;32.0;1;1
65.821;0.0;0.0;0.0;31.99145299145299;31.99145299145299;32.0;32.0;1;1
65.948;0.0;0.0;0.0;31.99145299145299;31.99145299145299;32.0;32.0;1;1
66.049;0.0;0.0;0.0;31.99145299145299;31.99145299145299;32.0;32.0;1;1
66.154;0.0;0.0;0.0;31.99145299145299;31.99145299145299;32.0;32.0;1;1
66.255;0.0;0.0;0.0;31.99145299145299;31.99145299145299;32.0;32.0;1;1
66.372;0.0;0.0;0.0;31.99145299145299;31.99145299145299;32.0;32.0;1;1
66.474;0.0;0.0;0.0;31.99145299145299;31.99145299145299;32.0;32.0;1;1
66.576;0.0;0.0;0.0;31.99145299145299;31.99145299145299;32.0;32.0;1;1
66.677;0.0;0.0;0.0;31.99145299145299;31.99145299145299;32.0;32.0;1;1
66.777;0.0;0.0;0.0;31.99145299145299;31.99145299145299;32.0;32.0;1;1
66.887;0.0;0.0;0.0;31.99145299145299;31.99145299145299;32.0;32.0;1;1
66.99;0.0;0.0;0.0;31.99145299145299;31.99145299145299;32.0;32.0;1;1
67.095;0.0;0.0;0.0;31.99145299145299;31.99145299145299;32.0;32.0;1;1
67.211;0.0;0.0;0.0;31.99145299145299;31.99145299145299;32.0;32.0;1;1
67.316;0.0;0.0;0.0;31.99145299145299;31.99145299145299;32.0;32.0;1;1
67.427;0.0;0.0;0.0;31.99145299145299;31.99145299145299;32.0;32.0;1;1
67.539;0.0;0.0;0.0;31.99145299145299;31.99145299145299;32.0;32.0;1;1
67.648;0.0;0.0;0.0;31.99145299145299;31.99145299145299;32.0;32.0;1;1
67.757;0.0;0.0;0.0;31.99145299145299;31.99145299145299;32.0;32.0;1;1
67.875;0.0;0.0;0.0;32.05128205128205;31.99145299145299;32.0;32.0;1;1
67.977;0.0;0.0;0.0;32.05128205128205;31.99145299145299;32.0;32.0;1;1
68.099;0.0;0.0;0.0;32.05128205128205;31.99145299145299;32.0;32.0;1;1
68.207;0.0;0.0;0.0;32.05128205128205;31.99145299145299;32.0;32.0;1;1
68.31;0.0;0.0;0.0;32.05128205128205;31.99145299145299;32.0;32.0;1;1
68.416;0.0;0.0;0.0;32.05128205128205;31.99145299145299;32.0;32.0;1;1
68.53;0.0;0.0;0.0;32.05128205128205;31.99145299145299;32.0;32.0;1;1
68.644;0.0;0.0;0.0;32.05128205128205;31.99145299145299;32.0;32.0;1;1
68.745;0.0;0.0;0.0;32.05128205128205;31.99145299145299;32.0;32.0;1;1
68.847;0.0;0.0;0.0;31.99145299145299;31.99145299145299;32.0;32.0;1;1
68.958;0.0;0.0;0.12379301807378065;31.99145299145299;31.99145299145299;32.0;32.0;1;1
69.067;0.0;0.0;0.18568952711067097;31.99145299145299;31.99145299145299;32.0;32.0;1;1
69.182;0.0;0.0;0.3094825451844516;31.99145299145299;31.99145299145299;32.0;32.0;1;1
69.315;0.0;0.0;0.43327556325823224;31.99145299145299;31.99145299145299;32.0;32.0;1;1
69.415;0.0;0.0;0.5570685813320129;31.99145299145299;31.99145299145299;32.0;32.0;1;1
69.526;0.0;0.0;0.6189650903689032;31.99145299145299;31.99145299145299;32.0;32.0;1;1
69.635;0.0;0.0;0.7427581084426839;31.99145299145299;31.99145299145299;32.0;32.0;1;1
69.736;0.0;0.0;0.8665511265164645;31.99145299145299;31.99145299145299;32.0;32.0;1;1
69.84;0.0;0.0;0.9903441445902452;31.99145299145299;31.99145299145299;32.0;32.0;1;1
69.948;0.0;0.0;1.1141371626640257;31.99145299145299;31.99145299145299;32.0;32.0;1;1
70.058;0.0;0.0;1.176033671700916;31.99145299145299;31.99145299145299;32.0;32.0;1;1
70.16;0.0;0.0;1.2998266897746968;31.99145299145299;31.99145299145299;32.0;32.0;1;1
70.264;0.0;0.0;1.3617231988115872;31.99145299145299;31.99145299145299;32.0;32.0;1;1
70.375;0.0;0.0;1.4855162168853677;31.99145299145299;31.99145299145299;32.0;32.0;1;1
70.486;0.0;0.0;1.6093092349591485;31.99145299145299;31.99145299145299;32.0;32.0;1;1
70.587;0.0;0.0;1.6712057439960388;31.99145299145299;31.99145299145299;32.0;32.0;1;1
70.698;0.0;0.0;1.8568952711067097;31.99145299145299;31.99145299145299;32.0;32.0;1;1
70.81;0.0;0.0;1.9187917801436;31.99145299145299;31.99145299145299;32.0;32.0;1;1
70.917;0.0;0.0;2.042584798217381;31.99145299145299;31.99145299145299;32.0;32.0;1;1
71.031;0.0;0.0;2.104481307254271;31.99145299145299;31.99145299145299;32.0;32.0;1;1
71.141;0.0;0.0;2.2282743253280515;31.99145299145299;31.99145299145299;32.0;32.0;1;1
71.245;0.0;0.0;2.352067343401832;31.99145299145299;31.99145299145299;32.0;32.0;1;1
71.352;0.0;0.0;2.475860361475613;31.99145299145299;31.99145299145299;32.0;32.0;1;1
71.458;0.0;0.0;2.5996533795493937;31.99145299145299;31.99145299145299;32.0;32.0;1;1
71.584;0.0;0.0;2.661549888586284;31.99145299145299;31.99145299145299;32.0;32.0;1;1
71.691;0.0;0.0;2.785342906660065;31.99145299145299;31.99145299145299;32.0;32.0;1;1
71.795;0.0;0.0;2.8472394156969547;31.99145299145299;31.99145299145299;32.0;32.0;1;1
71.898;0.0;0.0;3.032928942807626;31.99145299145299;31.99145299145299;32.0;32.0;1;1
72.028;0.0;0.0;3.094825451844516;31.99145299145299;31.99145299145299;32.0;32.0;1;1
72.138;0.0;0.0;3.218618469918297;31.99145299145299;31.99145299145299;32.0;32.0;1;1
72.241;0.0;0.0;3.3424114879920777;31.99145299145299;31.99145299145299;32.0;32.0;1;1
72.343;0.0;0.0;3.404307997028968;31.99145299145299;31.99145299145299;32.0;32.0;1;1
72.457;0.0;0.0;3.5281010151027483;31.99145299145299;31.99145299145299;32.0;32.0;1;1
72.568;0.0;0.0;3.5899975241396387;31.99145299145299;31.99145299145299;32.0;32.0;1;1
72.669;0.0;0.0;3.77568705125031;31.99145299145299;31.99145299145299;32.0;32.0;1;1
72.786;0.0;0.0;3.8375835602872;31.99145299145299;31.99145299145299;32.0;32.0;1;1
72.9;0.0;0.0;3.961376578360981;31.99145299145299;31.99145299145299;32.0;32.0;1;1
73.009;0.0;0.0;4.085169596434762;31.99145299145299;31.99145299145299;32.0;32.0;1;1
73.122;0.0;0.0;4.208962614508542;31.99145299145299;31.99145299145299;32.0;32.0;1;1
73.231;0.0;0.0;4.332755632582323;31.99145299145299;31.99145299145299;32.0;32.0;1;1
73.332;0.0;0.0;4.394652141619213;31.99145299145299;31.99145299145299;32.0;32.0;1;1
73.457;0.0;0.0;4.518445159692994;31.99145299145299;31.99145299145299;32.0;32.0;1;1
73.56;0.0;0.0;4.6422381777667745;31.99145299145299;31.99145299145299;32.0;32.0;1;1
73.663;0.0;0.0;4.704134686803664;31.99145299145299;31.99145299145299;32.0;32.0;1;1
73.772;0.0;0.0;4.827927704877445;31.99145299145299;31.99145299145299;32.0;32.0;1;1
73.883;0.0;0.0;4.951720722951226;31.99145299145299;31.99145299145299;32.0;32.0;1;1
73.999;0.0;0.0;4.951720722951226;31.99145299145299;31.99145299145299;32.0;32.0;1;1
74.104;0.0;0.0;4.951720722951226;31.99145299145299;31.99145299145299;32.0;32.0;1;1
74.205;0.0;0.0;4.951720722951226;31.99145299145299;31.99145299145299;32.0;32.0;1;1
74.314;0.0;0.0;4.951720722951226;31.99145299145299;31.99145299145299;32.0;32.0;1;1
74.424;0.0;0.0;4.951720722951226;31.99145299145299;31.99145299145299;32.0;32.0;1;1
74.537;0.0;0.0;4.951720722951226;31.99145299145299;31.99145299145299;32.0;32.0;1;1
74.646;0.0;0.0;4.951720722951226;31.99145299145299;31.99145299145299;32.0;32.0;1;1
74.759;0.0;0.0;4.951720722951226;31.99145299145299;31.99145299145299;32.0;32.0;1;1
74.873;0.0;0.0;4.951720722951226;31.99145299145299;31.99145299145299;32.0;32.0;1;1
74.98;0.0;0.0;4.951720722951226;31.99145299145299;31.99145299145299;32.0;32.0;1;1
75.098;0.0;0.0;4.951720722951226;31.99145299145299;31.99145299145299;32.0;32.0;1;1
75.206;0.0;0.0;4.951720722951226;31.99145299145299;31.99145299145299;32.0;32.0;1;1
75.319;0.0;0.0;4.951720722951226;31.99145299145299;31.99145299145299;32.0;32.0;1;1
75.433;0.0;0.0;4.951720722951226;31.99145299145299;31.99145299145299;32.0;32.0;1;1
75.538;0.0;0.0;4.951720722951226;31.99145299145299;31.99145299145299;32.0;32.0;1;1
75.649;0.0;0.0;4.951720722951226;31.99145299145299;31.99145299145299;32.0;32.0;1;1
75.751;0.0;0.0;4.951720722951226;31.99145299145299;31.99145299145299;32.0;32.0;1;1
75.858;0.0;0.0;4.951720722951226;31.99145299145299;31.99145299145299;32.0;32.0;1;1
75.97;0.0;0.0;4.951720722951226;31.99145299145299;31.99145299145299;32.0;32.0;1;1
76.082;0.0;0.0;4.889824213914336;31.99145299145299;31.99145299145299;32.0;32.0;1;1
76.194;0.0;0.0;4.766031195840555;31.99145299145299;31.99145299145299;32.0;32.0;1;1
76.305;0.0;0.0;4.6422381777667745;31.99145299145299;31.99145299145299;32.0;32.0;1;1
76.413;0.0;0.0;4.580341668729884;31.99145299145299;31.99145299145299;32.0;32.0;1;1
76.527;0.0;0.0;4.394652141619213;31.99145299145299;31.99145299145299;32.0;32.0;1;1
76.635;0.0;0.0;4.332755632582323;31.99145299145299;31.99145299145299;32.0;32.0;1;1
76.751;0.0;0.0;4.208962614508542;31.99145299145299;31.99145299145299;32.0;32.0;1;1
76.853;0.0;0.0;4.085169596434762;31.99145299145299;31.99145299145299;32.0;32.0;1;1
76.954;0.0;0.0;3.961376578360981;31.99145299145299;31.99145299145299;32.0;32.0;1;1
77.066;0.0;0.0;3.8994800693240905;31.99145299145299;31.99145299145299;32.0;32.0;1;1
77.169;0.0;0.0;3.8375835602872;31.99145299145299;31.99145299145299;32.0;32.0;1;1
77.284;0.0;0.0;3.651894033176529;31.99145299145299;31.99145299145299;32.0;32.0;1;1
77.393;0.0;0.0;3.5899975241396387;31.99145299145299;31.99145299145299;32.0;32.0;1;1
77.52;0.0;0.0;3.466204506065858;31.99145299145299;31.99145299145299;32.0;32.0;1;1
77.62;0.0;0.0;3.3424114879920777;31.99145299145299;31.99145299145299;32.0;32.0;1;1
77.724;0.0;0.0;3.2805149789551873;31.99145299145299;31.99145299145299;32.0;32.0;1;1
77.825;0.0;0.0;3.1567219608814066;31.99145299145299;31.99145299145299;32.0;32.0;1;1
77.926;0.0;0.0;3.032928942807626;31.99145299145299;31.99145299145299;32.0;32.0;1;1
78.03;0.0;0.0;2.909135924733845;31.99145299145299;31.99145299145299;32.0;32.0;1;1
78.132;0.0;0.0;2.8472394156969547;31.99145299145299;31.99145299145299;32.0;32.0;1;1
78.247;0.0;0.0;2.7234463976231744;31.99145299145299;31.99145299145299;32.0;32.0;1;1
78.348;0.0;0.0;2.661549888586284;31.99145299145299;31.99145299145299;32.0;32.0;1;1
78.454;0.0;0.0;2.475860361475613;31.99145299145299;31.99145299145299;32.0;32.0;1;1
78.555;0.0;0.0;2.4139638524387226;31.99145299145299;31.99145299145299;32.0;32.0;1;1
78.664;0.0;0.0;2.352067343401832;31.99145299145299;31.99145299145299;32.0;32.0;1;1
78.765;0.0;0.0;2.1663778162911616;31.99145299145299;31.99145299145299;32.0;32.0;1;1
78.868;0.0;0.0;2.104481307254271;31.99145299145299;31.99145299145299;32.0;32.0;1;1
78.969;0.0;0.0;1.9806882891804904;31.99145299145299;31.99145299145299;32.0;32.0;1;1
79.077;0.0;0.0;1.9187917801436;31.99145299145299;31.99145299145299;32.0;32.0;1;1
79.179;0.0;0.0;1.7949987620698193;31.99145299145299;31.99145299145299;32.0;32.0;1;1
79.281;0.0;0.0;1.6712057439960388;31.99145299145299;31.99145299145299;32.0;32.0;1;1
79.382;0.0;0.0;1.6093092349591485;31.99145299145299;31.99145299145299;32.0;32.0;1;1
79.483;0.0;0.0;1.547412725922258;31.99145299145299;31.99145299145299;32.0;32.0;1;1
79.584;0.0;0.0;1.3617231988115872;31.99145299145299;31.99145299145299;32.0;32.0;1;1
79.686;0.0;0.0;1.2998266897746968;31.99145299145299;31.99145299145299;32.0;32.0;1;1
79.787;0.0;0.0;1.176033671700916;31.99145299145299;31.99145299145299;32.0;32.0;1;1
79.887;0.0;0.0;1.1141371626640257;31.99145299145299;31.99145299145299;32.0;32.0;1;1
79.993;0.0;0.0;0.9903441445902452;31.99145299145299;31.99145299145299;32.0;32.0;1;1
80.094;0.0;0.0;0.8665511265164645;31.99145299145299;31.99145299145299;32.0;32.0;1;1
80.197;0.0;0.0;0.8046546174795742;31.99145299145299;31.99145299145299;32.0;32.0;1;1
80.299;0.0;0.0;0.6808615994057936;31.99145299145299;31.99145299145299;32.0;32.0;1;1
80.407;0.0;0.0;0.6189650903689032;31.99145299145299;31.99145299145299;32.0;32.0;1;1
80.516;0.0;0.0;0.43327556325823224;31.99145299145299;31.99145299145299;32.0;32.0;1;1
80.628;0.0;0.0;0.37137905422134193;31.99145299145299;31.99145299145299;32.0;32.0;1;1
80.737;0.0;0.0;0.2475860361475613;31.99145299145299;31.99145299145299;32.0;32.0;1;1
80.846;0.0;0.0;0.12379301807378065;31.99145299145299;31.99145299145299;32.0;32.0;1;1
80.955;0.0;0.0;0.061896509036890326;31.99145299145299;31.99145299145299;32.0;32.0;1;1
81.065;0.0;0.0;-0.061896509036890326;31.99145299145299;31.99145299145299;32.0;32.0;1;1
81.173;0.0;0.0;-0.18568952711067097;31.99145299145299;31.99145299145299;32.0;32.0;1;1
81.275;0.0;0.0;-0.3094825451844516;31.99145299145299;31.99145299145299;32.0;32.0;1;1
81.376;0.0;0.0;-0.37137905422134193;31.99145299145299;31.99145299145299;32.0;32.0;1;1
81.48;0.0;0.0;-0.4951720722951226;31.99145299145299;31.99145299145299;32.0;32.0;1;1
81.581;0.0;0.0;-0.6189650903689032;31.99145299145299;31.99145299145299;32.0;32.0;1;1
81.697;0.0;0.0;-0.6189650903689032;31.99145299145299;31.99145299145299;32.0;32.0;1;1
81.798;0.0;0.0;-0.8046546174795742;31.99145299145299;31.99145299145299;32.0;32.0;1;1
81.9;0.0;0.0;-0.8665511265164645;31.99145299145299;31.99145299145299;32.0;32.0;1;1
82.017;0.0;0.0;-1.0522406536271356;31.99145299145299;31.99145299145299;32.0;32.0;1;1
82.121;0.0;0.0;-1.1141371626640257;31.99145299145299;31.99145299145299;32.0;32.0;1;1
82.234;0.0;0.0;-1.2379301807378065;31.99145299145299;31.99145299145299;32.0;32.0;1;1
82.344;0.0;0.0;-1.2998266897746968;31.99145299145299;31.99145299145299;32.0;32.0;1;1
82.451;0.0;0.0;-1.3617231988115872;31.99145299145299;31.99145299145299;32.0;32.0;1;1
82.556;0.0;0.0;-1.547412725922258;31.99145299145299;31.99145299145299;32.0;32.0;1;1
82.657;0.0;0.0;-1.6093092349591485;31.99145299145299;31.99145299145299;32.0;32.0;1;1
82.763;0.0;0.0;-1.733102253032929;31.99145299145299;31.99145299145299;32.0;32.0;1;1
82.864;0.0;0.0;-1.8568952711067097;31.99145299145299;31.99145299145299;32.0;32.0;1;1
82.97;0.0;0.0;-1.9187917801436;31.99145299145299;31.99145299145299;32.0;32.0;1;1
83.076;0.0;0.0;-2.104481307254271;31.99145299145299;31.99145299145299;32.0;32.0;1;1
83.176;0.0;0.0;-2.1663778162911616;31.99145299145299;31.99145299145299;32.0;32.0;1;1
83.277;0.0;0.0;-2.290170834364942;31.99145299145299;31.99145299145299;32.0;32.0;1;1
83.381;0.0;0.0;-2.352067343401832;31.99145299145299;31.99145299145299;32.0;32.0;1;1
83.481;0.0;0.0;-2.475860361475613;31.99145299145299;31.99145299145299;32.0;32.0;1;1
83.588;0.0;0.0;-2.5996533795493937;31.99145299145299;31.99145299145299;32.0;32.0;1;1
83.693;0.0;0.0;-2.661549888586284;31.99145299145299;31.99145299145299;32.0;32.0;1;1
83.794;0.0;0.0;-2.785342906660065;31.99145299145299;31.99145299145299;32.0;32.0;1;1
83.898;0.0;0.0;-2.8472394156969547;31.99145299145299;31.99145299145299;32.0;32.0;1;1
84.0;0.0;0.0;-2.9710324337707354;31.99145299145299;31.99145299145299;32.0;32.0;1;1
84.1;0.0;0.0;-3.094825451844516;31.99145299145299;31.99145299145299;32.0;32.0;1;1
84.202;0.0;0.0;-3.1567219608814066;31.99145299145299;31.99145299145299;32.0;32.0;1;1
84.303;0.0;0.0;-3.218618469918297;31.99145299145299;31.99145299145299;32.0;32.0;1;1
84.407;0.0;0.0;-3.3424114879920777;31.99145299145299;31.99145299145299;32.0;32.0;1;1
84.517;0.0;0.0;-3.466204506065858;31.99145299145299;31.99145299145299;32.0;32.0;1;1
84.629;0.0;0.0;-3.5899975241396387;31.99145299145299;31.99145299145299;32.0;32.0;1;1
84.739;0.0;0.0;-3.651894033176529;31.99145299145299;31.99145299145299;32.0;32.0;1;1
84.839;0.0;0.0;-3.77568705125031;31.99145299145299;31.99145299145299;32.0;32.0;1;1
84.944;0.0;0.0;-3.8994800693240905;31.99145299145299;31.99145299145299;32.0;32.0;1;1
85.044;0.0;0.0;-4.023273087397871;31.99145299145299;31.99145299145299;32.0;32.0;1;1
85.154;0.0;0.0;-4.085169596434762;31.99145299145299;31.99145299145299;32.0;32.0;1;1
85.285;0.0;0.0;-4.208962614508542;31.99145299145299;31.99145299145299;32.0;32.0;1;1
85.397;0.0;0.0;-4.332755632582323;31.99145299145299;31.99145299145299;32.0;32.0;1;1
85.507;0.0;0.0;-4.456548650656103;31.99145299145299;31.99145299145299;32.0;32.0;1;1
85.616;0.0;0.0;-4.580341668729884;31.99145299145299;31.99145299145299;32.0;32.0;1;1
85.731;0.0;0.0;-4.6422381777667745;31.99145299145299;31.99145299145299;32.0;32.0;1;1
85.843;0.0;0.0;-4.766031195840555;31.99145299145299;31.99145299145299;32.0;32.0;1;1
85.953;0.0;0.0;-4.889824213914336;31.99145299145299;31.99145299145299;32.0;32.0;1;1
86.061;0.0;0.0;-4.951720722951226;31.99145299145299;31.99145299145299;32.0;32.0;1;1
86.171;0.0;0.0;-4.951720722951226;31.99145299145299;31.99145299145299;32.0;32.0;1;1
86.284;0.0;0.0;-4.951720722951226;31.99145299145299;31.99145299145299;32.0;32.0;1;1
86.393;0.0;0.0;-4.951720722951226;31.99145299145299;31.99145299145299;32.0;32.0;1;1
86.506;0.0;0.0;-4.951720722951226;31.99145299145299;31.99145299145299;32.0;32.0;1;1
86.615;0.0;0.0;-4.951720722951226;31.99145299145299;31.99145299145299;32.0;32.0;1;1
86.727;0.0;0.0;-4.951720722951226;31.99145299145299;31.99145299145299;32.0;32.0;1;1
86.843;0.0;0.0;-4.951720722951226;31.99145299145299;31.99145299145299;32.0;32.0;1;1
86.944;0.0;0.0;-4.951720722951226;31.99145299145299;31.99145299145299;32.0;32.0;1;1
87.045;0.0;0.0;-4.951720722951226;31.99145299145299;31.99145299145299;32.0;32.0;1;1
87.162;0.0;0.0;-4.951720722951226;31.99145299145299;31.99145299145299;32.0;32.0;1;1
87.268;0.0;0.0;-4.951720722951226;31.99145299145299;31.99145299145299;32.0;32.0;1;1
87.385;0.0;0.0;-4.951720722951226;31.99145299145299;31.99145299145299;32.0;32.0;1;1
87.494;0.0;0.0;-4.951720722951226;31.99145299145299;31.99145299145299;32.0;32.0;1;1
87.603;0.0;0.0;-4.951720722951226;31.99145299145299;31.99145299145299;32.0;32.0;1;1
87.72;0.0;0.0;-4.951720722951226;31.99145299145299;31.99145299145299;32.0;32.0;1;1
87.822;0.0;0.0;-4.951720722951226;31.99145299145299;31.99145299145299;32.0;32.0;1;1
87.923;0.0;0.0;-4.951720722951226;31.99145299145299;31.99145299145299;32.0;32.0;1;1
88.031;0.0;0.0;-4.951720722951226;31.99145299145299;31.99145299145299;32.0;32.0;1;1
88.139;0.0;0.0;-4.951720722951226;31.99145299145299;31.99145299145299;32.0;32.0;1;1
88.25;0.0;0.0;-4.889824213914336;31.99145299145299;31.99145299145299;32.0;32.0;1;1
88.361;0.0;0.0;-4.766031195840555;31.99145299145299;31.99145299145299;32.0;32.0;1;1
88.476;0.0;0.0;-4.6422381777667745;31.99145299145299;31.99145299145299;32.0;32.0;1;1
88.587;0.0;0.0;-4.518445159692994;31.99145299145299;31.99145299145299;32.0;32.0;1;1
88.693;0.0;0.0;-4.456548650656103;31.99145299145299;31.99145299145299;32.0;32.0;1;1
88.809;0.0;0.0;-4.332755632582323;31.99145299145299;31.99145299145299;32.0;32.0;1;1
88.919;0.0;0.0;-4.208962614508542;32.05128205128205;31.99145299145299;32.0;32.0;1;1
89.021;0.0;0.0;-4.085169596434762;32.05128205128205;31.99145299145299;32.0;32.0;1;1
89.122;0.0;0.0;-4.023273087397871;32.05128205128205;31.99145299145299;32.0;32.0;1;1
89.233;0.0;0.0;-3.8994800693240905;32.05128205128205;31.99145299145299;32.0;32.0;1;1
89.346;0.0;0.0;-3.77568705125031;32.05128205128205;31.99145299145299;32.0;32.0;1;1
89.455;0.0;0.0;-3.7137905422134194;32.05128205128205;31.99145299145299;32.0;32.0;1;1
89.557;0.0;0.0;-3.5899975241396387;32.05128205128205;31.99145299145299;32.0;32.0;1;1
89.662;0.0;0.0;-3.466204506065858;32.05128205128205;31.99145299145299;32.0;32.0;1;1
89.773;0.0;0.0;-3.3424114879920777;32.05128205128205;31.99145299145299;32.0;32.0;1;1
89.873;0.0;0.0;-3.2805149789551873;31.99145299145299;31.99145299145299;32.0;32.0;1;1
89.974;0.0;0.0;-3.1567219608814066;31.99145299145299;31.99145299145299;32.0;32.0;1;1
90.075;0.0;0.0;-3.032928942807626;31.99145299145299;31.99145299145299;32.0;32.0;1;1
90.175;0.0;0.0;-2.9710324337707354;31.99145299145299;31.99145299145299;32.0;32.0;1;1
90.275;0.0;0.0;-2.8472394156969547;31.99145299145299;31.99145299145299;32.0;32.0;1;1
90.376;0.0;0.0;-2.785342906660065;31.99145299145299;31.99145299145299;32.0;32.0;1;1
90.478;0.0;0.0;-2.661549888586284;31.99145299145299;31.99145299145299;32.0;32.0;1;1
90.579;0.0;0.0;-2.5377568705125033;31.99145299145299;31.99145299145299;32.0;32.0;1;1
90.683;0.0;0.0;-2.475860361475613;31.99145299145299;31.99145299145299;32.0;32.0;1;1
90.789;0.0;0.0;-2.352067343401832;31.99145299145299;31.99145299145299;32.0;32.0;1;1
90.89;0.0;0.0;-2.290170834364942;31.99145299145299;31.99145299145299;32.0;32.0;1;1
91.002;0.0;0.0;-2.1663778162911616;31.99145299145299;31.99145299145299;32.0;32.0;1;1
91.113;0.0;0.0;-2.042584798217381;31.99145299145299;31.99145299145299;32.0;32.0;1;1
91.222;0.0;0.0;-1.9806882891804904;31.99145299145299;31.99145299145299;32.0;32.0;1;1
91.33;0.0;0.0;-1.7949987620698193;31.99145299145299;31.99145299145299;32.0;32.0;1;1
91.444;0.0;0.0;-1.733102253032929;31.99145299145299;31.99145299145299;32.0;32.0;1;1
91.557;0.0;0.0;-1.6093092349591485;31.99145299145299;31.99145299145299;32.0;32.0;1;1
91.666;0.0;0.0;-1.547412725922258;31.99145299145299;31.99145299145299;32.0;32.0;1;1
91.781;0.0;0.0;-1.3617231988115872;31.99145299145299;31.99145299145299;32.0;32.0;1;1
91.888;0.0;0.0;-1.2998266897746968;31.99145299145299;31.99145299145299;32.0;32.0;1;1
92.002;0.0;0.0;-1.176033671700916;31.99145299145299;31.99145299145299;32.0;32.0;1;1
92.11;0.0;0.0;-1.0522406536271356;31.99145299145299;31.99145299145299;32.0;32.0;1;1
92.222;0.0;0.0;-0.9903441445902452;31.99145299145299;31.99145299145299;32.0;32.0;1;1
92.331;0.0;0.0;-0.8046546174795742;31.99145299145299;31.99145299145299;32.0;32.0;1;1
92.438;0.0;0.0;-0.7427581084426839;31.99145299145299;31.99145299145299;32.0;32.0;1;1
92.541;0.0;0.0;-0.6189650903689032;31.99145299145299;31.99145299145299;32.0;32.0;1;1
92.649;0.0;0.0;-0.5570685813320129;31.99145299145299;31.99145299145299;32.0;32.0;1;1
92.758;0.0;0.0;-0.43327556325823224;31.99145299145299;31.99145299145299;32.0;32.0;1;1
92.87;0.0;0.0;-0.3094825451844516;31.99145299145299;31.99145299145299;32.0;32.0;1;1
92.975;0.0;0.0;-0.18568952711067097;31.99145299145299;31.99145299145299;32.0;32.0;1;1
93.089;0.0;0.0;-0.061896509036890326;31.99145299145299;31.99145299145299;32.0;32.0;1;1
93.19;0.0;0.0;0.0;31.99145299145299;31.99145299145299;32.0;32.0;1;1
93.291;0.0;0.0;0.0;31.99145299145299;31.99145299145299;32.0;32.0;1;1
93.394;0.0;0.0;0.0;31.99145299145299;31.99145299145299;32.0;32.0;1;1
93.496;0.0;0.0;0.0;31.99145299145299;31.99145299145299;32.0;32.0;1;1
93.603;0.0;0.0;0.0;31.99145299145299;31.99145299145299;32.0;32.0;1;1
93.704;0.0;0.0;0.0;31.99145299145299;31.99145299145299;32.0;32.0;1;1
93.809;0.0;0.0;0.0;31.99145299145299;31.99145299145299;32.0;32.0;1;1
93.911;0.0;0.0;0.0;31.99145299145299;31.99145299145299;32.0;32.0;1;1
94.029;0.0;0.0;0.0;31.99145299145299;31.99145299145299;32.0;32.0;1;1
94.13;0.0;0.0;0.0;31.99145299145299;31.99145299145299;32.0;32.0;1;1
94.25;0.0;0.0;0.0;31.99145299145299;31.99145299145299;32.0;32.0;1;1
94.351;0.0;0.0;0.0;31.99145299145299;31.99145299145299;32.0;32.0;1;1
94.464;0.0;0.0;0.0;31.99145299145299;31.99145299145299;32.0;32.0;1;1
94.565;0.0;0.0;0.0;31.99145299145299;31.99145299145299;32.0;32.0;1;1
94.671;0.0;0.0;0.0;31.99145299145299;31.99145299145299;32.0;32.0;1;1
94.772;0.0;0.0;0.0;31.99145299145299;31.99145299145299;32.0;32.0;1;1
94.874;0.0;0.0;0.0;31.99145299145299;31.99145299145299;32.0;32.0;1;1
94.975;0.0;0.0;0.0;31.99145299145299;31.99145299145299;32.0;32.0;1;1
95.094;0.0;0.0;0.0;31.99145299145299;31.99145299145299;32.0;32.0;1;1
95.196;0.0;0.0;0.0;31.99145299145299;31.99145299145299;32.0;32.0;1;1
95.298;0.0;0.0;0.0;31.99145299145299;31.99145299145299;32.0;32.0;1;1
95.414;0.0;0.0;0.0;31.99145299145299;31.99145299145299;32.0;32.0;1;1
95.517;0.0;0.0;0.0;31.99145299145299;31.99145299145299;32.0;32.0;1;1
95.634;0.0;0.0;0.0;31.99145299145299;31.99145299145299;32.0;32.0;1;1
95.736;0.0;0.0;0.0;31.99145299145299;31.99145299145299;32.0;32.0;1;1
95.837;0.0;0.0;0.0;31.99145299145299;31.99145299145299;32.0;32.0;1;1
95.939;0.0;0.0;0.0;31.99145299145299;31.99145299145299;32.0;32.0;1;1
96.04;0.0;0.0;0.0;31.99145299145299;31.99145299145299;32.0;32.0;1;1
96.141;0.0;0.0;0.0;31.99145299145299;31.99145299145299;32.0;32.0;1;1
96.242;0.0;0.0;0.0;31.99145299145299;31.99145299145299;32.0;32.0;1;1
96.343;0.0;0.0;0.0;31.99145299145299;31.99145299145299;32.0;32.0;1;1
96.447;0.0;0.0;0.0;31.99145299145299;31.99145299145299;32.0;32.0;1;1
96.548;0.0;0.0;0.0;31.99145299145299;31.99145299145299;32.0;32.0;1;1
96.655;0.0;0.0;0.0;31.99145299145299;31.99145299145299;32.0;32.0;1;1
96.757;0.0;0.0;0.0;31.99145299145299;31.99145299145299;32.0;32.0;1;1
96.861;0.0;0.0;0.0;31.99145299145299;31.99145299145299;32.0;32.0;1;1
96.961;0.0;0.0;0.0;31.99145299145299;31.99145299145299;32.0;32.0;1;1
97.072;0.0;0.0;0.0;31.99145299145299;31.99145299145299;32.0;32.0;1;1
97.173;0.0;0.0;0.0;31.99145299145299;31.99145299145299;32.0;32.0;1;1
97.288;0.0;0.0;0.0;31.99145299145299;31.99145299145299;32.0;32.0;1;1
97.392;0.0;0.0;0.0;31.99145299145299;31.99145299145299;32.0;32.0;1;1
97.51;0.0;0.0;0.0;31.99145299145299;31.99145299145299;32.0;32.0;1;1
97.611;0.0;0.0;0.061896509036890326;31.99145299145299;31.99145299145299;32.0;32.0;1;1
97.716;0.0;0.0;0.12379301807378065;31.99145299145299;31.99145299145299;32.0;32.0;1;1
97.816;0.0;0.0;0.18568952711067097;31.99145299145299;31.99145299145299;32.0;32.0;1;1
97.917;0.0;0.0;0.18568952711067097;31.99145299145299;31.99145299145299;32.0;32.0;1;1
98.021;0.0;0.0;0.2475860361475613;31.99145299145299;31.99145299145299;32.0;32.0;1;1
98.129;0.0;0.0;0.3094825451844516;31.99145299145299;31.99145299145299;32.0;32.0;1;1
98.23;0.0;0.0;0.37137905422134193;31.99145299145299;31.99145299145299;32.0;32.0;1;1
98.333;0.0;0.0;0.43327556325823224;31.99145299145299;31.99145299145299;32.0;32.0;1;1
98.437;0.0;0.0;0.4951720722951226;31.99145299145299;31.99145299145299;32.0;32.0;1;1
98.547;0.0;0.0;0.4951720722951226;31.99145299145299;31.99145299145299;32.0;32.0;1;1
98.657;0.0;0.0;0.5570685813320129;31.99145299145299;31.99145299145299;32.0;32.0;1;1
98.759;0.0;0.0;0.6189650903689032;31.99145299145299;31.99145299145299;32.0;32.0;1;1
98.86;0.0;0.0;0.6808615994057936;31.99145299145299;31.99145299145299;32.0;32.0;1;1
98.969;0.0;0.0;0.7427581084426839;31.99145299145299;31.99145299145299;32.0;32.0;1;1
99.069;0.0;0.0;0.7427581084426839;31.99145299145299;31.99145299145299;32.0;32.0;1;1
99.181;0.0;0.0;0.8046546174795742;31.99145299145299;31.99145299145299;32.0;32.0;1;1
99.293;0.0;0.0;0.8665511265164645;31.99145299145299;31.99145299145299;32.0;32.0;1;1
99.403;0.0;0.0;0.9284476355533549;31.99145299145299;31.99145299145299;32.0;32.0;1;1
99.509;0.0;0.0;0.9903441445902452;31.99145299145299;31.99145299145299;32.0;32.0;1;1
99.624;0.0;0.0;1.0522406536271356;31.99145299145299;31.99145299145299;32.0;32.0;1;1
99.726;0.0;0.0;1.1141371626640257;31.99145299145299;31.99145299145299;32.0;32.0;1;1
99.826;0.0;0.0;1.1141371626640257;31.99145299145299;31.99145299145299;32.0;32.0;1;1
99.935;0.0;0.0;1.176033671700916;31.99145299145299;31.99145299145299;32.0;32.0;1;1
100.045;0.0;0.0;1.2379301807378065;31.99145299145299;31.99145299145299;32.0;32.0;1;1
100.154;0.0;0.0;1.2998266897746968;31.99145299145299;31.99145299145299;32.0;32.0;1;1
100.265;0.0;0.0;1.3617231988115872;31.99145299145299;31.99145299145299;32.0;32.0;1;1
100.377;0.0;0.0;1.4236197078484774;31.99145299145299;31.99145299145299;32.0;32.0;1;1
100.485;0.0;0.0;1.4855162168853677;31.99145299145299;31.99145299145299;32.0;32.0;1;1
100.603;0.0;0.0;1.4855162168853677;31.99145299145299;31.99145299145299;32.0;32.0;1;1
100.711;0.0;0.0;1.6093092349591485;31.99145299145299;31.99145299145299;32.0;32.0;1;1
100.823;0.0;0.0;1.6093092349591485;31.99145299145299;31.99145299145299;32.0;32.0;1;1
100.936;0.0;0.0;1.6712057439960388;31.99145299145299;31.99145299145299;32.0;32.0;1;1
101.042;0.0;0.0;1.733102253032929;31.99145299145299;31.99145299145299;32.0;32.0;1;1
101.144;0.0;0.0;1.7949987620698193;31.99145299145299;31.99145299145299;32.0;32.0;1;1
101.256;0.0;0.0;1.8568952711067097;31.99145299145299;31.99145299145299;32.0;32.0;1;1
101.368;0.0;0.0;1.9187917801436;31.99145299145299;31.99145299145299;32.0;32.0;1;1
101.474;0.0;0.0;1.9806882891804904;31.99145299145299;31.99145299145299;32.0;32.0;1;1
101.598;0.0;0.0;1.9806882891804904;31.99145299145299;31.99145299145299;32.0;32.0;1;1
101.699;0.0;0.0;2.104481307254271;31.99145299145299;31.99145299145299;32.0;32.0;1;1
101.81;0.0;0.0;2.104481307254271;31.99145299145299;31.99145299145299;32.0;32.0;1;1
101.92;0.0;0.0;2.1663778162911616;31.99145299145299;31.99145299145299;32.0;32.0;1;1
102.033;0.0;0.0;2.2282743253280515;31.99145299145299;31.99145299145299;32.0;32.0;1;1
102.139;0.0;0.0;2.290170834364942;31.99145299145299;31.99145299145299;32.0;32.0;1;1
102.257;0.0;0.0;2.352067343401832;31.99145299145299;31.99145299145299;32.0;32.0;1;1
102.363;0.0;0.0;2.352067343401832;31.99145299145299;31.99145299145299;32.0;32.0;1;1
102.474;0.0;0.0;2.475860361475613;31.99145299145299;31.99145299145299;32.0;32.0;1;1
102.586;0.0;0.0;2.475860361475613;31.99145299145299;31.99145299145299;32.0;32.0;1;1
102.694;0.0;0.0;2.5377568705125033;31.99145299145299;31.99145299145299;32.0;32.0;1;1
102.808;0.0;0.0;2.5996533795493937;31.99145299145299;31.99145299145299;32.0;32.0;1;1
102.918;0.0;0.0;2.661549888586284;31.99145299145299;31.99145299145299;32.0;32.0;1;1
103.031;0.0;0.0;2.7234463976231744;31.99145299145299;31.99145299145299;32.0;32.0;1;1
103.137;0.0;0.0;2.785342906660065;31.99145299145299;31.99145299145299;32.0;32.0;1;1
103.237;0.0;0.0;2.8472394156969547;31.99145299145299;31.99145299145299;32.0;32.0;1;1
103.342;0.0;0.0;2.8472394156969547;31.99145299145299;31.99145299145299;32.0;32.0;1;1
103.443;0.0;0.0;2.909135924733845;31.99145299145299;31.99145299145299;32.0;32.0;1;1
103.571;0.0;0.0;2.9710324337707354;31.99145299145299;31.99145299145299;32.0;32.0;1;1
103.68;0.0;0.0;3.032928942807626;31.99145299145299;31.99145299145299;32.0;32.0;1;1
103.787;0.0;0.0;3.094825451844516;31.99145299145299;31.99145299145299;32.0;32.0;1;1
103.901;0.0;0.0;3.1567219608814066;31.99145299145299;31.99145299145299;32.0;32.0;1;1
104.01;0.0;0.0;3.218618469918297;31.99145299145299;31.99145299145299;32.0;32.0;1;1
104.121;0.0;0.0;3.2805149789551873;31.99145299145299;31.99145299145299;32.0;32.0;1;1
104.232;0.0;0.0;3.3424114879920777;31.99145299145299;31.99145299145299;32.0;32.0;1;1
104.333;0.0;0.0;3.3424114879920777;31.99145299145299;31.99145299145299;32.0;32.0;1;1
104.44;0.0;0.0;3.404307997028968;31.99145299145299;31.99145299145299;32.0;32.0;1;1
104.546;0.0;0.0;3.466204506065858;31.99145299145299;31.99145299145299;32.0;32.0;1;1
104.654;0.0;0.0;3.5281010151027483;31.99145299145299;31.99145299145299;32.0;32.0;1;1
104.771;0.0;0.0;3.5899975241396387;31.99145299145299;31.99145299145299;32.0;32.0;1;1
104.882;0.0;0.0;3.651894033176529;31.99145299145299;31.99145299145299;32.0;32.0;1;1
104.995;0.0;0.0;3.7137905422134194;31.99145299145299;31.99145299145299;32.0;32.0;1;1
105.103;0.0;0.0;3.7137905422134194;31.99145299145299;31.99145299145299;32.0;32.0;1;1
105.215;0.0;0.0;3.77568705125031;31.99145299145299;31.99145299145299;32.0;32.0;1;1
105.324;0.0;0.0;3.8375835602872;31.99145299145299;31.99145299145299;32.0;32.0;1;1
105.438;0.0;0.0;3.8994800693240905;31.99145299145299;31.99145299145299;32.0;32.0;1;1
105.539;0.0;0.0;3.961376578360981;31.99145299145299;31.99145299145299;32.0;32.0;1;1
105.64;0.0;0.0;4.023273087397871;31.99145299145299;31.99145299145299;32.0;32.0;1;1
105.74;0.0;0.0;4.085169596434762;31.99145299145299;31.99145299145299;32.0;32.0;1;1
105.85;0.0;0.0;4.085169596434762;31.99145299145299;31.99145299145299;32.0;32.0;1;1
105.958;0.0;0.0;4.208962614508542;31.99145299145299;31.99145299145299;32.0;32.0;1;1
106.075;0.0;0.0;4.208962614508542;31.99145299145299;31.99145299145299;32.0;32.0;1;1
106.186;0.0;0.0;4.270859123545432;31.99145299145299;31.99145299145299;32.0;32.0;1;1
106.298;0.0;0.0;4.332755632582323;31.99145299145299;31.99145299145299;32.0;32.0;1;1
106.421;0.0;0.0;4.394652141619213;31.99145299145299;31.99145299145299;32.0;32.0;1;1
106.538;0.0;0.0;4.456548650656103;31.99145299145299;31.99145299145299;32.0;32.0;1;1
106.649;0.0;0.0;4.518445159692994;31.99145299145299;31.99145299145299;32.0;32.0;1;1
106.756;0.0;0.0;4.580341668729884;31.99145299145299;31.99145299145299;32.0;32.0;1;1
106.867;0.0;0.0;4.580341668729884;31.99145299145299;31.99145299145299;32.0;32.0;1;1
106.98;0.0;0.0;4.704134686803664;31.99145299145299;31.99145299145299;32.0;32.0;1;1
107.094;0.0;0.0;4.704134686803664;31.99145299145299;31.99145299145299;32.0;32.0;1;1
107.195;0.0;0.0;4.766031195840555;31.99145299145299;31.99145299145299;32.0;32.0;1;1
107.3;0.0;0.0;4.827927704877445;31.99145299145299;31.99145299145299;32.0;32.0;1;1
107.405;0.0;0.0;4.889824213914336;31.99145299145299;31.99145299145299;32.0;32.0;1;1
107.518;0.0;0.0;4.951720722951226;31.99145299145299;31.99145299145299;32.0;32.0;1;1
107.64;0.0;0.0;4.951720722951226;31.99145299145299;31.99145299145299;32.0;32.0;1;1
107.753;0.0;0.0;4.951720722951226;31.99145299145299;31.99145299145299;32.0;32.0;1;1
107.853;0.0;0.0;4.951720722951226;31.99145299145299;31.99145299145299;32.0;32.0;1;1
107.96;0.0;0.0;4.951720722951226;31.99145299145299;31.99145299145299;32.0;32.0;1;1
108.074;0.0;0.0;4.951720722951226;31.99145299145299;31.99145299145299;32.0;32.0;1;1
108.194;0.0;0.0;4.951720722951226;31.99145299145299;31.99145299145299;32.0;32.0;1;1
108.295;0.0;0.0;4.951720722951226;31.99145299145299;31.99145299145299;32.0;32.0;1;1
108.397;0.0;0.0;4.951720722951226;31.99145299145299;31.99145299145299;32.0;32.0;1;1
108.498;0.0;0.0;4.951720722951226;31.99145299145299;31.99145299145299;32.0;32.0;1;1
108.6;0.0;0.0;4.951720722951226;31.99145299145299;31.99145299145299;32.0;32.0;1;1
108.708;0.0;0.0;4.951720722951226;31.99145299145299;31.99145299145299;32.0;32.0;1;1
108.809;0.0;0.0;4.951720722951226;31.99145299145299;31.99145299145299;32.0;32.0;1;1
108.911;0.0;0.0;4.951720722951226;31.99145299145299;31.99145299145299;32.0;32.0;1;1
109.013;0.0;0.0;4.951720722951226;31.99145299145299;31.99145299145299;32.0;32.0;1;1
109.117;0.0;0.0;4.951720722951226;31.99145299145299;31.99145299145299;32.0;32.0;1;1
109.217;0.0;0.0;4.951720722951226;31.99145299145299;31.99145299145299;32.0;32.0;1;1
109.329;0.0;0.0;4.951720722951226;31.99145299145299;31.99145299145299;32.0;32.0;1;1
109.441;0.0;0.0;4.951720722951226;31.99145299145299;31.99145299145299;32.0;32.0;1;1
109.548;0.0;0.0;4.951720722951226;31.99145299145299;31.99145299145299;32.0;32.0;1;1
109.659;0.0;0.0;4.889824213914336;31.99145299145299;31.99145299145299;32.0;32.0;1;1
109.763;0.0;0.0;4.827927704877445;31.99145299145299;31.99145299145299;32.0;32.0;1;1
109.871;0.0;0.0;4.766031195840555;31.99145299145299;31.99145299145299;32.0;32.0;1;1
109.977;0.0;0.0;4.704134686803664;31.99145299145299;31.99145299145299;32.0;32.0;1;1
110.079;0.0;0.0;4.704134686803664;31.99145299145299;31.99145299145299;32.0;32.0;1;1
110.18;0.0;0.0;4.6422381777667745;31.99145299145299;31.99145299145299;32.0;32.0;1;1
110.281;0.0;0.0;4.580341668729884;31.99145299145299;31.99145299145299;32.0;32.0;1;1
110.395;0.0;0.0;4.580341668729884;31.99145299145299;31.99145299145299;32.0;32.0;1;1
110.496;0.0;0.0;4.456548650656103;31.99145299145299;31.99145299145299;32.0;32.0;1;1
110.599;0.0;0.0;4.456548650656103;31.99145299145299;31.99145299145299;32.0;32.0;1;1
110.718;0.0;0.0;4.332755632582323;31.99145299145299;31.99145299145299;32.0;32.0;1;1
110.819;0.0;0.0;4.332755632582323;31.99145299145299;31.99145299145299;32.0;32.0;1;1
110.935;0.0;0.0;4.270859123545432;31.99145299145299;31.99145299145299;32.0;32.0;1;1
111.039;0.0;0.0;4.208962614508542;31.99145299145299;31.99145299145299;32.0;32.0;1;1
111.139;0.0;0.0;4.1470661054716516;31.99145299145299;31.99145299145299;32.0;32.0;1;1
111.241;0.0;0.0;4.085169596434762;31.99145299145299;31.99145299145299;32.0;32.0;1;1
111.349;0.0;0.0;4.085169596434762;31.99145299145299;31.99145299145299;32.0;32.0;1;1
111.46;0.0;0.0;4.023273087397871;31.99145299145299;31.99145299145299;32.0;32.0;1;1
111.571;0.0;0.0;3.961376578360981;31.99145299145299;31.99145299145299;32.0;32.0;1;1
111.68;0.0;0.0;3.8994800693240905;31.99145299145299;31.99145299145299;32.0;32.0;1;1
111.782;0.0;0.0;3.8375835602872;31.99145299145299;31.99145299145299;32.0;32.0;1;1
111.9;0.0;0.0;3.77568705125031;31.99145299145299;31.99145299145299;32.0;32.0;1;1
112.004;0.0;0.0;3.7137905422134194;31.99145299145299;31.99145299145299;32.0;32.0;1;1
112.106;0.0;0.0;3.7137905422134194;31.99145299145299;31.99145299145299;32.0;32.0;1;1
112.207;0.0;0.0;3.651894033176529;31.99145299145299;31.99145299145299;32.0;32.0;1;1
112.308;0.0;0.0;3.5899975241396387;31.99145299145299;31.99145299145299;32.0;32.0;1;1
112.411;0.0;0.0;3.5281010151027483;31.99145299145299;31.99145299145299;32.0;32.0;1;1
112.513;0.0;0.0;3.466204506065858;31.99145299145299;31.99145299145299;32.0;32.0;1;1
112.613;0.0;0.0;3.404307997028968;31.99145299145299;31.99145299145299;32.0;32.0;1;1
112.716;0.0;0.0;3.3424114879920777;31.99145299145299;31.99145299145299;32.0;32.0;1;1
112.817;0.0;0.0;3.3424114879920777;31.99145299145299;31.99145299145299;32.0;32.0;1;1
112.918;0.0;0.0;3.2805149789551873;31.99145299145299;31.99145299145299;32.0;32.0;1;1
113.03;0.0;0.0;3.218618469918297;31.99145299145299;31.99145299145299;32.0;32.0;1;1
113.139;0.0;0.0;3.218618469918297;31.99145299145299;31.99145299145299;32.0;32.0;1;1
113.244;0.0;0.0;3.094825451844516;31.99145299145299;31.99145299145299;32.0;32.0;1;1
113.346;0.0;0.0;3.094825451844516;31.99145299145299;31.99145299145299;32.0;32.0;1;1
113.447;0.0;0.0;3.032928942807626;31.99145299145299;31.99145299145299;32.0;32.0;1;1
113.556;0.0;0.0;2.9710324337707354;31.99145299145299;31.99145299145299;32.0;32.0;1;1
113.667;0.0;0.0;2.909135924733845;31.99145299145299;31.99145299145299;32.0;32.0;1;1
113.776;0.0;0.0;2.8472394156969547;31.99145299145299;31.99145299145299;32.0;32.0;1;1
113.884;0.0;0.0;2.8472394156969547;31.99145299145299;31.99145299145299;32.0;32.0;1;1
113.994;0.0;0.0;2.7234463976231744;31.99145299145299;31.99145299145299;32.0;32.0;1;1
114.103;0.0;0.0;2.7234463976231744;31.99145299145299;31.99145299145299;32.0;32.0;1;1
114.236;0.0;0.0;2.661549888586284;31.99145299145299;31.99145299145299;32.0;32.0;1;1
114.336;0.0;0.0;2.5996533795493937;31.99145299145299;31.99145299145299;32.0;32.0;1;1
114.437;0.0;0.0;2.5377568705125033;31.99145299145299;31.99145299145299;32.0;32.0;1;1
114.538;0.0;0.0;2.475860361475613;31.99145299145299;31.99145299145299;32.0;32.0;1;1
114.64;0.0;0.0;2.475860361475613;31.99145299145299;31.99145299145299;32.0;32.0;1;1
114.756;0.0;0.0;2.352067343401832;31.99145299145299;31.99145299145299;32.0;32.0;1;1
114.877;0.0;0.0;2.352067343401832;31.99145299145299;31.99145299145299;32.0;32.0;1;1
114.978;0.0;0.0;2.2282743253280515;31.99145299145299;31.94017094017094;32.0;32.0;1;1
115.083;0.0;0.0;2.2282743253280515;31.99145299145299;31.94017094017094;32.0;32.0;1;1
115.184;0.0;0.0;2.1663778162911616;31.99145299145299;31.94017094017094;32.0;32.0;1;1
115.292;0.0;0.0;2.104481307254271;31.99145299145299;31.94017094017094;32.0;32.0;1;1
115.392;0.0;0.0;2.042584798217381;31.99145299145299;31.94017094017094;32.0;32.0;1;1
115.503;0.0;0.0;1.9806882891804904;31.99145299145299;31.94017094017094;32.0;32.0;1;1
115.639;0.0;0.0;1.9806882891804904;31.99145299145299;31.94017094017094;32.0;32.0;1;1
115.751;0.0;0.0;1.9187917801436;31.99145299145299;31.94017094017094;32.0;32.0;1;1
115.861;0.0;0.0;1.8568952711067097;31.99145299145299;31.94017094017094;32.0;32.0;1;1
115.977;0.0;0.0;1.7949987620698193;31.99145299145299;31.99145299145299;32.0;32.0;1;1
116.087;0.0;0.0;1.733102253032929;31.99145299145299;31.99145299145299;32.0;32.0;1;1
116.197;0.0;0.0;1.6712057439960388;31.99145299145299;31.99145299145299;32.0;32.0;1;1
116.312;0.0;0.0;1.6093092349591485;31.99145299145299;31.99145299145299;32.0;32.0;1;1
116.417;0.0;0.0;1.547412725922258;31.99145299145299;31.99145299145299;32.0;32.0;1;1
116.518;0.0;0.0;1.4855162168853677;31.99145299145299;31.99145299145299;32.0;32.0;1;1
116.628;0.0;0.0;1.4855162168853677;31.99145299145299;31.99145299145299;32.0;32.0;1;1
116.74;0.0;0.0;1.4236197078484774;31.99145299145299;31.99145299145299;32.0;32.0;1;1
116.848;0.0;0.0;1.3617231988115872;31.99145299145299;31.99145299145299;32.0;32.0;1;1
116.956;0.0;0.0;1.2998266897746968;31.99145299145299;31.99145299145299;32.0;32.0;1;1
117.073;0.0;0.0;1.2379301807378065;31.99145299145299;31.99145299145299;32.0;32.0;1;1
117.184;0.0;0.0;1.176033671700916;31.99145299145299;31.99145299145299;32.0;32.0;1;1
117.292;0.0;0.0;1.1141371626640257;31.99145299145299;31.99145299145299;32.0;32.0;1;1
117.407;0.0;0.0;1.1141371626640257;31.99145299145299;31.99145299145299;32.0;32.0;1;1
117.511;0.0;0.0;0.9903441445902452;31.99145299145299;31.99145299145299;32.0;32.0;1;1
117.611;0.0;0.0;0.9903441445902452;31.99145299145299;31.99145299145299;32.0;32.0;1;1
117.713;0.0;0.0;0.9284476355533549;31.99145299145299;31.99145299145299;32.0;32.0;1;1
117.83;0.0;0.0;0.8665511265164645;31.99145299145299;31.99145299145299;32.0;32.0;1;1
117.944;0.0;0.0;0.8046546174795742;31.99145299145299;31.99145299145299;32.0;32.0;1;1
118.052;0.0;0.0;0.7427581084426839;31.99145299145299;31.99145299145299;32.0;32.0;1;1
118.162;0.0;0.0;0.6808615994057936;31.99145299145299;31.99145299145299;32.0;32.0;1;1
118.274;0.0;0.0;0.6189650903689032;31.99145299145299;31.99145299145299;32.0;32.0;1;1
118.385;0.0;0.0;0.6189650903689032;31.99145299145299;31.99145299145299;32.0;32.0;1;1
118.516;0.0;0.0;0.5570685813320129;31.99145299145299;31.99145299145299;32.0;32.0;1;1
118.627;0.0;0.0;0.4951720722951226;31.99145299145299;31.99145299145299;32.0;32.0;1;1
118.732;0.0;0.0;0.43327556325823224;31.99145299145299;31.99145299145299;32.0;32.0;1;1
118.837;0.0;0.0;0.37137905422134193;31.99145299145299;31.99145299145299;32.0;32.0;1;1
118.943;0.0;0.0;0.3094825451844516;31.99145299145299;31.99145299145299;32.0;32.0;1;1
119.043;0.0;0.0;0.2475860361475613;31.99145299145299;31.99145299145299;32.0;32.0;1;1
119.151;0.0;0.0;0.2475860361475613;31.99145299145299;31.99145299145299;32.0;32.0;1;1
119.256;0.0;0.0;0.18568952711067097;31.99145299145299;31.99145299145299;32.0;32.0;1;1
119.357;0.0;0.0;0.12379301807378065;31.99145299145299;31.99145299145299;32.0;32.0;1;1
119.481;0.0;0.0;0.061896509036890326;31.99145299145299;31.99145299145299;32.0;32.0;1;1
119.582;0.0;0.0;0.0;31.99145299145299;31.99145299145299;32.0;32.0;1;1
119.688;0.0;0.0;-0.061896509036890326;31.99145299145299;31.99145299145299;32.0;32.0;1;1
119.795;0.0;0.0;-0.12379301807378065;31.99145299145299;31.99145299145299;32.0;32.0;1;1
119.91;0.0;0.0;-0.12379301807378065;31.99145299145299;31.99145299145299;32.0;32.0;1;1
120.019;0.0;0.0;-0.2475860361475613;31.99145299145299;31.99145299145299;32.0;32.0;1;1
120.132;0.0;0.0;-0.2475860361475613;31.99145299145299;31.99145299145299;32.0;32.0;1;1
120.244;0.0;0.0;-0.3094825451844516;31.99145299145299;31.99145299145299;32.0;32.0;1;1
120.355;0.0;0.0;-0.37137905422134193;31.99145299145299;31.99145299145299;32.0;32.0;1;1
120.469;0.0;0.0;-0.43327556325823224;31.99145299145299;31.99145299145299;32.0;32.0;1;1
120.573;0.0;0.0;-0.4951720722951226;31.99145299145299;31.99145299145299;32.0;32.0;1;1
120.673;0.0;0.0;-0.5570685813320129;31.99145299145299;31.99145299145299;32.0;32.0;1;1
120.784;0.0;0.0;-0.6189650903689032;31.99145299145299;31.99145299145299;32.0;32.0;1;1
120.892;0.0;0.0;-0.6189650903689032;31.99145299145299;31.99145299145299;32.0;32.0;1;1
121.005;0.0;0.0;-0.6808615994057936;31.99145299145299;31.99145299145299;32.0;32.0;1;1
121.118;0.0;0.0;-0.7427581084426839;31.99145299145299;31.99145299145299;32.0;32.0;1;1
121.222;0.0;0.0;-0.8046546174795742;31.99145299145299;31.99145299145299;32.0;32.0;1;1
121.339;0.0;0.0;-0.8665511265164645;31.99145299145299;31.99145299145299;32.0;32.0;1;1
121.446;0.0;0.0;-0.9284476355533549;31.99145299145299;31.99145299145299;32.0;32.0;1;1
121.562;0.0;0.0;-0.9903441445902452;31.99145299145299;31.99145299145299;32.0;32.0;1;1
121.665;0.0;0.0;-1.0522406536271356;31.99145299145299;31.99145299145299;32.0;32.0;1;1
121.769;0.0;0.0;-1.0522406536271356;31.99145299145299;31.99145299145299;32.0;32.0;1;1
121.876;0.0;0.0;-1.1141371626640257;31.99145299145299;31.99145299145299;32.0;32.0;1;1
121.983;0.0;0.0;-1.176033671700916;31.99145299145299;31.99145299145299;32.0;32.0;1;1
122.097;0.0;0.0;-1.2379301807378065;31.99145299145299;31.99145299145299;32.0;32.0;1;1
122.206;0.0;0.0;-1.2998266897746968;31.99145299145299;31.99145299145299;32.0;32.0;1;1
122.32;0.0;0.0;-1.3617231988115872;31.99145299145299;31.99145299145299;32.0;32.0;1;1
122.432;0.0;0.0;-1.4236197078484774;31.99145299145299;31.99145299145299;32.0;32.0;1;1
122.543;0.0;0.0;-1.4855162168853677;31.99145299145299;31.99145299145299;32.0;32.0;1;1
122.661;0.0;0.0;-1.547412725922258;31.99145299145299;31.99145299145299;32.0;32.0;1;1
122.78;0.0;0.0;-1.547412725922258;31.99145299145299;31.99145299145299;32.0;32.0;1;1
122.881;0.0;0.0;-1.6093092349591485;31.99145299145299;31.99145299145299;32.0;32.0;1;1
123.0;0.0;0.0;-1.6712057439960388;31.99145299145299;31.99145299145299;32.0;32.0;1;1
123.102;0.0;0.0;-1.733102253032929;31.99145299145299;31.99145299145299;32.0;32.0;1;1
123.216;0.0;0.0;-1.7949987620698193;31.99145299145299;31.99145299145299;32.0;32.0;1;1
123.329;0.0;0.0;-1.8568952711067097;31.99145299145299;31.99145299145299;32.0;32.0;1;1
123.451;0.0;0.0;-1.9187917801436;31.99145299145299;31.99145299145299;32.0;32.0;1;1
123.552;0.0;0.0;-1.9806882891804904;31.99145299145299;31.99145299145299;32.0;32.0;1;1
123.659;0.0;0.0;-2.042584798217381;31.99145299145299;31.99145299145299;32.0;32.0;1;1
123.77;0.0;0.0;-2.042584798217381;31.99145299145299;31.99145299145299;32.0;32.0;1;1
123.872;0.0;0.0;-2.104481307254271;31.99145299145299;31.99145299145299;32.0;32.0;1;1
123.973;0.0;0.0;-2.1663778162911616;31.99145299145299;31.99145299145299;32.0;32.0;1;1
124.075;0.0;0.0;-2.2282743253280515;31.99145299145299;31.99145299145299;32.0;32.0;1;1
124.194;0.0;0.0;-2.290170834364942;31.99145299145299;31.99145299145299;32.0;32.0;1;1
124.295;0.0;0.0;-2.352067343401832;31.99145299145299;31.99145299145299;32.0;32.0;1;1
124.397;0.0;0.0;-2.352067343401832;31.99145299145299;31.99145299145299;32.0;32.0;1;1
124.505;0.0;0.0;-2.475860361475613;31.99145299145299;31.99145299145299;32.0;32.0;1;1
124.614;0.0;0.0;-2.475860361475613;31.99145299145299;31.99145299145299;32.0;32.0;1;1
124.721;0.0;0.0;-2.5377568705125033;31.99145299145299;31.99145299145299;32.0;32.0;1;1
124.834;0.0;0.0;-2.5996533795493937;31.99145299145299;31.99145299145299;32.0;32.0;1;1
124.935;0.0;0.0;-2.661549888586284;31.99145299145299;31.99145299145299;32.0;32.0;1;1
125.037;0.0;0.0;-2.7234463976231744;31.99145299145299;31.99145299145299;32.0;32.0;1;1
125.143;0.0;0.0;-2.7234463976231744;31.99145299145299;31.99145299145299;32.0;32.0;1;1
125.244;0.0;0.0;-2.785342906660065;31.99145299145299;31.99145299145299;32.0;32.0;1;1
125.349;0.0;0.0;-2.8472394156969547;31.99145299145299;31.99145299145299;32.0;32.0;1;1
125.45;0.0;0.0;-2.909135924733845;31.99145299145299;31.99145299145299;32.0;32.0;1;1
125.555;0.0;0.0;-2.9710324337707354;31.99145299145299;31.99145299145299;32.0;32.0;1;1
125.657;0.0;0.0;-3.032928942807626;31.99145299145299;31.99145299145299;32.0;32.0;1;1
125.769;0.0;0.0;-3.032928942807626;31.99145299145299;31.99145299145299;32.0;32.0;1;1
125.871;0.0;0.0;-3.094825451844516;31.99145299145299;31.99145299145299;32.0;32.0;1;1
125.974;0.0;0.0;-3.1567219608814066;31.99145299145299;31.99145299145299;32.0;32.0;1;1
126.074;0.0;0.0;-3.218618469918297;31.99145299145299;31.99145299145299;32.0;32.0;1;1
126.179;0.0;0.0;-3.218618469918297;31.99145299145299;31.99145299145299;32.0;32.0;1;1
126.28;0.0;0.0;-3.3424114879920777;31.99145299145299;31.99145299145299;32.0;32.0;1;1
126.413;0.0;0.0;-3.3424114879920777;31.99145299145299;31.99145299145299;32.0;32.0;1;1
126.514;0.0;0.0;-3.466204506065858;31.99145299145299;31.99145299145299;32.0;32.0;1;1
126.616;0.0;0.0;-3.466204506065858;31.99145299145299;31.99145299145299;32.0;32.0;1;1
126.723;0.0;0.0;-3.5281010151027483;31.99145299145299;31.99145299145299;32.0;32.0;1;1
126.835;0.0;0.0;-3.5899975241396387;31.99145299145299;31.99145299145299;32.0;32.0;1;1
126.953;0.0;0.0;-3.651894033176529;31.99145299145299;31.99145299145299;32.0;32.0;1;1
127.07;0.0;0.0;-3.651894033176529;31.99145299145299;31.99145299145299;32.0;32.0;1;1
127.184;0.0;0.0;-3.77568705125031;31.99145299145299;31.99145299145299;32.0;32.0;1;1
127.291;0.0;0.0;-3.77568705125031;31.99145299145299;31.99145299145299;32.0;32.0;1;1
127.396;0.0;0.0;-3.8375835602872;31.99145299145299;31.99145299145299;32.0;32.0;1;1
127.511;0.0;0.0;-3.8994800693240905;31.99145299145299;31.99145299145299;32.0;32.0;1;1
127.612;0.0;0.0;-3.961376578360981;31.99145299145299;31.99145299145299;32.0;32.0;1;1
127.714;0.0;0.0;-4.023273087397871;31.99145299145299;31.99145299145299;32.0;32.0;1;1
127.814;0.0;0.0;-4.085169596434762;31.99145299145299;31.99145299145299;32.0;32.0;1;1
127.936;0.0;0.0;-4.085169596434762;31.99145299145299;31.99145299145299;32.0;32.0;1;1
128.059;0.0;0.0;-4.208962614508542;31.99145299145299;31.99145299145299;32.0;32.0;1;1
128.171;0.0;0.0;-4.208962614508542;31.99145299145299;31.99145299145299;32.0;32.0;1;1
128.29;0.0;0.0;-4.332755632582323;31.99145299145299;31.99145299145299;32.0;32.0;1;1
128.399;0.0;0.0;-4.332755632582323;31.99145299145299;31.99145299145299;32.0;32.0;1;1
128.505;0.0;0.0;-4.394652141619213;31.99145299145299;31.99145299145299;32.0;32.0;1;1
128.606;0.0;0.0;-4.456548650656103;31.99145299145299;31.99145299145299;32.0;32.0;1;1
128.707;0.0;0.0;-4.518445159692994;31.99145299145299;31.99145299145299;32.0;32.0;1;1
128.807;0.0;0.0;-4.518445159692994;31.99145299145299;31.99145299145299;32.0;32.0;1;1
128.908;0.0;0.0;-4.580341668729884;31.99145299145299;31.99145299145299;32.0;32.0;1;1
129.023;0.0;0.0;-4.6422381777667745;31.99145299145299;31.99145299145299;32.0;32.0;1;1
129.123;0.0;0.0;-4.704134686803664;31.99145299145299;31.99145299145299;32.0;32.0;1;1
129.225;0.0;0.0;-4.766031195840555;31.99145299145299;31.99145299145299;32.0;32.0;1;1
129.352;0.0;0.0;-4.827927704877445;31.99145299145299;31.99145299145299;32.0;32.0;1;1
129.452;0.0;0.0;-4.889824213914336;31.99145299145299;31.99145299145299;32.0;32.0;1;1
129.556;0.0;0.0;-4.951720722951226;31.99145299145299;31.99145299145299;32.0;32.0;1;1
129.696;0.0;0.0;-4.951720722951226;31.99145299145299;31.99145299145299;32.0;32.0;1;1
129.797;0.0;0.0;-4.951720722951226;31.99145299145299;31.99145299145299;32.0;32.0;1;1
129.9;0.0;0.0;-4.951720722951226;31.99145299145299;31.99145299145299;32.0;32.0;1;1
130.007;0.0;0.0;-4.951720722951226;31.99145299145299;31.99145299145299;32.0;32.0;1;1
130.11;0.0;0.0;-4.951720722951226;31.99145299145299;31.99145299145299;32.0;32.0;1;1
130.242;0.0;0.0;-4.951720722951226;31.99145299145299;31.99145299145299;32.0;32.0;1;1
130.343;0.0;0.0;-4.951720722951226;31.99145299145299;31.99145299145299;32.0;32.0;1;1
130.443;0.0;0.0;-4.951720722951226;31.99145299145299;31.99145299145299;32.0;32.0;1;1
130.545;0.0;0.0;-4.951720722951226;31.99145299145299;31.99145299145299;32.0;32.0;1;1
130.649;0.0;0.0;-4.951720722951226;31.99145299145299;31.99145299145299;32.0;32.0;1;1
130.758;0.0;0.0;-4.951720722951226;31.99145299145299;31.99145299145299;32.0;32.0;1;1
130.86;0.0;0.0;-4.951720722951226;31.99145299145299;31.99145299145299;32.0;32.0;1;1
130.963;0.0;0.0;-4.951720722951226;31.99145299145299;31.99145299145299;32.0;32.0;1;1
131.073;0.0;0.0;-4.951720722951226;31.99145299145299;31.99145299145299;32.0;32.0;1;1
131.182;0.0;0.0;-4.951720722951226;31.99145299145299;31.99145299145299;32.0;32.0;1;1
131.283;0.0;0.0;-4.951720722951226;31.99145299145299;31.99145299145299;32.0;32.0;1;1
131.391;0.0;0.0;-4.951720722951226;31.99145299145299;31.99145299145299;32.0;32.0;1;1
131.503;0.0;0.0;-4.951720722951226;31.99145299145299;31.99145299145299;32.0;32.0;1;1
131.63;0.0;0.0;-4.951720722951226;31.99145299145299;31.99145299145299;32.0;32.0;1;1
131.743;0.0;0.0;-4.889824213914336;31.99145299145299;31.99145299145299;32.0;32.0;1;1
131.856;0.0;0.0;-4.827927704877445;31.99145299145299;31.99145299145299;32.0;32.0;1;1
131.965;0.0;0.0;-4.766031195840555;31.99145299145299;31.99145299145299;32.0;32.0;1;1
132.075;0.0;0.0;-4.704134686803664;31.99145299145299;31.99145299145299;32.0;32.0;1;1
132.188;0.0;0.0;-4.704134686803664;31.99145299145299;31.99145299145299;32.0;32.0;1;1
132.291;0.0;0.0;-4.580341668729884;31.99145299145299;31.99145299145299;32.0;32.0;1;1
132.392;0.0;0.0;-4.580341668729884;31.99145299145299;31.99145299145299;32.0;32.0;1;1
132.502;0.0;0.0;-4.518445159692994;31.99145299145299;31.99145299145299;32.0;32.0;1;1
132.615;0.0;0.0;-4.456548650656103;31.99145299145299;31.99145299145299;32.0;32.0;1;1
132.722;0.0;0.0;-4.394652141619213;31.99145299145299;31.99145299145299;32.0;32.0;1;1
132.836;0.0;0.0;-4.332755632582323;31.99145299145299;31.99145299145299;32.0;32.0;1;1
132.95;0.0;0.0;-4.332755632582323;31.99145299145299;31.99145299145299;32.0;32.0;1;1
133.061;0.0;0.0;-4.208962614508542;31.99145299145299;31.99145299145299;32.0;32.0;1;1
133.17;0.0;0.0;-4.208962614508542;31.99145299145299;31.99145299145299;32.0;32.0;1;1
133.271;0.0;0.0;-4.1470661054716516;31.99145299145299;31.99145299145299;32.0;32.0;1;1
133.377;0.0;0.0;-4.085169596434762;31.99145299145299;31.99145299145299;32.0;32.0;1;1
133.488;0.0;0.0;-4.023273087397871;31.99145299145299;31.99145299145299;32.0;32.0;1;1
133.601;0.0;0.0;-3.961376578360981;31.99145299145299;31.99145299145299;32.0;32.0;1;1
133.713;0.0;0.0;-3.8994800693240905;31.99145299145299;31.99145299145299;32.0;32.0;1;1
133.822;0.0;0.0;-3.8375835602872;31.99145299145299;31.99145299145299;32.0;32.0;1;1
133.94;0.0;0.0;-3.8375835602872;31.99145299145299;31.99145299145299;32.0;32.0;1;1
134.043;0.0;0.0;-3.77568705125031;31.99145299145299;31.99145299145299;32.0;32.0;1;1
134.155;0.0;0.0;-3.7137905422134194;31.99145299145299;31.99145299145299;32.0;32.0;1;1
134.265;0.0;0.0;-3.651894033176529;31.99145299145299;31.99145299145299;32.0;32.0;1;1
134.376;0.0;0.0;-3.5899975241396387;31.99145299145299;31.99145299145299;32.0;32.0;1;1
134.482;0.0;0.0;-3.5281010151027483;31.99145299145299;31.99145299145299;32.0;32.0;1;1
134.595;0.0;0.0;-3.466204506065858;31.99145299145299;31.99145299145299;32.0;32.0;1;1
134.706;0.0;0.0;-3.466204506065858;31.99145299145299;31.99145299145299;32.0;32.0;1;1
134.82;0.0;0.0;-3.3424114879920777;31.99145299145299;31.99145299145299;32.0;32.0;1;1
134.929;0.0;0.0;-3.3424114879920777;31.99145299145299;31.99145299145299;32.0;32.0;1;1
135.044;0.0;0.0;-3.2805149789551873;31.99145299145299;31.99145299145299;32.0;32.0;1;1
135.157;0.0;0.0;-3.218618469918297;31.99145299145299;31.99145299145299;32.0;32.0;1;1
135.264;0.0;0.0;-3.1567219608814066;31.99145299145299;31.99145299145299;32.0;32.0;1;1
135.365;0.0;0.0;-3.094825451844516;31.99145299145299;31.99145299145299;32.0;32.0;1;1
135.472;0.0;0.0;-3.032928942807626;31.99145299145299;31.99145299145299;32.0;32.0;1;1
135.584;0.0;0.0;-2.9710324337707354;31.99145299145299;31.99145299145299;32.0;32.0;1;1
135.692;0.0;0.0;-2.9710324337707354;31.99145299145299;31.99145299145299;32.0;32.0;1;1
135.809;0.0;0.0;-2.909135924733845;31.99145299145299;31.99145299145299;32.0;32.0;1;1
135.913;0.0;0.0;-2.8472394156969547;31.99145299145299;31.99145299145299;32.0;32.0;1;1
136.014;0.0;0.0;-2.785342906660065;31.99145299145299;31.99145299145299;32.0;32.0;1;1
136.135;0.0;0.0;-2.7234463976231744;31.99145299145299;31.99145299145299;32.0;32.0;1;1
136.25;0.0;0.0;-2.661549888586284;31.99145299145299;31.99145299145299;32.0;32.0;1;1
136.352;0.0;0.0;-2.5996533795493937;31.99145299145299;31.99145299145299;32.0;32.0;1;1
136.452;0.0;0.0;-2.5996533795493937;31.99145299145299;31.99145299145299;32.0;32.0;1;1
136.57;0.0;0.0;-2.5377568705125033;31.99145299145299;31.99145299145299;32.0;32.0;1;1
136.68;0.0;0.0;-2.475860361475613;31.99145299145299;31.99145299145299;32.0;32.0;1;1
136.784;0.0;0.0;-2.4139638524387226;31.99145299145299;31.99145299145299;32.0;32.0;1;1
136.901;0.0;0.0;-2.352067343401832;31.99145299145299;31.99145299145299;32.0;32.0;1;1
137.009;0.0;0.0;-2.290170834364942;31.99145299145299;31.99145299145299;32.0;32.0;1;1
137.123;0.0;0.0;-2.2282743253280515;31.99145299145299;31.99145299145299;32.0;32.0;1;1
137.234;0.0;0.0;-2.1663778162911616;31.99145299145299;31.99145299145299;32.0;32.0;1;1
137.344;0.0;0.0;-2.104481307254271;31.99145299145299;31.99145299145299;32.0;32.0;1;1
137.453;0.0;0.0;-2.104481307254271;31.99145299145299;31.99145299145299;32.0;32.0;1;1
137.562;0.0;0.0;-2.042584798217381;31.99145299145299;31.99145299145299;32.0;32.0;1;1
137.668;0.0;0.0;-1.9806882891804904;31.99145299145299;31.99145299145299;32.0;32.0;1;1
137.77;0.0;0.0;-1.9187917801436;31.99145299145299;31.99145299145299;32.0;32.0;1;1
137.871;0.0;0.0;-1.8568952711067097;31.99145299145299;31.99145299145299;32.0;32.0;1;1
137.971;0.0;0.0;-1.7949987620698193;31.99145299145299;31.99145299145299;32.0;32.0;1;1
138.072;0.0;0.0;-1.733102253032929;31.99145299145299;31.99145299145299;32.0;32.0;1;1
138.173;0.0;0.0;-1.733102253032929;31.99145299145299;31.99145299145299;32.0;32.0;1;1
138.277;0.0;0.0;-1.6712057439960388;31.99145299145299;31.99145299145299;32.0;32.0;1;1
138.387;0.0;0.0;-1.6093092349591485;31.99145299145299;31.99145299145299;32.0;32.0;1;1
138.497;0.0;0.0;-1.547412725922258;31.99145299145299;31.99145299145299;32.0;32.0;1;1
138.598;0.0;0.0;-1.4855162168853677;31.99145299145299;31.99145299145299;32.0;32.0;1;1
138.699;0.0;0.0;-1.4236197078484774;31.99145299145299;31.99145299145299;32.0;32.0;1;1
138.803;0.0;0.0;-1.3617231988115872;31.99145299145299;31.99145299145299;32.0;32.0;1;1
138.907;0.0;0.0;-1.3617231988115872;31.99145299145299;31.99145299145299;32.0;32.0;1;1
139.008;0.0;0.0;-1.2998266897746968;31.99145299145299;31.99145299145299;32.0;32.0;1;1
139.119;0.0;0.0;-1.2379301807378065;31.99145299145299;31.99145299145299;32.0;32.0;1;1
139.219;0.0;0.0;-1.176033671700916;31.99145299145299;31.99145299145299;32.0;32.0;1;1
139.338;0.0;0.0;-1.176033671700916;31.99145299145299;31.99145299145299;32.0;32.0;1;1
139.44;0.0;0.0;-1.1141371626640257;31.99145299145299;31.99145299145299;32.0;32.0;1;1
139.548;0.0;0.0;-1.0522406536271356;31.99145299145299;31.99145299145299;32.0;32.0;1;1
139.649;0.0;0.0;-0.9903441445902452;31.99145299145299;31.99145299145299;32.0;32.0;1;1
139.766;0.0;0.0;-0.9284476355533549;31.99145299145299;31.99145299145299;32.0;32.0;1;1
139.884;0.0;0.0;-0.8665511265164645;31.99145299145299;31.99145299145299;32.0;32.0;1;1
139.986;0.0;0.0;-0.8665511265164645;31.99145299145299;31.99145299145299;32.0;32.0;1;1
140.088;0.0;0.0;-0.7427581084426839;31.99145299145299;31.99145299145299;32.0;32.0;1;1
140.191;0.0;0.0;-0.7427581084426839;31.99145299145299;31.99145299145299;32.0;32.0;1;1
140.297;0.0;0.0;-0.6808615994057936;31.99145299145299;31.99145299145299;32.0;32.0;1;1
140.409;0.0;0.0;-0.6189650903689032;31.99145299145299;31.99145299145299;32.0;32.0;1;1
140.512;0.0;0.0;-0.5570685813320129;31.99145299145299;31.99145299145299;32.0;32.0;1;1
140.613;0.0;0.0;-0.4951720722951226;31.99145299145299;31.99145299145299;32.0;32.0;1;1
140.72;0.0;0.0;-0.43327556325823224;31.99145299145299;31.99145299145299;32.0;32.0;1;1
140.822;0.0;0.0;-0.37137905422134193;31.99145299145299;31.99145299145299;32.0;32.0;1;1
140.924;0.0;0.0;-0.37137905422134193;31.99145299145299;31.99145299145299;32.0;32.0;1;1
141.033;0.0;0.0;-0.3094825451844516;31.99145299145299;31.99145299145299;32.0;32.0;1;1
141.139;0.0;0.0;-0.2475860361475613;31.99145299145299;31.99145299145299;32.0;32.0;1;1
141.24;0.0;0.0;-0.18568952711067097;31.99145299145299;31.99145299145299;32.0;32.0;1;1
141.347;0.0;0.0;-0.12379301807378065;31.99145299145299;31.99145299145299;32.0;32.0;1;1
141.461;0.0;0.0;-0.12379301807378065;31.99145299145299;31.99145299145299;32.0;32.0;1;1
141.569;0.0;0.0;-0.061896509036890326;31.99145299145299;31.99145299145299;32.0;32.0;1;1
141.681;0.0;0.0;0.0;31.99145299145299;31.99145299145299;32.0;32.0;1;1
141.789;0.0;0.0;0.0;31.99145299145299;31.99145299145299;32.0;32.0;1;1
141.896;0.0;0.0;0.0;31.99145299145299;31.99145299145299;32.0;32.0;1;1
142.019;0.0;0.0;0.0;31.99145299145299;31.99145299145299;32.0;32.0;1;1
142.121;0.0;0.0;0.0;31.99145299145299;31.99145299145299;32.0;32.0;1;1
142.233;0.0;0.0;0.0;31.99145299145299;31.99145299145299;32.0;32.0;1;1
142.336;0.0;0.0;0.0;31.99145299145299;31.99145299145299;32.0;32.0;1;1
142.452;0.0;0.0;0.0;31.99145299145299;31.99145299145299;32.0;32.0;1;1
142.554;0.0;0.0;0.0;31.99145299145299;31.99145299145299;32.0;32.0;1;1
142.671;0.0;0.0;0.0;31.99145299145299;31.99145299145299;32.0;32.0;1;1
142.773;0.0;0.0;0.0;31.99145299145299;31.99145299145299;32.0;32.0;1;1
142.891;0.0;0.0;0.0;31.99145299145299;31.99145299145299;32.0;32.0;1;1
142.995;0.0;0.0;0.0;31.99145299145299;31.99145299145299;32.0;32.0;1;1
143.107;0.0;0.0;0.0;31.99145299145299;31.99145299145299;32.0;32.0;1;1
143.216;0.0;0.0;0.0;31.99145299145299;31.99145299145299;32.0;32.0;1;1
143.331;0.0;0.0;0.0;31.99145299145299;31.99145299145299;32.0;32.0;1;1
143.432;0.0;0.0;0.0;31.99145299145299;31.99145299145299;32.0;32.0;1;1
143.534;0.0;0.0;0.0;31.99145299145299;31.99145299145299;32.0;32.0;1;1
143.65;0.0;0.0;0.0;31.99145299145299;31.99145299145299;32.0;32.0;1;1
143.758;0.0;0.0;0.0;31.99145299145299;31.99145299145299;32.0;32.0;1;1
143.859;0.1;0.0;0.0;31.99145299145299;31.99145299145299;32.0;32.0;1;1
143.962;0.60125;0.0;0.0;31.99145299145299;31.99145299145299;32.0;32.0;1;1
144.08;1.36625;0.0;0.0;31.99145299145299;31.99145299145299;32.0;32.0;1;1
144.183;1.62125;0.0;0.0;31.99145299145299;31.99145299145299;32.0;32.0;1;1
144.283;2.3825;0.0;0.0;31.99145299145299;31.99145299145299;32.0;32.0;1;1
144.384;2.8925;0.0;0.0;31.99145299145299;31.99145299145299;32.0;32.0;1;1
144.486;3.39625;0.0;0.0;31.99145299145299;31.99145299145299;32.0;32.0;1;1
144.587;3.905;0.0;0.0;31.99145299145299;31.99145299145299;32.0;32.0;1;1
144.689;4.415;0.0;0.0;31.99145299145299;31.99145299145299;32.0;32.0;1;1
144.794;4.67;0.0;0.0;31.99145299145299;31.99145299145299;32.0;32.0;1;1
144.895;5.0;0.0;0.0;31.99145299145299;31.99145299145299;32.0;32.0;1;1
145.002;5.0;0.0;0.0;31.99145299145299;31.99145299145299;32.0;32.0;1;1
145.105;5.0;0.0;0.0;31.99145299145299;31.99145299145299;32.0;32.0;1;1
145.205;5.0;0.0;0.0;31.99145299145299;31.99145299145299;32.0;32.0;1;1
145.307;5.0;0.0;0.0;31.99145299145299;31.99145299145299;32.0;32.0;1;1
145.408;5.0;0.0;0.0;31.99145299145299;31.99145299145299;32.0;32.0;1;1
145.51;5.0;0.0;0.0;31.99145299145299;31.99145299145299;32.0;32.0;1;1
145.628;5.0;0.0;0.0;31.99145299145299;31.99145299145299;32.0;32.0;1;1
145.732;5.0;0.0;0.0;31.99145299145299;31.99145299145299;32.0;32.0;1;1
145.842;5.0;0.0;0.0;31.99145299145299;31.99145299145299;32.0;32.0;1;1
145.948;5.0;0.0;0.0;31.99145299145299;31.99145299145299;32.0;32.0;1;1
146.05;5.0;0.0;0.0;31.99145299145299;31.99145299145299;32.0;32.0;1;1
146.159;5.0;0.0;0.0;31.99145299145299;31.99145299145299;32.0;32.0;1;1
146.269;5.0;0.0;0.0;31.99145299145299;31.99145299145299;32.0;32.0;1;1
146.377;5.0;0.0;0.0;31.99145299145299;31.99145299145299;32.0;32.0;1;1
146.493;5.0;0.0;0.0;31.99145299145299;31.99145299145299;32.0;32.0;1;1
146.6;5.0;0.0;0.0;31.99145299145299;31.99145299145299;32.0;32.0;1;1
146.712;5.0;0.0;0.0;31.99145299145299;31.99145299145299;32.0;32.0;1;1
146.823;5.0;0.0;0.0;31.99145299145299;31.99145299145299;32.0;32.0;1;1
146.932;5.0;0.0;0.0;31.99145299145299;31.99145299145299;32.0;32.0;1;1
147.032;5.0;0.0;0.0;31.99145299145299;31.99145299145299;32.0;32.0;1;1
147.14;4.9825;0.0;0.0;31.99145299145299;31.99145299145299;32.0;32.0;1;1
147.254;4.54625;0.0;0.0;31.99145299145299;31.99145299145299;32.0;32.0;1;1
147.364;3.7825;0.0;0.0;31.99145299145299;31.99145299145299;32.0;32.0;1;1
147.479;3.27875;0.0;0.0;31.99145299145299;31.99145299145299;32.0;32.0;1;1
147.591;2.77;0.0;0.0;31.99145299145299;31.99145299145299;32.0;32.0;1;1
147.702;2.2625;0.0;0.0;31.99145299145299;31.99145299145299;32.0;32.0;1;1
147.813;1.505;0.0;0.0;31.99145299145299;31.99145299145299;32.0;32.0;1;1
147.916;0.99875;0.0;0.0;31.99145299145299;31.99145299145299;32.0;32.0;1;1
148.018;0.49125;0.0;0.0;31.99145299145299;31.99145299145299;32.0;32.0;1;1
148.135;0.0325;0.0;0.0;31.99145299145299;31.99145299145299;32.0;32.0;1;1
148.237;0.0;0.0;0.0;31.99145299145299;31.99145299145299;32.0;32.0;1;1
148.352;0.0;0.0;0.0;31.99145299145299;31.99145299145299;32.0;32.0;1;1
148.464;0.0;0.0;0.0;31.99145299145299;31.99145299145299;32.0;32.0;1;1
148.57;0.0;0.0;0.0;31.99145299145299;31.99145299145299;32.0;32.0;1;1
148.686;0.0;0.0;0.0;31.99145299145299;31.99145299145299;32.0;32.0;1;1
148.793;0.0;0.0;0.0;31.99145299145299;31.99145299145299;32.0;32.0;1;1
148.896;0.0;0.0;0.0;31.99145299145299;31.99145299145299;32.0;32.0;1;1
149.001;0.0;0.0;0.0;31.99145299145299;31.99145299145299;32.0;32.0;1;1
149.109;0.0;0.0;0.0;31.99145299145299;31.99145299145299;32.0;32.0;1;1
149.222;0.0;0.0;0.0;31.99145299145299;31.99145299145299;32.0;32.0;1;1
149.336;0.0;0.0;0.0;31.99145299145299;31.99145299145299;32.0;32.0;1;1
149.444;0.0;0.0;0.0;31.99145299145299;31.99145299145299;32.0;32.0;1;1
149.558;0.0;0.0;0.0;31.99145299145299;31.99145299145299;32.0;32.0;1;1
149.667;0.0;0.0;0.0;31.99145299145299;31.99145299145299;32.0;32.0;1;1
149.78;0.0;0.0;0.0;31.99145299145299;31.99145299145299;32.0;32.0;1;1
149.889;0.0;0.0;0.0;31.99145299145299;31.99145299145299;32.0;32.0;1;1
149.994;0.0;0.0;0.0;31.99145299145299;31.99145299145299;32.0;32.0;1;1
150.096;0.0;0.0;0.0;31.99145299145299;31.99145299145299;32.0;32.0;1;1
150.206;0.0;0.0;0.0;31.99145299145299;31.99145299145299;32.0;32.0;1;1
150.308;0.0;0.0;0.0;31.99145299145299;31.99145299145299;32.0;32.0;1;1
150.408;0.0;0.0;0.0;31.99145299145299;31.99145299145299;32.0;32.0;1;1
150.509;0.0;0.0;0.0;31.99145299145299;31.99145299145299;32.0;32.0;1;1
150.61;0.0;0.0;0.0;31.99145299145299;31.99145299145299;32.0;32.0;1;1
150.711;0.0;0.0;0.0;31.99145299145299;31.99145299145299;32.0;32.0;1;1
150.811;0.0;0.0;0.0;31.99145299145299;31.99145299145299;32.0;32.0;1;1
150.912;0.0;0.0;0.0;31.99145299145299;31.99145299145299;32.0;32.0;1;1
151.013;0.0;0.0;0.0;31.99145299145299;31.99145299145299;32.0;32.0;1;1
151.114;0.0;0.0;0.0;31.99145299145299;31.99145299145299;32.0;32.0;1;1
151.215;0.0;0.0;0.0;31.99145299145299;31.99145299145299;32.0;32.0;1;1
151.316;0.0;0.0;0.0;31.99145299145299;31.99145299145299;32.0;32.0;1;1
151.417;0.0;0.0;0.0;31.99145299145299;31.99145299145299;32.0;32.0;1;1
151.518;0.0;0.0;0.0;31.99145299145299;31.99145299145299;32.0;32.0;1;1
151.637;0.0;0.0;0.0;31.99145299145299;31.99145299145299;32.0;32.0;1;1
151.749;0.0;0.0;0.0;31.99145299145299;31.99145299145299;32.0;32.0;1;1
151.859;0.0;0.0;0.0;31.99145299145299;31.99145299145299;32.0;32.0;1;1
151.971;0.0;0.0;0.0;31.99145299145299;31.99145299145299;32.0;32.0;1;1
152.08;0.0;0.0;0.0;31.99145299145299;31.99145299145299;32.0;32.0;1;1
152.192;0.0;0.0;0.0;31.99145299145299;31.99145299145299;32.0;32.0;1;1
152.303;0.0;0.0;0.0;31.99145299145299;31.99145299145299;32.0;32.0;1;1
152.412;0.0;0.0;0.0;31.99145299145299;31.99145299145299;32.0;32.0;1;1
152.525;0.0;0.0;0.0;31.99145299145299;31.99145299145299;32.0;32.0;1;1
152.653;0.0;0.0;0.0;31.99145299145299;31.99145299145299;32.0;32.0;1;1
152.757;0.0;0.0;0.0;31.99145299145299;31.99145299145299;32.0;32.0;1;1
152.872;0.0;0.0;0.0;31.99145299145299;31.99145299145299;32.0;32.0;1;1
152.977;0.0;0.0;0.0;31.99145299145299;31.99145299145299;32.0;32.0;1;1
153.096;0.0;0.0;0.0;31.99145299145299;31.99145299145299;32.0;32.0;1;1
153.203;0.0;0.0;0.0;31.99145299145299;31.99145299145299;32.0;32.0;1;1
153.313;0.0;0.0;0.0;31.99145299145299;31.99145299145299;32.0;32.0;1;1
153.415;0.0;0.0;0.0;31.99145299145299;31.99145299145299;32.0;32.0;1;1
153.517;0.0;0.0;0.0;31.99145299145299;31.99145299145299;32.0;32.0;1;1
153.633;0.0;0.0;0.0;31.99145299145299;31.99145299145299;32.0;32.0;1;1
153.741;0.0;0.0;0.0;31.99145299145299;31.99145299145299;32.0;32.0;1;1
153.843;0.0;0.0;0.0;31.99145299145299;31.99145299145299;32.0;32.0;1;1
153.955;0.0;0.0;0.0;31.99145299145299;31.99145299145299;32.0;32.0;1;1
154.069;0.0;0.0;0.0;31.99145299145299;31.99145299145299;32.0;32.0;1;1
154.171;0.0;0.0;0.0;31.99145299145299;31.99145299145299;32.0;32.0;1;1
154.272;0.0;0.0;0.0;31.99145299145299;31.99145299145299;32.0;32.0;1;1
154.373;0.0;0.0;0.0;31.99145299145299;31.99145299145299;32.0;32.0;1;1
154.476;0.0;0.0;0.0;31.99145299145299;31.99145299145299;32.0;32.0;1;1
154.577;0.0;0.0;0.0;31.99145299145299;31.99145299145299;32.0;32.0;1;1
154.679;0.0;0.0;0.0;31.99145299145299;31.99145299145299;32.0;32.0;1;1
154.78;0.0;0.0;0.0;31.99145299145299;31.99145299145299;32.0;32.0;1;1
154.881;0.0;0.0;0.0;31.99145299145299;31.99145299145299;32.0;32.0;1;1
154.982;0.0;0.0;0.0;31.99145299145299;31.94017094017094;32.0;32.0;1;1
155.089;0.0;0.0;0.0;31.99145299145299;31.94017094017094;32.0;32.0;1;1
155.191;0.0;0.0;0.0;31.99145299145299;31.94017094017094;32.0;32.0;1;1
155.293;0.0;0.0;0.0;31.99145299145299;31.94017094017094;32.0;32.0;1;1
155.395;0.0;0.0;0.0;31.99145299145299;31.94017094017094;32.0;32.0;1;1
155.501;0.0;0.0;0.0;31.99145299145299;31.94017094017094;32.0;32.0;1;1
155.602;0.0;0.0;0.0;31.99145299145299;31.94017094017094;32.0;32.0;1;1
155.705;0.0;0.0;0.0;31.99145299145299;31.94017094017094;32.0;32.0;1;1
155.825;0.0;0.0;0.0;31.99145299145299;31.94017094017094;32.0;32.0;1;1
155.942;0.0;0.0;0.0;31.99145299145299;31.94017094017094;32.0;32.0;1;1
156.048;0.0;0.0;0.0;31.99145299145299;31.99145299145299;32.0;32.0;1;1
156.16;0.0;0.0;0.0;31.99145299145299;31.99145299145299;32.0;32.0;1;1
156.275;0.0;0.0;0.0;31.99145299145299;31.99145299145299;32.0;32.0;1;1
156.381;0.0;0.0;0.0;31.99145299145299;31.99145299145299;32.0;32.0;1;1
156.49;0.0;0.0;0.0;31.99145299145299;31.99145299145299;32.0;32.0;1;1
156.603;0.0;0.0;0.0;31.99145299145299;31.99145299145299;32.0;32.0;1;1
156.703;0.0;0.0;0.0;31.99145299145299;31.99145299145299;32.0;32.0;1;1
156.807;0.0;0.0;0.0;31.99145299145299;31.99145299145299;32.0;32.0;1;1
156.938;0.0;0.0;0.0;31.99145299145299;31.99145299145299;32.0;32.0;1;1
157.042;0.0;0.0;0.0;31.99145299145299;31.99145299145299;32.0;32.0;1;1
157.15;0.0;0.0;0.0;31.99145299145299;31.99145299145299;32.0;32.0;1;1
157.263;0.0;0.0;0.0;31.99145299145299;31.99145299145299;32.0;32.0;1;1
157.369;0.0;0.0;0.0;31.99145299145299;31.99145299145299;32.0;32.0;1;1
157.482;0.0;0.0;0.0;31.99145299145299;31.99145299145299;32.0;32.0;1;1
157.585;0.0;0.0;0.0;31.99145299145299;31.99145299145299;32.0;32.0;1;1
157.687;0.0;0.0;0.0;31.99145299145299;31.99145299145299;32.0;32.0;1;1
157.79;0.0;0.0;0.0;31.99145299145299;31.99145299145299;32.0;32.0;1;1
157.909;0.0;0.0;0.0;31.99145299145299;31.99145299145299;32.0;32.0;1;1
158.024;0.0;0.0;0.0;31.99145299145299;31.99145299145299;32.0;32.0;1;1
158.136;0.0;0.0;0.0;31.99145299145299;31.99145299145299;32.0;32.0;1;1
158.239;0.0;0.0;0.0;31.99145299145299;31.99145299145299;32.0;32.0;1;1
158.355;0.0;0.0;0.0;31.99145299145299;31.99145299145299;32.0;32.0;1;1
158.456;0.0;0.0;0.0;31.99145299145299;31.99145299145299;32.0;32.0;1;1
158.573;0.0;0.0;0.0;31.99145299145299;31.99145299145299;32.0;32.0;1;1
158.674;0.0;0.0;0.0;31.99145299145299;31.99145299145299;32.0;32.0;1;1
158.776;0.0;0.0;0.0;31.99145299145299;31.99145299145299;32.0;32.0;1;1
158.891;0.0;0.0;0.0;31.99145299145299;31.99145299145299;32.0;32.0;1;1
159.012;0.0;0.0;0.0;31.99145299145299;31.99145299145299;32.0;32.0;1;1
159.112;0.0;0.0;0.0;31.99145299145299;31.94017094017094;32.0;32.0;1;1
159.216;0.0;0.0;0.0;31.99145299145299;31.94017094017094;32.0;32.0;1;1
159.326;0.0;0.0;0.0;31.99145299145299;31.94017094017094;32.0;32.0;1;1
159.438;0.0;0.0;0.0;31.99145299145299;31.94017094017094;32.0;32.0;1;1
159.538;0.0;0.0;0.0;31.99145299145299;31.94017094017094;32.0;32.0;1;1
159.642;0.0;0.0;0.0;31.99145299145299;31.94017094017094;32.0;32.0;1;1
159.742;0.0;0.0;0.0;31.99145299145299;31.94017094017094;32.0;32.0;1;1
159.866;0.0;0.0;0.0;31.99145299145299;31.94017094017094;32.0;32.0;1;1
159.966;0.0;0.0;0.0;31.99145299145299;31.94017094017094;32.0;32.0;1;1
160.069;0.0;0.0;0.0;31.99145299145299;31.99145299145299;32.0;32.0;1;1
160.18;0.0;0.0;0.0;31.99145299145299;31.99145299145299;32.0;32.0;1;1
160.294;0.0;0.0;0.0;31.99145299145299;31.99145299145299;32.0;32.0;1;1
160.397;0.0;0.0;0.0;31.99145299145299;31.99145299145299;32.0;32.0;1;1
