PC_Time,Arduino_Time,Pos_H_Steps,Pos_V_Steps,Pos_R_Steps,Status_Bits
1764861289.047779,50,0,0,0,0
1764861289.0981162,100,0,0,0,0
1764861289.14847,150,0,0,0,0
1764861289.19869,200,0,0,0,0
1764861289.249092,250,0,0,0,0
1764861289.298304,300,0,0,0,0
1764861289.3486679,350,0,0,0,0
1764861289.398915,400,0,0,0,0
1764861289.449186,450,0,0,0,0
1764861289.49952,500,0,0,0,0
1764861289.549908,550,0,0,0,0
1764861289.599123,600,0,0,0,0
1764861289.649494,650,0,0,0,0
1764861289.69973,700,0,0,0,0
1764861289.750127,750,0,0,0,0
1764861289.800322,800,0,0,0,0
1764861289.8507578,850,0,0,0,0
1764861289.900104,900,0,0,0,0
1764861289.9502132,950,0,0,0,0
1764861290.00064,1000,0,0,0,0
1764861290.051036,1050,0,0,0,0
1764861290.101228,1100,0,0,0,0
1764861290.151593,1150,0,0,0,0
1764861290.200893,1200,0,0,0,0
1764861290.251188,1250,0,0,0,0
1764861290.301555,1300,0,0,0,0
1764861290.351857,1350,0,0,0,0
1764861290.402179,1400,0,0,0,0
1764861290.452391,1451,0,0,0,0
1764861290.5026848,1501,0,0,0,0
1764861290.55302,1551,0,0,0,0
1764861290.603395,1601,0,0,0,0
1764861290.6538298,1651,0,0,0,0
1764861290.7038898,1701,0,0,0,0
1764861290.7533472,1751,0,0,0,0
1764861290.803591,1801,0,0,0,0
1764861290.85401,1851,0,0,0,0
1764861290.9041998,1901,0,0,0,0
1764861290.954566,1951,0,0,0,0
1764861291.004801,2001,0,0,0,0
1764861291.054167,2051,0,0,0,0
1764861291.104544,2101,0,0,0,0
1764861291.154777,2151,0,0,0,0
1764861291.205172,2201,0,0,0,0
1764861291.255336,2251,0,0,0,0
1764861291.305782,2301,0,0,0,0
1764861291.354868,2351,0,0,0,0
1764861291.405349,2401,0,0,0,0
1764861291.455471,2451,0,0,0,0
1764861291.505846,2501,0,0,0,0
1764861291.5562098,2551,0,0,0,0
1764861291.606551,2601,0,0,0,0
1764861291.6558862,2651,0,0,0,0
1764861291.7061062,2701,0,0,0,0
1764861291.7564921,2751,0,0,0,0
1764861291.806703,2801,0,0,0,0
1764861291.8570828,2851,0,0,0,0
1764861291.9074728,2902,0,0,0,0
1764861291.957682,2952,0,0,0,0
1764861292.00809,3002,0,0,0,0
1764861292.058284,3052,0,0,0,0
1764861292.108685,3102,0,0,0,0
1764861292.158885,3152,0,0,0,0
1764861292.208265,3202,0,0,0,0
1764861292.2586062,3252,0,0,0,0
1764861292.308865,3302,0,0,0,0
1764861292.359241,3352,0,0,0,0
1764861292.409472,3402,0,0,0,0
1764861292.45985,3452,0,0,0,0
1764861292.509203,3502,0,0,0,0
1764861292.559419,3552,0,0,0,0
1764861292.609826,3602,0,0,0,0
1764861292.659986,3652,0,0,0,0
1764861292.7103648,3702,0,0,0,0
1764861292.760737,3752,0,0,0,0
1764861292.809916,3802,0,0,0,0
1764861292.8602219,3852,0,0,0,0
1764861292.910526,3902,0,0,0,0
1764861292.960883,3952,0,0,0,0
1764861293.0112598,4002,0,0,0,0
1764861293.061476,4052,0,0,0,0
1764861293.110827,4102,0,0,0,0
1764861293.161171,4152,0,0,0,0
1764861293.211394,4202,0,0,0,0
1764861293.2617972,4252,0,0,0,0
1764861293.312153,4302,0,0,0,0
1764861293.361365,4352,0,0,0,0
1764861293.411725,4402,0,0,0,0
1764861293.461931,4452,0,0,0,0
1764861293.512303,4502,0,0,0,0
1764861293.5627148,4552,0,0,0,0
1764861293.612902,4602,0,0,0,0
1764861293.66224,4652,0,0,0,0
1764861293.7124748,4702,0,0,0,0
1764861293.762843,4752,0,0,0,0
1764861293.81323,4802,0,0,0,0
1764861293.863437,4852,0,0,0,0
1764861293.913824,4902,0,0,0,0
1764861293.9630039,4952,0,0,0,0
1764861294.013372,5002,0,0,0,0
1764861294.0635982,5052,0,0,0,0
1764861294.114016,5102,0,0,0,0
1764861294.164372,5152,0,0,0,0
1764861294.214585,5202,0,0,0,0
1764861294.263944,5252,0,0,0,0
1764861294.3141649,5302,0,0,0,0
1764861294.364536,5352,0,0,0,0
1764861294.414922,5402,0,0,0,0
1764861294.465158,5452,0,0,0,0
1764861294.51556,5502,0,0,0,0
1764861294.564735,5552,0,0,0,0
1764861294.615102,5602,0,0,0,0
1764861294.665462,5652,0,0,0,0
1764861294.7156858,5702,0,0,0,0
1764861294.7660549,5752,0,0,0,0
1764861294.81645,5803,0,0,0,0
1764861294.8666592,5853,0,0,0,0
1764861294.9170492,5903,0,0,0,0
1764861294.967159,5953,0,0,0,0
1764861295.017643,6003,0,0,0,0
1764861295.068008,6053,0,0,0,0
1764861295.1171908,6103,0,0,0,0
1764861295.167548,6153,0,0,0,0
1764861295.217794,6203,0,0,0,0
1764861295.2681541,6253,0,0,0,0
1764861295.318348,6303,0,0,0,0
1764861295.368762,6353,0,0,0,0
1764861295.4180832,6403,0,0,0,0
1764861295.468287,6453,0,0,0,0
1764861295.518667,6503,0,0,0,0
1764861295.569052,6553,0,0,0,0
1764861295.6192791,6603,0,0,0,0
1764861295.669605,6653,0,0,0,0
1764861295.718988,6703,0,0,0,0
1764861295.7691991,6753,0,0,0,0
1764861295.819604,6803,0,0,0,0
1764861295.869795,6853,0,0,0,0
1764861295.920186,6903,0,0,0,0
1764861295.9705448,6953,0,0,0,0
1764861296.019746,7003,0,0,0,0
1764861296.0701098,7053,0,0,0,0
1764861296.120306,7103,0,0,0,0
1764861296.1706839,7153,0,0,0,0
1764861296.221041,7203,0,0,0,0
1764861296.2712939,7254,0,0,0,0
1764861296.321663,7304,0,0,0,0
1764861296.371882,7354,0,0,0,0
1764861296.422266,7404,0,0,0,0
1764861296.472469,7454,0,0,0,0
1764861296.52289,7504,0,0,0,0
1764861296.5722392,7554,0,0,0,0
1764861296.6224399,7604,0,0,0,0
1764861296.6727989,7654,0,0,0,0
1764861296.723032,7704,0,0,0,0
1764861296.77343,7754,0,0,0,0
1764861296.823797,7804,0,0,0,0
1764861296.872988,7854,0,0,0,0
1764861296.923382,7904,0,0,0,0
1764861296.973592,7954,0,0,0,0
1764861297.023988,8004,0,0,0,0
1764861297.074367,8054,0,0,0,0
1764861297.124573,8104,0,0,0,0
1764861297.173768,8154,0,0,0,0
1764861297.224154,8204,0,0,0,0
1764861297.274535,8254,0,0,0,0
1764861297.324757,8304,0,0,0,0
1764861297.375131,8354,0,0,0,0
1764861297.425334,8404,0,0,0,0
1764861297.474745,8454,0,0,0,0
1764861297.525116,8504,0,0,0,0
1764861297.575316,8554,0,0,0,0
1764861297.625762,8604,0,0,0,0
1764861297.675901,8654,0,0,0,0
1764861297.725267,8704,0,0,0,0
1764861297.7756438,8754,0,0,0,0
1764861297.825851,8804,0,0,0,0
1764861297.876218,8854,0,0,0,0
1764861297.926574,8904,0,0,0,0
1764861297.976778,8954,0,0,0,0
1764861298.026121,9004,0,0,0,0
1764861298.076473,9054,0,0,0,0
1764861298.1267579,9104,0,0,0,0
1764861298.177075,9154,0,0,0,0
1764861298.227299,9204,0,0,0,0
1764861298.277635,9254,0,0,0,0
1764861298.3270211,9304,0,0,0,0
1764861298.377204,9354,0,0,0,0
1764861298.427606,9404,0,0,0,0
1764861298.477967,9454,0,0,0,0
1764861298.528183,9504,0,0,0,0
1764861298.578534,9554,0,0,0,0
1764861298.627785,9604,0,0,0,0
1764861298.678682,9654,0,0,0,0
1764861298.728477,9704,0,0,0,0
1764861298.778825,9754,0,0,0,0
1764861298.829199,9804,0,0,0,0
1764861298.879261,9854,0,0,0,0
1764861298.9287271,9904,0,0,0,0
1764861298.97889,9954,0,0,0,0
1764861299.0292459,10004,0,0,0,0
1764861299.079621,10054,0,0,0,0
1764861299.129987,10104,0,0,0,0
1764861299.180201,10155,0,0,0,0
1764861299.230554,10205,0,0,0,0
1764861299.2807648,10255,0,0,0,0
1764861299.33115,10305,0,0,0,0
1764861299.381508,10355,0,0,0,0
1764861299.4317608,10405,0,0,0,0
1764861299.481091,10455,0,0,0,0
1764861299.531466,10505,0,0,0,0
1764861299.5817332,10555,0,0,0,0
1764861299.6321049,10605,0,0,0,0
1764861299.682293,10655,0,0,0,0
1764861299.73263,10705,0,0,0,0
1764861299.782015,10755,0,0,0,0
1764861299.832184,10805,0,0,0,0
1764861299.8825998,10855,0,0,0,0
1764861299.932984,10905,0,0,0,0
1764861299.983188,10955,0,0,0,0
1764861300.0335932,11005,0,0,0,0
1764861300.082651,11055,0,0,0,0
1764861300.133162,11105,0,0,0,0
1764861300.1833532,11155,0,0,0,0
1764861300.2337239,11205,0,0,0,0
1764861300.283991,11255,0,0,0,0
1764861300.334357,11305,0,0,0,0
1764861300.383552,11355,0,0,0,0
1764861300.4339871,11405,0,0,0,0
1764861300.484355,11455,0,0,0,0
1764861300.534563,11505,0,0,0,0
1764861300.584961,11555,0,0,0,0
1764861300.635164,11606,0,0,0,0
1764861300.6855512,11656,0,0,0,0
1764861300.735744,11706,0,0,0,0
1764861300.786148,11756,0,0,0,0
1764861300.8365262,11806,0,0,0,0
1764861300.886728,11856,0,0,0,0
1764861300.936079,11906,0,0,0,0
1764861300.9864872,11956,0,0,0,0
1764861301.036714,12006,0,0,0,0
1764861301.0869608,12056,0,0,0,0
1764861301.137277,12106,0,0,0,0
1764861301.187926,12156,0,0,0,0
1764861301.2368598,12206,0,0,0,0
1764861301.287265,12256,0,0,0,0
1764861301.3374138,12306,0,0,0,0
1764861301.387878,12356,0,0,0,0
1764861301.438124,12406,0,0,0,0
1764861301.488428,12456,0,0,0,0
1764861301.53758,12506,0,0,0,0
1764861301.588114,12556,0,0,0,0
1764861301.63834,12606,0,0,0,0
1764861301.688712,12656,0,0,0,0
1764861301.738965,12706,0,0,0,0
1764861301.7893429,12756,0,0,0,0
1764861301.838596,12806,0,0,0,0
1764861301.888952,12856,0,0,0,0
1764861301.939185,12906,0,0,0,0
1764861301.989584,12956,0,0,0,0
1764861302.039812,13006,0,0,0,0
1764861302.089142,13056,0,0,0,0
1764861302.1393769,13106,0,0,0,0
1764861302.189752,13156,0,0,0,0
1764861302.24013,13206,0,0,0,0
1764861302.290284,13256,0,0,0,0
1764861302.3407612,13306,0,0,0,0
1764861302.3899782,13356,0,0,0,0
1764861302.440408,13406,0,0,0,0
1764861302.490674,13456,0,0,0,0
1764861302.541017,13506,0,0,0,0
1764861302.5912461,13556,0,0,0,0
1764861302.6416929,13606,0,0,0,0
1764861302.690827,13656,0,0,0,0
1764861302.7412102,13706,0,0,0,0
1764861302.7914329,13756,0,0,0,0
1764861302.841824,13806,0,0,0,0
1764861302.892046,13856,0,0,0,0
1764861302.9424179,13906,0,0,0,0
1764861302.9916742,13956,0,0,0,0
1764861303.042038,14006,0,0,0,0
1764861303.0922282,14056,0,0,0,0
1764861303.1426728,14106,0,0,0,0
1764861303.1930392,14156,0,0,0,0
1764861303.243266,14206,0,0,0,0
1764861303.2926059,14256,0,0,0,0
1764861303.34287,14306,0,0,0,0
1764861303.393257,14356,0,0,0,0
1764861303.4434829,14406,0,0,0,0
1764861303.493866,14456,0,0,0,0
1764861303.544123,14507,0,0,0,0
1764861303.594506,14557,0,0,0,0
1764861303.644716,14607,0,0,0,0
1764861303.6951702,14657,0,0,0,0
1764861303.7453692,14707,0,0,0,0
1764861303.795787,14757,0,0,0,0
1764861303.844963,14807,0,0,0,0
1764861303.895382,14857,0,0,0,0
1764861303.945667,14907,0,0,0,0
1764861303.996007,14957,0,0,0,0
1764861304.0462022,15007,0,0,0,0
1764861304.096649,15057,0,0,0,0
1764861304.145799,15107,0,0,0,0
1764861304.1962209,15157,0,0,0,0
1764861304.246428,15207,0,0,0,0
1764861304.29682,15257,0,0,0,0
1764861304.3470452,15307,0,0,0,0
1764861304.397456,15357,0,0,0,0
1764861304.4466429,15407,0,0,0,0
1764861304.497068,15457,0,0,0,0
1764861304.547332,15507,0,0,0,0
1764861304.5977101,15557,0,0,0,0
1764861304.647902,15607,0,0,0,0
1764861304.698078,15657,0,0,0,0
1764861304.747433,15707,0,0,0,0
1764861304.797983,15757,0,0,0,0
1764861304.848172,15807,0,0,0,0
1764861304.898568,15857,0,0,0,0
1764861304.948801,15907,0,0,0,0
1764861304.9991932,15958,0,0,0,0
1764861305.0494,16008,0,0,0,0
1764861305.099788,16058,0,0,0,0
1764861305.150012,16108,0,0,0,0
1764861305.2004192,16158,0,0,0,0
1764861305.250619,16208,0,0,0,0
1764861305.29999,16258,0,0,0,0
1764861305.350214,16308,0,0,0,0
1764861305.400623,16358,0,0,0,0
1764861305.4508328,16408,0,0,0,0
1764861305.501208,16458,0,0,0,0
1764861305.5514581,16508,0,0,0,0
1764861305.600826,16558,0,0,0,0
1764861305.6510239,16608,0,0,0,0
1764861305.70144,16658,0,0,0,0
1764861305.751648,16708,0,0,0,0
1764861305.802054,16758,0,0,0,0
1764861305.852434,16808,0,0,0,0
1764861305.901644,16858,0,0,0,0
1764861305.952042,16908,0,0,0,0
1764861306.002236,16958,0,0,0,0
1764861306.05264,17008,0,0,0,0
1764861306.102863,17058,0,0,0,0
1764861306.153239,17108,0,0,0,0
1764861306.202633,17158,0,0,0,0
1764861306.252834,17208,0,0,0,0
1764861306.3032162,17258,0,0,0,0
1764861306.3534741,17308,0,0,0,0
1764861306.403896,17358,0,0,0,0
1764861306.453084,17408,0,0,0,0
1764861306.503266,17458,0,0,0,0
1764861306.553665,17508,0,0,0,0
1764861306.6039438,17558,0,0,0,0
1764861306.65425,17608,0,0,0,0
1764861306.704664,17658,0,0,0,0
1764861306.75383,17708,0,0,0,0
1764861306.804242,17758,0,0,0,0
1764861306.854362,17808,0,0,0,0
1764861306.90484,17858,0,0,0,0
1764861306.955232,17908,0,0,0,0
1764861307.005453,17958,0,0,0,0
1764861307.054817,18008,0,0,0,0
1764861307.1050408,18058,0,0,0,0
1764861307.155392,18108,0,0,0,0
1764861307.2057998,18158,0,0,0,0
1764861307.256008,18208,0,0,0,0
1764861307.306409,18258,0,0,0,0
1764861307.355613,18308,0,0,0,0
1764861307.4060018,18358,0,0,0,0
1764861307.4562051,18408,0,0,0,0
1764861307.506614,18458,0,0,0,0
1764861307.556788,18508,0,0,0,0
1764861307.607178,18558,0,0,0,0
1764861307.656519,18608,0,0,0,0
1764861307.706743,18658,0,0,0,0
1764861307.757086,18708,0,0,0,0
1764861307.807499,18758,0,0,0,0
1764861307.857693,18808,0,0,0,0
1764861307.9080682,18859,0,0,0,0
1764861307.9582999,18909,0,0,0,0
1764861308.008648,18959,0,0,0,0
1764861308.05903,19009,0,0,0,0
1764861308.1092238,19059,0,0,0,0
1764861308.159596,19109,0,0,0,0
1764861308.208825,19159,0,0,0,0
1764861308.2591848,19209,0,0,0,0
1764861308.309587,19259,0,0,0,0
1764861308.359802,19309,0,0,0,0
1764861308.4102132,19359,0,0,0,0
1764861308.46041,19409,0,0,0,0
1764861308.509771,19459,0,0,0,0
1764861308.560003,19509,0,0,0,0
1764861308.610398,19559,0,0,0,0
1764861308.660626,19609,0,0,0,0
1764861308.7109,19659,0,0,0,0
1764861308.7611,19709,0,0,0,0
1764861308.810505,19759,0,0,0,0
1764861308.860917,19809,0,0,0,0
1764861308.911204,19859,0,0,0,0
1764861308.961576,19909,0,0,0,0
1764861309.0118349,19959,0,0,0,0
1764861309.06218,20009,0,0,0,0
1764861309.1113899,20059,0,0,0,0
1764861309.161727,20109,0,0,0,0
1764861309.212182,20159,0,0,0,0
1764861309.262389,20209,0,0,0,0
1764861309.3127732,20259,0,0,0,0
1764861309.362918,20310,0,0,0,0
1764861309.413305,20360,0,0,0,0
1764861309.4636102,20410,0,0,0,0
1764861309.51398,20460,0,0,0,0
1764861309.564236,20510,0,0,0,0
1764861309.6145961,20560,0,0,0,0
1764861309.663798,20610,0,0,0,0
1764861309.7141728,20660,0,0,0,0
1764861309.764391,20710,0,0,0,0
1764861309.8147771,20760,0,0,0,0
1764861309.8650959,20810,0,0,0,0
1764861309.915405,20860,0,0,0,0
1764861309.964705,20910,0,0,0,0
1764861310.014984,20960,0,0,0,0
1764861310.065393,21010,0,0,0,0
1764861310.115603,21060,0,0,0,0
1764861310.1660001,21110,0,0,0,0
1764861310.216204,21160,0,0,0,0
1764861310.2655518,21210,0,0,0,0
1764861310.3159401,21260,0,0,0,0
1764861310.3661041,21310,0,0,0,0
1764861310.4165828,21360,0,0,0,0
1764861310.466791,21410,0,0,0,0
1764861310.517111,21460,0,0,0,0
1764861310.566488,21510,0,0,0,0
1764861310.616689,21560,0,0,0,0
1764861310.6670852,21610,0,0,0,0
1764861310.7173,21660,0,0,0,0
1764861310.767691,21710,0,0,0,0
1764861310.8167932,21760,0,0,0,0
1764861310.8672829,21810,0,0,0,0
1764861310.917645,21860,0,0,0,0
1764861310.967863,21910,0,0,0,0
1764861311.018274,21960,0,0,0,0
1764861311.0684521,22010,0,0,0,0
1764861311.117815,22060,0,0,0,0
1764861311.168192,22110,0,0,0,0
1764861311.218414,22160,0,0,0,0
1764861311.268801,22210,0,0,0,0
1764861311.31899,22260,0,0,0,0
1764861311.369409,22310,0,0,0,0
1764861311.418601,22360,0,0,0,0
1764861311.468975,22410,0,0,0,0
1764861311.519199,22460,0,0,0,0
1764861311.569587,22510,0,0,0,0
1764861311.619978,22560,0,0,0,0
1764861311.670091,22610,0,0,0,0
1764861311.7195652,22660,0,0,0,0
1764861311.769783,22710,0,0,0,0
1764861311.820112,22760,0,0,0,0
1764861311.870373,22810,0,0,0,0
1764861311.9207659,22860,0,0,0,0
1764861311.9711518,22910,0,0,0,0
1764861312.02033,22960,0,0,0,0
1764861312.070596,23010,0,0,0,0
1764861312.1209128,23060,0,0,0,0
1764861312.171309,23110,0,0,0,0
1764861312.221693,23160,0,0,0,0
1764861312.27189,23211,0,0,0,0
1764861312.322279,23261,0,0,0,0
1764861312.3725471,23311,0,0,0,0
1764861312.422871,23361,0,0,0,0
1764861312.473273,23411,0,0,0,0
1764861312.5234828,23461,0,0,0,0
1764861312.572835,23511,0,0,0,0
1764861312.6230369,23561,0,0,0,0
1764861312.673428,23611,0,0,0,0
1764861312.7236302,23661,0,0,0,0
1764861312.774047,23711,0,0,0,0
1764861312.8242319,23761,0,0,0,0
1764861312.8734982,23811,191,0,0,1
1764861312.923981,23861,545,0,0,1
1764861312.974303,23911,899,0,0,1
1764861313.0246642,23961,1253,0,0,1
1764861313.07493,24011,1606,0,0,1
1764861313.125129,24061,1960,0,0,1
1764861313.1745322,24111,2307,0,0,1
1764861313.2247171,24161,2660,0,0,1
1764861313.275073,24211,3014,0,0,1
1764861313.3255181,24261,3368,0,0,1
1764861313.375824,24311,3722,0,0,1
1764861313.427637,24361,4076,0,0,1
1764861313.4754078,24411,4422,0,0,1
1764861313.525627,24461,4776,0,0,1
1764861313.5760279,24511,5130,0,0,1
1764861313.626399,24561,5484,0,0,1
1764861313.676588,24611,5838,0,0,1
1764861313.726966,24662,6191,0,0,1
1764861313.7772002,24712,6545,0,0,1
1764861313.827561,24762,6899,0,0,1
1764861313.877971,24812,7253,0,0,1
1764861313.928179,24862,7607,0,0,1
1764861313.97854,24912,7961,0,0,1
1764861314.027741,24962,8307,0,0,1
1764861314.078128,25012,8661,0,0,1
1764861314.128374,25062,9015,0,0,1
1764861314.178732,25112,9369,0,0,1
1764861314.228999,25162,9723,0,0,1
1764861314.279386,25212,10077,0,0,1
1764861314.328587,25262,10423,0,0,1
1764861314.3790138,25312,10777,0,0,1
1764861314.429216,25362,11131,0,0,1
1764861314.479611,25412,11485,0,0,1
1764861314.530024,25462,11839,0,0,1
1764861314.580245,25512,12193,0,0,1
1764861314.6294248,25562,12539,0,0,1
1764861314.679818,25612,12893,0,0,1
1764861314.730054,25662,13247,0,0,1
1764861314.7804391,25712,13601,0,0,1
1764861314.830809,25762,13955,0,0,1
1764861314.881027,25812,14309,0,0,1
1764861314.9302568,25862,14655,0,0,1
1764861314.980635,25912,15009,0,0,1
1764861315.0310242,25962,15363,0,0,1
1764861315.081253,26012,15717,0,0,1
1764861315.131534,26062,16071,0,0,1
1764861315.180832,26112,16417,0,0,1
1764861315.23123,26162,16771,0,0,1
1764861315.281601,26212,17125,0,0,1
1764861315.331795,26262,17479,0,0,1
1764861315.382232,26312,17833,0,0,1
1764861315.432398,26362,18186,0,0,1
1764861315.481807,26412,18533,0,0,1
1764861315.5320199,26462,18887,0,0,1
1764861315.582248,26512,19240,0,0,1
1764861315.6326542,26562,19594,0,0,1
1764861315.683017,26612,19948,0,0,1
1764861315.733251,26662,20302,0,0,1
1764861315.7826078,26712,20648,0,0,1
1764861315.8328059,26762,21002,0,0,1
1764861315.883224,26812,21356,0,0,1
1764861315.933609,26862,21710,0,0,1
1764861315.983818,26912,22064,0,0,1
1764861316.034219,26962,22418,0,0,1
1764861316.083401,27012,22764,0,0,1
1764861316.133792,27062,23118,0,0,1
1764861316.184012,27112,23472,0,0,1
1764861316.2344189,27162,23826,0,0,1
1764861316.284794,27212,24180,0,0,1
1764861316.334993,27262,24534,0,0,1
1764861316.384355,27312,24879,0,0,1
1764861316.43462,27362,-43,0,0,1
1764861316.4848251,27412,-121,0,0,1
1764861316.535222,27462,-199,0,0,1
1764861316.585601,27512,-277,0,0,1
1764861316.63577,27563,-355,0,0,1
1764861316.686226,27613,-433,0,0,1
1764861316.736484,27663,-511,0,0,1
1764861316.7868211,27713,-589,0,0,1
1764861316.836931,27763,-666,0,0,1
1764861318.39304,29315,0,0,0,1
1764861318.443059,29365,78,0,0,1
1764861318.4932659,29415,156,0,0,1
1764861318.543642,29465,235,0,0,1
1764861318.594013,29515,313,0,0,1
1764861318.644245,29565,391,0,0,1
1764861318.693588,29615,468,0,0,1
1764861318.7439601,29665,547,0,0,1
1764861318.794154,29715,625,0,0,1
1764861318.8445299,29765,704,0,0,1
1764861318.894737,29815,782,0,0,1
1764861318.945156,29865,861,0,0,1
1764861318.99452,29915,937,0,0,1
1764861319.044727,29965,1016,0,0,1
1764861319.095084,30015,1094,0,0,1
1764861319.1453109,30065,1173,0,0,1
1764861319.195701,30115,1251,0,0,1
1764861319.245913,30166,1330,0,0,1
1764861319.296314,30216,1408,0,0,1
1764861319.346671,30266,1487,0,0,1
1764861319.396896,30316,1565,0,0,1
1764861319.447275,30366,1644,0,0,1
1764861319.49748,30416,1722,0,0,1
1764861319.546845,30466,1799,0,0,1
1764861319.5970712,30516,1878,0,0,1
1764861319.647433,30566,1956,0,0,1
1764861319.6978261,30616,2035,0,0,1
1764861319.7480488,30666,2113,0,0,1
1764861319.798439,30716,2192,0,0,1
1764861319.847786,30766,2269,0,0,1
1764861319.8979928,30816,2347,0,0,1
1764861319.948446,30866,2426,0,0,1
1764861319.998621,30916,2504,0,0,1
1764861320.049,30966,2582,0,0,1
1764861320.099172,31016,2661,0,0,1
1764861320.1485708,31066,2738,0,0,1
1764861320.198785,31116,2816,0,0,1
1764861320.249145,31166,2893,0,0,1
1764861320.299645,31216,-13,0,0,1
1764861320.349822,31266,-91,0,0,1
1764861320.4001431,31316,-169,0,0,1
1764861320.449321,31366,-246,0,0,1
1764861320.499732,31416,-324,0,0,1
1764861320.5499651,31466,-402,0,0,1
1764861320.6003242,31516,-480,0,0,1
1764861322.192201,33103,0,0,0,1
1764861322.2412212,33153,76,0,0,1
1764861322.291423,33203,155,0,0,1
1764861322.3416839,33253,233,0,0,1
1764861322.39218,33303,312,0,0,1
1764861322.4424372,33353,390,0,0,1
1764861322.4927628,33403,469,0,0,1
1764861322.5420868,33453,546,0,0,1
1764861322.592271,33503,624,0,0,1
1764861322.642642,33553,702,0,0,1
1764861322.692868,33603,781,0,0,1
1764861322.7432792,33653,859,0,0,1
1764861322.793649,33703,938,0,0,1
1764861322.842996,33753,1015,0,0,1
1764861322.8931782,33803,1093,0,0,1
1764861322.943399,33853,1171,0,0,1
1764861322.993768,33903,1250,0,0,1
1764861323.044155,33953,1328,0,0,1
1764861323.094552,34003,1407,0,0,1
1764861323.143688,34053,1484,0,0,1
1764861323.1940742,34103,1562,0,0,1
1764861323.244481,34153,1641,0,0,1
1764861323.2946858,34203,1719,0,0,1
1764861323.3450618,34253,1798,0,0,1
1764861323.3952692,34304,1876,0,0,1
1764861323.4456499,34354,1955,0,0,1
1764861323.49588,34404,2033,0,0,1
1764861323.54624,34454,2112,0,0,1
1764861323.596506,34504,2190,0,0,1
1764861323.646821,34554,2269,0,0,1
1764861323.696171,34604,2346,0,0,1
1764861323.7465222,34654,2424,0,0,1
1764861323.796743,34704,2503,0,0,1
1764861323.8471549,34754,2581,0,0,1
1764861323.89737,34804,2660,0,0,1
1764861323.947718,34854,2738,0,0,1
1764861323.996923,34904,2815,0,0,1
1764861324.047273,34954,2892,0,0,1
1764861324.0976682,35004,32747,0,0,1
1764861324.148056,35054,32558,0,0,1
1764861324.198287,35104,32353,0,0,1
1764861324.248624,35154,32145,0,0,1
1764861324.298027,35204,31941,0,0,1
1764861324.3483891,35254,31733,0,0,1
1764861324.3985732,35304,31526,0,0,1
1764861324.448977,35354,31318,0,0,1
1764861324.499149,35404,31111,0,0,1
1764861324.549518,35454,30903,0,0,1
1764861324.598882,35504,30700,0,0,1
1764861324.6490922,35554,30493,0,0,1
1764861324.699498,35604,30286,0,0,1
1764861324.749839,35654,30079,0,0,1
1764861324.800226,35704,29872,0,0,1
1764861324.850451,35755,29665,0,0,1
1764861324.90062,35805,29459,0,0,1
1764861324.951006,35855,29251,0,0,1
1764861325.001394,35905,29044,0,0,1
1764861325.051602,35955,28837,0,0,1
1764861325.101973,36005,28630,0,0,1
1764861325.151361,36055,28428,0,0,1
1764861325.202063,36105,28222,0,0,1
1764861325.251734,36155,28016,0,0,1
1764861325.302298,36205,27809,0,0,1
1764861325.352471,36255,27603,0,0,1
1764861325.402853,36305,27396,0,0,1
1764861325.452202,36355,27194,0,0,1
1764861325.502385,36405,26988,0,0,1
1764861325.552608,36455,26782,0,0,1
1764861325.602962,36505,26575,0,0,1
1764861325.653167,36555,26369,0,0,1
1764861325.7037199,36605,26162,0,0,1
1764861325.752886,36655,25960,0,0,1
1764861325.8032482,36705,25753,0,0,1
1764861325.85345,36755,25547,0,0,1
1764861325.903994,36805,25340,0,0,1
1764861325.9540238,36855,25134,0,0,1
1764861326.0044029,36905,24927,0,0,1
1764861326.0535512,36955,24725,0,0,1
1764861326.103938,37005,24519,0,0,1
1764861326.154476,37055,24313,0,0,1
1764861326.204857,37105,24107,0,0,1
1764861326.2552042,37155,23901,0,0,1
1764861326.305231,37206,23696,0,0,1
1764861326.355638,37256,23490,0,0,1
1764861326.405972,37306,23284,0,0,1
1764861326.456382,37356,23078,0,0,1
1764861326.506724,37406,22872,0,0,1
1764861326.5569768,37456,22666,0,0,1
1764861326.606133,37506,22465,0,0,1
1764861326.656516,37556,22259,0,0,1
1764861326.706718,37606,22053,0,0,1
1764861326.757096,37656,21847,0,0,1
1764861326.807465,37706,21641,0,0,1
1764861326.857854,37756,21435,0,0,1
1764861326.9070048,37806,21234,0,0,1
1764861326.957389,37856,21028,0,0,1
1764861327.007593,37906,20822,0,0,1
1764861327.057956,37956,20616,0,0,1
1764861327.1083379,38006,20410,0,0,1
1764861327.158731,38056,20204,0,0,1
1764861327.2078831,38106,20002,0,0,1
1764861327.258326,38156,19796,0,0,1
1764861327.3084888,38206,19591,0,0,1
1764861327.3586838,38256,19385,0,0,1
1764861327.4090729,38306,19179,0,0,1
1764861327.459326,38356,18973,0,0,1
1764861327.5086532,38406,18771,0,0,1
1764861327.559018,38456,18565,0,0,1
1764861327.609366,38506,18359,0,0,1
1764861327.659596,38556,18153,0,0,1
1764861327.709988,38606,17947,0,0,1
1764861327.7591722,38656,17745,0,0,1
1764861327.809561,38706,17539,0,0,1
1764861327.8601139,38756,17332,0,0,1
1764861327.910306,38806,17126,0,0,1
1764861327.960515,38856,16920,0,0,1
1764861328.0108852,38906,16714,0,0,1
1764861328.0600908,38956,16513,0,0,1
1764861328.110475,39006,16306,0,0,1
1764861328.160845,39056,16098,0,0,1
1764861328.211221,39106,15890,0,0,1
1764861328.261438,39156,15682,0,0,1
1764861328.31181,39206,15474,0,0,1
1764861328.360992,39256,15271,0,0,1
1764861328.4112089,39306,15063,0,0,1
1764861328.461618,39356,14855,0,0,1
1764861328.51182,39406,14647,0,0,1
1764861328.562207,39456,14439,0,0,1
1764861328.612579,39506,14231,0,0,1
1764861328.661927,39556,14027,0,0,1
1764861328.7121449,39606,13819,0,0,1
1764861328.762481,39656,13611,0,0,1
1764861328.812726,39706,13403,0,0,1
1764861328.863103,39756,13195,0,0,1
1764861328.913298,39806,12987,0,0,1
1764861328.9626482,39856,12783,0,0,1
1764861329.013035,39906,12575,0,0,1
1764861329.063205,39956,12367,0,0,1
1764861329.113633,40006,12159,0,0,1
1764861329.163991,40056,11950,0,0,1
1764861329.214367,40107,11742,0,0,1
1764861329.264522,40157,11534,0,0,1
1764861329.314816,40207,11326,0,0,1
1764861329.365217,40257,11118,0,0,1
1764861329.415565,40307,10910,0,0,1
1764861329.465781,40357,10702,0,0,1
1764861329.515145,40407,10498,0,0,1
1764861329.565532,40457,10290,0,0,1
1764861329.615869,40507,10082,0,0,1
1764861329.666086,40557,9874,0,0,1
1764861329.7164521,40607,9666,0,0,1
1764861329.766651,40657,9458,0,0,1
1764861329.816009,40707,9254,0,0,1
1764861329.8663769,40757,9046,0,0,1
1764861329.916491,40807,8838,0,0,1
1764861329.9669602,40857,8630,0,0,1
1764861330.017132,40907,8422,0,0,1
1764861330.067668,40957,8213,0,0,1
1764861330.117952,41007,8010,0,0,1
1764861330.1673028,41057,7801,0,0,1
1764861330.217424,41107,7593,0,0,1
1764861330.267554,41157,7385,0,0,1
1764861330.318194,41207,7176,0,0,1
1764861330.36856,41257,6968,0,0,1
1764861330.4175732,41307,6765,0,0,1
1764861330.467926,41357,6557,0,0,1
1764861330.518093,41407,6349,0,0,1
1764861330.568681,41457,6140,0,0,1
1764861330.619057,41507,5932,0,0,1
1764861330.6692932,41558,5724,0,0,1
1764861330.7196171,41608,5516,0,0,1
1764861330.769815,41658,5308,0,0,1
1764861330.820351,41708,5099,0,0,1
1764861330.870544,41758,4891,0,0,1
1764861330.920732,41808,4683,0,0,1
1764861330.970071,41858,4479,0,0,1
1764861331.021191,41908,4271,0,0,1
1764861331.0708349,41958,4062,0,0,1
1764861331.121212,42008,3854,0,0,1
1764861331.171411,42058,3646,0,0,1
1764861331.221601,42108,3438,0,0,1
1764861331.2709749,42158,3234,0,0,1
1764861331.3211892,42208,3026,0,0,1
1764861331.3716962,42258,2817,0,0,1
1764861331.4218712,42308,2609,0,0,1
1764861331.4720562,42358,2401,0,0,1
1764861331.5226119,42408,2192,0,0,1
1764861331.571789,42458,1988,0,0,1
1764861331.621977,42508,1780,0,0,1
1764861331.672529,42558,1571,0,0,1
1764861331.722715,42608,1363,0,0,1
1764861331.773082,42658,1154,0,0,1
1764861331.823307,42708,946,0,0,1
1764861331.87266,42758,741,0,0,1
1764861331.92288,42808,531,0,0,1
1764861331.973259,42858,325,0,0,1
1764861332.023587,42908,118,0,0,1
1764861332.073817,42958,5,0,0,1
1764861332.123148,43008,0,0,0,0
1764861332.173525,43058,0,0,0,0
1764861332.223705,43108,0,0,0,0
1764861332.274061,43158,0,0,0,0
1764861332.3242161,43208,0,0,0,0
1764861332.374571,43258,0,0,0,0
1764861332.4239638,43308,0,0,0,0
1764861332.474278,43358,0,0,0,0
1764861332.52463,43408,0,0,0,0
1764861332.575016,43458,0,0,0,0
1764861332.625181,43508,0,0,0,0
1764861332.675555,43558,0,0,0,0
1764861332.724899,43608,0,0,0,0
1764861332.7750819,43658,0,0,0,0
1764861332.825433,43708,0,0,0,0
1764861332.875732,43758,0,0,0,0
1764861332.9260302,43808,0,0,0,0
1764861332.976393,43858,0,0,0,0
1764861333.025632,43908,0,0,0,0
1764861333.075946,43958,0,0,0,0
1764861333.126237,44008,0,0,0,0
1764861333.176652,44058,0,0,0,0
1764861333.226888,44108,0,0,0,0
1764861333.277248,44158,0,0,0,0
1764861333.3265731,44208,0,0,0,0
1764861333.3767722,44258,0,0,0,0
1764861333.42719,44308,0,0,0,0
1764861333.4775481,44358,0,0,0,0
1764861333.527756,44408,0,0,0,0
1764861333.578125,44459,0,176,0,1
1764861333.628475,44509,0,535,0,1
1764861333.678704,44559,0,893,0,1
1764861333.7290628,44609,0,1252,0,1
1764861333.779454,44659,0,1611,0,1
1764861333.829631,44709,0,1970,0,1
1764861333.8789918,44759,0,2321,0,1
1764861333.92925,44809,0,2680,0,1
1764861333.979579,44859,0,3039,0,1
1764861334.029883,44909,0,3398,0,1
1764861334.080172,44959,0,3756,0,1
1764861334.13053,45009,0,4115,0,1
1764861334.179727,45059,0,4466,0,1
1764861334.230073,45109,0,4825,0,1
1764861334.280465,45159,0,5184,0,1
1764861334.330818,45209,0,5543,0,1
1764861334.380996,45259,0,5901,0,1
1764861334.4313972,45309,0,6260,0,1
1764861334.480553,45359,0,6611,0,1
1764861334.530951,45409,0,6970,0,1
1764861334.581291,45459,0,7329,0,1
1764861334.6316679,45509,0,7688,0,1
1764861334.681876,45559,0,8046,0,1
1764861334.732291,45609,0,8405,0,1
1764861334.7814121,45659,0,8756,0,1
1764861334.831838,45709,0,9115,0,1
1764861334.882219,45759,0,9474,0,1
1764861334.93244,45809,0,9833,0,1
1764861334.982632,45859,0,10191,0,1
1764861335.0330172,45910,0,10550,0,1
1764861335.08357,45960,0,10909,0,1
1764861335.133845,46010,0,11268,0,1
1764861335.184025,46060,0,11626,0,1
1764861335.234394,46110,0,11985,0,1
1764861335.284731,46160,0,12344,0,1
1764861335.333932,46210,0,12695,0,1
1764861335.384161,46260,0,13054,0,1
1764861335.434664,46310,0,13413,0,1
1764861335.484991,46360,0,13772,0,1
1764861335.5352268,46410,0,14130,0,1
1764861335.585546,46460,0,14489,0,1
1764861335.634651,46510,0,14840,0,1
1764861335.685077,46560,0,15199,0,1
1764861335.7354019,46610,0,15558,0,1
1764861335.7857962,46660,0,15917,0,1
1764861335.83598,46710,0,16275,0,1
1764861335.8863518,46760,0,16634,0,1
1764861335.935681,46810,0,16985,0,1
1764861335.9860349,46860,0,17344,0,1
1764861336.036237,46910,0,17703,0,1
1764861336.086616,46960,0,18062,0,1
1764861336.136968,47010,0,18420,0,1
1764861336.187098,47060,0,18779,0,1
1764861336.2365,47110,0,19130,0,1
1764861336.286794,47160,0,19489,0,1
1764861336.337284,47210,0,19848,0,1
1764861336.387504,47260,0,20206,0,1
1764861336.437869,47310,0,20565,0,1
1764861336.4872031,47360,0,20917,0,1
1764861336.537388,47410,0,21275,0,1
1764861336.58775,47460,0,21634,0,1
1764861336.637934,47510,0,21993,0,1
1764861336.688339,47560,0,22352,0,1
1764861336.738583,47610,0,22710,0,1
1764861336.788024,47660,0,23062,0,1
1764861336.838208,47710,0,23420,0,1
1764861336.888578,47760,0,23779,0,1
1764861336.938956,47810,0,24138,0,1
1764861336.989183,47860,0,24497,0,1
1764861337.039551,47910,0,24855,0,1
1764861337.088882,47960,0,25207,0,1
1764861337.139064,48010,0,25565,0,1
1764861337.189458,48060,0,25924,0,1
1764861337.2398028,48110,0,26283,0,1
1764861337.290014,48160,0,26642,0,1
1764861337.3403862,48210,0,27000,0,1
1764861337.389774,48260,0,27352,0,1
1764861337.4399412,48310,0,27710,0,1
1764861337.4902961,48360,0,28069,0,1
1764861337.540513,48410,0,28428,0,1
1764861337.590898,48460,0,28787,0,1
1764861337.641098,48510,0,29145,0,1
1764861337.690613,48560,0,29497,0,1
1764861337.7408159,48610,0,29855,0,1
1764861337.791179,48660,0,30214,0,1
1764861337.8413792,48710,0,30573,0,1
1764861337.891712,48760,0,30932,0,1
1764861337.942074,48811,0,31290,0,1
1764861337.9924219,48861,0,31649,0,1
1764861338.042623,48911,0,32008,0,1
1764861338.0929768,48961,0,32367,0,1
1764861338.143338,49011,0,32725,0,1
1764861338.193543,49061,0,33084,0,1
1764861338.242909,49111,0,33435,0,1
1764861338.2932758,49161,0,33794,0,1
1764861338.3434722,49211,0,34153,0,1
1764861338.393843,49261,0,34512,0,1
1764861338.444192,49311,0,34870,0,1
1764861338.494385,49361,0,35229,0,1
1764861338.5437288,49411,0,35580,0,1
1764861338.5941608,49461,0,35939,0,1
1764861338.644468,49511,0,36298,0,1
1764861338.694668,49561,0,36657,0,1
1764861338.7450602,49611,0,37015,0,1
1764861338.795268,49661,0,37374,0,1
1764861338.8446238,49711,0,37725,0,1
1764861338.8949928,49761,0,38084,0,1
1764861338.945206,49811,0,38443,0,1
1764861338.995573,49861,0,38802,0,1
1764861339.045791,49911,0,39160,0,1
1764861339.096169,49961,0,39519,0,1
1764861339.1454961,50011,0,39870,0,1
1764861339.1957078,50061,0,40229,0,1
1764861339.246067,50111,0,40588,0,1
1764861339.296439,50161,0,40943,0,1
1764861339.346644,50211,0,-58,0,1
1764861339.3970182,50262,0,-136,0,1
1764861339.447406,50312,0,-214,0,1
1764861339.4975889,50362,0,-292,0,1
1764861339.547977,50412,0,-369,0,1
1764861339.598324,50462,0,-447,0,1
1764861339.64854,50512,0,-525,0,1
1764861339.697872,50562,0,-601,0,1
1764861341.263424,52122,0,0,0,1
1764861341.313157,52172,0,76,0,1
1764861341.363314,52222,0,153,0,1
1764861341.412659,52272,0,228,0,1
1764861341.4628532,52322,0,305,0,1
1764861341.513247,52372,0,382,0,1
1764861341.563639,52422,0,459,0,1
1764861341.6138282,52472,0,536,0,1
1764861341.664219,52523,0,613,0,1
1764861341.714429,52573,0,690,0,1
1764861341.764794,52623,0,767,0,1
1764861341.815161,52673,0,844,0,1
1764861341.865408,52723,0,921,0,1
1764861341.915786,52773,0,998,0,1
1764861341.965135,52823,0,1074,0,1
1764861342.015303,52873,0,1151,0,1
1764861342.065738,52923,0,1228,0,1
1764861342.115963,52973,0,1305,0,1
1764861342.166341,53023,0,1382,0,1
1764861342.216554,53073,0,1459,0,1
1764861342.26593,53123,0,1534,0,1
1764861342.316298,53173,0,1611,0,1
1764861342.366526,53223,0,1688,0,1
1764861342.416887,53273,0,1765,0,1
1764861342.467128,53323,0,1842,0,1
1764861342.51744,53373,0,1919,0,1
1764861342.5668962,53423,0,1995,0,1
1764861342.617121,53473,0,2072,0,1
1764861342.6673548,53523,0,2149,0,1
1764861342.717671,53573,0,2226,0,1
1764861342.768028,53623,0,2303,0,1
1764861342.8184168,53673,0,2380,0,1
1764861342.867506,53723,0,2455,0,1
1764861342.9180741,53773,0,2532,0,1
1764861342.968222,53823,0,2609,0,1
1764861343.018559,53873,0,2686,0,1
1764861343.068933,53923,0,2763,0,1
1764861343.119472,53974,0,0,0,1
1764861343.169465,54024,0,-78,0,1
1764861343.219885,54074,0,-155,0,1
1764861343.270127,54124,0,-233,0,1
1764861343.3204648,54174,0,-311,0,1
1764861343.3708448,54224,0,-389,0,1
1764861344.9415302,55790,0,0,0,1
1764861344.991116,55840,0,76,0,1
1764861345.0414321,55890,0,153,0,1
1764861345.090643,55940,0,228,0,1
1764861345.141014,55990,0,305,0,1
1764861345.191234,56040,0,382,0,1
1764861345.241596,56090,0,459,0,1
1764861345.2919848,56140,0,536,0,1
1764861345.342237,56190,0,613,0,1
1764861345.3915122,56240,0,688,0,1
1764861345.441736,56290,0,765,0,1
1764861345.492096,56340,0,842,0,1
1764861345.542496,56390,0,919,0,1
1764861345.592692,56440,0,996,0,1
1764861345.64309,56491,0,1073,0,1
1764861345.693324,56541,0,1150,0,1
1764861345.74371,56591,0,1227,0,1
1764861345.7940779,56641,0,1304,0,1
1764861345.844298,56691,0,1381,0,1
1764861345.894696,56741,0,1458,0,1
1764861345.943866,56791,0,1533,0,1
1764861345.994238,56841,0,1610,0,1
1764861346.044597,56891,0,1687,0,1
1764861346.094827,56941,0,1764,0,1
1764861346.1452138,56991,0,1841,0,1
1764861346.195404,57041,0,1918,0,1
1764861346.244771,57091,0,1993,0,1
1764861346.294982,57141,0,2070,0,1
1764861346.345355,57191,0,2147,0,1
1764861346.395741,57241,0,2224,0,1
1764861346.44594,57291,0,2301,0,1
1764861346.496313,57341,0,2378,0,1
1764861346.545697,57391,0,2454,0,1
1764861346.595873,57441,0,2531,0,1
1764861346.64626,57491,0,2608,0,1
1764861346.696634,57541,0,2685,0,1
1764861346.746814,57591,0,2762,0,1
1764861346.797187,57641,0,48800,0,1
1764861346.846715,57691,0,48708,0,1
1764861346.896956,57741,0,48504,0,1
1764861346.9473002,57791,0,48297,0,1
1764861346.9975019,57841,0,48088,0,1
1764861347.047863,57891,0,47879,0,1
1764861347.0980868,57942,0,47670,0,1
1764861347.148764,57992,0,47461,0,1
1764861347.198673,58042,0,47253,0,1
1764861347.2490501,58092,0,47044,0,1
1764861347.2994199,58142,0,46835,0,1
1764861347.3498082,58192,0,46627,0,1
1764861347.399125,58242,0,46423,0,1
1764861347.449334,58292,0,46215,0,1
1764861347.499661,58342,0,46007,0,1
1764861347.5499258,58392,0,45799,0,1
1764861347.600279,58442,0,45591,0,1
1764861347.650475,58492,0,45383,0,1
1764861347.69982,58542,0,45179,0,1
1764861347.7502022,58592,0,44970,0,1
1764861347.800587,58642,0,44762,0,1
1764861347.8506198,58692,0,44555,0,1
1764861347.901168,58742,0,44347,0,1
1764861347.9514081,58792,0,44140,0,1
1764861348.000566,58842,0,43937,0,1
1764861348.050951,58892,0,43729,0,1
1764861348.101332,58942,0,43521,0,1
1764861348.1515572,58992,0,43314,0,1
1764861348.202113,59042,0,43106,0,1
1764861348.252353,59092,0,42899,0,1
1764861348.3014941,59142,0,42696,0,1
1764861348.351895,59192,0,42488,0,1
1764861348.402242,59242,0,42280,0,1
1764861348.452485,59292,0,42073,0,1
1764861348.5028312,59342,0,41865,0,1
1764861348.5520651,59392,0,41662,0,1
1764861348.602418,59442,0,41454,0,1
1764861348.652778,59492,0,41246,0,1
1764861348.703163,59542,0,41038,0,1
1764861348.753321,59592,0,40830,0,1
1764861348.803715,59642,0,40623,0,1
1764861348.85293,59692,0,40421,0,1
1764861348.903136,59742,0,40214,0,1
1764861348.9534569,59792,0,40007,0,1
1764861349.003909,59842,0,39800,0,1
1764861349.054296,59892,0,39593,0,1
1764861349.104466,59942,0,39386,0,1
1764861349.1537962,59992,0,39183,0,1
1764861349.204211,60042,0,38976,0,1
1764861349.254595,60092,0,38769,0,1
1764861349.3048162,60142,0,38562,0,1
1764861349.355188,60192,0,38355,0,1
1764861349.405375,60242,0,38148,0,1
1764861349.454748,60292,0,37945,0,1
1764861349.504898,60342,0,37739,0,1
1764861349.555286,60392,0,37532,0,1
1764861349.605469,60442,0,37325,0,1
1764861349.655862,60492,0,37118,0,1
1764861349.706074,60542,0,36911,0,1
1764861349.755423,60592,0,36708,0,1
1764861349.8058,60642,0,36501,0,1
1764861349.856029,60692,0,36294,0,1
1764861349.9065459,60742,0,36086,0,1
1764861349.956942,60792,0,35879,0,1
1764861350.007149,60843,0,35672,0,1
1764861350.0575428,60893,0,35465,0,1
1764861350.107733,60943,0,35258,0,1
1764861350.1581109,60993,0,35051,0,1
1764861350.208301,61043,0,34844,0,1
1764861350.258524,61093,0,34637,0,1
1764861350.307894,61143,0,34434,0,1
1764861350.3580852,61193,0,34227,0,1
1764861350.4084978,61243,0,34020,0,1
1764861350.458889,61293,0,33812,0,1
1764861350.5092502,61343,0,33605,0,1
1764861350.559433,61393,0,33398,0,1
1764861350.608772,61443,0,33195,0,1
1764861350.659188,61493,0,32987,0,1
1764861350.709391,61543,0,32780,0,1
1764861350.759907,61593,0,32573,0,1
1764861350.810106,61643,0,32366,0,1
1764861350.860491,61693,0,32157,0,1
1764861350.909476,61743,0,31953,0,1
1764861350.960046,61793,0,31743,0,1
1764861351.010408,61843,0,31534,0,1
1764861351.060611,61893,0,31325,0,1
1764861351.110998,61943,0,31116,0,1
1764861351.161115,61993,0,30907,0,1
1764861351.21054,62043,0,30702,0,1
1764861351.2607481,62093,0,30493,0,1
1764861351.311129,62143,0,30284,0,1
1764861351.3613062,62193,0,30075,0,1
1764861351.411704,62243,0,29866,0,1
1764861351.462249,62294,0,29656,0,1
1764861351.512395,62344,0,29447,0,1
1764861351.562645,62394,0,29238,0,1
1764861351.6128268,62444,0,29029,0,1
1764861351.6633768,62494,0,28819,0,1
1764861351.7137809,62544,0,28610,0,1
1764861351.763005,62594,0,28405,0,1
1764861351.8131342,62644,0,28196,0,1
1764861351.863382,62694,0,27987,0,1
1764861351.914016,62744,0,27777,0,1
1764861351.9641721,62794,0,27568,0,1
1764861352.014546,62844,0,27358,0,1
1764861352.063715,62894,0,27154,0,1
1764861352.1140869,62944,0,26945,0,1
1764861352.164329,62994,0,26736,0,1
1764861352.21488,63044,0,26526,0,1
1764861352.264979,63094,0,26317,0,1
1764861352.315306,63144,0,26108,0,1
1764861352.364681,63194,0,25903,0,1
1764861352.414858,63244,0,25694,0,1
1764861352.465121,63294,0,25485,0,1
1764861352.515551,63344,0,25275,0,1
1764861352.566008,63394,0,25066,0,1
1764861352.61619,63444,0,24857,0,1
1764861352.665405,63494,0,24652,0,1
1764861352.715616,63544,0,24443,0,1
1764861352.766168,63594,0,24233,0,1
1764861352.816365,63644,0,24024,0,1
1764861352.866587,63694,0,23815,0,1
1764861352.916105,63744,0,23609,0,1
1764861352.9663181,63794,0,23400,0,1
1764861353.016696,63844,0,23190,0,1
1764861353.06709,63894,0,22981,0,1
1764861353.117236,63944,0,22772,0,1
1764861353.1676679,63994,0,22563,0,1
1764861353.216844,64044,0,22358,0,1
1764861353.267193,64094,0,22149,0,1
1764861353.317593,64144,0,21939,0,1
1764861353.367796,64194,0,21730,0,1
1764861353.41802,64244,0,21521,0,1
1764861353.468548,64294,0,21311,0,1
1764861353.517736,64344,0,21106,0,1
1764861353.5681238,64394,0,20897,0,1
1764861353.618471,64444,0,20687,0,1
1764861353.668695,64494,0,20478,0,1
1764861353.7189581,64544,0,20269,0,1
1764861353.769444,64594,0,20059,0,1
1764861353.8186371,64644,0,19854,0,1
1764861353.8688698,64694,0,19645,0,1
1764861353.919059,64744,0,19436,0,1
1764861353.969625,64794,0,19226,0,1
1764861354.019673,64844,0,19017,0,1
1764861354.07022,64894,0,18807,0,1
1764861354.119371,64944,0,18602,0,1
1764861354.16979,64994,0,18392,0,1
1764861354.219991,65044,0,18183,0,1
1764861354.2705338,65094,0,17973,0,1
1764861354.3206139,65144,0,17764,0,1
1764861354.3711329,65195,0,17554,0,1
1764861354.4211998,65245,0,17345,0,1
1764861354.4717178,65295,0,17135,0,1
1764861354.522114,65345,0,16925,0,1
1764861354.572311,65395,0,16715,0,1
1764861354.622676,65445,0,16503,0,1
1764861354.6718562,65495,0,16296,0,1
1764861354.7222028,65545,0,16084,0,1
1764861354.772448,65595,0,15873,0,1
1764861354.8227782,65645,0,15662,0,1
1764861354.873143,65695,0,15451,0,1
1764861354.923336,65745,0,15240,0,1
1764861354.972703,65795,0,15033,0,1
1764861355.022927,65845,0,14822,0,1
1764861355.073476,65895,0,14610,0,1
1764861355.123669,65945,0,14399,0,1
1764861355.174068,65995,0,14188,0,1
1764861355.224253,66045,0,13977,0,1
1764861355.2735958,66095,0,13770,0,1
1764861355.3237948,66145,0,13559,0,1
1764861355.374367,66195,0,13347,0,1
1764861355.424533,66245,0,13136,0,1
1764861355.474735,66295,0,12925,0,1
1764861355.5252402,66345,0,12713,0,1
1764861355.574442,66395,0,12506,0,1
1764861355.624633,66445,0,12295,0,1
1764861355.674981,66495,0,12084,0,1
1764861355.725367,66545,0,11873,0,1
1764861355.775491,66595,0,11662,0,1
1764861355.826122,66646,0,11450,0,1
1764861355.8763142,66696,0,11239,0,1
1764861355.926524,66746,0,11028,0,1
1764861355.97694,66796,0,10817,0,1
1764861356.0272372,66846,0,10605,0,1
1764861356.077635,66896,0,10394,0,1
1764861356.126774,66946,0,10187,0,1
1764861356.176983,66996,0,9976,0,1
1764861356.2275321,67046,0,9764,0,1
1764861356.277695,67096,0,9553,0,1
1764861356.328098,67146,0,9341,0,1
1764861356.3784509,67196,0,9130,0,1
1764861356.427827,67246,0,8923,0,1
1764861356.4780061,67296,0,8712,0,1
1764861356.528383,67346,0,8500,0,1
1764861356.5786,67396,0,8289,0,1
1764861356.62879,67446,0,8078,0,1
1764861356.679345,67496,0,7866,0,1
1764861356.728539,67546,0,7659,0,1
1764861356.77875,67596,0,7448,0,1
1764861356.829291,67646,0,7236,0,1
1764861356.879472,67696,0,7025,0,1
1764861356.929931,67746,0,6813,0,1
1764861356.980087,67796,0,6602,0,1
1764861357.02944,67846,0,6394,0,1
1764861357.0798259,67896,0,6182,0,1
1764861357.130204,67946,0,5971,0,1
1764861357.180394,67996,0,5760,0,1
1764861357.230756,68046,0,5549,0,1
1764861357.279945,68096,0,5342,0,1
1764861357.3303301,68146,0,5131,0,1
1764861357.380546,68196,0,4920,0,1
1764861357.430758,68246,0,4709,0,1
1764861357.481312,68296,0,4497,0,1
1764861357.5313861,68346,0,4286,0,1
1764861357.5809212,68396,0,4079,0,1
1764861357.631058,68446,0,3868,0,1
1764861357.681271,68496,0,3657,0,1
1764861357.731822,68546,0,3445,0,1
1764861357.78204,68596,0,3234,0,1
1764861357.8322182,68646,0,3023,0,1
1764861357.881741,68696,0,2815,0,1
1764861357.931967,68746,0,2604,0,1
1764861357.982333,68796,0,2392,0,1
1764861358.0325289,68846,0,2181,0,1
1764861358.082919,68896,0,1970,0,1
1764861358.133099,68946,0,1759,0,1
1764861358.182467,68996,0,1552,0,1
1764861358.232882,69046,0,1340,0,1
1764861358.283057,69096,0,1129,0,1
1764861358.333438,69146,0,918,0,1
1764861358.3838038,69196,0,706,0,1
1764861358.434019,69246,0,495,0,1
1764861358.483222,69296,0,293,0,1
1764861358.533626,69346,0,90,0,1
1764861358.583828,69396,0,1,0,1
1764861358.634197,69446,0,0,0,0
1764861358.684774,69496,0,0,0,0
1764861358.7348201,69547,0,0,0,0
1764861358.7852008,69597,0,0,0,0
1764861358.83538,69647,0,0,0,0
1764861358.8857532,69697,0,0,0,0
1764861358.936141,69747,0,0,0,0
1764861358.9863381,69797,0,0,0,0
1764861359.0356622,69847,0,0,0,0
1764861359.0860522,69897,0,0,0,0
1764861359.136244,69947,0,0,0,0
1764861359.186634,69997,0,0,0,0
1764861359.236974,70047,0,0,0,0
1764861359.287234,70097,0,0,0,0
1764861359.3366048,70147,0,0,0,0
1764861359.38687,70197,0,0,0,0
1764861359.4371789,70247,0,0,0,0
1764861359.487547,70297,0,0,0,0
1764861359.537756,70347,0,0,0,0
1764861359.5881448,70397,0,0,0,0
1764861359.637307,70447,0,0,0,0
1764861359.6877089,70497,0,0,0,0
1764861359.737917,70547,0,0,0,0
1764861359.788317,70597,0,0,0,0
1764861359.838628,70647,0,0,0,0
1764861359.888917,70697,0,0,0,0
1764861359.9382951,70747,0,0,0,0
1764861359.988456,70797,0,0,0,0
1764861360.038846,70847,0,0,0,0
1764861360.089273,70897,0,0,0,0
1764861360.139474,70947,0,0,0,0
1764861360.189889,70998,0,0,0,0
1764861360.240072,71048,0,0,0,0
1764861360.2904892,71098,0,0,0,0
1764861360.3408709,71148,0,0,0,0
1764861360.391066,71198,0,0,0,0
1764861360.4414551,71248,0,0,0,0
1764861360.490623,71298,0,0,0,0
1764861360.5409868,71348,0,0,0,0
1764861360.5913951,71398,0,0,0,0
1764861360.6415691,71448,0,0,0,0
1764861360.691981,71498,0,0,0,0
1764861360.742195,71548,0,0,0,0
1764861360.7915971,71598,0,0,0,0
1764861360.841814,71648,0,0,0,0
1764861360.892192,71698,0,0,0,0
1764861360.942416,71748,0,0,0,0
1764861360.992887,71798,0,0,0,0
1764861361.043039,71848,0,0,0,0
1764861361.0924082,71898,0,0,0,0
1764861361.142608,71948,0,0,0,0
1764861361.192992,71998,0,0,0,0
1764861361.243385,72048,0,0,0,0
1764861361.2936058,72098,0,0,0,0
1764861361.344018,72148,0,0,0,0
1764861361.393226,72198,0,0,0,0
1764861361.443617,72248,0,0,0,0
1764861361.4938781,72298,0,0,0,0
1764861361.54423,72348,0,0,0,0
1764861361.594433,72398,0,0,0,0
1764861361.643861,72448,0,0,0,0
1764861361.694015,72498,0,0,0,0
1764861361.744417,72548,0,0,0,0
1764861361.7946408,72598,0,0,0,0
1764861361.845044,72648,0,0,0,0
1764861361.895284,72698,0,0,0,0
1764861361.944622,72748,0,0,0,0
1764861361.995023,72798,0,0,0,0
1764861362.045214,72848,0,0,0,0
1764861362.095586,72898,0,0,0,0
1764861362.145845,72948,0,0,0,0
1764861362.1961899,72998,0,0,0,0
1764861362.245558,73048,0,0,0,0
1764861362.295771,73098,0,0,0,0
1764861362.346119,73148,0,0,0,0
1764861362.39649,73198,0,0,0,0
1764861362.446699,73248,0,0,0,0
1764861362.497067,73298,0,0,0,0
1764861362.546262,73348,0,0,0,0
1764861362.596668,73398,0,0,0,0
1764861362.646892,73448,0,0,0,0
1764861362.697243,73498,0,0,0,0
1764861362.747665,73548,0,0,0,0
1764861362.797853,73598,0,0,0,0
1764861362.8472042,73648,0,0,0,0
1764861362.897581,73698,0,0,0,0
1764861362.9477818,73748,0,0,0,0
1764861362.9981508,73798,0,0,0,0
1764861363.048353,73848,0,0,0,0
1764861363.098745,73899,0,0,0,0
1764861363.149107,73949,0,0,0,0
1764861363.199318,73999,0,0,0,0
1764861363.24972,74049,0,0,0,0
1764861363.299938,74099,0,0,0,0
1764861363.350299,74149,0,0,0,0
1764861363.399632,74199,0,0,0,0
1764861363.4500082,74249,0,0,0,0
1764861363.500202,74299,0,0,0,0
1764861363.5506098,74349,0,0,0,0
1764861363.600849,74399,0,0,0,0
1764861363.6512141,74449,0,0,0,0
1764861363.700373,74499,0,0,0,0
1764861363.750753,74549,0,0,0,0
1764861363.801137,74599,0,0,0,0
1764861363.851367,74649,0,0,0,0
1764861363.90172,74699,0,0,0,0
1764861363.952068,74749,0,0,0,0
1764861364.001266,74799,0,0,0,0
1764861364.051626,74849,0,0,0,0
1764861364.1020072,74899,0,0,0,0
1764861364.1522171,74949,0,0,0,0
1764861364.202601,74999,0,0,0,0
1764861364.252828,75049,0,0,0,0
1764861364.3021598,75099,0,0,0,0
1764861364.352469,75149,0,0,0,0
1764861364.402751,75199,0,0,0,0
1764861364.4531388,75249,0,0,0,0
1764861364.503507,75299,0,0,0,0
1764861364.553726,75350,0,0,0,0
1764861364.604083,75400,0,0,0,0
1764861364.6544662,75450,0,0,0,0
1764861364.704631,75500,0,0,0,0
1764861364.755022,75550,0,0,0,0
1764861364.805232,75600,0,0,0,0
1764861364.8545768,75650,0,0,0,0
1764861364.9048,75700,0,0,0,0
1764861364.9551868,75750,0,0,0,0
1764861365.005586,75800,0,0,0,0
1764861365.055797,75850,0,0,0,0
1764861365.106132,75900,0,0,0,0
1764861365.155521,75950,0,0,0,0
1764861365.205717,76000,0,0,0,0
1764861365.256076,76050,0,0,0,0
1764861365.30629,76100,0,0,0,0
1764861365.356684,76150,0,0,0,0
1764861365.407049,76200,0,0,0,0
1764861365.45623,76250,0,0,0,0
1764861365.506577,76300,0,0,0,0
1764861365.5569549,76350,0,0,0,0
1764861365.60733,76400,0,0,0,0
1764861365.657561,76450,0,0,0,0
1764861365.7079139,76500,0,0,0,0
1764861365.7571158,76550,0,0,0,0
1764861365.807503,76600,0,0,0,0
1764861365.857614,76650,0,0,0,0
1764861365.908109,76700,0,0,0,0
1764861365.9584582,76750,0,0,0,0
1764861366.007626,76800,0,0,0,0
1764861366.058018,76850,0,0,0,0
1764861366.108373,76900,0,0,0,0
1764861366.158584,76950,0,0,0,0
1764861366.2089422,77000,0,0,0,0
1764861366.2591932,77050,0,0,0,0
1764861366.308512,77100,0,0,0,0
1764861366.358896,77150,0,0,0,0
1764861366.409087,77200,0,0,0,0
1764861366.459496,77250,0,0,0,0
1764861366.509865,77300,0,0,0,0
1764861366.5600588,77350,0,0,0,0
1764861366.609387,77400,0,0,0,0
1764861366.6596391,77450,0,0,0,0
1764861366.709952,77500,0,0,0,0
1764861366.760322,77550,0,0,0,0
1764861366.81071,77600,0,0,0,0
1764861366.860808,77650,0,0,0,0
1764861366.910252,77700,0,0,0,0
1764861366.960608,77750,0,0,0,0
1764861367.0107992,77800,0,0,0,0
1764861367.061167,77850,0,0,0,0
1764861367.111569,77900,0,0,0,0
1764861367.16179,77950,0,0,0,0
1764861367.2110982,78000,0,0,0,0
1764861367.261502,78050,0,0,0,0
1764861367.311681,78100,0,0,0,0
1764861367.362072,78150,0,0,0,0
1764861367.41245,78200,0,0,0,0
1764861367.462684,78251,0,0,0,0
1764861367.5130398,78301,0,0,0,0
1764861367.563257,78351,0,0,0,0
1764861367.613609,78401,0,0,0,0
1764861367.664004,78451,0,0,0,0
1764861367.7141728,78501,0,0,0,0
1764861367.763572,78551,0,0,0,0
1764861367.813764,78601,0,0,0,0
1764861367.864169,78651,0,0,0,0
1764861367.914389,78701,0,0,0,0
1764861367.964766,78751,0,0,0,0
1764861368.014969,78801,0,0,0,0
1764861368.064335,78851,0,0,0,0
1764861368.114773,78901,0,0,0,0
1764861368.1649249,78951,0,0,0,0
1764861368.215285,79001,0,0,0,0
1764861368.265687,79051,0,0,0,0
1764861368.3159099,79101,0,0,0,0
1764861368.3652391,79151,0,0,0,0
1764861368.415614,79201,0,0,0,0
1764861368.465848,79251,0,0,0,0
1764861368.5162072,79301,0,0,0,0
1764861368.566574,79351,0,0,0,0
1764861368.6167839,79401,0,0,0,0
1764861368.6661298,79451,0,0,0,0
1764861368.716317,79501,0,0,0,0
1764861368.766699,79551,0,0,0,0
1764861368.8170571,79601,0,0,0,0
1764861368.867275,79651,0,0,0,0
1764861368.917641,79702,0,0,0,0
1764861368.968025,79752,0,0,0,0
1764861369.01821,79802,0,0,0,0
1764861369.068579,79852,0,0,0,0
1764861369.1187909,79902,0,0,0,0
1764861369.1691751,79952,0,0,0,0
1764861369.218524,80002,0,0,0,0
1764861369.2687519,80052,0,0,0,0
1764861369.319124,80102,0,0,0,0
1764861369.3694851,80152,0,0,0,0
1764861369.419774,80202,0,0,0,0
1764861369.4700632,80252,0,0,0,0
1764861369.519407,80302,0,0,0,0
1764861369.5696268,80352,0,0,0,0
1764861369.62001,80402,0,0,0,0
1764861369.670379,80452,0,0,0,0
1764861369.72053,80502,0,0,0,0
1764861369.770942,80552,0,0,0,0
1764861369.8202791,80602,0,0,0,0
1764861369.870483,80652,0,0,0,0
1764861369.920835,80702,0,0,0,0
1764861369.971061,80752,0,0,0,0
1764861370.021436,80802,0,0,0,0
1764861370.0718038,80852,0,0,0,0
1764861370.120985,80902,0,0,0,0
1764861370.171364,80952,0,0,0,0
1764861370.2217221,81002,0,0,0,0
1764861370.271924,81052,0,0,0,0
1764861370.3222961,81102,0,0,0,0
1764861370.371646,81152,0,0,0,0
1764861370.421841,81202,0,0,0,0
1764861370.47223,81252,0,0,0,0
1764861370.5226119,81302,0,0,0,0
1764861370.572808,81352,0,0,0,0
1764861370.623141,81402,0,0,0,0
1764861370.672493,81452,0,0,0,0
1764861370.722854,81502,0,0,0,0
1764861370.77305,81552,0,0,0,0
1764861370.823433,81602,0,0,0,0
1764861370.8737988,81652,0,0,0,0
1764861370.923997,81702,0,0,0,0
1764861370.973352,81752,0,0,0,0
1764861371.023583,81802,0,0,0,0
1764861371.073929,81852,0,0,0,0
1764861371.1243122,81902,0,0,0,0
1764861371.174443,81952,0,0,0,0
1764861371.224888,82002,0,0,0,0
1764861371.274074,82052,0,0,0,0
1764861371.324458,82102,0,0,0,0
1764861371.374824,82152,0,0,0,0
1764861371.425183,82202,0,0,0,0
1764861371.475394,82252,0,0,0,0
1764861371.525781,82302,0,0,0,0
1764861371.5751,82352,0,0,0,0
1764861371.625311,82402,0,0,0,0
1764861371.675734,82452,0,0,0,0
1764861371.7258859,82502,0,0,0,0
1764861371.7762618,82552,0,0,0,0
1764861371.826632,82603,0,0,0,0
1764861371.876842,82653,0,0,0,0
1764861371.927212,82703,0,0,0,0
1764861371.977611,82753,0,0,0,0
1764861372.0277681,82803,0,0,0,0
1764861372.078154,82853,0,0,0,0
1764861372.127351,82903,0,0,0,0
1764861372.1777122,82953,0,0,0,0
1764861372.228069,83003,0,0,0,0
1764861372.27829,83053,0,0,0,0
1764861372.328704,83103,0,0,0,0
1764861372.379058,83153,0,0,0,0
1764861372.428211,83203,0,0,0,0
1764861372.478587,83253,0,0,0,0
1764861372.528982,83303,0,0,0,0
1764861372.579189,83353,0,0,0,0
1764861372.629577,83403,0,0,0,0
1764861372.679785,83453,0,0,0,0
1764861372.729113,83503,0,0,0,0
1764861372.779518,83553,0,0,0,0
1764861372.829737,83603,0,0,0,0
1764861372.880102,83653,0,0,0,0
1764861372.930478,83703,0,0,0,0
1764861372.980702,83753,0,0,0,0
1764861373.030046,83803,0,0,0,0
1764861373.0802538,83853,0,0,0,0
1764861373.130708,83903,0,0,0,0
1764861373.180853,83953,0,0,0,0
1764861373.231227,84003,0,0,0,0
1764861373.28157,84054,0,0,0,0
1764861373.331713,84104,0,0,0,0
1764861373.382095,84154,0,0,0,0
1764861373.4325812,84204,0,0,0,0
1764861373.482771,84254,0,0,0,0
1764861373.5331311,84304,0,0,0,0
1764861373.58251,84354,0,0,0,0
1764861373.632708,84404,0,0,0,0
1764861373.683074,84454,0,0,0,0
1764861373.733262,84504,0,0,0,0
1764861373.783701,84554,0,0,0,0
1764861373.833908,84604,0,0,0,0
1764861373.88314,84654,0,0,0,0
1764861373.93363,84704,0,0,0,0
1764861373.983834,84754,0,0,0,0
1764861374.034224,84804,0,0,0,0
1764861374.084589,84854,0,0,0,0
1764861374.1348312,84904,0,0,0,0
1764861374.184043,84954,0,0,0,0
1764861374.234408,85004,0,0,0,0
1764861374.2847528,85054,0,0,0,0
1764861374.3349671,85104,0,0,0,0
1764861374.3853729,85154,0,0,0,0
1764861374.435738,85204,0,0,0,0
1764861374.484857,85254,0,0,0,0
1764861374.5353138,85304,0,0,0,0
1764861374.585509,85354,0,0,0,0
1764861374.635921,85404,0,0,0,0
1764861374.6862988,85454,0,0,0,0
1764861374.7354848,85504,0,0,0,0
1764861374.78586,85554,0,0,0,0
1764861374.8360808,85604,0,0,0,0
1764861374.886467,85654,0,0,0,0
1764861374.936864,85704,0,0,0,0
1764861374.987063,85754,0,0,0,0
1764861375.036244,85804,0,0,0,0
1764861375.086661,85854,0,0,0,0
1764861375.136926,85904,0,0,0,0
1764861375.187219,85954,0,0,0,0
1764861375.237671,86004,0,0,0,0
1764861375.2879481,86054,0,0,0,0
1764861375.337176,86104,0,0,0,0
1764861375.387519,86154,0,0,0,0
1764861375.437886,86204,0,0,0,0
1764861375.488111,86254,0,0,0,0
1764861375.5384781,86304,0,0,0,0
1764861375.588853,86354,0,0,0,0
1764861375.6380491,86404,0,0,0,0
1764861375.688413,86454,0,0,0,0
1764861375.7387788,86504,0,0,0,0
1764861375.788961,86554,0,0,0,0
1764861375.839339,86604,0,0,0,0
1764861375.8897111,86654,0,0,0,0
1764861375.93889,86704,0,0,0,0
1764861375.9893131,86754,0,0,0,0
1764861376.039506,86804,0,0,0,0
1764861376.0898309,86854,0,0,0,0
1764861376.140204,86904,0,0,0,0
1764861376.190419,86955,0,0,0,0
1764861376.240761,87005,0,0,0,0
1764861376.291126,87055,0,0,0,0
1764861376.3413289,87105,0,0,0,0
1764861376.391724,87155,0,0,0,0
1764861376.442091,87205,0,0,0,0
1764861376.491241,87255,0,0,0,0
1764861376.541687,87305,0,0,0,0
1764861376.591892,87355,0,0,0,0
1764861376.6423428,87405,0,0,0,0
1764861376.6925728,87455,0,0,0,0
1764861376.742904,87505,0,0,0,0
1764861376.7922702,87555,0,0,0,0
1764861376.84247,87605,0,0,0,0
1764861376.892831,87655,0,0,0,0
1764861376.9431858,87705,0,0,0,0
1764861376.993301,87755,0,0,0,0
1764861377.043809,87805,0,0,0,0
1764861377.093142,87855,0,0,0,0
1764861377.14334,87905,0,0,0,0
1764861377.193578,87955,0,0,0,0
1764861377.243881,88005,0,0,0,0
1764861377.294272,88055,0,0,0,0
1764861377.344641,88105,0,0,0,0
1764861377.393961,88155,0,0,0,0
1764861377.444672,88205,0,0,0,0
1764861377.4945269,88255,0,0,0,0
1764861377.544886,88305,0,0,0,0
1764861377.5951302,88355,0,0,0,0
1764861377.645531,88406,0,0,0,0
1764861377.6958249,88456,0,0,0,0
1764861377.746082,88506,0,0,0,0
1764861377.796403,88556,0,0,0,0
1764861377.8468192,88606,0,0,0,0
1764861377.896994,88656,0,0,0,0
1764861377.946332,88706,0,0,0,0
1764861377.996686,88756,0,0,0,0
1764861378.046906,88806,0,0,0,0
1764861378.097261,88856,0,0,0,0
1764861378.147605,88906,0,0,0,0
1764861378.197987,88956,0,0,0,0
1764861378.247148,89006,0,0,0,0
1764861378.297527,89056,0,0,0,0
1764861378.347703,89106,0,0,0,0
1764861378.398109,89156,0,0,0,0
1764861378.448468,89206,0,0,0,0
1764861378.498676,89256,0,0,0,0
1764861378.5480251,89306,0,0,0,0
1764861378.598339,89356,0,0,0,0
1764861378.648617,89406,0,0,0,0
1764861378.6990001,89456,0,0,0,0
1764861378.749368,89506,0,0,0,0
1764861378.799534,89556,0,0,0,0
1764861378.8496928,89606,0,0,0,0
1764861378.8992572,89656,0,0,0,0
1764861378.949476,89706,0,0,0,0
1764861378.99984,89756,0,0,0,0
1764861379.050217,89806,0,0,0,0
1764861379.099296,89856,0,0,0,0
1764861379.149745,89906,0,0,0,0
1764861379.199971,89956,0,0,0,0
1764861379.250311,90006,0,0,0,0
1764861379.300659,90056,0,0,0,0
1764861379.351048,90106,0,0,0,0
1764861379.400225,90156,0,0,0,0
1764861379.45063,90206,0,0,0,0
1764861379.500941,90256,0,0,0,0
1764861379.551285,90306,0,0,0,0
1764861379.60149,90356,0,0,0,0
1764861379.651849,90406,0,0,0,0
1764861379.701088,90456,0,0,0,0
1764861379.7513962,90506,0,0,0,0
1764861379.801758,90556,0,0,0,0
1764861379.852103,90606,0,0,0,0
1764861379.902428,90656,0,0,0,0
1764861379.9527,90706,0,0,0,0
1764861380.002069,90756,0,0,0,0
1764861380.052264,90806,0,0,0,0
1764861380.1026402,90856,0,0,0,0
1764861380.152832,90906,0,0,0,0
1764861380.2032168,90956,0,0,0,0
1764861380.253601,91006,0,0,0,0
1764861380.302751,91056,0,0,0,0
1764861380.353059,91106,0,0,0,0
1764861380.4035,91156,0,0,0,0
1764861380.453695,91206,0,0,0,0
1764861380.504071,91256,0,0,0,0
1764861380.554454,91307,0,0,0,0
1764861380.604639,91357,0,0,0,0
1764861380.654986,91407,0,0,0,0
1764861380.705365,91457,0,0,0,0
1764861380.7556741,91507,0,0,0,0
1764861380.806039,91557,0,0,0,0
1764861380.855212,91607,0,0,0,0
1764861380.9056032,91657,0,0,0,0
1764861380.9558961,91707,0,0,0,0
1764861381.006224,91757,0,0,0,0
1764861381.056551,91807,0,0,0,0
1764861381.106792,91857,0,0,0,0
1764861381.1560981,91907,0,0,0,0
1764861381.206456,91957,0,0,0,0
1764861381.2568479,92007,0,0,0,0
1764861381.306989,92057,0,0,0,0
1764861381.357347,92107,0,0,0,0
1764861381.407679,92157,0,0,0,0
1764861381.457035,92207,0,0,0,0
1764861381.507145,92257,0,0,0,0
1764861381.557596,92307,0,0,0,0
1764861381.607937,92357,0,0,0,0
1764861381.6581628,92407,0,0,0,0
1764861381.708468,92457,0,0,0,0
1764861381.757782,92507,0,0,0,0
1764861381.8081338,92557,0,0,0,0
1764861381.858451,92607,0,0,0,0
1764861381.908622,92657,0,0,0,0
1764861381.959079,92707,0,0,0,0
1764861382.009452,92758,0,0,0,0
1764861382.059632,92808,0,0,0,0
1764861382.110008,92858,0,0,0,0
1764861382.1603892,92908,0,0,0,0
1764861382.210572,92958,0,0,0,0
1764861382.26086,93008,0,0,0,0
1764861382.3102841,93058,0,0,0,0
1764861382.360497,93108,0,0,0,0
1764861382.4108648,93158,0,0,0,0
1764861382.4612591,93208,0,0,0,0
1764861382.5116,93258,0,0,0,0
1764861382.561801,93308,0,0,0,0
1764861382.611166,93358,0,0,0,0
1764861382.6613388,93408,0,0,0,0
1764861382.71169,93458,0,0,0,0
1764861382.7620852,93508,0,0,0,0
1764861382.8122492,93558,0,0,0,0
1764861382.862638,93608,0,0,0,0
1764861382.911974,93658,0,0,0,0
1764861382.962184,93708,0,0,0,0
1764861383.012574,93758,0,0,0,0
1764861383.0629098,93808,0,0,0,0
1764861383.113272,93858,0,0,0,0
1764861383.16347,93908,0,0,0,0
1764861383.212822,93958,0,0,0,0
1764861383.263227,94008,0,0,0,0
1764861383.313389,94058,0,0,0,0
1764861383.3637528,94108,0,0,0,0
1764861383.414133,94158,0,0,0,0
1764861383.463328,94208,0,0,0,0
1764861383.5137112,94258,0,0,0,0
1764861383.56393,94308,0,0,0,0
1764861383.614308,94358,0,0,0,0
1764861383.664555,94408,0,0,0,0
1764861383.7148778,94458,0,0,0,0
1764861383.764228,94508,0,0,0,0
1764861383.8144379,94558,0,0,0,0
1764861383.8647308,94608,0,0,0,0
1764861383.915212,94658,0,0,0,0
1764861383.9652941,94708,0,0,0,0
1764861384.015771,94758,0,0,0,0
1764861384.065126,94808,0,0,0,0
1764861384.115308,94858,0,0,0,0
1764861384.165687,94908,0,0,0,0
1764861384.216054,94958,0,0,0,0
1764861384.2662778,95008,0,0,0,0
1764861384.316611,95058,0,0,0,0
1764861384.365798,95108,0,0,0,0
1764861384.4161751,95158,0,0,0,0
1764861384.4665751,95208,0,0,0,0
1764861384.516764,95258,0,0,0,0
1764861384.567154,95308,0,0,0,0
1764861384.6175518,95358,0,0,0,0
1764861384.66668,95408,0,0,0,0
1764861384.717052,95458,0,0,0,0
1764861384.767446,95508,0,0,0,0
1764861384.817667,95558,0,0,0,0
1764861384.868052,95608,0,0,0,0
1764861384.918277,95659,0,0,0,0
1764861384.968632,95709,0,0,0,0
1764861385.01887,95759,0,0,0,0
1764861385.069249,95809,0,0,0,0
1764861385.119678,95859,0,0,0,0
1764861385.1698298,95909,0,0,0,0
1764861385.219191,95959,0,0,0,0
1764861385.269578,96009,0,0,0,0
1764861385.31977,96059,0,0,0,0
1764861385.370166,96109,0,0,0,0
1764861385.420396,96159,0,0,0,0
1764861385.470741,96209,0,0,0,0
1764861385.5199392,96259,0,0,0,0
1764861385.570352,96309,0,0,0,0
1764861385.6207008,96359,0,0,0,0
1764861385.6708171,96409,0,0,0,0
1764861385.7212899,96459,0,0,0,0
1764861385.7715452,96509,0,0,0,0
1764861385.820837,96559,0,0,0,0
1764861385.8712199,96609,0,0,0,0
1764861385.9214232,96659,0,0,0,0
1764861385.971848,96709,0,0,0,0
1764861386.0221949,96759,0,0,0,0
1764861386.072424,96809,0,0,0,0
1764861386.1217868,96859,0,0,0,0
1764861386.172004,96909,0,0,0,0
1764861386.222383,96959,0,0,0,0
1764861386.2727501,97009,0,0,0,0
1764861386.3229592,97059,0,0,0,0
1764861386.373347,97110,0,0,0,0
1764861386.423599,97160,0,0,0,0
1764861386.4739609,97210,0,0,0,0
1764861386.5241878,97260,0,0,0,0
1764861386.574584,97310,0,0,0,0
1764861386.624984,97360,0,0,0,0
1764861386.674187,97410,0,0,0,0
1764861386.724426,97460,0,0,0,0
1764861386.774789,97510,0,0,0,0
1764861386.825,97560,0,0,0,0
1764861386.875409,97610,0,0,0,0
1764861386.925766,97660,0,0,0,0
1764861386.974974,97710,0,0,0,0
1764861387.0253272,97760,0,0,0,0
1764861387.075674,97810,0,0,0,0
1764861387.125895,97860,0,0,0,0
1764861387.176252,97910,0,0,0,0
1764861387.2266061,97960,0,0,0,0
1764861387.275958,98010,0,0,0,0
1764861387.326154,98060,0,0,0,0
1764861387.376464,98110,0,0,0,0
1764861387.426757,98160,0,0,0,0
1764861387.477155,98210,0,0,0,0
1764861387.5273678,98260,0,0,0,0
1764861387.5767329,98310,0,0,0,0
1764861387.626924,98360,0,0,0,0
1764861387.677314,98410,0,0,0,0
1764861387.727707,98460,0,0,0,0
1764861387.777903,98510,0,0,0,0
1764861387.827203,98560,0,0,0,0
1764861387.877601,98610,0,0,0,0
1764861387.9277902,98660,0,0,0,0
1764861387.978164,98710,0,0,0,0
1764861388.028447,98760,0,0,0,0
1764861388.078756,98810,0,0,0,0
1764861388.1280808,98860,0,0,0,0
1764861388.178489,98910,0,0,0,0
1764861388.2286751,98960,0,0,0,0
1764861388.279069,99010,0,0,0,0
1764861388.329509,99060,0,0,0,0
1764861388.379667,99110,0,0,0,0
1764861388.428894,99160,0,0,0,0
1764861388.479168,99210,0,0,0,0
1764861388.529613,99260,0,0,0,0
1764861388.579813,99310,0,0,0,0
1764861388.6302001,99360,0,0,0,0
1764861388.6805491,99410,0,0,0,0
1764861388.7299001,99460,0,0,0,0
1764861388.780092,99510,0,0,0,0
1764861388.8304682,99560,0,0,0,0
1764861388.8808389,99610,0,0,0,0
1764861388.931036,99660,0,0,0,0
1764861388.9813912,99710,0,0,0,0
1764861389.030755,99760,0,0,0,0
1764861389.080939,99810,0,0,0,0
1764861389.131308,99860,0,0,0,0
1764861389.18171,99910,0,0,0,0
1764861389.231894,99960,0,0,0,0
1764861389.282305,100011,0,0,0,0
1764861389.3324878,100061,0,0,0,0
1764861389.382874,100111,0,0,0,0
1764861389.4332218,100161,0,0,0,0
1764861389.48348,100211,0,0,0,0
1764861389.5338,100261,0,0,0,0
1764861389.583009,100311,0,0,0,0
1764861389.6333818,100361,0,0,0,0
1764861389.6837592,100411,0,0,0,0
1764861389.73396,100461,0,0,0,0
1764861389.784399,100511,0,0,0,0
1764861389.8345668,100561,0,0,0,0
1764861389.8839118,100611,0,0,0,0
1764861389.9342332,100661,0,0,0,0
1764861389.984473,100711,0,0,0,0
1764861390.034959,100761,0,0,0,0
1764861390.085144,100811,0,0,0,0
1764861390.135523,100861,0,0,0,0
1764861390.1848378,100911,0,0,0,0
1764861390.2350762,100961,0,0,0,0
1764861390.285451,101011,0,0,0,0
1764861390.335788,101061,0,0,0,0
1764861390.386004,101111,0,0,0,0
1764861390.436357,101161,0,0,0,0
1764861390.485705,101211,0,0,0,0
1764861390.535933,101261,0,0,0,0
1764861390.586268,101311,0,0,0,0
1764861390.636508,101361,0,0,0,0
1764861390.686883,101411,0,0,0,0
1764861390.737231,101462,0,0,0,0
1764861390.7874591,101512,0,0,0,0
1764861390.837806,101562,0,0,0,0
1764861390.888181,101612,0,0,0,0
1764861390.938457,101662,0,0,0,0
1764861390.988768,101712,0,0,0,0
1764861391.038114,101762,0,0,0,0
1764861391.0883331,101812,0,0,0,0
1764861391.1387122,101862,0,0,0,0
1764861391.189089,101912,0,0,0,0
1764861391.2392871,101962,0,0,0,0
1764861391.289654,102012,0,0,0,0
1764861391.3390012,102062,0,0,0,0
1764861391.3892329,102112,0,0,0,0
1764861391.4395971,102162,0,0,0,0
1764861391.4899251,102212,0,0,0,0
1764861391.540132,102262,0,0,0,0
1764861391.590493,102312,0,0,0,0
1764861391.639667,102362,0,0,0,0
1764861391.690038,102412,0,0,0,0
1764861391.74043,102462,0,0,0,0
1764861391.790745,102512,0,0,0,0
1764861391.840949,102562,0,0,0,0
1764861391.8913019,102612,0,0,0,0
1764861391.9406111,102662,0,0,0,0
1764861391.990925,102712,0,0,0,0
1764861392.041172,102762,0,0,0,0
1764861392.091528,102812,0,0,0,0
1764861392.14188,102862,0,0,0,0
1764861392.191227,102912,0,0,0,0
1764861392.2414331,102962,0,0,0,0
1764861392.291803,103012,0,0,0,0
1764861392.342127,103062,0,0,0,0
1764861392.3924842,103112,0,0,0,0
1764861392.442702,103162,0,0,0,0
1764861392.4919958,103212,0,0,0,0
1764861392.542468,103262,0,0,0,0
1764861392.592732,103312,0,0,0,0
1764861392.642847,103362,0,0,0,0
1764861392.693284,103412,0,0,0,0
1764861392.743642,103462,0,0,0,0
1764861392.7928152,103512,0,0,0,0
1764861392.843143,103562,0,0,0,0
1764861392.8934872,103612,0,0,0,0
1764861392.943902,103662,0,0,0,0
1764861392.994077,103712,0,0,0,0
1764861393.04445,103762,0,0,0,0
1764861393.093777,103812,0,0,0,0
1764861393.1441228,103862,0,0,0,0
1764861393.194315,103912,0,0,0,0
1764861393.2446878,103962,0,0,0,0
1764861393.295041,104012,0,0,0,0
1764861393.345227,104062,0,0,0,0
1764861393.3945699,104112,0,0,0,0
1764861393.444944,104162,0,0,0,0
1764861393.4953039,104212,0,0,0,0
1764861393.5455139,104262,0,0,0,0
1764861393.595847,104312,0,0,0,0
1764861393.6462421,104363,0,0,0,0
1764861393.696428,104413,0,0,0,0
1764861393.746784,104463,0,0,0,0
1764861393.797172,104513,0,0,0,0
1764861393.847521,104563,0,0,0,0
1764861393.897708,104613,0,0,0,0
1764861393.947041,104663,0,0,0,0
1764861393.997246,104713,0,0,0,0
1764861394.047622,104763,0,0,0,0
1764861394.098013,104813,0,0,0,0
1764861394.148201,104863,0,0,0,0
1764861394.19858,104913,0,0,0,0
1764861394.247939,104963,0,0,0,0
1764861394.298149,105013,0,0,0,0
1764861394.348523,105063,0,0,0,0
1764861394.398887,105113,0,0,0,0
1764861394.4491,105163,0,0,0,0
1764861394.4995,105213,0,0,0,0
1764861394.548657,105263,0,0,0,0
1764861394.5990322,105313,0,0,0,0
1764861394.649416,105363,0,0,0,0
1764861394.69962,105413,0,0,0,0
1764861394.7499661,105463,0,0,0,0
1764861394.800332,105513,0,0,0,0
1764861394.849544,105563,0,0,0,0
1764861394.89991,105613,0,0,0,0
1764861394.95012,105663,0,0,0,0
1764861395.0005,105713,0,0,0,0
1764861395.0506701,105763,0,0,0,0
1764861395.1010969,105814,0,0,0,0
1764861395.151465,105864,0,0,0,0
1764861395.201678,105914,0,0,0,0
1764861395.252063,105964,0,0,0,0
1764861395.302469,106014,0,0,0,0
1764861395.3526568,106064,0,0,0,0
1764861395.4020329,106114,0,0,0,0
1764861395.452258,106164,0,0,0,0
1764861395.502621,106214,0,0,0,0
1764861395.553031,106264,0,0,0,0
1764861395.603221,106314,0,0,0,0
1764861395.653567,106364,0,0,0,0
1764861395.7029219,106414,0,0,0,0
1764861395.7531369,106464,0,0,0,0
1764861395.8035169,106514,0,0,0,0
1764861395.853927,106564,0,0,0,0
1764861395.904077,106614,0,0,0,0
1764861395.9544399,106664,0,0,0,0
1764861396.003618,106714,0,0,0,0
1764861396.053997,106764,0,0,0,0
1764861396.104406,106814,0,0,0,0
1764861396.154588,106864,0,0,0,0
1764861396.2049458,106914,0,0,0,0
1764861396.2553742,106964,0,0,0,0
1764861396.304489,107014,0,0,0,0
1764861396.354756,107064,0,0,0,0
1764861396.405252,107114,0,0,0,0
1764861396.455425,107164,0,0,0,0
1764861396.505804,107214,0,0,0,0
1764861396.555166,107264,0,0,0,0
1764861396.605359,107314,0,0,0,0
1764861396.6557262,107364,0,0,0,0
1764861396.706099,107414,0,0,0,0
1764861396.756305,107464,0,0,0,0
1764861396.806615,107514,0,0,0,0
1764861396.855892,107564,0,0,0,0
1764861396.906204,107614,0,0,0,0
1764861396.956529,107664,0,0,0,0
1764861397.0069609,107714,0,0,0,0
1764861397.057164,107764,0,0,0,0
1764861397.107522,107814,0,0,0,0
1764861397.156851,107864,0,0,0,0
1764861397.207082,107914,0,0,0,0
1764861397.257476,107964,0,0,0,0
1764861397.307659,108014,0,0,0,0
1764861397.358036,108064,0,0,0,0
1764861397.408428,108114,0,0,0,0
1764861397.457628,108164,0,0,0,0
1764861397.5079901,108214,0,0,0,0
1764861397.558381,108264,0,0,0,0
1764861397.608523,108314,0,0,0,0
1764861397.658887,108364,0,0,0,0
1764861397.709258,108414,0,0,0,0
1764861397.7584362,108464,0,0,0,0
1764861397.808803,108514,0,0,0,0
1764861397.8591528,108564,0,0,0,0
1764861397.9093509,108614,0,0,0,0
1764861397.9597251,108664,0,0,0,0
1764861398.0100732,108715,0,0,0,0
1764861398.060461,108765,0,0,0,0
1764861398.110646,108815,0,0,0,0
1764861398.161016,108865,0,0,0,0
1764861398.211384,108915,0,0,0,0
1764861398.2616,108965,0,0,0,0
1764861398.310951,109015,0,0,0,0
1764861398.3610592,109065,0,0,0,0
1764861398.411435,109115,0,0,0,0
1764861398.461945,109165,0,0,0,0
1764861398.5121138,109215,0,0,0,0
1764861398.5624828,109265,0,0,0,0
1764861398.611846,109315,0,0,0,0
1764861398.662066,109365,0,0,0,0
1764861398.7124338,109415,0,0,0,0
1764861398.762819,109465,0,0,0,0
1764861398.813029,109515,0,0,0,0
1764861398.863323,109565,0,0,0,0
1764861398.912565,109615,0,0,0,0
1764861398.962909,109665,0,0,0,0
1764861399.01334,109715,0,0,0,0
1764861399.0636318,109765,0,0,0,0
1764861399.113767,109815,0,0,0,0
1764861399.164205,109865,0,0,0,0
1764861399.2135391,109915,0,0,0,0
1764861399.2637591,109965,0,0,0,0
1764861399.3141031,110015,0,0,0,0
1764861399.3644779,110065,0,0,0,0
1764861399.41467,110115,0,0,0,0
1764861399.46507,110166,0,0,0,0
1764861399.5153532,110216,0,0,0,0
1764861399.5656772,110266,0,0,0,0
1764861399.6160378,110316,0,0,0,0
1764861399.666213,110366,0,0,0,0
1764861399.716584,110416,0,0,0,0
1764861399.765949,110466,0,0,0,0
1764861399.816164,110516,0,0,0,0
1764861399.866564,110566,0,0,0,0
1764861399.916907,110616,0,0,0,0
1764861399.967145,110666,0,0,0,0
1764861400.0175092,110716,0,0,0,0
1764861400.0667012,110766,0,0,0,0
1764861400.117074,110816,0,0,0,0
1764861400.16744,110866,0,0,0,0
1764861400.217601,110916,0,0,0,0
1764861400.268031,110966,0,0,0,0
1764861400.3183649,111016,0,0,0,0
1764861400.367559,111066,0,0,0,0
1764861400.4178839,111116,0,0,0,0
1764861400.4683409,111166,0,0,0,0
1764861400.51867,111216,0,0,0,0
1764861400.5688362,111266,0,0,0,0
1764861400.6191978,111316,0,0,0,0
1764861400.668524,111366,0,0,0,0
1764861400.718719,111416,0,0,0,0
1764861400.769077,111466,0,0,0,0
1764861400.8193548,111516,0,0,0,0
1764861400.869826,111566,0,0,0,0
1764861400.918981,111616,0,0,0,0
1764861400.969385,111666,0,0,0,0
1764861401.019582,111716,0,0,0,0
1764861401.069916,111766,0,0,0,0
1764861401.120332,111816,0,0,0,0
1764861401.170469,111866,0,0,0,0
1764861401.21983,111916,0,0,0,0
1764861401.270112,111966,0,0,0,0
1764861401.320586,112016,0,0,0,0
1764861401.370786,112066,0,0,0,0
1764861401.421115,112116,0,0,0,0
1764861401.471499,112166,0,0,0,0
1764861401.520652,112216,0,0,0,0
1764861401.5710359,112266,0,0,0,0
1764861401.6213639,112316,0,0,0,0
1764861401.671753,112366,0,0,0,0
1764861401.7219431,112416,0,0,0,0
1764861401.7723022,112466,0,0,0,0
1764861401.821635,112516,0,0,0,0
1764861401.871825,112566,0,0,0,0
1764861401.922175,112616,0,0,0,0
1764861401.972567,112666,0,0,0,0
1764861402.022769,112716,0,0,0,0
1764861402.073136,112766,0,0,0,0
1764861402.122496,112816,0,0,0,0
1764861402.172689,112866,0,0,0,0
1764861402.223066,112916,0,0,0,0
1764861402.27331,112966,0,0,0,0
1764861402.32364,113016,0,0,0,0
1764861402.374017,113067,0,0,0,0
1764861402.424345,113117,0,0,0,0
1764861402.474559,113167,0,0,0,0
1764861402.524915,113217,0,0,0,0
1764861402.575317,113267,0,0,0,0
1764861402.6253598,113317,0,0,0,0
1764861402.674829,113367,0,0,0,0
1764861402.725214,113417,0,0,0,0
1764861402.775639,113467,0,0,0,0
1764861402.825695,113517,0,0,0,0
1764861402.876122,113567,0,0,0,0
1764861402.9265091,113617,0,0,0,0
1764861402.9756942,113667,0,0,0,0
1764861403.025938,113717,0,0,0,0
1764861403.0762491,113767,0,0,0,0
1764861403.126699,113817,0,0,0,0
1764861403.177004,113867,0,0,0,0
1764861403.227285,113917,0,0,0,0
1764861403.276566,113967,0,0,0,0
1764861403.3267741,114017,0,0,0,0
1764861403.377179,114067,0,0,0,0
1764861403.427475,114117,0,0,0,0
1764861403.4777322,114167,0,0,0,0
1764861403.5280771,114217,0,0,0,0
1764861403.577455,114267,0,0,0,0
1764861403.627795,114317,0,0,0,0
1764861403.677928,114367,0,0,0,0
1764861403.728388,114417,0,0,0,0
1764861403.778754,114467,0,0,0,0
1764861403.828982,114518,0,0,0,0
1764861403.879246,114568,0,0,0,0
1764861403.929559,114618,0,0,0,0
1764861403.9799302,114668,0,0,0,0
1764861404.0302222,114718,0,0,0,0
1764861404.080547,114768,0,0,0,0
1764861404.1298938,114818,0,0,0,0
1764861404.180279,114868,0,0,0,0
1764861404.23047,114918,0,0,0,0
1764861404.280829,114968,0,0,0,0
1764861404.331189,115018,0,0,0,0
1764861404.3813891,115068,0,0,0,0
1764861404.430719,115118,0,0,0,0
1764861404.480955,115168,0,0,0,0
1764861404.531279,115218,0,0,0,0
1764861404.581676,115268,0,0,0,0
1764861404.631888,115318,0,0,0,0
1764861404.682167,115368,0,0,0,0
1764861404.7316191,115418,0,0,0,0
1764861404.781823,115468,0,0,0,0
1764861404.83218,115518,0,0,0,0
1764861404.8825521,115568,0,0,0,0
1764861404.932765,115618,0,0,0,0
1764861404.983132,115668,0,0,0,0
1764861405.032452,115718,0,0,0,0
1764861405.0826828,115768,0,0,0,0
1764861405.133041,115818,0,0,0,0
1764861405.18343,115868,0,0,0,0
1764861405.233621,115918,0,0,0,0
1764861405.2829719,115968,0,0,0,0
1764861405.333179,116018,0,0,0,0
1764861405.3834848,116068,0,0,0,0
1764861405.433938,116118,0,0,0,0
1764861405.4841468,116168,0,0,0,0
1764861405.534514,116218,0,0,0,0
1764861405.5838861,116268,0,0,0,0
1764861405.634084,116318,0,0,0,0
1764861405.684472,116368,0,0,0,0
1764861405.734675,116418,0,0,0,0
1764861405.785059,116468,0,0,0,0
1764861405.835437,116518,0,0,0,0
1764861405.884606,116568,0,0,0,0
1764861405.934964,116618,0,0,0,0
1764861405.985353,116668,0,0,0,0
1764861406.035532,116718,0,0,0,0
1764861406.0859032,116768,0,0,0,0
1764861406.136246,116818,0,0,0,0
1764861406.1854239,116868,0,0,0,0
1764861406.23578,116918,0,0,0,0
1764861406.2861829,116968,0,0,0,0
1764861406.336388,117018,0,0,0,0
1764861406.3867579,117068,0,0,0,0
1764861406.437144,117118,0,0,0,0
1764861406.486327,117168,0,0,0,0
1764861406.536711,117218,0,0,0,0
1764861406.58707,117268,0,0,0,0
1764861406.637254,117318,0,0,0,0
1764861406.687617,117368,0,0,0,0
1764861406.738014,117419,0,0,0,0
1764861406.788241,117469,0,0,0,0
1764861406.8384871,117519,0,0,0,0
1764861406.888792,117569,0,0,0,0
1764861406.9392378,117619,0,0,0,0
1764861406.989552,117669,0,0,0,0
1764861407.038729,117719,0,0,0,0
1764861407.08911,117769,0,0,0,0
1764861407.139492,117819,0,0,0,0
1764861407.18968,117869,0,0,0,0
1764861407.2400398,117919,0,0,0,0
1764861407.290448,117969,0,0,0,0
1764861407.339637,118019,0,0,0,0
1764861407.389865,118069,0,0,0,0
1764861407.4402251,118119,0,0,0,0
1764861407.4906082,118169,0,0,0,0
1764861407.54076,118219,0,0,0,0
1764861407.591288,118269,0,0,0,0
1764861407.640563,118319,0,0,0,0
1764861407.6907809,118369,0,0,0,0
1764861407.741139,118419,0,0,0,0
1764861407.791504,118469,0,0,0,0
1764861407.841686,118519,0,0,0,0
1764861407.8920698,118569,0,0,0,0
1764861407.94139,118619,0,0,0,0
1764861407.991599,118669,0,0,0,0
1764861408.041982,118719,0,0,0,0
1764861408.0923588,118769,0,0,0,0
1764861408.142551,118819,0,0,0,0
1764861408.192922,118870,0,0,0,0
1764861408.2432902,118920,0,0,0,0
1764861408.2935019,118970,0,0,0,0
1764861408.343864,119020,0,0,0,0
1764861408.394228,119070,0,0,0,0
1764861408.444363,119120,0,0,0,0
1764861408.49367,119170,0,0,0,0
1764861408.544144,119220,0,0,0,0
1764861408.594336,119270,0,0,0,0
1764861408.644572,119320,0,0,0,0
1764861408.6950662,119370,0,0,0,0
1764861408.745259,119420,0,0,0,0
1764861408.794614,119470,0,0,0,0
1764861408.84499,119520,0,0,0,0
1764861408.895225,119570,0,0,0,0
1764861408.945565,119620,0,0,0,0
1764861408.995919,119670,0,0,0,0
1764861409.046117,119720,0,0,0,0
1764861409.095348,119770,0,0,0,0
1764861409.145827,119820,0,0,0,0
1764861409.1959648,119870,0,0,0,0
1764861409.2464142,119920,0,0,0,0
1764861409.2967832,119970,0,0,0,0
1764861409.3469949,120020,0,0,0,0
1764861409.3963351,120070,0,0,0,0
1764861409.4466949,120120,0,0,0,0
1764861409.496901,120170,0,0,0,0
1764861409.547244,120220,0,0,0,0
1764861409.597642,120270,0,0,0,0
1764861409.64673,120320,0,0,0,0
1764861409.6972082,120370,0,0,0,0
1764861409.747566,120420,0,0,0,0
1764861409.797775,120470,0,0,0,0
1764861409.848212,120520,0,0,0,0
1764861409.898339,120570,0,0,0,0
1764861409.9476979,120620,0,0,0,0
1764861409.9980521,120670,0,0,0,0
1764861410.048427,120720,0,0,0,0
1764861410.098603,120770,0,0,0,0
1764861410.148992,120820,0,0,0,0
1764861410.19931,120870,0,0,0,0
1764861410.24849,120920,0,0,0,0
1764861410.298838,120970,0,0,0,0
1764861410.349202,121020,0,0,0,0
1764861410.399405,121070,0,0,0,0
1764861410.4497862,121120,0,0,0,0
1764861410.500195,121170,0,0,0,0
1764861410.549491,121220,0,0,0,0
1764861410.599644,121270,0,0,0,0
1764861410.650023,121320,0,0,0,0
1764861410.700379,121370,0,0,0,0
1764861410.7507572,121420,0,0,0,0
1764861410.800935,121470,0,0,0,0
1764861410.850301,121520,0,0,0,0
1764861410.900658,121570,0,0,0,0
1764861410.9508312,121620,0,0,0,0
1764861411.001219,121670,0,0,0,0
1764861411.051591,121720,0,0,0,0
1764861411.101807,121771,0,0,0,0
1764861411.152211,121821,0,0,0,0
1764861411.2025778,121871,0,0,0,0
1764861411.252779,121921,0,0,0,0
1764861411.303185,121971,0,0,0,0
1764861411.353527,122021,0,0,0,0
1764861411.4027379,122071,0,0,0,0
1764861411.452926,122121,0,0,0,0
1764861411.503308,122171,0,0,0,0
1764861411.553686,122221,0,0,0,0
1764861411.6039019,122271,0,0,0,0
1764861411.6542878,122321,0,0,0,0
1764861411.70347,122371,0,0,0,0
1764861411.753855,122421,0,0,0,0
1764861411.804204,122471,0,0,0,0
1764861411.854433,122521,0,0,0,0
1764861411.904831,122571,0,0,0,0
1764861411.955032,122621,0,0,0,0
1764861412.004411,122671,0,0,0,0
1764861412.054791,122721,0,0,0,0
1764861412.10498,122771,0,0,0,0
1764861412.155385,122821,0,0,0,0
1764861412.205604,122871,0,0,0,0
1764861412.2559092,122921,0,0,0,0
1764861412.3051898,122971,0,0,0,0
1764861412.355594,123021,0,0,0,0
1764861412.405814,123071,0,0,0,0
1764861412.456177,123121,0,0,0,0
1764861412.5065448,123171,0,0,0,0
1764861412.5568051,123222,0,0,0,0
1764861412.607158,123272,0,0,0,0
1764861412.6573818,123322,0,0,0,0
1764861412.7077498,123372,0,0,0,0
1764861412.758152,123422,0,0,0,0
1764861412.808316,123472,0,0,0,0
1764861412.857674,123522,0,0,0,0
1764861412.908046,123572,0,0,0,0
1764861412.9581409,123622,0,0,0,0
1764861413.008503,123672,0,0,0,0
1764861413.059042,123722,0,0,0,0
1764861413.109191,123772,0,0,0,0
1764861413.1585522,123822,0,0,0,0
1764861413.208906,123872,0,0,0,0
1764861413.2591171,123922,0,0,0,0
1764861413.30941,123972,0,0,0,0
1764861413.3597848,124022,0,0,0,0
1764861413.4101079,124072,0,0,0,0
1764861413.459451,124122,0,0,0,0
1764861413.509622,124172,0,0,0,0
1764861413.5600178,124222,0,0,0,0
1764861413.61023,124272,0,0,0,0
1764861413.660608,124322,0,0,0,0
1764861413.7109928,124372,0,0,0,0
1764861413.7601762,124422,0,0,0,0
1764861413.810559,124472,0,0,0,0
1764861413.860781,124522,0,0,0,0
1764861413.911179,124572,0,0,0,0
1764861413.9615512,124622,0,0,0,0
1764861414.01072,124672,0,0,0,0
1764861414.061149,124722,0,0,0,0
1764861414.111512,124772,0,0,0,0
1764861414.16172,124822,0,0,0,0
1764861414.212131,124872,0,0,0,0
1764861414.262326,124922,0,0,0,0
1764861414.311698,124972,0,0,0,0
1764861414.3618739,125022,0,0,0,0
1764861414.412284,125072,0,0,0,0
1764861414.4626539,125122,0,0,0,0
1764861414.512873,125172,0,0,0,0
1764861414.5632262,125222,0,0,0,0
1764861414.612401,125272,0,0,0,0
1764861414.6626902,125322,0,0,0,0
1764861414.713176,125372,0,0,0,0
1764861414.76339,125422,0,0,0,0
1764861414.813747,125472,0,0,0,0
1764861414.864147,125522,0,0,0,0
1764861414.9133482,125572,0,0,0,0
1764861414.963707,125622,0,0,0,0
1764861415.0138922,125672,0,0,0,0
1764861415.064307,125722,0,0,0,0
1764861415.1146922,125772,0,0,0,0
1764861415.164892,125822,0,0,0,0
1764861415.214245,125872,0,0,0,0
1764861415.264624,125922,0,0,0,0
1764861415.31497,125972,0,0,0,0
1764861415.365231,126022,0,0,0,0
1764861415.415421,126072,0,0,0,0
1764861415.465806,126123,0,0,0,0
1764861415.516169,126173,0,0,0,0
1764861415.566365,126223,0,0,0,0
1764861415.6167638,126273,0,0,0,0
1764861415.667107,126323,0,0,0,0
1764861415.717321,126373,0,0,0,0
1764861415.766675,126423,0,0,0,0
1764861415.816873,126473,0,0,0,0
1764861415.86726,126523,0,0,0,0
1764861415.9176471,126573,0,0,0,0
1764861415.9678268,126623,0,0,0,0
1764861416.018198,126673,0,0,0,0
1764861416.06739,126723,0,0,0,0
1764861416.117779,126773,0,0,0,0
1764861416.168155,126823,0,0,0,0
1764861416.218355,126873,0,0,0,0
1764861416.268714,126923,0,0,0,0
1764861416.319097,126973,0,0,0,0
1764861416.368437,127023,0,0,0,0
1764861416.418551,127073,0,0,0,0
1764861416.468896,127123,0,0,0,0
1764861416.519215,127173,0,0,0,0
1764861416.56959,127223,0,0,0,0
1764861416.619945,127273,0,0,0,0
1764861416.6690931,127323,0,0,0,0
1764861416.719488,127373,0,0,0,0
1764861416.7698402,127423,0,0,0,0
1764861416.820099,127473,0,0,0,0
1764861416.870446,127523,0,0,0,0
1764861416.9208078,127574,0,0,0,0
1764861416.9709911,127624,0,0,0,0
1764861417.021339,127674,0,0,0,0
1764861417.071716,127724,0,0,0,0
1764861417.121946,127774,0,0,0,0
1764861417.172313,127824,0,0,0,0
1764861417.2216718,127874,0,0,0,0
1764861417.271911,127924,0,0,0,0
1764861417.322149,127974,0,0,0,0
1764861417.372619,128024,0,0,0,0
1764861417.422836,128074,0,0,0,0
1764861417.473224,128124,0,0,0,0
1764861417.5225332,128174,0,0,0,0
1764861417.5727549,128224,0,0,0,0
1764861417.623102,128274,0,0,0,0
1764861417.673472,128324,0,0,0,0
1764861417.723684,128374,0,0,0,0
1764861417.77407,128424,0,0,0,0
1764861417.823236,128474,0,0,0,0
1764861417.8736231,128524,0,0,0,0
1764861417.923846,128574,0,0,0,0
1764861417.974245,128624,0,0,0,0
1764861418.024622,128674,0,0,0,0
1764861418.074837,128724,0,0,0,0
1764861418.124177,128774,0,0,0,0
1764861418.174571,128824,0,0,0,0
1764861418.224774,128874,0,0,0,0
1764861418.27516,128924,0,0,0,0
1764861418.325363,128974,0,0,0,0
1764861418.374722,129024,0,0,0,0
1764861418.4250848,129074,0,0,0,0
1764861418.4752629,129124,0,0,0,0
1764861418.525675,129174,0,0,0,0
1764861418.5760121,129224,0,0,0,0
1764861418.6262348,129274,0,0,0,0
1764861418.6759732,129324,0,0,0,0
1764861418.725835,129374,0,0,0,0
1764861418.776192,129424,0,0,0,0
1764861418.826484,129474,0,0,0,0
1764861418.876757,129524,0,0,0,0
1764861418.927146,129574,0,0,0,0
1764861418.976505,129624,0,0,0,0
1764861419.0266938,129674,0,0,0,0
1764861419.0770829,129724,0,0,0,0
1764861419.12731,129774,0,0,0,0
1764861419.177666,129824,0,0,0,0
1764861419.2280588,129874,0,0,0,0
1764861419.2772229,129924,0,0,0,0
1764861419.3275928,129974,0,0,0,0
1764861419.377982,130024,0,0,0,0
1764861419.428152,130074,0,0,0,0
1764861419.4785311,130124,0,0,0,0
1764861419.528895,130174,0,0,0,0
1764861419.5780978,130224,0,0,0,0
1764861419.628455,130274,0,0,0,0
1764861419.678795,130324,0,0,0,0
1764861419.7290869,130374,0,0,0,0
1764861419.7793941,130424,0,0,0,0
1764861419.829611,130475,0,0,0,0
1764861419.879859,130525,0,0,0,0
1764861419.9303281,130575,0,0,0,0
1764861419.9806988,130625,0,0,0,0
1764861420.030923,130675,0,0,0,0
1764861420.081304,130725,0,0,0,0
1764861420.130466,130775,0,0,0,0
1764861420.18085,130825,0,0,0,0
1764861420.231183,130875,0,0,0,0
1764861420.281582,130925,0,0,0,0
1764861420.3318028,130975,0,0,0,0
1764861420.3821719,131025,0,0,0,0
1764861420.431333,131075,0,0,0,0
1764861420.481727,131125,0,0,0,0
1764861420.532089,131175,0,0,0,0
1764861420.582322,131225,0,0,0,0
1764861420.6326962,131275,0,0,0,0
1764861420.6829572,131325,0,0,0,0
1764861420.732241,131375,0,0,0,0
1764861420.782618,131425,0,0,0,0
1764861420.8328419,131475,0,0,0,0
1764861420.883187,131525,0,0,0,0
1764861420.93354,131575,0,0,0,0
1764861420.983724,131625,0,0,0,0
1764861421.03307,131675,0,0,0,0
1764861421.083401,131725,0,0,0,0
1764861421.133719,131775,0,0,0,0
1764861421.184076,131825,0,0,0,0
1764861421.2343118,131875,0,0,0,0
1764861421.2846751,131926,0,0,0,0
1764861421.3350651,131976,0,0,0,0
1764861421.38527,132026,0,0,0,0
1764861421.435597,132076,0,0,0,0
1764861421.486041,132126,0,0,0,0
1764861421.5361989,132176,0,0,0,0
1764861421.585556,132226,0,0,0,0
1764861421.635916,132276,0,0,0,0
1764861421.68607,132326,0,0,0,0
1764861421.736481,132376,0,0,0,0
1764861421.78685,132426,0,0,0,0
1764861421.83703,132476,0,0,0,0
1764861421.886376,132526,0,0,0,0
1764861421.936733,132576,0,0,0,0
1764861421.986922,132626,0,0,0,0
1764861422.037299,132676,0,0,0,0
1764861422.087661,132726,0,0,0,0
1764861422.1378481,132776,0,0,0,0
1764861422.1871612,132826,0,0,0,0
1764861422.237545,132876,0,0,0,0
1764861422.287934,132926,0,0,0,0
1764861422.3381,132976,0,0,0,0
1764861422.3885,133026,0,0,0,0
1764861422.4388459,133076,0,0,0,0
1764861422.488029,133126,0,0,0,0
1764861422.538421,133176,0,0,0,0
1764861422.588817,133226,0,0,0,0
1764861422.63913,133276,0,0,0,0
1764861422.689316,133326,0,0,0,0
1764861422.738663,133376,0,0,0,0
1764861422.788852,133426,0,0,0,0
1764861422.8392,133476,0,0,0,0
1764861422.889576,133526,0,0,0,0
1764861422.939939,133576,0,0,0,0
1764861422.99014,133626,0,0,0,0
1764861423.039449,133676,0,0,0,0
1764861423.089819,133726,0,0,0,0
1764861423.1400251,133776,0,0,0,0
1764861423.1904151,133826,0,0,0,0
1764861423.240771,133876,0,0,0,0
1764861423.2909682,133926,0,0,0,0
1764861423.340325,133976,0,0,0,0
1764861423.390709,134026,0,0,0,0
1764861423.440811,134076,0,0,0,0
1764861423.4913,134126,0,0,0,0
1764861423.5416389,134176,0,0,0,0
1764861423.591873,134226,0,0,0,0
1764861423.6412008,134276,0,0,0,0
1764861423.6914518,134326,0,0,0,0
1764861423.741788,134376,0,0,0,0
1764861423.792146,134426,0,0,0,0
1764861423.842367,134476,0,0,0,0
1764861423.8927,134526,0,0,0,0
1764861423.9420748,134576,0,0,0,0
1764861423.992168,134626,0,0,0,0
1764861424.042649,134676,0,0,0,0
1764861424.093032,134726,0,0,0,0
1764861424.1432488,134776,0,0,0,0
1764861424.193495,134827,0,0,0,0
1764861424.243882,134877,0,0,0,0
1764861424.294069,134927,0,0,0,0
1764861424.34447,134977,0,0,0,0
1764861424.39469,135027,0,0,0,0
1764861424.445046,135077,0,0,0,0
1764861424.494528,135127,0,0,0,0
1764861424.54462,135177,0,0,0,0
1764861424.59509,135227,0,0,0,0
1764861424.64547,135277,0,0,0,0
1764861424.695668,135327,0,0,0,0
1764861424.746059,135377,0,0,0,0
1764861424.7952409,135427,0,0,0,0
1764861424.845502,135477,0,0,0,0
1764861424.895872,135527,0,0,0,0
1764861424.9460638,135577,0,0,0,0
1764861424.9964411,135627,0,0,0,0
1764861425.046828,135677,0,0,0,0
1764861425.096011,135727,0,0,0,0
1764861425.1464489,135777,0,0,0,0
1764861425.196804,135827,0,0,0,0
1764861425.2471712,135877,0,0,0,0
1764861425.297371,135927,0,0,0,0
1764861425.3476439,135977,0,0,0,0
1764861425.397009,136027,0,0,0,0
1764861425.447178,136077,0,0,0,0
1764861425.497663,136127,0,0,0,0
1764861425.5480251,136177,0,0,0,0
1764861425.59824,136227,0,0,0,0
1764861425.6486,136278,0,0,0,0
1764861425.698983,136328,0,0,0,0
1764861425.749036,136378,0,0,0,0
1764861425.799436,136428,0,0,0,0
1764861425.849867,136478,0,0,0,0
1764861425.900123,136528,0,0,0,0
1764861425.949337,136578,0,0,0,0
1764861425.999733,136628,0,0,0,0
1764861426.0500412,136678,0,0,0,0
1764861426.100432,136728,0,0,0,0
1764861426.150509,136778,0,0,0,0
1764861426.2009568,136828,0,0,0,0
1764861426.250349,136878,0,0,0,0
1764861426.300548,136928,0,0,0,0
1764861426.35098,136978,0,0,0,0
1764861426.4013288,137028,0,0,0,0
1764861426.4513988,137078,0,0,0,0
1764861426.501805,137128,0,0,0,0
1764861426.551243,137178,0,0,0,0
1764861426.601463,137228,0,0,0,0
1764861426.651838,137278,0,0,0,0
1764861426.701986,137328,0,0,0,0
1764861426.752387,137378,0,0,0,0
1764861426.802777,137428,0,0,0,0
1764861426.852127,137478,0,0,0,0
1764861426.9023,137528,0,0,0,0
1764861426.952678,137578,0,0,0,0
1764861427.0030458,137628,0,0,0,0
1764861427.053254,137678,0,0,0,0
1764861427.102575,137728,0,0,0,0
1764861427.152813,137778,0,0,0,0
1764861427.2031648,137828,0,0,0,0
1764861427.2534459,137878,0,0,0,0
1764861427.3037271,137928,0,0,0,0
1764861427.3541088,137978,0,0,0,0
1764861427.403458,138028,0,0,0,0
1764861427.453669,138078,0,0,0,0
1764861427.504042,138128,0,0,0,0
1764861427.554414,138178,0,0,0,0
1764861427.6046169,138228,0,0,0,0
1764861427.6549802,138278,0,0,0,0
1764861427.704349,138328,0,0,0,0
1764861427.7545202,138378,0,0,0,0
1764861427.80494,138428,0,0,0,0
1764861427.8553221,138478,0,0,0,0
1764861427.905515,138528,0,0,0,0
1764861427.955945,138578,0,0,0,0
1764861428.0050611,138628,0,0,0,0
1764861428.055441,138678,0,0,0,0
1764861428.1058009,138728,0,0,0,0
1764861428.156016,138778,0,0,0,0
1764861428.2063591,138828,0,0,0,0
1764861428.256723,138878,0,0,0,0
1764861428.305931,138928,0,0,0,0
1764861428.35627,138978,0,0,0,0
1764861428.406612,139028,0,0,0,0
1764861428.4568331,139078,0,0,0,0
1764861428.5072331,139128,0,0,0,0
1764861428.557578,139179,0,0,0,0
1764861428.607767,139229,0,0,0,0
1764861428.658145,139279,0,0,0,0
1764861428.7084942,139329,0,0,0,0
1764861428.758846,139379,0,0,0,0
1764861428.809013,139429,0,0,0,0
1764861428.8583932,139479,0,0,0,0
1764861428.9086661,139529,0,0,0,0
1764861428.9590871,139579,0,0,0,0
1764861429.00929,139629,0,0,0,0
1764861429.0596328,139679,0,0,0,0
1764861429.109975,139729,0,0,0,0
1764861429.159153,139779,0,0,0,0
1764861429.209541,139829,0,0,0,0
1764861429.2599301,139879,0,0,0,0
1764861429.310116,139929,0,0,0,0
1764861429.360467,139979,0,0,0,0
1764861429.41072,140029,0,0,0,0
1764861429.460176,140079,0,0,0,0
1764861429.5103822,140129,0,0,0,0
1764861429.5607371,140179,0,0,0,0
1764861429.6110919,140229,0,0,0,0
1764861429.6612868,140279,0,0,0,0
1764861429.711626,140329,0,0,0,0
1764861429.7609391,140379,0,0,0,0
1764861429.811291,140429,0,0,0,0
1764861429.861666,140479,0,0,0,0
1764861429.911839,140529,0,0,0,0
1764861429.962222,140579,0,0,0,0
1764861430.0125859,140630,0,0,0,0
1764861430.0629241,140680,0,0,0,0
1764861430.1130922,140730,0,0,0,0
1764861430.163466,140780,0,0,0,0
1764861430.213807,140830,0,0,0,0
1764861430.2641768,140880,0,0,0,0
1764861430.313643,140930,0,0,0,0
1764861430.3636968,140980,0,0,0,0
1764861430.414046,141030,0,0,0,0
1764861430.46424,141080,0,0,0,0
1764861430.514615,141130,0,0,0,0
1764861430.56498,141180,0,0,0,0
1764861430.614298,141230,0,0,0,0
1764861430.664514,141280,0,0,0,0
1764861430.7149172,141330,0,0,0,0
1764861430.7652218,141380,0,0,0,0
1764861430.815423,141430,0,0,0,0
1764861430.865767,141480,0,0,0,0
1764861430.915033,141530,0,0,0,0
1764861430.965367,141580,0,0,0,0
1764861431.015587,141630,0,0,0,0
1764861431.066072,141680,0,0,0,0
1764861431.1163251,141730,0,0,0,0
1764861431.166497,141780,0,0,0,0
1764861431.215946,141830,0,0,0,0
1764861431.2661319,141880,0,0,0,0
1764861431.316528,141930,0,0,0,0
1764861431.366915,141980,0,0,0,0
1764861431.4171278,142030,0,0,0,0
1764861431.4664268,142080,0,0,0,0
1764861431.516806,142130,0,0,0,0
1764861431.567019,142180,0,0,0,0
1764861431.617378,142230,0,0,0,0
1764861431.667779,142280,0,0,0,0
1764861431.71796,142330,0,0,0,0
1764861431.767334,142380,0,0,0,0
1764861431.817726,142430,0,0,0,0
1764861431.867918,142480,0,0,0,0
1764861431.91831,142530,0,0,0,0
1764861431.9686122,142580,0,0,0,0
1764861432.01889,142630,0,0,0,0
1764861432.068254,142680,0,0,0,0
1764861432.118455,142730,0,0,0,0
1764861432.1688871,142780,0,0,0,0
1764861432.219043,142830,0,0,0,0
1764861432.269431,142880,0,0,0,0
1764861432.319764,142930,0,0,0,0
1764861432.368932,142980,0,0,0,0
1764861432.419339,143030,0,0,0,0
1764861432.469697,143080,0,0,0,0
1764861432.519915,143130,0,0,0,0
1764861432.570286,143180,0,0,0,0
1764861432.620626,143230,0,0,0,0
1764861432.669973,143280,0,0,0,0
1764861432.720163,143330,0,0,0,0
1764861432.770562,143380,0,0,0,0
1764861432.820916,143430,0,0,0,0
1764861432.8711371,143480,0,0,0,0
1764861432.921485,143531,0,0,0,0
1764861432.9718661,143581,0,0,0,0
1764861433.0219991,143631,0,0,0,0
1764861433.072533,143681,0,0,0,0
1764861433.122884,143731,0,0,0,0
1764861433.173471,143781,0,0,0,0
1764861433.222337,143831,0,0,0,0
1764861433.273494,143881,0,0,0,0
1764861433.32284,143931,0,0,0,0
1764861433.373312,143981,0,0,0,0
1764861433.423651,144031,0,0,0,0
1764861433.473897,144081,0,0,0,0
1764861433.523207,144131,0,0,0,0
1764861433.573479,144181,0,0,0,0
1764861433.623671,144231,0,0,0,0
1764861433.6741672,144281,0,0,0,0
1764861433.724532,144331,0,0,0,0
1764861433.774691,144381,0,0,0,0
1764861433.824057,144431,0,0,0,0
1764861433.8744252,144481,0,0,0,0
1764861433.924623,144531,0,0,0,0
1764861433.974966,144581,0,0,0,0
1764861434.0252721,144631,0,0,0,0
1764861434.075475,144681,0,0,0,0
1764861434.124802,144731,0,0,0,0
1764861434.175138,144781,0,0,0,0
1764861434.2254999,144831,0,0,0,0
1764861434.2758029,144881,0,0,0,0
1764861434.3260942,144931,0,0,0,0
1764861434.3764942,144982,0,0,0,0
1764861434.426699,145032,0,0,0,0
1764861434.476943,145082,0,0,0,0
1764861434.527439,145132,0,0,0,0
1764861434.5776389,145182,0,0,0,0
1764861434.6279922,145232,0,0,0,0
1764861434.67732,145282,0,0,0,0
1764861434.727568,145332,0,0,0,0
1764861434.777923,145382,0,0,0,0
1764861434.8283122,145432,0,0,0,0
1764861434.878506,145482,0,0,0,0
1764861434.9288902,145532,0,0,0,0
1764861434.9782221,145582,0,0,0,0
1764861435.028449,145632,0,0,0,0
1764861435.078845,145682,0,0,0,0
1764861435.12916,145732,0,0,0,0
1764861435.1793861,145782,0,0,0,0
1764861435.2297459,145832,0,0,0,0
1764861435.278901,145882,0,0,0,0
1764861435.329279,145932,0,0,0,0
1764861435.379665,145982,0,0,0,0
1764861435.429889,146032,0,0,0,0
1764861435.480268,146082,0,0,0,0
1764861435.5307992,146132,0,0,0,0
1764861435.579846,146182,0,0,0,0
1764861435.630189,146232,0,0,0,0
1764861435.680501,146282,0,0,0,0
1764861435.730722,146332,0,0,0,0
1764861435.7811022,146382,0,0,0,0
1764861435.830462,146432,0,0,0,0
1764861435.880747,146482,0,0,0,0
1764861435.931021,146532,0,0,0,0
1764861435.981385,146582,0,0,0,0
1764861436.031608,146632,0,0,0,0
1764861436.081867,146682,0,0,0,0
1764861436.131337,146732,0,0,0,0
1764861436.1815119,146782,0,0,0,0
1764861436.231891,146832,0,0,0,0
1764861436.282082,146882,0,0,0,0
1764861436.332452,146932,0,0,0,0
1764861436.382849,146982,0,0,0,0
1764861436.432169,147032,0,0,0,0
1764861436.482388,147082,0,0,0,0
1764861436.532751,147132,0,0,0,0
1764861436.583115,147182,0,0,0,0
1764861436.633329,147232,0,0,0,0
1764861436.6836858,147282,0,0,0,0
1764861436.7330549,147332,0,0,0,0
1764861436.783243,147382,0,0,0,0
1764861436.833601,147432,0,0,0,0
1764861436.883976,147482,0,0,0,0
1764861436.9341812,147532,0,0,0,0
1764861436.984558,147582,0,0,0,0
1764861437.033908,147632,0,0,0,0
1764861437.084112,147682,0,0,0,0
1764861437.134484,147732,0,0,0,0
1764861437.1848252,147782,0,0,0,0
1764861437.2350569,147832,0,0,0,0
1764861437.285426,147883,0,0,0,0
1764861437.335833,147933,0,0,0,0
1764861437.386247,147983,0,0,0,0
1764861437.436367,148033,0,0,0,0
1764861437.486738,148083,0,0,0,0
1764861437.536881,148133,0,0,0,0
1764861437.586282,148183,0,0,0,0
1764861437.636483,148233,0,0,0,0
1764861437.68675,148283,0,0,0,0
1764861437.737259,148333,0,0,0,0
1764861437.787477,148383,0,0,0,0
1764861437.837805,148433,0,0,0,0
1764861437.887166,148483,0,0,0,0
1764861437.937366,148533,0,0,0,0
1764861437.987734,148583,0,0,0,0
1764861438.038115,148633,0,0,0,0
1764861438.0883179,148683,0,0,0,0
1764861438.138703,148733,0,0,0,0
1764861438.188017,148783,0,0,0,0
1764861438.2382169,148833,0,0,0,0
1764861438.288548,148883,0,0,0,0
1764861438.33895,148933,0,0,0,0
1764861438.3891578,148983,0,0,0,0
1764861438.439542,149033,0,0,0,0
1764861438.488728,149083,0,0,0,0
1764861438.539084,149133,0,0,0,0
1764861438.5894258,149183,0,0,0,0
1764861438.6397161,149233,0,0,0,0
1764861438.690026,149283,0,0,0,0
1764861438.7404091,149334,0,0,0,0
1764861438.790717,149384,0,0,0,0
1764861438.840986,149434,0,0,0,0
1764861438.891368,149484,0,0,0,0
1764861438.941581,149534,0,0,0,0
1764861438.9919438,149584,0,0,0,0
1764861439.041323,149634,0,0,0,0
1764861439.091517,149684,0,0,0,0
1764861439.1418948,149734,0,0,0,0
1764861439.1922328,149784,0,0,0,0
1764861439.2424471,149834,0,0,0,0
1764861439.292855,149884,0,0,0,0
1764861439.3421881,149934,0,0,0,0
1764861439.3923972,149984,0,0,0,0
1764861439.4428108,150034,0,0,0,0
1764861439.4929621,150084,0,0,0,0
1764861439.5433621,150134,0,0,0,0
1764861439.5937228,150184,0,0,0,0
1764861439.642879,150234,0,0,0,0
1764861439.693252,150284,0,0,0,0
1764861439.7434518,150334,0,0,0,0
1764861439.79383,150384,0,0,0,0
1764861439.84422,150434,0,0,0,0
1764861439.8944352,150484,0,0,0,0
1764861439.943769,150534,0,0,0,0
1764861439.994168,150584,0,0,0,0
1764861440.044374,150634,0,0,0,0
1764861440.0945961,150684,0,0,0,0
1764861440.145082,150734,0,0,0,0
1764861440.194392,150784,0,0,0,0
1764861440.244528,150834,0,0,0,0
1764861440.2949939,150884,0,0,0,0
1764861440.345325,150934,0,0,0,0
1764861440.3956952,150984,0,0,0,0
1764861440.445884,151034,0,0,0,0
1764861440.495254,151084,0,0,0,0
1764861440.545446,151134,0,0,0,0
1764861440.5958269,151184,0,0,0,0
1764861440.646206,151234,0,0,0,0
1764861440.696384,151284,0,0,0,0
1764861440.746786,151334,0,0,0,0
1764861440.7959669,151384,0,0,0,0
1764861440.846255,151434,0,0,0,0
1764861440.896767,151484,0,0,0,0
1764861440.946909,151534,0,0,0,0
1764861440.997291,151584,0,0,0,0
1764861441.047633,151634,0,0,0,0
1764861441.096849,151684,0,0,0,0
1764861441.147223,151734,0,0,0,0
1764861441.1975958,151784,0,0,0,0
1764861441.2479281,151834,0,0,0,0
1764861441.2981539,151884,0,0,0,0
1764861441.3485281,151934,0,0,0,0
1764861441.397701,151984,0,0,0,0
1764861441.4480472,152034,0,0,0,0
1764861441.498406,152084,0,0,0,0
1764861441.5486012,152134,0,0,0,0
1764861441.598973,152184,0,0,0,0
1764861441.649342,152235,0,0,0,0
1764861441.69952,152285,0,0,0,0
1764861441.749867,152335,0,0,0,0
1764861441.80016,152385,0,0,0,0
1764861441.850625,152435,0,0,0,0
1764861441.900832,152485,0,0,0,0
1764861441.950161,152535,0,0,0,0
1764861442.000552,152585,0,0,0,0
1764861442.050739,152635,0,0,0,0
1764861442.101103,152685,0,0,0,0
1764861442.151384,152735,0,0,0,0
1764861442.2017379,152785,0,0,0,0
1764861442.2510562,152835,0,0,0,0
1764861442.301292,152885,0,0,0,0
1764861442.351646,152935,0,0,0,0
1764861442.402009,152985,0,0,0,0
1764861442.452227,153035,0,0,0,0
1764861442.5026078,153085,0,0,0,0
1764861442.551785,153135,0,0,0,0
1764861442.602168,153185,0,0,0,0
1764861442.6524851,153235,0,0,0,0
1764861442.702731,153285,0,0,0,0
1764861442.753105,153335,0,0,0,0
1764861442.803482,153385,0,0,0,0
1764861442.85268,153435,0,0,0,0
1764861442.903063,153485,0,0,0,0
1764861442.953282,153535,0,0,0,0
1764861443.003649,153585,0,0,0,0
1764861443.0540428,153635,0,0,0,0
1764861443.10422,153686,0,0,0,0
1764861443.154628,153736,0,0,0,0
1764861443.204972,153786,0,0,0,0
1764861443.2551858,153836,0,0,0,0
1764861443.305575,153886,0,0,0,0
1764861443.355793,153936,0,0,0,0
1764861443.405131,153986,0,0,0,0
1764861443.4555368,154036,0,0,0,0
1764861443.505734,154086,0,0,0,0
1764861443.556077,154136,0,0,0,0
1764861443.606462,154186,0,0,0,0
1764861443.656662,154236,0,0,0,0
1764861443.706013,154286,0,0,0,0
1764861443.7563899,154336,0,0,0,0
1764861443.806575,154386,0,0,0,0
1764861443.856958,154436,0,0,0,0
1764861443.907136,154486,0,0,0,0
1764861443.957516,154536,0,0,0,0
1764861444.0068722,154586,0,0,0,0
1764861444.057239,154636,0,0,0,0
1764861444.1074402,154686,0,0,0,0
1764861444.1578398,154736,0,0,0,0
1764861444.2080379,154786,0,0,0,0
1764861444.25842,154836,0,0,0,0
1764861444.307679,154886,0,0,0,0
1764861444.3579772,154936,0,0,0,0
1764861444.408254,154986,0,0,0,0
1764861444.458622,155036,0,0,0,0
1764861444.508899,155086,0,0,0,0
1764861444.558261,155136,0,0,0,0
1764861444.608653,155186,0,0,0,0
1764861444.658819,155236,0,0,0,0
1764861444.7092018,155286,0,0,0,0
1764861444.7595851,155336,0,0,0,0
1764861444.809775,155386,0,0,0,0
1764861444.859029,155436,0,0,0,0
1764861444.909333,155486,0,0,0,0
1764861444.959718,155536,0,0,0,0
1764861445.010062,155586,0,0,0,0
1764861445.060462,155636,0,0,0,0
1764861445.1106381,155686,0,0,0,0
1764861445.159981,155736,0,0,0,0
1764861445.210322,155786,0,0,0,0
1764861445.260553,155836,0,0,0,0
1764861445.310853,155886,0,0,0,0
1764861445.361293,155936,0,0,0,0
1764861445.411448,155986,0,0,0,0
1764861445.460811,156036,0,0,0,0
1764861445.511155,156086,0,0,0,0
1764861445.561356,156136,0,0,0,0
1764861445.611728,156186,0,0,0,0
1764861445.662111,156236,0,0,0,0
1764861445.7123368,156286,0,0,0,0
1764861445.76174,156336,0,0,0,0
1764861445.811908,156386,0,0,0,0
1764861445.8623009,156436,0,0,0,0
1764861445.912701,156486,0,0,0,0
1764861445.962857,156536,0,0,0,0
1764861446.013231,156587,0,0,0,0
1764861446.0635772,156637,0,0,0,0
1764861446.113765,156687,0,0,0,0
1764861446.164035,156737,0,0,0,0
1764861446.214515,156787,0,0,0,0
1764861446.2648902,156837,0,0,0,0
1764861446.314046,156887,0,0,0,0
1764861446.364426,156937,0,0,0,0
1764861446.414808,156987,0,0,0,0
1764861446.4650161,157037,0,0,0,0
1764861446.5153952,157087,0,0,0,0
1764861446.5655968,157137,0,0,0,0
1764861446.61494,157187,0,0,0,0
1764861446.66519,157237,0,0,0,0
1764861446.7155259,157287,0,0,0,0
1764861446.765931,157337,0,0,0,0
1764861446.816108,157387,0,0,0,0
1764861446.8665001,157437,0,0,0,0
1764861446.915827,157487,0,0,0,0
1764861446.9660401,157537,0,0,0,0
1764861447.01641,157587,0,0,0,0
1764861447.066792,157637,0,0,0,0
1764861447.116982,157687,0,0,0,0
1764861447.167369,157737,0,0,0,0
1764861447.21673,157787,0,0,0,0
1764861447.266946,157837,0,0,0,0
1764861447.317308,157887,0,0,0,0
1764861447.367672,157937,0,0,0,0
1764861447.417892,157987,0,0,0,0
1764861447.4682581,158038,0,0,0,0
1764861447.5186749,158088,0,0,0,0
1764861447.5688288,158138,0,0,0,0
1764861447.619182,158188,0,0,0,0
1764861447.669421,158238,0,0,0,0
1764861447.719779,158288,0,0,0,0
1764861447.769135,158338,0,0,0,0
1764861447.819378,158388,0,0,0,0
1764861447.869736,158438,0,0,0,0
1764861447.920062,158488,0,0,0,0
1764861447.97027,158538,0,0,0,0
1764861448.020674,158588,0,0,0,0
1764861448.0699909,158638,0,0,0,0
1764861448.120171,158688,0,0,0,0
1764861448.170536,158738,0,0,0,0
1764861448.220913,158788,0,0,0,0
1764861448.2710762,158838,0,0,0,0
1764861448.321507,158888,0,0,0,0
1764861448.370713,158938,0,0,0,0
1764861448.421033,158988,0,0,0,0
1764861448.471436,159038,0,0,0,0
1764861448.521788,159088,0,0,0,0
1764861448.571945,159138,0,0,0,0
1764861448.622358,159188,0,0,0,0
1764861448.6717272,159238,0,0,0,0
1764861448.7218409,159288,0,0,0,0
1764861448.772346,159338,0,0,0,0
1764861448.822569,159388,0,0,0,0
1764861448.872784,159438,0,0,0,0
1764861448.9221609,159488,0,0,0,0
1764861448.97231,159538,0,0,0,0
1764861449.022811,159588,0,0,0,0
1764861449.0731862,159638,0,0,0,0
1764861449.123389,159688,0,0,0,0
1764861449.173728,159738,0,0,0,0
1764861449.223089,159788,0,0,0,0
1764861449.273317,159838,0,0,0,0
1764861449.3236759,159888,0,0,0,0
1764861449.374093,159938,0,0,0,0
1764861449.4242408,159988,0,0,0,0
1764861449.474609,160038,0,0,0,0
1764861449.523954,160088,0,0,0,0
1764861449.5742211,160138,0,0,0,0
1764861449.624584,160188,0,0,0,0
1764861449.674784,160238,0,0,0,0
1764861449.725146,160288,0,0,0,0
1764861449.77542,160338,0,0,0,0
1764861449.824726,160388,0,0,0,0
1764861449.875104,160438,0,0,0,0
1764861449.925308,160488,0,0,0,0
1764861449.975678,160538,0,0,0,0
1764861450.026059,160588,0,0,0,0
1764861450.076287,160638,0,0,0,0
1764861450.1256902,160688,0,0,0,0
1764861450.175921,160738,0,0,0,0
1764861450.2261481,160788,0,0,0,0
1764861450.276557,160838,0,0,0,0
1764861450.326907,160888,0,0,0,0
1764861450.377146,160939,0,0,0,0
1764861450.427537,160989,0,0,0,0
1764861450.477704,161039,0,0,0,0
1764861450.5280378,161089,0,0,0,0
1764861450.57847,161139,0,0,0,0
1764861450.6286411,161189,0,0,0,0
1764861450.678019,161239,0,0,0,0
1764861450.728401,161289,0,0,0,0
1764861450.778613,161339,0,0,0,0
1764861450.828879,161389,0,0,0,0
1764861450.879321,161439,0,0,0,0
1764861450.9295292,161489,0,0,0,0
1764861450.978903,161539,0,0,0,0
1764861451.029244,161589,0,0,0,0
1764861451.079424,161639,0,0,0,0
1764861451.129833,161689,0,0,0,0
1764861451.180201,161739,0,0,0,0
1764861451.230388,161789,0,0,0,0
1764861451.2797382,161839,0,0,0,0
1764861451.3301141,161889,0,0,0,0
1764861451.380338,161939,0,0,0,0
1764861451.432841,161989,0,0,0,0
1764861451.4809868,162039,0,0,0,0
1764861451.531274,162089,0,0,0,0
1764861451.580534,162139,0,0,0,0
1764861451.630956,162189,0,0,0,0
1764861451.681184,162239,0,0,0,0
1764861451.7315998,162289,0,0,0,0
1764861451.781836,162339,0,0,0,0
1764861451.8321579,162390,0,0,0,0
1764861451.882537,162440,0,0,0,0
1764861451.932746,162490,0,0,0,0
1764861451.9829981,162540,0,0,0,0
1764861452.0334861,162590,0,0,0,0
1764861452.083622,162640,0,0,0,0
1764861452.1330812,162690,0,0,0,0
1764861452.183282,162740,0,0,0,0
1764861452.233631,162790,0,0,0,0
1764861452.2840168,162840,0,0,0,0
1764861452.33422,162890,0,0,0,0
1764861452.384628,162940,0,0,0,0
1764861452.433944,162990,0,0,0,0
1764861452.484143,163040,0,0,0,0
1764861452.5345018,163090,0,0,0,0
1764861452.5848992,163140,0,0,0,0
1764861452.6351318,163190,0,0,0,0
1764861452.685388,163240,0,0,0,0
1764861452.734653,163290,0,0,0,0
1764861452.784967,163340,0,0,0,0
1764861452.835387,163390,0,0,0,0
1764861452.885616,163440,0,0,0,0
1764861452.935977,163490,0,0,0,0
1764861452.9863591,163540,0,0,0,0
1764861453.035624,163590,0,0,0,0
1764861453.085845,163640,0,0,0,0
1764861453.136189,163690,0,0,0,0
1764861453.186553,163740,0,0,0,0
1764861453.2368078,163790,0,0,0,0
1764861453.2861,163840,0,0,0,0
1764861453.336431,163890,0,0,0,0
1764861453.386666,163940,0,0,0,0
1764861453.437079,163990,0,0,0,0
1764861453.4874449,164040,0,0,0,0
1764861453.5376692,164090,0,0,0,0
1764861453.5870059,164140,0,0,0,0
1764861453.637145,164190,0,0,0,0
1764861453.687507,164240,0,0,0,0
1764861453.737893,164290,0,0,0,0
1764861453.7881951,164340,0,0,0,0
1764861453.838599,164390,0,0,0,0
1764861453.88766,164440,0,0,0,0
1764861453.938132,164490,0,0,0,0
1764861453.988478,164540,0,0,0,0
1764861454.0387242,164590,0,0,0,0
1764861454.0891168,164640,0,0,0,0
1764861454.1393201,164690,0,0,0,0
1764861454.188674,164740,0,0,0,0
1764861454.2390468,164790,0,0,0,0
1764861454.2892349,164840,0,0,0,0
1764861454.339621,164890,0,0,0,0
1764861454.389994,164940,0,0,0,0
1764861454.440193,164990,0,0,0,0
1764861454.489577,165040,0,0,0,0
1764861454.539954,165090,0,0,0,0
1764861454.590102,165140,0,0,0,0
1764861454.640491,165190,0,0,0,0
1764861454.69085,165240,0,0,0,0
1764861454.741066,165291,0,0,0,0
1764861454.79142,165341,0,0,0,0
1764861454.841814,165391,0,0,0,0
1764861454.892027,165441,0,0,0,0
1764861454.942443,165491,0,0,0,0
1764861454.992527,165541,0,0,0,0
1764861455.041875,165591,0,0,0,0
1764861455.0921412,165641,0,0,0,0
1764861455.142522,165691,0,0,0,0
1764861455.192991,165741,0,0,0,0
1764861455.2430809,165791,0,0,0,0
1764861455.293539,165841,0,0,0,0
1764861455.3428931,165891,0,0,0,0
1764861455.393097,165941,0,0,0,0
1764861455.4434628,165991,0,0,0,0
1764861455.493546,166041,0,0,0,0
1764861455.54407,166091,0,0,0,0
1764861455.5944378,166141,0,0,0,0
1764861455.643637,166191,0,0,0,0
1764861455.694009,166241,0,0,0,0
1764861455.744365,166291,0,0,0,0
1764861455.794579,166341,0,0,0,0
1764861455.845032,166391,0,0,0,0
1764861455.895222,166441,0,0,0,0
1764861455.9445848,166491,0,0,0,0
1764861455.994812,166541,0,0,0,0
1764861456.045165,166591,0,0,0,0
1764861456.095391,166641,0,0,0,0
1764861456.1457732,166691,0,0,0,0
1764861456.195999,166742,0,0,0,0
1764861456.24638,166792,0,0,0,0
1764861456.296789,166842,0,0,0,0
1764861456.346976,166892,0,0,0,0
1764861456.39736,166942,0,0,0,0
1764861456.447724,166992,0,0,0,0
1764861456.4968011,167042,0,0,0,0
1764861456.547319,167092,0,0,0,0
1764861456.5975502,167142,0,0,0,0
1764861456.647883,167192,0,0,0,0
1764861456.6982558,167242,0,0,0,0
1764861456.748502,167292,0,0,0,0
1764861456.7978659,167342,0,0,0,0
1764861456.848054,167392,0,0,0,0
1764861456.898439,167442,0,0,0,0
1764861456.948813,167492,0,0,0,0
1764861456.999027,167542,0,0,0,0
1764861457.0494342,167592,0,0,0,0
1764861457.098615,167642,0,0,0,0
1764861457.1489851,167692,0,0,0,0
1764861457.19921,167742,0,0,0,0
1764861457.249593,167792,0,0,0,0
1764861457.299778,167842,0,0,0,0
1764861457.350152,167892,0,0,0,0
1764861457.3995662,167942,0,0,0,0
1764861457.449755,167992,0,0,0,0
1764861457.5001228,168042,0,0,0,0
1764861457.5505438,168092,0,0,0,0
1764861457.600735,168142,0,0,0,0
1764861457.650002,168192,0,0,0,0
1764861457.700255,168242,0,0,0,0
1764861457.750703,168292,0,0,0,0
1764861457.8010712,168342,0,0,0,0
1764861457.851222,168392,0,0,0,0
1764861457.9015622,168442,0,0,0,0
1764861457.950766,168492,0,0,0,0
1764861458.001257,168542,0,0,0,0
1764861458.051446,168592,0,0,0,0
1764861458.101804,168642,0,0,0,0
1764861458.15221,168692,0,0,0,0
1764861458.20241,168742,0,0,0,0
1764861458.251783,168792,0,0,0,0
1764861458.301982,168842,0,0,0,0
1764861458.352386,168892,0,0,0,0
1764861458.402733,168942,0,0,0,0
1764861458.45295,168992,0,0,0,0
1764861458.503335,169042,0,0,0,0
1764861458.5524402,169092,0,0,0,0
1764861458.602901,169142,0,0,0,0
1764861458.653232,169192,0,0,0,0
1764861458.703521,169242,0,0,0,0
1764861458.75375,169292,0,0,0,0
1764861458.804126,169342,0,0,0,0
1764861458.853405,169392,0,0,0,0
1764861458.9038029,169442,0,0,0,0
1764861458.954188,169492,0,0,0,0
1764861459.00438,169542,0,0,0,0
1764861459.054763,169592,0,0,0,0
1764861459.104936,169643,0,0,0,0
1764861459.155352,169693,0,0,0,0
1764861459.205719,169743,0,0,0,0
1764861459.255934,169793,0,0,0,0
1764861459.3063092,169843,0,0,0,0
1764861459.356534,169893,0,0,0,0
1764861459.405911,169943,0,0,0,0
1764861459.456129,169993,0,0,0,0
1764861459.506515,170043,0,0,0,0
1764861459.556895,170093,0,0,0,0
1764861459.607071,170143,0,0,0,0
1764861459.6574662,170193,0,0,0,0
1764861459.70681,170243,0,0,0,0
1764861459.75704,170293,0,0,0,0
1764861459.807322,170343,0,0,0,0
1764861459.857624,170393,0,0,0,0
1764861459.907955,170443,0,0,0,0
1764861459.958325,170493,0,0,0,0
1764861460.00752,170543,0,0,0,0
1764861460.05793,170593,0,0,0,0
1764861460.108307,170643,0,0,0,0
1764861460.1585212,170693,0,0,0,0
1764861460.208895,170743,0,0,0,0
1764861460.259107,170793,0,0,0,0
1764861460.3084931,170843,0,0,0,0
1764861460.3586571,170893,0,0,0,0
1764861460.409021,170943,0,0,0,0
1764861460.45942,170993,0,0,0,0
1764861460.509629,171043,0,0,0,0
1764861460.560006,171094,0,0,0,0
1764861460.610375,171144,0,0,0,0
1764861460.6605928,171194,0,0,0,0
1764861460.710963,171244,0,0,0,0
1764861460.7612338,171294,0,0,0,0
1764861460.8115132,171344,0,0,0,0
1764861460.860884,171394,0,0,0,0
1764861460.911277,171444,0,0,0,0
1764861460.961493,171494,0,0,0,0
1764861461.0118332,171544,0,0,0,0
1764861461.062179,171594,0,0,0,0
1764861461.112417,171644,0,0,0,0
1764861461.161763,171694,0,0,0,0
1764861461.212128,171744,0,0,0,0
1764861461.262348,171794,0,0,0,0
1764861461.312685,171844,0,0,0,0
1764861461.363088,171894,0,0,0,0
1764861461.41329,171944,0,0,0,0
1764861461.462636,171994,0,0,0,0
1764861461.512831,172044,0,0,0,0
1764861461.563245,172094,0,0,0,0
1764861461.6134982,172144,0,0,0,0
1764861461.663832,172194,0,0,0,0
1764861461.714046,172244,0,0,0,0
1764861461.763409,172294,0,0,0,0
1764861461.813785,172344,0,0,0,0
1764861461.863976,172394,0,0,0,0
1764861461.914353,172444,0,0,0,0
1764861461.964739,172494,0,0,0,0
1764861462.013927,172544,0,0,0,0
1764861462.064296,172594,0,0,0,0
1764861462.1145768,172644,0,0,0,0
1764861462.1651,172694,0,0,0,0
1764861462.2152698,172744,0,0,0,0
1764861462.265512,172794,0,0,0,0
1764861462.3148348,172844,0,0,0,0
1764861462.36506,172894,0,0,0,0
1764861462.415487,172944,0,0,0,0
1764861462.465815,172994,0,0,0,0
1764861462.516053,173044,0,0,0,0
1764861462.566489,173094,0,0,0,0
1764861462.615754,173144,0,0,0,0
1764861462.665958,173194,0,0,0,0
1764861462.716341,173244,0,0,0,0
1764861462.766558,173294,0,0,0,0
1764861462.8169348,173344,0,0,0,0
1764861462.867291,173394,0,0,0,0
1764861462.916485,173444,0,0,0,0
1764861462.966856,173494,0,0,0,0
1764861463.017249,173544,0,0,0,0
1764861463.067468,173594,0,0,0,0
1764861463.117793,173644,0,0,0,0
1764861463.168152,173694,0,0,0,0
1764861463.21734,173744,0,0,0,0
1764861463.267719,173794,0,0,0,0
1764861463.31806,173844,0,0,0,0
1764861463.3682282,173894,0,0,0,0
1764861463.4186082,173944,0,0,0,0
1764861463.469023,173995,0,0,0,0
1764861463.5191512,174045,0,0,0,0
1764861463.56946,174095,0,0,0,0
1764861463.619945,174145,0,0,0,0
1764861463.670156,174195,0,0,0,0
1764861463.72051,174245,0,0,0,0
1764861463.769862,174295,0,0,0,0
1764861463.820066,174345,0,0,0,0
1764861463.87044,174395,0,0,0,0
1764861463.920803,174445,0,0,0,0
1764861463.971004,174495,0,0,0,0
1764861464.02146,174545,0,0,0,0
1764861464.0707579,174595,0,0,0,0
1764861464.120975,174645,0,0,0,0
1764861464.171346,174695,0,0,0,0
1764861464.221557,174745,0,0,0,0
1764861464.271917,174795,0,0,0,0
1764861464.32226,174845,0,0,0,0
1764861464.371455,174895,0,0,0,0
1764861464.421809,174945,0,0,0,0
1764861464.472168,174995,0,0,0,0
1764861464.522515,175045,0,0,0,0
1764861464.572725,175095,0,0,0,0
1764861464.623083,175145,0,0,0,0
1764861464.672446,175195,0,0,0,0
1764861464.7225978,175245,0,0,0,0
1764861464.772949,175295,0,0,0,0
1764861464.82336,175345,0,0,0,0
1764861464.873549,175395,0,0,0,0
1764861464.9239428,175446,0,0,0,0
1764861464.974219,175496,0,0,0,0
1764861465.0245178,175546,0,0,0,0
1764861465.074881,175596,0,0,0,0
1764861465.125246,175646,0,0,0,0
1764861465.175468,175696,0,0,0,0
1764861465.224797,175746,0,0,0,0
1764861465.275197,175796,0,0,0,0
1764861465.325435,175846,0,0,0,0
1764861465.3757372,175896,0,0,0,0
1764861465.426132,175946,0,0,0,0
1764861465.4763572,175996,0,0,0,0
1764861465.525701,176046,0,0,0,0
1764861465.5759501,176096,0,0,0,0
1764861465.626283,176146,0,0,0,0
1764861465.676491,176196,0,0,0,0
1764861465.7270641,176246,0,0,0,0
1764861465.7772422,176296,0,0,0,0
1764861465.8264341,176346,0,0,0,0
1764861465.876789,176396,0,0,0,0
1764861465.927186,176446,0,0,0,0
1764861465.977448,176496,0,0,0,0
1764861466.027788,176546,0,0,0,0
1764861466.078156,176596,0,0,0,0
1764861466.1273348,176646,0,0,0,0
1764861466.177713,176696,0,0,0,0
1764861466.228095,176746,0,0,0,0
1764861466.2782001,176796,0,0,0,0
1764861466.328691,176846,0,0,0,0
1764861466.377842,176896,0,0,0,0
1764861466.428232,176946,0,0,0,0
1764861466.478463,176996,0,0,0,0
1764861466.528811,177046,0,0,0,0
1764861466.579186,177096,0,0,0,0
1764861466.629397,177146,0,0,0,0
1764861466.6787388,177196,0,0,0,0
1764861466.7291121,177246,0,0,0,0
1764861466.779337,177296,0,0,0,0
1764861466.829685,177346,0,0,0,0
1764861466.8799639,177396,0,0,0,0
1764861466.930291,177446,0,0,0,0
1764861466.979636,177496,0,0,0,0
1764861467.029994,177546,0,0,0,0
1764861467.0802062,177596,0,0,0,0
1764861467.130602,177646,0,0,0,0
1764861467.1809669,177696,0,0,0,0
1764861467.231169,177746,0,0,0,0
1764861467.28049,177796,0,0,0,0
1764861467.3306959,177846,0,0,0,0
1764861467.381075,177896,0,0,0,0
1764861467.4314592,177946,0,0,0,0
1764861467.481683,177996,0,0,0,0
1764861467.53206,178046,0,0,0,0
1764861467.5812569,178096,0,0,0,0
1764861467.6316218,178146,0,0,0,0
1764861467.682005,178196,0,0,0,0
1764861467.732206,178246,0,0,0,0
1764861467.782599,178296,0,0,0,0
1764861467.83281,178347,0,0,0,0
1764861467.883177,178397,0,0,0,0
1764861467.9335492,178447,0,0,0,0
1764861467.983762,178497,0,0,0,0
1764861468.03415,178547,0,0,0,0
1764861468.0845141,178597,0,0,0,0
1764861468.133714,178647,0,0,0,0
1764861468.184104,178697,0,0,0,0
1764861468.2343,178747,0,0,0,0
1764861468.2846878,178797,0,0,0,0
1764861468.335107,178847,0,0,0,0
1764861468.385289,178897,0,0,0,0
1764861468.4344919,178947,0,0,0,0
1764861468.4849,178997,0,0,0,0
1764861468.53529,179047,0,0,0,0
1764861468.5855072,179097,0,0,0,0
1764861468.6358888,179147,0,0,0,0
1764861468.686099,179197,0,0,0,0
1764861468.7354612,179247,0,0,0,0
1764861468.785695,179297,0,0,0,0
1764861468.83602,179347,0,0,0,0
1764861468.886395,179397,0,0,0,0
1764861468.936609,179447,0,0,0,0
1764861468.987041,179497,0,0,0,0
1764861469.03617,179547,0,0,0,0
1764861469.086709,179597,0,0,0,0
1764861469.136951,179647,0,0,0,0
1764861469.187219,179697,0,0,0,0
1764861469.237393,179747,0,0,0,0
1764861469.28789,179798,0,0,0,0
1764861469.338253,179848,0,0,0,0
1764861469.3884711,179898,0,0,0,0
1764861469.438853,179948,0,0,0,0
1764861469.489192,179998,0,0,0,0
1764861469.5394208,180048,0,0,0,0
1764861469.588775,180098,0,0,0,0
1764861469.638998,180148,0,0,0,0
1764861469.689384,180198,0,0,0,0
1764861469.739562,180248,0,0,0,0
1764861469.789951,180298,0,0,0,0
1764861469.840309,180348,0,0,0,0
1764861469.889624,180398,0,0,0,0
1764861469.939858,180448,0,0,0,0
1764861469.990106,180498,0,0,0,0
1764861470.040591,180548,0,0,0,0
1764861470.090793,180598,0,0,0,0
1764861470.141099,180648,0,0,0,0
1764861470.190376,180698,0,0,0,0
1764861470.240758,180748,0,0,0,0
1764861470.2911339,180798,0,0,0,0
1764861470.341377,180848,0,0,0,0
1764861470.3916879,180898,0,0,0,0
1764861470.4421718,180948,0,0,0,0
1764861470.4912739,180998,0,0,0,0
1764861470.541643,181048,0,0,0,0
1764861470.591972,181098,0,0,0,0
1764861470.6421819,181148,0,0,0,0
1764861470.6925561,181198,0,0,0,0
1764861470.741749,181248,0,0,0,0
1764861470.7921128,181298,0,0,0,0
1764861470.842519,181348,0,0,0,0
1764861470.8926988,181398,0,0,0,0
1764861470.943083,181448,0,0,0,0
1764861470.993474,181498,0,0,0,0
1764861471.0426822,181548,0,0,0,0
1764861471.093078,181598,0,0,0,0
1764861471.1432772,181648,0,0,0,0
1764861471.19359,181698,0,0,0,0
1764861471.243891,181748,0,0,0,0
1764861471.294222,181798,0,0,0,0
1764861471.343612,181848,0,0,0,0
1764861471.393833,181898,0,0,0,0
1764861471.444244,181948,0,0,0,0
1764861471.4945972,181998,0,0,0,0
1764861471.544807,182048,0,0,0,0
1764861471.595147,182098,0,0,0,0
1764861471.6443908,182148,0,0,0,0
1764861471.694737,182198,0,0,0,0
1764861471.744931,182248,0,0,0,0
1764861471.7953448,182298,0,0,0,0
1764861471.845715,182348,0,0,0,0
1764861471.895914,182398,0,0,0,0
1764861471.9452548,182448,0,0,0,0
1764861471.995641,182498,0,0,0,0
1764861472.045852,182548,0,0,0,0
1764861472.096214,182598,0,0,0,0
1764861472.1464489,182648,0,0,0,0
1764861472.1968052,182699,0,0,0,0
1764861472.2471948,182749,0,0,0,0
1764861472.297437,182799,0,0,0,0
1764861472.347818,182849,0,0,0,0
1764861472.397992,182899,0,0,0,0
1764861472.448365,182949,0,0,0,0
1764861472.497762,182999,0,0,0,0
1764861472.54799,183049,0,0,0,0
1764861472.5983622,183099,0,0,0,0
1764861472.648577,183149,0,0,0,0
1764861472.6989582,183199,0,0,0,0
1764861472.749213,183249,0,0,0,0
1764861472.798572,183299,0,0,0,0
1764861472.848772,183349,0,0,0,0
1764861472.899161,183399,0,0,0,0
1764861472.9493818,183449,0,0,0,0
1764861472.999785,183499,0,0,0,0
1764861473.050161,183549,0,0,0,0
1764861473.099353,183599,0,0,0,0
1764861473.149696,183649,0,0,0,0
1764861473.1998248,183699,0,0,0,0
1764861473.25034,183749,0,0,0,0
1764861473.300693,183799,0,0,0,0
1764861473.350932,183849,0,0,0,0
1764861473.40033,183899,0,0,0,0
1764861473.4504828,183949,0,0,0,0
1764861473.5008729,183999,0,0,0,0
1764861473.551162,184049,0,0,0,0
1764861473.6016068,184099,0,0,0,0
1764861473.651794,184150,0,0,0,0
1764861473.702114,184200,0,0,0,0
1764861473.752379,184250,0,0,0,0
1764861473.802743,184300,0,0,0,0
1764861473.8530402,184350,0,0,0,0
1764861473.9033191,184400,0,0,0,0
1764861473.9525928,184450,0,0,0,0
1764861474.002902,184500,0,0,0,0
1764861474.053301,184550,0,0,0,0
1764861474.1035671,184600,0,0,0,0
1764861474.153852,184650,0,0,0,0
1764861474.2042181,184700,0,0,0,0
1764861474.2535381,184750,0,0,0,0
1764861474.303662,184800,0,0,0,0
1764861474.354166,184850,0,0,0,0
1764861474.404525,184900,0,0,0,0
1764861474.454735,184950,0,0,0,0
1764861474.5050912,185000,0,0,0,0
1764861474.554467,185050,0,0,0,0
1764861474.604673,185100,0,0,0,0
1764861474.6550431,185150,0,0,0,0
1764861474.7052329,185200,0,0,0,0
1764861474.755612,185250,0,0,0,0
1764861474.8059871,185300,0,0,0,0
1764861474.855157,185350,0,0,0,0
1764861474.905532,185400,0,0,0,0
1764861474.955729,185450,0,0,0,0
1764861475.00608,185500,0,0,0,0
1764861475.0565178,185550,0,0,0,0
1764861475.105686,185600,0,0,0,0
1764861475.156085,185650,0,0,0,0
1764861475.20643,185700,0,0,0,0
1764861475.256554,185750,0,0,0,0
1764861475.306914,185800,0,0,0,0
1764861475.357435,185850,0,0,0,0
1764861475.406594,185900,0,0,0,0
1764861475.456979,185950,0,0,0,0
1764861475.507194,186000,0,0,0,0
1764861475.5575821,186050,0,0,0,0
1764861475.60795,186100,0,0,0,0
1764861475.65814,186150,0,0,0,0
1764861475.707486,186200,0,0,0,0
1764861475.757698,186250,0,0,0,0
1764861475.8080409,186300,0,0,0,0
1764861475.858335,186350,0,0,0,0
1764861475.908648,186400,0,0,0,0
1764861475.959008,186450,0,0,0,0
1764861476.008381,186500,0,0,0,0
1764861476.0585642,186550,0,0,0,0
1764861476.1089568,186600,0,0,0,0
1764861476.159313,186650,0,0,0,0
1764861476.209543,186700,0,0,0,0
1764861476.2598882,186750,0,0,0,0
1764861476.3092859,186800,0,0,0,0
1764861476.3594618,186850,0,0,0,0
1764861476.409822,186900,0,0,0,0
1764861476.460205,186950,0,0,0,0
1764861476.510402,187000,0,0,0,0
1764861476.560778,187051,0,0,0,0
1764861476.611136,187101,0,0,0,0
1764861476.661354,187151,0,0,0,0
1764861476.7117288,187201,0,0,0,0
1764861476.761965,187251,0,0,0,0
1764861476.812354,187301,0,0,0,0
1764861476.861488,187351,0,0,0,0
1764861476.911886,187401,0,0,0,0
1764861476.962275,187451,0,0,0,0
1764861477.012477,187501,0,0,0,0
1764861477.0628428,187551,0,0,0,0
1764861477.113258,187601,0,0,0,0
1764861477.16239,187651,0,0,0,0
1764861477.212773,187701,0,0,0,0
1764861477.2631512,187751,0,0,0,0
1764861477.313281,187801,0,0,0,0
1764861477.363748,187851,0,0,0,0
1764861477.4139662,187901,0,0,0,0
1764861477.463302,187951,0,0,0,0
1764861477.5136142,188001,0,0,0,0
1764861477.5639338,188051,0,0,0,0
1764861477.6142862,188101,0,0,0,0
1764861477.664513,188151,0,0,0,0
1764861477.7148778,188201,0,0,0,0
1764861477.764056,188251,0,0,0,0
1764861477.8144362,188301,0,0,0,0
1764861477.864852,188351,0,0,0,0
1764861477.915041,188401,0,0,0,0
1764861477.965417,188451,0,0,0,0
1764861478.01566,188502,0,0,0,0
1764861478.066027,188552,0,0,0,0
1764861478.116411,188602,0,0,0,0
1764861478.1664798,188652,0,0,0,0
1764861478.2169988,188702,0,0,0,0
1764861478.267329,188752,0,0,0,0
1764861478.3165262,188802,0,0,0,0
1764861478.3668008,188852,0,0,0,0
1764861478.417152,188902,0,0,0,0
1764861478.467544,188952,0,0,0,0
1764861478.517977,189002,0,0,0,0
1764861478.568162,189052,0,0,0,0
1764861478.617493,189102,0,0,0,0
1764861478.668633,189152,0,0,0,0
1764861478.718101,189202,0,0,0,0
1764861478.7684631,189252,0,0,0,0
1764861478.818663,189302,0,0,0,0
1764861478.869023,189352,0,0,0,0
1764861478.9182699,189402,0,0,0,0
1764861478.968547,189452,0,0,0,0
1764861479.018944,189502,0,0,0,0
1764861479.0691571,189552,0,0,0,0
1764861479.119492,189602,0,0,0,0
1764861479.169817,189652,0,0,0,0
1764861479.21909,189702,0,0,0,0
1764861479.2693388,189752,0,0,0,0
1764861479.319841,189802,0,0,0,0
1764861479.370052,189852,0,0,0,0
1764861479.4206321,189902,0,0,0,0
1764861479.4697359,189952,0,0,0,0
1764861479.5200992,190002,0,0,0,0
1764861479.570294,190052,0,0,0,0
1764861479.620686,190102,0,0,0,0
1764861479.670892,190152,0,0,0,0
1764861479.7212842,190202,0,0,0,0
1764861479.770447,190252,0,0,0,0
1764861479.820822,190302,0,0,0,0
1764861479.8712451,190352,0,0,0,0
1764861479.921442,190402,0,0,0,0
1764861479.971827,190452,0,0,0,0
1764861480.021945,190502,0,0,0,0
1764861480.071403,190552,0,0,0,0
1764861480.1217642,190602,0,0,0,0
1764861480.171991,190652,0,0,0,0
1764861480.222374,190702,0,0,0,0
1764861480.272623,190752,0,0,0,0
1764861480.3229618,190802,0,0,0,0
1764861480.37235,190852,0,0,0,0
1764861480.4225411,190902,0,0,0,0
1764861480.472933,190952,0,0,0,0
1764861480.523148,191002,0,0,0,0
1764861480.573518,191052,0,0,0,0
1764861480.6238458,191102,0,0,0,0
1764861480.673068,191152,0,0,0,0
1764861480.7234318,191202,0,0,0,0
1764861480.7738152,191252,0,0,0,0
1764861480.824055,191302,0,0,0,0
1764861480.87441,191352,0,0,0,0
1764861480.9246001,191403,0,0,0,0
1764861480.974995,191453,0,0,0,0
1764861481.025409,191503,0,0,0,0
1764861481.075615,191553,0,0,0,0
1764861481.125979,191603,0,0,0,0
1764861481.1762292,191653,0,0,0,0
1764861481.225566,191703,0,0,0,0
1764861481.275754,191753,0,0,0,0
1764861481.326145,191803,0,0,0,0
1764861481.376508,191853,0,0,0,0
1764861481.426731,191903,0,0,0,0
1764861481.4770281,191953,0,0,0,0
1764861481.526454,192003,0,0,0,0
1764861481.5766358,192053,0,0,0,0
1764861481.626946,192103,0,0,0,0
1764861481.6773949,192153,0,0,0,0
1764861481.727593,192203,0,0,0,0
1764861481.7779999,192253,0,0,0,0
1764861481.827232,192303,0,0,0,0
1764861481.877512,192353,0,0,0,0
1764861481.92792,192403,0,0,0,0
1764861481.978078,192453,0,0,0,0
1764861482.028467,192503,0,0,0,0
1764861482.078841,192553,0,0,0,0
1764861482.128004,192603,0,0,0,0
1764861482.178381,192653,0,0,0,0
1764861482.228736,192703,0,0,0,0
1764861482.278869,192753,0,0,0,0
1764861482.329334,192803,0,0,0,0
1764861482.3796911,192854,0,0,0,0
1764861482.429931,192904,0,0,0,0
1764861482.4802911,192954,0,0,0,0
1764861482.530557,193004,0,0,0,0
1764861482.580908,193054,0,0,0,0
1764861482.6317089,193104,0,0,0,0
1764861482.680438,193154,0,0,0,0
1764861482.73085,193204,0,0,0,0
1764861482.781069,193254,0,0,0,0
1764861482.831468,193304,0,0,0,0
1764861482.8818371,193354,0,0,0,0
1764861482.9320588,193404,0,0,0,0
1764861482.981431,193454,0,0,0,0
1764861483.0316522,193504,0,0,0,0
1764861483.0820081,193554,0,0,0,0
1764861483.13226,193604,0,0,0,0
1764861483.182625,193654,0,0,0,0
1764861483.233068,193704,0,0,0,0
1764861483.28217,193754,0,0,0,0
1764861483.3325598,193804,0,0,0,0
1764861483.382787,193854,0,0,0,0
1764861483.4331992,193904,0,0,0,0
1764861483.483424,193954,0,0,0,0
1764861483.533804,194004,0,0,0,0
1764861483.583009,194054,0,0,0,0
1764861483.63334,194104,0,0,0,0
1764861483.6837492,194154,0,0,0,0
1764861483.733969,194204,0,0,0,0
1764861483.78434,194254,0,0,0,0
1764861483.8336902,194304,0,0,0,0
1764861483.883904,194354,0,0,0,0
1764861483.934247,194404,0,0,0,0
1764861483.9846458,194454,0,0,0,0
1764861484.034869,194504,0,0,0,0
1764861484.085251,194554,0,0,0,0
1764861484.134445,194604,0,0,0,0
1764861484.1848161,194654,0,0,0,0
1764861484.23503,194704,0,0,0,0
1764861484.2853508,194754,0,0,0,0
1764861484.3356328,194804,0,0,0,0
1764861484.3860102,194854,0,0,0,0
1764861484.4353862,194904,0,0,0,0
1764861484.4856,194954,0,0,0,0
1764861484.535986,195004,0,0,0,0
1764861484.586366,195054,0,0,0,0
1764861484.636564,195104,0,0,0,0
1764861484.6869729,195154,0,0,0,0
1764861484.73606,195204,0,0,0,0
1764861484.786547,195254,0,0,0,0
1764861484.836766,195304,0,0,0,0
1764861484.887181,195354,0,0,0,0
1764861484.937419,195404,0,0,0,0
1764861484.987817,195454,0,0,0,0
1764861485.036986,195504,0,0,0,0
1764861485.087355,195554,0,0,0,0
1764861485.137572,195604,0,0,0,0
1764861485.187961,195654,0,0,0,0
1764861485.238346,195704,0,0,0,0
1764861485.288564,195755,0,0,0,0
1764861485.338943,195805,0,0,0,0
1764861485.389184,195855,0,0,0,0
1764861485.439548,195905,0,0,0,0
1764861485.4899058,195955,0,0,0,0
1764861485.540159,196005,0,0,0,0
1764861485.589488,196055,0,0,0,0
1764861485.639709,196105,0,0,0,0
1764861485.69017,196155,0,0,0,0
1764861485.740465,196205,0,0,0,0
1764861485.79069,196255,0,0,0,0
1764861485.841032,196305,0,0,0,0
1764861485.890259,196355,0,0,0,0
1764861485.940629,196405,0,0,0,0
1764861485.991033,196455,0,0,0,0
1764861486.041234,196505,0,0,0,0
1764861486.091615,196555,0,0,0,0
1764861486.141823,196605,0,0,0,0
1764861486.1911948,196655,0,0,0,0
1764861486.241409,196705,0,0,0,0
1764861486.291766,196755,0,0,0,0
1764861486.342144,196805,0,0,0,0
1764861486.392354,196855,0,0,0,0
1764861486.4427361,196905,0,0,0,0
1764861486.491947,196955,0,0,0,0
1764861486.54234,197005,0,0,0,0
1764861486.592724,197055,0,0,0,0
1764861486.642915,197105,0,0,0,0
1764861486.6933,197155,0,0,0,0
1764861486.743532,197206,0,0,0,0
1764861486.7939332,197256,0,0,0,0
1764861486.844243,197306,0,0,0,0
1764861486.894491,197356,0,0,0,0
1764861486.944778,197406,0,0,0,0
1764861486.995269,197456,0,0,0,0
1764861487.044449,197506,0,0,0,0
1764861487.094666,197556,0,0,0,0
1764861487.145016,197606,0,0,0,0
1764861487.1954079,197656,0,0,0,0
1764861487.245635,197706,0,0,0,0
1764861487.296018,197756,0,0,0,0
1764861487.345336,197806,0,0,0,0
1764861487.395602,197856,0,0,0,0
1764861487.4459531,197906,0,0,0,0
1764861487.4961689,197956,0,0,0,0
1764861487.5465422,198006,0,0,0,0
1764861487.5969222,198056,0,0,0,0
1764861487.6461241,198106,0,0,0,0
1764861487.696496,198156,0,0,0,0
1764861487.746717,198206,0,0,0,0
1764861487.797142,198256,0,0,0,0
1764861487.847489,198306,0,0,0,0
1764861487.89769,198356,0,0,0,0
1764861487.947126,198406,0,0,0,0
1764861487.9972858,198456,0,0,0,0
1764861488.04761,198506,0,2,0,0
1764861488.098007,198556,0,101,0,0
1764861488.148235,198606,0,282,0,0
1764861488.19774,198656,0,457,0,0
1764861488.247981,198706,0,635,0,0
1764861488.298354,198756,0,813,0,0
1764861488.348592,198806,0,990,0,0
1764861488.398958,198856,0,1168,0,0
1764861488.449148,198906,0,1346,0,0
1764861488.498514,198956,0,1520,0,0
1764861488.548915,199006,0,1698,0,0
1764861488.5991192,199056,0,1876,0,0
1764861488.649251,199106,0,2054,0,0
1764861488.699882,199156,0,2234,0,0
1764861488.750131,199206,0,2413,0,0
1764861488.799268,199256,0,2589,0,0
1764861488.849828,199306,0,2769,0,0
1764861488.900034,199356,0,2948,0,0
1764861488.950422,199406,0,3128,0,0
1764861489.00064,199456,0,3307,0,0
1764861489.0509682,199506,0,3487,0,0
1764861489.100339,199556,0,3663,0,0
1764861489.150748,199606,0,3843,0,0
1764861489.200772,199656,0,4022,0,0
1764861489.2509608,199706,0,4201,0,0
1764861489.301343,199756,0,4380,0,0
1764861489.351876,199806,0,4560,0,0
1764861489.401141,199856,0,4735,0,0
1764861489.451404,199906,0,4914,0,0
1764861489.501667,199956,0,5093,0,0
1764861489.5518699,200006,0,5272,0,0
1764861489.602248,200056,0,5451,0,0
1764861489.652825,200107,0,5631,0,0
1764861489.7030249,200157,0,5810,0,0
1764861489.753394,200207,0,5989,0,0
1764861489.803584,200257,0,6168,0,0
1764861489.853804,200307,0,6347,0,0
1764861489.904147,200357,0,6526,0,0
1764861489.9535098,200407,0,6702,0,0
1764861490.0038881,200457,0,6881,0,0
1764861490.05407,200507,0,7060,0,0
1764861490.104287,200557,0,7239,0,0
1764861490.154837,200607,0,7419,0,0
1764861490.205101,200657,0,7598,0,0
1764861490.254407,200707,0,7774,0,0
1764861490.3046222,200757,0,7953,0,0
1764861490.3550441,200807,0,8132,0,0
1764861490.40537,200857,0,8311,0,0
1764861490.455487,200907,0,8489,0,0
1764861490.505973,200957,0,8668,0,0
1764861490.555176,201007,0,8843,0,0
1764861490.605542,201057,0,9022,0,0
1764861490.655777,201107,0,9200,0,0
1764861490.7061372,201157,0,9379,0,0
1764861490.7565188,201207,0,9558,0,0
1764861490.80675,201257,0,9736,0,0
1764861490.8559391,201307,0,9911,0,0
1764861490.9062898,201357,0,10090,0,0
1764861490.9566588,201407,0,10269,0,0
1764861491.0070379,201457,0,10448,0,0
1764861491.0573702,201507,0,10627,0,0
1764861491.1075919,201558,0,10805,0,0
1764861491.157948,201608,0,10984,0,0
1764861491.2081559,201658,0,11162,0,0
1764861491.2584882,201708,0,11338,0,0
1764861491.3088698,201758,0,11517,0,0
1764861491.359272,201808,0,11696,0,0
1764861491.408452,201858,0,11871,0,0
1764861491.458842,201908,0,12050,0,0
1764861491.509202,201958,0,12229,0,0
1764861491.559244,202008,0,12407,0,0
1764861491.609635,202058,0,12586,0,0
1764861491.6600928,202108,0,12765,0,0
1764861491.709384,202158,0,12940,0,0
1764861491.759786,202208,0,13119,0,0
1764861491.8101509,202258,0,13298,0,0
1764861491.8601742,202308,0,13476,0,0
1764861491.9105752,202358,0,13655,0,0
1764861491.960953,202408,0,13834,0,0
1764861492.010199,202458,0,14009,0,0
1764861492.0605361,202508,0,14188,0,0
1764861492.1109388,202558,0,14367,0,0
1764861492.161302,202608,0,14546,0,0
1764861492.211664,202658,0,14725,0,0
1764861492.261607,202708,0,14903,0,0
1764861492.311061,202758,0,15079,0,0
1764861492.361391,202808,0,15258,0,0
1764861492.4118001,202858,0,15437,0,0
1764861492.462176,202908,0,15616,0,0
1764861492.5124302,202958,0,15795,0,0
1764861492.561592,203008,0,15970,0,0
1764861492.6118069,203058,0,16148,0,0
1764861492.662328,203108,0,16327,0,0
1764861492.712375,203158,0,16506,0,0
1764861492.7629068,203208,0,16687,0,0
1764861492.813279,203258,0,16867,0,0
1764861492.862613,203308,0,17044,0,0
1764861492.9127831,203358,0,17224,0,0
1764861492.963159,203408,0,17404,0,0
1764861493.013388,203458,0,17584,0,0
1764861493.063894,203508,0,17765,0,0
1764861493.1140668,203558,0,17945,0,0
1764861493.163441,203608,0,18122,0,0
1764861493.213612,203658,0,18302,0,0
1764861493.263815,203708,0,18482,0,0
1764861493.314347,203758,0,18663,0,0
1764861493.364544,203808,0,18843,0,0
1764861493.414903,203858,0,19023,0,0
1764861493.4642649,203908,0,19200,0,0
1764861493.514456,203958,0,19380,0,0
1764861493.565006,204008,0,19561,0,0
1764861493.6151638,204058,0,19741,0,0
1764861493.665372,204108,0,19921,0,0
1764861493.715754,204158,0,20102,0,0
1764861493.7649379,204208,0,20278,0,0
1764861493.815307,204258,0,20459,0,0
1764861493.865552,204308,0,20639,0,0
1764861493.915926,204358,0,20820,0,0
1764861493.966151,204408,0,21000,0,0
1764861494.016716,204459,0,21181,0,0
1764861494.066737,204509,0,21361,0,0
1764861494.117263,204559,0,21542,0,0
1764861494.167637,204609,0,21722,0,0
1764861494.217872,204659,0,21902,0,0
1764861494.26807,204709,0,22082,0,0
1764861494.317447,204759,0,22259,0,0
1764861494.36768,204809,0,22439,0,0
1764861494.418217,204859,0,22620,0,0
1764861494.468399,204909,0,22800,0,0
1764861494.518611,204959,0,22980,0,0
1764861494.569037,205009,0,23161,0,0
1764861494.618342,205059,0,23338,0,0
1764861494.6687202,205109,0,23518,0,0
1764861494.7189279,205159,0,23698,0,0
1764861494.769283,205209,0,23879,0,0
1764861494.819495,205259,0,24059,0,0
1764861494.870063,205309,0,24240,0,0
1764861494.9190679,205359,0,24416,0,0
1764861494.969604,205409,0,24597,0,0
1764861495.019736,205459,0,24777,0,0
1764861495.070196,205509,0,24958,0,0
1764861495.12037,205559,0,25138,0,0
1764861495.170561,205609,0,25314,0,0
1764861495.220135,205659,0,25488,0,0
1764861495.270314,205709,0,25665,0,0
1764861495.3205278,205759,0,25842,0,0
1764861495.37091,205809,0,26019,0,0
1764861495.4213,205859,0,26197,0,0
1764861495.4716642,205910,0,26374,0,0
1764861495.521675,205960,0,26550,0,0
1764861495.572098,206010,0,26727,0,0
1764861495.622495,206060,0,26905,0,0
1764861495.6728861,206110,0,27084,0,0
1764861495.723094,206160,0,27239,0,0
1764861495.772465,206210,0,27263,0,0
1764861495.8227122,206260,0,27137,0,0
1764861495.873058,206310,0,26957,0,0
1764861495.923445,206360,0,26779,0,0
1764861495.9736378,206410,0,26602,0,0
1764861496.02404,206460,0,26425,0,0
1764861496.07322,206510,0,26252,0,0
1764861496.123582,206560,0,26074,0,0
1764861496.173801,206610,0,25897,0,0
1764861496.224351,206660,0,25719,0,0
1764861496.274549,206710,0,25542,0,0
1764861496.324737,206760,0,25365,0,0
1764861496.374259,206810,0,25190,0,0
1764861496.424503,206860,0,25011,0,0
1764861496.475023,206910,0,24832,0,0
1764861496.5252411,206960,0,24653,0,0
1764861496.5752661,207010,0,24475,0,0
1764861496.6256058,207060,0,24296,0,0
1764861496.675029,207110,0,24120,0,0
1764861496.725368,207160,0,23941,0,0
1764861496.775763,207210,0,23762,0,0
1764861496.8259158,207260,0,23583,0,0
1764861496.8762848,207310,0,23404,0,0
1764861496.925656,207360,0,23228,0,0
1764861496.975862,207410,0,23050,0,0
1764861497.026072,207460,0,22872,0,0
1764861497.076452,207510,0,22693,0,0
1764861497.126621,207560,0,22515,0,0
1764861497.177191,207610,0,22336,0,0
1764861497.226339,207660,0,22161,0,0
1764861497.276886,207710,0,21982,0,0
1764861497.327119,207760,0,21804,0,0
1764861497.377475,207810,0,21625,0,0
1764861497.427671,207860,0,21447,0,0
1764861497.47805,207910,0,21268,0,0
1764861497.5274282,207960,0,21093,0,0
1764861497.5774589,208010,0,20915,0,0
1764861497.627979,208060,0,20736,0,0
1764861497.678375,208110,0,20557,0,0
1764861497.728579,208160,0,20379,0,0
1764861497.778995,208210,0,20200,0,0
1764861497.828126,208260,0,20025,0,0
1764861497.878504,208310,0,19846,0,0
1764861497.92863,208360,0,19668,0,0
1764861497.978886,208410,0,19498,3,0
1764861498.029249,208460,0,19326,7,0
1764861498.0796359,208510,0,19156,13,0
1764861498.129119,208560,0,18990,20,0
1764861498.179342,208610,0,18823,29,0
1764861498.229571,208660,0,18657,39,0
1764861498.279912,208710,0,18492,51,0
1764861498.3301141,208760,0,18328,64,0
1764861498.380512,208811,0,18165,79,0
1764861498.431034,208861,0,18003,95,0
1764861498.481251,208911,0,17843,113,0
1764861498.5316238,208961,0,17683,132,0
1764861498.581975,209011,0,17524,152,0
1764861498.6321778,209061,0,17368,175,0
1764861498.681524,209111,0,17214,197,0
1764861498.7318022,209161,0,17057,219,0
1764861498.782023,209211,0,16901,242,0
1764861498.832181,209261,0,16744,264,0
1764861498.882667,209311,0,16587,287,0
1764861498.933001,209361,0,16431,309,0
1764861498.982647,209411,0,16277,332,0
1764861499.032639,209461,0,16121,354,0
1764861499.083196,209511,0,15964,377,0
1764861499.133214,209561,0,15808,399,0
1764861499.183761,209611,0,15651,422,0
1764861499.2339818,209661,0,15495,444,0
1764861499.2831528,209711,0,15342,466,0
1764861499.333588,209761,0,15185,489,0
1764861499.383735,209811,0,15029,511,0
1764861499.43428,209861,0,14872,534,0
1764861499.484315,209911,0,14716,556,0
1764861499.5347352,209961,0,14559,579,0
1764861499.5839539,210011,0,14406,601,0
1764861499.634433,210061,0,14249,623,0
1764861499.6846342,210111,0,14093,646,0
1764861499.734997,210161,0,13936,668,0
1764861499.785383,210211,0,13780,691,0
1764861499.835716,210262,0,13623,713,0
1764861499.885838,210312,0,13467,736,0
1764861499.936297,210362,0,13310,758,0
1764861499.9864588,210412,0,13154,781,0
1764861500.036875,210462,0,12997,803,0
1764861500.0870972,210512,0,12841,826,0
1764861500.1362538,210562,0,12688,848,0
1764861500.186638,210612,0,12531,870,0
1764861500.236832,210662,0,12375,893,0
1764861500.2873752,210712,0,12217,915,0
1764861500.3377762,210762,0,12061,938,0
1764861500.388006,210812,0,11904,960,0
1764861500.437189,210862,0,11751,982,0
1764861500.4877388,210912,0,11594,1005,0
1764861500.5382872,210962,0,11437,1028,0
1764861500.58817,211012,0,11281,1050,0
1764861500.6383622,211062,0,11125,1072,0
1764861500.688768,211112,0,10969,1095,0
1764861500.738122,211162,0,10815,1117,0
1764861500.788491,211212,0,10658,1140,0
1764861500.8387232,211262,0,10500,1162,0
1764861500.88895,211312,0,10343,1185,0
1764861500.939476,211362,0,10185,1208,0
1764861500.989674,211412,0,10027,1230,0
1764861501.039093,211462,0,9873,1253,0
1764861501.089442,211512,0,9715,1275,0
1764861501.1396449,211562,0,9558,1298,0
1764861501.1898081,211612,0,9400,1321,0
1764861501.240082,211662,0,9241,1342,0
1764861501.28941,211712,0,9084,1362,0
1764861501.339825,211762,0,8922,1380,0
1764861501.3900669,211812,0,8760,1397,0
1764861501.440607,211862,0,8596,1413,0
1764861501.4906502,211912,0,8432,1427,0
1764861501.5410628,211962,0,8266,1440,0
1764861501.590561,212012,0,8102,1451,0
1764861501.640618,212062,0,7934,1460,0
1764861501.691021,212112,0,7764,1468,0
1764861501.7412312,212162,0,7594,1475,0
1764861501.7914538,212212,0,7422,1480,0
1764861501.841832,212262,0,7248,1483,0
1764861501.891201,212312,0,7077,1485,0
1764861501.94159,212362,0,6898,1486,0
1764861501.99195,212412,0,6718,1486,0
1764861502.042049,212462,0,6539,1486,0
1764861502.092415,212512,0,6359,1486,0
1764861502.142944,212562,0,6182,1485,0
1764861502.192192,212612,0,6011,1483,0
1764861502.2425978,212662,0,5839,1478,0
1764861502.292804,212712,0,5668,1472,0
1764861502.343009,212762,0,5498,1465,0
1764861502.393412,212812,0,5329,1456,0
1764861502.443634,212862,0,5162,1445,0
1764861502.492993,212912,0,4999,1433,0
1764861502.543209,212962,0,4834,1420,0
1764861502.5935721,213012,0,4670,1405,0
1764861502.643795,213062,0,4507,1389,0
1764861502.694171,213112,0,4345,1371,0
1764861502.7445362,213163,0,4184,1351,0
1764861502.794772,213213,0,4024,1331,0
1764861502.845132,213263,0,3866,1308,0
1764861502.8953412,213313,0,3708,1286,0
1764861502.945739,213363,0,3550,1263,0
1764861502.996107,213413,0,3392,1240,0
1764861503.045491,213463,0,3237,1218,0
1764861503.0957088,213513,0,3080,1195,0
1764861503.145925,213563,0,2922,1173,0
1764861503.196308,213613,0,2764,1150,0
1764861503.246521,213663,0,2607,1127,0
1764861503.2972329,213713,0,2448,1104,0
1764861503.346265,213763,0,2294,1082,0
1764861503.396426,213813,0,2136,1060,0
1764861503.4467561,213863,0,1979,1037,0
1764861503.4971101,213913,0,1823,1015,0
1764861503.547317,213963,0,1668,992,0
1764861503.5976279,214013,0,1512,970,0
1764861503.646935,214063,0,1360,948,0
1764861503.697203,214113,0,1205,925,0
1764861503.747576,214163,0,1049,903,0
1764861503.798044,214213,0,893,881,0
1764861503.848456,214263,0,738,858,0
1764861503.898456,214313,0,583,836,0
1764861503.9478688,214363,0,430,814,0
1764861503.998196,214413,0,274,792,0
1764861504.0485601,214463,0,116,769,0
1764861504.0989718,214513,0,9,745,0
1764861504.1489751,214563,0,0,721,0
1764861504.199393,214614,0,0,696,0
1764861504.2497642,214664,0,0,671,0
1764861504.300001,214714,0,0,647,0
1764861504.350346,214764,0,0,622,0
1764861504.4005911,214814,0,0,597,0
1764861504.450963,214864,0,0,573,0
1764861504.500164,214914,0,0,549,0
1764861504.550556,214964,0,0,524,0
1764861504.600933,215014,0,0,499,0
1764861504.651476,215064,0,0,474,0
1764861504.701486,215114,0,0,450,0
1764861504.7517,215164,0,0,425,0
1764861504.8010602,215214,0,0,401,0
1764861504.851361,215264,0,0,376,0
1764861504.901682,215314,0,0,352,0
1764861504.952053,215364,0,0,327,0
1764861505.002261,215414,0,0,302,0
1764861505.052667,215464,0,0,278,0
1764861505.102014,215514,0,0,254,0
1764861505.152229,215564,0,0,229,0
1764861505.202606,215614,0,0,204,0
1764861505.252885,215664,0,0,180,0
1764861505.303215,215714,0,0,155,0
1764861505.353427,215764,0,0,130,0
1764861505.402794,215814,0,0,106,0
1764861505.452995,215864,0,0,81,0
1764861505.50338,215914,0,0,57,0
1764861505.553739,215964,0,0,32,0
1764861505.6041431,216014,0,0,7,0
1764861505.653298,216064,0,0,-17,0
1764861505.703681,216114,0,0,-41,0
1764861505.753885,216164,0,0,-66,0
1764861505.804275,216214,0,0,-91,0
1764861505.8546429,216264,0,0,-115,0
1764861505.9048982,216314,0,0,-140,0
1764861505.95423,216364,0,0,-164,0
1764861506.004595,216414,0,0,-189,0
1764861506.054801,216464,0,0,-214,0
1764861506.105181,216514,0,0,-238,0
1764861506.155382,216564,0,0,-263,0
1764861506.20574,216614,0,0,-288,0
1764861506.255119,216664,0,0,-312,0
1764861506.305653,216714,0,0,-337,0
1764861506.355571,216764,0,0,-361,0
1764861506.406074,216814,0,0,-386,0
1764861506.456427,216864,0,0,-411,0
1764861506.5066612,216914,0,0,-435,0
1764861506.555891,216964,0,0,-459,0
1764861506.606213,217014,0,0,-484,0
1764861506.656609,217064,0,0,-509,0
1764861506.706864,217114,0,0,-533,0
1764861506.757182,217164,0,0,-558,0
1764861506.8074062,217214,0,0,-583,0
1764861506.856776,217264,0,0,-607,0
1764861506.907136,217314,0,0,-632,0
1764861506.957335,217364,0,0,-656,0
1764861507.0077178,217414,0,0,-681,0
1764861507.058115,217464,0,0,-706,0
1764861507.108296,217515,0,0,-730,0
1764861507.15869,217565,0,0,-755,0
1764861507.209037,217615,0,0,-780,0
1764861507.2592452,217665,0,0,-804,0
1764861507.309633,217715,0,0,-829,0
1764861507.360019,217765,0,0,-854,0
1764861507.4092102,217815,0,0,-878,0
1764861507.459414,217865,0,0,-902,0
1764861507.509848,217915,0,0,-927,0
1764861507.56019,217965,0,0,-952,0
1764861507.6103911,218015,0,0,-976,0
1764861507.660762,218065,0,0,-1001,0
1764861507.7100549,218115,0,0,-1025,0
1764861507.760301,218165,0,0,-1050,0
1764861507.810687,218215,0,0,-1075,0
1764861507.860885,218265,0,0,-1099,0
1764861507.911289,218315,0,0,-1124,0
1764861507.961667,218365,0,0,-1149,0
1764861508.010755,218415,0,0,-1173,0
1764861508.061215,218465,0,0,-1197,0
1764861508.1115808,218515,0,0,-1222,0
1764861508.161847,218565,0,0,-1247,0
1764861508.21215,218615,0,0,-1271,0
1764861508.2623382,218665,0,0,-1296,0
1764861508.3118489,218715,0,0,-1320,0
1764861508.362078,218765,0,0,-1342,0
1764861508.412423,218815,0,0,-1363,0
1764861508.462657,218865,0,0,-1382,0
1764861508.513191,218915,0,0,-1400,0
1764861508.56322,218966,0,0,-1415,0
1764861508.613597,219016,0,0,-1430,0
1764861508.663924,219066,0,0,-1442,0
1764861508.714286,219116,0,0,-1454,0
1764861508.764571,219166,0,0,-1463,0
1764861508.81493,219216,0,0,-1471,0
1764861508.8641028,219266,0,0,-1477,0
1764861508.9144619,219316,0,0,-1481,0
1764861508.964851,219366,0,0,-1484,0
1764861509.0150158,219416,0,0,-1486,0
1764861509.065388,219466,0,0,-1486,0
1764861509.1157389,219516,0,0,-1486,0
1764861509.165113,219566,0,0,-1486,0
1764861509.215244,219616,0,0,-1486,0
1764861509.2656069,219666,0,0,-1486,0
1764861509.315952,219716,0,0,-1486,0
1764861509.3663151,219766,0,0,-1485,0
1764861509.416521,219816,0,0,-1481,0
1764861509.465843,219866,0,0,-1476,0
1764861509.516423,219916,0,0,-1469,0
1764861509.566407,219966,0,0,-1461,0
1764861509.616788,220016,0,0,-1451,0
1764861509.667149,220066,0,0,-1440,0
1764861509.7175071,220116,0,0,-1426,0
1764861509.766685,220166,0,0,-1412,0
1764861509.817049,220216,0,0,-1395,0
1764861509.8673291,220266,0,0,-1377,0
1764861509.917639,220316,0,0,-1358,0
1764861509.968193,220366,0,0,-1336,0
1764861510.0171788,220416,0,0,-1314,0
1764861510.067581,220466,0,0,-1290,0
1764861510.117932,220516,0,0,-1265,0
1764861510.168277,220566,0,0,-1240,0
1764861510.218624,220616,0,0,-1215,0
1764861510.268826,220666,0,0,-1191,0
1764861510.318172,220716,0,0,-1167,0
1764861510.368356,220766,0,0,-1142,0
1764861510.418737,220816,0,0,-1117,0
1764861510.469318,220866,0,0,-1092,0
1764861510.519327,220916,0,0,-1068,0
1764861510.569695,220966,0,0,-1043,0
1764861510.61907,221016,0,0,-1019,0
1764861510.669284,221066,0,0,-994,0
1764861510.719819,221116,0,0,-969,0
1764861510.770006,221166,0,0,-945,0
1764861510.820197,221216,0,0,-920,0
1764861510.870574,221266,0,0,-895,0
1764861510.919919,221316,0,0,-871,0
1764861510.970273,221366,0,0,-846,0
1764861511.020451,221416,0,0,-822,0
1764861511.070831,221466,0,0,-797,0
1764861511.121058,221516,0,0,-772,0
1764861511.1714282,221566,0,0,-748,0
1764861511.2205708,221616,0,0,-724,0
1764861511.2709749,221666,0,0,-699,0
1764861511.3213062,221716,0,0,-674,0
1764861511.371876,221766,0,0,-649,0
1764861511.422057,221816,0,0,-625,0
1764861511.4722471,221867,0,0,-600,0
1764861511.52257,221917,0,0,-575,0
1764861511.5727942,221967,0,0,-551,0
1764861511.6231658,222017,0,0,-526,0
1764861511.673534,222067,0,0,-501,0
1764861511.723901,222117,0,0,-477,0
1764861511.773246,222167,0,0,-452,0
1764861511.823423,222217,0,0,-428,0
1764861511.873777,222267,0,0,-403,0
1764861511.924164,222317,0,0,-378,0
1764861511.974354,222367,0,0,-354,0
1764861512.0247371,222417,0,0,-329,0
1764861512.0740612,222467,0,0,-305,0
1764861512.1242611,222517,0,0,-280,0
1764861512.174824,222567,0,0,-255,0
1764861512.224982,222617,0,0,-231,0
1764861512.27508,222667,0,0,-206,0
1764861512.325809,222717,0,0,-181,0
1764861512.3748028,222767,0,0,-159,0
1764861512.4251049,222817,0,0,-137,0
1764861512.475499,222867,0,0,-117,0
1764861512.525902,222917,0,0,-98,0
1764861512.576076,222967,0,0,-81,0
1764861512.626456,223017,0,0,-66,0
1764861512.6756322,223067,0,0,-52,0
1764861512.725984,223117,0,0,-40,0
1764861512.776351,223167,0,0,-29,0
1764861512.826693,223217,0,0,-20,0
1764861512.876914,223267,0,0,-13,0
1764861512.927278,223318,0,0,-7,0
1764861512.977638,223368,0,0,-3,0
1764861513.027848,223418,0,0,-1,0
1764861513.078229,223468,0,0,0,0
1764861513.128576,223518,0,0,0,0
1764861513.1788,223568,0,0,0,0
1764861513.228107,223618,0,0,0,0
1764861513.2784781,223668,0,0,0,0
1764861513.328681,223718,0,0,0,0
1764861513.3790379,223768,0,0,0,0
1764861513.429418,223818,0,0,0,0
1764861513.479788,223868,0,0,0,0
1764861513.528953,223918,0,0,0,0
1764861513.57933,223968,0,0,0,0
1764861513.629507,224018,0,0,0,0
1764861513.6798751,224068,0,0,0,0
1764861513.730221,224118,0,0,0,0
1764861513.78043,224168,0,0,0,0
1764861513.829744,224218,0,0,0,0
1764861513.880074,224268,0,0,0,0
1764861513.930393,224318,0,0,0,0
1764861513.98076,224368,0,0,0,0
1764861514.031069,224418,0,0,0,0
1764861514.081455,224468,0,0,0,0
1764861514.130634,224518,0,0,0,0
1764861514.18104,224568,0,0,0,0
1764861514.2313652,224618,0,0,0,0
1764861514.2816262,224668,0,0,0,0
1764861514.331985,224718,0,0,0,0
1764861514.381184,224768,0,0,0,0
1764861514.431558,224818,0,0,0,0
1764861514.481786,224868,0,0,0,0
1764861514.5321689,224918,0,0,0,0
1764861514.5823958,224968,0,0,0,0
1764861514.63275,225018,0,0,0,0
1764861514.682135,225068,0,0,0,0
1764861514.732327,225118,0,0,0,0
1764861514.782751,225168,0,0,0,0
1764861514.832921,225218,0,0,0,0
1764861514.8832881,225268,0,0,0,0
1764861514.9336698,225318,0,0,0,0
1764861514.983047,225368,0,0,0,0
1764861515.0331662,225418,0,0,0,0
1764861515.083585,225468,0,0,0,0
1764861515.133798,225518,0,0,0,0
1764861515.1841788,225568,0,0,0,0
1764861515.234563,225618,0,0,0,0
1764861515.2837381,225668,0,0,0,0
1764861515.334147,225718,0,0,0,0
1764861515.384324,225768,0,0,0,0
1764861515.4347541,225818,0,0,0,0
1764861515.484921,225868,0,0,0,0
1764861515.535312,225918,0,0,0,0
1764861515.584757,225968,0,0,0,0
1764861515.635444,226018,0,0,0,0
1764861515.685256,226068,0,0,0,0
1764861515.7356238,226118,0,0,0,0
1764861515.785816,226168,0,0,0,0
1764861515.836252,226219,0,0,0,0
1764861515.886604,226269,0,0,0,0
1764861515.9368162,226319,0,0,0,0
1764861515.987158,226369,0,0,0,0
1764861516.037398,226419,0,0,0,0
1764861516.087766,226469,0,0,0,0
1764861516.137161,226519,0,0,0,0
1764861516.1873689,226569,0,0,0,0
1764861516.23775,226619,0,0,0,0
1764861516.287942,226669,0,0,0,0
1764861516.338327,226719,0,0,0,0
1764861516.3887382,226769,0,0,0,0
1764861516.4378712,226819,0,0,0,0
1764861516.48826,226869,0,0,0,0
1764861516.538595,226919,0,0,0,0
1764861516.588819,226969,0,0,0,0
1764861516.639143,227019,0,0,0,0
1764861516.689413,227069,0,0,0,0
1764861516.738704,227119,0,0,0,0
1764861516.7890618,227169,0,0,0,0
1764861516.8394508,227219,0,0,0,0
1764861516.889633,227269,0,0,0,0
1764861516.939997,227319,0,0,0,0
1764861516.990397,227369,0,0,0,0
1764861517.039582,227419,0,0,0,0
1764861517.089959,227469,0,0,0,0
1764861517.14033,227519,0,0,0,0
1764861517.1905391,227569,0,0,0,0
1764861517.240906,227619,0,0,0,0
1764861517.2912781,227670,0,0,0,0
1764861517.3414998,227720,0,0,0,0
1764861517.391857,227770,0,0,0,0
1764861517.442076,227820,0,0,0,0
1764861517.492437,227870,0,0,0,0
1764861517.542809,227920,0,0,0,0
1764861517.5920708,227970,0,0,0,0
1764861517.6422882,228020,0,0,0,0
1764861517.6927161,228070,0,0,0,0
1764861517.742883,228120,0,0,0,0
1764861517.793283,228170,0,0,0,0
1764861517.843596,228220,0,0,0,0
1764861517.892968,228270,0,0,0,0
1764861517.94316,228320,0,0,0,0
1764861517.9935732,228370,0,0,0,0
1764861518.043939,228420,0,0,0,0
1764861518.0941231,228470,0,0,0,0
1764861518.1444988,228520,0,0,0,0
1764861518.1938381,228570,0,0,0,0
1764861518.244031,228620,0,0,0,0
1764861518.294394,228670,0,0,0,0
1764861518.344765,228720,0,0,0,0
1764861518.3949609,228770,0,0,0,0
1764861518.445337,228820,0,0,0,0
1764861518.494694,228870,0,0,0,0
1764861518.5448709,228920,0,0,0,0
1764861518.595232,228970,0,0,0,0
1764861518.645588,229020,0,0,0,0
1764861518.6959722,229070,0,0,0,0
1764861518.7451499,229120,0,0,0,0
1764861518.7955148,229170,0,0,0,0
1764861518.84572,229220,0,0,0,0
1764861518.896072,229270,0,0,0,0
1764861518.9464672,229320,0,0,0,0
1764861518.996673,229370,0,0,0,0
1764861519.0459971,229420,0,0,0,0
1764861519.096355,229470,0,0,0,0
1764861519.14657,229520,0,0,0,0
1764861519.196933,229570,0,0,0,0
1764861519.2472908,229620,0,0,0,0
1764861519.297688,229670,0,0,0,0
1764861519.3468318,229720,0,0,0,0
1764861519.3972092,229770,0,0,0,0
1764861519.447584,229820,0,0,0,0
1764861519.497758,229870,0,0,0,0
1764861519.548157,229920,0,0,0,0
1764861519.598494,229970,0,0,0,0
1764861519.6476119,230020,0,0,0,0
1764861519.6980422,230070,0,0,0,0
1764861519.748396,230120,0,0,0,0
1764861519.7985768,230170,0,0,0,0
1764861519.848972,230220,0,0,0,0
1764861519.899217,230270,0,0,0,0
1764861519.948565,230320,0,0,0,0
1764861519.998875,230370,0,0,0,0
1764861520.049248,230420,0,0,0,0
1764861520.099596,230470,0,0,0,0
1764861520.149771,230520,0,0,0,0
1764861520.200149,230571,0,0,0,0
1764861520.250541,230621,0,0,0,0
1764861520.300704,230671,0,0,0,0
1764861520.35109,230721,0,0,0,0
1764861520.401427,230771,0,0,0,0
1764861520.451801,230821,0,0,0,0
1764861520.5009751,230871,0,0,0,0
1764861520.5513442,230921,0,0,0,0
1764861520.6016068,230971,0,0,0,0
1764861520.65186,231021,0,0,0,0
1764861520.702301,231071,0,0,0,0
1764861520.752516,231121,0,0,0,0
1764861520.8017652,231171,0,0,0,0
1764861520.852114,231221,0,0,0,0
1764861520.9024892,231271,0,0,0,0
1764861520.952853,231321,0,0,0,0
1764861521.003048,231371,0,0,0,0
1764861521.053419,231421,0,0,0,0
1764861521.102762,231471,0,0,0,0
1764861521.152981,231521,0,0,0,0
1764861521.2033322,231571,0,0,0,0
1764861521.253699,231621,0,0,0,0
1764861521.304031,231671,0,0,0,0
1764861521.3541498,231721,0,0,0,0
1764861521.4036531,231771,0,0,0,0
1764861521.453978,231821,0,0,0,0
1764861521.5041769,231871,0,0,0,0
1764861521.554528,231921,0,0,0,0
1764861521.604806,231971,0,0,0,0
1764861521.655104,232022,0,0,0,0
1764861521.705429,232072,0,0,0,0
1764861521.755708,232122,0,0,0,0
1764861521.806039,232172,0,0,0,0
1764861521.856404,232222,0,0,0,0
1764861521.906789,232272,0,0,0,0
1764861521.955949,232322,0,0,0,0
1764861522.0062962,232372,0,0,0,0
1764861522.05668,232422,0,0,0,0
1764861522.10688,232472,0,0,0,0
1764861522.1572459,232522,0,0,0,0
1764861522.207658,232572,0,0,0,0
1764861522.2566872,232622,0,0,0,0
1764861522.307143,232672,0,0,0,0
1764861522.357499,232722,0,0,0,0
1764861522.407854,232772,0,0,0,0
1764861522.458051,232822,0,0,0,0
1764861522.508407,232872,0,0,0,0
1764861522.5577579,232922,0,0,0,0
1764861522.607969,232972,0,0,0,0
1764861522.6583302,233022,0,0,0,0
1764861522.708686,233072,0,0,0,0
1764861522.75906,233122,0,0,0,0
1764861522.80924,233172,0,0,0,0
1764861522.858647,233222,0,0,0,0
1764861522.9088352,233272,0,0,0,0
1764861522.959157,233322,0,0,0,0
1764861523.009527,233372,0,0,0,0
1764861523.059903,233422,0,0,0,0
1764861523.109071,233472,0,0,0,0
1764861523.159432,233522,0,0,0,0
1764861523.2097962,233572,0,0,0,0
1764861523.259997,233622,0,0,0,0
1764861523.310338,233672,0,0,0,0
1764861523.3606951,233722,0,0,0,0
1764861523.410044,233772,0,0,0,0
1764861523.460244,233822,0,0,0,0
1764861523.510634,233872,0,0,0,0
1764861523.56097,233922,0,0,0,0
1764861523.6111538,233972,0,0,0,0
1764861523.661531,234022,0,0,0,0
1764861523.710861,234072,0,0,0,0
1764861523.7610729,234122,0,0,0,0
1764861523.811428,234172,0,0,0,0
1764861523.861826,234222,0,0,0,0
1764861523.912021,234272,0,0,0,0
1764861523.962386,234322,0,0,0,0
1764861524.01171,234372,0,0,0,0
1764861524.061909,234422,0,0,0,0
1764861524.112267,234472,0,0,0,0
1764861524.162563,234522,0,0,0,0
1764861524.212839,234572,0,0,0,0
1764861524.263272,234622,0,0,0,0
1764861524.3126242,234672,0,0,0,0
1764861524.362942,234722,0,0,0,0
1764861524.4131231,234772,0,0,0,0
1764861524.46349,234822,0,0,0,0
1764861524.513823,234872,0,0,0,0
1764861524.564082,234923,0,0,0,0
1764861524.614429,234973,0,0,0,0
1764861524.664802,235023,0,0,0,0
1764861524.714983,235073,0,0,0,0
1764861524.765354,235123,0,0,0,0
1764861524.815723,235173,0,0,0,0
1764861524.86489,235223,0,0,0,0
1764861524.915238,235273,0,0,0,0
1764861524.965614,235323,0,0,0,0
1764861525.015785,235373,0,0,0,0
1764861525.066126,235423,0,0,0,0
1764861525.116492,235473,0,0,0,0
1764861525.165834,235523,0,0,0,0
1764861525.216208,235573,0,0,0,0
1764861525.2663622,235623,0,0,0,0
1764861525.31672,235673,0,0,0,0
1764861525.367077,235723,0,0,0,0
1764861525.4174662,235773,0,0,0,0
1764861525.466634,235823,0,0,0,0
1764861525.5169978,235873,0,0,0,0
1764861525.567265,235923,0,0,0,0
1764861525.617604,235973,0,0,0,0
1764861525.667903,236023,0,0,0,0
1764861525.718271,236073,0,0,0,0
1764861525.7674618,236123,0,0,0,0
1764861525.8178291,236173,0,0,0,0
1764861525.868185,236223,0,0,0,0
1764861525.918376,236273,0,0,0,0
1764861525.968687,236323,0,0,0,0
1764861526.0190809,236374,0,0,0,0
1764861526.069422,236424,0,0,0,0
1764861526.1197782,236474,0,0,0,0
1764861526.1699572,236524,0,0,0,0
1764861526.220331,236574,0,0,0,0
1764861526.270665,236624,0,0,0,0
1764861526.319998,236674,0,0,0,0
1764861526.370354,236724,0,0,0,0
1764861526.420596,236774,0,0,0,0
1764861526.470921,236824,0,0,0,0
1764861526.5212438,236874,0,0,0,0
1764861526.571597,236924,0,0,0,0
1764861526.620739,236974,0,0,0,0
1764861526.6710882,237024,0,0,0,0
1764861526.721448,237074,0,0,0,0
1764861526.771818,237124,0,0,0,0
1764861526.8221262,237174,0,0,0,0
1764861526.872345,237224,0,0,0,0
1764861526.921676,237274,0,0,0,0
1764861526.97202,237324,0,0,0,0
1764861527.0222201,237374,0,0,0,0
1764861527.072586,237424,0,0,0,0
1764861527.122871,237474,0,0,0,0
1764861527.173284,237524,0,0,0,0
1764861527.222429,237574,0,0,0,0
1764861527.2727711,237624,0,0,0,0
1764861527.3231459,237674,0,0,0,0
1764861527.3735092,237724,0,0,0,0
1764861527.42362,237774,0,0,0,0
1764861527.473082,237824,0,0,0,0
1764861527.523392,237874,0,0,0,0
1764861527.573772,237924,0,0,0,0
1764861527.62395,237974,0,0,0,0
1764861527.674318,238024,0,0,0,0
1764861527.7246962,238074,0,0,0,0
1764861527.773868,238124,0,0,0,0
1764861527.824229,238174,0,0,0,0
1764861527.874583,238224,0,0,0,0
1764861527.924777,238274,0,0,0,0
1764861527.9751291,238324,0,0,0,0
1764861528.0255868,238374,0,0,0,0
1764861528.074844,238424,0,0,0,0
1764861528.125035,238474,0,0,0,0
1764861528.1754,238524,0,0,0,0
1764861528.2257652,238574,0,0,0,0
1764861528.275946,238624,0,0,0,0
1764861528.326277,238674,0,0,0,0
1764861528.375674,238724,0,0,0,0
1764861528.426015,238774,0,0,0,0
1764861528.4762292,238824,0,0,0,0
1764861528.526592,238874,0,0,0,0
1764861528.576946,238924,0,0,0,0
1764861528.6271439,238974,0,0,0,0
1764861528.676495,239024,0,0,0,0
1764861528.726856,239074,0,0,0,0
1764861528.77707,239124,0,0,0,0
1764861528.827459,239174,0,0,0,0
1764861528.877841,239224,0,0,0,0
1764861528.928035,239275,0,0,0,0
1764861528.978407,239325,0,0,0,0
1764861529.028817,239375,0,0,0,0
1764861529.078986,239425,0,0,0,0
1764861529.129364,239475,0,0,0,0
1764861529.179581,239525,0,0,0,0
1764861529.2288089,239575,0,0,0,0
1764861529.27925,239625,0,0,0,0
1764861529.329461,239675,0,0,0,0
1764861529.379871,239725,0,0,0,0
1764861529.4302201,239775,0,0,0,0
1764861529.480438,239825,0,0,0,0
1764861529.5297651,239875,0,0,0,0
1764861529.580127,239925,0,0,0,0
1764861529.630341,239975,0,0,0,0
1764861529.6806989,240025,0,0,0,0
1764861529.731068,240075,0,0,0,0
1764861529.78129,240125,0,0,0,0
1764861529.830632,240175,0,0,0,0
1764861529.881026,240225,0,0,0,0
1764861529.9312582,240275,0,0,0,0
1764861529.981576,240325,0,0,0,0
1764861530.031944,240375,0,0,0,0
1764861530.082149,240425,0,0,0,0
1764861530.131531,240475,0,0,0,0
1764861530.181756,240525,0,0,0,0
1764861530.232149,240575,0,0,0,0
1764861530.282361,240625,0,0,0,0
1764861530.332701,240675,0,0,0,0
1764861530.383014,240726,0,0,0,0
1764861530.4333172,240776,0,0,0,0
1764861530.483684,240826,0,0,0,0
1764861530.5339,240876,0,0,0,0
1764861530.5842931,240926,0,0,0,0
1764861530.634654,240976,0,0,0,0
1764861530.683848,241026,0,0,0,0
1764861530.7342238,241076,0,0,0,0
1764861530.78459,241126,0,0,0,0
1764861530.834805,241176,0,0,0,0
1764861530.885077,241226,0,0,0,0
1764861530.9354298,241276,0,0,0,0
1764861530.984718,241326,0,0,0,0
1764861531.035109,241376,0,0,0,0
1764861531.0855522,241426,0,0,0,0
1764861531.135689,241476,0,0,0,0
1764861531.186074,241526,0,0,0,0
1764861531.236397,241576,0,0,0,0
1764861531.2855859,241626,0,0,0,0
1764861531.335961,241676,0,0,0,0
1764861531.386276,241726,0,0,0,0
1764861531.436502,241776,0,0,0,0
1764861531.4868429,241826,0,0,0,0
1764861531.5372438,241876,0,0,0,0
1764861531.586414,241926,0,0,0,0
1764861531.636794,241976,0,0,0,0
1764861531.687144,242026,0,0,0,0
1764861531.737528,242076,0,0,0,0
1764861531.787713,242126,0,0,0,0
1764861531.837037,242176,0,0,0,0
1764861531.887424,242226,0,0,0,0
1764861531.9376378,242276,0,0,0,0
1764861531.9880059,242326,0,0,0,0
1764861532.038361,242376,0,0,0,0
1764861532.088581,242426,0,0,0,0
1764861532.137917,242476,0,0,0,0
1764861532.188132,242526,0,0,0,0
1764861532.238518,242576,0,0,0,0
1764861532.288897,242626,0,0,0,0
1764861532.339058,242676,0,0,0,0
1764861532.389442,242726,0,0,0,0
1764861532.438756,242776,0,0,0,0
1764861532.488992,242826,0,0,0,0
1764861532.53936,242876,0,0,0,0
1764861532.589712,242926,0,0,0,0
1764861532.639926,242976,0,0,0,0
1764861532.6902862,243026,0,0,0,0
1764861532.739653,243076,0,0,0,0
1764861532.78986,243126,0,0,0,0
1764861532.8401868,243176,0,0,0,0
1764861532.890569,243226,0,0,0,0
1764861532.940911,243276,0,0,0,0
1764861532.9911392,243326,0,0,0,0
1764861533.040494,243376,0,0,0,0
1764861533.090677,243426,0,0,0,0
1764861533.141006,243476,0,0,0,0
1764861533.191388,243526,0,0,0,0
1764861533.24174,243576,0,0,0,0
1764861533.291975,243627,0,0,0,0
1764861533.342313,243677,0,0,0,0
1764861533.3927171,243727,0,0,0,0
1764861533.442878,243777,0,0,0,0
1764861533.493254,243827,0,0,0,0
1764861533.54361,243877,0,0,0,0
1764861533.5927832,243927,0,0,0,0
1764861533.643143,243977,0,0,0,0
1764861533.6935081,244027,0,0,0,0
1764861533.7438731,244077,0,0,0,0
1764861533.794073,244127,0,0,0,0
1764861533.8444102,244177,0,0,0,0
1764861533.893753,244227,0,0,0,0
1764861533.943937,244277,0,0,0,0
1764861533.9942982,244327,0,0,0,0
1764861534.044686,244377,0,0,0,0
1764861534.09503,244427,0,0,0,0
1764861534.145207,244477,0,0,0,0
1764861534.19452,244527,0,0,0,0
1764861534.244918,244577,0,0,0,0
1764861534.2951071,244627,0,0,0,0
1764861534.3454568,244677,0,0,0,0
1764861534.3958242,244727,0,0,0,0
1764861534.44618,244777,0,0,0,0
1764861534.495508,244827,0,0,0,0
1764861534.545724,244877,0,0,0,0
1764861534.5960588,244927,0,0,0,0
1764861534.646487,244977,0,0,0,0
1764861534.696621,245027,0,0,0,0
1764861534.746988,245078,0,0,0,0
1764861534.7973812,245128,0,0,0,0
1764861534.847542,245178,0,0,0,0
1764861534.89791,245228,0,0,0,0
1764861534.948265,245278,0,0,0,0
1764861534.9986298,245328,0,0,0,0
1764861535.047807,245378,0,0,0,0
1764861535.098173,245428,0,0,0,0
1764861535.148545,245478,0,0,0,0
1764861535.1988852,245528,0,0,0,0
1764861535.249086,245578,0,0,0,0
1764861535.299476,245628,0,0,0,0
1764861535.3487391,245678,0,0,0,0
1764861535.398954,245728,0,0,0,0
1764861535.4493299,245778,0,0,0,0
1764861535.49967,245828,0,0,0,0
1764861535.549879,245878,0,0,0,0
1764861535.6002162,245928,0,0,0,0
1764861535.649579,245978,0,0,0,0
1764861535.699946,246028,0,0,0,0
1764861535.750119,246078,0,0,0,0
1764861535.8004851,246128,0,0,0,0
1764861535.850841,246178,0,0,0,0
1764861535.901074,246228,0,0,0,0
1764861535.9504662,246278,0,0,0,0
1764861536.0007958,246328,0,0,0,0
1764861536.050981,246378,0,0,0,0
1764861536.10137,246428,0,0,0,0
1764861536.1517599,246478,0,0,0,0
1764861536.200914,246528,0,0,0,0
1764861536.251294,246578,0,0,0,0
1764861536.301514,246628,0,0,0,0
1764861536.351849,246678,0,0,0,0
1764861536.402255,246728,0,0,0,0
1764861536.4524648,246778,0,0,0,0
1764861536.5017989,246828,0,0,0,0
1764861536.552162,246878,0,0,0,0
1764861536.6025229,246928,0,0,0,0
1764861536.652731,246978,0,0,0,0
1764861536.703093,247028,0,0,0,0
1764861536.7532978,247078,0,0,0,0
1764861536.802638,247128,0,0,0,0
1764861536.8529952,247178,0,0,0,0
1764861536.90339,247228,0,0,0,0
1764861536.9534972,247278,0,0,0,0
1764861537.00395,247328,0,0,0,0
1764861537.054283,247378,0,0,0,0
1764861537.103481,247428,0,0,0,0
1764861537.153862,247478,0,0,0,0
1764861537.204054,247528,0,0,0,0
1764861537.254414,247578,0,0,0,0
1764861537.304789,247628,0,0,0,0
1764861537.355127,247678,0,0,0,0
1764861537.4043362,247728,0,0,0,0
1764861537.454719,247778,0,0,0,0
1764861537.50509,247828,0,0,0,0
1764861537.555285,247878,0,0,0,0
1764861537.6056519,247928,0,0,0,0
1764861537.656014,247979,0,0,0,0
1764861537.706114,248029,0,0,0,0
1764861537.756574,248079,0,0,0,0
1764861537.806956,248129,0,0,0,0
1764861537.857145,248179,0,0,0,0
1764861537.907499,248229,0,0,0,0
1764861537.956854,248279,0,0,0,0
1764861538.007082,248329,0,0,0,0
1764861538.057445,248379,0,0,0,0
1764861538.10782,248429,0,0,0,0
1764861538.1580522,248479,0,0,0,0
1764861538.208454,248529,0,0,0,0
1764861538.257577,248579,0,0,0,0
1764861538.30794,248629,0,0,0,0
1764861538.358318,248679,0,0,0,0
1764861538.408533,248729,0,0,0,0
1764861538.45889,248779,0,0,0,0
1764861538.509291,248829,0,0,0,0
1764861538.5584629,248879,0,0,0,0
1764861538.608814,248929,0,0,0,0
1764861538.6595042,248979,0,0,0,0
1764861538.709693,249029,0,0,0,0
1764861538.7598138,249079,0,0,0,0
1764861538.810177,249129,0,0,0,0
1764861538.8593512,249179,0,0,0,0
1764861538.90975,249229,0,0,0,0
1764861538.9599411,249279,0,0,0,0
1764861539.010328,249329,0,0,0,0
1764861539.06071,249379,0,0,0,0
1764861539.110927,249430,0,0,0,0
1764861539.1613162,249480,0,0,0,0
1764861539.211534,249530,0,0,0,0
1764861539.261843,249580,0,0,0,0
1764861539.312267,249630,0,0,0,0
1764861539.3624551,249680,0,0,0,0
1764861539.411839,249730,0,0,0,0
1764861539.4620538,249780,0,0,0,0
1764861539.512403,249830,0,0,0,0
1764861539.5627918,249880,0,0,0,0
1764861539.613037,249930,0,0,0,0
1764861539.663405,249980,0,0,0,0
1764861539.712718,250030,0,0,0,0
1764861539.762916,250080,0,0,0,0
1764861539.8133051,250130,0,0,0,0
1764861539.863646,250180,0,0,0,0
1764861539.9138849,250230,0,0,0,0
1764861539.964264,250280,0,0,0,0
1764861540.013618,250330,0,0,0,0
1764861540.063854,250380,0,0,0,0
1764861540.1142,250430,0,0,0,0
1764861540.164414,250480,0,0,0,0
1764861540.214783,250530,0,0,0,0
1764861540.2651641,250580,0,0,0,0
1764861540.3144078,250630,0,0,0,0
1764861540.364696,250680,0,0,0,0
1764861540.415114,250730,0,0,0,0
1764861540.4653199,250780,0,0,0,0
1764861540.5157208,250830,0,0,0,0
1764861540.5649102,250880,0,0,0,0
1764861540.61526,250930,0,0,0,0
1764861540.665439,250980,0,0,0,0
1764861540.715843,251030,0,0,0,0
1764861540.766197,251080,0,0,0,0
1764861540.816397,251130,0,0,0,0
1764861540.8657439,251180,0,0,0,0
1764861540.916137,251230,0,0,0,0
1764861540.966388,251280,0,0,0,0
1764861541.0166872,251330,0,0,0,0
1764861541.066962,251380,0,0,0,0
1764861541.117298,251430,0,0,0,0
1764861541.166647,251480,0,0,0,0
1764861541.217011,251530,0,0,0,0
1764861541.267215,251580,0,0,0,0
1764861541.317577,251630,0,0,0,0
1764861541.367981,251680,0,0,0,0
1764861541.4181702,251730,0,0,0,0
1764861541.467519,251780,0,0,0,0
1764861541.517666,251830,0,0,0,0
1764861541.5680761,251880,0,0,0,0
1764861541.618468,251930,0,0,0,0
1764861541.668659,251980,0,0,0,0
1764861541.719048,252030,0,0,0,0
1764861541.768394,252080,0,0,0,0
1764861541.818627,252130,0,0,0,0
1764861541.8689642,252180,0,0,0,0
1764861541.91938,252230,0,0,0,0
1764861541.969557,252280,0,0,0,0
1764861542.019948,252331,0,0,0,0
1764861542.0701609,252381,0,0,0,0
1764861542.1205142,252431,0,0,0,0
1764861542.1708832,252481,0,0,0,0
1764861542.221081,252531,0,0,0,0
1764861542.271441,252581,0,0,0,0
1764861542.320826,252631,0,0,0,0
1764861542.3710039,252681,0,0,0,0
1764861542.421382,252731,0,0,0,0
1764861542.471755,252781,0,0,0,0
1764861542.521971,252831,0,0,0,0
1764861542.572393,252881,0,0,0,0
1764861542.621517,252931,0,0,0,0
1764861542.6719072,252981,0,0,0,0
1764861542.722263,253031,0,0,0,0
1764861542.7724779,253081,0,0,0,0
1764861542.8228512,253131,0,0,0,0
1764861542.8732119,253181,0,0,0,0
1764861542.922422,253231,0,0,0,0
1764861542.9727979,253281,0,0,0,0
1764861543.023156,253331,0,0,0,0
1764861543.073322,253381,0,0,0,0
1764861543.1237519,253431,0,0,0,0
1764861543.1739788,253481,0,0,0,0
1764861543.223351,253531,0,0,0,0
1764861543.273689,253581,0,0,0,0
1764861543.323887,253631,0,0,0,0
1764861543.3742652,253681,0,0,0,0
1764861543.424646,253731,0,0,0,0
1764861543.47486,253782,0,0,0,0
1764861543.525218,253832,0,0,0,0
1764861543.575597,253882,0,0,0,0
1764861543.625782,253932,0,0,0,0
1764861543.676171,253982,0,0,0,0
1764861543.72653,254032,0,0,0,0
1764861543.775649,254082,0,0,0,0
1764861543.826081,254132,0,0,0,0
1764861543.8763561,254182,0,0,0,0
1764861543.9266791,254232,0,0,0,0
1764861543.977043,254282,0,0,0,0
1764861544.0272598,254332,0,0,0,0
1764861544.076622,254382,0,0,0,0
1764861544.126977,254432,0,0,0,0
1764861544.1772149,254482,0,0,0,0
1764861544.227563,254532,0,0,0,0
1764861544.2777972,254582,0,0,0,0
1764861544.328158,254632,0,0,0,0
1764861544.377516,254682,0,0,0,0
1764861544.4277408,254732,0,0,0,0
1764861544.4780421,254782,0,0,0,0
1764861544.528388,254832,0,0,0,0
1764861544.578769,254882,0,0,0,0
1764861544.629109,254932,0,0,0,0
1764861544.6783402,254982,0,0,0,0
1764861544.728684,255032,0,0,0,0
1764861544.7788858,255082,0,0,0,0
1764861544.829269,255132,0,0,0,0
1764861544.8796248,255182,0,0,0,0
1764861544.9288378,255232,0,0,0,0
1764861544.9791958,255282,0,0,0,0
1764861545.0293849,255332,0,0,0,0
1764861545.079751,255382,0,0,0,0
1764861545.1301389,255432,0,0,0,0
1764861545.180367,255482,0,0,0,0
1764861545.229727,255532,0,0,0,0
1764861545.280094,255582,0,0,0,0
1764861545.330343,255632,0,0,0,0
1764861545.380694,255682,0,0,0,0
1764861545.430923,255732,0,0,0,0
1764861545.4813209,255782,0,0,0,0
1764861545.530498,255832,0,0,0,0
1764861545.580907,255882,0,0,0,0
1764861545.631097,255932,0,0,0,0
1764861545.681505,255982,0,0,0,0
1764861545.731838,256032,0,0,0,0
1764861545.782057,256082,0,0,0,0
1764861545.831423,256132,0,0,0,0
1764861545.8817651,256182,0,0,0,0
1764861545.931977,256232,0,0,0,0
1764861545.982363,256282,0,0,0,0
1764861546.032765,256332,0,0,0,0
1764861546.0829551,256382,0,0,0,0
1764861546.132331,256432,0,0,0,0
1764861546.182549,256482,0,0,0,0
1764861546.232917,256532,0,0,0,0
1764861546.283318,256582,0,0,0,0
1764861546.3335161,256632,0,0,0,0
1764861546.383901,256683,0,0,0,0
1764861546.4341278,256733,0,0,0,0
1764861546.4844701,256783,0,0,0,0
1764861546.534827,256833,0,0,0,0
1764861546.585205,256883,0,0,0,0
1764861546.635415,256933,0,0,0,0
1764861546.684769,256983,0,0,0,0
1764861546.7349539,257033,0,0,0,0
1764861546.7853289,257083,0,0,0,0
1764861546.835706,257133,0,0,0,0
1764861546.885879,257183,0,0,0,0
1764861546.93628,257233,0,0,0,0
1764861546.98561,257283,0,0,0,0
1764861547.035825,257333,0,0,0,0
1764861547.0861619,257383,0,0,0,0
1764861547.136538,257433,0,0,0,0
1764861547.1867259,257483,0,0,0,0
1764861547.23708,257533,0,0,0,0
1764861547.286446,257583,0,0,0,0
1764861547.336822,257633,0,0,0,0
1764861547.386989,257683,0,0,0,0
1764861547.4373791,257733,0,0,0,0
1764861547.487751,257783,0,0,0,0
1764861547.5379882,257833,0,0,0,0
1764861547.587328,257883,0,0,0,0
1764861547.6375182,257933,0,0,0,0
1764861547.687895,257983,0,0,0,0
1764861547.738281,258033,0,0,0,0
1764861547.788428,258083,0,0,0,0
1764861547.8388412,258134,0,0,0,0
1764861547.889198,258184,0,0,0,0
1764861547.939413,258234,0,0,0,0
1764861547.989774,258284,0,0,0,0
1764861548.040171,258334,0,0,0,0
1764861548.0903602,258384,0,0,0,0
1764861548.139731,258434,0,0,0,0
1764861548.189919,258484,0,0,0,0
1764861548.2403011,258534,0,0,0,0
1764861548.290686,258584,0,0,0,0
1764861548.340898,258634,0,0,0,0
1764861548.391188,258684,0,0,0,0
1764861548.440644,258734,0,0,0,0
1764861548.4908302,258784,0,0,0,0
1764861548.541306,258834,0,0,0,0
1764861548.591603,258884,0,0,0,0
1764861548.64181,258934,0,0,0,0
1764861548.692192,258984,0,0,0,0
1764861548.741374,259034,0,0,0,0
1764861548.791747,259084,0,0,0,0
1764861548.842101,259134,0,0,0,0
1764861548.892295,259184,0,0,0,0
1764861548.942635,259234,0,0,0,0
1764861548.993014,259284,0,0,0,0
1764861549.0421991,259334,0,0,0,0
1764861549.092545,259384,0,0,0,0
1764861549.142915,259434,0,0,0,0
1764861549.193277,259484,0,0,0,0
1764861549.24349,259534,0,0,0,0
1764861549.29284,259584,0,0,0,0
1764861549.3433018,259634,0,0,0,0
1764861549.3933911,259684,0,0,0,0
1764861549.443784,259734,0,0,0,0
1764861549.4941509,259784,0,0,0,0
1764861549.544364,259834,0,0,0,0
1764861549.593707,259884,0,0,0,0
1764861549.643899,259934,0,0,0,0
1764861549.694272,259984,0,0,0,0
1764861549.744663,260034,0,0,0,0
1764861549.7948391,260084,0,0,0,0
1764861549.845098,260134,0,0,0,0
1764861549.8945248,260184,0,0,0,0
1764861549.944916,260234,0,0,0,0
1764861549.9950771,260284,0,0,0,0
1764861550.045472,260334,0,0,0,0
1764861550.095832,260384,0,0,0,0
1764861550.146034,260434,0,0,0,0
1764861550.195381,260484,0,0,0,0
1764861550.2456331,260534,0,0,0,0
1764861550.295935,260584,0,0,0,0
1764861550.346314,260634,0,0,0,0
1764861550.396659,260684,0,0,0,0
1764861550.4468842,260734,0,0,0,0
1764861550.496259,260784,0,0,0,0
1764861550.546633,260834,0,0,0,0
1764861550.596826,260884,0,0,0,0
1764861550.6472619,260934,0,0,0,0
1764861550.697564,260984,0,0,0,0
1764861550.747755,261035,0,0,0,0
1764861550.7981188,261085,0,0,0,0
1764861550.848479,261135,0,0,0,0
1764861550.8988202,261185,0,0,0,0
1764861550.9490209,261235,0,0,0,0
1764861550.9993842,261285,0,0,0,0
1764861551.0487401,261335,0,0,0,0
1764861551.098918,261385,0,0,0,0
1764861551.149269,261435,0,0,0,0
1764861551.199657,261485,0,0,0,0
1764861551.2498538,261535,0,0,0,0
1764861551.300237,261585,0,0,0,0
1764861551.349563,261635,0,0,0,0
1764861551.3996391,261685,0,0,0,0
1764861551.4501472,261735,0,0,0,0
1764861551.500504,261785,0,0,0,0
1764861551.550692,261835,0,0,0,0
1764861551.601054,261885,0,0,0,0
1764861551.650393,261935,0,0,0,0
1764861551.700761,261985,0,0,0,0
1764861551.7509398,262035,0,0,0,0
1764861551.8013382,262085,0,0,0,0
1764861551.85168,262135,0,0,0,0
1764861551.901896,262185,0,0,0,0
1764861551.951242,262235,0,0,0,0
1764861552.001601,262285,0,0,0,0
1764861552.051827,262335,0,0,0,0
1764861552.1022332,262385,0,0,0,0
1764861552.15254,262435,0,0,0,0
1764861552.2027452,262486,0,0,0,0
1764861552.253112,262536,0,0,0,0
1764861552.3034902,262586,0,0,0,0
1764861552.353701,262636,0,0,0,0
1764861552.404043,262686,0,0,0,0
1764861552.4544199,262736,0,0,0,0
1764861552.503607,262786,0,0,0,0
1764861552.553963,262836,0,0,0,0
1764861552.604357,262886,0,0,0,0
1764861552.65456,262936,0,0,0,0
1764861552.704896,262986,0,0,0,0
1764861552.755279,263036,0,0,0,0
1764861552.8044841,263086,0,0,0,0
1764861552.854774,263136,0,0,0,0
1764861552.905223,263186,0,0,0,0
1764861552.955421,263236,0,0,0,0
1764861553.005749,263286,0,0,0,0
1764861553.056132,263336,0,0,0,0
1764861553.105315,263386,0,0,0,0
1764861553.155661,263436,0,0,0,0
1764861553.206042,263486,0,0,0,0
1764861553.256202,263536,0,0,0,0
1764861553.3065841,263586,0,0,0,0
1764861553.3569658,263636,0,0,0,0
1764861553.406286,263686,0,0,0,0
1764861553.4564831,263736,0,0,0,0
1764861553.5068748,263786,0,0,0,0
1764861553.557224,263836,0,0,0,0
1764861553.607409,263886,0,0,0,0
1764861553.656799,263936,0,0,0,0
1764861553.7071419,263986,0,0,0,0
1764861553.7573519,264036,0,0,0,0
1764861553.807713,264086,0,0,0,0
1764861553.858062,264136,0,0,0,0
1764861553.9082618,264186,0,0,0,0
1764861553.9576058,264236,0,0,0,0
1764861554.0079622,264286,0,0,0,0
1764861554.0581918,264336,0,0,0,0
1764861554.1085398,264386,0,0,0,0
1764861554.158904,264436,0,0,0,0
1764861554.20911,264486,0,0,0,0
1764861554.2584488,264536,0,0,0,0
1764861554.308822,264586,0,0,0,0
1764861554.359211,264636,0,0,0,0
1764861554.409378,264686,0,0,0,0
1764861554.459777,264736,0,0,0,0
1764861554.510141,264786,0,0,0,0
1764861554.5593312,264836,0,0,0,0
1764861554.609691,264886,0,0,0,0
1764861554.659913,264936,0,0,0,0
1764861554.7102878,264986,0,0,0,0
1764861554.760662,265036,0,0,0,0
1764861554.810859,265086,0,0,0,0
1764861554.860227,265136,0,0,0,0
1764861554.910432,265186,0,0,0,0
1764861554.960808,265236,0,0,0,0
1764861555.0111911,265286,0,0,0,0
1764861555.061388,265336,0,0,0,0
1764861555.111785,265387,0,0,0,0
1764861555.1619892,265437,0,0,0,0
1764861555.2122471,265487,0,0,0,0
1764861555.26276,265537,0,0,0,0
1764861555.3129878,265587,0,0,0,0
1764861555.363324,265637,0,0,0,0
1764861555.412663,265687,0,0,0,0
1764861555.462873,265737,0,0,0,0
1764861555.5132182,265787,0,0,0,0
1764861555.5636091,265837,0,0,0,0
1764861555.61379,265887,0,0,0,0
1764861555.6641788,265937,0,0,0,0
1764861555.713519,265987,0,0,0,0
1764861555.763724,266037,0,0,0,0
1764861555.814108,266087,0,0,0,0
1764861555.864498,266137,0,0,0,0
1764861555.9146838,266187,0,0,0,0
1764861555.9650571,266237,0,0,0,0
1764861556.014219,266287,0,0,0,0
1764861556.064594,266337,0,0,0,0
1764861556.114965,266387,0,0,0,0
1764861556.16519,266437,0,0,0,0
1764861556.2155929,266487,0,0,0,0
1764861556.265841,266537,0,0,0,0
1764861556.315079,266587,0,0,0,0
1764861556.36547,266637,0,0,0,0
1764861556.415709,266687,0,0,0,0
1764861556.466115,266737,0,0,0,0
1764861556.516489,266787,0,0,0,0
1764861556.56671,266838,0,0,0,0
1764861556.617074,266888,0,0,0,0
1764861556.667457,266938,0,0,0,0
1764861556.717664,266988,0,0,0,0
1764861556.768037,267038,0,0,0,0
1764861556.818222,267088,0,0,0,0
1764861556.867605,267138,0,0,0,0
1764861556.917977,267188,0,0,0,0
1764861556.9681568,267238,0,0,0,0
1764861557.018535,267288,0,0,0,0
1764861557.0689101,267338,0,0,0,0
1764861557.1191812,267388,0,0,0,0
1764861557.16848,267438,0,0,0,0
1764861557.218847,267488,0,0,0,0
1764861557.269057,267538,0,0,0,0
1764861557.31944,267588,0,0,0,0
1764861557.3696482,267638,0,0,0,0
1764861557.420008,267688,0,0,0,0
1764861557.469399,267738,0,0,0,0
1764861557.519565,267788,0,0,0,0
1764861557.569967,267838,0,0,0,0
1764861557.620328,267888,0,0,0,0
1764861557.670506,267938,0,0,0,0
1764861557.720886,267988,0,0,0,0
1764861557.7702138,268038,0,0,0,0
1764861557.820439,268088,0,0,0,0
1764861557.8707142,268138,0,0,0,0
1764861557.9211562,268188,0,0,0,0
1764861557.9713979,268238,0,0,0,0
1764861558.020712,268288,0,0,0,0
1764861558.071142,268338,0,0,0,0
1764861558.121276,268388,0,0,0,0
1764861558.1716359,268438,0,0,0,0
1764861558.221995,268488,0,0,0,0
1764861558.272195,268538,0,0,0,0
1764861558.321547,268588,0,0,0,0
1764861558.371948,268638,0,0,0,0
1764861558.422143,268688,0,0,0,0
1764861558.4725099,268738,0,0,0,0
1764861558.522866,268788,0,0,0,0
1764861558.573055,268838,0,0,0,0
1764861558.62242,268888,0,0,0,0
1764861558.672788,268938,0,0,0,0
1764861558.72298,268988,0,0,0,0
1764861558.773404,269038,0,0,0,0
1764861558.823762,269088,0,0,0,0
1764861558.873973,269138,0,0,0,0
1764861558.923309,269188,0,0,0,0
1764861558.973511,269238,0,0,0,0
1764861559.023883,269288,0,0,0,0
1764861559.0742452,269338,0,0,0,0
1764861559.124463,269388,0,0,0,0
1764861559.174826,269438,0,0,0,0
1764861559.224162,269488,0,0,0,0
1764861559.274397,269538,0,0,0,0
1764861559.32477,269588,0,0,0,0
1764861559.375159,269638,0,0,0,0
1764861559.425289,269688,0,0,0,0
1764861559.475654,269739,0,0,0,0
1764861559.5260942,269789,0,0,0,0
1764861559.576406,269839,0,0,0,0
1764861559.626556,269889,0,0,0,0
1764861559.676936,269939,0,0,0,0
1764861559.7272801,269989,0,0,0,0
1764861559.776644,270039,0,0,0,0
1764861559.8268318,270089,0,0,0,0
1764861559.877213,270139,0,0,0,0
1764861559.927542,270189,0,0,0,0
1764861559.977908,270239,0,0,0,0
1764861560.028011,270289,0,0,0,0
1764861560.0774431,270339,0,0,0,0
1764861560.127798,270389,0,0,0,0
1764861560.177983,270439,0,0,0,0
1764861560.228332,270489,0,0,0,0
1764861560.2786932,270539,0,0,0,0
1764861560.329055,270589,0,0,0,0
1764861560.378249,270639,0,0,0,0
1764861560.428462,270689,0,0,0,0
1764861560.4789178,270739,0,0,0,0
1764861560.5291572,270789,0,0,0,0
1764861560.579503,270839,0,0,0,0
1764861560.629872,270889,0,0,0,0
1764861560.6792,270939,0,0,0,0
1764861560.729402,270989,0,0,0,0
1764861560.779779,271039,0,0,0,0
1764861560.830176,271089,0,0,0,0
1764861560.88036,271139,0,0,0,0
1764861560.930738,271190,0,0,0,0
1764861560.9811368,271240,0,0,0,0
1764861561.031332,271290,0,0,0,0
1764861561.081682,271340,0,0,0,0
1764861561.132101,271390,0,0,0,0
1764861561.182195,271440,0,0,0,0
1764861561.231627,271490,0,0,0,0
1764861561.281811,271540,0,0,0,0
1764861561.33219,271590,0,0,0,0
1764861561.382549,271640,0,0,0,0
1764861561.4327319,271690,0,0,0,0
1764861561.483111,271740,0,0,0,0
1764861561.532445,271790,0,0,0,0
1764861561.582659,271840,0,0,0,0
1764861561.637936,271890,0,0,0,0
1764861561.683417,271940,0,0,0,0
1764861561.733597,271990,0,0,0,0
1764861561.7840068,272040,0,0,0,0
1764861561.833333,272090,0,0,0,0
1764861561.8835578,272140,0,0,0,0
1764861561.933835,272190,0,0,0,0
1764861561.98416,272240,0,0,0,0
1764861562.034509,272290,0,0,0,0
1764861562.0848892,272340,0,0,0,0
1764861562.1341288,272390,0,0,0,0
1764861562.184412,272440,0,0,0,0
1764861562.2347698,272490,0,0,0,0
1764861562.285165,272540,0,0,0,0
1764861562.335346,272590,0,0,0,0
1764861562.384675,272640,0,0,0,0
1764861562.435095,272690,0,0,0,0
1764861562.48524,272740,0,0,0,0
1764861562.535622,272790,0,0,0,0
1764861562.585983,272840,0,0,0,0
1764861562.636199,272890,0,0,0,0
1764861562.685598,272940,0,0,0,0
1764861562.735946,272990,0,0,0,0
1764861562.786129,273040,0,0,0,0
1764861562.83651,273090,0,0,0,0
1764861562.886813,273140,0,0,0,0
1764861562.9370959,273190,0,0,0,0
1764861562.986401,273240,0,0,0,0
1764861563.036803,273290,0,0,0,0
1764861563.0870059,273340,0,0,0,0
1764861563.137377,273390,0,0,0,0
1764861563.1877608,273440,0,0,0,0
1764861563.2379498,273490,0,0,0,0
1764861563.287314,273540,0,0,0,0
1764861563.337499,273590,0,0,0,0
1764861563.387893,273640,0,0,0,0
1764861563.438259,273690,0,0,0,0
1764861563.488449,273740,0,0,0,0
1764861563.538841,273790,0,0,0,0
1764861563.588185,273840,0,0,0,0
1764861563.638378,273890,0,0,0,0
1764861563.6887748,273940,0,0,0,0
1764861563.738977,273990,0,0,0,0
1764861563.789357,274040,0,0,0,0
1764861563.8408809,274091,0,0,0,0
1764861563.8899379,274141,0,0,0,0
1764861563.940267,274191,0,0,0,0
1764861563.990679,274241,0,0,0,0
1764861564.040861,274291,0,0,0,0
1764861564.091276,274341,0,0,0,0
1764861564.1406221,274391,0,0,0,0
1764861564.190851,274441,0,0,0,0
1764861564.241224,274491,0,0,0,0
1764861564.291324,274541,0,0,0,0
1764861564.341794,274591,0,0,0,0
1764861564.39217,274641,0,0,0,0
1764861564.441362,274691,0,0,0,0
1764861564.491745,274741,0,0,0,0
1764861564.541947,274791,0,0,0,0
1764861564.592295,274841,0,0,0,0
1764861564.642671,274891,0,0,0,0
1764861564.692867,274941,0,0,0,0
1764861564.742187,274991,0,0,0,0
1764861564.792594,275041,0,0,0,0
1764861564.842962,275091,0,0,0,0
1764861564.893174,275141,0,0,0,0
1764861564.9435022,275191,0,0,0,0
1764861564.9937222,275241,0,0,0,0
1764861565.0430841,275291,0,0,0,0
1764861565.093451,275341,0,0,0,0
1764861565.143671,275391,0,0,0,0
1764861565.19406,275441,0,0,0,0
1764861565.244428,275491,0,0,0,0
1764861565.294612,275542,0,0,0,0
1764861565.344981,275592,0,0,0,0
1764861565.395367,275642,0,0,0,0
1764861565.445528,275692,0,0,0,0
1764861565.4959319,275742,0,0,0,0
1764861565.546294,275792,0,0,0,0
1764861565.5954509,275842,0,0,0,0
1764861565.645806,275892,0,0,0,0
1764861565.696212,275942,0,0,0,0
1764861565.746387,275992,0,0,0,0
1764861565.796756,276042,0,0,0,0
1764861565.847112,276092,0,0,0,0
1764861565.896468,276142,0,0,0,0
1764861565.9466538,276192,0,0,0,0
1764861565.997076,276242,0,0,0,0
1764861566.047232,276292,0,0,0,0
1764861566.097652,276342,0,0,0,0
1764861566.148041,276392,0,0,0,0
1764861566.197203,276442,0,0,0,0
1764861566.247544,276492,0,0,0,0
1764861566.297893,276542,0,0,0,0
1764861566.348261,276592,0,0,0,0
1764861566.3984609,276642,0,0,0,0
1764861566.4487302,276692,0,0,0,0
1764861566.4980469,276742,0,0,0,0
1764861566.5483708,276792,0,0,0,0
1764861566.598758,276842,0,0,0,0
1764861566.6489558,276892,0,0,0,0
1764861566.69935,276942,0,0,0,0
1764861566.7486532,276992,0,0,0,0
1764861566.798935,277042,0,0,0,0
1764861566.849308,277092,0,0,0,0
1764861566.899564,277142,0,0,0,0
1764861566.9499211,277192,0,0,0,0
1764861567.000107,277242,0,0,0,0
1764861567.0494888,277292,0,0,0,0
1764861567.099848,277342,0,0,0,0
1764861567.150101,277392,0,0,0,0
1764861567.200501,277442,0,0,0,0
1764861567.250687,277492,0,0,0,0
1764861567.3010938,277542,0,0,0,0
1764861567.35027,277592,0,0,0,0
1764861567.4006588,277642,0,0,0,0
1764861567.451041,277692,0,0,0,0
1764861567.501211,277742,0,0,0,0
1764861567.551618,277792,0,0,0,0
1764861567.6018,277842,0,0,0,0
1764861567.6511621,277892,0,0,0,0
1764861567.701561,277942,0,0,0,0
1764861567.75166,277992,0,0,0,0
1764861567.802149,278042,0,0,0,0
1764861567.8523798,278092,0,0,0,0
1764861567.902808,278142,0,0,0,0
1764861567.952158,278192,0,0,0,0
1764861568.002236,278242,0,0,0,0
1764861568.052732,278292,0,0,0,0
1764861568.1030898,278342,0,0,0,0
1764861568.153298,278392,0,0,0,0
1764861568.203692,278443,0,0,0,0
1764861568.253809,278493,0,0,0,0
1764861568.304283,278543,0,0,0,0
1764861568.3546612,278593,0,0,0,0
1764861568.404858,278643,0,0,0,0
1764861568.455242,278693,0,0,0,0
1764861568.504423,278743,0,0,0,0
1764861568.554846,278793,0,0,0,0
1764861568.604907,278843,0,0,0,0
1764861568.6554098,278893,0,0,0,0
1764861568.705777,278943,0,0,0,0
1764861568.756004,278993,0,0,0,0
1764861568.805326,279043,0,0,0,0
1764861568.855628,279093,0,0,0,0
1764861568.9059231,279143,0,0,0,0
1764861568.956321,279193,0,0,0,0
1764861569.006485,279243,0,0,0,0
1764861569.056894,279293,0,0,0,0
1764861569.1062531,279343,0,0,0,0
1764861569.1564438,279393,0,0,0,0
1764861569.206817,279443,0,0,0,0
1764861569.257143,279493,0,0,0,0
1764861569.307431,279543,0,0,0,0
1764861569.357836,279593,0,0,0,0
1764861569.407027,279643,0,0,0,0
1764861569.457398,279693,0,0,0,0
1764861569.507617,279743,0,0,0,0
1764861569.5580301,279793,0,0,0,0
1764861569.608243,279843,0,0,0,0
1764861569.6586409,279894,0,0,0,0
1764861569.7088509,279944,0,0,0,0
1764861569.75926,279994,0,0,0,0
1764861569.809443,280044,0,0,0,0
1764861569.8598468,280094,0,0,0,0
1764861569.910259,280144,0,0,0,0
1764861569.959475,280194,0,0,0,0
1764861570.0098329,280244,0,0,0,0
1764861570.059961,280294,0,0,0,0
1764861570.1104121,280344,0,0,0,0
1764861570.160584,280394,0,0,0,0
1764861570.211091,280444,0,0,0,0
1764861570.260254,280494,0,0,0,0
1764861570.310674,280544,0,0,0,0
1764861570.3610501,280594,0,0,0,0
1764861570.411294,280644,0,0,0,0
1764861570.461697,280694,0,0,0,0
1764861570.511882,280744,0,0,0,0
1764861570.561103,280794,0,0,0,0
1764861570.611386,280844,0,0,0,0
1764861570.661749,280894,0,0,0,0
1764861570.712085,280944,0,0,0,0
1764861570.762433,280994,0,0,0,0
1764861570.81272,281044,0,0,0,0
1764861570.862095,281094,0,0,0,0
1764861570.912292,281144,0,0,0,0
1764861570.962678,281194,0,0,0,0
1764861571.012886,281244,0,0,0,0
1764861571.0632808,281294,0,0,0,0
1764861571.112649,281344,0,0,0,0
1764861571.162785,281394,0,0,0,0
1764861571.2132878,281444,0,0,0,0
1764861571.263506,281494,0,0,0,0
1764861571.3138711,281544,0,0,0,0
1764861571.364086,281594,0,0,0,0
1764861571.413453,281644,0,0,0,0
1764861571.46368,281694,0,0,0,0
1764861571.514057,281744,0,0,0,0
1764861571.564437,281794,0,0,0,0
1764861571.614658,281844,0,0,0,0
1764861571.6650271,281894,0,0,0,0
1764861571.7142231,281944,0,0,0,0
1764861571.764596,281994,0,0,0,0
1764861571.814982,282044,0,0,0,0
1764861571.8651679,282094,0,0,0,0
1764861571.915524,282144,0,0,0,0
1764861571.965853,282194,0,0,0,0
1764861572.015202,282244,0,0,0,0
1764861572.065429,282294,0,0,0,0
1764861572.1158028,282344,0,0,0,0
1764861572.166198,282394,0,0,0,0
1764861572.2163908,282444,0,0,0,0
1764861572.266782,282494,0,0,0,0
1764861572.315966,282544,0,0,0,0
1764861572.366341,282594,0,0,0,0
1764861572.41802,282644,0,0,0,0
1764861572.466969,282694,0,0,0,0
1764861572.517314,282744,0,0,0,0
1764861572.5676532,282795,0,0,0,0
1764861572.617847,282845,0,0,0,0
1764861572.6682281,282895,0,0,0,0
1764861572.718465,282945,0,0,0,0
1764861572.7688231,282995,0,0,0,0
1764861572.8191621,283045,0,0,0,0
1764861572.8683882,283095,0,0,0,0
1764861572.918744,283145,0,0,0,0
1764861572.969146,283195,0,0,0,0
1764861573.019319,283245,0,0,0,0
1764861573.0697222,283295,0,0,0,0
1764861573.119963,283345,0,0,0,0
1764861573.169228,283395,0,0,0,0
1764861573.2197068,283445,0,0,0,0
1764861573.26996,283495,0,0,0,0
1764861573.320287,283545,0,0,0,0
1764861573.370625,283595,0,0,0,0
1764861573.4207182,283645,0,0,0,0
1764861573.4702,283695,0,0,0,0
1764861573.520381,283745,0,0,0,0
1764861573.570781,283795,0,0,0,0
1764861573.621155,283845,0,0,0,0
1764861573.6713731,283895,0,0,0,0
1764861573.7217238,283945,0,0,0,0
1764861573.770932,283995,0,0,0,0
1764861573.8213289,284045,0,0,0,0
1764861573.8716958,284095,0,0,0,0
1764861573.921946,284145,24,0,0,0
1764861573.972467,284195,171,0,0,0
1764861574.0228322,284246,350,0,0,0
1764861574.073069,284296,527,0,0,0
1764861574.123287,284346,704,0,0,0
1764861574.17365,284396,881,0,0,0
1764861574.223892,284446,1057,0,0,0
1764861574.274391,284496,1235,0,0,0
1764861574.3234298,284546,1408,0,0,0
1764861574.3737888,284596,1585,0,0,0
1764861574.4241989,284646,1762,0,0,0
1764861574.474414,284696,1939,0,0,0
1764861574.5246289,284746,2117,0,0,0
1764861574.5752,284796,2296,0,0,0
1764861574.6243489,284846,2471,0,0,0
1764861574.67473,284896,2650,0,0,0
1764861574.724946,284946,2828,0,0,0
1764861574.775311,284996,3007,0,0,0
1764861574.8256938,285046,3186,0,0,0
1764861574.87608,285096,3365,0,0,0
1764861574.925312,285146,3540,0,0,0
1764861574.975337,285196,3718,0,0,0
1764861575.025774,285246,3897,0,0,0
1764861575.0761259,285296,4076,0,0,0
1764861575.126299,285346,4254,0,0,0
1764861575.176815,285396,4432,0,0,0
1764861575.226131,285446,4607,0,0,0
1764861575.276356,285496,4785,0,0,0
1764861575.326549,285546,4963,0,0,0
1764861575.377158,285596,5142,0,0,0
1764861575.427354,285646,5320,0,0,0
1764861575.4767098,285696,5495,0,0,0
1764861575.527047,285746,5673,0,0,0
1764861575.577257,285796,5851,0,0,0
1764861575.627454,285846,6029,0,0,0
1764861575.6780422,285896,6208,0,0,0
1764861575.728096,285946,6386,0,0,0
1764861575.777641,285996,6561,0,0,0
1764861575.827853,286046,6739,0,0,0
1764861575.878197,286096,6918,0,0,0
1764861575.9284039,286146,7096,0,0,0
1764861575.9786298,286196,7274,0,0,0
1764861576.029164,286246,7453,0,0,0
1764861576.078528,286296,7628,0,0,0
1764861576.128577,286346,7806,0,0,0
1764861576.179119,286396,7985,0,0,0
1764861576.229314,286446,8163,0,0,0
1764861576.279556,286496,8340,0,0,0
1764861576.329948,286546,8518,0,0,0
1764861576.3791502,286596,8692,0,0,0
1764861576.4295309,286646,8870,0,0,0
1764861576.479765,286696,9048,0,0,0
1764861576.530169,286746,9226,0,0,0
1764861576.5805519,286796,9404,0,0,0
1764861576.630935,286846,9582,0,0,0
1764861576.680136,286896,9756,0,0,0
1764861576.73053,286946,9934,0,0,0
1764861576.780589,286996,10111,0,0,0
1764861576.830967,287046,10289,0,0,0
1764861576.881205,287096,10467,0,0,0
1764861576.931571,287147,10645,0,0,0
1764861576.98195,287197,10823,0,0,0
1764861577.032213,287247,11001,0,0,0
1764861577.082674,287297,11179,0,0,0
1764861577.1330729,287347,11357,0,0,0
1764861577.1832662,287397,11535,0,0,0
1764861577.232648,287447,11709,0,0,0
1764861577.2828958,287497,11887,0,0,0
1764861577.333228,287547,12065,0,0,0
1764861577.383666,287597,12243,0,0,0
1764861577.433952,287647,12421,0,0,0
1764861577.4838169,287697,12598,0,0,0
1764861577.53343,287747,12773,0,0,0
1764861577.5838249,287797,12951,0,0,0
1764861577.6340349,287847,13129,0,0,0
1764861577.684431,287897,13307,0,0,0
1764861577.734883,287947,13485,0,0,0
1764861577.78504,287997,13663,0,0,0
1764861577.834229,288047,13837,0,0,0
1764861577.884584,288097,14015,0,0,0
1764861577.934979,288147,14192,0,0,0
1764861577.985,288197,14368,0,0,0
1764861578.0355752,288247,14545,0,0,0
1764861578.0859342,288297,14722,0,0,0
1764861578.1351008,288347,14895,0,0,0
1764861578.185456,288397,15072,0,0,0
1764861578.235687,288447,15248,0,0,0
1764861578.286012,288497,15425,0,0,0
1764861578.33644,288547,15602,0,0,0
1764861578.386899,288598,15780,0,0,0
1764861578.437073,288648,15947,0,0,0
1764861578.487097,288698,16000,0,0,0
1764861578.537488,288748,16000,0,0,0
1764861578.587872,288798,16000,0,0,0
1764861578.6380532,288848,16000,0,0,0
1764861578.687424,288898,16000,0,0,0
1764861578.737658,288948,16000,0,0,0
1764861578.788057,288998,16000,0,0,0
1764861578.838447,289048,16000,0,0,0
1764861578.888661,289098,16000,0,0,0
1764861578.939053,289148,16000,0,0,0
1764861578.988244,289198,16000,0,0,0
1764861579.0386162,289248,16000,0,0,0
1764861579.088879,289298,16000,0,0,0
1764861579.139233,289348,16000,0,0,0
1764861579.189456,289398,16000,0,0,0
1764861579.239809,289448,16000,0,0,0
1764861579.289207,289498,16000,0,0,0
1764861579.3394098,289548,16000,0,0,0
1764861579.389859,289598,16000,0,0,0
1764861579.440047,289648,16000,0,0,0
1764861579.490437,289698,16000,0,0,0
1764861579.540661,289748,16000,0,0,0
1764861579.590047,289798,16000,0,0,0
1764861579.640286,289848,16000,0,0,0
1764861579.690698,289898,16000,0,0,0
1764861579.740931,289948,16000,0,0,0
1764861579.791312,289998,16000,0,0,0
1764861579.840524,290048,16000,0,0,0
1764861579.890742,290098,16000,0,0,0
1764861579.941136,290148,16000,0,0,0
1764861579.99139,290198,16000,0,0,0
1764861580.0417411,290248,16000,0,0,0
1764861580.092128,290298,16000,0,0,0
1764861580.141381,290348,16000,0,0,0
1764861580.1917481,290398,16000,0,0,0
1764861580.2419379,290448,16000,0,0,0
1764861580.292358,290498,16000,0,0,0
1764861580.34256,290548,16000,0,0,0
1764861580.393025,290598,16000,0,0,0
1764861580.442313,290648,16000,0,0,0
1764861580.492532,290698,16000,0,0,0
1764861580.542921,290748,16000,0,0,0
1764861580.5931468,290798,16000,0,0,0
1764861580.643523,290848,16000,0,0,0
1764861580.693748,290898,16000,0,0,0
1764861580.74311,290948,16000,0,0,0
1764861580.793344,290998,16000,0,0,0
1764861580.84374,291048,16000,0,0,0
1764861580.8939562,291098,16000,0,0,0
1764861580.944371,291148,16000,0,0,0
1764861580.9945831,291198,16000,0,0,0
1764861581.043927,291248,16000,0,0,0
1764861581.094325,291298,16000,0,0,0
1764861581.144573,291348,16000,0,0,0
1764861581.194845,291398,16000,0,0,0
1764861581.245188,291448,16000,0,0,0
1764861581.2955709,291499,16000,0,0,0
1764861581.345854,291549,16000,0,0,0
1764861581.396241,291599,16000,0,0,0
1764861581.446456,291649,16000,0,0,0
1764861581.496852,291699,16000,0,0,0
1764861581.547063,291749,16000,0,0,0
1764861581.596437,291799,16000,0,0,0
1764861581.646656,291849,16000,0,0,0
1764861581.697037,291899,16000,0,0,0
1764861581.7472482,291949,16000,0,0,0
1764861581.797651,291999,16000,0,0,0
1764861581.847881,292049,16000,0,0,0
1764861581.8972511,292099,16000,0,0,0
1764861581.947499,292149,16000,0,0,0
1764861581.9979148,292199,16000,0,0,0
1764861582.048131,292249,16000,0,0,0
1764861582.098499,292299,16000,0,0,0
1764861582.148727,292349,16000,0,0,0
1764861582.198098,292399,16000,0,0,0
1764861582.2482612,292449,16000,0,0,0
1764861582.298718,292499,16000,0,0,0
1764861582.3489401,292549,16000,0,0,0
1764861582.399318,292599,16000,0,0,0
1764861582.4497259,292649,16000,0,0,0
1764861582.498904,292699,16000,0,0,0
1764861582.5493052,292749,16000,0,0,0
1764861582.5995,292799,16000,0,0,0
1764861582.6499,292849,16000,0,0,0
1764861582.7001212,292899,16000,0,0,0
1764861582.7505212,292950,16000,0,0,0
1764861582.800815,293000,16000,0,0,0
1764861582.851147,293050,16000,0,0,0
1764861582.9013739,293100,16000,0,0,0
1764861582.951824,293150,16000,0,0,0
1764861583.002167,293200,16000,0,0,0
1764861583.051381,293250,16000,0,0,0
1764861583.101623,293300,16000,0,0,0
1764861583.152006,293350,16000,0,0,0
1764861583.202225,293400,16000,0,0,0
1764861583.252625,293450,16000,0,0,0
1764861583.302861,293500,16000,0,0,0
1764861583.352248,293550,16000,0,0,0
1764861583.402446,293600,16000,0,0,0
1764861583.4528708,293650,16000,0,0,0
1764861583.503084,293700,16000,0,0,0
1764861583.553503,293750,16000,0,0,0
1764861583.603714,293800,16000,0,0,0
1764861583.6530812,293850,16000,0,0,0
1764861583.703425,293900,16000,0,0,0
1764861583.753692,293950,16000,0,0,0
1764861583.804079,294000,16000,0,0,0
1764861583.8542879,294050,16000,0,0,0
1764861583.904686,294100,16000,0,0,0
1764861583.953891,294150,16000,0,0,0
1764861584.0041559,294200,16000,0,0,0
1764861584.054497,294250,16000,0,0,0
1764861584.104856,294300,16000,0,0,0
1764861584.155243,294350,16000,0,0,0
1764861584.2044458,294400,16000,0,0,0
1764861584.2547991,294450,16000,0,0,0
1764861584.305013,294500,16000,0,0,0
1764861584.3554251,294550,16000,0,0,0
1764861584.405824,294600,16000,0,0,0
1764861584.456061,294650,16000,0,0,0
1764861584.505399,294700,16000,0,0,0
1764861584.555619,294750,16000,0,0,0
1764861584.605988,294800,16000,0,0,0
1764861584.656217,294850,16000,0,0,0
1764861584.706602,294900,16000,0,0,0
1764861584.756984,294950,16000,0,0,0
1764861584.806182,295000,16000,0,0,0
1764861584.856438,295050,16000,0,0,0
1764861584.906806,295100,16000,0,0,0
1764861584.9570382,295150,16000,0,0,0
1764861585.007422,295200,16000,0,0,0
1764861585.0578182,295250,16000,0,0,0
1764861585.107008,295300,16000,0,0,0
1764861585.157407,295350,16000,0,0,0
1764861585.207646,295400,16000,0,0,0
1764861585.258024,295450,16000,0,0,0
1764861585.30824,295500,16000,0,0,0
1764861585.358679,295550,16000,0,0,0
1764861585.4078789,295600,16000,0,0,0
1764861585.458285,295650,16000,0,0,0
1764861585.508381,295700,16000,0,0,0
1764861585.5589068,295750,16000,0,0,0
1764861585.6090891,295800,16000,0,0,0
1764861585.65952,295851,16000,0,0,0
1764861585.709771,295901,16000,0,0,0
1764861585.760127,295951,16000,0,0,0
1764861585.810497,296001,16000,0,0,0
1764861585.860699,296051,16000,0,0,0
1764861585.911135,296101,16000,0,0,0
1764861585.960329,296151,16000,0,0,0
1764861586.0105312,296201,16000,0,0,0
1764861586.060938,296251,16000,0,0,0
1764861586.111327,296301,16000,0,0,0
1764861586.161552,296351,16000,0,0,0
1764861586.21196,296401,16000,0,0,0
1764861586.2611399,296451,16000,0,0,0
1764861586.311543,296501,16000,0,0,0
1764861586.361769,296551,16000,0,0,0
1764861586.4121768,296601,16000,0,0,0
1764861586.46242,296651,16000,0,0,0
1764861586.512844,296701,16000,0,0,0
1764861586.562028,296751,16000,0,0,0
1764861586.612402,296801,16000,0,0,0
1764861586.6626172,296851,16000,0,0,0
1764861586.713064,296901,16000,0,0,0
1764861586.763294,296951,16000,0,0,0
1764861586.8136609,297001,16000,0,0,0
1764861586.862853,297051,16000,0,0,0
1764861586.9132679,297101,16000,0,0,0
1764861586.963645,297151,16000,0,0,0
1764861587.0138528,297201,16000,0,0,0
1764861587.064244,297251,16000,0,0,0
1764861587.1144419,297302,16000,0,0,0
1764861587.164834,297352,16000,0,0,0
1764861587.215061,297402,16000,0,0,0
1764861587.265454,297452,16000,0,0,0
1764861587.315653,297502,16000,0,0,0
1764861587.366055,297552,16000,0,0,0
1764861587.41522,297602,16000,0,0,0
1764861587.465643,297652,16000,0,0,0
1764861587.516031,297702,16000,0,0,0
1764861587.566259,297752,16000,0,0,0
1764861587.616607,297802,16000,0,0,0
1764861587.666806,297852,16000,0,0,0
1764861587.716218,297902,16000,0,0,0
1764861587.766594,297952,16000,0,0,0
1764861587.816808,298002,16000,0,0,0
1764861587.867195,298052,16000,0,0,0
1764861587.917409,298102,16000,0,0,0
1764861587.9677958,298152,16000,0,0,0
1764861588.0169868,298202,16000,0,0,0
1764861588.067397,298252,16000,0,0,0
1764861588.117758,298302,16000,0,0,0
1764861588.16798,298352,16000,0,0,0
1764861588.218359,298402,16000,0,0,0
1764861588.2685802,298452,16000,0,0,0
1764861588.317954,298502,16000,0,0,0
1764861588.368178,298552,16000,0,0,0
1764861588.418587,298602,16000,0,0,0
1764861588.468796,298652,16000,0,0,0
1764861588.519181,298702,16000,0,0,0
1764861588.5683892,298752,16000,0,0,0
1764861588.618717,298802,16000,0,0,0
1764861588.6691551,298852,16000,0,0,0
1764861588.7193332,298902,16000,0,0,0
1764861588.7696419,298952,16000,0,0,0
1764861588.820054,299002,16000,0,0,0
1764861588.8692758,299052,16000,0,0,0
1764861588.9196632,299102,16000,0,0,0
1764861588.9699788,299152,16000,0,0,0
1764861589.0201879,299202,16000,0,0,0
1764861589.070567,299252,16000,0,0,0
1764861589.1208892,299302,16000,0,0,0
1764861589.170182,299352,16000,0,0,0
1764861589.220553,299402,16000,0,0,0
1764861589.270726,299452,16000,0,0,0
1764861589.321122,299502,16000,0,0,0
1764861589.371348,299552,16000,0,0,0
1764861589.421729,299602,16000,0,0,0
1764861589.471065,299652,16000,0,0,0
1764861589.521299,299702,16000,0,0,0
1764861589.571737,299752,16000,0,0,0
1764861589.6219049,299802,16000,0,0,0
1764861589.6723042,299852,16000,0,0,0
1764861589.7227478,299902,16000,0,0,0
1764861589.771871,299952,16000,0,0,0
1764861589.8222091,300002,16000,0,0,0
1764861589.872454,300052,16000,0,0,0
1764861589.922744,300102,16000,0,0,0
1764861589.973232,300152,16000,0,0,0
1764861590.023423,300203,16000,0,0,0
1764861590.073854,300253,16000,0,0,0
1764861590.1240268,300303,16000,0,0,0
1764861590.174407,300353,16000,0,0,0
1764861590.224774,300403,16000,0,0,0
1764861590.274991,300453,16000,0,0,0
1764861590.324366,300503,16000,0,0,0
1764861590.374592,300553,16000,0,0,0
1764861590.42498,300603,16000,0,0,0
1764861590.475165,300653,16000,0,0,0
1764861590.525574,300703,16000,0,0,0
1764861590.575944,300753,16000,0,0,0
1764861590.625122,300803,16000,0,0,0
1764861590.675412,300853,16000,0,0,0
1764861590.725739,300903,16000,0,0,0
1764861590.77612,300953,16000,0,0,0
1764861590.826345,301003,16000,0,0,0
1764861590.876724,301053,16000,0,0,0
1764861590.926095,301103,16000,0,0,0
1764861590.9762938,301153,16000,0,0,0
1764861591.026708,301203,16000,0,0,0
1764861591.0769012,301253,16000,0,0,0
1764861591.1272562,301303,16000,0,0,0
1764861591.1777,301353,16000,0,0,0
1764861591.226874,301403,16000,0,0,0
1764861591.277237,301453,16000,0,0,0
1764861591.327453,301503,16000,0,0,0
1764861591.3778539,301553,16000,0,0,0
1764861591.4280288,301603,16000,0,0,0
1764861591.4784489,301654,16000,0,0,0
1764861591.528827,301704,16000,0,0,0
1764861591.579044,301754,16000,0,0,0
1764861591.629431,301804,16000,0,0,0
1764861591.679714,301854,16000,0,0,0
1764861591.7300649,301904,16000,0,0,0
1764861591.779244,301954,16000,0,0,0
1764861591.829679,302004,16000,0,0,0
1764861591.880019,302054,16000,0,0,0
1764861591.930214,302104,16000,0,0,0
1764861591.980618,302154,16000,0,0,0
1764861592.030826,302204,16000,0,0,0
1764861592.080194,302254,16000,0,0,0
1764861592.1305542,302304,16000,0,0,0
1764861592.180984,302354,16000,0,0,0
1764861592.231176,302404,16000,0,0,0
1764861592.281387,302454,16000,0,0,0
1764861592.331769,302504,16000,0,0,0
1764861592.380964,302554,16000,0,0,0
1764861592.4313269,302604,16000,0,0,0
1764861592.481583,302654,16000,0,0,0
1764861592.531948,302704,16000,0,0,0
1764861592.582329,302754,16000,0,0,0
1764861592.632517,302804,16000,0,0,0
1764861592.6818938,302854,16000,0,0,0
1764861592.732086,302904,16000,0,0,0
1764861592.782494,302954,16000,0,0,0
1764861592.832864,303004,16000,0,0,0
1764861592.8830972,303054,16000,0,0,0
1764861592.9324281,303104,16000,0,0,0
1764861592.982815,303154,16000,0,0,0
1764861593.0329971,303204,16000,0,0,0
1764861593.083372,303254,16000,0,0,0
1764861593.133693,303304,16000,0,0,0
1764861593.184099,303354,16000,0,0,0
1764861593.233242,303404,16000,0,0,0
1764861593.2836359,303454,16000,0,0,0
1764861593.333857,303504,16000,0,0,0
1764861593.384199,303554,16000,0,0,0
1764861593.4346051,303604,16000,0,0,0
1764861593.48482,303654,16000,0,0,0
1764861593.534157,303704,16000,0,0,0
1764861593.584369,303754,16000,0,0,0
1764861593.6347861,303804,16000,0,0,0
1764861593.684982,303854,16000,0,0,0
1764861593.735376,303904,16000,0,0,0
1764861593.7857652,303954,16000,0,0,0
1764861593.834965,304004,16000,0,0,0
1764861593.885344,304054,16000,0,0,0
1764861593.935712,304104,16000,0,0,0
1764861593.985922,304154,16000,0,0,0
1764861594.036278,304204,16000,0,0,0
1764861594.086509,304254,16000,0,0,0
1764861594.135773,304304,16000,0,0,0
1764861594.186056,304354,16000,0,0,0
1764861594.23645,304404,16000,0,0,0
1764861594.2868009,304454,16000,0,0,0
1764861594.337025,304504,16000,0,0,0
1764861594.387391,304555,16000,0,0,0
1764861594.437781,304605,16000,0,0,0
1764861594.487966,304655,16000,0,0,0
1764861594.538347,304705,16000,0,0,0
1764861594.588722,304755,16000,0,0,0
1764861594.638921,304805,16000,0,0,0
1764861594.688283,304855,16000,0,0,0
1764861594.7386692,304905,16000,0,0,0
1764861594.7888901,304955,16000,0,0,0
1764861594.839247,305005,16000,0,0,0
1764861594.889469,305055,16000,0,0,0
1764861594.9398541,305105,16000,0,0,0
1764861594.9891899,305155,16000,0,0,0
1764861595.039389,305205,16000,0,0,0
1764861595.0897942,305255,16000,0,0,0
1764861595.140203,305305,16000,0,0,0
1764861595.190352,305355,16000,0,0,0
1764861595.240753,305405,16000,0,0,0
1764861595.2899468,305455,16000,0,0,0
1764861595.340287,305505,16000,0,0,0
1764861595.3905652,305555,16000,0,0,0
1764861595.4409568,305605,16000,0,0,0
1764861595.491162,305655,16000,0,0,0
1764861595.541574,305705,16000,0,0,0
1764861595.590935,305755,16000,0,0,0
1764861595.641106,305805,16000,0,0,0
1764861595.691479,305855,16000,0,0,0
1764861595.741676,305905,16000,0,0,0
1764861595.792112,305955,16000,0,0,0
1764861595.842467,306006,16000,0,0,0
1764861595.892656,306056,16000,0,0,0
1764861595.943051,306106,16000,0,0,0
1764861595.993425,306156,16000,0,0,0
1764861596.043637,306206,16000,0,0,0
1764861596.0940192,306256,16000,0,0,0
1764861596.1432152,306306,16000,0,0,0
1764861596.193599,306356,16000,0,0,0
1764861596.243962,306406,16000,0,0,0
1764861596.294187,306456,16000,0,0,0
1764861596.3445802,306506,16000,0,0,0
1764861596.394805,306556,16000,0,0,0
1764861596.4441779,306606,16000,0,0,0
1764861596.494383,306656,16000,0,0,0
1764861596.544771,306706,16000,0,0,0
1764861596.594969,306756,16000,0,0,0
1764861596.6452658,306806,16000,0,0,0
1764861596.69573,306856,16000,0,0,0
1764861596.744915,306906,16000,0,0,0
1764861596.795291,306956,16000,0,0,0
1764861596.845664,307006,16000,0,0,0
1764861596.895902,307056,16000,0,0,0
1764861596.94627,307106,16000,0,0,0
1764861596.996464,307156,16000,0,0,0
1764861597.0458088,307206,16000,0,0,0
1764861597.096218,307256,16000,0,0,0
1764861597.14644,307306,16000,0,0,0
1764861597.196797,307356,16000,0,0,0
1764861597.247183,307406,16000,0,0,0
1764861597.2963781,307456,16000,0,0,0
1764861597.3467689,307506,16000,0,0,0
1764861597.396966,307556,16000,0,0,0
1764861597.44734,307606,16000,0,0,0
1764861597.497729,307656,16000,0,0,0
1764861597.547953,307706,16000,0,0,0
1764861597.597297,307756,16000,0,0,0
1764861597.6475258,307806,16000,0,0,0
1764861597.697819,307856,16000,0,0,0
1764861597.748168,307906,16000,0,0,0
1764861597.7985249,307956,16000,0,0,0
1764861597.848711,308006,16000,0,0,0
1764861597.8980742,308056,16000,0,0,0
1764861597.948444,308106,16000,0,0,0
1764861597.998636,308156,16000,0,0,0
1764861598.049026,308206,16000,0,0,0
1764861598.099403,308256,16000,0,0,0
1764861598.149594,308306,16000,0,0,0
1764861598.1990058,308356,16000,0,0,0
1764861598.249376,308406,16000,0,0,0
1764861598.299605,308456,16000,0,0,0
1764861598.3498611,308506,16000,0,0,0
1764861598.4002008,308556,16000,0,0,0
1764861598.450544,308606,16000,0,0,0
1764861598.4997308,308656,16000,0,0,0
1764861598.550103,308706,16000,0,0,0
1764861598.600488,308756,16000,0,0,0
1764861598.651007,308806,16000,0,0,0
1764861598.7010381,308856,16000,0,0,0
1764861598.7514539,308907,16000,0,0,0
1764861598.8016791,308957,16000,0,0,0
1764861598.852041,309007,16000,0,0,0
1764861598.902418,309057,16000,0,0,0
1764861598.952651,309107,16000,0,0,0
1764861599.0028758,309157,16000,0,0,0
1764861599.052238,309207,16000,0,0,0
1764861599.102634,309257,16000,0,0,0
1764861599.1529632,309307,16000,0,0,0
1764861599.2032142,309357,16000,0,0,0
1764861599.253383,309407,16000,0,0,0
1764861599.3037739,309457,16000,0,0,0
1764861599.3532329,309507,16000,0,0,0
1764861599.403439,309557,16000,0,0,0
1764861599.453823,309607,16000,0,0,0
1764861599.504046,309657,16000,0,0,0
1764861599.554431,309707,16000,0,0,0
1764861599.6046348,309757,16000,0,0,0
1764861599.6538901,309807,16000,0,0,0
1764861599.7043579,309857,16000,0,0,0
1764861599.754534,309907,16000,0,0,0
1764861599.804929,309957,16000,0,0,0
1764861599.855296,310007,16000,0,0,0
1764861599.905515,310057,16000,0,0,0
1764861599.954869,310107,16000,0,0,0
1764861600.0049841,310157,16000,0,0,0
1764861600.0554628,310207,16000,0,0,0
1764861600.105819,310257,16000,0,0,0
1764861600.155933,310307,16000,0,0,0
1764861600.206421,310358,16000,0,0,0
1764861600.2566369,310408,16000,0,0,0
1764861600.3070111,310458,16000,0,0,0
1764861600.357388,310508,16000,0,0,0
1764861600.4075892,310558,16000,0,0,0
1764861600.458,310608,16000,0,0,0
1764861600.5073369,310658,16000,0,0,0
1764861600.557577,310708,16000,0,0,0
1764861600.607921,310758,16000,0,0,0
1764861600.658151,310808,16000,0,0,0
1764861600.708568,310858,16000,0,0,0
1764861600.758922,310908,16000,0,0,0
1764861600.808117,310958,16000,0,0,0
1764861600.858238,311008,16000,0,0,0
1764861600.90871,311058,16000,0,0,0
1764861600.959071,311108,16000,0,0,0
1764861601.009283,311158,16000,0,0,0
1764861601.059602,311208,16000,0,0,0
1764861601.108853,311258,16000,0,0,0
1764861601.159231,311308,16000,0,0,0
1764861601.2096481,311358,16000,0,0,0
1764861601.259852,311408,16000,0,0,0
1764861601.310227,311458,16000,0,0,0
1764861601.36061,311508,16000,0,0,0
1764861601.40977,311558,16000,0,0,0
1764861601.460168,311608,16000,0,0,0
1764861601.510557,311658,16000,0,0,0
1764861601.560658,311708,16000,0,0,0
1764861601.611114,311758,16000,0,0,0
1764861601.660331,311808,16000,0,0,0
1764861601.710704,311858,16000,0,0,0
1764861601.760948,311908,16000,0,0,0
1764861601.8112938,311958,16000,0,0,0
1764861601.861554,312008,16000,0,0,0
1764861601.9118972,312058,16000,0,0,0
1764861601.961282,312108,16000,0,0,0
1764861602.011476,312158,16000,0,0,0
1764861602.06186,312208,16000,0,0,0
1764861602.1121862,312258,16000,0,0,0
1764861602.1623302,312308,16000,0,0,0
1764861602.212765,312358,16000,0,0,0
1764861602.262146,312408,16000,0,0,0
1764861602.312348,312458,16000,0,0,0
1764861602.362707,312508,16000,0,0,0
1764861602.4130812,312558,16000,0,0,0
1764861602.4632802,312608,16000,0,0,0
1764861602.5136719,312658,16000,0,0,0
1764861602.562817,312708,16000,0,0,0
1764861602.613206,312758,16000,0,0,0
1764861602.663552,312808,16000,0,0,0
1764861602.713946,312858,16000,0,0,0
1764861602.7641358,312908,16000,0,0,0
1764861602.8145611,312958,16000,0,0,0
1764861602.863847,313008,16000,0,0,0
1764861602.914049,313058,16000,0,0,0
1764861602.964426,313108,16000,0,0,0
1764861603.014755,313158,16000,0,0,0
1764861603.0649412,313208,16000,0,0,0
1764861603.1153321,313259,16000,0,0,0
1764861603.1656268,313309,16000,0,0,0
1764861603.216036,313359,16000,0,0,0
1764861603.2663329,313409,16000,0,0,0
1764861603.316581,313459,15924,0,0,0
1764861603.367102,313509,15748,0,0,0
1764861603.4162738,313559,15575,0,0,0
1764861603.466675,313609,15398,0,0,0
1764861603.51685,313659,15222,0,0,0
1764861603.567138,313709,15046,0,0,0
1764861603.617791,313759,14869,0,0,0
1764861603.66782,313809,14693,0,0,0
1764861603.717162,313859,14520,0,0,0
1764861603.7677288,313909,14343,0,0,0
1764861603.817732,313959,14167,0,0,0
1764861603.868306,314009,13990,0,0,0
1764861603.918547,314059,13814,0,0,0
1764861603.9688709,314109,13638,0,0,0
1764861604.0180259,314159,13466,0,0,0
1764861604.068405,314209,13290,0,0,0
1764861604.1187909,314259,13114,0,0,0
1764861604.168971,314309,12938,0,0,0
1764861604.2193658,314359,12762,0,0,0
1764861604.269547,314409,12587,0,0,0
1764861604.319075,314459,12414,0,0,0
1764861604.369132,314509,12239,0,0,0
1764861604.419551,314559,12063,0,0,0
1764861604.469661,314609,11888,0,0,0
1764861604.520061,314659,11712,0,0,0
1764861604.570615,314710,11535,0,0,0
1764861604.620826,314760,11359,0,0,0
1764861604.67103,314810,11183,0,0,0
1764861604.7214022,314860,11007,0,0,0
1764861604.771617,314910,10831,0,0,0
1764861604.8221838,314960,10654,0,0,0
1764861604.87137,315010,10482,0,0,0
1764861604.921758,315060,10306,0,0,0
1764861604.9721391,315110,10130,0,0,0
1764861605.02235,315160,9954,0,0,0
1764861605.0723908,315210,9779,0,0,0
1764861605.122762,315260,9603,0,0,0
1764861605.172304,315310,9430,0,0,0
1764861605.2225049,315360,9254,0,0,0
1764861605.272893,315410,9078,0,0,0
1764861605.3230941,315460,8902,0,0,0
1764861605.373506,315510,8726,0,0,0
1764861605.42382,315560,8550,0,0,0
1764861605.473045,315610,8378,0,0,0
1764861605.523238,315660,8202,0,0,0
1764861605.573627,315710,8026,0,0,0
1764861605.624026,315760,7850,0,0,0
1764861605.67423,315810,7674,0,0,0
1764861605.724616,315860,7498,0,0,0
1764861605.773928,315910,7326,0,0,0
1764861605.824356,315960,7150,0,0,0
1764861605.874434,316010,6975,0,0,0
1764861605.9248,316060,6799,0,0,0
1764861605.9751759,316110,6623,0,0,0
1764861606.024383,316160,6451,0,0,0
1764861606.074763,316210,6275,0,0,0
1764861606.125132,316260,6099,0,0,0
1764861606.17553,316310,5923,0,0,0
1764861606.2255402,316360,5748,0,0,0
1764861606.275937,316410,5572,0,0,0
1764861606.325276,316460,5399,0,0,0
1764861606.375493,316510,5224,0,0,0
1764861606.426047,316560,5048,0,0,0
1764861606.476255,316610,4873,0,0,0
1764861606.5266712,316660,4697,0,0,0
1764861606.576886,316710,4522,0,0,0
1764861606.626224,316760,4349,0,0,0
1764861606.6766121,316810,4173,0,0,0
1764861606.726827,316860,3998,0,0,0
1764861606.777021,316910,3823,0,0,0
1764861606.827255,316960,3648,0,0,0
1764861606.8778071,317010,3472,0,0,0
1764861606.92721,317060,3300,0,0,0
1764861606.977376,317110,3125,0,0,0
1764861607.02778,317160,2949,0,0,0
1764861607.077983,317210,2774,0,0,0
1764861607.128363,317260,2598,0,0,0
1764861607.1802151,317310,2423,0,0,0
1764861607.227732,317360,2251,0,0,0
1764861607.278112,317410,2075,0,0,0
1764861607.3284822,317460,1899,0,0,0
1764861607.3786938,317510,1723,0,0,0
1764861607.429062,317560,1547,0,0,0
1764861607.479255,317611,1371,0,0,0
1764861607.5298061,317661,1194,0,0,0
1764861607.580041,317711,1018,0,0,0
1764861607.630476,317761,842,0,0,0
1764861607.680788,317811,666,0,0,0
1764861607.731148,317861,490,0,0,0
1764861607.780333,317911,317,0,0,0
1764861607.830573,317961,139,0,0,0
1764861607.880779,318011,11,0,0,0
1764861607.9311519,318061,0,0,0,0
1764861607.981526,318111,0,0,0,0
1764861608.031717,318161,0,0,0,0
1764861608.081078,318211,0,0,0,0
1764861608.131267,318261,0,0,0,0
1764861608.18166,318311,0,0,0,0
1764861608.2320378,318361,0,0,0,0
1764861608.282235,318411,0,0,0,0
1764861608.332594,318461,0,0,0,0
1764861608.381794,318511,0,0,0,0
1764861608.4321978,318561,0,0,0,0
1764861608.4825711,318611,0,0,0,0
1764861608.532778,318661,0,0,0,0
1764861608.583152,318711,0,0,0,0
1764861608.633499,318761,0,0,0,0
1764861608.682762,318811,0,0,0,0
1764861608.733088,318861,0,0,0,0
1764861608.783434,318911,0,0,0,0
1764861608.8336651,318961,0,0,0,0
1764861608.884067,319011,0,0,0,0
1764861608.934269,319062,0,0,0,0
1764861608.984663,319112,0,0,0,0
1764861609.0350158,319162,0,0,0,0
1764861609.085216,319212,0,0,0,0
1764861609.1356008,319262,0,0,0,0
1764861609.185809,319312,0,0,0,0
1764861609.2351649,319362,0,0,0,0
1764861609.285561,319412,0,0,0,0
1764861609.3357701,319462,0,0,0,0
1764861609.386119,319512,0,0,0,0
1764861609.436534,319562,0,0,0,0
1764861609.48673,319612,0,0,0,0
1764861609.536083,319662,0,0,0,0
1764861609.586265,319712,0,0,0,0
1764861609.6366348,319762,0,0,0,0
1764861609.6870148,319812,0,0,0,0
1764861609.737098,319862,0,0,0,0
1764861609.7875898,319912,0,0,0,0
1764861609.83697,319962,0,0,0,0
1764861609.88715,320012,0,0,0,0
1764861609.937535,320062,0,0,0,0
1764861609.987745,320112,0,0,0,0
1764861610.0381188,320162,0,0,0,0
1764861610.0884821,320212,0,0,0,0
1764861610.137676,320262,0,0,0,0
1764861610.188054,320312,0,0,0,0
1764861610.238441,320362,0,0,0,0
1764861610.288613,320412,0,0,0,0
1764861610.339023,320462,0,0,0,0
1764861610.3881888,320512,0,0,0,0
1764861610.438581,320562,0,0,0,0
1764861610.488962,320612,0,0,0,0
1764861610.539176,320662,0,0,0,0
1764861610.589521,320712,0,0,0,0
1764861610.6399128,320762,0,0,0,0
1764861610.689076,320812,0,0,0,0
1764861610.739481,320862,0,0,0,0
1764861610.789835,320912,0,0,0,0
1764861610.840063,320962,0,0,0,0
1764861610.8904269,321012,0,0,0,0
1764861610.9406211,321062,0,0,0,0
1764861610.9899788,321112,0,0,0,0
1764861611.040425,321162,0,0,0,0
1764861611.090584,321212,0,0,0,0
1764861611.140952,321262,0,0,0,0
1764861611.191338,321312,0,0,0,0
1764861611.241568,321362,0,0,0,0
1764861611.2908978,321412,0,0,0,0
1764861611.341126,321462,0,0,0,0
1764861611.393492,321512,0,0,0,0
1764861611.441872,321562,0,0,0,0
1764861611.492052,321612,0,0,0,0
1764861611.542451,321662,0,0,0,0
1764861611.591608,321712,0,0,0,0
1764861611.642004,321762,0,0,0,0
1764861611.692415,321812,0,0,0,0
1764861611.7426088,321862,0,0,0,0
1764861611.79298,321912,0,0,0,0
1764861611.843414,321963,0,0,0,0
1764861611.893573,322013,0,0,0,0
1764861611.943956,322063,0,0,0,0
1764861611.9941702,322113,0,0,0,0
1764861612.0445719,322163,0,0,0,0
1764861612.094943,322213,0,0,0,0
1764861612.1441438,322263,0,0,0,0
1764861612.1945002,322313,0,0,0,0
1764861612.244737,322363,0,0,0,0
1764861612.295108,322413,0,0,0,0
1764861612.345411,322463,0,0,0,0
1764861612.395741,322513,0,0,0,0
1764861612.444961,322563,0,0,0,0
1764861612.4953191,322613,0,0,0,0
1764861612.545564,322663,0,0,0,0
1764861612.595938,322713,0,0,0,0
1764861612.646145,322763,0,0,0,0
1764861612.696534,322813,0,0,0,0
1764861612.74591,322863,0,0,0,0
1764861612.7961202,322913,0,0,0,0
1764861612.8465338,322963,0,0,0,0
1764861612.8967621,323013,0,0,0,0
1764861612.947155,323063,0,0,0,0
1764861612.997432,323113,0,0,0,0
1764861613.0467,323163,0,0,0,0
1764861613.09713,323213,0,0,0,0
1764861613.147412,323263,0,0,0,0
1764861613.1977081,323313,0,0,0,0
1764861613.247947,323363,0,0,0,0
1764861613.298317,323414,0,0,0,0
1764861613.348553,323464,0,0,0,0
1764861613.398925,323514,0,0,0,0
1764861613.44918,323564,0,0,0,0
1764861613.499569,323614,0,0,0,0
1764861613.549763,323664,0,0,0,0
1764861613.599137,323714,0,0,0,0
1764861613.649389,323764,0,0,0,0
1764861613.699789,323814,0,0,0,0
1764861613.750009,323864,0,0,0,0
1764861613.8003871,323914,0,0,0,0
1764861613.850795,323964,0,0,0,0
1764861613.8999538,324014,0,0,0,0
1764861613.950387,324064,0,0,0,0
1764861614.0005498,324114,0,0,0,0
1764861614.0509481,324164,0,0,0,0
1764861614.10131,324214,0,0,0,0
1764861614.1515179,324264,0,0,0,0
1764861614.200903,324314,0,0,0,0
1764861614.251091,324364,0,0,0,0
1764861614.3014789,324414,0,0,0,0
1764861614.351885,324464,0,0,0,0
1764861614.402087,324514,0,0,0,0
1764861614.452485,324564,0,0,0,0
1764861614.501667,324614,0,0,0,0
1764861614.55207,324664,0,0,0,0
1764861614.602297,324714,0,0,0,0
1764861614.652676,324764,0,0,0,0
1764861614.702869,324814,0,0,0,0
1764861614.7522602,324864,0,0,0,0
1764861614.802634,324914,0,0,0,0
1764861614.8528159,324964,0,0,0,0
1764861614.903218,325014,0,0,0,0
1764861614.953444,325064,0,0,0,0
1764861615.003809,325114,0,0,0,0
1764861615.053183,325164,0,0,0,0
1764861615.1033971,325214,0,0,0,0
1764861615.153744,325264,0,0,0,0
1764861615.2041442,325314,0,0,0,0
1764861615.254381,325364,0,0,0,0
1764861615.3047192,325414,0,0,0,0
1764861615.353929,325464,0,0,0,0
1764861615.404372,325514,0,0,0,0
1764861615.454709,325564,0,0,0,0
1764861615.504919,325614,0,0,0,0
1764861615.555139,325664,0,0,0,0
1764861615.605531,325714,0,0,0,0
1764861615.6548748,325764,0,0,0,0
1764861615.705101,325814,0,0,0,0
1764861615.7554922,325864,0,0,0,0
1764861615.805703,325914,0,0,0,0
1764861615.856118,325964,0,0,0,0
1764861615.906351,326014,0,0,0,0
1764861615.9556658,326064,0,0,0,0
1764861616.006049,326114,0,0,0,0
1764861616.056279,326164,0,0,0,0
1764861616.1066508,326214,0,0,0,0
1764861616.156868,326264,0,0,0,0
1764861616.207237,326315,0,0,0,0
1764861616.257646,326365,0,0,0,0
1764861616.307792,326415,0,0,0,0
1764861616.358189,326465,0,0,0,0
1764861616.408586,326515,0,0,0,0
1764861616.458796,326565,0,0,0,0
1764861616.508161,326615,0,0,0,0
1764861616.558532,326665,0,0,0,0
1764861616.608681,326715,0,0,0,0
1764861616.659074,326765,0,0,0,0
1764861616.709436,326815,0,0,0,0
1764861616.7597818,326865,0,0,0,0
1764861616.80896,326915,0,0,0,0
1764861616.859221,326965,0,0,0,0
1764861616.9095612,327015,0,0,0,0
1764861616.9599638,327065,0,0,0,0
1764861617.0101519,327115,0,0,0,0
1764861617.060535,327165,0,0,0,0
1764861617.1099038,327215,0,0,0,0
1764861617.160128,327265,0,0,0,0
1764861617.210508,327315,0,0,0,0
1764861617.260718,327365,0,0,0,0
1764861617.3110971,327415,0,0,0,0
1764861617.361454,327465,0,0,0,0
1764861617.41065,327515,0,0,0,0
1764861617.461046,327565,0,0,0,0
1764861617.511416,327615,0,0,0,0
1764861617.561609,327665,0,0,0,0
1764861617.611969,327715,0,0,0,0
1764861617.6621802,327766,0,0,0,0
1764861617.712554,327816,0,0,0,0
1764861617.762939,327866,0,0,0,0
1764861617.8133051,327916,0,0,0,0
1764861617.8635252,327966,0,0,0,0
1764861617.913887,328016,0,0,0,0
1764861617.963094,328066,0,0,0,0
1764861618.013448,328116,0,0,0,0
1764861618.06361,328166,0,0,0,0
1764861618.114039,328216,0,0,0,0
1764861618.164406,328266,0,0,0,0
1764861618.214603,328316,0,0,0,0
1764861618.263948,328366,0,0,0,0
1764861618.314316,328416,0,0,0,0
1764861618.364497,328466,0,0,0,0
1764861618.414908,328516,0,0,0,0
1764861618.465342,328566,0,0,0,0
1764861618.515491,328616,0,0,0,0
1764861618.5648482,328666,0,0,0,0
1764861618.6152089,328716,0,0,0,0
1764861618.66536,328766,0,0,0,0
1764861618.7157881,328816,0,0,0,0
1764861618.766515,328866,0,0,0,0
1764861618.81633,328916,0,0,0,0
1764861618.865677,328966,0,0,0,0
1764861618.9159522,329016,0,0,0,0
1764861618.96633,329066,0,0,0,0
1764861619.016648,329116,0,0,0,0
1764861619.0668979,329166,0,0,0,0
1764861619.116249,329216,0,0,0,0
1764861619.166604,329266,0,0,0,0
1764861619.216974,329316,0,0,0,0
1764861619.2671502,329366,0,0,0,0
1764861619.317502,329416,0,0,0,0
1764861619.367877,329466,0,0,0,0
1764861619.4170508,329516,0,0,0,0
1764861619.46783,329566,0,0,0,0
1764861619.5178182,329616,0,0,0,0
1764861619.568028,329666,0,0,0,0
1764861619.618398,329716,0,0,0,0
1764861619.668624,329766,0,0,0,0
1764861619.7179751,329816,0,0,0,0
1764861619.768178,329866,0,0,0,0
1764861619.8185449,329916,0,0,0,0
1764861619.868937,329966,0,0,0,0
1764861619.919155,330016,0,0,0,0
1764861619.969516,330066,0,0,0,0
1764861620.018861,330116,0,0,0,0
1764861620.0690591,330166,0,0,0,0
1764861620.1194592,330216,0,0,0,0
1764861620.169651,330266,0,0,0,0
1764861620.220039,330316,0,0,0,0
1764861620.2704298,330366,0,0,0,0
1764861620.319593,330416,0,0,0,0
1764861620.3699489,330466,0,0,0,0
1764861620.420342,330516,0,0,0,0
1764861620.470546,330566,0,0,0,0
1764861620.52095,330616,0,0,0,0
1764861620.571332,330667,0,0,0,0
1764861620.621522,330717,0,0,0,0
1764861620.67192,330767,0,0,0,0
1764861620.722284,330817,0,0,0,0
1764861620.772456,330867,0,0,0,0
1764861620.822839,330917,0,0,0,0
1764861620.8720052,330967,0,0,0,0
1764861620.922397,331017,0,0,0,0
1764861620.9727712,331067,0,0,0,0
1764861621.022968,331117,0,0,0,0
1764861621.07333,331167,0,0,0,0
1764861621.1237068,331217,0,0,0,0
1764861621.1729221,331267,0,0,0,0
1764861621.223308,331317,0,0,0,0
1764861621.273634,331367,0,0,0,0
1764861621.3238132,331417,0,0,0,0
1764861621.374165,331467,0,0,0,0
1764861621.424543,331517,0,0,0,0
1764861621.4739,331567,0,0,0,0
1764861621.524101,331617,0,0,0,0
1764861621.5744681,331667,0,0,0,0
1764861621.624841,331717,0,0,0,0
1764861621.6750422,331767,0,0,0,0
1764861621.725425,331817,0,0,0,0
1764861621.774603,331867,0,0,0,0
1764861621.824977,331917,0,0,0,0
1764861621.875324,331967,0,0,0,0
1764861621.925531,332017,0,0,0,0
1764861621.975905,332067,0,0,0,0
1764861622.026248,332118,0,0,0,0
1764861622.076513,332168,0,0,0,0
1764861622.126869,332218,0,0,0,0
1764861622.1770618,332268,0,0,0,0
1764861622.227471,332318,0,0,0,0
1764861622.277772,332368,0,0,0,0
1764861622.3270268,332418,0,0,0,0
1764861622.3773959,332468,0,0,0,0
1764861622.427805,332518,0,0,0,0
1764861622.477994,332568,0,0,0,0
1764861622.528376,332618,0,0,0,0
1764861622.578728,332668,0,0,0,0
1764861622.6279309,332718,0,0,0,0
1764861622.678293,332768,0,0,0,0
1764861622.72867,332818,0,0,0,0
1764861622.778879,332868,0,0,0,0
1764861622.829268,332918,0,0,0,0
1764861622.8794491,332968,0,0,0,0
1764861622.9288151,333018,0,0,0,0
1764861622.979041,333068,0,0,0,0
1764861623.0294259,333118,0,0,0,0
1764861623.079788,333168,0,0,0,0
1764861623.130003,333218,0,0,0,0
1764861623.1803598,333268,0,0,0,0
1764861623.2297118,333318,0,0,0,0
1764861623.279945,333368,0,0,0,0
1764861623.33032,333418,0,0,0,0
1764861623.3805141,333468,0,0,0,0
1764861623.430923,333518,0,0,0,0
1764861623.4802508,333568,0,0,0,0
1764861623.530452,333618,0,0,0,0
1764861623.580823,333668,0,0,0,0
1764861623.631215,333718,0,0,0,0
1764861623.681547,333768,0,0,0,0
1764861623.7317739,333818,0,0,0,0
1764861623.781143,333868,0,0,0,0
1764861623.831326,333918,0,0,0,0
1764861623.881696,333968,0,0,0,0
1764861623.931896,334018,0,0,0,0
1764861623.982249,334068,0,0,0,0
1764861624.032602,334118,0,0,0,0
1764861624.081949,334168,0,0,0,0
1764861624.132064,334218,0,0,0,0
1764861624.182552,334268,0,0,0,0
1764861624.23293,334318,0,0,0,0
1764861624.283125,334368,0,0,0,0
1764861624.333515,334418,0,0,0,0
1764861624.382675,334468,0,0,0,0
1764861624.433057,334518,0,0,0,0
1764861624.483449,334568,0,0,0,0
1764861624.5336661,334618,0,0,0,0
1764861624.5838919,334668,0,0,0,0
1764861624.634387,334718,0,0,0,0
1764861624.683567,334768,0,0,0,0
1764861624.733946,334818,0,0,0,0
1764861624.78414,334868,0,0,0,0
1764861624.834543,334918,0,0,0,0
1764861624.8849049,334968,0,0,0,0
1764861624.935104,335019,0,0,0,0
1764861624.985357,335069,0,0,0,0
1764861625.035851,335119,0,0,0,0
1764861625.08606,335169,0,0,0,0
1764861625.136426,335219,0,0,0,0
1764861625.186819,335269,0,0,0,0
1764861625.2359848,335319,0,0,0,0
1764861625.286365,335369,0,0,0,0
1764861625.336753,335419,0,0,0,0
1764861625.386946,335469,0,0,0,0
1764861625.437323,335519,0,0,0,0
1764861625.487704,335569,0,0,0,0
1764861625.536851,335619,0,0,0,0
1764861625.587229,335669,0,0,0,0
1764861625.637631,335719,0,0,0,0
1764861625.6877382,335769,0,0,0,0
1764861625.7382212,335819,0,0,0,0
1764861625.788546,335869,0,0,0,0
1764861625.837762,335919,0,0,0,0
1764861625.888135,335969,0,0,0,0
1764861625.9383402,336019,0,0,0,0
1764861625.988719,336069,0,0,0,0
1764861626.038933,336119,0,0,0,0
1764861626.089304,336169,0,0,0,0
1764861626.138685,336219,0,0,0,0
1764861626.188865,336269,0,0,0,0
1764861626.239133,336319,0,0,0,0
1764861626.289533,336369,0,0,0,0
1764861626.33986,336419,0,0,0,0
1764861626.390225,336470,0,0,0,0
1764861626.440439,336520,0,0,0,0
1764861626.490795,336570,0,0,0,0
1764861626.541229,336620,0,0,0,0
1764861626.5914,336670,0,0,0,0
1764861626.64179,336720,0,0,0,0
1764861626.691139,336770,0,0,0,0
1764861626.741338,336820,0,0,0,0
1764861626.791717,336870,0,0,0,0
1764861626.842092,336920,0,0,0,0
1764861626.892252,336970,0,0,0,0
1764861626.942604,337020,0,0,1,0
1764861626.991841,337070,0,0,4,0
1764861627.0421891,337120,0,0,8,0
1764861627.092524,337170,0,0,15,0
1764861627.142804,337220,0,0,23,0
1764861627.193229,337270,0,0,32,0
1764861627.2433002,337320,0,0,43,0
1764861627.292751,337370,0,0,56,0
1764861627.343193,337420,0,0,70,0
1764861627.393335,337470,0,0,86,0
1764861627.443732,337520,0,0,103,0
1764861627.49408,337570,0,0,119,0
1764861627.5442922,337620,0,0,136,0
1764861627.593629,337670,0,0,152,0
1764861627.644017,337720,0,0,168,0
1764861627.6941922,337770,0,0,185,0
1764861627.744542,337820,0,0,201,0
1764861627.794934,337870,0,0,218,0
1764861627.8441012,337920,0,0,234,0
1764861627.894625,337970,0,0,251,0
1764861627.9448352,338020,0,0,267,0
1764861627.995371,338070,0,0,284,0
1764861628.045441,338120,0,0,300,0
1764861628.095998,338170,0,0,317,0
1764861628.144976,338220,0,0,333,0
1764861628.195364,338270,0,0,349,0
1764861628.2457442,338320,0,0,366,0
1764861628.295948,338370,0,0,382,0
1764861628.3463318,338420,0,0,399,0
1764861628.3964171,338470,0,0,415,0
1764861628.445827,338520,0,0,431,0
1764861628.496254,338570,0,0,448,0
1764861628.5466309,338620,0,0,464,0
1764861628.596829,338670,0,0,481,0
1764861628.647187,338720,0,0,497,0
1764861628.697411,338770,0,0,514,0
1764861628.7467608,338820,0,0,530,0
1764861628.796992,338870,0,0,546,0
1764861628.847361,338920,0,0,563,0
1764861628.897706,338970,0,0,579,0
1764861628.948083,339020,0,0,596,0
1764861628.998281,339070,0,0,612,0
1764861629.047791,339120,0,0,629,0
1764861629.0980248,339170,0,0,645,0
1764861629.1480908,339220,0,0,661,0
1764861629.198582,339270,0,0,678,0
1764861629.248693,339320,0,0,694,0
1764861629.299177,339371,0,0,711,0
1764861629.34952,339421,0,0,727,0
1764861629.399731,339471,0,0,744,0
1764861629.450187,339521,0,0,760,0
1764861629.5004768,339571,0,0,777,0
1764861629.5506828,339621,0,0,793,0
1764861629.600041,339671,0,0,810,0
1764861629.650151,339721,0,0,826,0
1764861629.700755,339771,0,0,843,0
1764861629.750997,339821,0,0,859,0
1764861629.802589,339871,0,0,876,0
1764861629.8515031,339921,0,0,892,0
1764861629.900936,339971,0,0,908,0
1764861629.9511712,340021,0,0,925,0
1764861630.0015209,340071,0,0,941,0
1764861630.051713,340121,0,0,958,0
1764861630.102164,340171,0,0,974,0
1764861630.152479,340221,0,0,991,0
1764861630.201663,340271,0,0,1007,0
1764861630.252016,340321,0,0,1023,0
1764861630.3023942,340371,0,0,1040,0
1764861630.352587,340421,0,0,1056,0
1764861630.40297,340471,0,0,1073,0
1764861630.453325,340521,0,0,1089,0
1764861630.502529,340571,0,0,1105,0
1764861630.5529149,340621,0,0,1122,0
1764861630.603264,340671,0,0,1138,0
1764861630.6536372,340721,0,0,1155,0
1764861630.703836,340771,0,0,1171,0
1764861630.7541919,340822,0,0,1188,0
1764861630.804426,340872,0,0,1204,0
1764861630.854781,340922,0,0,1221,0
1764861630.90518,340972,0,0,1237,0
1764861630.9553978,341022,0,0,1254,0
1764861631.0056598,341072,0,0,1270,0
1764861631.054945,341122,0,0,1286,0
1764861631.105355,341172,0,0,1303,0
1764861631.155715,341222,0,0,1319,0
1764861631.2059178,341272,0,0,1336,0
1764861631.256292,341322,0,0,1352,0
1764861631.3066728,341372,0,0,1369,0
1764861631.355774,341422,0,0,1385,0
1764861631.406271,341472,0,0,1401,0
1764861631.456447,341522,0,0,1417,0
1764861631.506824,341572,0,0,1431,0
1764861631.557187,341622,0,0,1444,0
1764861631.607403,341672,0,0,1455,0
1764861631.656759,341722,0,0,1464,0
1764861631.706988,341772,0,0,1471,0
1764861631.757353,341822,0,0,1477,0
1764861631.807638,341872,0,0,1482,0
1764861631.857934,341922,0,0,1484,0
1764861631.908339,341972,0,0,1486,0
1764861631.9574919,342022,0,0,1486,0
1764861632.007863,342072,0,0,1486,0
1764861632.0582862,342122,0,0,1486,0
1764861632.108486,342172,0,0,1486,0
1764861632.158879,342222,0,0,1486,0
1764861632.208131,342272,0,0,1486,0
1764861632.2583349,342322,0,0,1486,0
1764861632.3088021,342372,0,0,1486,0
1764861632.358986,342422,0,0,1486,0
1764861632.409384,342472,0,0,1486,0
1764861632.4597352,342522,0,0,1486,0
1764861632.508926,342572,0,0,1486,0
1764861632.559314,342622,0,0,1486,0
1764861632.609674,342672,0,0,1486,0
1764861632.659899,342722,0,0,1486,0
1764861632.710264,342772,0,0,1486,0
1764861632.760663,342822,0,0,1486,0
1764861632.809844,342872,0,0,1486,0
1764861632.860128,342922,0,0,1486,0
1764861632.910491,342972,0,0,1486,0
1764861632.960634,343022,0,0,1486,0
1764861633.011132,343072,0,0,1486,0
1764861633.061475,343122,0,0,1486,0
1764861633.110664,343172,0,0,1486,0
1764861633.161109,343222,0,0,1486,0
1764861633.211263,343272,0,0,1486,0
1764861633.261636,343322,0,0,1486,0
1764861633.3118641,343372,0,0,1486,0
1764861633.36225,343422,0,0,1486,0
1764861633.411617,343472,0,0,1486,0
1764861633.461802,343522,0,0,1486,0
1764861633.512183,343572,0,0,1486,0
1764861633.562577,343622,0,0,1486,0
1764861633.6127849,343672,0,0,1486,0
1764861633.6631732,343723,0,0,1486,0
1764861633.713409,343773,0,0,1486,0
1764861633.763746,343823,0,0,1486,0
1764861633.814143,343873,0,0,1486,0
1764861633.864346,343923,0,0,1486,0
1764861633.914739,343973,0,0,1486,0
1764861633.963901,344023,0,0,1486,0
1764861634.014305,344073,0,0,1486,0
1764861634.064697,344123,0,0,1486,0
1764861634.1148858,344173,0,0,1486,0
1764861634.165279,344223,0,0,1486,0
1764861634.215502,344273,0,0,1486,0
1764861634.264817,344323,0,0,1486,0
1764861634.315201,344373,0,0,1486,0
1764861634.365414,344423,0,0,1486,0
1764861634.415782,344473,0,0,1486,0
1764861634.4661481,344523,0,0,1486,0
1764861634.5163898,344573,0,0,1486,0
1764861634.565731,344623,0,0,1486,0
1764861634.615964,344673,0,0,1486,0
1764861634.666354,344723,0,0,1486,0
1764861634.7167182,344773,0,0,1486,0
1764861634.766925,344823,0,0,1486,0
1764861634.8173041,344873,0,0,1486,0
1764861634.866513,344923,0,0,1486,0
1764861634.916878,344973,0,0,1486,0
1764861634.967081,345023,0,0,1486,0
1764861635.017493,345073,0,0,1486,0
1764861635.067761,345123,0,0,1486,0
1764861635.11809,345174,0,0,1486,0
1764861635.168428,345224,0,0,1486,0
1764861635.2187939,345274,0,0,1486,0
1764861635.269008,345324,0,0,1486,0
1764861635.319392,345374,0,0,1486,0
1764861635.36961,345424,0,0,1486,0
1764861635.418985,345474,0,0,1486,0
1764861635.469358,345524,0,0,1486,0
1764861635.519596,345574,0,0,1486,0
1764861635.569962,345624,0,0,1486,0
1764861635.620157,345674,0,0,1486,0
1764861635.670505,345724,0,0,1486,0
1764861635.719844,345774,0,0,1486,0
1764861635.770216,345824,0,0,1486,0
1764861635.820394,345874,0,0,1486,0
1764861635.870774,345924,0,0,1486,0
1764861635.921162,345974,0,0,1486,0
1764861635.9713411,346024,0,0,1486,0
1764861636.020714,346074,0,0,1486,0
1764861636.0708978,346124,0,0,1486,0
1764861636.121293,346174,0,0,1486,0
1764861636.171655,346224,0,0,1486,0
1764861636.221865,346274,0,0,1486,0
1764861636.2722611,346324,0,0,1486,0
1764861636.321599,346374,0,0,1486,0
1764861636.371843,346424,0,0,1486,0
1764861636.4222379,346474,0,0,1486,0
1764861636.4724119,346524,0,0,1486,0
1764861636.522828,346574,0,0,1486,0
1764861636.572187,346624,0,0,1486,0
1764861636.622391,346674,0,0,1486,0
1764861636.6729338,346724,0,0,1486,0
1764861636.723021,346774,0,0,1486,0
1764861636.77337,346824,0,0,1486,0
1764861636.823788,346874,0,0,1486,0
1764861636.872967,346924,0,0,1486,0
1764861636.923348,346974,0,0,1486,0
1764861636.9735522,347024,0,0,1486,0
1764861637.023935,347074,0,0,1486,0
1764861637.074168,347124,0,0,1486,0
1764861637.124539,347174,0,0,1486,0
1764861637.173749,347224,0,0,1486,0
1764861637.224114,347274,0,0,1486,0
1764861637.2745118,347324,0,0,1486,0
1764861637.324699,347374,0,0,1486,0
1764861637.3751118,347424,0,0,1486,0
1764861637.425334,347474,0,0,1486,0
1764861637.4746869,347524,0,0,1486,0
1764861637.524939,347574,0,0,1486,0
1764861637.575325,347624,0,0,1486,0
1764861637.625707,347674,0,0,1486,0
1764861637.6758559,347724,0,0,1486,0
1764861637.72632,347774,0,0,1486,0
1764861637.775511,347824,0,0,1486,0
1764861637.825897,347874,0,0,1486,0
1764861637.876124,347924,0,0,1486,0
1764861637.9265049,347974,0,0,1486,0
1764861637.976875,348024,0,0,1486,0
1764861638.0271091,348075,0,0,1486,0
1764861638.0774882,348125,0,0,1486,0
1764861638.127716,348175,0,0,1486,0
1764861638.178099,348225,0,0,1486,0
1764861638.2284532,348275,0,0,1486,0
1764861638.278667,348325,0,0,1486,0
1764861638.328035,348375,0,0,1486,0
1764861638.378231,348425,0,0,1486,0
1764861638.428611,348475,0,0,1486,0
1764861638.478815,348525,0,0,1486,0
1764861638.529207,348575,0,0,1486,0
1764861638.5795898,348625,0,0,1486,0
1764861638.6287858,348675,0,0,1486,0
1764861638.679142,348725,0,0,1486,0
1764861638.729513,348775,0,0,1486,0
1764861638.7797241,348825,0,0,1486,0
1764861638.830102,348875,0,0,1486,0
1764861638.88022,348925,0,0,1486,0
1764861638.929673,348975,0,0,1486,0
1764861638.9800599,349025,0,0,1486,0
1764861639.030275,349075,0,0,1486,0
1764861639.080621,349125,0,0,1486,0
1764861639.131045,349175,0,0,1486,0
1764861639.182531,349225,0,0,1486,0
1764861639.230593,349275,0,0,1486,0
1764861639.2808142,349325,0,0,1486,0
1764861639.33117,349375,0,0,1486,0
1764861639.3814201,349425,0,0,1486,0
1764861639.431796,349475,0,0,1486,0
1764861639.4821708,349526,0,0,1486,0
1764861639.5323799,349576,0,0,1486,0
1764861639.582767,349626,0,0,1486,0
1764861639.6330419,349676,0,0,1486,0
1764861639.683382,349726,0,0,1486,0
1764861639.733588,349776,0,0,1486,0
1764861639.782932,349826,0,0,1486,0
1764861639.833343,349876,0,0,1486,0
1764861639.8834612,349926,0,0,1486,0
1764861639.9338439,349976,0,0,1486,0
1764861639.98416,350026,0,0,1486,0
1764861640.034563,350076,0,0,1486,0
1764861640.0839272,350126,0,0,1486,0
1764861640.134103,350176,0,0,1486,0
1764861640.1844149,350226,0,0,1486,0
1764861640.2348669,350276,0,0,1486,0
1764861640.2850728,350326,0,0,1486,0
1764861640.335432,350376,0,0,1486,0
1764861640.384632,350426,0,0,1486,0
1764861640.435052,350476,0,0,1486,0
1764861640.4852228,350526,0,0,1486,0
1764861640.535618,350576,0,0,1486,0
1764861640.5860538,350626,0,0,1486,0
1764861640.636204,350676,0,0,1486,0
1764861640.6855779,350726,0,0,1486,0
1764861640.7357812,350776,0,0,1486,0
1764861640.78617,350826,0,0,1486,0
1764861640.836423,350876,0,0,1486,0
1764861640.8867068,350926,0,0,1486,0
1764861640.936147,350976,0,0,1486,0
1764861640.986277,351026,0,0,1486,0
1764861641.036756,351076,0,0,1486,0
1764861641.087002,351126,0,0,1486,0
1764861641.1373498,351176,0,0,1486,0
1764861641.190002,351226,0,0,1486,0
1764861641.236948,351276,0,0,1486,0
1764861641.287359,351326,0,0,1486,0
1764861641.337444,351376,0,0,1486,0
1764861641.3879309,351426,0,0,1486,0
1764861641.438146,351476,0,0,1486,0
1764861641.4884639,351526,0,0,1486,0
1764861641.537843,351576,0,0,1486,0
1764861641.588044,351626,0,0,1486,0
1764861641.638397,351676,0,0,1486,0
1764861641.688745,351726,0,0,1486,0
1764861641.7390442,351776,0,0,1486,0
1764861641.78946,351826,0,0,1486,0
1764861641.838773,351876,0,0,1486,0
1764861641.889001,351926,0,0,1486,0
1764861641.9392052,351976,0,0,1486,0
1764861641.989533,352026,0,0,1486,0
1764861642.03993,352076,0,0,1486,0
1764861642.090293,352126,0,0,1486,0
1764861642.139502,352176,0,0,1486,0
1764861642.189878,352226,0,0,1486,0
1764861642.2400918,352276,0,0,1486,0
1764861642.2904801,352326,0,0,1486,0
1764861642.340678,352376,0,0,1486,0
1764861642.39102,352427,0,0,1486,0
1764861642.441416,352477,0,0,1486,0
1764861642.4915981,352527,0,0,1486,0
1764861642.542003,352577,0,0,1486,0
1764861642.59234,352627,0,0,1486,0
1764861642.642761,352677,0,0,1483,0
1764861642.692,352727,0,0,1479,0
1764861642.742312,352777,0,0,1474,0
1764861642.792504,352827,0,0,1466,0
1764861642.8429272,352877,0,0,1457,0
1764861642.8932521,352927,0,0,1447,0
1764861642.943488,352977,0,0,1434,0
1764861642.9928901,353027,0,0,1421,0
1764861643.043036,353077,0,0,1405,0
1764861643.093432,353127,0,0,1388,0
1764861643.143889,353177,0,0,1369,0
1764861643.194039,353227,0,0,1349,0
1764861643.244399,353277,0,0,1327,0
1764861643.293612,353327,0,0,1304,0
1764861643.343953,353377,0,0,1279,0
1764861643.3943481,353427,0,0,1255,0
1764861643.444447,353477,0,0,1230,0
1764861643.494899,353527,0,0,1205,0
1764861643.545124,353577,0,0,1181,0
1764861643.594486,353627,0,0,1156,0
1764861643.644892,353677,0,0,1132,0
1764861643.694954,353727,0,0,1107,0
1764861643.745437,353777,0,0,1082,0
1764861643.795765,353827,0,0,1058,0
1764861643.846024,353878,0,0,1033,0
1764861643.8963819,353928,0,0,1008,0
1764861643.946753,353978,0,0,984,0
1764861643.997,354028,0,0,959,0
1764861644.047363,354078,0,0,934,0
1764861644.0975869,354128,0,0,910,0
1764861644.1469781,354178,0,0,885,0
1764861644.197301,354228,0,0,861,0
1764861644.2475111,354278,0,0,836,0
1764861644.297879,354328,0,0,811,0
1764861644.348077,354378,0,0,787,0
1764861644.398465,354428,0,0,762,0
1764861644.44783,354478,0,0,738,0
1764861644.4980428,354528,0,0,713,0
1764861644.5486012,354578,0,0,688,0
1764861644.5988,354628,0,0,664,0
1764861644.64897,354678,0,0,639,0
1764861644.699359,354728,0,0,614,0
1764861644.7486951,354778,0,0,590,0
1764861644.798974,354828,0,0,566,0
1764861644.849293,354878,0,0,541,0
1764861644.899502,354928,0,0,516,0
1764861644.9498649,354978,0,0,492,0
1764861645.000247,355028,0,0,467,0
1764861645.04941,355078,0,0,443,0
1764861645.099797,355128,0,0,418,0
1764861645.150151,355178,0,0,393,0
1764861645.200365,355228,0,0,369,0
1764861645.2507038,355278,0,0,344,0
1764861645.300097,355328,0,0,320,0
1764861645.3504279,355378,0,0,295,0
1764861645.40063,355428,0,0,271,0
1764861645.451013,355478,0,0,246,0
1764861645.501207,355528,0,0,221,0
1764861645.551574,355578,0,0,197,0
1764861645.6008441,355628,0,0,173,0
1764861645.651131,355678,0,0,150,0
1764861645.701493,355728,0,0,129,0
1764861645.751838,355778,0,0,109,0
1764861645.802198,355828,0,0,91,0
1764861645.852433,355878,0,0,75,0
1764861645.90176,355928,0,0,60,0
1764861645.9521239,355978,0,0,47,0
1764861646.002502,356028,0,0,35,0
1764861646.0527391,356078,0,0,26,0
1764861646.1029272,356128,0,0,17,0
1764861646.153283,356178,0,0,11,0
1764861646.202667,356228,0,0,6,0
1764861646.252852,356278,0,0,2,0
1764861646.303243,356328,0,0,1,0
1764861646.353628,356378,0,0,0,0
1764861646.403831,356428,0,0,0,0
1764861646.454211,356478,0,0,0,0
1764861646.503374,356528,0,0,0,0
1764861646.553775,356578,0,0,0,0
1764861646.604149,356628,0,0,0,0
1764861646.6543329,356678,0,0,0,0
1764861646.704715,356728,0,0,0,0
1764861646.7550771,356779,0,0,0,0
1764861646.805304,356829,0,0,0,0
1764861646.855684,356879,0,0,0,0
1764861646.905875,356929,0,0,0,0
1764861646.956274,356979,0,0,0,0
1764861647.0066931,357029,0,0,0,0
1764861647.055836,357079,0,0,0,0
1764861647.106248,357129,0,0,0,0
1764861647.156456,357179,0,0,0,0
1764861647.206817,357229,0,0,0,0
1764861647.257199,357279,0,0,0,0
1764861647.307382,357329,0,0,0,0
1764861647.356769,357379,0,0,0,0
1764861647.4071429,357429,0,0,0,0
1764861647.457341,357479,0,0,0,0
1764861647.507709,357529,0,0,0,0
1764861647.557921,357579,0,0,0,0
1764861647.608311,357629,0,0,0,0
1764861647.6575098,357679,0,0,0,0
1764861647.7079291,357729,0,0,0,0
1764861647.758157,357779,0,0,0,0
1764861647.808473,357829,0,0,0,0
1764861647.858837,357879,0,0,0,0
1764861647.909214,357929,0,0,0,0
1764861647.958384,357979,0,0,0,0
1764861648.0087528,358029,0,0,0,0
1764861648.059128,358079,0,0,0,0
1764861648.109332,358129,0,0,0,0
1764861648.159691,358179,0,0,0,0
1764861648.210079,358230,0,0,0,0
1764861648.260299,358280,0,0,0,0
1764861648.310668,358330,0,0,0,0
1764861648.361026,358380,0,0,0,0
1764861648.411226,358430,0,0,0,0
1764861648.4616058,358480,0,0,0,0
1764861648.510963,358530,0,0,0,0
1764861648.561144,358580,0,0,0,0
1764861648.611528,358630,0,0,0,0
1764861648.6618931,358680,0,0,0,0
1764861648.712123,358730,0,0,0,0
1764861648.762487,358780,0,0,0,0
1764861648.811606,358830,0,0,0,0
1764861648.862077,358880,0,0,0,0
1764861648.912234,358930,0,0,0,0
1764861648.962661,358980,0,0,0,0
1764861649.0130408,359030,0,0,0,0
1764861649.063283,359080,0,0,0,0
1764861649.112625,359130,0,0,0,0
1764861649.162977,359180,0,0,0,0
1764861649.213208,359230,0,0,0,0
1764861649.263577,359280,0,0,0,0
1764861649.313955,359330,0,0,0,0
1764861649.364151,359380,0,0,0,0
1764861649.413485,359430,0,0,0,0
1764861649.463902,359480,0,0,0,0
1764861649.5140748,359530,0,0,0,0
1764861649.5644531,359580,0,0,0,0
1764861649.6148,359630,0,0,0,0
1764861649.6638951,359680,0,0,0,0
1764861649.7143948,359730,0,0,0,0
1764861649.764553,359780,0,0,0,0
1764861649.8149602,359830,0,0,0,0
1764861649.86514,359880,0,0,0,0
1764861649.91553,359930,0,0,0,0
1764861649.964905,359980,0,0,0,0
1764861650.015125,360030,0,0,0,0
1764861650.065498,360080,0,0,0,0
1764861650.115875,360130,0,0,0,0
1764861650.166084,360180,0,0,0,0
1764861650.216463,360230,0,0,0,0
1764861650.265805,360280,0,0,0,0
1764861650.316025,360330,0,0,0,0
1764861650.3664079,360380,0,0,0,0
1764861650.41662,360430,0,0,0,0
1764861650.467015,360480,0,0,0,0
1764861650.517306,360530,0,0,0,0
1764861650.56658,360580,0,0,0,0
1764861650.616798,360630,0,0,0,0
1764861650.6671731,360680,0,0,0,0
1764861650.7174242,360730,0,0,0,0
1764861650.767797,360780,0,0,0,0
1764861650.8181791,360830,0,0,0,0
1764861650.8674,360880,0,0,0,0
1764861650.917817,360930,0,0,0,0
1764861650.9680362,360980,0,0,0,0
1764861651.0184,361030,0,0,0,0
1764861651.0686169,361080,0,0,0,0
1764861651.1190028,361131,0,0,0,0
1764861651.16925,361181,0,0,0,0
1764861651.219649,361231,0,0,0,0
1764861651.270026,361281,0,0,0,0
1764861651.3202062,361331,0,0,0,0
1764861651.370573,361381,0,0,0,0
1764861651.4198241,361431,0,0,0,0
1764861651.470144,361481,0,0,0,0
1764861651.520412,361531,0,0,0,0
1764861651.570739,361581,0,0,0,0
1764861651.6211798,361631,0,0,0,0
1764861651.671396,361681,0,0,0,0
1764861651.720763,361731,0,0,0,0
1764861651.770956,361781,0,0,0,0
1764861651.821387,361831,0,0,0,0
1764861651.8716002,361881,0,0,0,0
1764861651.9219918,361931,0,0,0,0
1764861651.972208,361981,0,0,0,0
1764861652.021617,362031,0,0,0,0
1764861652.071858,362081,0,0,0,0
1764861652.122226,362131,0,0,0,0
1764861652.172309,362181,0,0,0,0
1764861652.222751,362231,0,0,0,0
1764861652.273124,362281,0,0,0,0
1764861652.322411,362331,0,0,0,0
1764861652.374377,362381,0,0,0,0
1764861652.4230149,362431,0,0,0,0
1764861652.473408,362481,0,0,0,0
1764861652.523617,362531,0,0,0,0
1764861652.574008,362582,0,0,0,0
1764861652.6243682,362632,0,0,0,0
1764861652.6746109,362682,0,0,0,0
1764861652.724976,362732,0,0,0,0
1764861652.7751942,362782,0,0,0,0
1764861652.825622,362832,0,0,0,0
1764861652.874879,362882,0,0,0,0
1764861652.92508,362932,0,0,0,0
1764861652.9753978,362982,0,0,0,0
1764861653.025852,363032,0,0,0,0
1764861653.07599,363082,0,0,0,0
1764861653.126382,363132,0,0,0,0
1764861653.175754,363182,0,0,0,0
1764861653.2259681,363232,0,0,0,0
1764861653.276351,363282,0,0,0,0
1764861653.326592,363332,0,0,0,0
1764861653.37696,363382,0,0,0,0
1764861653.427211,363432,0,0,0,0
1764861653.4765792,363482,0,0,0,0
1764861653.526997,363532,0,0,0,0
1764861653.577188,363582,0,0,0,0
1764861653.6275258,363632,0,0,0,0
1764861653.6777549,363682,0,0,0,0
1764861653.728127,363732,0,0,0,0
1764861653.777318,363782,0,0,0,0
1764861653.827691,363832,0,0,0,0
1764861653.8780968,363882,0,0,0,0
1764861653.928301,363932,0,0,0,0
1764861653.978678,363982,0,0,0,0
1764861654.027862,364032,0,0,1,0
1764861654.0782511,364082,0,0,4,0
1764861654.128633,364132,0,0,9,0
1764861654.1788712,364182,0,0,15,0
1764861654.229267,364232,0,0,23,0
1764861654.2794838,364282,0,0,31,0
1764861654.329026,364332,0,0,39,0
1764861654.379075,364382,0,0,48,0
1764861654.4294488,364432,0,0,56,0
1764861654.4798431,364482,0,0,64,0
1764861654.530066,364532,0,0,72,0
1764861654.580436,364582,0,0,81,0
1764861654.629602,364632,0,0,89,0
1764861654.679992,364682,0,0,97,0
1764861654.7302349,364732,0,0,105,0
1764861654.7806249,364782,0,0,113,0
1764861654.8308291,364832,0,0,122,0
1764861654.881218,364882,0,0,130,0
1764861654.930593,364932,0,0,138,0
1764861654.980822,364982,0,0,146,0
1764861655.0311942,365032,0,0,153,0
1764861655.081745,365082,0,0,159,0
1764861655.131824,365132,0,0,162,0
1764861655.182177,365182,0,0,164,0
1764861655.23135,365232,0,0,165,0
1764861655.281753,365282,0,0,165,0
1764861655.3319612,365332,0,0,165,0
1764861655.382357,365382,0,0,165,0
1764861655.4325812,365432,0,0,165,0
1764861655.482922,365483,0,0,165,0
1764861655.533321,365533,0,0,165,0
1764861655.583509,365583,0,0,165,0
1764861655.633884,365633,0,0,165,0
1764861655.684255,365683,0,0,165,0
1764861655.734456,365733,0,0,165,0
1764861655.783819,365783,0,0,165,0
1764861655.83416,365833,0,0,165,0
1764861655.8843808,365883,0,0,165,0
1764861655.934814,365933,0,0,165,0
1764861655.9850938,365983,0,0,165,0
1764861656.0352051,366033,0,0,165,0
1764861656.0846689,366083,0,0,165,0
1764861656.135023,366133,0,0,165,0
1764861656.18526,366183,0,0,165,0
1764861656.235625,366233,0,0,165,0
1764861656.286006,366283,0,0,165,0
1764861656.336233,366333,0,0,165,0
1764861656.385581,366383,0,0,165,0
1764861656.435812,366433,0,0,165,0
1764861656.486166,366483,0,0,165,0
1764861656.5364149,366533,0,0,165,0
1764861656.5868301,366583,0,0,165,0
1764861656.636978,366633,0,0,165,0
1764861656.686338,366683,0,0,165,0
1764861656.736712,366733,0,0,165,0
1764861656.786911,366783,0,0,165,0
1764861656.837308,366833,0,0,165,0
1764861656.887666,366883,0,0,165,0
1764861656.937887,366934,0,0,165,0
1764861656.988251,366984,0,0,165,0
1764861657.03862,367034,0,0,165,0
1764861657.0888379,367084,0,0,165,0
1764861657.1391842,367134,0,0,165,0
1764861657.189565,367184,0,0,165,0
1764861657.238802,367234,0,0,165,0
1764861657.28912,367284,0,0,165,0
1764861657.339509,367334,0,0,165,0
1764861657.389728,367384,0,0,165,0
1764861657.440093,367434,0,0,165,0
1764861657.490475,367484,0,0,165,0
1764861657.539676,367534,0,0,165,0
1764861657.590048,367584,0,0,165,0
1764861657.640245,367634,0,0,165,0
1764861657.690644,367684,0,0,165,0
1764861657.740837,367734,0,0,165,0
1764861657.7912161,367784,0,0,165,0
1764861657.840576,367834,0,0,165,0
1764861657.89078,367884,0,0,165,0
1764861657.941141,367934,0,0,165,0
1764861657.99151,367984,0,0,165,0
1764861658.041782,368034,0,0,165,0
1764861658.0920901,368084,0,0,165,0
1764861658.1414149,368134,0,0,165,0
1764861658.191621,368184,0,0,165,0
1764861658.241981,368234,0,0,165,0
1764861658.292368,368284,0,0,165,0
1764861658.3425589,368334,0,0,165,0
1764861658.39192,368384,0,0,165,0
1764861658.442167,368434,0,0,165,0
1764861658.492532,368484,0,0,165,0
1764861658.542902,368534,0,0,165,0
1764861658.593112,368584,0,0,165,0
1764861658.643409,368634,0,0,165,0
1764861658.696159,368684,0,0,165,0
1764861658.743038,368734,0,0,165,0
1764861658.7933838,368784,0,0,165,0
1764861658.843779,368834,0,0,165,0
1764861658.893962,368884,0,0,165,0
1764861658.944383,368934,0,0,165,0
1764861658.99367,368984,0,0,165,0
1764861659.043885,369034,0,0,165,0
1764861659.094292,369084,0,0,165,0
1764861659.144629,369134,0,0,165,0
1764861659.194816,369184,0,0,165,0
1764861659.245107,369234,0,0,165,0
1764861659.29456,369284,0,0,165,0
1764861659.344779,369334,0,0,165,0
1764861659.395145,369384,0,0,165,0
1764861659.4455628,369434,0,0,165,0
1764861659.495737,369484,0,0,165,0
1764861659.5461109,369534,0,0,165,0
1764861659.595327,369584,0,0,165,0
1764861659.645667,369634,0,0,165,0
1764861659.695907,369684,0,0,165,0
1764861659.7462778,369734,0,0,165,0
1764861659.796641,369784,0,0,165,0
1764861659.846879,369835,0,0,165,0
1764861659.897247,369885,0,0,165,0
1764861659.947604,369935,0,0,165,0
1764861659.997757,369985,0,0,165,0
1764861660.048119,370035,0,0,165,0
1764861660.098567,370085,0,0,165,0
1764861660.147718,370135,0,0,165,0
1764861660.198076,370185,0,0,165,0
1764861660.2484841,370235,0,0,165,0
1764861660.29867,370285,0,0,165,0
1764861660.3490481,370335,0,0,165,0
1764861660.3994062,370385,0,0,165,0
1764861660.448621,370435,0,0,165,0
1764861660.498976,370485,0,0,165,0
1764861660.549323,370535,0,0,165,0
1764861660.59953,370585,0,0,165,0
1764861660.649898,370635,0,0,165,0
1764861660.700303,370685,0,0,165,0
1764861660.749481,370735,0,0,165,0
1764861660.7998421,370785,0,0,165,0
1764861660.850063,370835,0,0,165,0
1764861660.900429,370885,0,0,165,0
1764861660.950793,370935,0,0,165,0
1764861661.0010052,370985,0,0,165,0
1764861661.050362,371035,0,0,165,0
1764861661.100582,371085,0,0,165,0
1764861661.150965,371135,0,0,165,0
1764861661.201343,371185,0,0,165,0
1764861661.251581,371235,0,0,165,0
1764861661.3019662,371286,0,0,165,0
1764861661.352114,371336,0,0,165,0
1764861661.402561,371386,0,0,165,0
1764861661.452919,371436,0,0,165,0
1764861661.5031319,371486,0,0,165,0
1764861661.553558,371536,0,0,165,0
1764861661.6028101,371586,0,0,165,0
1764861661.652981,371636,0,0,165,0
1764861661.703458,371686,0,0,165,0
1764861661.753829,371736,0,0,165,0
1764861661.80401,371786,0,0,165,0
1764861661.854388,371836,0,0,165,0
1764861661.903583,371886,0,0,165,0
1764861661.953953,371936,0,0,165,0
1764861662.004158,371986,0,0,165,0
1764861662.054549,372036,0,0,165,0
1764861662.10483,372086,0,0,165,0
1764861662.155168,372136,0,0,165,0
1764861662.2045069,372186,0,0,165,0
1764861662.254851,372236,0,0,165,0
1764861662.305048,372286,0,0,165,0
1764861662.3553941,372336,0,0,165,0
1764861662.405791,372386,0,0,165,0
1764861662.45607,372436,0,0,165,0
1764861662.505315,372486,0,0,165,0
1764861662.555728,372536,0,0,165,0
1764861662.605949,372586,0,0,165,0
1764861662.6562529,372636,0,0,165,0
1764861662.7065878,372686,0,0,165,0
1764861662.755957,372736,0,0,165,0
1764861662.8061461,372786,0,0,165,0
1764861662.856435,372836,0,0,165,0
1764861662.906802,372886,0,0,165,0
1764861662.957081,372936,0,0,165,0
1764861663.007423,372986,0,0,165,0
1764861663.0567858,373036,0,0,165,0
1764861663.106972,373086,0,0,165,0
1764861663.157383,373136,0,0,165,0
1764861663.2077188,373186,0,0,165,0
1764861663.2579231,373236,0,0,165,0
1764861663.308289,373286,0,0,165,0
1764861663.357721,373336,0,0,165,0
1764861663.4079978,373386,0,0,165,0
1764861663.458221,373436,0,0,165,0
1764861663.5085802,373486,0,0,165,0
1764861663.558948,373536,0,0,165,0
1764861663.609154,373586,0,0,165,0
1764861663.6585228,373636,0,0,165,0
1764861663.708699,373686,0,0,165,0
1764861663.759012,373736,0,0,165,0
1764861663.8093069,373786,0,0,165,0
1764861663.859689,373836,0,0,165,0
1764861663.9100711,373886,0,0,165,0
1764861663.959263,373936,0,0,165,0
1764861664.0096781,373986,0,0,165,0
1764861664.059996,374036,0,0,165,0
1764861664.110204,374086,0,0,165,0
1764861664.1605911,374136,0,0,165,0
1764861664.210948,374187,0,0,165,0
1764861664.2611752,374237,0,0,165,0
1764861664.311563,374287,0,0,165,0
1764861664.36206,374337,0,0,165,0
1764861664.4121358,374387,0,0,165,0
1764861664.4624991,374437,0,0,165,0
1764861664.511858,374487,0,0,165,0
1764861664.562041,374537,0,0,165,0
1764861664.6123981,374587,0,0,165,0
1764861664.662774,374637,0,0,165,0
1764861664.712972,374687,0,0,165,0
1764861664.7633479,374737,0,0,165,0
1764861664.812532,374787,0,0,165,0
1764861664.862887,374837,0,0,165,0
1764861664.9132721,374887,0,0,165,0
1764861664.963469,374937,0,0,165,0
1764861665.013839,374987,0,0,165,0
1764861665.064092,375037,0,0,165,0
1764861665.113336,375087,0,0,165,0
1764861665.163758,375137,0,0,165,0
1764861665.214114,375187,0,0,165,0
1764861665.264321,375237,0,0,165,0
1764861665.314636,375287,0,0,165,0
1764861665.365042,375337,0,0,165,0
1764861665.4144351,375387,0,0,165,0
1764861665.46468,375437,0,0,165,0
1764861665.5149949,375487,0,0,165,0
1764861665.565332,375537,0,0,165,0
1764861665.61555,375587,0,0,165,0
1764861665.6658921,375638,0,0,165,0
1764861665.7162418,375688,0,0,165,0
1764861665.766498,375738,0,0,165,0
1764861665.8168168,375788,0,0,165,0
1764861665.867199,375838,0,0,165,0
1764861665.917403,375888,0,0,165,0
1764861665.966766,375938,0,0,165,0
1764861666.016972,375988,0,0,165,0
1764861666.0673752,376038,0,0,165,0
1764861666.117742,376088,0,0,165,0
1764861666.167978,376138,0,0,165,0
1764861666.218317,376188,0,0,165,0
1764861666.267699,376238,0,0,165,0
1764861666.317875,376288,0,0,165,0
1764861666.368219,376338,0,0,165,0
1764861666.4186618,376388,0,0,165,0
1764861666.468805,376438,0,0,165,0
1764861666.5191739,376488,0,0,165,0
1764861666.568513,376538,0,0,165,0
1764861666.618709,376588,0,0,165,0
1764861666.669081,376638,0,0,165,0
1764861666.719468,376688,0,0,165,0
1764861666.769655,376738,0,0,165,0
1764861666.8200278,376788,0,0,165,0
1764861666.869397,376838,0,0,165,0
1764861666.91957,376888,0,0,165,0
1764861666.969943,376938,0,0,165,0
1764861667.0202901,376988,0,0,165,0
1764861667.070513,377038,0,0,165,0
1764861667.119862,377088,0,0,165,0
1764861667.1702259,377138,0,0,165,0
1764861667.220348,377188,0,0,165,0
1764861667.2708108,377238,0,0,165,0
1764861667.321169,377288,0,0,165,0
1764861667.371385,377338,0,0,165,0
1764861667.4207108,377388,0,0,165,0
1764861667.4710872,377438,0,0,165,0
1764861667.521281,377488,0,0,165,0
1764861667.5716789,377538,0,0,165,0
1764861667.6220539,377588,0,0,165,0
1764861667.672246,377638,0,0,165,0
1764861667.721637,377688,0,0,165,0
1764861667.771945,377738,0,0,165,0
1764861667.82215,377788,0,0,165,0
1764861667.872517,377838,0,0,165,0
1764861667.922868,377888,0,0,165,0
1764861667.972995,377938,0,0,165,0
1764861668.0224462,377988,0,0,165,0
1764861668.072783,378038,0,0,165,0
1764861668.12298,378088,0,0,165,0
1764861668.1733592,378138,0,0,165,0
1764861668.223723,378188,0,0,165,0
1764861668.2740831,378238,0,0,165,0
1764861668.32323,378288,0,0,165,0
1764861668.3736162,378338,0,0,165,0
1764861668.423983,378388,0,0,165,0
1764861668.474187,378438,0,0,165,0
1764861668.52455,378488,0,0,165,0
1764861668.5749,378539,0,0,165,0
1764861668.625267,378589,0,0,165,0
1764861668.675452,378639,0,0,165,0
1764861668.7258189,378689,0,0,165,0
1764861668.776188,378739,0,0,165,0
1764861668.82639,378789,0,0,165,0
1764861668.875749,378839,0,0,165,0
1764861668.925944,378889,0,0,165,0
1764861668.976304,378939,0,0,165,0
1764861669.0266519,378989,0,0,165,0
1764861669.076858,379039,0,0,165,0
1764861669.12724,379089,0,0,165,0
1764861669.1766121,379139,0,0,165,0
1764861669.2269351,379189,0,0,165,0
1764861669.277141,379239,0,0,165,0
1764861669.327494,379289,0,0,165,0
1764861669.377813,379339,0,0,165,0
1764861669.4280581,379389,0,0,165,0
1764861669.4774258,379439,0,0,165,0
1764861669.527803,379489,0,0,165,0
1764861669.5779998,379539,0,0,165,0
1764861669.628353,379589,0,0,165,0
1764861669.6787462,379639,0,0,165,0
1764861669.728917,379689,0,0,165,0
1764861669.7782881,379739,0,0,165,0
1764861669.828675,379789,0,0,165,0
1764861669.878865,379839,0,0,165,0
1764861669.929237,379889,0,0,165,0
1764861669.9796228,379939,0,0,165,0
1764861670.0297978,379990,0,0,165,0
1764861670.080194,380040,0,0,165,0
1764861670.1306071,380090,0,0,165,0
1764861670.180754,380140,0,0,165,0
1764861670.231097,380190,0,0,165,0
1764861670.281486,380240,0,0,165,0
1764861670.330543,380290,0,0,165,0
1764861670.381032,380340,0,0,165,0
1764861670.4314098,380390,0,0,165,0
1764861670.481623,380440,0,0,165,0
1764861670.5320058,380490,0,0,165,0
1764861670.582366,380540,0,0,165,0
1764861670.63159,380590,0,0,165,0
1764861670.6819289,380640,0,0,165,0
1764861670.7322712,380690,0,0,165,0
1764861670.7824562,380740,0,0,165,0
1764861670.832839,380790,0,0,165,0
1764861670.883179,380840,0,0,165,0
1764861670.9325042,380890,0,0,165,0
1764861670.9827268,380940,0,0,165,0
1764861671.0331001,380990,0,0,165,0
1764861671.083464,381040,0,0,165,0
1764861671.133646,381090,0,0,165,0
1764861671.184025,381140,0,0,165,0
1764861671.2332091,381190,0,0,165,0
1764861671.283582,381240,0,0,165,0
1764861671.333958,381290,0,0,165,0
1764861671.384299,381340,0,0,165,0
1764861671.434415,381390,0,0,165,0
1764861671.483861,381440,0,0,165,0
1764861671.534123,381490,0,0,165,0
1764861671.58445,381540,0,0,165,0
1764861671.634785,381590,0,0,165,0
1764861671.68519,381640,0,0,165,0
1764861671.7353752,381690,0,0,165,0
1764861671.784707,381740,0,0,165,0
1764861671.835101,381790,0,0,165,0
1764861671.8853161,381840,0,0,165,0
1764861671.935694,381890,0,0,165,0
1764861671.986039,381940,0,0,165,0
1764861672.036212,381990,0,0,165,0
1764861672.085588,382040,0,0,165,0
1764861672.1359072,382090,0,0,165,0
1764861672.185997,382140,0,0,165,0
1764861672.23645,382190,0,0,165,0
1764861672.2867599,382240,0,0,165,0
1764861672.337186,382290,0,0,165,0
1764861672.38638,382340,0,0,165,0
1764861672.436743,382390,0,0,165,0
1764861672.487115,382440,0,0,165,0
1764861672.537295,382490,0,0,165,0
1764861672.587651,382540,0,0,165,0
1764861672.63802,382590,0,0,165,0
1764861672.687364,382640,0,0,165,0
1764861672.737547,382690,0,0,165,0
1764861672.787903,382740,0,0,165,0
1764861672.8382878,382790,0,0,165,0
1764861672.888507,382840,0,0,165,0
1764861672.938856,382891,0,0,165,0
1764861672.989229,382941,0,0,165,0
1764861673.0394108,382991,0,0,165,0
1764861673.0897868,383041,0,0,165,0
1764861673.140173,383091,0,0,165,0
1764861673.190358,383141,0,0,165,0
1764861673.239669,383191,0,0,165,0
1764861673.290068,383241,0,0,165,0
1764861673.340265,383291,0,0,165,0
1764861673.390646,383341,0,0,165,0
1764861673.44101,383391,0,0,165,0
1764861673.4912052,383441,0,0,165,0
1764861673.5405529,383491,0,0,165,0
1764861673.590932,383541,0,0,165,0
1764861673.641153,383591,0,0,165,0
1764861673.691584,383641,0,0,165,0
1764861673.741907,383691,0,0,165,0
1764861673.7921002,383741,0,0,165,0
1764861673.841464,383791,0,0,165,0
1764861673.891616,383841,0,0,165,0
1764861673.942076,383891,0,0,165,0
1764861673.992437,383941,0,0,165,0
1764861674.042641,383991,0,0,165,0
1764861674.093049,384041,0,0,165,0
1764861674.142228,384091,0,0,165,0
1764861674.192592,384141,0,0,165,0
1764861674.2429519,384191,0,0,165,0
1764861674.2931619,384241,0,0,165,0
1764861674.343457,384291,0,0,165,0
1764861674.393764,384342,0,0,165,0
1764861674.444134,384392,0,0,165,0
1764861674.494546,384442,0,0,165,0
1764861674.544734,384492,0,0,165,0
1764861674.595108,384542,0,0,165,0
1764861674.645448,384592,0,0,165,0
1764861674.694651,384642,0,0,165,0
1764861674.745024,384692,0,0,165,0
1764861674.795381,384742,0,0,165,0
1764861674.845598,384792,0,0,165,0
1764861674.895964,384842,0,0,165,0
1764861674.946342,384892,0,0,165,0
1764861674.995556,384942,0,0,165,0
1764861675.045847,384992,0,0,165,0
1764861675.096216,385042,0,0,165,0
1764861675.146589,385092,0,0,165,0
1764861675.1968052,385142,0,0,165,0
1764861675.247172,385192,0,0,165,0
1764861675.296318,385242,0,0,165,0
1764861675.3466969,385292,0,0,165,0
1764861675.397054,385342,0,0,165,0
1764861675.447293,385392,0,0,165,0
1764861675.4976552,385442,0,0,165,0
1764861675.548021,385492,0,0,165,0
1764861675.59719,385542,0,0,165,0
1764861675.647566,385592,0,0,165,0
1764861675.697932,385642,0,0,165,0
1764861675.748172,385692,0,0,165,0
1764861675.7985358,385742,0,0,165,0
1764861675.8478851,385792,0,0,165,0
1764861675.898123,385842,0,0,165,0
1764861675.9485261,385892,0,0,165,0
1764861675.998708,385942,0,0,165,0
1764861676.049097,385992,0,0,165,0
1764861676.099516,386042,0,0,165,0
1764861676.148694,386092,0,0,165,0
1764861676.199049,386142,0,0,165,0
1764861676.249224,386192,0,0,165,0
1764861676.299603,386242,0,0,165,0
1764861676.349952,386292,0,0,165,0
1764861676.40014,386342,0,0,165,0
1764861676.449408,386392,0,0,165,0
1764861676.4998531,386442,0,0,165,0
1764861676.550238,386492,0,0,165,0
1764861676.6004071,386542,0,0,165,0
1764861676.650798,386592,0,0,165,0
1764861676.701164,386642,0,0,165,0
1764861676.750219,386692,0,0,165,0
1764861676.800708,386742,0,0,165,0
1764861676.8510861,386792,0,0,165,0
1764861676.901302,386842,0,0,165,0
1764861676.9516768,386892,0,0,165,0
1764861677.002047,386942,0,0,165,0
1764861677.051233,386992,0,0,165,0
1764861677.1016068,387042,0,0,165,0
1764861677.151786,387092,0,0,165,0
1764861677.202183,387142,0,0,165,0
1764861677.2525692,387192,0,0,165,0
1764861677.302752,387243,0,0,165,0
1764861677.353152,387293,0,0,165,0
1764861677.403389,387343,0,0,165,0
1764861677.453761,387393,0,0,165,0
1764861677.5041301,387443,0,0,165,0
1764861677.554341,387493,0,0,165,0
1764861677.603664,387543,0,0,165,0
1764861677.654052,387593,0,0,165,0
1764861677.704267,387643,0,0,165,0
1764861677.754665,387693,0,0,165,0
1764861677.804833,387743,0,0,165,0
1764861677.855216,387793,0,0,165,0
1764861677.904602,387843,0,0,165,0
1764861677.9547992,387893,0,0,165,0
1764861678.00519,387943,0,0,165,0
1764861678.0555341,387993,0,0,165,0
1764861678.105768,388043,0,0,165,0
1764861678.156151,388093,0,0,165,0
1764861678.205377,388143,0,0,165,0
1764861678.2557812,388193,0,0,165,0
1764861678.305965,388243,0,0,165,0
1764861678.356339,388293,0,0,165,0
1764861678.406542,388343,0,0,165,0
1764861678.4569468,388393,0,0,165,0
1764861678.506331,388443,0,0,165,0
1764861678.55653,388493,0,0,165,0
1764861678.6068811,388543,0,0,165,0
1764861678.657242,388593,0,0,165,0
1764861678.707482,388643,0,0,165,0
1764861678.757844,388694,0,0,165,0
1764861678.808012,388744,0,0,165,0
1764861678.858502,388794,0,0,165,0
1764861678.908832,388844,0,0,165,0
1764861678.959039,388894,0,0,165,0
1764861679.009396,388944,0,0,165,0
1764861679.0587661,388994,0,0,165,0
1764861679.108978,389044,0,0,165,0
1764861679.1593559,389094,0,0,165,0
1764861679.209727,389144,0,0,165,0
1764861679.2599292,389194,0,0,165,0
1764861679.310307,389244,0,0,165,0
1764861679.3595,389294,0,0,165,0
1764861679.4099,389344,0,0,165,0
1764861679.460126,389394,0,0,165,0
1764861679.5105128,389444,0,0,165,0
1764861679.560738,389494,0,0,165,0
1764861679.6111202,389544,0,0,165,0
1764861679.660502,389594,0,0,165,0
1764861679.710666,389644,0,0,165,0
1764861679.7610471,389694,0,0,165,0
1764861679.811279,389744,0,0,165,0
1764861679.861689,389794,0,0,165,0
1764861679.912045,389844,0,0,165,0
1764861679.961262,389894,0,0,165,0
1764861680.0116339,389944,0,0,165,0
1764861680.061831,389994,0,0,165,0
1764861680.1122088,390044,0,0,165,0
1764861680.162606,390094,0,0,165,0
1764861680.211776,390144,0,0,165,0
1764861680.262173,390194,0,0,165,0
1764861680.3123589,390244,0,0,165,0
1764861680.362766,390294,0,0,165,0
1764861680.412961,390344,0,0,165,0
1764861680.4633448,390394,0,0,165,0
1764861680.5126662,390444,0,0,165,0
1764861680.562931,390494,0,0,165,0
1764861680.6132789,390544,0,0,165,0
1764861680.6636422,390594,0,0,165,0
1764861680.7138538,390644,0,0,165,0
1764861680.764242,390694,0,0,165,0
1764861680.81359,390744,0,0,165,0
1764861680.8637838,390794,0,0,165,0
1764861680.914172,390844,0,0,165,0
1764861680.9645288,390894,0,0,165,0
1764861681.014741,390944,0,0,165,0
1764861681.065114,390994,0,0,165,0
1764861681.114462,391044,0,0,165,0
1764861681.164673,391094,0,0,165,0
1764861681.214993,391144,0,0,165,0
1764861681.265461,391194,0,0,165,0
1764861681.315552,391244,0,0,165,0
1764861681.366006,391294,0,0,165,0
1764861681.415178,391344,0,0,165,0
1764861681.465539,391394,0,0,165,0
1764861681.5159302,391444,0,0,165,0
1764861681.566141,391494,0,0,165,0
1764861681.61641,391544,0,0,165,0
1764861681.666708,391595,0,0,165,0
1764861681.717089,391645,0,0,165,0
1764861681.767487,391695,0,0,165,0
1764861681.817653,391745,0,0,165,0
1764861681.868062,391795,0,0,165,0
1764861681.9184499,391845,0,0,165,0
1764861681.967649,391895,0,0,165,0
1764861682.0180311,391945,0,0,165,0
1764861682.068241,391995,0,0,165,0
1764861682.1186292,392045,0,0,165,0
1764861682.168829,392095,0,0,165,0
1764861682.2191901,392145,0,0,165,0
1764861682.268571,392195,0,0,165,0
1764861682.318787,392245,0,0,165,0
1764861682.369185,392295,0,0,165,0
1764861682.419531,392345,0,0,165,0
1764861682.469755,392395,0,0,165,0
1764861682.52016,392445,0,0,165,0
1764861682.5693262,392495,0,0,165,0
1764861682.619713,392545,0,0,165,0
1764861682.669905,392595,0,0,165,0
1764861682.7203069,392645,0,0,165,0
1764861682.770684,392695,0,0,165,0
1764861682.82085,392745,0,0,165,0
1764861682.8702238,392795,0,0,165,0
1764861682.920613,392845,0,0,165,0
1764861682.9708312,392895,0,0,165,0
1764861683.021206,392945,0,0,165,0
1764861683.071423,392995,0,0,165,0
1764861683.121791,393046,0,0,165,0
1764861683.1721961,393096,0,0,165,0
1764861683.222434,393146,0,0,165,0
1764861683.272768,393196,0,0,165,0
1764861683.323133,393246,0,0,165,0
1764861683.3733702,393296,0,0,165,0
1764861683.4227169,393346,0,0,165,0
1764861683.472919,393396,0,0,165,0
1764861683.5233128,393446,0,0,165,0
1764861683.573694,393496,0,0,165,0
1764861683.62391,393546,0,0,165,0
1764861683.674313,393596,0,0,165,0
1764861683.7234979,393646,0,0,165,0
1764861683.773879,393696,0,0,165,0
1764861683.824047,393746,0,0,165,0
1764861683.874471,393796,0,0,165,0
1764861683.924682,393846,0,0,165,0
1764861683.9750881,393896,0,0,165,0
1764861684.0244548,393946,0,0,165,0
1764861684.074665,393996,0,0,165,0
1764861684.125062,394046,0,0,165,0
1764861684.175284,394096,0,0,165,0
1764861684.225675,394146,0,0,165,0
1764861684.275916,394196,0,0,165,0
1764861684.3252501,394246,0,0,165,0
1764861684.375479,394296,0,0,165,0
1764861684.425856,394346,0,0,165,0
1764861684.476258,394396,0,0,165,0
1764861684.526485,394446,0,0,165,0
1764861684.575845,394496,0,0,165,0
1764861684.626057,394546,0,0,165,0
1764861684.6764522,394596,0,0,165,0
1764861684.72665,394646,0,0,165,0
1764861684.777052,394696,0,0,165,0
1764861684.8274,394746,0,0,165,0
1764861684.876632,394796,0,0,165,0
1764861684.927006,394846,0,0,165,0
1764861684.9772391,394896,0,0,165,0
1764861685.027628,394946,0,0,165,0
1764861685.077843,394996,0,0,165,0
1764861685.128216,395046,0,0,165,0
1764861685.177439,395096,0,0,165,0
1764861685.227805,395146,0,0,165,0
1764861685.278174,395196,0,0,165,0
1764861685.328385,395246,0,0,165,0
1764861685.378819,395296,0,0,165,0
1764861685.429015,395346,0,0,165,0
1764861685.478395,395396,0,0,165,0
1764861685.528596,395446,0,0,165,0
1764861685.579013,395496,0,0,165,0
1764861685.629202,395546,0,0,165,0
1764861685.679589,395596,0,0,165,0
1764861685.729983,395646,0,0,165,0
1764861685.7791638,395696,0,0,165,0
1764861685.829515,395746,0,0,165,0
1764861685.879761,395796,0,0,165,0
1764861685.930123,395846,0,0,165,0
1764861685.980496,395896,0,0,165,0
1764861686.0307221,395947,0,0,165,0
1764861686.08108,395997,0,0,165,0
1764861686.131465,396047,0,0,165,0
1764861686.181684,396097,0,0,165,0
1764861686.231961,396147,0,0,165,0
1764861686.282273,396197,0,0,165,0
1764861686.331646,396247,0,0,165,0
1764861686.38202,396297,0,0,165,0
1764861686.432269,396347,0,0,165,0
1764861686.482634,396397,0,0,165,0
1764861686.5327392,396447,0,0,165,0
1764861686.5832489,396497,0,0,165,0
1764861686.63244,396547,0,0,165,0
1764861686.682858,396597,0,0,165,0
1764861686.7330508,396647,0,0,165,0
1764861686.783437,396697,0,0,165,0
1764861686.8336499,396747,0,0,165,0
1764861686.8840199,396797,0,0,165,0
1764861686.9333801,396847,0,0,165,0
1764861686.983757,396897,0,0,165,0
1764861687.033931,396947,0,0,165,0
1764861687.0842938,396997,0,0,165,0
1764861687.134662,397047,0,0,165,0
1764861687.184861,397097,0,0,165,0
1764861687.234234,397147,0,0,165,0
1764861687.284629,397197,0,0,165,0
1764861687.334806,397247,0,0,165,0
1764861687.38518,397297,0,0,165,0
1764861687.435432,397347,0,0,165,0
1764861687.4857721,397398,0,0,165,0
1764861687.536198,397448,0,0,165,0
1764861687.586399,397498,0,0,165,0
1764861687.636754,397548,0,0,165,0
1764861687.686965,397598,0,0,165,0
1764861687.737364,397648,0,0,165,0
1764861687.786547,397698,0,0,165,0
1764861687.836902,397748,0,0,165,0
1764861687.887284,397798,0,0,165,0
1764861687.937495,397848,0,0,165,0
1764861687.9878871,397898,0,0,165,0
1764861688.0382562,397948,0,0,165,0
1764861688.087322,397998,0,0,165,0
1764861688.137813,398048,0,0,165,0
1764861688.188184,398098,0,0,165,0
1764861688.238393,398148,0,0,165,0
1764861688.288779,398198,0,0,165,0
1764861688.339113,398248,0,0,165,0
1764861688.388344,398298,0,0,165,0
1764861688.438711,398348,0,0,165,0
1764861688.489043,398398,0,0,165,0
1764861688.539296,398448,0,0,165,0
1764861688.58964,398498,0,0,165,0
1764861688.640001,398548,0,0,165,0
1764861688.689107,398598,0,0,165,0
1764861688.739569,398648,0,0,165,0
1764861688.7897909,398698,0,0,165,0
1764861688.8401349,398748,0,0,165,0
1764861688.890495,398798,0,0,165,0
1764861688.939701,398848,0,0,165,0
1764861688.990083,398898,0,0,165,0
1764861689.040437,398948,0,0,165,0
1764861689.090645,398998,0,0,165,0
1764861689.14099,399048,0,0,165,0
1764861689.191367,399098,0,0,165,0
1764861689.2406971,399148,0,0,165,0
1764861689.2908921,399198,0,0,165,0
1764861689.341246,399248,0,0,165,0
1764861689.391616,399298,0,0,165,0
1764861689.441844,399348,0,0,165,0
1764861689.4921532,399398,0,0,165,0
1764861689.5415292,399448,0,0,165,0
1764861689.591724,399498,0,0,165,0
1764861689.642093,399548,0,0,165,0
1764861689.692448,399598,0,0,165,0
1764861689.742642,399648,0,0,165,0
1764861689.793036,399698,0,0,165,0
1764861689.8422961,399748,0,0,165,0
1764861689.8925939,399798,0,0,165,0
1764861689.94298,399848,0,0,165,0
1764861689.9933581,399898,0,0,165,0
1764861690.043533,399948,0,0,165,0
1764861690.093924,399998,0,0,165,0
1764861690.1433458,400048,0,0,165,0
1764861690.193484,400098,0,0,165,0
1764861690.243829,400148,0,0,165,0
1764861690.294187,400198,0,0,165,0
1764861690.344386,400248,0,0,165,0
1764861690.394736,400299,0,0,165,0
1764861690.445131,400349,0,0,165,0
1764861690.495321,400399,0,0,165,0
1764861690.5457249,400449,0,0,165,0
1764861690.5960882,400499,0,0,165,0
1764861690.646323,400549,0,0,165,0
1764861690.6956182,400599,0,0,165,0
1764861690.745822,400649,0,0,165,0
1764861690.796191,400699,0,0,165,0
1764861690.847254,400749,0,0,165,0
1764861690.896768,400799,0,0,165,0
1764861690.947146,400849,0,0,165,0
1764861690.996505,400899,0,0,165,0
1764861691.0466921,400949,0,0,165,0
1764861691.0970938,400999,0,0,165,0
1764861691.1474729,401049,0,0,165,0
1764861691.197661,401099,0,0,165,0
1764861691.248029,401149,0,0,165,0
1764861691.2973561,401199,0,0,165,0
1764861691.347583,401249,0,0,165,0
1764861691.3979368,401299,0,0,165,0
1764861691.448341,401349,0,0,165,0
1764861691.498516,401399,0,0,165,0
1764861691.5489101,401449,0,0,165,0
1764861691.598068,401499,0,0,165,0
1764861691.648405,401549,0,0,165,0
1764861691.69881,401599,0,0,165,0
1764861691.749016,401649,0,0,165,0
1764861691.799393,401699,0,0,165,0
1764861691.849779,401750,0,0,165,0
1764861691.899963,401800,0,0,165,0
1764861691.950336,401850,0,0,165,0
1764861692.0006988,401900,0,0,165,0
1764861692.0508149,401950,0,0,165,0
1764861692.101304,402000,0,0,165,0
1764861692.150653,402050,0,0,165,0
1764861692.200832,402100,0,0,165,0
1764861692.251122,402150,0,0,165,0
1764861692.3015969,402200,0,0,165,0
1764861692.351948,402250,0,0,165,0
1764861692.402126,402300,0,0,165,0
1764861692.4515069,402350,0,0,165,0
1764861692.501706,402400,0,0,165,0
1764861692.552086,402450,0,0,165,0
1764861692.602464,402500,0,0,165,0
1764861692.6526852,402550,0,0,165,0
1764861692.7030458,402600,0,0,165,0
1764861692.7523782,402650,0,0,165,0
1764861692.802583,402700,0,0,165,0
1764861692.85297,402750,0,0,165,0
1764861692.903169,402800,0,0,165,0
1764861692.953557,402850,0,0,165,0
1764861693.00394,402900,0,0,165,0
1764861693.0531352,402950,0,0,165,0
1764861693.103504,403000,0,0,165,0
1764861693.1538692,403050,0,0,165,0
1764861693.204043,403100,0,0,165,0
1764861693.254459,403150,0,0,165,0
1764861693.303802,403200,0,0,165,0
1764861693.354014,403250,0,0,165,0
1764861693.404373,403300,0,0,165,0
1764861693.454785,403350,0,0,165,0
1764861693.504971,403400,0,0,165,0
1764861693.5553658,403450,0,0,165,0
1764861693.6045408,403500,0,0,165,0
1764861693.654919,403550,0,0,165,0
1764861693.705297,403600,0,0,165,0
1764861693.7555141,403650,0,0,165,0
1764861693.805884,403700,0,0,165,0
1764861693.856265,403750,0,0,165,0
1764861693.905406,403800,0,0,165,0
1764861693.955803,403850,0,0,165,0
1764861694.005993,403900,0,0,165,0
1764861694.056384,403950,0,0,165,0
1764861694.106743,404000,0,0,165,0
1764861694.156957,404050,0,0,165,0
1764861694.206304,404100,0,0,165,0
1764861694.256674,404150,0,0,165,0
1764861694.3068988,404200,0,0,165,0
1764861694.357269,404250,0,0,165,0
1764861694.4076512,404300,0,0,165,0
1764861694.4578838,404350,0,0,165,0
1764861694.507286,404400,0,0,165,0
1764861694.557441,404450,0,0,165,0
1764861694.607826,404500,0,0,165,0
1764861694.658035,404550,0,0,165,0
1764861694.7084138,404600,0,0,165,0
1764861694.75878,404651,0,0,165,0
1764861694.8089888,404701,0,0,165,0
1764861694.859408,404751,0,0,165,0
1764861694.909739,404801,0,0,165,0
1764861694.959948,404851,0,0,165,0
1764861695.010378,404901,0,0,165,0
1764861695.059496,404951,0,0,165,0
1764861695.10978,405001,0,0,165,0
1764861695.160212,405051,0,0,165,0
1764861695.2104802,405101,0,0,165,0
1764861695.260868,405151,0,0,165,0
1764861695.311092,405201,0,0,165,0
1764861695.360335,405251,0,0,165,0
1764861695.410808,405301,0,0,165,0
1764861695.4610171,405351,0,0,165,0
1764861695.511413,405401,0,0,165,0
1764861695.561609,405451,0,0,165,0
1764861695.612017,405501,0,0,165,0
1764861695.661391,405551,0,0,165,0
1764861695.7115798,405601,0,0,165,0
1764861695.761964,405651,0,0,165,0
1764861695.812209,405701,0,0,165,0
1764861695.862561,405751,0,0,165,0
1764861695.912925,405801,0,0,165,0
1764861695.962131,405851,0,0,165,0
1764861696.012492,405901,0,0,165,0
1764861696.062706,405951,0,0,165,0
1764861696.1130712,406001,0,0,165,0
1764861696.163499,406051,0,0,165,0
1764861696.213683,406102,0,0,165,0
1764861696.264062,406152,0,0,165,0
1764861696.3142881,406202,0,0,165,0
1764861696.364674,406252,0,0,165,0
1764861696.41502,406302,0,0,165,0
1764861696.4652212,406352,0,0,165,0
1764861696.5146291,406402,0,0,165,0
1764861696.5649788,406452,0,0,165,0
1764861696.615259,406502,0,0,165,0
1764861696.665536,406552,0,0,165,0
1764861696.715934,406602,0,0,165,0
1764861696.7661178,406652,0,0,165,0
1764861696.815449,406702,0,0,165,0
1764861696.865854,406752,0,0,165,0
1764861696.916044,406802,0,0,165,0
1764861696.966411,406852,0,0,165,0
1764861697.0167801,406902,0,0,165,0
1764861697.066887,406952,0,0,165,0
1764861697.116329,407002,0,0,165,0
1764861697.166537,407052,0,0,165,0
1764861697.216906,407102,0,0,165,0
1764861697.267303,407152,0,0,165,0
1764861697.3174999,407202,0,0,165,0
1764861697.367861,407252,0,0,165,0
1764861697.417206,407302,0,0,165,0
1764861697.467414,407352,0,0,165,0
1764861697.517789,407402,0,0,165,0
1764861697.568214,407452,0,0,165,0
1764861697.618379,407502,0,0,165,0
1764861697.6677492,407552,0,0,165,0
1764861697.71797,407602,0,0,165,0
1764861697.7683861,407652,0,0,165,0
1764861697.818608,407702,0,0,165,0
1764861697.8689768,407752,0,0,165,0
1764861697.91921,407802,0,0,165,0
1764861697.9685571,407852,0,0,165,0
1764861698.0187871,407902,0,0,165,0
1764861698.06914,407952,0,0,165,0
1764861698.119551,408002,0,0,165,0
1764861698.169743,408052,0,0,165,0
1764861698.2201211,408102,0,0,165,0
1764861698.2694771,408152,0,0,165,0
1764861698.319668,408202,0,0,165,0
1764861698.369992,408252,0,0,165,0
1764861698.4202728,408302,0,0,165,0
1764861698.470659,408352,0,0,165,0
1764861698.5210419,408402,0,0,165,0
1764861698.5702279,408452,0,0,165,0
1764861698.6206179,408502,0,0,165,0
1764861698.6722329,408552,0,0,165,0
1764861698.721225,408602,0,0,165,0
1764861698.771583,408652,0,0,165,0
1764861698.821784,408702,0,0,165,0
1764861698.87111,408752,0,0,165,0
1764861698.9215019,408802,0,0,165,0
1764861698.97169,408852,0,0,165,0
1764861699.022062,408902,0,0,165,0
1764861699.072426,408952,0,0,165,0
1764861699.122638,409003,0,0,165,0
1764861699.1730099,409053,0,0,165,0
1764861699.2233732,409103,0,0,165,0
1764861699.273602,409153,0,0,165,0
1764861699.3239481,409203,0,0,165,0
1764861699.37434,409253,0,0,165,0
1764861699.4234922,409303,0,0,165,0
1764861699.473879,409353,0,0,165,0
1764861699.524234,409403,0,0,165,0
1764861699.574502,409453,0,0,165,0
1764861699.624783,409503,0,0,165,0
1764861699.675061,409553,0,0,165,0
1764861699.7243829,409603,0,0,165,0
1764861699.7747872,409653,0,0,165,0
1764861699.824998,409703,0,0,165,0
1764861699.8753521,409753,0,0,165,0
1764861699.925725,409803,0,0,165,0
1764861699.975961,409853,0,0,165,0
1764861700.0253062,409903,0,0,165,0
1764861700.0754938,409953,0,0,165,0
1764861700.125887,410003,0,0,165,0
1764861700.1763048,410053,0,0,165,0
1764861700.226502,410103,0,0,165,0
1764861700.276887,410153,0,0,165,0
1764861700.326079,410203,0,0,165,0
1764861700.376479,410253,0,0,165,0
1764861700.426657,410303,0,0,165,0
1764861700.477083,410353,0,0,165,0
1764861700.527437,410403,0,0,165,0
1764861700.577661,410454,0,0,165,0
1764861700.6280231,410504,0,0,165,0
1764861700.6784158,410554,0,0,165,0
1764861700.7286289,410604,0,0,165,0
1764861700.7789938,410654,0,0,165,0
1764861700.829206,410704,0,0,165,0
1764861700.87857,410754,0,0,165,0
1764861700.928857,410804,0,0,165,0
1764861700.97919,410854,0,0,165,0
1764861701.029579,410904,0,0,165,0
1764861701.079798,410954,0,0,165,0
1764861701.130162,411004,0,0,165,0
1764861701.1793559,411054,0,0,165,0
1764861701.229703,411104,0,0,165,0
1764861701.280074,411154,0,0,165,0
1764861701.330284,411204,0,0,165,0
1764861701.3806689,411254,0,0,165,0
1764861701.431041,411304,0,0,165,0
1764861701.480205,411354,0,0,165,0
1764861701.5306041,411404,0,0,165,0
1764861701.580826,411454,0,0,165,0
1764861701.631113,411504,0,0,165,0
1764861701.681589,411554,0,0,165,0
1764861701.7317948,411604,0,0,165,0
1764861701.781169,411654,0,0,165,0
1764861701.831528,411704,0,0,165,0
1764861701.881734,411754,0,0,165,0
1764861701.9320729,411804,0,0,165,0
1764861701.9824698,411854,0,0,165,0
1764861702.0315928,411904,0,0,165,0
1764861702.0820348,411954,0,0,165,0
1764861702.1322298,412004,0,0,165,0
1764861702.182666,412054,0,0,165,0
1764861702.232884,412104,0,0,165,0
1764861702.283226,412154,0,0,165,0
1764861702.3325708,412204,0,0,165,0
1764861702.382795,412254,0,0,165,0
1764861702.433187,412304,0,0,165,0
1764861702.483567,412354,0,0,165,0
1764861702.533773,412404,0,0,165,0
1764861702.584172,412454,0,0,165,0
1764861702.633449,412504,0,0,165,0
1764861702.683648,412554,0,0,165,0
1764861702.734041,412604,0,0,165,0
1764861702.78444,412654,0,0,165,0
1764861702.834651,412704,0,0,165,0
1764861702.885022,412754,0,0,165,0
1764861702.934237,412804,0,0,165,0
1764861702.984607,412854,0,0,165,0
1764861703.035006,412904,0,0,165,0
1764861703.085202,412954,0,0,165,0
1764861703.1355991,413004,0,0,165,0
1764861703.185785,413054,0,0,165,0
1764861703.235179,413104,0,0,165,0
1764861703.2852669,413154,0,0,165,0
1764861703.335755,413204,0,0,165,0
1764861703.386157,413254,0,0,165,0
1764861703.436358,413304,0,0,165,0
1764861703.486685,413355,0,0,165,0
1764861703.536931,413405,0,0,165,0
1764861703.587296,413455,0,0,165,0
1764861703.6376598,413505,0,0,165,0
1764861703.6878731,413555,0,0,165,0
1764861703.7382689,413605,0,0,165,0
1764861703.787624,413655,0,0,165,0
1764861703.8378382,413705,0,0,165,0
1764861703.888217,413755,0,0,165,0
1764861703.938441,413805,0,0,165,0
1764861703.9888058,413855,0,0,165,0
1764861704.039226,413905,0,0,165,0
1764861704.088374,413955,0,0,165,0
1764861704.1387572,414005,0,0,165,0
1764861704.188979,414055,0,0,165,0
1764861704.239372,414105,0,0,165,0
1764861704.289747,414155,0,0,165,0
1764861704.339953,414205,0,0,165,0
1764861704.389323,414255,0,0,165,0
1764861704.4395509,414305,0,0,165,0
1764861704.489884,414355,0,0,165,0
1764861704.5401511,414405,0,0,165,0
1764861704.5904891,414455,0,0,165,0
1764861704.640873,414505,0,0,165,0
1764861704.690065,414555,0,0,165,0
1764861704.740445,414605,0,0,165,0
1764861704.7908201,414655,0,0,165,0
1764861704.841023,414705,0,0,165,0
1764861704.891413,414755,0,0,165,0
1764861704.9417899,414806,0,0,165,0
1764861704.991955,414856,0,0,165,0
1764861705.042345,414906,0,0,165,0
1764861705.092721,414956,0,0,165,0
1764861705.142932,415006,0,0,165,0
1764861705.193332,415056,0,0,165,0
1764861705.242493,415106,0,0,165,0
1764861705.292875,415156,0,0,165,0
1764861705.343254,415206,0,0,165,0
1764861705.393342,415256,0,0,165,0
1764861705.4438348,415306,0,0,165,0
1764861705.4941819,415356,0,0,165,0
1764861705.543412,415406,0,0,165,0
1764861705.5937788,415456,0,0,165,0
1764861705.643971,415506,0,0,165,0
1764861705.694348,415556,0,0,165,0
1764861705.744719,415606,0,0,165,0
1764861705.7949681,415656,0,0,165,0
1764861705.844301,415706,0,0,165,0
1764861705.894502,415756,0,0,165,0
1764861705.944897,415806,0,0,165,0
1764861705.995286,415856,0,0,165,0
1764861706.045474,415906,0,0,165,0
1764861706.09585,415956,0,0,165,0
1764861706.145194,416006,0,0,165,0
1764861706.195381,416056,0,0,165,0
1764861706.2457569,416106,0,0,165,0
1764861706.296156,416156,0,0,165,0
1764861706.3463502,416206,0,0,165,0
1764861706.395617,416256,0,0,165,0
1764861706.445941,416306,0,0,165,0
1764861706.4962828,416356,0,0,165,0
1764861706.5466821,416406,0,0,165,0
1764861706.5968761,416456,0,0,165,0
1764861706.6478841,416506,0,0,165,0
1764861706.6967318,416556,0,0,165,0
1764861706.746809,416606,0,0,165,0
1764861706.797167,416656,0,0,165,0
1764861706.847539,416706,0,0,165,0
1764861706.8977458,416756,0,0,165,0
1764861706.9481301,416806,0,0,165,0
1764861706.997452,416856,0,0,165,0
1764861707.047689,416906,0,0,165,0
1764861707.0980842,416956,0,0,165,0
1764861707.148275,417006,0,0,165,0
1764861707.198632,417056,0,0,165,0
1764861707.2490282,417106,0,0,165,0
1764861707.298204,417156,0,0,165,0
1764861707.348583,417206,0,0,165,0
1764861707.398747,417256,0,0,165,0
1764861707.449173,417306,0,0,165,0
1764861707.499531,417356,0,0,165,0
1764861707.549783,417406,0,0,165,0
1764861707.5991411,417456,0,0,165,0
1764861707.6493351,417506,0,0,165,0
1764861707.699723,417556,0,0,165,0
1764861707.750087,417606,0,0,165,0
1764861707.800302,417656,0,0,165,0
1764861707.850682,417707,0,0,165,0
1764861707.901073,417757,0,0,165,0
1764861707.951287,417807,0,0,165,0
1764861708.0016232,417857,0,0,165,0
1764861708.05183,417907,0,0,165,0
1764861708.102211,417957,0,0,165,0
1764861708.151592,418007,0,0,165,0
1764861708.201796,418057,0,0,165,0
1764861708.2528121,418107,0,0,165,0
1764861708.302561,418157,0,0,165,0
1764861708.352737,418207,0,0,165,0
1764861708.4031281,418257,0,0,165,0
1764861708.4523141,418307,0,0,165,0
1764861708.502671,418357,0,0,165,0
1764861708.553098,418407,0,0,165,0
1764861708.603252,418457,0,0,165,0
1764861708.653621,418507,0,0,165,0
1764861708.703995,418557,0,0,165,0
1764861708.7531788,418607,0,0,165,0
1764861708.803491,418657,0,0,165,0
1764861708.8539279,418707,0,0,165,0
1764861708.9041102,418757,0,0,165,0
1764861708.954508,418807,0,0,165,0
1764861709.004828,418857,0,0,165,0
1764861709.054073,418907,0,0,165,0
1764861709.104419,418957,0,0,165,0
1764861709.154807,419007,0,0,165,0
1764861709.204902,419057,0,0,165,0
1764861709.2553978,419107,0,0,165,0
1764861709.305768,419158,0,0,165,0
1764861709.355979,419208,0,0,165,0
1764861709.406236,419258,0,0,165,0
1764861709.456567,419308,0,0,165,0
1764861709.506932,419358,0,0,165,0
1764861709.5573199,419408,0,0,165,0
1764861709.606485,419458,0,0,165,0
1764861709.6568818,419508,0,0,165,0
1764861709.707075,419558,0,0,165,0
1764861709.75743,419608,0,0,165,0
1764861709.807793,419658,0,0,165,0
1764861709.8580701,419708,0,0,165,0
1764861709.907231,419758,0,0,165,0
1764861709.957723,419808,0,0,165,0
1764861710.008064,419858,0,0,165,0
1764861710.058269,419908,0,0,165,0
1764861710.10864,419958,0,0,165,0
1764861710.159053,420008,0,0,165,0
1764861710.208184,420058,0,0,165,0
1764861710.258427,420108,0,0,165,0
1764861710.308906,420158,0,0,165,0
1764861710.3592598,420208,0,0,165,0
1764861710.409485,420258,0,0,165,0
1764861710.459842,420308,0,0,165,0
1764861710.509047,420358,0,0,165,0
1764861710.559319,420408,0,0,165,0
1764861710.60977,420458,0,0,165,0
1764861710.659977,420508,0,0,165,0
1764861710.7103128,420558,0,0,165,0
1764861710.759682,420608,0,0,165,0
1764861710.8098729,420658,0,0,165,0
1764861710.860296,420708,0,0,165,0
1764861710.910636,420758,0,0,165,0
1764861710.960806,420808,0,0,165,0
1764861711.011189,420858,0,0,165,0
1764861711.060556,420908,0,0,165,0
1764861711.110751,420958,0,0,165,0
1764861711.161143,421008,0,0,165,0
1764861711.211484,421058,0,0,165,0
1764861711.2618601,421108,0,0,165,0
1764861711.312057,421158,0,0,165,0
1764861711.361428,421208,0,0,165,0
1764861711.411635,421258,0,0,165,0
1764861711.462053,421308,0,0,165,0
1764861711.512347,421358,0,0,165,0
1764861711.562579,421408,0,0,165,0
1764861711.6129541,421458,0,0,165,0
1764861711.662126,421508,0,0,165,0
1764861711.712626,421558,0,0,165,0
1764861711.7628732,421608,0,0,165,0
1764861711.8132281,421658,0,0,165,0
1764861711.863433,421708,0,0,165,0
1764861711.9137988,421758,0,0,165,0
1764861711.963163,421808,0,0,165,0
1764861712.013344,421858,0,0,165,0
1764861712.063755,421908,0,0,165,0
1764861712.114111,421958,0,0,165,0
1764861712.164308,422008,0,0,165,0
1764861712.214657,422059,0,0,165,0
1764861712.2650518,422109,0,0,165,0
1764861712.315223,422159,0,0,165,0
1764861712.365612,422209,0,0,165,0
1764861712.415871,422259,0,0,165,0
1764861712.466304,422309,0,0,165,0
1764861712.5154681,422359,0,0,165,0
1764861712.565852,422409,0,0,165,0
1764861712.616069,422459,0,0,165,0
1764861712.6664162,422509,0,0,165,0
1764861712.716786,422559,0,0,165,0
1764861712.767027,422609,0,0,165,0
1764861712.816374,422659,0,0,165,0
1764861712.866723,422709,0,0,165,0
1764861712.9169111,422759,0,0,165,0
1764861712.967309,422809,0,0,165,0
1764861713.017508,422859,0,0,165,0
1764861713.06791,422909,0,0,165,0
1764861713.117267,422959,0,0,165,0
1764861713.167508,423009,0,0,165,0
1764861713.217856,423059,0,0,165,0
1764861713.2682502,423109,0,0,165,0
1764861713.318455,423159,0,0,165,0
1764861713.368753,423209,0,0,165,0
1764861713.418017,423259,0,0,165,0
1764861713.468359,423309,0,0,165,0
1764861713.51872,423359,0,0,165,0
1764861713.568969,423409,0,0,165,0
1764861713.6193311,423459,0,0,165,0
1764861713.669707,423510,0,0,165,0
1764861713.719899,423560,0,0,165,0
1764861713.770272,423610,0,0,165,0
1764861713.820639,423660,0,0,165,0
1764861713.870847,423710,0,0,165,0
1764861713.921193,423760,0,0,165,0
1764861713.970591,423810,0,0,165,0
1764861714.02079,423860,0,0,165,0
1764861714.07118,423910,0,0,165,0
1764861714.1213708,423960,0,0,165,0
1764861714.171744,424010,0,0,165,0
1764861714.222141,424060,0,0,165,0
1764861714.271307,424110,0,0,165,0
1764861714.3216808,424160,0,0,165,0
1764861714.3720891,424210,0,0,165,0
1764861714.422438,424260,0,0,165,0
1764861714.472645,424310,0,0,165,0
1764861714.522958,424360,0,0,165,0
1764861714.572209,424410,0,0,165,0
1764861714.622599,424460,0,0,165,0
1764861714.672826,424510,0,0,165,0
1764861714.723184,424560,0,0,165,0
1764861714.773376,424610,0,0,165,0
1764861714.82378,424660,0,0,165,0
1764861714.873108,424710,0,0,165,0
1764861714.9232981,424760,0,0,165,0
1764861714.973695,424810,0,0,165,0
1764861715.024121,424860,0,0,165,0
1764861715.074243,424910,0,0,165,0
1764861715.1236138,424960,0,0,165,0
1764861715.174007,425010,0,0,165,0
1764861715.2242172,425060,0,0,165,0
1764861715.2745962,425110,0,0,165,0
1764861715.32481,425160,0,0,165,0
1764861715.375204,425210,0,0,165,0
1764861715.4245708,425260,0,0,165,0
1764861715.474775,425310,0,0,165,0
1764861715.525138,425360,0,0,165,0
1764861715.57552,425410,0,0,165,0
1764861715.625731,425460,0,0,165,0
1764861715.6761,425510,0,0,165,0
1764861715.725276,425560,0,0,165,0
1764861715.775666,425610,0,0,165,0
1764861715.82604,425660,0,0,165,0
1764861715.8762271,425710,0,0,165,0
1764861715.926495,425760,0,0,165,0
1764861715.976983,425810,0,0,165,0
1764861716.026148,425860,0,0,165,0
1764861716.076562,425910,0,0,165,0
1764861716.126985,425960,0,0,165,0
1764861716.17712,426010,0,0,165,0
1764861716.227465,426060,0,0,165,0
1764861716.2778502,426110,0,0,165,0
1764861716.32705,426160,0,0,165,0
1764861716.3774269,426210,0,0,165,0
1764861716.4276092,426260,0,0,165,0
1764861716.478009,426310,0,0,165,0
1764861716.528417,426360,0,0,165,0
1764861716.578608,426411,0,0,165,0
1764861716.629005,426461,0,0,165,0
1764861716.679142,426511,0,0,165,0
1764861716.7296069,426561,0,0,165,0
1764861716.779822,426611,0,0,165,0
1764861716.830239,426661,0,0,165,0
1764861716.8793988,426711,0,0,165,0
1764861716.9297721,426761,0,0,165,0
1764861716.980132,426811,0,0,165,0
1764861717.0303419,426861,0,0,165,0
1764861717.080728,426911,0,0,165,0
1764861717.131115,426961,0,0,165,0
1764861717.1802728,427011,0,0,165,0
1764861717.2305868,427061,0,0,165,0
1764861717.281041,427111,0,0,165,0
1764861717.331247,427161,0,0,165,0
1764861717.381655,427211,0,0,165,0
1764861717.431859,427261,0,0,165,0
1764861717.48123,427311,0,0,165,0
1764861717.531618,427361,0,0,165,0
1764861717.581836,427411,0,0,165,0
1764861717.632254,427461,0,0,165,0
1764861717.682444,427511,0,0,165,0
1764861717.732835,427561,0,0,165,0
1764861717.782028,427611,0,0,165,0
1764861717.832412,427661,0,0,165,0
1764861717.882644,427711,0,0,165,0
1764861717.932992,427761,0,0,165,0
1764861717.9832032,427811,0,0,165,0
1764861718.033622,427862,0,0,165,0
1764861718.083987,427912,0,0,165,0
1764861718.134194,427962,0,0,165,0
1764861718.1844969,428012,0,0,165,0
1764861718.2348769,428062,0,0,165,0
1764861718.2850518,428112,0,0,165,0
1764861718.33449,428162,0,0,165,0
1764861718.3849442,428212,0,0,165,0
1764861718.435072,428262,0,0,165,0
1764861718.485499,428312,0,0,165,0
1764861718.5356932,428362,0,0,165,0
1764861718.586076,428412,0,0,165,0
1764861718.635434,428462,0,0,165,0
1764861718.685618,428512,0,0,165,0
1764861718.736039,428562,0,0,165,0
1764861718.786365,428612,0,0,165,0
1764861718.836619,428662,0,0,165,0
1764861718.8869739,428712,0,0,165,0
1764861718.936162,428762,0,0,165,0
1764861718.9865222,428812,0,0,163,0
1764861719.036932,428862,0,0,160,0
1764861719.08703,428912,0,0,155,0
1764861719.1374688,428962,0,0,148,0
1764861719.187829,429012,0,0,140,0
1764861719.237192,429062,0,0,132,0
1764861719.287264,429112,0,0,124,0
1764861719.337733,429162,0,0,115,0
1764861719.3879528,429212,0,0,107,0
1764861719.4383209,429262,0,0,99,0
1764861719.487512,429312,0,0,91,0
1764861719.537936,429362,0,0,83,0
1764861719.5882828,429412,0,0,74,0
1764861719.638491,429462,0,0,66,0
1764861719.688846,429512,0,0,58,0
1764861719.7392268,429562,0,0,50,0
1764861719.788592,429612,0,0,41,0
1764861719.839071,429662,0,0,33,0
1764861719.889017,429712,0,0,25,0
1764861719.9393768,429762,0,0,17,0
1764861719.98987,429812,0,0,10,0
1764861720.040017,429862,0,0,5,0
1764861720.089275,429912,0,0,2,0
1764861720.139654,429962,0,0,1,0
1764861720.189825,430012,0,0,0,0
1764861720.2402089,430062,0,0,0,0
1764861720.290572,430112,0,0,0,0
1764861720.3409479,430162,0,0,0,0
1764861720.3901598,430212,0,0,0,0
1764861720.44049,430262,0,0,0,0
1764861720.4909089,430312,0,0,0,0
1764861720.5410728,430362,0,0,0,0
1764861720.591452,430412,0,0,0,0
1764861720.6418188,430462,0,0,0,0
1764861720.690973,430512,0,0,0,0
1764861720.741358,430562,0,0,0,0
1764861720.79173,430612,0,0,0,0
1764861720.8419259,430662,0,0,0,0
1764861720.892303,430712,0,0,0,0
1764861720.942685,430763,0,0,0,0
1764861720.992918,430813,0,0,0,0
1764861721.0432189,430863,0,0,0,0
1764861721.093611,430913,0,0,0,0
1764861721.143828,430963,0,0,0,0
1764861721.194216,431013,0,0,0,0
1764861721.243413,431063,0,0,0,0
1764861721.293736,431113,0,0,0,0
1764861721.344118,431163,0,0,0,0
1764861721.3944561,431213,0,0,0,0
1764861721.444662,431263,0,0,0,0
1764861721.494996,431313,0,0,0,0
1764861721.544349,431363,0,0,0,0
1764861721.5945652,431413,0,0,0,0
1764861721.6449769,431463,0,0,0,0
1764861721.695293,431513,0,0,0,0
1764861721.745504,431563,0,0,0,0
1764861721.7958999,431613,0,0,0,0
1764861721.845206,431663,0,0,0,0
1764861721.895604,431713,0,0,0,0
1764861721.945791,431763,0,0,0,0
1764861721.996164,431813,0,0,0,0
1764861722.046367,431863,0,0,0,0
1764861722.096749,431913,0,0,0,0
1764861722.145969,431963,0,0,0,0
1764861722.196327,432013,0,0,0,0
1764861722.246633,432063,0,0,0,0
1764861722.2969291,432113,0,0,0,0
1764861722.347287,432163,0,0,0,0
1764861722.397491,432214,0,0,0,0
1764861722.4478872,432264,0,0,0,0
1764861722.4982479,432314,0,0,0,0
1764861722.548465,432364,0,0,0,0
1764861722.598803,432414,0,0,0,0
1764861722.649166,432464,0,0,0,0
1764861722.698505,432514,0,0,0,0
1764861722.748708,432564,0,0,0,0
1764861722.799076,432614,0,0,0,0
1764861722.849453,432664,0,0,0,0
1764861722.899673,432714,0,0,0,0
1764861722.949992,432764,0,0,0,0
1764861722.999382,432814,0,0,0,0
1764861723.049539,432864,0,0,0,0
1764861723.099947,432914,0,0,0,0
1764861723.1503239,432964,0,0,0,0
1764861723.2005372,433014,0,0,0,0
1764861723.250897,433064,0,0,0,0
1764861723.3000588,433114,0,0,0,0
1764861723.350423,433164,0,0,0,0
1764861723.400773,433214,0,0,0,0
1764861723.45117,433264,0,0,0,0
1764861723.501361,433314,0,0,0,0
1764861723.5517209,433364,0,0,0,0
1764861723.6010292,433414,0,0,0,0
1764861723.651278,433464,0,0,0,0
1764861723.701643,433514,0,0,0,0
1764861723.752036,433564,0,0,0,0
1764861723.802219,433614,0,0,0,0
1764861723.8515751,433664,0,0,0,0
1764861723.90198,433714,0,0,0,0
1764861723.9521549,433764,0,0,0,0
1764861724.002534,433814,0,0,0,0
1764861724.052895,433864,0,0,0,0
1764861724.103093,433914,0,0,0,0
1764861724.152464,433964,0,0,0,0
1764861724.2028,434014,0,0,0,0
1764861724.257129,434064,0,0,0,0
1764861724.3034182,434114,0,0,0,0
1764861724.353677,434164,0,0,0,0
1764861724.404031,434214,0,0,0,0
1764861724.453215,434264,0,0,0,0
1764861724.503569,434314,0,0,0,0
1764861724.5539389,434364,0,0,0,0
1764861724.6041348,434414,0,0,0,0
1764861724.6545,434464,0,0,0,0
1764861724.70489,434514,0,0,0,0
1764861724.754076,434564,0,0,0,0
1764861724.804457,434614,0,0,0,0
1764861724.85487,434664,0,0,0,0
1764861724.9050088,434714,0,0,0,0
1764861724.955391,434764,0,0,0,0
1764861725.005764,434814,0,0,0,0
1764861725.0549288,434864,0,0,0,0
1764861725.105325,434914,0,0,0,0
1764861725.155694,434964,0,0,0,0
1764861725.206383,435014,0,0,0,0
1764861725.2562718,435064,0,0,0,0
1764861725.3065312,435115,0,0,0,0
1764861725.3568609,435165,0,0,0,0
1764861725.407219,435215,0,0,0,0
1764861725.4576058,435265,0,0,0,0
1764861725.5079029,435315,0,0,0,0
1764861725.558214,435365,0,0,0,0
1764861725.607392,435415,0,0,0,0
1764861725.657757,435465,0,0,0,0
1764861725.708019,435515,0,0,0,0
1764861725.758328,435565,0,0,0,0
1764861725.8086982,435615,0,0,0,0
1764861725.858909,435665,0,0,0,0
1764861725.90825,435715,0,0,0,0
1764861725.9586391,435765,0,0,0,0
1764861726.008851,435815,0,0,0,0
1764861726.059222,435865,0,0,0,0
1764861726.10943,435915,0,0,0,0
1764861726.159853,435965,0,0,0,0
1764861726.2092211,436015,0,0,0,0
1764861726.259447,436065,0,0,0,0
1764861726.309845,436115,0,0,0,0
1764861726.360039,436165,0,0,0,0
1764861726.4104278,436215,0,0,0,0
1764861726.460683,436265,0,0,0,0
1764861726.5100281,436315,0,0,0,0
1764861726.560263,436365,0,0,0,0
1764861726.612822,436415,0,0,0,0
1764861726.660871,436465,0,0,0,0
1764861726.711185,436515,0,0,0,0
1764861726.761622,436566,0,0,0,0
1764861726.811826,436616,0,0,0,0
1764861726.862236,436666,0,0,0,0
1764861726.912448,436716,0,0,0,0
1764861726.962841,436766,0,0,0,0
1764861727.013095,436816,0,0,0,0
1764861727.062443,436866,0,0,0,0
1764861727.112637,436916,0,0,0,0
1764861727.16307,436966,0,0,0,0
1764861727.2134569,437016,0,0,0,0
1764861727.263662,437066,0,0,0,0
1764861727.314045,437116,0,0,0,0
1764861727.363144,437166,0,0,0,0
1764861727.413622,437216,0,0,0,0
1764861727.46386,437266,0,0,0,0
1764861727.514234,437316,0,0,0,0
1764861727.564608,437366,0,0,0,0
1764861727.614826,437416,0,0,0,0
1764861727.664059,437466,0,0,0,0
1764861727.7144341,437516,0,0,0,0
1764861727.764717,437566,0,0,0,0
1764861727.8149471,437616,0,0,0,0
1764861727.865432,437666,0,0,0,0
1764861727.915668,437716,0,0,0,0
1764861727.964992,437766,0,0,0,0
1764861728.015224,437816,0,0,0,0
1764861728.0656278,437866,0,0,0,0
1764861728.115864,437916,0,0,0,0
1764861728.1662478,437966,0,0,0,0
1764861728.215619,438016,0,0,0,0
1764861728.26585,438066,0,0,0,0
1764861728.3162198,438116,0,0,0,0
1764861728.3664398,438166,0,0,0,0
1764861728.416864,438216,0,0,0,0
1764861728.4670641,438266,0,0,0,0
1764861728.5164201,438316,0,0,0,0
1764861728.5666308,438366,0,0,0,0
1764861728.616993,438416,0,0,0,0
1764861728.667161,438466,0,0,0,0
1764861728.7176352,438516,0,0,0,0
1764861728.7679281,438566,0,0,0,0
1764861728.817121,438616,0,0,0,0
1764861728.867511,438666,0,0,0,0
1764861728.917846,438716,0,0,0,0
1764861728.9682,438766,0,0,0,0
1764861729.0184362,438816,0,0,0,0
1764861729.068824,438866,0,0,0,0
1764861729.118179,438916,0,0,0,0
1764861729.1683981,438966,0,0,0,0
1764861729.218791,439016,0,0,0,0
1764861729.269032,439066,0,0,0,0
1764861729.319403,439116,0,0,0,0
1764861729.369639,439166,0,0,0,0
1764861729.418977,439216,0,0,0,0
1764861729.4692202,439266,0,0,0,0
1764861729.519603,439316,0,0,0,0
1764861729.569834,439366,0,0,0,0
1764861729.62021,439416,0,0,0,0
1764861729.6704519,439467,0,0,0,0
1764861729.72084,439517,0,0,0,0
1764861729.7712178,439567,0,0,0,0
1764861729.82144,439617,0,0,0,0
1764861729.871799,439667,0,0,0,0
1764861729.921994,439717,0,0,0,0
1764861729.971358,439767,0,0,0,0
1764861730.02177,439817,0,0,0,0
1764861730.071977,439867,0,0,0,0
1764861730.122379,439917,0,0,0,0
1764861730.172603,439967,0,0,0,0
1764861730.223006,440017,0,0,0,0
1764861730.272195,440067,0,0,0,0
1764861730.322597,440117,0,0,0,0
1764861730.372863,440167,0,0,0,0
1764861730.423216,440217,0,0,0,0
1764861730.473429,440267,0,0,0,0
1764861730.5237288,440317,0,0,0,0
1764861730.57301,440367,0,0,0,0
1764861730.623392,440417,0,0,0,0
1764861730.673773,440467,0,0,0,0
1764861730.723995,440517,0,0,0,0
1764861730.774316,440567,0,0,0,0
1764861730.8244858,440617,0,0,0,0
1764861730.873824,440667,0,0,0,0
1764861730.924295,440717,0,0,0,0
1764861730.9745111,440767,0,0,0,0
1764861731.024897,440817,0,0,0,0
1764861731.07528,440867,0,0,0,0
1764861731.125485,440918,0,0,0,0
1764861731.1758971,440968,0,0,0,0
1764861731.226143,441018,0,0,0,0
1764861731.276434,441068,0,0,0,0
1764861731.3302479,441118,0,0,0,0
1764861731.377119,441168,0,0,0,0
1764861731.426498,441218,0,0,0,0
1764861731.476789,441268,0,0,0,0
1764861731.526983,441318,0,0,0,0
1764861731.5773351,441368,0,0,0,0
1764861731.627747,441418,0,0,0,0
1764861731.6779149,441468,0,0,0,0
1764861731.727136,441518,0,0,0,0
1764861731.7775638,441568,0,0,0,0
1764861731.827934,441618,0,0,0,0
1764861731.878072,441668,0,0,0,0
1764861731.9284768,441718,0,0,0,0
1764861731.978816,441768,0,0,0,0
1764861732.028063,441818,0,0,0,0
1764861732.0783958,441868,0,0,0,0
1764861732.128918,441918,0,0,0,0
1764861732.179033,441968,0,0,0,0
1764861732.22942,442018,0,0,0,0
1764861732.279635,442068,0,0,0,0
1764861732.329003,442118,0,0,0,0
1764861732.379216,442168,0,0,0,0
1764861732.429648,442218,0,0,0,0
1764861732.479848,442268,0,0,0,0
1764861732.530237,442318,0,0,0,0
1764861732.579444,442368,0,0,0,0
1764861732.6298041,442418,0,0,0,0
1764861732.680042,442468,0,0,0,0
1764861732.730439,442518,0,0,0,0
1764861732.7808099,442568,0,0,0,0
1764861732.83106,442618,0,0,0,0
1764861732.880388,442668,0,0,0,0
1764861732.930586,442718,0,0,0,0
1764861732.981007,442768,0,0,0,0
1764861733.031245,442818,0,0,0,0
1764861733.081664,442868,0,0,0,0
1764861733.131867,442918,0,0,0,0
1764861733.181283,442968,0,0,0,0
1764861733.2314,443018,0,0,0,0
1764861733.281898,443068,0,0,0,0
1764861733.332132,443118,0,0,0,0
1764861733.3825102,443168,0,0,0,0
1764861733.432895,443218,0,0,0,0
1764861733.482037,443268,0,0,0,0
1764861733.532442,443318,0,0,0,0
1764861733.582659,443368,0,0,0,0
1764861733.6330051,443418,0,0,0,0
1764861733.683146,443468,0,0,0,0
1764861733.733591,443518,0,0,0,0
1764861733.782857,443568,0,0,0,0
1764861733.833057,443618,0,0,0,0
1764861733.883462,443668,0,0,0,0
1764861733.933812,443718,0,0,0,0
1764861733.984016,443768,0,0,0,0
1764861734.034397,443819,0,0,0,0
1764861734.084885,443869,0,0,0,0
1764861734.13506,443919,0,0,0,0
1764861734.1854699,443969,0,0,0,0
1764861734.2357109,444019,0,0,0,0
1764861734.286104,444069,0,0,0,0
1764861734.335427,444119,0,0,0,0
1764861734.385716,444169,0,0,0,0
1764861734.4360452,444219,0,0,0,0
1764861734.486252,444269,0,0,0,0
1764861734.536648,444319,0,0,0,0
1764861734.5868502,444369,0,0,0,0
1764861734.636194,444419,0,0,0,0
1764861734.6866078,444469,0,0,0,0
1764861734.73683,444519,0,0,0,0
1764861734.7871318,444569,0,0,0,0
1764861734.837326,444619,0,0,0,0
1764861734.887821,444669,0,0,0,0
1764861734.936954,444719,0,0,0,0
1764861734.987353,444769,0,0,0,0
1764861735.037739,444819,0,0,0,0
1764861735.087965,444869,0,0,0,0
1764861735.138295,444919,0,0,0,0
1764861735.188726,444969,0,0,0,0
1764861735.237876,445019,0,0,0,0
1764861735.2883258,445069,0,0,0,0
1764861735.33852,445119,0,0,0,0
1764861735.388896,445169,0,0,0,0
1764861735.439134,445219,0,0,0,0
1764861735.489486,445270,0,0,0,0
1764861735.539872,445320,0,0,0,0
1764861735.590098,445370,0,0,0,0
1764861735.640461,445420,0,0,0,0
1764861735.690712,445470,0,0,0,0
1764861735.741065,445520,0,0,0,0
1764861735.790441,445570,0,0,0,0
1764861735.8406231,445620,0,0,0,0
1764861735.891089,445670,0,0,0,0
1764861735.941299,445720,0,0,0,0
1764861735.991584,445770,0,0,0,0
1764861736.04193,445820,0,0,0,0
1764861736.091128,445870,0,0,0,0
1764861736.141491,445920,0,0,0,0
1764861736.191904,445970,0,0,0,0
1764861736.242141,446020,0,0,0,0
1764861736.29251,446070,0,0,0,0
1764861736.3427498,446120,0,0,0,0
1764861736.392119,446170,0,0,0,0
1764861736.442351,446220,0,0,0,0
1764861736.492749,446270,0,0,0,0
1764861736.542961,446320,0,0,0,0
1764861736.593345,446370,0,0,0,0
1764861736.643559,446420,0,0,0,0
1764861736.692943,446470,0,0,0,0
1764861736.743319,446520,0,0,0,0
1764861736.793522,446570,0,0,0,0
1764861736.8438761,446620,0,0,0,0
1764861736.894434,446670,0,0,0,0
1764861736.943428,446720,0,0,0,0
1764861736.993875,446770,0,0,0,0
1764861737.044055,446820,0,0,0,0
1764861737.0944371,446870,0,0,0,0
1764861737.144661,446920,0,0,0,0
1764861737.1950169,446970,0,0,0,0
1764861737.244353,447020,0,0,0,0
1764861737.294606,447070,0,0,0,0
1764861737.344943,447120,0,0,0,0
1764861737.395308,447170,0,0,0,0
1764861737.4455419,447220,0,0,0,0
1764861737.495919,447270,0,0,0,0
1764861737.545272,447320,0,0,0,0
1764861737.5954869,447370,0,0,0,0
1764861737.645853,447420,0,0,0,0
1764861737.696042,447470,0,0,0,0
1764861737.746408,447520,0,0,0,0
1764861737.7967958,447570,0,0,0,0
1764861737.8459709,447620,0,0,0,0
1764861737.8963652,447670,0,0,0,0
1764861737.946572,447720,0,0,0,0
1764861737.996982,447770,0,0,0,0
1764861738.0473752,447820,0,0,0,0
1764861738.097547,447870,0,0,0,0
1764861738.146934,447920,0,0,0,0
1764861738.197123,447970,0,0,0,0
1764861738.247522,448020,0,0,0,0
1764861738.297885,448070,0,0,0,0
1764861738.348105,448120,0,0,0,0
1764861738.3984609,448171,0,0,0,0
1764861738.4488351,448221,0,0,0,0
1764861738.49904,448271,0,0,0,0
1764861738.5494452,448321,0,0,0,0
1764861738.5996659,448371,0,0,0,0
1764861738.649923,448421,0,0,0,0
1764861738.6993878,448471,0,0,0,0
1764861738.749592,448521,0,0,0,0
1764861738.799946,448571,0,0,0,0
1764861738.8503308,448621,0,0,0,0
1764861738.900482,448671,0,0,0,0
1764861738.950913,448721,0,0,0,0
1764861739.000097,448771,0,0,0,0
1764861739.050487,448821,0,0,0,0
1764861739.100705,448871,0,0,0,0
1764861739.151098,448921,0,0,0,0
1764861739.201516,448971,0,0,0,0
1764861739.251714,449021,0,0,0,0
1764861739.301068,449071,0,0,0,0
1764861739.35127,449121,0,0,0,0
1764861739.4016519,449171,0,0,0,0
1764861739.452063,449221,0,0,0,0
1764861739.5022452,449271,0,0,0,0
1764861739.55266,449321,0,0,0,0
1764861739.6019368,449371,0,0,0,0
1764861739.652192,449421,0,0,0,0
1764861739.702564,449471,0,0,0,0
1764861739.752905,449521,0,0,0,0
1764861739.803134,449571,0,0,0,0
1764861739.853441,449622,0,0,0,0
1764861739.903908,449672,0,0,0,0
1764861739.954081,449722,0,0,0,0
1764861740.0044339,449772,0,0,0,0
1764861740.054652,449822,0,0,0,0
1764861740.1050172,449872,0,0,0,0
1764861740.1543849,449922,0,0,0,0
1764861740.204585,449972,0,0,0,0
1764861740.2549398,450022,0,0,0,0
1764861740.30533,450072,0,0,0,0
1764861740.3555021,450122,0,0,0,0
1764861740.405909,450172,0,0,0,0
1764861740.455266,450222,0,0,0,0
1764861740.505464,450272,0,0,0,0
1764861740.555836,450322,0,0,0,0
1764861740.6060438,450372,0,0,0,0
1764861740.656414,450422,0,0,0,0
1764861740.70677,450472,0,0,0,0
1764861740.755945,450522,0,0,0,0
1764861740.806339,450572,0,0,0,0
1764861740.856692,450622,0,0,0,0
1764861740.9070568,450672,0,0,0,0
1764861740.9571872,450722,0,0,0,0
1764861741.007658,450772,0,0,0,0
1764861741.056946,450822,0,0,0,0
1764861741.107007,450872,0,0,0,0
1764861741.1574981,450922,0,0,0,0
1764861741.207849,450972,0,0,0,0
1764861741.25807,451022,0,0,0,0
1764861741.307433,451072,0,0,0,0
1764861741.357814,451122,0,0,0,0
1764861741.4079978,451172,0,0,0,0
1764861741.458376,451222,0,0,0,0
1764861741.508744,451272,0,0,0,0
1764861741.559089,451322,0,0,0,0
1764861741.608263,451372,0,0,0,0
1764861741.658626,451422,0,0,0,0
1764861741.708986,451472,0,0,0,0
1764861741.759147,451522,0,0,0,0
1764861741.809629,451572,0,0,0,0
1764861741.859935,451622,0,0,0,0
1764861741.909138,451672,0,0,0,0
1764861741.959487,451722,0,0,0,0
1764861742.009658,451772,0,0,0,0
1764861742.0600488,451822,0,0,0,0
1764861742.110413,451872,0,0,0,0
1764861742.160624,451922,0,0,0,0
1764861742.209962,451972,0,0,0,0
1764861742.260353,452022,0,0,0,0
1764861742.310718,452072,0,0,0,0
1764861742.36093,452122,0,0,0,0
1764861742.411296,452172,0,0,0,0
1764861742.461663,452222,0,0,0,0
1764861742.510854,452272,0,0,0,0
1764861742.5612092,452322,0,0,0,0
1764861742.6116102,452372,0,0,0,0
1764861742.6617799,452422,0,0,0,0
1764861742.7121038,452472,0,0,0,0
1764861742.762507,452523,0,0,0,0
1764861742.81269,452573,0,0,0,0
1764861742.86305,452623,0,0,0,0
1764861742.9132988,452673,0,0,0,0
1764861742.963666,452723,0,0,0,0
1764861743.013987,452773,0,0,0,0
1764861743.063339,452823,0,0,0,0
1764861743.1134999,452873,0,0,0,0
1764861743.16389,452923,0,0,0,0
1764861743.214216,452973,0,0,0,0
1764861743.26446,453023,0,0,0,0
1764861743.31481,453073,0,0,0,0
1764861743.3641732,453123,0,0,0,0
1764861743.414389,453173,0,0,0,0
1764861743.464772,453223,0,0,0,0
1764861743.515141,453273,0,0,0,0
1764861743.565381,453323,0,0,0,0
1764861743.6157498,453373,0,0,0,0
1764861743.66494,453423,0,0,0,0
1764861743.715293,453473,0,0,0,0
1764861743.765672,453523,0,0,0,0
1764861743.815872,453573,0,0,0,0
1764861743.866244,453623,0,0,0,0
1764861743.916648,453673,0,0,0,0
1764861743.9658089,453723,0,0,0,0
1764861744.016201,453773,0,0,0,0
1764861744.0664,453823,0,0,0,0
1764861744.1167831,453873,0,0,0,0
1764861744.167149,453923,0,0,0,0
1764861744.217324,453974,0,0,0,0
1764861744.2677069,454024,0,0,0,0
1764861744.3180811,454074,0,0,0,0
1764861744.36835,454124,0,0,0,0
1764861744.418638,454174,0,0,0,0
1764861744.468993,454224,0,0,0,0
1764861744.5183518,454274,0,0,0,0
1764861744.568594,454324,0,0,0,0
1764861744.618912,454374,0,0,0,0
1764861744.669276,454424,0,0,0,0
1764861744.719466,454474,0,0,0,0
1764861744.76988,454524,0,0,0,0
1764861744.819202,454574,0,0,0,0
1764861744.8694122,454624,0,0,0,0
1764861744.9197938,454674,0,0,0,0
1764861744.9701529,454724,0,0,0,0
1764861745.02037,454774,0,0,0,0
1764861745.070726,454824,0,0,0,0
1764861745.1199338,454874,0,0,0,0
1764861745.1703308,454924,0,0,0,0
1764861745.22067,454974,0,0,0,0
1764861745.270875,455024,0,0,0,0
1764861745.321248,455074,0,0,0,0
1764861745.371606,455124,0,0,0,0
1764861745.420796,455174,0,0,0,0
1764861745.471173,455224,0,0,0,0
1764861745.5215738,455274,0,0,0,0
1764861745.571742,455324,0,0,0,0
1764861745.6221051,455374,0,0,0,0
1764861745.671508,455424,0,0,0,0
1764861745.721643,455474,0,0,0,0
1764861745.772011,455524,0,0,0,0
1764861745.8223739,455574,0,0,0,0
1764861745.872747,455624,0,0,0,0
1764861745.9229639,455674,0,0,0,0
1764861745.97231,455724,0,0,0,0
1764861746.022571,455774,0,0,0,0
1764861746.072921,455824,0,0,0,0
1764861746.1232908,455874,0,0,0,0
1764861746.173492,455924,0,0,0,0
1764861746.2238321,455974,0,0,0,0
1764861746.2730298,456024,0,0,0,0
1764861746.3234072,456074,0,0,0,0
1764861746.373776,456124,0,0,0,0
1764861746.424007,456174,0,0,0,0
1764861746.474365,456224,0,0,0,0
1764861746.524745,456274,0,0,0,0
1764861746.573942,456324,0,0,0,0
1764861746.62432,456374,0,0,0,0
1764861746.6744478,456424,0,0,0,0
1764861746.724907,456474,0,0,0,0
1764861746.7752771,456524,0,0,0,0
1764861746.8254678,456574,0,0,0,0
1764861746.8748212,456624,0,0,0,0
1764861746.9252,456674,0,0,0,0
1764861746.9755409,456724,0,0,0,0
1764861747.0257652,456774,0,0,0,0
1764861747.076113,456824,0,0,0,0
1764861747.126543,456875,0,0,0,0
1764861747.176598,456925,0,0,0,0
1764861747.2270699,456975,0,0,0,0
1764861747.2774231,457025,0,0,0,0
1764861747.327646,457075,0,0,0,0
1764861747.377992,457125,0,0,0,0
1764861747.4271722,457175,0,0,0,0
1764861747.477532,457225,0,0,0,0
1764861747.527894,457275,0,0,0,0
1764861747.578105,457325,0,0,0,0
1764861747.628463,457375,0,0,0,0
1764861747.678913,457425,0,0,0,0
1764861747.728162,457475,0,0,0,0
1764861747.778344,457525,0,0,0,0
1764861747.828727,457575,0,0,0,0
1764861747.879116,457625,0,0,0,0
1764861747.929303,457675,0,0,0,0
1764861747.979635,457725,0,0,0,0
1764861748.029011,457775,0,0,0,0
1764861748.0793989,457825,0,0,0,0
1764861748.1295822,457875,0,0,0,0
1764861748.179969,457925,0,0,0,0
1764861748.2303061,457975,0,0,0,0
1764861748.2805161,458025,0,0,0,0
1764861748.329864,458075,0,0,0,0
1764861748.3801029,458125,0,0,0,0
1764861748.430531,458175,0,0,0,0
1764861748.480839,458225,0,0,0,0
1764861748.531061,458275,0,0,0,0
1764861748.581434,458326,0,0,0,0
1764861748.6316202,458376,0,0,0,0
1764861748.682008,458426,0,0,0,0
1764861748.732399,458476,0,0,0,0
1764861748.782513,458526,0,0,0,0
1764861748.832861,458576,0,0,0,0
1764861748.8822012,458626,0,0,0,0
1764861748.932519,458676,0,0,0,0
1764861748.982941,458726,0,0,0,0
1764861749.033138,458776,0,0,0,0
1764861749.083531,458826,0,0,0,0
1764861749.133866,458876,0,0,0,0
1764861749.183216,458926,0,0,0,0
1764861749.233382,458976,0,0,0,0
1764861749.283791,459026,0,0,0,0
1764861749.334165,459076,0,0,0,0
1764861749.384367,459126,0,0,0,0
1764861749.434738,459176,0,0,0,0
1764861749.4839082,459226,0,0,0,0
1764861749.534302,459276,0,0,0,0
1764861749.584689,459326,0,0,0,0
1764861749.63488,459376,0,0,0,0
1764861749.685183,459426,0,0,0,0
1764861749.735421,459476,0,0,0,0
1764861749.78478,459526,0,0,0,0
1764861749.835095,459576,0,0,0,0
1764861749.885395,459626,0,0,0,0
1764861749.935776,459676,0,0,0,0
1764861749.9861279,459726,0,0,0,0
1764861750.035509,459776,0,0,0,0
1764861750.085663,459826,0,0,0,0
1764861750.13604,459876,0,0,0,0
1764861750.18639,459926,0,0,0,0
1764861750.236598,459976,0,0,0,0
1764861750.2869701,460026,0,0,0,0
1764861750.336145,460076,0,0,0,0
1764861750.3865159,460126,0,0,0,0
1764861750.436888,460176,0,0,0,0
1764861750.487126,460226,0,0,0,0
1764861750.537538,460276,0,0,0,0
1764861750.587828,460326,0,0,0,0
1764861750.637008,460376,0,0,0,0
1764861750.687391,460426,0,0,0,0
1764861750.73777,460476,0,0,0,0
1764861750.787967,460526,0,0,0,0
1764861750.838367,460576,0,0,0,0
1764861750.888762,460626,0,0,0,0
1764861750.937921,460676,0,0,0,0
1764861750.9882932,460726,0,0,0,0
1764861751.038657,460776,0,0,0,0
1764861751.08885,460826,0,0,0,0
1764861751.1392052,460876,0,0,0,0
1764861751.189601,460926,0,0,0,0
1764861751.238744,460976,0,0,0,0
1764861751.289149,461026,0,0,0,0
1764861751.339366,461076,0,0,0,0
1764861751.389756,461126,0,0,0,0
1764861751.439956,461176,0,0,0,0
1764861751.49034,461227,0,0,0,0
1764861751.540725,461277,0,0,0,0
1764861751.590919,461327,0,0,0,0
1764861751.6412768,461377,0,0,0,0
1764861751.691645,461427,0,0,0,0
1764861751.741894,461477,0,0,0,0
1764861751.791182,461527,0,0,0,0
1764861751.8415518,461577,0,0,0,0
1764861751.8919501,461627,0,0,0,0
1764861751.9421299,461677,0,0,0,0
1764861751.9924932,461727,0,0,0,0
1764861752.042871,461777,0,0,0,0
1764861752.092056,461827,0,0,0,0
1764861752.142478,461877,0,0,0,0
1764861752.1928241,461927,0,0,0,0
1764861752.242985,461977,0,0,0,0
1764861752.293421,462027,0,0,0,0
1764861752.3436291,462077,0,0,0,0
1764861752.392988,462127,0,0,0,0
1764861752.443188,462177,0,0,0,0
1764861752.493574,462227,0,0,0,0
1764861752.543969,462277,0,0,0,0
1764861752.5941591,462327,0,0,0,0
1764861752.644537,462377,0,0,0,0
1764861752.693726,462427,0,0,0,0
1764861752.744101,462477,0,0,0,0
1764861752.7944582,462527,0,0,0,0
1764861752.844657,462577,0,0,0,0
1764861752.89503,462627,0,0,0,0
1764861752.945405,462678,0,0,0,0
1764861752.995602,462728,0,0,0,0
1764861753.0459049,462778,0,0,0,0
1764861753.096336,462828,0,0,0,0
1764861753.146691,462878,0,0,0,0
1764861753.196884,462928,0,0,0,0
1764861753.246219,462978,0,0,0,0
1764861753.296607,463028,0,0,0,0
1764861753.346795,463078,0,0,0,0
1764861753.397166,463128,0,0,0,0
1764861753.44753,463178,0,0,0,0
1764861753.4978728,463228,0,0,0,0
1764861753.547064,463278,0,0,0,0
1764861753.597453,463328,0,0,0,0
1764861753.647539,463378,0,0,0,0
1764861753.697994,463428,0,0,0,0
1764861753.748395,463478,0,0,0,0
1764861753.798597,463528,0,0,0,0
1764861753.8478599,463578,0,0,0,0
1764861753.898329,463628,0,0,0,0
1764861753.9485161,463678,0,0,0,0
1764861753.998751,463728,0,0,0,0
1764861754.049247,463778,0,0,0,0
1764861754.099435,463828,0,0,0,0
1764861754.1488,463878,0,0,0,0
1764861754.199177,463928,0,0,0,0
1764861754.249388,463978,0,0,0,0
1764861754.299733,464028,0,0,0,0
1764861754.350094,464078,0,0,0,0
1764861754.399269,464128,0,0,0,0
1764861754.44964,464178,0,0,0,0
1764861754.5,464228,0,0,0,0
1764861754.550199,464278,0,0,0,0
1764861754.6005719,464328,0,0,0,0
1764861754.6509461,464378,0,0,0,0
1764861754.7001238,464428,0,0,0,0
1764861754.7505012,464478,0,0,0,0
1764861754.800829,464528,0,0,0,0
1764861754.851039,464578,0,0,0,0
1764861754.901441,464628,0,0,0,0
1764861754.951787,464678,0,0,0,0
1764861755.001108,464728,0,0,0,0
1764861755.051254,464778,0,0,0,0
1764861755.101683,464828,0,0,0,0
1764861755.1520169,464878,0,0,0,0
1764861755.202332,464928,0,0,0,0
1764861755.252558,464978,0,0,0,0
1764861755.301878,465028,0,0,0,0
1764861755.352243,465078,0,0,0,0
1764861755.4024389,465128,0,0,0,0
1764861755.4528131,465178,0,0,0,0
1764861755.503155,465228,0,0,0,0
1764861755.553526,465278,0,0,0,0
1764861755.602693,465328,0,0,0,0
1764861755.6530619,465378,0,0,0,0
1764861755.703433,465428,0,0,0,0
1764861755.753634,465478,0,0,0,0
1764861755.8040278,465528,0,0,0,0
1764861755.8543732,465579,0,0,0,0
1764861755.904713,465629,0,0,0,0
1764861755.9549062,465679,0,0,0,0
1764861756.005276,465729,0,0,0,0
1764861756.055637,465779,0,0,0,0
1764861756.105844,465829,0,0,0,0
1764861756.1552022,465879,0,0,0,0
1764861756.2055721,465929,0,0,0,0
1764861756.255761,465979,0,0,0,0
1764861756.306114,466029,0,0,0,0
1764861756.356501,466079,0,0,0,0
1764861756.4068449,466129,0,0,0,0
1764861756.456047,466179,0,0,0,0
1764861756.506418,466229,0,0,0,0
1764861756.556618,466279,0,0,0,0
1764861756.607007,466329,0,0,0,0
1764861756.657429,466379,0,0,0,0
1764861756.707455,466429,0,0,0,0
1764861756.756928,466479,0,0,0,0
1764861756.807415,466529,0,0,0,0
1764861756.857535,466579,0,0,0,0
1764861756.90786,466629,0,0,0,0
1764861756.958216,466679,0,0,0,0
1764861757.008437,466729,0,0,0,0
1764861757.057676,466779,0,0,0,0
1764861757.108144,466829,0,0,0,0
1764861757.1583931,466879,0,0,0,0
1764861757.2087119,466929,0,0,0,0
1764861757.259094,466979,0,0,0,0
1764861757.30928,467030,0,0,0,0
1764861757.359636,467080,0,0,0,0
1764861757.410051,467130,0,0,0,0
1764861757.460255,467180,0,0,0,0
1764861757.5106251,467230,0,0,0,0
1764861757.560828,467280,0,0,0,0
1764861757.610205,467330,0,0,0,0
1764861757.6605492,467380,0,0,0,0
1764861757.710755,467430,0,0,0,0
1764861757.761151,467480,0,0,0,0
1764861757.811403,467530,0,0,0,0
1764861757.861727,467580,0,0,0,0
1764861757.911106,467630,0,0,0,0
1764861757.961302,467680,0,0,0,0
1764861758.011662,467730,0,0,0,0
1764861758.062054,467780,0,0,0,0
1764861758.112252,467830,0,0,0,0
1764861758.162612,467880,0,0,0,0
1764861758.2118871,467930,0,0,0,0
1764861758.2621598,467980,0,0,0,0
1764861758.312518,468030,0,0,0,0
1764861758.362863,468080,0,0,0,0
1764861758.413223,468130,0,0,0,0
1764861758.46343,468180,0,0,0,0
1764861758.5127869,468230,0,0,0,0
1764861758.5631402,468280,0,0,0,0
1764861758.613386,468330,0,0,0,0
1764861758.663714,468380,0,0,0,0
1764861758.714062,468430,0,0,0,0
1764861758.763264,468480,0,0,0,0
1764861758.813633,468530,0,0,0,0
1764861758.8639889,468580,0,0,0,0
1764861758.914207,468630,0,0,0,0
1764861758.964573,468680,0,0,0,0
1764861759.014914,468730,0,0,0,0
1764861759.064117,468780,0,0,0,0
1764861759.114439,468830,0,0,0,0
1764861759.1648178,468880,0,0,0,0
1764861759.2150211,468930,0,0,0,0
1764861759.265429,468980,0,0,0,0
1764861759.3157718,469030,0,0,0,0
1764861759.3649669,469080,0,0,0,0
1764861759.415373,469130,0,0,0,0
1764861759.46574,469180,0,0,0,0
1764861759.515881,469230,0,0,0,0
1764861759.5663931,469280,0,0,0,0
1764861759.616671,469330,0,0,0,0
1764861759.665853,469380,0,0,0,0
1764861759.716241,469430,0,0,0,0
1764861759.7664158,469480,0,0,0,0
1764861759.81676,469530,0,0,0,0
1764861759.8671439,469580,0,0,0,0
1764861759.9175029,469630,0,0,0,0
1764861759.966707,469680,0,0,0,0
1764861760.01706,469730,0,0,0,0
1764861760.067446,469780,0,0,0,0
1764861760.117623,469830,0,0,0,0
1764861760.1680388,469880,0,0,0,0
1764861760.218236,469931,0,0,0,0
1764861760.26863,469981,0,0,0,0
1764861760.318999,470031,0,0,0,0
1764861760.3692439,470081,0,0,0,0
1764861760.419582,470131,0,0,0,0
1764861760.4698071,470181,0,0,0,0
1764861760.519166,470231,0,0,0,0
1764861760.569524,470281,0,0,0,0
1764861760.619725,470331,0,0,0,0
1764861760.6701381,470381,0,0,0,0
1764861760.720501,470431,0,0,0,0
1764861760.7707038,470481,0,0,0,0
1764861760.820024,470531,0,0,0,0
1764861760.8702369,470581,0,0,0,0
1764861760.920602,470631,0,0,0,0
1764861760.970983,470681,0,0,0,0
1764861761.021183,470731,0,0,0,0
1764861761.07158,470781,0,0,0,0
1764861761.1209128,470831,0,0,0,0
1764861761.171133,470881,0,0,0,0
1764861761.221482,470931,0,0,0,0
1764861761.271877,470981,0,0,0,0
1764861761.322048,471031,0,0,0,0
1764861761.372428,471081,0,0,0,0
1764861761.4216828,471131,0,0,0,0
1764861761.4719849,471181,0,0,0,0
1764861761.522353,471231,0,0,0,0
1764861761.572737,471281,0,0,0,0
1764861761.622918,471331,0,0,0,0
1764861761.67325,471382,0,0,0,0
1764861761.723685,471432,0,0,0,0
1764861761.773899,471482,0,0,0,0
1764861761.824246,471532,0,0,0,0
1764861761.874634,471582,0,0,0,0
1764861761.924841,471632,0,0,0,0
1764861761.974171,471682,0,0,0,0
1764861762.0245361,471732,0,0,0,0
1764861762.074733,471782,0,0,0,0
1764861762.125078,471832,0,0,0,0
1764861762.1754482,471882,0,0,0,0
1764861762.2256482,471932,0,0,0,0
1764861762.274949,471982,0,0,0,0
1764861762.325305,472032,0,0,0,0
1764861762.375724,472082,0,0,0,0
1764861762.4259222,472132,0,0,0,0
1764861762.476245,472182,0,0,0,0
1764861762.5266821,472232,0,0,0,0
1764861762.575882,472282,0,0,0,0
1764861762.626112,472332,0,0,0,0
1764861762.676577,472382,0,0,0,0
1764861762.7268028,472432,0,0,0,0
1764861762.7771509,472482,0,0,0,0
1764861762.827487,472532,0,0,0,0
1764861762.8767061,472582,0,0,0,0
1764861762.9270642,472632,0,0,0,0
1764861762.977249,472682,0,0,0,0
1764861763.027646,472732,0,0,0,0
1764861763.078057,472782,0,0,0,0
1764861763.1271198,472832,0,0,0,0
1764861763.1775858,472882,0,0,0,0
1764861763.2279239,472932,0,0,0,0
1764861763.278176,472982,0,0,0,0
1764861763.328518,473032,0,0,0,0
1764861763.378925,473082,0,0,0,0
1764861763.428107,473132,0,0,0,0
1764861763.478487,473182,0,0,0,0
1764861763.528844,473232,0,0,0,0
1764861763.579063,473282,0,0,0,0
1764861763.6294131,473332,0,0,0,0
1764861763.679796,473382,0,0,0,0
1764861763.7289689,473432,0,0,0,0
1764861763.779339,473482,0,0,0,0
1764861763.8295622,473532,0,0,0,0
1764861763.879972,473582,0,0,0,0
1764861763.930152,473632,0,0,0,0
1764861763.980509,473682,0,0,0,0
1764861764.029875,473732,0,0,0,0
1764861764.08009,473782,0,0,0,0
1764861764.130473,473832,0,0,0,0
1764861764.1808372,473882,0,0,0,0
1764861764.231036,473932,0,0,0,0
1764861764.281429,473982,0,0,0,0
1764861764.33077,474032,0,0,0,0
1764861764.380975,474082,0,0,0,0
1764861764.4313679,474132,0,0,0,0
1764861764.481745,474182,0,0,0,0
1764861764.5319328,474232,0,0,0,0
1764861764.582301,474283,0,0,0,0
1764861764.632718,474333,0,0,0,0
1764861764.682882,474383,0,0,0,0
1764861764.7332978,474433,0,0,0,0
1764861764.783596,474483,0,0,0,0
1764861764.833811,474533,0,0,0,0
1764861764.8831701,474583,0,0,0,0
1764861764.933279,474633,0,0,0,0
1764861764.9837499,474683,0,0,0,0
1764861765.034079,474733,0,0,0,0
1764861765.084432,474783,0,0,0,0
1764861765.134617,474833,0,0,0,0
1764861765.18397,474883,0,0,0,0
1764861765.234294,474933,0,0,0,0
1764861765.284661,474983,0,0,0,0
1764861765.3348658,475033,0,0,0,0
1764861765.385237,475083,0,0,0,0
1764861765.435592,475133,0,0,0,0
1764861765.4849532,475183,0,0,0,0
1764861765.5351539,475233,0,0,0,0
1764861765.585532,475283,0,0,0,0
1764861765.635747,475333,0,0,0,0
1764861765.686115,475383,0,0,0,0
1764861765.736492,475433,0,0,0,0
1764861765.785676,475483,0,0,0,0
1764861765.836046,475533,0,0,0,0
1764861765.886295,475583,0,0,0,0
1764861765.936658,475633,0,0,0,0
1764861765.987016,475683,0,0,0,0
1764861766.037293,475734,0,0,0,0
1764861766.08759,475784,0,0,0,0
1764861766.137824,475834,0,0,0,0
1764861766.1881862,475884,0,0,0,0
1764861766.238558,475934,0,0,0,0
1764861766.289723,475984,0,0,0,0
1764861766.338142,476034,0,0,0,0
1764861766.3885162,476084,0,0,0,0
1764861766.43874,476134,0,0,0,0
1764861766.4891038,476184,0,0,0,0
1764861766.5393379,476234,0,0,0,0
1764861766.589694,476284,0,0,0,0
1764861766.639035,476334,0,0,0,0
1764861766.689274,476384,0,0,0,0
1764861766.73964,476434,0,0,0,0
1764861766.790014,476484,0,0,0,0
1764861766.840406,476534,0,0,0,0
1764861766.8906,476584,0,0,0,0
1764861766.939778,476634,0,0,0,0
1764861766.990154,476684,0,0,0,0
1764861767.040373,476734,0,0,0,0
1764861767.0907578,476784,0,0,0,0
1764861767.14114,476834,0,0,0,0
1764861767.191357,476884,0,0,0,0
1764861767.2407198,476934,0,0,0,0
1764861767.2910972,476984,0,0,0,0
1764861767.341294,477034,0,0,0,0
1764861767.3916428,477084,0,0,0,0
1764861767.442049,477134,0,0,0,0
1764861767.491234,477184,0,0,0,0
1764861767.541568,477234,0,0,0,0
1764861767.591936,477284,0,0,0,0
1764861767.6421602,477334,0,0,0,0
1764861767.692553,477384,0,0,0,0
1764861767.742639,477434,0,0,0,0
1764861767.792109,477484,0,0,0,0
1764861767.842508,477534,0,0,0,0
1764861767.892704,477584,0,0,0,0
1764861767.9430761,477634,0,0,0,0
1764861767.993448,477684,0,0,0,0
1764861768.043658,477734,0,0,0,0
1764861768.09301,477784,0,0,0,0
1764861768.1432111,477834,0,0,0,0
1764861768.193633,477884,0,0,0,0
1764861768.2437189,477934,0,0,0,0
1764861768.294253,477984,0,0,0,0
1764861768.344548,478034,0,0,0,0
1764861768.393748,478084,0,0,0,0
1764861768.444119,478134,0,0,0,0
1764861768.494467,478184,0,0,0,0
1764861768.544703,478234,0,0,0,0
1764861768.595063,478284,0,0,0,0
1764861768.645426,478334,0,0,0,0
1764861768.6946309,478384,0,0,0,0
1764861768.745002,478434,0,0,0,0
1764861768.795392,478484,0,0,0,0
1764861768.8459158,478534,0,0,0,0
1764861768.89593,478584,0,0,0,0
1764861768.946356,478635,0,0,0,0
1764861768.9965389,478685,0,0,0,0
1764861769.046941,478735,0,0,0,0
1764861769.0972211,478785,0,0,0,0
1764861769.147399,478835,0,0,0,0
1764861769.197875,478885,0,0,0,0
1764861769.247057,478935,0,0,0,0
1764861769.29742,478985,0,0,0,0
1764861769.347768,479035,0,0,0,0
1764861769.3979719,479085,0,0,0,0
1764861769.4483619,479135,0,0,0,0
1764861769.4987352,479185,0,0,0,0
1764861769.5479062,479235,0,0,0,0
1764861769.598282,479285,0,0,0,0
1764861769.6486468,479335,0,0,0,0
1764861769.698866,479385,0,0,0,0
1764861769.749234,479435,0,0,0,0
1764861769.799448,479485,0,0,0,0
1764861769.848823,479535,0,0,0,0
1764861769.8992152,479585,0,0,0,0
1764861769.949552,479635,0,0,0,0
1764861769.999755,479685,0,0,0,0
1764861770.050144,479735,0,0,0,0
1764861770.1003141,479785,0,0,0,0
1764861770.149683,479835,0,0,0,0
1764861770.200041,479885,0,0,0,0
1764861770.250221,479935,0,0,0,0
1764861770.3006039,479985,0,0,0,0
1764861770.350961,480035,0,0,0,0
1764861770.401199,480086,0,0,0,0
1764861770.451541,480136,0,0,0,0
1764861770.5019178,480186,0,0,0,0
1764861770.552137,480236,0,0,0,0
1764861770.6025128,480286,0,0,0,0
1764861770.652718,480336,0,0,0,0
1764861770.70209,480386,0,0,0,0
1764861770.752456,480436,0,0,0,0
1764861770.802659,480486,0,0,0,0
1764861770.852949,480536,0,0,0,0
1764861770.903463,480586,0,0,0,0
1764861770.953621,480636,0,0,0,0
1764861771.002964,480686,0,0,0,0
1764861771.053313,480736,0,0,0,0
1764861771.103499,480786,0,0,0,0
1764861771.1538801,480836,0,0,0,0
1764861771.2042098,480886,0,0,0,0
1764861771.254598,480936,0,0,0,0
1764861771.303702,480986,0,0,0,0
1764861771.354093,481036,0,0,0,0
1764861771.4044642,481086,0,0,0,0
1764861771.454679,481136,0,0,0,0
1764861771.5050392,481186,0,0,0,0
1764861771.555414,481236,0,0,0,0
1764861771.604579,481286,0,0,0,0
1764861771.6549811,481336,0,0,0,0
1764861771.705368,481386,0,0,0,0
1764861771.755572,481436,0,0,0,0
1764861771.8059149,481486,0,0,0,0
1764861771.8552902,481536,0,0,0,0
1764861771.905471,481586,0,0,0,0
1764861771.955859,481636,0,0,0,0
1764861772.0062342,481686,0,0,0,0
1764861772.056447,481736,0,0,0,0
1764861772.106849,481786,0,0,0,0
1764861772.15604,481836,0,0,0,0
1764861772.2064152,481886,0,0,0,0
1764861772.256653,481936,0,0,0,0
1764861772.307029,481986,0,0,0,0
1764861772.3571992,482036,0,0,0,0
1764861772.407625,482086,0,0,0,0
1764861772.457004,482136,0,0,0,0
1764861772.507193,482186,0,0,0,0
1764861772.557587,482236,0,0,0,0
1764861772.607947,482286,0,0,0,0
1764861772.6581151,482336,0,0,0,0
1764861772.708553,482386,0,0,0,0
1764861772.757716,482436,0,0,0,0
1764861772.808106,482486,0,0,0,0
1764861772.8583958,482536,0,0,0,0
1764861772.90871,482586,0,0,0,0
1764861772.958974,482636,0,0,0,0
1764861773.0094771,482686,0,0,0,0
1764861773.058652,482736,0,0,0,0
1764861773.109015,482786,0,0,0,0
1764861773.159219,482836,0,0,0,0
1764861773.2096121,482886,0,0,0,0
1764861773.259812,482936,0,0,0,0
1764861773.310178,482987,0,0,0,0
1764861773.360569,483037,0,0,0,0
1764861773.4108028,483087,0,0,0,0
1764861773.4611661,483137,0,0,0,0
1764861773.5113852,483187,0,0,0,0
1764861773.561768,483237,0,0,0,0
1764861773.611103,483287,0,0,0,0
1764861773.6613178,483337,0,0,0,0
1764861773.7117178,483387,0,0,0,0
1764861773.761961,483437,0,0,0,0
1764861773.812313,483487,0,0,0,0
1764861773.862716,483537,0,0,0,0
1764861773.9118998,483587,0,0,0,0
1764861773.962257,483637,0,0,0,0
1764861774.01266,483687,0,0,0,0
1764861774.06284,483737,0,0,0,0
1764861774.1132338,483787,0,0,0,0
1764861774.163449,483837,0,0,0,0
1764861774.212814,483887,0,0,0,0
1764861774.263057,483937,0,0,0,0
1764861774.31342,483987,0,0,0,0
1764861774.3636758,484037,0,0,0,0
1764861774.4139688,484087,0,0,0,0
1764861774.464276,484137,0,0,0,0
1764861774.513634,484187,0,0,0,0
1764861774.564001,484237,0,0,0,0
1764861774.614233,484287,0,0,0,0
1764861774.6646059,484337,0,0,0,0
1764861774.7148411,484387,0,0,0,0
1764861774.765213,484438,0,0,0,0
1764861774.815595,484488,0,0,0,0
1764861774.865788,484538,0,0,0,0
1764861774.916103,484588,0,0,0,0
1764861774.966317,484638,0,0,0,0
1764861775.0166872,484688,0,0,0,0
1764861775.0660238,484738,0,0,0,0
1764861775.11639,484788,0,0,0,0
1764861775.166792,484838,0,0,0,0
1764861775.217001,484888,0,0,0,0
1764861775.267402,484938,0,0,0,0
1764861775.317601,484988,0,0,0,0
1764861775.366957,485038,0,0,0,0
1764861775.4171898,485088,0,0,0,0
1764861775.4675531,485138,0,0,0,0
1764861775.517907,485188,0,0,0,0
1764861775.568151,485238,0,0,0,0
1764861775.6185029,485288,0,0,0,0
1764861775.667858,485338,0,0,0,0
1764861775.718037,485388,0,0,0,0
1764861775.768447,485438,0,0,0,0
1764861775.818631,485488,0,0,0,0
1764861775.8689978,485538,0,0,0,0
1764861775.919413,485588,0,0,0,0
1764861775.969873,485638,0,0,0,0
1764861776.019008,485688,0,0,0,0
1764861776.069197,485738,0,0,0,0
1764861776.119589,485788,0,0,0,0
1764861776.1699631,485838,0,0,0,0
1764861776.219146,485888,0,0,0,0
1764861776.2695198,485938,0,0,0,0
1764861776.319726,485988,0,0,0,0
1764861776.370131,486038,0,0,0,0
1764861776.4204211,486088,0,0,0,0
1764861776.470676,486138,0,0,0,0
1764861776.520034,486188,0,0,0,0
1764861776.570424,486238,0,0,0,0
1764861776.62063,486288,0,0,0,0
1764861776.670999,486338,0,0,0,0
1764861776.7212029,486388,0,0,0,0
1764861776.7715929,486438,0,0,0,0
1764861776.820957,486488,0,0,0,0
1764861776.8711538,486538,0,0,0,0
1764861776.921543,486588,0,0,0,0
1764861776.971877,486638,0,0,0,0
1764861777.0221708,486688,0,0,0,0
1764861777.072478,486738,0,0,0,0
1764861777.121689,486788,0,0,0,0
1764861777.172089,486838,0,0,0,0
1764861777.2222831,486888,0,0,0,0
1764861777.2726789,486938,0,0,0,0
1764861777.3229,486988,0,0,0,0
1764861777.373296,487038,0,0,0,0
1764861777.422647,487088,0,0,0,0
1764861777.4728582,487138,0,0,0,0
1764861777.523284,487188,0,0,0,0
1764861777.573479,487238,0,0,0,0
1764861777.62388,487288,0,0,0,0
1764861777.67413,487339,0,0,0,0
1764861777.724489,487389,0,0,0,0
1764861777.7748852,487439,0,0,0,0
1764861777.8251379,487489,0,0,0,0
1764861777.875496,487539,0,0,0,0
1764861777.9257228,487589,0,0,0,0
1764861777.975112,487639,0,0,0,0
1764861778.02529,487689,0,0,0,0
1764861778.075686,487739,0,0,0,0
1764861778.1259048,487789,0,0,0,0
1764861778.176286,487839,0,0,0,0
1764861778.226686,487889,0,0,0,0
1764861778.2758589,487939,0,0,0,0
1764861778.326244,487989,0,0,0,0
1764861778.3764632,488039,0,0,0,0
1764861778.4268448,488089,0,0,0,0
1764861778.4771142,488139,0,0,0,0
1764861778.5274398,488189,0,0,0,0
1764861778.576789,488239,0,0,0,0
1764861778.626997,488289,0,0,0,0
1764861778.677435,488339,0,0,0,0
1764861778.727824,488389,0,0,0,0
1764861778.777982,488439,0,0,0,0
1764861778.828346,488489,0,0,0,0
1764861778.878442,488539,0,0,0,0
1764861778.927907,488589,0,0,0,0
1764861778.978273,488639,0,0,0,0
1764861779.0284832,488689,0,0,0,0
1764861779.07889,488739,0,0,0,0
1764861779.129258,488790,0,0,0,0
1764861779.179477,488840,0,0,0,0
1764861779.229849,488890,0,0,0,0
1764861779.280119,488940,0,0,0,0
1764861779.330482,488990,0,0,0,0
1764861779.380692,489040,0,0,0,0
1764861779.430048,489090,0,0,0,0
1764861779.480402,489140,0,0,0,0
1764861779.5306098,489190,0,0,0,0
1764861779.581006,489240,0,0,0,0
1764861779.631198,489290,0,0,0,0
1764861779.681559,489340,0,0,0,0
1764861779.730905,489390,0,0,0,0
1764861779.781286,489440,0,0,0,0
1764861779.831527,489490,0,0,0,0
1764861779.8818939,489540,0,0,0,0
1764861779.9321222,489590,0,0,0,0
1764861779.9824939,489640,0,0,0,0
1764861780.0316958,489690,0,0,0,0
1764861780.0820868,489740,0,0,0,0
1764861780.132454,489790,0,0,0,0
1764861780.182689,489840,0,0,0,0
1764861780.233085,489890,0,0,0,0
1764861780.283277,489940,0,0,0,0
1764861780.332625,489990,0,0,0,0
1764861780.3830242,490040,0,0,0,0
1764861780.433249,490090,0,0,0,0
1764861780.4835699,490140,0,0,0,0
1764861780.533859,490190,0,0,0,0
1764861780.583231,490240,0,0,0,0
1764861780.633425,490290,0,0,0,0
1764861780.6838,490340,0,0,0,0
1764861780.734072,490390,0,0,0,0
1764861780.784383,490440,0,0,0,0
1764861780.834767,490490,0,0,0,0
1764861780.88396,490540,0,0,0,0
1764861780.93435,490590,0,0,0,0
1764861780.984544,490640,0,0,0,0
1764861781.034946,490690,0,0,0,0
1764861781.085331,490740,0,0,0,0
1764861781.13556,490790,0,0,0,0
1764861781.184919,490840,0,0,0,0
1764861781.2351518,490890,0,0,0,0
1764861781.285511,490940,0,0,0,0
1764861781.335892,490990,0,0,0,0
1764861781.386101,491040,0,0,0,0
1764861781.4365,491090,0,0,0,0
1764861781.485698,491140,0,0,0,0
1764861781.536085,491190,0,0,0,0
1764861781.5863109,491240,0,0,0,0
1764861781.636673,491290,0,0,0,0
1764861781.686902,491340,0,0,0,0
1764861781.737299,491390,0,0,0,0
1764861781.786679,491440,0,0,0,0
1764861781.836871,491490,0,0,0,0
1764861781.8872662,491540,0,0,0,0
1764861781.937477,491590,0,0,0,0
1764861781.987848,491640,0,0,0,0
1764861782.038232,491691,0,0,0,0
1764861782.0884411,491741,0,0,0,0
1764861782.13885,491791,0,0,0,0
1764861782.1890612,491841,0,0,0,0
1764861782.2394052,491891,0,0,0,0
1764861782.289827,491941,0,0,0,0
1764861782.339048,491991,0,0,0,0
1764861782.38939,492041,0,0,0,0
1764861782.4396029,492091,0,0,0,0
1764861782.489953,492141,0,0,0,0
1764861782.540395,492191,0,0,0,0
1764861782.5905569,492241,0,0,0,0
1764861782.639921,492291,0,0,0,0
1764861782.6901178,492341,0,0,0,0
1764861782.7405062,492391,0,0,0,0
1764861782.7907252,492441,0,0,0,0
1764861782.841086,492491,0,0,0,0
1764861782.8914099,492541,0,0,0,0
1764861782.940715,492591,0,0,0,0
1764861782.991075,492641,0,0,0,0
1764861783.0412989,492691,0,0,0,0
1764861783.091682,492741,0,0,0,0
1764861783.141901,492791,0,0,0,0
1764861783.192323,492841,0,0,0,0
1764861783.241494,492891,0,0,0,0
1764861783.291931,492941,0,0,0,0
1764861783.342303,492991,0,0,0,0
1764861783.3924952,493041,0,0,0,0
1764861783.442893,493091,0,0,0,0
1764861783.4931169,493142,0,0,0,0
1764861783.543531,493192,0,0,0,0
1764861783.593717,493242,0,0,0,0
1764861783.644064,493292,0,0,0,0
1764861783.694344,493342,0,0,0,0
1764861783.745003,493392,0,0,0,0
1764861783.793921,493442,0,0,0,0
1764861783.8443048,493492,0,0,0,0
1764861783.894687,493542,0,0,0,0
1764861783.944897,493592,0,0,0,0
1764861783.995286,493642,0,0,0,0
1764861784.045501,493692,0,0,0,0
1764861784.094846,493742,0,0,0,0
1764861784.145244,493792,0,0,0,0
1764861784.195467,493842,0,0,0,0
1764861784.2458298,493892,0,0,0,0
1764861784.296067,493942,0,0,0,0
1764861784.3464599,493992,0,0,0,0
1764861784.395658,494042,0,0,0,0
1764861784.446075,494092,0,0,0,0
1764861784.49633,494142,0,0,0,0
1764861784.546716,494192,0,0,0,0
1764861784.596929,494242,0,0,0,0
1764861784.6473,494292,0,0,0,0
1764861784.696459,494342,0,0,0,0
1764861784.746942,494392,0,0,0,0
1764861784.797187,494442,0,0,0,0
1764861784.847564,494492,0,0,0,0
1764861784.897724,494542,0,0,0,0
1764861784.947186,494592,0,0,0,0
1764861784.997389,494642,0,0,0,0
1764861785.047779,494692,0,0,0,0
1764861785.098037,494742,0,0,0,0
1764861785.148422,494792,0,0,0,0
1764861785.198622,494842,0,0,0,0
1764861785.2480378,494892,0,0,0,0
1764861785.298222,494942,0,0,0,0
1764861785.348616,494992,0,0,0,0
1764861785.399005,495042,0,0,0,0
1764861785.4493499,495092,0,0,0,0
1764861785.499613,495142,0,0,0,0
1764861785.54881,495192,0,0,0,0
1764861785.599204,495242,0,0,0,0
1764861785.64941,495292,0,0,0,0
1764861785.6998231,495342,0,0,0,0
1764861785.750038,495392,0,0,0,0
1764861785.800436,495442,0,0,0,0
1764861785.849665,495492,0,0,0,0
1764861785.899991,495542,0,0,0,0
1764861785.950287,495592,0,0,0,0
1764861786.00067,495642,0,0,0,0
1764861786.050876,495692,0,0,0,0
1764861786.101249,495742,0,0,0,0
1764861786.150623,495792,0,0,0,0
1764861786.2008462,495842,0,0,0,0
1764861786.251245,495892,0,0,0,0
1764861786.3014789,495942,0,0,0,0
1764861786.351813,495992,0,0,0,0
1764861786.402081,496043,0,0,0,0
1764861786.4523468,496093,0,0,0,0
1764861786.5028312,496143,0,0,0,0
1764861786.552948,496193,0,0,0,0
1764861786.603436,496243,0,0,0,0
1764861786.653646,496293,0,0,0,0
1764861786.7030022,496343,0,0,0,0
1764861786.753197,496393,0,0,0,0
1764861786.8036108,496443,0,0,0,0
1764861786.8538399,496493,0,0,0,0
1764861786.904175,496543,0,0,0,0
1764861786.954548,496593,0,0,0,0
1764861787.0039308,496643,0,0,0,0
1764861787.054098,496693,0,0,0,0
1764861787.104474,496743,0,0,0,0
1764861787.154751,496793,0,0,0,0
1764861787.2050471,496843,0,0,0,0
1764861787.2554271,496893,0,0,0,0
1764861787.30479,496943,0,0,0,0
1764861787.35498,496993,0,0,0,0
1764861787.405372,497043,0,0,0,0
1764861787.4557178,497093,0,0,0,0
1764861787.505971,497143,0,0,0,0
1764861787.556334,497193,0,0,0,0
1764861787.605488,497243,0,0,0,0
1764861787.655875,497293,0,0,0,0
1764861787.7060852,497343,0,0,0,0
1764861787.7564611,497393,0,0,0,0
1764861787.8068569,497443,0,0,0,0
1764861787.857051,497494,0,0,0,0
1764861787.907412,497544,0,0,0,0
1764861787.957813,497594,0,0,0,0
1764861788.008029,497644,0,0,0,0
1764861788.058395,497694,0,0,0,0
1764861788.108653,497744,0,0,0,0
1764861788.15798,497794,0,0,0,0
1764861788.20834,497844,0,0,0,0
1764861788.258564,497894,0,0,0,0
1764861788.3089652,497944,0,0,0,0
1764861788.359112,497994,0,0,0,0
1764861788.409485,498044,0,0,0,0
1764861788.4588869,498094,0,0,0,0
1764861788.509086,498144,0,0,0,0
1764861788.559445,498194,0,0,0,0
1764861788.609824,498244,0,0,0,0
1764861788.660016,498294,0,0,0,0
1764861788.710389,498344,0,0,0,0
1764861788.7595782,498394,0,0,0,0
1764861788.809976,498444,0,0,0,0
1764861788.860218,498494,0,0,0,0
1764861788.910586,498544,0,0,0,0
1764861788.960984,498594,0,0,0,0
1764861789.0111911,498644,0,0,0,0
1764861789.0605628,498694,0,0,0,0
1764861789.110966,498744,0,0,0,0
1764861789.161123,498794,0,0,0,0
1764861789.211552,498844,0,0,0,0
1764861789.261753,498894,0,0,0,0
1764861789.311088,498944,0,0,0,0
1764861789.361465,498994,0,0,0,0
1764861789.411703,499044,0,0,0,0
1764861789.462064,499094,0,0,0,0
1764861789.512416,499144,0,0,0,0
1764861789.562634,499194,0,0,0,0
1764861789.611975,499244,0,0,0,0
1764861789.662275,499294,0,0,0,0
1764861789.712567,499344,0,0,0,0
1764861789.762753,499394,0,0,0,0
1764861789.813153,499444,0,0,0,0
1764861789.863544,499494,0,0,0,0
1764861789.912718,499544,0,0,0,0
1764861789.963095,499594,0,0,0,0
1764861790.013495,499644,0,0,0,0
1764861790.063692,499694,0,0,0,0
1764861790.1140952,499744,0,0,0,0
1764861790.164305,499794,0,0,0,0
1764861790.213656,499844,0,0,0,0
1764861790.264043,499894,0,0,0,0
1764861790.314234,499944,0,0,0,0
1764861790.3646138,499994,0,0,0,0
1764861790.414855,500044,0,0,0,0
1764861790.465232,500094,0,0,0,0
1764861790.514602,500144,0,0,0,0
1764861790.5647922,500194,0,0,0,0
1764861790.615205,500244,0,0,0,0
1764861790.665552,500294,0,0,0,0
1764861790.7157629,500344,0,0,0,0
1764861790.76614,500395,0,0,0,0
1764861790.816247,500445,0,0,0,0
1764861790.8667362,500495,0,0,0,0
1764861790.917113,500545,0,0,0,0
1764861790.967333,500595,0,0,0,0
1764861791.017709,500645,0,0,0,0
1764861791.0669298,500695,0,0,0,0
1764861791.1172721,500745,0,0,0,0
1764861791.1674728,500795,0,0,0,0
1764861791.2179232,500845,0,0,0,0
1764861791.268267,500895,0,0,0,0
1764861791.3184588,500945,0,0,0,0
1764861791.367815,500995,0,0,0,0
1764861791.4181938,501045,0,0,0,0
1764861791.468401,501095,0,0,0,0
1764861791.518744,501145,0,0,0,0
1764861791.5691252,501195,0,0,0,0
1764861791.619328,501245,0,0,0,0
1764861791.668689,501295,0,0,0,0
1764861791.719054,501345,0,0,0,0
1764861791.769265,501395,0,0,0,0
1764861791.821459,501445,0,0,0,0
1764861791.870031,501495,0,0,0,0
1764861791.920254,501545,0,0,0,0
1764861791.969579,501595,0,0,0,0
1764861792.019676,501645,0,0,0,0
1764861792.070049,501695,0,0,0,0
1764861792.1202629,501745,0,0,0,0
1764861792.170751,501795,0,0,0,0
1764861792.221142,501846,0,0,0,0
1764861792.27135,501896,0,0,0,0
1764861792.321722,501946,0,0,0,0
1764861792.371966,501996,0,0,0,0
1764861792.422344,502046,0,0,0,0
1764861792.4727318,502096,0,0,0,0
1764861792.5219488,502146,0,0,0,0
1764861792.5722802,502196,0,0,0,0
1764861792.622647,502246,0,0,0,0
1764861792.672916,502296,0,0,0,0
1764861792.723247,502346,0,0,0,0
1764861792.773431,502396,0,0,0,0
1764861792.822788,502446,0,0,0,0
1764861792.8731809,502496,0,0,0,0
1764861792.923535,502546,0,0,0,0
1764861792.9737542,502596,0,0,0,0
1764861793.024144,502646,0,0,0,0
1764861793.074372,502696,0,0,0,0
1764861793.1237068,502746,0,0,0,0
1764861793.17392,502796,0,0,0,0
1764861793.224264,502846,0,0,0,0
1764861793.2746508,502896,0,0,0,0
1764861793.324918,502946,0,0,0,0
1764861793.375247,502996,0,0,0,0
1764861793.424475,503046,0,0,0,0
1764861793.474825,503096,0,0,0,0
1764861793.525183,503146,0,0,0,0
1764861793.575418,503196,0,0,0,0
1764861793.625797,503246,0,0,0,0
1764861793.675162,503296,0,0,0,0
1764861793.7253702,503346,0,0,0,0
1764861793.7757719,503396,0,0,0,0
1764861793.8258529,503446,0,0,0,0
1764861793.876226,503496,0,0,0,0
1764861793.926722,503546,0,0,0,0
1764861793.975917,503596,0,0,0,0
1764861794.026412,503646,-12,0,0,0
1764861794.07651,503696,-139,0,0,0
1764861794.1269069,503746,-318,0,0,0
1764861794.177122,503796,-495,0,0,0
1764861794.227673,503846,-674,0,0,0
1764861794.276899,503896,-849,0,0,0
1764861794.327289,503946,-1028,0,0,0
1764861794.377467,503996,-1206,0,0,0
1764861794.4277172,504046,-1384,0,0,0
1764861794.478247,504096,-1563,0,0,0
1764861794.528453,504146,-1741,0,0,0
1764861794.5778298,504196,-1916,0,0,0
1764861794.628026,504246,-2094,0,0,0
1764861794.678406,504296,-2272,0,0,0
1764861794.728765,504346,-2450,0,0,0
1764861794.778819,504396,-2627,0,0,0
1764861794.829213,504446,-2805,0,0,0
1764861794.8787541,504496,-2980,0,0,0
1764861794.928718,504546,-3157,0,0,0
1764861794.9791832,504596,-3335,0,0,0
1764861795.029393,504646,-3513,0,0,0
1764861795.0797849,504696,-3691,0,0,0
1764861795.130003,504747,-3869,0,0,0
1764861795.1804008,504797,-4047,0,0,0
1764861795.230749,504847,-4225,0,0,0
1764861795.280981,504897,-4402,0,0,0
1764861795.331549,504947,-4580,0,0,0
1764861795.381784,504997,-4757,0,0,0
1764861795.431135,505047,-4931,0,0,0
1764861795.4811862,505097,-5108,0,0,0
1764861795.531755,505147,-5286,0,0,0
1764861795.581762,505197,-5463,0,0,0
1764861795.63237,505247,-5641,0,0,0
1764861795.68257,505297,-5818,0,0,0
1764861795.7319229,505347,-5992,0,0,0
1764861795.782231,505397,-6170,0,0,0
1764861795.832366,505447,-6347,0,0,0
1764861795.8829088,505497,-6525,0,0,0
1764861795.933037,505547,-6702,0,0,0
1764861795.9835148,505597,-6880,0,0,0
1764861796.032703,505647,-7054,0,0,0
1764861796.0829089,505697,-7231,0,0,0
1764861796.1333098,505747,-7409,0,0,0
1764861796.183873,505797,-7587,0,0,0
1764861796.233889,505847,-7764,0,0,0
1764861796.284267,505897,-7942,0,0,0
1764861796.333617,505947,-8116,0,0,0
1764861796.384015,505997,-8293,0,0,0
1764861796.434222,506047,-8470,0,0,0
1764861796.484595,506097,-8647,0,0,0
1764861796.534962,506147,-8824,0,0,0
1764861796.5851781,506198,-9001,0,0,0
1764861796.635566,506248,-9178,0,0,0
1764861796.685786,506298,-9355,0,0,0
1764861796.736147,506348,-9532,0,0,0
1764861796.7863371,506398,-9709,0,0,0
1764861796.836711,506448,-9886,0,0,0
1764861796.886085,506498,-10060,0,0,0
1764861796.936264,506548,-10237,0,0,0
1764861796.9867039,506598,-10414,0,0,0
1764861797.036938,506648,-10591,0,0,0
1764861797.0872672,506698,-10768,0,0,0
1764861797.137486,506748,-10945,0,0,0
1764861797.18704,506798,-11119,0,0,0
1764861797.237272,506848,-11296,0,0,0
1764861797.287641,506898,-11473,0,0,0
1764861797.337877,506948,-11650,0,0,0
1764861797.388098,506998,-11827,0,0,0
1764861797.4385102,507048,-12004,0,0,0
1764861797.4878452,507098,-12178,0,0,0
1764861797.53808,507148,-12355,0,0,0
1764861797.5884218,507198,-12532,0,0,0
1764861797.6386602,507248,-12709,0,0,0
1764861797.6888561,507298,-12886,0,0,0
1764861797.73923,507348,-13063,0,0,0
1764861797.788607,507398,-13237,0,0,0
1764861797.8389351,507448,-13414,0,0,0
1764861797.889197,507498,-13591,0,0,0
1764861797.939507,507548,-13768,0,0,0
1764861797.989933,507598,-13946,0,0,0
1764861798.039118,507648,-14119,0,0,0
1764861798.089288,507698,-14296,0,0,0
1764861798.1398468,507748,-14474,0,0,0
1764861798.190231,507798,-14651,0,0,0
1764861798.240468,507848,-14828,0,0,0
1764861798.290643,507898,-15005,0,0,0
1764861798.339991,507948,-15179,0,0,0
1764861798.390226,507998,-15356,0,0,0
1764861798.440419,508048,-15533,0,0,0
1764861798.4909499,508098,-15711,0,0,0
1764861798.541183,508148,-15888,0,0,0
1764861798.591556,508198,-16065,0,0,0
1764861798.640647,508248,-16238,0,0,0
1764861798.6912808,508298,-16416,0,0,0
1764861798.7414951,508348,-16594,0,0,0
1764861798.791876,508398,-16773,0,0,0
1764861798.8420491,508448,-16951,0,0,0
1764861798.8924532,508498,-17130,0,0,0
1764861798.9418519,508548,-17305,0,0,0
1764861798.991863,508598,-17483,0,0,0
1764861799.042235,508648,-17662,0,0,0
1764861799.092845,508698,-17841,0,0,0
1764861799.142729,508748,-18019,0,0,0
1764861799.193187,508798,-18198,0,0,0
1764861799.242555,508848,-18373,0,0,0
1764861799.292908,508898,-18552,0,0,0
1764861799.343134,508948,-18730,0,0,0
1764861799.393518,508998,-18909,0,0,0
1764861799.443897,509048,-19088,0,0,0
1764861799.494103,509099,-19266,0,0,0
1764861799.5443578,509149,-19445,0,0,0
1764861799.594729,509199,-19624,0,0,0
1764861799.645101,509249,-19803,0,0,0
1764861799.695331,509299,-19981,0,0,0
1764861799.745745,509349,-20160,0,0,0
1764861799.79492,509399,-20335,0,0,0
1764861799.845315,509449,-20514,0,0,0
1764861799.895669,509499,-20693,0,0,0
1764861799.946083,509549,-20872,0,0,0
1764861799.99612,509599,-21050,0,0,0
1764861800.0465128,509649,-21229,0,0,0
1764861800.0957,509699,-21404,0,0,0
1764861800.146246,509749,-21583,0,0,0
1764861800.196289,509799,-21761,0,0,0
1764861800.246851,509849,-21940,0,0,0
1764861800.29722,509899,-22119,0,0,0
1764861800.347254,509949,-22297,0,0,0
1764861800.3966222,509999,-22472,0,0,0
1764861800.44703,510049,-22651,0,0,0
1764861800.497396,510099,-22830,0,0,0
1764861800.547829,510149,-23009,0,0,0
1764861800.597793,510199,-23187,0,0,0
1764861800.648205,510249,-23366,0,0,0
1764861800.6977391,510299,-23541,0,0,0
1764861800.747801,510349,-23717,0,0,0
1764861800.798341,510399,-23897,0,0,0
1764861800.848365,510449,-23997,0,0,0
1764861800.898823,510499,-24000,0,0,0
1764861800.9491441,510550,-24000,0,0,0
1764861800.999351,510600,-24000,0,0,0
1764861801.0497322,510650,-24000,0,0,0
1764861801.099941,510700,-24000,0,0,0
1764861801.150336,510750,-24000,0,0,0
1764861801.200546,510800,-24000,0,0,0
1764861801.249909,510850,-24000,0,0,0
1764861801.300081,510900,-24000,0,0,0
1764861801.350467,510950,-24000,0,0,0
1764861801.400844,511000,-24000,0,0,0
1764861801.451091,511050,-24000,0,0,0
1764861801.501434,511100,-24000,0,0,0
1764861801.550675,511150,-24000,0,0,0
1764861801.601067,511200,-24000,0,0,0
1764861801.651393,511250,-24000,0,0,0
1764861801.701659,511300,-24000,0,0,0
1764861801.7520142,511350,-24000,0,0,0
1764861801.802243,511400,-24000,0,0,0
1764861801.851603,511450,-24000,0,0,0
1764861801.901983,511500,-24000,0,0,0
1764861801.9521852,511550,-24000,0,0,0
1764861802.002491,511600,-24000,0,0,0
1764861802.052962,511650,-24000,0,0,0
1764861802.1031911,511700,-24000,0,0,0
1764861802.152383,511750,-24000,0,0,0
1764861802.202792,511800,-24000,0,0,0
1764861802.253037,511850,-24000,0,0,0
1764861802.3033721,511900,-24000,0,0,0
1764861802.3537762,511950,-24000,0,0,0
1764861802.402943,512000,-24000,0,0,0
1764861802.453335,512050,-24000,0,0,0
1764861802.503571,512100,-24000,0,0,0
1764861802.553962,512150,-24000,0,0,0
1764861802.604317,512200,-24000,0,0,0
1764861802.6545,512250,-24000,0,0,0
1764861802.7038841,512300,-24000,0,0,0
1764861802.754118,512350,-24000,0,0,0
1764861802.804488,512400,-24000,0,0,0
1764861802.854882,512450,-24000,0,0,0
1764861802.905077,512500,-24000,0,0,0
1764861802.955364,512550,-24000,0,0,0
1764861803.0046349,512600,-24000,0,0,0
1764861803.055022,512650,-24000,0,0,0
1764861803.105397,512700,-24000,0,0,0
1764861803.155574,512750,-24000,0,0,0
1764861803.2059689,512800,-24000,0,0,0
1764861803.256324,512850,-24000,0,0,0
1764861803.305536,512900,-24000,0,0,0
1764861803.3559139,512950,-24000,0,0,0
1764861803.406129,513000,-24000,0,0,0
1764861803.456542,513050,-24000,0,0,0
1764861803.506903,513100,-24000,0,0,0
1764861803.557118,513150,-24000,0,0,0
1764861803.606455,513200,-24000,0,0,0
1764861803.656665,513250,-24000,0,0,0
1764861803.7070851,513300,-24000,0,0,0
1764861803.757409,513350,-24000,0,0,0
1764861803.807667,513400,-24000,0,0,0
1764861803.8580139,513451,-24000,0,0,0
1764861803.908256,513501,-24000,0,0,0
1764861803.958633,513551,-24000,0,0,0
1764861804.009011,513601,-24000,0,0,0
1764861804.059223,513651,-24000,0,0,0
1764861804.109598,513701,-24000,0,0,0
1764861804.158795,513751,-24000,0,0,0
1764861804.209188,513801,-24000,0,0,0
1764861804.259398,513851,-24000,0,0,0
1764861804.309721,513901,-24000,0,0,0
1764861804.360148,513951,-24000,0,0,0
1764861804.41035,514001,-24000,0,0,0
1764861804.459759,514051,-24000,0,0,0
1764861804.509946,514101,-24000,0,0,0
1764861804.5603452,514151,-24000,0,0,0
1764861804.610762,514201,-24000,0,0,0
1764861804.660906,514251,-24000,0,0,0
1764861804.7112908,514301,-24000,0,0,0
1764861804.7606468,514351,-24000,0,0,0
1764861804.810861,514401,-24000,0,0,0
1764861804.8612218,514451,-24000,0,0,0
1764861804.911438,514501,-24000,0,0,0
1764861804.961835,514551,-24000,0,0,0
1764861805.012206,514601,-24000,0,0,0
1764861805.061376,514651,-24000,0,0,0
1764861805.111752,514701,-24000,0,0,0
1764861805.161951,514751,-24000,0,0,0
1764861805.2123399,514801,-24000,0,0,0
1764861805.2627552,514851,-24000,0,0,0
1764861805.31291,514902,-24000,0,0,0
1764861805.363276,514952,-24000,0,0,0
1764861805.4136472,515002,-24000,0,0,0
1764861805.463834,515052,-24000,0,0,0
1764861805.514225,515102,-24000,0,0,0
1764861805.5645928,515152,-24000,0,0,0
1764861805.613766,515202,-24000,0,0,0
1764861805.664129,515252,-24000,0,0,0
1764861805.714506,515302,-24000,0,0,0
1764861805.764734,515352,-24000,0,0,0
1764861805.815093,515402,-24000,0,0,0
1764861805.86547,515452,-24000,0,0,0
1764861805.914627,515502,-24000,0,0,0
1764861805.965018,515552,-24000,0,0,0
1764861806.015282,515602,-24000,0,0,0
1764861806.0655842,515652,-24000,0,0,0
1764861806.115974,515702,-24000,0,0,0
1764861806.16634,515752,-24000,0,0,0
1764861806.215554,515802,-24000,0,0,0
1764861806.265926,515852,-24000,0,0,0
1764861806.316153,515902,-24000,0,0,0
1764861806.366528,515952,-24000,0,0,0
1764861806.416762,516002,-24000,0,0,0
1764861806.467155,516052,-24000,0,0,0
1764861806.516356,516102,-24000,0,0,0
1764861806.566736,516152,-24000,0,0,0
1764861806.617101,516202,-24000,0,0,0
1764861806.6673112,516252,-24000,0,0,0
1764861806.7177222,516302,-24000,0,0,0
1764861806.767044,516352,-24000,0,0,0
1764861806.8172271,516402,-24000,0,0,0
1764861806.867614,516452,-24000,0,0,0
1764861806.91799,516502,-24000,0,0,0
1764861806.968181,516552,-24000,0,0,0
1764861807.018549,516602,-24000,0,0,0
1764861807.0677068,516652,-24000,0,0,0
1764861807.118079,516702,-24000,0,0,0
1764861807.168451,516752,-24000,0,0,0
1764861807.21871,516802,-24000,0,0,0
1764861807.269025,516852,-24000,0,0,0
1764861807.3194098,516902,-24000,0,0,0
1764861807.368573,516952,-24000,0,0,0
1764861807.418954,517002,-24000,0,0,0
1764861807.469232,517052,-24000,0,0,0
1764861807.519536,517102,-24000,0,0,0
1764861807.569907,517152,-24000,0,0,0
1764861807.62028,517202,-24000,0,0,0
1764861807.669479,517252,-24000,0,0,0
1764861807.71984,517302,-24000,0,0,0
1764861807.770161,517352,-24000,0,0,0
1764861807.8204448,517402,-24000,0,0,0
1764861807.870819,517452,-24000,0,0,0
1764861807.921033,517502,-24000,0,0,0
1764861807.9703948,517552,-24000,0,0,0
1764861808.020597,517602,-24000,0,0,0
1764861808.070991,517652,-24000,0,0,0
1764861808.121384,517702,-24000,0,0,0
1764861808.171583,517752,-24000,0,0,0
1764861808.221977,517803,-24000,0,0,0
1764861808.2721899,517853,-24000,0,0,0
1764861808.322579,517903,-24000,0,0,0
1764861808.372787,517953,-24000,0,0,0
1764861808.423172,518003,-24000,0,0,0
1764861808.473556,518053,-24000,0,0,0
1764861808.52276,518103,-24000,0,0,0
1764861808.573035,518153,-24000,0,0,0
1764861808.623349,518203,-24000,0,0,0
1764861808.673666,518253,-24000,0,0,0
1764861808.724132,518303,-24000,0,0,0
1764861808.774339,518353,-24000,0,0,0
1764861808.823694,518403,-24000,0,0,0
1764861808.874049,518453,-24000,0,0,0
1764861808.924265,518503,-24000,0,0,0
1764861808.974709,518553,-24000,0,0,0
1764861809.024876,518603,-24000,0,0,0
1764861809.075259,518653,-24000,0,0,0
1764861809.124445,518703,-24000,0,0,0
1764861809.1748211,518753,-24000,0,0,0
1764861809.2251132,518803,-24000,0,0,0
1764861809.275291,518853,-24000,0,0,0
1764861809.325761,518903,-24000,0,0,0
1764861809.376129,518953,-24000,0,0,0
1764861809.425317,519003,-24000,0,0,0
1764861809.4757261,519053,-24000,0,0,0
1764861809.525913,519103,-24000,0,0,0
1764861809.576324,519153,-24000,0,0,0
1764861809.626688,519203,-24000,0,0,0
1764861809.676877,519254,-24000,0,0,0
1764861809.727262,519304,-24000,0,0,0
1764861809.777686,519354,-24000,0,0,0
1764861809.8278751,519404,-24000,0,0,0
1764861809.878247,519454,-24000,0,0,0
1764861809.928464,519504,-24000,0,0,0
1764861809.9777951,519554,-24000,0,0,0
1764861810.028206,519604,-24000,0,0,0
1764861810.078403,519654,-24000,0,0,0
1764861810.128772,519704,-24000,0,0,0
1764861810.178998,519754,-24000,0,0,0
1764861810.229398,519804,-24000,0,0,0
1764861810.278743,519854,-24000,0,0,0
1764861810.328948,519904,-24000,0,0,0
1764861810.3793228,519954,-24000,0,0,0
1764861810.4294379,520004,-24000,0,0,0
1764861810.4799192,520054,-24000,0,0,0
1764861810.53015,520104,-24000,0,0,0
1764861810.5794759,520154,-24000,0,0,0
1764861810.629879,520204,-24000,0,0,0
1764861810.680074,520254,-24000,0,0,0
1764861810.730378,520304,-24000,0,0,0
1764861810.7806861,520354,-24000,0,0,0
1764861810.831062,520404,-24000,0,0,0
1764861810.8804429,520454,-24000,0,0,0
1764861810.930669,520504,-24000,0,0,0
1764861810.981011,520554,-24000,0,0,0
1764861811.0313962,520604,-24000,0,0,0
1764861811.0815759,520654,-24000,0,0,0
1764861811.130969,520704,-24000,0,0,0
1764861811.1811771,520754,-24000,0,0,0
1764861811.2315462,520804,-24000,0,0,0
1764861811.281968,520854,-24000,0,0,0
1764861811.3321788,520904,-24000,0,0,0
1764861811.382563,520954,-24000,0,0,0
1764861811.431783,521004,-24000,0,0,0
1764861811.482144,521054,-24000,0,0,0
1764861811.532369,521104,-24000,0,0,0
1764861811.582737,521154,-24000,0,0,0
1764861811.632965,521204,-24000,0,0,0
1764861811.683378,521254,-24000,0,0,0
1764861811.732821,521304,-24000,0,0,0
1764861811.782918,521354,-24000,0,0,0
1764861811.83328,521404,-24000,0,0,0
1764861811.883529,521454,-24000,0,0,0
1764861811.933904,521504,-24000,0,0,0
1764861811.984144,521554,-24000,0,0,0
1764861812.033462,521604,-24000,0,0,0
1764861812.083835,521654,-24000,0,0,0
1764861812.134217,521704,-24000,0,0,0
1764861812.1847942,521754,-24000,0,0,0
1764861812.234803,521804,-24000,0,0,0
1764861812.285045,521854,-24000,0,0,0
1764861812.334391,521904,-24000,0,0,0
1764861812.384644,521954,-24000,0,0,0
1764861812.434965,522004,-24000,0,0,0
1764861812.485188,522054,-24000,0,0,0
1764861812.535579,522104,-24000,0,0,0
1764861812.585973,522155,-24000,0,0,0
1764861812.6362062,522205,-24000,0,0,0
1764861812.68658,522255,-24000,0,0,0
1764861812.736753,522305,-24000,0,0,0
1764861812.787158,522355,-24000,0,0,0
1764861812.8375309,522405,-24000,0,0,0
1764861812.886688,522455,-24000,0,0,0
1764861812.937121,522505,-24000,0,0,0
1764861812.987308,522555,-24000,0,0,0
1764861813.037705,522605,-24000,0,0,0
1764861813.088083,522655,-24000,0,0,0
1764861813.138293,522705,-24000,0,0,0
1764861813.1876328,522755,-24000,0,0,0
1764861813.238009,522805,-24000,0,0,0
1764861813.288227,522855,-24000,0,0,0
1764861813.338638,522905,-24000,0,0,0
1764861813.388973,522955,-24000,0,0,0
1764861813.439185,523005,-24000,0,0,0
1764861813.488527,523055,-24000,0,0,0
1764861813.5387578,523105,-24000,0,0,0
1764861813.589121,523155,-24000,0,0,0
1764861813.639504,523205,-24000,63,0,0
1764861813.689687,523255,-24000,236,0,0
1764861813.7402282,523305,-24000,415,0,0
1764861813.789618,523355,-24000,591,0,0
1764861813.8399491,523405,-24000,771,0,0
1764861813.890146,523455,-24000,951,0,0
1764861813.9405272,523505,-24000,1131,0,0
1764861813.9905422,523555,-24000,1310,0,0
1764861814.040839,523606,-24000,1490,0,0
1764861814.0912158,523656,-24000,1670,0,0
1764861814.1415732,523706,-24000,1850,0,0
1764861814.191811,523756,-24000,2029,0,0
1764861814.24242,523806,-24000,2209,0,0
1764861814.292602,523856,-24000,2388,0,0
1764861814.341876,523906,-24000,2564,0,0
1764861814.392402,523956,-24000,2743,0,0
1764861814.442546,524006,-24000,2922,0,0
1764861814.492725,524056,-24000,3101,0,0
1764861814.543276,524106,-24000,3281,0,0
1764861814.593444,524156,-24000,3460,0,0
1764861814.642795,524206,-24000,3636,0,0
1764861814.6929972,524256,-24000,3815,0,0
1764861814.743381,524306,-24000,3995,0,0
1764861814.7937589,524356,-24000,4174,0,0
1764861814.843935,524406,-24000,4352,0,0
1764861814.894319,524456,-24000,4531,0,0
1764861814.9434938,524506,-24000,4706,0,0
1764861814.993841,524556,-24000,4885,0,0
1764861815.044126,524606,-24000,5064,0,0
1764861815.094613,524656,-24000,5243,0,0
1764861815.1449118,524706,-24000,5422,0,0
1764861815.1952791,524756,-24000,5601,0,0
1764861815.244443,524806,-24000,5776,0,0
1764861815.2947998,524856,-24000,5955,0,0
1764861815.34516,524906,-24000,6134,0,0
1764861815.395514,524956,-24000,6313,0,0
1764861815.445749,525006,-24000,6492,0,0
1764861815.495067,525056,-24000,6667,0,0
1764861815.54527,525106,-24000,6846,0,0
1764861815.595653,525156,-24000,7025,0,0
1764861815.646015,525206,-24000,7204,0,0
1764861815.696218,525256,-24000,7383,0,0
1764861815.746594,525306,-24000,7562,0,0
1764861815.795753,525356,-24000,7736,0,0
1764861815.846132,525406,-24000,7914,0,0
1764861815.896323,525456,-24000,7999,0,0
1764861815.946669,525506,-24000,8000,0,0
1764861815.9970539,525556,-24000,8000,0,0
1764861816.047256,525606,-24000,8000,0,0
1764861816.096596,525656,-24000,8000,0,0
1764861816.1469681,525706,-24000,8000,0,0
1764861816.19731,525756,-24000,8000,0,0
1764861816.2475,525806,-24000,8000,0,0
1764861816.297867,525856,-24000,8000,0,0
1764861816.348232,525906,-24000,8000,0,0
1764861816.397426,525956,-24000,8000,0,0
1764861816.447792,526006,-24000,8000,0,0
1764861816.4981399,526056,-24000,8000,0,0
1764861816.548351,526106,-24000,8000,0,0
1764861816.598712,526156,-24000,8000,0,0
1764861816.648929,526206,-24000,8000,0,0
1764861816.6982908,526256,-24000,8000,0,0
1764861816.748645,526306,-24000,8000,0,0
1764861816.799041,526356,-24000,8000,0,0
1764861816.84915,526406,-24000,8000,0,0
1764861816.899599,526456,-24000,8000,0,0
1764861816.9499588,526507,-24000,8000,0,0
1764861817.000174,526557,-24000,8000,0,0
1764861817.050574,526607,-24000,8000,0,0
1764861817.1007721,526657,-24000,8000,0,0
1764861817.1511412,526707,-24000,8000,0,0
1764861817.201576,526757,-24000,8000,0,0
1764861817.250703,526807,-24000,8000,0,0
1764861817.301056,526857,-24000,8000,0,0
1764861817.3514628,526907,-24000,8000,0,0
1764861817.401653,526957,-24000,8000,0,0
1764861817.452074,527007,-24000,8000,0,0
1764861817.502246,527057,-24000,8000,0,0
1764861817.5516422,527107,-24000,8000,0,0
1764861817.601826,527157,-24000,8000,0,0
1764861817.652201,527207,-24000,8000,0,0
1764861817.702592,527257,-24000,8000,0,0
1764861817.752748,527307,-24000,8000,0,0
1764861817.803169,527357,-24000,8000,0,0
1764861817.8525891,527407,-24000,8000,0,0
1764861817.902714,527457,-24000,8000,0,0
1764861817.953113,527507,-24000,8000,0,0
1764861818.0034611,527557,-24000,8000,0,0
1764861818.053677,527607,-24000,8000,0,0
1764861818.104061,527657,-24000,8000,0,0
1764861818.15327,527707,-24000,8000,0,0
1764861818.20363,527757,-24000,8000,0,0
1764861818.253994,527807,-24000,8000,0,0
1764861818.304202,527857,-24000,8000,0,0
1764861818.354574,527907,-24000,8000,0,0
1764861818.4048588,527958,-24000,8000,0,0
1764861818.455161,528008,-24000,8000,0,0
1764861818.5055711,528058,-24000,8000,0,0
1764861818.5559208,528108,-24000,8000,0,0
1764861818.606101,528158,-24000,8000,0,0
1764861818.656467,528208,-24000,8000,0,0
1764861818.705649,528258,-24000,8000,0,0
1764861818.75602,528308,-24000,8000,0,0
1764861818.80639,528358,-24000,8000,0,0
1764861818.856597,528408,-24000,8000,0,0
1764861818.906965,528458,-24000,8000,0,0
1764861818.957342,528508,-24000,8000,0,0
1764861819.006678,528558,-24000,8000,0,0
1764861819.056891,528608,-24000,8000,0,0
1764861819.107287,528658,-24000,8000,0,0
1764861819.1574788,528708,-24000,8000,0,0
1764861819.207867,528758,-24000,8000,0,0
1764861819.258228,528808,-24000,8000,0,0
1764861819.307424,528858,-24000,8000,0,0
1764861819.3578,528908,-24000,8000,0,0
1764861819.408184,528958,-24000,8000,0,0
1764861819.4583008,529008,-24000,8000,0,0
1764861819.508785,529058,-24000,8000,0,0
1764861819.559139,529108,-24000,8000,0,0
1764861819.608292,529158,-24000,8000,0,0
1764861819.6586938,529208,-24000,8000,0,0
1764861819.708889,529258,-24000,8000,0,0
1764861819.759258,529308,-24000,8000,0,0
1764861819.80964,529358,-24000,8000,0,0
1764861819.858827,529408,-24000,8000,0,0
1764861819.909195,529458,-24000,8000,0,0
1764861819.959425,529508,-24000,8000,0,0
1764861820.0097961,529558,-24000,8000,0,0
1764861820.060158,529608,-24000,8000,0,0
1764861820.110373,529658,-24000,8000,0,0
1764861820.159722,529708,-24000,8000,0,0
1764861820.2100961,529758,-24000,8000,0,0
1764861820.260293,529808,-24000,8000,0,0
1764861820.3105578,529858,-24000,8000,0,0
1764861820.361019,529908,-24000,8000,0,0
1764861820.411219,529958,-24000,8000,0,0
1764861820.460573,530008,-24000,8000,0,0
1764861820.510954,530058,-24000,8000,0,0
1764861820.56131,530108,-24000,8000,0,0
1764861820.611548,530158,-24000,8000,0,0
1764861820.6618571,530208,-24000,8000,0,0
1764861820.712042,530258,-24000,8000,0,0
1764861820.761363,530308,-24000,8000,0,0
1764861820.811717,530358,-24000,8000,0,0
1764861820.862113,530408,-24000,8000,0,0
1764861820.912281,530458,-24000,8000,0,0
1764861820.9626749,530508,-24000,8000,0,0
1764861821.013011,530558,-24000,8000,0,0
1764861821.062345,530608,-24000,8000,0,0
1764861821.112534,530658,-24000,8000,0,0
1764861821.162931,530708,-24000,8000,0,0
1764861821.2132878,530758,-24000,8000,0,0
1764861821.263628,530808,-24000,8000,0,0
1764861821.313809,530859,-24000,8000,0,0
1764861821.364213,530909,-24000,8000,0,0
1764861821.4145489,530959,-24000,8000,0,0
1764861821.464763,531009,-24000,8000,0,0
1764861821.515123,531059,-24000,8000,0,0
1764861821.565532,531109,-24000,8000,0,0
1764861821.6148171,531159,-24000,8000,0,0
1764861821.6649652,531209,-24000,8000,0,0
1764861821.7154062,531259,-24000,8000,0,0
1764861821.76575,531309,-24000,8000,0,0
1764861821.8159518,531359,-24000,8000,0,0
1764861821.866296,531409,-24000,8000,0,0
1764861821.9156532,531459,-24000,8000,0,0
1764861821.965836,531509,-24000,8000,0,0
1764861822.0162072,531559,-24000,8000,0,0
1764861822.066562,531609,-24000,8000,0,0
1764861822.116776,531659,-24000,8000,0,0
1764861822.167153,531709,-24000,8000,0,0
1764861822.216511,531759,-24000,8000,0,0
1764861822.266839,531809,-24000,8000,0,0
1764861822.317041,531859,-24000,8000,0,0
1764861822.36738,531909,-24000,8000,0,0
1764861822.41774,531959,-24000,8000,0,0
1764861822.467957,532009,-24000,8000,0,0
1764861822.517193,532059,-24000,8000,0,0
1764861822.5676632,532109,-24000,8000,0,0
1764861822.61805,532159,-24000,8000,0,0
1764861822.6682491,532209,-24000,8000,0,0
1764861822.718592,532259,-24000,8000,0,0
1764861822.768967,532310,-24000,8000,0,0
1764861822.819127,532360,-24000,8000,0,0
1764861822.8695009,532410,-24000,8000,0,0
1764861822.9198542,532460,-24000,8000,0,0
1764861822.970251,532510,-24000,8000,0,0
1764861823.020499,532560,-24000,8000,0,0
1764861823.0697758,532610,-24000,8000,0,0
1764861823.119978,532660,-24000,8000,0,0
1764861823.1703491,532710,-24000,8000,0,0
1764861823.220703,532760,-24000,8000,0,0
1764861823.270793,532810,-24000,8000,0,0
1764861823.32129,532860,-24000,8000,0,0
1764861823.370508,532910,-24000,8000,0,0
1764861823.420974,532960,-24000,8000,0,0
1764861823.471173,533010,-24000,8000,0,0
1764861823.521451,533060,-24000,8000,0,0
1764861823.5719051,533110,-24000,8000,0,0
1764861823.624659,533160,-24000,8000,0,0
1764861823.6714392,533210,-24000,8000,0,0
1764861823.7217898,533260,-24000,8000,0,0
1764861823.772128,533310,-24000,8000,0,0
1764861823.8224902,533360,-24000,8000,0,0
1764861823.872695,533410,-24000,8000,0,0
1764861823.923051,533460,-24000,8000,0,0
1764861823.972212,533510,-24000,8000,0,0
1764861824.022455,533560,-24000,8000,0,0
1764861824.072868,533610,-24000,8000,0,0
1764861824.1232939,533660,-24000,8000,0,0
1764861824.173486,533710,-24000,8000,0,0
1764861824.222836,533760,-24000,8000,0,0
1764861824.2731898,533810,-24000,8000,0,0
1764861824.323385,533860,-24000,8000,0,0
1764861824.373763,533910,-24000,8000,0,0
1764861824.4241412,533960,-24000,8000,0,0
1764861824.474499,534010,-24000,8000,0,0
1764861824.523675,534060,-24000,8000,0,0
1764861824.5740259,534110,-24000,8000,0,0
1764861824.624387,534160,-24000,8000,0,0
1764861824.6746109,534210,-24000,8000,0,0
1764861824.724988,534260,-24000,8000,0,0
1764861824.775682,534310,-24000,8000,0,0
1764861824.8245409,534360,-24000,8000,0,0
1764861824.874905,534410,-24000,8000,0,0
1764861824.925122,534460,-24000,8000,0,0
1764861824.9755,534510,-24000,8000,0,0
1764861825.02577,534560,-24000,8000,0,0
1764861825.076069,534610,-24000,8000,0,0
1764861825.125468,534660,-24000,8000,0,0
1764861825.175786,534710,-24000,8000,0,0
1764861825.225992,534760,-24000,8000,0,0
1764861825.276271,534810,-24000,8000,0,0
1764861825.326782,534860,-24000,8000,0,0
1764861825.377002,534910,-24000,8000,0,0
1764861825.4263308,534960,-24000,8000,0,0
1764861825.4765399,535010,-24000,8000,0,0
1764861825.526976,535060,-24000,8000,0,0
1764861825.577333,535110,-24000,8000,0,0
1764861825.627531,535160,-24000,8000,0,0
1764861825.6779,535211,-24000,8000,0,0
1764861825.7293131,535261,-24000,8000,0,0
1764861825.7784572,535311,-24000,8000,0,0
1764861825.828831,535361,-24000,8000,0,0
1764861825.879064,535411,-24000,8000,0,0
1764861825.9294841,535461,-24000,8000,0,0
1764861825.9786172,535511,-24000,8000,0,0
1764861826.029003,535561,-24000,8000,0,0
1764861826.079378,535611,-24000,8000,0,0
1764861826.129605,535661,-24000,8000,0,0
1764861826.180002,535711,-24000,8000,0,0
1764861826.230208,535761,-24000,8000,0,0
1764861826.2795699,535811,-24000,8000,0,0
1764861826.329942,535861,-24000,8000,0,0
1764861826.380183,535911,-24000,8000,0,0
1764861826.430548,535961,-24000,8000,0,0
1764861826.4807522,536011,-24000,8000,0,0
1764861826.531071,536061,-24000,8000,0,0
1764861826.580389,536111,-24000,8000,0,0
1764861826.630676,536161,-24000,8000,0,0
1764861826.681068,536211,-24000,8000,0,0
1764861826.731373,536261,-24000,8000,0,0
1764861826.781672,536311,-24000,8000,0,0
1764861826.831996,536361,-24000,8000,0,0
1764861826.88121,536411,-24000,8000,0,0
1764861826.931565,536461,-24000,8000,0,0
1764861826.9819221,536511,-24000,8000,0,0
1764861827.032021,536561,-24000,8000,0,0
1764861827.082502,536611,-24000,8000,0,0
1764861827.132879,536662,-24000,8000,0,0
1764861827.183084,536712,-24000,8000,0,0
1764861827.233453,536762,-24000,8000,0,0
1764861827.283828,536812,-24000,8000,0,0
1764861827.334006,536862,-24000,8000,0,0
1764861827.3844302,536912,-24000,8000,0,0
1764861827.433766,536962,-24000,8000,0,0
1764861827.4839702,537012,-24000,8000,0,0
1764861827.534306,537062,-24000,8000,0,0
1764861827.584818,537112,-24000,8000,0,0
1764861827.634953,537162,-24000,8000,0,0
1764861827.685327,537212,-24000,8000,0,0
1764861827.734658,537262,-24000,8000,0,0
1764861827.784775,537312,-24000,8000,0,0
1764861827.835238,537362,-24000,8000,0,0
1764861827.8854558,537412,-24000,8000,0,0
1764861827.935828,537462,-24000,8000,0,0
1764861827.9862049,537512,-24000,8000,0,0
1764861828.035365,537562,-24000,8000,0,0
1764861828.0857458,537612,-24000,8000,0,0
1764861828.135951,537662,-24000,8000,0,0
1764861828.1863282,537712,-24000,8000,0,0
1764861828.236711,537762,-24000,8000,0,0
1764861828.2868311,537812,-24000,8000,0,0
1764861828.3362749,537862,-24000,8000,0,0
1764861828.386673,537912,-24000,8000,0,0
1764861828.4368792,537962,-24000,8000,0,0
1764861828.487238,538012,-24000,8000,0,0
1764861828.537369,538062,-24000,8000,0,0
1764861828.586717,538112,-24000,8000,0,0
1764861828.637195,538162,-24000,8000,0,0
1764861828.687432,538212,-24000,8000,0,0
1764861828.7377548,538262,-24000,8000,0,0
1764861828.788052,538312,-24000,8000,0,0
1764861828.838468,538362,-24000,8000,0,0
1764861828.887697,538412,-24000,8000,0,0
1764861828.937897,538462,-24000,8000,0,0
1764861828.988288,538512,-24000,8000,0,0
1764861829.0386,538562,-24000,8000,0,0
1764861829.08889,538612,-24000,8000,0,0
1764861829.139252,538662,-24000,8000,0,0
1764861829.1886258,538712,-24000,8000,0,0
1764861829.238834,538762,-24000,8000,0,0
1764861829.289118,538812,-24000,8000,0,0
1764861829.33956,538862,-24000,8000,0,0
1764861829.389753,538912,-24000,8000,0,0
1764861829.4401212,538962,-24000,8000,0,0
1764861829.4894779,539012,-24000,8000,0,0
1764861829.539642,539062,-24000,8000,0,0
1764861829.590077,539112,-24000,8000,0,0
1764861829.640291,539162,-24000,8000,0,0
1764861829.6906931,539212,-24000,8000,0,0
1764861829.741052,539262,-24000,8000,0,0
1764861829.7901802,539312,-24000,8000,0,0
1764861829.840611,539362,-24000,8000,0,0
1764861829.890809,539412,-24000,8000,0,0
1764861829.94113,539462,-24000,8000,0,0
1764861829.99157,539512,-24000,8000,0,0
1764861830.041802,539563,-24000,8000,0,0
1764861830.0921721,539613,-24000,8000,0,0
1764861830.142407,539663,-24000,8000,0,0
1764861830.1927922,539713,-24000,8000,0,0
1764861830.2431319,539763,-24000,8000,0,0
1764861830.293442,539813,-24000,8000,0,0
1764861830.342701,539863,-24000,8000,0,0
1764861830.39292,539913,-24000,8000,0,0
1764861830.4432771,539963,-24000,8000,0,0
1764861830.4936671,540013,-24000,8000,0,0
1764861830.5438569,540063,-24000,8000,0,0
1764861830.594256,540113,-24000,8000,0,0
1764861830.643548,540163,-24000,8000,0,0
1764861830.693832,540213,-24000,8000,0,0
1764861830.7442381,540263,-24000,8000,0,0
1764861830.79443,540313,-24000,8000,0,0
1764861830.844795,540363,-24000,8000,0,0
1764861830.895179,540413,-24000,8000,0,0
1764861830.9444292,540463,-24000,8000,0,0
1764861830.994764,540513,-24000,8000,0,0
1764861831.044964,540563,-24000,8000,0,0
1764861831.095396,540613,-24000,8000,0,0
1764861831.145706,540663,-24000,8000,0,0
1764861831.195926,540713,-24000,8000,0,0
1764861831.245278,540763,-24000,8000,0,0
1764861831.295447,540813,-24000,8000,0,0
1764861831.345879,540863,-24000,8000,0,0
1764861831.396258,540913,-24000,8000,0,0
1764861831.446445,540963,-24000,8000,0,0
1764861831.4968479,541014,-24000,8000,0,0
1764861831.5470872,541064,-24000,8000,0,0
1764861831.597404,541114,-24000,8000,0,0
1764861831.647713,541164,-24000,8000,0,0
1764861831.698156,541214,-24000,8000,0,0
1764861831.748384,541264,-24000,8000,0,0
1764861831.797954,541314,-24000,8000,0,0
1764861831.847889,541364,-24000,8000,0,0
1764861831.898367,541414,-24000,8000,0,0
1764861831.948703,541464,-24000,8000,0,0
1764861831.9989069,541514,-24000,8000,0,0
1764861832.0500932,541564,-24000,8000,0,0
1764861832.098688,541614,-24000,8000,0,0
1764861832.148871,541664,-24000,8000,0,0
1764861832.1992252,541714,-24000,8000,0,0
1764861832.2493598,541764,-24000,8000,0,0
1764861832.2998059,541814,-24000,8000,0,0
1764861832.350042,541864,-24000,8000,0,0
1764861832.399412,541914,-24000,8000,0,0
1764861832.449824,541964,-24000,8000,0,0
1764861832.500011,542014,-24000,8000,0,0
1764861832.550373,542064,-24000,8000,0,0
1764861832.6007528,542114,-24000,8000,0,0
1764861832.65092,542164,-24000,8000,0,0
1764861832.700363,542214,-24000,8000,0,0
1764861832.750528,542264,-24000,8000,0,0
1764861832.8009112,542314,-24000,8000,0,0
1764861832.851285,542364,-24000,8000,0,0
1764861832.9014962,542414,-24000,8000,0,0
1764861832.9508622,542464,-24000,8000,0,0
1764861833.00108,542514,-24000,8000,0,0
1764861833.05146,542564,-24000,8000,0,0
1764861833.101825,542614,-24000,8000,0,0
1764861833.1520581,542664,-24000,8000,0,0
1764861833.202415,542714,-24000,8000,0,0
1764861833.2516139,542764,-24000,8000,0,0
1764861833.301992,542814,-24000,8000,0,0
1764861833.352309,542864,-24000,8000,0,0
1764861833.402519,542914,-24000,8000,0,0
1764861833.4529128,542964,-24000,8000,0,0
1764861833.5032609,543014,-24000,8000,0,0
1764861833.552448,543064,-24000,8000,0,0
1764861833.602814,543114,-24000,8000,0,0
1764861833.6531641,543164,-24000,8000,0,0
1764861833.703517,543214,-24000,8000,0,0
1764861833.753707,543264,-24000,8000,0,0
1764861833.804096,543314,-24000,8000,0,0
1764861833.85343,543364,-24000,8000,0,0
1764861833.903759,543414,-24000,8000,0,0
1764861833.9540029,543464,-24000,8000,0,0
1764861834.0043762,543514,-24000,8000,0,0
1764861834.054739,543564,-24000,8000,0,0
1764861834.104903,543614,-24000,8000,0,0
1764861834.154232,543664,-24000,8000,0,0
1764861834.204622,543714,-24000,8000,0,0
1764861834.254807,543764,-24000,8000,0,0
1764861834.3050518,543814,-24000,8000,0,0
1764861834.355505,543864,-24000,8000,0,0
1764861834.405712,543915,-24000,8000,0,0
1764861834.45611,543965,-24000,8000,0,0
1764861834.5064619,544015,-24000,8000,0,0
1764861834.556572,544065,-24000,8000,0,0
1764861834.607043,544115,-24000,8000,0,0
1764861834.657421,544165,-24000,8000,0,0
1764861834.706597,544215,-24000,8000,0,0
1764861834.756969,544265,-24000,8000,0,0
1764861834.807353,544315,-24000,8000,0,0
1764861834.857562,544365,-24000,8000,0,0
1764861834.907943,544415,-24000,8000,0,0
1764861834.958344,544465,-24000,8000,0,0
1764861835.007505,544515,-24000,8000,0,0
1764861835.057881,544565,-24000,8000,0,0
1764861835.108054,544615,-24000,8000,0,0
1764861835.158473,544665,-24000,8000,0,0
1764861835.208863,544715,-24000,8000,0,0
1764861835.2590668,544765,-24000,8000,0,0
1764861835.308416,544815,-24000,8000,0,0
1764861835.3586009,544865,-24000,8000,0,0
1764861835.408948,544915,-24000,8000,0,0
1764861835.45932,544965,-24000,8000,0,0
1764861835.509705,545015,-24000,8000,0,0
1764861835.559912,545065,-24000,8000,0,0
1764861835.6092649,545115,-24000,8000,0,0
1764861835.659641,545165,-24000,8000,0,0
1764861835.709852,545215,-24000,8000,0,0
1764861835.760231,545265,-24000,8000,0,0
1764861835.8104231,545315,-24000,8000,0,0
1764861835.860822,545366,-24000,8000,0,0
1764861835.911181,545416,-24000,8000,0,0
1764861835.961375,545466,-24000,8000,0,0
1764861836.011765,545516,-24000,8000,0,0
1764861836.0621572,545566,-24000,8000,0,0
1764861836.112366,545616,-24000,8000,0,0
1764861836.1617112,545666,-24000,8000,0,0
1764861836.2119339,545716,-24000,8000,0,0
1764861836.2623308,545766,-24000,8000,0,0
1764861836.312695,545816,-24000,8000,0,0
1764861836.362921,545866,-24000,8000,0,0
1764861836.4133089,545916,-24000,8000,0,0
1764861836.462492,545966,-24000,8000,0,0
1764861836.5128782,546016,-24000,8000,0,0
1764861836.563055,546066,-24000,8000,0,0
1764861836.613503,546116,-24000,8000,0,0
1764861836.663705,546166,-24000,8000,0,0
1764861836.714111,546216,-24000,8000,0,0
1764861836.763455,546266,-24000,8000,0,0
1764861836.8136718,546316,-24000,8000,0,0
1764861836.864047,546366,-24000,8000,0,0
1764861836.914391,546416,-24000,8000,0,0
1764861836.964583,546466,-24000,8000,0,0
1764861837.01499,546516,-24000,8000,0,0
1764861837.064162,546566,-24000,8000,0,0
1764861837.11447,546616,-24000,8000,0,0
1764861837.164923,546666,-24000,8000,0,0
1764861837.215297,546716,-24000,8000,0,0
1764861837.26548,546766,-24000,8000,0,0
1764861837.314859,546816,-24000,8000,0,0
1764861837.365036,546866,-24000,8000,0,0
1764861837.415367,546916,-24000,8000,0,0
1764861837.465733,546966,-24000,8000,0,0
1764861837.516095,547016,-24000,8000,0,0
1764861837.5662909,547066,-24000,8000,0,0
1764861837.615658,547116,-24000,8000,0,0
1764861837.665998,547166,-24000,8000,0,0
1764861837.716199,547216,-24000,8000,0,0
1764861837.766592,547266,-24000,8000,0,0
1764861837.8169441,547316,-24000,8000,0,0
1764861837.867166,547366,-24000,8000,0,0
1764861837.916471,547416,-24000,8000,0,0
1764861837.966851,547466,-24000,8000,0,0
1764861838.017225,547516,-24000,8000,0,0
1764861838.0674071,547566,-24000,8000,0,0
1764861838.117787,547616,-24000,8000,0,0
1764861838.168162,547666,-24000,8000,0,0
1764861838.217396,547716,-24000,8000,0,0
1764861838.267724,547766,-24000,8000,0,0
1764861838.3179321,547816,-24000,8000,0,0
1764861838.368294,547866,-24000,8000,0,0
1764861838.418677,547916,-24000,8000,0,0
1764861838.468868,547966,-24000,8000,0,0
1764861838.5182998,548016,-24000,8000,0,0
1764861838.5686269,548066,-24000,8000,0,0
1764861838.618797,548116,-24000,8000,0,0
1764861838.669374,548166,-24000,8000,0,0
1764861838.719446,548216,-24000,8000,0,0
1764861838.769747,548267,-24000,8000,0,0
1764861838.820111,548317,-24000,8000,0,0
1764861838.870389,548367,-24000,8000,0,0
1764861838.920674,548417,-24000,8000,0,0
1764861838.97107,548467,-24000,8000,0,0
1764861839.021417,548517,-24000,8000,0,0
1764861839.070593,548567,-24000,8000,0,0
1764861839.120877,548617,-24000,8000,0,0
1764861839.1713438,548667,-24000,8000,0,0
1764861839.2215629,548717,-24000,8000,0,0
1764861839.271913,548767,-24000,8000,0,0
1764861839.3222961,548817,-24000,8000,0,0
1764861839.37143,548867,-24000,8000,0,0
1764861839.421781,548917,-24000,8000,0,0
1764861839.472159,548967,-24000,8000,0,0
1764861839.522353,549017,-24000,8000,0,0
1764861839.572696,549067,-24000,8000,0,0
1764861839.623046,549117,-24000,8000,0,0
1764861839.6723788,549167,-24000,8000,0,0
1764861839.7227561,549217,-24000,8000,0,0
1764861839.772943,549267,-24000,8000,0,0
1764861839.8233018,549317,-24000,8000,0,0
1764861839.8738282,549367,-24000,8000,0,0
1764861839.923871,549417,-24000,8000,0,0
1764861839.97327,549467,-24000,8000,0,0
1764861840.0235572,549517,-24000,8000,0,0
1764861840.073917,549567,-24000,8000,0,0
1764861840.1241229,549617,-24000,8000,0,0
1764861840.1744971,549667,-24000,8000,0,0
1764861840.2248828,549718,-24000,8000,0,0
1764861840.275053,549768,-24000,8000,0,0
1764861840.325431,549818,-24000,8000,0,0
1764861840.375786,549868,-24000,8000,0,0
1764861840.425985,549918,-24000,8000,0,0
1764861840.4763541,549968,-24000,8000,0,0
1764861840.525706,550018,-24000,8000,0,0
1764861840.575881,550068,-24000,8000,0,0
1764861840.626261,550118,-24000,8000,0,0
1764861840.676618,550168,-24000,8000,0,0
1764861840.7267962,550218,-24000,8000,0,0
1764861840.777156,550268,-24000,8000,0,0
1764861840.8265111,550318,-24000,8000,0,0
1764861840.876776,550368,-24000,8000,0,0
1764861840.927021,550418,-24000,8000,0,0
1764861840.9773922,550468,-24000,8000,0,0
1764861841.027754,550518,-24000,8000,0,0
1764861841.078115,550568,-24000,8000,0,0
1764861841.127435,550618,-24000,8000,0,0
1764861841.177622,550668,-24000,8000,0,0
1764861841.2280152,550718,-24000,8000,0,0
1764861841.278346,550768,-24000,8000,0,0
1764861841.328554,550818,-24000,8000,0,0
1764861841.378918,550868,-24000,8000,0,0
1764861841.428263,550918,-24000,8000,0,0
1764861841.478477,550968,-24000,8000,0,0
1764861841.528811,551018,-24000,8000,0,0
1764861841.579167,551068,-24000,8000,0,0
1764861841.629528,551118,-24000,8000,0,0
1764861841.678703,551168,-24000,8000,0,0
1764861841.7290611,551218,-24000,8000,0,0
1764861841.7794209,551268,-24000,8000,0,0
1764861841.82976,551318,-24000,8000,0,0
1764861841.879947,551368,-24000,8000,0,0
1764861841.930165,551418,-24000,8000,0,0
1764861841.979617,551468,-24000,8000,0,0
1764861842.0299819,551518,-24000,8000,0,0
1764861842.08032,551568,-24000,8000,0,0
1764861842.130482,551618,-24000,8000,0,0
1764861842.180853,551668,-24000,8000,0,0
1764861842.231251,551718,-24000,8000,0,0
1764861842.280544,551768,-24000,8000,0,0
1764861842.3308969,551818,-24000,8000,0,0
1764861842.381069,551868,-24000,8000,0,0
1764861842.431405,551918,-24000,8000,0,0
1764861842.48175,551968,-24000,8000,0,0
1764861842.532117,552018,-24000,8000,0,0
1764861842.581274,552068,-24000,8000,0,0
1764861842.6316328,552118,-24000,8000,0,0
1764861842.682,552168,-24000,8000,0,0
1764861842.732359,552218,-24000,8000,0,0
1764861842.782511,552268,-24000,8000,0,0
1764861842.832903,552318,-24000,8000,0,0
1764861842.882236,552368,-24000,8000,0,0
1764861842.932578,552418,-24000,8000,0,0
1764861842.982902,552468,-24000,8000,0,0
1764861843.032994,552518,-24000,8000,0,0
1764861843.083458,552568,-24000,8000,0,0
1764861843.133784,552619,-24000,8000,0,0
1764861843.184138,552669,-24000,8000,0,0
1764861843.234329,552719,-24000,8000,0,0
1764861843.284674,552769,-24000,8000,0,0
1764861843.335028,552819,-24000,8000,0,0
1764861843.3853939,552869,-24000,8000,0,0
1764861843.434685,552919,-24000,8000,0,0
1764861843.485038,552969,-24000,8000,0,0
1764861843.535221,553019,-24000,8000,0,0
1764861843.5855439,553069,-24000,8000,0,0
1764861843.635923,553119,-24000,8000,0,0
1764861843.686099,553169,-24000,8000,0,0
1764861843.7354,553219,-24000,8000,0,0
1764861843.785763,553269,-24000,8000,0,0
1764861843.836125,553319,-24000,8000,0,0
1764861843.886488,553369,-24000,8000,0,0
1764861843.936648,553419,-24000,8000,0,0
1764861843.986998,553469,-24000,8000,0,0
1764861844.036261,553519,-24000,8000,0,0
1764861844.0867121,553569,-24000,8000,0,0
1764861844.136893,553619,-24000,8000,0,0
1764861844.187235,553669,-24000,8000,0,0
1764861844.237618,553719,-24000,8000,0,0
1764861844.287959,553769,-24000,8000,0,0
1764861844.337285,553819,-24000,8000,0,0
1764861844.387486,553869,-24000,8000,0,0
1764861844.437838,553919,-24000,8000,0,0
1764861844.488183,553969,-24000,8000,0,0
1764861844.538543,554019,-24000,8000,0,0
1764861844.588715,554070,-24000,8000,0,0
1764861844.6390998,554120,-24000,8000,0,0
1764861844.68946,554170,-24000,8000,0,0
1764861844.73981,554220,-24000,8000,0,0
1764861844.789987,554270,-24000,8000,0,0
1764861844.840354,554320,-24000,8000,0,0
1764861844.889698,554370,-24000,8000,0,0
1764861844.939897,554420,-24000,8000,0,0
1764861844.990216,554470,-24000,8000,0,0
1764861845.040593,554520,-24000,8000,0,0
1764861845.090806,554570,-24000,8000,0,0
1764861845.1411772,554620,-24000,8000,0,0
1764861845.1904929,554670,-24000,8000,0,0
1764861845.240871,554720,-24000,8000,0,0
1764861845.2910452,554770,-24000,8000,0,0
1764861845.341442,554820,-24000,8000,0,0
1764861845.393656,554870,-24000,8000,0,0
1764861845.442213,554920,-24000,8000,0,0
1764861845.4912891,554970,-24000,8000,0,0
1764861845.5416782,555020,-24000,8000,0,0
1764861845.592021,555070,-24000,8000,0,0
1764861845.642226,555120,-24000,8000,0,0
1764861845.692585,555170,-24000,8000,0,0
1764861845.7429361,555220,-24000,8000,0,0
1764861845.792195,555270,-24000,8000,0,0
1764861845.842508,555320,-24000,8000,0,0
1764861845.892838,555370,-24000,8000,0,0
1764861845.9432168,555420,-24000,8000,0,0
1764861845.993391,555470,-24000,8000,0,0
1764861846.042772,555520,-24000,8000,0,0
1764861846.093183,555570,-24000,8000,0,0
1764861846.143308,555620,-24000,8000,0,0
1764861846.1937048,555670,-24000,8000,0,0
1764861846.2440598,555720,-24000,8000,0,0
1764861846.294265,555770,-24000,8000,0,0
1764861846.343599,555820,-24000,8000,0,0
1764861846.393972,555870,-24000,8000,0,0
1764861846.444202,555920,-24000,8000,0,0
1764861846.494595,555970,-24000,8000,0,0
1764861846.544967,556020,-24000,8000,0,0
1764861846.59528,556070,-24000,8000,0,0
1764861846.644474,556120,-24000,8000,0,0
1764861846.694828,556170,-24000,8000,0,0
1764861846.745039,556220,-24000,8000,0,0
1764861846.795394,556270,-24000,8000,0,0
1764861846.845761,556320,-24000,8000,0,0
1764861846.895875,556370,-24000,8000,0,0
1764861846.945281,556420,-24000,8000,0,0
1764861846.995637,556470,-24000,8000,0,0
1764861847.045977,556520,-24000,8000,0,0
1764861847.09633,556570,-24000,8000,0,0
1764861847.146522,556620,-24000,8000,0,0
1764861847.196853,556670,-24000,8000,0,0
1764861847.246197,556720,-24000,8000,0,0
1764861847.296549,556770,-24000,8000,0,0
1764861847.3467531,556820,-24000,8000,0,0
1764861847.397177,556870,-24000,8000,0,0
1764861847.447464,556920,-24000,8000,0,0
1764861847.497805,556971,-24000,8000,0,0
1764861847.5480268,557021,-24000,8000,0,0
1764861847.59835,557071,-24000,8000,0,0
1764861847.64864,557121,-24000,8000,0,0
1764861847.6991072,557171,-24000,8000,0,0
1764861847.74928,557221,-24000,8000,0,0
1764861847.798694,557271,-24000,8000,0,0
1764861847.8490722,557321,-24000,8000,0,0
1764861847.8990982,557371,-24000,8000,0,0
1764861847.949545,557421,-24000,8000,0,0
1764861847.9999208,557471,-24000,8000,0,0
1764861848.05019,557521,-24000,8000,0,0
1764861848.099361,557571,-24000,8000,0,0
1764861848.1497831,557621,-24000,8000,0,0
1764861848.200107,557671,-24000,8000,0,0
1764861848.2503848,557721,-24000,8000,0,0
1764861848.300683,557771,-24000,8000,0,0
1764861848.351022,557821,-24000,8000,0,0
1764861848.400347,557871,-24000,8000,0,0
1764861848.450714,557921,-24000,8000,0,0
1764861848.5008588,557971,-24000,8000,0,0
1764861848.551279,558021,-24000,8000,0,0
1764861848.60163,558071,-24000,8000,0,0
1764861848.651975,558121,-24000,8000,0,0
1764861848.701139,558171,-24000,8000,0,0
1764861848.751505,558221,-24000,8000,0,0
1764861848.801855,558271,-24000,8000,0,0
1764861848.852053,558321,-24000,8000,0,0
1764861848.902408,558371,-24000,8000,0,0
1764861848.952779,558422,-24000,8000,0,0
1764861849.003123,558472,-24000,8000,0,0
1764861849.0532951,558522,-24000,8000,0,0
1764861849.103625,558572,-24000,8000,0,0
1764861849.1539772,558622,-24000,8000,0,0
1764861849.20432,558672,-24000,8000,0,0
1764861849.253658,558722,-24000,8000,0,0
1764861849.3038568,558772,-24000,8000,0,0
1764861849.354218,558822,-24000,8000,0,0
1764861849.404552,558872,-24000,8000,0,0
1764861849.454939,558922,-24000,8000,0,0
1764861849.505117,558972,-24000,8000,0,0
1764861849.554446,559022,-24000,8000,0,0
1764861849.6048,559072,-24000,8000,0,0
1764861849.655078,559122,-24000,8000,0,0
1764861849.7053509,559172,-24000,8000,0,0
1764861849.755727,559222,-24000,8000,0,0
1764861849.806047,559272,-24000,8000,0,0
1764861849.8558779,559322,-24000,8000,0,0
1764861849.9056,559372,-24000,8000,0,0
1764861849.9559412,559422,-24000,8000,0,0
1764861850.006274,559472,-24000,8000,0,0
1764861850.056531,559522,-24000,8000,0,0
1764861850.106692,559572,-24000,8000,0,0
1764861850.156044,559622,-24000,8000,0,0
1764861850.206364,559672,-24000,8000,0,0
1764861850.256823,559722,-24000,8000,0,0
1764861850.3071501,559772,-24000,8000,0,0
1764861850.357543,559822,-24000,8000,0,0
1764861850.406667,559872,-24000,8000,0,0
1764861850.457027,559922,-24000,8000,0,0
1764861850.507391,559972,-24000,8000,0,0
1764861850.557718,560022,-24000,8000,0,0
1764861850.608135,560072,-24000,8000,0,0
1764861850.658259,560122,-24000,8000,0,0
1764861850.707598,560172,-24000,8000,0,0
1764861850.7579598,560222,-24000,8000,0,0
1764861850.808104,560272,-24000,8000,0,0
1764861850.858478,560322,-24000,8000,0,0
1764861850.908818,560372,-24000,8000,0,0
1764861850.959073,560422,-24000,8000,0,0
1764861851.008327,560472,-24000,8000,0,0
1764861851.0587058,560522,-24000,8000,0,0
1764861851.10912,560572,-24000,8000,0,0
1764861851.159401,560622,-24000,8000,0,0
1764861851.209758,560672,-24000,8000,0,0
1764861851.259947,560722,-24000,8000,0,0
1764861851.3092659,560772,-24000,8000,0,0
1764861851.359624,560822,-24000,8000,0,0
1764861851.409947,560872,-24000,8000,0,0
1764861851.46031,560922,-24000,8000,0,0
1764861851.5104861,560972,-24000,8000,0,0
1764861851.5608761,561022,-24000,8000,0,0
1764861851.610206,561072,-24000,8000,0,0
1764861851.660326,561122,-24000,8000,0,0
1764861851.710707,561172,-24000,8000,0,0
1764861851.761096,561222,-24000,8000,0,0
1764861851.811448,561272,-24000,8000,0,0
1764861851.8616161,561323,-24000,8000,0,0
1764861851.911975,561373,-24000,8000,0,0
1764861851.962348,561423,-24000,8000,0,0
1764861852.0126889,561473,-24000,8000,0,0
1764861852.063093,561523,-24000,8000,0,0
1764861852.1132002,561573,-24000,8000,0,0
1764861852.1625888,561623,-24000,8000,0,0
1764861852.2129102,561673,-24000,8000,0,0
1764861852.263273,561723,-24000,8000,0,0
1764861852.3135931,561773,-24000,8000,0,0
1764861852.3637419,561823,-24000,8000,0,0
1764861852.4141152,561873,-24000,8000,0,0
1764861852.463444,561923,-24000,8000,0,0
1764861852.513799,561973,-24000,8000,0,0
1764861852.5641441,562023,-24000,8000,0,0
1764861852.6144798,562073,-24000,8000,0,0
1764861852.664656,562123,-24000,8000,0,0
1764861852.7149818,562173,-24000,8000,0,0
1764861852.7643058,562223,-24000,8000,0,0
1764861852.814518,562273,-24000,8000,0,0
1764861852.864871,562323,-24000,8000,0,0
1764861852.915095,562373,-24000,8000,0,0
1764861852.965597,562423,-24000,8000,0,0
1764861853.015755,562473,-24000,8000,0,0
1764861853.065089,562523,-24000,8000,0,0
1764861853.115469,562573,-24000,8000,0,0
1764861853.165788,562623,-24000,8000,0,0
1764861853.216147,562673,-24000,8000,0,0
1764861853.266491,562723,-24000,8000,0,0
1764861853.3166668,562774,-24000,8000,0,0
1764861853.367079,562824,-24000,8000,0,0
1764861853.417355,562874,-24000,8000,0,0
1764861853.467633,562924,-24000,8000,0,0
1764861853.517878,562974,-24000,8000,0,0
1764861853.568201,563024,-24000,8000,0,0
1764861853.617541,563074,-24000,8000,0,0
1764861853.667906,563124,-24000,8000,0,0
1764861853.71816,563174,-24000,8000,0,0
1764861853.768594,563224,-24000,8000,0,0
1764861853.81871,563274,-24000,8000,0,0
1764861853.869139,563324,-24000,8000,0,0
1764861853.918459,563374,-24000,8000,0,0
1764861853.9688141,563424,-24000,8000,0,0
1764861854.0189812,563474,-24000,8000,0,0
1764861854.06933,563524,-24000,8000,0,0
1764861854.119673,563574,-24000,8000,0,0
1764861854.17007,563624,-24000,8000,0,0
1764861854.219264,563674,-24000,8000,0,0
1764861854.2695491,563724,-24000,8000,0,0
1764861854.319904,563774,-24000,8000,0,0
1764861854.37023,563824,-24000,8000,0,0
1764861854.420507,563874,-24000,8000,0,0
1764861854.470793,563924,-24000,8000,0,0
1764861854.520006,563974,-24000,8000,0,0
1764861854.570477,564024,-24000,8000,0,0
1764861854.620838,564074,-24000,8000,0,0
1764861854.670992,564124,-24000,8000,0,0
1764861854.721407,564174,-24000,8000,0,0
1764861854.770744,564224,-24000,8000,0,0
1764861854.8210912,564274,-24000,8000,0,0
1764861854.8712692,564324,-24000,8000,0,0
1764861854.921526,564374,-24000,8000,0,0
1764861854.971951,564424,-24000,8000,0,0
1764861855.02232,564474,-24000,8000,0,0
1764861855.071459,564524,-24000,8000,0,0
1764861855.121815,564574,-24000,8000,0,0
1764861855.172172,564624,-24000,8000,0,0
1764861855.2225149,564674,-24000,8000,0,0
1764861855.27288,564724,-24000,8000,0,0
1764861855.3230422,564774,-24000,8000,0,0
1764861855.372372,564824,-24000,8000,0,0
1764861855.422712,564874,-24000,8000,0,0
1764861855.4730828,564924,-24000,8000,0,0
1764861855.523415,564974,-24000,8000,0,0
1764861855.5735328,565024,-24000,8000,0,0
1764861855.623949,565074,-24000,8000,0,0
1764861855.673295,565124,-24000,8000,0,0
1764861855.7236469,565174,-24000,8000,0,0
1764861855.773857,565224,-24000,8000,0,0
1764861855.824211,565274,-24000,8000,0,0
1764861855.87454,565324,-24000,8000,0,0
1764861855.9249148,565374,-24000,8000,0,0
1764861855.973981,565424,-24000,8000,0,0
1764861856.024447,565474,-24000,8000,0,0
1764861856.074783,565524,-24000,8000,0,0
1764861856.125042,565574,-24000,8000,0,0
1764861856.1753302,565624,-24000,8000,0,0
1764861856.2256901,565675,-24000,8000,0,0
1764861856.276046,565725,-24000,8000,0,0
1764861856.326249,565775,-24000,8000,0,0
1764861856.3765912,565825,-24000,8000,0,0
1764861856.426943,565875,-24000,8000,0,0
1764861856.4773,565925,-24000,8000,0,0
1764861856.526659,565975,-24000,8000,0,0
1764861856.576809,566025,-24000,8000,0,0
1764861856.6271858,566075,-24000,8000,0,0
1764861856.6774368,566125,-24000,8000,0,0
1764861856.727923,566175,-24000,8000,0,0
1764861856.778091,566225,-24000,8000,0,0
1764861856.827425,566275,-24000,8000,0,0
1764861856.877752,566325,-24000,8000,0,0
1764861856.928073,566375,-24000,8000,0,0
1764861856.978383,566425,-24000,8000,0,0
1764861857.028654,566475,-24000,8000,0,0
1764861857.079058,566525,-24000,8000,0,0
1764861857.128326,566575,-24000,8000,0,0
1764861857.178506,566625,-24000,8000,0,0
1764861857.22885,566675,-24000,8000,0,0
1764861857.279211,566725,-24000,8000,0,0
1764861857.329556,566775,-24000,8000,0,0
1764861857.3797498,566825,-24000,8000,0,0
1764861857.428975,566875,-24000,8000,0,0
1764861857.479342,566925,-24000,8000,0,0
1764861857.529782,566975,-24000,8000,0,0
1764861857.580102,567025,-24000,8000,0,0
1764861857.630471,567075,-24000,8000,0,0
1764861857.680545,567126,-24000,8000,0,0
1764861857.7310212,567176,-24000,8000,0,0
1764861857.781375,567226,-24000,8000,0,0
1764861857.8317251,567276,-24000,8000,0,0
1764861857.8819,567326,-24000,8000,0,0
1764861857.9323032,567376,-24000,8000,0,0
1764861857.981633,567426,-24000,8000,0,0
1764861858.031821,567476,-24000,8000,0,0
1764861858.082166,567526,-24000,8000,0,0
1764861858.13253,567576,-24000,8000,0,0
1764861858.1828961,567626,-24000,8000,0,0
1764861858.2330759,567676,-24000,8000,0,0
1764861858.282429,567726,-24000,8000,0,0
1764861858.3327842,567776,-24000,8000,0,0
1764861858.382999,567826,-24000,8000,0,0
1764861858.433354,567876,-24000,8000,0,0
1764861858.483707,567926,-24000,8000,0,0
1764861858.533916,567976,-24000,8000,0,0
1764861858.583234,568026,-24000,8000,0,0
1764861858.633613,568076,-24000,8000,0,0
1764861858.684024,568126,-24000,8000,0,0
1764861858.734195,568176,-24000,8000,0,0
1764861858.784543,568226,-24000,8000,0,0
1764861858.8349252,568276,-24000,8000,0,0
1764861858.8840299,568326,-24000,8000,0,0
1764861858.934408,568376,-24000,8000,0,0
1764861858.984858,568426,-24000,8000,0,0
1764861859.035199,568476,-24000,8000,0,0
1764861859.085383,568526,-24000,8000,0,0
1764861859.134676,568576,-24000,8000,0,0
1764861859.18507,568626,-24000,8000,0,0
1764861859.2352588,568676,-24000,8000,0,0
1764861859.2856262,568726,-24000,8000,0,0
1764861859.336003,568776,-24000,8000,0,0
1764861859.386156,568826,-24000,8000,0,0
1764861859.4354932,568876,-24000,8000,0,0
1764861859.485835,568926,-24000,8000,0,0
1764861859.536192,568976,-24000,8000,0,0
1764861859.586508,569026,-24000,8000,0,0
1764861859.636884,569076,-24000,8000,0,0
1764861859.687059,569126,-24000,8000,0,0
1764861859.736396,569176,-24000,8000,0,0
1764861859.786738,569226,-24000,8000,0,0
1764861859.8371022,569276,-24000,8000,0,0
1764861859.8872828,569326,-24000,8000,0,0
1764861859.937649,569376,-24000,8000,0,0
1764861859.9880052,569426,-24000,8000,0,0
1764861860.037159,569476,-24000,8000,0,0
1764861860.0875,569526,-24000,8000,0,0
1764861860.137872,569576,-24000,8000,0,0
1764861860.188221,569626,-24000,8000,0,0
1764861860.2384179,569676,-24000,8000,0,0
1764861860.28879,569726,-24000,8000,0,0
1764861860.3381171,569776,-24000,8000,0,0
1764861860.388468,569826,-24000,8000,0,0
1764861860.438837,569876,-24000,8000,0,0
1764861860.488991,569926,-24000,8000,0,0
1764861860.5393548,569976,-24000,8000,0,0
1764861860.589695,570027,-24000,8000,0,0
1764861860.639957,570077,-24000,8000,0,0
1764861860.690391,570127,-24000,8000,0,0
1764861860.740553,570177,-24000,8000,0,0
1764861860.7908852,570227,-24000,8000,0,0
1764861860.841268,570277,-24000,8000,0,0
1764861860.89061,570327,-24000,8000,0,0
1764861860.940991,570377,-24000,8000,0,0
1764861860.9912808,570427,-24000,8000,0,0
1764861861.041452,570477,-24000,8000,0,0
1764861861.091763,570527,-24000,8000,0,0
1764861861.142134,570577,-24000,8000,0,0
1764861861.191315,570627,-24000,8000,0,0
1764861861.241639,570677,-24000,8000,0,0
1764861861.2920032,570727,-24000,8000,0,0
1764861861.3423119,570777,-24000,8000,0,0
1764861861.392747,570827,-24000,8000,0,0
1764861861.4429271,570877,-24000,8000,0,0
1764861861.492257,570927,-24000,8000,0,0
1764861861.542588,570977,-24000,8000,0,0
1764861861.592994,571027,-24000,8000,0,0
1764861861.64313,571077,-24000,8000,0,0
1764861861.693502,571127,-24000,8000,0,0
1764861861.7438579,571177,-24000,8000,0,0
1764861861.793205,571227,-24000,8000,0,0
1764861861.84353,571277,-24000,8000,0,0
1764861861.8936472,571327,-24000,8000,0,0
1764861861.943957,571377,-24000,8000,0,0
1764861861.994378,571427,-24000,8000,0,0
1764861862.044714,571478,-24000,8000,0,0
1764861862.0950952,571528,-24000,8000,0,0
1764861862.1452422,571578,-24000,8000,0,0
1764861862.195595,571628,-24000,8000,0,0
1764861862.245905,571678,-24000,8000,0,0
1764861862.296305,571728,-24000,8000,0,0
1764861862.3454452,571778,-24000,8000,0,0
1764861862.395803,571828,-24000,8000,0,0
1764861862.446041,571878,-24000,8000,0,0
1764861862.496476,571928,-24000,8000,0,0
1764861862.546842,571978,-24000,8000,0,0
1764861862.5970502,572028,-24000,8000,0,0
1764861862.646355,572078,-24000,8000,0,0
1764861862.6966982,572128,-24000,8000,0,0
1764861862.747037,572178,-24000,8000,0,0
1764861862.79739,572228,-24000,8000,0,0
1764861862.8475678,572278,-24000,8000,0,0
1764861862.8979552,572328,-24000,8000,0,0
1764861862.94725,572378,-24000,8000,0,0
1764861862.997576,572428,-24000,8000,0,0
1764861863.0479438,572478,-24000,8000,0,0
1764861863.0981162,572528,-24000,8000,0,0
1764861863.14848,572578,-24000,8000,0,0
1764861863.198802,572628,-24000,8000,0,0
1764861863.248179,572678,-24000,8000,0,0
1764861863.298361,572728,-24000,8000,0,0
1764861863.348703,572778,-24000,8000,0,0
1764861863.399043,572828,-24000,8000,0,0
1764861863.449295,572878,-24000,8000,0,0
1764861863.49875,572928,-24000,8000,0,0
1764861863.548938,572978,-24000,8000,0,0
1764861863.599253,573028,-24000,8000,0,0
1764861863.6496232,573078,-24000,8000,0,0
1764861863.699958,573128,-24000,8000,0,0
1764861863.750178,573178,-24000,8000,0,0
1764861863.7994921,573228,-24000,8000,0,0
1764861863.849848,573278,-24000,8000,0,0
1764861863.9001899,573328,-24000,8000,0,0
1764861863.950542,573378,-24000,8000,0,0
1764861864.0007098,573428,-24000,8000,0,0
1764861864.051075,573478,-24000,8000,0,0
1764861864.100374,573528,-24000,8000,0,0
1764861864.150573,573578,-24000,8000,0,0
1764861864.200932,573628,-24000,8000,0,0
1764861864.251314,573678,-24000,8000,0,0
1764861864.301662,573728,-24000,8000,0,0
1764861864.351993,573778,-24000,8000,0,0
1764861864.4011421,573828,-24000,8000,0,0
1764861864.4515269,573878,-24000,8000,0,0
1764861864.5019252,573928,-24000,8000,0,0
1764861864.552245,573978,-24000,8000,0,0
1764861864.602407,574028,-24000,8000,0,0
1764861864.652781,574078,-24000,8000,0,0
1764861864.702102,574128,-24000,8000,0,0
1764861864.7524328,574178,-24000,8000,0,0
1764861864.802681,574228,-24000,8000,0,0
1764861864.852968,574278,-24000,8000,0,0
1764861864.903423,574328,-24000,8000,0,0
1764861864.953604,574379,-24000,8000,0,0
1764861865.004,574429,-24000,8000,0,0
1764861865.054349,574479,-24000,8000,0,0
1764861865.104522,574529,-24000,8000,0,0
1764861865.154911,574579,-24000,8000,0,0
1764861865.2052622,574629,-24000,8000,0,0
1764861865.2545862,574679,-24000,8000,0,0
1764861865.3047628,574729,-24000,8000,0,0
1764861865.3551412,574779,-24000,8000,0,0
1764861865.4055018,574829,-24000,8000,0,0
1764861865.4556959,574879,-24000,8000,0,0
1764861865.506043,574929,-24000,8000,0,0
1764861865.5553951,574979,-24000,8000,0,0
1764861865.6057441,575029,-24000,8000,0,0
1764861865.655941,575079,-24000,8000,0,0
1764861865.7062972,575129,-24000,8000,0,0
1764861865.75667,575179,-24000,8000,0,0
1764861865.806889,575229,-24000,8000,0,0
1764861865.856192,575279,-24000,8000,0,0
1764861865.906533,575329,-24000,8000,0,0
1764861865.956922,575379,-24000,8000,0,0
1764861866.007276,575429,-24000,8000,0,0
1764861866.057496,575479,-24000,8000,0,0
1764861866.107815,575529,-24000,8000,0,0
1764861866.1571572,575579,-24000,8000,0,0
1764861866.207329,575629,-24000,8000,0,0
1764861866.257688,575679,-24000,8000,0,0
1764861866.308038,575729,-24000,8000,0,0
1764861866.358405,575779,-24000,8000,0,0
1764861866.408766,575830,-24000,8000,0,0
1764861866.458953,575880,-24000,8000,0,0
1764861866.5093088,575930,-24000,8000,0,0
1764861866.559679,575980,-24000,8000,0,0
1764861866.6098711,576030,-24000,8000,0,0
1764861866.660224,576080,-24000,8000,0,0
1764861866.7095711,576130,-24000,8000,0,0
1764861866.759753,576180,-24000,8000,0,0
1764861866.810103,576230,-24000,8000,0,0
1764861866.8604732,576280,-24000,8000,0,0
1764861866.9108858,576330,-24000,8000,0,0
1764861866.9610271,576380,-24000,8000,0,0
1764861867.010349,576430,-24000,8000,0,0
1764861867.060715,576480,-24000,8000,0,0
1764861867.111081,576530,-24000,8000,0,0
1764861867.1612601,576580,-24000,8000,0,0
1764861867.211627,576630,-24000,8000,0,0
1764861867.2619982,576680,-24000,8000,0,0
1764861867.311111,576730,-24000,8000,0,0
1764861867.361436,576780,-24000,8000,0,0
1764861867.411807,576830,-24000,8000,0,0
1764861867.462288,576880,-24000,8000,0,0
1764861867.512477,576930,-24000,8000,0,0
1764861867.562885,576980,-24000,8000,0,0
1764861867.6120079,577030,-24000,8000,0,0
1764861867.662337,577080,-24000,8000,0,0
1764861867.712724,577130,-24000,8000,0,0
1764861867.7630951,577180,-24000,8000,0,0
1764861867.813296,577230,-24000,8000,0,0
1764861867.8626392,577280,-24000,8000,0,0
1764861867.912917,577330,-24000,8000,0,0
1764861867.9631948,577380,-24000,8000,0,0
1764861868.013442,577430,-24000,8000,0,0
1764861868.0639129,577480,-24000,8000,0,0
1764861868.1142652,577530,-24000,8000,0,0
1764861868.163423,577580,-24000,8000,0,0
1764861868.2137861,577630,-24000,8000,0,0
1764861868.264161,577680,-24000,8000,0,0
1764861868.314498,577730,-24000,8000,0,0
1764861868.364883,577780,-24000,8000,0,0
1764861868.415045,577830,-24000,8000,0,0
1764861868.464406,577880,-24000,8000,0,0
1764861868.514772,577930,-24000,8000,0,0
1764861868.56493,577980,-24000,8000,0,0
1764861868.615283,578030,-24000,8000,0,0
1764861868.665629,578080,-24000,8000,0,0
1764861868.715924,578130,-24000,8000,0,0
1764861868.765193,578180,-24000,8000,0,0
1764861868.815522,578230,-24000,8000,0,0
1764861868.865771,578280,-24000,8000,0,0
1764861868.916076,578330,-24000,8000,0,0
1764861868.966443,578380,-24000,8000,0,0
1764861869.016881,578430,-24000,8000,0,0
1764861869.0661278,578480,-24000,8000,0,0
1764861869.116332,578530,-24000,8000,0,0
1764861869.166667,578580,-24000,8000,0,0
1764861869.217057,578630,-24000,8000,0,0
1764861869.2673411,578680,-24000,8000,0,0
1764861869.317621,578731,-24000,8000,0,0
1764861869.367977,578781,-24000,8000,0,0
1764861869.418337,578831,-24000,8000,0,0
1764861869.4685519,578881,-24000,8000,0,0
1764861869.518902,578931,-24000,8000,0,0
1764861869.5691679,578981,-24000,8000,0,0
1764861869.618452,579031,-24000,8000,0,0
1764861869.6688519,579081,-24000,8000,0,0
1764861869.7191622,579131,-24000,8000,0,0
1764861869.769388,579181,-24000,8000,0,0
1764861869.819768,579231,-24000,8000,0,0
1764861869.870144,579281,-24000,8000,0,0
1764861869.919323,579331,-24000,8000,0,0
1764861869.9696882,579381,-24000,8000,0,0
1764861870.019961,579431,-24000,8000,0,0
1764861870.070303,579481,-24000,8000,0,0
1764861870.1205068,579531,-24000,8000,0,0
1764861870.171009,579581,-24000,8000,0,0
1764861870.220299,579631,-24000,8000,0,0
1764861870.2704792,579681,-24000,8000,0,0
1764861870.320857,579731,-24000,8000,0,0
1764861870.3711941,579781,-24000,8000,0,0
1764861870.421587,579831,-24000,8000,0,0
1764861870.471767,579881,-24000,8000,0,0
1764861870.521097,579931,-24000,8000,0,0
1764861870.571299,579981,-24000,8000,0,0
1764861870.621658,580031,-24000,8000,0,0
1764861870.671922,580081,-24000,8000,0,0
1764861870.7224011,580131,-24000,8000,0,0
1764861870.7725859,580182,-24000,8000,0,0
1764861870.822932,580232,-24000,8000,0,0
1764861870.873287,580282,-24000,8000,0,0
1764861870.9236429,580332,-24000,8000,0,0
1764861870.973783,580382,-24000,8000,0,0
1764861871.024174,580432,-24000,8000,0,0
1764861871.0735,580482,-24000,8000,0,0
1764861871.1238668,580532,-24000,8000,0,0
1764861871.1740339,580582,-24000,8000,0,0
1764861871.224417,580632,-24000,8000,0,0
1764861871.274822,580682,-24000,8000,0,0
1764861871.3251588,580732,-24000,8000,0,0
1764861871.374327,580782,-24000,8000,0,0
1764861871.424694,580832,-24000,8000,0,0
1764861871.475046,580882,-24000,8000,0,0
1764861871.525246,580932,-24000,8000,0,0
1764861871.5756202,580982,-24000,8000,0,0
1764861871.625972,581032,-24000,8000,0,0
1764861871.6751418,581082,-24000,8000,0,0
1764861871.725496,581132,-24000,8000,0,0
1764861871.77584,581182,-24000,8000,0,0
1764861871.826224,581232,-24000,8000,0,0
1764861871.8764071,581282,-24000,8000,0,0
1764861871.926843,581332,-24000,8000,0,0
1764861871.97612,581382,-24000,8000,0,0
1764861872.0263941,581432,-24000,8000,0,0
1764861872.076677,581482,-24000,8000,0,0
1764861872.127032,581532,-24000,8000,0,0
1764861872.1774058,581582,-24000,8000,0,0
1764861872.2265751,581632,-24000,8000,0,0
1764861872.2769642,581682,-24000,8000,0,0
1764861872.327311,581732,-24000,8000,0,0
1764861872.3776672,581782,-24000,8000,0,0
1764861872.427862,581832,-24000,8000,0,0
1764861872.478209,581882,-24000,8000,0,0
1764861872.527553,581932,-24000,8000,0,0
1764861872.577721,581982,-24000,8000,0,0
1764861872.628065,582032,-24000,8000,0,0
1764861872.678406,582082,-24000,8000,0,0
1764861872.728746,582132,-24000,8000,0,0
1764861872.779098,582182,-24000,8000,0,0
1764861872.828276,582232,-24000,8000,0,0
1764861872.87863,582282,-24000,8000,0,0
1764861872.9289558,582332,-24000,8000,0,0
1764861872.97931,582382,-24000,8000,0,0
1764861873.029632,582432,-24000,8000,0,0
1764861873.079839,582482,-24000,8000,0,0
1764861873.1291971,582532,-24000,8000,0,0
1764861873.179549,582582,-24000,8000,0,0
1764861873.229898,582632,-24000,8000,0,0
1764861873.280071,582682,-24000,8000,0,0
1764861873.3303602,582732,-24000,8000,0,0
1764861873.380811,582782,-24000,8000,0,0
1764861873.4299881,582832,-24000,8000,0,0
1764861873.480305,582882,-24000,8000,0,0
1764861873.5306802,582932,-24000,8000,0,0
1764861873.5810401,582982,-24000,8000,0,0
1764861873.631246,583032,-24000,8000,0,0
1764861873.681561,583083,-24000,8000,0,0
1764861873.731934,583133,-24000,8000,0,0
1764861873.7823098,583183,-24000,8000,0,0
1764861873.832455,583233,-24000,8000,0,0
1764861873.8828359,583283,-24000,8000,0,0
1764861873.933196,583333,-24000,8000,0,0
1764861873.982543,583383,-24000,8000,0,0
1764861874.032875,583433,-24000,8000,0,0
1764861874.083076,583483,-24000,8000,0,0
1764861874.133447,583533,-24000,8000,0,0
1764861874.183799,583583,-24000,8000,0,0
1764861874.233988,583633,-24000,8000,0,0
1764861874.28336,583683,-24000,8000,0,0
1764861874.3336709,583733,-24000,8000,0,0
1764861874.384043,583783,-24000,8000,0,0
1764861874.434238,583833,-24000,8000,0,0
1764861874.484511,583883,-24000,8000,0,0
1764861874.534942,583933,-24000,8000,0,0
1764861874.584265,583983,-24000,8000,0,0
1764861874.634439,584033,-24000,8000,0,0
1764861874.6847749,584083,-24000,8000,0,0
1764861874.7351522,584133,-24000,8000,0,0
1764861874.785522,584183,-24000,8000,0,0
1764861874.8356879,584233,-24000,8000,0,0
1764861874.88502,584283,-24000,8000,0,0
1764861874.935352,584333,-24000,8000,0,0
1764861874.9857762,584383,-24000,8000,0,0
1764861875.035981,584433,-24000,8000,0,0
1764861875.086266,584483,-24000,8000,0,0
1764861875.136655,584534,-24000,8000,0,0
1764861875.186995,584584,-24000,8000,0,0
1764861875.2371771,584634,-24000,8000,0,0
1764861875.287544,584684,-24000,8000,0,0
1764861875.3379,584734,-24000,8000,0,0
1764861875.3882508,584784,-24000,8000,0,0
1764861875.437554,584834,-24000,8000,0,0
1764861875.487802,584884,-24000,8000,0,0
1764861875.538147,584934,-24000,8000,0,0
1764861875.588493,584984,-24000,8000,0,0
1764861875.6386812,585034,-24000,8000,0,0
1764861875.68903,585084,-24000,8000,0,0
1764861875.7383978,585134,-24000,8000,0,0
1764861875.7886012,585184,-24000,8000,0,0
1764861875.838996,585234,-24000,8000,0,0
1764861875.889314,585284,-24000,8000,0,0
1764861875.9396539,585334,-24000,8000,0,0
1764861875.989859,585384,-24000,8000,0,0
1764861876.039166,585434,-24000,8000,0,0
1764861876.089542,585484,-24000,8000,0,0
1764861876.1398919,585534,-24000,8000,0,0
1764861876.190037,585584,-24000,8000,0,0
1764861876.240395,585634,-24000,8000,0,0
1764861876.290754,585684,-24000,8000,0,0
1764861876.340065,585734,-24000,8000,0,0
1764861876.390421,585784,-24000,8000,0,0
1764861876.440802,585834,-24000,8000,0,0
1764861876.4909492,585884,-24000,8000,0,0
1764861876.541326,585934,-24000,8000,0,0
1764861876.590644,585984,-24000,8000,0,0
1764861876.641108,586034,-24000,8000,0,0
1764861876.69118,586084,-24000,8000,0,0
1764861876.741521,586134,-24000,8000,0,0
1764861876.791883,586184,-24000,8000,0,0
1764861876.842266,586234,-24000,8000,0,0
1764861876.891401,586284,-24000,8000,0,0
1764861876.941756,586334,-24000,8000,0,0
1764861876.992107,586384,-24000,8000,0,0
1764861877.042444,586434,-24000,8000,0,0
1764861877.092608,586484,-24000,8000,0,0
1764861877.142984,586534,-24000,8000,0,0
1764861877.192321,586584,-24000,8000,0,0
1764861877.2426739,586634,-24000,8000,0,0
1764861877.293037,586684,-24000,8000,0,0
1764861877.343198,586734,-24000,8000,0,0
1764861877.3935459,586784,-24000,8000,0,0
1764861877.4439082,586834,-24000,8000,0,0
1764861877.493203,586884,-24000,8000,0,0
1764861877.543597,586934,-24000,8000,0,0
1764861877.593746,586984,-24000,8000,0,0
1764861877.644108,587034,-24000,8000,0,0
1764861877.69444,587084,-24000,8000,0,0
1764861877.744781,587134,-24000,8000,0,0
1764861877.7939389,587184,-24000,8000,0,0
1764861877.844298,587234,-24000,8000,0,0
1764861877.894638,587284,-24000,8000,0,0
1764861877.9456031,587334,-24000,8000,0,0
1764861877.995314,587384,-24000,8000,0,0
1764861878.045664,587435,-24000,8000,0,0
1764861878.09585,587485,-24000,8000,0,0
1764861878.146156,587535,-24000,8000,0,0
1764861878.196511,587585,-24000,8000,0,0
1764861878.246851,587635,-24000,8000,0,0
1764861878.297166,587685,-24000,8000,0,0
1764861878.346478,587735,-24000,8000,0,0
1764861878.396841,587785,-24000,8000,0,0
1764861878.447159,587835,-24000,8000,0,0
1764861878.497335,587885,-24000,8000,0,0
1764861878.54776,587935,-24000,8000,0,0
1764861878.598017,587985,-24000,8000,0,0
1764861878.6473331,588035,-24000,8000,0,0
1764861878.697736,588085,-24000,8000,0,0
1764861878.748016,588135,-24000,8000,0,0
1764861878.7982159,588185,-24000,8000,0,0
1764861878.8485498,588235,-24000,8000,0,0
1764861878.898901,588285,-24000,8000,0,0
1764861878.948245,588335,-24000,8000,0,0
1764861878.998425,588385,-24000,8000,0,0
1764861879.0487812,588435,-24000,8000,0,0
1764861879.099133,588485,-24000,8000,0,0
1764861879.149459,588535,-24000,8000,0,0
1764861879.19981,588585,-24000,8000,0,0
1764861879.249042,588635,-24000,8000,0,0
1764861879.299305,588685,-24000,8000,0,0
1764861879.34964,588735,-24000,8000,0,0
1764861879.3999932,588785,-24000,8000,0,0
1764861879.450357,588835,-24000,8000,0,0
1764861879.50073,588886,-24000,8000,0,0
1764861879.5508962,588936,-24000,8000,0,0
1764861879.6012402,588986,-24000,8000,0,0
1764861879.651572,589036,-24000,8000,0,0
1764861879.701942,589086,-24000,8000,0,0
1764861879.752096,589136,-24000,8000,0,0
1764861879.801445,589186,-24000,8000,0,0
1764861879.8517902,589236,-24000,8000,0,0
1764861879.902157,589286,-24000,8000,0,0
1764861879.952516,589336,-24000,8000,0,0
1764861880.002711,589386,-24000,8000,0,0
1764861880.0530298,589436,-24000,8000,0,0
1764861880.10236,589486,-24000,8000,0,0
1764861880.152663,589536,-24000,8000,0,0
1764861880.202882,589586,-24000,8000,0,0
1764861880.2531881,589636,-24000,8000,0,0
1764861880.30356,589686,-24000,8000,0,0
1764861880.3539011,589736,-24000,8000,0,0
1764861880.403241,589786,-24000,8000,0,0
1764861880.453585,589836,-24000,8000,0,0
1764861880.503777,589886,-24000,8000,0,0
1764861880.5540931,589936,-24000,8000,0,0
1764861880.6044421,589986,-24000,8000,0,0
1764861880.6547709,590036,-24000,8000,0,0
1764861880.704133,590086,-24000,8000,0,0
1764861880.754291,590136,-24000,8000,0,0
1764861880.804693,590186,-24000,8000,0,0
1764861880.8550332,590236,-24000,8000,0,0
1764861880.905377,590286,-24000,8000,0,0
1764861880.954518,590336,-24000,8000,0,0
1764861881.004857,590386,-24000,8000,0,0
1764861881.055226,590436,-24000,8000,0,0
1764861881.105591,590486,-24000,8000,0,0
1764861881.155745,590536,-24000,8000,0,0
1764861881.2061162,590586,-24000,8000,0,0
1764861881.255418,590636,-24000,8000,0,0
1764861881.305773,590686,-24000,8000,0,0
1764861881.356113,590736,-24000,8000,0,0
1764861881.4063098,590786,-24000,8000,0,0
1764861881.456714,590836,-24000,8000,0,0
1764861881.506996,590886,-24000,8000,0,0
1764861881.556351,590936,-24000,8000,0,0
1764861881.606712,590986,-24000,8000,0,0
1764861881.656867,591036,-24000,8000,0,0
1764861881.707233,591086,-24000,8000,0,0
1764861881.7575428,591136,-24000,8000,0,0
1764861881.8078148,591186,-24000,8000,0,0
1764861881.8570628,591236,-24000,8000,0,0
1764861881.907413,591286,-24000,8000,0,0
1764861881.957757,591336,-24000,8000,0,0
1764861882.008121,591386,-24000,8000,0,0
1764861882.0584488,591436,-24000,8000,0,0
1764861882.108696,591486,-24000,8000,0,0
1764861882.15796,591536,-24000,8000,0,0
1764861882.208321,591586,-24000,8000,0,0
1764861882.258684,591636,-24000,8000,0,0
1764861882.3090339,591686,-24000,8000,0,0
1764861882.359345,591736,-24000,8000,0,0
1764861882.4095309,591787,-24000,8000,0,0
1764861882.4598799,591837,-24000,8000,0,0
1764861882.510229,591887,-24000,8000,0,0
1764861882.560597,591937,-24000,8000,0,0
1764861882.6107678,591987,-24000,8000,0,0
1764861882.661129,592037,-24000,8000,0,0
1764861882.710485,592087,-24000,8000,0,0
1764861882.760819,592137,-24000,8000,0,0
1764861882.8110452,592187,-24000,8000,0,0
1764861882.861399,592237,-24000,8000,0,0
1764861882.911767,592287,-24000,8000,0,0
1764861882.9621,592337,-24000,8000,0,0
1764861883.0112598,592387,-24000,8000,0,0
1764861883.0616739,592437,-24000,8000,0,0
1764861883.111986,592487,-24000,8000,0,0
1764861883.162209,592537,-24000,8000,0,0
1764861883.212557,592587,-24000,8000,0,0
1764861883.262889,592637,-24000,8000,0,0
1764861883.312242,592687,-24000,8000,0,0
1764861883.365723,592737,-24000,8000,0,0
1764861883.41281,592787,-24000,8000,0,0
1764861883.463156,592837,-24000,8000,0,0
1764861883.513363,592887,-24000,8000,0,0
1764861883.563721,592937,-24000,8000,0,0
1764861883.61306,592987,-24000,8000,0,0
1764861883.663438,593037,-24000,8000,0,0
1764861883.7136781,593087,-24000,8000,0,0
1764861883.7639759,593137,-24000,8000,0,0
1764861883.814343,593187,-24000,8000,0,0
1764861883.864562,593238,-24000,8000,0,0
1764861883.914923,593288,-24000,8000,0,0
1764861883.965186,593338,-24000,8000,0,0
1764861884.015511,593388,-24000,8000,0,0
1764861884.0658739,593438,-24000,8000,0,0
1764861884.1162329,593488,-24000,8000,0,0
1764861884.165408,593538,-24000,8000,0,0
1764861884.215787,593588,-24000,8000,0,0
1764861884.2661288,593638,-24000,8000,0,0
1764861884.3163378,593688,-24000,8000,0,0
1764861884.366698,593738,-24000,8000,0,0
1764861884.4170518,593788,-24000,8000,0,0
1764861884.466242,593838,-24000,8000,0,0
1764861884.516661,593888,-24000,8000,0,0
1764861884.566967,593938,-24000,8000,0,0
1764861884.617313,593988,-24000,8000,0,0
1764861884.66751,594038,-24000,8000,0,0
1764861884.717891,594088,-24000,8000,0,0
1764861884.767209,594138,-24000,8000,0,0
1764861884.817583,594188,-24000,8000,0,0
1764861884.867778,594238,-24000,8000,0,0
1764861884.91813,594288,-24000,8000,0,0
1764861884.968503,594338,-24000,8000,0,0
1764861885.0187001,594388,-24000,8000,0,0
1764861885.06804,594438,-24000,8000,0,0
1764861885.1182542,594488,-24000,8000,0,0
1764861885.1686442,594538,-24000,8000,0,0
1764861885.219004,594588,-24000,8000,0,0
1764861885.269315,594638,-24000,8000,0,0
1764861885.318507,594688,-24000,8000,0,0
1764861885.368876,594738,-24000,8000,0,0
1764861885.419208,594788,-24000,8000,0,0
1764861885.469573,594838,-24000,8000,0,0
1764861885.5197482,594888,-24000,8000,0,0
1764861885.570098,594938,-24000,8000,0,0
1764861885.619433,594988,-24000,8000,0,0
1764861885.669796,595038,-24000,8000,0,0
1764861885.720011,595088,-24000,8000,0,0
1764861885.770337,595138,-24000,8000,0,0
1764861885.820708,595188,-24000,8000,0,0
1764861885.8710568,595238,-24000,8000,0,0
1764861885.9202628,595288,-24000,8000,0,0
1764861885.9706361,595338,-24000,8000,0,0
1764861886.0209699,595388,-24000,8000,0,0
1764861886.071136,595438,-24000,8000,0,0
1764861886.121424,595488,-24000,8000,0,0
1764861886.171864,595538,-24000,8000,0,0
1764861886.2212071,595588,-24000,8000,0,0
1764861886.271372,595638,-24000,8000,0,0
1764861886.321735,595688,-24000,8000,0,0
1764861886.3721159,595738,-24000,8000,0,0
1764861886.4224582,595788,-24000,8000,0,0
1764861886.472661,595838,-24000,8000,0,0
1764861886.521995,595888,-24000,8000,0,0
1764861886.572347,595938,-24000,8000,0,0
1764861886.62269,595988,-24000,8000,0,0
1764861886.672867,596038,-24000,8000,0,0
1764861886.723243,596088,-24000,8000,0,0
1764861886.77362,596139,-24000,8000,0,0
1764861886.823928,596189,-24000,8000,0,0
1764861886.874293,596239,-24000,8000,0,0
1764861886.9244642,596289,-24000,8000,0,0
1764861886.974817,596339,-24000,8000,0,0
1764861887.025168,596389,-24000,8000,0,0
1764861887.074477,596439,-24000,8000,0,0
1764861887.1246898,596489,-24000,8000,0,0
1764861887.175036,596539,-24000,8000,0,0
1764861887.225387,596589,-24000,8000,0,0
1764861887.275717,596639,-24000,8000,0,0
1764861887.325929,596689,-24000,8000,0,0
1764861887.375245,596739,-24000,8000,0,0
1764861887.425605,596789,-24000,8000,0,0
1764861887.4759371,596839,-24000,8000,0,0
1764861887.526295,596889,-24000,8000,0,0
1764861887.5764632,596939,-24000,8000,0,0
1764861887.626807,596989,-24000,8000,0,0
1764861887.676157,597039,-24000,8000,0,0
1764861887.726513,597089,-24000,8000,0,0
1764861887.7768698,597139,-24000,8000,0,0
1764861887.827041,597189,-24000,8000,0,0
1764861887.877381,597239,-24000,8000,0,0
1764861887.927736,597289,-24000,8000,0,0
1764861887.977097,597339,-24000,8000,0,0
1764861888.027288,597389,-24000,8000,0,0
1764861888.077642,597439,-24000,8000,0,0
1764861888.128041,597489,-24000,8000,0,0
1764861888.178197,597539,-24000,8000,0,0
1764861888.228609,597590,-24000,8000,0,0
1764861888.278861,597640,-24000,8000,0,0
1764861888.329289,597690,-24000,8000,0,0
1764861888.379458,597740,-24000,8000,0,0
1764861888.4298391,597790,-24000,8000,0,0
1764861888.480202,597840,-24000,8000,0,0
1764861888.529394,597890,-24000,8000,0,0
1764861888.579767,597940,-24000,8000,0,0
1764861888.630089,597990,-24000,8000,0,0
1764861888.680444,598040,-24000,8000,0,0
1764861888.730644,598090,-24000,8000,0,0
1764861888.780983,598140,-24000,8000,0,0
1764861888.8303092,598190,-24000,8000,0,0
1764861888.880707,598240,-24000,8000,0,0
1764861888.930838,598290,-24000,8000,0,0
1764861888.98118,598340,-24000,8000,0,0
1764861889.031553,598390,-24000,8000,0,0
1764861889.081938,598440,-24000,8000,0,0
1764861889.1310642,598490,-24000,8000,0,0
1764861889.1814039,598540,-24000,8000,0,0
1764861889.2317498,598590,-24000,8000,0,0
1764861889.2821062,598640,-24000,8000,0,0
1764861889.332486,598690,-24000,8000,0,0
1764861889.382693,598740,-24000,8000,0,0
1764861889.431998,598790,-24000,8000,0,0
1764861889.482273,598840,-24000,8000,0,0
1764861889.532587,598890,-24000,8000,0,0
1764861889.582914,598940,-24000,8000,0,0
1764861889.63326,598990,-24000,8000,0,0
1764861889.6826282,599040,-24000,8000,0,0
1764861889.732817,599090,-24000,8000,0,0
1764861889.783155,599140,-24000,8000,0,0
1764861889.833567,599190,-24000,8000,0,0
1764861889.883892,599240,-24000,8000,0,0
1764861889.934067,599290,-24000,8000,0,0
1764861889.9834151,599340,-24000,8000,0,0
1764861890.033769,599390,-24000,8000,0,0
1764861890.084141,599440,-24000,8000,0,0
1764861890.134339,599490,-24000,8000,0,0
1764861890.184704,599540,-24000,8000,0,0
1764861890.235081,599590,-24000,8000,0,0
1764861890.284236,599640,-24000,8000,0,0
1764861890.334583,599690,-24000,8000,0,0
1764861890.384945,599740,-24000,8000,0,0
1764861890.435162,599790,-24000,8000,0,0
1764861890.4855082,599840,-24000,8000,0,0
1764861890.535838,599890,-24000,8000,0,0
1764861890.585161,599940,-24000,8000,0,0
1764861890.6355898,599990,-24000,8000,0,0
1764861890.6856918,600040,-24000,8000,0,0
1764861890.736077,600090,-24000,8000,0,0
1764861890.7864242,600140,-24000,8000,0,0
1764861890.8367739,600190,-24000,8000,0,0
1764861890.885956,600240,-24000,8000,0,0
1764861890.936317,600290,-24000,8000,0,0
1764861890.9867,600340,-24000,8000,0,0
1764861891.0369,600390,-24000,8000,0,0
1764861891.087265,600440,-24000,8000,0,0
1764861891.138172,600491,-24000,8000,0,0
1764861891.187961,600541,-24000,8000,0,0
1764861891.238157,600591,-24000,8000,0,0
1764861891.2885818,600641,-24000,8000,0,0
1764861891.338898,600691,-24000,8000,0,0
1764861891.3892171,600741,-24000,8000,0,0
1764861891.438369,600791,-24000,8000,0,0
1764861891.4887428,600841,-24000,8000,0,0
1764861891.539082,600891,-24000,8000,0,0
1764861891.589281,600941,-24000,8000,0,0
1764861891.639637,600991,-24000,8000,0,0
1764861891.690007,601041,-24000,8000,0,0
1764861891.7393532,601091,-24000,8000,0,0
1764861891.7896872,601141,-24000,8000,0,0
1764861891.839839,601191,-24000,8000,0,0
1764861891.8902268,601241,-24000,8000,0,0
1764861891.940581,601291,-24000,8000,0,0
1764861891.990762,601341,-24000,8000,0,0
1764861892.040131,601391,-24000,8000,0,0
1764861892.090573,601441,-24000,8000,0,0
1764861892.140853,601491,-24000,8000,0,0
1764861892.191055,601541,-24000,8000,0,0
1764861892.241332,601591,-24000,8000,0,0
1764861892.29182,601641,-24000,8000,0,0
1764861892.34095,601691,-24000,8000,0,0
1764861892.3913128,601741,-24000,8000,0,0
1764861892.441684,601791,-24000,8000,0,0
1764861892.4918778,601841,-24000,8000,0,0
1764861892.5422301,601891,-24000,8000,0,0
1764861892.592464,601942,-24000,8000,0,0
1764861892.6429372,601992,-24000,8000,0,0
1764861892.693104,602042,-24000,8000,0,0
1764861892.743546,602092,-24000,8000,0,0
1764861892.793749,602142,-24000,8000,0,0
1764861892.8440409,602192,-24000,8000,0,0
1764861892.893405,602242,-24000,8000,0,0
1764861892.943664,602292,-24000,8000,0,0
1764861892.994119,602342,-24000,8000,0,0
1764861893.0443141,602392,-24000,8000,0,0
1764861893.0946612,602442,-24000,8000,0,0
1764861893.145047,602492,-24000,8000,0,0
1764861893.194396,602542,-24000,8000,0,0
1764861893.244561,602592,-24000,8000,0,0
1764861893.294935,602642,-24000,8000,0,0
1764861893.345283,602692,-24000,8000,0,0
1764861893.395524,602742,-24000,8000,0,0
1764861893.445854,602792,-24000,8000,0,0
1764861893.4951732,602842,-24000,8000,0,0
1764861893.5453792,602892,-24000,8000,0,0
1764861893.5957289,602942,-24000,8000,0,0
1764861893.6460748,602992,-24000,8000,0,0
1764861893.6965399,603042,-24000,8000,0,0
1764861893.7466738,603092,-24000,8000,0,0
1764861893.796017,603142,-24000,8000,0,0
1764861893.846368,603192,-24000,8000,0,0
1764861893.896585,603242,-24000,8000,0,0
1764861893.946913,603292,-24000,8000,0,0
1764861893.9972649,603342,-24000,8000,0,0
1764861894.046617,603392,-24000,8000,0,0
1764861894.096799,603442,-24000,8000,0,0
1764861894.147191,603492,-24000,8000,0,0
1764861894.19754,603542,-24000,8000,0,0
1764861894.247744,603592,-24000,8000,0,0
1764861894.2980978,603642,-24000,8000,0,0
1764861894.347313,603692,-24000,8000,0,0
1764861894.3976388,603742,-24000,8000,0,0
1764861894.44804,603792,-24000,8000,0,0
1764861894.498352,603842,-24000,8000,0,0
1764861894.5485709,603892,-24000,8000,0,0
1764861894.598921,603942,-24000,8000,0,0
1764861894.648247,603992,-24000,8000,0,0
1764861894.698615,604042,-24000,8000,0,0
1764861894.748705,604092,-24000,8000,0,0
1764861894.79918,604142,-24000,8000,0,0
1764861894.8495228,604192,-24000,8000,0,0
1764861894.899934,604242,-24000,8000,0,0
1764861894.949072,604292,-24000,8000,0,0
1764861894.999404,604342,-24000,8000,0,0
1764861895.0497751,604392,-24000,8000,0,0
1764861895.100096,604442,-24000,8000,0,0
1764861895.1503549,604492,-24000,8000,0,0
1764861895.200672,604542,-24000,8000,0,0
1764861895.2500339,604592,-24000,8000,0,0
1764861895.300239,604642,-24000,8000,0,0
1764861895.3506188,604692,-24000,8000,0,0
1764861895.4009721,604742,-24000,8000,0,0
1764861895.451173,604792,-24000,8000,0,0
1764861895.5015402,604843,-24000,8000,0,0
1764861895.551935,604893,-24000,8000,0,0
1764861895.6021278,604943,-24000,8000,0,0
1764861895.652492,604993,-24000,8000,0,0
1764861895.70285,605043,-24000,8000,0,0
1764861895.753061,605093,-24000,8000,0,0
1764861895.802391,605143,-24000,8000,0,0
1764861895.8527281,605193,-24000,8000,0,0
1764861895.9031239,605243,-24000,8000,0,0
1764861895.9532852,605293,-24000,8000,0,0
1764861896.0036411,605343,-24000,8000,0,0
1764861896.053962,605393,-24000,8000,0,0
1764861896.103293,605443,-24000,8000,0,0
1764861896.153675,605493,-24000,8000,0,0
1764861896.203833,605543,-24000,8000,0,0
1764861896.254208,605593,-24000,8000,0,0
1764861896.304559,605643,-24000,8000,0,0
1764861896.354938,605693,-24000,8000,0,0
1764861896.404096,605743,-24000,8000,0,0
1764861896.454485,605793,-24000,8000,0,0
1764861896.504687,605843,-24000,8000,0,0
1764861896.555042,605893,-24000,8000,0,0
1764861896.605403,605943,-24000,8000,0,0
1764861896.655606,605993,-24000,8000,0,0
1764861896.704983,606043,-24000,8000,0,0
1764861896.755351,606093,-24000,8000,0,0
1764861896.805532,606143,-24000,8000,0,0
1764861896.855882,606193,-24000,8000,0,0
1764861896.906274,606243,-24000,8000,0,0
1764861896.956609,606294,-24000,8000,0,0
1764861897.010038,606344,-24000,8000,0,0
1764861897.0571861,606394,-24000,8000,0,0
1764861897.107538,606444,-24000,8000,0,0
1764861897.157752,606494,-24000,8000,0,0
1764861897.2081048,606544,-24000,8000,0,0
1764861897.257494,606594,-24000,8000,0,0
1764861897.3077781,606644,-24000,8000,0,0
1764861897.3579788,606694,-24000,8000,0,0
1764861897.4083478,606744,-24000,8000,0,0
1764861897.458709,606794,-24000,8000,0,0
1764861897.5090659,606844,-24000,8000,0,0
1764861897.558232,606894,-24000,8000,0,0
1764861897.6085901,606944,-24000,8000,0,0
1764861897.658807,606994,-24000,8000,0,0
1764861897.709163,607044,-24000,8000,0,0
1764861897.7595038,607094,-24000,8000,0,0
1764861897.809855,607144,-24000,8000,0,0
1764861897.8590379,607194,-24000,8000,0,0
1764861897.909473,607244,-24000,8000,0,0
1764861897.959757,607294,-24000,8000,0,0
1764861898.01014,607344,-24000,8000,0,0
1764861898.060311,607394,-24000,8000,0,0
1764861898.110692,607444,-24000,8000,0,0
1764861898.160015,607494,-24000,7992,0,0
1764861898.2103832,607544,-24000,7872,0,0
1764861898.26069,607594,-24000,7692,0,0
1764861898.311071,607644,-24000,7514,0,0
1764861898.361229,607694,-24000,7335,0,0
1764861898.4105651,607744,-24000,7159,0,0
1764861898.460922,607794,-24000,6979,0,0
1764861898.511279,607844,-24000,6800,0,0
1764861898.56161,607894,-24000,6621,0,0
1764861898.611806,607944,-24000,6442,0,0
1764861898.662153,607994,-24000,6263,0,0
1764861898.7116082,608044,-24000,6087,0,0
1764861898.7618802,608094,-24000,5908,0,0
1764861898.812202,608144,-24000,5729,0,0
1764861898.8623722,608194,-24000,5551,0,0
1764861898.91272,608244,-24000,5372,0,0
1764861898.9630752,608294,-24000,5193,0,0
1764861899.012453,608344,-24000,5018,0,0
1764861899.062757,608394,-24000,4839,0,0
1764861899.1129532,608444,-24000,4661,0,0
1764861899.163295,608494,-24000,4482,0,0
1764861899.213644,608544,-24000,4303,0,0
1764861899.263942,608594,-24000,4124,0,0
1764861899.313148,608644,-24000,3949,0,0
1764861899.363476,608694,-24000,3771,0,0
1764861899.414027,608744,-24000,3592,0,0
1764861899.464223,608794,-24000,3414,0,0
1764861899.5144498,608844,-24000,3236,0,0
1764861899.5647402,608894,-24000,3058,0,0
1764861899.614093,608944,-24000,2883,0,0
1764861899.664279,608994,-24000,2705,0,0
1764861899.714672,609044,-24000,2526,0,0
1764861899.765006,609094,-24000,2348,0,0
1764861899.8153212,609144,-24000,2170,0,0
1764861899.865839,609195,-24000,1991,0,0
1764861899.916032,609245,-24000,1813,0,0
1764861899.966194,609295,-24000,1635,0,0
1764861900.016611,609345,-24000,1456,0,0
1764861900.066902,609395,-24000,1278,0,0
1764861900.1174269,609445,-24000,1099,0,0
1764861900.166389,609495,-24000,925,0,0
1764861900.216919,609545,-24000,746,0,0
1764861900.2671201,609595,-24000,568,0,0
1764861900.3174431,609645,-24000,390,0,0
1764861900.367973,609695,-24000,211,0,0
1764861900.417987,609745,-24000,48,0,0
1764861900.4673269,609795,-24000,0,0,0
1764861900.517517,609845,-24000,0,0,0
1764861900.567837,609895,-24000,0,0,0
1764861900.6182148,609945,-24000,0,0,0
1764861900.668566,609995,-24000,0,0,0
1764861900.718913,610045,-24000,0,0,0
1764861900.768054,610095,-24000,0,0,0
1764861900.818454,610145,-24000,0,0,0
1764861900.8689768,610195,-24000,0,0,0
1764861900.9191191,610245,-24000,0,0,0
1764861900.9693289,610295,-24000,0,0,0
1764861901.019677,610345,-24000,0,0,0
1764861901.0690079,610395,-24000,0,0,0
1764861901.119168,610445,-24000,0,0,0
1764861901.169525,610495,-24000,0,0,0
1764861901.219876,610545,-24000,0,0,0
1764861901.2702239,610595,-24000,0,0,0
1764861901.3205602,610646,-24000,0,0,0
1764861901.3707361,610696,-24000,0,0,0
1764861901.421099,610746,-24000,0,0,0
1764861901.471443,610796,-24000,0,0,0
1764861901.521821,610846,-24000,0,0,0
1764861901.572177,610896,-24000,0,0,0
1764861901.621332,610946,-24000,0,0,0
1764861901.6716878,610996,-24000,0,0,0
1764861901.722028,611046,-24000,0,0,0
1764861901.7724118,611096,-24000,0,0,0
1764861901.822731,611146,-24000,0,0,0
1764861901.8729222,611196,-24000,0,0,0
1764861901.9221702,611246,-24000,0,0,0
1764861901.972597,611296,-24000,0,0,0
1764861902.022867,611346,-24000,0,0,0
1764861902.073133,611396,-24000,0,0,0
1764861902.123477,611446,-24000,0,0,0
1764861902.1738398,611496,-24000,0,0,0
1764861902.223145,611546,-24000,0,0,0
1764861902.273333,611596,-24000,0,0,0
1764861902.3237062,611646,-24000,0,0,0
1764861902.374013,611696,-24000,0,0,0
1764861902.424414,611746,-24000,0,0,0
1764861902.474595,611796,-24000,0,0,0
1764861902.523923,611846,-24000,0,0,0
1764861902.574288,611896,-24000,0,0,0
1764861902.624624,611946,-24000,0,0,0
1764861902.674956,611996,-24000,0,0,0
1764861902.725112,612046,-24000,0,0,0
1764861902.774463,612096,-24000,0,0,0
1764861902.824787,612146,-24000,0,0,0
1764861902.875114,612196,-24000,0,0,0
1764861902.925514,612246,-24000,0,0,0
1764861902.975851,612296,-24000,0,0,0
1764861903.026028,612346,-24000,0,0,0
1764861903.075389,612396,-24000,0,0,0
1764861903.125547,612446,-24000,0,0,0
1764861903.1758988,612496,-24000,0,0,0
1764861903.226254,612546,-24000,0,0,0
1764861903.2765079,612596,-24000,0,0,0
1764861903.326952,612646,-24000,0,0,0
1764861903.376281,612696,-24000,0,0,0
1764861903.4264488,612746,-24000,0,0,0
1764861903.4768178,612796,-24000,0,0,0
1764861903.527128,612846,-24000,0,0,0
1764861903.5775192,612896,-24000,0,0,0
1764861903.627839,612946,-24000,0,0,0
1764861903.6771588,612996,-24000,0,0,0
1764861903.727411,613046,-24000,0,0,0
1764861903.777677,613096,-24000,0,0,0
1764861903.828085,613146,-24000,0,0,0
1764861903.8784,613196,-24000,0,0,0
1764861903.928573,613246,-24000,0,0,0
1764861903.977924,613296,-24000,0,0,0
1764861904.0282838,613346,-24000,0,0,0
1764861904.07847,613396,-24000,0,0,0
1764861904.128808,613446,-24000,0,0,0
1764861904.179158,613496,-24000,0,0,0
1764861904.229536,613547,-24000,0,0,0
1764861904.279895,613597,-24000,0,0,0
1764861904.330067,613647,-24000,0,0,0
1764861904.380393,613697,-24000,0,0,0
1764861904.4307609,613747,-24000,0,0,0
1764861904.481127,613797,-24000,0,0,0
1764861904.5302851,613847,-24000,0,0,0
1764861904.580647,613897,-24000,0,0,0
1764861904.631009,613947,-24000,0,0,0
1764861904.681379,613997,-24000,0,0,0
1764861904.731536,614047,-24000,0,0,0
1764861904.7819068,614097,-24000,0,0,0
1764861904.83123,614147,-24000,0,0,0
1764861904.881651,614197,-24000,0,0,0
1764861904.931808,614247,-24000,0,0,0
1764861904.982155,614297,-24000,0,0,0
1764861905.032515,614347,-24000,0,0,0
1764861905.082853,614397,-24000,0,0,0
1764861905.1320362,614447,-24000,0,0,0
1764861905.182365,614497,-24000,0,0,0
1764861905.23272,614547,-24000,0,0,0
1764861905.283055,614597,-24000,0,0,0
1764861905.33323,614647,-24000,0,0,0
1764861905.383617,614697,-24000,0,0,0
1764861905.432878,614747,-24000,0,0,0
1764861905.4833012,614797,-24000,0,0,0
1764861905.533481,614847,-24000,0,0,0
1764861905.58385,614897,-24000,0,0,0
1764861905.634191,614947,-24000,0,0,0
1764861905.6845481,614998,-24000,0,0,0
1764861905.734733,615048,-24000,0,0,0
1764861905.78508,615098,-24000,0,0,0
1764861905.835478,615148,-24000,0,0,0
1764861905.885824,615198,-24000,0,0,0
1764861905.936128,615248,-24000,0,0,0
1764861905.985365,615298,-24000,0,0,0
1764861906.035676,615348,-24000,0,0,0
1764861906.086027,615398,-24000,0,0,0
1764861906.136361,615448,-24000,0,0,0
1764861906.186549,615498,-24000,0,0,0
1764861906.2369149,615548,-24000,0,0,0
1764861906.2862458,615598,-24000,0,0,0
1764861906.336501,615648,-24000,0,0,0
1764861906.386796,615698,-24000,0,0,0
1764861906.437115,615748,-24000,0,0,0
1764861906.487473,615798,-24000,0,0,0
1764861906.5378501,615848,-24000,0,0,0
1764861906.587004,615898,-24000,0,0,0
1764861906.637354,615948,-24000,0,0,0
1764861906.687704,615998,-24000,0,0,0
1764861906.738085,616048,-24000,0,0,0
1764861906.788259,616098,-24000,0,0,0
1764861906.838614,616148,-24000,0,0,0
1764861906.887948,616198,-24000,0,0,0
1764861906.938324,616248,-24000,0,0,0
1764861906.988655,616298,-24000,0,0,0
1764861907.038814,616348,-24000,0,0,0
1764861907.089203,616398,-24000,0,0,0
1764861907.138497,616448,-24000,0,0,0
1764861907.188726,616498,-24000,0,0,0
1764861907.23907,616548,-24000,0,0,0
1764861907.2893991,616598,-24000,0,0,0
1764861907.339783,616648,-24000,0,0,0
1764861907.389979,616698,-24000,0,0,0
1764861907.43933,616748,-24000,0,0,0
1764861907.4896598,616798,-24000,0,0,0
1764861907.5400279,616848,-24000,0,0,0
1764861907.590199,616898,-24000,0,0,0
1764861907.640565,616948,-24000,0,0,0
1764861907.6908019,616998,-24000,0,0,0
1764861907.7402492,617048,-24000,0,0,0
1764861907.790415,617098,-24000,0,0,0
1764861907.840789,617148,-24000,0,0,0
1764861907.891144,617198,-24000,0,0,0
1764861907.9414668,617248,-24000,0,0,0
1764861907.991829,617298,-24000,0,0,0
1764861908.040988,617348,-24000,0,0,0
1764861908.0913332,617398,-24000,0,0,0
1764861908.141718,617448,-24000,0,0,0
1764861908.191895,617498,-24000,0,0,0
1764861908.2422678,617548,-24000,0,0,0
1764861908.292633,617598,-24000,0,0,0
1764861908.341952,617648,-24000,0,0,0
1764861908.392128,617698,-24000,0,0,0
1764861908.442474,617748,-24000,0,0,0
1764861908.492832,617798,-24000,0,0,0
1764861908.543217,617848,-24000,0,0,0
1764861908.5933912,617899,-24000,0,0,0
1764861908.6437728,617949,-24000,0,0,0
1764861908.694134,617999,-24000,0,0,0
1764861908.744496,618049,-24000,0,0,0
1764861908.794682,618099,-24000,0,0,0
1764861908.845037,618149,-24000,0,0,0
1764861908.8943841,618199,-24000,0,0,0
1764861908.944559,618249,-24000,0,0,0
1764861908.99492,618299,-24000,0,0,0
1764861909.045315,618349,-24000,0,0,0
1764861909.095597,618399,-24000,0,0,0
1764861909.145983,618449,-24000,0,0,0
1764861909.195168,618499,-24000,0,0,0
1764861909.2455199,618549,-24000,0,0,0
1764861909.295707,618599,-24000,0,0,0
1764861909.34608,618649,-24000,0,0,0
1764861909.396425,618699,-24000,0,0,0
1764861909.446806,618749,-24000,0,0,0
1764861909.4959779,618799,-24000,0,0,0
1764861909.546232,618849,-24000,0,0,0
1764861909.5965838,618899,-24000,0,0,0
1764861909.6469948,618949,-24000,0,0,0
1764861909.697226,618999,-24000,0,0,0
1764861909.747561,619049,-24000,0,0,0
1764861909.796918,619099,-24000,0,0,0
1764861909.847312,619149,-24000,0,0,0
1764861909.8974578,619199,-24000,0,0,0
1764861909.947805,619249,-24000,0,0,0
1764861909.998162,619299,-24000,0,0,0
1764861910.048566,619350,-24000,0,0,0
1764861910.098725,619400,-24000,0,0,0
1764861910.149087,619450,-24000,0,0,0
1764861910.199415,619500,-24000,0,0,0
1764861910.24977,619550,-24000,0,0,0
1764861910.300107,619600,-24000,0,0,0
1764861910.3492968,619650,-24000,0,0,0
1764861910.399659,619700,-24000,0,0,0
1764861910.4498382,619750,-24000,0,0,0
1764861910.5002182,619800,-24000,0,0,0
1764861910.55059,619850,-24000,0,0,0
1764861910.6009579,619900,-24000,0,0,0
1764861910.6500962,619950,-24000,0,0,0
1764861910.700455,620000,-24000,0,0,0
1764861910.7508311,620050,-24000,0,0,0
1764861910.8011708,620100,-24000,0,0,0
1764861910.8514,620150,-24000,0,0,0
1764861910.901737,620200,-24000,0,0,0
1764861910.951095,620250,-24000,0,0,0
1764861911.001274,620300,-24000,0,0,0
1764861911.051658,620350,-24000,0,0,0
1764861911.1020339,620400,-24000,0,0,0
1764861911.152286,620450,-24000,0,0,0
1764861911.202593,620500,-24000,0,0,0
1764861911.251949,620550,-24000,0,0,0
1764861911.302141,620600,-24000,0,0,0
1764861911.35249,620650,-24000,0,0,0
1764861911.402862,620700,-24000,0,0,0
1764861911.453079,620750,-24000,0,0,0
1764861911.502387,620800,-24000,0,0,0
1764861911.552772,620850,-24000,0,0,0
1764861911.602995,620900,-24000,0,0,0
1764861911.653242,620950,-24000,0,0,0
1764861911.7037098,621000,-24000,0,0,0
1764861911.7540648,621050,-24000,0,0,0
1764861911.803297,621100,-24000,0,0,0
1764861911.85361,621150,-24000,0,0,0
1764861911.9039402,621200,-24000,0,0,0
1764861911.954308,621250,-24000,0,0,0
1764861912.00464,621300,-24000,0,0,0
1764861912.054828,621350,-24000,0,0,0
1764861912.104165,621400,-24000,0,0,0
1764861912.1545112,621450,-24000,0,0,0
1764861912.204714,621500,-24000,0,0,0
1764861912.2550201,621550,-24000,0,0,0
1764861912.305377,621600,-24000,0,0,0
1764861912.355765,621650,-24000,0,0,0
1764861912.4049659,621700,-24000,0,0,0
1764861912.455287,621750,-24000,0,0,0
1764861912.505684,621800,-24000,0,0,0
1764861912.556052,621850,-24000,0,0,0
1764861912.606184,621900,-24000,0,0,0
1764861912.656526,621950,-24000,0,0,0
1764861912.7058759,622000,-24000,0,0,0
1764861912.7562702,622050,-24000,0,0,0
1764861912.8064482,622100,-24000,0,0,0
1764861912.856808,622150,-24000,0,0,0
1764861912.907264,622200,-24000,0,0,0
1764861912.957389,622251,-24000,0,0,0
1764861913.0077581,622301,-24000,0,0,0
1764861913.058131,622351,-24000,0,0,0
1764861913.1083388,622401,-24000,0,0,0
1764861913.158699,622451,-24000,0,0,0
1764861913.2090292,622501,-24000,0,0,0
1764861913.258374,622551,-24000,0,0,0
1764861913.3085701,622601,-24000,0,0,0
1764861913.358921,622651,-24000,0,0,0
1764861913.4092958,622701,-24000,0,0,0
1764861913.459637,622751,-24000,0,0,0
1764861913.509829,622801,-24000,0,0,0
1764861913.559159,622851,-24000,0,0,0
1764861913.609364,622901,-24000,0,0,0
1764861913.659734,622951,-24000,0,0,0
1764861913.7101,623001,-24000,0,0,0
1764861913.76043,623051,-24000,0,0,0
1764861913.8106282,623101,-24000,0,0,0
1764861913.859888,623151,-24000,0,0,0
1764861913.910317,623201,-24000,0,0,0
1764861913.960664,623251,-24000,0,0,0
1764861914.011007,623301,-24000,0,0,0
1764861914.061263,623351,-24000,0,0,0
1764861914.111593,623401,-24000,0,0,0
1764861914.160888,623451,-24000,0,0,0
1764861914.211125,623501,-24000,0,0,0
1764861914.2614532,623551,-24000,0,0,0
1764861914.311842,623601,-24000,0,0,0
1764861914.362168,623651,-24000,0,0,0
1764861914.4124181,623702,-24000,0,0,0
1764861914.462784,623752,-24000,0,0,0
1764861914.513164,623802,-24000,0,0,0
1764861914.563255,623852,-24000,0,0,0
1764861914.613729,623902,-24000,0,0,0
1764861914.6641011,623952,-24000,0,0,0
1764861914.713276,624002,-24000,0,0,0
1764861914.763598,624052,-24000,0,0,0
1764861914.813997,624102,-24000,0,0,0
1764861914.8641741,624152,-24000,0,0,0
1764861914.914571,624202,-24000,0,0,0
1764861914.964897,624252,-24000,0,0,0
1764861915.014236,624302,-24000,0,0,0
1764861915.064424,624352,-24000,0,0,0
1764861915.114798,624402,-24000,0,0,0
1764861915.1651719,624452,-24000,0,0,0
1764861915.215348,624502,-24000,0,0,0
1764861915.265627,624552,-24000,0,0,0
1764861915.314955,624602,-24000,0,0,0
1764861915.3653498,624652,-24000,0,0,0
1764861915.415516,624702,-24000,0,0,0
1764861915.465861,624752,-24000,0,0,0
1764861915.516376,624802,-24000,0,0,0
1764861915.566695,624852,-24000,0,0,0
1764861915.615861,624902,-24000,0,0,0
1764861915.666265,624952,-24000,0,0,0
1764861915.7163992,625002,-24000,0,0,0
1764861915.766759,625052,-24000,0,0,0
1764861915.817146,625102,-24000,0,0,0
1764861915.866326,625152,-24000,0,0,0
1764861915.9166331,625202,-24000,0,0,0
1764861915.967038,625252,-24000,0,0,0
1764861916.017399,625302,-24000,0,0,0
1764861916.067605,625352,-24000,0,0,0
1764861916.117954,625402,-24000,0,0,0
1764861916.1672802,625452,-24000,0,0,0
1764861916.217639,625502,-24000,0,0,0
1764861916.2678661,625552,-24000,0,0,0
1764861916.318194,625602,-24000,0,0,0
1764861916.368609,625652,-24000,0,0,0
1764861916.4187891,625702,-24000,0,0,0
1764861916.468103,625752,-24000,0,0,0
1764861916.518487,625802,-24000,0,0,0
1764861916.56868,625852,-24000,0,0,0
1764861916.619029,625902,-24000,0,0,0
1764861916.669399,625952,-24000,0,0,0
1764861916.719739,626002,-24000,0,0,0
1764861916.768909,626052,-24000,0,0,0
1764861916.819285,626102,-24000,0,0,0
1764861916.869654,626152,-24000,0,0,0
1764861916.9198132,626202,-24000,0,0,0
1764861916.9702148,626252,-24000,0,0,0
1764861917.0205162,626302,-24000,0,0,0
1764861917.0698612,626352,-24000,0,0,0
1764861917.120233,626402,-24000,0,0,0
1764861917.170388,626452,-24000,0,0,0
1764861917.220732,626502,-24000,0,0,0
1764861917.2710881,626552,-24000,0,0,0
1764861917.321422,626603,-24000,0,0,0
1764861917.371766,626653,-24000,0,0,0
1764861917.421987,626703,-24000,0,0,0
1764861917.472345,626753,-24000,0,0,0
1764861917.522709,626803,-24000,0,0,0
1764861917.5730581,626853,-24000,0,0,0
1764861917.622251,626903,-24000,0,0,0
1764861917.6726358,626953,-24000,0,0,0
1764861917.722838,627003,-24000,0,0,0
1764861917.7732038,627053,-24000,0,0,0
1764861917.8235378,627103,-24000,0,0,0
1764861917.8739042,627153,-24000,0,0,0
1764861917.923071,627203,-24000,0,0,0
1764861917.973438,627253,-24000,0,0,0
1764861918.023768,627303,-24000,0,0,0
1764861918.0741172,627353,-24000,0,0,0
1764861918.124287,627403,-24000,0,0,0
1764861918.1746402,627453,-24000,0,0,0
1764861918.224187,627503,-24000,0,0,0
1764861918.274341,627553,-24000,0,0,0
1764861918.3245492,627603,-24000,0,0,0
1764861918.3749068,627653,-24000,0,0,0
1764861918.4252539,627703,-24000,0,0,0
1764861918.475638,627753,-24000,0,0,0
1764861918.5247989,627803,-24000,0,0,0
1764861918.5752032,627853,-24000,0,0,0
1764861918.625514,627903,-24000,0,0,0
1764861918.675719,627953,-24000,0,0,0
1764861918.726083,628003,-24000,0,0,0
1764861918.776453,628054,-24000,0,0,0
1764861918.8266509,628104,-24000,0,0,0
1764861918.877017,628154,-24000,0,0,0
1764861918.927351,628204,-24000,0,0,0
1764861918.9777331,628254,-24000,0,0,0
1764861919.027933,628304,-24000,0,0,0
1764861919.077276,628354,-24000,0,0,0
1764861919.127574,628404,-24000,0,0,0
1764861919.177828,628454,-24000,0,0,0
1764861919.228189,628504,-24000,0,0,0
1764861919.278574,628554,-24000,0,0,0
1764861919.3288698,628604,-24000,0,0,0
1764861919.378082,628654,-24000,0,0,0
1764861919.428479,628704,-24000,0,0,0
1764861919.478815,628754,-24000,0,0,0
1764861919.5290089,628804,-24000,0,0,0
1764861919.579359,628854,-24000,0,0,0
1764861919.629714,628904,-24000,0,0,0
1764861919.67904,628954,-24000,0,0,0
1764861919.729218,629004,-24000,0,0,0
1764861919.7795892,629054,-24000,0,0,0
1764861919.829932,629104,-24000,0,0,0
1764861919.8802838,629154,-24000,0,0,0
1764861919.9306319,629204,-24000,0,0,0
1764861919.979746,629254,-24000,0,0,0
1764861920.0301518,629304,-24000,0,0,0
1764861920.080489,629354,-24000,0,0,0
1764861920.130805,629404,-24000,0,0,0
1764861920.180955,629454,-24000,0,0,0
1764861920.230356,629504,-24000,0,0,0
1764861920.280725,629554,-24000,0,0,0
1764861920.331035,629604,-24000,0,0,0
1764861920.381252,629654,-24000,0,0,0
1764861920.431613,629704,-24000,0,0,0
1764861920.481964,629754,-24000,0,0,0
1764861920.531308,629804,-24000,0,0,0
1764861920.581463,629854,-24000,0,0,0
1764861920.631834,629904,-24000,0,0,0
1764861920.6822011,629954,-24000,0,0,0
1764861920.732534,630004,-24000,0,0,0
1764861920.782701,630054,-24000,0,0,0
1764861920.8320682,630104,-24000,0,0,0
1764861920.8823838,630154,-24000,0,0,0
1764861920.9326131,630204,-24000,0,0,0
1764861920.9830642,630254,-24000,0,0,0
1764861921.03341,630304,-24000,0,0,0
1764861921.083612,630354,-24000,0,0,0
1764861921.132907,630404,-24000,0,0,0
1764861921.1832662,630454,-24000,0,0,0
1764861921.2336152,630504,-24000,0,0,0
1764861921.283957,630554,-24000,0,0,0
1764861921.334167,630604,-24000,0,0,0
1764861921.38449,630654,-24000,0,0,0
1764861921.433852,630704,-24000,0,0,0
1764861921.484183,630754,-24000,0,0,0
1764861921.534397,630804,-24000,0,0,0
1764861921.584756,630854,-24000,0,0,0
1764861921.635167,630904,-24000,0,0,0
1764861921.6853209,630955,-24000,0,0,0
1764861921.7356741,631005,-24000,0,0,0
1764861921.786027,631055,-24000,0,0,0
1764861921.836363,631105,-24000,0,0,0
1764861921.8865778,631155,-24000,0,0,0
1764861921.9369118,631205,-24000,0,0,0
1764861921.9862552,631255,-24000,0,0,0
1764861922.036586,631305,-24000,0,0,0
1764861922.0867798,631355,-24000,0,0,0
1764861922.1371431,631405,-24000,0,0,0
1764861922.187465,631455,-24000,0,0,0
1764861922.237807,631505,-24000,0,0,0
1764861922.287173,631555,-24000,0,0,0
1764861922.337355,631605,-24000,0,0,0
1764861922.387702,631655,-24000,0,0,0
1764861922.438158,631705,-24000,0,0,0
1764861922.488429,631755,-24000,0,0,0
1764861922.53862,631805,-24000,0,0,0
1764861922.5879521,631855,-24000,0,0,0
1764861922.638318,631905,-24000,0,0,0
1764861922.6885178,631955,-24000,0,0,0
1764861922.738865,632005,-24000,0,0,0
1764861922.7892249,632055,-24000,0,0,0
1764861922.839419,632105,-24000,0,0,0
1764861922.888795,632155,-24000,0,0,0
1764861922.939143,632205,-24000,0,0,0
1764861922.98947,632255,-24000,0,0,0
1764861923.039664,632305,-24000,0,0,0
1764861923.090016,632355,-24000,0,0,0
1764861923.14038,632406,-24000,0,0,0
1764861923.190729,632456,-24000,0,0,0
1764861923.24095,632506,-24000,0,0,0
1764861923.291281,632556,-24000,0,0,0
1764861923.341642,632606,-24000,0,0,0
1764861923.3919842,632656,-24000,0,0,0
1764861923.441171,632706,-24000,0,0,0
1764861923.491518,632756,-24000,0,0,0
1764861923.541863,632806,-24000,0,0,0
1764861923.592234,632856,-24000,0,0,0
1764861923.6424289,632906,-24000,0,0,0
1764861923.692794,632956,-24000,0,0,0
1764861923.7421079,633006,-24000,0,0,0
1764861923.792477,633056,-24000,0,0,0
1764861923.842667,633106,-24000,0,0,0
1764861923.8930151,633156,-24000,0,0,0
1764861923.9433851,633206,-24000,0,0,0
1764861923.9935622,633256,-24000,0,0,0
1764861924.0428789,633306,-24000,0,0,0
1764861924.093241,633356,-24000,0,0,0
1764861924.143595,633406,-24000,0,0,0
1764861924.1939359,633456,-24000,0,0,0
1764861924.24415,633506,-24000,0,0,0
1764861924.294519,633556,-24000,0,0,0
1764861924.3438451,633606,-24000,0,0,0
1764861924.3941581,633656,-24000,0,0,0
1764861924.444391,633706,-24000,0,0,0
1764861924.494752,633756,-24000,0,0,0
1764861924.545109,633806,-24000,0,0,0
1764861924.594432,633856,-24000,0,0,0
1764861924.6446211,633906,-24000,0,0,0
1764861924.6949959,633956,-24000,0,0,0
1764861924.7453399,634006,-24000,0,0,0
1764861924.7957,634056,-24000,0,0,0
1764861924.845897,634106,-24000,0,0,0
1764861924.895265,634156,-24000,0,0,0
1764861924.94544,634206,-24000,0,0,0
1764861924.995817,634256,-24000,0,0,0
1764861925.046138,634306,-24000,0,0,0
1764861925.0965068,634356,-24000,0,0,0
1764861925.1467462,634406,-24000,0,0,0
1764861925.1960971,634456,-24000,0,0,0
1764861925.2464142,634506,-24000,0,0,0
1764861925.296618,634556,-24000,0,0,0
1764861925.3469892,634606,-24000,0,0,0
1764861925.397351,634656,-24000,0,0,0
1764861925.44772,634706,-24000,0,0,0
1764861925.496883,634756,-24000,0,0,0
1764861925.5472279,634806,-24000,0,0,0
1764861925.597588,634856,-24000,0,0,0
1764861925.647937,634906,-24000,0,0,0
1764861925.69813,634956,-24000,0,0,0
1764861925.748467,635006,-24000,0,0,0
1764861925.7978911,635056,-24000,0,0,0
1764861925.848074,635106,-24000,0,0,0
1764861925.8983989,635156,-24000,0,0,0
1764861925.94876,635206,-24000,0,0,0
1764861925.9989471,635256,-24000,0,0,0
1764861926.0493,635307,-24000,0,0,0
1764861926.099749,635357,-24000,0,0,0
1764861926.149874,635407,-24000,0,0,0
1764861926.2002182,635457,-24000,0,0,0
1764861926.2506108,635507,-24000,0,0,0
1764861926.300885,635557,-24000,0,0,0
1764861926.350129,635607,-24000,0,0,0
1764861926.400485,635657,-24000,0,0,0
1764861926.450849,635707,-24000,0,0,0
1764861926.501219,635757,-24000,0,0,0
1764861926.551349,635807,-24000,0,0,0
1764861926.601769,635857,-24000,0,0,0
1764861926.651106,635907,-24000,0,0,0
1764861926.701453,635957,-24000,0,0,0
1764861926.7526221,636007,-24000,0,0,0
1764861926.8021262,636057,-24000,0,0,0
1764861926.852297,636107,-24000,0,0,0
1764861926.902773,636157,-24000,0,0,0
1764861926.951801,636207,-24000,0,0,0
1764861927.002151,636257,-24000,0,0,0
1764861927.0526001,636307,-24000,0,0,0
1764861927.102748,636357,-24000,0,0,0
1764861927.15313,636407,-24000,0,0,0
1764861927.20347,636457,-24000,0,0,0
1764861927.2528331,636507,-24000,0,0,0
1764861927.3030632,636557,-24000,0,0,0
1764861927.353405,636607,-24000,0,0,0
1764861927.4037728,636657,-24000,0,0,0
1764861927.453971,636707,-24000,0,0,0
1764861927.504444,636758,-24000,0,0,0
1764861927.554687,636808,-24000,0,0,0
1764861927.605033,636858,-24000,0,0,0
1764861927.655245,636908,-24000,0,0,0
1764861927.705554,636958,-24000,0,0,0
1764861927.7559412,637008,-24000,0,0,0
1764861927.8052711,637058,-24000,0,0,0
1764861927.855623,637108,-24000,0,0,0
1764861927.9057941,637158,-24000,0,0,0
1764861927.956148,637208,-24000,0,0,0
1764861928.0065432,637258,-24000,0,0,0
1764861928.056847,637308,-24000,0,0,0
1764861928.106048,637358,-24000,0,0,0
1764861928.15636,637408,-24000,0,0,0
1764861928.206699,637458,-24000,0,0,0
1764861928.2570748,637508,-24000,0,0,0
1764861928.3071659,637558,-24000,0,0,0
1764861928.357551,637608,-24000,0,0,0
1764861928.4068658,637658,-24000,0,0,0
1764861928.457205,637708,-24000,0,0,0
1764861928.507505,637758,-24000,0,0,0
1764861928.557912,637808,-24000,0,0,0
1764861928.6082392,637858,-24000,0,0,0
1764861928.658416,637908,-24000,0,0,0
1764861928.707765,637958,-24000,0,0,0
1764861928.7581341,638008,-24000,0,0,0
1764861928.808491,638058,-24000,0,0,0
1764861928.858639,638108,-24000,0,0,0
1764861928.909028,638158,-24000,0,0,0
1764861928.95838,638208,-24000,0,0,0
1764861929.0084312,638258,-24000,0,0,0
1764861929.058901,638308,-24000,0,0,0
1764861929.109222,638358,-24000,0,0,0
1764861929.159571,638408,-24000,0,0,0
1764861929.209944,638458,-24000,0,0,0
1764861929.260275,638508,-24000,0,0,0
1764861929.3093498,638558,-24000,0,0,0
1764861929.359781,638608,-24000,0,0,0
1764861929.410156,638658,-24000,0,0,0
1764861929.460496,638708,-24000,0,0,0
1764861929.51068,638758,-24000,0,0,0
1764861929.560029,638808,-24000,0,0,0
1764861929.610376,638858,-24000,0,0,0
1764861929.6606238,638908,-24000,0,0,0
1764861929.710837,638958,-24000,0,0,0
1764861929.7612789,639008,-24000,0,0,0
1764861929.8116338,639058,-24000,0,0,0
1764861929.860724,639108,-24000,0,0,0
1764861929.911156,639158,-24000,0,0,0
1764861929.961514,639208,-24000,0,0,0
1764861930.011782,639258,-24000,0,0,0
1764861930.062037,639308,-24000,0,0,0
1764861930.112382,639358,-24000,0,0,0
1764861930.161875,639408,-24000,0,0,0
1764861930.212086,639458,-24000,0,0,0
1764861930.262429,639508,-24000,0,0,0
1764861930.312628,639558,-24000,0,0,0
1764861930.363036,639608,-24000,0,0,0
1764861930.413333,639659,-24000,0,0,0
1764861930.463681,639709,-24000,0,0,0
1764861930.513904,639759,-24000,0,0,0
1764861930.564219,639809,-24000,0,0,0
1764861930.614576,639859,-24000,0,0,0
1764861930.6649349,639909,-24000,0,0,0
1764861930.714091,639959,-24000,0,0,0
1764861930.764471,640009,-24000,0,0,0
1764861930.8148491,640059,-24000,0,0,0
1764861930.865185,640109,-24000,0,0,0
1764861930.915369,640159,-24000,0,0,0
1764861930.96577,640209,-24000,0,0,0
1764861931.014969,640259,-24000,0,0,0
1764861931.065286,640309,-24000,0,0,0
1764861931.115645,640359,-24000,0,0,0
1764861931.165997,640409,-24000,0,0,0
1764861931.216208,640459,-24000,0,0,0
1764861931.266571,640509,-24000,0,0,0
1764861931.315886,640559,-24000,0,0,0
1764861931.3662121,640609,-24000,0,0,0
1764861931.416424,640659,-24000,0,0,0
1764861931.466704,640709,-24000,0,0,0
1764861931.517195,640759,-24000,0,0,0
1764861931.567508,640809,-24000,0,0,0
1764861931.616676,640859,-24000,0,0,0
1764861931.667043,640909,-24000,0,0,0
1764861931.717389,640959,-24000,0,0,0
1764861931.7677681,641009,-24000,0,0,0
1764861931.817929,641059,-24000,0,0,0
1764861931.8683121,641110,-24000,0,0,0
1764861931.9186502,641160,-24000,0,0,0
1764861931.969026,641210,-24000,0,0,0
1764861932.019217,641260,-24000,0,0,0
1764861932.069563,641310,-24000,0,0,0
1764861932.1198971,641360,-24000,0,0,0
1764861932.169068,641410,-24000,0,0,0
1764861932.219349,641460,-24000,0,0,0
1764861932.2697978,641510,-24000,0,0,0
1764861932.320137,641560,-24000,0,0,0
1764861932.370483,641610,-24000,0,0,0
1764861932.420657,641660,-24000,0,0,0
1764861932.47,641710,-24000,0,0,0
1764861932.520342,641760,-24000,0,0,0
1764861932.570721,641810,-24000,0,0,0
1764861932.621063,641860,-24000,0,0,0
1764861932.6711848,641910,-24000,0,0,0
1764861932.721587,641960,-24000,0,0,0
1764861932.770934,642010,-24000,0,0,0
1764861932.82126,642060,-24000,0,0,0
1764861932.871534,642110,-24000,0,0,0
1764861932.921777,642160,-24000,0,0,0
1764861932.972099,642210,-24000,0,0,0
1764861933.022686,642260,-23914,0,0,0
1764861933.071656,642310,-23740,0,0,0
1764861933.122199,642360,-23562,0,0,0
1764861933.172529,642410,-23383,0,0,0
1764861933.222914,642460,-23204,0,0,0
1764861933.27311,642510,-23025,0,0,0
1764861933.322295,642560,-22850,0,0,0
1764861933.3726301,642610,-22671,0,0,0
1764861933.42299,642660,-22492,0,0,0
1764861933.4733472,642710,-22313,0,0,0
1764861933.523734,642760,-22134,0,0,0
1764861933.573981,642810,-21955,0,0,0
1764861933.623425,642860,-21780,0,0,0
1764861933.673541,642910,-21602,0,0,0
1764861933.72382,642960,-21424,0,0,0
1764861933.7742138,643010,-21245,0,0,0
1764861933.824398,643060,-21067,0,0,0
1764861933.8749802,643110,-20888,0,0,0
1764861933.924282,643160,-20713,0,0,0
1764861933.974462,643210,-20535,0,0,0
1764861934.024838,643260,-20356,0,0,0
1764861934.0750139,643310,-20178,0,0,0
1764861934.12539,643360,-19999,0,0,0
1764861934.175701,643410,-19821,0,0,0
1764861934.224865,643460,-19647,0,0,0
1764861934.275245,643510,-19469,0,0,0
1764861934.325602,643560,-19291,0,0,0
1764861934.375932,643610,-19113,0,0,0
1764861934.4261608,643660,-18935,0,0,0
1764861934.476518,643710,-18757,0,0,0
1764861934.525846,643760,-18582,0,0,0
1764861934.5762,643810,-18404,0,0,0
1764861934.626535,643860,-18226,0,0,0
1764861934.6769722,643910,-18048,0,0,0
1764861934.7271008,643960,-17870,0,0,0
1764861934.777436,644011,-17692,0,0,0
1764861934.827616,644061,-17514,0,0,0
1764861934.8779972,644111,-17336,0,0,0
1764861934.9282298,644161,-17158,0,0,0
1764861934.978559,644211,-16980,0,0,0
1764861935.029045,644261,-16801,0,0,0
1764861935.078167,644311,-16627,0,0,0
1764861935.1284292,644361,-16449,0,0,0
1764861935.178995,644411,-16270,0,0,0
1764861935.229146,644461,-16092,0,0,0
1764861935.279506,644511,-15914,0,0,0
1764861935.329948,644561,-15736,0,0,0
1764861935.379034,644611,-15563,0,0,0
1764861935.429409,644661,-15385,0,0,0
1764861935.479959,644711,-15207,0,0,0
1764861935.530101,644761,-15030,0,0,0
1764861935.5804958,644811,-14852,0,0,0
1764861935.630639,644861,-14675,0,0,0
1764861935.6799738,644911,-14501,0,0,0
1764861935.730382,644961,-14323,0,0,0
1764861935.780722,645011,-14145,0,0,0
1764861935.830951,645061,-13968,0,0,0
1764861935.881284,645111,-13790,0,0,0
1764861935.931648,645161,-13612,0,0,0
1764861935.980976,645211,-13438,0,0,0
1764861936.031163,645261,-13261,0,0,0
1764861936.081504,645311,-13083,0,0,0
1764861936.1316621,645361,-12906,0,0,0
1764861936.1820009,645411,-12728,0,0,0
1764861936.232525,645462,-12550,0,0,0
1764861936.282586,645512,-12373,0,0,0
1764861936.333107,645562,-12195,0,0,0
1764861936.3834748,645612,-12017,0,0,0
1764861936.4336472,645662,-11840,0,0,0
1764861936.4839768,645712,-11662,0,0,0
1764861936.533343,645762,-11488,0,0,0
1764861936.583682,645812,-11310,0,0,0
1764861936.6340008,645862,-11132,0,0,0
1764861936.6841972,645912,-10955,0,0,0
1764861936.734654,645962,-10777,0,0,0
1764861936.78494,646012,-10599,0,0,0
1764861936.8342242,646062,-10425,0,0,0
1764861936.884424,646112,-10248,0,0,0
1764861936.9347572,646162,-10070,0,0,0
1764861936.985087,646212,-9892,0,0,0
1764861937.035428,646262,-9714,0,0,0
1764861937.085608,646312,-9537,0,0,0
1764861937.1350899,646362,-9362,0,0,0
1764861937.1850922,646412,-9185,0,0,0
1764861937.2354639,646462,-9007,0,0,0
1764861937.286,646512,-8829,0,0,0
1764861937.3363478,646562,-8651,0,0,0
1764861937.3865442,646612,-8473,0,0,0
1764861937.435924,646662,-8299,0,0,0
1764861937.486193,646712,-8121,0,0,0
1764861937.536588,646762,-7943,0,0,0
1764861937.5867898,646812,-7766,0,0,0
1764861937.6373289,646862,-7588,0,0,0
1764861937.6863291,646912,-7413,0,0,0
1764861937.736691,646962,-7234,0,0,0
1764861937.786921,647012,-7055,0,0,0
1764861937.837436,647062,-6875,0,0,0
1764861937.887799,647112,-6696,0,0,0
1764861937.937938,647162,-6517,0,0,0
1764861937.987123,647212,-6342,0,0,0
1764861938.037663,647262,-6162,0,0,0
1764861938.087841,647312,-5983,0,0,0
1764861938.138207,647362,-5804,0,0,0
1764861938.188386,647412,-5625,0,0,0
1764861938.23891,647462,-5445,0,0,0
1764861938.2880661,647512,-5270,0,0,0
1764861938.338285,647562,-5091,0,0,0
1764861938.388812,647612,-4911,0,0,0
1764861938.4391959,647662,-4732,0,0,0
1764861938.489386,647712,-4553,0,0,0
1764861938.539608,647762,-4374,0,0,0
1764861938.588914,647812,-4198,0,0,0
1764861938.6392572,647862,-4019,0,0,0
1764861938.689808,647912,-3839,0,0,0
1764861938.739989,647962,-3660,0,0,0
1764861938.790179,648012,-3481,0,0,0
1764861938.840718,648062,-3301,0,0,0
1764861938.8897002,648112,-3126,0,0,0
1764861938.940887,648162,-2946,0,0,0
1764861938.9904299,648212,-2767,0,0,0
1764861939.0406,648262,-2588,0,0,0
1764861939.091274,648312,-2408,0,0,0
1764861939.141494,648363,-2229,0,0,0
1764861939.191674,648413,-2050,0,0,0
1764861939.242033,648463,-1871,0,0,0
1764861939.292227,648513,-1692,0,0,0
1764861939.3427598,648563,-1512,0,0,0
1764861939.392951,648613,-1333,0,0,0
1764861939.442112,648663,-1158,0,0,0
1764861939.492629,648713,-978,0,0,0
1764861939.542915,648763,-799,0,0,0
1764861939.593073,648813,-620,0,0,0
1764861939.643543,648863,-441,0,0,0
1764861939.693751,648913,-264,0,0,0
1764861939.7432299,648963,-89,0,0,0
1764861939.79327,649013,-1,0,0,0
1764861939.843626,649063,0,0,0,0
1764861939.893995,649113,0,0,0,0
1764861939.944339,649163,0,0,0,0
1764861939.994535,649213,0,0,0,0
1764861940.043873,649263,0,0,0,0
1764861940.094207,649313,0,0,0,0
1764861940.1445482,649363,0,0,0,0
1764861940.194735,649413,0,0,0,0
1764861940.2450309,649463,0,0,0,0
1764861940.2954361,649513,0,0,0,0
1764861940.3447602,649563,0,0,0,0
1764861940.3951201,649613,0,0,0,0
1764861940.445306,649663,0,0,0,0
1764861940.495659,649713,0,0,0,0
1764861940.546031,649763,0,0,0,0
1764861940.596361,649814,0,0,0,0
1764861940.646524,649864,0,0,0,0
1764861940.696895,649914,0,0,0,0
1764861940.7472608,649964,0,0,0,0
1764861940.797605,650014,0,0,0,0
1764861940.847817,650064,0,0,0,0
1764861940.897144,650114,0,0,0,0
1764861940.947519,650164,0,0,0,0
1764861940.997865,650214,0,0,0,0
1764861941.048046,650264,0,0,0,0
1764861941.098392,650314,0,0,0,0
1764861941.1487832,650364,0,0,0,0
1764861941.197932,650414,0,0,0,0
1764861941.248283,650464,0,0,0,0
1764861941.298651,650514,0,0,0,0
1764861941.349016,650564,0,0,0,0
1764861941.399167,650614,0,0,0,0
1764861941.449551,650664,0,0,0,0
1764861941.498882,650714,0,0,0,0
1764861941.5492458,650764,0,0,0,0
1764861941.599329,650814,0,0,0,0
1764861941.6498098,650864,0,0,0,0
1764861941.700184,650914,0,0,0,0
1764861941.7505238,650964,0,0,0,0
1764861941.7997,651014,0,0,0,0
1764861941.850074,651064,0,0,0,0
1764861941.900436,651114,0,0,0,0
1764861941.950628,651164,0,0,0,0
1764861942.000996,651214,0,0,0,0
1764861942.0503318,651264,0,0,0,0
1764861942.1005518,651314,0,0,0,0
1764861942.150933,651364,0,0,0,0
1764861942.201251,651414,0,0,0,0
1764861942.251498,651464,0,0,0,0
1764861942.301863,651514,0,0,0,0
1764861942.351161,651564,0,0,0,0
1764861942.401518,651614,0,0,0,0
1764861942.45161,651664,0,0,0,0
1764861942.502083,651714,0,0,0,0
1764861942.552432,651764,0,0,0,0
1764861942.6027699,651814,0,0,0,0
1764861942.651902,651864,0,0,0,0
1764861942.702462,651914,0,0,0,0
1764861942.752654,651964,0,0,0,0
1764861942.8030221,652014,0,0,0,0
1764861942.8532321,652064,0,0,0,0
1764861942.903581,652114,0,0,0,0
1764861942.952943,652164,0,0,0,0
1764861943.003126,652214,0,0,0,0
1764861943.053488,652264,0,0,0,0
1764861943.103849,652314,0,0,0,0
1764861943.15405,652364,0,0,0,0
1764861943.204392,652414,0,0,0,0
1764861943.253762,652464,0,0,0,0
1764861943.3039749,652514,0,0,0,0
1764861943.354322,652564,0,0,0,0
1764861943.404688,652614,0,0,0,0
1764861943.455009,652664,0,0,0,0
1764861943.505197,652715,0,0,0,0
1764861943.555553,652765,0,0,0,0
1764861943.6058948,652815,0,0,0,0
1764861943.656252,652865,0,0,0,0
1764861943.7064488,652915,0,0,0,0
1764861943.756833,652965,0,0,0,0
1764861943.806156,653015,0,0,0,0
1764861943.856473,653065,0,0,0,0
1764861943.906708,653115,0,0,0,0
1764861943.9570718,653165,0,0,0,0
1764861944.0074198,653215,0,0,0,0
1764861944.057736,653265,0,0,0,0
1764861944.1070879,653315,0,0,0,0
1764861944.157303,653365,0,0,0,0
1764861944.2081962,653415,0,0,0,0
1764861944.257972,653465,0,0,0,0
1764861944.308346,653515,0,0,0,0
1764861944.358528,653565,0,0,0,0
1764861944.4078841,653615,0,0,0,0
1764861944.458215,653665,0,0,0,0
1764861944.5083652,653715,0,0,0,0
1764861944.5588422,653765,0,0,0,0
1764861944.60911,653815,0,0,0,0
1764861944.659474,653865,0,0,0,0
1764861944.7086358,653915,0,0,0,0
1764861944.75898,653965,0,0,0,0
1764861944.8093388,654015,0,0,0,0
1764861944.8597279,654065,0,0,0,0
1764861944.909908,654115,0,0,0,0
1764861944.960268,654166,0,0,0,0
1764861945.010632,654216,0,0,0,0
1764861945.060939,654266,0,0,0,0
1764861945.1113029,654316,0,0,0,0
1764861945.161477,654366,0,0,0,0
1764861945.211849,654416,0,0,0,0
1764861945.261153,654466,0,0,0,0
1764861945.311506,654516,0,0,0,0
1764861945.361839,654566,0,0,0,0
1764861945.4120378,654616,0,0,0,0
1764861945.462392,654666,0,0,0,0
1764861945.5127501,654716,0,0,0,0
1764861945.562051,654766,0,0,0,0
1764861945.612232,654816,0,0,0,0
1764861945.662592,654866,0,0,0,0
1764861945.712957,654916,0,0,0,0
1764861945.7633212,654966,0,0,0,0
1764861945.8134809,655016,0,0,0,0
1764861945.862805,655066,0,0,0,0
1764861945.913156,655116,0,0,0,0
1764861945.963539,655166,0,0,0,0
1764861946.013887,655216,0,0,0,0
1764861946.064069,655266,0,0,0,0
1764861946.114432,655316,0,0,0,0
1764861946.163701,655366,0,0,0,0
1764861946.2140942,655416,0,0,0,0
1764861946.264423,655466,0,0,0,0
1764861946.31461,655516,0,0,0,0
1764861946.364977,655566,0,0,0,0
1764861946.414297,655616,0,0,0,0
1764861946.464625,655666,0,0,0,0
1764861946.5148458,655716,0,0,0,0
1764861946.565186,655766,0,0,0,0
1764861946.6154602,655816,0,0,0,0
1764861946.66582,655866,0,0,0,0
1764861946.715192,655916,0,0,0,0
1764861946.765356,655966,0,0,0,0
1764861946.8155992,656016,0,0,0,0
1764861946.8660579,656066,0,0,0,0
1764861946.916383,656116,0,0,0,0
1764861946.966839,656166,0,0,0,0
1764861947.0160692,656216,0,0,0,0
1764861947.066251,656266,0,0,0,0
1764861947.116645,656316,0,0,0,0
1764861947.166976,656366,0,0,0,0
1764861947.2173288,656416,0,0,0,0
1764861947.267499,656466,0,0,0,0
1764861947.316854,656516,0,0,0,0
1764861947.367181,656566,0,0,0,0
1764861947.4173682,656616,0,0,0,0
1764861947.467704,656666,0,0,0,0
1764861947.5180569,656716,0,0,0,0
1764861947.568398,656766,0,0,0,0
1764861947.61781,656816,0,0,0,0
1764861947.668064,656866,0,0,0,0
1764861947.718257,656916,0,0,0,0
1764861947.768621,656966,0,0,0,0
1764861947.818979,657016,0,0,0,0
1764861947.869191,657067,0,0,0,0
1764861947.9195552,657117,0,0,0,0
1764861947.96991,657167,0,0,0,0
1764861948.020253,657217,0,0,0,0
1764861948.070592,657267,0,0,0,0
1764861948.1207502,657317,0,0,0,0
1764861948.170103,657367,0,0,0,0
1764861948.2204921,657417,0,0,0,0
1764861948.270829,657467,0,0,0,0
1764861948.3210151,657517,0,0,0,0
1764861948.371386,657567,0,0,0,0
1764861948.422078,657617,0,0,0,0
1764861948.47089,657667,0,0,0,0
1764861948.521256,657717,0,0,0,0
1764861948.571839,657767,0,0,0,0
1764861948.621815,657817,0,0,0,0
1764861948.672199,657867,0,0,0,0
1764861948.7225611,657917,0,0,0,0
1764861948.7719061,657967,0,0,0,0
1764861948.82205,658017,0,0,0,0
1764861948.8724759,658067,0,0,0,0
1764861948.922775,658117,0,0,0,0
1764861948.973131,658167,0,0,0,0
1764861949.023366,658217,0,0,0,0
1764861949.072692,658267,0,0,0,0
1764861949.1230621,658317,0,0,0,0
1764861949.1734211,658367,0,0,0,0
1764861949.223634,658417,0,0,0,0
1764861949.273995,658467,0,0,0,0
1764861949.324376,658518,0,0,0,0
1764861949.37454,658568,0,0,0,0
1764861949.424918,658618,0,0,0,0
1764861949.475266,658668,0,0,0,0
1764861949.525619,658718,0,0,0,0
1764861949.575849,658768,0,0,0,0
1764861949.6251788,658818,0,0,0,0
1764861949.675356,658868,0,0,0,0
1764861949.7257621,658918,0,0,0,0
1764861949.776088,658968,0,0,0,0
1764861949.826454,659018,0,0,0,0
1764861949.876652,659068,0,0,0,0
1764861949.925982,659118,0,0,0,0
1764861949.976324,659168,0,0,0,0
1764861950.02654,659218,0,0,0,0
1764861950.0769012,659268,0,0,0,0
1764861950.127284,659318,0,0,0,0
1764861950.177485,659368,0,0,0,0
1764861950.2267709,659418,0,0,0,0
1764861950.277157,659468,0,0,0,0
1764861950.3275468,659518,0,0,0,0
1764861950.377737,659568,0,0,0,0
1764861950.428085,659618,0,0,0,0
1764861950.478442,659668,0,0,0,0
1764861950.527634,659718,0,0,0,0
1764861950.577996,659768,0,0,0,0
1764861950.628347,659818,0,0,0,0
1764861950.678745,659868,0,0,0,0
1764861950.728856,659918,0,0,0,0
1764861950.77822,659968,0,0,0,0
1764861950.828586,660018,0,0,0,0
1764861950.8789482,660068,0,0,0,0
1764861950.929146,660118,0,0,0,0
1764861950.9795132,660168,0,0,0,0
1764861951.029867,660218,0,0,0,0
1764861951.07906,660268,0,0,0,0
1764861951.1294029,660318,0,0,0,0
1764861951.179755,660368,0,0,0,0
1764861951.23013,660418,0,0,0,0
1764861951.280332,660468,0,0,0,0
1764861951.330731,660518,0,0,0,0
1764861951.3798459,660568,0,0,0,0
1764861951.4302661,660618,0,0,0,0
1764861951.480639,660668,0,0,0,0
1764861951.530747,660718,0,0,0,0
1764861951.5811572,660768,0,0,0,0
1764861951.631454,660818,0,0,0,0
1764861951.6808388,660868,0,0,0,0
1764861951.7310941,660918,0,0,0,0
1764861951.7814631,660968,0,0,0,0
1764861951.831794,661018,0,0,0,0
1764861951.8821309,661068,0,0,0,0
1764861951.9323158,661118,0,0,0,0
1764861951.981675,661168,0,0,0,0
1764861952.0320158,661218,0,0,0,0
1764861952.082359,661268,0,0,0,0
1764861952.132558,661318,0,0,0,0
1764861952.182917,661368,0,0,0,0
1764861952.233275,661419,0,0,0,0
1764861952.28368,661469,0,0,0,0
1764861952.333865,661519,0,0,0,0
1764861952.3841789,661569,0,0,0,0
1764861952.4345548,661619,0,0,0,0
1764861952.4848928,661669,0,0,0,0
1764861952.5340931,661719,0,0,0,0
1764861952.584438,661769,0,0,0,0
1764861952.634677,661819,0,0,0,0
1764861952.684969,661869,0,0,0,0
1764861952.7353,661919,0,0,0,0
1764861952.785728,661969,0,0,0,0
1764861952.835027,662019,0,0,0,0
1764861952.885191,662069,0,0,0,0
1764861952.935571,662119,0,0,0,0
1764861952.9859369,662169,0,0,0,0
1764861953.0362859,662219,0,0,0,0
1764861953.086453,662269,0,0,0,0
1764861953.1358058,662319,0,0,0,0
1764861953.1861188,662369,0,0,0,0
1764861953.236515,662419,0,0,0,0
1764861953.286709,662469,0,0,0,0
1764861953.337076,662519,0,0,0,0
1764861953.387435,662569,0,0,0,0
1764861953.4365802,662619,0,0,0,0
1764861953.486922,662669,0,0,0,0
1764861953.5373251,662719,0,0,0,0
1764861953.58754,662769,0,0,0,0
1764861953.6378791,662819,0,0,0,0
1764861953.688234,662870,0,0,0,0
1764861953.738592,662920,0,0,0,0
1764861953.788822,662970,0,0,0,0
1764861953.839199,663020,0,0,0,0
1764861953.889556,663070,0,0,0,0
1764861953.9397519,663120,0,0,0,0
1764861953.989076,663170,0,0,0,0
1764861954.0394628,663220,0,0,0,0
1764861954.089814,663270,0,0,0,0
1764861954.140007,663320,0,0,0,0
1764861954.1903648,663370,0,0,0,0
1764861954.240684,663420,0,0,0,0
1764861954.2900321,663470,0,0,0,0
1764861954.3402271,663520,0,0,0,0
1764861954.390584,663570,0,0,0,0
1764861954.440947,663620,0,0,0,0
1764861954.491301,663670,0,0,0,0
1764861954.5415099,663720,0,0,0,0
1764861954.59082,663770,0,0,0,0
1764861954.641189,663820,0,0,0,0
1764861954.69137,663870,0,0,0,0
1764861954.741705,663920,0,0,0,0
1764861954.792064,663970,0,0,0,0
1764861954.842409,664020,0,0,0,0
1764861954.8916311,664070,0,0,0,0
1764861954.941942,664120,0,0,0,0
1764861954.99222,664170,0,0,0,0
1764861955.0427039,664220,0,0,0,0
1764861955.0930061,664270,0,0,0,0
1764861955.1421702,664320,0,0,0,0
1764861955.1925309,664370,0,0,0,0
1764861955.242869,664420,0,0,0,0
1764861955.2932348,664470,0,0,0,0
1764861955.34357,664520,0,0,0,0
1764861955.3937469,664570,0,0,0,0
1764861955.443115,664620,0,0,0,0
1764861955.493453,664670,0,0,0,0
1764861955.543673,664720,0,0,0,0
1764861955.594023,664770,0,0,0,0
1764861955.644382,664820,0,0,0,0
1764861955.694744,664870,0,0,0,0
1764861955.743878,664920,0,0,0,0
1764861955.794239,664970,0,0,0,0
1764861955.844595,665020,0,0,0,0
1764861955.8949602,665070,0,0,0,0
1764861955.9451551,665120,0,0,0,0
1764861955.995508,665170,0,0,0,0
1764861956.044818,665220,0,0,0,0
1764861956.0951731,665270,0,0,0,0
1764861956.145377,665320,0,0,0,0
1764861956.1957262,665370,0,0,0,0
1764861956.24608,665420,0,0,0,0
1764861956.2964532,665470,0,0,0,0
1764861956.34567,665520,0,0,0,0
1764861956.395964,665570,0,0,0,0
1764861956.446329,665620,0,0,0,0
1764861956.496684,665670,0,0,0,0
1764861956.546904,665720,0,0,0,0
1764861956.597249,665771,0,0,0,0
1764861956.6475961,665821,0,0,0,0
1764861956.697957,665871,0,0,0,0
1764861956.748112,665921,0,0,0,0
1764861956.798366,665971,0,0,0,0
1764861956.848834,666021,0,0,0,0
1764861956.898145,666071,0,0,0,0
1764861956.94833,666121,0,0,0,0
1764861956.9986901,666171,0,0,0,0
1764861957.049056,666221,0,0,0,0
1764861957.099391,666271,0,0,0,0
1764861957.149625,666321,0,0,0,0
1764861957.198925,666371,0,0,0,0
1764861957.24926,666421,0,0,0,0
1764861957.299648,666471,0,0,0,0
1764861957.349845,666521,0,0,0,0
1764861957.400206,666571,0,0,0,0
1764861957.450596,666621,0,0,0,0
1764861957.499737,666671,0,0,0,0
1764861957.5501308,666721,0,0,0,0
1764861957.600502,666771,0,0,0,0
1764861957.650856,666821,0,0,0,0
1764861957.701049,666871,0,0,0,0
1764861957.75139,666921,0,0,0,0
1764861957.800729,666971,0,0,0,0
1764861957.850921,667021,0,0,0,0
1764861957.901267,667071,0,0,0,0
1764861957.951644,667121,0,0,0,0
1764861958.001844,667171,0,0,0,0
1764861958.05218,667222,0,0,0,0
1764861958.102528,667272,0,0,0,0
1764861958.152898,667322,0,0,0,0
1764861958.203119,667372,0,0,0,0
1764861958.253461,667422,0,0,0,0
1764861958.3038,667472,0,0,0,0
1764861958.353175,667522,0,0,0,0
1764861958.4033458,667572,0,0,0,0
1764861958.453722,667622,0,0,0,0
1764861958.504107,667672,0,0,0,0
1764861958.554292,667722,0,0,0,0
1764861958.6046479,667772,0,0,0,0
1764861958.653942,667822,0,0,0,0
1764861958.704309,667872,0,0,0,0
1764861958.754585,667922,0,0,0,0
1764861958.8049212,667972,0,0,0,0
1764861958.8552818,668022,0,0,0,0
1764861958.905528,668072,0,0,0,0
1764861958.954714,668122,0,0,0,0
1764861959.005182,668172,0,0,0,0
1764861959.0553641,668222,0,0,0,0
1764861959.105726,668272,0,0,0,0
1764861959.156071,668322,0,0,0,0
1764861959.2064419,668372,0,0,0,0
1764861959.256112,668422,0,0,0,0
1764861959.305965,668472,0,0,0,0
1764861959.356318,668522,0,0,0,0
1764861959.406657,668572,0,0,0,0
1764861959.456865,668622,0,0,0,0
1764861959.506192,668672,0,0,0,0
1764861959.556633,668722,0,0,0,0
1764861959.6067631,668772,0,0,0,0
1764861959.657155,668822,0,0,0,0
1764861959.707526,668872,0,0,0,0
1764861959.757887,668922,0,0,0,0
1764861959.807049,668972,0,0,0,0
1764861959.8573508,669022,0,0,0,0
1764861959.9076202,669072,0,0,0,0
1764861959.9578738,669122,0,0,0,0
1764861960.0082371,669172,0,0,0,0
1764861960.058692,669222,0,0,0,0
1764861960.108006,669272,0,0,0,0
1764861960.158164,669322,0,0,0,0
1764861960.208618,669372,0,0,0,0
1764861960.258894,669422,0,0,0,0
1764861960.309258,669472,0,0,0,0
1764861960.359463,669522,0,0,0,0
1764861960.4088042,669572,0,0,0,0
1764861960.4591649,669622,0,0,0,0
1764861960.509529,669672,0,0,0,0
1764861960.559687,669722,0,0,0,0
1764861960.610034,669772,0,0,0,0
1764861960.6604002,669822,0,0,0,0
1764861960.709606,669872,0,0,0,0
1764861960.759912,669922,0,0,0,0
1764861960.810293,669972,0,0,0,0
1764861960.860631,670022,0,0,0,0
1764861960.910975,670072,0,0,0,0
1764861960.961071,670123,0,0,0,0
1764861961.011528,670173,0,0,0,0
1764861961.0618849,670223,0,0,0,0
1764861961.11203,670273,0,0,0,0
1764861961.162441,670323,0,0,0,0
1764861961.212808,670373,0,0,0,0
1764861961.262145,670423,0,0,0,0
1764861961.312332,670473,0,0,0,0
1764861961.362698,670523,0,0,0,0
1764861961.413053,670573,0,0,0,0
1764861961.463427,670623,0,0,0,0
1764861961.513608,670673,0,0,0,0
1764861961.5629718,670723,0,0,0,0
1764861961.613319,670773,0,0,0,0
1764861961.663511,670823,0,0,0,0
1764861961.713897,670873,0,0,0,0
1764861961.7643032,670923,0,0,0,0
1764861961.814454,670973,0,0,0,0
1764861961.863803,671023,0,0,0,0
1764861961.914165,671073,0,0,0,0
1764861961.9643579,671123,0,0,0,0
1764861962.014718,671173,0,0,0,0
1764861962.0650759,671223,0,0,0,0
1764861962.115444,671273,0,0,0,0
1764861962.164604,671323,0,0,0,0
1764861962.214978,671373,0,0,0,0
1764861962.265357,671423,0,0,0,0
1764861962.315569,671473,0,0,0,0
1764861962.365901,671523,0,0,0,0
1764861962.416268,671574,0,0,0,0
1764861962.466609,671624,0,0,0,0
1764861962.516831,671674,0,0,0,0
1764861962.567155,671724,0,0,0,0
1764861962.61758,671774,0,0,0,0
1764861962.667713,671824,0,0,0,0
1764861962.717085,671874,0,0,0,0
1764861962.767404,671924,0,0,0,0
1764861962.81775,671974,0,0,0,0
1764861962.868132,672024,0,0,0,0
1764861962.918296,672074,0,0,0,0
1764861962.968678,672124,0,0,0,0
1764861963.018004,672174,0,0,0,0
1764861963.068187,672224,0,0,0,0
1764861963.118559,672274,0,0,0,0
1764861963.168876,672324,0,0,0,0
1764861963.2192588,672374,0,0,0,0
1764861963.269411,672424,0,0,0,0
1764861963.318757,672474,0,0,0,0
1764861963.36912,672524,0,0,0,0
1764861963.419459,672574,0,0,0,0
1764861963.4698,672624,0,0,0,0
1764861963.519982,672674,0,0,0,0
1764861963.57032,672724,0,0,0,0
1764861963.619658,672774,0,0,0,0
1764861963.670881,672824,0,0,0,0
1764861963.720375,672874,0,0,0,0
1764861963.770551,672924,0,0,0,0
1764861963.8209121,672974,0,0,0,0
1764861963.870089,673024,0,0,0,0
1764861963.920445,673074,0,0,0,0
1764861963.970846,673124,0,0,0,0
1764861964.0211961,673174,0,0,0,0
1764861964.0713542,673224,0,0,0,0
1764861964.1216981,673274,0,0,0,0
1764861964.171044,673324,0,0,0,0
1764861964.221382,673374,0,0,0,0
1764861964.271672,673424,0,0,0,0
1764861964.321909,673474,0,0,0,0
1764861964.372289,673524,0,0,0,0
1764861964.422643,673574,0,0,0,0
1764861964.472013,673624,0,0,0,0
1764861964.522196,673674,0,0,0,0
1764861964.5725708,673724,0,0,0,0
1764861964.622879,673774,0,0,0,0
1764861964.6732311,673824,0,0,0,0
1764861964.7235699,673874,0,0,0,0
1764861964.772736,673924,0,0,0,0
1764861964.823086,673974,0,0,0,0
1764861964.873312,674024,0,0,0,0
1764861964.923625,674074,0,0,0,0
1764861964.974004,674124,0,0,0,0
1764861965.024362,674174,0,0,0,0
1764861965.073678,674224,0,0,0,0
1764861965.123877,674274,0,0,0,0
1764861965.174251,674324,0,0,0,0
1764861965.224603,674374,0,0,0,0
1764861965.2749481,674424,0,0,0,0
1764861965.325131,674475,0,0,0,0
1764861965.375556,674525,0,0,0,0
1764861965.425857,674575,0,0,0,0
1764861965.476195,674625,0,0,0,0
1764861965.5264,674675,0,0,0,0
1764861965.5767329,674725,0,0,0,0
1764861965.626057,674775,0,0,0,0
1764861965.6764119,674825,0,0,0,0
1764861965.726758,674875,0,0,0,0
1764861965.776959,674925,0,0,0,0
1764861965.8272939,674975,0,0,0,0
1764861965.8776681,675025,0,0,0,0
1764861965.926972,675075,0,0,0,0
1764861965.977152,675125,0,0,0,0
1764861966.027552,675175,0,0,0,0
1764861966.077888,675225,0,0,0,0
1764861966.128104,675275,0,0,0,0
1764861966.178462,675325,0,0,0,0
1764861966.227805,675375,0,0,0,0
1764861966.278,675425,0,0,0,0
1764861966.328372,675475,0,0,0,0
1764861966.3788009,675525,0,0,0,0
1764861966.428972,675575,0,0,0,0
1764861966.479317,675625,0,0,0,0
1764861966.528704,675675,0,0,0,0
1764861966.578867,675725,0,0,0,0
1764861966.629227,675775,0,0,0,0
1764861966.679581,675825,0,0,0,0
1764861966.729936,675875,0,0,0,0
1764861966.780153,675926,0,0,0,0
1764861966.830509,675976,0,0,0,0
1764861966.8808699,676026,0,0,0,0
1764861966.9310951,676076,0,0,0,0
1764861966.981508,676126,0,0,0,0
1764861967.031848,676176,0,0,0,0
1764861967.081026,676226,0,0,0,0
1764861967.131392,676276,0,0,0,0
1764861967.181765,676326,0,0,0,0
1764861967.231959,676376,0,0,0,0
1764861967.282329,676426,0,0,0,0
1764861967.3326879,676476,0,0,0,0
1764861967.381857,676526,0,0,0,0
1764861967.432249,676576,0,0,0,0
1764861967.482493,676626,0,0,0,0
1764861967.53285,676676,0,0,0,0
1764861967.58322,676726,0,0,0,0
1764861967.63345,676776,0,0,0,0
1764861967.682775,676826,0,0,0,0
1764861967.7331688,676876,0,0,0,0
1764861967.783354,676926,0,0,0,0
1764861967.833717,676976,0,0,0,0
1764861967.884112,677026,0,0,0,0
1764861967.9343,677076,0,0,0,0
1764861967.983644,677126,0,0,0,0
1764861968.033987,677176,0,0,0,0
1764861968.084382,677226,0,0,0,0
1764861968.1345742,677276,0,0,0,0
1764861968.1849449,677326,0,0,0,0
1764861968.234113,677376,0,0,0,0
1764861968.2844968,677426,0,0,0,0
1764861968.334835,677476,0,0,0,0
1764861968.3851898,677526,0,0,0,0
1764861968.435391,677576,0,0,0,0
1764861968.485767,677626,0,0,0,0
1764861968.535105,677676,0,0,0,0
1764861968.585265,677726,0,0,0,0
1764861968.635634,677776,0,0,0,0
1764861968.686003,677826,0,0,0,0
1764861968.736355,677876,0,0,0,0
1764861968.786548,677926,0,0,0,0
1764861968.8358872,677976,0,0,0,0
1764861968.8862479,678026,0,0,0,0
1764861968.936624,678076,0,0,0,0
1764861968.9868171,678126,0,0,0,0
1764861969.037212,678176,0,0,0,0
1764861969.087562,678226,0,0,0,0
1764861969.1367319,678276,0,0,0,0
1764861969.1871092,678326,0,0,0,0
1764861969.2372842,678376,0,0,0,0
1764861969.287662,678426,0,0,0,0
1764861969.338031,678476,0,0,0,0
1764861969.388236,678526,0,0,0,0
1764861969.4375648,678576,0,0,0,0
1764861969.487936,678626,0,0,0,0
1764861969.5383208,678676,0,0,0,0
1764861969.588523,678726,0,0,0,0
1764861969.638874,678776,0,0,0,0
1764861969.6892312,678827,0,0,0,0
1764861969.739491,678877,0,0,0,0
1764861969.789809,678927,0,0,0,0
1764861969.840161,678977,0,0,0,0
1764861969.89048,679027,0,0,0,0
1764861969.9407308,679077,0,0,0,0
1764861969.9901068,679127,0,0,0,0
1764861970.0404139,679177,0,0,0,0
1764861970.090822,679227,0,0,0,0
1764861970.140984,679277,0,0,0,0
1764861970.191371,679327,0,0,0,0
1764861970.241753,679377,0,0,0,0
1764861970.2909,679427,0,0,0,0
1764861970.3412569,679477,0,0,0,0
1764861970.391544,679527,0,0,0,0
1764861970.441818,679577,0,0,0,0
1764861970.492178,679627,0,0,0,0
1764861970.542547,679677,0,0,0,0
1764861970.591715,679727,0,0,0,0
1764861970.642057,679777,0,0,0,0
1764861970.6924741,679827,0,0,0,0
1764861970.7427871,679877,0,0,0,0
1764861970.793011,679927,0,0,0,0
1764861970.8433301,679977,0,0,0,0
1764861970.8926232,680027,0,0,0,0
1764861970.9428968,680077,0,0,0,0
1764861970.993249,680127,0,0,0,0
1764861971.0436008,680177,0,0,0,0
1764861971.0939698,680227,0,0,0,0
1764861971.1441631,680278,0,0,0,0
1764861971.1945028,680328,0,0,0,0
1764861971.24486,680378,0,0,0,0
1764861971.295226,680428,0,0,0,0
1764861971.3454468,680478,0,0,0,0
1764861971.395762,680528,0,0,0,0
1764861971.445089,680578,0,0,0,0
1764861971.4952772,680628,0,0,0,0
1764861971.545629,680678,0,0,0,0
1764861971.5959811,680728,0,0,0,0
1764861971.6463392,680778,0,0,0,0
1764861971.696554,680828,0,0,0,0
1764861971.745883,680878,0,0,0,0
1764861971.7962382,680928,0,0,0,0
1764861971.846584,680978,0,0,0,0
1764861971.8967948,681028,0,0,0,0
1764861971.947149,681078,0,0,0,0
1764861971.997538,681128,0,0,0,0
1764861972.046866,681178,0,0,0,0
1764861972.0970712,681228,0,0,0,0
1764861972.147428,681278,0,0,0,0
1764861972.1977742,681328,0,0,0,0
1764861972.247885,681378,0,0,0,0
1764861972.29836,681428,0,0,0,0
1764861972.34768,681478,0,0,0,0
1764861972.397838,681528,0,0,0,0
1764861972.448216,681578,0,0,0,0
1764861972.49858,681628,0,0,0,0
1764861972.54895,681678,0,0,0,0
1764861972.598115,681728,0,0,0,0
1764861972.648468,681778,0,0,0,0
1764861972.698817,681828,0,0,0,0
1764861972.7491908,681878,0,0,0,0
1764861972.799346,681928,0,0,0,0
1764861972.8497431,681978,0,0,0,0
1764861972.8989592,682028,0,0,0,0
1764861972.94946,682078,0,0,0,0
1764861972.9996061,682128,0,0,0,0
1764861973.049958,682178,0,0,0,0
1764861973.1003132,682228,0,0,0,0
1764861973.150694,682278,0,0,0,0
1764861973.199829,682328,0,0,0,0
1764861973.2502358,682378,0,0,0,0
1764861973.300569,682428,0,0,0,0
1764861973.350743,682478,0,0,0,0
1764861973.401105,682528,0,0,0,0
1764861973.451444,682578,0,0,0,0
1764861973.5007942,682628,0,0,0,0
1764861973.551129,682678,0,0,0,0
1764861973.6013188,682728,0,0,0,0
1764861973.651695,682778,0,0,0,0
1764861973.7020319,682828,0,0,0,0
1764861973.7524421,682878,0,0,0,0
1764861973.801884,682928,0,0,0,0
1764861973.851874,682978,0,0,0,0
1764861973.9022431,683028,0,0,0,0
1764861973.9526029,683078,0,0,0,0
1764861974.00293,683128,0,0,0,0
1764861974.0531268,683179,0,0,0,0
1764861974.103482,683229,0,0,0,0
1764861974.1538408,683279,0,0,0,0
1764861974.204206,683329,0,0,0,0
1764861974.254417,683379,0,0,0,0
1764861974.304733,683429,0,0,0,0
1764861974.3540459,683479,0,0,0,0
1764861974.404237,683529,0,0,0,0
1764861974.4545898,683579,0,0,0,0
1764861974.504978,683629,0,0,0,0
1764861974.5552661,683679,0,0,0,0
1764861974.605533,683729,0,0,0,0
1764861974.654803,683779,0,0,0,0
1764861974.705194,683829,0,0,0,0
1764861974.7555451,683879,0,0,0,0
1764861974.8059,683929,0,0,0,0
1764861974.856106,683979,0,0,0,0
1764861974.906448,684029,0,0,0,0
1764861974.95582,684079,0,0,0,0
1764861975.0060081,684129,0,0,0,0
1764861975.05641,684179,0,0,0,0
1764861975.106716,684229,0,0,0,0
1764861975.1571,684279,0,0,0,0
1764861975.207284,684329,0,0,0,0
1764861975.256641,684379,0,0,0,0
1764861975.306813,684429,0,0,0,0
1764861975.357182,684479,0,0,0,0
1764861975.407548,684529,0,0,0,0
1764861975.45792,684579,0,0,0,0
1764861975.508119,684630,0,0,0,0
1764861975.5585148,684680,0,0,0,0
1764861975.608873,684730,0,0,0,0
1764861975.658968,684780,0,0,0,0
1764861975.70945,684830,0,0,0,0
1764861975.759805,684880,0,0,0,0
1764861975.8089778,684930,0,0,0,0
1764861975.8593972,684980,0,0,0,0
1764861975.909709,685030,0,0,0,0
1764861975.959921,685080,0,0,0,0
1764861976.010299,685130,0,0,0,0
1764861976.0606568,685180,0,0,0,0
1764861976.1100101,685230,0,0,0,0
1764861976.160195,685280,0,0,0,0
1764861976.210578,685330,0,0,0,0
1764861976.260763,685380,0,0,0,0
1764861976.311156,685430,0,0,0,0
1764861976.361503,685480,0,0,0,0
1764861976.410688,685530,0,0,0,0
1764861976.461047,685580,0,0,0,0
1764861976.511308,685630,0,0,0,0
1764861976.561698,685680,0,0,0,0
1764861976.6120372,685730,0,0,0,0
1764861976.662239,685780,0,0,0,0
1764861976.7115788,685830,0,0,0,0
1764861976.76195,685880,0,0,0,0
1764861976.8123038,685930,0,0,0,0
1764861976.862439,685980,0,0,0,0
1764861976.9129112,686030,0,0,0,0
1764861976.96223,686080,0,0,0,0
1764861977.012425,686130,0,0,0,0
1764861977.062813,686180,0,0,0,0
1764861977.113188,686230,0,0,0,0
1764861977.163378,686280,0,0,0,0
1764861977.21372,686330,0,0,0,0
1764861977.263068,686380,0,0,0,0
1764861977.313171,686430,0,0,0,0
1764861977.363647,686480,0,0,0,0
1764861977.414005,686530,0,0,0,0
1764861977.464364,686580,0,0,0,0
1764861977.514552,686630,0,0,0,0
1764861977.563922,686680,0,0,0,0
1764861977.614101,686730,0,0,0,0
1764861977.664476,686780,0,0,0,0
1764861977.714842,686830,0,0,0,0
1764861977.76519,686880,0,0,0,0
1764861977.8154082,686930,0,0,0,0
1764861977.864741,686980,0,0,0,0
1764861977.9150982,687030,0,0,0,0
1764861977.9653492,687080,0,0,0,0
1764861978.015649,687130,0,0,0,0
1764861978.066029,687180,0,0,0,0
1764861978.116394,687230,0,0,0,0
1764861978.165546,687280,0,0,0,0
1764861978.2159019,687330,0,0,0,0
1764861978.2662652,687380,0,0,0,0
1764861978.316617,687430,0,0,0,0
1764861978.366799,687480,0,0,0,0
1764861978.417147,687531,0,0,0,0
1764861978.46752,687581,0,0,0,0
1764861978.5178869,687631,0,0,0,0
1764861978.568053,687681,0,0,0,0
1764861978.618412,687731,0,0,0,0
1764861978.66877,687781,0,0,0,0
1764861978.717956,687831,0,0,0,0
1764861978.768352,687881,0,0,0,0
1764861978.8186612,687931,0,0,0,0
1764861978.868881,687981,0,0,0,0
1764861978.919245,688031,0,0,0,0
1764861978.9695501,688081,0,0,0,0
1764861979.018823,688131,0,0,0,0
1764861979.069222,688181,0,0,0,0
1764861979.1195679,688231,0,0,0,0
1764861979.16979,688281,0,0,0,0
1764861979.2201421,688331,0,0,0,0
1764861979.27053,688381,0,0,0,0
1764861979.319849,688431,0,0,0,0
1764861979.3700411,688481,0,0,0,0
1764861979.420388,688531,0,0,0,0
1764861979.470784,688581,0,0,0,0
1764861979.5209842,688631,0,0,0,0
1764861979.5713532,688681,0,0,0,0
1764861979.6205492,688731,0,0,0,0
1764861979.670892,688781,0,0,0,0
1764861979.721257,688831,0,0,0,0
1764861979.771478,688881,0,0,0,0
1764861979.821824,688931,0,0,0,0
1764861979.8722188,688982,0,0,0,0
1764861979.922382,689032,0,0,0,0
1764861979.9728022,689082,0,0,0,0
1764861980.023149,689132,0,0,0,0
1764861980.0733728,689182,0,0,0,0
1764861980.123743,689232,0,0,0,0
1764861980.173064,689282,0,0,0,0
1764861980.2233229,689332,0,0,0,0
1764861980.273649,689382,0,0,0,0
1764861980.3239858,689432,0,0,0,0
1764861980.374358,689482,0,0,0,0
1764861980.4245381,689532,0,0,0,0
1764861980.473902,689582,0,0,0,0
1764861980.524283,689632,0,0,0,0
1764861980.5744371,689682,0,0,0,0
1764861980.624809,689732,0,0,0,0
1764861980.675183,689782,0,0,0,0
1764861980.725539,689832,0,0,0,0
1764861980.774698,689882,0,0,0,0
1764861980.825069,689932,0,0,0,0
1764861980.875453,689982,0,0,0,0
1764861980.925587,690032,0,0,0,0
1764861980.975959,690082,0,0,0,0
1764861981.0263329,690132,0,0,0,0
1764861981.07567,690182,0,0,0,0
1764861981.125854,690232,0,0,0,0
1764861981.1762109,690282,0,0,0,0
1764861981.226584,690332,0,0,0,0
1764861981.276913,690382,0,0,0,0
1764861981.326098,690432,0,0,0,0
1764861981.3764439,690482,0,0,0,0
1764861981.426823,690532,0,0,0,0
1764861981.4771872,690582,0,0,0,0
1764861981.527362,690632,0,0,0,0
1764861981.577715,690682,0,0,0,0
1764861981.627069,690732,0,0,0,0
1764861981.677259,690782,0,0,0,0
1764861981.727634,690832,0,0,0,0
1764861981.777977,690882,0,0,0,0
1764861981.828335,690932,0,0,0,0
1764861981.878504,690982,0,0,0,0
1764861981.927829,691032,0,0,0,0
1764861981.978195,691082,0,0,0,0
1764861982.028569,691132,0,0,0,0
1764861982.078725,691182,0,0,0,0
1764861982.129107,691232,0,0,0,0
1764861982.179444,691282,0,0,0,0
1764861982.228792,691332,0,0,0,0
1764861982.278977,691382,0,0,0,0
1764861982.32931,691432,0,0,0,0
1764861982.379658,691482,0,0,0,0
1764861982.430024,691532,0,0,0,0
1764861982.480336,691582,0,0,0,0
1764861982.529557,691632,0,0,0,0
1764861982.5799072,691682,0,0,0,0
1764861982.630311,691732,0,0,0,0
1764861982.680474,691782,0,0,0,0
1764861982.7308521,691832,0,0,0,0
1764861982.781232,691883,0,0,0,0
1764861982.831448,691933,0,0,0,0
1764861982.8817651,691983,0,0,0,0
1764861982.9321222,692033,0,0,0,0
1764861982.982333,692083,0,0,0,0
1764861983.032696,692133,0,0,0,0
1764861983.082043,692183,0,0,0,0
1764861983.132403,692233,0,0,0,0
1764861983.182567,692283,0,0,0,0
1764861983.232925,692333,0,0,0,0
1764861983.283298,692383,0,0,0,0
1764861983.33366,692433,0,0,0,0
1764861983.382852,692483,0,0,0,0
1764861983.4332201,692533,0,0,0,0
1764861983.483563,692583,0,0,0,0
1764861983.533803,692633,0,0,0,0
1764861983.5841558,692683,0,0,0,0
1764861983.634528,692733,0,0,0,0
1764861983.683717,692783,0,0,0,0
1764861983.734057,692833,0,0,0,0
1764861983.784302,692883,0,0,0,0
1764861983.834639,692933,0,0,0,0
1764861983.8850079,692983,0,0,0,0
1764861983.9351711,693033,0,0,0,0
1764861983.9845319,693083,0,0,0,0
1764861984.0349162,693133,0,0,0,0
1764861984.085269,693183,0,0,0,0
1764861984.1354449,693233,0,0,0,0
1764861984.185826,693283,0,0,0,0
1764861984.23617,693334,0,0,0,0
1764861984.286378,693384,0,0,0,0
1764861984.336738,693434,0,0,0,0
1764861984.38711,693484,0,0,0,0
1764861984.438109,693534,0,0,0,0
1764861984.48767,693584,0,0,0,0
1764861984.537001,693634,0,0,0,0
1764861984.5873861,693684,0,0,0,0
1764861984.63759,693734,0,0,0,0
1764861984.687961,693784,0,0,0,0
1764861984.7383301,693834,0,0,0,0
1764861984.788675,693884,0,0,0,0
1764861984.837732,693934,0,0,0,0
1764861984.888195,693984,0,0,0,0
1764861984.938516,694034,0,0,0,0
1764861984.988715,694084,0,0,0,0
1764861985.039099,694134,0,0,0,0
1764861985.0894651,694184,0,0,0,0
1764861985.1388001,694234,0,0,0,0
1764861985.188973,694284,0,0,0,0
1764861985.2393239,694334,0,0,0,0
1764861985.289716,694384,0,0,0,0
1764861985.339911,694434,0,0,0,0
1764861985.390272,694484,0,0,0,0
1764861985.439615,694534,0,0,0,0
1764861985.4899478,694584,0,0,0,0
1764861985.540139,694634,0,0,0,0
1764861985.590497,694684,0,0,0,0
1764861985.640888,694734,0,0,0,0
1764861985.690061,694784,0,0,0,0
1764861985.740405,694834,0,0,0,0
1764861985.790763,694884,0,0,0,0
1764861985.840941,694934,0,0,0,0
1764861985.891333,694984,0,0,0,0
1764861985.941673,695034,0,0,0,0
1764861985.991039,695084,0,0,0,0
1764861986.0412521,695134,0,0,0,0
1764861986.0915892,695184,0,0,0,0
1764861986.1419861,695234,0,0,0,0
1764861986.1923149,695284,0,0,0,0
1764861986.2425349,695334,0,0,0,0
1764861986.291858,695384,0,0,0,0
1764861986.342258,695434,0,0,0,0
1764861986.392562,695484,0,0,0,0
1764861986.442745,695534,0,0,0,0
1764861986.493075,695584,0,0,0,0
1764861986.543465,695634,0,0,0,0
1764861986.5926342,695684,0,0,0,0
1764861986.642984,695734,0,0,0,0
1764861986.69336,695784,0,0,0,0
1764861986.743551,695834,0,0,0,0
1764861986.793901,695884,0,0,0,0
1764861986.8443022,695934,0,0,0,0
1764861986.893506,695984,0,0,0,0
1764861986.943864,696034,0,0,0,0
1764861986.994221,696084,0,0,0,0
1764861987.0444381,696134,0,0,0,0
1764861987.094809,696184,0,0,0,0
1764861987.145236,696235,0,0,0,0
1764861987.195392,696285,0,0,0,0
1764861987.245754,696335,0,0,0,0
1764861987.2961369,696385,0,0,0,0
1764861987.346344,696435,0,0,0,0
1764861987.396716,696485,0,0,0,0
1764861987.4460769,696535,0,0,0,0
1764861987.4962811,696585,0,0,0,0
1764861987.546698,696635,0,0,0,0
1764861987.5968719,696685,0,0,0,0
1764861987.6472378,696735,0,0,0,0
1764861987.697601,696785,0,0,0,0
1764861987.7469518,696835,0,0,0,0
1764861987.79715,696885,0,0,0,0
1764861987.847527,696935,0,0,0,0
1764861987.89775,696985,0,0,0,0
1764861987.948113,697035,0,0,0,0
1764861987.998463,697085,0,0,0,0
1764861988.0476,697135,0,0,0,0
1764861988.09797,697185,0,0,0,0
1764861988.1483352,697235,0,0,0,0
1764861988.1986718,697285,0,0,0,0
1764861988.249011,697335,0,0,0,0
1764861988.2992268,697385,0,0,0,0
1764861988.3485088,697435,0,0,0,0
1764861988.398869,697485,0,0,0,0
1764861988.449228,697535,0,0,0,0
1764861988.499563,697585,0,0,0,0
1764861988.5499141,697635,0,0,0,0
1764861988.6001012,697686,0,0,0,0
1764861988.650439,697736,0,0,0,0
1764861988.7008,697786,0,0,0,0
1764861988.751233,697836,0,0,0,0
1764861988.801346,697886,0,0,0,0
1764861988.851685,697936,0,0,0,0
1764861988.901025,697986,0,0,0,0
1764861988.9513888,698036,0,0,0,0
1764861989.001696,698086,0,0,0,0
1764861989.051899,698136,0,0,0,0
1764861989.102271,698186,0,0,0,0
1764861989.1524749,698236,0,0,0,0
1764861989.201788,698286,0,0,0,0
1764861989.252182,698336,0,0,0,0
1764861989.3024929,698386,0,0,0,0
1764861989.3528361,698436,0,0,0,0
1764861989.403015,698486,0,0,0,0
1764861989.4533708,698536,0,0,0,0
1764861989.5027032,698586,0,0,0,0
1764861989.5530748,698636,0,0,0,0
1764861989.6034439,698686,0,0,0,0
1764861989.653607,698736,0,0,0,0
1764861989.703967,698786,0,0,0,0
1764861989.754316,698836,0,0,0,0
1764861989.803637,698886,0,0,0,0
1764861989.853974,698936,0,0,0,0
1764861989.904165,698986,0,0,0,0
1764861989.954551,699036,0,0,0,0
1764861990.004849,699086,0,0,0,0
1764861990.0542002,699136,0,0,0,0
1764861990.104387,699186,0,0,0,0
1764861990.154721,699236,0,0,0,0
1764861990.2051032,699286,0,0,0,0
1764861990.255281,699336,0,0,0,0
1764861990.305635,699386,0,0,0,0
1764861990.354979,699436,0,0,0,0
1764861990.405335,699486,0,0,0,0
1764861990.455538,699536,0,0,0,0
1764861990.505881,699586,0,0,0,0
1764861990.556258,699636,0,0,0,0
1764861990.606569,699686,0,0,0,0
1764861990.655923,699736,0,0,0,0
1764861990.7060962,699786,0,0,0,0
1764861990.756356,699836,0,0,0,0
1764861990.806816,699886,0,0,0,0
1764861990.857204,699936,0,0,0,0
1764861990.907379,699986,0,0,0,0
1764861990.956726,700036,0,0,0,0
1764861991.006901,700086,0,0,0,0
1764861991.057282,700136,0,0,0,0
1764861991.107636,700186,0,0,0,0
1764861991.1579719,700236,0,0,0,0
1764861991.208333,700286,0,0,0,0
1764861991.25748,700336,0,0,0,0
1764861991.3078358,700386,0,0,0,0
1764861991.358208,700436,0,0,0,0
1764861991.4085498,700486,0,0,0,0
1764861991.45873,700536,0,0,0,0
1764861991.509074,700587,0,0,0,0
1764861991.559426,700637,0,0,0,0
1764861991.609788,700687,0,0,0,0
1764861991.660148,700737,0,0,0,0
1764861991.710324,700787,0,0,0,0
1764861991.76068,700837,0,0,0,0
1764861991.8099961,700887,0,0,0,0
1764861991.8603141,700937,0,0,0,0
1764861991.910536,700987,0,0,0,0
1764861991.9609149,701037,0,0,0,0
1764861992.01122,701087,0,0,0,0
1764861992.061585,701137,0,0,0,0
1764861992.110742,701187,0,0,0,0
1764861992.1611688,701237,0,0,0,0
1764861992.211433,701287,0,0,0,0
1764861992.261814,701337,0,0,0,0
1764861992.312143,701387,0,0,0,0
1764861992.3623471,701437,0,0,0,0
1764861992.4115682,701487,0,0,0,0
1764861992.462039,701537,0,0,0,0
1764861992.512398,701587,0,0,0,0
1764861992.5625842,701637,0,0,0,0
1764861992.6129138,701687,0,0,0,0
1764861992.663318,701737,0,0,0,0
1764861992.712615,701787,0,0,0,0
1764861992.762816,701837,0,0,0,0
1764861992.813144,701887,0,0,0,0
1764861992.863517,701937,0,0,0,0
1764861992.913862,701987,0,0,0,0
1764861992.9642398,702038,0,0,0,0
1764861993.0143812,702088,0,0,0,0
1764861993.0647712,702138,0,0,0,0
1764861993.115166,702188,0,0,0,0
1764861993.165465,702238,0,0,0,0
1764861993.215668,702288,0,0,0,0
1764861993.264979,702338,0,0,0,0
1764861993.3153532,702388,0,0,0,0
1764861993.365549,702438,0,0,0,0
1764861993.415906,702488,0,0,0,0
1764861993.4662871,702538,0,0,0,0
1764861993.5164502,702588,0,0,0,0
1764861993.565834,702638,0,0,0,0
1764861993.6161642,702688,0,0,0,0
1764861993.666511,702738,0,0,0,0
1764861993.716706,702788,0,0,0,0
1764861993.767066,702838,0,0,0,0
1764861993.817415,702888,0,0,0,0
1764861993.866776,702938,0,0,0,0
1764861993.917124,702988,0,0,0,0
1764861993.967299,703038,0,0,0,0
1764861994.017609,703088,0,0,0,0
1764861994.06797,703138,0,0,0,0
1764861994.11833,703188,0,0,0,0
1764861994.167514,703238,0,0,0,0
1764861994.217855,703288,0,0,0,0
1764861994.268203,703338,0,0,0,0
1764861994.3183959,703388,0,0,0,0
1764861994.368769,703438,0,0,0,0
1764861994.418132,703488,0,0,0,0
1764861994.4684858,703538,0,0,0,0
1764861994.518691,703588,0,0,0,0
1764861994.569068,703638,0,0,0,0
1764861994.619442,703688,0,0,0,0
1764861994.6696231,703738,0,0,0,0
1764861994.718973,703788,0,0,0,0
1764861994.769341,703838,0,0,0,0
1764861994.8197088,703888,0,0,0,0
1764861994.869875,703938,0,0,0,0
1764861994.920255,703988,0,0,0,0
1764861994.970592,704038,0,0,0,0
1764861995.0196931,704088,0,0,0,0
1764861995.0700438,704138,0,0,0,0
1764861995.120456,704188,0,0,0,0
1764861995.170815,704238,0,0,0,0
1764861995.220981,704288,0,0,0,0
1764861995.271349,704338,0,0,0,0
1764861995.320689,704388,0,0,0,0
1764861995.371053,704438,0,0,0,0
1764861995.421396,704488,0,0,0,0
1764861995.471585,704538,0,0,0,0
1764861995.5219,704588,0,0,0,0
1764861995.572277,704638,0,0,0,0
1764861995.621535,704688,0,0,0,0
1764861995.671783,704738,0,0,0,0
1764861995.722122,704788,0,0,0,0
1764861995.772495,704838,0,0,0,0
1764861995.822746,704888,0,0,0,0
1764861995.873193,704939,0,0,0,0
1764861995.9233742,704989,0,0,0,0
1764861995.9737442,705039,0,0,0,0
1764861996.024108,705089,0,0,0,0
1764861996.074427,705139,0,0,0,0
1764861996.124622,705189,0,0,0,0
1764861996.17393,705239,0,0,0,0
1764861996.224291,705289,0,0,0,0
1764861996.274486,705339,0,0,0,0
1764861996.324877,705389,0,0,0,0
1764861996.375207,705439,0,0,0,0
1764861996.425579,705489,0,0,0,0
1764861996.474755,705539,0,0,0,0
1764861996.525125,705589,0,0,0,0
1764861996.575459,705639,0,0,0,0
1764861996.625788,705689,0,0,0,0
1764861996.6762161,705739,0,0,0,0
1764861996.726341,705789,0,0,0,0
1764861996.7756941,705839,0,0,0,0
1764861996.826051,705889,0,0,0,0
1764861996.8763862,705939,0,0,0,0
1764861996.926569,705989,0,0,0,0
1764861996.976929,706039,0,0,0,0
1764861997.0272288,706089,0,0,0,0
1764861997.07658,706139,0,0,0,0
1764861997.126754,706189,0,0,0,0
1764861997.1771011,706239,0,0,0,0
1764861997.227455,706289,0,0,0,0
1764861997.2777731,706339,0,0,0,0
1764861997.3281322,706390,0,0,0,0
1764861997.378391,706440,0,0,0,0
1764861997.428672,706490,0,0,0,0
1764861997.479019,706540,0,0,0,0
1764861997.529373,706590,0,0,0,0
1764861997.579712,706640,0,0,0,0
1764861997.629088,706690,0,0,0,0
1764861997.6792262,706740,0,0,0,0
1764861997.7296069,706790,0,0,0,0
1764861997.779951,706840,0,0,0,0
1764861997.830286,706890,0,0,0,0
1764861997.8804638,706940,0,0,0,0
1764861997.9298089,706990,0,0,0,0
1764861997.980185,707040,0,0,0,0
1764861998.030507,707090,0,0,0,0
1764861998.080696,707140,0,0,0,0
1764861998.13109,707190,0,0,0,0
1764861998.18141,707240,0,0,0,0
1764861998.230741,707290,0,0,0,0
1764861998.280916,707340,0,0,0,0
1764861998.331285,707390,0,0,0,0
1764861998.381637,707440,0,0,0,0
1764861998.432002,707490,0,0,0,0
1764861998.482178,707540,0,0,0,0
1764861998.531429,707590,0,0,0,0
1764861998.581832,707640,0,0,0,0
1764861998.632252,707690,0,0,0,0
1764861998.682421,707740,0,0,0,0
1764861998.732754,707790,0,0,0,0
1764861998.782099,707840,0,0,0,0
1764861998.832458,707890,0,0,0,0
1764861998.882794,707940,0,0,0,0
1764861998.932968,707990,0,0,0,0
1764861998.9833379,708040,0,0,0,0
1764861999.033704,708090,0,0,0,0
1764861999.083084,708140,0,0,0,0
1764861999.133246,708190,0,0,0,0
1764861999.183598,708240,0,0,0,0
1764861999.233933,708290,0,0,0,0
1764861999.284159,708340,0,0,0,0
1764861999.3345048,708390,0,0,0,0
1764861999.38384,708440,0,0,0,0
1764861999.43419,708490,0,0,0,0
1764861999.484375,708540,0,0,0,0
1764861999.534728,708590,0,0,0,0
1764861999.585079,708640,0,0,0,0
1764861999.635286,708690,0,0,0,0
1764861999.684603,708740,0,0,0,0
1764861999.7349849,708790,0,0,0,0
1764861999.785336,708840,0,0,0,0
1764861999.835695,708890,0,0,0,0
1764861999.885879,708940,0,0,0,0
1764861999.936216,708990,0,0,0,0
1764861999.985457,709040,0,0,0,0
1764862000.035917,709090,0,0,0,0
1764862000.086259,709140,0,0,0,0
1764862000.1364632,709190,0,0,0,0
1764862000.186819,709240,0,0,0,0
1764862000.237081,709291,0,0,0,0
1764862000.287414,709341,0,0,0,0
1764862000.337666,709391,0,0,0,0
1764862000.388103,709441,0,0,0,0
1764862000.438299,709491,0,0,0,0
1764862000.488672,709541,0,0,0,0
1764862000.538078,709591,0,0,0,0
1764862000.588214,709641,0,0,0,0
1764862000.638576,709691,0,0,0,0
1764862000.6889222,709741,0,0,0,0
1764862000.739297,709791,0,0,0,0
1764862000.7894661,709841,0,0,0,0
1764862000.838797,709891,0,0,0,0
1764862000.889172,709941,0,0,0,0
1764862000.939389,709991,0,0,0,0
1764862000.989633,710041,0,0,0,0
1764862001.040071,710091,0,0,0,0
1764862001.090473,710141,0,0,0,0
1764862001.1396601,710191,0,0,0,0
1764862001.19004,710241,0,0,0,0
1764862001.2403772,710291,0,0,0,0
1764862001.290578,710341,0,0,0,0
1764862001.340946,710391,0,0,0,0
1764862001.3913028,710441,0,0,0,0
1764862001.440473,710491,0,0,0,0
1764862001.4908428,710541,0,0,0,0
1764862001.541208,710591,0,0,0,0
1764862001.591394,710641,0,0,0,0
1764862001.641727,710691,0,0,0,0
1764862001.6920419,710742,0,0,0,0
1764862001.74245,710792,0,0,0,0
1764862001.792647,710842,0,0,0,0
1764862001.843043,710892,0,0,0,0
1764862001.893365,710942,0,0,0,0
1764862001.943719,710992,0,0,0,0
1764862001.992909,711042,0,0,0,0
1764862002.043243,711092,0,0,0,0
1764862002.093549,711142,0,0,0,0
1764862002.143849,711192,0,0,0,0
1764862002.1942132,711242,0,0,0,0
1764862002.2444952,711292,0,0,0,0
1764862002.2939332,711342,0,0,0,0
1764862002.344084,711392,0,0,0,0
1764862002.394451,711442,0,0,0,0
1764862002.4448168,711492,0,0,0,0
1764862002.495161,711542,0,0,0,0
1764862002.5453901,711592,0,0,0,0
1764862002.59471,711642,0,0,0,0
1764862002.6448781,711692,0,0,0,0
1764862002.695267,711742,0,0,0,0
1764862002.7456331,711792,0,0,0,0
1764862002.79601,711842,0,0,0,0
1764862002.846155,711892,0,0,0,0
1764862002.895484,711942,0,0,0,0
1764862002.945812,711992,0,0,0,0
1764862002.99618,712042,0,0,0,0
1764862003.0465422,712092,0,0,0,0
1764862003.0968618,712142,0,0,0,0
1764862003.146053,712192,0,0,0,0
1764862003.196379,712242,0,0,0,0
1764862003.246824,712292,0,0,0,0
1764862003.297136,712342,0,0,0,0
1764862003.347302,712392,0,0,0,0
1764862003.39764,712442,0,0,0,0
1764862003.44701,712492,0,0,0,0
1764862003.4971771,712542,0,0,0,0
1764862003.5475688,712592,0,0,0,0
1764862003.597889,712642,0,0,0,0
1764862003.648083,712692,0,0,0,0
1764862003.698449,712742,0,0,0,0
1764862003.7477891,712792,0,0,0,0
1764862003.798183,712842,0,0,0,0
1764862003.848285,712892,0,0,0,0
1764862003.898716,712942,0,0,0,0
1764862003.949075,712992,0,0,0,0
1764862003.999418,713042,0,0,0,0
1764862004.048748,713092,0,0,0,0
1764862004.098922,713142,0,0,0,0
1764862004.14929,713192,0,0,0,0
1764862004.1996548,713242,0,0,0,0
1764862004.250008,713292,0,0,0,0
1764862004.300173,713342,0,0,0,0
1764862004.349565,713392,0,0,0,0
1764862004.399729,713442,0,0,0,0
1764862004.4501178,713492,0,0,0,0
1764862004.500439,713542,0,0,0,0
1764862004.550828,713592,0,0,0,0
1764862004.601001,713643,0,0,0,0
1764862004.651371,713693,0,0,0,0
1764862004.70174,713743,0,0,0,0
1764862004.7519958,713793,0,0,0,0
1764862004.8022988,713843,0,0,0,0
1764862004.852673,713893,0,0,0,0
1764862004.90199,713943,0,0,0,0
1764862004.9523609,713993,0,0,0,0
1764862005.00253,714043,0,0,0,0
1764862005.0528908,714093,0,0,0,0
1764862005.103219,714143,0,0,0,0
1764862005.1535969,714193,0,0,0,0
1764862005.2027972,714243,0,0,0,0
1764862005.2531059,714293,0,0,0,0
1764862005.303477,714343,0,0,0,0
1764862005.3536808,714393,0,0,0,0
1764862005.4041789,714443,0,0,0,0
1764862005.4543302,714493,0,0,0,0
1764862005.503615,714543,0,0,0,0
1764862005.554014,714593,0,0,0,0
1764862005.604192,714643,0,0,0,0
1764862005.6545632,714693,0,0,0,0
1764862005.704989,714743,0,0,0,0
1764862005.75529,714793,0,0,0,0
1764862005.804469,714843,0,0,0,0
1764862005.8547719,714893,0,0,0,0
1764862005.905164,714943,0,0,0,0
1764862005.955507,714993,0,0,0,0
1764862006.005884,715043,0,0,0,0
1764862006.056066,715094,0,0,0,0
1764862006.106407,715144,0,0,0,0
1764862006.156787,715194,0,0,0,0
1764862006.206971,715244,0,0,0,0
1764862006.257324,715294,0,0,0,0
1764862006.307689,715344,0,0,0,0
1764862006.357025,715394,0,0,0,0
1764862006.407199,715444,0,0,0,0
1764862006.457598,715494,0,0,0,0
1764862006.507926,715544,0,0,0,0
1764862006.558309,715594,0,0,0,0
1764862006.608486,715644,0,0,0,0
1764862006.6577768,715694,0,0,0,0
1764862006.708041,715744,0,0,0,0
1764862006.758389,715794,0,0,0,0
1764862006.80877,715844,0,0,0,0
1764862006.8591292,715894,0,0,0,0
1764862006.90933,715944,0,0,0,0
1764862006.958647,715994,0,0,0,0
1764862007.008994,716044,0,0,0,0
1764862007.059396,716094,0,0,0,0
1764862007.1095428,716144,0,0,0,0
1764862007.159977,716194,0,0,0,0
1764862007.210279,716244,0,0,0,0
1764862007.2595782,716294,0,0,0,0
1764862007.309959,716344,0,0,0,0
1764862007.360119,716394,0,0,0,0
1764862007.410452,716444,0,0,0,0
1764862007.460821,716494,0,0,0,0
1764862007.509978,716544,0,0,0,0
1764862007.5603452,716594,0,0,0,0
1764862007.610698,716644,0,0,0,0
1764862007.6610749,716694,0,0,0,0
1764862007.711263,716744,0,0,0,0
1764862007.7616398,716794,0,0,0,0
1764862007.81097,716844,0,0,0,0
1764862007.861328,716894,0,0,0,0
1764862007.911496,716944,0,0,0,0
1764862007.961866,716994,0,0,0,0
1764862008.012144,717044,0,0,0,0
1764862008.06254,717094,0,0,0,0
1764862008.111849,717144,0,0,0,0
1764862008.1620538,717194,0,0,0,0
1764862008.212395,717244,0,0,0,0
1764862008.262748,717294,0,0,0,0
1764862008.313111,717344,0,0,0,0
1764862008.363453,717394,0,0,0,0
1764862008.412589,717444,0,0,0,0
1764862008.4629738,717494,0,0,0,0
1764862008.5133178,717544,0,0,0,0
1764862008.563492,717594,0,0,0,0
1764862008.6138282,717644,0,0,0,0
1764862008.664224,717694,0,0,0,0
1764862008.713519,717744,0,0,0,0
1764862008.763941,717794,0,0,0,0
1764862008.814068,717844,0,0,0,0
1764862008.86432,717894,0,0,0,0
1764862008.914778,717944,0,0,0,0
1764862008.965121,717995,0,0,0,0
1764862009.015328,718045,0,0,0,0
1764862009.065666,718095,0,0,0,0
1764862009.1160908,718145,0,0,0,0
1764862009.166413,718195,0,0,0,0
1764862009.216613,718245,0,0,0,0
1764862009.265951,718295,0,0,0,0
1764862009.316312,718345,0,0,0,0
1764862009.366646,718395,0,0,0,0
1764862009.416834,718445,0,0,0,0
1764862009.46715,718495,0,0,0,0
1764862009.517502,718545,0,0,0,0
1764862009.566824,718595,0,0,0,0
1764862009.616985,718645,0,0,0,0
1764862009.6673431,718695,0,0,0,0
1764862009.717697,718745,0,0,0,0
1764862009.768086,718795,0,0,0,0
1764862009.818272,718845,0,0,0,0
1764862009.867618,718895,0,0,0,0
1764862009.9179971,718945,0,0,0,0
1764862009.96835,718995,0,0,0,0
1764862010.018539,719045,0,0,0,0
1764862010.068928,719095,0,0,0,0
1764862010.119203,719145,0,0,0,0
1764862010.168499,719195,0,0,0,0
1764862010.2187588,719245,0,0,0,0
1764862010.269116,719295,0,0,0,0
1764862010.319464,719345,0,0,0,0
1764862010.369808,719395,0,0,0,0
1764862010.4201589,719446,0,0,0,0
1764862010.4703429,719496,0,0,0,0
1764862010.520709,719546,0,0,0,0
1764862010.571035,719596,0,0,0,0
1764862010.6214132,719646,0,0,0,0
1764862010.671623,719696,0,0,0,0
1764862010.720939,719746,0,0,0,0
1764862010.7713091,719796,0,0,0,0
1764862010.8214972,719846,0,0,0,0
1764862010.871992,719896,0,0,0,0
1764862010.922206,719946,0,0,0,0
1764862010.9725592,719996,0,0,0,0
1764862011.021736,720046,0,0,0,0
1764862011.072077,720096,0,0,0,0
1764862011.122406,720146,0,0,0,0
1764862011.172766,720196,0,0,0,0
1764862011.2229812,720246,0,0,0,0
1764862011.2733319,720296,0,0,0,0
1764862011.3226838,720346,0,0,0,0
1764862011.373021,720396,0,0,0,0
1764862011.4231849,720446,0,0,0,0
1764862011.473557,720496,0,0,0,0
1764862011.523943,720546,0,0,0,0
1764862011.5742981,720596,0,0,0,0
1764862011.623602,720646,0,0,0,0
1764862011.6738298,720696,0,0,0,0
1764862011.724114,720746,0,0,0,0
1764862011.7745228,720796,0,0,0,0
1764862011.824904,720846,0,0,0,0
1764862011.8740501,720896,0,0,0,0
1764862011.924385,720946,0,0,0,0
1764862011.974764,720996,0,0,0,0
1764862012.024962,721046,0,0,0,0
1764862012.075237,721096,0,0,0,0
1764862012.1256819,721146,0,0,0,0
1764862012.174897,721196,0,0,0,0
1764862012.22524,721246,0,0,0,0
1764862012.275629,721296,0,0,0,0
1764862012.3258471,721346,0,0,0,0
1764862012.376142,721396,0,0,0,0
1764862012.426483,721446,0,0,0,0
1764862012.475853,721496,0,0,0,0
1764862012.52612,721546,0,0,0,0
1764862012.576376,721596,0,0,0,0
1764862012.626716,721646,0,0,0,0
1764862012.677099,721696,0,0,0,0
1764862012.727435,721746,0,0,0,0
1764862012.7766132,721796,0,0,0,0
1764862012.827001,721846,0,0,0,0
1764862012.8773398,721896,0,0,0,0
1764862012.927541,721946,0,0,0,0
1764862012.97789,721996,0,0,0,0
1764862013.02826,722046,0,0,0,0
1764862013.07743,722096,0,0,0,0
1764862013.127774,722146,0,0,0,0
1764862013.1782,722196,0,0,0,0
1764862013.228353,722246,0,0,0,0
1764862013.27873,722296,0,0,0,0
1764862013.32908,722347,0,0,0,0
1764862013.3794718,722397,0,0,0,0
1764862013.4296162,722447,0,0,0,0
1764862013.479945,722497,0,0,0,0
1764862013.53032,722547,0,0,0,0
1764862013.580666,722597,0,0,0,0
1764862013.629969,722647,0,0,0,0
1764862013.680167,722697,0,0,0,0
1764862013.730526,722747,0,0,0,0
1764862013.780863,722797,0,0,0,0
1764862013.831208,722847,0,0,0,0
1764862013.881566,722897,0,0,0,0
1764862013.930717,722947,0,0,0,0
1764862013.981045,722997,0,0,0,0
1764862014.031426,723047,0,0,0,0
1764862014.081734,723097,0,0,0,0
1764862014.132092,723147,0,0,0,0
1764862014.182273,723197,0,0,0,0
1764862014.231574,723247,0,0,0,0
1764862014.2819042,723297,0,0,0,0
1764862014.332284,723347,0,0,0,0
1764862014.382653,723397,0,0,0,0
1764862014.43295,723447,0,0,0,0
1764862014.4833112,723497,0,0,0,0
1764862014.532464,723547,0,0,0,0
1764862014.5828679,723597,0,0,0,0
1764862014.633122,723647,0,0,0,0
1764862014.683518,723697,0,0,0,0
1764862014.733674,723747,0,0,0,0
1764862014.7840462,723798,0,0,0,0
1764862014.83441,723848,0,0,0,0
1764862014.885355,723898,0,0,0,0
1764862014.934962,723948,0,0,0,0
1764862014.985297,723998,0,0,0,0
1764862015.03566,724048,0,0,0,0
1764862015.085011,724098,0,0,0,0
1764862015.135173,724148,0,0,0,0
1764862015.185502,724198,0,0,0,0
1764862015.235859,724248,0,0,0,0
1764862015.286186,724298,0,0,0,0
1764862015.3365529,724348,0,0,0,0
1764862015.385709,724398,0,0,0,0
1764862015.436061,724448,0,0,0,0
1764862015.486401,724498,0,0,0,0
1764862015.536756,724548,0,0,0,0
1764862015.5871181,724598,0,0,0,0
1764862015.637256,724648,0,0,0,0
1764862015.686631,724698,0,0,0,0
1764862015.73699,724748,0,0,0,0
1764862015.78735,724798,0,0,0,0
1764862015.837534,724848,0,0,0,0
1764862015.887891,724898,0,0,0,0
1764862015.9382641,724948,0,0,0,0
1764862015.987425,724998,0,0,0,0
1764862016.037846,725048,0,0,0,0
1764862016.0881548,725098,0,0,0,0
1764862016.138347,725148,0,0,0,0
1764862016.188676,725198,0,0,0,0
1764862016.238014,725248,0,0,0,0
1764862016.288395,725298,0,0,0,0
1764862016.3386428,725348,0,0,0,0
1764862016.388934,725398,0,0,0,0
1764862016.439306,725448,0,0,0,0
1764862016.4896371,725498,0,0,0,0
1764862016.538922,725548,0,0,0,0
1764862016.589089,725598,0,0,0,0
1764862016.6395562,725648,0,0,0,0
1764862016.6899369,725698,0,0,0,0
1764862016.740078,725748,0,0,0,0
1764862016.790452,725798,0,0,0,0
1764862016.839844,725848,0,0,0,0
1764862016.8899698,725898,0,0,0,0
1764862016.940351,725948,0,0,0,0
1764862016.9906912,725998,0,0,0,0
1764862017.0410602,726048,0,0,0,0
1764862017.09126,726098,0,0,0,0
1764862017.140588,726148,0,0,0,0
1764862017.190859,726198,0,0,0,0
1764862017.241316,726248,0,0,0,0
1764862017.291487,726298,0,0,0,0
1764862017.341846,726348,0,0,0,0
1764862017.3922062,726398,0,0,0,0
1764862017.441556,726448,0,0,0,0
1764862017.4917939,726498,0,0,0,0
1764862017.542038,726548,0,0,0,0
1764862017.592458,726598,0,0,0,0
1764862017.6428218,726648,0,0,0,0
1764862017.693098,726699,0,0,0,0
1764862017.743296,726749,0,0,0,0
1764862017.793632,726799,0,0,0,0
1764862017.844001,726849,0,0,0,0
1764862017.89452,726899,0,0,0,0
1764862017.944716,726949,0,0,0,0
1764862017.9938638,726999,0,0,0,0
1764862018.044229,727049,0,0,0,0
1764862018.0945861,727099,0,0,0,0
1764862018.144795,727149,0,0,0,0
1764862018.195128,727199,0,0,0,0
1764862018.245489,727249,0,0,0,0
1764862018.294834,727299,0,0,0,0
1764862018.345004,727349,0,0,0,0
1764862018.3953762,727399,0,0,0,0
1764862018.445728,727449,0,0,0,0
1764862018.496104,727499,0,0,0,0
1764862018.546282,727549,0,0,0,0
1764862018.5956218,727599,0,0,0,0
1764862018.645941,727649,0,0,0,0
1764862018.696814,727699,0,0,0,0
1764862018.746542,727749,0,0,0,0
1764862018.79685,727799,0,0,0,0
1764862018.847218,727849,0,0,0,0
1764862018.896364,727899,0,0,0,0
1764862018.946818,727949,0,0,0,0
1764862018.9971032,727999,0,0,0,0
1764862019.047418,728049,0,0,0,0
1764862019.097754,728099,0,0,0,0
1764862019.147975,728150,0,0,0,0
1764862019.198289,728200,0,0,0,0
1764862019.248569,728250,0,0,0,0
1764862019.299028,728300,0,0,0,0
1764862019.3491871,728350,0,0,0,0
1764862019.399552,728400,0,0,0,0
1764862019.448886,728450,0,0,0,0
1764862019.499219,728500,0,0,0,0
1764862019.5495858,728550,0,0,0,0
1764862019.599839,728600,0,0,0,0
1764862019.6499908,728650,0,0,0,0
1764862019.700459,728700,0,0,0,0
1764862019.749793,728750,0,0,0,0
1764862019.8000598,728800,0,0,0,0
1764862019.850427,728850,0,0,0,0
1764862019.900786,728900,0,0,0,0
1764862019.951075,728950,0,0,0,0
1764862020.001291,729000,0,0,0,0
1764862020.050601,729050,0,0,0,0
1764862020.100946,729100,0,0,0,0
1764862020.1513028,729150,0,0,0,0
1764862020.201477,729200,0,0,0,0
1764862020.2518232,729250,0,0,0,0
1764862020.302151,729300,0,0,0,0
1764862020.35148,729350,0,0,0,0
1764862020.4018052,729400,0,0,0,0
1764862020.45207,729450,0,0,0,0
1764862020.502369,729500,0,0,0,0
1764862020.5528011,729550,0,0,0,0
1764862020.602046,729600,0,0,0,0
1764862020.652407,729650,0,0,0,0
1764862020.7025359,729700,0,0,0,0
1764862020.752939,729750,0,0,0,0
1764862020.8032691,729800,0,0,0,0
1764862020.853678,729850,0,0,0,0
1764862020.9029639,729900,0,0,0,0
1764862020.9533162,729950,0,0,0,0
1764862021.0034711,730000,0,0,0,0
1764862021.0537999,730050,0,0,0,0
1764862021.104158,730100,0,0,0,0
1764862021.154499,730150,0,0,0,0
1764862021.203797,730200,0,0,0,0
1764862021.253998,730250,-41,0,0,0
1764862021.304335,730300,-202,0,0,0
1764862021.3547049,730350,-380,0,0,0
1764862021.405208,730400,-558,0,0,0
1764862021.4554,730450,-736,0,0,0
1764862021.50454,730500,-911,0,0,0
1764862021.555053,730550,-1090,0,0,0
1764862021.605215,730600,-1268,0,0,0
1764862021.655751,730650,-1447,0,0,0
1764862021.7061,730700,-1625,0,0,0
1764862021.756286,730750,-1803,0,0,0
1764862021.8056011,730800,-1978,0,0,0
1764862021.855982,730850,-2156,0,0,0
1764862021.906352,730900,-2334,0,0,0
1764862021.956757,730950,-2512,0,0,0
1764862022.006867,731000,-2690,0,0,0
1764862022.057081,731051,-2867,0,0,0
1764862022.107449,731101,-3045,0,0,0
1764862022.157808,731151,-3223,0,0,0
1764862022.2079759,731201,-3401,0,0,0
1764862022.2583628,731251,-3579,0,0,0
1764862022.3087628,731301,-3757,0,0,0
1764862022.358217,731351,-3932,0,0,0
1764862022.4082,731401,-4109,0,0,0
1764862022.4587321,731451,-4287,0,0,0
1764862022.5089338,731501,-4464,0,0,0
1764862022.5594509,731551,-4642,0,0,0
1764862022.6096299,731601,-4819,0,0,0
1764862022.658975,731651,-4993,0,0,0
1764862022.708979,731701,-5170,0,0,0
1764862022.759535,731751,-5348,0,0,0
1764862022.809759,731801,-5525,0,0,0
1764862022.86022,731851,-5703,0,0,0
1764862022.910388,731901,-5880,0,0,0
1764862022.959747,731951,-6054,0,0,0
1764862023.0100858,732001,-6232,0,0,0
1764862023.060251,732051,-6409,0,0,0
1764862023.110667,732101,-6587,0,0,0
1764862023.16095,732151,-6764,0,0,0
1764862023.211297,732201,-6942,0,0,0
1764862023.2606342,732251,-7116,0,0,0
1764862023.310853,732301,-7293,0,0,0
1764862023.361192,732351,-7471,0,0,0
1764862023.411537,732401,-7649,0,0,0
1764862023.4617448,732451,-7826,0,0,0
1764862023.512128,732502,-8004,0,0,0
1764862023.562316,732552,-8181,0,0,0
1764862023.612654,732602,-8358,0,0,0
1764862023.663069,732652,-8535,0,0,0
1764862023.713218,732702,-8712,0,0,0
1764862023.763608,732752,-8889,0,0,0
1764862023.8131359,732802,-9063,0,0,0
1764862023.86332,732852,-9240,0,0,0
1764862023.913729,732902,-9417,0,0,0
1764862023.964052,732952,-9594,0,0,0
1764862024.014271,733002,-9771,0,0,0
1764862024.0646029,733052,-9948,0,0,0
1764862024.1137779,733102,-10121,0,0,0
1764862024.164327,733152,-10299,0,0,0
1764862024.2145019,733202,-10476,0,0,0
1764862024.264791,733252,-10653,0,0,0
1764862024.315056,733302,-10830,0,0,0
1764862024.365417,733352,-11007,0,0,0
1764862024.414568,733402,-11180,0,0,0
1764862024.464938,733452,-11357,0,0,0
1764862024.515452,733502,-11535,0,0,0
1764862024.56583,733552,-11712,0,0,0
1764862024.615982,733602,-11889,0,0,0
1764862024.666354,733652,-12066,0,0,0
1764862024.71552,733702,-12239,0,0,0
1764862024.7660851,733752,-12417,0,0,0
1764862024.8162901,733802,-12594,0,0,0
1764862024.866448,733852,-12771,0,0,0
1764862024.916841,733902,-12948,0,0,0
1764862024.966172,733952,-13122,0,0,0
1764862025.016551,734002,-13299,0,0,0
1764862025.0667431,734052,-13476,0,0,0
1764862025.117118,734102,-13653,0,0,0
1764862025.167319,734152,-13830,0,0,0
1764862025.217698,734202,-14007,0,0,0
1764862025.2669818,734252,-14181,0,0,0
1764862025.317205,734302,-14358,0,0,0
1764862025.3675299,734352,-14535,0,0,0
1764862025.418087,734402,-14713,0,0,0
1764862025.468269,734452,-14890,0,0,0
1764862025.518461,734502,-15067,0,0,0
1764862025.567949,734552,-15241,0,0,0
1764862025.6181738,734602,-15418,0,0,0
1764862025.668378,734652,-15595,0,0,0
1764862025.718878,734702,-15773,0,0,0
1764862025.769096,734752,-15950,0,0,0
1764862025.819461,734802,-16127,0,0,0
1764862025.868644,734852,-16300,0,0,0
1764862025.918984,734902,-16478,0,0,0
1764862025.9691908,734952,-16656,0,0,0
1764862026.019715,735002,-16835,0,0,0
1764862026.070064,735052,-17014,0,0,0
1764862026.120259,735102,-17192,0,0,0
1764862026.169461,735152,-17367,0,0,0
1764862026.219958,735202,-17546,0,0,0
1764862026.2699661,735252,-17724,0,0,0
1764862026.3204968,735302,-17903,0,0,0
1764862026.3708491,735352,-18082,0,0,0
1764862026.421209,735403,-18261,0,0,0
1764862026.4714072,735453,-18439,0,0,0
1764862026.5217621,735503,-18618,0,0,0
1764862026.5719008,735553,-18796,0,0,0
1764862026.622433,735603,-18975,0,0,0
1764862026.672796,735653,-19154,0,0,0
1764862026.722103,735703,-19329,0,0,0
1764862026.772491,735753,-19508,0,0,0
1764862026.822484,735803,-19686,0,0,0
1764862026.873023,735853,-19865,0,0,0
1764862026.923362,735903,-20044,0,0,0
1764862026.973375,735953,-20222,0,0,0
1764862027.022897,736003,-20398,0,0,0
1764862027.073063,736053,-20576,0,0,0
1764862027.123432,736103,-20755,0,0,0
1764862027.173816,736153,-20934,0,0,0
1764862027.224153,736203,-21113,0,0,0
1764862027.274527,736253,-21292,0,0,0
1764862027.323883,736303,-21467,0,0,0
1764862027.373875,736353,-21645,0,0,0
1764862027.424407,736403,-21824,0,0,0
1764862027.474464,736453,-22002,0,0,0
1764862027.524986,736503,-22181,0,0,0
1764862027.5753531,736553,-22360,0,0,0
1764862027.6246982,736603,-22535,0,0,0
1764862027.674714,736653,-22713,0,0,0
1764862027.725056,736703,-22892,0,0,0
1764862027.775601,736753,-23071,0,0,0
1764862027.825815,736803,-23250,0,0,0
1764862027.8759859,736854,-23428,0,0,0
1764862027.9265149,736904,-23606,0,0,0
1764862027.976722,736954,-23783,0,0,0
1764862028.027073,737004,-23949,0,0,0
1764862028.07724,737054,-24000,0,0,0
1764862028.127669,737104,-24000,0,0,0
1764862028.176824,737154,-24000,0,0,0
1764862028.2271512,737204,-24000,0,0,0
1764862028.277445,737254,-24000,0,0,0
1764862028.32775,737304,-24000,0,0,0
1764862028.3780951,737354,-24000,0,0,0
1764862028.428454,737404,-24000,0,0,0
1764862028.4777658,737454,-24000,0,0,0
1764862028.528169,737504,-24000,0,0,0
1764862028.578345,737554,-24000,0,0,0
1764862028.6287,737604,-24000,0,0,0
1764862028.6790478,737654,-24000,0,0,0
1764862028.729217,737704,-24000,0,0,0
1764862028.778591,737754,-24000,0,0,0
1764862028.828931,737804,-24000,0,0,0
1764862028.8793018,737854,-24000,0,0,0
1764862028.929499,737904,-24000,0,0,0
1764862028.97985,737954,-24000,0,0,0
1764862029.030234,738004,-24000,0,0,0
1764862029.079374,738054,-24000,0,0,0
1764862029.129738,738104,-24000,0,0,0
1764862029.180105,738154,-24000,0,0,0
1764862029.230442,738204,-24000,0,0,0
1764862029.280679,738254,-24000,0,0,0
1764862029.330008,738304,-24000,0,0,0
1764862029.380366,738354,-24000,0,0,0
1764862029.43057,738404,-24000,0,0,0
1764862029.480941,738454,-24000,0,0,0
1764862029.531313,738504,-24000,0,0,0
1764862029.581482,738554,-24000,0,0,0
1764862029.630872,738604,-24000,0,0,0
1764862029.681221,738654,-24000,0,0,0
1764862029.731389,738704,-24000,0,0,0
1764862029.781785,738754,-24000,0,0,0
1764862029.832161,738804,-24000,0,0,0
1764862029.8824909,738854,-24000,0,0,0
1764862029.931684,738904,-24000,0,0,0
1764862029.982007,738954,-24000,0,0,0
1764862030.032397,739004,-24000,0,0,0
1764862030.0825658,739054,-24000,0,0,0
1764862030.132899,739104,-24000,0,0,0
1764862030.183261,739154,-24000,0,0,0
1764862030.232574,739204,-24000,0,0,0
1764862030.2829142,739254,-24000,0,0,0
1764862030.3332548,739304,-24000,0,0,0
1764862030.3834429,739354,-24000,0,0,0
1764862030.433833,739404,-24000,0,0,0
1764862030.4841821,739454,-24000,0,0,0
1764862030.533398,739504,-24000,0,0,0
1764862030.583745,739554,-24000,0,0,0
1764862030.63407,739604,-24000,0,0,0
1764862030.6844318,739654,-24000,0,0,0
1764862030.734625,739704,-24000,0,0,0
1764862030.785012,739755,-24000,0,0,0
1764862030.835397,739805,-24000,0,0,0
1764862030.885629,739855,-24000,0,0,0
1764862030.935955,739905,-24000,0,0,0
1764862030.986306,739955,-24000,0,0,0
1764862031.036514,740005,-24000,0,0,0
1764862031.085842,740055,-24000,0,0,0
1764862031.136218,740105,-24000,0,0,0
1764862031.186402,740155,-24000,0,0,0
1764862031.2367418,740205,-24000,0,0,0
1764862031.287122,740255,-24000,0,0,0
1764862031.337473,740305,-24000,0,0,0
1764862031.386644,740355,-24000,0,0,0
1764862031.43698,740405,-24000,0,0,0
1764862031.4873369,740455,-24000,0,0,0
1764862031.537708,740505,-24000,0,0,0
1764862031.5878808,740555,-24000,0,0,0
1764862031.638249,740605,-24000,0,0,0
1764862031.6876411,740655,-24000,0,0,0
1764862031.737942,740705,-24000,0,0,0
1764862031.788036,740755,-24000,0,0,0
1764862031.838516,740805,-24000,0,0,0
1764862031.8888671,740855,-24000,0,0,0
1764862031.9390779,740905,-24000,0,0,0
1764862031.988398,740955,-24000,0,0,0
1764862032.038768,741005,-24000,0,0,0
1764862032.088938,741055,-24000,0,0,0
1764862032.139313,741105,-24000,0,0,0
1764862032.189698,741155,-24000,0,0,0
1764862032.2398772,741206,-24000,0,0,0
1764862032.290252,741256,-24000,0,0,0
1764862032.340608,741306,-24000,0,0,0
1764862032.391009,741356,-24000,0,0,0
1764862032.441216,741406,-24000,0,0,0
1764862032.491631,741456,-24000,0,0,0
1764862032.5409138,741506,-24000,0,0,0
1764862032.591108,741556,-24000,0,0,0
1764862032.641462,741606,-24000,0,0,0
1764862032.6918201,741656,-24000,0,0,0
1764862032.742184,741706,-24000,0,0,0
1764862032.7923489,741756,-24000,0,0,0
1764862032.841738,741806,-24000,0,0,0
1764862032.892077,741856,-24000,0,0,0
1764862032.9424288,741906,-24000,0,0,0
1764862032.992641,741956,-24000,0,0,0
1764862033.042968,742006,-24000,0,0,0
1764862033.0933042,742056,-24000,0,0,0
1764862033.142494,742106,-24000,0,0,0
1764862033.192836,742156,-24000,0,0,0
1764862033.243181,742206,-24000,0,0,0
1764862033.2941031,742256,-24000,0,0,0
1764862033.343897,742306,-24000,0,0,0
1764862033.403181,742356,-24000,0,0,0
1764862033.443826,742406,-24000,0,0,0
1764862033.4948301,742456,-24000,0,0,0
1764862033.5440068,742506,-24000,0,0,0
1764862033.594363,742556,-24000,0,0,0
1764862033.644724,742606,-24000,0,0,0
1764862033.6940641,742656,-24000,0,0,0
1764862033.744236,742706,-24000,0,0,0
1764862033.794629,742756,-24000,0,0,0
1764862033.844956,742806,-24000,0,0,0
1764862033.895212,742856,-24000,0,0,0
1764862033.94561,742906,-24000,0,0,0
1764862033.994866,742956,-24000,0,0,0
1764862034.045076,743006,-24000,0,0,0
1764862034.0954418,743056,-24000,0,0,0
1764862034.145807,743106,-24000,0,0,0
1764862034.195999,743156,-24000,0,0,0
1764862034.2463481,743206,-24000,0,0,0
1764862034.295666,743256,-24000,0,0,0
1764862034.346045,743306,-24000,0,0,0
1764862034.396263,743356,-24000,0,0,0
1764862034.446611,743406,-24000,0,0,0
1764862034.496945,743456,-24000,0,0,0
1764862034.547334,743506,-24000,0,0,0
1764862034.596489,743556,-24000,0,0,0
1764862034.646775,743606,-24000,0,0,0
1764862034.698246,743656,-24000,0,0,0
1764862034.747587,743706,-24000,0,0,0
1764862034.7977269,743756,-24000,0,0,0
1764862034.848126,743806,-24000,0,0,0
1764862034.897297,743856,-24000,0,0,0
1764862034.9476779,743906,-24000,0,0,0
1764862034.998008,743956,-24000,0,0,0
1764862035.048396,744006,-24000,0,0,0
1764862035.0985742,744056,-24000,0,0,0
1764862035.1489532,744107,-24000,0,0,0
1764862035.199195,744157,-24000,0,0,0
1764862035.2495072,744207,-24000,0,0,0
1764862035.2998421,744257,-24000,0,0,0
1764862035.350229,744307,-24000,0,0,0
1764862035.400445,744357,-24000,0,0,0
1764862035.449812,744407,-24000,0,0,0
1764862035.5001621,744457,-24000,0,0,0
1764862035.550594,744507,-24000,0,0,0
1764862035.6007261,744557,-24000,0,0,0
1764862035.651082,744607,-24000,0,0,0
1764862035.701449,744657,-24000,0,0,0
1764862035.750627,744707,-24000,0,0,0
1764862035.8009589,744757,-24000,0,0,0
1764862035.85135,744807,-24000,0,0,0
1764862035.9015648,744857,-24000,0,0,0
1764862035.951922,744907,-24000,0,0,0
1764862036.003134,744957,-24000,0,0,0
1764862036.0514402,745007,-24000,0,0,0
1764862036.101803,745057,-24000,0,0,0
1764862036.15219,745107,-24000,0,0,0
1764862036.2025611,745157,-24000,0,0,0
1764862036.2527292,745207,-24000,0,0,0
1764862036.3029969,745257,-24000,0,0,0
1764862036.352475,745307,-24000,0,0,0
1764862036.402669,745357,-24000,0,0,0
1764862036.4530492,745407,-24000,0,0,0
1764862036.503392,745457,-24000,0,0,0
1764862036.553594,745507,-24000,0,0,0
1764862036.603955,745558,-24000,0,0,0
1764862036.654237,745608,-24000,0,0,0
1764862036.704567,745658,-24000,0,0,0
1764862036.7549171,745708,-24000,0,0,0
1764862036.805258,745758,-24000,0,0,0
1764862036.855459,745808,-24000,0,0,0
1764862036.904844,745858,-24000,0,0,0
1764862036.955168,745908,-24000,0,0,0
1764862037.005544,745958,-24000,0,0,0
1764862037.0557451,746008,-24000,0,0,0
1764862037.106105,746058,-24000,0,0,0
1764862037.156461,746108,-24000,0,0,0
1764862037.205634,746158,-24000,0,0,0
1764862037.256039,746208,-24000,0,0,0
1764862037.306219,746258,-24000,0,0,0
1764862037.3566232,746308,-24000,0,0,0
1764862037.40697,746358,-24000,0,0,0
1764862037.4571881,746408,-24000,0,0,0
1764862037.506552,746458,-24000,0,0,0
1764862037.556949,746508,-24000,0,0,0
1764862037.607111,746558,-24000,0,0,0
1764862037.6575491,746608,-24000,0,0,0
1764862037.707785,746658,-24000,0,0,0
1764862037.7579908,746708,-24000,0,0,0
1764862037.8074539,746758,-24000,0,0,0
1764862037.8577971,746808,-24000,0,0,0
1764862037.908009,746858,-24000,0,0,0
1764862037.958364,746908,-24000,0,0,0
1764862038.008717,746958,-24000,0,0,0
1764862038.057899,747008,-24000,0,0,0
1764862038.108282,747058,-24000,0,0,0
1764862038.158667,747108,-24000,0,0,0
1764862038.2088692,747158,-24000,0,0,0
1764862038.259254,747208,-24000,0,0,0
1764862038.3095949,747258,-24000,0,0,0
1764862038.358804,747308,-24000,0,0,0
1764862038.4090471,747358,-24000,0,0,0
1764862038.459349,747408,-24000,0,0,0
1764862038.509747,747458,-24000,0,0,0
1764862038.560093,747508,-24000,0,0,0
1764862038.610293,747558,-24000,0,0,0
1764862038.6596549,747608,-24000,0,0,0
1764862038.710016,747658,-24000,0,0,0
1764862038.760225,747708,-24000,0,0,0
1764862038.81058,747758,-24000,0,0,0
1764862038.860969,747808,-24000,0,0,0
1764862038.911169,747858,-24000,0,0,0
1764862038.960542,747908,-24000,0,0,0
1764862039.010793,747958,-24000,0,0,0
1764862039.061044,748008,-24000,0,0,0
1764862039.111543,748058,-24000,0,0,0
1764862039.161849,748108,-24000,0,0,0
1764862039.212037,748158,-24000,0,0,0
1764862039.261395,748208,-24000,0,0,0
1764862039.311525,748258,-24000,0,0,0
1764862039.361971,748308,-24000,0,0,0
1764862039.4122958,748358,-24000,0,0,0
1764862039.462552,748408,-24000,0,0,0
1764862039.512925,748459,-24000,0,0,0
1764862039.563309,748509,-24000,0,0,0
1764862039.6135008,748559,-24000,0,0,0
1764862039.6639009,748609,-24000,0,0,0
1764862039.714262,748659,-24000,0,0,0
1764862039.764514,748709,-24000,0,0,0
1764862039.813792,748759,-24000,0,0,0
1764862039.8641589,748809,-24000,0,0,0
1764862039.9143739,748859,-24000,0,0,0
1764862039.964746,748909,-24000,0,0,0
1764862040.015104,748959,-24000,0,0,0
1764862040.06553,749009,-24000,0,0,0
1764862040.114609,749059,-24000,0,0,0
1764862040.164979,749109,-24000,0,0,0
1764862040.2153332,749159,-24000,0,0,0
1764862040.2655401,749209,-24000,0,0,0
1764862040.315892,749259,-24000,0,0,0
1764862040.366288,749309,-24000,0,0,0
1764862040.415502,749359,-24000,0,0,0
1764862040.4658298,749409,-24000,0,0,0
1764862040.516184,749459,-24000,0,0,0
1764862040.566377,749509,-24000,0,0,0
1764862040.616765,749559,-24000,0,0,0
1764862040.66713,749609,-24000,0,0,0
1764862040.716337,749659,-24000,0,0,0
1764862040.766554,749709,-24000,0,0,0
1764862040.816979,749759,-24000,0,0,0
1764862040.867245,749809,-24000,0,0,0
1764862040.917595,749859,-24000,0,0,0
1764862040.967972,749910,-24000,0,0,0
1764862041.018336,749960,-24000,0,0,0
1764862041.068516,750010,-24000,0,0,0
1764862041.11887,750060,-24000,0,0,0
1764862041.169246,750110,-24000,0,0,0
1764862041.2194922,750160,-24000,0,0,0
1764862041.268793,750210,-24000,0,0,0
1764862041.3191411,750260,-24000,0,0,0
1764862041.3694909,750310,-24000,0,0,0
1764862041.41971,750360,-24000,0,0,0
1764862041.4700658,750410,-24000,0,0,0
1764862041.5204291,750460,-24000,0,0,0
1764862041.5695949,750510,-24000,0,0,0
1764862041.619854,750560,-24000,0,0,0
1764862041.6703029,750610,-24000,0,0,0
1764862041.720654,750660,-24000,0,0,0
1764862041.770733,750710,-24000,0,0,0
1764862041.8212008,750760,-24000,0,0,0
1764862041.870519,750810,-24000,0,0,0
1764862041.920886,750860,-24000,0,0,0
1764862041.97105,750910,-24000,0,0,0
1764862042.021478,750960,-24000,0,0,0
1764862042.071685,751010,-24000,0,0,0
1764862042.121996,751060,-24000,0,0,0
1764862042.171243,751110,-24000,0,0,0
1764862042.2217228,751160,-24000,0,0,0
1764862042.2721012,751210,-24000,0,0,0
1764862042.32226,751260,-24000,0,0,0
1764862042.37267,751310,-24000,0,0,0
1764862042.421767,751360,-24000,0,0,0
1764862042.472217,751410,-24000,0,0,0
1764862042.522578,751460,-24000,0,0,0
1764862042.572778,751510,-24000,0,0,0
1764862042.623144,751560,-24000,0,0,0
1764862042.6735308,751610,-24000,0,0,0
1764862042.72285,751660,-24000,0,0,0
1764862042.773058,751710,-24000,0,0,0
1764862042.8234482,751760,-24000,0,0,0
1764862042.8737762,751810,-24000,0,0,0
1764862042.923955,751860,-24000,0,0,0
1764862042.974345,751910,-24000,0,0,0
1764862043.023684,751960,-24000,0,0,0
1764862043.073876,752010,-24000,0,0,0
1764862043.124247,752060,-24000,0,0,0
1764862043.174583,752110,-24000,0,0,0
1764862043.224967,752160,-24000,0,0,0
1764862043.27517,752210,-24000,0,0,0
1764862043.324512,752260,-24000,0,0,0
1764862043.37469,752310,-24000,0,0,0
1764862043.424992,752360,-24000,0,0,0
1764862043.475453,752410,-24000,0,0,0
1764862043.525784,752460,-24000,0,0,0
1764862043.575988,752510,-24000,0,0,0
1764862043.6253052,752560,-24000,0,0,0
1764862043.675561,752610,-24000,0,0,0
1764862043.726041,752660,-24000,0,0,0
1764862043.776212,752710,-24000,0,0,0
1764862043.826581,752760,-24000,0,0,0
1764862043.8769212,752811,-24000,0,0,0
1764862043.9273002,752861,-24000,0,0,0
1764862043.977501,752911,-24000,0,0,0
1764862044.0278752,752961,-24000,0,0,0
1764862044.078232,753011,-24000,0,0,0
1764862044.128448,753061,-24000,0,0,0
1764862044.1777642,753111,-24000,0,0,0
1764862044.2281191,753161,-24000,0,0,0
1764862044.278486,753211,-24000,0,0,0
1764862044.328686,753261,-24000,0,0,0
1764862044.378997,753311,-24000,0,0,0
1764862044.429448,753361,-24000,0,0,0
1764862044.478567,753411,-24000,0,0,0
1764862044.528951,753461,-24000,0,0,0
1764862044.5792131,753511,-24000,0,0,0
1764862044.62949,753561,-24000,0,0,0
1764862044.6798432,753611,-24000,0,0,0
1764862044.730203,753661,-24000,0,0,0
1764862044.779558,753711,-24000,0,0,0
1764862044.8297632,753761,-24000,0,0,0
1764862044.880116,753811,-24000,0,0,0
1764862044.930485,753861,-24000,0,0,0
1764862044.98067,753911,-24000,0,0,0
1764862045.031028,753961,-24000,0,0,0
1764862045.080359,754011,-24000,0,0,0
1764862045.1307452,754061,-24000,0,0,0
1764862045.180904,754111,-24000,0,0,0
1764862045.231288,754161,-24000,0,0,0
1764862045.281673,754211,-24000,0,0,0
1764862045.331979,754262,-24000,0,0,0
1764862045.382187,754312,-24000,0,0,0
1764862045.4325702,754362,-24000,0,0,0
1764862045.482924,754412,-24000,0,0,0
1764862045.5331452,754462,-24000,0,0,0
1764862045.5835211,754512,-24000,0,0,0
1764862045.632685,754562,-24000,0,0,0
1764862045.683053,754612,-24000,0,0,0
1764862045.7334342,754662,-24000,0,0,0
1764862045.783798,754712,-24000,0,0,0
1764862045.833972,754762,-24000,0,0,0
1764862045.884342,754812,-24000,0,0,0
1764862045.933665,754862,-24000,0,0,0
1764862045.983861,754912,-24000,0,0,0
1764862046.03423,754962,-24000,0,0,0
1764862046.084599,755012,-24000,0,0,0
1764862046.1349828,755062,-24000,0,0,0
1764862046.1851919,755112,-24000,0,0,0
1764862046.234519,755162,-24000,0,0,0
1764862046.284889,755212,-24000,0,0,0
1764862046.3350809,755262,-24000,0,0,0
1764862046.385473,755312,-24000,0,0,0
1764862046.4358468,755362,-24000,0,0,0
1764862046.4860559,755412,-24000,0,0,0
1764862046.535455,755462,-24000,0,0,0
1764862046.5855749,755512,-24000,0,0,0
1764862046.63595,755562,-24000,0,0,0
1764862046.686311,755612,-24000,0,0,0
1764862046.736486,755662,-24000,0,0,0
1764862046.785884,755712,-24000,0,0,0
1764862046.8362398,755762,-24000,0,0,0
1764862046.886441,755812,-24000,0,0,0
1764862046.936824,755862,-24000,0,0,0
1764862046.987176,755912,-24000,0,0,0
1764862047.0374222,755962,-24000,0,0,0
1764862047.087626,756012,-24000,0,0,0
1764862047.1371038,756062,-24000,0,0,0
1764862047.187478,756112,-24000,0,0,0
1764862047.2376509,756162,-24000,0,0,0
1764862047.288063,756212,-24000,0,0,0
1764862047.338424,756262,-24000,0,0,0
1764862047.3875751,756312,-24000,0,0,0
1764862047.4379652,756362,-24000,0,0,0
1764862047.488147,756412,-24000,0,0,0
1764862047.538507,756462,-24000,0,0,0
1764862047.588846,756512,-24000,0,0,0
1764862047.639141,756562,-24000,0,0,0
1764862047.688411,756612,-24000,0,0,0
1764862047.7387688,756662,-24000,0,0,0
1764862047.789164,756712,-24000,0,0,0
1764862047.8393579,756762,-24000,0,0,0
1764862047.8897002,756812,-24000,0,0,0
1764862047.940088,756862,-24000,0,0,0
1764862047.9892669,756912,-24000,0,0,0
1764862048.03952,756962,-24000,0,0,0
1764862048.089988,757012,-24000,0,0,0
1764862048.1404002,757062,-24000,0,0,0
1764862048.190551,757112,-24000,0,0,0
1764862048.2409081,757163,-24000,0,0,0
1764862048.29114,757213,-24000,0,0,0
1764862048.341526,757263,-24000,0,0,0
1764862048.391861,757313,-24000,0,0,0
1764862048.442074,757363,-24000,0,0,0
1764862048.4924722,757413,-24000,0,0,0
1764862048.541795,757463,-24000,0,0,0
1764862048.591996,757513,-24000,0,0,0
1764862048.642383,757563,-24000,0,0,0
1764862048.6925828,757613,-24000,0,0,0
1764862048.742972,757663,-24000,0,0,0
1764862048.793376,757713,-24000,0,0,0
1764862048.8425229,757763,-24000,0,0,0
1764862048.892879,757813,-24000,0,0,0
1764862048.943275,757863,-24000,0,0,0
1764862048.993492,757913,-24000,0,0,0
1764862049.0438669,757963,-24000,0,0,0
1764862049.094224,758013,-24000,0,0,0
1764862049.143409,758063,-24000,0,0,0
1764862049.193753,758113,-24000,0,0,0
1764862049.2440162,758163,-24000,0,0,0
1764862049.294488,758213,-24000,0,0,0
1764862049.344674,758263,-24000,0,0,0
1764862049.3950138,758313,-24000,0,0,0
1764862049.44437,758363,-24000,0,0,0
1764862049.494747,758413,-24000,0,0,0
1764862049.544929,758463,-24000,0,0,0
1764862049.595296,758513,-24000,0,0,0
1764862049.645684,758563,-24000,0,0,0
1764862049.6958878,758614,-24000,0,0,0
1764862049.7462552,758664,-24000,0,0,0
1764862049.796491,758714,-24000,0,0,0
1764862049.846763,758764,-24000,0,0,0
1764862049.897245,758814,-24000,0,0,0
1764862049.947436,758864,-24000,0,0,0
1764862049.996769,758914,-24000,0,0,0
1764862050.0469592,758964,-24000,0,0,0
1764862050.0973701,759014,-24000,0,0,0
1764862050.1477299,759064,-24000,0,0,0
1764862050.197877,759114,-24000,0,0,0
1764862050.248287,759164,-24000,0,0,0
1764862050.297638,759214,-24000,0,0,0
1764862050.347994,759264,-24000,0,0,0
1764862050.398175,759314,-24000,0,0,0
1764862050.448556,759364,-24000,0,0,0
1764862050.498928,759414,-24000,0,0,0
1764862050.549122,759464,-24000,0,0,0
1764862050.5984771,759514,-24000,0,0,0
1764862050.64885,759564,-24000,0,0,0
1764862050.6991968,759614,-24000,0,0,0
1764862050.7493901,759664,-24000,0,0,0
1764862050.799768,759714,-24000,0,0,0
1764862050.850152,759764,-24000,0,0,0
1764862050.899344,759814,-24000,0,0,0
1764862050.949692,759864,-24000,0,0,0
1764862050.999873,759914,-24000,0,0,0
1764862051.050237,759964,-24000,0,0,0
1764862051.100618,760014,-24000,0,0,0
1764862051.149788,760064,-24000,0,0,0
1764862051.200133,760114,-24000,0,0,0
1764862051.250519,760164,-24000,0,0,0
1764862051.300871,760214,-24000,0,0,0
1764862051.351068,760264,-24000,0,0,0
1764862051.401403,760314,-24000,0,0,0
1764862051.450784,760364,-24000,0,0,0
1764862051.5011368,760414,-24000,0,0,0
1764862051.551359,760464,-24000,0,0,0
1764862051.601575,760514,-24000,0,0,0
1764862051.652034,760564,-24000,0,0,0
1764862051.7022731,760614,-24000,0,0,0
1764862051.751582,760664,-24000,0,0,0
1764862051.8019462,760714,-24000,0,0,0
1764862051.8521159,760764,-24000,0,0,0
1764862051.902533,760814,-24000,0,0,0
1764862051.952851,760864,-24000,0,0,0
1764862052.003062,760914,-24000,0,0,0
1764862052.052395,760964,-24000,0,0,0
1764862052.1027489,761014,-24000,0,0,0
1764862052.153097,761064,-24000,0,0,0
1764862052.20332,761114,-24000,0,0,0
1764862052.253678,761164,-24000,0,0,0
1764862052.304024,761214,-24000,0,0,0
1764862052.353336,761264,-24000,0,0,0
1764862052.4036858,761314,-24000,0,0,0
1764862052.453908,761364,-24000,0,0,0
1764862052.504266,761414,-24000,0,0,0
1764862052.554615,761464,-24000,0,0,0
1764862052.6048262,761515,-24000,0,0,0
1764862052.655207,761565,-24000,0,0,0
1764862052.7055612,761615,-24000,0,0,0
1764862052.755784,761665,-24000,0,0,0
1764862052.806039,761715,-24000,0,0,0
1764862052.856531,761765,-24000,0,0,0
1764862052.9056761,761815,-24000,0,0,0
1764862052.956063,761865,-24000,0,0,0
1764862053.0062551,761915,-24000,0,0,0
1764862053.0566359,761965,-24000,0,0,0
1764862053.106974,762015,-24000,0,0,0
1764862053.157362,762065,-24000,0,0,0
1764862053.2065558,762115,-24000,0,0,0
1764862053.256911,762165,-24000,0,0,0
1764862053.307318,762215,-24000,0,0,0
1764862053.357482,762265,-24000,0,0,0
1764862053.40782,762315,-24000,0,0,0
1764862053.458112,762365,-24000,0,0,0
1764862053.507391,762415,-24000,0,0,0
1764862053.55774,762465,-24000,0,0,0
1764862053.608098,762515,-24000,0,0,0
1764862053.658458,762565,-24000,0,0,0
1764862053.7086651,762615,-24000,0,0,0
1764862053.7589,762665,-24000,0,0,0
1764862053.8081012,762715,-24000,0,0,0
1764862053.858557,762765,-24000,0,0,0
1764862053.9089339,762815,-24000,0,0,0
1764862053.959136,762865,-24000,0,0,0
1764862054.0095098,762915,-24000,0,0,0
1764862054.059864,762966,-24000,0,0,0
1764862054.110225,763016,-24000,0,0,0
1764862054.160432,763066,-24000,0,0,0
1764862054.210797,763116,-24000,0,0,0
1764862054.261178,763166,-24000,0,0,0
1764862054.3113532,763216,-24000,0,0,0
1764862054.360693,763266,-24000,0,0,0
1764862054.411058,763316,-24000,0,0,0
1764862054.461424,763366,-24000,0,0,0
1764862054.511638,763416,-24000,0,0,0
1764862054.561976,763466,-24000,0,0,0
1764862054.612354,763516,-24000,0,0,0
1764862054.661537,763566,-24000,0,0,0
1764862054.7118971,763616,-24000,0,0,0
1764862054.762311,763666,-24000,0,0,0
1764862054.812458,763716,-24000,0,0,0
1764862054.862828,763766,-24000,0,0,0
1764862054.91319,763816,-24000,0,0,0
1764862054.962385,763866,-24000,0,0,0
1764862055.012692,763916,-24000,0,0,0
1764862055.0630028,763966,-24000,0,0,0
1764862055.113295,764016,-24000,0,0,0
1764862055.163646,764066,-24000,0,0,0
1764862055.214035,764116,-24000,0,0,0
1764862055.263221,764166,-24000,0,0,0
1764862055.313588,764216,-24000,0,0,0
1764862055.363969,764266,-24000,0,0,0
1764862055.414148,764316,-24000,0,0,0
1764862055.464549,764366,-24000,0,0,0
1764862055.513897,764416,-24000,0,0,0
1764862055.564112,764466,-24000,0,0,0
1764862055.61445,764516,-24000,0,0,0
1764862055.664819,764566,-24000,0,0,0
1764862055.715051,764616,-24000,0,0,0
1764862055.765404,764666,-24000,0,0,0
1764862055.8146062,764716,-24000,0,0,0
1764862055.864987,764766,-24000,0,0,0
1764862055.91533,764816,-24000,0,0,0
1764862055.965546,764866,-24000,0,0,0
1764862056.0159,764916,-24000,0,0,0
1764862056.0663118,764966,-24000,0,0,0
1764862056.115644,765016,-24000,0,0,0
1764862056.165809,765066,-24000,0,0,0
1764862056.216172,765116,-24000,0,0,0
1764862056.266521,765166,-24000,0,0,0
1764862056.316751,765216,-24000,0,0,0
1764862056.367115,765266,-24000,0,0,0
1764862056.416458,765316,-24000,0,0,0
1764862056.466559,765366,-24000,0,0,0
1764862056.517015,765416,-24000,0,0,0
1764862056.5673652,765466,-24000,0,0,0
1764862056.6177301,765516,-24000,0,0,0
1764862056.667917,765566,-24000,0,0,0
1764862056.717163,765616,-24000,0,0,0
1764862056.767634,765666,-24000,0,0,0
1764862056.8178182,765716,-24000,0,0,0
1764862056.868181,765766,-24000,0,0,0
1764862056.918527,765816,-24000,0,0,0
1764862056.968735,765867,-24000,0,0,0
1764862057.019104,765917,-24000,0,0,0
1764862057.069495,765967,-24000,0,0,0
1764862057.119688,766017,-24000,0,0,0
1764862057.1700768,766067,-24000,0,0,0
1764862057.2204428,766117,-24000,0,0,0
1764862057.2696111,766167,-24000,0,0,0
1764862057.3200052,766217,-24000,0,0,0
1764862057.370382,766267,-24000,0,0,0
1764862057.420567,766317,-24000,0,0,0
1764862057.470927,766367,-24000,0,0,0
1764862057.521312,766417,-24000,0,0,0
1764862057.570388,766467,-24000,0,0,0
1764862057.6208582,766517,-24000,0,0,0
1764862057.671262,766567,-24000,0,0,0
1764862057.7214348,766617,-24000,0,0,0
1764862057.771828,766667,-24000,0,0,0
1764862057.822252,766717,-24000,0,0,0
1764862057.871391,766767,-24000,0,0,0
1764862057.9217439,766817,-24000,0,0,0
1764862057.971976,766867,-24000,0,0,0
1764862058.022361,766917,-24000,0,0,0
1764862058.072736,766967,-24000,0,0,0
1764862058.122924,767017,-24000,0,0,0
1764862058.1722612,767067,-24000,0,0,0
1764862058.222647,767117,-24000,0,0,0
1764862058.2728598,767167,-24000,0,0,0
1764862058.323251,767217,-24000,0,0,0
1764862058.37344,767267,-24000,0,0,0
1764862058.423795,767318,-24000,0,0,0
1764862058.474176,767368,-24000,0,0,0
1764862058.524554,767418,-24000,0,0,0
1764862058.5747619,767468,-24000,0,0,0
1764862058.625097,767518,-24000,0,0,0
1764862058.6754801,767568,-24000,0,0,0
1764862058.724656,767618,-24000,0,0,0
1764862058.774988,767668,-24000,0,0,0
1764862058.8253791,767718,-24000,0,0,0
1764862058.8757162,767768,-24000,0,0,0
1764862058.92591,767818,-24000,0,0,0
1764862058.976286,767868,-24000,0,0,0
1764862059.0254662,767918,-24000,0,0,0
1764862059.075833,767968,-24000,0,0,0
1764862059.126245,768018,-24000,0,0,0
1764862059.176425,768068,-24000,0,0,0
1764862059.226783,768118,-24000,0,0,0
1764862059.2771788,768168,-24000,0,0,0
1764862059.326345,768218,-24000,0,0,0
1764862059.3767328,768268,-24000,0,0,0
1764862059.427053,768318,-24000,0,0,0
1764862059.477279,768368,-24000,0,0,0
1764862059.527633,768418,-24000,0,0,0
1764862059.578023,768468,-24000,0,0,0
1764862059.627365,768518,-24000,0,0,0
1764862059.677567,768568,-24000,0,0,0
1764862059.727937,768618,-24000,0,0,0
1764862059.77816,768668,-24000,0,0,0
1764862059.828518,768718,-24000,0,0,0
1764862059.8778749,768768,-24000,0,0,0
1764862059.9280682,768818,-24000,0,0,0
1764862059.978422,768868,-24000,0,0,0
1764862060.0287921,768918,-24000,0,0,0
1764862060.079238,768968,-24000,0,0,0
1764862060.129357,769018,-24000,0,0,0
1764862060.178594,769068,-24000,0,0,0
1764862060.228916,769118,-24000,0,0,0
1764862060.2792552,769168,-24000,0,0,0
1764862060.3296409,769218,-24000,0,0,0
1764862060.3800142,769268,-24000,0,0,0
1764862060.430214,769318,-24000,0,0,0
1764862060.479537,769368,-24000,0,0,0
1764862060.529922,769418,-24000,0,0,0
1764862060.580131,769468,-24000,0,0,0
1764862060.630482,769518,-24000,0,0,0
1764862060.680854,769568,-24000,0,0,0
1764862060.731052,769618,-24000,0,0,0
1764862060.7803981,769668,-24000,0,0,0
1764862060.8307729,769718,-24000,0,0,0
1764862060.880943,769768,-24000,0,0,0
1764862060.931338,769818,-24000,0,0,0
1764862060.981707,769868,-24000,0,0,0
1764862061.031907,769918,-24000,0,0,0
1764862061.081256,769968,-24000,0,0,0
1764862061.1316018,770018,-24000,0,0,0
1764862061.181822,770068,-24000,0,0,0
1764862061.2322,770118,-24000,0,0,0
1764862061.2825532,770168,-24000,0,0,0
1764862061.332767,770219,-24000,0,0,0
1764862061.383114,770269,-24000,0,0,0
1764862061.433485,770319,-24000,0,0,0
1764862061.483676,770369,-24000,0,0,0
1764862061.533956,770419,-24000,0,0,0
1764862061.584419,770469,-24000,0,0,0
1764862061.6337469,770519,-24000,0,0,0
1764862061.6839318,770569,-24000,0,0,0
1764862061.734283,770619,-24000,0,0,0
1764862061.784661,770669,-24000,0,0,0
1764862061.83477,770719,-24000,0,0,0
1764862061.885216,770769,-24000,0,0,0
1764862061.9345212,770819,-24000,0,0,0
1764862061.9849,770869,-24000,0,0,0
1764862062.035263,770919,-24000,0,0,0
1764862062.0854442,770969,-24000,0,0,0
1764862062.135818,771019,-24000,0,0,0
1764862062.1862001,771069,-24000,0,0,0
1764862062.2353349,771119,-24000,0,0,0
1764862062.285696,771169,-24000,0,0,0
1764862062.3360598,771219,-24000,0,0,0
1764862062.386228,771269,-24000,0,0,0
1764862062.436586,771319,-24000,0,0,0
1764862062.486945,771369,-24000,0,0,0
1764862062.536316,771419,-24000,0,0,0
1764862062.586459,771469,-24000,0,0,0
1764862062.636838,771519,-24000,0,0,0
1764862062.687205,771569,-24000,0,0,0
1764862062.737542,771619,-24000,0,0,0
1764862062.7877219,771670,-24000,0,0,0
1764862062.8380742,771720,-24000,0,0,0
1764862062.8884401,771770,-24000,0,0,0
1764862062.9388502,771820,-24000,0,0,0
1764862062.989007,771870,-24000,0,0,0
1764862063.039358,771920,-24000,0,0,0
1764862063.088716,771970,-24000,0,0,0
1764862063.139107,772020,-24000,0,0,0
1764862063.189267,772070,-24000,0,0,0
1764862063.2396219,772120,-24000,0,0,0
1764862063.289977,772170,-24000,0,0,0
1764862063.3403258,772220,-24000,0,0,0
1764862063.3894882,772270,-24000,0,0,0
1764862063.439828,772320,-24000,0,0,0
1764862063.490201,772370,-24000,0,0,0
1764862063.540389,772420,-24000,0,0,0
1764862063.590763,772470,-24000,0,0,0
1764862063.6411772,772520,-24000,0,0,0
1764862063.6929028,772570,-24000,0,0,0
1764862063.7406342,772620,-24000,0,0,0
1764862063.790998,772670,-24000,0,0,0
1764862063.8413482,772720,-24000,0,0,0
1764862063.891742,772770,-24000,0,0,0
1764862063.941925,772820,-24000,0,0,0
1764862063.9911838,772870,-24000,0,0,0
1764862064.041589,772920,-24000,0,0,0
1764862064.091952,772970,-24000,0,0,0
1764862064.1421719,773020,-24000,0,0,0
1764862064.19249,773070,-24000,0,0,0
1764862064.2417018,773120,-24000,0,0,0
1764862064.292022,773170,-24000,0,0,0
1764862064.342392,773220,-24000,0,0,0
1764862064.39274,773270,-24000,0,0,0
1764862064.4430778,773320,-24000,0,0,0
1764862064.493245,773370,-24000,0,0,0
1764862064.542599,773420,-24000,0,0,0
1764862064.5929542,773470,-24000,0,0,0
1764862064.6433222,773520,-24000,0,0,0
1764862064.693502,773570,-24000,0,0,0
1764862064.743875,773620,-24000,0,0,0
1764862064.79425,773670,-24000,0,0,0
1764862064.843588,773720,-24000,0,0,0
1764862064.8937879,773770,-24000,0,0,0
1764862064.944171,773820,-24000,0,0,0
1764862064.994517,773870,-24000,0,0,0
1764862065.0447009,773920,-24000,0,0,0
1764862065.095068,773970,-24000,0,0,0
1764862065.144404,774020,-24000,0,0,0
1764862065.194599,774070,-24000,0,0,0
1764862065.244928,774120,-24000,0,0,0
1764862065.2952929,774170,-24000,0,0,0
1764862065.345647,774220,-24000,0,0,0
1764862065.3958569,774270,-24000,0,0,0
1764862065.445191,774320,-24000,0,0,0
1764862065.495512,774370,-24000,0,0,0
1764862065.545912,774420,-24000,0,0,0
1764862065.596062,774470,-24000,0,0,0
1764862065.6464498,774520,-24000,0,0,0
1764862065.6968372,774571,-24000,0,0,0
1764862065.7470562,774621,-24000,0,0,0
1764862065.7973602,774671,-24000,0,0,0
1764862065.8477252,774721,-24000,0,0,0
1764862065.898145,774771,-24000,0,0,0
1764862065.94827,774821,-24000,0,0,0
1764862065.997625,774871,-24000,0,0,0
1764862066.047959,774921,-24000,0,0,0
1764862066.098316,774971,-24000,0,0,0
1764862066.1486669,775021,-24000,0,0,0
1764862066.1988611,775071,-24000,0,0,0
1764862066.249202,775121,-24000,0,0,0
1764862066.298547,775171,-24000,0,0,0
1764862066.34873,775221,-24000,0,0,0
1764862066.399155,775271,-24000,0,0,0
1764862066.449454,775321,-24000,0,0,0
1764862066.499798,775371,-24000,0,0,0
1764862066.550004,775421,-24000,0,0,0
1764862066.599357,775471,-24000,0,0,0
1764862066.649698,775521,-24000,0,0,0
1764862066.699894,775571,-24000,0,0,0
1764862066.750256,775621,-24000,0,0,0
1764862066.8006341,775671,-24000,0,0,0
1764862066.850997,775721,-24000,0,0,0
1764862066.9001532,775771,-24000,0,0,0
1764862066.950549,775821,-24000,0,0,0
1764862067.000871,775871,-24000,0,0,0
1764862067.051251,775921,-24000,0,0,0
1764862067.101433,775971,-24000,0,0,0
1764862067.151808,776022,-24000,0,0,0
1764862067.202167,776072,-24000,0,0,0
1764862067.252351,776122,-24000,0,0,0
1764862067.302718,776172,-24000,0,0,0
1764862067.353136,776222,-24000,0,0,0
1764862067.403455,776272,-24000,0,0,0
1764862067.4526138,776322,-24000,0,0,0
1764862067.502857,776372,-24000,0,0,0
1764862067.553216,776422,-24000,0,0,0
1764862067.603533,776472,-24000,0,0,0
1764862067.653897,776522,-24000,0,0,0
1764862067.704156,776572,-24000,0,0,0
1764862067.7534652,776622,-24000,0,0,0
1764862067.8038242,776672,-24000,0,0,0
1764862067.854181,776722,-24000,0,0,0
1764862067.904298,776772,-24000,0,0,0
1764862067.954741,776822,-24000,0,0,0
1764862068.0051131,776872,-24000,0,0,0
1764862068.054441,776922,-24000,0,0,0
1764862068.10462,776972,-24000,0,0,0
1764862068.154977,777022,-24000,0,0,0
1764862068.205364,777072,-24000,0,0,0
1764862068.255598,777122,-24000,0,0,0
1764862068.3058848,777172,-24000,0,0,0
1764862068.355252,777222,-24000,0,0,0
1764862068.405596,777272,-24000,0,0,0
1764862068.455761,777322,-24000,0,0,0
1764862068.5061278,777372,-24000,0,0,0
1764862068.5564868,777422,-24000,0,0,0
1764862068.605844,777472,-24000,0,0,0
1764862068.655992,777522,-24000,0,0,0
1764862068.706388,777572,-24000,0,0,0
1764862068.756751,777622,-24000,0,0,0
1764862068.806947,777672,-24000,0,0,0
1764862068.857301,777722,-24000,0,0,0
1764862068.906615,777772,-24000,0,0,0
1764862068.9569778,777822,-24000,0,0,0
1764862069.007169,777872,-24000,0,0,0
1764862069.057499,777922,-24000,0,0,0
1764862069.107869,777972,-24000,0,0,0
1764862069.1581929,778022,-24000,0,0,0
1764862069.207453,778072,-24000,0,0,0
1764862069.257806,778122,-24000,0,0,0
1764862069.308191,778172,-24000,0,0,0
1764862069.358382,778222,-24000,0,0,0
1764862069.408731,778272,-24000,0,0,0
1764862069.4591098,778322,-24000,0,0,0
1764862069.5082471,778372,-24000,0,0,0
1764862069.558563,778422,-24000,0,0,0
1764862069.608994,778472,-24000,0,0,0
1764862069.659256,778522,-24000,0,0,0
1764862069.709537,778572,-24000,0,0,0
1764862069.759891,778622,-24000,0,0,0
1764862069.809251,778672,-24000,0,0,0
1764862069.859561,778722,-24000,0,0,0
1764862069.909813,778772,-24000,0,0,0
1764862069.96018,778822,-24000,0,0,0
1764862070.0105212,778872,-24000,0,0,0
1764862070.060705,778923,-24000,0,0,0
1764862070.1110778,778973,-24000,0,0,0
1764862070.1614301,779023,-24000,0,0,0
1764862070.211807,779073,-24000,0,0,0
1764862070.261981,779123,-24000,0,0,0
1764862070.312337,779173,-24000,0,0,0
1764862070.361683,779223,-24000,0,0,0
1764862070.411851,779273,-24000,0,0,0
1764862070.462164,779323,-24000,0,0,0
1764862070.512542,779373,-23997,0,0,0
1764862070.562986,779423,-23895,0,0,0
1764862070.613291,779473,-23715,0,0,0
1764862070.6626408,779523,-23541,0,0,0
1764862070.7129788,779573,-23362,0,0,0
1764862070.76319,779623,-23183,0,0,0
1764862070.813386,779673,-23004,0,0,0
1764862070.863772,779723,-22825,0,0,0
1764862070.9141388,779773,-22646,0,0,0
1764862070.963464,779823,-22471,0,0,0
1764862071.013647,779873,-22292,0,0,0
1764862071.0640059,779923,-22113,0,0,0
1764862071.114363,779973,-21934,0,0,0
1764862071.164691,780023,-21756,0,0,0
1764862071.215109,780073,-21577,0,0,0
1764862071.264401,780123,-21402,0,0,0
1764862071.3145978,780173,-21224,0,0,0
1764862071.364764,780223,-21046,0,0,0
1764862071.415314,780273,-20867,0,0,0
1764862071.465516,780323,-20689,0,0,0
1764862071.515858,780374,-20510,0,0,0
1764862071.56607,780424,-20332,0,0,0
1764862071.616592,780474,-20153,0,0,0
1764862071.666925,780524,-19974,0,0,0
1764862071.717291,780574,-19796,0,0,0
1764862071.767649,780624,-19618,0,0,0
1764862071.81681,780674,-19444,0,0,0
1764862071.867125,780724,-19266,0,0,0
1764862071.917346,780774,-19088,0,0,0
1764862071.967683,780824,-18910,0,0,0
1764862072.01807,780874,-18732,0,0,0
1764862072.068235,780924,-18554,0,0,0
1764862072.117716,780974,-18379,0,0,0
1764862072.1680799,781024,-18201,0,0,0
1764862072.218435,781074,-18023,0,0,0
1764862072.268508,781124,-17845,0,0,0
1764862072.318965,781174,-17667,0,0,0
1764862072.369309,781224,-17489,0,0,0
1764862072.418505,781274,-17315,0,0,0
1764862072.468697,781324,-17137,0,0,0
1764862072.519111,781374,-16958,0,0,0
1764862072.5694342,781424,-16780,0,0,0
1764862072.619779,781474,-16602,0,0,0
1764862072.669962,781524,-16424,0,0,0
1764862072.719468,781574,-16249,0,0,0
1764862072.7696698,781624,-16071,0,0,0
1764862072.820052,781674,-15893,0,0,0
1764862072.870404,781724,-15715,0,0,0
1764862072.920564,781774,-15538,0,0,0
1764862072.969912,781824,-15364,0,0,0
1764862073.02026,781874,-15186,0,0,0
1764862073.0704691,781924,-15009,0,0,0
1764862073.1208289,781974,-14831,0,0,0
1764862073.1710668,782024,-14654,0,0,0
1764862073.2215428,782074,-14476,0,0,0
1764862073.2706828,782124,-14302,0,0,0
1764862073.321226,782174,-14124,0,0,0
1764862073.371416,782224,-13947,0,0,0
1764862073.4217532,782274,-13769,0,0,0
1764862073.472136,782324,-13591,0,0,0
1764862073.522142,782374,-13414,0,0,0
1764862073.571456,782424,-13240,0,0,0
1764862073.62205,782474,-13062,0,0,0
1764862073.672179,782524,-12885,0,0,0
1764862073.722541,782574,-12707,0,0,0
1764862073.7728949,782624,-12529,0,0,0
1764862073.823093,782674,-12352,0,0,0
1764862073.872401,782724,-12178,0,0,0
1764862073.9227679,782774,-12000,0,0,0
1764862073.973126,782824,-11822,0,0,0
1764862074.023299,782874,-11645,0,0,0
1764862074.0736792,782924,-11467,0,0,0
1764862074.124037,782974,-11289,0,0,0
1764862074.173368,783024,-11115,0,0,0
1764862074.223731,783074,-10937,0,0,0
1764862074.2739048,783124,-10760,0,0,0
1764862074.3242528,783174,-10582,0,0,0
1764862074.374602,783224,-10404,0,0,0
1764862074.424788,783275,-10227,0,0,0
1764862074.475148,783325,-10049,0,0,0
1764862074.5254772,783375,-9871,0,0,0
1764862074.57585,783425,-9693,0,0,0
1764862074.626355,783475,-9515,0,0,0
1764862074.676283,783525,-9338,0,0,0
1764862074.725687,783575,-9164,0,0,0
1764862074.776041,783625,-8986,0,0,0
1764862074.82637,783675,-8808,0,0,0
1764862074.876705,783725,-8630,0,0,0
1764862074.92703,783775,-8452,0,0,0
1764862074.977421,783825,-8274,0,0,0
1764862075.026573,783875,-8100,0,0,0
1764862075.076832,783925,-7922,0,0,0
1764862075.127168,783975,-7745,0,0,0
1764862075.1776562,784025,-7567,0,0,0
1764862075.22785,784075,-7388,0,0,0
1764862075.278176,784125,-7209,0,0,0
1764862075.327497,784175,-7033,0,0,0
1764862075.3778791,784225,-6854,0,0,0
1764862075.4280589,784275,-6675,0,0,0
1764862075.478401,784325,-6496,0,0,0
1764862075.52847,784375,-6317,0,0,0
1764862075.578933,784425,-6138,0,0,0
1764862075.628298,784475,-5962,0,0,0
1764862075.67846,784525,-5783,0,0,0
1764862075.729001,784575,-5603,0,0,0
1764862075.779361,784625,-5424,0,0,0
1764862075.82954,784675,-5245,0,0,0
1764862075.8798862,784726,-5066,0,0,0
1764862075.930089,784776,-4887,0,0,0
1764862075.980644,784826,-4707,0,0,0
1764862076.030825,784876,-4528,0,0,0
1764862076.081033,784926,-4349,0,0,0
1764862076.1315572,784976,-4169,0,0,0
1764862076.18074,785026,-3994,0,0,0
1764862076.230935,785076,-3815,0,0,0
1764862076.281455,785126,-3635,0,0,0
1764862076.331647,785176,-3456,0,0,0
1764862076.3818529,785226,-3277,0,0,0
1764862076.432389,785276,-3097,0,0,0
1764862076.48174,785326,-2921,0,0,0
1764862076.531942,785376,-2742,0,0,0
1764862076.5821362,785426,-2563,0,0,0
1764862076.632519,785476,-2384,0,0,0
1764862076.683053,785526,-2204,0,0,0
1764862076.733237,785576,-2025,0,0,0
1764862076.782429,785626,-1850,0,0,0
1764862076.833005,785676,-1670,0,0,0
1764862076.883185,785726,-1491,0,0,0
1764862076.933366,785776,-1312,0,0,0
1764862076.983722,785826,-1133,0,0,0
1764862077.034074,785876,-953,0,0,0
1764862077.0832589,785926,-778,0,0,0
1764862077.133813,785976,-598,0,0,0
1764862077.183991,786026,-420,0,0,0
1764862077.234189,786076,-243,0,0,0
1764862077.2845829,786126,-69,0,0,0
1764862077.333774,786176,0,0,0,0
1764862077.38413,786226,0,0,0,0
1764862077.434336,786276,0,0,0,0
1764862077.484698,786326,0,0,0,0
1764862077.5350459,786376,0,0,0,0
1764862077.585411,786426,0,0,0,0
1764862077.634571,786476,0,0,0,0
1764862077.684984,786526,0,0,0,0
1764862077.735334,786576,0,0,0,0
1764862077.785534,786626,0,0,0,0
1764862077.835897,786676,0,0,0,0
1764862077.886253,786726,0,0,0,0
1764862077.935424,786776,0,0,0,0
1764862077.985782,786826,0,0,0,0
1764862078.036157,786876,0,0,0,0
1764862078.086347,786926,0,0,0,0
1764862078.136715,786976,0,0,0,0
1764862078.187103,787026,0,0,0,0
1764862078.236414,787076,0,0,0,0
1764862078.286598,787126,0,0,0,0
1764862078.336961,787176,0,0,0,0
1764862078.3873432,787226,0,0,0,0
1764862078.437557,787276,0,0,0,0
1764862078.48797,787326,0,0,0,0
1764862078.53729,787376,0,0,0,0
1764862078.587455,787426,0,0,0,0
1764862078.6378539,787476,0,0,0,0
1764862078.688565,787526,0,0,0,0
1764862078.738574,787576,0,0,0,0
1764862078.788741,787627,0,0,0,0
1764862078.839108,787677,0,0,0,0
1764862078.889465,787727,0,0,0,0
1764862078.939648,787777,0,0,0,0
1764862078.9899058,787827,0,0,0,0
1764862079.040382,787877,0,0,0,0
1764862079.089535,787927,0,0,0,0
1764862079.139864,787977,0,0,0,0
1764862079.190283,788027,0,0,0,0
1764862079.2404008,788077,0,0,0,0
1764862079.290761,788127,0,0,0,0
1764862079.341213,788177,0,0,0,0
1764862079.3905568,788227,0,0,0,0
1764862079.44066,788277,0,0,0,0
1764862079.491113,788327,0,0,0,0
1764862079.541476,788377,0,0,0,0
1764862079.591825,788427,0,0,0,0
1764862079.6419368,788477,0,0,0,0
1764862079.691367,788527,0,0,0,0
1764862079.741717,788577,0,0,0,0
1764862079.7919638,788627,0,0,0,0
1764862079.842321,788677,0,0,0,0
1764862079.892599,788727,0,0,0,0
1764862079.942883,788777,0,0,0,0
1764862079.992199,788827,0,0,0,0
1764862080.0425758,788877,0,0,0,0
1764862080.092732,788927,0,0,0,0
1764862080.143133,788977,0,0,0,0
1764862080.1934872,789027,0,0,0,0
1764862080.243833,789078,0,0,0,0
1764862080.294066,789128,0,0,0,0
1764862080.3444219,789178,0,0,0,0
1764862080.3947678,789228,0,0,0,0
1764862080.444937,789278,0,0,0,0
1764862080.495311,789328,0,0,0,0
1764862080.544705,789378,0,0,0,0
1764862080.5948741,789428,0,0,0,0
1764862080.6451788,789478,0,0,0,0
1764862080.695628,789528,0,0,0,0
1764862080.745976,789578,0,0,0,0
1764862080.796187,789628,0,0,0,0
1764862080.8455338,789678,0,0,0,0
1764862080.895896,789728,0,0,0,0
1764862080.946087,789778,0,0,0,0
1764862080.9964359,789828,0,0,0,0
1764862081.0467908,789878,0,0,0,0
1764862081.097142,789928,0,0,0,0
1764862081.146326,789978,0,0,0,0
1764862081.196703,790028,0,0,0,0
1764862081.246939,790078,0,0,0,0
1764862081.297246,790128,0,0,0,0
1764862081.3476381,790178,0,0,0,0
1764862081.397967,790228,0,0,0,0
1764862081.447129,790278,0,0,0,0
1764862081.4975,790328,0,0,0,0
1764862081.5478652,790378,0,0,0,0
1764862081.5981681,790428,0,0,0,0
1764862081.6485262,790478,0,0,0,0
1764862081.6977,790528,0,0,0,0
1764862081.748085,790578,0,0,0,0
1764862081.798419,790628,0,0,0,0
1764862081.8488069,790678,0,0,0,0
1764862081.898986,790728,0,0,0,0
1764862081.9493608,790778,0,0,0,0
1764862081.998666,790828,0,0,0,0
1764862082.048875,790878,0,0,0,0
1764862082.09921,790928,0,0,0,0
1764862082.149555,790978,0,0,0,0
1764862082.1997929,791028,0,0,0,0
1764862082.250049,791078,0,0,0,0
1764862082.299482,791128,0,0,0,0
1764862082.3498409,791178,0,0,0,0
1764862082.4000409,791228,0,0,0,0
1764862082.450444,791278,0,0,0,0
1764862082.5008042,791328,0,0,0,0
1764862082.551007,791378,0,0,0,0
1764862082.600317,791428,0,0,0,0
1764862082.6506932,791478,0,0,0,0
1764862082.7008908,791528,0,0,0,0
1764862082.751301,791578,0,0,0,0
1764862082.801687,791628,0,0,0,0
1764862082.851918,791678,0,0,0,0
1764862082.901246,791728,0,0,0,0
1764862082.951453,791778,0,0,0,0
1764862083.001801,791828,0,0,0,0
1764862083.052159,791878,0,0,0,0
1764862083.1023371,791928,0,0,0,0
1764862083.152705,791979,0,0,0,0
1764862083.2030551,792029,0,0,0,0
1764862083.253432,792079,0,0,0,0
1764862083.303676,792129,0,0,0,0
1764862083.354042,792179,0,0,0,0
1764862083.404379,792229,0,0,0,0
1764862083.4535701,792279,0,0,0,0
1764862083.5039208,792329,0,0,0,0
1764862083.554302,792379,0,0,0,0
1764862083.6044421,792429,0,0,0,0
1764862083.654884,792479,0,0,0,0
1764862083.705205,792529,0,0,0,0
1764862083.754553,792579,0,0,0,0
1764862083.804738,792629,0,0,0,0
1764862083.855111,792679,0,0,0,0
1764862083.905469,792729,0,0,0,0
1764862083.955678,792779,0,0,0,0
1764862084.006015,792829,0,0,0,0
1764862084.0553951,792879,0,0,0,0
1764862084.105542,792929,0,0,0,0
1764862084.1559381,792979,0,0,0,0
1764862084.206304,793029,0,0,0,0
1764862084.256651,793079,0,0,0,0
1764862084.3068821,793129,0,0,0,0
1764862084.35617,793179,0,0,0,0
1764862084.40654,793229,0,0,0,0
1764862084.456924,793279,0,0,0,0
1764862084.507102,793329,0,0,0,0
1764862084.557471,793379,0,0,0,0
1764862084.607771,793430,0,0,0,0
1764862084.65813,793480,0,0,0,0
1764862084.708351,793530,0,0,0,0
1764862084.758701,793580,0,0,0,0
1764862084.809063,793630,0,0,0,0
1764862084.8592498,793680,0,0,0,0
1764862084.9085839,793730,0,0,0,0
1764862084.958953,793780,0,0,0,0
1764862085.009335,793830,0,0,0,0
1764862085.059658,793880,0,0,0,0
1764862085.1098711,793930,0,0,0,0
1764862085.160193,793980,0,0,0,0
1764862085.209533,794030,0,0,0,0
1764862085.259703,794080,0,0,0,0
1764862085.31006,794130,0,0,0,0
1764862085.360438,794180,0,0,0,0
1764862085.410806,794230,0,0,0,0
1764862085.461007,794280,0,0,0,0
1764862085.5103302,794330,0,0,0,0
1764862085.560703,794380,0,0,0,0
1764862085.611038,794430,0,0,0,0
1764862085.661224,794480,0,0,0,0
1764862085.71155,794530,0,0,0,0
1764862085.7619169,794580,0,0,0,0
1764862085.811229,794630,0,0,0,0
1764862085.861606,794680,0,0,0,0
1764862085.911797,794730,0,0,0,0
1764862085.962155,794780,0,0,0,0
1764862086.012467,794830,0,0,0,0
1764862086.0616472,794880,0,0,0,0
1764862086.111993,794930,0,0,0,0
1764862086.1624131,794980,0,0,0,0
1764862086.2127502,795030,0,0,0,0
1764862086.262935,795080,0,0,0,0
1764862086.313306,795130,0,0,0,0
1764862086.3626492,795180,0,0,0,0
1764862086.412985,795230,0,0,0,0
1764862086.463203,795280,0,0,0,0
1764862086.513568,795330,0,0,0,0
1764862086.563888,795380,0,0,0,0
1764862086.614099,795430,0,0,0,0
1764862086.66345,795480,0,0,0,0
1764862086.713856,795530,0,0,0,0
1764862086.764158,795580,0,0,0,0
1764862086.814359,795630,0,0,0,0
1764862086.8647082,795680,0,0,0,0
1764862086.915036,795730,0,0,0,0
1764862086.964393,795780,0,0,0,0
1764862087.0145862,795830,0,0,0,0
1764862087.064916,795880,0,0,0,0
1764862087.115272,795930,0,0,0,0
1764862087.165657,795980,0,0,0,0
1764862087.215847,796030,0,0,0,0
1764862087.265183,796080,0,0,0,0
1764862087.315546,796130,0,0,0,0
1764862087.3657758,796180,0,0,0,0
1764862087.4161,796230,0,0,0,0
1764862087.46646,796280,0,0,0,0
1764862087.516862,796331,0,0,0,0
1764862087.567001,796381,0,0,0,0
1764862087.617337,796431,0,0,0,0
1764862087.667698,796481,0,0,0,0
1764862087.718059,796531,0,0,0,0
1764862087.768408,796581,0,0,0,0
1764862087.817559,796631,0,0,0,0
1764862087.867852,796681,0,0,0,0
1764862087.918275,796731,0,0,0,0
1764862087.968478,796781,0,0,0,0
1764862088.018851,796831,0,0,0,0
1764862088.0691829,796881,0,0,0,0
1764862088.118506,796931,0,0,0,0
1764862088.1688771,796981,0,0,0,0
1764862088.2190862,797031,0,0,0,0
1764862088.269431,797081,0,0,0,0
1764862088.319766,797131,0,0,0,0
1764862088.370125,797181,0,0,0,0
1764862088.4192939,797231,0,0,0,0
1764862088.469648,797281,0,0,0,0
1764862088.5199769,797331,0,0,0,0
1764862088.570354,797381,0,0,0,0
1764862088.620519,797431,0,0,0,0
1764862088.670866,797481,0,0,0,0
1764862088.720194,797531,0,0,0,0
1764862088.770593,797581,0,0,0,0
1764862088.820744,797631,0,0,0,0
1764862088.871132,797681,0,0,0,0
1764862088.921503,797731,0,0,0,0
1764862088.9718451,797782,0,0,0,0
1764862089.022063,797832,0,0,0,0
1764862089.072408,797882,0,0,0,0
1764862089.122803,797932,0,0,0,0
1764862089.1729238,797982,0,0,0,0
1764862089.223289,798032,0,0,0,0
1764862089.27264,798082,0,0,0,0
1764862089.322958,798132,0,0,0,0
1764862089.373344,798182,0,0,0,0
1764862089.4235232,798232,0,0,0,0
1764862089.473894,798282,0,0,0,0
1764862089.5242398,798332,0,0,0,0
1764862089.5734138,798382,0,0,0,0
1764862089.623796,798432,0,0,0,0
1764862089.674122,798482,0,0,0,0
1764862089.7245052,798532,0,0,0,0
1764862089.774702,798582,0,0,0,0
1764862089.8250592,798632,0,0,0,0
1764862089.8743901,798682,0,0,0,0
1764862089.924735,798732,0,0,0,0
1764862089.974925,798782,0,0,0,0
1764862090.0253,798832,0,0,0,0
1764862090.0756538,798882,0,0,0,0
1764862090.125813,798932,0,0,0,0
1764862090.175178,798982,0,0,0,0
1764862090.225525,799032,0,0,0,0
1764862090.2758589,799082,0,0,0,0
1764862090.326236,799132,0,0,0,0
1764862090.376417,799182,0,0,0,0
1764862090.425814,799232,0,0,0,0
1764862090.4761071,799282,0,0,0,0
1764862090.526303,799332,0,0,0,0
1764862090.5766468,799382,0,0,0,0
1764862090.626945,799432,0,0,0,0
1764862090.6773372,799482,0,0,0,0
1764862090.726677,799532,0,0,0,0
1764862090.7768981,799582,0,0,0,0
1764862090.8272672,799632,0,0,0,0
1764862090.8774662,799682,0,0,0,0
1764862090.927839,799732,0,0,0,0
1764862090.978223,799782,0,0,0,0
1764862091.027384,799832,0,0,0,0
1764862091.077803,799882,0,0,0,0
1764862091.128154,799932,0,0,0,0
1764862091.178354,799982,0,0,0,0
1764862091.228721,800032,0,0,0,0
1764862091.279114,800082,0,0,0,0
1764862091.3282921,800132,0,0,0,0
1764862091.378647,800182,0,0,0,0
1764862091.428875,800232,0,0,0,0
1764862091.479221,800282,0,0,0,0
1764862091.529611,800332,0,0,0,0
1764862091.5799732,800382,0,0,0,0
1764862091.62911,800432,0,0,0,0
1764862091.6795032,800482,0,0,0,0
1764862091.729873,800532,0,0,0,0
1764862091.780092,800582,0,0,0,0
1764862091.830348,800632,0,0,0,0
1764862091.880831,800683,0,0,0,0
1764862091.9309921,800733,0,0,0,0
1764862091.981368,800783,0,0,0,0
1764862092.0317068,800833,0,0,0,0
1764862092.08208,800883,0,0,0,0
1764862092.13225,800933,0,0,0,0
1764862092.181636,800983,0,0,0,0
1764862092.231988,801033,0,0,0,0
1764862092.2821949,801083,0,0,0,0
1764862092.332544,801133,0,0,0,0
1764862092.3829298,801183,0,0,0,0
1764862092.433287,801233,0,0,0,0
1764862092.482465,801283,0,0,0,0
1764862092.532823,801333,0,0,0,0
1764862092.583024,801383,0,0,0,0
1764862092.633355,801433,0,0,0,0
1764862092.683757,801483,0,0,0,0
1764862092.734066,801533,0,0,0,0
1764862092.7832341,801583,0,0,0,0
1764862092.833633,801633,0,0,0,0
1764862092.883998,801683,0,0,0,0
1764862092.934336,801733,0,0,0,0
1764862092.984517,801783,0,0,0,0
1764862093.0348842,801833,0,0,0,0
1764862093.08423,801883,0,0,0,0
1764862093.134551,801933,0,0,0,0
1764862093.184788,801983,0,0,0,0
1764862093.235135,802033,0,0,0,0
1764862093.285493,802083,0,0,0,0
1764862093.335847,802134,0,0,0,0
1764862093.386059,802184,0,0,0,0
1764862093.436401,802234,0,0,0,0
1764862093.486787,802284,0,0,0,0
1764862093.537811,802334,0,0,0,0
1764862093.587318,802384,0,0,0,0
1764862093.6366389,802434,0,0,0,0
1764862093.686858,802484,0,0,0,0
1764862093.7371771,802534,0,0,0,0
1764862093.78755,802584,0,0,0,0
1764862093.837941,802634,0,0,0,0
1764862093.888133,802684,0,0,0,0
1764862093.93745,802734,0,0,0,0
1764862093.987811,802784,0,0,0,0
1764862094.038165,802834,0,0,0,0
1764862094.0883892,802884,0,0,0,0
1764862094.13874,802934,0,0,0,0
1764862094.189091,802984,0,0,0,0
1764862094.238424,803034,0,0,0,0
1764862094.288598,803084,0,0,0,0
1764862094.338955,803134,0,0,0,0
1764862094.3893151,803184,0,0,0,0
1764862094.439662,803234,0,0,0,0
1764862094.489824,803284,0,0,0,0
1764862094.5391822,803334,0,0,0,0
1764862094.589529,803384,0,0,0,0
1764862094.639877,803434,0,0,0,0
1764862094.6900458,803484,0,0,0,0
1764862094.740431,803534,0,0,0,0
1764862094.789763,803584,0,0,0,0
1764862094.840085,803634,0,0,0,0
1764862094.890435,803684,0,0,0,0
1764862094.9406168,803734,0,0,0,0
1764862094.990973,803784,0,0,0,0
1764862095.041346,803834,0,0,0,0
1764862095.090657,803884,0,0,0,0
1764862095.140857,803934,0,0,0,0
1764862095.191227,803984,0,0,0,0
1764862095.2415822,804034,0,0,0,0
1764862095.291936,804084,0,0,0,0
1764862095.342109,804134,0,0,0,0
1764862095.3914392,804184,0,0,0,0
1764862095.441812,804234,0,0,0,0
1764862095.492008,804284,0,0,0,0
1764862095.5423841,804334,0,0,0,0
1764862095.5927548,804384,0,0,0,0
1764862095.6429398,804434,0,0,0,0
1764862095.692257,804484,0,0,0,0
1764862095.7425978,804534,0,0,0,0
1764862095.7929778,804584,0,0,0,0
1764862095.843174,804634,0,0,0,0
1764862095.8935292,804684,0,0,0,0
1764862095.9438899,804734,0,0,0,0
1764862095.993248,804784,0,0,0,0
1764862096.043455,804834,0,0,0,0
1764862096.093836,804884,0,0,0,0
1764862096.1441002,804934,0,0,0,0
1764862096.194378,804984,0,0,0,0
1764862096.244757,805035,0,0,0,0
1764862096.295136,805085,0,0,0,0
1764862096.34532,805135,0,0,0,0
1764862096.3957398,805185,0,0,0,0
1764862096.445972,805235,0,0,0,0
1764862096.496244,805285,0,0,0,0
1764862096.545598,805335,0,0,0,0
1764862096.5959198,805385,0,0,0,0
1764862096.646134,805435,0,0,0,0
1764862096.696498,805485,0,0,0,0
1764862096.746853,805535,0,0,0,0
1764862096.797214,805585,0,0,0,0
1764862096.84642,805635,0,0,0,0
1764862096.896788,805685,0,0,0,0
1764862096.947155,805735,0,0,0,0
1764862096.997353,805785,0,0,0,0
1764862097.047724,805835,0,0,0,0
1764862097.098115,805885,0,0,0,0
1764862097.147268,805935,0,0,0,0
1764862097.19772,805985,0,0,0,0
1764862097.248012,806035,0,0,0,0
1764862097.298214,806085,0,0,0,0
1764862097.348595,806135,0,0,0,0
1764862097.3988538,806185,0,0,0,0
1764862097.448173,806235,0,0,0,0
1764862097.498539,806285,0,0,0,0
1764862097.5487628,806335,0,0,0,0
1764862097.59911,806385,0,0,0,0
1764862097.6494908,806435,0,0,0,0
1764862097.699696,806486,0,0,0,0
1764862097.750068,806536,0,0,0,0
1764862097.800416,806586,0,0,0,0
1764862097.850637,806636,0,0,0,0
1764862097.900975,806686,0,0,0,0
1764862097.951361,806736,0,0,0,0
1764862098.0005162,806786,0,0,0,0
1764862098.050875,806836,0,0,0,0
1764862098.101249,806886,0,0,0,0
1764862098.1516201,806936,0,0,0,0
1764862098.201801,806986,0,0,0,0
1764862098.2521758,807036,0,0,0,0
1764862098.3014731,807086,0,0,0,0
1764862098.351876,807136,0,0,0,0
1764862098.402091,807186,0,0,0,0
1764862098.4524531,807236,0,0,0,0
1764862098.502805,807286,0,0,0,0
1764862098.553001,807336,0,0,0,0
1764862098.60235,807386,0,0,0,0
1764862098.652468,807436,0,0,0,0
1764862098.702919,807486,0,0,0,0
1764862098.753296,807536,0,0,0,0
1764862098.8034801,807586,0,0,0,0
1764862098.8538518,807636,0,0,0,0
1764862098.903201,807686,0,0,0,0
1764862098.953568,807736,0,0,0,0
1764862099.003787,807786,0,0,0,0
1764862099.054142,807836,0,0,0,0
1764862099.104365,807886,0,0,0,0
1764862099.153735,807936,0,0,0,0
1764862099.204094,807986,0,0,0,0
1764862099.254327,808036,0,0,0,0
1764862099.304702,808086,0,0,0,0
1764862099.355082,808136,0,0,0,0
1764862099.405257,808186,0,0,0,0
1764862099.45462,808236,0,0,0,0
1764862099.504969,808286,0,0,0,0
1764862099.5551538,808336,0,0,0,0
1764862099.605524,808386,0,0,0,0
1764862099.655911,808436,0,0,0,0
1764862099.706094,808486,0,0,0,0
1764862099.75548,808536,0,0,0,0
1764862099.805686,808586,0,0,0,0
1764862099.8560672,808636,0,0,0,0
1764862099.906454,808686,0,0,0,0
1764862099.956678,808736,0,0,0,0
1764862100.007015,808786,0,0,0,0
1764862100.056366,808836,0,0,0,0
1764862100.106582,808886,0,0,0,0
1764862100.156956,808936,0,0,0,0
1764862100.207285,808986,0,0,0,0
1764862100.257514,809036,0,0,0,0
1764862100.307861,809086,0,0,0,0
1764862100.357234,809136,0,0,0,0
1764862100.407605,809186,0,0,0,0
1764862100.457758,809236,0,0,0,0
1764862100.508138,809286,0,0,0,0
1764862100.558476,809336,0,0,0,0
1764862100.608819,809387,0,0,0,0
1764862100.6590211,809437,0,0,0,0
1764862100.709357,809487,0,0,0,0
1764862100.759726,809537,0,0,0,0
1764862100.8101,809587,0,0,0,0
1764862100.8602948,809637,0,0,0,0
1764862100.909666,809687,0,0,0,0
1764862100.959956,809737,0,0,0,0
1764862101.010169,809787,0,0,0,0
1764862101.0605261,809837,0,0,0,0
1764862101.110868,809887,0,0,0,0
1764862101.161216,809937,0,0,0,0
1764862101.2103932,809987,0,0,0,0
1764862101.26075,810037,0,0,0,0
1764862101.3110762,810087,0,0,0,0
1764862101.361432,810137,0,0,0,0
1764862101.41178,810187,0,0,0,0
1764862101.4619489,810237,0,0,0,0
1764862101.511264,810287,0,0,0,0
1764862101.5616949,810337,0,0,0,0
1764862101.612053,810387,0,0,0,0
1764862101.662167,810437,0,0,0,0
1764862101.7125068,810487,0,0,0,0
1764862101.762867,810537,0,0,0,0
1764862101.812022,810587,0,0,0,0
1764862101.8625002,810637,0,0,0,0
1764862101.9127848,810687,0,0,0,0
1764862101.963138,810737,0,0,0,0
1764862102.01332,810787,0,0,0,0
1764862102.063694,810838,0,0,0,0
1764862102.114054,810888,0,0,0,0
1764862102.1644318,810938,0,0,0,0
1764862102.214608,810988,0,0,0,0
1764862102.264941,811038,0,0,0,0
1764862102.315307,811088,0,0,0,0
1764862102.364644,811138,0,0,0,0
1764862102.4150069,811188,0,0,0,0
1764862102.4651468,811238,0,0,0,0
1764862102.515462,811288,0,0,0,0
1764862102.565849,811338,0,0,0,0
1764862102.61622,811388,0,0,0,0
1764862102.665557,811438,0,0,0,0
1764862102.7157261,811488,0,0,0,0
1764862102.7661068,811538,0,0,0,0
1764862102.816467,811588,0,0,0,0
1764862102.866553,811638,0,0,0,0
1764862102.917032,811688,0,0,0,0
1764862102.9663548,811738,0,0,0,0
1764862103.016543,811788,0,0,0,0
1764862103.0669281,811838,0,0,0,0
1764862103.1172962,811888,0,0,0,0
1764862103.1675122,811938,0,0,0,0
1764862103.2178502,811988,0,0,0,0
1764862103.267232,812038,0,0,0,0
1764862103.31742,812088,0,0,0,0
1764862103.36776,812138,0,0,0,0
1764862103.4181492,812188,0,0,0,0
1764862103.468501,812238,0,0,0,0
1764862103.5176692,812288,0,0,0,0
1764862103.5680408,812338,0,0,0,0
1764862103.618346,812388,0,0,0,0
1764862103.668726,812438,0,0,0,0
1764862103.7190342,812488,0,0,0,0
1764862103.769279,812538,0,0,0,0
1764862103.818628,812588,0,0,0,0
1764862103.8688068,812638,0,0,0,0
1764862103.919162,812688,0,0,0,0
1764862103.969528,812738,0,0,0,0
1764862104.0198798,812788,0,0,0,0
1764862104.070064,812838,0,0,0,0
1764862104.119379,812888,0,0,0,0
1764862104.1697888,812938,0,0,0,0
1764862104.220132,812988,0,0,0,0
1764862104.270349,813038,0,0,0,0
1764862104.3207092,813088,0,0,0,0
1764862104.3710568,813138,0,0,0,0
1764862104.4203908,813188,0,0,0,0
1764862104.470638,813238,0,0,0,0
1764862104.520948,813288,0,0,0,0
1764862104.571332,813338,0,0,0,0
1764862104.621505,813388,0,0,0,0
1764862104.671874,813438,0,0,0,0
1764862104.72119,813488,0,0,0,0
1764862104.771883,813538,0,0,0,0
1764862104.821719,813588,0,0,0,0
1764862104.872086,813638,0,0,0,0
1764862104.9224231,813688,0,0,0,0
1764862104.972786,813739,0,0,0,0
1764862105.0229828,813789,0,0,0,0
1764862105.073345,813839,0,0,0,0
1764862105.123702,813889,0,0,0,0
1764862105.173899,813939,0,0,0,0
1764862105.224223,813989,0,0,0,0
1764862105.273632,814039,0,0,0,0
1764862105.323958,814089,0,0,0,0
1764862105.374128,814139,0,0,0,0
1764862105.424434,814189,0,0,0,0
1764862105.474837,814239,0,0,0,0
1764862105.5252259,814289,0,0,0,0
1764862105.574378,814339,0,0,0,0
1764862105.6247702,814389,0,0,0,0
1764862105.6751401,814439,0,0,0,0
1764862105.725461,814489,0,0,0,0
1764862105.7756631,814539,0,0,0,0
1764862105.826022,814589,0,0,0,0
1764862105.8753521,814639,0,0,0,0
1764862105.925604,814689,0,0,0,0
1764862105.9759302,814739,0,0,0,0
1764862106.0262988,814789,0,0,0,0
1764862106.076479,814839,0,0,0,0
1764862106.12684,814889,0,0,0,0
1764862106.176193,814939,0,0,0,0
1764862106.226397,814989,0,0,0,0
1764862106.2767339,815039,0,0,0,0
1764862106.327123,815089,0,0,0,0
1764862106.377485,815139,0,0,0,0
1764862106.427659,815190,0,0,0,0
1764862106.478025,815240,0,0,0,0
1764862106.528436,815290,0,0,0,0
1764862106.578614,815340,0,0,0,0
1764862106.6289668,815390,0,0,0,0
1764862106.679327,815440,0,0,0,0
1764862106.728628,815490,0,0,0,0
1764862106.7788439,815540,0,0,0,0
1764862106.82921,815590,0,0,0,0
1764862106.879595,815640,0,0,0,0
1764862106.929919,815690,0,0,0,0
1764862106.980103,815740,0,0,0,0
1764862107.029444,815790,0,0,0,0
1764862107.079781,815840,0,0,0,0
1764862107.129985,815890,0,0,0,0
1764862107.180366,815940,0,0,0,0
1764862107.230722,815990,0,0,0,0
1764862107.28108,816040,0,0,0,0
1764862107.330216,816090,0,0,0,0
1764862107.380594,816140,0,0,0,0
1764862107.430944,816190,0,0,0,0
1764862107.4812942,816240,0,0,0,0
1764862107.5315049,816290,0,0,0,0
1764862107.5818639,816340,0,0,0,0
1764862107.6311748,816390,0,0,0,0
1764862107.681597,816440,0,0,0,0
1764862107.73189,816490,0,0,0,0
1764862107.782048,816540,0,0,0,0
1764862107.8323882,816590,0,0,0,0
1764862107.881727,816640,0,0,0,0
1764862107.9320729,816690,0,0,0,0
1764862107.982303,816740,0,0,0,0
1764862108.0326421,816790,0,0,0,0
1764862108.0829859,816840,0,0,0,0
1764862108.133193,816890,0,0,0,0
1764862108.1825678,816940,0,0,0,0
1764862108.232875,816990,0,0,0,0
1764862108.2832441,817040,0,0,0,0
1764862108.333427,817090,0,0,0,0
1764862108.383782,817140,0,0,0,0
1764862108.43418,817190,0,0,0,0
1764862108.483576,817240,0,0,0,0
1764862108.533721,817290,0,0,0,0
1764862108.584049,817340,0,0,0,0
1764862108.634439,817390,0,0,0,0
1764862108.684635,817440,0,0,0,0
1764862108.734983,817490,0,0,0,0
1764862108.7843359,817540,0,0,0,0
1764862108.834686,817590,0,0,0,0
1764862108.884904,817640,0,0,0,0
1764862108.9352572,817690,0,0,0,0
1764862108.985443,817740,0,0,0,0
1764862109.0358038,817790,0,0,0,0
1764862109.085121,817840,0,0,0,0
1764862109.1355672,817890,0,0,0,0
1764862109.185718,817940,0,0,0,0
1764862109.236058,817990,0,0,0,0
1764862109.286436,818040,0,0,0,0
1764862109.336802,818091,0,0,0,0
1764862109.386981,818141,0,0,0,0
1764862109.437369,818191,0,0,0,0
1764862109.48772,818241,0,0,0,0
1764862109.5379221,818291,0,0,0,0
1764862109.588288,818341,0,0,0,0
1764862109.6376,818391,0,0,0,0
1764862109.687986,818441,0,0,0,0
1764862109.7381709,818491,0,0,0,0
1764862109.788552,818541,0,0,0,0
1764862109.8389142,818591,0,0,0,0
1764862109.889089,818641,0,0,0,0
1764862109.938456,818691,0,0,0,0
1764862109.9887419,818741,0,0,0,0
1764862110.0391622,818791,0,0,0,0
1764862110.089354,818841,0,0,0,0
1764862110.139702,818891,0,0,0,0
1764862110.190057,818941,0,0,0,0
1764862110.239219,818991,0,0,0,0
1764862110.289593,819041,0,0,0,0
1764862110.3399198,819091,0,0,0,0
1764862110.390285,819141,0,0,0,0
1764862110.440564,819191,0,0,0,0
1764862110.49085,819241,0,0,0,0
1764862110.5401962,819291,0,0,0,0
1764862110.590569,819341,0,0,0,0
1764862110.6407418,819391,0,0,0,0
1764862110.6910772,819441,0,0,0,0
1764862110.74152,819491,0,0,0,0
1764862110.791647,819542,0,0,0,0
1764862110.8420439,819592,0,0,0,0
1764862110.892409,819642,0,0,0,0
1764862110.9425988,819692,0,0,0,0
1764862110.992955,819742,0,0,0,0
1764862111.043322,819792,0,0,0,0
1764862111.092675,819842,0,0,0,0
1764862111.14288,819892,0,0,0,0
1764862111.193245,819942,0,0,0,0
1764862111.2435892,819992,0,0,0,0
1764862111.2937841,820042,0,0,0,0
1764862111.3441558,820092,0,0,0,0
1764862111.393514,820142,0,0,0,0
1764862111.443707,820192,0,0,0,0
1764862111.49406,820242,0,0,0,0
1764862111.544416,820292,0,0,0,0
1764862111.594751,820342,0,0,0,0
1764862111.64497,820392,0,0,0,0
1764862111.694314,820442,0,0,0,0
1764862111.7446861,820492,0,0,0,0
1764862111.794851,820542,0,0,0,0
1764862111.84524,820592,0,0,0,0
1764862111.895612,820642,0,0,0,0
1764862111.945824,820692,0,0,0,0
1764862111.995156,820742,0,0,0,0
1764862112.045522,820792,0,0,0,0
1764862112.095863,820842,0,0,0,0
1764862112.146061,820892,0,0,0,0
1764862112.196398,820942,0,0,0,0
1764862112.2456908,820992,0,0,0,0
1764862112.2959628,821042,0,0,0,0
1764862112.346312,821092,0,0,0,0
1764862112.396679,821142,0,0,0,0
1764862112.4468758,821192,0,0,0,0
1764862112.497215,821242,0,0,0,0
1764862112.546579,821292,0,0,0,0
1764862112.596928,821342,0,0,0,0
1764862112.6472802,821392,0,0,0,0
1764862112.69751,821442,0,0,0,0
1764862112.747821,821492,0,0,0,0
1764862112.7981749,821542,0,0,0,0
1764862112.8475142,821592,0,0,0,0
1764862112.897701,821642,0,0,0,0
1764862112.948072,821692,0,0,0,0
1764862112.998422,821742,0,0,0,0
1764862113.048796,821792,0,0,0,0
1764862113.0989408,821842,0,0,0,0
1764862113.148269,821892,0,0,0,0
1764862113.198637,821942,0,0,0,0
1764862113.2488241,821992,0,0,0,0
1764862113.299201,822042,0,0,0,0
1764862113.349571,822092,0,0,0,0
1764862113.399764,822142,0,0,0,0
1764862113.44912,822192,0,0,0,0
1764862113.4994931,822242,0,0,0,0
1764862113.5498319,822292,0,0,0,0
1764862113.60002,822342,0,0,0,0
1764862113.650342,822392,0,0,0,0
1764862113.700754,822443,0,0,0,0
1764862113.751103,822493,0,0,0,0
1764862113.801288,822543,0,0,0,0
1764862113.851586,822593,0,0,0,0
1764862113.902053,822643,0,0,0,0
1764862113.952142,822693,0,0,0,0
1764862114.001594,822743,0,0,0,0
1764862114.0518441,822793,0,0,0,0
1764862114.102164,822843,0,0,0,0
1764862114.1525178,822893,0,0,0,0
1764862114.20292,822943,0,0,0,0
1764862114.253108,822993,0,0,0,0
1764862114.3024588,823043,0,0,0,0
1764862114.3527691,823093,0,0,0,0
1764862114.402977,823143,0,0,0,0
1764862114.453333,823193,0,0,0,0
1764862114.5036988,823243,0,0,0,0
1764862114.554085,823293,0,0,0,0
1764862114.6032481,823343,0,0,0,0
1764862114.653607,823393,0,0,0,0
1764862114.703989,823443,0,0,0,0
1764862114.754205,823493,0,0,0,0
1764862114.804577,823543,0,0,0,0
1764862114.854795,823593,0,0,0,0
1764862114.9041128,823643,0,0,0,0
1764862114.954495,823693,0,0,0,0
1764862115.0048482,823743,0,0,0,0
1764862115.0563278,823793,0,0,0,0
1764862115.10548,823843,0,0,0,0
1764862115.155773,823894,0,0,0,0
1764862115.206152,823944,0,0,0,0
1764862115.256336,823994,0,0,0,0
1764862115.306656,824044,0,0,0,0
1764862115.357069,824094,0,0,0,0
1764862115.407246,824144,0,0,0,0
1764862115.4566011,824194,0,0,0,0
1764862115.506929,824244,0,0,0,0
1764862115.55718,824294,0,0,0,0
1764862115.607517,824344,0,0,0,0
1764862115.657884,824394,0,0,0,0
1764862115.708083,824444,0,0,0,0
1764862115.757445,824494,0,0,0,0
1764862115.807797,824544,0,0,0,0
1764862115.8580322,824594,0,0,0,0
1764862115.908381,824644,0,0,0,0
1764862115.958753,824694,0,0,0,0
1764862116.008926,824744,0,0,0,0
1764862116.058242,824794,0,0,0,0
1764862116.1086311,824844,0,0,0,0
1764862116.158999,824894,0,0,0,0
1764862116.209179,824944,0,0,0,0
1764862116.259551,824994,0,0,0,0
1764862116.309888,825044,0,0,0,0
1764862116.359072,825094,0,0,0,0
1764862116.409468,825144,0,0,0,0
1764862116.459806,825194,0,0,0,0
1764862116.510171,825244,0,0,0,0
1764862116.5603478,825294,0,0,0,0
1764862116.609684,825344,0,0,0,0
1764862116.660017,825394,0,0,0,0
1764862116.71038,825444,0,0,0,0
1764862116.760579,825494,0,0,0,0
1764862116.8109288,825544,0,0,0,0
1764862116.861311,825594,0,0,0,0
1764862116.910652,825644,0,0,0,0
1764862116.960856,825694,0,0,0,0
1764862117.011209,825744,0,0,0,0
1764862117.0615659,825794,0,0,0,0
1764862117.1117592,825844,0,0,0,0
1764862117.1621099,825894,0,0,0,0
1764862117.211446,825944,0,0,0,0
1764862117.261643,825994,0,0,0,0
1764862117.311981,826044,0,0,0,0
1764862117.3623612,826094,0,0,0,0
1764862117.412711,826144,0,0,0,0
1764862117.4629178,826194,0,0,0,0
1764862117.5121841,826244,0,0,0,0
1764862117.5626209,826294,0,0,0,0
1764862117.612976,826344,0,0,0,0
1764862117.663063,826394,0,0,0,0
1764862117.713509,826444,0,0,0,0
1764862117.7638679,826494,0,0,0,0
1764862117.813191,826544,0,0,0,0
1764862117.863345,826594,0,0,0,0
1764862117.913772,826644,0,0,0,0
1764862117.964135,826694,0,0,0,0
1764862118.014345,826744,0,0,0,0
1764862118.0647,826795,0,0,0,0
1764862118.11504,826845,0,0,0,0
1764862118.165451,826895,0,0,0,0
1764862118.215611,826945,0,0,0,0
1764862118.266009,826995,0,0,0,0
1764862118.316344,827045,0,0,0,0
1764862118.36554,827095,0,0,0,0
1764862118.4158988,827145,0,0,0,0
1764862118.466084,827195,0,0,0,0
1764862118.516462,827245,0,0,0,0
1764862118.5668638,827295,0,0,0,0
1764862118.617197,827345,0,0,0,0
1764862118.666421,827395,0,0,0,0
1764862118.716714,827445,0,0,0,0
1764862118.767113,827495,0,0,0,0
1764862118.817284,827545,0,0,0,0
1764862118.86767,827595,0,0,0,0
1764862118.9180338,827645,0,0,0,0
1764862118.9674292,827695,0,0,0,0
1764862119.0174432,827745,0,0,0,0
1764862119.06792,827795,0,0,0,0
1764862119.118283,827845,0,0,0,0
1764862119.1684759,827895,0,0,0,0
1764862119.218818,827945,0,0,0,0
1764862119.268194,827995,0,0,0,0
1764862119.318389,828045,0,0,0,0
1764862119.368729,828095,0,0,0,0
1764862119.4190888,828145,0,0,0,0
1764862119.469283,828195,0,0,0,0
1764862119.519546,828246,0,0,0,0
1764862119.569957,828296,0,0,0,0
1764862119.620429,828346,0,0,0,0
1764862119.6705039,828396,0,0,0,0
1764862119.720858,828446,0,0,0,0
1764862119.771324,828496,0,0,0,0
1764862119.8204648,828546,0,0,0,0
1764862119.870867,828596,0,0,0,0
1764862119.921225,828646,0,0,0,0
1764862119.971461,828696,0,0,0,0
1764862120.02179,828746,0,0,0,0
1764862120.0722072,828796,0,0,0,0
1764862120.121392,828846,0,0,0,0
1764862120.171751,828896,0,0,0,0
1764862120.2221272,828946,0,0,0,0
1764862120.272304,828996,0,0,0,0
1764862120.3226821,829046,0,0,0,0
1764862120.373041,829096,0,0,0,0
1764862120.42223,829146,0,0,0,0
1764862120.47261,829196,0,0,0,0
1764862120.522982,829246,0,0,0,0
1764862120.573189,829296,0,0,0,0
1764862120.623536,829346,0,0,0,0
1764862120.6739142,829396,0,0,0,0
1764862120.723094,829446,0,0,0,0
1764862120.77347,829496,0,0,0,0
1764862120.823831,829546,0,0,0,0
1764862120.874048,829596,0,0,0,0
1764862120.924396,829646,0,0,0,0
1764862120.973855,829696,0,0,0,0
1764862121.0239801,829746,0,0,0,0
1764862121.074367,829796,0,0,0,0
1764862121.1247191,829846,0,0,0,0
1764862121.1749382,829896,0,0,0,0
1764862121.225299,829946,0,0,0,0
1764862121.2746172,829996,0,0,0,0
1764862121.3248482,830046,0,0,0,0
1764862121.3752131,830096,0,0,0,0
1764862121.4255948,830146,0,0,0,0
1764862121.475764,830196,0,0,0,0
1764862121.526054,830246,0,0,0,0
1764862121.575368,830296,0,0,0,0
1764862121.625677,830346,0,0,0,0
1764862121.676051,830396,0,0,0,0
1764862121.726306,830446,0,0,0,0
1764862121.776673,830496,0,0,0,0
1764862121.827023,830546,0,0,0,0
1764862121.876247,830596,0,0,0,0
1764862121.926483,830646,0,0,0,0
1764862121.976959,830696,0,0,0,0
1764862122.027167,830746,0,0,0,0
1764862122.077473,830796,0,0,0,0
1764862122.1278982,830846,0,0,0,0
1764862122.177069,830896,0,0,0,0
1764862122.227448,830946,0,0,0,0
1764862122.277799,830996,0,0,0,0
1764862122.32815,831046,0,0,0,0
1764862122.37838,831096,0,0,0,0
1764862122.42867,831147,0,0,0,0
1764862122.479101,831197,0,0,0,0
1764862122.529289,831247,0,0,0,0
1764862122.579652,831297,0,0,0,0
1764862122.630021,831347,0,0,0,0
1764862122.680196,831397,0,0,0,0
1764862122.729571,831447,0,0,0,0
1764862122.779946,831497,0,0,0,0
1764862122.830106,831547,0,0,0,0
1764862122.8804648,831597,0,0,0,0
1764862122.9308422,831647,0,0,0,0
1764862122.981197,831697,0,0,0,0
1764862123.0303528,831747,0,0,0,0
1764862123.0807528,831797,0,0,0,0
1764862123.1310909,831847,0,0,0,0
1764862123.181268,831897,0,0,0,0
1764862123.2316532,831947,0,0,0,0
1764862123.282027,831997,0,0,0,0
1764862123.3313532,832047,0,0,0,0
1764862123.381609,832097,0,0,0,0
1764862123.431988,832147,0,0,0,0
1764862123.482368,832197,0,0,0,0
1764862123.532428,832247,0,0,0,0
1764862123.582918,832297,0,0,0,0
1764862123.6320782,832347,0,0,0,0
1764862123.682446,832397,0,0,0,0
1764862123.7328131,832447,0,0,0,0
1764862123.7830179,832497,0,0,0,0
1764862123.833376,832547,0,0,0,0
1764862123.883762,832598,0,0,0,0
1764862123.934112,832648,0,0,0,0
1764862123.984364,832698,0,0,0,0
1764862124.0346649,832748,0,0,0,0
1764862124.085008,832798,0,0,0,0
1764862124.1352372,832848,0,0,0,0
1764862124.184557,832898,0,0,0,0
1764862124.234925,832948,0,0,0,0
1764862124.285354,832998,0,0,0,0
1764862124.3354619,833048,0,0,0,0
1764862124.385872,833098,0,0,0,0
1764862124.43715,833148,0,0,0,0
1764862124.485396,833198,0,0,0,0
1764862124.535776,833248,0,0,0,0
1764862124.586118,833298,0,0,0,0
1764862124.6362538,833348,0,0,0,0
1764862124.6866932,833398,0,0,0,0
1764862124.737046,833448,0,0,0,0
1764862124.786239,833498,0,0,0,0
1764862124.8365839,833548,0,0,0,0
1764862124.886996,833598,0,0,0,0
1764862124.937471,833648,0,0,0,0
1764862124.987544,833698,0,0,0,0
1764862125.037915,833748,10,0,0,0
1764862125.087233,833798,131,0,0,0
1764862125.137583,833848,311,0,0,0
1764862125.187794,833898,488,0,0,0
1764862125.238158,833948,667,0,0,0
1764862125.2886689,833998,847,0,0,0
1764862125.337655,834048,1022,0,0,0
1764862125.388187,834098,1201,0,0,0
1764862125.438808,834148,1380,0,0,0
1764862125.488896,834198,1559,0,0,0
1764862125.5392342,834248,1738,0,0,0
1764862125.5894551,834298,1917,0,0,0
1764862125.638793,834348,2092,0,0,0
1764862125.689002,834398,2270,0,0,0
1764862125.739182,834448,2448,0,0,0
1764862125.7895439,834498,2627,0,0,0
1764862125.839917,834548,2805,0,0,0
1764862125.890333,834598,2984,0,0,0
1764862125.939629,834648,3159,0,0,0
1764862125.989821,834698,3337,0,0,0
1764862126.040191,834748,3516,0,0,0
1764862126.0904021,834798,3694,0,0,0
1764862126.140912,834848,3873,0,0,0
1764862126.190921,834898,4051,0,0,0
1764862126.24033,834948,4226,0,0,0
1764862126.290686,834998,4404,0,0,0
1764862126.34115,835048,4582,0,0,0
1764862126.391544,835098,4760,0,0,0
1764862126.441719,835148,4938,0,0,0
1764862126.492058,835198,5116,0,0,0
1764862126.54123,835248,5290,0,0,0
1764862126.5915892,835298,5468,0,0,0
1764862126.641779,835348,5646,0,0,0
1764862126.692142,835398,5824,0,0,0
1764862126.742532,835448,6002,0,0,0
1764862126.7927349,835499,6180,0,0,0
1764862126.843065,835549,6358,0,0,0
1764862126.893307,835599,6536,0,0,0
1764862126.943825,835649,6715,0,0,0
1764862126.994207,835699,6893,0,0,0
1764862127.044394,835749,7071,0,0,0
1764862127.0935948,835799,7245,0,0,0
1764862127.144115,835849,7424,0,0,0
1764862127.1942,835899,7602,0,0,0
1764862127.2446852,835949,7780,0,0,0
1764862127.294864,835999,7958,0,0,0
1764862127.3452291,836049,8136,0,0,0
1764862127.394579,836099,8310,0,0,0
1764862127.444952,836149,8488,0,0,0
1764862127.495109,836199,8665,0,0,0
1764862127.545513,836249,8843,0,0,0
1764862127.5957031,836299,9020,0,0,0
1764862127.646069,836349,9198,0,0,0
1764862127.695424,836399,9372,0,0,0
1764862127.745622,836449,9549,0,0,0
1764862127.795968,836499,9727,0,0,0
1764862127.846359,836549,9905,0,0,0
1764862127.89658,836599,10082,0,0,0
1764862127.946948,836649,10260,0,0,0
1764862127.996064,836699,10434,0,0,0
1764862128.046527,836749,10612,0,0,0
1764862128.097025,836799,10790,0,0,0
1764862128.1472828,836849,10967,0,0,0
1764862128.197621,836899,11145,0,0,0
1764862128.247809,836950,11322,0,0,0
1764862128.298202,837000,11500,0,0,0
1764862128.348573,837050,11678,0,0,0
1764862128.398772,837100,11855,0,0,0
1764862128.449122,837150,12033,0,0,0
1764862128.4994931,837200,12211,0,0,0
1764862128.5488262,837250,12385,0,0,0
1764862128.5988438,837300,12562,0,0,0
1764862128.649266,837350,12740,0,0,0
1764862128.699574,837400,12918,0,0,0
1764862128.7501361,837450,13096,0,0,0
1764862128.8001962,837500,13273,0,0,0
1764862128.8495202,837550,13447,0,0,0
1764862128.899864,837600,13625,0,0,0
1764862128.950282,837650,13803,0,0,0
1764862129.0002718,837700,13980,0,0,0
1764862129.0506601,837750,14158,0,0,0
1764862129.101179,837800,14336,0,0,0
1764862129.1503859,837850,14510,0,0,0
1764862129.200742,837900,14688,0,0,0
1764862129.2511191,837950,14866,0,0,0
1764862129.301486,838000,15044,0,0,0
1764862129.3515131,838050,15221,0,0,0
1764862129.401852,838100,15399,0,0,0
1764862129.451102,838150,15573,0,0,0
1764862129.501767,838200,15751,0,0,0
1764862129.5519118,838250,15925,0,0,0
1764862129.602099,838300,16000,0,0,0
1764862129.652461,838350,16000,0,0,0
1764862129.701778,838400,16000,0,0,0
1764862129.751979,838450,16000,0,0,0
1764862129.802325,838500,16000,0,0,0
1764862129.852691,838550,16000,0,0,0
1764862129.902884,838600,16000,0,0,0
1764862129.953265,838650,16000,0,0,0
1764862130.002578,838700,16000,0,0,0
1764862130.052751,838750,16000,0,0,0
1764862130.10313,838800,16000,0,0,0
1764862130.153501,838850,16000,0,0,0
1764862130.2038558,838900,16000,0,0,0
1764862130.254047,838950,16000,0,0,0
1764862130.303377,839000,16000,0,0,0
1764862130.353754,839050,16000,0,0,0
1764862130.40407,839100,16000,0,0,0
1764862130.45431,839150,16000,0,0,0
1764862130.5046852,839200,16000,0,0,0
1764862130.555028,839250,16000,0,0,0
1764862130.604346,839300,16000,0,0,0
1764862130.6545012,839350,16000,0,0,0
1764862130.704882,839400,16000,0,0,0
1764862130.755254,839450,16000,0,0,0
1764862130.805583,839500,16000,0,0,0
1764862130.855974,839550,16000,0,0,0
1764862130.905098,839600,16000,0,0,0
1764862130.955439,839650,16000,0,0,0
1764862131.005823,839700,16000,0,0,0
1764862131.05598,839750,16000,0,0,0
1764862131.106366,839800,16000,0,0,0
1764862131.156731,839851,16000,0,0,0
1764862131.20711,839901,16000,0,0,0
1764862131.257282,839951,16000,0,0,0
1764862131.307636,840001,16000,0,0,0
1764862131.358006,840051,16000,0,0,0
1764862131.408182,840101,16000,0,0,0
1764862131.457519,840151,16000,0,0,0
1764862131.507874,840201,16000,0,0,0
1764862131.558263,840251,16000,0,0,0
1764862131.6085918,840301,16000,0,0,0
1764862131.658666,840351,16000,0,0,0
1764862131.709096,840401,16000,0,0,0
1764862131.758508,840451,16000,0,0,0
1764862131.808852,840501,16000,0,0,0
1764862131.85904,840551,16000,0,0,0
1764862131.909354,840601,16000,0,0,0
1764862131.959622,840651,16000,0,0,0
1764862132.0099268,840701,16000,0,0,0
1764862132.0592792,840751,16000,0,0,0
1764862132.10964,840801,16000,0,0,0
1764862132.1598258,840851,16000,0,0,0
1764862132.2102568,840901,16000,0,0,0
1764862132.260551,840951,16000,0,0,0
1764862132.3109262,841001,16000,0,0,0
1764862132.360082,841051,16000,0,0,0
1764862132.410398,841101,16000,0,0,0
1764862132.46079,841151,16000,0,0,0
1764862132.511163,841201,16000,0,0,0
1764862132.561343,841251,16000,0,0,0
1764862132.611708,841302,16000,0,0,0
1764862132.662061,841352,16000,0,0,0
1764862132.712445,841402,16000,0,0,0
1764862132.762607,841452,16000,0,0,0
1764862132.8129349,841502,16000,0,0,0
1764862132.863314,841552,16000,0,0,0
1764862132.912643,841602,16000,0,0,0
1764862132.962848,841652,16000,0,0,0
1764862133.013242,841702,16000,0,0,0
1764862133.0635362,841752,16000,0,0,0
1764862133.11392,841802,16000,0,0,0
1764862133.1641119,841852,16000,0,0,0
1764862133.213448,841902,16000,0,0,0
1764862133.263697,841952,16000,0,0,0
1764862133.313975,842002,16000,0,0,0
1764862133.3643441,842052,16000,0,0,0
1764862133.414712,842102,16000,0,0,0
1764862133.465059,842152,16000,0,0,0
1764862133.5142221,842202,16000,0,0,0
1764862133.564574,842252,16000,0,0,0
1764862133.614947,842302,16000,0,0,0
1764862133.665298,842352,16000,0,0,0
1764862133.715443,842402,16000,0,0,0
1764862133.765837,842452,16000,0,0,0
1764862133.815213,842502,16000,0,0,0
1764862133.8654468,842552,16000,0,0,0
1764862133.915642,842602,16000,0,0,0
1764862133.966099,842652,16000,0,0,0
1764862134.016442,842702,16000,0,0,0
1764862134.0656278,842752,16000,0,0,0
1764862134.115985,842802,16000,0,0,0
1764862134.166322,842852,16000,0,0,0
1764862134.216676,842902,16000,0,0,0
1764862134.266866,842952,16000,0,0,0
1764862134.317224,843002,16000,0,0,0
1764862134.36656,843052,16000,0,0,0
1764862134.416925,843102,16000,0,0,0
1764862134.467118,843152,16000,0,0,0
1764862134.517465,843202,16000,0,0,0
1764862134.5677922,843252,16000,0,0,0
1764862134.618206,843302,16000,0,0,0
1764862134.667508,843352,16000,0,0,0
1764862134.717655,843402,16000,0,0,0
1764862134.7679958,843452,16000,0,0,0
1764862134.818232,843502,16000,0,0,0
1764862134.868682,843552,16000,0,0,0
1764862134.91906,843602,16000,0,0,0
1764862134.968212,843652,16000,0,0,0
1764862135.0185668,843702,16000,0,0,0
1764862135.068882,843752,16000,0,0,0
1764862135.119262,843802,16000,0,0,0
1764862135.169427,843852,16000,0,0,0
1764862135.2197812,843902,16000,0,0,0
1764862135.2691221,843952,16000,0,0,0
1764862135.3194811,844002,16000,0,0,0
1764862135.3696508,844052,16000,0,0,0
1764862135.4200299,844102,16000,0,0,0
1764862135.4703722,844152,16000,0,0,0
1764862135.520671,844203,16000,0,0,0
1764862135.5710452,844253,16000,0,0,0
1764862135.621231,844303,16000,0,0,0
1764862135.671563,844353,16000,0,0,0
1764862135.721947,844403,16000,0,0,0
1764862135.7723148,844453,16000,0,0,0
1764862135.821642,844503,16000,0,0,0
1764862135.871828,844553,16000,0,0,0
1764862135.922178,844603,16000,0,0,0
1764862135.972539,844653,16000,0,0,0
1764862136.022899,844703,16000,0,0,0
1764862136.073086,844753,16000,0,0,0
1764862136.122422,844803,16000,0,0,0
1764862136.172766,844853,15937,0,0,0
1764862136.223259,844903,15764,0,0,0
1764862136.2734568,844953,15587,0,0,0
1764862136.323955,845003,15409,0,0,0
1764862136.373902,845053,15231,0,0,0
1764862136.4233012,845103,15056,0,0,0
1764862136.473563,845153,14877,0,0,0
1764862136.5240269,845203,14699,0,0,0
1764862136.574184,845253,14521,0,0,0
1764862136.6246982,845303,14342,0,0,0
1764862136.674904,845353,14164,0,0,0
1764862136.7242072,845403,13989,0,0,0
1764862136.7747269,845453,13811,0,0,0
1764862136.8250592,845503,13633,0,0,0
1764862136.875068,845553,13456,0,0,0
1764862136.925416,845603,13278,0,0,0
1764862136.975627,845654,13100,0,0,0
1764862137.0261,845704,12922,0,0,0
1764862137.0764349,845754,12744,0,0,0
1764862137.126799,845804,12566,0,0,0
1764862137.177166,845854,12388,0,0,0
1764862137.2274802,845904,12210,0,0,0
1764862137.276628,845954,12036,0,0,0
1764862137.3269608,846004,11858,0,0,0
1764862137.377162,846054,11681,0,0,0
1764862137.42765,846104,11503,0,0,0
1764862137.477797,846154,11326,0,0,0
1764862137.528329,846204,11148,0,0,0
1764862137.577645,846254,10974,0,0,0
1764862137.627829,846304,10797,0,0,0
1764862137.678329,846354,10619,0,0,0
1764862137.728492,846404,10442,0,0,0
1764862137.778652,846454,10265,0,0,0
1764862137.82922,846504,10087,0,0,0
1764862137.8785129,846554,9913,0,0,0
1764862137.928534,846604,9736,0,0,0
1764862137.979077,846654,9558,0,0,0
1764862138.029276,846704,9381,0,0,0
1764862138.079608,846754,9203,0,0,0
1764862138.1301398,846804,9025,0,0,0
1764862138.179467,846854,8851,0,0,0
1764862138.229461,846904,8674,0,0,0
1764862138.280001,846954,8496,0,0,0
1764862138.330011,847004,8319,0,0,0
1764862138.380533,847054,8141,0,0,0
1764862138.429667,847104,7967,0,0,0
1764862138.480025,847154,7790,0,0,0
1764862138.530411,847204,7613,0,0,0
1764862138.580734,847254,7436,0,0,0
1764862138.630919,847304,7259,0,0,0
1764862138.681309,847354,7082,0,0,0
1764862138.7307782,847404,6908,0,0,0
1764862138.780989,847454,6731,0,0,0
1764862138.8313248,847504,6554,0,0,0
1764862138.881676,847554,6377,0,0,0
1764862138.9318368,847604,6200,0,0,0
1764862138.9821959,847654,6023,0,0,0
1764862139.031332,847704,5850,0,0,0
1764862139.08186,847754,5672,0,0,0
1764862139.132132,847804,5495,0,0,0
1764862139.182386,847854,5318,0,0,0
1764862139.232738,847904,5141,0,0,0
1764862139.2831109,847954,4964,0,0,0
1764862139.332225,848004,4791,0,0,0
1764862139.382603,848054,4614,0,0,0
1764862139.433116,848104,4436,0,0,0
1764862139.483451,848154,4259,0,0,0
1764862139.533615,848204,4082,0,0,0
1764862139.583958,848254,3905,0,0,0
1764862139.63313,848304,3732,0,0,0
1764862139.683656,848354,3554,0,0,0
1764862139.734022,848404,3377,0,0,0
1764862139.784179,848454,3200,0,0,0
1764862139.834451,848504,3023,0,0,0
1764862139.884716,848555,2846,0,0,0
1764862139.935135,848605,2669,0,0,0
1764862139.9855769,848655,2491,0,0,0
1764862140.035947,848705,2314,0,0,0
1764862140.086113,848755,2137,0,0,0
1764862140.1363,848805,1960,0,0,0
1764862140.185803,848855,1786,0,0,0
1764862140.235887,848905,1609,0,0,0
1764862140.2863271,848955,1432,0,0,0
1764862140.3365068,849005,1255,0,0,0
1764862140.3868642,849055,1078,0,0,0
1764862140.4371939,849105,900,0,0,0
1764862140.48637,849155,727,0,0,0
1764862140.5369148,849205,549,0,0,0
1764862140.587117,849255,372,0,0,0
1764862140.63746,849305,195,0,0,0
1764862140.6877708,849355,17,0,0,0
1764862140.738143,849405,-160,0,0,0
1764862140.787458,849455,-333,0,0,0
1764862140.83768,849505,-511,0,0,0
1764862140.88785,849555,-689,0,0,0
1764862140.938336,849605,-868,0,0,0
1764862140.9887328,849655,-1047,0,0,0
1764862141.0389278,849705,-1225,0,0,0
1764862141.0882628,849755,-1400,0,0,0
1764862141.138644,849805,-1579,0,0,0
1764862141.1888058,849855,-1757,0,0,0
1764862141.239121,849905,-1936,0,0,0
1764862141.289438,849955,-2115,0,0,0
1764862141.339833,850006,-2294,0,0,0
1764862141.389987,850056,-2472,0,0,0
1764862141.440536,850106,-2651,0,0,0
1764862141.490706,850156,-2829,0,0,0
1764862141.54112,850206,-3008,0,0,0
1764862141.591379,850256,-3187,0,0,0
1764862141.6407528,850306,-3362,0,0,0
1764862141.690808,850356,-3540,0,0,0
1764862141.7411551,850406,-3719,0,0,0
1764862141.7916899,850456,-3898,0,0,0
1764862141.842096,850506,-4077,0,0,0
1764862141.892102,850556,-4255,0,0,0
1764862141.9414709,850606,-4430,0,0,0
1764862141.9918342,850656,-4609,0,0,0
1764862142.042196,850706,-4788,0,0,0
1764862142.092541,850756,-4967,0,0,0
1764862142.142905,850806,-5146,0,0,0
1764862142.193117,850856,-5325,0,0,0
1764862142.242346,850906,-5500,0,0,0
1764862142.292619,850956,-5678,0,0,0
1764862142.343168,851006,-5857,0,0,0
1764862142.393158,851056,-6035,0,0,0
1764862142.443707,851106,-6214,0,0,0
1764862142.494095,851156,-6393,0,0,0
1764862142.543328,851206,-6568,0,0,0
1764862142.593426,851256,-6746,0,0,0
1764862142.643759,851306,-6925,0,0,0
1764862142.694135,851356,-7104,0,0,0
1764862142.744481,851406,-7283,0,0,0
1764862142.793886,851456,-7458,0,0,0
1764862142.8440151,851506,-7636,0,0,0
1764862142.894392,851556,-7815,0,0,0
1764862142.944729,851606,-7994,0,0,0
1764862142.995111,851656,-8173,0,0,0
1764862143.045165,851706,-8351,0,0,0
1764862143.094723,851756,-8527,0,0,0
1764862143.144845,851806,-8705,0,0,0
1764862143.195224,851856,-8884,0,0,0
1764862143.2455812,851906,-9063,0,0,0
1764862143.2959402,851956,-9242,0,0,0
1764862143.346326,852006,-9421,0,0,0
1764862143.3954968,852056,-9596,0,0,0
1764862143.4458392,852106,-9775,0,0,0
1764862143.4960861,852156,-9953,0,0,0
1764862143.5464141,852206,-10132,0,0,0
1764862143.596745,852256,-10311,0,0,0
1764862143.646966,852306,-10489,0,0,0
1764862143.696471,852356,-10665,0,0,0
1764862143.746648,852406,-10843,0,0,0
1764862143.7970638,852456,-11022,0,0,0
1764862143.847348,852506,-11201,0,0,0
1764862143.897739,852556,-11380,0,0,0
1764862143.947764,852606,-11558,0,0,0
1764862143.997251,852656,-11734,0,0,0
1764862144.047447,852706,-11912,0,0,0
1764862144.0978189,852756,-12091,0,0,0
1764862144.148062,852806,-12270,0,0,0
1764862144.19838,852856,-12449,0,0,0
1764862144.248756,852907,-12628,0,0,0
1764862144.2990851,852957,-12807,0,0,0
1764862144.349652,853007,-12986,0,0,0
1764862144.39966,853057,-13164,0,0,0
1764862144.450052,853107,-13343,0,0,0
1764862144.5003798,853157,-13522,0,0,0
1764862144.549576,853207,-13697,0,0,0
1764862144.599933,853257,-13876,0,0,0
1764862144.650281,853307,-14055,0,0,0
1764862144.700624,853357,-14234,0,0,0
1764862144.750993,853407,-14413,0,0,0
1764862144.8013551,853457,-14592,0,0,0
1764862144.850504,853507,-14767,0,0,0
1764862144.900894,853557,-14946,0,0,0
1764862144.9510689,853607,-15125,0,0,0
1764862145.001452,853657,-15304,0,0,0
1764862145.0518148,853707,-15483,0,0,0
1764862145.102169,853757,-15660,0,0,0
1764862145.151475,853807,-15835,0,0,0
1764862145.201649,853857,-15977,0,0,0
1764862145.251863,853907,-16000,0,0,0
1764862145.3021839,853957,-16000,0,0,0
1764862145.3525472,854007,-16000,0,0,0
1764862145.402745,854057,-16000,0,0,0
1764862145.452069,854107,-16000,0,0,0
1764862145.502443,854157,-16000,0,0,0
1764862145.552811,854207,-16000,0,0,0
1764862145.603062,854257,-16000,0,0,0
1764862145.6533482,854307,-16000,0,0,0
1764862145.703704,854358,-16000,0,0,0
1764862145.753909,854408,-16000,0,0,0
1764862145.8042822,854458,-16000,0,0,0
1764862145.854634,854508,-16000,0,0,0
1764862145.90506,854558,-16000,0,0,0
1764862145.955179,854608,-16000,0,0,0
1764862146.004534,854658,-16000,0,0,0
1764862146.0548868,854708,-16000,0,0,0
1764862146.105267,854758,-16000,0,0,0
1764862146.155474,854808,-16000,0,0,0
1764862146.2058408,854858,-16000,0,0,0
1764862146.256193,854908,-16000,0,0,0
1764862146.305343,854958,-16000,0,0,0
1764862146.356618,855008,-16000,0,0,0
1764862146.406068,855058,-16000,0,0,0
1764862146.4562821,855108,-16000,0,0,0
1764862146.506638,855158,-16000,0,0,0
1764862146.5570428,855208,-16000,0,0,0
1764862146.606194,855258,-16000,0,0,0
1764862146.6564841,855308,-16000,0,0,0
1764862146.706969,855358,-16000,0,0,0
1764862146.757152,855408,-16000,0,0,0
1764862146.807508,855458,-16000,0,0,0
1764862146.857793,855508,-16000,0,0,0
1764862146.907213,855558,-16000,0,0,0
1764862146.957396,855608,-16000,0,0,0
1764862147.0077708,855658,-16000,0,0,0
1764862147.058136,855708,-16000,0,0,0
1764862147.108333,855758,-16000,0,0,0
1764862147.1576772,855808,-16000,0,0,0
1764862147.208035,855858,-16000,0,0,0
1764862147.2582028,855908,-16000,0,0,0
1764862147.308563,855958,-16000,0,0,0
1764862147.358947,856008,-16000,0,0,0
1764862147.4091442,856058,-16000,0,0,0
1764862147.4584599,856108,-16000,0,0,0
1764862147.5088441,856158,-16000,0,0,0
1764862147.559228,856208,-16000,0,0,0
1764862147.609393,856258,-16000,0,0,0
1764862147.659761,856308,-16000,0,0,0
1764862147.710124,856358,-16000,0,0,0
1764862147.759454,856408,-16000,0,0,0
1764862147.809653,856458,-16000,0,0,0
1764862147.860008,856508,-16000,0,0,0
1764862147.91037,856558,-16000,0,0,0
1764862147.960717,856608,-16000,0,0,0
1764862148.0109088,856658,-16000,0,0,0
1764862148.060256,856708,-16000,0,0,0
1764862148.110464,856758,-16000,0,0,0
1764862148.160835,856808,-16000,0,0,0
1764862148.211196,856858,-16000,0,0,0
1764862148.26139,856908,-16000,0,0,0
1764862148.311789,856958,-16000,0,0,0
1764862148.36112,857008,-16000,0,0,0
1764862148.41135,857058,-16000,0,0,0
1764862148.461699,857108,-16000,0,0,0
1764862148.512088,857158,-16000,0,0,0
1764862148.562266,857208,-16000,0,0,0
1764862148.612661,857259,-16000,0,0,0
1764862148.6630442,857309,-16000,0,0,0
1764862148.713226,857359,-16000,0,0,0
1764862148.7635891,857409,-16000,0,0,0
1764862148.814007,857459,-16000,0,0,0
1764862148.8641741,857509,-16000,0,0,0
1764862148.9135208,857559,-16000,0,0,0
1764862148.963875,857609,-16000,0,0,0
1764862149.014189,857659,-16000,0,0,0
1764862149.064399,857709,-16000,0,0,0
1764862149.114777,857759,-16000,0,0,0
1764862149.16513,857809,-16000,0,0,0
1764862149.214297,857859,-16000,0,0,0
1764862149.264699,857909,-16000,0,0,0
1764862149.315063,857959,-16000,0,0,0
1764862149.36524,858009,-16000,0,0,0
1764862149.41563,858059,-16000,0,0,0
1764862149.4660218,858109,-16000,0,0,0
1764862149.5151439,858159,-16000,0,0,0
1764862149.565541,858209,-16000,0,0,0
1764862149.6158762,858259,-16000,0,0,0
1764862149.6662369,858309,-16000,0,0,0
1764862149.7164118,858359,-16000,0,0,0
1764862149.766773,858409,-16000,0,0,0
1764862149.816122,858459,-16000,0,0,0
1764862149.8664908,858509,-16000,0,0,0
1764862149.916687,858559,-16000,0,0,0
1764862149.967029,858609,-16000,0,0,0
1764862150.017389,858659,-16000,0,0,0
1764862150.067764,858710,-16000,0,0,0
1764862150.118002,858760,-16000,0,0,0
1764862150.168341,858810,-16000,0,0,0
1764862150.2186859,858860,-16000,0,0,0
1764862150.268878,858910,-16000,0,0,0
1764862150.319249,858960,-16000,0,0,0
1764862150.368438,859010,-16000,0,0,0
1764862150.4188008,859060,-16000,0,0,0
1764862150.4691641,859110,-16000,0,0,0
1764862150.51954,859160,-16000,0,0,0
1764862150.569702,859210,-16000,0,0,0
1764862150.620039,859260,-16000,0,0,0
1764862150.6693802,859310,-16000,0,0,0
1764862150.719718,859360,-16000,0,0,0
1764862150.769983,859410,-16000,0,0,0
1764862150.820292,859460,-16000,0,0,0
1764862150.870657,859510,-16000,0,0,0
1764862150.9209971,859560,-16000,0,0,0
1764862150.970165,859610,-16000,0,0,0
1764862151.020531,859660,-16000,0,0,0
1764862151.0708961,859710,-16000,0,0,0
1764862151.121276,859760,-16000,0,0,0
1764862151.1714618,859810,-16000,0,0,0
1764862151.2218199,859860,-16000,0,0,0
1764862151.271188,859910,-16000,0,0,0
1764862151.3213692,859960,-16000,0,0,0
1764862151.3717482,860010,-16000,0,0,0
1764862151.421987,860060,-16000,0,0,0
1764862151.472306,860110,-16000,0,0,0
1764862151.521627,860160,-16000,0,0,0
1764862151.572007,860210,-16000,0,0,0
1764862151.622208,860260,-16000,0,0,0
1764862151.672541,860310,-16000,0,0,0
1764862151.722872,860360,-16000,0,0,0
1764862151.773261,860410,-16000,0,0,0
1764862151.822447,860460,-16000,0,0,0
1764862151.872781,860510,-16000,0,0,0
1764862151.9231591,860560,-16000,0,0,0
1764862151.973373,860610,-16000,0,0,0
1764862152.023724,860660,-16000,0,0,0
1764862152.0740962,860710,-16000,0,0,0
1764862152.1234481,860760,-16000,0,0,0
1764862152.173641,860810,-16000,0,0,0
1764862152.223966,860860,-16000,0,0,0
1764862152.274322,860910,-16000,0,0,0
1764862152.324679,860960,-16000,0,0,0
1764862152.374893,861010,-16000,0,0,0
1764862152.4242141,861060,-16000,0,0,0
1764862152.474584,861110,-16000,0,0,0
1764862152.5247722,861160,-16000,0,0,0
1764862152.575144,861210,-16000,0,0,0
1764862152.6255019,861260,-16000,0,0,0
1764862152.6757078,861310,-16000,0,0,0
1764862152.7250502,861360,-16000,0,0,0
1764862152.775403,861410,-16000,0,0,0
1764862152.82563,861460,-16000,0,0,0
1764862152.875992,861510,-16000,0,0,0
1764862152.9263492,861560,-16000,0,0,0
1764862152.9765701,861611,-16000,0,0,0
1764862153.026932,861661,-16000,0,0,0
1764862153.0773451,861711,-16000,0,0,0
1764862153.1275232,861761,-16000,0,0,0
1764862153.1779351,861811,-16000,0,0,0
1764862153.2282538,861861,-16000,0,0,0
1764862153.277611,861911,-16000,0,0,0
1764862153.327789,861961,-16000,0,0,0
1764862153.3781672,862011,-16000,0,0,0
1764862153.428531,862061,-16000,0,0,0
1764862153.478705,862111,-16000,0,0,0
1764862153.5290492,862161,-16000,0,0,0
1764862153.5784059,862211,-16000,0,0,0
1764862153.6286101,862261,-16000,0,0,0
1764862153.678955,862311,-16000,0,0,0
1764862153.7293508,862361,-16000,0,0,0
1764862153.7795389,862411,-16000,0,0,0
1764862153.8299441,862461,-16000,0,0,0
1764862153.8792572,862511,-16000,0,0,0
1764862153.9296079,862561,-16000,0,0,0
1764862153.979798,862611,-16000,0,0,0
1764862154.030188,862661,-16000,0,0,0
1764862154.0805418,862711,-16000,0,0,0
1764862154.130704,862761,-16000,0,0,0
1764862154.180029,862811,-16000,0,0,0
1764862154.230401,862861,-16000,0,0,0
1764862154.280751,862911,-16000,0,0,0
1764862154.3310988,862961,-16000,0,0,0
1764862154.381464,863011,-15974,0,0,0
1764862154.431608,863062,-15826,0,0,0
1764862154.481964,863112,-15647,0,0,0
1764862154.5325298,863162,-15469,0,0,0
1764862154.582688,863212,-15290,0,0,0
1764862154.632931,863262,-15111,0,0,0
1764862154.683441,863312,-14931,0,0,0
1764862154.732738,863362,-14756,0,0,0
1764862154.783085,863412,-14577,0,0,0
1764862154.833089,863462,-14399,0,0,0
1764862154.883456,863512,-14220,0,0,0
1764862154.933842,863562,-14041,0,0,0
1764862154.984183,863612,-13862,0,0,0
1764862155.033521,863662,-13687,0,0,0
1764862155.0837162,863712,-13509,0,0,0
1764862155.134136,863762,-13330,0,0,0
1764862155.184418,863812,-13152,0,0,0
1764862155.234588,863862,-12974,0,0,0
1764862155.285129,863912,-12795,0,0,0
1764862155.334466,863962,-12620,0,0,0
1764862155.384635,864012,-12442,0,0,0
1764862155.434988,864062,-12263,0,0,0
1764862155.485158,864112,-12085,0,0,0
1764862155.535645,864162,-11906,0,0,0
1764862155.58603,864212,-11728,0,0,0
1764862155.6351948,864262,-11554,0,0,0
1764862155.6855528,864312,-11376,0,0,0
1764862155.735751,864362,-11198,0,0,0
1764862155.786117,864412,-11020,0,0,0
1764862155.836457,864462,-10842,0,0,0
1764862155.88581,864512,-10667,0,0,0
1764862155.9361029,864562,-10489,0,0,0
1764862155.986496,864612,-10311,0,0,0
1764862156.036831,864662,-10133,0,0,0
1764862156.087014,864712,-9955,0,0,0
1764862156.137367,864762,-9777,0,0,0
1764862156.186549,864812,-9603,0,0,0
1764862156.236848,864862,-9425,0,0,0
1764862156.286968,864912,-9247,0,0,0
1764862156.337528,864962,-9068,0,0,0
1764862156.387944,865012,-8890,0,0,0
1764862156.438122,865062,-8712,0,0,0
1764862156.487298,865112,-8538,0,0,0
1764862156.537826,865162,-8359,0,0,0
1764862156.5881732,865212,-8181,0,0,0
1764862156.638339,865262,-8003,0,0,0
1764862156.6886961,865312,-7825,0,0,0
1764862156.739198,865362,-7647,0,0,0
1764862156.7882051,865412,-7474,0,0,0
1764862156.8387258,865462,-7296,0,0,0
1764862156.889065,865512,-7118,0,0,0
1764862156.939248,865562,-6941,0,0,0
1764862156.989609,865612,-6763,0,0,0
1764862157.039778,865662,-6586,0,0,0
1764862157.089138,865712,-6412,0,0,0
1764862157.139494,865762,-6234,0,0,0
1764862157.1898959,865812,-6056,0,0,0
1764862157.240057,865862,-5879,0,0,0
1764862157.2904162,865912,-5701,0,0,0
1764862157.340929,865963,-5523,0,0,0
1764862157.390969,866013,-5346,0,0,0
1764862157.441452,866063,-5168,0,0,0
1764862157.491488,866113,-4991,0,0,0
1764862157.541902,866163,-4813,0,0,0
1764862157.5923462,866213,-4635,0,0,0
1764862157.641653,866263,-4461,0,0,0
1764862157.691871,866313,-4284,0,0,0
1764862157.742204,866363,-4106,0,0,0
1764862157.792546,866413,-3928,0,0,0
1764862157.8427362,866463,-3751,0,0,0
1764862157.8931289,866513,-3573,0,0,0
1764862157.9424489,866563,-3399,0,0,0
1764862157.992812,866613,-3221,0,0,0
1764862158.0431201,866663,-3043,0,0,0
1764862158.0932941,866713,-2866,0,0,0
1764862158.143556,866763,-2688,0,0,0
1764862158.194187,866813,-2510,0,0,0
1764862158.2433531,866863,-2336,0,0,0
1764862158.293674,866913,-2158,0,0,0
1764862158.3438652,866963,-1981,0,0,0
1764862158.394204,867013,-1803,0,0,0
1764862158.444566,867063,-1625,0,0,0
1764862158.494957,867113,-1447,0,0,0
1764862158.5442939,867163,-1273,0,0,0
1764862158.594311,867213,-1096,0,0,0
1764862158.644552,867263,-918,0,0,0
1764862158.695044,867313,-740,0,0,0
1764862158.745388,867363,-562,0,0,0
1764862158.795904,867414,-384,0,0,0
1764862158.846057,867464,-206,0,0,0
1764862158.8961332,867514,-45,0,0,0
1764862158.946571,867564,0,0,0,0
1764862158.996913,867614,0,0,0,0
1764862159.0472908,867664,0,0,0,0
1764862159.09644,867714,0,0,0,0
1764862159.1467462,867764,0,0,0,0
1764862159.1971252,867814,0,0,0,0
1764862159.2474601,867864,0,0,0,0
1764862159.2978618,867914,0,0,0,0
1764862159.3479638,867964,0,0,0,0
1764862159.3972569,868014,0,0,0,0
1764862159.447637,868064,0,0,0,0
1764862159.4978838,868114,0,0,0,0
1764862159.548345,868164,0,0,0,0
1764862159.5985868,868214,0,0,0,0
1764862159.648865,868264,0,0,0,0
1764862159.6982028,868314,0,0,0,0
1764862159.748548,868364,0,0,0,0
1764862159.79893,868414,0,0,0,0
1764862159.849328,868464,0,0,0,0
1764862159.899353,868514,0,0,0,0
1764862159.949783,868564,0,0,0,0
1764862159.9990342,868614,0,0,0,0
1764862160.0494452,868664,0,0,0,0
1764862160.099617,868714,0,0,0,0
1764862160.15,868764,0,0,0,0
1764862160.200335,868814,0,0,0,0
1764862160.24966,868864,0,0,0,0
1764862160.300014,868914,0,0,0,0
1764862160.3502002,868964,0,0,0,0
1764862160.400552,869014,0,0,0,0
1764862160.450906,869064,0,0,0,0
1764862160.5012832,869114,0,0,0,0
1764862160.550439,869164,0,0,0,0
1764862160.600862,869214,0,0,0,0
1764862160.6511621,869264,0,0,0,0
1764862160.701525,869314,0,0,0,0
1764862160.7516968,869364,0,0,0,0
1764862160.802071,869414,0,0,0,0
1764862160.851416,869464,0,0,0,0
1764862160.90156,869514,0,0,0,0
1764862160.951924,869564,0,0,0,0
1764862161.00228,869614,0,0,0,0
1764862161.0525692,869664,0,0,0,0
1764862161.10296,869714,0,0,0,0
1764862161.15215,869764,0,0,0,0
1764862161.2024992,869814,0,0,0,0
1764862161.2528472,869864,0,0,0,0
1764862161.303215,869914,0,0,0,0
1764862161.3533819,869964,0,0,0,0
1764862161.4037728,870014,0,0,0,0
1764862161.453099,870064,0,0,0,0
1764862161.5034828,870114,0,0,0,0
1764862161.553671,870164,0,0,0,0
1764862161.604016,870214,0,0,0,0
1764862161.6543832,870264,0,0,0,0
1764862161.704532,870315,0,0,0,0
1764862161.754943,870365,0,0,0,0
1764862161.8053079,870415,0,0,0,0
1764862161.855675,870465,0,0,0,0
1764862161.905875,870515,0,0,0,0
1764862161.956225,870565,0,0,0,0
1764862162.0053859,870615,0,0,0,0
1764862162.055726,870665,0,0,0,0
1764862162.106118,870715,0,0,0,0
1764862162.156375,870765,0,0,0,0
1764862162.206644,870815,0,0,0,0
1764862162.2570539,870865,0,0,0,0
1764862162.306356,870915,0,0,0,0
1764862162.3567302,870965,0,0,0,0
1764862162.406896,871015,0,0,0,0
1764862162.45728,871065,0,0,0,0
1764862162.50763,871115,0,0,0,0
1764862162.557896,871165,0,0,0,0
1764862162.607179,871215,0,0,0,0
1764862162.65742,871265,0,0,0,0
1764862162.70793,871315,0,0,0,0
1764862162.758116,871365,0,0,0,0
1764862162.808469,871415,0,0,0,0
1764862162.8588312,871465,0,0,0,0
1764862162.908009,871515,0,0,0,0
1764862162.958356,871565,0,0,0,0
1764862163.008724,871615,0,0,0,0
1764862163.058912,871665,0,0,0,0
1764862163.109241,871715,0,0,0,0
1764862163.159636,871766,0,0,0,0
1764862163.209997,871816,0,0,0,0
1764862163.260179,871866,0,0,0,0
1764862163.310555,871916,0,0,0,0
1764862163.3609338,871966,0,0,0,0
1764862163.4111419,872016,0,0,0,0
1764862163.4604852,872066,0,0,0,0
1764862163.5108402,872116,0,0,0,0
1764862163.561089,872166,0,0,0,0
1764862163.611397,872216,0,0,0,0
1764862163.6618,872266,0,0,0,0
1764862163.712105,872316,0,0,0,0
1764862163.761431,872366,0,0,0,0
1764862163.811636,872416,0,0,0,0
1764862163.861993,872466,0,0,0,0
1764862163.912342,872516,0,0,0,0
1764862163.9626958,872566,0,0,0,0
1764862164.012861,872616,0,0,0,0
1764862164.062143,872666,0,0,0,0
1764862164.112567,872716,0,0,0,0
1764862164.1627939,872766,0,0,0,0
1764862164.213137,872816,0,0,0,0
1764862164.263503,872866,0,0,0,0
1764862164.313681,872916,0,0,0,0
1764862164.3630478,872966,0,0,0,0
1764862164.413409,873016,0,0,0,0
1764862164.4637709,873066,0,0,0,0
1764862164.513978,873116,0,0,0,0
1764862164.564318,873166,0,0,0,0
1764862164.613664,873216,0,0,0,0
1764862164.664018,873266,0,0,0,0
1764862164.714208,873316,0,0,0,0
1764862164.764578,873366,0,0,0,0
1764862164.81494,873416,0,0,0,0
1764862164.865181,873466,0,0,0,0
1764862164.914517,873516,0,0,0,0
1764862164.964869,873566,0,0,0,0
1764862165.0151029,873616,0,0,0,0
1764862165.065409,873666,0,0,0,0
1764862165.115697,873716,0,0,0,0
1764862165.1660092,873766,0,0,0,0
1764862165.215339,873816,0,0,0,0
1764862165.265686,873866,0,0,0,0
1764862165.3158772,873916,0,0,0,0
1764862165.366264,873966,0,0,0,0
1764862165.416624,874016,0,0,0,0
1764862165.4668338,874066,0,0,0,0
1764862165.516195,874116,0,0,0,0
1764862165.566515,874166,0,0,0,0
1764862165.6168902,874216,0,0,0,0
1764862165.667053,874266,0,0,0,0
1764862165.7174149,874316,0,0,0,0
1764862165.767748,874366,0,0,0,0
1764862165.817116,874416,0,0,0,0
1764862165.8674781,874466,0,0,0,0
1764862165.9176772,874516,0,0,0,0
1764862165.96803,874566,0,0,0,0
1764862166.0183759,874616,0,0,0,0
1764862166.0685818,874667,0,0,0,0
1764862166.1189408,874717,0,0,0,0
1764862166.1692731,874767,0,0,0,0
1764862166.2196329,874817,0,0,0,0
1764862166.2698398,874867,0,0,0,0
1764862166.3202162,874917,0,0,0,0
1764862166.369535,874967,0,0,0,0
1764862166.419766,875017,0,0,0,0
1764862166.47008,875067,0,0,0,0
1764862166.520444,875117,0,0,0,0
1764862166.5707788,875167,0,0,0,0
1764862166.62096,875217,0,0,0,0
1764862166.6702971,875267,0,0,0,0
1764862166.7206678,875317,0,0,0,0
1764862166.771025,875367,0,0,0,0
1764862166.8212008,875417,0,0,0,0
1764862166.871576,875467,0,0,0,0
1764862166.9219358,875517,0,0,0,0
1764862166.971209,875567,0,0,0,0
1764862167.021465,875617,0,0,0,0
1764862167.071819,875667,0,0,0,0
1764862167.122171,875717,0,0,0,0
1764862167.1725109,875767,0,0,0,0
1764862167.2227478,875817,0,0,0,0
1764862167.272044,875867,0,0,0,0
1764862167.322411,875917,0,0,0,0
1764862167.372589,875967,0,0,0,0
1764862167.422961,876017,0,0,0,0
1764862167.473258,876067,0,0,0,0
1764862167.523668,876118,0,0,0,0
1764862167.5740008,876168,0,0,0,0
1764862167.624172,876218,0,0,0,0
1764862167.674552,876268,0,0,0,0
1764862167.724902,876318,0,0,0,0
1764862167.7752252,876368,0,0,0,0
1764862167.824564,876418,0,0,0,0
1764862167.874718,876468,0,0,0,0
1764862167.92505,876518,0,0,0,0
1764862167.975395,876568,0,0,0,0
1764862168.025864,876618,0,0,0,0
1764862168.0760179,876668,0,0,0,0
1764862168.12534,876718,0,0,0,0
1764862168.1757429,876768,0,0,0,0
1764862168.225997,876818,0,0,0,0
1764862168.276364,876868,0,0,0,0
1764862168.326744,876918,0,0,0,0
1764862168.3769028,876968,0,0,0,0
1764862168.4262311,877018,0,0,0,0
1764862168.476557,877068,0,0,0,0
1764862168.526915,877118,0,0,0,0
1764862168.577087,877168,0,0,0,0
1764862168.627309,877218,0,0,0,0
1764862168.677717,877268,0,0,0,0
1764862168.727158,877318,0,0,0,0
1764862168.7774668,877368,0,0,0,0
1764862168.8276181,877418,0,0,0,0
1764862168.877983,877468,0,0,0,0
1764862168.928336,877518,0,0,0,0
1764862168.977626,877568,0,0,0,0
1764862169.028003,877618,0,0,0,0
1764862169.078233,877668,0,0,0,0
1764862169.12849,877718,0,0,0,0
1764862169.178884,877768,0,0,0,0
1764862169.229208,877818,0,0,0,0
1764862169.278526,877868,0,0,0,0
1764862169.3287191,877918,0,0,0,0
1764862169.379061,877968,0,0,0,0
1764862169.429394,878018,0,0,0,0
1764862169.479722,878068,0,0,0,0
1764862169.5300632,878118,0,0,0,0
1764862169.579402,878168,0,0,0,0
1764862169.629535,878218,0,0,0,0
1764862169.679915,878268,0,0,0,0
1764862169.730261,878318,0,0,0,0
1764862169.7806132,878368,0,0,0,0
1764862169.830863,878418,0,0,0,0
1764862169.88029,878468,0,0,0,0
1764862169.930482,878518,0,0,0,0
1764862169.9808,878568,0,0,0,0
1764862170.0312278,878618,0,0,0,0
1764862170.081556,878668,0,0,0,0
1764862170.131632,878718,0,0,0,0
1764862170.1810591,878768,0,0,0,0
1764862170.2314072,878818,0,0,0,0
1764862170.2816,878868,0,0,0,0
1764862170.331935,878918,0,0,0,0
1764862170.382307,878968,0,0,0,0
1764862170.432718,879019,0,0,0,0
1764862170.482815,879069,0,0,0,0
1764862170.533109,879119,0,0,0,0
1764862170.583498,879169,0,0,0,0
1764862170.6339169,879219,0,0,0,0
1764862170.684117,879269,0,0,0,0
1764862170.7334442,879319,0,0,0,0
1764862170.783825,879369,0,0,0,0
1764862170.834178,879419,0,0,0,0
1764862170.884392,879469,0,0,0,0
1764862170.9347289,879519,0,0,0,0
1764862170.9850821,879569,0,0,0,0
1764862171.0344079,879619,0,0,0,0
1764862171.084757,879669,0,0,0,0
1764862171.1348941,879719,0,0,0,0
1764862171.185272,879769,0,0,0,0
1764862171.235548,879819,0,0,0,0
1764862171.285996,879869,0,0,0,0
1764862171.335156,879919,0,0,0,0
1764862171.3855,879969,0,0,0,0
1764862171.4358752,880019,0,0,0,0
1764862171.486049,880069,0,0,0,0
1764862171.536302,880119,0,0,0,0
1764862171.586751,880169,0,0,0,0
1764862171.63606,880219,0,0,0,0
1764862171.686416,880269,0,0,0,0
1764862171.736778,880319,0,0,0,0
1764862171.786931,880369,0,0,0,0
1764862171.837316,880419,0,0,0,0
1764862171.887709,880470,0,0,0,0
1764862171.9379892,880520,0,0,0,0
1764862171.98834,880570,0,0,0,0
1764862172.038521,880620,0,0,0,0
1764862172.088873,880670,0,0,0,0
1764862172.139195,880720,0,0,0,0
1764862172.18855,880770,0,0,0,0
1764862172.238715,880820,0,0,0,0
1764862172.28911,880870,0,0,0,0
1764862172.339477,880920,0,0,0,0
1764862172.389832,880970,0,0,0,0
1764862172.440027,881020,0,0,0,0
1764862172.489335,881070,0,0,0,0
1764862172.539711,881120,0,0,0,0
1764862172.5900311,881170,0,0,0,0
1764862172.640179,881220,0,0,0,0
1764862172.690536,881270,0,0,0,0
1764862172.7409222,881320,0,0,0,0
1764862172.79022,881370,0,0,0,0
1764862172.84055,881420,0,0,0,0
1764862172.890906,881470,0,0,0,0
1764862172.941077,881520,0,0,0,0
1764862172.9914,881570,0,0,0,0
1764862173.041771,881620,0,0,0,0
1764862173.0910752,881670,0,0,0,0
1764862173.141325,881720,0,0,0,0
1764862173.191772,881770,0,0,0,0
1764862173.241945,881820,0,0,0,0
1764862173.292184,881870,0,0,0,0
1764862173.341663,881920,0,0,0,0
1764862173.391969,881970,0,0,0,0
1764862173.442145,882020,0,0,0,0
1764862173.492491,882070,0,0,0,0
1764862173.542856,882120,0,0,0,0
1764862173.593209,882170,0,0,0,0
1764862173.642504,882220,0,0,0,0
1764862173.6926951,882270,0,0,0,0
1764862173.743052,882320,0,0,0,0
1764862173.793386,882370,0,0,0,0
1764862173.843741,882420,0,0,0,0
1764862173.8940842,882470,0,0,0,0
1764862173.943253,882520,0,0,0,0
1764862173.993595,882570,0,0,0,0
1764862174.0439198,882620,0,0,0,0
1764862174.0942678,882670,0,0,0,0
1764862174.1446269,882720,0,0,0,0
1764862174.1949482,882770,0,0,0,0
1764862174.2440808,882820,0,0,0,0
1764862174.2944279,882870,0,0,0,0
1764862174.3447711,882920,0,0,0,0
1764862174.3951402,882970,0,0,0,0
1764862174.445465,883020,0,0,0,0
1764862174.4956381,883070,0,0,0,0
1764862174.54499,883120,0,0,0,0
1764862174.595327,883170,0,0,0,0
1764862174.645662,883220,0,0,0,0
1764862174.69604,883270,0,0,0,0
1764862174.7462249,883320,0,0,0,0
1764862174.796566,883371,0,0,0,0
1764862174.846934,883421,0,0,0,0
1764862174.897287,883471,0,0,0,0
1764862174.9475021,883521,0,0,0,0
1764862174.997857,883571,0,0,0,0
1764862175.0482821,883621,0,0,0,0
1764862175.097525,883671,0,0,0,0
1764862175.1476932,883721,0,0,0,0
1764862175.1980941,883771,0,0,0,0
1764862175.2484531,883821,0,0,0,0
1764862175.29881,883871,0,0,0,0
1764862175.348989,883921,0,0,0,0
1764862175.398365,883971,0,0,0,0
1764862175.448558,884021,0,0,0,0
1764862175.4989178,884071,0,0,0,0
1764862175.5492768,884121,0,0,0,0
1764862175.599493,884171,0,0,0,0
1764862175.649844,884221,0,0,0,0
1764862175.69917,884271,0,0,0,0
1764862175.749564,884321,0,0,0,0
1764862175.799747,884371,0,0,0,0
1764862175.850106,884421,0,0,0,0
1764862175.9004889,884471,0,0,0,0
1764862175.95069,884521,0,0,0,0
1764862176.000041,884571,0,0,0,0
1764862176.0503218,884621,0,0,0,0
1764862176.1007628,884671,0,0,0,0
1764862176.150941,884721,0,0,0,0
1764862176.201335,884771,0,0,0,0
1764862176.2516859,884822,0,0,0,0
1764862176.3018901,884872,0,0,0,0
1764862176.3522618,884922,0,0,0,0
1764862176.402632,884972,0,0,0,0
1764862176.452956,885022,0,0,0,0
1764862176.5031621,885072,0,0,0,0
1764862176.552476,885122,0,0,0,0
1764862176.602842,885172,0,0,0,0
1764862176.6530318,885222,0,0,0,0
1764862176.703419,885272,0,0,0,0
1764862176.753792,885322,0,0,0,0
1764862176.803992,885372,0,0,0,0
1764862176.853323,885422,0,0,0,0
1764862176.903691,885472,0,0,0,0
1764862176.953865,885522,0,0,0,0
1764862177.004242,885572,0,0,0,0
1764862177.0546181,885622,0,0,0,0
1764862177.1049569,885672,0,0,0,0
1764862177.154148,885722,0,0,0,0
1764862177.2045052,885772,0,0,0,0
1764862177.254864,885822,0,0,0,0
1764862177.305235,885872,0,0,0,0
1764862177.355423,885922,0,0,0,0
1764862177.405718,885972,0,0,0,0
1764862177.455144,886022,0,0,0,0
1764862177.505323,886072,0,0,0,0
1764862177.555732,886122,0,0,0,0
1764862177.60603,886172,0,0,0,0
1764862177.6563861,886222,0,0,0,0
1764862177.705591,886272,0,0,0,0
1764862177.75592,886322,0,0,0,0
1764862177.806255,886372,0,0,0,0
1764862177.85645,886422,0,0,0,0
1764862177.906803,886472,0,0,0,0
1764862177.9571898,886522,0,0,0,0
1764862178.0064452,886572,0,0,0,0
1764862178.0567198,886622,0,0,0,0
1764862178.1070871,886672,0,0,0,0
1764862178.15745,886722,0,0,0,0
1764862178.207647,886772,0,0,0,0
1764862178.257998,886822,0,0,0,0
1764862178.307332,886872,0,0,0,0
1764862178.3577,886922,0,0,0,0
1764862178.408042,886972,0,0,0,0
1764862178.458247,887022,0,0,0,0
1764862178.50861,887072,0,0,0,0
1764862178.5589828,887122,0,0,0,0
1764862178.608154,887172,0,0,0,0
1764862178.6585212,887222,0,0,0,0
1764862178.708704,887272,0,0,0,0
1764862178.759089,887322,0,0,0,0
1764862178.809453,887372,0,0,0,0
1764862178.85967,887422,0,0,0,0
1764862178.9089952,887472,0,0,0,0
1764862178.9593751,887522,0,0,0,0
1764862179.009737,887572,0,0,0,0
1764862179.059947,887622,0,0,0,0
1764862179.110312,887672,0,0,0,0
1764862179.160656,887723,0,0,0,0
1764862179.2108421,887773,0,0,0,0
1764862179.261259,887823,0,0,0,0
1764862179.311619,887873,0,0,0,0
1764862179.361823,887923,0,0,0,0
1764862179.412179,887973,0,0,0,0
1764862179.461594,888023,0,0,0,0
1764862179.51175,888073,0,0,0,0
1764862179.562121,888123,0,0,0,0
1764862179.612492,888173,0,0,0,0
1764862179.662694,888223,0,0,0,0
1764862179.7130308,888273,0,0,0,0
1764862179.762298,888323,0,0,0,0
1764862179.81258,888373,0,0,0,0
1764862179.8629582,888423,0,0,0,0
1764862179.913312,888473,0,0,0,0
1764862179.963506,888523,0,0,0,0
1764862180.013869,888573,0,0,0,0
1764862180.063212,888623,0,0,0,0
1764862180.1134279,888673,0,0,0,0
1764862180.163789,888723,0,0,0,0
1764862180.2141361,888773,0,0,0,0
1764862180.2645812,888823,0,0,0,0
1764862180.3147001,888873,0,0,0,0
1764862180.36405,888923,0,0,0,0
1764862180.414407,888973,0,0,0,0
1764862180.4647481,889023,0,0,0,0
1764862180.514941,889073,0,0,0,0
1764862180.565286,889123,0,0,0,0
1764862180.615646,889174,0,0,0,0
1764862180.6660302,889224,0,0,0,0
1764862180.716219,889274,0,0,0,0
1764862180.7665799,889324,0,0,0,0
1764862180.816938,889374,0,0,0,0
1764862180.867148,889424,0,0,0,0
1764862180.916492,889474,0,0,0,0
1764862180.9668522,889524,0,0,0,0
1764862181.017071,889574,0,0,0,0
1764862181.067422,889624,0,0,0,0
1764862181.117805,889674,0,0,0,0
1764862181.167989,889724,0,0,0,0
1764862181.217334,889774,0,0,0,0
1764862181.267679,889824,0,0,0,0
1764862181.317879,889874,0,0,0,0
1764862181.368254,889924,0,0,0,0
1764862181.4186308,889974,0,0,0,0
1764862181.468993,890024,0,0,0,0
1764862181.5181582,890074,0,0,0,0
1764862181.568558,890124,0,0,0,0
1764862181.618881,890174,0,0,0,0
1764862181.6690729,890224,0,0,0,0
1764862181.719438,890274,0,0,0,0
1764862181.76977,890324,0,0,0,0
1764862181.818943,890374,0,0,0,0
1764862181.869292,890424,0,0,0,0
1764862181.919582,890474,0,0,0,0
1764862181.9700348,890524,0,0,0,0
1764862182.0202298,890574,0,0,0,0
1764862182.06956,890624,0,0,0,0
1764862182.119926,890674,0,0,0,0
1764862182.170284,890724,0,0,0,0
1764862182.220494,890774,0,0,0,0
1764862182.270871,890824,0,0,0,0
1764862182.3212311,890874,0,0,0,0
1764862182.37057,890924,0,0,0,0
1764862182.420782,890974,0,0,0,0
1764862182.471135,891024,0,0,0,0
1764862182.5215518,891074,0,0,0,0
1764862182.5716789,891124,0,0,0,0
1764862182.622045,891174,0,0,0,0
1764862182.671218,891224,0,0,0,0
1764862182.721559,891274,0,0,0,0
1764862182.771959,891324,0,0,0,0
1764862182.8222961,891374,0,0,0,0
1764862182.8725388,891424,0,0,0,0
1764862182.922858,891474,0,0,0,0
1764862182.972221,891524,0,0,0,0
1764862183.022398,891574,0,0,0,0
1764862183.072777,891624,0,0,0,0
1764862183.12315,891674,0,0,0,0
1764862183.1735392,891724,0,0,0,0
1764862183.22369,891774,0,0,0,0
1764862183.273054,891824,0,0,0,0
1764862183.3233888,891874,0,0,0,0
1764862183.373775,891924,0,0,0,0
1764862183.4239502,891974,0,0,0,0
1764862183.474317,892024,0,0,0,0
1764862183.524682,892075,0,0,0,0
1764862183.57487,892125,0,0,0,0
1764862183.625212,892175,0,0,0,0
1764862183.675541,892225,0,0,0,0
1764862183.725914,892275,0,0,0,0
1764862183.776118,892325,0,0,0,0
1764862183.825452,892375,0,0,0,0
1764862183.8758411,892425,0,0,0,0
1764862183.926018,892475,0,0,0,0
1764862183.976385,892525,0,0,0,0
1764862184.0267851,892575,0,0,0,0
1764862184.0769029,892625,0,0,0,0
1764862184.126312,892675,0,0,0,0
1764862184.176704,892725,0,0,0,0
1764862184.226881,892775,0,0,0,0
1764862184.277245,892825,0,0,0,0
1764862184.32761,892875,0,0,0,0
1764862184.377821,892925,0,0,0,0
1764862184.42718,892975,0,0,0,0
1764862184.4775229,893025,0,0,0,0
1764862184.5277581,893075,0,0,0,0
1764862184.578242,893125,0,0,0,0
1764862184.628427,893175,0,0,0,0
1764862184.678781,893225,0,0,0,0
1764862184.727938,893275,0,0,0,0
1764862184.778286,893325,0,0,0,0
1764862184.82862,893375,0,0,0,0
1764862184.879002,893425,0,0,0,0
1764862184.9293609,893475,0,0,0,0
1764862184.979554,893526,0,0,0,0
1764862185.029886,893576,0,0,0,0
1764862185.080252,893626,0,0,0,0
1764862185.130516,893676,0,0,0,0
1764862185.18083,893726,0,0,0,0
1764862185.2311769,893776,0,0,0,0
1764862185.280541,893826,0,0,0,0
1764862185.330809,893876,0,0,0,0
1764862185.381087,893926,0,0,0,0
1764862185.431496,893976,0,0,0,0
1764862185.481806,894026,0,0,0,0
1764862185.5320342,894076,0,0,0,0
1764862185.581365,894126,0,0,0,0
1764862185.6317298,894176,0,0,0,0
1764862185.681946,894226,0,0,0,0
1764862185.732193,894276,0,0,0,0
1764862185.782699,894326,0,0,0,0
1764862185.832865,894376,0,0,0,0
1764862185.8822122,894426,0,0,0,0
1764862185.932399,894476,0,0,0,0
1764862185.982768,894526,0,0,0,0
1764862186.0331478,894576,0,0,0,0
1764862186.0835059,894626,0,0,0,0
1764862186.133664,894676,0,0,0,0
1764862186.183017,894726,0,0,0,0
1764862186.233394,894776,0,0,0,0
1764862186.283648,894826,0,0,0,0
1764862186.333836,894876,0,0,0,0
1764862186.3843288,894926,0,0,0,0
1764862186.433674,894976,0,0,0,0
1764862186.4837859,895026,0,0,0,0
1764862186.534366,895076,0,0,0,0
1764862186.584578,895126,0,0,0,0
1764862186.634945,895176,0,0,0,0
1764862186.6860712,895226,0,0,0,0
1764862186.734494,895276,0,0,0,0
1764862186.784808,895326,0,0,0,0
1764862186.8351538,895376,0,0,0,0
1764862186.885338,895426,0,0,0,0
1764862186.935593,895476,0,0,0,0
1764862186.9860659,895526,0,0,0,0
1764862187.035221,895576,0,0,0,0
1764862187.0855901,895626,0,0,0,0
1764862187.135852,895676,0,0,0,0
1764862187.1863139,895726,0,0,0,0
1764862187.236507,895776,0,0,0,0
1764862187.286861,895826,0,0,0,0
1764862187.336318,895876,-10,0,0,0
1764862187.386564,895926,-133,0,0,0
1764862187.4368699,895976,-315,0,0,0
1764862187.487127,896026,-495,0,0,0
1764862187.537478,896076,-675,0,0,0
1764862187.5879848,896126,-856,0,0,0
1764862187.6370518,896176,-1032,0,0,0
1764862187.687513,896226,-1212,0,0,0
1764862187.7377348,896276,-1391,0,0,0
1764862187.7880561,896326,-1571,0,0,0
1764862187.838367,896376,-1751,0,0,0
1764862187.888632,896427,-1930,0,0,0
1764862187.93893,896477,-2110,0,0,0
1764862187.989353,896527,-2289,0,0,0
1764862188.039545,896577,-2468,0,0,0
1764862188.0900538,896627,-2648,0,0,0
1764862188.140244,896677,-2827,0,0,0
1764862188.189472,896727,-3002,0,0,0
1764862188.2418618,896777,-3182,0,0,0
1764862188.290146,896827,-3361,0,0,0
1764862188.3403678,896877,-3540,0,0,0
1764862188.390902,896927,-3720,0,0,0
1764862188.441108,896977,-3899,0,0,0
1764862188.490463,897027,-4075,0,0,0
1764862188.540803,897077,-4254,0,0,0
1764862188.5909371,897127,-4432,0,0,0
1764862188.6413682,897177,-4611,0,0,0
1764862188.691751,897227,-4790,0,0,0
1764862188.742081,897277,-4969,0,0,0
1764862188.791258,897327,-5144,0,0,0
1764862188.841611,897377,-5323,0,0,0
1764862188.891968,897427,-5502,0,0,0
1764862188.942153,897477,-5680,0,0,0
1764862188.992539,897527,-5859,0,0,0
1764862189.0428731,897577,-6038,0,0,0
1764862189.09197,897627,-6213,0,0,0
1764862189.142421,897677,-6392,0,0,0
1764862189.192748,897727,-6571,0,0,0
1764862189.243057,897777,-6750,0,0,0
1764862189.293296,897827,-6929,0,0,0
1764862189.3437572,897878,-7108,0,0,0
1764862189.3940842,897928,-7287,0,0,0
1764862189.444451,897978,-7466,0,0,0
1764862189.494648,898028,-7645,0,0,0
1764862189.545054,898078,-7824,0,0,0
1764862189.595244,898128,-8003,0,0,0
1764862189.644586,898178,-8178,0,0,0
1764862189.6947699,898228,-8356,0,0,0
1764862189.745318,898278,-8535,0,0,0
1764862189.795468,898328,-8713,0,0,0
1764862189.845702,898378,-8891,0,0,0
1764862189.896257,898428,-9070,0,0,0
1764862189.945239,898478,-9244,0,0,0
1764862189.995807,898528,-9423,0,0,0
1764862190.045981,898578,-9601,0,0,0
1764862190.096498,898628,-9780,0,0,0
1764862190.146667,898678,-9958,0,0,0
1764862190.197061,898728,-10137,0,0,0
1764862190.246212,898778,-10311,0,0,0
1764862190.296609,898828,-10490,0,0,0
1764862190.346978,898878,-10669,0,0,0
1764862190.3973382,898928,-10847,0,0,0
1764862190.4474308,898978,-11025,0,0,0
1764862190.497752,899028,-11203,0,0,0
1764862190.547028,899078,-11378,0,0,0
1764862190.597397,899128,-11557,0,0,0
1764862190.647659,899178,-11735,0,0,0
1764862190.698234,899228,-11914,0,0,0
1764862190.74842,899278,-12092,0,0,0
1764862190.797636,899328,-12267,0,0,0
1764862190.847766,899378,-12445,0,0,0
1764862190.898431,899428,-12624,0,0,0
1764862190.9487739,899478,-12803,0,0,0
1764862190.998975,899528,-12981,0,0,0
1764862191.049363,899578,-13160,0,0,0
1764862191.098546,899628,-13334,0,0,0
1764862191.1489239,899678,-13513,0,0,0
1764862191.199147,899728,-13691,0,0,0
1764862191.249494,899778,-13870,0,0,0
1764862191.299861,899828,-14049,0,0,0
1764862191.3500748,899878,-14227,0,0,0
1764862191.399441,899928,-14402,0,0,0
1764862191.4498181,899978,-14581,0,0,0
1764862191.500009,900028,-14759,0,0,0
1764862191.5504289,900078,-14938,0,0,0
1764862191.6005828,900128,-15116,0,0,0
1764862191.651111,900178,-15295,0,0,0
1764862191.7002938,900228,-15470,0,0,0
1764862191.75068,900278,-15649,0,0,0
1764862191.8008819,900328,-15827,0,0,0
1764862191.851053,900378,-15973,0,0,0
1764862191.901379,900428,-16000,0,0,0
1764862191.951773,900478,-16000,0,0,0
1764862192.0009952,900528,-16000,0,0,0
1764862192.051336,900578,-16000,0,0,0
1764862192.101718,900628,-16000,0,0,0
1764862192.151924,900678,-16000,0,0,0
1764862192.202317,900728,-16000,0,0,0
1764862192.252529,900779,-16000,0,0,0
1764862192.302898,900829,-16000,0,0,0
1764862192.3532631,900879,-16000,0,0,0
1764862192.403467,900929,-16000,0,0,0
1764862192.453829,900979,-16000,0,0,0
1764862192.5041122,901029,-16000,0,0,0
1764862192.5533922,901079,-16000,0,0,0
1764862192.603733,901129,-16000,0,0,0
1764862192.654121,901179,-16000,0,0,0
1764862192.70448,901229,-16000,0,0,0
1764862192.7546601,901279,-16000,0,0,0
1764862192.805057,901329,-16000,0,0,0
1764862192.854398,901379,-16000,0,0,0
1764862192.904594,901429,-16000,0,0,0
1764862192.954962,901479,-16000,0,0,0
1764862193.005302,901529,-16000,0,0,0
1764862193.055517,901579,-16000,0,0,0
1764862193.1058922,901629,-16000,0,0,0
1764862193.155187,901679,-16000,0,0,0
1764862193.2054248,901729,-16000,0,0,0
1764862193.25571,901779,-16000,0,0,0
1764862193.306092,901829,-16000,0,0,0
1764862193.356444,901879,-16000,0,0,0
1764862193.406656,901929,-16000,0,0,0
1764862193.45599,901979,-16000,0,0,0
1764862193.506419,902029,-16000,0,0,0
1764862193.556716,902079,-16000,0,0,0
1764862193.6069162,902129,-16000,0,0,0
1764862193.657171,902179,-16000,0,0,0
1764862193.7076201,902230,-16000,0,0,0
1764862193.757951,902280,-16000,0,0,0
1764862193.80816,902330,-16000,0,0,0
1764862193.8585331,902380,-16000,0,0,0
1764862193.9089012,902430,-16000,0,0,0
1764862193.959096,902480,-16000,0,0,0
1764862194.008438,902530,-16000,0,0,0
1764862194.058793,902580,-16000,0,0,0
1764862194.109144,902630,-16000,0,0,0
1764862194.159371,902680,-16000,0,0,0
1764862194.209738,902730,-16000,0,0,0
1764862194.260085,902780,-16000,0,0,0
1764862194.309269,902830,-16000,0,0,0
1764862194.359638,902880,-16000,0,0,0
1764862194.409832,902930,-16000,0,0,0
1764862194.460209,902980,-16000,0,0,0
1764862194.510605,903030,-16000,0,0,0
1764862194.560947,903080,-16000,0,0,0
1764862194.6101198,903130,-16000,0,0,0
1764862194.660505,903180,-16000,0,0,0
1764862194.7108328,903230,-16000,0,0,0
1764862194.76103,903280,-16000,0,0,0
1764862194.811402,903330,-16000,0,0,0
1764862194.861755,903380,-16000,0,0,0
1764862194.9111118,903430,-16000,0,0,0
1764862194.9613702,903480,-16000,0,0,0
1764862195.01166,903530,-16000,0,0,0
1764862195.062042,903580,-16000,0,0,0
1764862195.1122282,903630,-16000,0,0,0
1764862195.1616,903680,-16000,0,0,0
1764862195.211978,903730,-16000,0,0,0
1764862195.2621682,903780,-16000,0,0,0
1764862195.312543,903830,-16000,0,0,0
1764862195.362933,903880,-16000,0,0,0
1764862195.4131122,903930,-16000,0,0,0
1764862195.462508,903980,-16000,0,0,0
1764862195.512682,904030,-16000,0,0,0
1764862195.563086,904080,-16000,0,0,0
1764862195.6134331,904130,-16000,0,0,0
1764862195.663614,904180,-16000,0,0,0
1764862195.713988,904230,-16000,0,0,0
1764862195.763333,904280,-16000,0,0,0
1764862195.8135219,904330,-16000,0,0,0
1764862195.863907,904380,-16000,0,0,0
1764862195.9142861,904430,-16000,0,0,0
1764862195.96447,904480,-16000,0,0,0
1764862196.0148458,904530,-16000,0,0,0
1764862196.064182,904580,-16000,0,0,0
1764862196.114528,904630,-16000,0,0,0
1764862196.164747,904680,-16000,0,0,0
1764862196.2150972,904730,-16000,0,0,0
1764862196.2654269,904780,-16000,0,0,0
1764862196.315798,904830,-16000,0,0,0
1764862196.3649862,904880,-16000,0,0,0
1764862196.415339,904930,-16000,0,0,0
1764862196.465558,904980,-16000,0,0,0
1764862196.515907,905030,-16000,0,0,0
1764862196.566278,905080,-16000,0,0,0
1764862196.6166348,905131,-16000,0,0,0
1764862196.666809,905181,-16000,0,0,0
1764862196.717209,905231,-16000,0,0,0
1764862196.767552,905281,-16000,0,0,0
1764862196.817763,905331,-16000,0,0,0
1764862196.868129,905381,-16000,0,0,0
1764862196.917474,905431,-16000,0,0,0
1764862196.967647,905481,-16000,0,0,0
1764862197.018039,905531,-16000,0,0,0
1764862197.068392,905581,-16000,0,0,0
1764862197.118747,905631,-16000,0,0,0
1764862197.16893,905681,-16000,0,0,0
1764862197.218281,905731,-16000,0,0,0
1764862197.268611,905781,-16000,0,0,0
1764862197.318995,905831,-16000,0,0,0
1764862197.369343,905881,-16000,0,0,0
1764862197.419539,905931,-16000,0,0,0
1764862197.469892,905981,-16000,0,0,0
1764862197.519223,906031,-16000,0,0,0
1764862197.569412,906081,-16000,0,0,0
1764862197.619754,906131,-16000,0,0,0
1764862197.670088,906181,-16000,0,0,0
1764862197.720454,906231,-16000,0,0,0
1764862197.770655,906281,-16000,0,0,0
1764862197.8199732,906331,-16000,0,0,0
1764862197.8702831,906381,-16000,0,0,0
1764862197.920697,906431,-16000,0,0,0
1764862197.971031,906481,-16000,0,0,0
1764862198.02123,906531,-16000,0,0,0
1764862198.071599,906582,-16000,0,0,0
1764862198.1219609,906632,-16000,0,0,0
1764862198.172153,906682,-16000,0,0,0
1764862198.222522,906732,-16000,0,0,0
1764862198.272872,906782,-16000,0,0,0
1764862198.323214,906832,-16000,0,0,0
1764862198.3723571,906882,-16000,0,0,0
1764862198.422749,906932,-16000,0,0,0
1764862198.4731221,906982,-16000,0,0,0
1764862198.5234802,907032,-16000,0,0,0
1764862198.5737011,907082,-16000,0,0,0
1764862198.6240451,907132,-16000,0,0,0
1764862198.673215,907182,-16000,0,0,0
1764862198.723613,907232,-16000,0,0,0
1764862198.773959,907282,-16000,0,0,0
1764862198.824317,907332,-16000,0,0,0
1764862198.874499,907382,-16000,0,0,0
1764862198.924871,907432,-16000,0,0,0
1764862198.974206,907482,-16000,0,0,0
1764862199.024433,907532,-16000,0,0,0
1764862199.074784,907582,-16000,0,0,0
1764862199.125139,907632,-16000,0,0,0
1764862199.175338,907682,-16000,0,0,0
1764862199.225719,907732,-16000,0,0,0
1764862199.275075,907782,-16000,0,0,0
1764862199.325388,907832,-16000,0,0,0
1764862199.375594,907882,-16000,0,0,0
1764862199.425946,907932,-16000,0,0,0
1764862199.47629,907982,-16000,0,0,0
1764862199.525453,908032,-16000,0,0,0
1764862199.5758111,908082,-16000,0,0,0
1764862199.6261718,908132,-16000,0,0,0
1764862199.676542,908182,-16000,0,0,0
1764862199.726708,908232,-16000,0,0,0
1764862199.777086,908282,-16000,0,0,0
1764862199.826325,908332,-16000,0,0,0
1764862199.8768,908382,-16000,0,0,0
1764862199.927573,908432,-16000,0,0,0
1764862199.9773161,908482,-16000,0,0,0
1764862200.0277052,908532,-16000,0,0,0
1764862200.0780602,908582,-16000,0,0,0
1764862200.1272352,908632,-16000,0,0,0
1764862200.177612,908682,-16000,0,0,0
1764862200.227981,908732,-16000,0,0,0
1764862200.278168,908782,-16000,0,0,0
1764862200.328512,908832,-16000,0,0,0
1764862200.378866,908882,-16000,0,0,0
1764862200.428065,908932,-16000,0,0,0
1764862200.47839,908982,-16000,0,0,0
1764862200.5287821,909032,-16000,0,0,0
1764862200.5791218,909082,-16000,0,0,0
1764862200.629268,909132,-16000,0,0,0
1764862200.679669,909182,-16000,0,0,0
1764862200.7289972,909232,-16000,0,0,0
1764862200.779376,909282,-16000,0,0,0
1764862200.8295648,909332,-16000,0,0,0
1764862200.879924,909382,-16000,0,0,0
1764862200.930281,909432,-16000,0,0,0
1764862200.980463,909483,-16000,0,0,0
1764862201.0308428,909533,-16000,0,0,0
1764862201.081184,909583,-16000,0,0,0
1764862201.1315641,909633,-16000,0,0,0
1764862201.181771,909683,-16000,0,0,0
1764862201.232157,909733,-16000,0,0,0
1764862201.281479,909783,-16000,0,0,0
1764862201.33166,909833,-16000,0,0,0
1764862201.382045,909883,-16000,0,0,0
1764862201.432419,909933,-16000,0,0,0
1764862201.482603,909983,-16000,0,0,0
1764862201.532985,910033,-16000,0,0,0
1764862201.582324,910083,-16000,0,0,0
1764862201.632519,910133,-16000,0,0,0
1764862201.682879,910183,-16000,0,0,0
1764862201.7332249,910233,-16000,0,0,0
1764862201.7834508,910283,-16000,0,0,0
1764862201.833815,910333,-16000,0,0,0
1764862201.883185,910383,-16000,0,0,0
1764862201.933384,910433,-16000,0,0,0
1764862201.9837089,910483,-16000,0,0,0
1764862202.034137,910533,-16000,0,0,0
1764862202.084337,910583,-16000,0,0,0
1764862202.13468,910633,-16000,0,0,0
1764862202.184034,910683,-16000,0,0,0
1764862202.234283,910733,-16000,0,0,0
1764862202.284598,910783,-16000,0,0,0
1764862202.334937,910833,-16000,0,0,0
1764862202.3852968,910883,-16000,0,0,0
1764862202.43568,910934,-16000,0,0,0
1764862202.4858382,910984,-16000,0,0,0
1764862202.536203,911034,-16000,0,0,0
1764862202.586525,911084,-16000,0,0,0
1764862202.636867,911134,-16000,0,0,0
1764862202.6872718,911184,-16000,0,0,0
1764862202.7363899,911234,-16000,0,0,0
1764862202.786747,911284,-16000,0,0,0
1764862202.83708,911334,-16000,0,0,0
1764862202.887281,911384,-16000,0,0,0
1764862202.937623,911434,-16000,0,0,0
1764862202.987977,911484,-16000,0,0,0
1764862203.03735,911534,-16000,0,0,0
1764862203.08754,911584,-16000,0,0,0
1764862203.137934,911634,-16000,0,0,0
1764862203.1882958,911684,-16000,0,0,0
1764862203.238503,911734,-16000,0,0,0
1764862203.288851,911784,-16000,0,0,0
1764862203.338177,911834,-16000,0,0,0
1764862203.388515,911884,-16000,0,0,0
1764862203.438733,911934,-16000,0,0,0
1764862203.489084,911984,-16000,0,0,0
1764862203.5394719,912034,-16000,0,0,0
1764862203.589637,912084,-16000,0,0,0
1764862203.6390011,912134,-16000,0,0,0
1764862203.6893451,912184,-16000,0,0,0
1764862203.7395499,912234,-16000,0,0,0
1764862203.7899232,912284,-16000,0,0,0
1764862203.840263,912334,-16000,0,0,0
1764862203.889438,912384,-16000,0,0,0
1764862203.939799,912434,-16000,0,0,0
1764862203.99016,912484,-16000,0,0,0
1764862204.040548,912534,-16000,0,0,0
1764862204.090742,912584,-16000,0,0,0
1764862204.14112,912634,-16000,0,0,0
1764862204.190444,912684,-16000,0,0,0
1764862204.2406552,912734,-16000,0,0,0
1764862204.2910268,912784,-16000,0,0,0
1764862204.3413749,912834,-16000,0,0,0
1764862204.391605,912884,-16000,0,0,0
1764862204.44199,912934,-16000,0,0,0
1764862204.491324,912984,-16000,0,0,0
1764862204.541429,913034,-16000,0,0,0
1764862204.591894,913084,-16000,0,0,0
1764862204.64226,913134,-16000,0,0,0
1764862204.692441,913184,-16000,0,0,0
1764862204.742811,913234,-16000,0,0,0
1764862204.792156,913284,-16000,0,0,0
1764862204.8423529,913334,-16000,0,0,0
1764862204.893328,913384,-16000,0,0,0
1764862204.943106,913434,-16000,0,0,0
1764862204.9933062,913484,-16000,0,0,0
1764862205.043694,913534,-16000,0,0,0
1764862205.09306,913584,-16000,0,0,0
1764862205.1432672,913634,-16000,0,0,0
1764862205.193616,913684,-16000,0,0,0
1764862205.24385,913734,-16000,0,0,0
1764862205.294253,913784,-16000,0,0,0
1764862205.3445702,913835,-16000,0,0,0
1764862205.3949509,913885,-16000,0,0,0
1764862205.445069,913935,-16000,0,0,0
1764862205.4954932,913985,-16000,0,0,0
1764862205.545859,914035,-16000,0,0,0
1764862205.596201,914085,-16000,0,0,0
1764862205.645358,914135,-16000,0,0,0
1764862205.695743,914185,-16000,0,0,0
1764862205.746124,914235,-16000,0,0,0
1764862205.79631,914285,-16000,0,0,0
1764862205.84664,914335,-16000,0,0,0
1764862205.896998,914385,-16000,0,0,0
1764862205.946203,914435,-16000,0,0,0
1764862205.996536,914485,-16000,0,0,0
1764862206.046914,914535,-16000,0,0,0
1764862206.097267,914585,-16000,0,0,0
1764862206.147477,914635,-16000,0,0,0
1764862206.197835,914685,-16000,0,0,0
1764862206.247225,914735,-16000,0,0,0
1764862206.297399,914785,-16000,0,0,0
1764862206.347761,914835,-16000,0,0,0
1764862206.398138,914885,-16000,0,0,0
1764862206.44836,914935,-16000,0,0,0
1764862206.498708,914985,-16000,0,0,0
1764862206.548044,915035,-16000,0,0,0
1764862206.598252,915085,-16000,0,0,0
1764862206.648586,915135,-16000,0,0,0
1764862206.698973,915185,-16000,0,0,0
1764862206.749215,915235,-16000,0,0,0
1764862206.799544,915286,-16000,0,0,0
1764862206.849874,915336,-16000,0,0,0
1764862206.9002671,915386,-16000,0,0,0
1764862206.95047,915436,-16000,0,0,0
1764862207.000837,915486,-16000,0,0,0
1764862207.0510569,915536,-16000,0,0,0
1764862207.100398,915586,-16000,0,0,0
1764862207.150752,915636,-16000,0,0,0
1764862207.200943,915686,-16000,0,0,0
1764862207.251323,915736,-16000,0,0,0
1764862207.301661,915786,-16000,0,0,0
1764862207.35201,915836,-16000,0,0,0
1764862207.401193,915886,-16000,0,0,0
1764862207.4515681,915936,-16000,0,0,0
1764862207.501917,915986,-16000,0,0,0
1764862207.552205,916036,-16000,0,0,0
1764862207.6024551,916086,-16000,0,0,0
1764862207.6528618,916136,-16000,0,0,0
1764862207.702228,916186,-16000,0,0,0
1764862207.752424,916236,-16000,0,0,0
1764862207.802782,916286,-16000,0,0,0
1764862207.8531861,916336,-16000,0,0,0
1764862207.903336,916386,-16000,0,0,0
1764862207.95371,916436,-16000,0,0,0
1764862208.0028648,916486,-16000,0,0,0
1764862208.053258,916536,-16000,0,0,0
1764862208.103601,916586,-16000,0,0,0
1764862208.153985,916636,-16000,0,0,0
1764862208.204166,916686,-16000,0,0,0
1764862208.253495,916736,-16000,0,0,0
1764862208.3038762,916786,-16000,0,0,0
1764862208.354215,916836,-16000,0,0,0
1764862208.404415,916886,-16000,0,0,0
1764862208.454792,916936,-16000,0,0,0
1764862208.505173,916986,-16000,0,0,0
1764862208.5544949,917036,-16000,0,0,0
1764862208.604668,917086,-16000,0,0,0
1764862208.655048,917136,-16000,0,0,0
1764862208.705409,917186,-16000,0,0,0
1764862208.755511,917236,-16000,0,0,0
1764862208.8059578,917286,-16000,0,0,0
1764862208.855165,917336,-16000,0,0,0
1764862208.905503,917386,-16000,0,0,0
1764862208.9558852,917436,-16000,0,0,0
1764862209.006241,917486,-16000,0,0,0
1764862209.056423,917536,-16000,0,0,0
1764862209.1068192,917586,-16000,0,0,0
1764862209.156167,917636,-16000,0,0,0
1764862209.206371,917686,-16000,0,0,0
1764862209.256686,917736,-16000,0,0,0
1764862209.307106,917786,-16000,0,0,0
1764862209.357274,917836,-16000,0,0,0
1764862209.4076722,917886,-16000,0,0,0
1764862209.457045,917936,-16000,0,0,0
1764862209.5072021,917986,-16000,0,0,0
1764862209.557601,918036,-16000,0,0,0
1764862209.607976,918086,-16000,0,0,0
1764862209.6581702,918136,-16000,0,0,0
1764862209.708521,918187,-16000,0,0,0
1764862209.7588632,918237,-16000,0,0,0
1764862209.8092601,918287,-16000,0,0,0
1764862209.859463,918337,-16000,0,0,0
1764862209.909824,918387,-16000,0,0,0
1764862209.960182,918437,-16000,0,0,0
1764862210.0093682,918487,-16000,0,0,0
1764862210.059733,918537,-16000,0,0,0
1764862210.109942,918587,-16000,0,0,0
1764862210.160317,918637,-16000,0,0,0
1764862210.2106738,918687,-16000,0,0,0
1764862210.260884,918737,-16000,0,0,0
1764862210.310229,918787,-16000,0,0,0
1764862210.3606029,918837,-16000,0,0,0
1764862210.410913,918887,-16000,0,0,0
1764862210.46115,918937,-16000,0,0,0
1764862210.5115252,918987,-16000,0,0,0
1764862210.561883,919037,-16000,0,0,0
1764862210.6110442,919087,-16000,0,0,0
1764862210.661408,919137,-16000,0,0,0
1764862210.7117598,919187,-16000,0,0,0
1764862210.761995,919237,-16000,0,0,0
1764862210.812319,919287,-16000,0,0,0
1764862210.86275,919337,-16000,0,0,0
1764862210.911884,919387,-16000,0,0,0
1764862210.962223,919437,-16000,0,0,0
1764862211.012356,919487,-16000,0,0,0
1764862211.062863,919537,-16000,0,0,0
1764862211.113266,919587,-16000,0,0,0
1764862211.163359,919638,-16000,0,0,0
1764862211.2139678,919688,-16000,0,0,0
1764862211.2642188,919738,-16000,0,0,0
1764862211.3143628,919788,-16000,0,0,0
1764862211.364833,919838,-16000,0,0,0
1764862211.4149451,919888,-16000,0,0,0
1764862211.464403,919938,-16000,0,0,0
1764862211.514763,919988,-16000,0,0,0
1764862211.56495,920038,-16000,0,0,0
1764862211.615305,920088,-16000,0,0,0
1764862211.665707,920138,-16000,0,0,0
1764862211.715884,920188,-16000,0,0,0
1764862211.765225,920238,-16000,0,0,0
1764862211.8156009,920288,-16000,0,0,0
1764862211.865796,920338,-16000,0,0,0
1764862211.916167,920388,-16000,0,0,0
1764862211.966542,920438,-16000,0,0,0
1764862212.016923,920488,-16000,0,0,0
1764862212.0661602,920538,-16000,0,0,0
1764862212.116478,920588,-16000,0,0,0
1764862212.16667,920638,-16000,0,0,0
1764862212.217029,920688,-16000,0,0,0
1764862212.2674098,920738,-16000,0,0,0
1764862212.317612,920788,-16000,0,0,0
1764862212.366949,920838,-16000,0,0,0
1764862212.417335,920888,-16000,0,0,0
1764862212.467541,920938,-16000,0,0,0
1764862212.517925,920988,-16000,0,0,0
1764862212.5683022,921038,-16000,0,0,0
1764862212.617465,921088,-16000,0,0,0
1764862212.6678479,921138,-16000,0,0,0
1764862212.718216,921188,-16000,0,0,0
1764862212.768419,921238,-16000,0,0,0
1764862212.818795,921288,-16000,0,0,0
1764862212.8691342,921338,-16000,0,0,0
1764862212.918302,921388,-16000,0,0,0
1764862212.96869,921438,-16000,0,0,0
1764862213.0188742,921488,-16000,0,0,0
1764862213.069241,921538,-16000,0,0,0
1764862213.11963,921588,-16000,0,0,0
1764862213.169834,921638,-16000,0,0,0
1764862213.219174,921688,-16000,0,0,0
1764862213.269561,921738,-16000,0,0,0
1764862213.319943,921788,-16000,0,0,0
1764862213.370139,921838,-16000,0,0,0
1764862213.420525,921888,-16000,0,0,0
1764862213.4707258,921938,-16000,0,0,0
1764862213.5201228,921988,-16000,0,0,0
1764862213.570472,922038,-16000,0,0,0
1764862213.620666,922088,-16000,0,0,0
1764862213.671068,922138,-16000,0,0,0
1764862213.721417,922188,-16000,0,0,0
1764862213.771602,922238,-16000,0,0,0
1764862213.8209841,922288,-16000,0,0,0
1764862213.871124,922338,-16000,0,0,0
1764862213.9215539,922388,-16000,0,0,0
1764862213.971911,922438,-16000,0,0,0
1764862214.0221288,922488,-16000,0,0,0
1764862214.0724769,922539,-16000,0,0,0
1764862214.122848,922589,-16000,0,0,0
1764862214.173119,922639,-16000,0,0,0
1764862214.223444,922689,-16000,0,0,0
1764862214.27366,922739,-16000,0,0,0
1764862214.3240561,922789,-16000,0,0,0
1764862214.3733718,922839,-16000,0,0,0
1764862214.423499,922889,-16000,0,0,0
1764862214.473973,922939,-16000,0,0,0
1764862214.5242481,922989,-16000,0,0,0
1764862214.5745459,923039,-16000,0,0,0
1764862214.624811,923089,-16000,0,0,0
1764862214.674266,923139,-16000,0,0,0
1764862214.724457,923189,-16000,0,0,0
1764862214.774817,923239,-16000,0,0,0
1764862214.825185,923289,-16000,0,0,0
1764862214.875565,923339,-16000,0,0,0
1764862214.925758,923389,-16000,0,0,0
1764862214.9750988,923439,-16000,0,0,0
1764862215.025295,923489,-16000,0,0,0
1764862215.075694,923539,-16000,0,0,0
1764862215.126107,923589,-16000,0,0,0
1764862215.176234,923639,-16000,0,0,0
1764862215.2266119,923689,-16000,0,0,0
1764862215.276006,923739,-16000,0,0,0
1764862215.326218,923789,-16000,0,0,0
1764862215.3765619,923839,-16000,0,0,0
1764862215.426919,923889,-16000,0,0,0
1764862215.477144,923939,-16000,0,0,0
1764862215.527497,923990,-16000,0,0,0
1764862215.577871,924040,-16000,0,0,0
1764862215.6280901,924090,-16000,0,0,0
1764862215.678402,924140,-16000,0,0,0
1764862215.728797,924190,-16000,0,0,0
1764862215.779006,924240,-16000,0,0,0
1764862215.828327,924290,-16000,0,0,0
1764862215.8787289,924340,-16000,0,0,0
1764862215.9288971,924390,-15998,0,0,0
1764862215.9796228,924440,-15898,0,0,0
1764862216.029809,924490,-15718,0,0,0
1764862216.08001,924540,-15541,0,0,0
1764862216.129337,924590,-15366,0,0,0
1764862216.179704,924640,-15186,0,0,0
1764862216.2298932,924690,-15007,0,0,0
1764862216.280425,924740,-14828,0,0,0
1764862216.330612,924790,-14649,0,0,0
1764862216.380818,924840,-14471,0,0,0
1764862216.430349,924890,-14295,0,0,0
1764862216.48069,924940,-14116,0,0,0
1764862216.5311098,924990,-13937,0,0,0
1764862216.581235,925040,-13759,0,0,0
1764862216.631426,925090,-13581,0,0,0
1764862216.6817942,925140,-13402,0,0,0
1764862216.7311192,925190,-13227,0,0,0
1764862216.781305,925240,-13049,0,0,0
1764862216.8315141,925290,-12871,0,0,0
1764862216.882069,925340,-12692,0,0,0
1764862216.932244,925390,-12514,0,0,0
1764862216.9814432,925440,-12339,0,0,0
1764862217.031868,925490,-12160,0,0,0
1764862217.082345,925540,-11981,0,0,0
1764862217.1327128,925590,-11803,0,0,0
1764862217.183095,925640,-11625,0,0,0
1764862217.2332869,925690,-11447,0,0,0
1764862217.282615,925740,-11273,0,0,0
1764862217.332795,925790,-11095,0,0,0
1764862217.383134,925840,-10917,0,0,0
1764862217.433341,925890,-10739,0,0,0
1764862217.483712,925940,-10561,0,0,0
1764862217.534082,925990,-10383,0,0,0
1764862217.583152,926040,-10209,0,0,0
1764862217.6336262,926090,-10031,0,0,0
1764862217.683817,926140,-9853,0,0,0
1764862217.734327,926190,-9674,0,0,0
1764862217.784682,926240,-9496,0,0,0
1764862217.834773,926290,-9318,0,0,0
1764862217.8840802,926340,-9144,0,0,0
1764862217.934376,926390,-8966,0,0,0
1764862217.984927,926440,-8787,0,0,0
1764862218.035275,926490,-8609,0,0,0
1764862218.085477,926540,-8431,0,0,0
1764862218.13566,926590,-8253,0,0,0
1764862218.1850529,926640,-8078,0,0,0
1764862218.235357,926690,-7900,0,0,0
1764862218.285588,926740,-7723,0,0,0
1764862218.336069,926790,-7545,0,0,0
1764862218.386291,926840,-7367,0,0,0
1764862218.4365718,926891,-7190,0,0,0
1764862218.486955,926941,-7012,0,0,0
1764862218.53714,926991,-6835,0,0,0
1764862218.587671,927041,-6657,0,0,0
1764862218.637629,927091,-6480,0,0,0
1764862218.6882188,927141,-6302,0,0,0
1764862218.737377,927191,-6128,0,0,0
1764862218.7878451,927241,-5950,0,0,0
1764862218.8379462,927291,-5773,0,0,0
1764862218.888442,927341,-5595,0,0,0
1764862218.938777,927391,-5417,0,0,0
1764862218.989153,927441,-5239,0,0,0
1764862219.038285,927491,-5066,0,0,0
1764862219.089462,927541,-4888,0,0,0
1764862219.138983,927591,-4710,0,0,0
1764862219.1892009,927641,-4533,0,0,0
1764862219.2396002,927691,-4355,0,0,0
1764862219.2901068,927741,-4177,0,0,0
1764862219.339342,927791,-4003,0,0,0
1764862219.389444,927841,-3826,0,0,0
1764862219.439851,927891,-3648,0,0,0
1764862219.490242,927941,-3470,0,0,0
1764862219.5404,927991,-3293,0,0,0
1764862219.590768,928041,-3115,0,0,0
1764862219.639946,928091,-2941,0,0,0
1764862219.690457,928141,-2763,0,0,0
1764862219.7408268,928191,-2585,0,0,0
1764862219.79104,928241,-2408,0,0,0
1764862219.841365,928291,-2230,0,0,0
1764862219.891708,928342,-2052,0,0,0
1764862219.942079,928392,-1874,0,0,0
1764862219.992094,928442,-1697,0,0,0
1764862220.04264,928492,-1519,0,0,0
1764862220.093052,928542,-1341,0,0,0
1764862220.1433432,928592,-1163,0,0,0
1764862220.192533,928642,-989,0,0,0
1764862220.242898,928692,-811,0,0,0
1764862220.2930691,928742,-634,0,0,0
1764862220.343401,928792,-456,0,0,0
1764862220.393929,928842,-278,0,0,0
1764862220.444114,928892,-99,0,0,0
1764862220.493292,928942,-3,0,0,0
1764862220.543509,928992,0,0,0,0
1764862220.5938492,929042,0,0,0,0
1764862220.64423,929092,0,0,0,0
1764862220.694371,929142,0,0,0,0
1764862220.744771,929192,0,0,0,0
1764862220.794111,929242,0,0,0,0
1764862220.8444722,929292,0,0,0,0
1764862220.8946502,929342,0,0,0,0
1764862220.945013,929392,0,0,0,0
1764862220.9953542,929442,0,0,0,0
1764862221.045726,929492,0,0,0,0
1764862221.094903,929542,0,0,0,0
1764862221.14528,929592,0,0,0,0
1764862221.1956449,929642,0,0,0,0
1764862221.24603,929692,0,0,0,0
1764862221.29617,929742,0,0,0,0
1764862221.345481,929792,0,0,0,0
1764862221.3958678,929842,0,0,0,0
1764862221.4460511,929892,0,0,0,0
1764862221.496405,929942,0,0,0,0
1764862221.546769,929992,0,0,0,0
1764862221.5971231,930042,0,0,0,0
1764862221.646281,930092,0,0,0,0
1764862221.696639,930142,0,0,0,0
1764862221.74701,930192,0,0,0,0
1764862221.797378,930242,0,0,0,0
1764862221.847589,930292,0,0,0,0
1764862221.898014,930342,0,0,0,0
1764862221.947294,930392,0,0,0,0
1764862221.997498,930442,0,0,0,0
1764862222.047891,930492,0,0,0,0
1764862222.098235,930542,0,0,0,0
1764862222.1484642,930592,0,0,0,0
1764862222.198825,930642,0,0,0,0
1764862222.248172,930692,0,0,0,0
1764862222.298371,930742,0,0,0,0
1764862222.3487282,930792,0,0,0,0
1764862222.3991108,930842,0,0,0,0
1764862222.449295,930892,0,0,0,0
1764862222.499676,930942,0,0,0,0
1764862222.5488482,930992,0,0,0,0
1764862222.599201,931042,0,0,0,0
1764862222.6495721,931092,0,0,0,0
1764862222.699918,931142,0,0,0,0
1764862222.75009,931192,0,0,0,0
1764862222.8004422,931243,0,0,0,0
1764862222.8507898,931293,0,0,0,0
1764862222.9011421,931343,0,0,0,0
1764862222.951497,931393,0,0,0,0
1764862223.001673,931443,0,0,0,0
1764862223.052052,931493,0,0,0,0
1764862223.101353,931543,0,0,0,0
1764862223.1516988,931593,0,0,0,0
1764862223.2020879,931643,0,0,0,0
1764862223.2523909,931693,0,0,0,0
1764862223.3025699,931743,0,0,0,0
1764862223.352988,931793,0,0,0,0
1764862223.402255,931843,0,0,0,0
1764862223.452596,931893,0,0,0,0
1764862223.502966,931943,0,0,0,0
1764862223.553132,931993,0,0,0,0
1764862223.6034749,932043,0,0,0,0
1764862223.653804,932093,0,0,0,0
1764862223.703132,932143,0,0,0,0
1764862223.7533288,932193,0,0,0,0
1764862223.8036869,932243,0,0,0,0
1764862223.853982,932293,0,0,0,0
1764862223.9044008,932343,0,0,0,0
1764862223.954593,932393,0,0,0,0
1764862224.003972,932443,0,0,0,0
1764862224.054316,932493,0,0,0,0
1764862224.104647,932543,0,0,0,0
1764862224.154819,932593,0,0,0,0
1764862224.205168,932643,0,0,0,0
1764862224.25552,932694,0,0,0,0
1764862224.30596,932744,0,0,0,0
1764862224.3560672,932794,0,0,0,0
1764862224.40645,932844,0,0,0,0
1764862224.456799,932894,0,0,0,0
1764862224.5071669,932944,0,0,0,0
1764862224.5563571,932994,0,0,0,0
1764862224.6066618,933044,0,0,0,0
1764862224.657022,933094,0,0,0,0
1764862224.707354,933144,0,0,0,0
1764862224.757718,933194,0,0,0,0
1764862224.807953,933244,0,0,0,0
1764862224.857239,933294,0,0,0,0
1764862224.9076018,933344,0,0,0,0
1764862224.957769,933394,0,0,0,0
1764862225.008144,933444,0,0,0,0
1764862225.058499,933494,0,0,0,0
1764862225.108876,933544,0,0,0,0
1764862225.1580238,933594,0,0,0,0
1764862225.2083688,933644,0,0,0,0
1764862225.258733,933694,0,0,0,0
1764862225.309089,933744,0,0,0,0
1764862225.359286,933794,0,0,0,0
1764862225.409641,933844,0,0,0,0
1764862225.458957,933894,0,0,0,0
1764862225.5093288,933944,0,0,0,0
1764862225.5595179,933994,0,0,0,0
1764862225.609792,934044,0,0,0,0
1764862225.660244,934094,0,0,0,0
1764862225.709551,934144,0,0,0,0
1764862225.759729,934194,0,0,0,0
1764862225.810095,934244,0,0,0,0
1764862225.8604438,934294,0,0,0,0
1764862225.910809,934344,0,0,0,0
1764862225.96095,934394,0,0,0,0
1764862226.010284,934444,0,0,0,0
1764862226.060668,934494,0,0,0,0
1764862226.111039,934544,0,0,0,0
1764862226.161223,934594,0,0,0,0
1764862226.211545,934644,0,0,0,0
1764862226.261931,934694,0,0,0,0
1764862226.311253,934744,0,0,0,0
1764862226.361621,934794,0,0,0,0
1764862226.4117901,934844,0,0,0,0
1764862226.4621289,934894,0,0,0,0
1764862226.512537,934944,0,0,0,0
1764862226.562937,934994,0,0,0,0
1764862226.612036,935044,0,0,0,0
1764862226.662406,935094,0,0,0,0
1764862226.7125812,935144,0,0,0,0
1764862226.762975,935194,0,0,0,0
1764862226.813317,935244,0,0,0,0
1764862226.8636968,935294,0,0,0,0
1764862226.912947,935344,0,0,0,0
1764862226.963205,935394,0,0,0,0
1764862227.013608,935444,0,0,0,0
1764862227.063808,935494,0,0,0,0
1764862227.114165,935544,0,0,0,0
1764862227.164483,935595,0,0,0,0
1764862227.214931,935645,0,0,0,0
1764862227.265218,935695,0,0,0,0
1764862227.315409,935745,0,0,0,0
1764862227.365775,935795,0,0,0,0
1764862227.416137,935845,0,0,0,0
1764862227.465302,935895,0,0,0,0
1764862227.515669,935945,0,0,0,0
1764862227.566014,935995,0,0,0,0
1764862227.616373,936045,0,0,0,0
1764862227.666572,936095,0,0,0,0
1764862227.716932,936145,0,0,0,0
1764862227.766165,936195,0,0,0,0
1764862227.816467,936245,0,0,0,0
1764862227.86682,936295,0,0,0,0
1764862227.9171672,936345,0,0,0,0
1764862227.967524,936395,0,0,0,0
1764862228.017719,936445,0,0,0,0
1764862228.0670772,936495,0,0,0,0
1764862228.1174269,936545,0,0,0,0
1764862228.167781,936595,0,0,0,0
1764862228.217964,936645,0,0,0,0
1764862228.268307,936695,0,0,0,0
1764862228.3186638,936745,0,0,0,0
1764862228.3679948,936795,0,0,0,0
1764862228.418328,936845,0,0,0,0
1764862228.468509,936895,0,0,0,0
1764862228.518922,936945,0,0,0,0
1764862228.569228,936995,0,0,0,0
1764862228.619572,937046,0,0,0,0
1764862228.669707,937096,0,0,0,0
1764862228.720174,937146,0,0,0,0
1764862228.770494,937196,0,0,0,0
1764862228.8209019,937246,0,0,0,0
1764862228.871048,937296,0,0,0,0
1764862228.920383,937346,0,0,0,0
1764862228.9707232,937396,0,0,0,0
1764862229.020896,937446,0,0,0,0
1764862229.071269,937496,0,0,0,0
1764862229.121639,937546,0,0,0,0
1764862229.171991,937596,0,0,0,0
1764862229.221148,937646,0,0,0,0
1764862229.2715242,937696,0,0,0,0
1764862229.3219142,937746,0,0,0,0
1764862229.372243,937796,0,0,0,0
1764862229.422414,937846,0,0,0,0
1764862229.472785,937896,0,0,0,0
1764862229.522107,937946,0,0,0,0
1764862229.572507,937996,0,0,0,0
1764862229.622684,938046,0,0,0,0
1764862229.673047,938096,0,0,0,0
1764862229.723404,938146,0,0,0,0
1764862229.77359,938196,0,0,0,0
1764862229.822948,938246,0,0,0,0
1764862229.873281,938296,0,0,0,0
1764862229.923624,938346,0,0,0,0
1764862229.973889,938396,0,0,0,0
1764862230.024174,938446,0,0,0,0
1764862230.073526,938496,0,0,0,0
1764862230.123721,938546,0,0,0,0
1764862230.1740658,938596,0,0,0,0
1764862230.224426,938646,0,0,0,0
1764862230.274828,938696,0,0,0,0
1764862230.325027,938746,0,0,0,0
1764862230.3743732,938796,0,0,0,0
1764862230.424747,938846,0,0,0,0
1764862230.4749298,938896,0,0,0,0
1764862230.525292,938946,0,0,0,0
1764862230.575685,938996,0,0,0,0
1764862230.6259,939046,0,0,0,0
1764862230.675263,939096,0,0,0,0
1764862230.725451,939146,0,0,0,0
1764862230.7758012,939196,0,0,0,0
1764862230.826176,939246,0,0,0,0
1764862230.8763452,939296,0,0,0,0
1764862230.926744,939346,0,0,0,0
1764862230.976065,939396,0,0,0,0
1764862231.0264142,939446,0,0,0,0
1764862231.076621,939496,0,0,0,0
1764862231.1269782,939546,0,0,0,0
1764862231.177238,939596,0,0,0,0
1764862231.227551,939646,0,0,0,0
1764862231.2768939,939696,0,0,0,0
1764862231.327264,939746,0,0,0,0
1764862231.37763,939796,0,0,0,0
1764862231.4278421,939846,0,0,0,0
1764862231.478192,939896,0,0,0,0
1764862231.528576,939947,0,0,0,0
1764862231.578753,939997,0,0,0,0
1764862231.6291149,940047,0,0,0,0
1764862231.679497,940097,0,0,0,0
1764862231.729855,940147,0,0,0,0
1764862231.780046,940197,0,0,0,0
1764862231.829379,940247,0,0,0,0
1764862231.879578,940297,0,0,0,0
1764862231.9299588,940347,0,0,0,0
1764862231.9802759,940397,0,0,0,0
1764862232.0309079,940447,0,0,0,0
1764862232.0808692,940497,0,0,0,0
1764862232.130198,940547,0,0,0,0
1764862232.180562,940597,0,0,0,0
1764862232.230901,940647,0,0,0,0
1764862232.281117,940697,0,0,0,0
1764862232.3314502,940747,0,0,0,0
1764862232.3817868,940797,0,0,0,0
1764862232.431117,940847,0,0,0,0
1764862232.481492,940897,0,0,0,0
1764862232.531672,940947,0,0,0,0
1764862232.582016,940997,0,0,0,0
1764862232.6323571,941047,0,0,0,0
1764862232.6826959,941097,0,0,0,0
1764862232.731863,941147,0,0,0,0
1764862232.782203,941197,0,0,0,0
1764862232.832577,941247,0,0,0,0
1764862232.8829231,941297,0,0,0,0
1764862232.9331121,941347,0,0,0,0
1764862232.9834921,941398,0,0,0,0
1764862233.033851,941448,0,0,0,0
1764862233.0840309,941498,0,0,0,0
1764862233.1343849,941548,0,0,0,0
1764862233.184745,941598,0,0,0,0
1764862233.235119,941648,0,0,0,0
1764862233.284277,941698,0,0,0,0
1764862233.3345459,941748,0,0,0,0
1764862233.385034,941798,0,0,0,0
1764862233.4353979,941848,0,0,0,0
1764862233.485574,941898,0,0,0,0
1764862233.5359511,941948,0,0,0,0
1764862233.585265,941998,0,0,0,0
1764862233.635448,942048,0,0,0,0
1764862233.685837,942098,0,0,0,0
1764862233.736168,942148,0,0,0,0
1764862233.786518,942198,0,0,0,0
1764862233.836734,942248,0,0,0,0
1764862233.886057,942298,0,0,0,0
1764862233.936427,942348,0,0,0,0
1764862233.986615,942398,0,0,0,0
1764862234.0369668,942448,0,0,0,0
1764862234.08734,942498,0,0,0,0
1764862234.137697,942548,0,0,0,0
1764862234.1868649,942598,0,0,0,0
1764862234.237204,942648,0,0,0,0
1764862234.287563,942698,0,0,0,0
1764862234.337947,942748,0,0,0,0
1764862234.388133,942798,0,0,0,0
1764862234.437488,942848,0,0,0,0
1764862234.487846,942898,0,0,0,0
1764862234.538225,942948,0,0,0,0
1764862234.5883899,942998,0,0,0,0
1764862234.638665,943048,0,0,0,0
1764862234.689112,943098,0,0,0,0
1764862234.738281,943148,0,0,0,0
1764862234.788627,943198,0,0,0,0
1764862234.839006,943248,0,0,0,0
1764862234.889378,943298,0,0,0,0
1764862234.939569,943348,0,0,0,0
1764862234.989932,943398,0,0,0,0
1764862235.039157,943448,0,0,0,0
1764862235.0894542,943498,0,0,0,0
1764862235.13983,943548,0,0,0,0
1764862235.190159,943598,0,0,0,0
1764862235.240353,943648,0,0,0,0
1764862235.2907252,943698,0,0,0,0
1764862235.340039,943748,0,0,0,0
1764862235.390385,943798,0,0,0,0
1764862235.4408371,943848,0,0,0,0
1764862235.490946,943898,0,0,0,0
1764862235.541295,943948,0,0,0,0
1764862235.591668,943998,0,0,0,0
1764862235.640966,944048,0,0,0,0
1764862235.691162,944098,0,0,0,0
1764862235.7414882,944148,0,0,0,0
1764862235.7918642,944198,0,0,0,0
1764862235.842195,944248,0,0,0,0
1764862235.8925261,944299,0,0,0,0
1764862235.942882,944349,0,0,0,0
1764862235.993048,944399,0,0,0,0
1764862236.0433989,944449,0,0,0,0
1764862236.0937998,944499,0,0,0,0
1764862236.144119,944549,0,0,0,0
1764862236.1933,944599,0,0,0,0
1764862236.243644,944649,0,0,0,0
1764862236.293958,944699,0,0,0,0
1764862236.344358,944749,0,0,0,0
1764862236.394497,944799,0,0,0,0
1764862236.4448729,944849,0,0,0,0
1764862236.494209,944899,0,0,0,0
1764862236.54458,944949,0,0,0,0
1764862236.594796,944999,0,0,0,0
1764862236.6451352,945049,0,0,0,0
1764862236.695508,945099,0,0,0,0
1764862236.745854,945149,0,0,0,0
1764862236.79503,945199,0,0,0,0
1764862236.845397,945249,0,0,0,0
1764862236.895788,945299,0,0,0,0
1764862236.9458702,945349,0,0,0,0
1764862236.996299,945399,0,0,0,0
1764862237.0466251,945449,0,0,0,0
1764862237.095973,945499,0,0,0,0
1764862237.1461902,945549,0,0,0,0
1764862237.1965199,945599,0,0,0,0
1764862237.2469,945649,0,0,0,0
1764862237.2972229,945699,0,0,0,0
1764862237.347422,945750,0,0,0,0
1764862237.397774,945800,0,0,0,0
1764862237.448148,945850,0,0,0,0
1764862237.498501,945900,0,0,0,0
1764862237.5486941,945950,0,0,0,0
1764862237.599038,946000,0,0,0,0
1764862237.648402,946050,0,0,0,0
1764862237.698773,946100,0,0,0,0
1764862237.748963,946150,0,0,0,0
1764862237.7993002,946200,0,0,0,0
1764862237.849647,946250,0,0,0,0
1764862237.899837,946300,0,0,0,0
1764862237.949214,946350,0,0,0,0
1764862237.999577,946400,0,0,0,0
1764862238.049888,946450,0,0,0,0
1764862238.1001039,946500,0,0,0,0
1764862238.150469,946550,0,0,0,0
1764862238.200831,946600,0,0,0,0
1764862238.2500322,946650,0,0,0,0
1764862238.30037,946700,0,0,0,0
1764862238.350752,946750,0,0,0,0
1764862238.401087,946800,0,0,0,0
1764862238.4512808,946850,0,0,0,0
1764862238.501633,946900,0,0,0,0
1764862238.550981,946950,0,0,0,0
1764862238.6012201,947000,0,0,0,0
1764862238.651514,947050,0,0,0,0
1764862238.701857,947100,0,0,0,0
1764862238.752182,947150,0,0,0,0
1764862238.8015249,947200,0,0,0,0
1764862238.8518798,947250,0,0,0,0
1764862238.902066,947300,0,0,0,0
1764862238.952422,947350,0,0,0,0
1764862239.002762,947400,0,0,0,0
1764862239.05309,947450,0,0,0,0
1764862239.102297,947500,0,0,0,0
1764862239.152651,947550,0,0,0,0
1764862239.202986,947600,0,0,0,0
1764862239.2531981,947650,0,0,0,0
1764862239.303526,947700,0,0,0,0
1764862239.353913,947750,0,0,0,0
1764862239.403244,947800,0,0,0,0
1764862239.453577,947850,0,0,0,0
1764862239.503778,947900,0,0,0,0
1764862239.554128,947950,0,0,0,0
1764862239.604455,948000,0,0,0,0
1764862239.654797,948050,0,0,0,0
1764862239.704142,948100,0,0,0,0
1764862239.754354,948150,0,0,0,0
1764862239.804754,948200,0,0,0,0
1764862239.855038,948250,0,0,0,0
1764862239.9054022,948300,0,0,0,0
1764862239.955627,948350,0,0,0,0
1764862240.0049431,948400,0,0,0,0
1764862240.055112,948450,0,0,0,0
1764862240.105498,948500,0,0,0,0
1764862240.1558762,948550,0,0,0,0
1764862240.206193,948600,0,0,0,0
1764862240.256433,948651,0,0,0,0
1764862240.3067589,948701,0,0,0,0
1764862240.3571289,948751,0,0,0,0
1764862240.407446,948801,0,0,0,0
1764862240.4577868,948851,0,0,0,0
1764862240.507974,948901,0,0,0,0
1764862240.557312,948951,0,0,0,0
1764862240.60764,949001,0,0,0,0
1764862240.65797,949051,0,0,0,0
1764862240.7083452,949101,0,0,0,0
1764862240.758523,949151,0,0,0,0
1764862240.808893,949201,0,0,0,0
1764862240.858261,949251,0,0,0,0
1764862240.908606,949301,0,0,0,0
1764862240.958786,949351,0,0,0,0
1764862241.0091379,949401,0,0,0,0
1764862241.059509,949451,0,0,0,0
1764862241.109865,949501,0,0,0,0
1764862241.159043,949551,0,0,0,0
1764862241.209408,949601,0,0,0,0
1764862241.2596118,949651,0,0,0,0
1764862241.3099918,949701,0,0,0,0
1764862241.360342,949751,0,0,0,0
1764862241.410744,949801,0,0,0,0
1764862241.459892,949851,0,0,0,0
1764862241.510229,949901,0,0,0,0
1764862241.560586,949951,0,0,0,0
1764862241.6107872,950001,0,0,0,0
1764862241.661115,950051,0,0,0,0
1764862241.711498,950102,0,0,0,0
1764862241.7618592,950152,0,0,0,0
1764862241.812016,950202,0,0,0,0
1764862241.862392,950252,0,0,0,0
1764862241.912749,950302,0,0,0,0
1764862241.9631119,950352,0,0,0,0
1764862242.012439,950402,0,0,0,0
1764862242.062627,950452,0,0,0,0
1764862242.112981,950502,0,0,0,0
1764862242.16335,950552,0,0,0,0
1764862242.213551,950602,0,0,0,0
1764862242.26392,950652,0,0,0,0
1764862242.313258,950702,0,0,0,0
1764862242.363463,950752,0,0,0,0
1764862242.413774,950802,0,0,0,0
1764862242.4641201,950852,0,0,0,0
1764862242.514511,950902,0,0,0,0
1764862242.56471,950952,0,0,0,0
1764862242.614024,951002,0,0,0,0
1764862242.664386,951052,0,0,0,0
1764862242.714746,951102,0,0,0,0
1764862242.7650838,951152,0,0,0,0
1764862242.815307,951202,0,0,0,0
1764862242.86562,951252,0,0,0,0
1764862242.914856,951302,0,0,0,0
1764862242.965287,951352,0,0,0,0
1764862243.0155468,951402,0,0,0,0
1764862243.065891,951452,0,0,0,0
1764862243.116241,951502,0,0,0,0
1764862243.1654332,951552,0,0,0,0
1764862243.21579,951602,0,0,0,0
1764862243.266164,951652,0,0,0,0
1764862243.316229,951702,0,0,0,0
1764862243.366668,951752,0,0,0,0
1764862243.417666,951802,0,0,0,0
1764862243.4664268,951852,0,0,0,0
1764862243.516607,951902,0,0,0,0
1764862243.566955,951952,0,0,0,0
1764862243.617311,952002,0,0,0,0
1764862243.667691,952052,0,0,0,0
1764862243.717864,952102,0,0,0,0
1764862243.767196,952152,0,0,0,0
1764862243.817564,952202,0,0,0,0
1764862243.867748,952252,0,0,0,0
1764862243.9181209,952302,0,0,0,0
1764862243.9684741,952352,0,0,0,0
1764862244.018871,952402,0,0,0,0
1764862244.068001,952452,0,0,0,0
1764862244.118387,952502,0,0,0,0
1764862244.16857,952552,0,0,0,0
1764862244.21894,952602,0,0,0,0
1764862244.2693172,952652,0,0,0,0
1764862244.319693,952702,0,0,0,0
1764862244.3688588,952752,0,0,0,0
1764862244.419195,952802,0,0,0,0
1764862244.469565,952852,0,0,0,0
1764862244.519927,952902,0,0,0,0
1764862244.57009,952952,0,0,0,0
1764862244.620438,953003,0,0,0,0
1764862244.670824,953053,0,0,0,0
1764862244.7211788,953103,0,0,0,0
1764862244.7713768,953153,0,0,0,0
1764862244.821718,953203,0,0,0,0
1764862244.872093,953253,0,0,0,0
1764862244.921412,953303,0,0,0,0
1764862244.971607,953353,0,0,0,0
1764862245.021986,953403,0,0,0,0
1764862245.0723379,953453,0,0,0,0
1764862245.12271,953503,0,0,0,0
1764862245.172899,953553,0,0,0,0
1764862245.222233,953603,0,0,0,0
1764862245.272587,953653,0,0,0,0
1764862245.3229198,953703,0,0,0,0
1764862245.373157,953753,0,0,0,0
1764862245.423497,953803,0,0,0,0
1764862245.473697,953853,0,0,0,0
1764862245.523072,953903,0,0,0,0
1764862245.5733812,953953,0,0,0,0
1764862245.623775,954003,0,0,0,0
1764862245.6739829,954053,0,0,0,0
1764862245.7243252,954103,0,0,0,0
1764862245.774694,954153,0,0,0,0
1764862245.823877,954203,0,0,0,0
1764862245.874251,954253,0,0,0,0
1764862245.9245849,954303,0,0,0,0
1764862245.9749591,954353,0,0,0,0
1764862246.025055,954403,0,0,0,0
1764862246.0754392,954454,0,0,0,0
1764862246.125789,954504,0,0,0,0
1764862246.176061,954554,0,0,0,0
1764862246.226322,954604,0,0,0,0
1764862246.2768052,954654,0,0,0,0
1764862246.327135,954704,0,0,0,0
1764862246.3762329,954754,0,0,0,0
1764862246.426691,954804,0,0,0,0
1764862246.477026,954854,0,0,0,0
1764862246.5274298,954904,0,0,0,0
1764862246.577662,954954,0,0,0,0
1764862246.627973,955004,0,0,0,0
1764862246.677153,955054,0,0,0,0
1764862246.727509,955104,0,0,0,0
1764862246.777896,955154,0,0,0,0
1764862246.828237,955204,0,0,0,0
1764862246.8783832,955254,0,0,0,0
1764862246.9288042,955304,0,0,0,0
1764862246.9781702,955354,0,0,0,0
1764862247.02826,955404,0,0,0,0
1764862247.078725,955454,0,0,0,0
1764862247.1290739,955504,0,0,0,0
1764862247.179286,955554,0,0,0,0
1764862247.229654,955604,0,0,0,0
1764862247.2789881,955654,0,0,0,0
1764862247.3293529,955704,0,0,0,0
1764862247.379545,955754,0,0,0,0
1764862247.429888,955804,0,0,0,0
1764862247.480314,955854,0,0,0,0
1764862247.5294569,955904,0,0,0,0
1764862247.5797791,955954,0,0,0,0
1764862247.630153,956004,0,0,0,0
1764862247.680332,956054,0,0,0,0
1764862247.7306721,956104,0,0,0,0
1764862247.781016,956154,0,0,0,0
1764862247.830372,956204,0,0,0,0
1764862247.88076,956254,0,0,0,0
1764862247.930859,956304,0,0,0,0
1764862247.981301,956354,0,0,0,0
1764862248.03168,956404,0,0,0,0
1764862248.08184,956454,0,0,0,0
1764862248.131219,956504,0,0,0,0
1764862248.1816452,956554,0,0,0,0
1764862248.231922,956604,0,0,0,0
1764862248.282112,956654,0,0,0,0
1764862248.332503,956704,0,0,0,0
1764862248.3828669,956754,0,0,0,0
1764862248.432053,956804,0,0,0,0
1764862248.482398,956854,0,0,0,0
1764862248.5326312,956904,0,0,0,0
1764862248.582954,956954,0,0,0,0
1764862248.6333382,957004,0,0,0,0
1764862248.683685,957054,0,0,0,0
1764862248.732856,957104,0,0,0,0
1764862248.783231,957154,0,0,0,0
1764862248.8335931,957204,0,0,0,0
1764862248.8837812,957254,0,0,0,0
1764862248.934072,957304,0,0,0,0
1764862248.9845061,957355,0,0,0,0
1764862249.034842,957405,0,0,0,0
1764862249.085033,957455,0,0,0,0
1764862249.135421,957505,0,0,0,0
1764862249.1857789,957555,0,0,0,0
1764862249.236144,957605,0,0,0,0
1764862249.2853389,957655,0,0,0,0
1764862249.3356512,957705,0,0,0,0
1764862249.386042,957755,0,0,0,0
1764862249.436418,957805,0,0,0,0
1764862249.486572,957855,0,0,0,0
1764862249.536941,957905,0,0,0,0
1764862249.586136,957955,0,0,0,0
1764862249.636491,958005,0,0,0,0
1764862249.6868858,958055,0,0,0,0
1764862249.7370691,958105,0,0,0,0
1764862249.787411,958155,0,0,0,0
1764862249.837781,958205,0,0,0,0
1764862249.887131,958255,0,0,0,0
1764862249.937324,958305,0,0,0,0
1764862249.987701,958355,0,0,0,0
1764862250.0380821,958405,0,0,0,0
1764862250.0882702,958455,0,0,0,0
1764862250.1386182,958505,0,0,0,0
1764862250.18787,958555,0,0,0,0
1764862250.238323,958605,0,0,0,0
1764862250.288515,958655,0,0,0,0
1764862250.338888,958705,0,0,0,0
1764862250.3891,958755,0,0,0,0
1764862250.4395819,958806,0,0,0,0
1764862250.489761,958856,0,0,0,0
1764862250.5401459,958906,0,0,0,0
1764862250.590475,958956,0,0,0,0
1764862250.640835,959006,0,0,0,0
1764862250.691029,959056,0,0,0,0
1764862250.740376,959106,0,0,0,0
1764862250.790719,959156,0,0,0,0
1764862250.840936,959206,0,0,0,0
1764862250.891295,959256,0,0,0,0
1764862250.941639,959306,0,0,0,0
1764862250.991981,959356,0,0,0,0
1764862251.041162,959406,0,0,0,0
1764862251.091594,959456,0,0,0,0
1764862251.141939,959506,0,0,0,0
1764862251.192131,959556,0,0,0,0
1764862251.2424672,959606,0,0,0,0
1764862251.2928529,959656,0,0,0,0
1764862251.342048,959706,0,0,0,0
1764862251.392394,959756,0,0,0,0
1764862251.442745,959806,0,0,0,0
1764862251.492987,959856,0,0,0,0
1764862251.543373,959906,0,0,0,0
1764862251.5936818,959956,0,0,0,0
1764862251.642848,960006,0,0,0,0
1764862251.693215,960056,0,0,0,0
1764862251.743621,960106,0,0,0,0
1764862251.793727,960156,0,0,0,0
1764862251.844105,960206,0,0,0,0
1764862251.893589,960256,0,0,0,0
1764862251.943754,960306,0,0,0,0
1764862251.994113,960356,0,0,0,0
1764862252.044499,960406,0,0,0,0
1764862252.0946822,960456,0,0,0,0
1764862252.1450398,960506,0,0,0,0
1764862252.194405,960556,0,0,0,0
1764862252.244523,960606,0,0,0,0
1764862252.294977,960656,0,0,0,0
1764862252.345335,960706,0,0,0,0
1764862252.3956811,960756,0,0,0,0
1764862252.445893,960806,0,0,0,0
1764862252.49522,960856,0,0,0,0
1764862252.5453172,960906,0,0,0,0
1764862252.5958002,960956,0,0,0,0
1764862252.646144,961006,0,0,0,0
1764862252.696357,961056,0,0,0,0
1764862252.746711,961106,0,0,0,0
1764862252.79608,961156,0,0,0,0
1764862252.846443,961206,0,0,0,0
1764862252.8966389,961256,0,0,0,0
1764862252.9470332,961306,0,0,0,0
1764862252.997392,961356,0,0,0,0
1764862253.047596,961406,0,0,0,0
1764862253.096925,961456,0,0,0,0
1764862253.147285,961506,0,0,0,0
1764862253.197469,961556,0,0,0,0
1764862253.247843,961606,0,0,0,0
1764862253.298212,961656,0,0,0,0
1764862253.348555,961707,0,0,0,0
1764862253.3987782,961757,0,0,0,0
1764862253.4491441,961807,0,0,0,0
1764862253.499561,961857,0,0,0,0
1764862253.5497248,961907,0,0,0,0
1764862253.600099,961957,0,0,0,0
1764862253.649229,962007,0,0,0,0
1764862253.699606,962057,0,0,0,0
1764862253.74999,962107,0,0,0,0
1764862253.800363,962157,0,0,0,0
1764862253.8505468,962207,0,0,0,0
1764862253.900918,962257,0,0,0,0
1764862253.9502468,962307,0,0,0,0
1764862254.0004458,962357,0,0,0,0
1764862254.0508,962407,0,0,0,0
1764862254.101172,962457,0,0,0,0
1764862254.1515388,962507,0,0,0,0
1764862254.201735,962557,0,0,0,0
1764862254.2510772,962607,0,0,0,0
1764862254.301419,962657,0,0,0,0
1764862254.351639,962707,0,0,0,0
1764862254.401973,962757,0,0,0,0
1764862254.4523468,962807,0,0,0,0
1764862254.502615,962857,0,0,0,0
1764862254.551882,962907,0,0,0,0
1764862254.602168,962957,0,0,0,0
1764862254.652577,963007,0,0,0,0
1764862254.702788,963057,0,0,0,0
1764862254.7531562,963107,0,0,0,0
1764862254.803543,963158,0,0,0,0
1764862254.8537269,963208,0,0,0,0
1764862254.90408,963258,0,0,0,0
1764862254.954442,963308,0,0,0,0
1764862255.0047948,963358,0,0,0,0
1764862255.0549738,963408,0,0,0,0
1764862255.10432,963458,0,0,0,0
1764862255.1546712,963508,0,0,0,0
1764862255.205035,963558,0,0,0,0
1764862255.255253,963608,0,0,0,0
1764862255.3056252,963658,0,0,0,0
1764862255.3559859,963708,0,0,0,0
1764862255.4051478,963758,0,0,0,0
1764862255.455544,963808,0,0,0,0
1764862255.505861,963858,0,0,0,0
1764862255.556225,963908,0,0,0,0
1764862255.606573,963958,0,0,0,0
1764862255.6567261,964008,0,0,0,0
1764862255.706075,964058,0,0,0,0
1764862255.756414,964108,0,0,0,0
1764862255.8066208,964158,0,0,0,0
1764862255.8569689,964208,0,0,0,0
1764862255.907339,964258,0,0,0,0
1764862255.957692,964308,0,0,0,0
1764862256.0068648,964358,0,0,0,0
1764862256.057255,964408,0,0,0,0
1764862256.1076128,964458,0,0,0,0
1764862256.157797,964508,0,0,0,0
1764862256.2081668,964558,0,0,0,0
1764862256.257508,964608,0,0,0,0
1764862256.30788,964658,0,0,0,0
1764862256.3580701,964708,0,0,0,0
1764862256.408434,964758,0,0,0,0
1764862256.4587898,964808,0,0,0,0
1764862256.509135,964858,0,0,0,0
1764862256.5583081,964908,0,0,0,0
1764862256.608675,964958,0,0,0,0
1764862256.6590269,965008,0,0,0,0
1764862256.709398,965058,0,0,0,0
1764862256.7594528,965108,0,0,0,0
1764862256.8099232,965158,0,0,0,0
1764862256.8592799,965208,0,0,0,0
1764862256.909517,965258,0,0,0,0
1764862256.959784,965308,0,0,0,0
1764862257.010151,965358,0,0,0,0
1764862257.060514,965408,0,0,0,0
1764862257.110707,965458,0,0,0,0
1764862257.1600199,965508,0,0,0,0
1764862257.210411,965558,0,0,0,0
1764862257.26074,965608,0,0,0,0
1764862257.3109388,965658,0,0,0,0
1764862257.361304,965708,0,0,0,0
1764862257.4116511,965758,0,0,0,0
1764862257.460999,965808,0,0,0,0
1764862257.511181,965858,0,0,0,0
1764862257.56153,965908,0,0,0,0
1764862257.611893,965958,0,0,0,0
1764862257.662264,966008,0,0,0,0
1764862257.712476,966059,0,0,0,0
1764862257.762773,966109,0,0,0,0
1764862257.813143,966159,0,0,0,0
1764862257.863498,966209,0,0,0,0
1764862257.9136949,966259,0,0,0,0
1764862257.9640808,966309,0,0,0,0
1764862258.01342,966359,0,0,0,0
1764862258.063583,966409,0,0,0,0
1764862258.113934,966459,0,0,0,0
1764862258.164311,966509,0,0,0,0
1764862258.214664,966559,0,0,0,0
1764862258.26485,966609,0,0,0,0
1764862258.314201,966659,0,0,0,0
1764862258.364556,966709,0,0,0,0
1764862258.4149199,966759,0,0,0,0
1764862258.4651232,966809,0,0,0,0
1764862258.5154939,966859,0,0,0,0
1764862258.565808,966909,0,0,0,0
1764862258.615167,966959,0,0,0,0
1764862258.665511,967009,0,0,0,0
1764862258.715771,967059,0,0,0,0
1764862258.7660758,967109,0,0,0,0
1764862258.816513,967159,0,0,0,0
1764862258.866598,967209,0,0,0,0
1764862258.917862,967259,0,0,0,0
1764862258.966302,967309,0,0,0,0
1764862259.016505,967359,0,0,0,0
1764862259.066852,967409,0,0,0,0
1764862259.117232,967459,0,0,0,0
1764862259.1674628,967510,0,0,0,0
1764862259.217758,967560,0,0,0,0
1764862259.268169,967610,0,0,0,0
1764862259.318377,967660,0,0,0,0
1764862259.368753,967710,0,0,0,0
1764862259.41909,967760,0,0,0,0
1764862259.468485,967810,0,0,0,0
1764862259.518591,967860,0,0,0,0
1764862259.569005,967910,0,0,0,0
1764862259.61939,967960,0,0,0,0
1764862259.6695628,968010,0,0,0,0
1764862259.7199318,968060,0,0,0,0
1764862259.7692769,968110,0,0,0,0
1764862259.8194802,968160,0,0,0,0
1764862259.869857,968210,0,0,0,0
1764862259.920237,968260,0,0,0,0
1764862259.97037,968310,0,0,0,0
1764862260.0207958,968360,0,0,0,0
1764862260.070118,968410,0,0,0,0
1764862260.120319,968460,0,0,0,0
1764862260.170631,968510,0,0,0,0
1764862260.2210371,968560,0,0,0,0
1764862260.2713878,968610,0,0,0,0
1764862260.3215868,968660,0,0,0,0
1764862260.3709362,968710,0,0,0,0
1764862260.421292,968760,0,0,0,0
1764862260.471647,968810,0,0,0,0
1764862260.521861,968860,0,0,0,0
1764862260.5722141,968910,0,0,0,0
1764862260.621566,968960,0,0,0,0
1764862260.671711,969010,0,0,0,0
1764862260.722134,969060,0,0,0,0
1764862260.772501,969110,0,0,0,0
1764862260.822718,969160,0,0,0,0
1764862260.87308,969210,0,0,0,0
1764862260.9222589,969260,0,0,0,0
1764862260.9726138,969310,0,0,0,0
1764862261.022987,969360,0,0,0,0
1764862261.073319,969410,0,0,0,0
1764862261.123542,969460,0,0,0,0
1764862261.173908,969510,0,0,0,0
1764862261.223236,969560,0,0,0,0
1764862261.273459,969610,0,0,0,0
1764862261.3238149,969660,0,0,0,0
1764862261.374177,969710,0,0,0,0
1764862261.424534,969760,0,0,0,0
1764862261.474734,969810,0,0,0,0
1764862261.524055,969860,0,0,0,0
1764862261.574448,969910,0,0,0,0
1764862261.6246378,969960,0,0,0,0
1764862261.674976,970010,0,0,0,0
1764862261.725299,970060,0,0,0,0
1764862261.775719,970110,0,0,0,0
1764862261.824884,970160,0,0,0,0
1764862261.875251,970210,0,0,0,0
1764862261.925465,970260,0,0,0,0
1764862261.975808,970310,0,0,0,0
1764862262.0261362,970360,0,0,0,0
1764862262.076555,970411,0,0,0,0
1764862262.1267378,970461,0,0,0,0
1764862262.177088,970511,0,0,0,0
1764862262.2274508,970561,0,0,0,0
1764862262.277667,970611,0,0,0,0
1764862262.328026,970661,0,0,0,0
1764862262.377364,970711,0,0,0,0
1764862262.427725,970761,0,0,0,0
1764862262.477911,970811,0,0,0,0
1764862262.52831,970861,0,0,0,0
1764862262.578654,970911,0,0,0,0
1764862262.6288419,970961,0,0,0,0
1764862262.6781828,971011,0,0,0,0
1764862262.728441,971061,0,0,0,0
1764862262.77892,971111,0,0,0,0
1764862262.8291168,971161,0,0,0,0
1764862262.879491,971211,0,0,0,0
1764862262.9298491,971261,0,0,0,0
1764862262.979017,971311,0,0,0,0
1764862263.0294132,971361,0,0,0,0
1764862263.07973,971411,0,0,0,0
1764862263.129947,971461,0,0,0,0
1764862263.1803,971511,0,0,0,0
1764862263.230641,971561,0,0,0,0
1764862263.28,971611,0,0,0,0
1764862263.3302112,971661,0,0,0,0
1764862263.380567,971711,0,0,0,0
1764862263.4309309,971761,0,0,0,0
1764862263.481108,971811,0,0,0,0
1764862263.5313659,971862,0,0,0,0
1764862263.581837,971912,0,0,0,0
1764862263.6320572,971962,0,0,0,0
1764862263.6824372,972012,0,0,0,0
1764862263.732765,972062,0,0,0,0
1764862263.783145,972112,0,0,0,0
1764862263.8323321,972162,0,0,0,0
1764862263.882656,972212,0,0,0,0
1764862263.9330401,972262,0,0,0,0
1764862263.98341,972312,0,0,0,0
1764862264.033584,972362,0,0,0,0
1764862264.083945,972412,0,0,0,0
1764862264.133267,972462,0,0,0,0
1764862264.1834838,972512,0,0,0,0
1764862264.233832,972562,0,0,0,0
1764862264.284199,972612,0,0,0,0
1764862264.334402,972662,0,0,0,0
1764862264.384755,972712,0,0,0,0
1764862264.4340942,972762,0,0,0,0
1764862264.4844449,972812,0,0,0,0
1764862264.534633,972862,0,0,0,0
1764862264.585013,972912,0,0,0,0
1764862264.635422,972962,0,0,0,0
1764862264.685727,973012,0,0,0,0
1764862264.734858,973062,0,0,0,0
1764862264.785193,973112,0,0,0,0
1764862264.835561,973162,0,0,0,0
1764862264.885939,973212,0,0,0,0
1764862264.936272,973262,0,0,0,0
1764862264.985449,973312,0,0,0,0
1764862265.035799,973362,0,0,0,0
1764862265.08614,973412,0,0,0,0
1764862265.136298,973462,0,0,0,0
1764862265.186696,973512,0,0,0,0
1764862265.2370281,973562,0,0,0,0
1764862265.2863822,973612,0,0,0,0
1764862265.336709,973662,0,0,0,0
1764862265.386909,973712,0,0,0,0
1764862265.437251,973762,0,0,0,0
1764862265.487606,973812,0,0,0,0
1764862265.5379882,973862,0,0,0,0
1764862265.587151,973912,0,0,0,0
1764862265.637416,973962,0,0,0,0
1764862265.687831,974012,0,0,0,0
1764862265.738183,974062,0,0,0,0
1764862265.788404,974112,0,0,0,0
1764862265.8387232,974162,0,0,0,0
1764862265.888073,974212,0,0,0,0
1764862265.9384131,974262,0,0,0,0
1764862265.988611,974312,0,0,0,0
1764862266.0389361,974362,0,0,0,0
1764862266.08931,974412,0,0,0,0
1764862266.139644,974462,0,0,0,0
1764862266.1888561,974512,0,0,0,0
1764862266.2391849,974562,0,0,0,0
1764862266.2895622,974612,0,0,0,0
1764862266.339921,974662,0,0,0,0
1764862266.390105,974712,0,0,0,0
1764862266.44048,974763,0,0,0,0
1764862266.490838,974813,0,0,0,0
1764862266.541057,974863,0,0,0,0
1764862266.591402,974913,0,0,0,0
1764862266.64176,974963,0,0,0,0
1764862266.6921139,975013,0,0,0,0
1764862266.741278,975063,0,0,0,0
1764862266.791632,975113,0,0,0,0
1764862266.8419929,975163,0,0,0,0
1764862266.8923578,975213,0,0,0,0
1764862266.942548,975263,0,0,0,0
1764862266.9928792,975313,0,0,0,0
1764862267.042225,975363,0,0,0,0
1764862267.09259,975413,0,0,0,0
1764862267.142915,975463,0,0,0,0
1764862267.193131,975513,0,0,0,0
1764862267.2434611,975563,0,0,0,0
1764862267.2938151,975613,0,0,0,0
1764862267.342984,975663,0,0,0,0
1764862267.393367,975713,0,0,0,0
1764862267.443729,975763,0,0,0,0
1764862267.4940648,975813,0,0,0,0
1764862267.544286,975863,0,0,0,0
1764862267.59462,975913,0,0,0,0
1764862267.6439822,975963,0,0,0,0
1764862267.6943638,976013,0,0,0,0
1764862267.7445009,976063,0,0,0,0
1764862267.794857,976113,0,0,0,0
1764862267.845134,976163,0,0,0,0
1764862267.8955772,976214,0,0,0,0
1764862267.94575,976264,0,0,0,0
1764862267.99611,976314,0,0,0,0
1764862268.0464818,976364,0,0,0,0
1764862268.09684,976414,0,0,0,0
1764862268.147041,976464,0,0,0,0
1764862268.196384,976514,0,0,0,0
1764862268.246721,976564,0,0,0,0
1764862268.297089,976614,0,0,0,0
1764862268.3472378,976664,0,0,0,0
1764862268.39763,976714,0,0,0,0
1764862268.447972,976764,0,0,0,0
1764862268.497338,976814,0,0,0,0
1764862268.547499,976864,0,0,0,0
1764862268.5978339,976914,0,0,0,0
1764862268.6481888,976964,0,0,0,0
1764862268.698561,977014,0,0,0,0
1764862268.7487092,977064,0,0,0,0
1764862268.798048,977114,0,0,0,0
1764862268.8484092,977164,0,0,0,0
1764862268.8987598,977214,0,0,0,0
1764862268.94909,977264,0,0,0,0
1764862268.999327,977314,0,0,0,0
1764862269.049647,977364,0,0,0,0
1764862269.098989,977414,0,0,0,0
1764862269.149343,977464,0,0,0,0
1764862269.199508,977514,0,0,0,0
1764862269.249863,977564,0,0,0,0
1764862269.300256,977614,0,0,0,0
1764862269.3494048,977664,0,0,0,0
1764862269.399751,977714,0,0,0,0
1764862269.450133,977764,0,0,0,0
1764862269.5004768,977814,0,0,0,0
1764862269.550661,977864,0,0,0,0
1764862269.6010208,977914,0,0,0,0
1764862269.650344,977964,0,0,0,0
1764862269.70072,978014,0,0,0,0
1764862269.751026,978064,0,0,0,0
1764862269.8012319,978114,0,0,0,0
1764862269.851578,978164,0,0,0,0
1764862269.901927,978214,0,0,0,0
1764862269.9513118,978264,0,0,0,0
1764862270.001468,978314,0,0,0,0
1764862270.0518441,978364,0,0,0,0
1764862270.102188,978414,0,0,0,0
1764862270.152543,978464,0,0,0,0
1764862270.202755,978514,0,0,0,0
1764862270.2520618,978564,0,0,0,0
1764862270.3024352,978614,0,0,0,0
1764862270.352623,978664,0,0,0,0
1764862270.402999,978714,0,0,0,0
1764862270.4533482,978764,0,0,0,0
1764862270.503582,978814,0,0,0,0
1764862270.5529,978864,0,0,0,0
1764862270.603242,978914,0,0,0,0
1764862270.653578,978964,0,0,0,0
1764862270.7037702,979014,0,0,0,0
1764862270.754153,979064,0,0,0,0
1764862270.8044941,979115,0,0,0,0
1764862270.8548548,979165,0,0,0,0
1764862270.905204,979215,0,0,0,0
1764862270.955371,979265,0,0,0,0
1764862271.005749,979315,0,0,0,0
1764862271.0561018,979365,0,0,0,0
1764862271.105422,979415,0,0,0,0
1764862271.15561,979465,0,0,0,0
1764862271.2059789,979515,0,0,0,0
1764862271.256311,979565,0,0,0,0
1764862271.30668,979615,0,0,0,0
1764862271.356862,979665,0,0,0,0
1764862271.4061818,979715,0,0,0,0
1764862271.4565601,979765,0,0,0,0
1764862271.5069041,979815,0,0,0,0
1764862271.557089,979865,0,0,0,0
1764862271.607423,979915,0,0,0,0
1764862271.6577861,979965,0,0,0,0
1764862271.707108,980015,0,0,0,0
1764862271.7574558,980065,0,0,0,0
1764862271.807648,980115,0,0,0,0
1764862271.8580081,980165,0,0,0,0
1764862271.9083362,980215,0,0,0,0
1764862271.9586759,980265,0,0,0,0
1764862272.00786,980315,0,0,0,0
1764862272.0583282,980365,0,0,0,0
1764862272.108588,980415,0,0,0,0
1764862272.15896,980465,0,0,0,0
1764862272.209177,980515,0,0,0,0
1764862272.259522,980566,0,0,0,0
1764862272.30986,980616,0,0,0,0
1764862272.360199,980666,0,0,0,0
1764862272.410408,980716,0,0,0,0
1764862272.46074,980766,0,0,0,0
1764862272.5110989,980816,0,0,0,0
1764862272.560286,980866,0,0,0,0
1764862272.610608,980916,0,0,0,0
1764862272.660983,980966,0,0,0,0
1764862272.711318,981016,0,0,0,0
1764862272.761659,981066,0,0,0,0
1764862272.811858,981116,0,0,0,0
1764862272.861203,981166,0,0,0,0
1764862272.911583,981216,0,0,0,0
1764862272.961762,981266,0,0,0,0
1764862273.012154,981316,0,0,0,0
1764862273.0625029,981366,0,0,0,0
1764862273.112708,981416,0,0,0,0
1764862273.1620522,981466,0,0,0,0
1764862273.212429,981516,0,0,0,0
1764862273.2627661,981566,0,0,0,0
1764862273.3130062,981616,0,0,0,0
1764862273.363364,981666,0,0,0,0
1764862273.413719,981716,0,0,0,0
1764862273.462917,981766,0,0,0,0
1764862273.513271,981816,0,0,0,0
1764862273.5634902,981866,0,0,0,0
1764862273.6138308,981916,0,0,0,0
1764862273.664211,981966,0,0,0,0
1764862273.7134159,982016,0,0,0,0
1764862273.7637088,982066,0,0,0,0
1764862273.8141062,982116,0,0,0,0
1764862273.864459,982166,0,0,0,0
1764862273.914634,982216,0,0,0,0
1764862273.965017,982266,0,0,0,0
1764862274.014348,982316,0,0,0,0
1764862274.064714,982366,0,0,0,0
1764862274.114909,982416,0,0,0,0
1764862274.165256,982466,0,0,0,0
1764862274.21564,982516,0,0,0,0
1764862274.265992,982566,0,0,0,0
1764862274.3151512,982616,0,0,0,0
1764862274.3655128,982666,0,0,0,0
1764862274.415843,982716,0,0,0,0
1764862274.466048,982766,0,0,0,0
1764862274.516405,982816,0,0,0,0
1764862274.5667589,982866,0,0,0,0
1764862274.616087,982916,0,0,0,0
1764862274.666423,982966,0,0,0,0
1764862274.7166321,983016,0,0,0,0
1764862274.7669828,983066,0,0,0,0
1764862274.8173382,983116,0,0,0,0
1764862274.867541,983166,0,0,0,0
1764862274.916893,983216,0,0,0,0
1764862274.967253,983266,0,0,0,0
1764862275.017609,983316,0,0,0,0
1764862275.067829,983366,0,0,0,0
1764862275.118266,983416,0,0,0,0
1764862275.168563,983467,0,0,0,0
1764862275.218762,983517,0,0,0,0
1764862275.269133,983567,0,0,0,0
1764862275.319519,983617,0,0,0,0
1764862275.3697238,983667,0,0,0,0
1764862275.4200819,983717,0,0,0,0
1764862275.469269,983767,0,0,0,0
1764862275.5196538,983817,0,0,0,0
1764862275.5700428,983867,0,0,0,0
1764862275.6202528,983917,0,0,0,0
1764862275.670579,983967,0,0,0,0
1764862275.720929,984017,0,0,0,0
1764862275.770272,984067,0,0,0,0
1764862275.8204858,984117,0,0,0,0
1764862275.870844,984167,0,0,0,0
1764862275.921232,984217,0,0,0,0
1764862275.9713962,984267,0,0,0,0
1764862276.021776,984317,0,0,0,0
1764862276.07103,984367,0,0,0,0
1764862276.121313,984417,0,0,0,0
1764862276.171689,984467,0,0,0,0
1764862276.2220428,984517,0,0,0,0
1764862276.27239,984567,0,0,0,0
1764862276.322585,984617,0,0,0,0
1764862276.3719292,984667,0,0,0,0
1764862276.4222798,984717,0,0,0,0
1764862276.4724832,984767,0,0,0,0
1764862276.5228648,984817,0,0,0,0
1764862276.5731268,984867,0,0,0,0
1764862276.6234,984918,0,0,0,0
1764862276.673716,984968,0,0,0,0
1764862276.724105,985018,0,0,0,0
1764862276.7744691,985068,0,0,0,0
1764862276.824618,985118,0,0,0,0
1764862276.8750038,985168,0,0,0,0
1764862276.924339,985218,0,0,0,0
1764862276.974606,985268,0,0,0,0
1764862277.02504,985318,0,0,0,0
1764862277.075239,985368,0,0,0,0
1764862277.125569,985418,0,0,0,0
1764862277.1759338,985468,0,0,0,0
1764862277.22526,985518,0,0,0,0
1764862277.2756312,985568,0,0,0,0
1764862277.325789,985618,0,0,0,0
1764862277.376141,985668,0,0,0,0
1764862277.4265091,985718,0,0,0,0
1764862277.4768069,985768,0,0,0,0
1764862277.526004,985818,0,0,0,0
1764862277.5763588,985868,0,0,0,0
1764862277.626683,985918,0,0,0,0
1764862277.677066,985968,0,0,0,0
1764862277.72719,986018,0,0,0,0
1764862277.7775779,986068,0,0,0,0
1764862277.826942,986118,0,0,0,0
1764862277.877276,986168,0,0,0,0
1764862277.927486,986218,0,0,0,0
1764862277.977716,986268,0,0,0,0
1764862278.0282261,986318,0,0,0,0
1764862278.0775292,986368,0,0,0,0
1764862278.127857,986418,0,0,0,0
1764862278.178087,986468,0,0,0,0
1764862278.2284539,986518,0,0,0,0
1764862278.278778,986568,0,0,0,0
1764862278.329118,986618,0,0,0,0
1764862278.378182,986668,0,0,0,0
1764862278.4286458,986718,0,0,0,0
1764862278.478997,986768,0,0,0,0
1764862278.5293639,986818,0,0,0,0
1764862278.579555,986868,0,0,0,0
1764862278.629903,986918,0,0,0,0
1764862278.6792471,986968,0,0,0,0
1764862278.729429,987018,0,0,0,0
1764862278.779754,987068,0,0,0,0
1764862278.830116,987118,0,0,0,0
1764862278.880468,987168,0,0,0,0
1764862278.930832,987218,0,0,0,0
1764862278.97997,987268,0,0,0,0
1764862279.0303192,987318,0,0,0,0
1764862279.080696,987368,0,0,0,0
1764862279.13104,987418,0,0,0,0
1764862279.1814091,987468,0,0,0,0
1764862279.231552,987518,0,0,0,0
1764862279.2808928,987568,0,0,0,0
1764862279.331213,987618,0,0,0,0
1764862279.381574,987668,0,0,0,0
1764862279.431922,987718,0,0,0,0
1764862279.48227,987768,0,0,0,0
1764862279.532575,987819,0,0,0,0
1764862279.582765,987869,0,0,0,0
1764862279.633097,987919,0,0,0,0
1764862279.683427,987969,0,0,0,0
1764862279.733769,988019,0,0,0,0
1764862279.7841,988069,0,0,0,0
1764862279.833239,988119,0,0,0,0
1764862279.883602,988169,0,0,0,0
1764862279.933941,988219,0,0,0,0
1764862279.9842958,988269,0,0,0,0
1764862280.0346408,988319,0,0,0,0
1764862280.084828,988369,0,0,0,0
1764862280.1341922,988419,0,0,0,0
1764862280.1845791,988469,0,0,0,0
1764862280.234745,988519,0,0,0,0
1764862280.285028,988569,0,0,0,0
1764862280.335485,988619,0,0,0,0
1764862280.3858402,988669,0,0,0,0
1764862280.435183,988719,0,0,0,0
1764862280.485325,988769,0,0,0,0
1764862280.535697,988819,0,0,0,0
1764862280.585984,988869,0,0,0,0
1764862280.636378,988919,0,0,0,0
1764862280.686715,988969,0,0,0,0
1764862280.7358878,989019,0,0,0,0
1764862280.7862,989069,0,0,0,0
1764862280.836566,989119,0,0,0,0
1764862280.886935,989169,0,0,0,0
1764862280.93712,989219,0,0,0,0
1764862280.9874601,989270,0,0,0,0
1764862281.037838,989320,0,0,0,0
1764862281.0884109,989370,0,0,0,0
1764862281.138348,989420,0,0,0,0
1764862281.188728,989470,0,0,0,0
1764862281.239063,989520,0,0,0,0
1764862281.2884,989570,0,0,0,0
1764862281.338602,989620,0,0,0,0
1764862281.388976,989670,0,0,0,0
1764862281.439347,989720,0,0,0,0
1764862281.489564,989770,0,0,0,0
1764862281.5398679,989820,0,0,0,0
1764862281.589264,989870,0,0,0,0
1764862281.639652,989920,0,0,0,0
1764862281.6897962,989970,0,0,0,0
1764862281.7401931,990020,0,0,0,0
1764862281.7905128,990070,0,0,0,0
1764862281.840702,990120,0,0,0,0
1764862281.890107,990170,0,0,0,0
1764862281.940454,990220,0,0,0,0
1764862281.990644,990270,0,0,0,0
1764862282.041017,990320,0,0,0,0
1764862282.091396,990370,0,0,0,0
1764862282.142421,990420,0,0,0,0
1764862282.190909,990470,0,0,0,0
1764862282.241219,990520,0,0,0,0
1764862282.291509,990570,0,0,0,0
1764862282.341849,990620,0,0,0,0
1764862282.39222,990670,0,0,0,0
1764862282.441539,990720,0,0,0,0
1764862282.491758,990770,0,0,0,0
1764862282.542156,990820,0,0,0,0
1764862282.592502,990870,0,0,0,0
1764862282.6427011,990920,0,0,0,0
1764862282.6930518,990970,0,0,0,0
1764862282.742377,991020,0,0,0,0
1764862282.792587,991070,0,0,0,0
1764862282.842923,991120,0,0,0,0
1764862282.8933089,991170,0,0,0,0
1764862282.9436622,991220,0,0,0,0
1764862282.993862,991270,0,0,0,0
1764862283.0432,991320,0,0,0,0
1764862283.093569,991370,0,0,0,0
1764862283.143745,991420,0,0,0,0
1764862283.19415,991470,0,0,0,0
1764862283.244512,991520,0,0,0,0
1764862283.294692,991570,0,0,0,0
1764862283.344033,991620,0,0,0,0
1764862283.3944142,991670,0,0,0,0
1764862283.444646,991720,0,0,0,0
1764862283.4950268,991770,0,0,0,0
1764862283.545404,991820,0,0,0,0
1764862283.5956008,991870,0,0,0,0
1764862283.644927,991920,0,0,0,0
1764862283.6951559,991970,0,0,0,0
1764862283.7454998,992020,0,0,0,0
1764862283.795868,992070,0,0,0,0
1764862283.846122,992120,0,0,0,0
1764862283.8964632,992171,0,0,0,0
1764862283.946841,992221,0,0,0,0
1764862283.997022,992271,0,0,0,0
1764862284.0474088,992321,0,0,0,0
1764862284.09777,992371,0,0,0,0
1764862284.147997,992421,0,0,0,0
1764862284.197336,992471,0,0,0,0
1764862284.2476969,992521,0,0,0,0
1764862284.297921,992571,0,0,0,0
1764862284.3482711,992621,0,0,0,0
1764862284.398635,992671,0,0,0,0
1764862284.448873,992721,0,0,0,0
1764862284.49821,992771,0,0,0,0
1764862284.5486069,992821,0,0,0,0
1764862284.598706,992871,0,0,0,0
1764862284.649158,992921,0,0,0,0
1764862284.6995468,992971,0,0,0,0
1764862284.7497349,993021,0,0,0,0
1764862284.799128,993071,0,0,0,0
1764862284.84928,993121,0,0,0,0
1764862284.89966,993171,0,0,0,0
1764862284.9500558,993221,0,0,0,0
1764862285.000254,993271,0,0,0,0
1764862285.050708,993321,0,0,0,0
1764862285.0999832,993371,0,0,0,0
1764862285.1501539,993421,0,0,0,0
1764862285.2005382,993471,0,0,0,0
1764862285.250898,993521,0,0,0,0
1764862285.3011131,993571,0,0,0,0
1764862285.3514712,993622,0,0,0,0
1764862285.401866,993672,0,0,0,0
1764862285.452045,993722,0,0,0,0
1764862285.50241,993772,0,0,0,0
1764862285.5528069,993822,0,0,0,0
1764862285.603134,993872,0,0,0,0
1764862285.652339,993922,0,0,0,0
1764862285.702681,993972,0,0,0,0
1764862285.753115,994022,0,0,0,0
1764862285.803256,994072,0,0,0,0
1764862285.853626,994122,0,0,0,0
1764862285.904002,994172,0,0,0,0
1764862285.953186,994222,0,0,0,0
1764862286.003544,994272,0,0,0,0
1764862286.05376,994322,0,0,0,0
1764862286.10411,994372,0,0,0,0
1764862286.154359,994422,0,0,0,0
1764862286.20474,994472,0,0,0,0
1764862286.254018,994522,0,0,0,0
1764862286.304404,994572,0,0,0,0
1764862286.35478,994622,0,0,0,0
1764862286.404979,994672,0,0,0,0
1764862286.4553568,994722,0,0,0,0
1764862286.5055501,994772,0,0,0,0
1764862286.554846,994822,0,0,0,0
1764862286.605281,994872,0,0,0,0
1764862286.655622,994922,0,0,0,0
1764862286.705848,994972,0,0,0,0
1764862286.7561111,995022,0,0,0,0
1764862286.805393,995072,0,0,0,0
1764862286.8557491,995122,0,0,0,0
1764862286.906128,995172,0,0,0,0
1764862286.95634,995222,0,0,0,0
1764862287.006672,995272,0,0,0,0
1764862287.05711,995322,0,0,0,0
1764862287.1063738,995372,0,0,0,0
1764862287.1565492,995422,0,0,0,0
1764862287.206934,995472,0,0,0,0
1764862287.257328,995522,0,0,0,0
1764862287.3075058,995572,0,0,0,0
1764862287.3578749,995622,0,0,0,0
1764862287.407244,995672,0,0,0,0
1764862287.45733,995722,0,0,0,0
1764862287.50784,995772,0,0,0,0
1764862287.558172,995822,0,0,0,0
1764862287.608535,995872,0,0,0,0
1764862287.658729,995922,0,0,0,0
1764862287.708081,995972,0,0,0,0
1764862287.758283,996022,0,0,0,0
1764862287.8086379,996072,0,0,0,0
1764862287.8590112,996122,0,0,0,0
1764862287.909225,996172,0,0,0,0
1764862287.959581,996222,0,0,0,0
1764862288.0089211,996272,0,0,0,0
1764862288.0592918,996322,0,0,0,0
1764862288.109489,996372,0,0,0,0
1764862288.159868,996422,0,0,0,0
1764862288.210242,996472,0,0,0,0
1764862288.260418,996523,0,0,0,0
1764862288.310816,996573,0,0,0,0
1764862288.361168,996623,0,0,0,0
1764862288.411356,996673,0,0,0,0
1764862288.4617732,996723,0,0,0,0
1764862288.512127,996773,0,0,0,0
1764862288.561326,996823,0,0,0,0
1764862288.611665,996873,0,0,0,0
1764862288.662088,996923,0,0,0,0
1764862288.712252,996973,0,0,0,0
1764862288.762632,997023,0,0,0,0
1764862288.813073,997073,0,0,0,0
1764862288.862199,997123,0,0,0,0
1764862288.912589,997173,0,0,0,0
1764862288.962792,997223,0,0,0,0
1764862289.013168,997273,0,0,0,0
1764862289.063352,997323,0,0,0,0
1764862289.113748,997373,0,0,0,0
1764862289.163082,997423,0,0,0,0
1764862289.213291,997473,0,0,0,0
1764862289.263658,997523,0,0,0,0
1764862289.314074,997573,0,0,0,0
1764862289.3642108,997623,0,0,0,0
1764862289.414602,997673,0,0,0,0
1764862289.464019,997723,0,0,0,0
1764862289.514318,997773,0,0,0,0
1764862289.564522,997823,0,0,0,0
1764862289.614881,997873,0,0,0,0
1764862289.665266,997923,0,0,0,0
1764862289.715467,997974,0,0,0,0
1764862289.7658198,998024,0,0,0,0
1764862289.8161988,998074,0,0,0,0
1764862289.8662982,998124,0,0,0,0
1764862289.9167738,998174,0,0,0,0
1764862289.967147,998224,0,0,0,0
1764862290.01633,998274,0,0,0,0
1764862290.066717,998324,0,0,0,0
1764862290.11708,998374,0,0,0,0
1764862290.1672802,998424,0,0,0,0
1764862290.2175639,998474,0,0,0,0
1764862290.2678661,998524,0,0,0,0
1764862290.317208,998574,0,0,0,0
1764862290.367473,998624,0,0,0,0
1764862290.417655,998674,0,0,0,0
1764862290.468159,998724,0,0,0,0
1764862290.5185258,998774,0,0,0,0
1764862290.5687208,998824,0,0,0,0
1764862290.618033,998874,0,0,0,0
1764862290.668383,998924,0,0,0,0
1764862290.718781,998974,0,0,0,0
1764862290.768981,999024,0,0,0,0
1764862290.8193338,999074,0,0,0,0
1764862290.869698,999124,0,0,0,0
1764862290.918899,999174,0,0,0,0
1764862290.9692302,999224,0,0,0,0
1764862291.0196328,999274,0,0,0,0
1764862291.070027,999324,0,0,0,0
1764862291.120176,999374,0,0,0,0
1764862291.169527,999424,0,0,0,0
1764862291.219699,999474,0,0,0,0
1764862291.270068,999524,0,0,0,0
1764862291.320479,999574,0,0,0,0
1764862291.370653,999624,0,0,0,0
1764862291.421037,999674,0,0,0,0
1764862291.4703722,999724,0,0,0,0
1764862291.520593,999774,0,0,0,0
1764862291.571031,999824,0,0,0,0
1764862291.621336,999874,0,0,0,0
1764862291.6715589,999924,0,0,0,0
1764862291.721927,999974,0,0,0,0
1764862291.771304,1000024,0,0,0,0
1764862291.821516,1000074,0,0,0,0
1764862291.8717859,1000124,0,0,0,0
1764862291.9221828,1000174,0,0,0,0
1764862291.972409,1000224,0,0,0,0
1764862292.022763,1000274,0,0,0,0
1764862292.072036,1000324,0,0,0,0
1764862292.122277,1000374,0,0,0,0
1764862292.1726542,1000424,0,0,0,0
1764862292.223022,1000474,0,0,0,0
1764862292.273219,1000524,0,0,0,0
1764862292.323468,1000574,0,0,0,0
1764862292.372916,1000624,0,0,0,0
1764862292.423294,1000674,0,0,0,0
1764862292.473481,1000724,0,0,0,0
1764862292.5238981,1000774,0,0,0,0
1764862292.574253,1000824,0,0,0,0
1764862292.624417,1000875,0,0,0,0
1764862292.674817,1000925,0,0,0,0
1764862292.725164,1000975,0,0,0,0
1764862292.775359,1001025,0,0,0,0
1764862292.825762,1001075,0,0,0,0
1764862292.876086,1001125,0,0,0,0
1764862292.9252841,1001175,0,0,0,0
1764862292.9756851,1001225,0,0,0,0
1764862293.0260448,1001275,0,0,0,0
1764862293.076288,1001325,0,0,0,0
1764862293.1266718,1001375,0,0,0,0
1764862293.176866,1001425,0,0,0,0
1764862293.226184,1001475,0,0,0,0
1764862293.276582,1001525,0,0,0,0
1764862293.3267589,1001575,0,0,0,0
1764862293.3771148,1001625,0,0,0,0
1764862293.427375,1001675,0,0,0,0
1764862293.477751,1001725,0,0,0,0
1764862293.527115,1001775,0,0,0,0
1764862293.5774531,1001825,0,0,0,0
1764862293.6276622,1001875,0,0,0,0
1764862293.678039,1001925,0,0,0,0
1764862293.728398,1001975,0,0,0,0
1764862293.7785769,1002025,0,0,0,0
1764862293.828016,1002075,0,0,0,0
1764862293.8783019,1002125,0,0,0,0
1764862293.928509,1002175,0,0,0,0
1764862293.978893,1002225,0,0,0,0
1764862294.029136,1002275,0,0,0,0
1764862294.0794969,1002326,0,0,0,0
1764862294.129886,1002376,0,0,0,0
1764862294.180074,1002426,0,0,0,0
1764862294.230439,1002476,0,0,0,0
1764862294.2808378,1002526,0,0,0,0
1764862294.3310342,1002576,0,0,0,0
1764862294.380364,1002626,0,0,0,0
1764862294.430648,1002676,0,0,0,0
1764862294.480989,1002726,0,0,0,0
1764862294.531326,1002776,0,0,0,0
1764862294.5815492,1002826,0,0,0,0
1764862294.6319108,1002876,0,0,0,0
1764862294.681248,1002926,0,0,0,0
1764862294.7314932,1002976,0,0,0,0
1764862294.781872,1003026,0,0,0,0
1764862294.8322592,1003076,0,0,0,0
1764862294.882424,1003126,0,0,0,0
1764862294.932823,1003176,0,0,0,0
1764862294.982027,1003226,0,0,0,0
1764862295.032311,1003276,0,0,0,0
1764862295.0828328,1003326,0,0,0,0
1764862295.132875,1003376,0,0,0,0
1764862295.183289,1003426,0,0,0,0
1764862295.233732,1003476,0,0,0,0
1764862295.2829728,1003526,0,0,0,0
1764862295.333303,1003576,0,0,0,0
1764862295.3834,1003626,0,0,0,0
1764862295.433886,1003676,0,0,0,0
1764862295.484085,1003726,0,0,0,0
1764862295.533443,1003776,0,0,0,0
1764862295.583806,1003826,0,0,0,0
1764862295.634051,1003876,0,0,0,0
1764862295.684408,1003926,0,0,0,0
1764862295.7348092,1003976,0,0,0,0
1764862295.785024,1004026,0,0,0,0
1764862295.8343868,1004076,0,0,0,0
1764862295.884604,1004126,0,0,0,0
1764862295.934945,1004176,0,0,0,0
1764862295.985322,1004226,0,0,0,0
1764862296.035553,1004276,0,0,0,0
1764862296.085975,1004326,0,0,0,0
1764862296.135016,1004376,0,0,0,0
1764862296.185478,1004426,0,0,0,0
1764862296.235859,1004476,0,0,0,0
1764862296.2860749,1004526,0,0,0,0
1764862296.336409,1004576,0,0,0,0
1764862296.386774,1004626,0,0,0,0
1764862296.436005,1004676,0,0,0,0
1764862296.486346,1004726,0,0,0,0
1764862296.536736,1004776,0,0,0,0
1764862296.586964,1004826,0,0,0,0
1764862296.6373062,1004876,0,0,0,0
1764862296.687671,1004926,0,0,0,0
1764862296.736851,1004976,0,0,0,0
1764862296.7872498,1005026,0,0,0,0
1764862296.837642,1005076,0,0,0,0
1764862296.887829,1005126,0,0,0,0
1764862296.938184,1005176,0,0,0,0
1764862296.988568,1005227,0,0,0,0
1764862297.038763,1005277,0,0,0,0
1764862297.089152,1005327,0,0,0,0
1764862297.139337,1005377,0,0,0,0
1764862297.1897469,1005427,0,0,0,0
1764862297.24196,1005477,0,0,0,0
1764862297.289302,1005527,0,0,0,0
1764862297.339678,1005577,0,0,0,0
1764862297.389868,1005627,0,0,0,0
1764862297.4402509,1005677,0,0,0,0
1764862297.490604,1005727,0,0,0,0
1764862297.5408561,1005777,0,0,0,0
1764862297.590196,1005827,0,0,0,0
1764862297.640556,1005877,0,0,0,0
1764862297.69076,1005927,0,0,0,0
1764862297.741129,1005977,0,0,0,0
1764862297.791518,1006027,0,0,0,0
1764862297.841713,1006077,0,0,0,0
1764862297.891087,1006127,0,0,0,0
1764862297.9414709,1006177,0,0,0,0
1764862297.9916632,1006227,0,0,0,0
1764862298.042012,1006277,0,0,0,0
1764862298.0924008,1006327,0,0,0,0
1764862298.142612,1006377,0,0,0,0
1764862298.191985,1006427,0,0,0,0
1764862298.242174,1006477,0,0,0,0
1764862298.292525,1006527,0,0,0,0
1764862298.343884,1006577,0,0,0,0
1764862298.393068,1006627,0,0,0,0
1764862298.4434261,1006678,0,0,0,0
1764862298.493796,1006728,0,0,0,0
1764862298.5441642,1006778,0,0,0,0
1764862298.594502,1006828,0,0,0,0
1764862298.644712,1006878,0,0,0,0
1764862298.695082,1006928,0,0,0,0
1764862298.744371,1006978,0,0,0,0
1764862298.794577,1007028,0,0,0,0
1764862298.8449652,1007078,0,0,0,0
1764862298.895307,1007128,0,0,0,0
1764862298.945698,1007178,0,0,0,0
1764862298.99592,1007228,0,0,0,0
1764862299.045234,1007278,0,0,0,0
1764862299.0956118,1007328,0,0,0,0
1764862299.145806,1007378,0,0,0,0
1764862299.196178,1007428,0,0,0,0
1764862299.246526,1007478,0,0,0,0
1764862299.29675,1007528,0,0,0,0
1764862299.346113,1007578,0,0,0,0
1764862299.3963141,1007628,0,0,0,0
1764862299.446697,1007678,0,0,0,0
1764862299.497029,1007728,0,0,0,0
1764862299.547263,1007778,0,0,0,0
1764862299.5976472,1007828,0,0,0,0
1764862299.646854,1007878,0,0,0,0
1764862299.697166,1007928,0,0,0,0
1764862299.747541,1007978,0,0,0,0
1764862299.79791,1008028,0,0,0,0
1764862299.848244,1008078,0,0,0,0
1764862299.897419,1008128,0,0,0,0
1764862299.9477818,1008178,0,0,0,0
1764862299.998134,1008228,0,0,0,0
1764862300.048503,1008278,0,0,0,0
1764862300.098701,1008328,0,0,0,0
1764862300.149058,1008378,0,0,0,0
1764862300.1983411,1008428,0,0,0,0
1764862300.248615,1008478,-49,0,0,0
1764862300.29894,1008528,-216,0,0,0
1764862300.3493178,1008578,-397,0,0,0
1764862300.3999202,1008628,-578,0,0,0
1764862300.4500601,1008678,-758,0,0,0
1764862300.4992409,1008728,-934,0,0,0
1764862300.549603,1008778,-1114,0,0,0
1764862300.599964,1008828,-1294,0,0,0
1764862300.6501691,1008878,-1473,0,0,0
1764862300.7005498,1008928,-1653,0,0,0
1764862300.7508988,1008978,-1833,0,0,0
1764862300.800239,1009028,-2009,0,0,0
1764862300.850345,1009078,-2188,0,0,0
1764862300.900797,1009128,-2367,0,0,0
1764862300.9513159,1009178,-2547,0,0,0
1764862301.001492,1009228,-2726,0,0,0
1764862301.051685,1009278,-2905,0,0,0
1764862301.101171,1009328,-3081,0,0,0
1764862301.1513941,1009378,-3260,0,0,0
1764862301.201612,1009428,-3439,0,0,0
1764862301.252861,1009478,-3619,0,0,0
1764862301.302335,1009528,-3798,0,0,0
1764862301.352493,1009579,-3977,0,0,0
1764862301.40289,1009629,-4156,0,0,0
1764862301.4532459,1009679,-4335,0,0,0
1764862301.503605,1009729,-4514,0,0,0
1764862301.5539148,1009779,-4693,0,0,0
1764862301.6039639,1009829,-4871,0,0,0
1764862301.653402,1009879,-5047,0,0,0
1764862301.703896,1009929,-5226,0,0,0
1764862301.7540421,1009979,-5404,0,0,0
1764862301.804391,1010029,-5583,0,0,0
1764862301.8547251,1010079,-5762,0,0,0
1764862301.905097,1010129,-5941,0,0,0
1764862301.9542458,1010179,-6116,0,0,0
1764862302.0046039,1010229,-6295,0,0,0
1764862302.05498,1010279,-6474,0,0,0
1764862302.10534,1010329,-6653,0,0,0
1764862302.1556952,1010379,-6832,0,0,0
1764862302.206026,1010429,-7011,0,0,0
1764862302.255212,1010479,-7186,0,0,0
1764862302.305571,1010529,-7365,0,0,0
1764862302.35577,1010579,-7544,0,0,0
1764862302.406136,1010629,-7723,0,0,0
1764862302.456465,1010679,-7902,0,0,0
1764862302.506603,1010729,-7997,0,0,0
1764862302.556013,1010779,-8000,0,0,0
1764862302.606208,1010829,-8000,0,0,0
1764862302.65649,1010879,-8000,0,0,0
1764862302.706958,1010929,-8000,0,0,0
1764862302.757131,1010979,-8000,0,0,0
1764862302.807481,1011030,-8000,0,0,0
1764862302.85788,1011080,-8000,0,0,0
1764862302.908142,1011130,-8000,0,0,0
1764862302.958415,1011180,-8000,0,0,0
1764862303.0087948,1011230,-8000,0,0,0
1764862303.059139,1011280,-8000,0,0,0
1764862303.10834,1011330,-8000,0,0,0
1764862303.1587021,1011380,-8000,0,0,0
1764862303.2089229,1011430,-8000,0,0,0
1764862303.259299,1011480,-8000,0,0,0
1764862303.309664,1011530,-8000,0,0,0
1764862303.359884,1011580,-8000,0,0,0
1764862303.409204,1011630,-8000,0,0,0
1764862303.4595468,1011680,-8000,0,0,0
1764862303.5097651,1011730,-8000,0,0,0
1764862303.560151,1011780,-8000,0,0,0
1764862303.610514,1011830,-8000,0,0,0
1764862303.660883,1011880,-8000,0,0,0
1764862303.7100348,1011930,-8000,0,0,0
1764862303.760412,1011980,-8000,0,0,0
1764862303.810684,1012030,-8000,0,0,0
1764862303.86098,1012080,-8000,0,0,0
1764862303.911353,1012130,-8000,0,0,0
1764862303.961759,1012180,-8000,0,0,0
1764862304.010893,1012230,-8000,0,0,0
1764862304.0612621,1012280,-8000,0,0,0
1764862304.111478,1012330,-8000,0,0,0
1764862304.161881,1012380,-8000,0,0,0
1764862304.212202,1012430,-8000,0,0,0
1764862304.261514,1012480,-8000,0,0,0
1764862304.311718,1012530,-8000,0,0,0
1764862304.3620968,1012580,-8000,0,0,0
1764862304.412456,1012630,-8000,0,0,0
1764862304.4628549,1012680,-8000,0,0,0
1764862304.512994,1012730,-8000,0,0,0
1764862304.562342,1012780,-8000,0,0,0
1764862304.612709,1012830,-8000,0,0,0
1764862304.662807,1012880,-8000,0,0,0
1764862304.713268,1012930,-8000,0,0,0
1764862304.7636428,1012980,-8000,0,0,0
1764862304.8139782,1013030,-8000,0,0,0
1764862304.863159,1013080,-8000,0,0,0
1764862304.913534,1013130,-8000,0,0,0
1764862304.963718,1013180,-8000,0,0,0
1764862305.0141098,1013230,-8000,0,0,0
1764862305.064446,1013280,-8000,0,0,0
1764862305.114862,1013330,-8000,0,0,0
1764862305.163977,1013380,-8000,0,0,0
1764862305.214356,1013430,-8000,0,0,0
1764862305.2647371,1013480,-8000,0,0,0
1764862305.314958,1013530,-8000,0,0,0
1764862305.365333,1013580,-8000,0,0,0
1764862305.415682,1013630,-8000,0,0,0
1764862305.4648519,1013680,-8000,0,0,0
1764862305.515199,1013730,-8000,0,0,0
1764862305.565577,1013780,-8000,0,0,0
1764862305.6159449,1013830,-8000,0,0,0
1764862305.6661172,1013880,-8000,0,0,0
1764862305.716492,1013931,-8000,0,0,0
1764862305.766845,1013981,-8000,0,0,0
1764862305.817067,1014031,-8000,0,0,0
1764862305.8674219,1014081,-8000,0,0,0
1764862305.917857,1014131,-8000,0,0,0
1764862305.967996,1014181,-8000,0,0,0
1764862306.017527,1014231,-8000,0,0,0
1764862306.0677152,1014281,-8000,0,0,0
1764862306.117913,1014331,-8000,0,0,0
1764862306.168281,1014381,-8000,0,0,0
1764862306.218623,1014431,-8000,0,0,0
1764862306.268807,1014481,-8000,0,0,0
1764862306.318183,1014531,-8000,0,0,0
1764862306.368531,1014581,-8000,0,0,0
1764862306.418875,1014631,-8000,0,0,0
1764862306.469034,1014681,-8000,0,0,0
1764862306.5194309,1014731,-8000,0,0,0
1764862306.569841,1014781,-8000,0,0,0
1764862306.619353,1014831,-8000,0,0,0
1764862306.669325,1014881,-8000,0,0,0
1764862306.71967,1014931,-8000,0,0,0
1764862306.7700539,1014981,-8000,0,0,0
1764862306.820236,1015031,-8000,0,0,0
1764862306.8706071,1015081,-8000,0,0,0
1764862306.919956,1015131,-8000,0,0,0
1764862306.970125,1015181,-8000,0,0,0
1764862307.020459,1015231,-8000,0,0,0
1764862307.0708742,1015281,-8000,0,0,0
1764862307.121191,1015331,-8000,0,0,0
1764862307.171382,1015382,-8000,0,0,0
1764862307.2217338,1015432,-8000,0,0,0
1764862307.272105,1015482,-8000,0,0,0
1764862307.322489,1015532,-8000,0,0,0
1764862307.3727,1015582,-8000,0,0,0
1764862307.4230652,1015632,-8000,0,0,0
1764862307.472387,1015682,-8000,0,0,0
1764862307.5227468,1015732,-8000,0,0,0
1764862307.572941,1015782,-8000,0,0,0
1764862307.623274,1015832,-8000,0,0,0
1764862307.673621,1015882,-8000,0,0,0
1764862307.7240121,1015932,-8000,0,0,0
1764862307.774385,1015982,-8000,0,0,0
1764862307.823529,1016032,-8000,0,0,0
1764862307.873871,1016082,-8000,0,0,0
1764862307.9240901,1016132,-8000,0,0,0
1764862307.974432,1016182,-8000,0,0,0
1764862308.024797,1016232,-8000,0,0,0
1764862308.073973,1016282,-8000,0,0,0
1764862308.124331,1016332,-8000,0,0,0
1764862308.174724,1016382,-8000,0,0,0
1764862308.224906,1016432,-8000,0,0,0
1764862308.2752588,1016482,-8000,0,0,0
1764862308.325699,1016532,-8000,0,0,0
1764862308.3751411,1016582,-7978,0,0,0
1764862308.425332,1016632,-7834,0,0,0
1764862308.475735,1016682,-7652,0,0,0
1764862308.5259168,1016732,-7471,0,0,0
1764862308.57644,1016782,-7290,0,0,0
1764862308.625597,1016832,-7113,0,0,0
1764862308.675817,1016882,-6933,0,0,0
1764862308.726007,1016932,-6753,0,0,0
1764862308.776563,1016982,-6572,0,0,0
1764862308.8269079,1017032,-6392,0,0,0
1764862308.877107,1017082,-6212,0,0,0
1764862308.92643,1017132,-6035,0,0,0
1764862308.976825,1017182,-5855,0,0,0
1764862309.027196,1017232,-5675,0,0,0
1764862309.077227,1017282,-5496,0,0,0
1764862309.127456,1017332,-5316,0,0,0
1764862309.1779368,1017382,-5136,0,0,0
1764862309.227288,1017432,-4960,0,0,0
1764862309.2776508,1017482,-4780,0,0,0
1764862309.328022,1017532,-4600,0,0,0
1764862309.378242,1017582,-4420,0,0,0
1764862309.4285572,1017632,-4240,0,0,0
1764862309.478976,1017682,-4060,0,0,0
1764862309.52814,1017732,-3884,0,0,0
1764862309.5785,1017782,-3705,0,0,0
1764862309.628673,1017832,-3526,0,0,0
1764862309.679233,1017882,-3346,0,0,0
1764862309.729413,1017932,-3167,0,0,0
1764862309.7799401,1017982,-2987,0,0,0
1764862309.8289258,1018032,-2812,0,0,0
1764862309.879314,1018082,-2632,0,0,0
1764862309.9296808,1018132,-2453,0,0,0
1764862309.980024,1018182,-2273,0,0,0
1764862310.030221,1018232,-2094,0,0,0
1764862310.080451,1018283,-1915,0,0,0
1764862310.1309922,1018333,-1735,0,0,0
1764862310.181204,1018383,-1556,0,0,0
1764862310.2315588,1018433,-1376,0,0,0
1764862310.2818,1018483,-1197,0,0,0
1764862310.332313,1018533,-1017,0,0,0
1764862310.3815181,1018583,-841,0,0,0
1764862310.4317162,1018633,-662,0,0,0
1764862310.482229,1018683,-482,0,0,0
1764862310.5322812,1018733,-303,0,0,0
1764862310.582795,1018783,-123,0,0,0
1764862310.633,1018833,-8,0,0,0
1764862310.6821709,1018883,0,0,0,0
1764862310.732885,1018933,0,0,0,0
1764862310.782919,1018983,0,0,0,0
1764862310.833111,1019033,0,0,0,0
1764862310.883484,1019083,0,0,0,0
1764862310.933846,1019133,0,0,0,0
1764862310.983011,1019183,0,0,0,0
1764862311.033389,1019233,0,0,0,0
1764862311.083759,1019283,0,0,0,0
1764862311.13397,1019333,0,0,0,0
1764862311.1843278,1019383,0,0,0,0
1764862311.2347038,1019433,0,0,0,0
1764862311.28389,1019483,0,0,0,0
1764862311.334252,1019533,0,0,0,0
1764862311.384465,1019583,0,0,0,0
1764862311.434865,1019633,0,0,0,0
1764862311.485213,1019683,0,0,0,0
1764862311.535431,1019734,0,0,0,0
1764862311.585781,1019784,0,0,0,0
1764862311.636079,1019834,0,0,0,0
1764862311.6863601,1019884,0,0,0,0
1764862311.736777,1019934,0,0,0,0
1764862311.787043,1019984,0,0,0,0
1764862311.8362901,1020034,0,0,0,0
1764862311.886656,1020084,0,0,0,0
1764862311.937044,1020134,0,0,0,0
1764862311.987365,1020184,0,0,0,0
1764862312.037583,1020234,0,0,0,0
1764862312.087931,1020284,0,0,0,0
1764862312.137296,1020334,0,0,0,0
1764862312.187503,1020384,0,0,0,0
1764862312.2377641,1020434,0,0,0,0
1764862312.288231,1020484,0,0,0,0
1764862312.338399,1020534,0,0,0,0
1764862312.388761,1020584,0,0,0,0
1764862312.438109,1020634,0,0,0,0
1764862312.488319,1020684,0,0,0,0
1764862312.538763,1020734,0,0,0,0
1764862312.589056,1020784,0,0,0,0
1764862312.639273,1020834,0,0,0,0
1764862312.6896262,1020884,0,0,0,0
1764862312.73898,1020934,0,0,0,0
1764862312.789175,1020984,0,0,0,0
1764862312.839583,1021034,0,0,0,0
1764862312.889945,1021084,0,0,0,0
1764862312.940119,1021134,0,0,0,0
1764862312.9894369,1021184,0,0,0,0
1764862313.0397708,1021234,0,0,0,0
1764862313.0901408,1021284,0,0,0,0
1764862313.140519,1021334,0,0,0,0
1764862313.190745,1021384,0,0,0,0
1764862313.2410429,1021434,0,0,0,0
1764862313.290373,1021484,0,0,0,0
1764862313.340555,1021534,0,0,0,0
1764862313.390943,1021584,0,0,0,0
1764862313.441291,1021634,0,0,0,0
1764862313.491609,1021684,0,0,0,0
1764862313.5418298,1021734,0,0,0,0
1764862313.591142,1021784,0,0,0,0
1764862313.641533,1021834,0,0,0,0
1764862313.6918569,1021884,0,0,0,0
1764862313.7420712,1021934,0,0,0,0
1764862313.792445,1021984,0,0,0,0
1764862313.8428018,1022034,0,0,0,0
1764862313.891959,1022084,0,0,0,0
1764862313.942367,1022134,0,0,0,0
1764862313.992604,1022184,0,0,0,0
1764862314.042927,1022234,0,0,0,0
1764862314.093301,1022284,0,0,0,0
1764862314.1437042,1022334,0,0,0,0
1764862314.192821,1022384,0,0,0,0
1764862314.243221,1022434,0,0,0,0
1764862314.293406,1022484,0,0,0,0
1764862314.3438232,1022534,0,0,0,0
1764862314.394183,1022584,0,0,0,0
1764862314.444552,1022635,0,0,0,0
1764862314.4947178,1022685,0,0,0,0
1764862314.545107,1022735,0,0,0,0
1764862314.5953338,1022785,0,0,0,0
1764862314.64573,1022835,0,0,0,0
1764862314.6960719,1022885,0,0,0,0
1764862314.745434,1022935,0,0,0,0
1764862314.795604,1022985,0,0,0,0
1764862314.845967,1023035,0,0,0,0
1764862314.896322,1023085,0,0,0,0
1764862314.946522,1023135,0,0,0,0
1764862314.996872,1023185,0,0,0,0
1764862315.046249,1023235,0,0,0,0
1764862315.096444,1023285,0,0,0,0
1764862315.146862,1023335,0,0,0,0
1764862315.1972039,1023385,0,0,0,0
1764862315.2474198,1023435,0,0,0,0
1764862315.297787,1023485,0,0,0,0
1764862315.3469608,1023535,0,0,0,0
1764862315.397321,1023585,0,0,0,0
1764862315.447715,1023635,0,0,0,0
1764862315.4980302,1023685,0,0,0,0
1764862315.54824,1023735,0,0,0,0
1764862315.59858,1023785,0,0,0,0
1764862315.6479292,1023835,0,0,0,0
1764862315.6982982,1023885,0,0,0,0
1764862315.748457,1023935,0,0,0,0
1764862315.798837,1023985,0,0,0,0
1764862315.849212,1024035,0,0,0,0
1764862315.8994,1024086,0,0,0,0
1764862315.9497862,1024136,0,0,0,0
1764862316.000118,1024186,0,0,0,0
1764862316.0504801,1024236,0,0,0,0
1764862316.100676,1024286,0,0,0,0
1764862316.151041,1024336,0,0,0,0
1764862316.2004008,1024386,0,0,0,0
1764862316.2505999,1024436,0,0,0,0
1764862316.300973,1024486,0,0,0,0
1764862316.3513448,1024536,0,0,0,0
1764862316.4016829,1024586,0,0,0,0
1764862316.4518988,1024636,0,0,0,0
1764862316.501251,1024686,0,0,0,0
1764862316.551426,1024736,0,0,0,0
1764862316.601804,1024786,0,0,0,0
1764862316.652153,1024836,0,0,0,0
1764862316.702503,1024886,0,0,0,0
1764862316.752697,1024936,0,0,0,0
1764862316.802017,1024986,0,0,0,0
1764862316.852403,1025036,0,0,0,0
1764862316.902755,1025086,0,0,0,0
1764862316.952956,1025136,0,0,0,0
1764862317.003297,1025186,0,0,0,0
1764862317.053659,1025236,0,0,0,0
1764862317.102839,1025286,0,0,0,0
1764862317.1532328,1025336,0,0,0,0
1764862317.203597,1025386,0,0,0,0
1764862317.253768,1025436,0,0,0,0
1764862317.304152,1025486,0,0,0,0
1764862317.3535109,1025536,0,0,0,0
1764862317.403859,1025586,0,0,0,0
1764862317.454058,1025636,0,0,0,0
1764862317.504411,1025686,0,0,0,0
1764862317.554789,1025736,0,0,0,0
1764862317.605139,1025786,0,0,0,0
1764862317.654321,1025836,0,0,0,0
1764862317.704705,1025886,0,0,0,0
1764862317.754914,1025936,0,0,0,0
1764862317.805274,1025986,0,0,0,0
1764862317.85568,1026036,0,0,0,0
1764862317.905898,1026086,0,0,0,0
1764862317.955243,1026136,0,0,0,0
1764862318.005428,1026186,0,0,0,0
1764862318.055774,1026236,0,0,0,0
1764862318.1061811,1026286,0,0,0,0
1764862318.1564028,1026336,0,0,0,0
1764862318.206785,1026386,0,0,0,0
1764862318.256119,1026436,0,0,0,0
1764862318.306294,1026486,0,0,0,0
1764862318.35667,1026536,0,0,0,0
1764862318.407058,1026586,0,0,0,0
1764862318.457265,1026636,0,0,0,0
1764862318.507669,1026686,0,0,0,0
1764862318.556981,1026736,0,0,0,0
1764862318.607174,1026786,0,0,0,0
1764862318.657557,1026836,0,0,0,0
1764862318.707932,1026886,0,0,0,0
1764862318.758079,1026936,0,0,0,0
1764862318.8084621,1026987,0,0,0,0
1764862318.858786,1027037,0,0,0,0
1764862318.9091752,1027087,0,0,0,0
1764862318.959388,1027137,0,0,0,0
1764862319.0097501,1027187,0,0,0,0
1764862319.060117,1027237,0,0,0,0
1764862319.109317,1027287,0,0,0,0
1764862319.159677,1027337,0,0,0,0
1764862319.210027,1027387,0,0,0,0
1764862319.2601302,1027437,0,0,0,0
1764862319.310653,1027487,0,0,0,0
1764862319.36097,1027537,0,0,0,0
1764862319.410304,1027587,0,0,0,0
1764862319.460452,1027637,0,0,0,0
1764862319.510876,1027687,0,0,0,0
1764862319.5610728,1027737,0,0,0,0
1764862319.6114628,1027787,0,0,0,0
1764862319.66183,1027837,0,0,0,0
1764862319.711025,1027887,0,0,0,0
1764862319.761376,1027937,0,0,0,0
1764862319.811732,1027987,0,0,0,0
1764862319.861805,1028037,0,0,0,0
1764862319.91226,1028087,0,0,0,0
1764862319.9626582,1028137,0,0,0,0
1764862320.011879,1028187,0,0,0,0
1764862320.0621781,1028237,0,0,0,0
1764862320.11254,1028287,0,0,0,0
1764862320.1628978,1028337,0,0,0,0
1764862320.213037,1028387,0,0,0,0
1764862320.263459,1028438,0,0,0,0
1764862320.3138292,1028488,0,0,0,0
1764862320.3641899,1028538,0,0,0,0
1764862320.4143949,1028588,0,0,0,0
1764862320.46475,1028638,0,0,0,0
1764862320.515119,1028688,0,0,0,0
1764862320.564298,1028738,0,0,0,0
1764862320.61468,1028788,0,0,0,0
1764862320.666593,1028838,0,0,0,0
1764862320.715276,1028888,0,0,0,0
1764862320.765632,1028938,0,0,0,0
1764862320.816004,1028988,0,0,0,0
1764862320.865186,1029038,0,0,0,0
1764862320.915563,1029088,0,0,0,0
1764862320.965759,1029138,0,0,0,0
1764862321.0161312,1029188,0,0,0,0
1764862321.066468,1029238,0,0,0,0
1764862321.11685,1029288,0,0,0,0
1764862321.166006,1029338,0,0,0,0
1764862321.2163572,1029388,0,0,0,0
1764862321.266722,1029438,0,0,0,0
1764862321.3170922,1029488,0,0,0,0
1764862321.3672802,1029538,0,0,0,0
1764862321.417639,1029588,0,0,0,0
1764862321.466967,1029638,0,0,0,0
1764862321.517316,1029688,0,0,0,0
1764862321.56739,1029738,0,0,0,0
1764862321.6178958,1029788,0,0,0,0
1764862321.668242,1029838,0,0,0,0
1764862321.717376,1029888,0,0,0,0
1764862321.767745,1029938,0,0,0,0
1764862321.818105,1029988,0,0,0,0
1764862321.868462,1030038,0,0,0,0
1764862321.9185548,1030088,0,0,0,0
1764862321.9690292,1030138,0,0,0,0
1764862322.0183759,1030188,0,0,0,0
1764862322.068686,1030238,0,0,0,0
1764862322.118929,1030288,0,0,0,0
1764862322.1692748,1030338,0,0,0,0
1764862322.2196212,1030388,0,0,0,0
1764862322.269972,1030438,0,0,0,0
1764862322.319149,1030488,0,0,0,0
1764862322.369503,1030538,0,0,0,0
1764862322.419874,1030588,0,0,0,0
1764862322.470206,1030638,0,0,0,0
1764862322.520384,1030688,0,0,0,0
1764862322.570743,1030738,0,0,0,0
1764862322.620116,1030788,0,0,0,0
1764862322.670284,1030838,0,0,0,0
1764862322.720649,1030888,0,0,0,0
1764862322.771014,1030938,0,0,0,0
1764862322.821381,1030988,0,0,0,0
1764862322.871639,1031038,0,0,0,0
1764862322.920921,1031088,0,0,0,0
1764862322.971298,1031138,0,0,0,0
1764862323.021487,1031188,0,0,0,0
1764862323.071861,1031238,0,0,0,0
1764862323.1222038,1031288,0,0,0,0
1764862323.172405,1031339,0,0,0,0
1764862323.222767,1031389,0,0,0,0
1764862323.273126,1031439,0,0,0,0
1764862323.323488,1031489,0,0,0,0
1764862323.3736708,1031539,0,0,0,0
1764862323.4240158,1031589,0,0,0,0
1764862323.473373,1031639,0,0,0,0
1764862323.523743,1031689,0,0,0,0
1764862323.573895,1031739,0,0,0,0
1764862323.624266,1031789,0,0,0,0
1764862323.674628,1031839,0,0,0,0
1764862323.72499,1031889,0,0,0,0
1764862323.774174,1031939,0,0,0,0
1764862323.82461,1031989,0,0,0,0
1764862323.8748622,1032039,0,0,0,0
1764862323.9250638,1032089,0,0,0,0
1764862323.975432,1032139,0,0,0,0
1764862324.0257752,1032189,0,0,0,0
1764862324.075097,1032239,0,0,0,0
1764862324.125289,1032289,0,0,0,0
1764862324.1756501,1032339,0,0,0,0
1764862324.225984,1032389,0,0,0,0
1764862324.2763038,1032439,0,0,0,0
1764862324.326717,1032489,0,0,0,0
1764862324.3760262,1032539,0,0,0,0
1764862324.426215,1032589,0,0,0,0
1764862324.4765801,1032639,0,0,0,0
1764862324.526908,1032689,0,0,0,0
1764862324.577146,1032739,0,0,0,0
1764862324.6274738,1032790,0,0,0,0
1764862324.677813,1032840,0,0,0,0
1764862324.728139,1032890,0,0,0,0
1764862324.778474,1032940,0,0,0,0
1764862324.828834,1032990,0,0,0,0
1764862324.879049,1033040,0,0,0,0
1764862324.928339,1033090,0,0,0,0
1764862324.978689,1033140,0,0,0,0
1764862325.028899,1033190,0,0,0,0
1764862325.079208,1033240,0,0,0,0
1764862325.12959,1033290,0,0,0,0
1764862325.1799328,1033340,0,0,0,0
1764862325.229277,1033390,0,0,0,0
1764862325.279485,1033440,0,0,0,0
1764862325.329827,1033490,0,0,0,0
1764862325.3801641,1033540,0,0,0,0
1764862325.43058,1033590,0,0,0,0
1764862325.480705,1033640,0,0,0,0
1764862325.530067,1033690,0,0,0,0
1764862325.580353,1033740,0,0,0,0
1764862325.6306381,1033790,0,0,0,0
1764862325.680982,1033840,0,0,0,0
1764862325.731356,1033890,0,0,0,0
1764862325.7817118,1033940,0,0,0,0
1764862325.830886,1033990,0,0,0,0
1764862325.88127,1034040,0,0,0,0
1764862325.9316092,1034090,0,0,0,0
1764862325.981802,1034140,0,0,0,0
1764862326.032156,1034190,0,0,0,0
1764862326.081546,1034240,0,0,0,0
1764862326.1317189,1034290,0,0,0,0
1764862326.182059,1034340,0,0,0,0
1764862326.232436,1034390,0,0,0,0
1764862326.282788,1034440,0,0,0,0
1764862326.3329878,1034490,0,0,0,0
1764862326.382314,1034540,0,0,0,0
1764862326.432683,1034590,0,0,0,0
1764862326.483019,1034640,0,0,0,0
1764862326.533236,1034690,0,0,0,0
1764862326.583563,1034740,0,0,0,0
1764862326.633918,1034790,0,0,0,0
1764862326.683232,1034840,0,0,0,0
1764862326.733435,1034890,0,0,0,0
1764862326.783783,1034940,0,0,0,0
1764862326.8340108,1034990,0,0,0,0
1764862326.884468,1035040,0,0,0,0
1764862326.934659,1035090,0,0,0,0
1764862326.983993,1035140,0,0,0,0
1764862327.034364,1035190,0,0,0,0
1764862327.0846982,1035240,0,0,0,0
1764862327.1350698,1035290,0,0,0,0
1764862327.185262,1035340,0,0,0,0
1764862327.235616,1035390,0,0,0,0
1764862327.2849321,1035440,0,0,0,0
1764862327.335169,1035490,0,0,0,0
1764862327.385429,1035540,0,0,0,0
1764862327.4358778,1035590,0,0,0,0
1764862327.4861991,1035640,0,0,0,0
1764862327.536601,1035691,0,0,0,0
1764862327.5867531,1035741,0,0,0,0
1764862327.637095,1035791,0,0,0,0
1764862327.687487,1035841,0,0,0,0
1764862327.737801,1035891,0,0,0,0
1764862327.7880352,1035941,0,0,0,0
1764862327.837375,1035991,0,0,0,0
1764862327.887716,1036041,0,0,0,0
1764862327.938072,1036091,0,0,0,0
1764862327.988155,1036141,0,0,0,0
1764862328.0386539,1036191,0,0,0,0
1764862328.088897,1036241,0,0,0,0
1764862328.138161,1036291,0,0,0,0
1764862328.1885319,1036341,0,0,0,0
1764862328.238867,1036391,0,0,0,0
1764862328.289088,1036441,0,0,0,0
1764862328.339436,1036491,0,0,0,0
1764862328.3897989,1036541,0,0,0,0
1764862328.439115,1036591,0,0,0,0
1764862328.489305,1036641,0,0,0,0
1764862328.539674,1036691,0,0,0,0
1764862328.590024,1036741,0,0,0,0
1764862328.640377,1036791,0,0,0,0
1764862328.6905541,1036841,0,0,0,0
1764862328.739912,1036891,0,0,0,0
1764862328.7902799,1036941,0,0,0,0
1764862328.84062,1036991,0,0,0,0
1764862328.89098,1037041,0,0,0,0
1764862328.941138,1037091,0,0,0,0
1764862328.991524,1037142,0,0,0,0
1764862329.041889,1037192,0,0,0,0
1764862329.092222,1037242,0,0,0,0
1764862329.142418,1037292,0,0,0,0
1764862329.1927412,1037342,0,0,0,0
1764862329.243115,1037392,0,0,0,0
1764862329.292238,1037442,0,0,0,0
1764862329.342606,1037492,0,0,0,0
1764862329.392967,1037542,0,0,0,0
1764862329.443308,1037592,0,0,0,0
1764862329.493678,1037642,0,0,0,0
1764862329.543871,1037692,0,0,0,0
1764862329.593181,1037742,0,0,0,0
1764862329.643552,1037792,0,0,0,0
1764862329.6939032,1037842,0,0,0,0
1764862329.744096,1037892,0,0,0,0
1764862329.794511,1037942,0,0,0,0
1764862329.844806,1037992,0,0,0,0
1764862329.894121,1038042,0,0,0,0
1764862329.944354,1038092,0,0,0,0
1764862329.9947069,1038142,0,0,0,0
1764862330.04509,1038192,0,0,0,0
1764862330.0952241,1038242,0,0,0,0
1764862330.145639,1038292,0,0,0,0
1764862330.194974,1038342,0,0,0,0
1764862330.245162,1038392,0,0,0,0
1764862330.295509,1038442,0,0,0,0
1764862330.345891,1038492,0,0,0,0
1764862330.396217,1038542,0,0,0,0
1764862330.445408,1038592,0,0,0,0
1764862330.495757,1038642,0,0,0,0
1764862330.546171,1038692,0,0,0,0
1764862330.5963452,1038742,0,0,0,0
1764862330.6466959,1038792,0,0,0,0
1764862330.69705,1038842,0,0,0,0
1764862330.746391,1038892,0,0,0,0
1764862330.79661,1038942,0,0,0,0
1764862330.8469708,1038992,0,0,0,0
1764862330.8973498,1039042,0,0,0,0
1764862330.947531,1039092,0,0,0,0
1764862330.9978838,1039142,0,0,0,0
1764862331.047245,1039192,0,0,0,0
1764862331.0974772,1039242,0,0,0,0
1764862331.147788,1039292,0,0,0,0
1764862331.198161,1039342,0,0,0,0
1764862331.248356,1039392,0,0,0,0
1764862331.2987342,1039442,0,0,0,0
1764862331.348062,1039492,0,0,0,0
1764862331.3984718,1039542,0,0,0,0
1764862331.448608,1039592,0,0,0,0
1764862331.498964,1039642,0,0,0,0
1764862331.549361,1039692,0,0,0,0
1764862331.599682,1039742,0,0,0,0
1764862331.6487749,1039792,0,0,0,0
1764862331.699209,1039842,0,0,0,0
1764862331.74954,1039892,0,0,0,0
1764862331.7998998,1039942,0,0,0,0
1764862331.8502789,1039992,0,0,0,0
1764862331.900507,1040043,0,0,0,0
1764862331.950751,1040093,0,0,0,0
1764862332.001167,1040143,0,0,0,0
1764862332.0515468,1040193,0,0,0,0
1764862332.101721,1040243,0,0,0,0
1764862332.152075,1040293,0,0,0,0
1764862332.201259,1040343,0,0,0,0
1764862332.2516181,1040393,0,0,0,0
1764862332.3019671,1040443,0,0,0,0
1764862332.352331,1040493,0,0,0,0
1764862332.402535,1040543,0,0,0,0
1764862332.4528708,1040593,0,0,0,0
1764862332.502204,1040643,0,0,0,0
1764862332.552544,1040693,0,0,0,0
1764862332.6027782,1040743,0,0,0,0
1764862332.653137,1040793,0,0,0,0
1764862332.703486,1040843,0,0,0,0
1764862332.753858,1040893,0,0,0,0
1764862332.803023,1040943,0,0,0,0
1764862332.853378,1040993,0,0,0,0
1764862332.903733,1041043,0,0,0,0
1764862332.95411,1041093,0,0,0,0
1764862333.004308,1041143,0,0,0,0
1764862333.05468,1041193,0,0,0,0
1764862333.103853,1041243,0,0,0,0
1764862333.154192,1041293,0,0,0,0
1764862333.204575,1041343,0,0,0,0
1764862333.254952,1041393,0,0,0,0
1764862333.305102,1041443,0,0,0,0
1764862333.355485,1041494,0,0,0,0
1764862333.405859,1041544,0,0,0,0
1764862333.456053,1041594,0,0,0,0
1764862333.506443,1041644,0,0,0,0
1764862333.556778,1041694,0,0,0,0
1764862333.607122,1041744,0,0,0,0
1764862333.6563141,1041794,0,0,0,0
1764862333.706698,1041844,0,0,0,0
1764862333.757055,1041894,0,0,0,0
1764862333.8072078,1041944,0,0,0,0
1764862333.857593,1041994,0,0,0,0
1764862333.907959,1042044,0,0,0,0
1764862333.9572742,1042094,0,0,0,0
1764862334.007467,1042144,0,0,0,0
1764862334.057816,1042194,0,0,0,0
1764862334.108215,1042244,0,0,0,0
1764862334.158562,1042294,0,0,0,0
1764862334.208758,1042344,0,0,0,0
1764862334.258121,1042394,0,0,0,0
1764862334.308336,1042444,0,0,0,0
1764862334.358722,1042494,0,0,0,0
1764862334.409021,1042544,0,0,0,0
1764862334.459286,1042594,0,0,0,0
1764862334.509533,1042644,0,0,0,0
1764862334.558984,1042694,0,0,0,0
1764862334.6091788,1042744,0,0,0,0
1764862334.6595461,1042794,0,0,0,0
1764862334.7099268,1042844,0,0,0,0
1764862334.760096,1042894,0,0,0,0
1764862334.809463,1042944,0,0,0,0
1764862334.8598132,1042994,0,0,0,0
1764862334.910159,1043044,0,0,0,0
1764862334.960351,1043094,0,0,0,0
1764862335.010728,1043144,0,0,0,0
1764862335.0611148,1043194,0,0,0,0
1764862335.110288,1043244,0,0,0,0
1764862335.160643,1043294,0,0,0,0
1764862335.211005,1043344,0,0,0,0
1764862335.26119,1043394,0,0,0,0
1764862335.3115678,1043444,0,0,0,0
1764862335.3619132,1043494,0,0,0,0
1764862335.411189,1043544,0,0,0,0
1764862335.461468,1043594,0,0,0,0
1764862335.511803,1043644,0,0,0,0
1764862335.5622048,1043694,0,0,0,0
1764862335.612427,1043744,0,0,0,0
1764862335.662755,1043794,0,0,0,0
1764862335.7121139,1043844,0,0,0,0
1764862335.762304,1043894,0,0,0,0
1764862335.812683,1043944,0,0,0,0
1764862335.863044,1043994,0,0,0,0
1764862335.913416,1044044,0,0,0,0
1764862335.9635851,1044094,0,0,0,0
1764862336.012938,1044144,0,0,0,0
1764862336.063158,1044194,0,0,0,0
1764862336.113503,1044244,0,0,0,0
1764862336.163862,1044294,0,0,0,0
1764862336.2142231,1044344,0,0,0,0
1764862336.264435,1044395,0,0,0,0
1764862336.314757,1044445,0,0,0,0
1764862336.3651352,1044495,0,0,0,0
1764862336.415498,1044545,0,0,0,0
1764862336.465628,1044595,0,0,0,0
1764862336.516076,1044645,0,0,0,0
1764862336.565418,1044695,0,0,0,0
1764862336.615621,1044745,0,0,0,0
1764862336.665956,1044795,0,0,0,0
1764862336.716342,1044845,0,0,0,0
1764862336.766515,1044895,0,0,0,0
1764862336.816929,1044945,0,0,0,0
1764862336.866274,1044995,0,0,0,0
1764862336.9164631,1045045,0,0,0,0
1764862336.96685,1045095,0,0,0,0
1764862337.017218,1045145,0,0,0,0
1764862337.067425,1045195,0,0,0,0
1764862337.1177669,1045245,0,0,0,0
1764862337.167109,1045295,0,0,0,0
1764862337.2173162,1045345,0,0,0,0
1764862337.267669,1045395,0,0,0,0
1764862337.31802,1045445,0,0,0,0
1764862337.3682308,1045495,0,0,0,0
1764862337.418603,1045545,0,0,0,0
1764862337.467954,1045595,0,0,0,0
1764862337.518324,1045645,0,0,0,0
1764862337.568521,1045695,0,0,0,0
1764862337.618857,1045745,0,0,0,0
1764862337.669208,1045795,0,0,0,0
1764862337.719566,1045846,0,0,0,0
1764862337.7697651,1045896,0,0,0,0
1764862337.820107,1045946,0,0,0,0
1764862337.87051,1045996,0,0,0,0
1764862337.9206789,1046046,0,0,0,0
1764862337.971051,1046096,0,0,0,0
1764862338.0203981,1046146,0,0,0,0
1764862338.070732,1046196,0,0,0,0
1764862338.1209369,1046246,0,0,0,0
1764862338.171285,1046296,0,0,0,0
1764862338.221642,1046346,0,0,0,0
1764862338.272026,1046396,0,0,0,0
1764862338.321192,1046446,0,0,0,0
1764862338.371545,1046496,0,0,0,0
1764862338.4218938,1046546,0,0,0,0
1764862338.4720798,1046596,0,0,0,0
1764862338.522447,1046646,0,0,0,0
1764862338.572819,1046696,0,0,0,0
1764862338.622187,1046746,0,0,0,0
1764862338.672292,1046796,0,0,0,0
1764862338.7226691,1046846,0,0,0,0
1764862338.7730181,1046896,0,0,0,0
1764862338.823375,1046946,0,0,0,0
1764862338.873693,1046996,0,0,0,0
1764862338.9230442,1047046,0,0,0,0
1764862338.973214,1047096,0,0,0,0
1764862339.023579,1047146,0,0,0,0
1764862339.073956,1047196,0,0,0,0
1764862339.124288,1047246,0,0,0,0
1764862339.173355,1047296,0,0,0,0
1764862339.223816,1047346,0,0,0,0
1764862339.274174,1047396,0,0,0,0
1764862339.32447,1047446,0,0,0,0
1764862339.374665,1047496,0,0,0,0
1764862339.425018,1047546,0,0,0,0
1764862339.474422,1047596,0,0,0,0
1764862339.524611,1047646,0,0,0,0
1764862339.574978,1047696,0,0,0,0
1764862339.625377,1047746,0,0,0,0
1764862339.6755872,1047796,0,0,0,0
1764862339.725868,1047846,0,0,0,0
1764862339.7752059,1047896,0,0,0,0
1764862339.825588,1047946,0,0,0,0
1764862339.8759282,1047996,0,0,0,0
1764862339.926233,1048046,0,0,0,0
1764862339.9764569,1048096,0,0,0,0
1764862340.026792,1048146,0,0,0,0
1764862340.0761,1048196,0,0,0,0
1764862340.1264782,1048246,0,0,0,0
1764862340.176663,1048296,0,0,0,0
1764862340.227034,1048346,0,0,0,0
1764862340.277387,1048396,0,0,0,0
1764862340.3277388,1048446,0,0,0,0
1764862340.376907,1048496,0,0,0,0
1764862340.427246,1048546,0,0,0,0
1764862340.477602,1048596,0,0,0,0
1764862340.527945,1048646,0,0,0,0
1764862340.5781288,1048696,0,0,0,0
1764862340.628507,1048747,0,0,0,0
1764862340.6788359,1048797,0,0,0,0
1764862340.729183,1048847,0,0,0,0
1764862340.779371,1048897,0,0,0,0
1764862340.8297641,1048947,0,0,0,0
1764862340.880095,1048997,0,0,0,0
1764862340.929323,1049047,0,0,0,0
1764862340.9796212,1049097,0,0,0,0
1764862341.029984,1049147,0,0,0,0
1764862341.080354,1049197,0,0,0,0
1764862341.13072,1049247,0,0,0,0
1764862341.180875,1049297,0,0,0,0
1764862341.230211,1049347,0,0,0,0
1764862341.2805939,1049397,0,0,0,0
1764862341.330813,1049447,0,0,0,0
1764862341.3811631,1049497,0,0,0,0
1764862341.431524,1049547,0,0,0,0
1764862341.481876,1049597,0,0,0,0
1764862341.531044,1049647,0,0,0,0
1764862341.581408,1049697,0,0,0,0
1764862341.6317718,1049747,0,0,0,0
1764862341.681983,1049797,0,0,0,0
1764862341.732341,1049847,0,0,0,0
1764862341.78265,1049897,0,0,0,0
1764862341.831978,1049947,0,0,0,0
1764862341.882346,1049997,0,0,0,0
1764862341.9325209,1050047,0,0,0,0
1764862341.982872,1050097,0,0,0,0
1764862342.033247,1050147,0,0,0,0
1764862342.083421,1050198,0,0,0,0
1764862342.1337779,1050248,0,0,0,0
1764862342.184125,1050298,0,0,0,0
1764862342.234507,1050348,0,0,0,0
1764862342.2847092,1050398,0,0,0,0
1764862342.3350558,1050448,0,0,0,0
1764862342.384432,1050498,0,0,0,0
1764862342.4347851,1050548,0,0,0,0
1764862342.484834,1050598,0,0,0,0
1764862342.535348,1050648,0,0,0,0
1764862342.585678,1050698,0,0,0,0
1764862342.6360152,1050748,0,0,0,0
1764862342.685204,1050798,0,0,0,0
1764862342.7355661,1050848,0,0,0,0
1764862342.785892,1050898,0,0,0,0
1764862342.836073,1050948,0,0,0,0
1764862342.8864481,1050998,0,0,0,0
1764862342.9368262,1051048,0,0,0,0
1764862342.986167,1051098,0,0,0,0
1764862343.036365,1051148,0,0,0,0
1764862343.086736,1051198,0,0,0,0
1764862343.137107,1051248,0,0,0,0
1764862343.187327,1051298,0,0,0,0
1764862343.237605,1051348,0,0,0,0
1764862343.286962,1051398,0,0,0,0
1764862343.337343,1051448,0,0,0,0
1764862343.387531,1051498,0,0,0,0
1764862343.437898,1051548,0,0,0,0
1764862343.488242,1051598,0,0,0,0
1764862343.5374022,1051648,0,0,0,0
1764862343.587778,1051698,0,0,0,0
1764862343.638122,1051748,0,0,0,0
1764862343.688494,1051798,0,0,0,0
1764862343.7386491,1051848,0,0,0,0
1764862343.789025,1051898,0,0,0,0
1764862343.8383648,1051948,0,0,0,0
1764862343.888716,1051998,0,0,0,0
1764862343.9389272,1052048,0,0,0,0
1764862343.989312,1052098,0,0,0,0
1764862344.039614,1052148,0,0,0,0
1764862344.089975,1052198,0,0,0,0
1764862344.139331,1052248,0,0,0,0
1764862344.189501,1052298,0,0,0,0
1764862344.239826,1052348,0,0,0,0
1764862344.2902012,1052398,0,0,0,0
1764862344.3405418,1052448,0,0,0,0
1764862344.390731,1052498,0,0,0,0
1764862344.440058,1052548,0,0,0,0
1764862344.4904268,1052598,0,0,0,0
1764862344.54076,1052648,0,0,0,0
1764862344.590899,1052698,0,0,0,0
1764862344.6412852,1052748,0,0,0,0
1764862344.691632,1052798,0,0,0,0
1764862344.7409139,1052848,0,0,0,0
1764862344.791291,1052898,0,0,0,0
1764862344.841393,1052948,0,0,0,0
1764862344.8918662,1052998,0,0,0,0
1764862344.9422169,1053048,0,0,0,0
1764862344.9925902,1053099,0,0,0,0
1764862345.042739,1053149,0,0,0,0
1764862345.093097,1053199,0,0,0,0
1764862345.143349,1053249,0,0,0,0
1764862345.193829,1053299,0,0,0,0
1764862345.244006,1053349,0,0,0,0
1764862345.2955651,1053399,0,0,0,0
1764862345.343675,1053449,0,0,0,0
1764862345.393929,1053499,0,0,0,0
1764862345.444296,1053549,0,0,0,0
1764862345.494556,1053599,0,0,0,0
1764862345.545042,1053649,0,0,0,0
1764862345.594207,1053699,0,0,0,0
1764862345.644587,1053749,0,0,0,0
1764862345.694775,1053799,0,0,0,0
1764862345.745146,1053849,0,0,0,0
1764862345.7955132,1053899,0,0,0,0
1764862345.845598,1053949,0,0,0,0
1764862345.8950279,1053999,0,0,0,0
1764862345.9452958,1054049,0,0,0,0
1764862345.995693,1054099,0,0,0,0
1764862346.045959,1054149,0,0,0,0
1764862346.0963042,1054199,0,0,0,0
1764862346.146645,1054249,0,0,0,0
1764862346.19586,1054299,0,0,0,0
1764862346.2461739,1054349,0,0,0,0
1764862346.296538,1054399,0,0,0,0
1764862346.3468091,1054449,0,0,0,0
1764862346.397248,1054499,0,0,0,0
1764862346.447496,1054550,0,0,0,0
1764862346.4978392,1054600,0,0,0,0
1764862346.5481899,1054650,0,0,0,0
1764862346.598403,1054700,0,0,0,0
1764862346.6488588,1054750,0,0,0,0
1764862346.699195,1054800,0,0,0,0
1764862346.7482529,1054850,0,0,0,0
1764862346.798728,1054900,0,0,0,0
1764862346.848916,1054950,0,0,0,0
1764862346.899273,1055000,0,0,0,0
1764862346.9496372,1055050,0,0,0,0
1764862346.999861,1055100,0,0,0,0
1764862347.049282,1055150,0,0,0,0
1764862347.099596,1055200,0,0,0,0
1764862347.149785,1055250,0,0,0,0
1764862347.200175,1055300,0,0,0,0
1764862347.2505322,1055350,0,0,0,0
1764862347.300736,1055400,0,0,0,0
1764862347.350077,1055450,0,0,0,0
1764862347.400438,1055500,0,0,0,0
1764862347.4506612,1055550,0,0,0,0
1764862347.501011,1055600,0,0,0,0
1764862347.5513668,1055650,0,0,0,0
1764862347.6017401,1055700,0,0,0,0
1764862347.650924,1055750,0,0,0,0
1764862347.701268,1055800,0,0,0,0
1764862347.751463,1055850,0,0,0,0
1764862347.8018382,1055900,0,0,0,0
1764862347.8522592,1055950,0,0,0,0
1764862347.901454,1056000,35,0,0,0
1764862347.951927,1056050,193,0,0,0
1764862348.003401,1056100,375,0,0,0
1764862348.0526521,1056150,556,0,0,0
1764862348.102696,1056200,736,0,0,0
1764862348.153067,1056250,917,0,0,0
1764862348.202414,1056300,1094,0,0,0
1764862348.2527628,1056350,1274,0,0,0
1764862348.302948,1056400,1454,0,0,0
1764862348.353488,1056450,1635,0,0,0
1764862348.403716,1056500,1815,0,0,0
1764862348.453881,1056550,1995,0,0,0
1764862348.50325,1056600,2171,0,0,0
1764862348.55361,1056650,2351,0,0,0
1764862348.603953,1056700,2531,0,0,0
1764862348.654329,1056750,2711,0,0,0
1764862348.704951,1056800,2891,0,0,0
1764862348.754709,1056850,3070,0,0,0
1764862348.8042822,1056900,3247,0,0,0
1764862348.854557,1056950,3427,0,0,0
1764862348.904752,1057000,3606,0,0,0
1764862348.9549508,1057050,3786,0,0,0
1764862349.005318,1057100,3966,0,0,0
1764862349.055659,1057150,4146,0,0,0
1764862349.105246,1057200,4322,0,0,0
1764862349.155366,1057250,4501,0,0,0
1764862349.20557,1057300,4680,0,0,0
1764862349.256094,1057350,4860,0,0,0
1764862349.306271,1057400,5039,0,0,0
1764862349.356802,1057451,5219,0,0,0
1764862349.407008,1057501,5398,0,0,0
1764862349.457199,1057551,5577,0,0,0
1764862349.5075421,1057601,5757,0,0,0
1764862349.557749,1057651,5936,0,0,0
1764862349.6082702,1057701,6116,0,0,0
1764862349.657206,1057751,6291,0,0,0
1764862349.7078478,1057801,6471,0,0,0
1764862349.758039,1057851,6650,0,0,0
1764862349.8083909,1057901,6830,0,0,0
1764862349.8586109,1057951,7009,0,0,0
1764862349.909129,1058001,7189,0,0,0
1764862349.958466,1058051,7365,0,0,0
1764862350.0084832,1058101,7544,0,0,0
1764862350.059007,1058151,7724,0,0,0
1764862350.109237,1058201,7903,0,0,0
1764862350.1595562,1058251,7998,0,0,0
1764862350.209734,1058301,8000,0,0,0
1764862350.259094,1058351,8000,0,0,0
1764862350.30944,1058401,8000,0,0,0
1764862350.359661,1058451,8000,0,0,0
1764862350.410058,1058501,8000,0,0,0
1764862350.460385,1058551,8000,0,0,0
1764862350.510747,1058601,8000,0,0,0
1764862350.559933,1058651,8000,0,0,0
1764862350.6102772,1058701,8000,0,0,0
1764862350.660665,1058751,8000,0,0,0
1764862350.710829,1058801,8000,0,0,0
1764862350.7612102,1058851,8000,0,0,0
1764862350.811552,1058902,8000,0,0,0
1764862350.861738,1058952,8000,0,0,0
1764862350.912096,1059002,8000,0,0,0
1764862350.962371,1059052,8000,0,0,0
1764862351.012816,1059102,8000,0,0,0
1764862351.0630069,1059152,8000,0,0,0
1764862351.112351,1059202,8000,0,0,0
1764862351.16273,1059252,8000,0,0,0
1764862351.2129128,1059302,8000,0,0,0
1764862351.2632709,1059352,8000,0,0,0
1764862351.313633,1059402,8000,0,0,0
1764862351.3639941,1059452,8000,0,0,0
1764862351.413205,1059502,8000,0,0,0
1764862351.463552,1059552,8000,0,0,0
1764862351.5138931,1059602,8000,0,0,0
1764862351.564102,1059652,8000,0,0,0
1764862351.614461,1059702,8000,0,0,0
1764862351.66484,1059752,8000,0,0,0
1764862351.7143009,1059802,8000,0,0,0
1764862351.764411,1059852,8000,0,0,0
1764862351.8147662,1059902,8000,0,0,0
1764862351.864989,1059952,8000,0,0,0
1764862351.9153512,1060002,8000,0,0,0
1764862351.965718,1060052,8000,0,0,0
1764862352.014904,1060102,8000,0,0,0
1764862352.0652459,1060152,8000,0,0,0
1764862352.115653,1060202,8000,0,0,0
1764862352.165848,1060252,8000,0,0,0
1764862352.216243,1060302,8000,0,0,0
1764862352.265497,1060352,8000,0,0,0
1764862352.315755,1060402,8000,0,0,0
1764862352.3662028,1060452,8000,0,0,0
1764862352.416527,1060502,8000,0,0,0
1764862352.4667149,1060552,8000,0,0,0
1764862352.5171049,1060602,8000,0,0,0
1764862352.5664341,1060652,8000,0,0,0
1764862352.616607,1060702,8000,0,0,0
1764862352.6669881,1060752,8000,0,0,0
1764862352.7173629,1060802,8000,0,0,0
1764862352.7675352,1060852,8000,0,0,0
1764862352.81792,1060902,8000,0,0,0
1764862352.867275,1060952,8000,0,0,0
1764862352.917471,1061002,8000,0,0,0
1764862352.9677892,1061052,8000,0,0,0
1764862353.0181959,1061102,8000,0,0,0
1764862353.068358,1061152,8000,0,0,0
1764862353.1187441,1061202,8000,0,0,0
1764862353.168085,1061252,8000,0,0,0
1764862353.2184231,1061302,8000,0,0,0
1764862353.268957,1061352,8000,0,0,0
1764862353.3189561,1061402,8000,0,0,0
1764862353.369314,1061452,8000,0,0,0
1764862353.419701,1061502,8000,0,0,0
1764862353.468874,1061552,8000,0,0,0
1764862353.519264,1061602,8000,0,0,0
1764862353.56962,1061652,8000,0,0,0
1764862353.6199691,1061702,8000,0,0,0
1764862353.670184,1061752,8000,0,0,0
1764862353.720551,1061803,8000,0,0,0
1764862353.770881,1061853,8000,0,0,0
1764862353.8210628,1061903,8000,0,0,0
1764862353.871437,1061953,8000,0,0,0
1764862353.921828,1062003,8000,0,0,0
1764862353.972165,1062053,8000,0,0,0
1764862354.021356,1062103,8000,0,0,0
1764862354.071719,1062153,8000,0,0,0
1764862354.121894,1062203,8000,0,0,0
1764862354.172278,1062253,8000,0,0,0
1764862354.222641,1062303,8000,0,0,0
1764862354.2729988,1062353,8000,0,0,0
1764862354.3221629,1062403,8000,0,0,0
1764862354.3725388,1062453,8000,0,0,0
1764862354.4228969,1062503,8000,0,0,0
1764862354.473236,1062553,8000,0,0,0
1764862354.5237892,1062603,8000,0,0,0
1764862354.5737731,1062653,8000,0,0,0
1764862354.62308,1062703,8000,0,0,0
1764862354.6734521,1062753,8000,0,0,0
1764862354.72368,1062803,8000,0,0,0
1764862354.7740219,1062853,8000,0,0,0
1764862354.824372,1062903,8000,0,0,0
