PC_Time,Arduino_Time,Pos_H_Steps,Pos_V_Steps,Pos_R_Steps,Status_Bits
1769429679.97329,50,0,0,0,0
1769429679.974988,100,0,0,0,0
1769429679.976448,150,0,0,0,0
1769429679.977885,200,0,0,0,0
1769429679.979297,250,0,0,0,0
1769429679.9806888,300,0,0,0,0
1769429679.982071,350,0,0,0,0
1769429679.9834728,400,0,0,0,0
1769429679.986184,450,0,0,0,0
1769429680.037174,500,0,0,0,0
1769429680.086869,550,0,0,0,0
1769429680.136945,600,0,0,0,0
1769429680.1867049,650,0,0,0,0
1769429680.2366562,700,0,0,0,0
1769429680.286737,750,0,0,0,0
1769429680.336807,800,0,0,0,0
1769429680.3877609,850,0,0,0,0
1769429680.437589,900,0,0,0,0
1769429680.487552,950,0,0,0,0
1769429680.537486,1000,0,0,0,0
1769429680.588557,1050,0,0,0,0
1769429680.637905,1100,0,0,0,0
1769429680.689125,1150,0,0,0,0
1769429680.7374341,1200,0,0,0,0
1769429680.788686,1250,0,0,0,0
1769429680.8387158,1300,0,0,0,0
1769429680.888493,1350,0,0,0,0
1769429680.9399319,1400,0,0,0,0
1769429680.989989,1451,0,0,0,0
1769429681.040067,1501,0,0,0,0
1769429681.0903418,1551,0,0,0,0
1769429681.142756,1601,0,0,0,0
1769429681.1908631,1651,0,0,0,0
1769429681.240315,1701,0,0,0,0
1769429681.289983,1751,0,0,0,0
1769429681.340876,1801,0,0,0,0
1769429681.39067,1851,0,0,0,0
1769429681.4410229,1901,0,0,0,0
1769429681.49215,1951,0,0,0,0
1769429681.541774,2001,0,0,0,0
1769429681.591875,2051,0,0,0,0
1769429681.641685,2101,0,0,0,0
1769429681.691936,2151,0,0,0,0
1769429681.741872,2201,0,0,0,0
1769429681.7921338,2251,0,0,0,0
1769429681.842408,2301,0,0,0,0
1769429681.892661,2351,0,0,0,0
1769429681.942302,2401,0,0,0,0
1769429681.992457,2451,0,0,0,0
1769429682.0426931,2501,0,0,0,0
1769429682.093197,2551,0,0,0,0
1769429682.143069,2601,0,0,0,0
1769429682.192978,2651,0,0,0,0
1769429682.242944,2701,0,0,0,0
1769429682.293586,2751,0,0,0,0
1769429682.344196,2801,0,0,0,0
1769429682.393858,2851,0,0,0,0
1769429682.44478,2902,0,0,0,0
1769429682.494487,2952,0,0,0,0
1769429682.544541,3002,0,0,0,0
1769429682.595768,3052,0,0,0,0
1769429682.645639,3102,0,0,0,0
1769429682.696645,3152,0,0,0,0
1769429682.7454789,3202,0,0,0,0
1769429682.795681,3252,0,0,0,0
1769429682.845973,3302,0,0,0,0
1769429682.8968441,3352,0,0,0,0
1769429682.946794,3402,0,0,0,0
1769429682.997754,3452,0,0,0,0
1769429683.046453,3502,0,0,0,0
1769429683.097205,3552,0,0,0,0
1769429683.146542,3602,0,0,0,0
1769429683.197793,3652,0,0,0,0
1769429683.247078,3702,0,0,0,0
1769429683.29732,3752,0,0,0,0
1769429683.347121,3802,0,0,0,0
1769429683.396904,3852,0,0,0,0
1769429683.4482062,3902,0,0,0,0
1769429683.498053,3952,0,0,0,0
1769429683.5480928,4002,0,0,0,0
1769429683.598048,4052,0,0,0,0
1769429683.648437,4102,0,0,0,0
1769429683.698406,4152,0,0,0,0
1769429683.7482119,4202,0,0,0,0
1769429683.799173,4252,0,0,0,0
1769429683.849445,4302,0,0,0,0
1769429683.898277,4352,0,0,0,0
1769429683.949536,4402,0,0,0,0
1769429683.998605,4452,0,0,0,0
1769429684.049797,4502,0,0,0,0
1769429684.099749,4552,0,0,0,0
1769429684.1498501,4602,0,0,0,0
1769429684.199202,4652,0,0,0,0
1769429684.249859,4702,0,0,0,0
1769429684.3005838,4752,0,0,0,0
1769429684.350754,4802,0,0,0,0
1769429684.400634,4852,0,0,0,0
1769429684.450848,4902,0,0,0,0
1769429684.49959,4952,0,0,0,0
1769429684.550936,5002,0,0,0,0
1769429684.60076,5052,0,0,0,0
1769429684.6506932,5102,0,0,0,0
1769429684.701983,5152,0,0,0,0
1769429684.7519,5202,0,0,0,0
1769429684.801614,5252,0,0,0,0
1769429684.851682,5302,0,0,0,0
1769429684.902164,5352,0,0,0,0
1769429684.9519858,5402,0,0,0,0
1769429685.001627,5452,0,0,0,0
1769429685.053028,5502,0,0,0,0
1769429685.101711,5552,0,0,0,0
1769429685.152832,5602,0,0,0,0
1769429685.202841,5652,0,0,0,0
1769429685.252743,5702,22,0,0,1
1769429685.30336,5752,376,0,0,1
1769429685.3535428,5803,730,0,0,1
1769429685.403414,5853,1084,0,0,1
1769429685.453692,5903,1438,0,0,1
1769429685.504435,5953,1791,0,0,1
1769429685.557569,6003,2145,0,0,1
1769429685.605974,6053,2499,0,0,1
1769429685.65442,6103,2845,0,0,1
1769429685.704663,6153,3199,0,0,1
1769429685.755648,6203,3553,0,0,1
1769429685.8055732,6253,3907,0,0,1
1769429685.855177,6303,4261,0,0,1
1769429685.90677,6353,4615,0,0,1
1769429685.9550679,6403,4961,0,0,1
1769429686.006201,6453,5315,0,0,1
1769429686.056349,6503,5669,0,0,1
1769429686.106264,6553,6023,0,0,1
1769429686.155818,6603,6377,0,0,1
1769429686.206917,6653,6731,0,0,1
1769429686.256811,6703,7077,0,0,1
1769429686.3066502,6753,7431,0,0,1
1769429686.3575208,6803,7785,0,0,1
1769429686.407424,6853,8139,0,0,1
1769429686.4574668,6903,8492,0,0,1
1769429686.507426,6953,8846,0,0,1
1769429686.557201,7003,9193,0,0,1
1769429686.606882,7053,9547,0,0,1
1769429686.658144,7103,9900,0,0,1
1769429686.708148,7153,10254,0,0,1
1769429686.7580328,7203,10608,0,0,1
1769429686.809261,7254,10962,0,0,1
1769429686.859122,7304,11316,0,0,1
1769429686.908936,7354,11669,0,0,1
1769429686.959043,7404,12023,0,0,1
1769429687.010174,7454,12377,0,0,1
1769429687.0600052,7504,12731,0,0,1
1769429687.108897,7554,13077,0,0,1
1769429687.1599,7604,13431,0,0,1
1769429687.2099159,7654,13785,0,0,1
1769429687.259881,7704,14139,0,0,1
1769429687.310499,7754,14493,0,0,1
1769429687.361109,7804,14847,0,0,1
1769429687.409893,7854,15193,0,0,1
1769429687.4608681,7904,15547,0,0,1
1769429687.510866,7954,15901,0,0,1
1769429687.560909,8004,16255,0,0,1
1769429687.612176,8054,16609,0,0,1
1769429687.6619678,8104,16963,0,0,1
1769429687.711662,8154,17309,0,0,1
1769429687.761348,8204,17663,0,0,1
1769429687.8123982,8254,18017,0,0,1
1769429687.862578,8304,18371,0,0,1
1769429687.912606,8354,18725,0,0,1
1769429687.9624808,8404,19079,0,0,1
1769429688.012394,8454,19425,0,0,1
1769429688.061985,8504,19779,0,0,1
1769429688.1129868,8554,20133,0,0,1
1769429688.163905,8604,20487,0,0,1
1769429688.212692,8654,20841,0,0,1
1769429688.2625868,8704,21187,0,0,1
1769429688.312319,8754,21541,0,0,1
1769429688.36336,8804,21895,0,0,1
1769429688.414078,8854,22249,0,0,1
1769429688.463871,8904,22603,0,0,1
1769429688.5137322,8954,22956,0,0,1
1769429688.5631099,9004,23303,0,0,1
1769429688.613078,9054,23657,0,0,1
1769429688.663549,9104,24010,0,0,1
1769429688.7143402,9154,24364,0,0,1
1769429688.765137,9204,24718,0,0,1
1769429688.814647,9254,25072,0,0,1
1769429688.864577,9304,25418,0,0,1
1769429688.914453,9354,25772,0,0,1
1769429688.964438,9404,26126,0,0,1
1769429689.015521,9454,26480,0,0,1
1769429689.065567,9504,26834,0,0,1
1769429689.116742,9554,27188,0,0,1
1769429689.165131,9604,27534,0,0,1
1769429689.216219,9654,27888,0,0,1
1769429689.267442,9704,28242,0,0,1
1769429689.316245,9754,28596,0,0,1
1769429689.366445,9804,28950,0,0,1
1769429689.4162612,9854,29304,0,0,1
1769429689.466082,9904,29650,0,0,1
1769429689.516331,9954,30004,0,0,1
1769429689.5663629,10004,30358,0,0,1
1769429689.6164448,10054,30712,0,0,1
1769429689.666985,10104,31066,0,0,1
1769429689.71712,10155,31420,0,0,1
1769429689.7680519,10205,31773,0,0,1
1769429689.818079,10255,32127,0,0,1
1769429689.869194,10305,32481,0,0,1
1769429689.919362,10355,32835,0,0,1
1769429689.969244,10405,33189,0,0,1
1769429690.0192351,10455,33535,0,0,1
1769429690.0778859,10505,33889,0,0,1
1769429690.1185448,10555,34243,0,0,1
1769429690.169791,10605,34597,0,0,1
1769429690.21909,10655,34950,0,0,1
1769429690.2700238,10705,35304,0,0,1
1769429690.320002,10755,35651,0,0,1
1769429690.369936,10805,36005,0,0,1
1769429690.4196649,10855,36358,0,0,1
1769429690.47069,10905,36712,0,0,1
1769429690.520415,10955,37066,0,0,1
1769429690.57139,11005,37420,0,0,1
1769429690.619927,11055,37766,0,0,1
1769429690.6706932,11105,38120,0,0,1
1769429690.72051,11155,38474,0,0,1
1769429690.7717602,11205,38828,0,0,1
1769429690.821701,11255,39182,0,0,1
1769429690.8714209,11305,39536,0,0,1
1769429690.921207,11355,39882,0,0,1
1769429690.971112,11405,40236,0,0,1
1769429691.021266,11455,40590,0,0,1
1769429691.072615,11505,40944,0,0,1
1769429691.1226509,11555,41298,0,0,1
1769429691.1721501,11606,41652,0,0,1
1769429691.222707,11656,42005,0,0,1
1769429691.273623,11706,42359,0,0,1
1769429691.323065,11756,42713,0,0,1
1769429691.3740742,11806,43067,0,0,1
1769429691.423925,11856,43421,0,0,1
1769429691.4741251,11906,43767,0,0,1
1769429691.523925,11956,44121,0,0,1
1769429691.574816,12006,44475,0,0,1
1769429691.624512,12056,44829,0,0,1
1769429691.675518,12106,45182,0,0,1
1769429691.7253492,12156,45536,0,0,1
1769429691.775032,12206,45883,0,0,1
1769429691.824227,12256,46237,0,0,1
1769429691.875114,12306,46590,0,0,1
1769429691.925683,12356,46944,0,0,1
1769429691.97536,12406,47298,0,0,1
1769429692.0265338,12456,47652,0,0,1
1769429692.081363,12506,47998,0,0,1
1769429692.1257741,12556,48352,0,0,1
1769429692.175903,12606,48706,0,0,1
1769429692.225822,12656,49060,0,0,1
1769429692.276896,12706,49414,0,0,1
1769429692.326852,12756,49767,0,0,1
1769429692.376929,12806,50114,0,0,1
1769429692.426641,12856,50468,0,0,1
1769429692.476268,12906,50822,0,0,1
1769429692.527488,12956,51175,0,0,1
1769429692.577573,13006,51529,0,0,1
1769429692.62742,13056,51876,0,0,1
1769429692.676992,13106,52230,0,0,1
1769429692.7271612,13156,52583,0,0,1
1769429692.77701,13206,52937,0,0,1
1769429692.8280902,13256,53291,0,0,1
1769429692.878152,13306,53645,0,0,1
1769429692.928088,13356,53991,0,0,1
1769429692.9782028,13406,54345,0,0,1
1769429693.028374,13456,54699,0,0,1
1769429693.07837,13506,55053,0,0,1
1769429693.129716,13556,55407,0,0,1
1769429693.179287,13606,55760,0,0,1
1769429693.2290401,13656,56107,0,0,1
1769429693.279001,13706,56461,0,0,1
1769429693.3286772,13756,56815,0,0,1
1769429693.3799171,13806,57168,0,0,1
1769429693.429971,13856,57522,0,0,1
1769429693.480009,13906,57876,0,0,1
1769429693.529536,13956,58223,0,0,1
1769429693.579351,14006,58576,0,0,1
1769429693.629424,14056,58930,0,0,1
1769429693.680379,14106,59284,0,0,1
1769429693.730626,14156,59638,0,0,1
1769429693.780577,14206,59992,0,0,1
1769429693.830231,14256,60338,0,0,1
1769429693.880148,14306,60692,0,0,1
1769429693.931357,14356,61046,0,0,1
1769429693.9812212,14406,61400,0,0,1
1769429694.030881,14456,61753,0,0,1
1769429694.082067,14507,62107,0,0,1
1769429694.13209,14557,62461,0,0,1
1769429694.181941,14607,62815,0,0,1
1769429694.232629,14657,63169,0,0,1
1769429694.282683,14707,63523,0,0,1
1769429694.3338509,14757,63876,0,0,1
1769429694.382584,14807,64223,0,0,1
1769429694.432501,14857,64577,0,0,1
1769429694.483306,14907,64931,0,0,1
1769429694.5331311,14957,65284,0,0,1
1769429694.58406,15007,65638,0,0,1
1769429694.634161,15057,65992,0,0,1
1769429694.6838899,15107,66338,0,0,1
1769429694.733805,15157,66692,0,0,1
1769429694.7841558,15207,67046,0,0,1
1769429694.833801,15257,67400,0,0,1
1769429694.885181,15307,67754,0,0,1
1769429694.9352021,15357,68108,0,0,1
1769429694.984459,15407,68454,0,0,1
1769429695.03455,15457,68808,0,0,1
1769429695.084398,15507,69162,0,0,1
1769429695.135194,15557,69516,0,0,1
1769429695.1851552,15607,69870,0,0,1
1769429695.2359831,15657,70224,0,0,1
1769429695.285583,15707,70570,0,0,1
1769429695.335787,15757,70924,0,0,1
1769429695.386368,15807,71278,0,0,1
1769429695.43638,15857,71632,0,0,1
1769429695.486336,15907,71986,0,0,1
1769429695.53751,15958,72340,0,0,1
1769429695.5873752,16008,72693,0,0,1
1769429695.637347,16058,73047,0,0,1
1769429695.687258,16108,73401,0,0,1
1769429695.7386801,16158,73755,0,0,1
1769429695.788629,16208,74109,0,0,1
1769429695.837295,16258,74455,0,0,1
1769429695.88842,16308,74809,0,0,1
1769429695.938207,16358,75163,0,0,1
1769429695.989259,16408,75517,0,0,1
1769429696.0391371,16458,75871,0,0,1
1769429696.089057,16508,76224,0,0,1
1769429696.138829,16558,76571,0,0,1
1769429696.189214,16608,76925,0,0,1
1769429696.238919,16658,77278,0,0,1
1769429696.290092,16708,77632,0,0,1
1769429696.339426,16758,77986,0,0,1
1769429696.389656,16808,78340,0,0,1
1769429696.4393852,16858,78686,0,0,1
1769429696.4893591,16908,79040,0,0,1
1769429696.540619,16958,79394,0,0,1
1769429696.590454,17008,79748,0,0,1
1769429696.640671,17058,80102,0,0,1
1769429696.691499,17108,80456,0,0,1
1769429696.740196,17158,80802,0,0,1
1769429696.790018,17208,81156,0,0,1
1769429696.841035,17258,81510,0,0,1
1769429696.892128,17308,81864,0,0,1
1769429696.942038,17358,82218,0,0,1
1769429696.990279,17408,82564,0,0,1
1769429697.041512,17458,82918,0,0,1
1769429697.0914738,17508,83272,0,0,1
1769429697.141506,17558,83626,0,0,1
1769429697.192555,17608,83980,0,0,1
1769429697.242226,17658,84333,0,0,1
1769429697.292266,17708,84680,0,0,1
1769429697.341996,17758,85034,0,0,1
1769429697.393059,17808,85387,0,0,1
1769429697.44285,17858,85741,0,0,1
1769429697.492912,17908,86094,0,0,1
1769429697.543008,17958,-37,0,0,1
1769429697.593171,18008,-113,0,0,1
1769429697.6429608,18058,-191,0,0,1
1769429697.69299,18108,-269,0,0,1
1769429697.744073,18158,-347,0,0,1
1769429697.793992,18208,-425,0,0,1
1769429697.844225,18258,-503,0,0,1
1769429697.893856,18308,-579,0,0,1
1769429697.944161,18358,-657,0,0,1
1769429699.510968,19920,0,0,0,1
1769429699.55988,19970,77,0,0,1
1769429699.6100101,20020,155,0,0,1
1769429699.66005,20070,234,0,0,1
1769429699.7112918,20120,312,0,0,1
1769429699.761676,20170,391,0,0,1
1769429699.812004,20220,469,0,0,1
1769429699.860634,20270,546,0,0,1
1769429699.9107049,20320,624,0,0,1
1769429699.9620202,20370,703,0,0,1
1769429700.012334,20420,781,0,0,1
1769429700.062101,20470,860,0,0,1
1769429700.112146,20520,938,0,0,1
1769429700.1617541,20570,1015,0,0,1
1769429700.211825,20620,1094,0,0,1
1769429700.2622888,20670,1172,0,0,1
1769429700.312402,20720,1251,0,0,1
1769429700.363431,20770,1329,0,0,1
1769429700.413335,20820,1408,0,0,1
1769429700.463253,20870,1485,0,0,1
1769429700.51278,20920,1563,0,0,1
1769429700.563744,20970,1641,0,0,1
1769429700.61378,21020,1720,0,0,1
1769429700.66337,21070,1798,0,0,1
1769429700.7132642,21120,1875,0,0,1
1769429700.763118,21170,1954,0,0,1
1769429700.8144052,21220,2032,0,0,1
1769429700.864168,21270,2110,0,0,1
1769429700.913919,21320,2189,0,0,1
1769429700.9651148,21370,2267,0,0,1
1769429701.0143528,21420,2344,0,0,1
1769429701.064308,21470,2423,0,0,1
1769429701.114551,21520,2501,0,0,1
1769429701.165161,21570,2580,0,0,1
1769429701.21503,21620,2658,0,0,1
1769429701.264898,21670,2737,0,0,1
1769429701.314642,21720,2814,0,0,1
1769429701.3657238,21770,2891,0,0,1
1769429701.41557,21820,-64,0,0,1
1769429701.465368,21870,-142,0,0,1
1769429701.516587,21920,-220,0,0,1
1769429701.566401,21970,-298,0,0,1
1769429701.616069,22020,-374,0,0,1
1769429701.6659079,22070,-452,0,0,1
1769429703.231144,23630,0,0,0,1
1769429703.27966,23680,77,0,0,1
1769429703.330562,23730,155,0,0,1
1769429703.380817,23780,233,0,0,1
1769429703.43202,23830,312,0,0,1
1769429703.481045,23880,390,0,0,1
1769429703.532042,23930,469,0,0,1
1769429703.581887,23980,546,0,0,1
1769429703.631666,24030,624,0,0,1
1769429703.681736,24080,702,0,0,1
1769429703.731607,24130,781,0,0,1
1769429703.783221,24180,859,0,0,1
1769429703.832047,24230,938,0,0,1
1769429703.8817658,24280,1015,0,0,1
1769429703.931987,24330,1093,0,0,1
1769429703.983142,24380,1172,0,0,1
1769429704.032445,24430,1250,0,0,1
1769429704.0831628,24480,1329,0,0,1
1769429704.1332638,24530,1407,0,0,1
1769429704.182977,24580,1484,0,0,1
1769429704.2327108,24630,1562,0,0,1
1769429704.2838788,24680,1641,0,0,1
1769429704.333737,24730,1719,0,0,1
1769429704.383758,24780,1797,0,0,1
1769429704.4351301,24830,1876,0,0,1
1769429704.483665,24880,1953,0,0,1
1769429704.5346718,24930,2031,0,0,1
1769429704.584702,24980,2109,0,0,1
1769429704.634889,25030,2188,0,0,1
1769429704.684947,25080,2266,0,0,1
1769429704.735769,25131,2345,0,0,1
1769429704.786009,25181,2423,0,0,1
1769429704.8361778,25231,2502,0,0,1
1769429704.886262,25281,2580,0,0,1
1769429704.936366,25331,2659,0,0,1
1769429704.9872231,25381,2737,0,0,1
1769429705.035659,25431,2814,0,0,1
1769429705.086518,25481,2892,0,0,1
1769429705.1366022,25531,32728,0,0,1
1769429705.1876411,25581,32530,0,0,1
1769429705.237623,25631,32324,0,0,1
1769429705.2875772,25681,32117,0,0,1
1769429705.3370519,25731,31913,0,0,1
1769429705.387166,25781,31705,0,0,1
1769429705.438594,25831,31497,0,0,1
1769429705.4886742,25881,31290,0,0,1
1769429705.5385249,25931,31082,0,0,1
1769429705.588452,25981,30875,0,0,1
1769429705.6384351,26031,30672,0,0,1
1769429705.688344,26081,30465,0,0,1
1769429705.73915,26131,30258,0,0,1
1769429705.789973,26181,30051,0,0,1
1769429705.838377,26231,29844,0,0,1
1769429705.888895,26281,29637,0,0,1
1769429705.938963,26331,29434,0,0,1
1769429705.988748,26381,29227,0,0,1
1769429706.039007,26431,29020,0,0,1
1769429706.0905118,26481,28813,0,0,1
1769429706.140594,26531,28606,0,0,1
1769429706.19067,26582,28400,0,0,1
1769429706.240787,26632,28194,0,0,1
1769429706.291967,26682,27987,0,0,1
1769429706.3420029,26732,27781,0,0,1
1769429706.392204,26782,27575,0,0,1
1769429706.442227,26832,27368,0,0,1
1769429706.4915662,26882,27166,0,0,1
1769429706.5415082,26932,26960,0,0,1
1769429706.592076,26982,26753,0,0,1
1769429706.6419299,27032,26547,0,0,1
1769429706.692996,27082,26340,0,0,1
1769429706.742678,27132,26134,0,0,1
1769429706.792269,27182,25932,0,0,1
1769429706.843157,27232,25725,0,0,1
1769429706.893544,27282,25518,0,0,1
1769429706.943029,27332,25312,0,0,1
1769429706.9929862,27382,25105,0,0,1
1769429707.043833,27432,24898,0,0,1
1769429707.093538,27482,24696,0,0,1
1769429707.1440132,27532,24490,0,0,1
1769429707.193307,27582,24285,0,0,1
1769429707.243511,27632,24079,0,0,1
1769429707.2947268,27682,23873,0,0,1
1769429707.344297,27732,23667,0,0,1
1769429707.3941429,27782,23466,0,0,1
1769429707.443962,27832,23260,0,0,1
1769429707.49403,27882,23054,0,0,1
1769429707.545027,27932,22848,0,0,1
1769429707.59498,27982,22642,0,0,1
1769429707.64499,28032,22441,0,0,1
1769429707.6947021,28082,22235,0,0,1
1769429707.7445161,28132,22029,0,0,1
1769429707.7955399,28182,21823,0,0,1
1769429707.84548,28232,21617,0,0,1
1769429707.896816,28282,21411,0,0,1
1769429707.945771,28332,21210,0,0,1
1769429707.9953752,28382,21004,0,0,1
1769429708.045384,28432,20798,0,0,1
1769429708.096496,28482,20592,0,0,1
1769429708.146372,28532,20386,0,0,1
1769429708.1965828,28582,20180,0,0,1
1769429708.246523,28632,19978,0,0,1
1769429708.295873,28682,19772,0,0,1
1769429708.3470342,28732,19566,0,0,1
1769429708.402015,28782,19360,0,0,1
1769429708.4470599,28832,19154,0,0,1
1769429708.4983318,28882,18948,0,0,1
1769429708.546738,28932,18747,0,0,1
1769429708.5979772,28982,18540,0,0,1
1769429708.647529,29032,18335,0,0,1
1769429708.697164,29082,18129,0,0,1
1769429708.7484002,29132,17923,0,0,1
1769429708.7981088,29182,17716,0,0,1
1769429708.848238,29232,17514,0,0,1
1769429708.898224,29282,17308,0,0,1
1769429708.948315,29332,17102,0,0,1
1769429708.998465,29382,16896,0,0,1
1769429709.049355,29432,16690,0,0,1
1769429709.0994298,29483,16485,0,0,1
1769429709.149073,29533,16278,0,0,1
1769429709.2000341,29583,16070,0,0,1
1769429709.249943,29633,15862,0,0,1
1769429709.301158,29683,15654,0,0,1
1769429709.35101,29733,15446,0,0,1
1769429709.400724,29783,15242,0,0,1
1769429709.4505038,29833,15034,0,0,1
1769429709.500584,29883,14826,0,0,1
1769429709.5516758,29933,14618,0,0,1
1769429709.6012318,29983,14410,0,0,1
1769429709.652271,30033,14202,0,0,1
1769429709.700997,30083,13999,0,0,1
1769429709.752044,30133,13790,0,0,1
1769429709.801911,30183,13582,0,0,1
1769429709.851944,30233,13374,0,0,1
1769429709.902056,30283,13166,0,0,1
1769429709.952548,30333,12958,0,0,1
1769429710.001714,30383,12754,0,0,1
1769429710.0527308,30433,12546,0,0,1
1769429710.102566,30483,12338,0,0,1
1769429710.1527581,30533,12130,0,0,1
1769429710.202838,30583,11922,0,0,1
1769429710.2539258,30633,11713,0,0,1
1769429710.302649,30683,11509,0,0,1
1769429710.353315,30733,11302,0,0,1
1769429710.4030368,30783,11094,0,0,1
1769429710.453773,30833,10886,0,0,1
1769429710.503704,30883,10678,0,0,1
1769429710.5547462,30934,10470,0,0,1
1769429710.604791,30984,10262,0,0,1
1769429710.654911,31034,10054,0,0,1
1769429710.704648,31084,9846,0,0,1
1769429710.755765,31134,9637,0,0,1
1769429710.805839,31184,9429,0,0,1
1769429710.8556118,31234,9226,0,0,1
1769429710.905706,31284,9017,0,0,1
1769429710.956613,31334,8809,0,0,1
1769429711.006429,31384,8601,0,0,1
1769429711.056187,31434,8393,0,0,1
1769429711.107219,31484,8185,0,0,1
1769429711.155637,31534,7981,0,0,1
1769429711.206941,31584,7773,0,0,1
1769429711.257163,31634,7564,0,0,1
1769429711.30735,31684,7356,0,0,1
1769429711.357298,31734,7148,0,0,1
1769429711.408282,31784,6940,0,0,1
1769429711.457149,31834,6736,0,0,1
1769429711.508211,31884,6528,0,0,1
1769429711.558104,31934,6320,0,0,1
1769429711.607712,31984,6112,0,0,1
1769429711.658699,32034,5904,0,0,1
1769429711.7086349,32084,5695,0,0,1
1769429711.7583842,32134,5492,0,0,1
1769429711.808296,32184,5283,0,0,1
1769429711.858062,32234,5075,0,0,1
1769429711.908764,32284,4867,0,0,1
1769429711.9594262,32334,4659,0,0,1
1769429712.0092642,32384,4454,0,0,1
1769429712.059249,32434,4246,0,0,1
1769429712.109331,32484,4038,0,0,1
1769429712.1589801,32534,3830,0,0,1
1769429712.21016,32584,3622,0,0,1
1769429712.259692,32634,3414,0,0,1
1769429712.309441,32684,3210,0,0,1
1769429712.359549,32734,3001,0,0,1
1769429712.409625,32784,2793,0,0,1
1769429712.460543,32834,2584,0,0,1
1769429712.510577,32884,2376,0,0,1
1769429712.560161,32934,2168,0,0,1
1769429712.6104052,32984,1964,0,0,1
1769429712.660527,33034,1755,0,0,1
1769429712.71145,33084,1547,0,0,1
1769429712.761454,33134,1339,0,0,1
1769429712.812107,33184,1130,0,0,1
1769429712.8620648,33234,921,0,0,1
1769429712.91084,33284,716,0,0,1
1769429712.961714,33334,506,0,0,1
1769429713.012533,33384,300,0,0,1
1769429713.061533,33434,97,0,0,1
1769429713.112782,33484,1,0,0,1
1769429713.162762,33534,0,0,0,0
1769429713.211518,33584,0,0,0,0
1769429713.262673,33634,0,0,0,0
1769429713.312513,33684,0,0,0,0
1769429713.362527,33734,0,0,0,0
1769429713.413237,33784,0,0,0,0
1769429713.4632819,33835,0,0,0,0
1769429713.513532,33885,0,0,0,0
1769429713.5644631,33935,0,0,0,0
1769429713.613927,33985,0,0,0,0
1769429713.664889,34035,0,0,0,0
1769429713.7148259,34085,0,0,0,0
1769429713.764822,34135,0,0,0,0
1769429713.8147159,34185,0,0,0,0
1769429713.86465,34235,0,0,0,0
1769429713.9158232,34285,0,0,0,0
1769429713.9655511,34335,0,0,0,0
1769429714.0165792,34385,0,0,0,0
1769429714.065185,34435,0,0,0,0
1769429714.116069,34485,0,0,0,0
1769429714.165771,34535,0,0,0,0
1769429714.216703,34585,0,0,0,0
1769429714.267204,34635,0,0,0,0
1769429714.316771,34685,0,0,0,0
1769429714.366452,34735,0,0,0,0
1769429714.4164212,34785,0,0,0,0
1769429714.46685,34835,0,0,0,0
1769429714.5167701,34885,0,0,0,0
1769429714.567978,34935,0,0,0,0
1769429714.617868,34985,0,0,0,0
1769429714.666583,35035,0,0,0,0
1769429714.716629,35085,0,0,0,0
1769429714.7676108,35135,0,0,0,0
1769429714.817238,35185,0,0,0,0
1769429714.868431,35235,0,0,0,0
1769429714.918624,35286,0,0,0,0
1769429714.968533,35336,0,0,0,0
1769429715.01873,35386,0,0,0,0
1769429715.06878,35436,0,0,0,0
1769429715.119461,35486,0,0,0,0
1769429715.170239,35536,0,0,0,0
1769429715.2188978,35586,0,0,0,0
1769429715.269035,35636,0,0,0,0
1769429715.320151,35686,0,0,0,0
1769429715.369965,35736,0,0,0,0
1769429715.421056,35786,0,0,0,0
1769429715.4707992,35836,0,0,0,0
1769429715.519826,35886,0,0,0,0
1769429715.570969,35936,0,0,0,0
1769429715.620938,35986,0,0,0,0
1769429715.670654,36036,0,0,0,0
1769429715.721487,36086,0,0,0,0
1769429715.771397,36136,0,0,0,0
1769429715.8206441,36186,0,0,0,0
1769429715.871256,36236,0,0,0,0
1769429715.921716,36286,0,0,0,0
1769429715.972286,36336,0,0,0,0
1769429716.02267,36386,0,0,0,0
1769429716.0728261,36436,0,0,0,0
1769429716.1224399,36486,0,0,0,0
1769429716.172315,36536,0,0,0,0
1769429716.2222762,36586,0,0,0,0
1769429716.2722108,36636,0,0,0,0
1769429716.323193,36686,0,0,0,0
1769429716.372981,36736,0,0,0,0
1769429716.4229949,36786,0,0,0,0
1769429716.473142,36836,0,0,0,0
1769429716.5257442,36886,0,0,0,0
1769429716.574229,36936,0,0,0,0
1769429716.6240451,36986,0,0,0,0
1769429716.6736279,37036,0,0,0,0
1769429716.7233338,37086,0,0,0,0
1769429716.7743979,37136,0,0,0,0
1769429716.824181,37186,0,0,0,0
1769429716.875093,37236,0,0,0,0
1769429716.925108,37286,0,0,0,0
1769429716.974081,37336,0,0,0,0
1769429717.023793,37386,0,0,0,0
1769429717.074806,37436,0,0,0,0
1769429717.124807,37486,0,0,0,0
1769429717.176021,37536,0,0,0,0
1769429717.225845,37586,0,0,0,0
1769429717.275442,37636,0,0,0,0
1769429717.3254678,37686,0,0,0,0
1769429717.375668,37736,0,0,0,0
1769429717.426671,37786,0,0,0,0
1769429717.476558,37836,0,0,0,0
1769429717.526434,37886,0,0,0,0
1769429717.576222,37936,0,0,0,0
1769429717.626087,37986,0,0,0,0
1769429717.677248,38036,0,0,0,0
1769429717.7269802,38086,0,0,0,0
1769429717.7769449,38136,0,0,0,0
1769429717.826926,38187,0,0,0,0
1769429717.878092,38237,0,0,0,0
1769429717.927855,38287,0,0,0,0
1769429717.978406,38337,0,0,0,0
1769429718.0294101,38387,0,0,0,0
1769429718.079401,38437,0,0,0,0
1769429718.128175,38487,0,0,0,0
1769429718.179317,38537,0,0,0,0
1769429718.228708,38587,0,0,0,0
1769429718.279833,38637,0,0,0,0
1769429718.329865,38687,0,0,0,0
1769429718.379712,38737,0,0,0,0
1769429718.429708,38787,0,0,0,0
1769429718.4791071,38837,0,0,0,0
1769429718.5302882,38887,0,0,0,0
1769429718.580006,38937,0,0,0,0
1769429718.629972,38987,0,0,0,0
1769429718.6811368,39037,0,0,0,0
1769429718.7299042,39087,0,0,0,0
1769429718.780874,39137,0,0,0,0
1769429718.830701,39187,0,0,0,0
1769429718.881536,39237,0,0,0,0
1769429718.930945,39287,0,0,0,0
1769429718.981219,39337,0,0,0,0
1769429719.030592,39387,0,0,0,0
1769429719.0813289,39437,0,0,0,0
1769429719.131364,39487,0,0,0,0
1769429719.182605,39537,0,0,0,0
1769429719.2328892,39587,0,0,0,0
1769429719.283056,39638,0,0,0,0
1769429719.3335261,39688,0,0,0,0
1769429719.382826,39738,0,0,0,0
1769429719.4336572,39788,0,0,0,0
1769429719.483448,39838,0,0,0,0
1769429719.533644,39888,0,0,0,0
1769429719.583832,39938,0,0,0,0
1769429719.633705,39988,0,0,0,0
1769429719.6836889,40038,0,0,0,0
1769429719.733942,40088,0,0,0,0
1769429719.7852201,40138,0,0,0,0
1769429719.834574,40188,0,0,0,0
1769429719.883886,40238,0,0,0,0
1769429719.935224,40288,0,0,0,0
1769429719.985114,40338,0,0,0,0
1769429720.034863,40388,0,0,0,0
1769429720.086066,40438,0,0,0,0
1769429720.1360781,40488,0,0,0,0
1769429720.184757,40538,0,0,0,0
1769429720.2349818,40588,0,0,0,0
1769429720.286221,40638,0,0,0,0
1769429720.335775,40688,0,0,0,0
1769429720.387139,40738,0,0,0,0
1769429720.436824,40788,0,0,0,0
1769429720.4856389,40838,0,0,0,0
1769429720.536015,40888,0,0,0,0
1769429720.5863092,40938,0,0,0,0
1769429720.637506,40988,0,0,0,0
1769429720.687562,41038,0,0,0,0
1769429720.7360718,41088,0,0,0,0
1769429720.787243,41138,0,0,0,0
1769429720.8370628,41188,0,0,0,0
1769429720.887159,41238,0,0,0,0
1769429720.93781,41288,0,0,0,0
1769429720.987693,41338,0,0,0,0
1769429721.037975,41388,0,0,0,0
1769429721.088347,41438,0,0,0,0
1769429721.138428,41488,0,0,0,0
1769429721.188006,41538,0,0,0,0
1769429721.239197,41588,0,0,0,0
1769429721.2888231,41638,0,0,0,0
1769429721.33875,41688,0,0,0,0
1769429721.388916,41738,0,0,0,0
1769429721.4394538,41788,0,0,0,0
1769429721.489461,41838,0,0,0,0
1769429721.5395358,41888,0,0,0,0
1769429721.589945,41938,0,0,0,0
1769429721.638742,41988,0,0,0,0
1769429721.689903,42038,0,0,0,0
1769429721.740027,42088,0,0,0,0
1769429721.789974,42138,0,0,0,0
1769429721.840457,42188,0,0,0,0
1769429721.890477,42238,0,0,0,0
1769429721.9411032,42288,0,0,0,0
1769429721.9898398,42338,0,0,0,0
1769429722.04129,42388,0,0,0,0
1769429722.091489,42438,0,0,0,0
1769429722.1416802,42488,0,0,0,0
1769429722.191041,42539,0,0,0,0
1769429722.2418728,42589,0,0,0,0
1769429722.2927191,42639,0,0,0,0
1769429722.342806,42689,0,0,0,0
1769429722.3929431,42739,0,0,0,0
1769429722.443071,42789,0,0,0,0
1769429722.4928918,42839,0,0,0,0
1769429722.54288,42889,0,0,0,0
1769429722.5928488,42939,0,0,0,0
1769429722.643081,42989,0,0,0,0
1769429722.6938,43039,0,0,0,0
1769429722.743673,43089,0,0,0,0
1769429722.7934232,43139,0,0,0,0
1769429722.843882,43189,0,0,0,0
1769429722.893805,43239,0,0,0,0
1769429722.943999,43289,0,0,0,0
1769429722.994231,43339,0,0,0,0
1769429723.0455208,43389,0,0,0,0
1769429723.094473,43439,0,0,0,0
1769429723.145108,43489,0,0,0,0
1769429723.19536,43539,0,0,0,0
1769429723.245406,43589,0,0,0,0
1769429723.2954502,43639,0,0,0,0
1769429723.345433,43689,0,0,0,0
1769429723.395412,43739,0,0,0,0
1769429723.445188,43789,0,0,0,0
1769429723.496275,43839,0,0,0,0
1769429723.5461261,43889,0,0,0,0
1769429723.596072,43939,0,0,0,0
1769429723.647147,43990,0,0,0,0
1769429723.697202,44040,0,0,0,0
1769429723.747312,44090,0,0,0,0
1769429723.79698,44140,0,0,0,0
1769429723.847698,44190,0,0,0,0
1769429723.8984802,44240,0,0,0,0
1769429723.946971,44290,0,0,0,0
1769429723.997868,44340,0,0,0,0
1769429724.0481532,44390,0,0,0,0
1769429724.097986,44440,0,0,0,0
1769429724.1489742,44490,0,0,0,0
1769429724.19887,44540,0,0,0,0
1769429724.248755,44590,0,0,0,0
1769429724.2986088,44640,0,0,0,0
1769429724.3488472,44690,0,0,0,0
1769429724.398549,44740,0,0,0,0
1769429724.4495301,44790,0,0,0,0
1769429724.500392,44840,0,0,0,0
1769429724.54884,44890,0,0,0,0
1769429724.5993001,44940,0,0,0,0
1769429724.6493812,44990,0,0,0,0
1769429724.700072,45040,0,0,0,0
1769429724.7511501,45090,0,0,0,0
1769429724.800682,45140,0,0,0,0
1769429724.850503,45190,0,0,0,0
1769429724.900668,45240,0,0,0,0
1769429724.950776,45290,0,0,0,0
1769429725.0008059,45340,0,0,0,0
1769429725.051778,45390,0,0,0,0
1769429725.1001222,45440,0,0,0,0
1769429725.1514938,45490,0,0,0,0
1769429725.201518,45540,0,0,0,0
1769429725.25165,45590,0,0,0,0
1769429725.301923,45640,0,0,0,0
1769429725.351598,45690,0,0,0,0
1769429725.401654,45740,0,0,0,0
1769429725.451541,45790,0,0,0,0
1769429725.501302,45840,0,0,0,0
1769429725.552248,45890,0,0,0,0
1769429725.602286,45940,0,0,0,0
1769429725.653091,45990,0,0,0,0
1769429725.7028322,46040,0,0,0,0
1769429725.753223,46090,0,0,0,0
1769429725.8027918,46140,0,0,0,0
1769429725.853397,46190,0,0,0,0
1769429725.904126,46240,0,0,0,0
1769429725.95415,46290,0,0,0,0
1769429726.0030222,46340,0,0,0,0
1769429726.054294,46390,0,0,0,0
1769429726.1044512,46440,0,0,0,0
1769429726.154876,46490,0,0,0,0
1769429726.2046,46540,0,0,0,0
1769429726.254507,46590,0,0,0,0
1769429726.304747,46640,0,0,0,0
1769429726.3541272,46690,0,0,0,0
1769429726.404341,46740,0,0,0,0
1769429726.45507,46790,0,0,0,0
1769429726.504927,46840,0,0,0,0
1769429726.556066,46891,0,0,0,0
1769429726.605987,46941,0,0,0,0
1769429726.6568441,46991,0,0,0,0
1769429726.706859,47041,0,0,0,0
1769429726.7566059,47091,0,0,0,0
1769429726.807661,47141,0,0,0,0
1769429726.8563352,47191,0,0,0,0
1769429726.90724,47241,0,0,0,0
1769429726.956785,47291,0,0,0,0
1769429727.0078259,47341,0,0,0,0
1769429727.0575712,47391,0,0,0,0
1769429727.108568,47441,0,0,0,0
1769429727.1569762,47491,0,0,0,0
1769429727.208009,47541,0,0,0,0
1769429727.258274,47591,0,0,0,0
1769429727.308383,47641,0,0,0,0
1769429727.358132,47691,0,0,0,0
1769429727.409489,47741,0,0,0,0
1769429727.457937,47791,0,0,0,0
1769429727.508929,47841,0,0,0,0
1769429727.558901,47891,0,0,0,0
1769429727.608858,47941,0,0,0,0
1769429727.659905,47991,0,0,0,0
1769429727.709993,48041,0,0,0,0
1769429727.758515,48091,0,0,0,0
1769429727.8096,48141,0,0,0,0
1769429727.859491,48191,0,0,0,0
1769429727.9095,48241,0,0,0,0
1769429727.960611,48291,0,0,0,0
1769429728.010745,48342,0,0,0,0
1769429728.060658,48392,0,0,0,0
1769429728.11185,48442,0,0,0,0
1769429728.1620228,48492,0,0,0,0
1769429728.212127,48542,0,0,0,0
1769429728.2619991,48592,0,0,0,0
1769429728.3119009,48642,0,0,0,0
1769429728.362006,48692,0,0,0,0
1769429728.411733,48742,0,0,0,0
1769429728.462686,48792,0,0,0,0
1769429728.5125299,48842,0,0,0,0
1769429728.563485,48892,0,0,0,0
1769429728.6123571,48942,0,0,0,0
1769429728.662088,48992,0,0,0,0
1769429728.713349,49042,0,0,0,0
1769429728.763171,49092,0,0,0,0
1769429728.814122,49142,0,0,0,0
1769429728.8639429,49192,0,0,0,0
1769429728.9139972,49242,0,0,0,0
1769429728.964067,49292,0,0,0,0
1769429729.014017,49342,0,0,0,0
1769429729.064257,49392,0,0,0,0
1769429729.114421,49442,0,0,0,0
1769429729.164535,49492,0,0,0,0
1769429729.2145028,49542,0,0,0,0
1769429729.264543,49592,0,0,0,0
1769429729.314164,49642,0,0,0,0
1769429729.36537,49692,0,0,0,0
1769429729.4150789,49742,0,0,0,0
1769429729.464906,49792,0,0,0,0
1769429729.514559,49842,0,0,0,0
1769429729.565241,49892,0,0,0,0
1769429729.6156092,49942,0,0,0,0
1769429729.665694,49992,0,0,0,0
1769429729.715969,50042,0,0,0,0
1769429729.764843,50092,0,0,0,0
1769429729.8162508,50142,0,0,0,0
1769429729.8662322,50192,0,0,0,0
1769429729.916091,50242,0,0,0,0
1769429729.967422,50292,0,0,0,0
1769429730.016899,50342,0,0,0,0
1769429730.066847,50392,0,0,0,0
1769429730.116415,50442,0,0,0,0
1769429730.16733,50492,0,0,0,0
1769429730.217396,50542,0,0,0,0
1769429730.267529,50592,0,0,0,0
1769429730.318549,50642,0,0,0,0
1769429730.367071,50692,0,0,0,0
1769429730.418062,50742,0,0,0,0
1769429730.46789,50792,0,0,0,0
1769429730.517665,50842,0,0,0,0
1769429730.5680199,50892,0,0,0,0
1769429730.618952,50942,0,0,0,0
1769429730.667712,50992,0,0,0,0
1769429730.718997,51042,0,0,0,0
1769429730.768331,51092,0,0,0,0
1769429730.81926,51142,0,0,0,0
1769429730.8688772,51192,0,0,0,0
1769429730.9202309,51243,0,0,0,0
1769429730.9694731,51293,0,0,0,0
1769429731.020158,51343,0,0,0,0
1769429731.072126,51393,0,0,0,0
1769429731.120528,51443,0,0,0,0
1769429731.1719198,51493,0,0,0,0
1769429731.2202291,51543,0,0,0,0
1769429731.271369,51593,0,0,0,0
1769429731.3210611,51643,0,0,0,0
1769429731.3711,51693,0,0,0,0
1769429731.4223309,51743,0,0,0,0
1769429731.4719539,51793,0,0,0,0
1769429731.521722,51843,0,0,0,0
1769429731.571542,51893,0,0,0,0
1769429731.621584,51943,0,0,0,0
1769429731.6728718,51993,0,0,0,0
1769429731.722718,52043,0,0,0,0
1769429731.772612,52093,0,0,0,0
1769429731.821911,52143,0,0,0,0
1769429731.873246,52193,0,0,0,0
1769429731.923376,52243,0,0,0,0
1769429731.9734662,52293,0,0,0,0
1769429732.0231512,52343,0,0,0,0
1769429732.074456,52393,0,0,0,0
1769429732.122965,52443,0,0,0,0
1769429732.172898,52493,0,0,0,0
1769429732.224195,52543,0,0,0,0
1769429732.273673,52593,0,0,0,0
1769429732.3246021,52643,0,0,0,0
1769429732.374444,52694,0,0,0,0
1769429732.425629,52744,0,0,0,0
1769429732.475275,52794,0,0,0,0
1769429732.52514,52844,0,0,0,0
1769429732.576192,52894,0,0,0,0
1769429732.62597,52944,0,0,0,0
1769429732.675839,52994,0,0,0,0
1769429732.726515,53044,0,0,0,0
1769429732.776381,53094,0,0,0,0
1769429732.8260171,53144,0,0,0,0
1769429732.877292,53194,0,0,0,0
1769429732.9271538,53244,0,0,0,0
1769429732.97685,53294,0,0,0,0
1769429733.0269141,53344,0,0,0,0
1769429733.076564,53394,0,0,0,0
1769429733.127895,53444,0,0,0,0
1769429733.177863,53494,0,0,0,0
1769429733.2276921,53544,0,0,0,0
1769429733.277706,53594,0,0,0,0
1769429733.3276002,53644,0,0,0,0
1769429733.378015,53694,0,0,0,0
1769429733.4280362,53744,0,0,0,0
1769429733.4792619,53794,0,0,0,0
1769429733.528865,53844,0,0,0,0
1769429733.578625,53894,0,0,0,0
1769429733.628284,53944,0,0,0,0
1769429733.6808598,53994,0,0,0,0
1769429733.7292538,54044,0,0,0,0
1769429733.779397,54094,0,0,0,0
1769429733.82945,54144,0,0,0,0
1769429733.8795378,54194,0,0,0,0
1769429733.929507,54244,0,0,0,0
1769429733.979281,54294,0,0,0,0
1769429734.030526,54344,0,0,0,0
1769429734.080318,54394,0,0,0,0
1769429734.130372,54444,0,0,0,0
1769429734.179956,54494,0,0,0,0
1769429734.229824,54544,0,0,0,0
1769429734.280214,54594,0,0,0,0
1769429734.331619,54644,0,0,0,0
1769429734.381989,54694,0,0,0,0
1769429734.4311302,54744,0,0,0,0
1769429734.480932,54794,0,0,0,0
1769429734.5310001,54844,0,0,0,0
1769429734.58096,54894,0,0,0,0
1769429734.631352,54944,0,0,0,0
1769429734.68258,54994,0,0,0,0
1769429734.731669,55044,0,0,0,0
1769429734.781284,55094,0,0,0,0
1769429734.831899,55144,0,0,0,0
1769429734.882826,55194,0,0,0,0
1769429734.9327328,55244,0,0,0,0
1769429734.982715,55294,0,0,0,0
1769429735.032442,55344,0,0,0,0
1769429735.0830772,55394,0,0,0,0
1769429735.133039,55444,0,0,0,0
1769429735.1827898,55494,0,0,0,0
1769429735.23408,55544,0,0,0,0
1769429735.2840152,55595,0,0,0,0
1769429735.333786,55645,0,0,0,0
1769429735.385011,55695,0,0,0,0
1769429735.4350002,55745,0,0,0,0
1769429735.485018,55795,0,0,0,0
1769429735.535105,55845,0,0,0,0
1769429735.584746,55895,0,0,0,0
1769429735.634737,55945,0,0,0,0
1769429735.685858,55995,0,0,0,0
1769429735.735762,56045,0,0,0,0
1769429735.785738,56095,0,0,0,0
1769429735.83585,56145,0,0,0,0
1769429735.8854709,56195,0,0,0,0
1769429735.936469,56245,0,0,0,0
1769429735.986521,56295,0,0,0,0
1769429736.0365682,56345,0,0,0,0
1769429736.0864708,56395,0,0,0,0
1769429736.137578,56445,0,0,0,0
1769429736.1860008,56495,0,0,0,0
1769429736.23698,56545,0,0,0,0
1769429736.2868109,56595,0,0,0,0
1769429736.336906,56645,0,0,0,0
1769429736.3882592,56695,0,0,0,0
1769429736.437973,56745,0,0,0,0
1769429736.487168,56795,0,0,0,0
1769429736.53807,56845,0,0,0,0
1769429736.587917,56895,0,0,0,0
1769429736.6376462,56945,0,0,0,0
1769429736.688494,56995,0,0,0,0
1769429736.7384691,57046,0,0,0,0
1769429736.7896068,57096,0,0,0,0
1769429736.83938,57146,0,0,0,0
1769429736.8901,57196,0,0,0,0
1769429736.940494,57246,0,0,0,0
1769429736.989934,57296,0,0,0,0
1769429737.039426,57346,0,0,0,0
1769429737.090291,57396,0,0,0,0
1769429737.1399732,57446,0,0,0,0
1769429737.1902971,57496,0,0,0,0
1769429737.24139,57546,0,0,0,0
1769429737.2916899,57596,0,0,0,0
1769429737.3406541,57646,0,0,0,0
1769429737.390527,57696,0,0,0,0
1769429737.44158,57746,0,0,0,0
1769429737.491559,57796,0,0,0,0
1769429737.5425541,57846,0,0,0,0
1769429737.5924768,57896,0,0,0,0
1769429737.6420522,57946,0,0,0,0
1769429737.692149,57996,0,0,0,0
1769429737.7422311,58046,0,0,0,0
1769429737.791994,58096,0,0,0,0
1769429737.8429198,58146,0,0,0,0
1769429737.8928268,58196,0,0,0,0
1769429737.943182,58246,0,0,0,0
1769429737.992585,58296,0,0,0,0
1769429738.04246,58346,0,0,0,0
1769429738.0940218,58396,0,0,0,0
1769429738.143836,58446,0,0,0,0
1769429738.192587,58496,0,0,0,0
1769429738.242692,58546,0,0,0,0
1769429738.293827,58596,0,0,0,0
1769429738.343582,58646,0,0,0,0
1769429738.394359,58696,0,0,0,0
1769429738.444365,58746,0,0,0,0
1769429738.4941912,58796,0,0,0,0
1769429738.543871,58846,0,0,0,0
1769429738.5938492,58896,0,0,0,0
1769429738.6448011,58946,0,0,0,0
1769429738.6948678,58996,0,0,0,0
1769429738.7447271,59046,0,0,0,0
1769429738.794362,59096,0,0,0,0
1769429738.844353,59146,0,0,0,0
1769429738.8954759,59196,0,0,0,0
1769429738.945345,59246,0,0,0,0
1769429738.995178,59296,0,0,0,0
1769429739.046289,59346,0,0,0,0
1769429739.0951638,59396,0,0,0,0
1769429739.1460009,59446,0,0,0,0
1769429739.196175,59496,0,0,0,0
1769429739.2463129,59546,0,0,0,0
1769429739.296315,59596,0,0,0,0
1769429739.3474581,59646,0,0,0,0
1769429739.396031,59696,0,0,0,0
1769429739.447171,59746,0,0,0,0
1769429739.497015,59796,0,0,0,0
1769429739.547008,59846,0,0,0,0
1769429739.598277,59896,0,0,0,0
1769429739.647937,59947,0,0,0,0
1769429739.697815,59997,0,0,0,0
1769429739.7490408,60047,0,0,0,0
1769429739.798296,60097,0,0,0,0
1769429739.8497238,60147,0,0,0,0
1769429739.899012,60197,0,0,0,0
1769429739.9489028,60247,0,0,0,0
1769429739.9989052,60297,0,0,0,0
1769429740.049588,60347,0,0,0,0
1769429740.09978,60397,0,0,0,0
1769429740.149707,60447,0,0,0,0
1769429740.199666,60497,0,0,0,0
1769429740.2497149,60547,0,0,0,0
1769429740.2998579,60597,0,0,0,0
1769429740.3503659,60647,0,0,0,0
1769429740.400274,60697,0,0,0,0
1769429740.450269,60747,0,0,0,0
1769429740.501364,60797,0,0,0,0
1769429740.549919,60847,0,0,0,0
1769429740.601003,60897,0,0,0,0
1769429740.650976,60947,0,0,0,0
1769429740.7018461,60997,0,0,0,0
1769429740.751616,61047,0,0,0,0
1769429740.802697,61097,0,0,0,0
1769429740.8512142,61147,0,0,0,0
1769429740.902268,61197,0,0,0,0
1769429740.9518888,61247,0,0,0,0
1769429741.002562,61297,0,0,0,0
1769429741.0520298,61347,0,0,0,0
1769429741.103067,61398,0,0,0,0
1769429741.152983,61448,0,0,0,0
1769429741.2029262,61498,0,0,0,0
1769429741.254164,61548,0,0,0,0
1769429741.304183,61598,0,0,0,0
1769429741.354333,61648,0,0,0,0
1769429741.404211,61698,0,0,0,0
1769429741.454293,61748,0,0,0,0
1769429741.503983,61798,0,0,0,0
1769429741.5552042,61848,0,0,0,0
1769429741.605205,61898,0,0,0,0
1769429741.6552389,61948,0,0,0,0
1769429741.7048,61998,0,0,0,0
1769429741.754606,62048,0,0,0,0
1769429741.804875,62098,0,0,0,0
1769429741.855743,62148,0,0,0,0
1769429741.905482,62198,0,0,0,0
1769429741.956714,62248,0,0,0,0
1769429742.005194,62298,0,0,0,0
1769429742.0559459,62348,0,0,0,0
1769429742.105817,62398,0,0,0,0
1769429742.156841,62448,0,0,0,0
1769429742.206142,62498,0,0,0,0
1769429742.257791,62548,0,0,0,0
1769429742.306206,62598,0,0,0,0
1769429742.3562372,62648,0,0,0,0
1769429742.407585,62698,0,0,0,0
1769429742.4573388,62748,0,0,0,0
1769429742.507404,62798,0,0,0,0
1769429742.557255,62848,0,0,0,0
1769429742.608074,62898,0,0,0,0
1769429742.657824,62948,0,0,0,0
1769429742.7273312,62998,0,0,0,0
1769429742.757382,63048,0,0,0,0
1769429742.809036,63098,0,0,0,0
1769429742.858012,63148,0,0,0,0
1769429742.907988,63198,0,0,0,0
1769429742.958006,63248,0,0,0,0
1769429743.008877,63298,0,0,0,0
1769429743.0591831,63348,0,0,0,0
1769429743.109154,63398,0,0,0,0
1769429743.159117,63448,0,0,0,0
1769429743.208517,63498,0,0,0,0
1769429743.260011,63548,0,0,0,0
1769429743.309976,63598,0,0,0,0
1769429743.3600361,63648,0,0,0,0
1769429743.409712,63698,0,0,0,0
1769429743.4594848,63748,0,0,0,0
1769429743.5096178,63798,0,0,0,0
1769429743.560317,63848,0,0,0,0
1769429743.610604,63898,0,0,0,0
1769429743.6605902,63948,0,0,0,0
1769429743.711746,63998,0,0,0,0
1769429743.7602618,64048,0,0,0,0
1769429743.810624,64098,0,0,0,0
1769429743.861155,64148,0,0,0,0
1769429743.910944,64198,0,0,0,0
1769429743.961143,64248,0,0,0,0
1769429744.013414,64299,0,0,0,0
1769429744.0626822,64349,0,0,0,0
1769429744.112092,64399,0,0,0,0
1769429744.16298,64449,0,0,0,0
1769429744.213307,64499,0,0,0,0
1769429744.26288,64549,0,0,0,0
1769429744.313215,64599,0,0,0,0
1769429744.36268,64649,0,0,0,0
1769429744.4132638,64699,0,0,0,0
1769429744.4638941,64749,0,0,0,0
1769429744.513907,64799,0,0,0,0
1769429744.564404,64849,0,0,0,0
1769429744.613989,64899,0,0,0,0
1769429744.6642811,64949,0,0,0,0
1769429744.713761,64999,0,0,0,0
1769429744.764811,65049,0,0,0,0
1769429744.814552,65099,0,0,0,0
1769429744.8646212,65149,0,0,0,0
1769429744.914399,65199,0,0,0,0
1769429744.96478,65249,0,0,0,0
1769429745.015109,65299,0,0,0,0
1769429745.065266,65349,0,0,0,0
1769429745.115308,65399,0,0,0,0
1769429745.165513,65449,0,0,0,0
1769429745.215113,65499,0,0,0,0
1769429745.2652512,65549,0,0,0,0
1769429745.3153868,65599,0,0,0,0
1769429745.365581,65649,0,0,0,0
1769429745.4161742,65699,0,0,0,0
1769429745.46663,65750,0,0,0,0
1769429745.5177338,65800,0,0,0,0
1769429745.5678148,65850,0,0,0,0
1769429745.617603,65900,0,0,0,0
1769429745.668737,65950,0,0,0,0
1769429745.718656,66000,0,0,0,0
1769429745.767311,66050,0,0,0,0
1769429745.819573,66100,0,0,0,0
1769429745.868774,66150,0,0,0,0
1769429745.919502,66200,0,0,0,0
1769429745.969513,66250,0,0,0,0
1769429746.0195441,66300,0,0,0,0
1769429746.0678241,66350,0,0,0,0
1769429746.1187892,66400,0,0,0,0
1769429746.168652,66450,0,0,0,0
1769429746.219459,66500,0,0,0,0
1769429746.2701042,66550,0,0,0,0
1769429746.3195882,66600,0,79,0,1
1769429746.369641,66650,0,430,0,1
1769429746.419335,66700,0,789,0,1
1769429746.46988,66750,0,1148,0,1
1769429746.5204759,66800,0,1507,0,1
1769429746.5712068,66850,0,1866,0,1
1769429746.62157,66900,0,2224,0,1
1769429746.670273,66950,0,2576,0,1
1769429746.721144,67000,0,2934,0,1
1769429746.7709608,67050,0,3293,0,1
1769429746.822026,67100,0,3652,0,1
1769429746.8710568,67150,0,4011,0,1
1769429746.9209201,67200,0,4362,0,1
1769429746.970827,67250,0,4721,0,1
1769429747.0222762,67300,0,5080,0,1
1769429747.072175,67350,0,5438,0,1
1769429747.122268,67400,0,5797,0,1
1769429747.172776,67450,0,6156,0,1
1769429747.221439,67500,0,6507,0,1
1769429747.272933,67550,0,6866,0,1
1769429747.322239,67600,0,7225,0,1
1769429747.373309,67650,0,7583,0,1
1769429747.422991,67700,0,7942,0,1
1769429747.473244,67750,0,8301,0,1
1769429747.522851,67800,0,8652,0,1
1769429747.572768,67850,0,9011,0,1
1769429747.623761,67900,0,9370,0,1
1769429747.6742232,67950,0,9729,0,1
1769429747.724237,68000,0,10087,0,1
1769429747.7742321,68050,0,10446,0,1
1769429747.823236,68100,0,10797,0,1
1769429747.874238,68150,0,11156,0,1
1769429747.923841,68200,0,11515,0,1
1769429747.97456,68250,0,11874,0,1
1769429748.0247848,68300,0,12232,0,1
1769429748.07531,68350,0,12591,0,1
1769429748.12433,68400,0,12942,0,1
1769429748.174677,68450,0,13301,0,1
1769429748.22454,68500,0,13660,0,1
1769429748.276101,68550,0,14019,0,1
1769429748.325336,68600,0,14377,0,1
1769429748.375656,68651,0,14736,0,1
1769429748.426095,68701,0,15095,0,1
1769429748.4761758,68751,0,15454,0,1
1769429748.527358,68801,0,15812,0,1
1769429748.5772748,68851,0,16171,0,1
1769429748.6282508,68901,0,16530,0,1
1769429748.677094,68951,0,16881,0,1
1769429748.727067,69001,0,17240,0,1
1769429748.778195,69051,0,17599,0,1
1769429748.827897,69101,0,17957,0,1
1769429748.878,69151,0,18316,0,1
1769429748.9280121,69201,0,18675,0,1
1769429748.977759,69251,0,19026,0,1
1769429749.028044,69301,0,19385,0,1
1769429749.078315,69351,0,19744,0,1
1769429749.1288362,69401,0,20102,0,1
1769429749.179014,69451,0,20461,0,1
1769429749.2290628,69501,0,20820,0,1
1769429749.279253,69551,0,21171,0,1
1769429749.328504,69601,0,21530,0,1
1769429749.3785012,69651,0,21889,0,1
1769429749.429075,69701,0,22247,0,1
1769429749.4803991,69751,0,22606,0,1
1769429749.530538,69801,0,22965,0,1
1769429749.579787,69851,0,23316,0,1
1769429749.630305,69901,0,23675,0,1
1769429749.6803641,69951,0,24034,0,1
1769429749.7298439,70001,0,24392,0,1
1769429749.780852,70051,0,24751,0,1
1769429749.830534,70102,0,25110,0,1
1769429749.881095,70152,0,25469,0,1
1769429749.931574,70202,0,25827,0,1
1769429749.982641,70252,0,26186,0,1
1769429750.032562,70302,0,26545,0,1
1769429750.083118,70352,0,26904,0,1
1769429750.13217,70402,0,27255,0,1
1769429750.18192,70452,0,27614,0,1
1769429750.233085,70502,0,27973,0,1
1769429750.2828789,70552,0,28332,0,1
1769429750.333549,70602,0,28690,0,1
1769429750.38332,70652,0,29049,0,1
1769429750.433316,70702,0,29400,0,1
1769429750.483408,70752,0,29759,0,1
1769429750.5335732,70802,0,30118,0,1
1769429750.584528,70852,0,30477,0,1
1769429750.6338801,70902,0,30835,0,1
1769429750.684924,70952,0,31194,0,1
1769429750.733739,71002,0,31545,0,1
1769429750.7837188,71052,0,31904,0,1
1769429750.83372,71102,0,32263,0,1
1769429750.884115,71152,0,32622,0,1
1769429750.9350631,71202,0,32980,0,1
1769429750.9860039,71252,0,33339,0,1
1769429751.0350862,71302,0,33690,0,1
1769429751.085547,71352,0,34049,0,1
1769429751.13501,71402,0,34408,0,1
1769429751.186186,71452,0,34767,0,1
1769429751.235657,71502,0,35125,0,1
1769429751.285331,71552,0,35477,0,1
1769429751.3353631,71602,0,35835,0,1
1769429751.386413,71652,0,36194,0,1
1769429751.435885,71702,0,36553,0,1
1769429751.487139,71752,0,36912,0,1
1769429751.537049,71802,0,37270,0,1
1769429751.585963,71852,0,37622,0,1
1769429751.635781,71902,0,37981,0,1
1769429751.687308,71952,0,38339,0,1
1769429751.736172,72002,0,38698,0,1
1769429751.7872682,72052,0,39057,0,1
1769429751.836915,72102,0,39416,0,1
1769429751.8866959,72152,0,39767,0,1
1769429751.937001,72202,0,40126,0,1
1769429751.987169,72252,0,40485,0,1
1769429752.038199,72302,0,40843,0,1
1769429752.0877829,72352,0,41202,0,1
1769429752.139086,72402,0,41561,0,1
1769429752.1874182,72452,0,41912,0,1
1769429752.238258,72502,0,42271,0,1
1769429752.287895,72552,0,42630,0,1
1769429752.339013,72602,0,42988,0,1
1769429752.388673,72652,0,43347,0,1
1769429752.4397938,72702,0,43706,0,1
1769429752.4881642,72752,0,44057,0,1
1769429752.539464,72802,0,44416,0,1
1769429752.5891159,72852,0,44775,0,1
1769429752.639866,72902,0,45133,0,1
1769429752.6894028,72952,0,45492,0,1
1769429752.7406878,73003,0,45851,0,1
1769429752.78981,73053,0,46210,0,1
1769429752.840569,73103,0,46568,0,1
1769429752.891705,73153,0,46927,0,1
1769429752.941495,73203,0,47286,0,1
1769429752.9914298,73253,0,47645,0,1
1769429753.041326,73303,0,47996,0,1
1769429753.091093,73353,0,48355,0,1
1769429753.14131,73403,0,48714,0,1
1769429753.192595,73453,0,49073,0,1
1769429753.2423098,73503,0,49431,0,1
1769429753.2931929,73553,0,49788,0,1
1769429753.34189,73603,0,-42,0,1
1769429753.391707,73653,0,-120,0,1
1769429753.4430609,73703,0,-198,0,1
1769429753.492737,73753,0,-275,0,1
1769429753.542638,73803,0,-353,0,1
1769429753.593508,73853,0,-431,0,1
1769429753.642115,73903,0,-507,0,1
1769429753.693304,73953,0,-584,0,1
1769429755.2403278,75495,0,0,0,1
1769429755.290286,75545,0,76,0,1
1769429755.339954,75595,0,153,0,1
1769429755.3898098,75645,0,230,0,1
1769429755.439765,75695,0,305,0,1
1769429755.4893508,75745,0,382,0,1
1769429755.5403159,75795,0,459,0,1
1769429755.59022,75845,0,536,0,1
1769429755.64134,75895,0,613,0,1
1769429755.691117,75945,0,690,0,1
1769429755.739976,75995,0,766,0,1
1769429755.791292,76045,0,843,0,1
1769429755.840681,76095,0,920,0,1
1769429755.891928,76145,0,997,0,1
1769429755.9420102,76195,0,1074,0,1
1769429755.9927502,76246,0,1151,0,1
1769429756.0428889,76296,0,1227,0,1
1769429756.092654,76346,0,1304,0,1
1769429756.143847,76396,0,1381,0,1
1769429756.1934521,76446,0,1458,0,1
1769429756.2433732,76496,0,1535,0,1
1769429756.292995,76546,0,1611,0,1
1769429756.342962,76596,0,1688,0,1
1769429756.393811,76646,0,1765,0,1
1769429756.443594,76696,0,1842,0,1
1769429756.494364,76746,0,1919,0,1
1769429756.5440571,76796,0,1996,0,1
1769429756.5935948,76846,0,2071,0,1
1769429756.644756,76896,0,2148,0,1
1769429756.6939158,76946,0,2225,0,1
1769429756.7447731,76996,0,2302,0,1
1769429756.794612,77046,0,2379,0,1
1769429756.845936,77096,0,2456,0,1
1769429756.89468,77146,0,2532,0,1
1769429756.944673,77196,0,2609,0,1
1769429756.9961789,77246,0,2686,0,1
1769429757.046466,77296,0,2763,0,1
1769429757.098302,77346,0,2840,0,1
1769429757.1463249,77396,0,-57,0,1
1769429757.195711,77446,0,-133,0,1
1769429757.245186,77496,0,-211,0,1
1769429757.295795,77546,0,-289,0,1
1769429757.3460631,77596,0,-367,0,1
1769429758.931158,79175,0,0,0,1
1769429758.980036,79225,0,76,0,1
1769429759.029114,79275,0,151,0,1
1769429759.079731,79325,0,228,0,1
1769429759.1302872,79375,0,305,0,1
1769429759.180066,79425,0,382,0,1
1769429759.2312372,79475,0,459,0,1
1769429759.280672,79525,0,536,0,1
1769429759.3307252,79575,0,612,0,1
1769429759.3804202,79625,0,689,0,1
1769429759.430342,79675,0,766,0,1
1769429759.480789,79725,0,843,0,1
1769429759.5314822,79775,0,920,0,1
1769429759.581219,79825,0,997,0,1
1769429759.630768,79875,0,1072,0,1
1769429759.6818051,79925,0,1149,0,1
1769429759.73179,79975,0,1226,0,1
1769429759.781749,80025,0,1303,0,1
1769429759.83225,80075,0,1380,0,1
1769429759.88285,80125,0,1457,0,1
1769429759.932013,80175,0,1532,0,1
1769429759.9815118,80225,0,1609,0,1
1769429760.0322182,80275,0,1686,0,1
1769429760.0823638,80325,0,1763,0,1
1769429760.133466,80375,0,1840,0,1
1769429760.1836522,80425,0,1917,0,1
1769429760.232841,80475,0,1993,0,1
1769429760.2835798,80525,0,2070,0,1
1769429760.3337889,80575,0,2147,0,1
1769429760.383302,80625,0,2224,0,1
1769429760.4337091,80675,0,2301,0,1
1769429760.484041,80726,0,2378,0,1
1769429760.534136,80776,0,2455,0,1
1769429760.585093,80826,0,2532,0,1
1769429760.634877,80876,0,2609,0,1
1769429760.68579,80926,0,2686,0,1
1769429760.7353978,80976,0,2763,0,1
1769429760.785762,81026,0,49600,0,1
1769429760.8354251,81076,0,49508,0,1
1769429760.8864782,81126,0,49304,0,1
1769429760.9367151,81176,0,49097,0,1
1769429760.9866009,81226,0,48888,0,1
1769429761.037678,81276,0,48678,0,1
1769429761.085685,81326,0,48474,0,1
1769429761.13632,81376,0,48265,0,1
1769429761.187367,81426,0,48056,0,1
1769429761.23704,81476,0,47848,0,1
1769429761.288099,81526,0,47639,0,1
1769429761.3377862,81576,0,47431,0,1
1769429761.387785,81626,0,47227,0,1
1769429761.4374049,81676,0,47019,0,1
1769429761.488418,81726,0,46811,0,1
1769429761.538152,81776,0,46603,0,1
1769429761.5892942,81826,0,46394,0,1
1769429761.639401,81876,0,46186,0,1
1769429761.687805,81926,0,45982,0,1
1769429761.73891,81976,0,45774,0,1
1769429761.788841,82026,0,45566,0,1
1769429761.8388522,82076,0,45358,0,1
1769429761.8898408,82126,0,45151,0,1
1769429761.9382951,82176,0,44948,0,1
1769429761.9894679,82226,0,44740,0,1
1769429762.0393841,82276,0,44533,0,1
1769429762.089408,82326,0,44325,0,1
1769429762.1395352,82376,0,44118,0,1
1769429762.190557,82426,0,43910,0,1
1769429762.2394502,82476,0,43707,0,1
1769429762.290414,82526,0,43499,0,1
1769429762.340082,82576,0,43292,0,1
1769429762.389855,82626,0,43084,0,1
1769429762.440999,82676,0,42876,0,1
1769429762.491563,82726,0,42669,0,1
1769429762.5401511,82776,0,42465,0,1
1769429762.590933,82826,0,42258,0,1
1769429762.6418219,82876,0,42050,0,1
1769429762.691833,82926,0,41842,0,1
1769429762.741166,82976,0,41634,0,1
1769429762.792182,83026,0,41427,0,1
1769429762.841865,83076,0,41224,0,1
1769429762.892033,83126,0,41017,0,1
1769429762.941926,83176,0,40811,0,1
1769429762.9915671,83226,0,40604,0,1
1769429763.04242,83276,0,40397,0,1
1769429763.0936818,83326,0,40190,0,1
1769429763.14257,83376,0,39987,0,1
1769429763.192662,83426,0,39780,0,1
1769429763.242599,83476,0,39573,0,1
1769429763.2926872,83526,0,39366,0,1
1769429763.343675,83576,0,39159,0,1
1769429763.393538,83627,0,38952,0,1
1769429763.443375,83677,0,38745,0,1
1769429763.4944499,83727,0,38538,0,1
1769429763.544155,83777,0,38331,0,1
1769429763.5954912,83827,0,38124,0,1
1769429763.644821,83877,0,37917,0,1
1769429763.694485,83927,0,37714,0,1
1769429763.7445781,83977,0,37507,0,1
1769429763.7956119,84027,0,37300,0,1
1769429763.84533,84077,0,37093,0,1
1769429763.896106,84127,0,36886,0,1
1769429763.946023,84177,0,36679,0,1
1769429763.995886,84227,0,36476,0,1
1769429764.045794,84277,0,36269,0,1
1769429764.095587,84327,0,36062,0,1
1769429764.14684,84377,0,35855,0,1
1769429764.19647,84427,0,35648,0,1
1769429764.247442,84477,0,35440,0,1
1769429764.295742,84527,0,35237,0,1
1769429764.3465059,84577,0,35030,0,1
1769429764.397414,84627,0,34823,0,1
1769429764.448082,84677,0,34616,0,1
1769429764.497022,84727,0,34409,0,1
1769429764.547821,84777,0,34201,0,1
1769429764.597625,84827,0,33998,0,1
1769429764.6477902,84877,0,33791,0,1
1769429764.697729,84927,0,33584,0,1
1769429764.748794,84977,0,33377,0,1
1769429764.798414,85027,0,33170,0,1
1769429764.849352,85078,0,32961,0,1
1769429764.8989282,85128,0,32752,0,1
1769429764.9501288,85178,0,32543,0,1
1769429765.000078,85228,0,32334,0,1
1769429765.04996,85278,0,32125,0,1
1769429765.110156,85328,0,31916,0,1
1769429765.149312,85378,0,31711,0,1
1769429765.200642,85428,0,31501,0,1
1769429765.250582,85478,0,31292,0,1
1769429765.300363,85528,0,31083,0,1
1769429765.350288,85578,0,30874,0,1
1769429765.401284,85628,0,30665,0,1
1769429765.450409,85678,0,30460,0,1
1769429765.500801,85728,0,30251,0,1
1769429765.5514839,85778,0,30042,0,1
1769429765.6011899,85828,0,29832,0,1
1769429765.65184,85878,0,29623,0,1
1769429765.701547,85928,0,29414,0,1
1769429765.751389,85978,0,29209,0,1
1769429765.801877,86028,0,29000,0,1
1769429765.851281,86078,0,28790,0,1
1769429765.902592,86128,0,28581,0,1
1769429765.952665,86178,0,28371,0,1
1769429766.002475,86228,0,28162,0,1
1769429766.052456,86278,0,27957,0,1
1769429766.102196,86328,0,27748,0,1
1769429766.153004,86378,0,27539,0,1
1769429766.203001,86428,0,27330,0,1
1769429766.2538612,86478,0,27121,0,1
1769429766.302655,86528,0,26916,0,1
1769429766.352874,86578,0,26707,0,1
1769429766.40305,86628,0,26498,0,1
1769429766.453975,86678,0,26288,0,1
1769429766.5041258,86728,0,26079,0,1
1769429766.554605,86778,0,25870,0,1
1769429766.6032698,86828,0,25665,0,1
1769429766.6541262,86878,0,25456,0,1
1769429766.7039201,86928,0,25246,0,1
1769429766.754613,86978,0,25037,0,1
1769429766.8044548,87028,0,24828,0,1
1769429766.855857,87078,0,24618,0,1
1769429766.903959,87128,0,24413,0,1
1769429766.955395,87178,0,24204,0,1
1769429767.005035,87228,0,23994,0,1
1769429767.0550241,87278,0,23785,0,1
1769429767.105289,87328,0,23576,0,1
1769429767.1561449,87378,0,23367,0,1
1769429767.205866,87428,0,23162,0,1
1769429767.25562,87478,0,22952,0,1
1769429767.305572,87528,0,22743,0,1
1769429767.356499,87578,0,22534,0,1
1769429767.406501,87628,0,22325,0,1
1769429767.4575748,87678,0,22115,0,1
1769429767.506155,87728,0,21910,0,1
1769429767.557138,87778,0,21701,0,1
1769429767.606854,87828,0,21491,0,1
1769429767.656514,87878,0,21282,0,1
1769429767.707448,87928,0,21072,0,1
1769429767.758371,87979,0,20863,0,1
1769429767.808146,88029,0,20654,0,1
1769429767.859097,88079,0,20444,0,1
1769429767.9131598,88129,0,20235,0,1
1769429767.958883,88179,0,20026,0,1
1769429768.008894,88229,0,19816,0,1
1769429768.0585961,88279,0,19611,0,1
1769429768.1083782,88329,0,19401,0,1
1769429768.1594949,88379,0,19192,0,1
1769429768.209035,88429,0,18982,0,1
1769429768.2599192,88479,0,18773,0,1
1769429768.309679,88529,0,18563,0,1
1769429768.359493,88579,0,18358,0,1
1769429768.409606,88629,0,18148,0,1
1769429768.460734,88679,0,17939,0,1
1769429768.510556,88729,0,17729,0,1
1769429768.560062,88779,0,17519,0,1
1769429768.610965,88829,0,17307,0,1
1769429768.660792,88879,0,17100,0,1
1769429768.7107809,88929,0,16888,0,1
1769429768.760879,88979,0,16677,0,1
1769429768.811667,89029,0,16466,0,1
1769429768.861654,89079,0,16255,0,1
1769429768.912671,89129,0,16043,0,1
1769429768.961111,89179,0,15837,0,1
1769429769.0111942,89229,0,15625,0,1
1769429769.062258,89279,0,15414,0,1
1769429769.112074,89329,0,15203,0,1
1769429769.163274,89379,0,14992,0,1
1769429769.2123141,89430,0,14781,0,1
1769429769.2629912,89480,0,14569,0,1
1769429769.313688,89530,0,14358,0,1
1769429769.363532,89580,0,14147,0,1
1769429769.414071,89630,0,13936,0,1
1769429769.464585,89680,0,13724,0,1
1769429769.513407,89730,0,13517,0,1
1769429769.5642629,89780,0,13306,0,1
1769429769.615028,89830,0,13094,0,1
1769429769.665071,89880,0,12883,0,1
1769429769.71561,89930,0,12672,0,1
1769429769.7657542,89980,0,12461,0,1
1769429769.814379,90030,0,12254,0,1
1769429769.864162,90080,0,12043,0,1
1769429769.9151769,90130,0,11832,0,1
1769429769.965871,90180,0,11620,0,1
1769429770.0158238,90230,0,11409,0,1
1769429770.066533,90280,0,11198,0,1
1769429770.115158,90330,0,10991,0,1
1769429770.165859,90380,0,10779,0,1
1769429770.216341,90430,0,10568,0,1
1769429770.26585,90480,0,10357,0,1
1769429770.3169532,90530,0,10145,0,1
1769429770.366657,90580,0,9934,0,1
1769429770.4159849,90630,0,9727,0,1
1769429770.466815,90680,0,9516,0,1
1769429770.516578,90730,0,9304,0,1
1769429770.567313,90780,0,9093,0,1
1769429770.6170702,90830,0,8881,0,1
1769429770.667168,90880,0,8674,0,1
1769429770.716806,90930,0,8463,0,1
1769429770.767926,90980,0,8251,0,1
1769429770.817611,91030,0,8040,0,1
1769429770.8686779,91080,0,7828,0,1
1769429770.9183512,91130,0,7617,0,1
1769429770.9675179,91180,0,7410,0,1
1769429771.0173419,91230,0,7198,0,1
1769429771.068599,91280,0,6986,0,1
1769429771.118293,91330,0,6775,0,1
1769429771.169107,91380,0,6564,0,1
1769429771.218997,91430,0,6353,0,1
1769429771.269017,91480,0,6146,0,1
1769429771.318557,91530,0,5935,0,1
1769429771.368814,91580,0,5724,0,1
1769429771.4192262,91630,0,5512,0,1
1769429771.4701009,91680,0,5301,0,1
1769429771.5206232,91730,0,5090,0,1
1769429771.579852,91780,0,4883,0,1
1769429771.619176,91830,0,4672,0,1
1769429771.670223,91880,0,4460,0,1
1769429771.720101,91930,0,4249,0,1
1769429771.7710211,91980,0,4038,0,1
1769429771.8206022,92030,0,3826,0,1
1769429771.8704278,92080,0,3619,0,1
1769429771.921252,92130,0,3408,0,1
1769429771.971387,92180,0,3196,0,1
1769429772.021433,92230,0,2985,0,1
1769429772.071052,92280,0,2774,0,1
1769429772.122414,92331,0,2562,0,1
1769429772.171999,92381,0,2351,0,1
1769429772.22209,92431,0,2140,0,1
1769429772.273225,92481,0,1928,0,1
1769429772.323298,92531,0,1717,0,1
1769429772.373106,92581,0,1506,0,1
1769429772.4226959,92631,0,1299,0,1
1769429772.473601,92681,0,1087,0,1
1769429772.523659,92731,0,875,0,1
1769429772.574116,92781,0,664,0,1
1769429772.623755,92831,0,454,0,1
1769429772.674937,92881,0,247,0,1
1769429772.723419,92931,0,60,0,1
1769429772.773401,92981,0,0,0,0
1769429772.8234591,93031,0,0,0,0
1769429772.878245,93081,0,0,0,0
1769429772.9244218,93131,0,0,0,0
1769429772.974249,93181,0,0,0,0
1769429773.0238888,93231,0,0,0,0
1769429773.075097,93281,0,0,0,0
1769429773.1245599,93331,0,0,0,0
1769429773.175672,93381,0,0,0,0
1769429773.226222,93431,0,0,0,0
1769429773.2764769,93481,0,0,0,0
1769429773.324618,93531,0,0,0,0
1769429773.375356,93581,0,0,0,0
1769429773.425719,93631,0,0,0,0
1769429773.476084,93681,0,0,0,0
1769429773.526463,93731,0,0,0,0
1769429773.5765388,93782,0,0,0,0
1769429773.6272142,93832,0,0,0,0
1769429773.676734,93882,0,0,0,0
1769429773.727659,93932,0,0,0,0
1769429773.777531,93982,0,0,0,0
1769429773.8287191,94032,0,0,0,0
1769429773.877123,94082,0,0,0,0
1769429773.928276,94132,0,0,0,0
1769429773.978376,94182,0,0,0,0
1769429774.028901,94232,0,0,0,0
1769429774.0802822,94282,0,0,0,0
1769429774.128598,94332,0,0,0,0
1769429774.178314,94382,0,0,0,0
1769429774.229377,94432,0,0,0,0
1769429774.27909,94482,0,0,0,0
1769429774.328833,94532,0,0,0,0
1769429774.379828,94582,0,0,0,0
1769429774.4296682,94632,0,0,0,0
1769429774.479479,94682,0,0,0,0
1769429774.5291772,94732,0,0,0,0
1769429774.5800261,94782,0,0,0,0
1769429774.6300669,94832,0,0,0,0
1769429774.6809752,94882,0,0,0,0
1769429774.7309492,94932,0,0,0,0
1769429774.780979,94982,0,0,0,0
1769429774.830252,95032,0,0,0,0
1769429774.8810508,95082,0,0,0,0
1769429774.9318342,95132,0,0,0,0
1769429774.98149,95182,0,0,0,0
1769429775.030386,95232,0,0,0,0
1769429775.081006,95282,0,0,0,0
1769429775.131955,95332,0,0,0,0
1769429775.181549,95382,0,0,0,0
1769429775.232707,95432,0,0,0,0
1769429775.2826061,95482,0,0,0,0
1769429775.3310668,95532,0,0,0,0
1769429775.38171,95582,0,0,0,0
1769429775.4327931,95632,0,0,0,0
1769429775.482313,95682,0,0,0,0
1769429775.533588,95732,0,0,0,0
1769429775.583133,95782,0,0,0,0
1769429775.631914,95832,0,0,0,0
1769429775.682948,95882,0,0,0,0
1769429775.732728,95932,0,0,0,0
1769429775.7837381,95982,0,0,0,0
1769429775.833344,96032,0,0,0,0
1769429775.884168,96082,0,0,0,0
1769429775.933766,96132,0,0,0,0
1769429775.983537,96182,0,0,0,0
1769429776.033652,96232,0,0,0,0
1769429776.084804,96282,0,0,0,0
1769429776.134636,96332,0,0,0,0
1769429776.1844668,96382,0,0,0,0
1769429776.234507,96432,0,0,0,0
1769429776.284173,96482,0,0,0,0
1769429776.335076,96532,0,140,0,1
1769429776.38509,96582,0,499,0,1
1769429776.436108,96632,0,858,0,1
1769429776.485794,96683,0,1217,0,1
1769429776.535691,96733,0,1575,0,1
1769429776.58642,96783,0,1934,0,1
1769429776.63682,96833,0,2293,0,1
1769429776.687843,96883,0,2652,0,1
1769429776.737522,96933,0,3010,0,1
1769429776.78628,96983,0,3362,0,1
1769429776.836813,97033,0,3720,0,1
1769429776.888062,97083,0,4079,0,1
1769429776.937642,97133,0,4438,0,1
1769429776.988417,97183,0,4797,0,1
1769429777.038177,97233,0,5155,0,1
1769429777.0881212,97283,0,5507,0,1
1769429777.1378539,97333,0,5865,0,1
1769429777.188107,97383,0,6224,0,1
1769429777.238843,97433,0,6583,0,1
1769429777.288809,97483,0,6942,0,1
1769429777.339346,97533,0,7300,0,1
1769429777.3881621,97583,0,7652,0,1
1769429777.43826,97633,0,8010,0,1
1769429777.489399,97683,0,8369,0,1
1769429777.539078,97733,0,8728,0,1
1769429777.590166,97783,0,9087,0,1
1769429777.639853,97833,0,9445,0,1
1769429777.689526,97883,0,9797,0,1
1769429777.739725,97933,0,10155,0,1
1769429777.790622,97983,0,10514,0,1
1769429777.840153,98033,0,10873,0,1
1769429777.890097,98083,0,11232,0,1
1769429777.941136,98134,0,11590,0,1
1769429777.991028,98184,0,11949,0,1
1769429778.042047,98234,0,12308,0,1
1769429778.091694,98284,0,12667,0,1
1769429778.142326,98334,0,13025,0,1
1769429778.192126,98384,0,13384,0,1
1769429778.2418408,98434,0,13735,0,1
1769429778.292796,98484,0,14094,0,1
1769429778.342453,98534,0,14453,0,1
1769429778.392399,98584,0,14812,0,1
1769429778.4434109,98634,0,15170,0,1
1769429778.492992,98684,0,15529,0,1
1769429778.5428731,98734,0,15880,0,1
1769429778.592729,98784,0,16239,0,1
1769429778.643992,98834,0,16598,0,1
1769429778.693761,98884,0,16957,0,1
1769429778.7434938,98934,0,17315,0,1
1769429778.794685,98984,0,17674,0,1
1769429778.8441422,99034,0,18025,0,1
1769429778.8936162,99084,0,18384,0,1
1769429778.944692,99134,0,18743,0,1
1769429778.994624,99184,0,19102,0,1
1769429779.04447,99234,0,19460,0,1
1769429779.095615,99284,0,19819,0,1
1769429779.144364,99334,0,20170,0,1
1769429779.194911,99384,0,20529,0,1
1769429779.2449,99434,0,20888,0,1
1769429779.294915,99484,0,21247,0,1
1769429779.346078,99534,0,21605,0,1
1769429779.394505,99584,0,21957,0,1
1769429779.4449,99634,0,22315,0,1
1769429779.495048,99684,0,22674,0,1
1769429779.546039,99734,0,23033,0,1
1769429779.5956218,99784,0,23392,0,1
1769429779.6470861,99834,0,23750,0,1
1769429779.6958752,99884,0,24102,0,1
1769429779.745764,99934,0,24460,0,1
1769429779.796809,99984,0,24819,0,1
1769429779.8461802,100034,0,25178,0,1
1769429779.897613,100084,0,25537,0,1
1769429779.947412,100134,0,25895,0,1
1769429779.996881,100184,0,26247,0,1
1769429780.046755,100234,0,26605,0,1
1769429780.096809,100284,0,26964,0,1
1769429780.148048,100334,0,27323,0,1
1769429780.1978261,100384,0,27682,0,1
1769429780.248329,100434,0,28040,0,1
1769429780.2982988,100484,0,28392,0,1
1769429780.347699,100534,0,28750,0,1
1769429780.397749,100584,0,29109,0,1
1769429780.4489899,100634,0,29468,0,1
1769429780.498962,100684,0,29827,0,1
1769429780.5488708,100734,0,30185,0,1
1769429780.5988421,100784,0,30537,0,1
1769429780.648549,100834,0,30895,0,1
1769429780.699253,100884,0,31254,0,1
1769429780.748981,100934,0,31613,0,1
1769429780.799875,100984,0,31972,0,1
1769429780.849674,101035,0,32330,0,1
1769429780.900966,101085,0,32689,0,1
1769429780.950793,101135,0,33048,0,1
1769429781.000876,101185,0,33407,0,1
1769429781.050648,101235,0,33765,0,1
1769429781.102144,101285,0,34124,0,1
1769429781.150767,101335,0,34475,0,1
1769429781.2006981,101385,0,34834,0,1
1769429781.2513201,101435,0,35193,0,1
1769429781.302279,101485,0,35552,0,1
1769429781.351823,101535,0,35910,0,1
1769429781.402784,101585,0,36269,0,1
1769429781.450965,101635,0,36620,0,1
1769429781.502192,101685,0,36979,0,1
1769429781.552635,101735,0,37338,0,1
1769429781.6024919,101785,0,37697,0,1
1769429781.6524968,101835,0,38055,0,1
1769429781.7035148,101885,0,38414,0,1
1769429781.7522612,101935,0,38765,0,1
1769429781.80338,101985,0,39124,0,1
1769429781.853396,102035,0,39483,0,1
1769429781.902983,102085,0,39842,0,1
1769429781.954144,102135,0,40200,0,1
1769429782.004061,102185,0,40559,0,1
1769429782.0539572,102235,0,40910,0,1
1769429782.103595,102285,0,41269,0,1
1769429782.153554,102335,0,41628,0,1
1769429782.204631,102385,0,41987,0,1
1769429782.254295,102435,0,42345,0,1
1769429782.305692,102486,0,42704,0,1
1769429782.355438,102536,0,43063,0,1
1769429782.405004,102586,0,43422,0,1
1769429782.456137,102636,0,43780,0,1
1769429782.5057101,102686,0,44139,0,1
1769429782.556868,102736,0,44498,0,1
1769429782.606483,102786,0,44849,0,1
1769429782.65589,102836,0,45208,0,1
1769429782.7071009,102886,0,45567,0,1
1769429782.757015,102936,0,45925,0,1
1769429782.807879,102986,0,46284,0,1
1769429782.8573241,103036,0,46643,0,1
1769429782.906538,103086,0,46994,0,1
1769429782.9567602,103136,0,47353,0,1
1769429783.007572,103186,0,47712,0,1
1769429783.058305,103236,0,48070,0,1
1769429783.1081579,103286,0,48429,0,1
1769429783.158935,103336,0,48788,0,1
1769429783.2073889,103386,0,49139,0,1
1769429783.257469,103436,0,49498,0,1
1769429783.307664,103486,0,-14,0,1
1769429783.35831,103536,0,-92,0,1
1769429783.408479,103586,0,-170,0,1
1769429783.4594402,103636,0,-247,0,1
1769429783.5089128,103686,0,-323,0,1
1769429783.5587,103736,0,-401,0,1
1769429783.609868,103786,0,-479,0,1
1769429783.659501,103836,0,-556,0,1
1769429783.710546,103886,0,-634,0,1
1769429785.2554371,105426,0,0,0,1
1769429785.304995,105477,0,75,0,1
1769429785.35484,105527,0,152,0,1
1769429785.40451,105577,0,229,0,1
1769429785.45596,105627,0,306,0,1
1769429785.505347,105677,0,383,0,1
1769429785.556614,105728,0,460,0,1
1769429785.6063008,105778,0,537,0,1
1769429785.657223,105828,0,614,0,1
1769429785.7072299,105878,0,691,0,1
1769429785.757834,105928,0,768,0,1
1769429785.808043,105978,0,845,0,1
1769429785.856334,106028,0,921,0,1
1769429785.907331,106078,0,998,0,1
1769429785.95747,106128,0,1075,0,1
1769429786.008298,106178,0,1152,0,1
1769429786.058114,106228,0,1229,0,1
1769429786.107815,106278,0,1306,0,1
1769429786.157532,106328,0,1381,0,1
1769429786.2084868,106378,0,1458,0,1
1769429786.258348,106428,0,1535,0,1
1769429786.308495,106478,0,1612,0,1
1769429786.359662,106528,0,1689,0,1
1769429786.409787,106578,0,1766,0,1
1769429786.4583411,106628,0,1841,0,1
1769429786.509474,106678,0,1918,0,1
1769429786.5590909,106728,0,1995,0,1
1769429786.6089358,106778,0,2072,0,1
1769429786.659498,106828,0,2149,0,1
1769429786.709651,106878,0,2226,0,1
1769429786.7592,106928,0,2302,0,1
1769429786.810095,106978,0,2379,0,1
1769429786.86013,107028,0,2456,0,1
1769429786.909896,107078,0,2533,0,1
1769429786.960596,107128,0,2610,0,1
1769429787.010427,107179,0,2687,0,1
1769429787.061128,107229,0,2764,0,1
1769429787.112062,107279,0,2841,0,1
1769429787.161844,107329,0,-66,0,1
1769429787.211561,107379,0,-144,0,1
1769429787.263187,107429,0,-222,0,1
1769429787.31185,107479,0,-298,0,1
1769429787.362848,107529,0,-376,0,1
1769429788.943962,109106,0,0,0,1
1769429788.9936872,109156,0,77,0,1
1769429789.044533,109206,0,154,0,1
1769429789.094514,109256,0,231,0,1
1769429789.1443388,109306,0,308,0,1
1769429789.193744,109356,0,383,0,1
1769429789.2449799,109406,0,460,0,1
1769429789.2951732,109456,0,537,0,1
1769429789.345026,109506,0,614,0,1
1769429789.394808,109556,0,691,0,1
1769429789.44575,109606,0,768,0,1
1769429789.494432,109656,0,844,0,1
1769429789.545653,109706,0,921,0,1
1769429789.595456,109756,0,998,0,1
1769429789.646739,109806,0,1075,0,1
1769429789.6962528,109856,0,1152,0,1
1769429789.7472692,109906,0,1229,0,1
1769429789.795219,109956,0,1304,0,1
1769429789.8462331,110006,0,1381,0,1
1769429789.896014,110056,0,1458,0,1
1769429789.946979,110106,0,1535,0,1
1769429789.9967208,110156,0,1612,0,1
1769429790.0481,110206,0,1689,0,1
1769429790.0969632,110256,0,1764,0,1
1769429790.146752,110306,0,1841,0,1
1769429790.1979892,110356,0,1918,0,1
1769429790.247952,110406,0,1995,0,1
1769429790.297896,110456,0,2072,0,1
1769429790.347903,110507,0,2149,0,1
1769429790.3991091,110557,0,2226,0,1
1769429790.449229,110607,0,2303,0,1
1769429790.498958,110657,0,2380,0,1
1769429790.548984,110707,0,2457,0,1
1769429790.600054,110757,0,2534,0,1
1769429790.649657,110807,0,2610,0,1
1769429790.699497,110857,0,2687,0,1
1769429790.750335,110907,0,2764,0,1
1769429790.799722,110957,0,49599,0,1
1769429790.853606,111007,0,49498,0,1
1769429790.900834,111057,0,49292,0,1
1769429790.950235,111107,0,49089,0,1
1769429790.9999628,111157,0,48880,0,1
1769429791.0532758,111207,0,48671,0,1
1769429791.1010072,111257,0,48462,0,1
1769429791.151855,111307,0,48253,0,1
1769429791.201817,111357,0,48044,0,1
1769429791.2511518,111407,0,47840,0,1
1769429791.301823,111457,0,47631,0,1
1769429791.3516428,111507,0,47423,0,1
1769429791.4022,111557,0,47215,0,1
1769429791.452193,111607,0,47007,0,1
1769429791.50318,111657,0,46799,0,1
1769429791.551934,111707,0,46595,0,1
1769429791.602546,111757,0,46387,0,1
1769429791.6520839,111807,0,46179,0,1
1769429791.702761,111857,0,45970,0,1
1769429791.7537658,111907,0,45762,0,1
1769429791.803759,111958,0,45554,0,1
1769429791.8533351,112008,0,45346,0,1
1769429791.904237,112058,0,45139,0,1
1769429791.954954,112108,0,44931,0,1
1769429792.0049798,112158,0,44724,0,1
1769429792.0549319,112208,0,44516,0,1
1769429792.1043441,112258,0,44313,0,1
1769429792.154222,112308,0,44106,0,1
1769429792.205589,112358,0,43898,0,1
1769429792.255265,112408,0,43691,0,1
1769429792.305117,112458,0,43483,0,1
1769429792.35674,112508,0,43275,0,1
1769429792.4051578,112558,0,43072,0,1
1769429792.455203,112608,0,42864,0,1
1769429792.506251,112658,0,42657,0,1
1769429792.5559082,112708,0,42449,0,1
1769429792.6070368,112758,0,42241,0,1
1769429792.656523,112808,0,42034,0,1
1769429792.7063308,112858,0,41830,0,1
1769429792.755892,112908,0,41622,0,1
1769429792.8071308,112958,0,41415,0,1
1769429792.856916,113008,0,41208,0,1
1769429792.907674,113058,0,41001,0,1
1769429792.957262,113108,0,40794,0,1
1769429793.0067189,113158,0,40592,0,1
1769429793.057461,113208,0,40385,0,1
1769429793.106978,113258,0,40178,0,1
1769429793.158072,113308,0,39971,0,1
1769429793.207823,113358,0,39764,0,1
1769429793.2581718,113408,0,39561,0,1
1769429793.308247,113458,0,39354,0,1
1769429793.357971,113508,0,39147,0,1
1769429793.409089,113558,0,38940,0,1
1769429793.4590878,113608,0,38733,0,1
1769429793.508791,113658,0,38526,0,1
1769429793.5583591,113708,0,38323,0,1
1769429793.6080372,113758,0,38116,0,1
1769429793.658761,113808,0,37909,0,1
1769429793.7100532,113858,0,37702,0,1
1769429793.759083,113908,0,37495,0,1
1769429793.810156,113958,0,37288,0,1
1769429793.8594828,114008,0,37085,0,1
1769429793.9096088,114058,0,36878,0,1
1769429793.95965,114108,0,36671,0,1
1769429794.0102332,114158,0,36464,0,1
1769429794.05994,114208,0,36257,0,1
1769429794.111019,114258,0,36050,0,1
1769429794.159723,114308,0,35847,0,1
1769429794.210547,114358,0,35640,0,1
1769429794.260483,114408,0,35433,0,1
1769429794.311487,114458,0,35226,0,1
1769429794.3611069,114508,0,35018,0,1
1769429794.412302,114558,0,34811,0,1
1769429794.461072,114608,0,34608,0,1
1769429794.511082,114658,0,34401,0,1
1769429794.561038,114708,0,34194,0,1
1769429794.6119401,114758,0,33986,0,1
1769429794.66145,114808,0,33779,0,1
1769429794.712641,114859,0,33572,0,1
1769429794.762744,114909,0,33365,0,1
1769429794.812918,114959,0,33158,0,1
1769429794.863405,115009,0,32949,0,1
1769429794.91426,115059,0,32740,0,1
1769429794.96382,115109,0,32531,0,1
1769429795.013798,115159,0,32326,0,1
1769429795.063067,115209,0,32117,0,1
1769429795.114041,115259,0,31908,0,1
1769429795.164255,115309,0,31699,0,1
1769429795.215053,115359,0,31489,0,1
1769429795.265057,115409,0,31280,0,1
1769429795.314837,115459,0,31075,0,1
1769429795.364715,115509,0,30866,0,1
1769429795.414581,115559,0,30657,0,1
1769429795.465826,115609,0,30448,0,1
1769429795.5156648,115659,0,30239,0,1
1769429795.565411,115709,0,30030,0,1
1769429795.615057,115759,0,29825,0,1
1769429795.665012,115809,0,29615,0,1
1769429795.715809,115859,0,29406,0,1
1769429795.7656782,115909,0,29197,0,1
1769429795.816405,115959,0,28988,0,1
1769429795.8662689,116009,0,28778,0,1
1769429795.915864,116059,0,28573,0,1
1769429795.966385,116109,0,28364,0,1
1769429796.016363,116159,0,28154,0,1
1769429796.066679,116209,0,27945,0,1
1769429796.116838,116259,0,27736,0,1
1769429796.1674829,116310,0,27527,0,1
1769429796.217587,116360,0,27318,0,1
1769429796.268642,116410,0,27109,0,1
1769429796.3186839,116460,0,26900,0,1
1769429796.368632,116510,0,26691,0,1
1769429796.4186041,116560,0,26481,0,1
1769429796.468432,116610,0,26276,0,1
1769429796.518095,116660,0,26067,0,1
1769429796.569482,116710,0,25858,0,1
1769429796.6190872,116760,0,25649,0,1
1769429796.670163,116810,0,25439,0,1
1769429796.720103,116860,0,25230,0,1
1769429796.769578,116910,0,25025,0,1
1769429796.819175,116960,0,24816,0,1
1769429796.8700302,117010,0,24606,0,1
1769429796.9198358,117060,0,24397,0,1
1769429796.9707232,117110,0,24187,0,1
1769429797.020777,117160,0,23978,0,1
1769429797.070715,117210,0,23773,0,1
1769429797.1206698,117260,0,23564,0,1
1769429797.170163,117310,0,23355,0,1
1769429797.22124,117360,0,23145,0,1
1769429797.272056,117410,0,22936,0,1
1769429797.3220322,117460,0,22727,0,1
1769429797.370502,117510,0,22522,0,1
1769429797.421642,117560,0,22312,0,1
1769429797.47151,117610,0,22103,0,1
1769429797.5222158,117660,0,21894,0,1
1769429797.5716128,117710,0,21684,0,1
1769429797.6215281,117760,0,21479,0,1
1769429797.6713312,117810,0,21270,0,1
1769429797.722616,117860,0,21060,0,1
1769429797.772238,117910,0,20851,0,1
1769429797.82227,117960,0,20642,0,1
1769429797.8735418,118010,0,20432,0,1
1769429797.921794,118060,0,20227,0,1
1769429797.972518,118110,0,20018,0,1
1769429798.02353,118160,0,19808,0,1
1769429798.073259,118210,0,19599,0,1
1769429798.124179,118260,0,19389,0,1
1769429798.173716,118310,0,19180,0,1
1769429798.2231638,118360,0,18975,0,1
1769429798.273996,118410,0,18765,0,1
1769429798.3238778,118460,0,18555,0,1
1769429798.3740458,118510,0,18346,0,1
1769429798.4240808,118560,0,18136,0,1
1769429798.474615,118610,0,17927,0,1
1769429798.5234041,118660,0,17721,0,1
1769429798.574065,118710,0,17511,0,1
1769429798.625014,118760,0,17299,0,1
1769429798.6752262,118810,0,17088,0,1
1769429798.7246451,118860,0,16876,0,1
1769429798.776208,118910,0,16665,0,1
1769429798.825124,118960,0,16458,0,1
1769429798.874856,119010,0,16247,0,1
1769429798.9261498,119060,0,16036,0,1
1769429798.976585,119110,0,15824,0,1
1769429799.026807,119160,0,15613,0,1
1769429799.076959,119211,0,15402,0,1
1769429799.129649,119261,0,15191,0,1
1769429799.177383,119311,0,14980,0,1
1769429799.2306402,119361,0,14768,0,1
1769429799.277517,119411,0,14557,0,1
1769429799.3274329,119461,0,14346,0,1
1769429799.376721,119511,0,14139,0,1
1769429799.426742,119561,0,13928,0,1
1769429799.47826,119611,0,13716,0,1
1769429799.528521,119661,0,13505,0,1
1769429799.578062,119711,0,13294,0,1
1769429799.629023,119761,0,13082,0,1
1769429799.677728,119811,0,12875,0,1
1769429799.7278888,119861,0,12664,0,1
1769429799.778683,119911,0,12453,0,1
1769429799.82932,119961,0,12242,0,1
1769429799.878856,120011,0,12031,0,1
1769429799.930005,120061,0,11819,0,1
1769429799.978538,120111,0,11612,0,1
1769429800.0294578,120161,0,11401,0,1
1769429800.079563,120211,0,11190,0,1
1769429800.129811,120261,0,10979,0,1
1769429800.181083,120311,0,10767,0,1
1769429800.2310138,120361,0,10556,0,1
1769429800.280274,120411,0,10349,0,1
1769429800.3301811,120461,0,10137,0,1
1769429800.380165,120511,0,9926,0,1
1769429800.430729,120561,0,9715,0,1
1769429800.48142,120611,0,9503,0,1
1769429800.531688,120662,0,9292,0,1
1769429800.588691,120712,0,9081,0,1
1769429800.6323671,120762,0,8869,0,1
1769429800.682386,120812,0,8658,0,1
1769429800.7331882,120862,0,8446,0,1
1769429800.7831502,120912,0,8235,0,1
1769429800.832631,120962,0,8028,0,1
1769429800.882758,121012,0,7816,0,1
1769429800.932792,121062,0,7605,0,1
1769429800.9828742,121112,0,7393,0,1
1769429801.033969,121162,0,7181,0,1
1769429801.084102,121212,0,6970,0,1
1769429801.1330738,121262,0,6763,0,1
1769429801.1830149,121312,0,6552,0,1
1769429801.23436,121362,0,6341,0,1
1769429801.2841191,121412,0,6129,0,1
1769429801.3340921,121462,0,5918,0,1
1769429801.385439,121512,0,5707,0,1
1769429801.4338932,121562,0,5500,0,1
1769429801.484846,121612,0,5289,0,1
1769429801.5347729,121662,0,5078,0,1
1769429801.585591,121712,0,4866,0,1
1769429801.635168,121762,0,4655,0,1
1769429801.686434,121812,0,4444,0,1
1769429801.736757,121862,0,4237,0,1
1769429801.7859478,121912,0,4025,0,1
1769429801.8354502,121962,0,3814,0,1
1769429801.886081,122012,0,3603,0,1
1769429801.9359622,122062,0,3391,0,1
1769429801.98564,122112,0,3184,0,1
1769429802.035213,122162,0,2973,0,1
1769429802.085999,122212,0,2761,0,1
1769429802.1366699,122262,0,2550,0,1
1769429802.187433,122312,0,2339,0,1
1769429802.237268,122362,0,2127,0,1
1769429802.2859871,122412,0,1920,0,1
1769429802.337009,122462,0,1709,0,1
1769429802.387554,122512,0,1498,0,1
1769429802.437563,122562,0,1286,0,1
1769429802.487234,122612,0,1075,0,1
1769429802.537987,122662,0,863,0,1
1769429802.587646,122712,0,656,0,1
1769429802.63709,122762,0,446,0,1
1769429802.68827,122812,0,239,0,1
1769429802.7376692,122862,0,53,0,1
1769429802.788759,122912,0,0,0,0
1769429802.8392801,122962,0,0,0,0
1769429802.888064,123012,0,0,0,0
1769429802.9382012,123062,0,0,0,0
1769429802.988451,123112,0,0,0,0
1769429803.038635,123162,0,0,0,0
1769429803.0895638,123212,0,0,0,0
1769429803.139405,123262,0,0,0,0
1769429803.189297,123312,0,0,0,0
1769429803.239391,123362,0,0,0,0
1769429803.290289,123412,0,0,0,0
1769429803.339297,123462,0,0,0,0
1769429803.3899982,123512,0,0,0,0
1769429803.4399118,123563,0,0,0,0
1769429803.4909482,123613,0,0,0,0
1769429803.540653,123663,0,0,0,0
1769429803.5919738,123713,0,0,0,0
1769429803.641632,123763,0,0,0,0
1769429803.6928818,123813,0,0,0,0
1769429803.740799,123863,0,0,0,0
1769429803.7918358,123913,0,0,0,0
1769429803.842182,123963,0,0,0,0
1769429803.892084,124013,0,0,0,0
1769429803.9428182,124063,0,0,0,0
1769429803.9924989,124113,0,0,0,0
1769429804.042378,124163,0,0,0,0
1769429804.092009,124213,0,0,0,0
1769429804.143349,124263,0,0,0,0
1769429804.19328,124313,0,0,0,0
1769429804.2433221,124363,0,0,0,0
1769429804.2944572,124413,0,0,0,0
1769429804.3431602,124463,0,0,0,0
1769429804.3934221,124513,0,0,0,0
1769429804.443543,124563,0,0,0,0
1769429804.494785,124613,0,0,0,0
1769429804.544833,124663,0,0,0,0
1769429804.594322,124713,0,0,0,0
1769429804.644455,124763,0,0,0,0
1769429804.694463,124813,0,0,0,0
1769429804.744642,124863,0,0,0,0
1769429804.795143,124913,0,0,0,0
1769429804.8455522,124963,0,0,0,0
1769429804.895751,125014,0,0,0,0
1769429804.9456599,125064,0,0,0,0
1769429804.9967282,125114,0,0,0,0
1769429805.046101,125164,0,0,0,0
1769429805.0961752,125214,0,0,0,0
1769429805.1470678,125264,0,0,0,0
1769429805.19677,125314,0,0,0,0
1769429805.247006,125364,0,0,0,0
1769429805.296695,125414,0,0,0,0
1769429805.3476548,125464,0,0,0,0
1769429805.39745,125514,0,0,0,0
1769429805.447544,125564,0,0,0,0
1769429805.497493,125614,0,0,0,0
1769429805.548328,125664,0,0,0,0
1769429805.5982,125714,0,0,0,0
1769429805.647813,125764,0,0,0,0
1769429805.699123,125814,0,0,0,0
1769429805.7485828,125864,0,0,0,0
1769429805.798444,125914,0,0,0,0
1769429805.848462,125964,0,0,0,0
1769429805.903349,126014,0,0,0,0
1769429805.9496949,126064,0,0,0,0
1769429805.9999402,126114,0,0,0,0
1769429806.0502222,126164,0,0,0,0
1769429806.0992892,126214,0,0,0,0
1769429806.1495428,126264,0,0,0,0
1769429806.199841,126314,0,0,0,0
1769429806.249834,126364,0,0,0,0
1769429806.300967,126414,0,0,0,0
1769429806.349051,126464,0,0,0,0
1769429806.400026,126514,0,0,0,0
1769429806.449781,126564,0,0,0,0
1769429806.5005271,126614,0,0,0,0
1769429806.550271,126664,0,0,0,0
1769429806.600928,126714,0,0,0,0
1769429806.651034,126764,0,0,0,0
1769429806.701317,126814,0,0,0,0
1769429806.751369,126864,0,0,0,0
1769429806.801642,126914,0,0,0,0
1769429806.852114,126964,0,0,0,0
1769429806.9021819,127014,0,0,0,0
1769429806.951925,127064,0,0,0,0
1769429807.0011,127114,0,0,0,0
1769429807.052268,127164,0,0,0,0
1769429807.1021519,127214,0,0,0,0
1769429807.15216,127264,0,0,0,0
1769429807.203441,127314,0,0,0,0
1769429807.252307,127364,0,0,0,0
1769429807.302248,127414,0,0,0,0
1769429807.352306,127464,0,0,0,0
1769429807.403331,127514,0,0,0,0
1769429807.453353,127564,0,0,0,0
1769429807.5043259,127614,0,0,0,0
1769429807.552962,127664,0,0,0,0
1769429807.603062,127714,0,0,0,0
1769429807.653067,127764,0,0,0,0
1769429807.704416,127814,0,0,0,0
1769429807.7543879,127864,0,0,0,0
1769429807.804332,127915,0,0,0,0
1769429807.85433,127965,0,0,0,0
1769429807.905364,128015,0,0,0,0
1769429807.955294,128065,0,0,0,0
1769429808.006471,128115,0,0,0,0
1769429808.056511,128165,0,0,0,0
1769429808.10522,128215,0,0,0,0
1769429808.1555898,128265,0,0,0,0
1769429808.205856,128315,0,0,0,0
1769429808.256073,128365,0,0,0,0
1769429808.30615,128415,0,0,0,0
1769429808.3573709,128465,0,0,0,0
1769429808.4062479,128515,0,0,0,0
1769429808.455937,128565,0,0,0,0
1769429808.506455,128615,0,0,0,0
1769429808.557371,128665,0,0,0,0
1769429808.607044,128715,0,0,0,0
1769429808.65811,128765,0,0,0,0
1769429808.707836,128815,0,0,0,0
1769429808.7588649,128865,0,0,0,0
1769429808.807339,128915,0,0,0,0
1769429808.858326,128965,0,0,0,0
1769429808.908329,129015,0,0,0,0
1769429808.9587562,129065,0,0,0,0
1769429809.0075488,129115,0,0,0,0
1769429809.0584068,129165,0,0,0,0
1769429809.108307,129215,0,0,0,0
1769429809.159468,129265,0,0,0,0
1769429809.208944,129315,0,0,0,0
1769429809.259121,129366,0,0,0,0
1769429809.310111,129416,0,0,0,0
1769429809.360097,129466,0,0,0,0
1769429809.411136,129516,0,0,0,0
1769429809.46115,129566,0,0,0,0
1769429809.511075,129616,0,0,0,0
1769429809.560715,129666,0,0,0,0
1769429809.610623,129716,0,0,0,0
1769429809.661794,129766,0,0,0,0
1769429809.711782,129816,0,0,0,0
1769429809.7615628,129866,0,0,0,0
1769429809.811954,129916,0,0,0,0
1769429809.86182,129966,0,0,0,0
1769429809.9117272,130016,0,0,0,0
1769429809.962595,130066,0,0,0,0
1769429810.012667,130116,0,0,0,0
1769429810.062345,130166,0,0,0,0
1769429810.1123421,130216,0,0,0,0
1769429810.1618009,130266,0,0,0,0
1769429810.212287,130316,0,0,0,0
1769429810.262866,130366,0,0,0,0
1769429810.31279,130416,0,0,0,0
1769429810.363968,130466,0,0,0,0
1769429810.41395,130516,0,0,0,0
1769429810.462655,130566,0,0,0,0
1769429810.513657,130616,0,0,0,0
1769429810.563262,130666,0,0,0,0
1769429810.6133718,130716,0,0,0,0
1769429810.664304,130766,0,0,0,0
1769429810.713865,130816,0,0,0,0
1769429810.764321,130866,0,0,0,0
1769429810.8141172,130916,0,0,0,0
1769429810.864064,130966,0,0,0,0
1769429810.914218,131016,0,0,0,0
1769429810.965217,131066,0,0,0,0
1769429811.0139039,131116,0,0,0,0
1769429811.065142,131166,0,0,0,0
1769429811.1150348,131216,0,0,0,0
1769429811.1658502,131266,0,0,0,0
1769429811.2159371,131316,0,0,0,0
1769429811.265578,131366,0,0,0,0
1769429811.316094,131416,0,0,0,0
1769429811.366171,131466,0,0,0,0
1769429811.416354,131516,0,0,0,0
1769429811.465802,131566,0,0,0,0
1769429811.517121,131616,0,0,0,0
1769429811.567015,131666,0,0,0,0
1769429811.6165178,131716,0,0,0,0
1769429811.666136,131766,0,0,0,0
1769429811.716149,131816,0,0,0,0
1769429811.766552,131866,0,0,0,0
1769429811.817376,131916,0,0,0,0
1769429811.868324,131966,0,0,0,0
1769429811.916808,132016,0,0,0,0
1769429811.967715,132066,0,0,0,0
1769429812.017379,132116,0,0,0,0
1769429812.068373,132166,0,0,0,0
1769429812.118067,132216,0,0,0,0
1769429812.169081,132267,0,0,0,0
1769429812.219142,132317,0,0,0,0
1769429812.2688699,132367,0,0,0,0
1769429812.320095,132417,0,0,0,0
1769429812.3701591,132467,0,0,0,0
1769429812.4201221,132517,0,0,0,0
1769429812.470211,132567,0,0,0,0
1769429812.520245,132617,0,0,0,0
1769429812.5701041,132667,0,0,0,0
1769429812.621025,132717,0,0,0,0
1769429812.671024,132767,0,0,0,0
1769429812.721141,132817,0,0,0,0
1769429812.769718,132867,0,0,0,0
1769429812.821048,132917,0,0,0,0
1769429812.871142,132967,0,0,0,0
1769429812.9209301,133017,0,0,0,0
1769429812.9722419,133067,0,0,0,0
1769429813.022102,133117,0,0,0,0
1769429813.071854,133167,0,0,0,0
1769429813.121545,133217,0,0,0,0
1769429813.1717398,133267,0,0,0,0
1769429813.22167,133317,0,0,0,0
1769429813.272557,133367,0,0,0,0
1769429813.322527,133417,0,0,0,0
1769429813.372534,133467,0,0,0,0
1769429813.422454,133517,0,0,0,0
1769429813.472356,133567,0,0,0,0
1769429813.523471,133617,0,0,0,0
1769429813.573046,133667,0,0,0,0
1769429813.6231802,133718,0,0,0,0
1769429813.674359,133768,0,0,0,0
1769429813.724403,133818,0,0,0,0
1769429813.774239,133868,0,0,0,0
1769429813.8245718,133918,0,0,0,0
1769429813.875632,133968,0,0,0,0
1769429813.9242811,134018,0,0,0,0
1769429813.9747798,134068,0,0,0,0
1769429814.025847,134118,0,0,0,0
1769429814.075784,134168,0,0,0,0
1769429814.125716,134218,0,0,0,0
1769429814.175672,134268,0,0,0,0
1769429814.2260249,134318,0,0,0,0
1769429814.275507,134368,0,0,0,0
1769429814.325561,134418,0,0,0,0
1769429814.376776,134468,0,0,0,0
1769429814.426684,134518,0,0,0,0
1769429814.476866,134568,0,0,0,0
1769429814.52597,134618,0,0,0,0
1769429814.576753,134668,0,0,0,0
1769429814.6273122,134718,0,0,0,0
1769429814.677093,134768,0,0,0,0
1769429814.727215,134818,0,0,0,0
1769429814.778238,134868,0,0,0,0
1769429814.827082,134918,0,0,0,0
1769429814.877198,134968,0,0,0,0
1769429814.9272058,135018,0,0,0,0
1769429814.978501,135068,0,0,0,0
1769429815.0285702,135118,0,0,0,0
1769429815.077399,135168,0,0,0,0
1769429815.1281679,135218,0,0,0,0
1769429815.178117,135268,0,0,0,0
1769429815.229098,135318,0,0,0,0
1769429815.278935,135368,0,0,0,0
1769429815.3288178,135418,0,0,0,0
1769429815.378303,135468,0,0,0,0
1769429815.429246,135518,0,0,0,0
1769429815.479263,135568,0,0,0,0
1769429815.529113,135618,0,0,0,0
1769429815.579185,135668,0,0,0,0
1769429815.629935,135718,0,0,0,0
1769429815.680013,135768,0,0,0,0
1769429815.7298748,135818,0,0,0,0
1769429815.779636,135868,0,0,0,0
1769429815.830485,135918,0,0,0,0
1769429815.880279,135968,0,0,0,0
1769429815.930279,136018,0,0,0,0
1769429815.980263,136068,0,0,0,0
1769429816.031065,136118,0,0,0,0
1769429816.081352,136168,0,0,0,0
1769429816.130966,136218,0,0,0,0
1769429816.182018,136268,0,0,0,0
1769429816.231485,136318,0,0,0,0
1769429816.281537,136368,0,0,0,0
1769429816.3315358,136418,0,0,0,0
1769429816.381394,136468,0,0,0,0
1769429816.4326348,136518,0,0,0,0
1769429816.482602,136568,0,0,0,0
1769429816.5333388,136619,0,0,0,0
1769429816.5829172,136669,0,0,0,0
1769429816.6329339,136719,0,0,0,0
1769429816.683891,136769,0,0,0,0
1769429816.7334678,136819,0,0,0,0
1769429816.784541,136869,0,0,0,0
1769429816.834189,136919,0,0,0,0
1769429816.884324,136969,0,0,0,0
1769429816.9340968,137019,0,0,0,0
1769429816.984101,137069,0,0,0,0
1769429817.035156,137119,0,0,0,0
1769429817.0849762,137169,0,0,0,0
1769429817.1348422,137219,0,0,0,0
1769429817.184619,137269,0,0,0,0
1769429817.2355788,137319,0,0,0,0
1769429817.285433,137369,0,0,0,0
1769429817.3357198,137419,0,0,0,0
1769429817.386475,137469,0,0,0,0
1769429817.4350872,137519,0,0,0,0
1769429817.4857512,137569,0,0,0,0
1769429817.535441,137619,0,0,0,0
1769429817.5862138,137669,0,0,0,0
1769429817.636001,137719,0,0,0,0
1769429817.6872709,137769,0,0,0,0
1769429817.735928,137819,0,0,0,0
1769429817.787097,137869,0,0,0,0
1769429817.836726,137919,0,0,0,0
1769429817.887875,137969,0,0,0,0
1769429817.9374368,138019,0,0,0,0
1769429817.9876091,138070,0,0,0,0
1769429818.0374851,138120,0,0,0,0
1769429818.088365,138170,0,0,0,0
1769429818.1392798,138220,0,0,0,0
1769429818.189249,138270,0,0,0,0
1769429818.239264,138320,0,0,0,0
1769429818.288078,138370,0,0,0,0
1769429818.338794,138420,0,0,0,0
1769429818.388792,138470,0,0,0,0
1769429818.440117,138520,0,0,0,0
1769429818.490108,138570,0,0,0,0
1769429818.539996,138620,0,0,0,0
1769429818.5898838,138670,0,0,0,0
1769429818.639817,138720,0,0,0,0
1769429818.689892,138770,0,0,0,0
1769429818.739813,138820,0,0,0,0
1769429818.7907698,138870,0,0,0,0
1769429818.841151,138920,0,0,0,0
1769429818.889809,138970,0,0,0,0
1769429818.941082,139020,0,0,0,0
1769429818.99102,139070,0,0,0,0
1769429819.040753,139120,0,0,0,0
1769429819.091444,139170,0,0,0,0
1769429819.1419818,139220,0,0,0,0
1769429819.191605,139270,0,0,0,0
1769429819.2413461,139320,0,0,0,0
1769429819.291171,139370,0,0,0,0
1769429819.3421178,139420,0,0,0,0
1769429819.392365,139470,0,0,0,0
1769429819.441926,139520,0,0,0,0
1769429819.4926112,139570,0,0,0,0
1769429819.5425541,139620,0,0,0,0
1769429819.592458,139670,0,0,0,0
1769429819.643373,139720,0,0,0,0
1769429819.693084,139770,0,0,0,0
1769429819.7430809,139820,0,0,0,0
1769429819.7930398,139870,0,0,0,0
1769429819.843866,139920,0,0,0,0
1769429819.893194,139970,0,0,0,0
1769429819.9443898,140020,0,0,0,0
1769429819.994234,140070,0,0,0,0
1769429820.043681,140120,0,0,0,0
1769429820.0944269,140170,0,0,0,0
1769429820.144449,140220,0,0,0,0
1769429820.1941419,140270,0,0,0,0
1769429820.245056,140320,0,0,0,0
1769429820.294986,140370,0,0,0,0
1769429820.345363,140420,0,0,0,0
1769429820.394314,140470,0,0,0,0
1769429820.444343,140520,0,0,0,0
1769429820.4949498,140570,0,0,0,0
1769429820.5460649,140620,0,0,0,0
1769429820.5956879,140670,0,0,0,0
1769429820.6448169,140720,0,0,0,0
1769429820.695628,140770,0,0,0,0
1769429820.74558,140820,0,0,0,0
1769429820.796389,140870,0,0,0,0
1769429820.846051,140920,0,0,0,0
1769429820.897213,140971,0,0,0,0
1769429820.9470751,141021,0,0,0,0
1769429820.996886,141071,0,0,0,0
1769429821.0476642,141121,0,0,0,0
1769429821.0987709,141171,0,0,0,0
1769429821.148586,141221,0,0,0,0
1769429821.197273,141271,0,0,0,0
1769429821.2481768,141321,0,0,0,0
1769429821.298849,141371,0,0,0,0
1769429821.348989,141421,0,0,0,0
1769429821.3986099,141471,0,0,0,0
1769429821.449724,141521,0,0,0,0
1769429821.498395,141571,0,0,0,0
1769429821.549531,141621,0,0,0,0
1769429821.599515,141671,0,0,0,0
1769429821.649565,141721,0,0,0,0
1769429821.700452,141771,0,0,0,0
1769429821.750286,141821,0,0,0,0
1769429821.79888,141871,0,0,0,0
1769429821.849948,141921,0,0,0,0
1769429821.900218,141971,0,0,0,0
1769429821.9501839,142021,0,0,0,0
1769429822.001274,142071,0,0,0,0
1769429822.051093,142121,0,0,0,0
1769429822.1000168,142171,0,0,0,0
1769429822.150826,142221,0,0,0,0
1769429822.200477,142271,0,0,0,0
1769429822.251799,142321,0,0,0,0
1769429822.301883,142371,0,0,0,0
1769429822.352263,142422,0,0,0,0
1769429822.4021828,142472,0,0,0,0
1769429822.452218,142522,0,0,0,0
1769429822.503428,142572,0,0,0,0
1769429822.5531409,142622,0,0,0,0
1769429822.603229,142672,0,0,0,0
1769429822.652716,142722,0,0,0,0
1769429822.7035468,142772,0,0,0,0
1769429822.753503,142822,0,0,0,0
1769429822.803448,142872,0,0,0,0
1769429822.854209,142922,0,0,0,0
1769429822.904834,142972,0,0,0,0
1769429822.9532192,143022,0,0,0,0
1769429823.004498,143072,0,0,0,0
1769429823.054534,143122,0,0,0,0
1769429823.104477,143172,0,0,0,0
1769429823.154804,143222,0,0,0,0
1769429823.2046862,143272,0,0,0,0
1769429823.25472,143322,0,0,0,0
1769429823.304628,143372,0,0,0,0
1769429823.3546062,143422,0,0,0,0
1769429823.405727,143472,0,0,0,0
1769429823.4554071,143522,0,0,0,0
1769429823.50656,143572,0,0,0,0
1769429823.555098,143622,0,0,0,0
1769429823.605074,143672,0,0,0,0
1769429823.656351,143722,0,0,0,0
1769429823.706592,143772,0,0,0,0
1769429823.756522,143822,0,0,0,0
1769429823.8061771,143872,0,0,0,0
1769429823.855912,143922,0,0,0,0
1769429823.9060822,143972,0,0,0,0
1769429823.957142,144022,0,0,0,0
1769429824.006707,144072,0,0,0,0
1769429824.0578282,144122,0,0,0,0
1769429824.106459,144172,0,0,0,0
1769429824.156773,144222,0,0,0,0
1769429824.206544,144272,0,0,0,0
1769429824.2575822,144322,0,0,0,0
1769429824.307283,144372,0,0,0,0
1769429824.3587132,144422,0,0,0,0
1769429824.4071512,144472,0,0,0,0
1769429824.458424,144522,0,0,0,0
1769429824.5085561,144572,0,0,0,0
1769429824.558537,144622,0,0,0,0
1769429824.6086311,144672,0,0,0,0
1769429824.65957,144722,0,0,0,0
1769429824.708132,144772,0,0,0,0
1769429824.759068,144822,0,0,0,0
1769429824.8090959,144872,0,0,0,0
1769429824.860023,144922,0,0,0,0
1769429824.9100559,144972,0,0,0,0
1769429824.959536,145022,0,0,0,0
1769429825.009001,145072,0,0,0,0
1769429825.059961,145122,0,0,0,0
1769429825.1098938,145172,0,0,0,0
1769429825.160495,145222,0,0,0,0
1769429825.211068,145272,0,0,0,0
1769429825.260461,145323,0,0,0,0
1769429825.3105862,145373,0,0,0,0
1769429825.361588,145423,0,0,0,0
1769429825.412338,145473,0,0,0,0
1769429825.461973,145523,0,0,0,0
1769429825.512233,145573,0,0,0,0
1769429825.5620532,145623,0,0,0,0
1769429825.611636,145673,0,0,0,0
1769429825.661796,145723,0,0,0,0
1769429825.712596,145773,0,0,0,0
1769429825.763464,145823,0,0,0,0
1769429825.812798,145873,0,0,0,0
1769429825.862541,145923,0,0,0,0
1769429825.9124138,145973,0,0,0,0
1769429825.9632041,146023,0,0,0,0
1769429826.013702,146073,0,0,0,0
1769429826.0632598,146123,0,0,0,0
1769429826.1142342,146173,0,0,0,0
1769429826.162741,146223,0,0,0,0
1769429826.21387,146273,0,0,0,0
1769429826.264739,146323,0,0,0,0
1769429826.314591,146373,0,0,0,0
1769429826.364682,146423,0,0,0,0
1769429826.415297,146473,0,0,0,0
1769429826.464868,146523,0,0,0,0
1769429826.5144582,146573,0,0,0,0
1769429826.565182,146623,0,0,0,0
1769429826.615245,146673,0,0,0,0
1769429826.665107,146723,0,0,0,0
1769429826.715769,146774,0,0,0,0
1769429826.76672,146824,0,0,0,0
1769429826.816643,146874,0,0,0,0
1769429826.86659,146924,0,0,0,0
1769429826.917436,146974,0,0,0,0
1769429826.967019,147024,0,0,0,0
1769429827.016733,147074,0,0,0,0
1769429827.0667,147124,0,0,0,0
1769429827.117922,147174,0,0,0,0
1769429827.167917,147224,0,0,0,0
1769429827.217519,147274,0,0,0,0
1769429827.2685592,147324,0,0,0,0
1769429827.317139,147374,0,0,0,0
1769429827.3685062,147424,0,0,0,0
1769429827.418229,147474,0,0,0,0
1769429827.467926,147524,0,0,0,0
1769429827.519047,147574,0,0,0,0
1769429827.568747,147624,0,0,0,0
1769429827.6184902,147674,0,0,0,0
1769429827.668441,147724,0,0,0,0
1769429827.719341,147774,0,0,0,0
1769429827.768806,147824,0,0,0,0
1769429827.819972,147874,0,0,0,0
1769429827.869751,147924,0,0,0,0
1769429827.919035,147974,0,0,0,0
1769429827.97011,148024,0,0,0,0
1769429828.0193548,148074,0,0,0,0
1769429828.0707111,148124,0,0,0,0
1769429828.1206012,148174,0,0,0,0
1769429828.170206,148224,0,0,0,0
1769429828.219615,148274,0,0,0,0
1769429828.2705028,148324,0,0,0,0
1769429828.320239,148374,0,0,0,0
1769429828.3714151,148424,0,0,0,0
1769429828.421163,148474,0,0,0,0
1769429828.47089,148524,0,0,0,0
1769429828.520695,148574,0,0,0,0
1769429828.570626,148624,0,0,0,0
1769429828.621663,148674,0,0,0,0
1769429828.671633,148724,0,0,0,0
1769429828.722496,148774,0,0,0,0
1769429828.772144,148824,0,0,0,0
1769429828.821999,148874,0,0,0,0
1769429828.87183,148924,0,0,0,0
1769429828.922815,148974,0,0,0,0
1769429828.972768,149024,0,0,0,0
1769429829.022641,149074,0,0,0,0
1769429829.07258,149124,0,0,0,0
1769429829.123486,149174,0,0,0,0
1769429829.173363,149224,0,0,0,0
1769429829.223317,149274,0,0,0,0
1769429829.2742882,149324,0,0,0,0
1769429829.3240588,149374,0,0,0,0
1769429829.3727942,149424,0,0,0,0
1769429829.424035,149474,0,0,0,0
1769429829.474097,149524,0,0,0,0
1769429829.523963,149574,0,0,0,0
1769429829.57517,149624,0,0,0,0
1769429829.625275,149675,0,0,0,0
1769429829.675203,149725,0,0,0,0
1769429829.725014,149775,0,0,0,0
1769429829.775787,149825,0,0,0,0
1769429829.8265102,149875,0,0,0,0
1769429829.877205,149925,0,0,0,0
1769429829.925907,149975,0,0,0,0
1769429829.978358,150025,0,0,0,0
1769429830.0271301,150075,0,0,0,0
1769429830.076947,150125,0,0,0,0
1769429830.126901,150175,0,0,0,0
1769429830.177943,150225,0,0,0,0
1769429830.22652,150275,0,0,0,0
1769429830.276603,150325,0,0,0,0
1769429830.3273568,150375,0,0,0,0
1769429830.3773801,150425,0,0,0,0
1769429830.427265,150475,0,0,0,0
1769429830.478783,150525,0,0,0,0
1769429830.527593,150575,0,0,0,0
1769429830.577696,150625,0,0,0,0
1769429830.62875,150675,0,0,0,0
1769429830.678594,150725,0,0,0,0
1769429830.728545,150775,0,0,0,0
1769429830.779383,150825,0,0,0,0
1769429830.828059,150875,0,0,0,0
1769429830.878756,150925,0,0,0,0
1769429830.929405,150975,0,0,0,0
1769429830.9801621,151025,0,0,0,0
1769429831.0301912,151075,0,0,0,0
1769429831.079929,151126,0,0,0,0
1769429831.129867,151176,0,0,0,0
1769429831.17983,151226,0,0,0,0
1769429831.231075,151276,0,0,0,0
1769429831.2806,151326,0,0,0,0
1769429831.331674,151376,0,0,0,0
1769429831.3814569,151426,0,0,0,0
1769429831.431031,151476,0,0,0,0
1769429831.48222,151526,0,0,0,0
1769429831.531074,151576,0,0,0,0
1769429831.582339,151626,0,0,0,0
1769429831.6321018,151676,0,0,0,0
1769429831.682154,151726,0,0,0,0
1769429831.732028,151776,0,0,0,0
1769429831.7815511,151826,0,0,0,0
1769429831.8329139,151876,0,0,0,0
1769429831.882786,151926,0,0,0,0
1769429831.9339368,151976,0,0,0,0
1769429831.982816,152026,0,0,0,0
1769429832.032767,152076,0,0,0,0
1769429832.083576,152126,0,0,0,0
1769429832.1336079,152176,0,0,0,0
1769429832.183435,152226,0,0,0,0
1769429832.233763,152276,0,0,0,0
1769429832.283711,152326,0,0,0,0
1769429832.33411,152376,0,0,0,0
1769429832.383533,152426,0,0,0,0
1769429832.434527,152476,0,0,0,0
1769429832.484597,152526,0,0,0,0
1769429832.5333602,152576,0,0,0,0
1769429832.58433,152626,0,0,0,0
1769429832.634172,152676,0,0,0,0
1769429832.685119,152726,0,0,0,0
1769429832.734715,152776,0,0,0,0
1769429832.785872,152826,0,0,0,0
1769429832.834419,152876,0,0,0,0
1769429832.885749,152926,0,0,0,0
1769429832.935485,152976,0,0,0,0
1769429832.985406,153026,0,0,0,0
1769429833.036407,153076,0,0,0,0
1769429833.086823,153126,0,0,0,0
1769429833.135552,153176,0,0,0,0
1769429833.186222,153226,0,0,0,0
1769429833.2358541,153276,0,0,0,0
1769429833.2871401,153326,0,0,0,0
1769429833.3366048,153376,0,0,0,0
1769429833.387507,153426,0,0,0,0
1769429833.436047,153476,0,0,0,0
1769429833.4871628,153526,0,0,0,0
1769429833.536824,153576,0,0,0,0
1769429833.588054,153626,0,0,0,0
1769429833.6380658,153676,0,0,0,0
1769429833.688123,153726,0,0,0,0
1769429833.737002,153776,0,0,0,0
1769429833.7881138,153826,0,0,0,0
1769429833.837721,153876,0,0,0,0
1769429833.888917,153926,0,0,0,0
1769429833.938635,153976,0,0,0,0
1769429833.988433,154027,0,0,0,0
1769429834.03861,154077,0,0,0,0
1769429834.08965,154127,0,0,0,0
1769429834.139704,154177,0,0,0,0
1769429834.189517,154227,0,0,0,0
1769429834.241178,154277,0,0,0,0
1769429834.2895832,154327,0,0,0,0
1769429834.341346,154377,0,0,0,0
1769429834.3908548,154427,0,0,0,0
1769429834.440686,154477,0,0,0,0
1769429834.490957,154527,0,0,0,0
1769429834.541044,154577,0,0,0,0
1769429834.590997,154627,0,0,0,0
1769429834.641418,154677,0,0,0,0
1769429834.690581,154727,0,0,0,0
1769429834.741292,154777,0,0,0,0
1769429834.792246,154827,0,0,0,0
1769429834.841998,154877,0,0,0,0
1769429834.891855,154927,0,0,0,0
1769429834.941771,154977,0,0,0,0
1769429834.9918542,155027,0,0,0,0
1769429835.042583,155077,0,0,0,0
1769429835.092489,155127,0,0,0,0
1769429835.1424232,155177,0,0,0,0
1769429835.192619,155227,0,0,0,0
1769429835.243319,155277,0,0,0,0
1769429835.2931159,155327,0,0,0,0
1769429835.343207,155377,0,0,0,0
1769429835.3933408,155427,0,0,0,0
1769429835.4435892,155478,0,0,0,0
1769429835.4943202,155528,0,0,0,0
1769429835.544333,155578,0,0,0,0
1769429835.5955358,155628,0,0,0,0
1769429835.644968,155678,0,0,0,0
1769429835.6961348,155728,0,0,0,0
1769429835.744448,155778,0,0,0,0
1769429835.8006349,155828,0,0,0,0
1769429835.8458529,155878,0,0,0,0
1769429835.896377,155928,0,0,0,0
1769429835.946485,155978,0,0,0,0
1769429835.996073,156028,0,0,0,0
1769429836.0457652,156078,0,0,0,0
1769429836.096086,156128,0,0,0,0
1769429836.146345,156178,0,0,0,0
1769429836.196665,156228,0,0,0,0
1769429836.246368,156278,0,0,0,0
1769429836.2972212,156328,0,0,0,0
1769429836.346192,156378,0,0,0,0
1769429836.397656,156428,0,0,0,0
1769429836.447552,156478,0,0,0,0
1769429836.496958,156528,0,0,0,0
1769429836.548175,156578,0,0,0,0
1769429836.598453,156628,0,0,0,0
1769429836.647383,156678,0,0,0,0
1769429836.697336,156728,0,0,0,0
1769429836.74807,156778,0,0,0,0
1769429836.799139,156828,0,0,0,0
1769429836.849154,156878,0,0,0,0
1769429836.897851,156928,0,0,0,0
1769429836.948917,156978,0,0,0,0
1769429836.99909,157028,0,0,0,0
1769429837.0703151,157078,0,0,0,0
1769429837.099356,157128,0,0,0,0
1769429837.149656,157178,0,0,0,0
1769429837.197911,157228,0,0,0,0
1769429837.249068,157278,0,0,0,0
1769429837.299341,157328,0,0,0,0
1769429837.349333,157378,0,0,0,0
1769429837.400416,157428,0,0,0,0
1769429837.450441,157478,0,0,0,0
1769429837.499265,157528,0,0,0,0
1769429837.5506802,157578,0,0,0,0
1769429837.60079,157628,0,0,0,0
1769429837.6509051,157678,0,0,0,0
1769429837.70112,157728,0,0,0,0
1769429837.750947,157778,0,0,0,0
1769429837.800131,157828,0,0,0,0
1769429837.850353,157878,0,0,0,0
1769429837.9006479,157928,0,0,0,0
1769429837.951493,157978,0,0,0,0
1769429838.0016482,158028,0,0,0,0
1769429838.0526779,158078,0,0,0,0
1769429838.101396,158128,0,0,0,0
1769429838.151469,158178,0,0,0,0
1769429838.202173,158228,0,0,0,0
1769429838.253182,158278,0,0,0,0
1769429838.30306,158328,0,0,0,0
1769429838.353319,158379,0,0,0,0
1769429838.4029639,158429,0,0,0,0
1769429838.453723,158479,0,0,0,0
1769429838.504253,158529,0,0,0,0
1769429838.553518,158579,0,0,0,0
1769429838.604534,158629,0,0,0,0
1769429838.654429,158679,0,0,0,0
1769429838.704171,158729,0,0,0,0
1769429838.754712,158779,0,0,0,0
1769429838.8042161,158829,0,0,0,0
1769429838.8550882,158879,0,0,0,0
1769429838.905099,158929,0,0,0,0
1769429838.955229,158979,0,0,0,0
1769429839.0046191,159029,0,0,0,0
1769429839.062746,159079,0,0,0,0
1769429839.105768,159129,0,0,0,0
1769429839.155516,159179,0,0,0,0
1769429839.20595,159229,0,0,0,0
1769429839.2554991,159279,0,0,0,0
1769429839.30636,159329,0,0,0,0
1769429839.356232,159379,0,0,0,0
1769429839.407031,159429,0,0,0,0
1769429839.4564202,159479,0,0,0,0
1769429839.507544,159529,0,0,0,0
1769429839.556117,159579,0,0,0,0
1769429839.6070158,159629,0,0,0,0
1769429839.657015,159679,0,0,0,0
1769429839.707187,159729,0,0,0,0
1769429839.7739332,159779,0,0,0,0
1769429839.8081741,159830,0,0,0,0
1769429839.8580532,159880,0,0,0,0
1769429839.909407,159930,0,0,0,0
1769429839.95948,159980,0,0,0,0
1769429840.009829,160030,0,0,0,0
1769429840.059874,160080,0,0,0,0
1769429840.109629,160130,0,0,0,0
1769429840.158648,160180,0,0,0,0
1769429840.209975,160230,0,0,0,0
1769429840.2609978,160280,0,0,0,0
1769429840.310478,160330,0,0,0,0
1769429840.360228,160380,0,0,0,0
1769429840.410176,160430,0,0,0,0
1769429840.4599419,160480,0,0,0,0
1769429840.511084,160530,0,0,0,0
1769429840.560672,160580,0,0,0,0
1769429840.611062,160630,0,0,0,0
1769429840.661699,160680,0,0,0,0
1769429840.713376,160730,0,0,0,0
1769429840.7603729,160780,0,0,0,0
1769429840.811732,160830,0,0,0,0
1769429840.8613381,160880,0,0,0,0
1769429840.912048,160930,0,0,0,0
1769429840.9622478,160980,0,0,0,0
1769429841.010825,161030,0,0,0,0
1769429841.0629702,161080,0,0,0,0
1769429841.1117592,161130,0,0,0,0
1769429841.161885,161180,0,0,0,0
1769429841.212362,161230,0,0,0,0
1769429841.261819,161280,0,0,0,0
1769429841.312192,161330,0,0,0,0
1769429841.362747,161380,0,0,0,0
1769429841.412577,161430,0,0,0,0
1769429841.4626849,161480,0,0,0,0
1769429841.5128791,161530,0,0,0,0
1769429841.56215,161580,0,0,0,0
1769429841.613892,161630,0,0,0,0
1769429841.6638348,161680,0,0,0,0
1769429841.71456,161730,0,0,0,0
1769429841.764643,161780,0,0,0,0
1769429841.813916,161830,0,0,0,0
1769429841.8639119,161880,0,0,0,0
1769429841.91416,161930,0,0,0,0
1769429841.963685,161980,0,0,0,0
1769429842.014976,162030,0,0,0,0
1769429842.0654268,162080,0,0,0,0
1769429842.1152582,162130,0,0,0,0
1769429842.16513,162180,0,0,0,0
1769429842.215272,162230,0,0,0,0
1769429842.265155,162280,0,0,0,0
1769429842.315211,162330,0,0,0,0
1769429842.366459,162380,0,0,0,0
1769429842.42094,162430,0,0,0,0
1769429842.4660978,162480,0,0,0,0
1769429842.516253,162530,0,0,0,0
1769429842.566873,162580,0,0,0,0
1769429842.617097,162630,0,0,0,0
1769429842.666347,162680,0,0,0,0
1769429842.71729,162731,0,0,0,0
1769429842.7671711,162781,0,0,0,0
1769429842.818063,162831,0,0,0,0
1769429842.867958,162881,0,0,0,0
1769429842.917845,162931,0,0,0,0
1769429842.969381,162981,0,0,0,0
1769429843.018093,163031,0,0,0,0
1769429843.0684538,163081,0,0,0,0
1769429843.1185222,163131,0,0,0,0
1769429843.169448,163181,0,0,0,0
1769429843.2194161,163231,0,0,0,0
1769429843.269106,163281,0,0,0,0
1769429843.318899,163331,0,0,0,0
1769429843.369759,163381,0,0,0,0
1769429843.4195788,163431,0,0,0,0
1769429843.4702091,163481,0,0,0,0
1769429843.5202,163531,0,0,0,0
1769429843.569806,163581,0,0,0,0
1769429843.619793,163631,0,0,0,0
1769429843.669675,163681,0,0,0,0
1769429843.7198641,163731,0,0,0,0
1769429843.770006,163781,0,0,0,0
1769429843.820835,163831,0,0,0,0
1769429843.871506,163881,0,0,0,0
1769429843.920428,163931,0,0,0,0
1769429843.971265,163981,0,0,0,0
1769429844.020929,164031,0,0,0,0
1769429844.071064,164081,0,0,0,0
1769429844.121987,164131,0,0,0,0
1769429844.1721852,164182,0,0,0,0
1769429844.222173,164232,0,0,0,0
1769429844.27339,164282,0,0,0,0
1769429844.323429,164332,0,0,0,0
1769429844.373534,164382,0,0,0,0
1769429844.424098,164432,0,0,0,0
1769429844.4725811,164482,0,0,0,0
1769429844.523807,164532,0,0,0,0
1769429844.5736,164582,0,0,0,0
1769429844.623986,164632,0,0,0,0
1769429844.673873,164682,0,0,0,0
1769429844.7251961,164732,0,0,0,0
1769429844.773664,164782,0,0,0,0
1769429844.823989,164832,0,0,0,0
1769429844.874621,164882,0,0,0,0
1769429844.924545,164932,0,0,0,0
1769429844.975782,164982,0,0,0,0
1769429845.025307,165032,0,0,0,0
1769429845.074732,165082,0,0,0,0
1769429845.1257758,165132,0,0,0,0
1769429845.175732,165182,0,0,0,0
1769429845.225562,165232,0,0,0,0
1769429845.275786,165282,0,0,0,0
1769429845.3260229,165332,0,0,0,0
1769429845.3757062,165382,0,0,0,0
1769429845.4256089,165432,0,0,0,0
1769429845.476285,165482,0,0,0,0
1769429845.526182,165532,0,0,0,0
1769429845.577388,165582,0,0,0,0
1769429845.625908,165632,0,0,0,0
1769429845.6763468,165682,0,0,0,0
1769429845.727545,165732,0,0,0,0
1769429845.777009,165782,0,0,0,0
1769429845.826831,165832,0,0,0,0
1769429845.877316,165882,0,0,0,0
1769429845.927115,165932,0,0,0,0
1769429845.9768882,165982,0,0,0,0
1769429846.027808,166032,0,0,0,0
1769429846.077984,166082,0,0,0,0
1769429846.128001,166132,0,0,0,0
1769429846.179159,166182,0,0,0,0
1769429846.2285361,166232,0,0,0,0
1769429846.2784882,166282,0,0,0,0
1769429846.329055,166332,0,0,0,0
1769429846.379086,166382,0,0,0,0
1769429846.4284139,166432,0,0,0,0
1769429846.479433,166482,0,0,0,0
1769429846.5285518,166532,0,0,0,0
1769429846.5786119,166582,0,0,0,0
1769429846.629668,166632,0,0,0,0
1769429846.6795928,166682,0,0,0,0
1769429846.7298062,166732,0,0,0,0
1769429846.780413,166782,0,0,0,0
1769429846.830069,166832,0,0,0,0
1769429846.879502,166882,0,0,0,0
1769429846.9305081,166932,0,0,0,0
1769429846.980623,166982,0,0,0,0
1769429847.030607,167032,0,0,0,0
1769429847.081999,167083,0,0,0,0
1769429847.1309838,167133,0,0,0,0
1769429847.1814249,167183,0,0,0,0
1769429847.232051,167233,0,0,0,0
1769429847.282194,167283,0,0,0,0
1769429847.3320892,167333,0,0,0,0
1769429847.382387,167383,0,0,0,0
1769429847.433171,167433,0,0,0,0
1769429847.482613,167483,0,0,0,0
1769429847.532592,167533,0,0,0,0
1769429847.583889,167583,0,0,0,0
1769429847.633912,167633,0,0,0,0
1769429847.682456,167683,0,0,0,0
1769429847.733122,167733,0,0,0,0
1769429847.784074,167783,0,0,0,0
1769429847.833814,167833,0,0,0,0
1769429847.884481,167883,0,0,0,0
1769429847.9343228,167933,0,0,0,0
1769429847.98418,167983,0,0,0,0
1769429848.033897,168033,0,0,0,0
1769429848.084534,168083,0,0,0,0
1769429848.13553,168133,0,0,0,0
1769429848.185441,168183,0,0,0,0
1769429848.235353,168233,0,0,0,0
1769429848.285058,168283,0,0,0,0
1769429848.3349462,168333,0,0,0,0
1769429848.385004,168383,0,0,0,0
1769429848.436259,168433,0,0,0,0
1769429848.485339,168483,0,0,0,0
1769429848.536457,168534,0,0,0,0
1769429848.586046,168584,0,0,0,0
1769429848.637217,168634,0,0,0,0
1769429848.687826,168684,0,0,0,0
1769429848.7368698,168734,0,0,0,0
1769429848.788001,168784,0,0,0,0
1769429848.836591,168834,0,0,0,0
1769429848.887527,168884,0,0,0,0
1769429848.937262,168934,0,0,0,0
1769429848.988387,168984,0,0,0,0
1769429849.0391161,169034,0,0,0,0
1769429849.088181,169084,0,0,0,0
1769429849.13752,169134,0,0,0,0
1769429849.187741,169184,0,0,0,0
1769429849.2386198,169234,0,0,0,0
1769429849.2884648,169284,0,0,0,0
1769429849.339543,169334,0,0,0,0
1769429849.389396,169384,0,0,0,0
1769429849.439106,169434,0,0,0,0
1769429849.489567,169484,0,0,0,0
1769429849.53981,169534,0,0,0,0
1769429849.589494,169584,0,0,0,0
1769429849.640275,169634,0,0,0,0
1769429849.690198,169684,0,0,0,0
1769429849.740114,169734,0,0,0,0
1769429849.7894242,169784,0,0,0,0
1769429849.840224,169834,0,0,0,0
1769429849.8911018,169884,0,0,0,0
1769429849.941355,169934,0,0,0,0
1769429849.9897768,169984,0,0,0,0
1769429850.04038,170034,0,0,0,0
1769429850.090395,170084,0,0,0,0
1769429850.140482,170134,0,0,0,0
1769429850.1920562,170184,0,0,0,0
1769429850.241419,170234,0,0,0,0
1769429850.291445,170284,0,0,0,0
1769429850.3414552,170334,0,0,0,0
1769429850.392437,170384,0,0,0,0
1769429850.442007,170434,0,0,0,0
1769429850.492784,170484,0,0,0,0
1769429850.542408,170534,0,0,0,0
1769429850.592505,170584,0,0,0,0
1769429850.642245,170634,0,0,0,0
1769429850.692251,170684,0,0,0,0
1769429850.743319,170734,0,0,0,0
1769429850.7938309,170784,0,0,0,0
1769429850.843999,170834,0,0,0,0
1769429850.892784,170884,0,0,0,0
1769429850.942722,170934,0,0,0,0
1769429850.9934468,170984,0,0,0,0
1769429851.043253,171034,0,0,0,0
1769429851.093664,171084,0,0,0,0
1769429851.144784,171134,0,0,0,0
1769429851.19441,171184,0,0,0,0
1769429851.24411,171234,0,0,0,0
1769429851.294077,171284,0,0,0,0
1769429851.3441322,171334,0,0,0,0
1769429851.395218,171384,0,0,0,0
1769429851.445388,171435,0,0,0,0
1769429851.4949918,171485,0,0,0,0
1769429851.5461812,171535,0,0,0,0
1769429851.595807,171585,0,0,0,0
1769429851.6466649,171635,0,0,0,0
1769429851.696376,171685,0,0,0,0
1769429851.746443,171735,0,0,0,0
1769429851.7965472,171785,0,0,0,0
1769429851.8466182,171835,0,0,0,0
1769429851.8966599,171885,0,0,0,0
1769429851.947478,171935,0,0,0,0
1769429851.998139,171985,0,0,0,0
1769429852.047717,172035,0,0,0,0
1769429852.097654,172085,0,0,0,0
1769429852.147447,172135,0,0,0,0
1769429852.197991,172185,0,0,0,0
1769429852.248031,172235,0,0,0,0
1769429852.297904,172285,0,0,0,0
1769429852.347441,172335,0,0,0,0
1769429852.3982668,172385,0,0,0,0
1769429852.448151,172435,0,0,0,0
1769429852.497951,172485,0,0,0,0
1769429852.5488691,172535,0,0,0,0
1769429852.6000152,172585,0,0,0,0
1769429852.6483,172635,0,0,0,0
1769429852.699611,172685,0,0,0,0
1769429852.7491221,172735,0,0,0,0
1769429852.800011,172785,0,0,0,0
1769429852.849953,172835,0,0,0,0
1769429852.900892,172886,0,0,0,0
1769429852.9507358,172936,0,0,0,0
1769429853.000965,172986,0,0,0,0
1769429853.050595,173036,0,0,0,0
1769429853.100954,173086,0,0,0,0
1769429853.152245,173136,0,0,0,0
1769429853.2007492,173186,0,0,0,0
1769429853.251791,173236,0,0,0,0
1769429853.3023832,173286,0,0,0,0
1769429853.3519418,173336,0,0,0,0
1769429853.402001,173386,0,0,0,0
1769429853.452197,173436,0,0,0,0
1769429853.501947,173486,0,0,0,0
1769429853.552057,173536,0,0,0,0
1769429853.602517,173586,0,0,0,0
1769429853.6523619,173636,0,0,0,0
1769429853.704046,173686,0,0,0,0
1769429853.753424,173736,0,0,0,0
1769429853.803343,173786,0,0,0,0
1769429853.853455,173836,0,0,0,0
1769429853.902915,173886,0,0,0,0
1769429853.954226,173936,0,0,0,0
1769429854.004003,173986,0,0,0,0
1769429854.0551062,174036,0,0,0,0
1769429854.103849,174086,0,0,0,0
1769429854.153744,174136,0,0,0,0
1769429854.2046132,174186,0,0,0,0
1769429854.254443,174236,0,0,0,0
1769429854.305757,174286,0,0,0,0
1769429854.354582,174336,0,0,0,0
1769429854.4044852,174386,0,0,0,0
1769429854.455599,174436,0,0,0,0
1769429854.505724,174486,0,0,0,0
1769429854.555142,174536,0,0,0,0
1769429854.605141,174586,0,0,0,0
1769429854.654788,174636,0,0,0,0
1769429854.705943,174686,0,0,0,0
1769429854.7566001,174736,0,0,0,0
1769429854.806905,174786,0,0,0,0
1769429854.8567622,174836,0,0,0,0
1769429854.906801,174886,0,0,0,0
1769429854.9567502,174936,0,0,0,0
1769429855.006356,174986,0,0,0,0
1769429855.0571032,175036,0,0,0,0
1769429855.1069639,175086,0,0,0,0
1769429855.157857,175136,0,0,0,0
1769429855.207703,175186,0,0,0,0
1769429855.256525,175236,0,0,0,0
1769429855.307647,175286,0,0,0,0
1769429855.3570292,175336,0,0,0,0
1769429855.40825,175386,0,0,0,0
1769429855.45832,175436,0,0,0,0
1769429855.508388,175486,0,0,0,0
1769429855.557176,175536,0,0,0,0
1769429855.608321,175586,0,0,0,0
1769429855.658282,175636,0,0,0,0
1769429855.709313,175686,0,0,0,0
1769429855.7594,175736,0,0,0,0
1769429855.809013,175787,0,0,0,0
1769429855.8601332,175837,0,0,0,0
1769429855.910052,175887,0,0,0,0
1769429855.959879,175937,0,0,0,0
1769429856.010995,175987,0,0,0,0
1769429856.060897,176037,0,0,0,0
1769429856.109639,176087,0,0,0,0
1769429856.1606898,176137,0,0,0,0
1769429856.210398,176187,0,0,0,0
1769429856.2613928,176237,0,0,0,0
1769429856.311168,176287,0,0,0,0
1769429856.3624341,176337,0,0,0,0
1769429856.410753,176387,0,0,0,0
1769429856.461885,176437,0,0,0,0
1769429856.511811,176487,0,0,0,0
1769429856.5616581,176537,0,0,0,0
1769429856.6127172,176587,0,0,0,0
1769429856.6625438,176637,0,0,0,0
1769429856.7114098,176687,0,0,0,0
1769429856.761996,176737,0,0,0,0
1769429856.8132632,176787,0,0,0,0
1769429856.862977,176837,0,0,0,0
1769429856.91296,176887,0,0,0,0
1769429856.964064,176937,0,0,0,0
1769429857.012733,176987,0,0,0,0
1769429857.063835,177037,0,0,0,0
1769429857.1132958,177087,0,0,0,0
1769429857.164382,177137,0,0,0,0
1769429857.214494,177187,0,0,0,0
1769429857.264328,177238,0,0,0,0
1769429857.31518,177288,0,0,0,0
1769429857.36462,177338,0,0,0,0
1769429857.415492,177388,0,0,0,0
1769429857.465491,177438,0,0,0,0
1769429857.515508,177488,0,0,0,0
1769429857.564855,177538,0,0,0,0
1769429857.6160471,177588,0,0,0,0
1769429857.6660469,177638,0,0,0,0
1769429857.716254,177688,0,0,0,0
1769429857.766002,177738,0,0,0,0
1769429857.8170729,177788,0,0,0,0
1769429857.865302,177838,0,0,0,0
1769429857.916628,177888,0,0,0,0
1769429857.9664571,177938,0,0,0,0
1769429858.0174909,177988,0,0,0,0
1769429858.0673401,178038,0,0,0,0
1769429858.117196,178088,0,0,0,0
1769429858.1672142,178138,0,0,0,0
1769429858.2169302,178188,0,0,0,0
1769429858.268024,178238,0,0,0,0
1769429858.317877,178288,0,0,0,0
1769429858.367606,178338,0,0,0,0
1769429858.419382,178388,0,0,0,0
1769429858.468353,178438,0,0,0,0
1769429858.518326,178488,0,0,0,0
1769429858.568301,178538,0,0,0,0
1769429858.6194172,178588,0,0,0,0
1769429858.669309,178638,0,0,0,0
1769429858.7190342,178688,0,0,0,0
1769429858.7689972,178738,0,0,0,0
1769429858.818895,178788,0,0,0,0
1769429858.86886,178838,0,0,0,0
1769429858.9199831,178888,0,0,0,0
1769429858.970187,178938,0,0,0,0
1769429859.018904,178988,0,0,0,0
1769429859.069144,179038,0,0,0,0
1769429859.120689,179088,0,0,0,0
1769429859.1700149,179138,0,0,0,0
1769429859.2199738,179188,0,0,0,0
1769429859.271148,179238,0,0,0,0
1769429859.320243,179288,0,0,0,0
1769429859.370232,179338,0,0,0,0
1769429859.4212532,179388,0,0,0,0
1769429859.471071,179438,0,0,0,0
1769429859.520851,179488,0,0,0,0
1769429859.571981,179538,0,0,0,0
1769429859.620737,179588,0,0,0,0
1769429859.671276,179638,0,0,0,0
1769429859.721099,179688,0,0,0,0
1769429859.772167,179738,0,0,0,0
1769429859.8221571,179788,0,0,0,0
1769429859.8720572,179838,0,0,0,0
1769429859.922091,179888,0,0,0,0
1769429859.9717991,179938,0,0,0,0
1769429860.0230038,179988,0,0,0,0
1769429860.0730681,180038,0,0,0,0
1769429860.123507,180088,0,0,0,0
1769429860.1739762,180139,0,0,0,0
1769429860.2236521,180189,0,0,0,0
1769429860.2746189,180239,0,0,0,0
1769429860.324219,180289,0,0,0,0
1769429860.374431,180339,0,0,0,0
1769429860.425311,180389,0,0,0,0
1769429860.4747,180439,0,0,0,0
1769429860.524574,180489,0,0,0,0
1769429860.57515,180539,0,0,0,0
1769429860.6244428,180589,0,0,0,0
1769429860.675483,180639,0,0,0,0
1769429860.7260668,180689,0,0,0,0
1769429860.7755609,180739,0,0,0,0
1769429860.824817,180789,0,0,0,0
1769429860.8761659,180839,0,0,0,0
1769429860.926038,180889,0,0,0,0
1769429860.976924,180939,0,0,0,0
1769429861.026259,180989,0,0,0,0
1769429861.076389,181039,0,0,0,0
1769429861.1269262,181089,0,0,0,0
1769429861.176728,181139,0,0,0,0
1769429861.227411,181189,0,0,0,0
1769429861.276592,181239,0,0,0,0
1769429861.32787,181289,0,0,0,0
1769429861.376189,181339,0,0,0,0
1769429861.427092,181389,0,0,0,0
1769429861.478362,181439,0,0,0,0
1769429861.52826,181489,0,0,0,0
1769429861.5783072,181539,0,0,0,0
1769429861.628155,181590,0,0,0,0
1769429861.6781728,181640,0,0,0,0
1769429861.728977,181690,0,0,0,0
1769429861.77997,181740,0,0,0,0
1769429861.829984,181790,0,0,0,0
1769429861.8796952,181840,0,0,0,0
1769429861.9290009,181890,0,0,0,0
1769429861.980126,181940,0,0,0,0
1769429862.0302641,181990,0,0,0,0
1769429862.079828,182040,0,0,0,0
1769429862.131045,182090,0,0,0,0
1769429862.1808262,182140,0,0,0,0
1769429862.2308748,182190,0,0,0,0
1769429862.2806668,182240,0,0,0,0
1769429862.331092,182290,0,0,0,0
1769429862.381099,182340,0,0,0,0
1769429862.431433,182390,0,0,0,0
1769429862.481524,182440,0,0,0,0
1769429862.531585,182490,0,0,0,0
1769429862.58141,182540,0,0,0,0
1769429862.632288,182590,0,0,0,0
1769429862.682374,182640,0,0,0,0
1769429862.7322292,182690,0,0,0,0
1769429862.782356,182740,0,0,0,0
1769429862.8324852,182790,0,0,0,0
1769429862.882184,182840,0,0,0,0
1769429862.9320168,182890,0,0,0,0
1769429862.983072,182940,0,0,0,0
1769429863.032883,182990,0,0,0,0
1769429863.08304,183040,0,0,0,0
1769429863.132576,183090,0,0,0,0
1769429863.1827059,183140,0,0,0,0
1769429863.232855,183190,0,0,0,0
1769429863.284096,183240,0,0,0,0
1769429863.333419,183290,0,0,0,0
1769429863.383136,183340,0,0,0,0
1769429863.4341629,183390,0,0,0,0
1769429863.484311,183440,0,0,0,0
1769429863.5344691,183490,0,0,0,0
1769429863.584117,183540,0,0,0,0
1769429863.635572,183590,0,0,0,0
1769429863.684494,183640,0,0,0,0
1769429863.734571,183690,0,0,0,0
1769429863.784786,183740,0,0,0,0
1769429863.83478,183790,0,0,0,0
1769429863.884879,183840,0,0,0,0
1769429863.936102,183890,0,0,0,0
1769429863.98469,183940,0,0,0,0
1769429864.036161,183990,0,0,0,0
1769429864.086097,184040,0,0,0,0
1769429864.136172,184090,0,0,0,0
1769429864.186208,184140,0,0,0,0
1769429864.2364511,184190,0,0,0,0
1769429864.28626,184240,0,0,0,0
1769429864.3364139,184290,0,0,0,0
1769429864.386142,184340,0,0,0,0
1769429864.437325,184390,0,0,0,0
1769429864.487228,184440,0,0,0,0
1769429864.537353,184491,0,0,0,0
1769429864.587391,184541,0,0,0,0
1769429864.638176,184591,0,0,0,0
1769429864.688156,184641,0,0,0,0
1769429864.739125,184691,0,0,0,0
1769429864.7890801,184741,0,0,0,0
1769429864.8387241,184791,0,0,0,0
1769429864.888835,184841,0,0,0,0
1769429864.939664,184891,0,0,0,0
1769429864.989088,184941,0,0,0,0
1769429865.0389109,184991,0,0,0,0
1769429865.089841,185041,0,0,0,0
1769429865.138526,185091,0,0,0,0
1769429865.1894348,185141,0,0,0,0
1769429865.240281,185191,0,0,0,0
1769429865.2897651,185241,0,0,0,0
1769429865.340857,185291,0,0,0,0
1769429865.3910358,185341,0,0,0,0
1769429865.440781,185391,0,0,0,0
1769429865.490901,185441,0,0,0,0
1769429865.54087,185491,0,0,0,0
1769429865.590809,185541,0,0,0,0
1769429865.641721,185591,0,0,0,0
1769429865.691911,185641,0,0,0,0
1769429865.741382,185691,0,0,0,0
1769429865.791164,185741,0,0,0,0
1769429865.840845,185791,0,0,0,0
1769429865.8922508,185841,0,0,0,0
1769429865.942018,185891,0,0,0,0
1769429865.9919791,185942,0,0,0,0
1769429866.042654,185992,0,0,0,0
1769429866.0927901,186042,0,0,0,0
1769429866.143908,186092,0,0,0,0
1769429866.1935549,186142,0,0,0,0
1769429866.24475,186192,0,0,0,0
1769429866.293293,186242,0,0,0,0
1769429866.343157,186292,0,0,0,0
1769429866.3941529,186342,0,0,0,0
1769429866.4444969,186392,0,0,0,0
1769429866.494428,186442,0,0,0,0
1769429866.544266,186492,0,0,0,0
1769429866.5939012,186542,0,0,0,0
1769429866.644866,186592,0,0,0,0
1769429866.6945689,186642,0,0,0,0
1769429866.7456791,186692,0,0,0,0
1769429866.795661,186742,0,0,0,0
1769429866.845453,186792,0,0,0,0
1769429866.895211,186842,0,0,0,0
1769429866.945101,186892,0,0,0,0
1769429866.995232,186942,0,0,0,0
1769429867.046119,186992,0,0,0,0
1769429867.09635,187042,0,0,0,0
1769429867.1466749,187092,0,0,0,0
1769429867.1958342,187142,0,0,0,0
1769429867.245777,187192,0,0,0,0
1769429867.296724,187242,0,0,0,0
1769429867.346679,187292,0,0,0,0
1769429867.3965702,187342,0,0,0,0
1769429867.4465878,187392,0,0,0,0
1769429867.496581,187442,0,0,0,0
1769429867.5468109,187492,0,0,0,0
1769429867.596864,187542,0,0,0,0
1769429867.648132,187592,0,0,0,0
1769429867.6976168,187642,0,0,0,0
1769429867.747283,187692,0,0,0,0
1769429867.7971368,187742,0,0,0,0
1769429867.8480582,187792,0,0,0,0
1769429867.898059,187842,0,0,0,0
1769429867.9491048,187892,0,0,0,0
1769429867.99871,187942,0,0,0,0
1769429868.048751,187992,0,0,0,0
1769429868.09838,188042,0,0,0,0
1769429868.1483278,188092,0,0,0,0
1769429868.1995761,188142,0,0,0,0
1769429868.249276,188192,0,0,0,0
1769429868.300211,188242,0,0,0,0
1769429868.348951,188292,0,0,0,0
1769429868.399002,188342,0,0,0,0
1769429868.450103,188392,0,0,0,0
1769429868.500169,188442,0,0,0,0
1769429868.549792,188492,0,0,0,0
1769429868.60145,188542,0,0,0,0
1769429868.650173,188592,0,0,0,0
1769429868.7002969,188642,0,0,0,0
1769429868.750273,188692,0,0,0,0
1769429868.800277,188742,0,0,0,0
1769429868.8513532,188792,0,0,0,0
1769429868.90115,188843,0,0,0,0
