Time_Sec;Pos_H;Pos_V;Pos_R;Temp_A;Temp_B;Set_A;Set_B;Stable_A;Stable_B
0.002;0.0;0.0;0.0;23.017094017094017;23.076923076923077;25.0;25.0;0;0
0.103;0.0;0.0;0.0;23.017094017094017;23.076923076923077;25.0;25.0;0;0
0.208;0.0;0.0;0.0;23.017094017094017;23.076923076923077;25.0;25.0;0;0
0.309;0.0;0.0;0.0;23.017094017094017;23.076923076923077;25.0;25.0;0;0
0.418;0.0;0.0;0.0;23.017094017094017;23.076923076923077;25.0;25.0;0;0
0.519;0.0;0.0;0.0;23.017094017094017;23.076923076923077;25.0;25.0;0;0
0.623;0.0;0.0;0.0;23.017094017094017;23.076923076923077;25.0;25.0;0;0
0.744;0.0;0.0;0.0;23.017094017094017;23.076923076923077;25.0;25.0;0;0
0.844;0.0;0.0;0.0;23.017094017094017;23.076923076923077;25.0;25.0;0;0
0.956;0.0;0.0;0.0;23.017094017094017;23.076923076923077;25.0;25.0;0;0
1.059;0.0;0.0;0.0;23.017094017094017;23.076923076923077;25.0;25.0;0;0
1.175;0.0;0.0;0.0;23.017094017094017;23.076923076923077;25.0;25.0;0;0
1.283;0.0;0.0;0.0;23.017094017094017;23.076923076923077;25.0;25.0;0;0
1.383;0.0;0.0;0.0;23.017094017094017;23.076923076923077;25.0;25.0;0;0
1.489;0.0;0.0;0.0;23.017094017094017;23.076923076923077;25.0;25.0;0;0
1.605;0.0;0.0;0.0;23.017094017094017;23.076923076923077;25.0;25.0;0;0
1.713;0.0;0.0;0.0;23.017094017094017;23.076923076923077;25.0;25.0;0;0
1.826;0.0;0.0;0.0;23.017094017094017;23.076923076923077;25.0;25.0;0;0
1.935;0.0;0.0;0.0;23.017094017094017;23.076923076923077;25.0;25.0;0;0
2.047;0.0;0.0;0.0;23.017094017094017;23.076923076923077;25.0;25.0;0;0
2.149;0.0;0.0;0.0;23.017094017094017;23.076923076923077;25.0;25.0;0;0
2.253;0.0;0.0;0.0;23.076923076923077;23.076923076923077;25.0;25.0;0;0
2.367;0.0;0.0;0.0;23.076923076923077;23.076923076923077;25.0;25.0;0;0
2.481;0.0;0.0;0.0;23.076923076923077;23.076923076923077;25.0;25.0;0;0
2.585;0.0;0.0;0.0;23.076923076923077;23.076923076923077;25.0;25.0;0;0
2.698;0.0;0.0;0.0;23.076923076923077;23.076923076923077;25.0;25.0;0;0
2.799;0.0;0.0;0.0;23.076923076923077;23.076923076923077;25.0;25.0;0;0
2.906;0.0;0.0;0.0;23.076923076923077;23.076923076923077;25.0;25.0;0;0
3.01;0.0;0.0;0.0;23.076923076923077;23.076923076923077;25.0;25.0;0;0
3.116;0.0;0.0;0.0;23.076923076923077;23.076923076923077;25.0;25.0;0;0
3.228;0.0;0.0;0.0;23.017094017094017;23.076923076923077;25.0;25.0;0;0
3.334;0.0;0.0;0.0;23.017094017094017;23.076923076923077;25.0;25.0;0;0
3.435;0.0;0.0;0.0;23.017094017094017;23.076923076923077;25.0;25.0;0;0
3.549;0.0;0.0;0.0;23.017094017094017;23.076923076923077;25.0;25.0;0;0
3.651;0.0;0.0;0.0;23.017094017094017;23.076923076923077;25.0;25.0;0;0
3.751;0.0;0.0;0.0;23.017094017094017;23.076923076923077;25.0;25.0;0;0
3.851;0.0;0.0;0.0;23.017094017094017;23.076923076923077;25.0;25.0;0;0
3.952;0.0;0.0;0.0;23.017094017094017;23.076923076923077;25.0;25.0;0;0
4.052;0.0;0.0;0.0;23.017094017094017;23.076923076923077;25.0;25.0;0;0
4.155;0.0;0.0;0.0;23.017094017094017;23.076923076923077;25.0;25.0;0;0
4.256;0.0;0.0;0.0;23.017094017094017;23.076923076923077;25.0;25.0;0;0
4.359;0.0;0.0;0.0;23.017094017094017;23.076923076923077;25.0;25.0;0;0
4.46;0.0;0.0;0.0;23.017094017094017;23.076923076923077;25.0;25.0;0;0
4.562;0.0;0.0;0.0;23.017094017094017;23.076923076923077;25.0;25.0;0;0
4.668;0.0;0.0;0.0;23.017094017094017;23.076923076923077;25.0;25.0;0;0
4.781;0.0;0.0;0.0;23.017094017094017;23.076923076923077;25.0;25.0;0;0
4.891;0.0;0.0;0.0;23.017094017094017;23.076923076923077;25.0;25.0;0;0
5.005;0.0;0.0;0.0;23.017094017094017;23.076923076923077;25.0;25.0;0;0
5.116;0.0;0.0;0.0;23.017094017094017;23.076923076923077;25.0;25.0;0;0
5.225;0.0;0.0;0.0;23.017094017094017;23.076923076923077;25.0;25.0;0;0
5.342;0.0;0.0;0.0;23.017094017094017;23.076923076923077;25.0;25.0;0;0
5.45;0.0;0.0;0.0;23.017094017094017;23.076923076923077;25.0;25.0;0;0
5.562;0.0;0.0;0.0;23.017094017094017;23.076923076923077;25.0;25.0;0;0
5.667;0.0;0.0;0.0;23.017094017094017;23.076923076923077;25.0;25.0;0;0
5.768;0.0;0.0;0.0;23.017094017094017;23.076923076923077;25.0;25.0;0;0
5.873;0.0;0.0;0.0;23.017094017094017;23.076923076923077;25.0;25.0;0;0
5.974;0.0;0.0;0.0;23.017094017094017;23.076923076923077;25.0;25.0;0;0
6.086;0.0;0.0;0.0;23.017094017094017;23.076923076923077;25.0;25.0;0;0
6.186;0.0;0.0;0.0;23.017094017094017;23.076923076923077;25.0;25.0;0;0
6.287;0.0;0.0;0.0;23.017094017094017;23.076923076923077;25.0;25.0;0;0
6.387;0.0;0.0;0.0;23.017094017094017;23.076923076923077;25.0;25.0;0;0
6.496;0.0;0.0;0.0;23.017094017094017;23.076923076923077;25.0;25.0;0;0
6.598;0.0;0.0;0.0;23.017094017094017;23.076923076923077;25.0;25.0;0;0
6.699;0.0;0.0;0.0;23.017094017094017;23.076923076923077;25.0;25.0;0;0
6.802;0.0;0.0;0.0;23.017094017094017;23.076923076923077;25.0;25.0;0;0
6.904;0.0;0.0;0.0;23.017094017094017;23.076923076923077;25.0;25.0;0;0
7.008;0.0;0.0;0.0;23.017094017094017;23.076923076923077;25.0;25.0;0;0
7.109;0.0;0.0;0.0;23.017094017094017;23.076923076923077;25.0;25.0;0;0
7.217;0.0;0.0;0.0;23.017094017094017;23.076923076923077;25.0;25.0;0;0
7.327;0.0;0.0;0.0;23.017094017094017;23.076923076923077;25.0;25.0;0;0
7.437;0.0;0.0;0.0;23.017094017094017;23.076923076923077;25.0;25.0;0;0
7.543;0.0;0.0;0.0;23.017094017094017;23.076923076923077;25.0;25.0;0;0
7.655;0.0;0.0;0.0;23.017094017094017;23.076923076923077;25.0;25.0;0;0
7.773;0.0;0.0;0.0;23.017094017094017;23.076923076923077;25.0;25.0;0;0
7.879;0.0;0.0;0.0;23.017094017094017;23.076923076923077;25.0;25.0;0;0
7.993;0.0;0.0;0.0;23.017094017094017;23.076923076923077;25.0;25.0;0;0
8.106;0.0;0.0;0.0;23.017094017094017;23.076923076923077;25.0;25.0;0;0
8.22;0.0;0.0;0.0;23.017094017094017;23.076923076923077;25.0;25.0;0;0
8.322;0.0;0.0;0.0;23.017094017094017;23.076923076923077;25.0;25.0;0;0
8.427;0.0;0.0;0.0;23.017094017094017;23.076923076923077;25.0;25.0;0;0
8.537;0.0;0.0;0.0;23.017094017094017;23.076923076923077;25.0;25.0;0;0
8.648;0.0;0.0;0.0;23.017094017094017;23.076923076923077;25.0;25.0;0;0
8.759;0.0;0.0;0.0;23.017094017094017;23.076923076923077;25.0;25.0;0;0
8.874;0.0;0.0;0.0;23.017094017094017;23.076923076923077;25.0;25.0;0;0
8.983;0.0;0.0;0.0;23.017094017094017;23.076923076923077;25.0;25.0;0;0
9.084;0.0;0.0;0.0;23.017094017094017;23.076923076923077;25.0;25.0;0;0
9.187;0.0;0.0;0.0;23.017094017094017;23.076923076923077;25.0;25.0;0;0
9.302;0.0;0.0;0.0;23.017094017094017;23.076923076923077;25.0;25.0;0;0
9.403;0.0;0.0;0.0;23.017094017094017;23.076923076923077;25.0;25.0;0;0
9.504;0.0;0.0;0.0;23.017094017094017;23.076923076923077;25.0;25.0;0;0
9.611;0.0;0.0;0.0;23.017094017094017;23.076923076923077;25.0;25.0;0;0
9.711;0.0;0.0;0.0;23.017094017094017;23.076923076923077;25.0;25.0;0;0
9.812;0.0;0.0;0.0;23.017094017094017;23.076923076923077;25.0;25.0;0;0
9.912;0.0;0.0;0.0;23.017094017094017;23.076923076923077;25.0;25.0;0;0
10.013;0.0;0.0;0.0;23.017094017094017;23.076923076923077;25.0;25.0;0;0
10.122;0.0;0.0;0.0;23.017094017094017;23.076923076923077;25.0;25.0;0;0
10.223;0.0;0.0;0.0;23.017094017094017;23.076923076923077;25.0;25.0;0;0
10.324;0.0;0.0;0.0;23.076923076923077;23.076923076923077;25.0;25.0;0;0
10.431;0.0;0.0;0.0;23.076923076923077;23.076923076923077;25.0;25.0;0;0
10.548;0.0;0.0;0.0;23.076923076923077;23.076923076923077;25.0;25.0;0;0
10.656;0.0;0.0;0.0;23.076923076923077;23.076923076923077;25.0;25.0;0;0
10.758;0.0;0.0;0.0;23.076923076923077;23.076923076923077;25.0;25.0;0;0
10.862;0.0;0.0;0.0;23.076923076923077;23.076923076923077;25.0;25.0;0;0
10.967;0.0;0.0;0.0;23.076923076923077;23.076923076923077;25.0;25.0;0;0
11.07;0.0;0.0;0.0;23.076923076923077;23.076923076923077;25.0;25.0;0;0
11.177;0.0;0.0;0.0;23.076923076923077;23.076923076923077;25.0;25.0;0;0
11.279;0.0;0.0;0.0;23.017094017094017;23.076923076923077;25.0;25.0;0;0
11.379;0.0;0.0;0.0;23.017094017094017;23.076923076923077;25.0;25.0;0;0
11.484;0.0;0.0;0.0;23.017094017094017;23.076923076923077;25.0;25.0;0;0
11.584;0.0;0.0;0.0;23.017094017094017;23.076923076923077;25.0;25.0;0;0
11.697;0.0;0.0;0.0;23.017094017094017;23.076923076923077;25.0;25.0;0;0
11.806;0.0;0.0;0.0;23.017094017094017;23.076923076923077;25.0;25.0;0;0
11.912;0.0;0.0;0.0;23.017094017094017;23.076923076923077;25.0;25.0;0;0
12.013;0.0;0.0;0.0;23.017094017094017;23.076923076923077;25.0;25.0;0;0
12.119;0.0;0.0;0.0;23.017094017094017;23.076923076923077;25.0;25.0;0;0
12.238;0.0;0.0;0.0;23.017094017094017;23.076923076923077;25.0;25.0;0;0
12.355;0.0;0.0;0.0;23.017094017094017;23.076923076923077;25.0;25.0;0;0
12.462;0.0;0.0;0.0;23.017094017094017;23.076923076923077;25.0;25.0;0;0
12.568;0.0;0.0;0.0;23.017094017094017;23.076923076923077;25.0;25.0;0;0
12.669;0.0;0.0;0.0;23.017094017094017;23.076923076923077;25.0;25.0;0;0
12.792;0.0;0.0;0.0;23.017094017094017;23.076923076923077;25.0;25.0;0;0
12.893;0.0;0.0;0.0;23.017094017094017;23.076923076923077;25.0;25.0;0;0
12.994;0.0;0.0;0.0;23.017094017094017;23.076923076923077;25.0;25.0;0;0
13.106;0.0;0.0;0.0;23.017094017094017;23.076923076923077;25.0;25.0;0;0
13.211;0.0;0.0;0.0;23.017094017094017;23.076923076923077;25.0;25.0;0;0
13.322;0.0;0.0;0.0;23.017094017094017;23.076923076923077;25.0;25.0;0;0
13.429;0.0;0.0;0.0;23.017094017094017;23.076923076923077;25.0;25.0;0;0
13.54;0.0;0.0;0.0;23.017094017094017;23.076923076923077;25.0;25.0;0;0
13.649;0.0;0.0;0.0;23.017094017094017;23.076923076923077;25.0;25.0;0;0
13.762;0.0;0.0;0.0;23.017094017094017;23.076923076923077;25.0;25.0;0;0
13.864;0.0;0.0;0.0;23.017094017094017;23.076923076923077;25.0;25.0;0;0
13.979;0.0;0.0;0.0;23.017094017094017;23.076923076923077;25.0;25.0;0;0
14.101;0.0;0.0;0.0;23.017094017094017;23.076923076923077;25.0;25.0;0;0
14.209;0.0;0.0;0.0;23.017094017094017;23.076923076923077;25.0;25.0;0;0
14.312;0.0;0.0;0.0;23.017094017094017;23.076923076923077;25.0;25.0;0;0
14.416;0.0;0.0;0.0;23.017094017094017;23.076923076923077;25.0;25.0;0;0
14.518;0.0;0.0;0.0;23.017094017094017;23.076923076923077;25.0;25.0;0;0
14.623;0.0;0.0;0.0;23.017094017094017;23.076923076923077;25.0;25.0;0;0
14.724;0.0;0.0;0.0;23.017094017094017;23.076923076923077;25.0;25.0;0;0
14.831;0.0;0.0;0.0;23.017094017094017;23.076923076923077;25.0;25.0;0;0
14.935;0.0;0.0;0.0;23.017094017094017;23.076923076923077;25.0;25.0;0;0
15.052;0.0;0.0;0.0;23.017094017094017;23.076923076923077;25.0;25.0;0;0
15.153;0.0;0.0;0.0;23.017094017094017;23.076923076923077;25.0;25.0;0;0
15.256;0.0;0.0;0.0;23.017094017094017;23.076923076923077;25.0;25.0;0;0
15.357;0.0;0.0;0.0;23.017094017094017;23.076923076923077;25.0;25.0;0;0
15.462;0.0;0.0;0.0;23.017094017094017;23.076923076923077;25.0;25.0;0;0
15.571;0.0;0.0;0.0;23.017094017094017;23.076923076923077;25.0;25.0;0;0
15.677;0.0;0.0;0.0;23.017094017094017;23.076923076923077;25.0;25.0;0;0
15.783;0.0;0.0;0.0;23.017094017094017;23.076923076923077;25.0;25.0;0;0
15.894;0.0;0.0;0.0;23.017094017094017;23.076923076923077;25.0;25.0;0;0
15.996;0.0;0.0;0.0;23.017094017094017;23.076923076923077;25.0;25.0;0;0
16.097;0.0;0.0;0.0;23.017094017094017;23.076923076923077;25.0;25.0;0;0
16.199;0.0;0.0;0.0;23.017094017094017;23.076923076923077;25.0;25.0;0;0
16.299;0.0;0.0;0.0;23.017094017094017;23.076923076923077;25.0;25.0;0;0
16.4;0.0;0.0;0.0;23.017094017094017;23.076923076923077;25.0;25.0;0;0
16.502;0.0;0.0;0.0;23.017094017094017;23.076923076923077;25.0;25.0;0;0
16.604;0.0;0.0;0.0;23.017094017094017;23.076923076923077;25.0;25.0;0;0
16.711;0.0;0.0;0.0;23.017094017094017;23.076923076923077;25.0;25.0;0;0
16.814;0.0;0.0;0.0;23.017094017094017;23.076923076923077;25.0;25.0;0;0
16.925;0.0;0.0;0.0;23.017094017094017;23.076923076923077;25.0;25.0;0;0
17.034;0.0;0.0;0.0;23.017094017094017;23.076923076923077;25.0;25.0;0;0
17.135;0.0;0.0;0.0;23.017094017094017;23.076923076923077;25.0;25.0;0;0
17.236;0.0;0.0;0.0;23.017094017094017;23.076923076923077;25.0;25.0;0;0
17.337;0.0;0.0;0.0;23.017094017094017;23.076923076923077;25.0;25.0;0;0
17.453;0.0;0.0;0.0;23.017094017094017;23.076923076923077;25.0;25.0;0;0
17.554;0.0;0.0;0.0;23.017094017094017;23.076923076923077;25.0;25.0;0;0
17.658;0.0;0.0;0.0;23.017094017094017;23.076923076923077;25.0;25.0;0;0
17.766;0.0;0.0;0.0;23.017094017094017;23.076923076923077;25.0;25.0;0;0
17.879;0.0;0.0;0.0;23.017094017094017;23.076923076923077;25.0;25.0;0;0
17.986;0.0;0.0;0.0;23.017094017094017;23.076923076923077;25.0;25.0;0;0
18.087;0.0;0.0;0.0;23.017094017094017;23.076923076923077;25.0;25.0;0;0
18.191;0.0;0.0;0.0;23.017094017094017;23.076923076923077;25.0;25.0;0;0
18.291;0.0;0.0;0.0;23.017094017094017;23.076923076923077;25.0;25.0;0;0
18.391;0.0;0.0;0.0;23.017094017094017;23.076923076923077;25.0;25.0;0;0
18.492;0.0;0.0;0.0;23.017094017094017;23.076923076923077;25.0;25.0;0;0
18.592;0.0;0.0;0.0;23.017094017094017;23.076923076923077;25.0;25.0;0;0
18.704;0.0;0.0;0.0;23.017094017094017;23.076923076923077;25.0;25.0;0;0
18.805;0.0;0.0;0.0;23.017094017094017;23.076923076923077;25.0;25.0;0;0
18.912;0.0;0.0;0.0;23.017094017094017;23.076923076923077;25.0;25.0;0;0
19.018;0.0;0.0;0.0;23.017094017094017;23.076923076923077;25.0;25.0;0;0
19.122;0.0;0.0;0.0;23.017094017094017;23.076923076923077;25.0;25.0;0;0
19.223;0.0;0.0;0.0;23.017094017094017;23.076923076923077;25.0;25.0;0;0
19.33;0.0;0.0;0.0;23.017094017094017;23.076923076923077;25.0;25.0;0;0
19.435;0.0;0.0;0.0;23.017094017094017;23.076923076923077;25.0;25.0;0;0
19.536;0.0;0.0;0.0;23.017094017094017;23.076923076923077;25.0;25.0;0;0
19.637;0.0;0.0;0.0;23.017094017094017;23.076923076923077;25.0;25.0;0;0
19.737;0.0;0.0;0.0;23.017094017094017;23.076923076923077;25.0;25.0;0;0
19.852;0.0;0.0;0.0;23.017094017094017;23.076923076923077;25.0;25.0;0;0
19.957;0.0;0.0;0.0;23.017094017094017;23.076923076923077;25.0;25.0;0;0
20.067;0.0;0.0;0.0;23.017094017094017;23.076923076923077;25.0;25.0;0;0
20.178;0.0;0.0;0.0;23.017094017094017;23.076923076923077;25.0;25.0;0;0
20.289;0.0;0.0;0.0;23.017094017094017;23.076923076923077;25.0;25.0;0;0
20.404;0.0;0.0;0.0;23.017094017094017;23.076923076923077;25.0;25.0;0;0
20.509;0.0;0.0;0.0;23.017094017094017;23.076923076923077;25.0;25.0;0;0
20.611;0.0;0.0;0.0;23.017094017094017;23.076923076923077;25.0;25.0;0;0
20.723;0.0;0.0;0.0;23.017094017094017;23.076923076923077;25.0;25.0;0;0
20.835;0.0;0.0;0.0;23.017094017094017;23.076923076923077;25.0;25.0;0;0
20.943;0.0;0.0;0.0;23.017094017094017;23.076923076923077;25.0;25.0;0;0
21.051;0.0;0.0;0.0;23.017094017094017;23.076923076923077;25.0;25.0;0;0
21.163;0.0;0.0;0.0;23.017094017094017;23.076923076923077;25.0;25.0;0;0
21.277;0.0;0.0;0.0;23.017094017094017;23.076923076923077;25.0;25.0;0;0
21.391;0.0;0.0;0.0;23.017094017094017;23.076923076923077;25.0;25.0;0;0
21.5;0.0;0.0;0.0;23.017094017094017;23.076923076923077;25.0;25.0;0;0
21.604;0.0;0.0;0.0;23.017094017094017;23.076923076923077;25.0;25.0;0;0
21.705;0.0;0.0;0.0;23.017094017094017;23.076923076923077;25.0;25.0;0;0
21.819;0.0;0.0;0.0;23.017094017094017;23.076923076923077;25.0;25.0;0;0
21.927;0.0;0.0;0.0;23.017094017094017;23.076923076923077;25.0;25.0;0;0
22.043;0.0;0.0;0.0;23.017094017094017;23.076923076923077;25.0;25.0;0;0
22.155;0.0;0.0;0.0;23.017094017094017;23.076923076923077;25.0;25.0;0;0
22.255;0.0;0.0;0.0;23.017094017094017;23.076923076923077;25.0;25.0;0;0
22.356;0.0;0.0;0.0;23.017094017094017;23.076923076923077;25.0;25.0;0;0
22.475;0.0;0.0;0.0;23.017094017094017;23.076923076923077;25.0;25.0;0;0
22.576;0.0;0.0;0.0;23.017094017094017;23.076923076923077;25.0;25.0;0;0
22.678;0.0;0.0;0.0;23.017094017094017;23.076923076923077;25.0;25.0;0;0
22.789;0.0;0.0;0.0;23.017094017094017;23.076923076923077;25.0;25.0;0;0
22.892;0.0;0.0;0.0;23.017094017094017;23.076923076923077;25.0;25.0;0;0
22.993;0.0;0.0;0.0;23.017094017094017;23.076923076923077;25.0;25.0;0;0
23.093;0.0;0.0;0.0;23.017094017094017;23.076923076923077;25.0;25.0;0;0
23.193;0.0;0.0;0.0;23.017094017094017;23.076923076923077;25.0;25.0;0;0
23.294;0.0;0.0;0.0;23.017094017094017;23.076923076923077;25.0;25.0;0;0
23.395;0.0;0.0;0.0;23.017094017094017;23.076923076923077;25.0;25.0;0;0
23.499;0.0;0.0;0.0;23.017094017094017;23.076923076923077;25.0;25.0;0;0
23.605;0.0;0.0;0.0;23.017094017094017;23.076923076923077;25.0;25.0;0;0
23.705;0.0;0.0;0.0;23.017094017094017;23.076923076923077;25.0;25.0;0;0
23.809;0.0;0.0;0.0;23.017094017094017;23.076923076923077;25.0;25.0;0;0
23.918;0.0;0.0;0.0;23.017094017094017;23.076923076923077;25.0;25.0;0;0
24.023;0.0;0.0;0.0;23.017094017094017;23.076923076923077;25.0;25.0;0;0
24.125;0.0;0.0;0.0;23.017094017094017;23.076923076923077;25.0;25.0;0;0
24.229;0.0;0.0;0.0;23.017094017094017;23.076923076923077;25.0;25.0;0;0
24.34;0.0;0.0;0.0;23.017094017094017;23.076923076923077;25.0;25.0;0;0
24.452;0.0;0.0;0.0;23.017094017094017;23.076923076923077;25.0;25.0;0;0
24.568;0.0;0.0;0.0;23.017094017094017;23.076923076923077;25.0;25.0;0;0
24.676;0.0;0.0;0.0;23.017094017094017;23.076923076923077;25.0;25.0;0;0
24.781;0.0;0.0;0.0;23.017094017094017;23.076923076923077;25.0;25.0;0;0
24.885;0.0;0.0;0.0;23.017094017094017;23.076923076923077;25.0;25.0;0;0
24.997;0.0;0.0;0.0;23.017094017094017;23.076923076923077;25.0;25.0;0;0
25.1;0.0;0.0;0.0;23.017094017094017;23.076923076923077;25.0;25.0;0;0
25.201;0.0;0.0;0.0;23.017094017094017;23.076923076923077;25.0;25.0;0;0
25.301;0.0;0.0;0.0;23.076923076923077;23.076923076923077;25.0;25.0;0;0
25.402;0.0;0.0;0.0;23.076923076923077;23.076923076923077;25.0;25.0;0;0
25.504;0.0;0.0;0.0;23.076923076923077;23.076923076923077;25.0;25.0;0;0
25.605;0.0;0.0;0.0;23.076923076923077;23.076923076923077;25.0;25.0;0;0
25.705;0.0;0.0;0.0;23.076923076923077;23.076923076923077;25.0;25.0;0;0
25.808;0.0;0.0;0.0;23.076923076923077;23.076923076923077;25.0;25.0;0;0
25.909;0.0;0.0;0.0;23.076923076923077;23.076923076923077;25.0;25.0;0;0
26.014;0.0;0.0;0.0;23.076923076923077;23.076923076923077;25.0;25.0;0;0
26.123;0.0;0.0;0.0;23.076923076923077;23.076923076923077;25.0;25.0;0;0
26.229;0.0;0.0;0.0;23.076923076923077;23.076923076923077;25.0;25.0;0;0
26.332;0.0;0.0;0.0;23.017094017094017;23.076923076923077;25.0;25.0;0;0
26.45;0.0;0.0;0.0;23.017094017094017;23.076923076923077;25.0;25.0;0;0
26.557;0.0;0.0;0.0;23.017094017094017;23.076923076923077;25.0;25.0;0;0
26.677;0.0;0.0;0.0;23.017094017094017;23.076923076923077;25.0;25.0;0;0
26.778;0.0;0.0;0.0;23.017094017094017;23.076923076923077;25.0;25.0;0;0
26.892;0.0;0.0;0.0;23.017094017094017;23.076923076923077;25.0;25.0;0;0
26.995;0.0;0.0;0.0;23.017094017094017;23.076923076923077;25.0;25.0;0;0
27.104;0.0;0.0;0.0;23.017094017094017;23.076923076923077;25.0;25.0;0;0
27.205;0.0;0.0;0.0;23.076923076923077;23.076923076923077;25.0;25.0;0;0
27.311;0.0;0.0;0.0;23.076923076923077;23.076923076923077;25.0;25.0;0;0
27.42;0.0;0.0;0.0;23.076923076923077;23.076923076923077;25.0;25.0;0;0
27.544;0.0;0.0;0.0;23.076923076923077;23.076923076923077;25.0;25.0;0;0
27.645;0.0;0.0;0.0;23.076923076923077;23.076923076923077;25.0;25.0;0;0
27.749;0.0;0.0;0.0;23.076923076923077;23.076923076923077;25.0;25.0;0;0
27.868;0.0;0.0;0.0;23.076923076923077;23.076923076923077;25.0;25.0;0;0
27.984;0.0;0.0;0.0;23.076923076923077;23.076923076923077;25.0;25.0;0;0
28.085;0.0;0.0;0.0;23.076923076923077;23.076923076923077;25.0;25.0;0;0
28.197;0.0;0.0;0.0;23.076923076923077;23.076923076923077;25.0;25.0;0;0
28.301;0.0;0.0;0.0;23.017094017094017;23.076923076923077;25.0;25.0;0;0
28.404;0.0;0.0;0.0;23.017094017094017;23.076923076923077;25.0;25.0;0;0
28.506;0.0;0.0;0.0;23.017094017094017;23.076923076923077;25.0;25.0;0;0
28.612;0.0;0.0;0.0;23.017094017094017;23.076923076923077;25.0;25.0;0;0
28.724;0.0;0.0;0.0;23.017094017094017;23.076923076923077;25.0;25.0;0;0
28.839;0.0;0.0;0.0;23.017094017094017;23.076923076923077;25.0;25.0;0;0
28.957;0.0;0.0;0.0;23.017094017094017;23.076923076923077;25.0;25.0;0;0
29.073;0.0;0.0;0.0;23.017094017094017;23.076923076923077;25.0;25.0;0;0
29.175;0.0;0.0;0.0;23.017094017094017;23.076923076923077;25.0;25.0;0;0
29.292;0.0;0.0;0.0;23.017094017094017;23.076923076923077;25.0;25.0;0;0
29.394;0.0;0.0;0.0;23.017094017094017;23.076923076923077;25.0;25.0;0;0
29.507;0.0;0.0;0.0;23.017094017094017;23.076923076923077;25.0;25.0;0;0
29.608;0.0;0.0;0.0;23.017094017094017;23.076923076923077;25.0;25.0;0;0
29.711;0.0;0.0;0.0;23.017094017094017;23.076923076923077;25.0;25.0;0;0
29.823;0.0;0.0;0.0;23.017094017094017;23.076923076923077;25.0;25.0;0;0
29.928;0.0;0.0;0.0;23.017094017094017;23.076923076923077;25.0;25.0;0;0
30.029;0.0;0.0;0.0;23.017094017094017;23.076923076923077;25.0;25.0;0;0
30.147;0.0;0.0;0.0;23.017094017094017;23.076923076923077;25.0;25.0;0;0
30.262;0.0;0.0;0.0;23.076923076923077;23.076923076923077;25.0;25.0;0;0
30.365;0.0;0.0;0.0;23.076923076923077;23.076923076923077;25.0;25.0;0;0
30.481;0.0325;0.0;0.0;23.076923076923077;23.076923076923077;25.0;25.0;0;0
30.6;0.23;0.0;0.0;23.076923076923077;23.076923076923077;25.0;25.0;0;0
30.701;0.99875;0.0;0.0;23.076923076923077;23.076923076923077;25.0;25.0;0;0
30.806;1.50875;0.0;0.0;23.076923076923077;23.076923076923077;25.0;25.0;0;0
30.918;2.015;0.0;0.0;23.076923076923077;23.076923076923077;25.0;25.0;0;0
31.021;2.525;0.0;0.0;23.076923076923077;23.076923076923077;25.0;25.0;0;0
31.134;3.28375;0.0;0.0;23.076923076923077;23.076923076923077;25.0;25.0;0;0
31.236;3.79375;0.0;0.0;23.076923076923077;23.076923076923077;25.0;25.0;0;0
31.342;4.3025;0.0;0.0;23.076923076923077;23.128205128205128;25.0;25.0;0;0
31.452;4.81;0.0;0.0;23.076923076923077;23.128205128205128;25.0;25.0;0;0
31.56;5.0;0.0;0.0;23.076923076923077;23.128205128205128;25.0;25.0;0;0
31.661;5.0;0.0;0.0;23.076923076923077;23.128205128205128;25.0;25.0;0;0
31.78;5.0;0.0;0.0;23.076923076923077;23.128205128205128;25.0;25.0;0;0
31.881;5.0;0.0;0.0;23.076923076923077;23.128205128205128;25.0;25.0;0;0
31.99;5.0;0.0;0.0;23.076923076923077;23.128205128205128;25.0;25.0;0;0
32.09;5.0;0.0;0.0;23.076923076923077;23.128205128205128;25.0;25.0;0;0
32.194;5.0;0.0;0.0;23.076923076923077;23.128205128205128;25.0;25.0;0;0
32.296;5.0;0.0;0.0;23.076923076923077;23.076923076923077;25.0;25.0;0;0
32.396;5.0;0.0;0.0;23.076923076923077;23.076923076923077;25.0;25.0;0;0
32.498;5.0;0.0;0.0;23.076923076923077;23.076923076923077;25.0;25.0;0;0
32.598;5.0;0.0;0.0;23.076923076923077;23.076923076923077;25.0;25.0;0;0
32.7;5.0;0.0;0.0;23.076923076923077;23.076923076923077;25.0;25.0;0;0
32.81;5.0;0.0;0.0;23.076923076923077;23.076923076923077;25.0;25.0;0;0
32.916;5.0;0.0;0.0;23.076923076923077;23.076923076923077;25.0;25.0;0;0
33.017;5.0;0.0;0.0;23.076923076923077;23.076923076923077;25.0;25.0;0;0
33.14;5.0;0.0;0.0;23.076923076923077;23.076923076923077;25.0;25.0;0;0
33.253;5.0;0.0;0.0;23.076923076923077;23.076923076923077;25.0;25.0;0;0
33.356;5.0;0.0;0.0;23.017094017094017;23.076923076923077;25.0;25.0;0;0
33.457;5.0;0.0;0.0;23.017094017094017;23.076923076923077;25.0;25.0;0;0
33.558;5.0;0.0;0.0;23.017094017094017;23.076923076923077;25.0;25.0;0;0
33.667;4.96875;0.0;0.0;23.017094017094017;23.076923076923077;25.0;25.0;0;0
33.779;4.51375;0.0;0.0;23.017094017094017;23.076923076923077;25.0;25.0;0;0
33.882;4.005;0.0;0.0;23.017094017094017;23.076923076923077;25.0;25.0;0;0
33.996;3.4975;0.0;0.0;23.017094017094017;23.076923076923077;25.0;25.0;0;0
34.096;2.99375;0.0;0.0;23.017094017094017;23.076923076923077;25.0;25.0;0;0
34.213;2.23;0.0;0.0;23.017094017094017;23.076923076923077;25.0;25.0;0;0
34.319;1.97625;0.0;0.0;23.076923076923077;23.076923076923077;25.0;25.0;0;0
34.429;1.215;0.0;0.0;23.076923076923077;23.076923076923077;25.0;25.0;0;0
34.539;0.70875;0.0;0.0;23.076923076923077;23.076923076923077;25.0;25.0;0;0
34.65;0.2025;0.0;0.0;23.076923076923077;23.076923076923077;25.0;25.0;0;0
34.759;0.0;0.0;0.0;23.076923076923077;23.076923076923077;25.0;25.0;0;0
34.877;0.0;0.0;0.0;23.076923076923077;23.076923076923077;25.0;25.0;0;0
34.982;0.0;0.0;0.0;23.076923076923077;23.076923076923077;25.0;25.0;0;0
35.096;0.0;0.0;0.0;23.076923076923077;23.076923076923077;25.0;25.0;0;0
35.21;0.0;0.0;0.0;23.076923076923077;23.076923076923077;25.0;25.0;0;0
35.315;0.0;0.0;0.0;23.017094017094017;23.076923076923077;25.0;25.0;0;0
35.429;0.0;0.0;0.0;23.017094017094017;23.076923076923077;25.0;25.0;0;0
35.544;0.0;0.0;0.0;23.017094017094017;23.076923076923077;25.0;25.0;0;0
35.65;0.0;0.0;0.0;23.017094017094017;23.076923076923077;25.0;25.0;0;0
35.751;0.0;0.0;0.0;23.017094017094017;23.076923076923077;25.0;25.0;0;0
35.856;0.0;0.0;0.0;23.017094017094017;23.076923076923077;25.0;25.0;0;0
35.968;0.0;0.0;0.0;23.017094017094017;23.076923076923077;25.0;25.0;0;0
36.082;0.0;0.0;0.0;23.017094017094017;23.076923076923077;25.0;25.0;0;0
36.194;0.0;0.0;0.0;23.017094017094017;23.076923076923077;25.0;25.0;0;0
36.31;0.0;0.0;0.0;23.017094017094017;23.076923076923077;25.0;25.0;0;0
36.421;0.0;0.0;0.0;23.017094017094017;23.076923076923077;25.0;25.0;0;0
36.527;0.0;0.0;0.0;23.017094017094017;23.076923076923077;25.0;25.0;0;0
36.645;0.0;0.0;0.0;23.017094017094017;23.076923076923077;25.0;25.0;0;0
36.75;0.0;0.0;0.0;23.017094017094017;23.076923076923077;25.0;25.0;0;0
36.864;0.0;0.0;0.0;23.017094017094017;23.076923076923077;25.0;25.0;0;0
36.975;0.0;0.0;0.0;23.017094017094017;23.076923076923077;25.0;25.0;0;0
37.077;0.0;0.0;0.12379301807378065;23.017094017094017;23.076923076923077;25.0;25.0;0;0
37.198;0.0;0.0;0.6808615994057936;23.017094017094017;23.076923076923077;25.0;25.0;0;0
37.298;0.0;0.0;1.6093092349591485;23.017094017094017;23.076923076923077;25.0;25.0;0;0
37.41;0.0;0.0;2.9710324337707354;23.017094017094017;23.076923076923077;25.0;25.0;0;0
37.515;0.0;0.0;4.394652141619213;23.017094017094017;23.076923076923077;25.0;25.0;0;0
37.616;0.0;0.0;4.889824213914336;23.017094017094017;23.076923076923077;25.0;25.0;0;0
37.716;0.0;0.0;4.951720722951226;23.017094017094017;23.076923076923077;25.0;25.0;0;0
37.817;0.0;0.0;4.951720722951226;23.017094017094017;23.076923076923077;25.0;25.0;0;0
37.918;0.0;0.0;4.951720722951226;23.017094017094017;23.076923076923077;25.0;25.0;0;0
38.018;0.0;0.0;4.951720722951226;23.017094017094017;23.076923076923077;25.0;25.0;0;0
38.119;0.0;0.0;4.951720722951226;23.017094017094017;23.076923076923077;25.0;25.0;0;0
38.223;0.0;0.0;4.951720722951226;23.017094017094017;23.076923076923077;25.0;25.0;0;0
38.325;0.0;0.0;4.951720722951226;23.017094017094017;23.076923076923077;25.0;25.0;0;0
38.427;0.0;0.0;4.951720722951226;23.017094017094017;23.076923076923077;25.0;25.0;0;0
38.539;0.0;0.0;4.951720722951226;23.017094017094017;23.076923076923077;25.0;25.0;0;0
38.651;0.0;0.0;4.951720722951226;23.017094017094017;23.076923076923077;25.0;25.0;0;0
38.759;0.0;0.0;4.951720722951226;23.017094017094017;23.076923076923077;25.0;25.0;0;0
38.875;0.0;0.0;4.951720722951226;23.017094017094017;23.076923076923077;25.0;25.0;0;0
38.981;0.0;0.0;4.951720722951226;23.017094017094017;23.076923076923077;25.0;25.0;0;0
39.096;0.0;0.0;4.951720722951226;23.017094017094017;23.076923076923077;25.0;25.0;0;0
39.211;0.0;0.0;4.951720722951226;23.017094017094017;23.076923076923077;25.0;25.0;0;0
39.316;0.0;0.0;4.951720722951226;23.017094017094017;23.076923076923077;25.0;25.0;0;0
39.429;0.0;0.0;4.951720722951226;23.017094017094017;23.128205128205128;25.0;25.0;0;0
39.537;0.0;0.0;4.951720722951226;23.017094017094017;23.128205128205128;25.0;25.0;0;0
39.651;0.0;0.0;4.951720722951226;23.017094017094017;23.128205128205128;25.0;25.0;0;0
39.766;0.0;0.0;4.951720722951226;23.017094017094017;23.128205128205128;25.0;25.0;0;0
39.874;0.0;0.0;4.889824213914336;23.017094017094017;23.128205128205128;25.0;25.0;0;0
39.987;0.0;0.0;3.961376578360981;23.017094017094017;23.128205128205128;25.0;25.0;0;0
40.1;0.0;0.0;2.8472394156969547;23.017094017094017;23.128205128205128;25.0;25.0;0;0
40.202;0.0;0.0;1.3617231988115872;23.017094017094017;23.128205128205128;25.0;25.0;0;0
40.307;0.0;0.0;-0.12379301807378065;23.017094017094017;23.128205128205128;25.0;25.0;0;0
40.417;0.0;0.0;-1.6093092349591485;23.017094017094017;23.076923076923077;25.0;25.0;0;0
40.527;0.0;0.0;-3.032928942807626;23.017094017094017;23.076923076923077;25.0;25.0;0;0
40.63;0.0;0.0;-4.394652141619213;23.017094017094017;23.076923076923077;25.0;25.0;0;0
40.73;0.0;0.0;-4.827927704877445;23.017094017094017;23.076923076923077;25.0;25.0;0;0
40.831;0.0;0.0;-4.951720722951226;23.017094017094017;23.076923076923077;25.0;25.0;0;0
40.935;0.0;0.0;-4.951720722951226;23.017094017094017;23.076923076923077;25.0;25.0;0;0
41.054;0.0;0.0;-4.951720722951226;23.017094017094017;23.076923076923077;25.0;25.0;0;0
41.158;0.0;0.0;-4.951720722951226;23.017094017094017;23.076923076923077;25.0;25.0;0;0
41.266;0.0;0.0;-4.951720722951226;23.076923076923077;23.076923076923077;25.0;25.0;0;0
41.38;0.0;0.0;-4.951720722951226;23.076923076923077;23.076923076923077;25.0;25.0;0;0
41.486;0.0;0.0;-4.951720722951226;23.076923076923077;23.076923076923077;25.0;25.0;0;0
41.586;0.0;0.0;-4.951720722951226;23.076923076923077;23.076923076923077;25.0;25.0;0;0
41.688;0.0;0.0;-4.951720722951226;23.076923076923077;23.076923076923077;25.0;25.0;0;0
41.789;0.0;0.0;-4.951720722951226;23.076923076923077;23.076923076923077;25.0;25.0;0;0
41.9;0.0;0.0;-4.951720722951226;23.076923076923077;23.076923076923077;25.0;25.0;0;0
42.001;0.0;0.0;-4.951720722951226;23.076923076923077;23.076923076923077;25.0;25.0;0;0
42.121;0.0;0.0;-4.951720722951226;23.076923076923077;23.076923076923077;25.0;25.0;0;0
42.223;0.0;0.0;-4.951720722951226;23.076923076923077;23.076923076923077;25.0;25.0;0;0
42.326;0.0;0.0;-4.951720722951226;23.076923076923077;23.076923076923077;25.0;25.0;0;0
42.429;0.0;0.0;-4.951720722951226;23.076923076923077;23.076923076923077;25.0;25.0;0;0
42.546;0.0;0.0;-4.951720722951226;23.076923076923077;23.076923076923077;25.0;25.0;0;0
42.66;0.0;0.0;-4.951720722951226;23.076923076923077;23.076923076923077;25.0;25.0;0;0
42.763;0.0;0.0;-4.951720722951226;23.076923076923077;23.076923076923077;25.0;25.0;0;0
42.875;0.0;0.0;-4.889824213914336;23.076923076923077;23.076923076923077;25.0;25.0;0;0
42.98;0.0;0.0;-4.456548650656103;23.076923076923077;23.076923076923077;25.0;25.0;0;0
43.081;0.0;0.0;-3.5281010151027483;23.076923076923077;23.076923076923077;25.0;25.0;0;0
43.184;0.0;0.0;-2.9710324337707354;23.076923076923077;23.076923076923077;25.0;25.0;0;0
43.286;0.0;0.0;-1.1141371626640257;23.076923076923077;23.076923076923077;25.0;25.0;0;0
43.389;0.0;0.0;-0.6808615994057936;23.076923076923077;23.076923076923077;25.0;25.0;0;0
43.491;0.0;0.0;0.0;23.076923076923077;23.076923076923077;25.0;25.0;0;0
43.61;0.0;0.0;0.0;23.076923076923077;23.076923076923077;25.0;25.0;0;0
43.711;0.0;0.0;0.0;23.076923076923077;23.076923076923077;25.0;25.0;0;0
43.813;0.0;0.0;0.0;23.076923076923077;23.076923076923077;25.0;25.0;0;0
43.93;0.0;0.0;0.0;23.076923076923077;23.076923076923077;25.0;25.0;0;0
44.032;0.0;0.0;0.0;23.076923076923077;23.076923076923077;25.0;25.0;0;0
44.142;0.0;0.0;0.0;23.076923076923077;23.076923076923077;25.0;25.0;0;0
44.251;0.0;0.0;0.0;23.076923076923077;23.076923076923077;25.0;25.0;0;0
44.366;0.0;0.0;0.0;23.017094017094017;23.076923076923077;25.0;25.0;0;0
44.471;0.0;0.0;0.0;23.017094017094017;23.076923076923077;25.0;25.0;0;0
44.588;0.0;0.0;0.0;23.017094017094017;23.076923076923077;25.0;25.0;0;0
44.689;0.0;0.0;0.0;23.017094017094017;23.076923076923077;25.0;25.0;0;0
44.803;0.0;0.0;0.0;23.017094017094017;23.076923076923077;25.0;25.0;0;0
44.909;0.0;0.0;0.0;23.017094017094017;23.076923076923077;25.0;25.0;0;0
45.027;0.0;0.0;0.0;23.017094017094017;23.076923076923077;25.0;25.0;0;0
45.13;0.0;0.0;0.0;23.017094017094017;23.076923076923077;25.0;25.0;0;0
45.243;0.0;0.0;0.0;23.017094017094017;23.076923076923077;25.0;25.0;0;0
45.35;0.0;0.0;0.0;23.017094017094017;23.076923076923077;25.0;25.0;0;0
45.451;0.0;0.0;0.0;23.017094017094017;23.076923076923077;25.0;25.0;0;0
45.557;0.0;0.0;0.0;23.017094017094017;23.076923076923077;25.0;25.0;0;0
45.664;0.0;0.0;0.0;23.017094017094017;23.076923076923077;25.0;25.0;0;0
45.771;0.0;0.0;0.0;23.017094017094017;23.076923076923077;25.0;25.0;0;0
45.878;0.0;0.0;0.0;23.017094017094017;23.076923076923077;25.0;25.0;0;0
45.987;0.0;0.0;0.0;23.017094017094017;23.076923076923077;25.0;25.0;0;0
46.095;0.0;0.0;0.0;23.017094017094017;23.076923076923077;25.0;25.0;0;0
46.205;0.0;0.0;0.0;23.017094017094017;23.076923076923077;25.0;25.0;0;0
46.315;0.0;0.0;0.0;23.017094017094017;23.076923076923077;25.0;25.0;0;0
46.423;0.0;0.0;0.0;23.017094017094017;23.076923076923077;25.0;25.0;0;0
46.523;0.0;0.0;0.0;23.017094017094017;23.076923076923077;25.0;25.0;0;0
46.624;0.0;0.0;0.0;23.017094017094017;23.076923076923077;25.0;25.0;0;0
46.724;0.0;0.0;0.0;23.017094017094017;23.076923076923077;25.0;25.0;0;0
46.824;0.0;0.0;0.0;23.017094017094017;23.076923076923077;25.0;25.0;0;0
46.931;0.0;0.0;0.0;23.017094017094017;23.076923076923077;25.0;25.0;0;0
47.039;0.0;0.0;0.0;23.017094017094017;23.076923076923077;25.0;25.0;0;0
47.14;0.0;0.0;0.0;23.017094017094017;23.076923076923077;25.0;25.0;0;0
47.241;0.0;0.0;0.0;23.017094017094017;23.076923076923077;25.0;25.0;0;0
47.346;0.0;0.0;0.0;23.017094017094017;23.128205128205128;25.0;25.0;0;0
47.449;0.0;0.0;0.0;23.017094017094017;23.128205128205128;25.0;25.0;0;0
47.559;0.0;0.0;0.0;23.017094017094017;23.128205128205128;25.0;25.0;0;0
47.676;0.0;0.0;0.0;23.017094017094017;23.128205128205128;25.0;25.0;0;0
47.779;0.0;0.0;0.0;23.017094017094017;23.128205128205128;25.0;25.0;0;0
47.887;0.0;0.0;0.12379301807378065;23.017094017094017;23.128205128205128;25.0;25.0;0;0
47.988;0.0;0.0;1.1141371626640257;23.017094017094017;23.128205128205128;25.0;25.0;0;0
48.096;0.0;0.0;1.6093092349591485;23.017094017094017;23.128205128205128;25.0;25.0;0;0
48.205;0.0;0.0;2.5996533795493937;23.017094017094017;23.128205128205128;25.0;25.0;0;0
48.317;0.0;0.0;4.023273087397871;23.017094017094017;23.128205128205128;25.0;25.0;0;0
48.432;0.0;0.0;4.704134686803664;23.017094017094017;23.076923076923077;25.0;25.0;0;0
48.537;0.0;0.0;4.951720722951226;23.017094017094017;23.076923076923077;25.0;25.0;0;0
48.655;0.0;0.0;4.951720722951226;23.017094017094017;23.076923076923077;25.0;25.0;0;0
48.768;0.0;0.0;4.951720722951226;23.017094017094017;23.076923076923077;25.0;25.0;0;0
48.872;0.0;0.0;4.951720722951226;23.017094017094017;23.076923076923077;25.0;25.0;0;0
48.984;0.0;0.0;4.951720722951226;23.017094017094017;23.076923076923077;25.0;25.0;0;0
49.1;0.0;0.0;4.951720722951226;23.017094017094017;23.076923076923077;25.0;25.0;0;0
49.214;0.0;0.0;4.951720722951226;23.017094017094017;23.076923076923077;25.0;25.0;0;0
49.317;0.0;0.0;4.951720722951226;23.017094017094017;23.076923076923077;25.0;25.0;0;0
49.432;0.0;0.0;4.951720722951226;23.017094017094017;23.076923076923077;25.0;25.0;0;0
49.542;0.0;0.0;4.951720722951226;23.017094017094017;23.076923076923077;25.0;25.0;0;0
49.656;0.0;0.0;4.951720722951226;23.017094017094017;23.076923076923077;25.0;25.0;0;0
49.764;0.0;0.0;4.951720722951226;23.017094017094017;23.076923076923077;25.0;25.0;0;0
49.882;0.0;0.0;4.951720722951226;23.017094017094017;23.076923076923077;25.0;25.0;0;0
49.989;0.0;0.0;4.951720722951226;23.017094017094017;23.076923076923077;25.0;25.0;0;0
50.104;0.0;0.0;4.951720722951226;23.017094017094017;23.076923076923077;25.0;25.0;0;0
50.21;0.0;0.0;4.951720722951226;23.017094017094017;23.076923076923077;25.0;25.0;0;0
50.316;0.0;0.0;4.951720722951226;23.017094017094017;23.076923076923077;25.0;25.0;0;0
50.43;0.0;0.0;4.951720722951226;23.076923076923077;23.076923076923077;25.0;25.0;0;0
50.531;0.0;0.0;4.951720722951226;23.076923076923077;23.076923076923077;25.0;25.0;0;0
50.637;0.0;0.0;4.951720722951226;23.076923076923077;23.076923076923077;25.0;25.0;0;0
50.739;0.0;0.0;4.889824213914336;23.076923076923077;23.076923076923077;25.0;25.0;0;0
50.867;0.0;0.0;4.394652141619213;23.076923076923077;23.076923076923077;25.0;25.0;0;0
50.975;0.0;0.0;2.9710324337707354;23.076923076923077;23.076923076923077;25.0;25.0;0;0
51.085;0.0;0.0;1.9806882891804904;23.076923076923077;23.076923076923077;25.0;25.0;0;0
51.197;0.0;0.0;0.9903441445902452;23.076923076923077;23.076923076923077;25.0;25.0;0;0
51.312;0.0;0.0;0.0;23.076923076923077;23.076923076923077;25.0;25.0;0;0
51.417;0.0;0.0;-0.9903441445902452;23.017094017094017;23.076923076923077;25.0;25.0;0;0
51.519;0.0;0.0;-2.475860361475613;23.017094017094017;23.076923076923077;25.0;25.0;0;0
51.625;0.0;0.0;-3.466204506065858;23.017094017094017;23.076923076923077;25.0;25.0;0;0
51.725;0.0;0.0;-4.332755632582323;23.017094017094017;23.076923076923077;25.0;25.0;0;0
51.868;0.0;0.0;-4.827927704877445;23.017094017094017;23.076923076923077;25.0;25.0;0;0
51.975;0.0;0.0;-4.951720722951226;23.017094017094017;23.076923076923077;25.0;25.0;0;0
52.091;0.0;0.0;-4.951720722951226;23.017094017094017;23.076923076923077;25.0;25.0;0;0
52.202;0.0;0.0;-4.951720722951226;23.017094017094017;23.076923076923077;25.0;25.0;0;0
52.311;0.0;0.0;-4.951720722951226;23.076923076923077;23.076923076923077;25.0;25.0;0;0
52.425;0.0;0.0;-4.951720722951226;23.076923076923077;23.076923076923077;25.0;25.0;0;0
52.534;0.0;0.0;-4.951720722951226;23.076923076923077;23.076923076923077;25.0;25.0;0;0
52.647;0.0;0.0;-4.951720722951226;23.076923076923077;23.076923076923077;25.0;25.0;0;0
52.758;0.0;0.0;-4.951720722951226;23.076923076923077;23.076923076923077;25.0;25.0;0;0
52.871;0.0;0.0;-4.951720722951226;23.076923076923077;23.076923076923077;25.0;25.0;0;0
52.972;0.0;0.0;-4.951720722951226;23.076923076923077;23.076923076923077;25.0;25.0;0;0
53.078;0.0;0.0;-4.951720722951226;23.076923076923077;23.076923076923077;25.0;25.0;0;0
53.183;0.0;0.0;-4.951720722951226;23.076923076923077;23.076923076923077;25.0;25.0;0;0
53.301;0.0;0.0;-4.951720722951226;23.076923076923077;23.076923076923077;25.0;25.0;0;0
53.408;0.0;0.0;-4.951720722951226;23.076923076923077;23.076923076923077;25.0;25.0;0;0
53.51;0.0;0.0;-4.951720722951226;23.076923076923077;23.076923076923077;25.0;25.0;0;0
53.62;0.0;0.0;-4.951720722951226;23.076923076923077;23.076923076923077;25.0;25.0;0;0
53.729;0.0;0.0;-4.951720722951226;23.076923076923077;23.076923076923077;25.0;25.0;0;0
53.844;0.0;0.0;-4.951720722951226;23.076923076923077;23.076923076923077;25.0;25.0;0;0
53.959;0.0;0.0;-4.951720722951226;23.076923076923077;23.076923076923077;25.0;25.0;0;0
54.066;0.0;0.0;-4.951720722951226;23.076923076923077;23.076923076923077;25.0;25.0;0;0
54.177;0.0;0.0;-4.889824213914336;23.076923076923077;23.076923076923077;25.0;25.0;0;0
54.29;0.0;0.0;-4.456548650656103;23.076923076923077;23.076923076923077;25.0;25.0;0;0
54.399;0.0;0.0;-3.094825451844516;23.017094017094017;23.076923076923077;25.0;25.0;0;0
54.5;0.0;0.0;-1.6093092349591485;23.017094017094017;23.076923076923077;25.0;25.0;0;0
54.606;0.0;0.0;-1.1141371626640257;23.017094017094017;23.076923076923077;25.0;25.0;0;0
54.714;0.0;0.0;-0.37137905422134193;23.017094017094017;23.076923076923077;25.0;25.0;0;0
54.815;0.0;0.0;-0.061896509036890326;23.017094017094017;23.076923076923077;25.0;25.0;0;0
54.919;0.0;0.0;0.0;23.017094017094017;23.076923076923077;25.0;25.0;0;0
55.02;0.0;0.0;0.0;23.017094017094017;23.076923076923077;25.0;25.0;0;0
55.126;0.0;0.0;0.0;23.017094017094017;23.076923076923077;25.0;25.0;0;0
55.227;0.0;0.0;0.0;23.017094017094017;23.076923076923077;25.0;25.0;0;0
55.328;0.0;0.0;0.0;23.017094017094017;23.076923076923077;25.0;25.0;0;0
55.428;0.0;0.0;0.0;23.017094017094017;23.076923076923077;25.0;25.0;0;0
55.529;0.0;0.0;0.0;23.017094017094017;23.076923076923077;25.0;25.0;0;0
55.63;0.0;0.0;0.0;23.017094017094017;23.076923076923077;25.0;25.0;0;0
55.73;0.0;0.0;0.0;23.017094017094017;23.076923076923077;25.0;25.0;0;0
55.832;0.0;0.0;0.0;23.017094017094017;23.076923076923077;25.0;25.0;0;0
55.937;0.0;0.0;0.0;23.017094017094017;23.076923076923077;25.0;25.0;0;0
56.043;0.0;0.0;0.0;23.017094017094017;23.076923076923077;25.0;25.0;0;0
56.146;0.0;0.0;0.0;23.017094017094017;23.076923076923077;25.0;25.0;0;0
56.249;0.0;0.0;0.0;23.017094017094017;23.076923076923077;25.0;25.0;0;0
56.366;0.0;0.0;0.0;23.076923076923077;23.128205128205128;25.0;25.0;0;0
56.481;0.0;0.0;0.0;23.076923076923077;23.128205128205128;25.0;25.0;0;0
56.582;0.0;0.0;0.0;23.076923076923077;23.128205128205128;25.0;25.0;0;0
56.686;0.0;0.0;0.0;23.076923076923077;23.128205128205128;25.0;25.0;0;0
56.789;0.0;0.0;0.0;23.076923076923077;23.128205128205128;25.0;25.0;0;0
56.895;0.0;0.0;0.0;23.076923076923077;23.128205128205128;25.0;25.0;0;0
57.0;0.0;0.0;0.0;23.076923076923077;23.128205128205128;25.0;25.0;0;0
57.105;0.0;0.0;0.0;23.076923076923077;23.128205128205128;25.0;25.0;0;0
57.209;0.0;0.0;0.0;23.076923076923077;23.128205128205128;25.0;25.0;0;0
57.324;0.0;0.0;0.0;23.076923076923077;23.128205128205128;25.0;25.0;0;0
57.427;0.0;0.0;0.0;23.017094017094017;23.128205128205128;25.0;25.0;0;0
57.528;0.0;0.0;0.0;23.017094017094017;23.128205128205128;25.0;25.0;0;0
57.63;0.0;0.0;0.0;23.017094017094017;23.128205128205128;25.0;25.0;0;0
57.731;0.0;0.0;0.0;23.017094017094017;23.128205128205128;25.0;25.0;0;0
57.839;0.0;0.0;0.0;23.017094017094017;23.128205128205128;25.0;25.0;0;0
57.941;0.0;0.0;0.0;23.017094017094017;23.128205128205128;25.0;25.0;0;0
58.043;0.0;0.0;0.0;23.017094017094017;23.128205128205128;25.0;25.0;0;0
58.157;0.0;0.0;0.0;23.017094017094017;23.128205128205128;25.0;25.0;0;0
58.261;0.0;0.0;0.0;23.017094017094017;23.128205128205128;25.0;25.0;0;0
58.363;0.0;0.0;0.0;23.076923076923077;23.076923076923077;25.0;25.0;0;0
58.465;0.0;0.0;0.0;23.076923076923077;23.076923076923077;25.0;25.0;0;0
58.567;0.0;0.0;0.0;23.076923076923077;23.076923076923077;25.0;25.0;0;0
58.669;0.0;0.0;0.0;23.076923076923077;23.076923076923077;25.0;25.0;0;0
58.77;0.0;0.0;0.0;23.076923076923077;23.076923076923077;25.0;25.0;0;0
58.886;0.0;0.0;0.0;23.076923076923077;23.076923076923077;25.0;25.0;0;0
58.987;0.0;0.0;0.0;23.076923076923077;23.076923076923077;25.0;25.0;0;0
59.107;0.0;0.0;0.0;23.076923076923077;23.076923076923077;25.0;25.0;0;0
59.213;0.0;0.0;0.12379301807378065;23.076923076923077;23.076923076923077;25.0;25.0;0;0
59.323;0.0;0.0;0.5570685813320129;23.076923076923077;23.076923076923077;25.0;25.0;0;0
59.423;0.0;0.0;1.2998266897746968;23.017094017094017;23.076923076923077;25.0;25.0;0;0
59.526;0.0;0.0;1.547412725922258;23.017094017094017;23.076923076923077;25.0;25.0;0;0
59.643;0.0;0.0;2.290170834364942;23.017094017094017;23.076923076923077;25.0;25.0;0;0
59.758;0.0;0.0;2.785342906660065;23.017094017094017;23.076923076923077;25.0;25.0;0;0
59.859;0.0;0.0;3.2805149789551873;23.017094017094017;23.076923076923077;25.0;25.0;0;0
59.962;0.0;0.0;3.77568705125031;23.017094017094017;23.076923076923077;25.0;25.0;0;0
60.062;0.0;0.0;4.270859123545432;23.017094017094017;23.076923076923077;25.0;25.0;0;0
60.163;0.0;0.0;4.766031195840555;23.017094017094017;23.076923076923077;25.0;25.0;0;0
60.266;0.0;0.0;4.951720722951226;23.017094017094017;23.076923076923077;25.0;25.0;0;0
60.367;0.0;0.0;4.951720722951226;23.076923076923077;23.076923076923077;25.0;25.0;0;0
60.475;0.0;0.0;4.951720722951226;23.076923076923077;23.076923076923077;25.0;25.0;0;0
60.575;0.0;0.0;4.951720722951226;23.076923076923077;23.076923076923077;25.0;25.0;0;0
60.676;0.0;0.0;4.951720722951226;23.076923076923077;23.076923076923077;25.0;25.0;0;0
60.777;0.0;0.0;4.951720722951226;23.076923076923077;23.076923076923077;25.0;25.0;0;0
60.884;0.0;0.0;4.951720722951226;23.076923076923077;23.076923076923077;25.0;25.0;0;0
60.989;0.0;0.0;4.951720722951226;23.076923076923077;23.076923076923077;25.0;25.0;0;0
61.097;0.0;0.0;4.951720722951226;23.076923076923077;23.076923076923077;25.0;25.0;0;0
61.205;0.0;0.0;4.951720722951226;23.076923076923077;23.076923076923077;25.0;25.0;0;0
61.316;0.0;0.0;4.951720722951226;23.076923076923077;23.076923076923077;25.0;25.0;0;0
61.418;0.0;0.0;4.951720722951226;23.076923076923077;23.076923076923077;25.0;25.0;0;0
61.525;0.0;0.0;4.951720722951226;23.076923076923077;23.076923076923077;25.0;25.0;0;0
61.629;0.0;0.0;4.951720722951226;23.076923076923077;23.076923076923077;25.0;25.0;0;0
61.73;0.0;0.0;4.951720722951226;23.076923076923077;23.076923076923077;25.0;25.0;0;0
61.832;0.0;0.0;4.951720722951226;23.076923076923077;23.076923076923077;25.0;25.0;0;0
61.933;0.0;0.0;4.951720722951226;23.076923076923077;23.076923076923077;25.0;25.0;0;0
62.047;0.0;0.0;4.951720722951226;23.076923076923077;23.076923076923077;25.0;25.0;0;0
62.161;0.0;0.0;4.951720722951226;23.076923076923077;23.076923076923077;25.0;25.0;0;0
62.265;0.0;0.0;4.951720722951226;23.076923076923077;23.076923076923077;25.0;25.0;0;0
62.376;0.0;0.0;4.951720722951226;23.076923076923077;23.076923076923077;25.0;25.0;0;0
62.484;0.0;0.0;4.827927704877445;23.017094017094017;23.076923076923077;25.0;25.0;0;0
62.593;0.0;0.0;4.332755632582323;23.017094017094017;23.076923076923077;25.0;25.0;0;0
62.704;0.0;0.0;3.5899975241396387;23.017094017094017;23.076923076923077;25.0;25.0;0;0
62.818;0.0;0.0;3.094825451844516;23.017094017094017;23.076923076923077;25.0;25.0;0;0
62.919;0.0;0.0;2.5996533795493937;23.017094017094017;23.076923076923077;25.0;25.0;0;0
63.029;0.0;0.0;2.104481307254271;23.017094017094017;23.076923076923077;25.0;25.0;0;0
63.141;0.0;0.0;1.6093092349591485;23.017094017094017;23.076923076923077;25.0;25.0;0;0
63.246;0.0;0.0;0.8665511265164645;23.017094017094017;23.076923076923077;25.0;25.0;0;0
63.359;0.0;0.0;0.37137905422134193;23.017094017094017;23.076923076923077;25.0;25.0;0;0
63.474;0.0;0.0;-0.12379301807378065;23.076923076923077;23.076923076923077;25.0;25.0;0;0
63.584;0.0;0.0;-0.6189650903689032;23.076923076923077;23.076923076923077;25.0;25.0;0;0
63.694;0.0;0.0;-1.3617231988115872;23.076923076923077;23.076923076923077;25.0;25.0;0;0
63.811;0.0;0.0;-1.6093092349591485;23.076923076923077;23.076923076923077;25.0;25.0;0;0
63.917;0.0;0.0;-2.352067343401832;23.076923076923077;23.076923076923077;25.0;25.0;0;0
64.017;0.0;0.0;-2.8472394156969547;23.076923076923077;23.076923076923077;25.0;25.0;0;0
64.145;0.0;0.0;-3.3424114879920777;23.076923076923077;23.076923076923077;25.0;25.0;0;0
64.271;0.0;0.0;-4.085169596434762;23.076923076923077;23.076923076923077;25.0;25.0;0;0
64.377;0.0;0.0;-4.580341668729884;23.017094017094017;23.128205128205128;25.0;25.0;0;0
64.478;0.0;0.0;-4.889824213914336;23.017094017094017;23.128205128205128;25.0;25.0;0;0
64.587;0.0;0.0;-4.951720722951226;23.017094017094017;23.128205128205128;25.0;25.0;0;0
64.703;0.0;0.0;-4.951720722951226;23.017094017094017;23.128205128205128;25.0;25.0;0;0
64.811;0.0;0.0;-4.951720722951226;23.017094017094017;23.128205128205128;25.0;25.0;0;0
64.919;0.0;0.0;-4.951720722951226;23.017094017094017;23.128205128205128;25.0;25.0;0;0
65.02;0.0;0.0;-4.951720722951226;23.017094017094017;23.128205128205128;25.0;25.0;0;0
65.128;0.0;0.0;-4.951720722951226;23.017094017094017;23.128205128205128;25.0;25.0;0;0
65.246;0.0;0.0;-4.951720722951226;23.017094017094017;23.128205128205128;25.0;25.0;0;0
65.353;0.0;0.0;-4.951720722951226;23.017094017094017;23.128205128205128;25.0;25.0;0;0
65.466;0.0;0.0;-4.951720722951226;23.017094017094017;23.076923076923077;25.0;25.0;0;0
65.579;0.0;0.0;-4.951720722951226;23.017094017094017;23.076923076923077;25.0;25.0;0;0
65.682;0.0;0.0;-4.951720722951226;23.017094017094017;23.076923076923077;25.0;25.0;0;0
65.803;0.0;0.0;-4.951720722951226;23.017094017094017;23.076923076923077;25.0;25.0;0;0
65.906;0.0;0.0;-4.951720722951226;23.017094017094017;23.076923076923077;25.0;25.0;0;0
66.007;0.0;0.0;-4.951720722951226;23.017094017094017;23.076923076923077;25.0;25.0;0;0
66.111;0.0;0.0;-4.951720722951226;23.017094017094017;23.076923076923077;25.0;25.0;0;0
66.211;0.0;0.0;-4.951720722951226;23.017094017094017;23.076923076923077;25.0;25.0;0;0
66.312;0.0;0.0;-4.951720722951226;23.017094017094017;23.076923076923077;25.0;25.0;0;0
66.412;0.0;0.0;-4.951720722951226;23.076923076923077;23.076923076923077;25.0;25.0;0;0
66.513;0.0;0.0;-4.951720722951226;23.076923076923077;23.076923076923077;25.0;25.0;0;0
66.613;0.0;0.0;-4.951720722951226;23.076923076923077;23.076923076923077;25.0;25.0;0;0
66.714;0.0;0.0;-4.704134686803664;23.076923076923077;23.076923076923077;25.0;25.0;0;0
66.817;0.0;0.0;-4.270859123545432;23.076923076923077;23.076923076923077;25.0;25.0;0;0
66.921;0.0;0.0;-3.77568705125031;23.076923076923077;23.076923076923077;25.0;25.0;0;0
67.027;0.0;0.0;-3.2805149789551873;23.076923076923077;23.076923076923077;25.0;25.0;0;0
67.129;0.0;0.0;-2.785342906660065;23.076923076923077;23.076923076923077;25.0;25.0;0;0
67.232;0.0;0.0;-2.290170834364942;23.076923076923077;23.076923076923077;25.0;25.0;0;0
67.339;0.0;0.0;-1.7949987620698193;23.076923076923077;23.076923076923077;25.0;25.0;0;0
67.456;0.0;0.0;-1.2998266897746968;23.076923076923077;23.076923076923077;25.0;25.0;0;0
67.563;0.0;0.0;-0.8046546174795742;23.076923076923077;23.076923076923077;25.0;25.0;0;0
67.664;0.0;0.0;-0.12379301807378065;23.076923076923077;23.076923076923077;25.0;25.0;0;0
67.769;0.0;0.0;0.0;23.076923076923077;23.076923076923077;25.0;25.0;0;0
67.884;0.0;0.0;0.0;23.076923076923077;23.076923076923077;25.0;25.0;0;0
67.991;0.0;0.0;0.0;23.076923076923077;23.076923076923077;25.0;25.0;0;0
68.108;0.0;0.0;0.0;23.076923076923077;23.076923076923077;25.0;25.0;0;0
68.214;0.0;0.0;0.0;23.076923076923077;23.076923076923077;25.0;25.0;0;0
68.316;0.0;0.0;0.0;23.076923076923077;23.076923076923077;25.0;25.0;0;0
68.422;0.0;0.0;0.0;23.076923076923077;23.076923076923077;25.0;25.0;0;0
68.522;0.0;0.0;0.0;23.076923076923077;23.076923076923077;25.0;25.0;0;0
68.623;0.0;0.0;0.0;23.076923076923077;23.076923076923077;25.0;25.0;0;0
68.724;0.0;0.0;0.0;23.076923076923077;23.076923076923077;25.0;25.0;0;0
68.824;0.0;0.0;0.0;23.076923076923077;23.076923076923077;25.0;25.0;0;0
68.925;0.0;0.0;0.0;23.076923076923077;23.076923076923077;25.0;25.0;0;0
69.03;0.0;0.0;0.0;23.076923076923077;23.076923076923077;25.0;25.0;0;0
69.131;0.0;0.0;0.0;23.076923076923077;23.076923076923077;25.0;25.0;0;0
69.233;0.0;0.0;0.0;23.076923076923077;23.076923076923077;25.0;25.0;0;0
69.334;0.0;0.0;0.0;23.076923076923077;23.076923076923077;25.0;25.0;0;0
69.447;0.0;0.0;0.0;23.076923076923077;23.076923076923077;25.0;25.0;0;0
69.556;0.0;0.0;0.0;23.076923076923077;23.076923076923077;25.0;25.0;0;0
69.661;0.0;0.0;0.0;23.076923076923077;23.076923076923077;25.0;25.0;0;0
69.762;0.0;0.0;0.0;23.076923076923077;23.076923076923077;25.0;25.0;0;0
69.877;0.0;0.0;0.0;23.076923076923077;23.076923076923077;25.0;25.0;0;0
69.982;0.0;0.0;0.0;23.076923076923077;23.076923076923077;25.0;25.0;0;0
70.085;0.0;0.0;0.0;23.076923076923077;23.076923076923077;25.0;25.0;0;0
70.228;0.0;0.0;0.0;23.076923076923077;23.076923076923077;25.0;25.0;0;0
70.33;0.0;0.0;0.0;23.076923076923077;23.076923076923077;25.0;25.0;0;0
70.431;0.0;0.0;0.0;23.017094017094017;23.076923076923077;25.0;25.0;0;0
70.545;0.0;0.0;0.0;23.017094017094017;23.076923076923077;25.0;25.0;0;0
70.664;0.0;0.0;0.0;23.017094017094017;23.076923076923077;25.0;25.0;0;0
70.766;0.0;0.0;0.0;23.017094017094017;23.076923076923077;25.0;25.0;0;0
70.872;0.0;0.0;0.0;23.017094017094017;23.076923076923077;25.0;25.0;0;0
70.975;0.0;0.0;0.0;23.017094017094017;23.076923076923077;25.0;25.0;0;0
71.089;0.0;0.0;0.0;23.017094017094017;23.076923076923077;25.0;25.0;0;0
71.199;0.0;0.0;0.0;23.017094017094017;23.076923076923077;25.0;25.0;0;0
71.329;0.0;0.0;0.0;23.017094017094017;23.076923076923077;25.0;25.0;0;0
71.43;0.0;0.0;0.0;23.017094017094017;23.076923076923077;25.0;25.0;0;0
71.546;0.0;0.0;0.0;23.017094017094017;23.076923076923077;25.0;25.0;0;0
71.647;0.0;0.0;0.0;23.017094017094017;23.076923076923077;25.0;25.0;0;0
71.762;0.0;0.0;0.0;23.017094017094017;23.076923076923077;25.0;25.0;0;0
71.862;0.0;0.0;0.0;23.017094017094017;23.076923076923077;25.0;25.0;0;0
71.965;0.0;0.0;0.0;23.017094017094017;23.076923076923077;25.0;25.0;0;0
72.065;0.0;0.0;0.0;23.017094017094017;23.076923076923077;25.0;25.0;0;0
72.17;0.0;0.0;0.12379301807378065;23.017094017094017;23.076923076923077;25.0;25.0;0;0
72.278;0.0;0.0;0.37137905422134193;23.017094017094017;23.076923076923077;25.0;25.0;0;0
72.381;0.0;0.0;0.5570685813320129;23.017094017094017;23.076923076923077;25.0;25.0;0;0
72.486;0.0;0.0;0.7427581084426839;23.017094017094017;23.128205128205128;25.0;25.0;0;0
72.587;0.0;0.0;0.9284476355533549;23.017094017094017;23.128205128205128;25.0;25.0;0;0
72.703;0.0;0.0;1.1141371626640257;23.017094017094017;23.128205128205128;25.0;25.0;0;0
72.805;0.0;0.0;1.3617231988115872;23.017094017094017;23.128205128205128;25.0;25.0;0;0
72.907;0.0;0.0;1.547412725922258;23.017094017094017;23.128205128205128;25.0;25.0;0;0
73.008;0.0;0.0;1.8568952711067097;23.017094017094017;23.128205128205128;25.0;25.0;0;0
73.121;0.0;0.0;1.9187917801436;23.017094017094017;23.128205128205128;25.0;25.0;0;0
73.222;0.0;0.0;2.2282743253280515;23.017094017094017;23.128205128205128;25.0;25.0;0;0
73.339;0.0;0.0;2.4139638524387226;23.017094017094017;23.128205128205128;25.0;25.0;0;0
73.439;0.0;0.0;2.5996533795493937;23.076923076923077;23.076923076923077;25.0;25.0;0;0
73.545;0.0;0.0;2.8472394156969547;23.076923076923077;23.076923076923077;25.0;25.0;0;0
73.647;0.0;0.0;3.032928942807626;23.076923076923077;23.076923076923077;25.0;25.0;0;0
73.752;0.0;0.0;3.218618469918297;23.076923076923077;23.076923076923077;25.0;25.0;0;0
73.854;0.0;0.0;3.404307997028968;23.076923076923077;23.076923076923077;25.0;25.0;0;0
73.957;0.0;0.0;3.5899975241396387;23.076923076923077;23.076923076923077;25.0;25.0;0;0
74.057;0.0;0.0;3.8375835602872;23.076923076923077;23.076923076923077;25.0;25.0;0;0
74.169;0.0;0.0;4.023273087397871;23.076923076923077;23.076923076923077;25.0;25.0;0;0
74.27;0.0;0.0;4.332755632582323;23.076923076923077;23.076923076923077;25.0;25.0;0;0
74.373;0.0;0.0;4.394652141619213;23.076923076923077;23.076923076923077;25.0;25.0;0;0
74.474;0.0;0.0;4.704134686803664;23.017094017094017;23.076923076923077;25.0;25.0;0;0
74.575;0.0;0.0;4.889824213914336;23.017094017094017;23.076923076923077;25.0;25.0;0;0
74.681;0.0;0.0;4.951720722951226;23.017094017094017;23.076923076923077;25.0;25.0;0;0
74.794;0.0;0.0;4.951720722951226;23.017094017094017;23.076923076923077;25.0;25.0;0;0
74.899;0.0;0.0;4.951720722951226;23.017094017094017;23.076923076923077;25.0;25.0;0;0
75.011;0.0;0.0;4.951720722951226;23.017094017094017;23.076923076923077;25.0;25.0;0;0
75.115;0.0;0.0;4.951720722951226;23.017094017094017;23.076923076923077;25.0;25.0;0;0
75.216;0.0;0.0;4.951720722951226;23.017094017094017;23.076923076923077;25.0;25.0;0;0
75.317;0.0;0.0;4.951720722951226;23.017094017094017;23.076923076923077;25.0;25.0;0;0
75.418;0.0;0.0;4.951720722951226;23.017094017094017;23.076923076923077;25.0;25.0;0;0
75.533;0.0;0.0;4.951720722951226;23.017094017094017;23.076923076923077;25.0;25.0;0;0
75.633;0.0;0.0;4.951720722951226;23.017094017094017;23.076923076923077;25.0;25.0;0;0
75.737;0.0;0.0;4.951720722951226;23.017094017094017;23.076923076923077;25.0;25.0;0;0
75.838;0.0;0.0;4.951720722951226;23.017094017094017;23.076923076923077;25.0;25.0;0;0
75.938;0.0;0.0;4.951720722951226;23.017094017094017;23.076923076923077;25.0;25.0;0;0
76.038;0.0;0.0;4.951720722951226;23.017094017094017;23.076923076923077;25.0;25.0;0;0
76.143;0.0;0.0;4.951720722951226;23.017094017094017;23.076923076923077;25.0;25.0;0;0
76.255;0.0;0.0;4.951720722951226;23.017094017094017;23.076923076923077;25.0;25.0;0;0
76.363;0.0;0.0;4.951720722951226;23.017094017094017;23.076923076923077;25.0;25.0;0;0
76.47;0.0;0.0;4.951720722951226;23.017094017094017;23.076923076923077;25.0;25.0;0;0
76.584;0.0;0.0;4.951720722951226;23.017094017094017;23.076923076923077;25.0;25.0;0;0
76.692;0.0;0.0;4.951720722951226;23.017094017094017;23.076923076923077;25.0;25.0;0;0
76.803;0.0;0.0;4.766031195840555;23.017094017094017;23.076923076923077;25.0;25.0;0;0
76.912;0.0;0.0;4.580341668729884;23.017094017094017;23.076923076923077;25.0;25.0;0;0
77.022;0.0;0.0;4.394652141619213;23.017094017094017;23.076923076923077;25.0;25.0;0;0
77.133;0.0;0.0;4.208962614508542;23.017094017094017;23.076923076923077;25.0;25.0;0;0
77.244;0.0;0.0;4.023273087397871;23.017094017094017;23.076923076923077;25.0;25.0;0;0
77.351;0.0;0.0;3.7137905422134194;23.017094017094017;23.076923076923077;25.0;25.0;0;0
77.465;0.0;0.0;3.5281010151027483;23.076923076923077;23.076923076923077;25.0;25.0;0;0
77.575;0.0;0.0;3.2805149789551873;23.076923076923077;23.076923076923077;25.0;25.0;0;0
77.684;0.0;0.0;3.094825451844516;23.076923076923077;23.076923076923077;25.0;25.0;0;0
77.79;0.0;0.0;2.909135924733845;23.076923076923077;23.076923076923077;25.0;25.0;0;0
77.902;0.0;0.0;2.5996533795493937;23.076923076923077;23.076923076923077;25.0;25.0;0;0
78.02;0.0;0.0;2.5377568705125033;23.076923076923077;23.076923076923077;25.0;25.0;0;0
78.122;0.0;0.0;2.2282743253280515;23.076923076923077;23.076923076923077;25.0;25.0;0;0
78.236;0.0;0.0;2.042584798217381;23.076923076923077;23.076923076923077;25.0;25.0;0;0
78.339;0.0;0.0;1.733102253032929;23.076923076923077;23.076923076923077;25.0;25.0;0;0
78.444;0.0;0.0;1.547412725922258;23.017094017094017;23.076923076923077;25.0;25.0;0;0
78.556;0.0;0.0;1.4236197078484774;23.017094017094017;23.076923076923077;25.0;25.0;0;0
78.657;0.0;0.0;1.1141371626640257;23.017094017094017;23.076923076923077;25.0;25.0;0;0
78.757;0.0;0.0;0.9284476355533549;23.017094017094017;23.076923076923077;25.0;25.0;0;0
78.858;0.0;0.0;0.7427581084426839;23.017094017094017;23.076923076923077;25.0;25.0;0;0
78.959;0.0;0.0;0.5570685813320129;23.017094017094017;23.076923076923077;25.0;25.0;0;0
79.06;0.0;0.0;0.3094825451844516;23.017094017094017;23.076923076923077;25.0;25.0;0;0
79.16;0.0;0.0;0.12379301807378065;23.017094017094017;23.076923076923077;25.0;25.0;0;0
79.261;0.0;0.0;-0.061896509036890326;23.017094017094017;23.076923076923077;25.0;25.0;0;0
79.362;0.0;0.0;-0.2475860361475613;23.017094017094017;23.076923076923077;25.0;25.0;0;0
79.466;0.0;0.0;-0.43327556325823224;23.017094017094017;23.076923076923077;25.0;25.0;0;0
79.569;0.0;0.0;-0.6808615994057936;23.017094017094017;23.076923076923077;25.0;25.0;0;0
79.67;0.0;0.0;-0.8665511265164645;23.017094017094017;23.076923076923077;25.0;25.0;0;0
79.772;0.0;0.0;-1.0522406536271356;23.017094017094017;23.076923076923077;25.0;25.0;0;0
79.877;0.0;0.0;-1.2379301807378065;23.017094017094017;23.076923076923077;25.0;25.0;0;0
79.987;0.0;0.0;-1.4236197078484774;23.017094017094017;23.076923076923077;25.0;25.0;0;0
80.097;0.0;0.0;-1.6712057439960388;23.017094017094017;23.076923076923077;25.0;25.0;0;0
80.21;0.0;0.0;-1.8568952711067097;23.017094017094017;23.076923076923077;25.0;25.0;0;0
80.323;0.0;0.0;-2.1663778162911616;23.017094017094017;23.076923076923077;25.0;25.0;0;0
80.434;0.0;0.0;-2.352067343401832;23.017094017094017;23.076923076923077;25.0;25.0;0;0
80.546;0.0;0.0;-2.5377568705125033;23.076923076923077;23.128205128205128;25.0;25.0;0;0
80.658;0.0;0.0;-2.7234463976231744;23.076923076923077;23.128205128205128;25.0;25.0;0;0
80.774;0.0;0.0;-3.032928942807626;23.076923076923077;23.128205128205128;25.0;25.0;0;0
80.881;0.0;0.0;-3.218618469918297;23.076923076923077;23.128205128205128;25.0;25.0;0;0
80.989;0.0;0.0;-3.404307997028968;23.076923076923077;23.128205128205128;25.0;25.0;0;0
81.095;0.0;0.0;-3.651894033176529;23.076923076923077;23.128205128205128;25.0;25.0;0;0
81.196;0.0;0.0;-3.8994800693240905;23.076923076923077;23.128205128205128;25.0;25.0;0;0
81.308;0.0;0.0;-4.023273087397871;23.076923076923077;23.128205128205128;25.0;25.0;0;0
81.426;0.0;0.0;-4.332755632582323;23.076923076923077;23.128205128205128;25.0;25.0;0;0
81.527;0.0;0.0;-4.518445159692994;23.017094017094017;23.076923076923077;25.0;25.0;0;0
81.64;0.0;0.0;-4.704134686803664;23.017094017094017;23.076923076923077;25.0;25.0;0;0
81.741;0.0;0.0;-4.889824213914336;23.017094017094017;23.076923076923077;25.0;25.0;0;0
81.848;0.0;0.0;-4.951720722951226;23.017094017094017;23.076923076923077;25.0;25.0;0;0
81.948;0.0;0.0;-4.951720722951226;23.017094017094017;23.076923076923077;25.0;25.0;0;0
82.049;0.0;0.0;-4.951720722951226;23.017094017094017;23.076923076923077;25.0;25.0;0;0
82.149;0.0;0.0;-4.951720722951226;23.017094017094017;23.076923076923077;25.0;25.0;0;0
82.25;0.0;0.0;-4.951720722951226;23.017094017094017;23.076923076923077;25.0;25.0;0;0
82.35;0.0;0.0;-4.951720722951226;23.017094017094017;23.076923076923077;25.0;25.0;0;0
82.454;0.0;0.0;-4.951720722951226;23.017094017094017;23.076923076923077;25.0;25.0;0;0
82.554;0.0;0.0;-4.951720722951226;23.017094017094017;23.076923076923077;25.0;25.0;0;0
82.665;0.0;0.0;-4.951720722951226;23.017094017094017;23.076923076923077;25.0;25.0;0;0
82.766;0.0;0.0;-4.951720722951226;23.017094017094017;23.076923076923077;25.0;25.0;0;0
82.874;0.0;0.0;-4.951720722951226;23.017094017094017;23.076923076923077;25.0;25.0;0;0
82.981;0.0;0.0;-4.951720722951226;23.017094017094017;23.076923076923077;25.0;25.0;0;0
83.081;0.0;0.0;-4.951720722951226;23.017094017094017;23.076923076923077;25.0;25.0;0;0
83.191;0.0;0.0;-4.951720722951226;23.017094017094017;23.076923076923077;25.0;25.0;0;0
83.299;0.0;0.0;-4.951720722951226;23.017094017094017;23.076923076923077;25.0;25.0;0;0
83.402;0.0;0.0;-4.951720722951226;23.017094017094017;23.076923076923077;25.0;25.0;0;0
83.513;0.0;0.0;-4.951720722951226;23.076923076923077;23.128205128205128;25.0;25.0;0;0
83.616;0.0;0.0;-4.951720722951226;23.076923076923077;23.128205128205128;25.0;25.0;0;0
83.733;0.0;0.0;-4.951720722951226;23.076923076923077;23.128205128205128;25.0;25.0;0;0
83.842;0.0;0.0;-4.951720722951226;23.076923076923077;23.128205128205128;25.0;25.0;0;0
83.956;0.0;0.0;-4.889824213914336;23.076923076923077;23.128205128205128;25.0;25.0;0;0
84.066;0.0;0.0;-4.580341668729884;23.076923076923077;23.128205128205128;25.0;25.0;0;0
84.178;0.0;0.0;-4.394652141619213;23.076923076923077;23.128205128205128;25.0;25.0;0;0
84.278;0.0;0.0;-4.208962614508542;23.076923076923077;23.128205128205128;25.0;25.0;0;0
84.386;0.0;0.0;-3.961376578360981;23.076923076923077;23.128205128205128;25.0;25.0;0;0
84.491;0.0;0.0;-3.77568705125031;23.076923076923077;23.076923076923077;25.0;25.0;0;0
84.593;0.0;0.0;-3.5899975241396387;23.076923076923077;23.076923076923077;25.0;25.0;0;0
84.717;0.0;0.0;-3.404307997028968;23.076923076923077;23.076923076923077;25.0;25.0;0;0
84.832;0.0;0.0;-3.094825451844516;23.076923076923077;23.076923076923077;25.0;25.0;0;0
84.941;0.0;0.0;-2.909135924733845;23.076923076923077;23.076923076923077;25.0;25.0;0;0
85.058;0.0;0.0;-2.7234463976231744;23.076923076923077;23.076923076923077;25.0;25.0;0;0
85.162;0.0;0.0;-2.475860361475613;23.076923076923077;23.076923076923077;25.0;25.0;0;0
85.273;0.0;0.0;-2.290170834364942;23.076923076923077;23.076923076923077;25.0;25.0;0;0
85.39;0.0;0.0;-1.9806882891804904;23.076923076923077;23.076923076923077;25.0;25.0;0;0
85.493;0.0;0.0;-1.7949987620698193;23.076923076923077;23.076923076923077;25.0;25.0;0;0
85.608;0.0;0.0;-1.6093092349591485;23.076923076923077;23.076923076923077;25.0;25.0;0;0
85.72;0.0;0.0;-1.2998266897746968;23.076923076923077;23.076923076923077;25.0;25.0;0;0
85.821;0.0;0.0;-1.1141371626640257;23.076923076923077;23.076923076923077;25.0;25.0;0;0
85.932;0.0;0.0;-0.9903441445902452;23.076923076923077;23.076923076923077;25.0;25.0;0;0
86.037;0.0;0.0;-0.7427581084426839;23.076923076923077;23.076923076923077;25.0;25.0;0;0
86.155;0.0;0.0;-0.4951720722951226;23.076923076923077;23.076923076923077;25.0;25.0;0;0
86.267;0.0;0.0;-0.3094825451844516;23.076923076923077;23.076923076923077;25.0;25.0;0;0
86.37;0.0;0.0;0.0;23.076923076923077;23.076923076923077;25.0;25.0;0;0
86.483;0.0;0.0;0.0;23.076923076923077;23.076923076923077;25.0;25.0;0;0
86.586;0.0;0.0;0.0;23.076923076923077;23.076923076923077;25.0;25.0;0;0
86.691;0.0;0.0;0.0;23.076923076923077;23.076923076923077;25.0;25.0;0;0
86.794;0.0;0.0;0.0;23.076923076923077;23.076923076923077;25.0;25.0;0;0
86.898;0.0;0.0;0.0;23.076923076923077;23.076923076923077;25.0;25.0;0;0
87.0;0.0;0.0;0.0;23.076923076923077;23.076923076923077;25.0;25.0;0;0
87.1;0.0;0.0;0.0;23.076923076923077;23.076923076923077;25.0;25.0;0;0
87.224;0.0;0.0;0.0;23.076923076923077;23.076923076923077;25.0;25.0;0;0
87.329;0.0;0.0;0.0;23.076923076923077;23.076923076923077;25.0;25.0;0;0
87.432;0.0;0.0;0.0;23.076923076923077;23.128205128205128;25.0;25.0;0;0
87.534;0.0;0.0;0.0;23.076923076923077;23.128205128205128;25.0;25.0;0;0
87.637;0.0;0.0;0.0;23.076923076923077;23.128205128205128;25.0;25.0;0;0
87.738;0.0;0.0;0.0;23.076923076923077;23.128205128205128;25.0;25.0;0;0
87.845;0.0;0.0;0.0;23.076923076923077;23.128205128205128;25.0;25.0;0;0
87.947;0.0;0.0;0.0;23.076923076923077;23.128205128205128;25.0;25.0;0;0
88.05;0.0;0.0;0.0;23.076923076923077;23.128205128205128;25.0;25.0;0;0
88.151;0.0;0.0;0.0;23.076923076923077;23.128205128205128;25.0;25.0;0;0
88.255;0.0;0.0;0.0;23.076923076923077;23.128205128205128;25.0;25.0;0;0
88.356;0.0;0.0;0.0;23.076923076923077;23.128205128205128;25.0;25.0;0;0
88.466;0.0;0.0;0.0;23.076923076923077;23.076923076923077;25.0;25.0;0;0
88.567;0.0;0.0;0.0;23.076923076923077;23.076923076923077;25.0;25.0;0;0
88.685;0.0;0.0;0.0;23.076923076923077;23.076923076923077;25.0;25.0;0;0
88.787;0.0;0.0;0.0;23.076923076923077;23.076923076923077;25.0;25.0;0;0
88.902;0.0;0.0;0.0;23.076923076923077;23.076923076923077;25.0;25.0;0;0
89.003;0.0;0.0;0.0;23.076923076923077;23.076923076923077;25.0;25.0;0;0
89.105;0.0;0.0;0.0;23.076923076923077;23.076923076923077;25.0;25.0;0;0
89.22;0.0;0.0;0.0;23.076923076923077;23.076923076923077;25.0;25.0;0;0
89.327;0.0;0.0;0.0;23.076923076923077;23.076923076923077;25.0;25.0;0;0
89.429;0.0;0.0;0.0;23.076923076923077;23.076923076923077;25.0;25.0;0;0
89.53;0.0;0.0;0.0;23.076923076923077;23.076923076923077;25.0;25.0;0;0
89.636;0.0;0.0;0.0;23.076923076923077;23.076923076923077;25.0;25.0;0;0
89.743;0.0;0.0;0.0;23.076923076923077;23.076923076923077;25.0;25.0;0;0
89.851;0.0;0.0;0.0;23.076923076923077;23.076923076923077;25.0;25.0;0;0
89.96;0.0;0.0;0.0;23.076923076923077;23.076923076923077;25.0;25.0;0;0
90.07;0.0;0.0;0.0;23.076923076923077;23.076923076923077;25.0;25.0;0;0
90.178;0.0;0.0;0.0;23.076923076923077;23.076923076923077;25.0;25.0;0;0
90.284;0.0;0.0;0.0;23.076923076923077;23.076923076923077;25.0;25.0;0;0
90.384;0.0;0.0;0.0;23.076923076923077;23.076923076923077;25.0;25.0;0;0
90.503;0.0;0.0;0.0;23.017094017094017;23.128205128205128;25.0;25.0;0;0
90.617;0.0;0.0;0.0;23.017094017094017;23.128205128205128;25.0;25.0;0;0
90.722;0.0;0.0;0.061896509036890326;23.017094017094017;23.128205128205128;25.0;25.0;0;0
90.834;0.0;0.0;0.18568952711067097;23.017094017094017;23.128205128205128;25.0;25.0;0;0
90.941;0.0;0.0;0.2475860361475613;23.017094017094017;23.128205128205128;25.0;25.0;0;0
91.053;0.0;0.0;0.37137905422134193;23.017094017094017;23.128205128205128;25.0;25.0;0;0
91.16;0.0;0.0;0.4951720722951226;23.017094017094017;23.128205128205128;25.0;25.0;0;0
91.26;0.0;0.0;0.5570685813320129;23.017094017094017;23.128205128205128;25.0;25.0;0;0
91.378;0.0;0.0;0.7427581084426839;23.017094017094017;23.128205128205128;25.0;25.0;0;0
91.478;0.0;0.0;0.8046546174795742;23.017094017094017;23.128205128205128;25.0;25.0;0;0
91.599;0.0;0.0;0.9284476355533549;23.017094017094017;23.128205128205128;25.0;25.0;0;0
91.708;0.0;0.0;1.0522406536271356;23.017094017094017;23.128205128205128;25.0;25.0;0;0
91.817;0.0;0.0;1.1141371626640257;23.017094017094017;23.128205128205128;25.0;25.0;0;0
91.928;0.0;0.0;1.2379301807378065;23.017094017094017;23.128205128205128;25.0;25.0;0;0
92.028;0.0;0.0;1.3617231988115872;23.017094017094017;23.128205128205128;25.0;25.0;0;0
92.128;0.0;0.0;1.4855162168853677;23.017094017094017;23.128205128205128;25.0;25.0;0;0
92.228;0.0;0.0;1.547412725922258;23.017094017094017;23.128205128205128;25.0;25.0;0;0
92.328;0.0;0.0;1.6712057439960388;23.017094017094017;23.128205128205128;25.0;25.0;0;0
92.429;0.0;0.0;1.7949987620698193;23.076923076923077;23.076923076923077;25.0;25.0;0;0
92.531;0.0;0.0;1.7949987620698193;23.076923076923077;23.076923076923077;25.0;25.0;0;0
92.638;0.0;0.0;1.9806882891804904;23.076923076923077;23.076923076923077;25.0;25.0;0;0
92.74;0.0;0.0;2.042584798217381;23.076923076923077;23.076923076923077;25.0;25.0;0;0
92.851;0.0;0.0;2.1663778162911616;23.076923076923077;23.076923076923077;25.0;25.0;0;0
92.952;0.0;0.0;2.290170834364942;23.076923076923077;23.076923076923077;25.0;25.0;0;0
93.055;0.0;0.0;2.290170834364942;23.076923076923077;23.076923076923077;25.0;25.0;0;0
93.169;0.0;0.0;2.475860361475613;23.076923076923077;23.076923076923077;25.0;25.0;0;0
93.279;0.0;0.0;2.5377568705125033;23.076923076923077;23.076923076923077;25.0;25.0;0;0
93.386;0.0;0.0;2.661549888586284;23.076923076923077;23.076923076923077;25.0;25.0;0;0
93.501;0.0;0.0;2.785342906660065;23.076923076923077;23.076923076923077;25.0;25.0;0;0
93.613;0.0;0.0;2.909135924733845;23.076923076923077;23.076923076923077;25.0;25.0;0;0
93.72;0.0;0.0;3.032928942807626;23.076923076923077;23.076923076923077;25.0;25.0;0;0
93.835;0.0;0.0;3.094825451844516;23.076923076923077;23.076923076923077;25.0;25.0;0;0
93.943;0.0;0.0;3.218618469918297;23.076923076923077;23.076923076923077;25.0;25.0;0;0
94.043;0.0;0.0;3.2805149789551873;23.076923076923077;23.076923076923077;25.0;25.0;0;0
94.164;0.0;0.0;3.404307997028968;23.076923076923077;23.076923076923077;25.0;25.0;0;0
94.266;0.0;0.0;3.5281010151027483;23.076923076923077;23.076923076923077;25.0;25.0;0;0
94.378;0.0;0.0;3.651894033176529;23.076923076923077;23.076923076923077;25.0;25.0;0;0
94.488;0.0;0.0;3.77568705125031;23.017094017094017;23.128205128205128;25.0;25.0;0;0
94.589;0.0;0.0;3.8375835602872;23.017094017094017;23.128205128205128;25.0;25.0;0;0
94.698;0.0;0.0;3.961376578360981;23.017094017094017;23.128205128205128;25.0;25.0;0;0
94.805;0.0;0.0;4.023273087397871;23.017094017094017;23.128205128205128;25.0;25.0;0;0
94.918;0.0;0.0;4.208962614508542;23.017094017094017;23.128205128205128;25.0;25.0;0;0
95.032;0.0;0.0;4.270859123545432;23.017094017094017;23.128205128205128;25.0;25.0;0;0
95.142;0.0;0.0;4.394652141619213;23.017094017094017;23.128205128205128;25.0;25.0;0;0
95.251;0.0;0.0;4.518445159692994;23.017094017094017;23.128205128205128;25.0;25.0;0;0
95.362;0.0;0.0;4.6422381777667745;23.017094017094017;23.128205128205128;25.0;25.0;0;0
95.466;0.0;0.0;4.704134686803664;23.017094017094017;23.128205128205128;25.0;25.0;0;0
95.566;0.0;0.0;4.827927704877445;23.076923076923077;23.076923076923077;25.0;25.0;0;0
95.674;0.0;0.0;4.951720722951226;23.076923076923077;23.076923076923077;25.0;25.0;0;0
95.79;0.0;0.0;4.951720722951226;23.076923076923077;23.076923076923077;25.0;25.0;0;0
95.902;0.0;0.0;4.951720722951226;23.076923076923077;23.076923076923077;25.0;25.0;0;0
96.013;0.0;0.0;4.951720722951226;23.076923076923077;23.076923076923077;25.0;25.0;0;0
96.123;0.0;0.0;4.951720722951226;23.076923076923077;23.076923076923077;25.0;25.0;0;0
96.225;0.0;0.0;4.951720722951226;23.076923076923077;23.076923076923077;25.0;25.0;0;0
96.33;0.0;0.0;4.951720722951226;23.076923076923077;23.076923076923077;25.0;25.0;0;0
96.445;0.0;0.0;4.951720722951226;23.076923076923077;23.076923076923077;25.0;25.0;0;0
96.554;0.0;0.0;4.951720722951226;23.076923076923077;23.076923076923077;25.0;25.0;0;0
96.672;0.0;0.0;4.951720722951226;23.076923076923077;23.076923076923077;25.0;25.0;0;0
96.773;0.0;0.0;4.951720722951226;23.076923076923077;23.076923076923077;25.0;25.0;0;0
96.891;0.0;0.0;4.951720722951226;23.076923076923077;23.076923076923077;25.0;25.0;0;0
97.003;0.0;0.0;4.951720722951226;23.076923076923077;23.076923076923077;25.0;25.0;0;0
97.115;0.0;0.0;4.951720722951226;23.076923076923077;23.076923076923077;25.0;25.0;0;0
97.217;0.0;0.0;4.951720722951226;23.076923076923077;23.076923076923077;25.0;25.0;0;0
97.325;0.0;0.0;4.951720722951226;23.076923076923077;23.076923076923077;25.0;25.0;0;0
97.429;0.0;0.0;4.951720722951226;23.076923076923077;23.076923076923077;25.0;25.0;0;0
97.545;0.0;0.0;4.951720722951226;23.076923076923077;23.076923076923077;25.0;25.0;0;0
97.652;0.0;0.0;4.951720722951226;23.076923076923077;23.076923076923077;25.0;25.0;0;0
97.76;0.0;0.0;4.951720722951226;23.076923076923077;23.076923076923077;25.0;25.0;0;0
97.874;0.0;0.0;4.889824213914336;23.076923076923077;23.076923076923077;25.0;25.0;0;0
97.987;0.0;0.0;4.766031195840555;23.076923076923077;23.076923076923077;25.0;25.0;0;0
98.095;0.0;0.0;4.704134686803664;23.076923076923077;23.076923076923077;25.0;25.0;0;0
98.212;0.0;0.0;4.580341668729884;23.076923076923077;23.076923076923077;25.0;25.0;0;0
98.322;0.0;0.0;4.456548650656103;23.076923076923077;23.076923076923077;25.0;25.0;0;0
98.435;0.0;0.0;4.332755632582323;23.076923076923077;23.076923076923077;25.0;25.0;0;0
98.547;0.0;0.0;4.208962614508542;23.017094017094017;23.076923076923077;25.0;25.0;0;0
98.654;0.0;0.0;4.1470661054716516;23.017094017094017;23.076923076923077;25.0;25.0;0;0
98.77;0.0;0.0;4.023273087397871;23.017094017094017;23.076923076923077;25.0;25.0;0;0
98.881;0.0;0.0;3.8994800693240905;23.017094017094017;23.076923076923077;25.0;25.0;0;0
98.981;0.0;0.0;3.77568705125031;23.017094017094017;23.076923076923077;25.0;25.0;0;0
99.083;0.0;0.0;3.7137905422134194;23.017094017094017;23.076923076923077;25.0;25.0;0;0
99.185;0.0;0.0;3.5899975241396387;23.017094017094017;23.076923076923077;25.0;25.0;0;0
99.296;0.0;0.0;3.466204506065858;23.017094017094017;23.076923076923077;25.0;25.0;0;0
99.415;0.0;0.0;3.404307997028968;23.017094017094017;23.076923076923077;25.0;25.0;0;0
99.516;0.0;0.0;3.218618469918297;23.076923076923077;23.076923076923077;25.0;25.0;0;0
99.63;0.0;0.0;3.1567219608814066;23.076923076923077;23.076923076923077;25.0;25.0;0;0
99.731;0.0;0.0;3.032928942807626;23.076923076923077;23.076923076923077;25.0;25.0;0;0
99.833;0.0;0.0;2.9710324337707354;23.076923076923077;23.076923076923077;25.0;25.0;0;0
99.944;0.0;0.0;2.8472394156969547;23.076923076923077;23.076923076923077;25.0;25.0;0;0
100.071;0.0;0.0;2.7234463976231744;23.076923076923077;23.076923076923077;25.0;25.0;0;0
100.176;0.0;0.0;2.5996533795493937;23.076923076923077;23.076923076923077;25.0;25.0;0;0
100.293;0.0;0.0;2.475860361475613;23.076923076923077;23.076923076923077;25.0;25.0;0;0
100.403;0.0;0.0;2.4139638524387226;23.076923076923077;23.076923076923077;25.0;25.0;0;0
100.518;0.0;0.0;2.290170834364942;23.076923076923077;23.128205128205128;25.0;25.0;0;0
100.628;0.0;0.0;2.2282743253280515;23.076923076923077;23.128205128205128;25.0;25.0;0;0
100.732;0.0;0.0;2.042584798217381;23.076923076923077;23.128205128205128;25.0;25.0;0;0
100.845;0.0;0.0;1.9806882891804904;23.076923076923077;23.128205128205128;25.0;25.0;0;0
100.958;0.0;0.0;1.8568952711067097;23.076923076923077;23.128205128205128;25.0;25.0;0;0
101.061;0.0;0.0;1.733102253032929;23.076923076923077;23.128205128205128;25.0;25.0;0;0
101.178;0.0;0.0;1.6712057439960388;23.076923076923077;23.128205128205128;25.0;25.0;0;0
101.279;0.0;0.0;1.4855162168853677;23.076923076923077;23.128205128205128;25.0;25.0;0;0
101.385;0.0;0.0;1.4236197078484774;23.076923076923077;23.128205128205128;25.0;25.0;0;0
101.503;0.0;0.0;1.2379301807378065;23.017094017094017;23.128205128205128;25.0;25.0;0;0
101.604;0.0;0.0;1.2379301807378065;23.017094017094017;23.128205128205128;25.0;25.0;0;0
101.724;0.0;0.0;1.0522406536271356;23.017094017094017;23.128205128205128;25.0;25.0;0;0
101.843;0.0;0.0;0.9903441445902452;23.017094017094017;23.128205128205128;25.0;25.0;0;0
101.943;0.0;0.0;0.8665511265164645;23.017094017094017;23.128205128205128;25.0;25.0;0;0
102.055;0.0;0.0;0.7427581084426839;23.017094017094017;23.128205128205128;25.0;25.0;0;0
102.157;0.0;0.0;0.6189650903689032;23.017094017094017;23.128205128205128;25.0;25.0;0;0
102.264;0.0;0.0;0.5570685813320129;23.017094017094017;23.128205128205128;25.0;25.0;0;0
102.369;0.0;0.0;0.43327556325823224;23.017094017094017;23.128205128205128;25.0;25.0;0;0
102.481;0.0;0.0;0.37137905422134193;23.017094017094017;23.128205128205128;25.0;25.0;0;0
102.593;0.0;0.0;0.2475860361475613;23.076923076923077;23.076923076923077;25.0;25.0;0;0
102.703;0.0;0.0;0.12379301807378065;23.076923076923077;23.076923076923077;25.0;25.0;0;0
102.814;0.0;0.0;0.0;23.076923076923077;23.076923076923077;25.0;25.0;0;0
102.934;0.0;0.0;-0.12379301807378065;23.076923076923077;23.076923076923077;25.0;25.0;0;0
103.035;0.0;0.0;-0.2475860361475613;23.076923076923077;23.076923076923077;25.0;25.0;0;0
103.149;0.0;0.0;-0.2475860361475613;23.076923076923077;23.076923076923077;25.0;25.0;0;0
103.25;0.0;0.0;-0.43327556325823224;23.076923076923077;23.076923076923077;25.0;25.0;0;0
103.356;0.0;0.0;-0.4951720722951226;23.076923076923077;23.076923076923077;25.0;25.0;0;0
103.458;0.0;0.0;-0.6189650903689032;23.076923076923077;23.076923076923077;25.0;25.0;0;0
103.561;0.0;0.0;-0.7427581084426839;23.076923076923077;23.128205128205128;25.0;25.0;0;0
103.693;0.0;0.0;-0.8665511265164645;23.076923076923077;23.128205128205128;25.0;25.0;0;0
103.807;0.0;0.0;-0.9903441445902452;23.076923076923077;23.128205128205128;25.0;25.0;0;0
103.907;0.0;0.0;-1.0522406536271356;23.076923076923077;23.128205128205128;25.0;25.0;0;0
104.01;0.0;0.0;-1.176033671700916;23.076923076923077;23.128205128205128;25.0;25.0;0;0
104.127;0.0;0.0;-1.2998266897746968;23.076923076923077;23.128205128205128;25.0;25.0;0;0
104.229;0.0;0.0;-1.3617231988115872;23.076923076923077;23.128205128205128;25.0;25.0;0;0
104.342;0.0;0.0;-1.4855162168853677;23.076923076923077;23.128205128205128;25.0;25.0;0;0
104.465;0.0;0.0;-1.6093092349591485;23.076923076923077;23.128205128205128;25.0;25.0;0;0
104.566;0.0;0.0;-1.733102253032929;23.076923076923077;23.128205128205128;25.0;25.0;0;0
104.671;0.0;0.0;-1.7949987620698193;23.076923076923077;23.128205128205128;25.0;25.0;0;0
104.776;0.0;0.0;-1.9806882891804904;23.076923076923077;23.128205128205128;25.0;25.0;0;0
104.891;0.0;0.0;-1.9806882891804904;23.076923076923077;23.128205128205128;25.0;25.0;0;0
105.007;0.0;0.0;-2.1663778162911616;23.076923076923077;23.128205128205128;25.0;25.0;0;0
105.124;0.0;0.0;-2.2282743253280515;23.076923076923077;23.128205128205128;25.0;25.0;0;0
105.225;0.0;0.0;-2.4139638524387226;23.076923076923077;23.128205128205128;25.0;25.0;0;0
105.35;0.0;0.0;-2.475860361475613;23.076923076923077;23.128205128205128;25.0;25.0;0;0
105.451;0.0;0.0;-2.5996533795493937;23.076923076923077;23.128205128205128;25.0;25.0;0;0
105.552;0.0;0.0;-2.7234463976231744;23.076923076923077;23.128205128205128;25.0;25.0;0;0
105.658;0.0;0.0;-2.785342906660065;23.076923076923077;23.128205128205128;25.0;25.0;0;0
105.764;0.0;0.0;-2.909135924733845;23.076923076923077;23.128205128205128;25.0;25.0;0;0
105.873;0.0;0.0;-2.9710324337707354;23.076923076923077;23.128205128205128;25.0;25.0;0;0
105.984;0.0;0.0;-3.1567219608814066;23.076923076923077;23.128205128205128;25.0;25.0;0;0
106.087;0.0;0.0;-3.218618469918297;23.076923076923077;23.128205128205128;25.0;25.0;0;0
106.187;0.0;0.0;-3.3424114879920777;23.076923076923077;23.128205128205128;25.0;25.0;0;0
106.287;0.0;0.0;-3.466204506065858;23.076923076923077;23.128205128205128;25.0;25.0;0;0
106.391;0.0;0.0;-3.5281010151027483;23.076923076923077;23.128205128205128;25.0;25.0;0;0
106.494;0.0;0.0;-3.651894033176529;23.017094017094017;23.128205128205128;25.0;25.0;0;0
106.594;0.0;0.0;-3.7137905422134194;23.017094017094017;23.128205128205128;25.0;25.0;0;0
106.698;0.0;0.0;-3.8375835602872;23.017094017094017;23.128205128205128;25.0;25.0;0;0
106.798;0.0;0.0;-3.961376578360981;23.017094017094017;23.128205128205128;25.0;25.0;0;0
106.906;0.0;0.0;-4.023273087397871;23.017094017094017;23.128205128205128;25.0;25.0;0;0
107.007;0.0;0.0;-4.1470661054716516;23.017094017094017;23.128205128205128;25.0;25.0;0;0
107.109;0.0;0.0;-4.208962614508542;23.017094017094017;23.128205128205128;25.0;25.0;0;0
107.217;0.0;0.0;-4.332755632582323;23.017094017094017;23.128205128205128;25.0;25.0;0;0
107.327;0.0;0.0;-4.456548650656103;23.017094017094017;23.128205128205128;25.0;25.0;0;0
107.437;0.0;0.0;-4.580341668729884;23.017094017094017;23.128205128205128;25.0;25.0;0;0
107.544;0.0;0.0;-4.704134686803664;23.076923076923077;23.076923076923077;25.0;25.0;0;0
107.654;0.0;0.0;-4.766031195840555;23.076923076923077;23.076923076923077;25.0;25.0;0;0
107.765;0.0;0.0;-4.889824213914336;23.076923076923077;23.076923076923077;25.0;25.0;0;0
107.876;0.0;0.0;-4.951720722951226;23.076923076923077;23.076923076923077;25.0;25.0;0;0
107.985;0.0;0.0;-4.951720722951226;23.076923076923077;23.076923076923077;25.0;25.0;0;0
108.092;0.0;0.0;-4.951720722951226;23.076923076923077;23.076923076923077;25.0;25.0;0;0
108.207;0.0;0.0;-4.951720722951226;23.076923076923077;23.076923076923077;25.0;25.0;0;0
108.309;0.0;0.0;-4.951720722951226;23.076923076923077;23.076923076923077;25.0;25.0;0;0
108.414;0.0;0.0;-4.951720722951226;23.076923076923077;23.076923076923077;25.0;25.0;0;0
108.517;0.0;0.0;-4.951720722951226;23.017094017094017;23.128205128205128;25.0;25.0;0;0
108.62;0.0;0.0;-4.951720722951226;23.017094017094017;23.128205128205128;25.0;25.0;0;0
108.731;0.0;0.0;-4.951720722951226;23.017094017094017;23.128205128205128;25.0;25.0;0;0
108.836;0.0;0.0;-4.951720722951226;23.017094017094017;23.128205128205128;25.0;25.0;0;0
108.952;0.0;0.0;-4.951720722951226;23.017094017094017;23.128205128205128;25.0;25.0;0;0
109.06;0.0;0.0;-4.951720722951226;23.017094017094017;23.128205128205128;25.0;25.0;0;0
109.161;0.0;0.0;-4.951720722951226;23.017094017094017;23.128205128205128;25.0;25.0;0;0
109.275;0.0;0.0;-4.951720722951226;23.017094017094017;23.128205128205128;25.0;25.0;0;0
109.386;0.0;0.0;-4.951720722951226;23.017094017094017;23.128205128205128;25.0;25.0;0;0
109.496;0.0;0.0;-4.951720722951226;23.017094017094017;23.128205128205128;25.0;25.0;0;0
109.608;0.0;0.0;-4.951720722951226;23.076923076923077;23.128205128205128;25.0;25.0;0;0
109.715;0.0;0.0;-4.951720722951226;23.076923076923077;23.128205128205128;25.0;25.0;0;0
109.83;0.0;0.0;-4.951720722951226;23.076923076923077;23.128205128205128;25.0;25.0;0;0
109.939;0.0;0.0;-4.951720722951226;23.076923076923077;23.128205128205128;25.0;25.0;0;0
110.048;0.0;0.0;-4.889824213914336;23.076923076923077;23.128205128205128;25.0;25.0;0;0
110.164;0.0;0.0;-4.766031195840555;23.076923076923077;23.128205128205128;25.0;25.0;0;0
110.27;0.0;0.0;-4.6422381777667745;23.076923076923077;23.128205128205128;25.0;25.0;0;0
110.386;0.0;0.0;-4.580341668729884;23.076923076923077;23.128205128205128;25.0;25.0;0;0
110.497;0.0;0.0;-4.456548650656103;23.076923076923077;23.128205128205128;25.0;25.0;0;0
110.606;0.0;0.0;-4.394652141619213;23.076923076923077;23.076923076923077;25.0;25.0;0;0
110.718;0.0;0.0;-4.208962614508542;23.076923076923077;23.076923076923077;25.0;25.0;0;0
110.826;0.0;0.0;-4.1470661054716516;23.076923076923077;23.076923076923077;25.0;25.0;0;0
110.933;0.0;0.0;-4.023273087397871;23.076923076923077;23.076923076923077;25.0;25.0;0;0
111.039;0.0;0.0;-3.8994800693240905;23.076923076923077;23.076923076923077;25.0;25.0;0;0
111.149;0.0;0.0;-3.8375835602872;23.076923076923077;23.076923076923077;25.0;25.0;0;0
111.261;0.0;0.0;-3.7137905422134194;23.076923076923077;23.076923076923077;25.0;25.0;0;0
111.367;0.0;0.0;-3.5899975241396387;23.076923076923077;23.076923076923077;25.0;25.0;0;0
111.485;0.0;0.0;-3.466204506065858;23.076923076923077;23.076923076923077;25.0;25.0;0;0
111.596;0.0;0.0;-3.404307997028968;23.017094017094017;23.076923076923077;25.0;25.0;0;0
111.71;0.0;0.0;-3.218618469918297;23.017094017094017;23.076923076923077;25.0;25.0;0;0
111.816;0.0;0.0;-3.1567219608814066;23.017094017094017;23.076923076923077;25.0;25.0;0;0
111.929;0.0;0.0;-3.032928942807626;23.017094017094017;23.076923076923077;25.0;25.0;0;0
112.042;0.0;0.0;-2.909135924733845;23.017094017094017;23.076923076923077;25.0;25.0;0;0
112.146;0.0;0.0;-2.8472394156969547;23.017094017094017;23.076923076923077;25.0;25.0;0;0
112.259;0.0;0.0;-2.7234463976231744;23.017094017094017;23.076923076923077;25.0;25.0;0;0
112.376;0.0;0.0;-2.5996533795493937;23.017094017094017;23.076923076923077;25.0;25.0;0;0
112.485;0.0;0.0;-2.475860361475613;23.017094017094017;23.076923076923077;25.0;25.0;0;0
112.586;0.0;0.0;-2.4139638524387226;23.076923076923077;23.128205128205128;25.0;25.0;0;0
112.691;0.0;0.0;-2.290170834364942;23.076923076923077;23.128205128205128;25.0;25.0;0;0
112.806;0.0;0.0;-2.1663778162911616;23.076923076923077;23.128205128205128;25.0;25.0;0;0
112.912;0.0;0.0;-2.104481307254271;23.076923076923077;23.128205128205128;25.0;25.0;0;0
113.013;0.0;0.0;-1.9187917801436;23.076923076923077;23.128205128205128;25.0;25.0;0;0
113.122;0.0;0.0;-1.8568952711067097;23.076923076923077;23.128205128205128;25.0;25.0;0;0
113.246;0.0;0.0;-1.733102253032929;23.076923076923077;23.128205128205128;25.0;25.0;0;0
113.347;0.0;0.0;-1.6712057439960388;23.076923076923077;23.128205128205128;25.0;25.0;0;0
113.452;0.0;0.0;-1.4855162168853677;23.076923076923077;23.128205128205128;25.0;25.0;0;0
113.553;0.0;0.0;-1.4236197078484774;23.076923076923077;23.076923076923077;25.0;25.0;0;0
113.653;0.0;0.0;-1.2998266897746968;23.076923076923077;23.076923076923077;25.0;25.0;0;0
113.753;0.0;0.0;-1.176033671700916;23.076923076923077;23.076923076923077;25.0;25.0;0;0
113.854;0.0;0.0;-1.1141371626640257;23.076923076923077;23.076923076923077;25.0;25.0;0;0
113.954;0.0;0.0;-0.9903441445902452;23.076923076923077;23.076923076923077;25.0;25.0;0;0
114.055;0.0;0.0;-0.9284476355533549;23.076923076923077;23.076923076923077;25.0;25.0;0;0
114.157;0.0;0.0;-0.8046546174795742;23.076923076923077;23.076923076923077;25.0;25.0;0;0
114.26;0.0;0.0;-0.6808615994057936;23.076923076923077;23.076923076923077;25.0;25.0;0;0
114.366;0.0;0.0;-0.6189650903689032;23.076923076923077;23.076923076923077;25.0;25.0;0;0
114.468;0.0;0.0;-0.4951720722951226;23.076923076923077;23.128205128205128;25.0;25.0;0;0
114.569;0.0;0.0;-0.43327556325823224;23.076923076923077;23.128205128205128;25.0;25.0;0;0
114.682;0.0;0.0;-0.3094825451844516;23.076923076923077;23.128205128205128;25.0;25.0;0;0
114.793;0.0;0.0;-0.18568952711067097;23.076923076923077;23.128205128205128;25.0;25.0;0;0
114.899;0.0;0.0;-0.12379301807378065;23.076923076923077;23.128205128205128;25.0;25.0;0;0
115.011;0.0;0.0;0.0;23.076923076923077;23.128205128205128;25.0;25.0;0;0
115.112;0.0;0.0;0.0;23.076923076923077;23.128205128205128;25.0;25.0;0;0
115.221;0.0;0.0;0.0;23.076923076923077;23.128205128205128;25.0;25.0;0;0
115.327;0.0;0.0;0.0;23.076923076923077;23.128205128205128;25.0;25.0;0;0
115.428;0.0;0.0;0.0;23.076923076923077;23.128205128205128;25.0;25.0;0;0
115.529;0.0;0.0;0.0;23.076923076923077;23.128205128205128;25.0;25.0;0;0
115.629;0.0;0.0;0.0;23.076923076923077;23.128205128205128;25.0;25.0;0;0
115.73;0.0;0.0;0.0;23.076923076923077;23.128205128205128;25.0;25.0;0;0
115.831;0.0;0.0;0.0;23.076923076923077;23.128205128205128;25.0;25.0;0;0
115.934;0.0;0.0;0.0;23.076923076923077;23.128205128205128;25.0;25.0;0;0
116.035;0.0;0.0;0.0;23.076923076923077;23.128205128205128;25.0;25.0;0;0
116.136;0.0;0.0;0.0;23.076923076923077;23.128205128205128;25.0;25.0;0;0
116.237;0.0;0.0;0.0;23.076923076923077;23.128205128205128;25.0;25.0;0;0
116.34;0.0;0.0;0.0;23.076923076923077;23.128205128205128;25.0;25.0;0;0
116.441;0.0;0.0;0.0;23.076923076923077;23.128205128205128;25.0;25.0;0;0
116.542;0.0;0.0;0.0;23.076923076923077;23.076923076923077;25.0;25.0;0;0
116.644;0.0;0.0;0.0;23.076923076923077;23.076923076923077;25.0;25.0;0;0
116.754;0.0;0.0;0.0;23.076923076923077;23.076923076923077;25.0;25.0;0;0
116.857;0.0;0.0;0.0;23.076923076923077;23.076923076923077;25.0;25.0;0;0
116.958;0.0;0.0;0.0;23.076923076923077;23.076923076923077;25.0;25.0;0;0
117.061;0.0;0.0;0.0;23.076923076923077;23.076923076923077;25.0;25.0;0;0
117.163;0.0;0.0;0.0;23.076923076923077;23.076923076923077;25.0;25.0;0;0
117.264;0.0;0.0;0.0;23.076923076923077;23.076923076923077;25.0;25.0;0;0
117.365;0.0;0.0;0.0;23.076923076923077;23.076923076923077;25.0;25.0;0;0
117.472;0.0;0.0;0.0;23.076923076923077;23.076923076923077;25.0;25.0;0;0
117.591;0.0;0.0;0.0;23.076923076923077;23.128205128205128;25.0;25.0;0;0
117.705;0.0;0.0;0.0;23.076923076923077;23.128205128205128;25.0;25.0;0;0
117.807;0.0;0.0;0.0;23.076923076923077;23.128205128205128;25.0;25.0;0;0
117.91;0.0;0.0;0.0;23.076923076923077;23.128205128205128;25.0;25.0;0;0
118.013;0.0;0.0;0.0;23.076923076923077;23.128205128205128;25.0;25.0;0;0
118.113;0.0;0.0;0.0;23.076923076923077;23.128205128205128;25.0;25.0;0;0
118.221;0.0;0.0;0.0;23.076923076923077;23.128205128205128;25.0;25.0;0;0
118.322;0.0;0.0;0.0;23.076923076923077;23.128205128205128;25.0;25.0;0;0
118.432;0.0;0.0;0.0;23.076923076923077;23.128205128205128;25.0;25.0;0;0
118.533;0.0;0.0;0.0;23.076923076923077;23.076923076923077;25.0;25.0;0;0
118.636;0.0;0.0;0.0;23.076923076923077;23.076923076923077;25.0;25.0;0;0
118.738;0.0;0.0;0.0;23.076923076923077;23.076923076923077;25.0;25.0;0;0
118.842;0.0;0.0;0.0;23.076923076923077;23.076923076923077;25.0;25.0;0;0
118.95;0.0;0.0;0.0;23.076923076923077;23.076923076923077;25.0;25.0;0;0
119.055;0.0;0.0;0.0;23.076923076923077;23.076923076923077;25.0;25.0;0;0
119.158;0.0;0.0;0.0;23.076923076923077;23.076923076923077;25.0;25.0;0;0
119.271;0.0;0.0;0.0;23.076923076923077;23.076923076923077;25.0;25.0;0;0
119.378;0.0;0.0;0.061896509036890326;23.076923076923077;23.076923076923077;25.0;25.0;0;0
119.489;0.0;0.0;0.12379301807378065;23.076923076923077;23.076923076923077;25.0;25.0;0;0
119.593;0.0;0.0;0.18568952711067097;23.076923076923077;23.076923076923077;25.0;25.0;0;0
119.705;0.0;0.0;0.2475860361475613;23.076923076923077;23.076923076923077;25.0;25.0;0;0
119.807;0.0;0.0;0.3094825451844516;23.076923076923077;23.076923076923077;25.0;25.0;0;0
119.908;0.0;0.0;0.3094825451844516;23.076923076923077;23.076923076923077;25.0;25.0;0;0
120.009;0.0;0.0;0.37137905422134193;23.076923076923077;23.076923076923077;25.0;25.0;0;0
120.11;0.0;0.0;0.43327556325823224;23.076923076923077;23.076923076923077;25.0;25.0;0;0
120.232;0.0;0.0;0.4951720722951226;23.076923076923077;23.076923076923077;25.0;25.0;0;0
120.333;0.0;0.0;0.5570685813320129;23.076923076923077;23.076923076923077;25.0;25.0;0;0
120.441;0.0;0.0;0.6189650903689032;23.076923076923077;23.076923076923077;25.0;25.0;0;0
120.544;0.0;0.0;0.6808615994057936;23.017094017094017;23.128205128205128;25.0;25.0;0;0
120.646;0.0;0.0;0.6808615994057936;23.017094017094017;23.128205128205128;25.0;25.0;0;0
120.762;0.0;0.0;0.7427581084426839;23.017094017094017;23.128205128205128;25.0;25.0;0;0
120.863;0.0;0.0;0.8046546174795742;23.017094017094017;23.128205128205128;25.0;25.0;0;0
120.977;0.0;0.0;0.8665511265164645;23.017094017094017;23.128205128205128;25.0;25.0;0;0
121.077;0.0;0.0;0.9284476355533549;23.017094017094017;23.128205128205128;25.0;25.0;0;0
121.185;0.0;0.0;0.9903441445902452;23.017094017094017;23.128205128205128;25.0;25.0;0;0
121.288;0.0;0.0;1.0522406536271356;23.017094017094017;23.128205128205128;25.0;25.0;0;0
121.39;0.0;0.0;1.0522406536271356;23.017094017094017;23.128205128205128;25.0;25.0;0;0
121.491;0.0;0.0;1.1141371626640257;23.017094017094017;23.128205128205128;25.0;25.0;0;0
121.603;0.0;0.0;1.176033671700916;23.017094017094017;23.076923076923077;25.0;25.0;0;0
121.705;0.0;0.0;1.2379301807378065;23.017094017094017;23.076923076923077;25.0;25.0;0;0
121.815;0.0;0.0;1.2998266897746968;23.017094017094017;23.076923076923077;25.0;25.0;0;0
121.927;0.0;0.0;1.2998266897746968;23.017094017094017;23.076923076923077;25.0;25.0;0;0
122.036;0.0;0.0;1.3617231988115872;23.017094017094017;23.076923076923077;25.0;25.0;0;0
122.15;0.0;0.0;1.4236197078484774;23.017094017094017;23.076923076923077;25.0;25.0;0;0
122.256;0.0;0.0;1.4855162168853677;23.017094017094017;23.076923076923077;25.0;25.0;0;0
122.367;0.0;0.0;1.547412725922258;23.017094017094017;23.076923076923077;25.0;25.0;0;0
122.476;0.0;0.0;1.6093092349591485;23.017094017094017;23.076923076923077;25.0;25.0;0;0
122.587;0.0;0.0;1.6712057439960388;23.076923076923077;23.076923076923077;25.0;25.0;0;0
122.688;0.0;0.0;1.733102253032929;23.076923076923077;23.076923076923077;25.0;25.0;0;0
122.789;0.0;0.0;1.7949987620698193;23.076923076923077;23.076923076923077;25.0;25.0;0;0
122.907;0.0;0.0;1.7949987620698193;23.076923076923077;23.076923076923077;25.0;25.0;0;0
123.017;0.0;0.0;1.8568952711067097;23.076923076923077;23.076923076923077;25.0;25.0;0;0
123.133;0.0;0.0;1.9187917801436;23.076923076923077;23.076923076923077;25.0;25.0;0;0
123.237;0.0;0.0;1.9806882891804904;23.076923076923077;23.076923076923077;25.0;25.0;0;0
123.353;0.0;0.0;2.042584798217381;23.076923076923077;23.076923076923077;25.0;25.0;0;0
123.461;0.0;0.0;2.104481307254271;23.076923076923077;23.076923076923077;25.0;25.0;0;0
123.58;0.0;0.0;2.1663778162911616;23.076923076923077;23.128205128205128;25.0;25.0;0;0
123.686;0.0;0.0;2.1663778162911616;23.076923076923077;23.128205128205128;25.0;25.0;0;0
123.788;0.0;0.0;2.290170834364942;23.076923076923077;23.128205128205128;25.0;25.0;0;0
123.904;0.0;0.0;2.290170834364942;23.076923076923077;23.128205128205128;25.0;25.0;0;0
124.02;0.0;0.0;2.352067343401832;23.076923076923077;23.128205128205128;25.0;25.0;0;0
124.135;0.0;0.0;2.4139638524387226;23.076923076923077;23.128205128205128;25.0;25.0;0;0
124.245;0.0;0.0;2.475860361475613;23.076923076923077;23.128205128205128;25.0;25.0;0;0
124.356;0.0;0.0;2.5377568705125033;23.076923076923077;23.128205128205128;25.0;25.0;0;0
124.464;0.0;0.0;2.5996533795493937;23.076923076923077;23.128205128205128;25.0;25.0;0;0
124.574;0.0;0.0;2.661549888586284;23.076923076923077;23.128205128205128;25.0;25.0;0;0
124.675;0.0;0.0;2.661549888586284;23.076923076923077;23.128205128205128;25.0;25.0;0;0
124.791;0.0;0.0;2.7234463976231744;23.076923076923077;23.128205128205128;25.0;25.0;0;0
124.895;0.0;0.0;2.785342906660065;23.076923076923077;23.128205128205128;25.0;25.0;0;0
124.996;0.0;0.0;2.8472394156969547;23.076923076923077;23.128205128205128;25.0;25.0;0;0
125.097;0.0;0.0;2.909135924733845;23.076923076923077;23.128205128205128;25.0;25.0;0;0
125.207;0.0;0.0;2.9710324337707354;23.076923076923077;23.128205128205128;25.0;25.0;0;0
125.308;0.0;0.0;3.032928942807626;23.076923076923077;23.128205128205128;25.0;25.0;0;0
125.439;0.0;0.0;3.032928942807626;23.076923076923077;23.128205128205128;25.0;25.0;0;0
125.548;0.0;0.0;3.1567219608814066;23.076923076923077;23.128205128205128;25.0;25.0;0;0
125.659;0.0;0.0;3.1567219608814066;23.076923076923077;23.128205128205128;25.0;25.0;0;0
125.785;0.0;0.0;3.218618469918297;23.076923076923077;23.128205128205128;25.0;25.0;0;0
125.886;0.0;0.0;3.2805149789551873;23.076923076923077;23.128205128205128;25.0;25.0;0;0
125.988;0.0;0.0;3.3424114879920777;23.076923076923077;23.128205128205128;25.0;25.0;0;0
126.099;0.0;0.0;3.404307997028968;23.076923076923077;23.128205128205128;25.0;25.0;0;0
126.211;0.0;0.0;3.466204506065858;23.076923076923077;23.128205128205128;25.0;25.0;0;0
126.324;0.0;0.0;3.5281010151027483;23.076923076923077;23.128205128205128;25.0;25.0;0;0
126.439;0.0;0.0;3.5281010151027483;23.076923076923077;23.128205128205128;25.0;25.0;0;0
126.551;0.0;0.0;3.651894033176529;23.076923076923077;23.128205128205128;25.0;25.0;0;0
126.66;0.0;0.0;3.651894033176529;23.076923076923077;23.128205128205128;25.0;25.0;0;0
126.783;0.0;0.0;3.7137905422134194;23.076923076923077;23.128205128205128;25.0;25.0;0;0
126.884;0.0;0.0;3.77568705125031;23.076923076923077;23.128205128205128;25.0;25.0;0;0
126.985;0.0;0.0;3.8375835602872;23.076923076923077;23.128205128205128;25.0;25.0;0;0
127.086;0.0;0.0;3.8994800693240905;23.076923076923077;23.128205128205128;25.0;25.0;0;0
127.202;0.0;0.0;3.8994800693240905;23.076923076923077;23.128205128205128;25.0;25.0;0;0
127.308;0.0;0.0;3.961376578360981;23.076923076923077;23.128205128205128;25.0;25.0;0;0
127.422;0.0;0.0;4.023273087397871;23.076923076923077;23.128205128205128;25.0;25.0;0;0
127.534;0.0;0.0;4.085169596434762;23.076923076923077;23.128205128205128;25.0;25.0;0;0
127.635;0.0;0.0;4.1470661054716516;23.076923076923077;23.076923076923077;25.0;25.0;0;0
127.736;0.0;0.0;4.208962614508542;23.076923076923077;23.076923076923077;25.0;25.0;0;0
127.854;0.0;0.0;4.270859123545432;23.076923076923077;23.076923076923077;25.0;25.0;0;0
127.961;0.0;0.0;4.332755632582323;23.076923076923077;23.076923076923077;25.0;25.0;0;0
128.074;0.0;0.0;4.394652141619213;23.076923076923077;23.076923076923077;25.0;25.0;0;0
128.188;0.0;0.0;4.394652141619213;23.076923076923077;23.076923076923077;25.0;25.0;0;0
128.291;0.0;0.0;4.518445159692994;23.076923076923077;23.076923076923077;25.0;25.0;0;0
128.398;0.0;0.0;4.518445159692994;23.076923076923077;23.076923076923077;25.0;25.0;0;0
128.509;0.0;0.0;4.580341668729884;23.076923076923077;23.076923076923077;25.0;25.0;0;0
128.618;0.0;0.0;4.6422381777667745;23.076923076923077;23.128205128205128;25.0;25.0;0;0
128.731;0.0;0.0;4.704134686803664;23.076923076923077;23.128205128205128;25.0;25.0;0;0
128.843;0.0;0.0;4.766031195840555;23.076923076923077;23.128205128205128;25.0;25.0;0;0
128.948;0.0;0.0;4.766031195840555;23.076923076923077;23.128205128205128;25.0;25.0;0;0
129.062;0.0;0.0;4.827927704877445;23.076923076923077;23.128205128205128;25.0;25.0;0;0
129.163;0.0;0.0;4.889824213914336;23.076923076923077;23.128205128205128;25.0;25.0;0;0
129.265;0.0;0.0;4.951720722951226;23.076923076923077;23.128205128205128;25.0;25.0;0;0
129.366;0.0;0.0;4.951720722951226;23.076923076923077;23.128205128205128;25.0;25.0;0;0
129.475;0.0;0.0;4.951720722951226;23.076923076923077;23.076923076923077;25.0;25.0;0;0
129.586;0.0;0.0;4.951720722951226;23.076923076923077;23.076923076923077;25.0;25.0;0;0
129.689;0.0;0.0;4.951720722951226;23.076923076923077;23.076923076923077;25.0;25.0;0;0
129.789;0.0;0.0;4.951720722951226;23.076923076923077;23.076923076923077;25.0;25.0;0;0
129.925;0.0;0.0;4.951720722951226;23.076923076923077;23.076923076923077;25.0;25.0;0;0
130.093;0.0;0.0;4.951720722951226;23.076923076923077;23.076923076923077;25.0;25.0;0;0
130.247;0.0;0.0;4.951720722951226;23.076923076923077;23.076923076923077;25.0;25.0;0;0
130.353;0.0;0.0;4.951720722951226;23.076923076923077;23.076923076923077;25.0;25.0;0;0
130.479;0.0;0.0;4.951720722951226;23.076923076923077;23.076923076923077;25.0;25.0;0;0
130.596;0.0;0.0;4.951720722951226;23.076923076923077;23.076923076923077;25.0;25.0;0;0
130.73;0.0;0.0;4.951720722951226;23.076923076923077;23.076923076923077;25.0;25.0;0;0
130.915;0.0;0.0;4.951720722951226;23.076923076923077;23.076923076923077;25.0;25.0;0;0
131.023;0.0;0.0;4.951720722951226;23.076923076923077;23.076923076923077;25.0;25.0;0;0
131.123;0.0;0.0;4.951720722951226;23.076923076923077;23.076923076923077;25.0;25.0;0;0
131.225;0.0;0.0;4.951720722951226;23.076923076923077;23.076923076923077;25.0;25.0;0;0
131.333;0.0;0.0;4.951720722951226;23.076923076923077;23.076923076923077;25.0;25.0;0;0
131.441;0.0;0.0;4.951720722951226;23.076923076923077;23.076923076923077;25.0;25.0;0;0
131.542;0.0;0.0;4.889824213914336;23.076923076923077;23.076923076923077;25.0;25.0;0;0
131.659;0.0;0.0;4.827927704877445;23.076923076923077;23.076923076923077;25.0;25.0;0;0
131.76;0.0;0.0;4.766031195840555;23.076923076923077;23.076923076923077;25.0;25.0;0;0
131.861;0.0;0.0;4.704134686803664;23.076923076923077;23.076923076923077;25.0;25.0;0;0
131.963;0.0;0.0;4.704134686803664;23.076923076923077;23.076923076923077;25.0;25.0;0;0
132.064;0.0;0.0;4.6422381777667745;23.076923076923077;23.076923076923077;25.0;25.0;0;0
132.188;0.0;0.0;4.580341668729884;23.076923076923077;23.076923076923077;25.0;25.0;0;0
132.289;0.0;0.0;4.518445159692994;23.076923076923077;23.076923076923077;25.0;25.0;0;0
132.4;0.0;0.0;4.456548650656103;23.076923076923077;23.076923076923077;25.0;25.0;0;0
132.5;0.0;0.0;4.456548650656103;23.076923076923077;23.076923076923077;25.0;25.0;0;0
132.618;0.0;0.0;4.394652141619213;23.076923076923077;23.076923076923077;25.0;25.0;0;0
132.72;0.0;0.0;4.332755632582323;23.076923076923077;23.076923076923077;25.0;25.0;0;0
132.836;0.0;0.0;4.270859123545432;23.076923076923077;23.076923076923077;25.0;25.0;0;0
132.938;0.0;0.0;4.208962614508542;23.076923076923077;23.076923076923077;25.0;25.0;0;0
133.055;0.0;0.0;4.1470661054716516;23.076923076923077;23.076923076923077;25.0;25.0;0;0
133.156;0.0;0.0;4.085169596434762;23.076923076923077;23.076923076923077;25.0;25.0;0;0
133.277;0.0;0.0;4.085169596434762;23.076923076923077;23.076923076923077;25.0;25.0;0;0
133.379;0.0;0.0;3.961376578360981;23.076923076923077;23.076923076923077;25.0;25.0;0;0
133.49;0.0;0.0;3.961376578360981;23.076923076923077;23.076923076923077;25.0;25.0;0;0
133.59;0.0;0.0;3.8994800693240905;23.076923076923077;23.076923076923077;25.0;25.0;0;0
133.707;0.0;0.0;3.8375835602872;23.076923076923077;23.076923076923077;25.0;25.0;0;0
133.809;0.0;0.0;3.77568705125031;23.076923076923077;23.076923076923077;25.0;25.0;0;0
133.927;0.0;0.0;3.7137905422134194;23.076923076923077;23.076923076923077;25.0;25.0;0;0
134.028;0.0;0.0;3.651894033176529;23.076923076923077;23.076923076923077;25.0;25.0;0;0
134.149;0.0;0.0;3.651894033176529;23.076923076923077;23.076923076923077;25.0;25.0;0;0
134.251;0.0;0.0;3.5899975241396387;23.076923076923077;23.076923076923077;25.0;25.0;0;0
134.367;0.0;0.0;3.5281010151027483;23.076923076923077;23.076923076923077;25.0;25.0;0;0
134.469;0.0;0.0;3.466204506065858;23.076923076923077;23.076923076923077;25.0;25.0;0;0
134.584;0.0;0.0;3.404307997028968;23.076923076923077;23.076923076923077;25.0;25.0;0;0
134.686;0.0;0.0;3.3424114879920777;23.017094017094017;23.128205128205128;25.0;25.0;0;0
134.804;0.0;0.0;3.2805149789551873;23.017094017094017;23.128205128205128;25.0;25.0;0;0
134.906;0.0;0.0;3.218618469918297;23.017094017094017;23.128205128205128;25.0;25.0;0;0
135.024;0.0;0.0;3.218618469918297;23.017094017094017;23.128205128205128;25.0;25.0;0;0
135.125;0.0;0.0;3.094825451844516;23.017094017094017;23.128205128205128;25.0;25.0;0;0
135.239;0.0;0.0;3.094825451844516;23.017094017094017;23.128205128205128;25.0;25.0;0;0
135.343;0.0;0.0;3.032928942807626;23.017094017094017;23.128205128205128;25.0;25.0;0;0
135.459;0.0;0.0;2.9710324337707354;23.017094017094017;23.128205128205128;25.0;25.0;0;0
135.56;0.0;0.0;2.909135924733845;23.017094017094017;23.128205128205128;25.0;25.0;0;0
135.677;0.0;0.0;2.8472394156969547;23.076923076923077;23.128205128205128;25.0;25.0;0;0
135.777;0.0;0.0;2.785342906660065;23.076923076923077;23.128205128205128;25.0;25.0;0;0
135.895;0.0;0.0;2.785342906660065;23.076923076923077;23.128205128205128;25.0;25.0;0;0
135.998;0.0;0.0;2.7234463976231744;23.076923076923077;23.128205128205128;25.0;25.0;0;0
136.114;0.0;0.0;2.661549888586284;23.076923076923077;23.128205128205128;25.0;25.0;0;0
136.215;0.0;0.0;2.5996533795493937;23.076923076923077;23.128205128205128;25.0;25.0;0;0
136.339;0.0;0.0;2.5377568705125033;23.076923076923077;23.128205128205128;25.0;25.0;0;0
136.44;0.0;0.0;2.475860361475613;23.076923076923077;23.128205128205128;25.0;25.0;0;0
136.554;0.0;0.0;2.4139638524387226;23.076923076923077;23.128205128205128;25.0;25.0;0;0
136.655;0.0;0.0;2.352067343401832;23.076923076923077;23.128205128205128;25.0;25.0;0;0
136.774;0.0;0.0;2.352067343401832;23.076923076923077;23.128205128205128;25.0;25.0;0;0
136.876;0.0;0.0;2.2282743253280515;23.076923076923077;23.128205128205128;25.0;25.0;0;0
136.99;0.0;0.0;2.2282743253280515;23.076923076923077;23.128205128205128;25.0;25.0;0;0
137.097;0.0;0.0;2.1663778162911616;23.076923076923077;23.128205128205128;25.0;25.0;0;0
137.211;0.0;0.0;2.104481307254271;23.076923076923077;23.128205128205128;25.0;25.0;0;0
137.311;0.0;0.0;2.042584798217381;23.076923076923077;23.128205128205128;25.0;25.0;0;0
137.418;0.0;0.0;1.9806882891804904;23.076923076923077;23.128205128205128;25.0;25.0;0;0
137.521;0.0;0.0;1.9806882891804904;23.076923076923077;23.128205128205128;25.0;25.0;0;0
137.633;0.0;0.0;1.9187917801436;23.076923076923077;23.128205128205128;25.0;25.0;0;0
137.754;0.0;0.0;1.8568952711067097;23.076923076923077;23.128205128205128;25.0;25.0;0;0
137.856;0.0;0.0;1.7949987620698193;23.076923076923077;23.128205128205128;25.0;25.0;0;0
137.956;0.0;0.0;1.733102253032929;23.076923076923077;23.128205128205128;25.0;25.0;0;0
138.067;0.0;0.0;1.6712057439960388;23.076923076923077;23.128205128205128;25.0;25.0;0;0
138.177;0.0;0.0;1.6093092349591485;23.076923076923077;23.128205128205128;25.0;25.0;0;0
138.293;0.0;0.0;1.547412725922258;23.076923076923077;23.128205128205128;25.0;25.0;0;0
138.396;0.0;0.0;1.4855162168853677;23.076923076923077;23.128205128205128;25.0;25.0;0;0
138.508;0.0;0.0;1.4855162168853677;23.076923076923077;23.128205128205128;25.0;25.0;0;0
138.619;0.0;0.0;1.4236197078484774;23.076923076923077;23.076923076923077;25.0;25.0;0;0
138.728;0.0;0.0;1.3617231988115872;23.076923076923077;23.076923076923077;25.0;25.0;0;0
138.836;0.0;0.0;1.2998266897746968;23.076923076923077;23.076923076923077;25.0;25.0;0;0
138.956;0.0;0.0;1.2379301807378065;23.076923076923077;23.076923076923077;25.0;25.0;0;0
139.06;0.0;0.0;1.176033671700916;23.076923076923077;23.076923076923077;25.0;25.0;0;0
139.175;0.0;0.0;1.1141371626640257;23.076923076923077;23.076923076923077;25.0;25.0;0;0
139.276;0.0;0.0;1.1141371626640257;23.076923076923077;23.076923076923077;25.0;25.0;0;0
139.394;0.0;0.0;1.0522406536271356;23.076923076923077;23.076923076923077;25.0;25.0;0;0
139.504;0.0;0.0;0.9903441445902452;23.076923076923077;23.076923076923077;25.0;25.0;0;0
139.605;0.0;0.0;0.9284476355533549;23.076923076923077;23.128205128205128;25.0;25.0;0;0
139.705;0.0;0.0;0.8665511265164645;23.076923076923077;23.128205128205128;25.0;25.0;0;0
139.809;0.0;0.0;0.8046546174795742;23.076923076923077;23.128205128205128;25.0;25.0;0;0
139.927;0.0;0.0;0.7427581084426839;23.076923076923077;23.128205128205128;25.0;25.0;0;0
140.037;0.0;0.0;0.7427581084426839;23.076923076923077;23.128205128205128;25.0;25.0;0;0
140.148;0.0;0.0;0.6808615994057936;23.076923076923077;23.128205128205128;25.0;25.0;0;0
140.259;0.0;0.0;0.6189650903689032;23.076923076923077;23.128205128205128;25.0;25.0;0;0
140.371;0.0;0.0;0.5570685813320129;23.076923076923077;23.128205128205128;25.0;25.0;0;0
140.481;0.0;0.0;0.4951720722951226;23.076923076923077;23.128205128205128;25.0;25.0;0;0
140.598;0.0;0.0;0.43327556325823224;23.076923076923077;23.128205128205128;25.0;25.0;0;0
140.704;0.0;0.0;0.37137905422134193;23.076923076923077;23.128205128205128;25.0;25.0;0;0
140.813;0.0;0.0;0.3094825451844516;23.076923076923077;23.128205128205128;25.0;25.0;0;0
140.914;0.0;0.0;0.2475860361475613;23.076923076923077;23.128205128205128;25.0;25.0;0;0
141.022;0.0;0.0;0.2475860361475613;23.076923076923077;23.128205128205128;25.0;25.0;0;0
141.13;0.0;0.0;0.18568952711067097;23.076923076923077;23.128205128205128;25.0;25.0;0;0
141.241;0.0;0.0;0.12379301807378065;23.076923076923077;23.128205128205128;25.0;25.0;0;0
141.352;0.0;0.0;0.061896509036890326;23.076923076923077;23.128205128205128;25.0;25.0;0;0
141.466;0.0;0.0;0.0;23.076923076923077;23.128205128205128;25.0;25.0;0;0
141.576;0.0;0.0;-0.061896509036890326;23.076923076923077;23.128205128205128;25.0;25.0;0;0
141.689;0.0;0.0;-0.12379301807378065;23.076923076923077;23.128205128205128;25.0;25.0;0;0
141.799;0.0;0.0;-0.12379301807378065;23.076923076923077;23.128205128205128;25.0;25.0;0;0
141.905;0.0;0.0;-0.18568952711067097;23.076923076923077;23.128205128205128;25.0;25.0;0;0
142.008;0.0;0.0;-0.2475860361475613;23.076923076923077;23.128205128205128;25.0;25.0;0;0
142.118;0.0;0.0;-0.3094825451844516;23.076923076923077;23.128205128205128;25.0;25.0;0;0
142.23;0.0;0.0;-0.37137905422134193;23.076923076923077;23.128205128205128;25.0;25.0;0;0
142.338;0.0;0.0;-0.43327556325823224;23.076923076923077;23.128205128205128;25.0;25.0;0;0
142.448;0.0;0.0;-0.4951720722951226;23.076923076923077;23.128205128205128;25.0;25.0;0;0
142.566;0.0;0.0;-0.5570685813320129;23.076923076923077;23.128205128205128;25.0;25.0;0;0
142.673;0.0;0.0;-0.6189650903689032;23.076923076923077;23.128205128205128;25.0;25.0;0;0
142.791;0.0;0.0;-0.6189650903689032;23.076923076923077;23.128205128205128;25.0;25.0;0;0
142.895;0.0;0.0;-0.6808615994057936;23.076923076923077;23.128205128205128;25.0;25.0;0;0
143.006;0.0;0.0;-0.7427581084426839;23.076923076923077;23.128205128205128;25.0;25.0;0;0
143.116;0.0;0.0;-0.8046546174795742;23.076923076923077;23.128205128205128;25.0;25.0;0;0
143.216;0.0;0.0;-0.8665511265164645;23.076923076923077;23.128205128205128;25.0;25.0;0;0
143.321;0.0;0.0;-0.9284476355533549;23.076923076923077;23.128205128205128;25.0;25.0;0;0
143.43;0.0;0.0;-0.9903441445902452;23.076923076923077;23.128205128205128;25.0;25.0;0;0
143.539;0.0;0.0;-0.9903441445902452;23.076923076923077;23.128205128205128;25.0;25.0;0;0
143.654;0.0;0.0;-1.0522406536271356;23.076923076923077;23.128205128205128;25.0;25.0;0;0
143.762;0.0;0.0;-1.1141371626640257;23.076923076923077;23.128205128205128;25.0;25.0;0;0
143.864;0.0;0.0;-1.176033671700916;23.076923076923077;23.128205128205128;25.0;25.0;0;0
143.966;0.0;0.0;-1.2379301807378065;23.076923076923077;23.128205128205128;25.0;25.0;0;0
144.066;0.0;0.0;-1.2998266897746968;23.076923076923077;23.128205128205128;25.0;25.0;0;0
144.177;0.0;0.0;-1.3617231988115872;23.076923076923077;23.128205128205128;25.0;25.0;0;0
144.277;0.0;0.0;-1.3617231988115872;23.076923076923077;23.128205128205128;25.0;25.0;0;0
144.377;0.0;0.0;-1.4236197078484774;23.076923076923077;23.128205128205128;25.0;25.0;0;0
144.478;0.0;0.0;-1.4855162168853677;23.076923076923077;23.128205128205128;25.0;25.0;0;0
144.579;0.0;0.0;-1.547412725922258;23.076923076923077;23.128205128205128;25.0;25.0;0;0
144.684;0.0;0.0;-1.6093092349591485;23.076923076923077;23.128205128205128;25.0;25.0;0;0
144.785;0.0;0.0;-1.6093092349591485;23.076923076923077;23.128205128205128;25.0;25.0;0;0
144.885;0.0;0.0;-1.6712057439960388;23.076923076923077;23.128205128205128;25.0;25.0;0;0
144.987;0.0;0.0;-1.733102253032929;23.076923076923077;23.128205128205128;25.0;25.0;0;0
145.097;0.0;0.0;-1.7949987620698193;23.076923076923077;23.128205128205128;25.0;25.0;0;0
145.206;0.0;0.0;-1.8568952711067097;23.076923076923077;23.128205128205128;25.0;25.0;0;0
145.318;0.0;0.0;-1.8568952711067097;23.076923076923077;23.128205128205128;25.0;25.0;0;0
145.428;0.0;0.0;-1.9806882891804904;23.076923076923077;23.128205128205128;25.0;25.0;0;0
145.539;0.0;0.0;-1.9806882891804904;23.076923076923077;23.128205128205128;25.0;25.0;0;0
145.65;0.0;0.0;-2.042584798217381;23.076923076923077;23.128205128205128;25.0;25.0;0;0
145.759;0.0;0.0;-2.104481307254271;23.076923076923077;23.128205128205128;25.0;25.0;0;0
145.873;0.0;0.0;-2.1663778162911616;23.076923076923077;23.128205128205128;25.0;25.0;0;0
145.979;0.0;0.0;-2.2282743253280515;23.076923076923077;23.128205128205128;25.0;25.0;0;0
146.097;0.0;0.0;-2.290170834364942;23.076923076923077;23.128205128205128;25.0;25.0;0;0
146.201;0.0;0.0;-2.352067343401832;23.076923076923077;23.128205128205128;25.0;25.0;0;0
146.303;0.0;0.0;-2.352067343401832;23.076923076923077;23.128205128205128;25.0;25.0;0;0
146.413;0.0;0.0;-2.4139638524387226;23.076923076923077;23.128205128205128;25.0;25.0;0;0
146.514;0.0;0.0;-2.475860361475613;23.076923076923077;23.128205128205128;25.0;25.0;0;0
146.651;0.0;0.0;-2.5377568705125033;23.076923076923077;23.076923076923077;25.0;25.0;0;0
146.755;0.0;0.0;-2.5996533795493937;23.076923076923077;23.076923076923077;25.0;25.0;0;0
146.866;0.0;0.0;-2.661549888586284;23.076923076923077;23.076923076923077;25.0;25.0;0;0
146.973;0.0;0.0;-2.7234463976231744;23.076923076923077;23.076923076923077;25.0;25.0;0;0
147.091;0.0;0.0;-2.7234463976231744;23.076923076923077;23.076923076923077;25.0;25.0;0;0
147.197;0.0;0.0;-2.8472394156969547;23.076923076923077;23.076923076923077;25.0;25.0;0;0
147.311;0.0;0.0;-2.8472394156969547;23.076923076923077;23.076923076923077;25.0;25.0;0;0
147.419;0.0;0.0;-2.9710324337707354;23.076923076923077;23.076923076923077;25.0;25.0;0;0
147.536;0.0;0.0;-2.9710324337707354;23.076923076923077;23.076923076923077;25.0;25.0;0;0
147.638;0.0;0.0;-3.032928942807626;23.076923076923077;23.076923076923077;25.0;25.0;0;0
147.751;0.0;0.0;-3.094825451844516;23.076923076923077;23.076923076923077;25.0;25.0;0;0
147.854;0.0;0.0;-3.1567219608814066;23.076923076923077;23.076923076923077;25.0;25.0;0;0
147.97;0.0;0.0;-3.218618469918297;23.076923076923077;23.076923076923077;25.0;25.0;0;0
148.072;0.0;0.0;-3.2805149789551873;23.076923076923077;23.076923076923077;25.0;25.0;0;0
148.188;0.0;0.0;-3.2805149789551873;23.076923076923077;23.076923076923077;25.0;25.0;0;0
148.29;0.0;0.0;-3.404307997028968;23.076923076923077;23.076923076923077;25.0;25.0;0;0
148.41;0.0;0.0;-3.404307997028968;23.076923076923077;23.076923076923077;25.0;25.0;0;0
148.513;0.0;0.0;-3.466204506065858;23.076923076923077;23.076923076923077;25.0;25.0;0;0
148.626;0.0;0.0;-3.5281010151027483;23.076923076923077;23.076923076923077;25.0;25.0;0;0
148.726;0.0;0.0;-3.5899975241396387;23.076923076923077;23.128205128205128;25.0;25.0;0;0
148.843;0.0;0.0;-3.651894033176529;23.076923076923077;23.128205128205128;25.0;25.0;0;0
148.944;0.0;0.0;-3.7137905422134194;23.076923076923077;23.128205128205128;25.0;25.0;0;0
149.046;0.0;0.0;-3.7137905422134194;23.076923076923077;23.128205128205128;25.0;25.0;0;0
149.164;0.0;0.0;-3.8375835602872;23.076923076923077;23.128205128205128;25.0;25.0;0;0
149.286;0.0;0.0;-3.8375835602872;23.076923076923077;23.128205128205128;25.0;25.0;0;0
149.387;0.0;0.0;-3.8994800693240905;23.076923076923077;23.128205128205128;25.0;25.0;0;0
149.504;0.0;0.0;-3.961376578360981;23.076923076923077;23.128205128205128;25.0;25.0;0;0
149.604;0.0;0.0;-4.023273087397871;23.076923076923077;23.128205128205128;25.0;25.0;0;0
149.722;0.0;0.0;-4.085169596434762;23.076923076923077;23.128205128205128;25.0;25.0;0;0
149.824;0.0;0.0;-4.1470661054716516;23.076923076923077;23.128205128205128;25.0;25.0;0;0
149.945;0.0;0.0;-4.1470661054716516;23.076923076923077;23.128205128205128;25.0;25.0;0;0
150.046;0.0;0.0;-4.208962614508542;23.076923076923077;23.128205128205128;25.0;25.0;0;0
150.163;0.0;0.0;-4.270859123545432;23.076923076923077;23.128205128205128;25.0;25.0;0;0
150.264;0.0;0.0;-4.332755632582323;23.076923076923077;23.128205128205128;25.0;25.0;0;0
150.381;0.0;0.0;-4.394652141619213;23.076923076923077;23.128205128205128;25.0;25.0;0;0
150.483;0.0;0.0;-4.456548650656103;23.076923076923077;23.128205128205128;25.0;25.0;0;0
150.603;0.0;0.0;-4.518445159692994;23.076923076923077;23.128205128205128;25.0;25.0;0;0
150.705;0.0;0.0;-4.580341668729884;23.076923076923077;23.128205128205128;25.0;25.0;0;0
150.821;0.0;0.0;-4.6422381777667745;23.076923076923077;23.128205128205128;25.0;25.0;0;0
150.926;0.0;0.0;-4.704134686803664;23.076923076923077;23.128205128205128;25.0;25.0;0;0
151.043;0.0;0.0;-4.766031195840555;23.076923076923077;23.128205128205128;25.0;25.0;0;0
151.145;0.0;0.0;-4.766031195840555;23.076923076923077;23.128205128205128;25.0;25.0;0;0
151.263;0.0;0.0;-4.827927704877445;23.076923076923077;23.128205128205128;25.0;25.0;0;0
151.365;0.0;0.0;-4.889824213914336;23.076923076923077;23.128205128205128;25.0;25.0;0;0
151.484;0.0;0.0;-4.951720722951226;23.076923076923077;23.128205128205128;25.0;25.0;0;0
151.585;0.0;0.0;-4.951720722951226;23.076923076923077;23.128205128205128;25.0;25.0;0;0
151.705;0.0;0.0;-4.951720722951226;23.076923076923077;23.128205128205128;25.0;25.0;0;0
151.806;0.0;0.0;-4.951720722951226;23.076923076923077;23.128205128205128;25.0;25.0;0;0
151.912;0.0;0.0;-4.951720722951226;23.076923076923077;23.128205128205128;25.0;25.0;0;0
152.016;0.0;0.0;-4.951720722951226;23.076923076923077;23.128205128205128;25.0;25.0;0;0
152.126;0.0;0.0;-4.951720722951226;23.076923076923077;23.128205128205128;25.0;25.0;0;0
152.227;0.0;0.0;-4.951720722951226;23.076923076923077;23.128205128205128;25.0;25.0;0;0
152.33;0.0;0.0;-4.951720722951226;23.076923076923077;23.128205128205128;25.0;25.0;0;0
152.435;0.0;0.0;-4.951720722951226;23.076923076923077;23.128205128205128;25.0;25.0;0;0
152.543;0.0;0.0;-4.951720722951226;23.076923076923077;23.128205128205128;25.0;25.0;0;0
152.643;0.0;0.0;-4.951720722951226;23.076923076923077;23.076923076923077;25.0;25.0;0;0
152.758;0.0;0.0;-4.951720722951226;23.076923076923077;23.076923076923077;25.0;25.0;0;0
152.86;0.0;0.0;-4.951720722951226;23.076923076923077;23.076923076923077;25.0;25.0;0;0
152.968;0.0;0.0;-4.951720722951226;23.076923076923077;23.076923076923077;25.0;25.0;0;0
153.08;0.0;0.0;-4.951720722951226;23.076923076923077;23.076923076923077;25.0;25.0;0;0
153.19;0.0;0.0;-4.951720722951226;23.076923076923077;23.076923076923077;25.0;25.0;0;0
153.299;0.0;0.0;-4.951720722951226;23.076923076923077;23.076923076923077;25.0;25.0;0;0
153.408;0.0;0.0;-4.951720722951226;23.076923076923077;23.076923076923077;25.0;25.0;0;0
153.519;0.0;0.0;-4.951720722951226;23.076923076923077;23.076923076923077;25.0;25.0;0;0
153.635;0.0;0.0;-4.889824213914336;23.076923076923077;23.128205128205128;25.0;25.0;0;0
153.746;0.0;0.0;-4.889824213914336;23.076923076923077;23.128205128205128;25.0;25.0;0;0
153.85;0.0;0.0;-4.766031195840555;23.076923076923077;23.128205128205128;25.0;25.0;0;0
153.962;0.0;0.0;-4.766031195840555;23.076923076923077;23.128205128205128;25.0;25.0;0;0
154.063;0.0;0.0;-4.704134686803664;23.076923076923077;23.128205128205128;25.0;25.0;0;0
154.163;0.0;0.0;-4.6422381777667745;23.076923076923077;23.128205128205128;25.0;25.0;0;0
154.264;0.0;0.0;-4.580341668729884;23.076923076923077;23.128205128205128;25.0;25.0;0;0
154.365;0.0;0.0;-4.518445159692994;23.076923076923077;23.128205128205128;25.0;25.0;0;0
154.465;0.0;0.0;-4.518445159692994;23.076923076923077;23.128205128205128;25.0;25.0;0;0
154.567;0.0;0.0;-4.456548650656103;23.076923076923077;23.128205128205128;25.0;25.0;0;0
154.669;0.0;0.0;-4.394652141619213;23.076923076923077;23.076923076923077;25.0;25.0;0;0
154.772;0.0;0.0;-4.332755632582323;23.076923076923077;23.076923076923077;25.0;25.0;0;0
154.878;0.0;0.0;-4.270859123545432;23.076923076923077;23.076923076923077;25.0;25.0;0;0
154.991;0.0;0.0;-4.208962614508542;23.076923076923077;23.076923076923077;25.0;25.0;0;0
155.094;0.0;0.0;-4.1470661054716516;23.076923076923077;23.076923076923077;25.0;25.0;0;0
155.209;0.0;0.0;-4.1470661054716516;23.076923076923077;23.076923076923077;25.0;25.0;0;0
155.31;0.0;0.0;-4.085169596434762;23.076923076923077;23.076923076923077;25.0;25.0;0;0
155.411;0.0;0.0;-4.023273087397871;23.076923076923077;23.076923076923077;25.0;25.0;0;0
155.523;0.0;0.0;-3.961376578360981;23.076923076923077;23.076923076923077;25.0;25.0;0;0
155.627;0.0;0.0;-3.8994800693240905;23.076923076923077;23.076923076923077;25.0;25.0;0;0
155.736;0.0;0.0;-3.8994800693240905;23.076923076923077;23.128205128205128;25.0;25.0;0;0
155.852;0.0;0.0;-3.8375835602872;23.076923076923077;23.128205128205128;25.0;25.0;0;0
155.961;0.0;0.0;-3.77568705125031;23.076923076923077;23.128205128205128;25.0;25.0;0;0
156.07;0.0;0.0;-3.7137905422134194;23.076923076923077;23.128205128205128;25.0;25.0;0;0
156.17;0.0;0.0;-3.651894033176529;23.076923076923077;23.128205128205128;25.0;25.0;0;0
156.275;0.0;0.0;-3.5899975241396387;23.076923076923077;23.128205128205128;25.0;25.0;0;0
156.376;0.0;0.0;-3.5281010151027483;23.076923076923077;23.128205128205128;25.0;25.0;0;0
156.476;0.0;0.0;-3.5281010151027483;23.076923076923077;23.128205128205128;25.0;25.0;0;0
156.577;0.0;0.0;-3.404307997028968;23.076923076923077;23.128205128205128;25.0;25.0;0;0
156.677;0.0;0.0;-3.404307997028968;23.076923076923077;23.128205128205128;25.0;25.0;0;0
156.777;0.0;0.0;-3.3424114879920777;23.076923076923077;23.128205128205128;25.0;25.0;0;0
156.878;0.0;0.0;-3.2805149789551873;23.076923076923077;23.128205128205128;25.0;25.0;0;0
156.978;0.0;0.0;-3.218618469918297;23.076923076923077;23.128205128205128;25.0;25.0;0;0
157.079;0.0;0.0;-3.1567219608814066;23.076923076923077;23.128205128205128;25.0;25.0;0;0
157.18;0.0;0.0;-3.1567219608814066;23.076923076923077;23.128205128205128;25.0;25.0;0;0
157.295;0.0;0.0;-3.094825451844516;23.076923076923077;23.128205128205128;25.0;25.0;0;0
157.396;0.0;0.0;-3.032928942807626;23.076923076923077;23.128205128205128;25.0;25.0;0;0
157.497;0.0;0.0;-2.9710324337707354;23.076923076923077;23.128205128205128;25.0;25.0;0;0
157.6;0.0;0.0;-2.9710324337707354;23.076923076923077;23.128205128205128;25.0;25.0;0;0
157.709;0.0;0.0;-2.909135924733845;23.076923076923077;23.128205128205128;25.0;25.0;0;0
157.819;0.0;0.0;-2.8472394156969547;23.076923076923077;23.128205128205128;25.0;25.0;0;0
157.93;0.0;0.0;-2.785342906660065;23.076923076923077;23.128205128205128;25.0;25.0;0;0
158.043;0.0;0.0;-2.7234463976231744;23.076923076923077;23.128205128205128;25.0;25.0;0;0
158.156;0.0;0.0;-2.661549888586284;23.076923076923077;23.128205128205128;25.0;25.0;0;0
158.268;0.0;0.0;-2.5996533795493937;23.076923076923077;23.128205128205128;25.0;25.0;0;0
158.369;0.0;0.0;-2.5377568705125033;23.076923076923077;23.128205128205128;25.0;25.0;0;0
158.469;0.0;0.0;-2.5377568705125033;23.076923076923077;23.128205128205128;25.0;25.0;0;0
158.577;0.0;0.0;-2.475860361475613;23.076923076923077;23.128205128205128;25.0;25.0;0;0
158.677;0.0;0.0;-2.4139638524387226;23.076923076923077;23.128205128205128;25.0;25.0;0;0
158.787;0.0;0.0;-2.352067343401832;23.076923076923077;23.128205128205128;25.0;25.0;0;0
158.913;0.0;0.0;-2.290170834364942;23.076923076923077;23.128205128205128;25.0;25.0;0;0
159.023;0.0;0.0;-2.2282743253280515;23.076923076923077;23.128205128205128;25.0;25.0;0;0
159.151;0.0;0.0;-2.1663778162911616;23.076923076923077;23.128205128205128;25.0;25.0;0;0
159.261;0.0;0.0;-2.1663778162911616;23.076923076923077;23.128205128205128;25.0;25.0;0;0
159.38;0.0;0.0;-2.042584798217381;23.076923076923077;23.128205128205128;25.0;25.0;0;0
159.488;0.0;0.0;-2.042584798217381;23.076923076923077;23.128205128205128;25.0;25.0;0;0
159.597;0.0;0.0;-1.9806882891804904;23.076923076923077;23.128205128205128;25.0;25.0;0;0
159.709;0.0;0.0;-1.9187917801436;23.076923076923077;23.128205128205128;25.0;25.0;0;0
159.818;0.0;0.0;-1.8568952711067097;23.076923076923077;23.128205128205128;25.0;25.0;0;0
159.931;0.0;0.0;-1.7949987620698193;23.076923076923077;23.128205128205128;25.0;25.0;0;0
160.041;0.0;0.0;-1.733102253032929;23.076923076923077;23.128205128205128;25.0;25.0;0;0
160.162;0.0;0.0;-1.6712057439960388;23.076923076923077;23.128205128205128;25.0;25.0;0;0
160.268;0.0;0.0;-1.6093092349591485;23.076923076923077;23.128205128205128;25.0;25.0;0;0
160.369;0.0;0.0;-1.547412725922258;23.076923076923077;23.128205128205128;25.0;25.0;0;0
160.473;0.0;0.0;-1.547412725922258;23.076923076923077;23.128205128205128;25.0;25.0;0;0
160.584;0.0;0.0;-1.4855162168853677;23.076923076923077;23.128205128205128;25.0;25.0;0;0
160.694;0.0;0.0;-1.4236197078484774;23.076923076923077;23.128205128205128;25.0;25.0;0;0
160.808;0.0;0.0;-1.3617231988115872;23.076923076923077;23.128205128205128;25.0;25.0;0;0
160.917;0.0;0.0;-1.2998266897746968;23.076923076923077;23.128205128205128;25.0;25.0;0;0
161.031;0.0;0.0;-1.2379301807378065;23.076923076923077;23.128205128205128;25.0;25.0;0;0
161.141;0.0;0.0;-1.176033671700916;23.076923076923077;23.128205128205128;25.0;25.0;0;0
161.253;0.0;0.0;-1.176033671700916;23.076923076923077;23.128205128205128;25.0;25.0;0;0
161.354;0.0;0.0;-1.0522406536271356;23.076923076923077;23.128205128205128;25.0;25.0;0;0
161.462;0.0;0.0;-1.0522406536271356;23.076923076923077;23.128205128205128;25.0;25.0;0;0
161.57;0.0;0.0;-0.9903441445902452;23.076923076923077;23.128205128205128;25.0;25.0;0;0
161.682;0.0;0.0;-0.9284476355533549;23.076923076923077;23.076923076923077;25.0;25.0;0;0
161.802;0.0;0.0;-0.8665511265164645;23.076923076923077;23.076923076923077;25.0;25.0;0;0
161.902;0.0;0.0;-0.8046546174795742;23.076923076923077;23.076923076923077;25.0;25.0;0;0
162.012;0.0;0.0;-0.8046546174795742;23.076923076923077;23.076923076923077;25.0;25.0;0;0
162.118;0.0;0.0;-0.6808615994057936;23.076923076923077;23.076923076923077;25.0;25.0;0;0
162.223;0.0;0.0;-0.6808615994057936;23.076923076923077;23.076923076923077;25.0;25.0;0;0
162.328;0.0;0.0;-0.6189650903689032;23.076923076923077;23.076923076923077;25.0;25.0;0;0
162.432;0.0;0.0;-0.5570685813320129;23.076923076923077;23.076923076923077;25.0;25.0;0;0
162.536;0.0;0.0;-0.4951720722951226;23.076923076923077;23.076923076923077;25.0;25.0;0;0
162.638;0.0;0.0;-0.43327556325823224;23.076923076923077;23.128205128205128;25.0;25.0;0;0
162.741;0.0;0.0;-0.43327556325823224;23.076923076923077;23.128205128205128;25.0;25.0;0;0
162.844;0.0;0.0;-0.37137905422134193;23.076923076923077;23.128205128205128;25.0;25.0;0;0
162.951;0.0;0.0;-0.3094825451844516;23.076923076923077;23.128205128205128;25.0;25.0;0;0
163.052;0.0;0.0;-0.2475860361475613;23.076923076923077;23.128205128205128;25.0;25.0;0;0
163.157;0.0;0.0;-0.18568952711067097;23.076923076923077;23.128205128205128;25.0;25.0;0;0
163.274;0.0;0.0;-0.12379301807378065;23.076923076923077;23.128205128205128;25.0;25.0;0;0
163.394;0.0;0.0;-0.061896509036890326;23.076923076923077;23.128205128205128;25.0;25.0;0;0
163.496;0.0;0.0;-0.061896509036890326;23.076923076923077;23.128205128205128;25.0;25.0;0;0
163.61;0.0;0.0;0.0;23.076923076923077;23.128205128205128;25.0;25.0;0;0
163.712;0.0;0.0;0.0;23.017094017094017;23.128205128205128;25.0;25.0;0;0
163.815;0.0;0.0;0.0;23.017094017094017;23.128205128205128;25.0;25.0;0;0
163.932;0.0;0.0;0.0;23.017094017094017;23.128205128205128;25.0;25.0;0;0
164.036;0.0;0.0;0.0;23.017094017094017;23.128205128205128;25.0;25.0;0;0
164.137;0.0;0.0;0.0;23.017094017094017;23.128205128205128;25.0;25.0;0;0
164.241;0.0;0.0;0.0;23.017094017094017;23.128205128205128;25.0;25.0;0;0
164.342;0.0;0.0;0.0;23.017094017094017;23.128205128205128;25.0;25.0;0;0
164.447;0.0;0.0;0.0;23.017094017094017;23.128205128205128;25.0;25.0;0;0
164.549;0.0;0.0;0.0;23.017094017094017;23.128205128205128;25.0;25.0;0;0
164.666;0.0;0.0;0.0;23.076923076923077;23.076923076923077;25.0;25.0;0;0
164.766;0.0;0.0;0.0;23.076923076923077;23.076923076923077;25.0;25.0;0;0
164.883;0.0;0.0;0.0;23.076923076923077;23.076923076923077;25.0;25.0;0;0
164.984;0.0;0.0;0.0;23.076923076923077;23.076923076923077;25.0;25.0;0;0
165.108;0.0;0.0;0.0;23.076923076923077;23.076923076923077;25.0;25.0;0;0
165.208;0.0;0.0;0.0;23.076923076923077;23.076923076923077;25.0;25.0;0;0
165.322;0.0;0.0;0.0;23.076923076923077;23.076923076923077;25.0;25.0;0;0
165.424;0.0;0.0;0.0;23.076923076923077;23.076923076923077;25.0;25.0;0;0
165.525;0.0;0.0;0.0;23.076923076923077;23.076923076923077;25.0;25.0;0;0
165.636;0.0;0.0;0.0;23.076923076923077;23.076923076923077;25.0;25.0;0;0
165.761;0.24;0.0;0.0;23.076923076923077;23.128205128205128;25.0;25.0;0;0
165.862;1.0025;0.0;0.0;23.076923076923077;23.128205128205128;25.0;25.0;0;0
165.966;1.2575;0.0;0.0;23.076923076923077;23.128205128205128;25.0;25.0;0;0
166.084;2.02375;0.0;0.0;23.076923076923077;23.128205128205128;25.0;25.0;0;0
166.206;2.27375;0.0;0.0;23.076923076923077;23.128205128205128;25.0;25.0;0;0
166.307;3.29375;0.0;0.0;23.076923076923077;23.128205128205128;25.0;25.0;0;0
166.42;3.54875;0.0;0.0;23.076923076923077;23.128205128205128;25.0;25.0;0;0
166.522;4.30625;0.0;0.0;23.076923076923077;23.128205128205128;25.0;25.0;0;0
166.64;4.56125;0.0;0.0;23.076923076923077;23.128205128205128;25.0;25.0;0;0
166.74;5.0;0.0;0.0;23.076923076923077;23.128205128205128;25.0;25.0;0;0
166.844;5.0;0.0;0.0;23.076923076923077;23.128205128205128;25.0;25.0;0;0
166.967;5.0;0.0;0.0;23.076923076923077;23.128205128205128;25.0;25.0;0;0
167.072;5.0;0.0;0.0;23.076923076923077;23.128205128205128;25.0;25.0;0;0
167.178;5.0;0.0;0.0;23.076923076923077;23.128205128205128;25.0;25.0;0;0
167.281;5.0;0.0;0.0;23.076923076923077;23.128205128205128;25.0;25.0;0;0
167.389;5.0;0.0;0.0;23.076923076923077;23.128205128205128;25.0;25.0;0;0
167.5;5.0;0.0;0.0;23.076923076923077;23.128205128205128;25.0;25.0;0;0
167.609;5.0;0.0;0.0;23.076923076923077;23.128205128205128;25.0;25.0;0;0
167.718;5.0;0.0;0.0;23.076923076923077;23.128205128205128;25.0;25.0;0;0
167.834;5.0;0.0;0.0;23.076923076923077;23.128205128205128;25.0;25.0;0;0
167.942;5.0;0.0;0.0;23.076923076923077;23.128205128205128;25.0;25.0;0;0
168.049;5.0;0.0;0.0;23.076923076923077;23.128205128205128;25.0;25.0;0;0
168.157;5.0;0.0;0.0;23.076923076923077;23.128205128205128;25.0;25.0;0;0
168.268;5.0;0.0;0.0;23.076923076923077;23.128205128205128;25.0;25.0;0;0
168.377;5.0;0.0;0.0;23.076923076923077;23.128205128205128;25.0;25.0;0;0
168.493;5.0;0.0;0.0;23.076923076923077;23.128205128205128;25.0;25.0;0;0
168.595;5.0;0.0;0.0;23.076923076923077;23.128205128205128;25.0;25.0;0;0
168.708;5.0;0.0;0.0;23.076923076923077;23.128205128205128;25.0;25.0;0;0
168.824;5.0;0.0;0.0;23.076923076923077;23.128205128205128;25.0;25.0;0;0
168.932;4.99375;0.0;0.0;23.076923076923077;23.128205128205128;25.0;25.0;0;0
169.038;4.5875;0.0;0.0;23.076923076923077;23.128205128205128;25.0;25.0;0;0
169.154;3.82875;0.0;0.0;23.076923076923077;23.128205128205128;25.0;25.0;0;0
169.264;3.32;0.0;0.0;23.076923076923077;23.128205128205128;25.0;25.0;0;0
169.37;2.81625;0.0;0.0;23.076923076923077;23.128205128205128;25.0;25.0;0;0
169.483;2.3075;0.0;0.0;23.076923076923077;23.128205128205128;25.0;25.0;0;0
169.594;1.8;0.0;0.0;23.076923076923077;23.128205128205128;25.0;25.0;0;0
169.703;1.04;0.0;0.0;23.076923076923077;23.128205128205128;25.0;25.0;0;0
169.82;0.5325;0.0;0.0;23.076923076923077;23.128205128205128;25.0;25.0;0;0
169.924;0.05625;0.0;0.0;23.076923076923077;23.128205128205128;25.0;25.0;0;0
170.04;0.0;0.0;0.0;23.076923076923077;23.128205128205128;25.0;25.0;0;0
170.149;0.0;0.0;0.0;23.076923076923077;23.128205128205128;25.0;25.0;0;0
170.26;0.0;0.0;0.0;23.076923076923077;23.128205128205128;25.0;25.0;0;0
170.374;0.0;0.0;0.0;23.076923076923077;23.128205128205128;25.0;25.0;0;0
170.482;0.0;0.0;0.0;23.076923076923077;23.128205128205128;25.0;25.0;0;0
170.596;0.0;0.0;0.0;23.076923076923077;23.128205128205128;25.0;25.0;0;0
170.709;0.0;0.0;0.0;23.076923076923077;23.128205128205128;25.0;25.0;0;0
170.813;0.0;0.0;0.0;23.076923076923077;23.128205128205128;25.0;25.0;0;0
170.914;0.0;0.0;0.0;23.076923076923077;23.128205128205128;25.0;25.0;0;0
171.02;0.0;0.0;0.0;23.076923076923077;23.128205128205128;25.0;25.0;0;0
171.12;0.0;0.0;0.0;23.076923076923077;23.128205128205128;25.0;25.0;0;0
171.224;0.0;0.0;0.0;23.076923076923077;23.128205128205128;25.0;25.0;0;0
171.325;0.0;0.0;0.0;23.076923076923077;23.128205128205128;25.0;25.0;0;0
171.425;0.0;0.0;0.0;23.076923076923077;23.128205128205128;25.0;25.0;0;0
171.526;0.0;0.0;0.0;23.076923076923077;23.128205128205128;25.0;25.0;0;0
171.627;0.0;0.0;0.0;23.076923076923077;23.128205128205128;25.0;25.0;0;0
171.727;0.0;0.0;0.0;23.076923076923077;23.128205128205128;25.0;25.0;0;0
171.828;0.0;0.0;0.0;23.076923076923077;23.128205128205128;25.0;25.0;0;0
171.929;0.0;0.0;0.0;23.076923076923077;23.128205128205128;25.0;25.0;0;0
172.032;0.0;0.0;0.0;23.076923076923077;23.128205128205128;25.0;25.0;0;0
172.144;0.0;0.0;0.0;23.076923076923077;23.128205128205128;25.0;25.0;0;0
172.245;0.0;0.0;0.0;23.076923076923077;23.128205128205128;25.0;25.0;0;0
172.353;0.0;0.0;0.0;23.076923076923077;23.128205128205128;25.0;25.0;0;0
172.454;0.0;0.0;0.0;23.076923076923077;23.128205128205128;25.0;25.0;0;0
172.56;0.0;0.0;0.0;23.076923076923077;23.128205128205128;25.0;25.0;0;0
172.667;0.0;0.0;0.0;23.076923076923077;23.128205128205128;25.0;25.0;0;0
172.778;0.0;0.0;0.0;23.076923076923077;23.128205128205128;25.0;25.0;0;0
172.888;0.0;0.0;0.0;23.076923076923077;23.128205128205128;25.0;25.0;0;0
172.989;0.0;0.0;0.0;23.076923076923077;23.128205128205128;25.0;25.0;0;0
173.098;0.0;0.0;0.0;23.076923076923077;23.128205128205128;25.0;25.0;0;0
173.206;0.0;0.0;0.0;23.076923076923077;23.128205128205128;25.0;25.0;0;0
173.317;0.0;0.0;0.0;23.076923076923077;23.128205128205128;25.0;25.0;0;0
173.424;0.0;0.0;0.0;23.076923076923077;23.128205128205128;25.0;25.0;0;0
173.54;0.0;0.0;0.0;23.076923076923077;23.128205128205128;25.0;25.0;0;0
173.648;0.0;0.0;0.0;23.076923076923077;23.128205128205128;25.0;25.0;0;0
173.765;0.0;0.0;0.0;23.076923076923077;23.128205128205128;25.0;25.0;0;0
173.868;0.0;0.0;0.0;23.076923076923077;23.128205128205128;25.0;25.0;0;0
173.984;0.0;0.0;0.0;23.076923076923077;23.128205128205128;25.0;25.0;0;0
174.095;0.0;0.0;0.0;23.076923076923077;23.128205128205128;25.0;25.0;0;0
174.204;0.0;0.0;0.0;23.076923076923077;23.128205128205128;25.0;25.0;0;0
174.315;0.0;0.0;0.0;23.076923076923077;23.128205128205128;25.0;25.0;0;0
174.423;0.0;0.0;0.0;23.076923076923077;23.128205128205128;25.0;25.0;0;0
174.538;0.0;0.0;0.0;23.076923076923077;23.128205128205128;25.0;25.0;0;0
174.65;0.0;0.0;0.0;23.076923076923077;23.128205128205128;25.0;25.0;0;0
174.759;0.0;0.0;0.0;23.076923076923077;23.128205128205128;25.0;25.0;0;0
174.872;0.0;0.0;0.0;23.076923076923077;23.128205128205128;25.0;25.0;0;0
174.986;0.0;0.0;0.0;23.076923076923077;23.128205128205128;25.0;25.0;0;0
175.093;0.0;0.0;0.0;23.076923076923077;23.128205128205128;25.0;25.0;0;0
175.203;0.0;0.0;0.0;23.076923076923077;23.128205128205128;25.0;25.0;0;0
175.308;0.0;0.0;0.0;23.076923076923077;23.128205128205128;25.0;25.0;0;0
175.409;0.0;0.0;0.0;23.076923076923077;23.128205128205128;25.0;25.0;0;0
175.524;0.0;0.0;0.0;23.076923076923077;23.128205128205128;25.0;25.0;0;0
175.632;0.0;0.0;0.0;23.076923076923077;23.128205128205128;25.0;25.0;0;0
175.748;0.0;0.0;0.0;23.076923076923077;23.076923076923077;25.0;25.0;0;0
175.857;0.0;0.0;0.0;23.076923076923077;23.076923076923077;25.0;25.0;0;0
175.97;0.0;0.0;0.0;23.076923076923077;23.076923076923077;25.0;25.0;0;0
176.075;0.0;0.0;0.0;23.076923076923077;23.076923076923077;25.0;25.0;0;0
176.176;0.0;0.0;0.0;23.076923076923077;23.076923076923077;25.0;25.0;0;0
176.285;0.0;0.0;0.0;23.076923076923077;23.076923076923077;25.0;25.0;0;0
176.397;0.0;0.0;0.0;23.076923076923077;23.076923076923077;25.0;25.0;0;0
176.507;0.0;0.0;0.0;23.076923076923077;23.076923076923077;25.0;25.0;0;0
176.615;0.0;0.0;0.0;23.076923076923077;23.076923076923077;25.0;25.0;0;0
176.717;0.0;0.0;0.0;23.076923076923077;23.076923076923077;25.0;25.0;0;0
176.825;0.0;0.0;0.0;23.076923076923077;23.076923076923077;25.0;25.0;0;0
176.927;0.0;0.0;0.0;23.076923076923077;23.076923076923077;25.0;25.0;0;0
177.027;0.0;0.0;0.0;23.076923076923077;23.076923076923077;25.0;25.0;0;0
177.132;0.0;0.0;0.0;23.076923076923077;23.076923076923077;25.0;25.0;0;0
177.232;0.0;0.0;0.0;23.076923076923077;23.076923076923077;25.0;25.0;0;0
177.344;0.0;0.0;0.0;23.076923076923077;23.076923076923077;25.0;25.0;0;0
177.449;0.0;0.0;0.0;23.076923076923077;23.076923076923077;25.0;25.0;0;0
177.561;0.0;0.0;0.0;23.076923076923077;23.076923076923077;25.0;25.0;0;0
177.662;0.0;0.0;0.0;23.076923076923077;23.076923076923077;25.0;25.0;0;0
177.777;0.0;0.0;0.0;23.076923076923077;23.128205128205128;25.0;25.0;0;0
177.879;0.0;0.0;0.0;23.076923076923077;23.128205128205128;25.0;25.0;0;0
177.996;0.0;0.0;0.0;23.076923076923077;23.128205128205128;25.0;25.0;0;0
178.099;0.0;0.0;0.0;23.076923076923077;23.128205128205128;25.0;25.0;0;0
178.218;0.0;0.0;0.0;23.076923076923077;23.128205128205128;25.0;25.0;0;0
178.32;0.0;0.0;0.0;23.076923076923077;23.128205128205128;25.0;25.0;0;0
178.434;0.0;0.0;0.0;23.076923076923077;23.128205128205128;25.0;25.0;0;0
178.536;0.0;0.0;0.0;23.076923076923077;23.128205128205128;25.0;25.0;0;0
178.656;0.0;0.0;0.0;23.076923076923077;23.128205128205128;25.0;25.0;0;0
178.757;0.0;0.0;0.0;23.076923076923077;23.076923076923077;25.0;25.0;0;0
178.875;0.0;0.0;0.0;23.076923076923077;23.076923076923077;25.0;25.0;0;0
178.976;0.0;0.0;0.0;23.076923076923077;23.076923076923077;25.0;25.0;0;0
179.096;0.0;0.0;0.0;23.076923076923077;23.076923076923077;25.0;25.0;0;0
179.2;0.0;0.0;0.0;23.076923076923077;23.076923076923077;25.0;25.0;0;0
179.321;0.0;0.0;0.0;23.076923076923077;23.076923076923077;25.0;25.0;0;0
179.421;0.0;0.0;0.0;23.076923076923077;23.076923076923077;25.0;25.0;0;0
179.532;0.0;0.0;0.0;23.076923076923077;23.076923076923077;25.0;25.0;0;0
179.635;0.0;0.0;0.0;23.076923076923077;23.076923076923077;25.0;25.0;0;0
179.748;0.0;0.0;0.0;23.076923076923077;23.128205128205128;25.0;25.0;0;0
179.853;0.0;0.0;0.0;23.076923076923077;23.128205128205128;25.0;25.0;0;0
179.973;0.0;0.0;0.0;23.076923076923077;23.128205128205128;25.0;25.0;0;0
180.076;0.0;0.0;0.0;23.076923076923077;23.128205128205128;25.0;25.0;0;0
180.193;0.0;0.0;0.0;23.076923076923077;23.128205128205128;25.0;25.0;0;0
180.294;0.0;0.0;0.0;23.076923076923077;23.128205128205128;25.0;25.0;0;0
180.408;0.0;0.0;0.0;23.076923076923077;23.128205128205128;25.0;25.0;0;0
180.508;0.0;0.0;0.0;23.076923076923077;23.128205128205128;25.0;25.0;0;0
180.631;0.0;0.0;0.0;23.076923076923077;23.128205128205128;25.0;25.0;0;0
180.733;0.0;0.0;0.0;23.076923076923077;23.128205128205128;25.0;25.0;0;0
180.835;0.0;0.0;0.0;23.076923076923077;23.128205128205128;25.0;25.0;0;0
180.936;0.0;0.0;0.0;23.076923076923077;23.128205128205128;25.0;25.0;0;0
181.046;0.0;0.0;0.0;23.076923076923077;23.128205128205128;25.0;25.0;0;0
181.147;0.0;0.0;0.0;23.076923076923077;23.128205128205128;25.0;25.0;0;0
181.266;0.0;0.0;0.0;23.076923076923077;23.128205128205128;25.0;25.0;0;0
181.366;0.0;0.0;0.0;23.076923076923077;23.128205128205128;25.0;25.0;0;0
181.474;0.0;0.0;0.0;23.076923076923077;23.128205128205128;25.0;25.0;0;0
181.585;0.0;0.0;0.0;23.076923076923077;23.128205128205128;25.0;25.0;0;0
181.711;0.0;0.0;0.0;23.076923076923077;23.128205128205128;25.0;25.0;0;0
181.811;0.0;0.0;0.0;23.076923076923077;23.128205128205128;25.0;25.0;0;0
181.913;0.0;0.0;0.0;23.076923076923077;23.128205128205128;25.0;25.0;0;0
182.024;0.0;0.0;0.0;23.076923076923077;23.128205128205128;25.0;25.0;0;0
182.143;0.0;0.0;0.0;23.076923076923077;23.128205128205128;25.0;25.0;0;0
182.246;0.0;0.0;0.0;23.076923076923077;23.128205128205128;25.0;25.0;0;0
182.351;0.0;0.0;0.0;23.076923076923077;23.128205128205128;25.0;25.0;0;0
182.452;0.0;0.0;0.0;23.076923076923077;23.128205128205128;25.0;25.0;0;0
182.554;0.0;0.0;0.0;23.076923076923077;23.128205128205128;25.0;25.0;0;0
182.665;0.0;0.0;0.0;23.076923076923077;23.128205128205128;25.0;25.0;0;0
182.776;0.0;0.0;0.0;23.076923076923077;23.128205128205128;25.0;25.0;0;0
182.883;0.0;0.0;0.0;23.076923076923077;23.128205128205128;25.0;25.0;0;0
182.983;0.0;0.0;0.0;23.076923076923077;23.128205128205128;25.0;25.0;0;0
183.083;0.0;0.0;0.0;23.076923076923077;23.128205128205128;25.0;25.0;0;0
183.188;0.0;0.0;0.0;23.076923076923077;23.128205128205128;25.0;25.0;0;0
183.289;0.0;0.0;0.0;23.076923076923077;23.128205128205128;25.0;25.0;0;0
183.389;0.0;0.0;0.0;23.076923076923077;23.128205128205128;25.0;25.0;0;0
183.49;0.0;0.0;0.0;23.076923076923077;23.128205128205128;25.0;25.0;0;0
183.595;0.0;0.0;0.0;23.076923076923077;23.128205128205128;25.0;25.0;0;0
183.707;0.0;0.0;0.0;23.076923076923077;23.076923076923077;25.0;25.0;0;0
183.81;0.0;0.0;0.0;23.076923076923077;23.076923076923077;25.0;25.0;0;0
183.912;0.0;0.0;0.0;23.076923076923077;23.076923076923077;25.0;25.0;0;0
184.013;0.0;0.0;0.0;23.076923076923077;23.076923076923077;25.0;25.0;0;0
184.122;0.0;0.0;0.0;23.076923076923077;23.076923076923077;25.0;25.0;0;0
184.229;0.0;0.0;0.0;23.076923076923077;23.076923076923077;25.0;25.0;0;0
184.343;0.0;0.0;0.0;23.076923076923077;23.076923076923077;25.0;25.0;0;0
184.454;0.0;0.0;0.0;23.076923076923077;23.076923076923077;25.0;25.0;0;0
184.555;0.0;0.0;0.0;23.076923076923077;23.076923076923077;25.0;25.0;0;0
184.659;0.0;0.0;0.0;23.076923076923077;23.076923076923077;25.0;25.0;0;0
184.783;0.0;0.0;0.0;23.076923076923077;23.128205128205128;25.0;25.0;0;0
184.884;0.0;0.0;0.0;23.076923076923077;23.128205128205128;25.0;25.0;0;0
185.002;0.0;0.0;0.0;23.076923076923077;23.128205128205128;25.0;25.0;0;0
185.104;0.0;0.0;0.0;23.076923076923077;23.128205128205128;25.0;25.0;0;0
185.212;0.0;0.0;0.0;23.076923076923077;23.128205128205128;25.0;25.0;0;0
185.329;0.0;0.0;0.0;23.076923076923077;23.128205128205128;25.0;25.0;0;0
185.44;0.0;0.0;0.0;23.076923076923077;23.128205128205128;25.0;25.0;0;0
185.542;0.0;0.0;0.0;23.076923076923077;23.128205128205128;25.0;25.0;0;0
185.649;0.0;0.0;0.0;23.076923076923077;23.128205128205128;25.0;25.0;0;0
185.756;0.0;0.0;0.0;23.076923076923077;23.128205128205128;25.0;25.0;0;0
185.872;0.0;0.0;0.0;23.076923076923077;23.128205128205128;25.0;25.0;0;0
185.981;0.0;0.0;0.0;23.076923076923077;23.128205128205128;25.0;25.0;0;0
186.093;0.0;0.0;0.0;23.076923076923077;23.128205128205128;25.0;25.0;0;0
186.2;0.0;0.0;0.0;23.076923076923077;23.128205128205128;25.0;25.0;0;0
186.301;0.0;0.0;0.0;23.076923076923077;23.128205128205128;25.0;25.0;0;0
186.409;0.0;0.0;0.0;23.076923076923077;23.128205128205128;25.0;25.0;0;0
186.52;0.0;0.0;0.0;23.076923076923077;23.128205128205128;25.0;25.0;0;0
186.632;0.0;0.0;0.0;23.076923076923077;23.128205128205128;25.0;25.0;0;0
186.746;0.0;0.0;0.0;23.076923076923077;23.076923076923077;25.0;25.0;0;0
186.853;0.0;0.0;0.0;23.076923076923077;23.076923076923077;25.0;25.0;0;0
186.964;0.0;0.0;0.0;23.076923076923077;23.076923076923077;25.0;25.0;0;0
187.068;0.0;0.0;0.0;23.076923076923077;23.076923076923077;25.0;25.0;0;0
187.175;0.0;0.0;0.0;23.076923076923077;23.076923076923077;25.0;25.0;0;0
187.282;0.0;0.0;0.0;23.076923076923077;23.076923076923077;25.0;25.0;0;0
187.394;0.0;0.0;0.0;23.076923076923077;23.076923076923077;25.0;25.0;0;0
187.504;0.0;0.0;0.0;23.076923076923077;23.076923076923077;25.0;25.0;0;0
187.618;0.0;0.0;0.0;23.076923076923077;23.076923076923077;25.0;25.0;0;0
187.726;0.0;0.0;0.0;23.076923076923077;23.076923076923077;25.0;25.0;0;0
187.836;0.0;0.0;0.0;23.076923076923077;23.128205128205128;25.0;25.0;0;0
187.949;0.0;0.0;0.0;23.076923076923077;23.128205128205128;25.0;25.0;0;0
188.06;0.0;0.0;0.0;23.076923076923077;23.128205128205128;25.0;25.0;0;0
188.173;0.0;0.0;0.0;23.076923076923077;23.128205128205128;25.0;25.0;0;0
188.273;0.0;0.0;0.0;23.076923076923077;23.128205128205128;25.0;25.0;0;0
188.38;0.0;0.0;0.0;23.076923076923077;23.128205128205128;25.0;25.0;0;0
188.485;0.0;0.0;0.0;23.076923076923077;23.128205128205128;25.0;25.0;0;0
188.6;0.0;0.0;0.0;23.076923076923077;23.128205128205128;25.0;25.0;0;0
188.714;0.0;0.0;0.0;23.076923076923077;23.128205128205128;25.0;25.0;0;0
188.818;0.0;0.0;0.0;23.076923076923077;23.128205128205128;25.0;25.0;0;0
188.933;0.0;0.0;0.0;23.076923076923077;23.128205128205128;25.0;25.0;0;0
189.042;0.0;0.0;0.0;23.076923076923077;23.128205128205128;25.0;25.0;0;0
189.157;0.0;0.0;0.0;23.076923076923077;23.128205128205128;25.0;25.0;0;0
189.263;0.0;0.0;0.0;23.076923076923077;23.128205128205128;25.0;25.0;0;0
189.364;0.0;0.0;0.0;23.076923076923077;23.128205128205128;25.0;25.0;0;0
189.472;0.0;0.0;0.0;23.076923076923077;23.128205128205128;25.0;25.0;0;0
189.583;0.0;0.0;0.0;23.076923076923077;23.128205128205128;25.0;25.0;0;0
189.693;0.0;0.0;0.0;23.076923076923077;23.128205128205128;25.0;25.0;0;0
189.809;0.0;0.0;0.0;23.076923076923077;23.076923076923077;25.0;25.0;0;0
189.916;0.0;0.0;0.0;23.076923076923077;23.076923076923077;25.0;25.0;0;0
190.032;0.0;0.0;0.0;23.076923076923077;23.076923076923077;25.0;25.0;0;0
190.138;0.0;0.0;0.0;23.076923076923077;23.076923076923077;25.0;25.0;0;0
190.252;0.0;0.0;0.0;23.076923076923077;23.076923076923077;25.0;25.0;0;0
190.362;0.0;0.0;0.0;23.076923076923077;23.076923076923077;25.0;25.0;0;0
190.475;0.0;0.0;0.0;23.076923076923077;23.076923076923077;25.0;25.0;0;0
190.585;0.0;0.0;0.0;23.076923076923077;23.076923076923077;25.0;25.0;0;0
190.697;0.0;0.0;0.0;23.076923076923077;23.076923076923077;25.0;25.0;0;0
190.807;0.0;0.0;0.0;23.076923076923077;23.128205128205128;25.0;25.0;0;0
190.915;0.0;0.0;0.0;23.076923076923077;23.128205128205128;25.0;25.0;0;0
191.015;0.0;0.0;0.0;23.076923076923077;23.128205128205128;25.0;25.0;0;0
191.143;0.0;0.0;0.0;23.076923076923077;23.128205128205128;25.0;25.0;0;0
191.25;0.0;0.0;0.0;23.076923076923077;23.128205128205128;25.0;25.0;0;0
191.351;0.0;0.0;0.0;23.076923076923077;23.128205128205128;25.0;25.0;0;0
191.458;0.0;0.0;0.0;23.076923076923077;23.128205128205128;25.0;25.0;0;0
191.568;0.0;0.0;0.0;23.076923076923077;23.128205128205128;25.0;25.0;0;0
191.678;0.0;0.0;0.0;23.076923076923077;23.128205128205128;25.0;25.0;0;0
191.783;0.0;0.0;0.0;23.076923076923077;23.128205128205128;25.0;25.0;0;0
191.884;0.0;0.0;0.0;23.076923076923077;23.128205128205128;25.0;25.0;0;0
191.987;0.0;0.0;0.0;23.076923076923077;23.128205128205128;25.0;25.0;0;0
192.099;0.0;0.0;0.0;23.076923076923077;23.128205128205128;25.0;25.0;0;0
192.202;0.0;0.0;0.0;23.076923076923077;23.128205128205128;25.0;25.0;0;0
192.303;0.0;0.0;0.0;23.076923076923077;23.128205128205128;25.0;25.0;0;0
192.403;0.0;0.0;0.0;23.076923076923077;23.128205128205128;25.0;25.0;0;0
192.505;0.0;0.0;0.0;23.076923076923077;23.128205128205128;25.0;25.0;0;0
192.617;0.0;0.0;0.0;23.076923076923077;23.128205128205128;25.0;25.0;0;0
192.717;0.0;0.0;0.0;23.076923076923077;23.128205128205128;25.0;25.0;0;0
192.84;0.0;0.0;0.0;23.076923076923077;23.076923076923077;25.0;25.0;0;0
192.941;0.0;0.0;0.0;23.076923076923077;23.076923076923077;25.0;25.0;0;0
193.043;0.0;0.0;0.0;23.076923076923077;23.076923076923077;25.0;25.0;0;0
193.157;0.0;0.0;0.0;23.076923076923077;23.076923076923077;25.0;25.0;0;0
193.264;0.0;0.0;0.0;23.076923076923077;23.076923076923077;25.0;25.0;0;0
193.366;0.0;0.0;0.0;23.076923076923077;23.076923076923077;25.0;25.0;0;0
193.47;0.0;0.0;0.0;23.076923076923077;23.076923076923077;25.0;25.0;0;0
193.571;0.0;0.0;0.0;23.076923076923077;23.076923076923077;25.0;25.0;0;0
193.675;0.0;0.0;0.0;23.076923076923077;23.076923076923077;25.0;25.0;0;0
193.776;0.0;0.0;0.0;23.076923076923077;23.128205128205128;25.0;25.0;0;0
193.886;0.0;0.0;0.0;23.076923076923077;23.128205128205128;25.0;25.0;0;0
193.991;0.0;0.0;0.0;23.076923076923077;23.128205128205128;25.0;25.0;0;0
194.108;0.0;0.0;0.0;23.076923076923077;23.128205128205128;25.0;25.0;0;0
194.209;0.0;0.0;0.0;23.076923076923077;23.128205128205128;25.0;25.0;0;0
194.311;0.0;0.0;0.0;23.076923076923077;23.128205128205128;25.0;25.0;0;0
194.43;0.0;0.0;0.0;23.076923076923077;23.128205128205128;25.0;25.0;0;0
194.546;0.0;0.0;0.0;23.076923076923077;23.128205128205128;25.0;25.0;0;0
194.649;0.0;0.0;0.0;23.076923076923077;23.128205128205128;25.0;25.0;0;0
194.765;0.0;0.0;0.0;23.017094017094017;23.128205128205128;25.0;25.0;0;0
194.866;0.0;0.0;0.0;23.017094017094017;23.128205128205128;25.0;25.0;0;0
194.983;0.0;0.0;0.0;23.017094017094017;23.128205128205128;25.0;25.0;0;0
195.084;0.0;0.0;0.0;23.017094017094017;23.128205128205128;25.0;25.0;0;0
195.2;0.0;0.0;0.0;23.017094017094017;23.128205128205128;25.0;25.0;0;0
195.302;0.0;0.0;0.0;23.017094017094017;23.128205128205128;25.0;25.0;0;0
195.405;0.0;0.0;0.0;23.017094017094017;23.128205128205128;25.0;25.0;0;0
195.524;0.0;0.0;0.0;23.017094017094017;23.128205128205128;25.0;25.0;0;0
195.625;0.0;0.0;0.0;23.017094017094017;23.128205128205128;25.0;25.0;0;0
195.74;0.0;0.0;0.0;23.076923076923077;23.128205128205128;25.0;25.0;0;0
195.842;0.0;0.0;0.0;23.076923076923077;23.128205128205128;25.0;25.0;0;0
195.964;0.0;0.0;0.0;23.076923076923077;23.128205128205128;25.0;25.0;0;0
196.074;0.0;0.0;0.0;23.076923076923077;23.128205128205128;25.0;25.0;0;0
196.174;0.0;0.0;0.0;23.076923076923077;23.128205128205128;25.0;25.0;0;0
196.295;0.0;0.0;0.0;23.076923076923077;23.128205128205128;25.0;25.0;0;0
196.402;0.0;0.0;0.0;23.076923076923077;23.128205128205128;25.0;25.0;0;0
196.514;0.0;0.0;0.0;23.076923076923077;23.128205128205128;25.0;25.0;0;0
196.619;0.0;0.0;0.0;23.076923076923077;23.128205128205128;25.0;25.0;0;0
196.724;0.0;0.0;0.0;23.076923076923077;23.128205128205128;25.0;25.0;0;0
196.824;0.0;0.0;0.0;23.076923076923077;23.128205128205128;25.0;25.0;0;0
196.942;0.0;0.0;0.0;23.076923076923077;23.128205128205128;25.0;25.0;0;0
197.05;0.0;0.0;0.0;23.076923076923077;23.128205128205128;25.0;25.0;0;0
197.159;0.0;0.0;0.0;23.076923076923077;23.128205128205128;25.0;25.0;0;0
197.276;0.0;0.0;0.0;23.076923076923077;23.128205128205128;25.0;25.0;0;0
197.38;0.0;0.0;0.0;23.076923076923077;23.128205128205128;25.0;25.0;0;0
197.481;0.0;0.0;0.0;23.076923076923077;23.128205128205128;25.0;25.0;0;0
197.585;0.0;0.0;0.0;23.076923076923077;23.128205128205128;25.0;25.0;0;0
197.712;0.0;0.0;0.0;23.076923076923077;23.128205128205128;25.0;25.0;0;0
197.821;0.0;0.0;0.0;23.076923076923077;23.128205128205128;25.0;25.0;0;0
197.923;0.0;0.0;0.0;23.076923076923077;23.128205128205128;25.0;25.0;0;0
198.026;0.0;0.0;0.0;23.076923076923077;23.128205128205128;25.0;25.0;0;0
198.133;0.0;0.0;0.0;23.076923076923077;23.128205128205128;25.0;25.0;0;0
198.246;0.0;0.0;0.0;23.076923076923077;23.128205128205128;25.0;25.0;0;0
198.354;0.0;0.0;0.0;23.076923076923077;23.128205128205128;25.0;25.0;0;0
198.465;0.0;0.0;0.0;23.076923076923077;23.128205128205128;25.0;25.0;0;0
198.575;0.0;0.0;0.0;23.076923076923077;23.128205128205128;25.0;25.0;0;0
198.68;0.0;0.0;0.0;23.076923076923077;23.128205128205128;25.0;25.0;0;0
198.79;0.0;0.0;0.0;23.076923076923077;23.128205128205128;25.0;25.0;0;0
198.896;0.0;0.0;0.0;23.076923076923077;23.128205128205128;25.0;25.0;0;0
199.015;0.0;0.0;0.0;23.076923076923077;23.128205128205128;25.0;25.0;0;0
199.135;0.0;0.0;0.0;23.076923076923077;23.128205128205128;25.0;25.0;0;0
199.24;0.0;0.0;0.0;23.076923076923077;23.128205128205128;25.0;25.0;0;0
199.342;0.0;0.0;0.0;23.076923076923077;23.128205128205128;25.0;25.0;0;0
199.442;0.0;0.0;0.0;23.076923076923077;23.128205128205128;25.0;25.0;0;0
199.555;0.0;0.0;0.0;23.076923076923077;23.128205128205128;25.0;25.0;0;0
199.663;0.0;0.0;0.0;23.076923076923077;23.128205128205128;25.0;25.0;0;0
199.78;0.0;0.0;0.0;23.076923076923077;23.128205128205128;25.0;25.0;0;0
199.886;0.0;0.0;0.0;23.076923076923077;23.128205128205128;25.0;25.0;0;0
200.0;0.0;0.0;0.0;23.076923076923077;23.128205128205128;25.0;25.0;0;0
200.111;0.0;0.0;0.0;23.076923076923077;23.128205128205128;25.0;25.0;0;0
200.212;0.0;0.0;0.0;23.076923076923077;23.128205128205128;25.0;25.0;0;0
200.318;0.0;0.0;0.0;23.076923076923077;23.128205128205128;25.0;25.0;0;0
200.427;0.0;0.0;0.0;23.076923076923077;23.128205128205128;25.0;25.0;0;0
200.538;0.0;0.0;0.0;23.076923076923077;23.128205128205128;25.0;25.0;0;0
200.639;0.0;0.0;0.0;23.076923076923077;23.128205128205128;25.0;25.0;0;0
200.762;0.0;0.0;0.0;23.076923076923077;23.128205128205128;25.0;25.0;0;0
200.876;0.0;0.0;0.0;23.076923076923077;23.128205128205128;25.0;25.0;0;0
200.988;0.0;0.0;0.0;23.076923076923077;23.128205128205128;25.0;25.0;0;0
201.089;0.0;0.0;0.0;23.076923076923077;23.128205128205128;25.0;25.0;0;0
201.192;0.0;0.0;0.0;23.076923076923077;23.128205128205128;25.0;25.0;0;0
201.306;0.0;0.0;0.0;23.076923076923077;23.128205128205128;25.0;25.0;0;0
201.412;0.0;0.0;0.0;23.076923076923077;23.128205128205128;25.0;25.0;0;0
201.529;0.0;0.0;0.0;23.076923076923077;23.128205128205128;25.0;25.0;0;0
201.635;0.0;0.0;0.0;23.076923076923077;23.128205128205128;25.0;25.0;0;0
201.748;0.0;0.0;0.0;23.076923076923077;23.128205128205128;25.0;25.0;0;0
201.861;0.0;0.0;0.0;23.076923076923077;23.128205128205128;25.0;25.0;0;0
201.97;0.0;0.0;0.0;23.076923076923077;23.128205128205128;25.0;25.0;0;0
202.071;0.0;0.0;0.0;23.076923076923077;23.128205128205128;25.0;25.0;0;0
202.177;0.0;0.0;0.0;23.076923076923077;23.128205128205128;25.0;25.0;0;0
202.29;0.0;0.0;0.0;23.076923076923077;23.128205128205128;25.0;25.0;0;0
202.405;0.0;0.0;0.0;23.076923076923077;23.128205128205128;25.0;25.0;0;0
202.513;0.0;0.0;0.0;23.076923076923077;23.128205128205128;25.0;25.0;0;0
202.627;0.0;0.0;0.0;23.076923076923077;23.128205128205128;25.0;25.0;0;0
202.728;0.0;0.0;0.0;23.076923076923077;23.128205128205128;25.0;25.0;0;0
202.832;0.0;0.0;0.0;23.076923076923077;23.128205128205128;25.0;25.0;0;0
202.943;0.0;0.0;0.0;23.076923076923077;23.128205128205128;25.0;25.0;0;0
203.056;0.0;0.0;0.0;23.076923076923077;23.128205128205128;25.0;25.0;0;0
203.164;0.0;0.0;0.0;23.076923076923077;23.128205128205128;25.0;25.0;0;0
203.279;0.0;0.0;0.0;23.076923076923077;23.128205128205128;25.0;25.0;0;0
203.385;0.0;0.0;0.0;23.076923076923077;23.128205128205128;25.0;25.0;0;0
203.496;0.0;0.0;0.0;23.076923076923077;23.128205128205128;25.0;25.0;0;0
203.598;0.0;0.0;0.0;23.076923076923077;23.128205128205128;25.0;25.0;0;0
203.7;0.0;0.0;0.0;23.076923076923077;23.128205128205128;25.0;25.0;0;0
203.81;0.0;0.0;0.0;23.076923076923077;23.076923076923077;25.0;25.0;0;0
203.921;0.0;0.0;0.0;23.076923076923077;23.076923076923077;25.0;25.0;0;0
204.028;0.0;0.0;0.0;23.076923076923077;23.076923076923077;25.0;25.0;0;0
204.172;0.0;0.0;0.0;23.076923076923077;23.076923076923077;25.0;25.0;0;0
204.284;0.0;0.0;0.0;23.076923076923077;23.076923076923077;25.0;25.0;0;0
204.389;0.0;0.0;0.0;23.076923076923077;23.076923076923077;25.0;25.0;0;0
204.489;0.0;0.0;0.0;23.076923076923077;23.076923076923077;25.0;25.0;0;0
204.601;0.0;0.0;0.0;23.076923076923077;23.076923076923077;25.0;25.0;0;0
204.705;0.0;0.0;0.0;23.076923076923077;23.128205128205128;25.0;25.0;0;0
204.806;0.0;0.0;0.0;23.076923076923077;23.128205128205128;25.0;25.0;0;0
204.916;0.0;0.0;0.0;23.076923076923077;23.128205128205128;25.0;25.0;0;0
205.029;0.0;0.0;0.0;23.076923076923077;23.128205128205128;25.0;25.0;0;0
205.162;0.0;0.0;0.0;23.076923076923077;23.128205128205128;25.0;25.0;0;0
205.266;0.0;0.0;0.0;23.076923076923077;23.128205128205128;25.0;25.0;0;0
205.367;0.0;0.0;0.0;23.076923076923077;23.128205128205128;25.0;25.0;0;0
205.474;0.0;0.0;0.0;23.076923076923077;23.128205128205128;25.0;25.0;0;0
205.582;0.0;0.0;0.0;23.076923076923077;23.128205128205128;25.0;25.0;0;0
205.692;0.0;0.0;0.0;23.076923076923077;23.128205128205128;25.0;25.0;0;0
205.807;0.0;0.0;0.0;23.076923076923077;23.128205128205128;25.0;25.0;0;0
205.916;0.0;0.0;0.0;23.076923076923077;23.128205128205128;25.0;25.0;0;0
206.029;0.0;0.0;0.0;23.076923076923077;23.128205128205128;25.0;25.0;0;0
206.139;0.0;0.0;0.0;23.076923076923077;23.128205128205128;25.0;25.0;0;0
206.251;0.0;0.0;0.0;23.076923076923077;23.128205128205128;25.0;25.0;0;0
206.363;0.0;0.0;0.0;23.076923076923077;23.128205128205128;25.0;25.0;0;0
206.473;0.0;0.0;0.0;23.076923076923077;23.128205128205128;25.0;25.0;0;0
206.573;0.0;0.0;0.0;23.076923076923077;23.128205128205128;25.0;25.0;0;0
206.677;0.0;0.0;0.0;23.076923076923077;23.128205128205128;25.0;25.0;0;0
206.788;0.0;0.0;0.0;23.076923076923077;23.128205128205128;25.0;25.0;0;0
206.891;0.0;0.0;0.0;23.076923076923077;23.128205128205128;25.0;25.0;0;0
207.018;0.0;0.0;0.0;23.076923076923077;23.128205128205128;25.0;25.0;0;0
207.139;0.0;0.0;0.0;23.076923076923077;23.128205128205128;25.0;25.0;0;0
207.239;0.0;0.0;0.0;23.076923076923077;23.128205128205128;25.0;25.0;0;0
207.361;0.0;0.0;0.0;23.076923076923077;23.128205128205128;25.0;25.0;0;0
207.462;0.0;0.0;0.0;23.076923076923077;23.128205128205128;25.0;25.0;0;0
207.578;0.0;0.0;0.0;23.076923076923077;23.128205128205128;25.0;25.0;0;0
207.678;0.0;0.0;0.0;23.076923076923077;23.128205128205128;25.0;25.0;0;0
207.795;0.0;0.0;0.0;23.076923076923077;23.128205128205128;25.0;25.0;0;0
207.896;0.0;0.0;0.0;23.076923076923077;23.128205128205128;25.0;25.0;0;0
208.013;0.0;0.0;0.0;23.076923076923077;23.128205128205128;25.0;25.0;0;0
208.114;0.0;0.0;0.0;23.076923076923077;23.128205128205128;25.0;25.0;0;0
208.231;0.0;0.0;0.0;23.076923076923077;23.128205128205128;25.0;25.0;0;0
208.332;0.0;0.0;0.0;23.076923076923077;23.128205128205128;25.0;25.0;0;0
208.453;0.0;0.0;0.0;23.076923076923077;23.128205128205128;25.0;25.0;0;0
208.555;0.0;0.0;0.0;23.076923076923077;23.128205128205128;25.0;25.0;0;0
208.668;0.0;0.0;0.0;23.076923076923077;23.128205128205128;25.0;25.0;0;0
208.769;0.0;0.0;0.0;23.076923076923077;23.128205128205128;25.0;25.0;0;0
208.873;0.0;0.0;0.0;23.076923076923077;23.128205128205128;25.0;25.0;0;0
208.989;0.0;0.0;0.0;23.076923076923077;23.128205128205128;25.0;25.0;0;0
209.108;0.0;0.0;0.0;23.076923076923077;23.128205128205128;25.0;25.0;0;0
209.21;0.0;0.0;0.0;23.076923076923077;23.128205128205128;25.0;25.0;0;0
209.322;0.0;0.0;0.0;23.076923076923077;23.128205128205128;25.0;25.0;0;0
209.423;0.0;0.0;0.0;23.076923076923077;23.128205128205128;25.0;25.0;0;0
209.545;0.0;0.0;0.0;23.076923076923077;23.128205128205128;25.0;25.0;0;0
209.647;0.0;0.0;0.0;23.076923076923077;23.128205128205128;25.0;25.0;0;0
209.767;0.0;0.0;0.0;23.076923076923077;23.128205128205128;25.0;25.0;0;0
209.869;0.0;0.0;0.0;23.017094017094017;23.128205128205128;25.0;25.0;0;0
209.986;0.0;0.0;0.0;23.017094017094017;23.128205128205128;25.0;25.0;0;0
210.087;0.0;0.0;0.0;23.017094017094017;23.128205128205128;25.0;25.0;0;0
210.189;0.0;0.0;0.0;23.017094017094017;23.128205128205128;25.0;25.0;0;0
210.303;0.0;0.0;0.0;23.017094017094017;23.128205128205128;25.0;25.0;0;0
210.407;0.0;0.0;0.0;23.017094017094017;23.128205128205128;25.0;25.0;0;0
210.523;0.0;0.0;0.0;23.017094017094017;23.128205128205128;25.0;25.0;0;0
210.643;0.0;0.0;0.0;23.017094017094017;23.128205128205128;25.0;25.0;0;0
210.745;0.0;0.0;0.0;23.017094017094017;23.128205128205128;25.0;25.0;0;0
210.864;0.0;0.0;0.0;23.076923076923077;23.128205128205128;25.0;25.0;0;0
210.965;0.0;0.0;0.0;23.076923076923077;23.128205128205128;25.0;25.0;0;0
211.068;0.0;0.0;0.0;23.076923076923077;23.128205128205128;25.0;25.0;0;0
211.169;0.0;0.0;0.0;23.076923076923077;23.128205128205128;25.0;25.0;0;0
211.3;0.0;0.0;0.0;23.076923076923077;23.128205128205128;25.0;25.0;0;0
211.406;0.0;0.0;0.0;23.076923076923077;23.128205128205128;25.0;25.0;0;0
211.52;0.0;0.0;0.0;23.076923076923077;23.128205128205128;25.0;25.0;0;0
211.62;0.0;0.0;0.0;23.076923076923077;23.128205128205128;25.0;25.0;0;0
211.738;0.0;0.0;0.0;23.076923076923077;23.128205128205128;25.0;25.0;0;0
211.838;0.0;0.0;0.0;23.076923076923077;23.128205128205128;25.0;25.0;0;0
211.94;0.0;0.0;0.0;23.076923076923077;23.128205128205128;25.0;25.0;0;0
212.041;0.0;0.0;0.0;23.076923076923077;23.128205128205128;25.0;25.0;0;0
212.16;0.0;0.0;0.0;23.076923076923077;23.128205128205128;25.0;25.0;0;0
212.27;0.0;0.0;0.0;23.076923076923077;23.128205128205128;25.0;25.0;0;0
212.38;0.0;0.0;0.0;23.076923076923077;23.128205128205128;25.0;25.0;0;0
212.49;0.0;0.0;0.0;23.076923076923077;23.128205128205128;25.0;25.0;0;0
212.601;0.0;0.0;0.0;23.076923076923077;23.128205128205128;25.0;25.0;0;0
212.707;0.0;0.0;0.0;23.076923076923077;23.128205128205128;25.0;25.0;0;0
212.819;0.0;0.0;0.0;23.076923076923077;23.128205128205128;25.0;25.0;0;0
212.928;0.0;0.0;0.0;23.076923076923077;23.128205128205128;25.0;25.0;0;0
213.029;0.0;0.0;0.0;23.076923076923077;23.128205128205128;25.0;25.0;0;0
213.131;0.0;0.0;0.0;23.076923076923077;23.128205128205128;25.0;25.0;0;0
213.258;0.0;0.0;0.0;23.076923076923077;23.128205128205128;25.0;25.0;0;0
213.37;0.0;0.0;0.0;23.076923076923077;23.128205128205128;25.0;25.0;0;0
213.481;0.0;0.0;0.0;23.076923076923077;23.128205128205128;25.0;25.0;0;0
213.587;0.0;0.0;0.0;23.076923076923077;23.128205128205128;25.0;25.0;0;0
213.696;0.0;0.0;0.0;23.076923076923077;23.128205128205128;25.0;25.0;0;0
213.809;0.0;0.0;0.0;23.076923076923077;23.128205128205128;25.0;25.0;0;0
213.911;0.0;0.0;0.0;23.076923076923077;23.128205128205128;25.0;25.0;0;0
214.017;0.0;0.0;0.0;23.076923076923077;23.128205128205128;25.0;25.0;0;0
214.123;0.0;0.0;0.0;23.076923076923077;23.128205128205128;25.0;25.0;0;0
214.237;0.0;0.0;0.0;23.076923076923077;23.128205128205128;25.0;25.0;0;0
214.348;0.0;0.0;0.0;23.076923076923077;23.128205128205128;25.0;25.0;0;0
214.456;0.0;0.0;0.0;23.076923076923077;23.128205128205128;25.0;25.0;0;0
214.566;0.0;0.0;0.0;23.076923076923077;23.128205128205128;25.0;25.0;0;0
214.68;0.0;0.0;0.0;23.076923076923077;23.128205128205128;25.0;25.0;0;0
214.793;0.0;0.0;0.0;23.076923076923077;23.128205128205128;25.0;25.0;0;0
214.906;0.0;0.0;0.0;23.076923076923077;23.128205128205128;25.0;25.0;0;0
215.014;0.0;0.0;0.0;23.076923076923077;23.128205128205128;25.0;25.0;0;0
215.117;0.0;0.0;0.0;23.076923076923077;23.128205128205128;25.0;25.0;0;0
215.225;0.0;0.0;0.0;23.076923076923077;23.128205128205128;25.0;25.0;0;0
215.338;0.0;0.0;0.0;23.076923076923077;23.128205128205128;25.0;25.0;0;0
215.443;0.0;0.0;0.0;23.076923076923077;23.128205128205128;25.0;25.0;0;0
215.559;0.0;0.0;0.0;23.076923076923077;23.128205128205128;25.0;25.0;0;0
215.665;0.0;0.0;0.0;23.076923076923077;23.128205128205128;25.0;25.0;0;0
215.766;0.0;0.0;0.0;23.076923076923077;23.128205128205128;25.0;25.0;0;0
215.871;0.0;0.0;0.0;23.076923076923077;23.128205128205128;25.0;25.0;0;0
215.973;0.0;0.0;0.0;23.076923076923077;23.128205128205128;25.0;25.0;0;0
216.078;0.0;0.0;0.0;23.076923076923077;23.128205128205128;25.0;25.0;0;0
216.187;0.0;0.0;0.0;23.076923076923077;23.128205128205128;25.0;25.0;0;0
216.287;0.0;0.0;0.0;23.076923076923077;23.128205128205128;25.0;25.0;0;0
216.388;0.0;0.0;0.0;23.076923076923077;23.128205128205128;25.0;25.0;0;0
216.489;0.0;0.0;0.0;23.076923076923077;23.128205128205128;25.0;25.0;0;0
216.589;0.0;0.0;0.0;23.076923076923077;23.128205128205128;25.0;25.0;0;0
216.692;0.0;0.0;0.0;23.076923076923077;23.128205128205128;25.0;25.0;0;0
216.797;0.0;0.0;0.0;23.076923076923077;23.128205128205128;25.0;25.0;0;0
216.904;0.0;0.0;0.0;23.076923076923077;23.128205128205128;25.0;25.0;0;0
217.012;0.0;0.0;0.0;23.076923076923077;23.128205128205128;25.0;25.0;0;0
217.115;0.0;0.0;0.0;23.076923076923077;23.128205128205128;25.0;25.0;0;0
217.216;0.0;0.0;0.0;23.076923076923077;23.128205128205128;25.0;25.0;0;0
217.322;0.0;0.0;0.0;23.076923076923077;23.128205128205128;25.0;25.0;0;0
217.43;0.0;0.0;0.0;23.076923076923077;23.128205128205128;25.0;25.0;0;0
217.56;0.0;0.0;0.0;23.076923076923077;23.128205128205128;25.0;25.0;0;0
217.669;0.0;0.0;0.0;23.076923076923077;23.128205128205128;25.0;25.0;0;0
217.783;0.0;0.0;0.0;23.076923076923077;23.128205128205128;25.0;25.0;0;0
217.894;0.0;0.0;0.0;23.076923076923077;23.128205128205128;25.0;25.0;0;0
217.996;0.0;0.0;0.0;23.076923076923077;23.128205128205128;25.0;25.0;0;0
218.105;0.0;0.0;0.0;23.076923076923077;23.128205128205128;25.0;25.0;0;0
218.206;0.0;0.0;0.0;23.076923076923077;23.128205128205128;25.0;25.0;0;0
218.322;0.0;0.0;0.0;23.076923076923077;23.128205128205128;25.0;25.0;0;0
218.433;0.0;0.0;0.0;23.076923076923077;23.128205128205128;25.0;25.0;0;0
218.548;0.0;0.0;0.0;23.076923076923077;23.128205128205128;25.0;25.0;0;0
218.655;0.0;0.0;0.0;23.076923076923077;23.128205128205128;25.0;25.0;0;0
218.761;0.0;0.0;0.0;23.076923076923077;23.128205128205128;25.0;25.0;0;0
218.862;0.0;0.0;0.0;23.076923076923077;23.128205128205128;25.0;25.0;0;0
218.978;0.0;0.0;0.0;23.076923076923077;23.128205128205128;25.0;25.0;0;0
219.083;0.0;0.0;0.0;23.076923076923077;23.128205128205128;25.0;25.0;0;0
219.19;0.0;0.0;0.0;23.076923076923077;23.128205128205128;25.0;25.0;0;0
219.301;0.0;0.0;0.0;23.076923076923077;23.128205128205128;25.0;25.0;0;0
219.412;0.0;0.0;0.0;23.076923076923077;23.128205128205128;25.0;25.0;0;0
219.527;0.0;0.0;0.0;23.076923076923077;23.128205128205128;25.0;25.0;0;0
219.635;0.0;0.0;0.0;23.076923076923077;23.128205128205128;25.0;25.0;0;0
219.75;0.0;0.0;0.0;23.076923076923077;23.128205128205128;25.0;25.0;0;0
219.856;0.0;0.0;0.0;23.076923076923077;23.128205128205128;25.0;25.0;0;0
219.971;0.0;0.0;0.0;23.076923076923077;23.128205128205128;25.0;25.0;0;0
220.082;0.0;0.0;0.0;23.076923076923077;23.128205128205128;25.0;25.0;0;0
220.191;0.0;0.0;0.0;23.076923076923077;23.128205128205128;25.0;25.0;0;0
220.303;0.0;0.0;0.0;23.076923076923077;23.128205128205128;25.0;25.0;0;0
220.414;0.0;0.0;0.0;23.076923076923077;23.128205128205128;25.0;25.0;0;0
220.524;0.0;0.0;0.0;23.076923076923077;23.128205128205128;25.0;25.0;0;0
220.637;0.0;0.0;0.0;23.076923076923077;23.128205128205128;25.0;25.0;0;0
220.75;0.0;0.0;0.0;23.076923076923077;23.128205128205128;25.0;25.0;0;0
220.862;0.0;0.0;0.0;23.017094017094017;23.076923076923077;25.0;25.0;0;0
220.979;0.0;0.0;0.0;23.017094017094017;23.076923076923077;25.0;25.0;0;0
221.086;0.0;0.0;0.0;23.017094017094017;23.076923076923077;25.0;25.0;0;0
221.193;0.0;0.0;0.0;23.017094017094017;23.076923076923077;25.0;25.0;0;0
221.303;0.0;0.0;0.0;23.017094017094017;23.076923076923077;25.0;25.0;0;0
221.415;0.0;0.0;0.0;23.017094017094017;23.076923076923077;25.0;25.0;0;0
221.524;0.0;0.0;0.0;23.017094017094017;23.076923076923077;25.0;25.0;0;0
221.637;0.0;0.0;0.0;23.017094017094017;23.076923076923077;25.0;25.0;0;0
221.75;0.0;0.0;0.0;23.017094017094017;23.076923076923077;25.0;25.0;0;0
221.858;0.0;0.0;0.0;23.076923076923077;23.128205128205128;25.0;25.0;0;0
221.96;0.0;0.0;0.0;23.076923076923077;23.128205128205128;25.0;25.0;0;0
222.068;0.0;0.0;0.0;23.076923076923077;23.128205128205128;25.0;25.0;0;0
222.172;0.0;0.0;0.0;23.076923076923077;23.128205128205128;25.0;25.0;0;0
222.277;0.0;0.0;0.0;23.076923076923077;23.128205128205128;25.0;25.0;0;0
222.378;0.0;0.0;0.0;23.076923076923077;23.128205128205128;25.0;25.0;0;0
222.482;0.0;0.0;0.0;23.076923076923077;23.128205128205128;25.0;25.0;0;0
222.583;0.0;0.0;0.0;23.076923076923077;23.128205128205128;25.0;25.0;0;0
222.687;0.0;0.0;0.0;23.076923076923077;23.128205128205128;25.0;25.0;0;0
222.788;0.0;0.0;0.0;23.076923076923077;23.128205128205128;25.0;25.0;0;0
222.891;0.0;0.0;0.0;23.076923076923077;23.128205128205128;25.0;25.0;0;0
222.993;0.0;0.0;0.0;23.076923076923077;23.128205128205128;25.0;25.0;0;0
223.095;0.0;0.0;0.0;23.076923076923077;23.128205128205128;25.0;25.0;0;0
223.197;0.0;0.0;0.0;23.076923076923077;23.128205128205128;25.0;25.0;0;0
223.3;0.0;0.0;0.0;23.076923076923077;23.128205128205128;25.0;25.0;0;0
223.4;0.0;0.0;0.0;23.076923076923077;23.128205128205128;25.0;25.0;0;0
223.502;0.0;0.0;0.0;23.076923076923077;23.128205128205128;25.0;25.0;0;0
223.619;0.0;0.0;0.0;23.076923076923077;23.128205128205128;25.0;25.0;0;0
223.722;0.0;0.0;0.0;23.076923076923077;23.128205128205128;25.0;25.0;0;0
223.837;0.0;0.0;0.0;23.076923076923077;23.128205128205128;25.0;25.0;0;0
223.937;0.0;0.0;0.0;23.076923076923077;23.128205128205128;25.0;25.0;0;0
224.052;0.0;0.0;0.0;23.076923076923077;23.128205128205128;25.0;25.0;0;0
224.155;0.0;0.0;0.0;23.076923076923077;23.128205128205128;25.0;25.0;0;0
224.27;0.0;0.0;0.0;23.076923076923077;23.128205128205128;25.0;25.0;0;0
224.372;0.0;0.0;0.0;23.076923076923077;23.128205128205128;25.0;25.0;0;0
224.488;0.0;0.0;0.0;23.076923076923077;23.128205128205128;25.0;25.0;0;0
224.589;0.0;0.0;0.0;23.076923076923077;23.128205128205128;25.0;25.0;0;0
224.708;0.0;0.0;0.0;23.076923076923077;23.128205128205128;25.0;25.0;0;0
224.81;0.0;0.0;0.0;23.076923076923077;23.128205128205128;25.0;25.0;0;0
224.913;0.0;0.0;0.0;23.076923076923077;23.128205128205128;25.0;25.0;0;0
225.014;0.0;0.0;0.0;23.076923076923077;23.128205128205128;25.0;25.0;0;0
225.128;0.0;0.0;0.0;23.076923076923077;23.128205128205128;25.0;25.0;0;0
225.238;0.0;0.0;0.0;23.076923076923077;23.128205128205128;25.0;25.0;0;0
225.365;0.0;0.0;0.0;23.076923076923077;23.128205128205128;25.0;25.0;0;0
225.472;0.0;0.0;0.0;23.076923076923077;23.128205128205128;25.0;25.0;0;0
225.596;0.0;0.0;0.0;23.076923076923077;23.128205128205128;25.0;25.0;0;0
225.702;0.0;0.0;0.0;23.076923076923077;23.128205128205128;25.0;25.0;0;0
225.815;0.0;0.0;0.0;23.076923076923077;23.128205128205128;25.0;25.0;0;0
225.916;0.0;0.0;0.0;23.076923076923077;23.128205128205128;25.0;25.0;0;0
226.034;0.0;0.0;0.0;23.076923076923077;23.128205128205128;25.0;25.0;0;0
226.15;0.0;0.0;0.0;23.076923076923077;23.128205128205128;25.0;25.0;0;0
226.254;0.0;0.0;0.0;23.076923076923077;23.128205128205128;25.0;25.0;0;0
226.359;0.0;0.0;0.0;23.076923076923077;23.128205128205128;25.0;25.0;0;0
226.465;0.0;0.0;0.0;23.076923076923077;23.128205128205128;25.0;25.0;0;0
226.572;0.0;0.0;0.0;23.076923076923077;23.128205128205128;25.0;25.0;0;0
226.687;0.0;0.0;0.0;23.076923076923077;23.128205128205128;25.0;25.0;0;0
226.793;0.0;0.0;0.0;23.076923076923077;23.128205128205128;25.0;25.0;0;0
226.893;0.0;0.0;0.0;23.076923076923077;23.128205128205128;25.0;25.0;0;0
227.011;0.0;0.0;0.0;23.076923076923077;23.128205128205128;25.0;25.0;0;0
227.112;0.0;0.0;0.0;23.076923076923077;23.128205128205128;25.0;25.0;0;0
227.226;0.0;0.0;0.0;23.076923076923077;23.128205128205128;25.0;25.0;0;0
227.327;0.0;0.0;0.0;23.076923076923077;23.128205128205128;25.0;25.0;0;0
227.431;0.0;0.0;0.0;23.076923076923077;23.128205128205128;25.0;25.0;0;0
227.536;0.0;0.0;0.0;23.076923076923077;23.128205128205128;25.0;25.0;0;0
227.636;0.0;0.0;0.0;23.076923076923077;23.128205128205128;25.0;25.0;0;0
227.753;0.0;0.0;0.0;23.076923076923077;23.128205128205128;25.0;25.0;0;0
227.854;0.0;0.0;0.0;23.076923076923077;23.128205128205128;25.0;25.0;0;0
227.976;0.0;0.0;0.0;23.076923076923077;23.128205128205128;25.0;25.0;0;0
228.078;0.0;0.0;0.0;23.076923076923077;23.128205128205128;25.0;25.0;0;0
228.179;0.0;0.0;0.0;23.076923076923077;23.128205128205128;25.0;25.0;0;0
228.286;0.0;0.0;0.0;23.076923076923077;23.128205128205128;25.0;25.0;0;0
228.395;0.0;0.0;0.0;23.076923076923077;23.128205128205128;25.0;25.0;0;0
228.499;0.0;0.0;0.0;23.076923076923077;23.128205128205128;25.0;25.0;0;0
228.614;0.0;0.0;0.0;23.076923076923077;23.128205128205128;25.0;25.0;0;0
228.722;0.0;0.0;0.0;23.076923076923077;23.128205128205128;25.0;25.0;0;0
228.835;0.0;0.0;0.0;23.076923076923077;23.128205128205128;25.0;25.0;0;0
228.945;0.0;0.0;0.0;23.076923076923077;23.128205128205128;25.0;25.0;0;0
229.048;0.0;0.0;0.0;23.076923076923077;23.128205128205128;25.0;25.0;0;0
229.157;0.0;0.0;0.0;23.076923076923077;23.128205128205128;25.0;25.0;0;0
229.264;0.0;0.0;0.0;23.076923076923077;23.128205128205128;25.0;25.0;0;0
229.374;0.0;0.0;0.0;23.076923076923077;23.128205128205128;25.0;25.0;0;0
229.484;0.0;0.0;0.0;23.076923076923077;23.128205128205128;25.0;25.0;0;0
229.594;0.0;0.0;0.0;23.076923076923077;23.128205128205128;25.0;25.0;0;0
229.695;0.0;0.0;0.0;23.076923076923077;23.128205128205128;25.0;25.0;0;0
229.795;0.0;0.0;0.0;23.076923076923077;23.128205128205128;25.0;25.0;0;0
