Time_Sec;Pos_H;Pos_V;Pos_R;Temp_A;Temp_B;Set_A;Set_B;Stable_A;Stable_B
0.002;0.0;50.0;0.0;31.99145299145299;31.94017094017094;32.0;32.0;1;1
0.103;0.0;50.0;0.0;31.99145299145299;31.94017094017094;32.0;32.0;1;1
0.203;0.0;50.0;0.0;31.99145299145299;31.94017094017094;32.0;32.0;1;1
0.306;0.0;50.0;0.0;31.99145299145299;31.94017094017094;32.0;32.0;1;1
0.407;0.0;50.0;0.0;31.99145299145299;31.99145299145299;32.0;32.0;1;1
0.511;0.0;50.0;0.0;31.99145299145299;31.99145299145299;32.0;32.0;1;1
0.622;0.0;50.0;0.0;31.99145299145299;31.99145299145299;32.0;32.0;1;1
0.728;0.0;50.0;0.0;31.99145299145299;31.99145299145299;32.0;32.0;1;1
0.834;0.0;50.0;0.0;31.99145299145299;31.99145299145299;32.0;32.0;1;1
0.942;0.0;50.0;0.0;31.99145299145299;31.99145299145299;32.0;32.0;1;1
1.042;0.0;50.0;0.0;31.99145299145299;31.99145299145299;32.0;32.0;1;1
1.144;0.0;50.0;0.0;31.99145299145299;31.99145299145299;32.0;32.0;1;1
1.246;0.0;50.0;0.0;31.99145299145299;31.99145299145299;32.0;32.0;1;1
1.348;0.0;50.0;0.0;31.99145299145299;31.99145299145299;32.0;32.0;1;1
1.463;0.0;50.0;0.0;31.99145299145299;31.99145299145299;32.0;32.0;1;1
1.572;0.0;50.0;0.0;31.99145299145299;31.99145299145299;32.0;32.0;1;1
1.675;0.0;50.0;0.0;31.99145299145299;31.99145299145299;32.0;32.0;1;1
1.775;0.0;50.0;0.0;31.99145299145299;31.99145299145299;32.0;32.0;1;1
1.876;0.0;50.0;0.0;31.99145299145299;31.99145299145299;32.0;32.0;1;1
1.976;0.0;50.0;0.0;31.99145299145299;31.99145299145299;32.0;32.0;1;1
2.077;0.0;50.0;0.0;31.99145299145299;31.99145299145299;32.0;32.0;1;1
2.178;0.0;50.0;0.0;31.99145299145299;31.99145299145299;32.0;32.0;1;1
2.283;0.0;50.0;0.0;31.99145299145299;31.99145299145299;32.0;32.0;1;1
2.384;0.0;50.0;0.0;31.99145299145299;31.99145299145299;32.0;32.0;1;1
2.485;0.0;50.0;0.0;31.99145299145299;31.99145299145299;32.0;32.0;1;1
2.591;0.0;50.0;0.0;31.99145299145299;31.99145299145299;32.0;32.0;1;1
2.701;0.0;50.0;0.0;31.99145299145299;31.99145299145299;32.0;32.0;1;1
2.811;0.0;50.0;0.0;31.99145299145299;31.99145299145299;32.0;32.0;1;1
2.924;0.0;50.0;0.0;31.99145299145299;31.99145299145299;32.0;32.0;1;1
3.024;0.0;50.0;0.0;31.99145299145299;31.99145299145299;32.0;32.0;1;1
3.126;0.0;50.0;0.0;31.99145299145299;31.99145299145299;32.0;32.0;1;1
3.239;0.0;50.0;0.0;31.99145299145299;31.99145299145299;32.0;32.0;1;1
3.358;0.0;50.0;0.0;31.99145299145299;31.99145299145299;32.0;32.0;1;1
3.46;0.0;50.0;0.0;31.99145299145299;31.99145299145299;32.0;32.0;1;1
3.562;0.0;50.0;0.0;31.99145299145299;31.99145299145299;32.0;32.0;1;1
3.669;0.0;50.0;0.0;31.99145299145299;31.99145299145299;32.0;32.0;1;1
3.779;0.0;50.0;0.0;31.99145299145299;31.99145299145299;32.0;32.0;1;1
3.889;0.0;50.0;0.0;31.99145299145299;31.99145299145299;32.0;32.0;1;1
4.002;0.0;50.0;0.0;31.99145299145299;31.99145299145299;32.0;32.0;1;1
4.111;0.0;50.0;0.0;31.99145299145299;31.99145299145299;32.0;32.0;1;1
4.223;0.0;50.0;0.0;31.99145299145299;31.99145299145299;32.0;32.0;1;1
4.332;0.0;50.0;0.0;31.99145299145299;31.99145299145299;32.0;32.0;1;1
4.443;0.0;50.0;0.0;31.99145299145299;31.99145299145299;32.0;32.0;1;1
4.554;0.0;50.0;0.0;31.99145299145299;31.99145299145299;32.0;32.0;1;1
4.654;0.0;50.0;0.0;31.99145299145299;31.99145299145299;32.0;32.0;1;1
4.765;0.0;50.0;0.0;31.99145299145299;31.99145299145299;32.0;32.0;1;1
4.869;0.0;50.0;0.0;31.99145299145299;31.99145299145299;32.0;32.0;1;1
4.982;0.0;50.0;0.0;31.99145299145299;31.99145299145299;32.0;32.0;1;1
5.09;0.0;50.0;0.0;31.99145299145299;31.99145299145299;32.0;32.0;1;1
5.201;0.0;50.0;0.0;31.99145299145299;31.99145299145299;32.0;32.0;1;1
5.312;0.0;50.0;0.0;31.99145299145299;31.99145299145299;32.0;32.0;1;1
5.425;0.0;50.0;0.0;31.99145299145299;31.99145299145299;32.0;32.0;1;1
5.537;0.0;50.0;0.0;31.99145299145299;31.99145299145299;32.0;32.0;1;1
5.646;0.0;50.0;0.0;31.99145299145299;31.99145299145299;32.0;32.0;1;1
5.755;0.0875;50.0;0.0;31.99145299145299;31.99145299145299;32.0;32.0;1;1
5.867;0.58875;50.0;0.0;31.99145299145299;31.99145299145299;32.0;32.0;1;1
5.978;1.34875;50.0;0.0;31.99145299145299;31.99145299145299;32.0;32.0;1;1
6.086;1.85875;50.0;0.0;31.99145299145299;31.99145299145299;32.0;32.0;1;1
6.2;2.37;50.0;0.0;31.99145299145299;31.99145299145299;32.0;32.0;1;1
6.308;2.88;50.0;0.0;31.99145299145299;31.99145299145299;32.0;32.0;1;1
6.424;3.38875;50.0;0.0;31.99145299145299;31.99145299145299;32.0;32.0;1;1
6.533;3.89875;50.0;0.0;31.99145299145299;31.99145299145299;32.0;32.0;1;1
6.647;4.6575;50.0;0.0;31.99145299145299;31.99145299145299;32.0;32.0;1;1
6.753;5.0;50.0;0.0;31.99145299145299;31.99145299145299;32.0;32.0;1;1
6.864;5.0;50.0;0.0;31.99145299145299;31.99145299145299;32.0;32.0;1;1
6.974;5.0;50.0;0.0;31.99145299145299;31.99145299145299;32.0;32.0;1;1
7.084;5.0;50.0;0.0;31.99145299145299;31.99145299145299;32.0;32.0;1;1
7.192;5.0;50.0;0.0;31.99145299145299;31.99145299145299;32.0;32.0;1;1
7.297;5.0;50.0;0.0;31.99145299145299;31.99145299145299;32.0;32.0;1;1
7.405;5.0;50.0;0.0;31.99145299145299;31.99145299145299;32.0;32.0;1;1
7.516;5.0;50.0;0.0;31.99145299145299;31.99145299145299;32.0;32.0;1;1
7.622;5.0;50.0;0.0;31.99145299145299;31.99145299145299;32.0;32.0;1;1
7.745;5.0;50.0;0.0;31.99145299145299;31.99145299145299;32.0;32.0;1;1
7.846;5.0;50.0;0.0;31.99145299145299;31.99145299145299;32.0;32.0;1;1
7.972;5.0;50.0;0.0;31.99145299145299;31.99145299145299;32.0;32.0;1;1
8.073;5.0;50.0;0.0;31.99145299145299;31.99145299145299;32.0;32.0;1;1
8.193;5.0;50.0;0.0;31.99145299145299;31.99145299145299;32.0;32.0;1;1
8.295;5.0;50.0;0.0;31.99145299145299;31.99145299145299;32.0;32.0;1;1
8.397;5.0;50.0;0.0;31.99145299145299;31.99145299145299;32.0;32.0;1;1
8.515;5.0;50.0;0.0;31.99145299145299;31.99145299145299;32.0;32.0;1;1
8.618;5.0;50.0;0.0;31.99145299145299;31.99145299145299;32.0;32.0;1;1
8.719;5.0;50.0;0.0;31.99145299145299;31.99145299145299;32.0;32.0;1;1
8.824;5.0;50.0;0.0;31.99145299145299;31.99145299145299;32.0;32.0;1;1
8.931;4.5475;50.0;0.0;31.99145299145299;31.99145299145299;32.0;32.0;1;1
9.042;4.03875;50.0;0.0;31.99145299145299;31.99145299145299;32.0;32.0;1;1
9.145;3.535;50.0;0.0;31.99145299145299;31.99145299145299;32.0;32.0;1;1
9.247;3.02625;50.0;0.0;31.99145299145299;31.99145299145299;32.0;32.0;1;1
9.353;2.5175;50.0;0.0;31.99145299145299;31.99145299145299;32.0;32.0;1;1
9.454;2.015;50.0;0.0;31.99145299145299;31.99145299145299;32.0;32.0;1;1
9.555;1.5075;50.0;0.0;31.99145299145299;31.99145299145299;32.0;32.0;1;1
9.657;1.0;50.0;0.0;31.99145299145299;31.99145299145299;32.0;32.0;1;1
9.776;0.4975;50.0;0.0;31.99145299145299;31.99145299145299;32.0;32.0;1;1
9.877;0.0;50.0;0.0;31.99145299145299;31.99145299145299;32.0;32.0;1;1
9.997;0.0;50.0;0.0;31.99145299145299;31.99145299145299;32.0;32.0;1;1
10.099;0.0;50.0;0.0;31.99145299145299;31.99145299145299;32.0;32.0;1;1
10.21;0.0;50.0;0.0;31.99145299145299;31.99145299145299;32.0;32.0;1;1
10.312;0.0;50.0;0.0;31.99145299145299;31.99145299145299;32.0;32.0;1;1
10.413;0.0;50.0;0.0;31.94017094017094;31.99145299145299;32.0;32.0;1;1
10.516;0.0;50.0;0.0;31.94017094017094;31.99145299145299;32.0;32.0;1;1
10.618;0.0;50.0;0.0;31.94017094017094;31.99145299145299;32.0;32.0;1;1
10.718;0.0;50.0;0.0;31.94017094017094;31.99145299145299;32.0;32.0;1;1
10.824;0.0;50.0;0.0;31.94017094017094;31.99145299145299;32.0;32.0;1;1
10.939;0.0;50.0;0.0;31.94017094017094;31.99145299145299;32.0;32.0;1;1
11.043;0.0;50.0;0.0;31.94017094017094;31.99145299145299;32.0;32.0;1;1
11.144;0.0;50.0;0.0;31.94017094017094;31.99145299145299;32.0;32.0;1;1
11.249;0.0;50.0;0.0;31.94017094017094;31.99145299145299;32.0;32.0;1;1
11.356;0.0;50.0;0.0;31.94017094017094;31.99145299145299;32.0;32.0;1;1
11.465;0.0;50.0;0.0;31.94017094017094;31.99145299145299;32.0;32.0;1;1
11.568;0.0;50.0;0.0;31.99145299145299;31.94017094017094;32.0;32.0;1;1
11.67;0.0;50.0;0.0;31.99145299145299;31.94017094017094;32.0;32.0;1;1
11.771;0.0;50.0;0.0;31.99145299145299;31.94017094017094;32.0;32.0;1;1
11.871;0.0;50.0;0.0;31.99145299145299;31.94017094017094;32.0;32.0;1;1
11.977;0.0;50.0;0.0;31.99145299145299;31.94017094017094;32.0;32.0;1;1
12.081;0.0;50.0;0.12379301807378065;31.99145299145299;31.94017094017094;32.0;32.0;1;1
12.19;0.0;50.0;0.6808615994057936;31.99145299145299;31.94017094017094;32.0;32.0;1;1
12.302;0.0;50.0;1.6712057439960388;31.99145299145299;31.94017094017094;32.0;32.0;1;1
12.41;0.0;50.0;2.9710324337707354;31.99145299145299;31.94017094017094;32.0;32.0;1;1
12.518;0.0;50.0;4.023273087397871;31.99145299145299;31.99145299145299;32.0;32.0;1;1
12.63;0.0;50.0;4.704134686803664;31.99145299145299;31.99145299145299;32.0;32.0;1;1
12.739;0.0;50.0;4.951720722951226;31.99145299145299;31.99145299145299;32.0;32.0;1;1
12.846;0.0;50.0;4.951720722951226;31.99145299145299;31.99145299145299;32.0;32.0;1;1
12.961;0.0;50.0;4.951720722951226;31.99145299145299;31.99145299145299;32.0;32.0;1;1
13.069;0.0;50.0;4.951720722951226;31.99145299145299;31.99145299145299;32.0;32.0;1;1
13.174;0.0;50.0;4.951720722951226;31.99145299145299;31.99145299145299;32.0;32.0;1;1
13.276;0.0;50.0;4.951720722951226;31.99145299145299;31.99145299145299;32.0;32.0;1;1
13.377;0.0;50.0;4.951720722951226;31.99145299145299;31.99145299145299;32.0;32.0;1;1
13.477;0.0;50.0;4.951720722951226;31.99145299145299;31.99145299145299;32.0;32.0;1;1
13.577;0.0;50.0;4.951720722951226;31.99145299145299;31.99145299145299;32.0;32.0;1;1
13.705;0.0;50.0;4.951720722951226;31.99145299145299;31.99145299145299;32.0;32.0;1;1
13.826;0.0;50.0;4.951720722951226;31.99145299145299;31.99145299145299;32.0;32.0;1;1
13.937;0.0;50.0;4.951720722951226;31.99145299145299;31.99145299145299;32.0;32.0;1;1
14.039;0.0;50.0;4.951720722951226;31.99145299145299;31.99145299145299;32.0;32.0;1;1
14.146;0.0;50.0;4.951720722951226;31.99145299145299;31.99145299145299;32.0;32.0;1;1
14.248;0.0;50.0;4.951720722951226;31.99145299145299;31.99145299145299;32.0;32.0;1;1
14.358;0.0;50.0;4.951720722951226;31.99145299145299;31.99145299145299;32.0;32.0;1;1
14.473;0.0;50.0;4.951720722951226;31.99145299145299;31.99145299145299;32.0;32.0;1;1
14.585;0.0;50.0;4.951720722951226;31.99145299145299;31.99145299145299;32.0;32.0;1;1
14.688;0.0;50.0;4.951720722951226;31.99145299145299;31.99145299145299;32.0;32.0;1;1
14.79;0.0;50.0;4.951720722951226;31.99145299145299;31.99145299145299;32.0;32.0;1;1
14.9;0.0;50.0;4.827927704877445;31.99145299145299;31.99145299145299;32.0;32.0;1;1
15.003;0.0;50.0;3.8994800693240905;31.99145299145299;31.99145299145299;32.0;32.0;1;1
15.11;0.0;50.0;2.7234463976231744;31.99145299145299;31.99145299145299;32.0;32.0;1;1
15.211;0.0;50.0;1.2379301807378065;31.99145299145299;31.99145299145299;32.0;32.0;1;1
15.313;0.0;50.0;0.5570685813320129;31.99145299145299;31.99145299145299;32.0;32.0;1;1
15.43;0.0;50.0;-1.733102253032929;31.99145299145299;31.99145299145299;32.0;32.0;1;1
15.546;0.0;50.0;-3.094825451844516;31.99145299145299;31.99145299145299;32.0;32.0;1;1
15.647;0.0;50.0;-4.085169596434762;31.99145299145299;31.99145299145299;32.0;32.0;1;1
15.748;0.0;50.0;-4.889824213914336;31.99145299145299;31.99145299145299;32.0;32.0;1;1
15.854;0.0;50.0;-4.951720722951226;31.99145299145299;31.99145299145299;32.0;32.0;1;1
15.956;0.0;50.0;-4.951720722951226;31.99145299145299;31.99145299145299;32.0;32.0;1;1
16.063;0.0;50.0;-4.951720722951226;31.99145299145299;31.99145299145299;32.0;32.0;1;1
16.168;0.0;50.0;-4.951720722951226;31.99145299145299;31.99145299145299;32.0;32.0;1;1
16.268;0.0;50.0;-4.951720722951226;31.99145299145299;31.99145299145299;32.0;32.0;1;1
16.369;0.0;50.0;-4.951720722951226;31.99145299145299;31.99145299145299;32.0;32.0;1;1
16.469;0.0;50.0;-4.951720722951226;31.99145299145299;31.99145299145299;32.0;32.0;1;1
16.57;0.0;50.0;-4.951720722951226;31.99145299145299;31.99145299145299;32.0;32.0;1;1
16.671;0.0;50.0;-4.951720722951226;31.99145299145299;31.99145299145299;32.0;32.0;1;1
16.772;0.0;50.0;-4.951720722951226;31.99145299145299;31.99145299145299;32.0;32.0;1;1
16.875;0.0;50.0;-4.951720722951226;31.99145299145299;31.99145299145299;32.0;32.0;1;1
16.984;0.0;50.0;-4.951720722951226;31.99145299145299;31.99145299145299;32.0;32.0;1;1
17.089;0.0;50.0;-4.951720722951226;31.99145299145299;31.99145299145299;32.0;32.0;1;1
17.192;0.0;50.0;-4.951720722951226;31.99145299145299;31.99145299145299;32.0;32.0;1;1
17.298;0.0;50.0;-4.951720722951226;31.99145299145299;31.99145299145299;32.0;32.0;1;1
17.398;0.0;50.0;-4.951720722951226;31.99145299145299;31.99145299145299;32.0;32.0;1;1
17.504;0.0;50.0;-4.951720722951226;31.99145299145299;31.99145299145299;32.0;32.0;1;1
17.616;0.0;50.0;-4.951720722951226;31.99145299145299;31.94017094017094;32.0;32.0;1;1
17.716;0.0;50.0;-4.951720722951226;31.99145299145299;31.94017094017094;32.0;32.0;1;1
17.819;0.0;50.0;-4.951720722951226;31.99145299145299;31.94017094017094;32.0;32.0;1;1
17.921;0.0;50.0;-4.951720722951226;31.99145299145299;31.94017094017094;32.0;32.0;1;1
18.03;0.0;50.0;-4.766031195840555;31.99145299145299;31.94017094017094;32.0;32.0;1;1
18.138;0.0;50.0;-4.1470661054716516;31.99145299145299;31.94017094017094;32.0;32.0;1;1
18.239;0.0;50.0;-3.094825451844516;31.99145299145299;31.94017094017094;32.0;32.0;1;1
18.34;0.0;50.0;-1.7949987620698193;31.99145299145299;31.94017094017094;32.0;32.0;1;1
18.44;0.0;50.0;-0.8046546174795742;31.99145299145299;31.94017094017094;32.0;32.0;1;1
18.54;0.0;50.0;-0.18568952711067097;31.99145299145299;31.99145299145299;32.0;32.0;1;1
18.641;0.0;50.0;0.0;31.99145299145299;31.99145299145299;32.0;32.0;1;1
18.741;0.0;50.0;0.0;31.99145299145299;31.99145299145299;32.0;32.0;1;1
18.843;0.0;50.0;0.0;31.99145299145299;31.99145299145299;32.0;32.0;1;1
18.945;0.0;50.0;0.0;31.99145299145299;31.99145299145299;32.0;32.0;1;1
19.048;0.0;50.0;0.0;31.99145299145299;31.99145299145299;32.0;32.0;1;1
19.151;0.0;50.0;0.0;31.99145299145299;31.99145299145299;32.0;32.0;1;1
19.254;0.0;50.0;0.0;31.99145299145299;31.99145299145299;32.0;32.0;1;1
19.354;0.0;50.0;0.0;31.99145299145299;31.99145299145299;32.0;32.0;1;1
19.478;0.0;50.0;0.0;31.99145299145299;31.94017094017094;32.0;32.0;1;1
19.588;0.0;50.0;0.0;31.99145299145299;31.94017094017094;32.0;32.0;1;1
19.701;0.0;50.0;0.0;31.99145299145299;31.94017094017094;32.0;32.0;1;1
19.809;0.0;50.0;0.0;31.99145299145299;31.94017094017094;32.0;32.0;1;1
19.923;0.0;50.0;0.0;31.99145299145299;31.94017094017094;32.0;32.0;1;1
20.032;0.0;50.0;0.0;31.99145299145299;31.94017094017094;32.0;32.0;1;1
20.144;0.0;50.0;0.0;31.99145299145299;31.94017094017094;32.0;32.0;1;1
20.245;0.0;50.0;0.0;31.99145299145299;31.94017094017094;32.0;32.0;1;1
20.351;0.0;50.0;0.0;31.99145299145299;31.94017094017094;32.0;32.0;1;1
20.451;0.0;50.0;0.0;31.99145299145299;31.94017094017094;32.0;32.0;1;1
20.552;0.0;50.0;0.0;31.99145299145299;31.99145299145299;32.0;32.0;1;1
20.653;0.0;50.0;0.0;31.99145299145299;31.99145299145299;32.0;32.0;1;1
20.757;0.0;50.0;0.0;31.99145299145299;31.99145299145299;32.0;32.0;1;1
20.857;0.0;50.0;0.0;31.99145299145299;31.99145299145299;32.0;32.0;1;1
20.957;0.0;50.0;0.0;31.99145299145299;31.99145299145299;32.0;32.0;1;1
21.058;0.0;50.0;0.0;31.99145299145299;31.99145299145299;32.0;32.0;1;1
21.166;0.0;50.0;0.0;31.99145299145299;31.99145299145299;32.0;32.0;1;1
21.271;0.0;50.0;0.0;31.99145299145299;31.99145299145299;32.0;32.0;1;1
21.384;0.0;50.0;0.0;31.99145299145299;31.99145299145299;32.0;32.0;1;1
21.486;0.0;50.0;0.0;31.99145299145299;31.99145299145299;32.0;32.0;1;1
21.588;0.0;50.0;0.0;31.99145299145299;31.99145299145299;32.0;32.0;1;1
21.704;0.0;50.0;0.0;31.99145299145299;31.99145299145299;32.0;32.0;1;1
21.819;0.0;50.0;0.0;31.99145299145299;31.99145299145299;32.0;32.0;1;1
21.923;0.0;50.0;0.0;31.99145299145299;31.99145299145299;32.0;32.0;1;1
22.035;0.0;50.0;0.0;31.99145299145299;31.99145299145299;32.0;32.0;1;1
22.146;0.0;50.0;0.0;31.99145299145299;31.99145299145299;32.0;32.0;1;1
22.246;0.0;50.0;0.0;31.99145299145299;31.99145299145299;32.0;32.0;1;1
22.353;0.0;50.0;0.0;31.99145299145299;31.99145299145299;32.0;32.0;1;1
22.465;0.0;50.0;0.0;31.99145299145299;31.99145299145299;32.0;32.0;1;1
22.575;0.0;50.0;0.0;31.99145299145299;31.99145299145299;32.0;32.0;1;1
22.684;0.0;50.0;0.0;31.99145299145299;31.99145299145299;32.0;32.0;1;1
22.814;0.0;50.0;0.0;31.99145299145299;31.99145299145299;32.0;32.0;1;1
22.914;0.0;50.0;0.0;31.99145299145299;31.99145299145299;32.0;32.0;1;1
23.019;0.0;50.0;0.18568952711067097;31.99145299145299;31.99145299145299;32.0;32.0;1;1
23.119;0.0;50.0;1.2379301807378065;31.99145299145299;31.99145299145299;32.0;32.0;1;1
23.252;0.0;50.0;1.733102253032929;31.99145299145299;31.99145299145299;32.0;32.0;1;1
23.353;0.0;50.0;3.218618469918297;31.99145299145299;31.99145299145299;32.0;32.0;1;1
23.472;0.0;50.0;4.1470661054716516;31.99145299145299;31.99145299145299;32.0;32.0;1;1
23.574;0.0;50.0;4.889824213914336;31.99145299145299;31.94017094017094;32.0;32.0;1;1
23.694;0.0;50.0;4.951720722951226;31.99145299145299;31.94017094017094;32.0;32.0;1;1
23.8;0.0;50.0;4.951720722951226;31.99145299145299;31.94017094017094;32.0;32.0;1;1
23.916;0.0;50.0;4.951720722951226;31.99145299145299;31.94017094017094;32.0;32.0;1;1
24.017;0.0;50.0;4.951720722951226;31.99145299145299;31.94017094017094;32.0;32.0;1;1
24.136;0.0;50.0;4.951720722951226;31.99145299145299;31.94017094017094;32.0;32.0;1;1
24.237;0.0;50.0;4.951720722951226;31.99145299145299;31.94017094017094;32.0;32.0;1;1
24.354;0.0;50.0;4.951720722951226;31.99145299145299;31.94017094017094;32.0;32.0;1;1
24.456;0.0;50.0;4.951720722951226;31.99145299145299;31.94017094017094;32.0;32.0;1;1
24.559;0.0;50.0;4.951720722951226;31.99145299145299;31.99145299145299;32.0;32.0;1;1
24.677;0.0;50.0;4.951720722951226;31.99145299145299;31.99145299145299;32.0;32.0;1;1
24.782;0.0;50.0;4.951720722951226;31.99145299145299;31.99145299145299;32.0;32.0;1;1
24.884;0.0;50.0;4.951720722951226;31.99145299145299;31.99145299145299;32.0;32.0;1;1
24.988;0.0;50.0;4.951720722951226;31.99145299145299;31.99145299145299;32.0;32.0;1;1
25.094;0.0;50.0;4.951720722951226;31.99145299145299;31.99145299145299;32.0;32.0;1;1
25.204;0.0;50.0;4.951720722951226;31.99145299145299;31.99145299145299;32.0;32.0;1;1
25.315;0.0;50.0;4.951720722951226;31.99145299145299;31.99145299145299;32.0;32.0;1;1
25.425;0.0;50.0;4.951720722951226;31.99145299145299;31.99145299145299;32.0;32.0;1;1
25.533;0.0;50.0;4.951720722951226;31.99145299145299;31.94017094017094;32.0;32.0;1;1
25.643;0.0;50.0;4.951720722951226;31.99145299145299;31.94017094017094;32.0;32.0;1;1
25.751;0.0;50.0;4.951720722951226;31.99145299145299;31.94017094017094;32.0;32.0;1;1
25.851;0.0;50.0;4.518445159692994;31.99145299145299;31.94017094017094;32.0;32.0;1;1
25.962;0.0;50.0;3.7137905422134194;31.99145299145299;31.94017094017094;32.0;32.0;1;1
26.062;0.0;50.0;2.7234463976231744;31.99145299145299;31.94017094017094;32.0;32.0;1;1
26.165;0.0;50.0;1.733102253032929;31.99145299145299;31.94017094017094;32.0;32.0;1;1
26.266;0.0;50.0;0.7427581084426839;31.99145299145299;31.94017094017094;32.0;32.0;1;1
26.38;0.0;50.0;-0.2475860361475613;31.99145299145299;31.94017094017094;32.0;32.0;1;1
26.482;0.0;50.0;-1.733102253032929;31.99145299145299;31.99145299145299;32.0;32.0;1;1
26.589;0.0;50.0;-2.2282743253280515;31.99145299145299;31.99145299145299;32.0;32.0;1;1
26.689;0.0;50.0;-3.7137905422134194;31.99145299145299;31.99145299145299;32.0;32.0;1;1
26.79;0.0;50.0;-4.1470661054716516;31.99145299145299;31.99145299145299;32.0;32.0;1;1
26.891;0.0;50.0;-4.889824213914336;31.99145299145299;31.99145299145299;32.0;32.0;1;1
26.993;0.0;50.0;-4.951720722951226;31.99145299145299;31.99145299145299;32.0;32.0;1;1
27.096;0.0;50.0;-4.951720722951226;31.99145299145299;31.99145299145299;32.0;32.0;1;1
27.213;0.0;50.0;-4.951720722951226;31.99145299145299;31.99145299145299;32.0;32.0;1;1
27.313;0.0;50.0;-4.951720722951226;31.99145299145299;31.99145299145299;32.0;32.0;1;1
27.432;0.0;50.0;-4.951720722951226;31.99145299145299;31.99145299145299;32.0;32.0;1;1
27.533;0.0;50.0;-4.951720722951226;31.99145299145299;31.99145299145299;32.0;32.0;1;1
27.634;0.0;50.0;-4.951720722951226;31.99145299145299;31.99145299145299;32.0;32.0;1;1
27.745;0.0;50.0;-4.951720722951226;31.99145299145299;31.99145299145299;32.0;32.0;1;1
27.857;0.0;50.0;-4.951720722951226;31.99145299145299;31.99145299145299;32.0;32.0;1;1
27.965;0.0;50.0;-4.951720722951226;31.99145299145299;31.99145299145299;32.0;32.0;1;1
28.066;0.0;50.0;-4.951720722951226;31.99145299145299;31.99145299145299;32.0;32.0;1;1
28.167;0.0;50.0;-4.951720722951226;31.99145299145299;31.99145299145299;32.0;32.0;1;1
28.268;0.0;50.0;-4.951720722951226;31.99145299145299;31.99145299145299;32.0;32.0;1;1
28.378;0.0;50.0;-4.951720722951226;31.99145299145299;31.99145299145299;32.0;32.0;1;1
28.483;0.0;50.0;-4.951720722951226;31.99145299145299;31.99145299145299;32.0;32.0;1;1
28.584;0.0;50.0;-4.951720722951226;31.99145299145299;31.94017094017094;32.0;32.0;1;1
28.686;0.0;50.0;-4.951720722951226;31.99145299145299;31.94017094017094;32.0;32.0;1;1
28.786;0.0;50.0;-4.951720722951226;31.99145299145299;31.94017094017094;32.0;32.0;1;1
28.89;0.0;50.0;-4.951720722951226;31.99145299145299;31.94017094017094;32.0;32.0;1;1
29.003;0.0;50.0;-4.951720722951226;31.99145299145299;31.94017094017094;32.0;32.0;1;1
29.111;0.0;50.0;-4.951720722951226;31.99145299145299;31.94017094017094;32.0;32.0;1;1
29.222;0.0;50.0;-4.580341668729884;31.99145299145299;31.94017094017094;32.0;32.0;1;1
29.334;0.0;50.0;-3.77568705125031;31.99145299145299;31.94017094017094;32.0;32.0;1;1
29.446;0.0;50.0;-2.290170834364942;31.99145299145299;31.94017094017094;32.0;32.0;1;1
29.549;0.0;50.0;-1.2998266897746968;31.99145299145299;31.99145299145299;32.0;32.0;1;1
29.659;0.0;50.0;-0.8665511265164645;31.99145299145299;31.99145299145299;32.0;32.0;1;1
29.76;0.0;50.0;-0.061896509036890326;31.99145299145299;31.99145299145299;32.0;32.0;1;1
29.866;0.0;50.0;0.0;31.99145299145299;31.99145299145299;32.0;32.0;1;1
29.981;0.0;50.0;0.0;31.99145299145299;31.99145299145299;32.0;32.0;1;1
30.09;0.0;50.0;0.0;31.99145299145299;31.99145299145299;32.0;32.0;1;1
30.191;0.0;50.0;0.0;31.99145299145299;31.99145299145299;32.0;32.0;1;1
30.296;0.0;50.0;0.0;31.99145299145299;31.99145299145299;32.0;32.0;1;1
30.396;0.0;50.0;0.0;31.99145299145299;31.99145299145299;32.0;32.0;1;1
30.497;0.0;50.0;0.0;31.99145299145299;31.99145299145299;32.0;32.0;1;1
30.609;0.0;50.0;0.0;31.99145299145299;31.99145299145299;32.0;32.0;1;1
30.72;0.0;50.0;0.0;31.99145299145299;31.99145299145299;32.0;32.0;1;1
30.832;0.0;50.0;0.0;31.99145299145299;31.99145299145299;32.0;32.0;1;1
30.947;0.0;50.0;0.0;31.99145299145299;31.99145299145299;32.0;32.0;1;1
31.051;0.0;50.0;0.0;31.99145299145299;31.99145299145299;32.0;32.0;1;1
31.168;0.0;50.0;0.0;31.99145299145299;31.99145299145299;32.0;32.0;1;1
31.273;0.0;50.0;0.0;31.99145299145299;31.99145299145299;32.0;32.0;1;1
31.374;0.0;50.0;0.0;31.99145299145299;31.99145299145299;32.0;32.0;1;1
31.483;0.0;50.0;0.0;31.99145299145299;31.99145299145299;32.0;32.0;1;1
31.589;0.0;50.0;0.0;31.99145299145299;31.94017094017094;32.0;32.0;1;1
31.706;0.0;50.0;0.0;31.99145299145299;31.94017094017094;32.0;32.0;1;1
31.818;0.0;50.0;0.0;31.99145299145299;31.94017094017094;32.0;32.0;1;1
31.924;0.0;50.0;0.0;31.99145299145299;31.94017094017094;32.0;32.0;1;1
32.038;0.0;50.0;0.0;31.99145299145299;31.94017094017094;32.0;32.0;1;1
32.146;0.0;50.0;0.0;31.99145299145299;31.94017094017094;32.0;32.0;1;1
32.247;0.0;50.0;0.0;31.99145299145299;31.94017094017094;32.0;32.0;1;1
32.369;0.0;50.0;0.0;31.99145299145299;31.94017094017094;32.0;32.0;1;1
32.47;0.0;50.0;0.0;31.99145299145299;31.94017094017094;32.0;32.0;1;1
32.575;0.0;50.0;0.0;31.99145299145299;31.99145299145299;32.0;32.0;1;1
32.675;0.0;50.0;0.0;31.99145299145299;31.99145299145299;32.0;32.0;1;1
32.776;0.0;50.0;0.0;31.99145299145299;31.99145299145299;32.0;32.0;1;1
32.876;0.0;50.0;0.0;31.99145299145299;31.99145299145299;32.0;32.0;1;1
32.977;0.0;50.0;0.0;31.99145299145299;31.99145299145299;32.0;32.0;1;1
33.077;0.0;50.0;0.0;31.99145299145299;31.99145299145299;32.0;32.0;1;1
33.18;0.0;50.0;0.0;31.99145299145299;31.99145299145299;32.0;32.0;1;1
33.28;0.0;50.0;0.0;31.99145299145299;31.99145299145299;32.0;32.0;1;1
33.388;0.0;50.0;0.0;31.99145299145299;31.99145299145299;32.0;32.0;1;1
33.493;0.0;50.0;0.0;31.99145299145299;31.94017094017094;32.0;32.0;1;1
33.597;0.0;50.0;0.0;31.99145299145299;31.94017094017094;32.0;32.0;1;1
33.706;0.0;50.0;0.0;31.99145299145299;31.94017094017094;32.0;32.0;1;1
33.808;0.0;50.0;0.0;31.99145299145299;31.94017094017094;32.0;32.0;1;1
33.923;0.0;50.0;0.0;31.99145299145299;31.94017094017094;32.0;32.0;1;1
34.024;0.0;50.0;0.0;31.99145299145299;31.94017094017094;32.0;32.0;1;1
34.134;0.0;50.0;0.0;31.99145299145299;31.94017094017094;32.0;32.0;1;1
34.244;0.0;50.0;0.2475860361475613;31.99145299145299;31.94017094017094;32.0;32.0;1;1
34.358;0.0;50.0;0.6808615994057936;31.99145299145299;31.94017094017094;32.0;32.0;1;1
34.464;0.0;50.0;1.176033671700916;31.99145299145299;31.94017094017094;32.0;32.0;1;1
34.578;0.0;50.0;1.9187917801436;31.99145299145299;31.99145299145299;32.0;32.0;1;1
34.693;0.0;50.0;2.4139638524387226;31.99145299145299;31.99145299145299;32.0;32.0;1;1
34.804;0.0;50.0;2.909135924733845;31.99145299145299;31.99145299145299;32.0;32.0;1;1
34.917;0.0;50.0;3.404307997028968;31.99145299145299;31.99145299145299;32.0;32.0;1;1
35.023;0.0;50.0;3.8994800693240905;31.99145299145299;31.99145299145299;32.0;32.0;1;1
35.126;0.0;50.0;4.394652141619213;31.99145299145299;31.99145299145299;32.0;32.0;1;1
35.235;0.0;50.0;4.951720722951226;31.99145299145299;31.99145299145299;32.0;32.0;1;1
35.337;0.0;50.0;4.951720722951226;31.99145299145299;31.99145299145299;32.0;32.0;1;1
35.455;0.0;50.0;4.951720722951226;31.99145299145299;31.99145299145299;32.0;32.0;1;1
35.567;0.0;50.0;4.951720722951226;31.99145299145299;31.94017094017094;32.0;32.0;1;1
35.676;0.0;50.0;4.951720722951226;31.99145299145299;31.94017094017094;32.0;32.0;1;1
35.79;0.0;50.0;4.951720722951226;31.99145299145299;31.94017094017094;32.0;32.0;1;1
35.896;0.0;50.0;4.951720722951226;31.99145299145299;31.94017094017094;32.0;32.0;1;1
35.997;0.0;50.0;4.951720722951226;31.99145299145299;31.94017094017094;32.0;32.0;1;1
36.109;0.0;50.0;4.951720722951226;31.99145299145299;31.94017094017094;32.0;32.0;1;1
36.213;0.0;50.0;4.951720722951226;31.99145299145299;31.94017094017094;32.0;32.0;1;1
36.328;0.0;50.0;4.951720722951226;31.99145299145299;31.94017094017094;32.0;32.0;1;1
36.435;0.0;50.0;4.951720722951226;31.99145299145299;31.94017094017094;32.0;32.0;1;1
36.551;0.0;50.0;4.951720722951226;31.99145299145299;31.94017094017094;32.0;32.0;1;1
36.66;0.0;50.0;4.951720722951226;31.99145299145299;31.94017094017094;32.0;32.0;1;1
36.768;0.0;50.0;4.951720722951226;31.99145299145299;31.94017094017094;32.0;32.0;1;1
36.881;0.0;50.0;4.951720722951226;31.99145299145299;31.94017094017094;32.0;32.0;1;1
36.99;0.0;50.0;4.951720722951226;31.99145299145299;31.94017094017094;32.0;32.0;1;1
37.091;0.0;50.0;4.951720722951226;31.99145299145299;31.94017094017094;32.0;32.0;1;1
37.204;0.0;50.0;4.951720722951226;31.99145299145299;31.94017094017094;32.0;32.0;1;1
37.325;0.0;50.0;4.951720722951226;31.99145299145299;31.94017094017094;32.0;32.0;1;1
37.436;0.0;50.0;4.889824213914336;31.99145299145299;31.94017094017094;32.0;32.0;1;1
37.552;0.0;50.0;4.456548650656103;31.99145299145299;31.94017094017094;32.0;32.0;1;1
37.662;0.0;50.0;3.961376578360981;31.99145299145299;31.99145299145299;32.0;32.0;1;1
37.776;0.0;50.0;3.466204506065858;31.99145299145299;31.99145299145299;32.0;32.0;1;1
37.876;0.0;50.0;2.7234463976231744;31.99145299145299;31.99145299145299;32.0;32.0;1;1
37.977;0.0;50.0;2.475860361475613;31.99145299145299;31.99145299145299;32.0;32.0;1;1
38.08;0.0;50.0;1.733102253032929;31.99145299145299;31.99145299145299;32.0;32.0;1;1
38.181;0.0;50.0;1.2379301807378065;31.99145299145299;31.99145299145299;32.0;32.0;1;1
38.284;0.0;50.0;0.7427581084426839;31.99145299145299;31.99145299145299;32.0;32.0;1;1
38.386;0.0;50.0;0.2475860361475613;31.99145299145299;31.99145299145299;32.0;32.0;1;1
38.497;0.0;50.0;-0.2475860361475613;31.99145299145299;31.99145299145299;32.0;32.0;1;1
38.598;0.0;50.0;-0.7427581084426839;31.99145299145299;31.94017094017094;32.0;32.0;1;1
38.704;0.0;50.0;-1.2379301807378065;31.99145299145299;31.94017094017094;32.0;32.0;1;1
38.807;0.0;50.0;-1.733102253032929;31.99145299145299;31.94017094017094;32.0;32.0;1;1
38.907;0.0;50.0;-2.2282743253280515;31.99145299145299;31.94017094017094;32.0;32.0;1;1
39.009;0.0;50.0;-2.7234463976231744;31.99145299145299;31.94017094017094;32.0;32.0;1;1
39.114;0.0;50.0;-3.218618469918297;31.99145299145299;31.94017094017094;32.0;32.0;1;1
39.216;0.0;50.0;-3.7137905422134194;31.99145299145299;31.94017094017094;32.0;32.0;1;1
39.318;0.0;50.0;-4.208962614508542;31.99145299145299;31.94017094017094;32.0;32.0;1;1
39.439;0.0;50.0;-4.889824213914336;31.99145299145299;31.94017094017094;32.0;32.0;1;1
39.554;0.0;50.0;-4.951720722951226;31.99145299145299;31.94017094017094;32.0;32.0;1;1
39.654;0.0;50.0;-4.951720722951226;31.99145299145299;31.99145299145299;32.0;32.0;1;1
39.758;0.0;50.0;-4.951720722951226;31.99145299145299;31.99145299145299;32.0;32.0;1;1
39.873;0.0;50.0;-4.951720722951226;31.99145299145299;31.99145299145299;32.0;32.0;1;1
39.978;0.0;50.0;-4.951720722951226;31.99145299145299;31.99145299145299;32.0;32.0;1;1
40.078;0.0;50.0;-4.951720722951226;31.99145299145299;31.99145299145299;32.0;32.0;1;1
40.18;0.0;50.0;-4.951720722951226;31.99145299145299;31.99145299145299;32.0;32.0;1;1
40.283;0.0;50.0;-4.951720722951226;31.99145299145299;31.99145299145299;32.0;32.0;1;1
40.385;0.0;50.0;-4.951720722951226;31.99145299145299;31.99145299145299;32.0;32.0;1;1
40.496;0.0;50.0;-4.951720722951226;31.99145299145299;31.99145299145299;32.0;32.0;1;1
40.6;0.0;50.0;-4.951720722951226;31.99145299145299;31.99145299145299;32.0;32.0;1;1
40.703;0.0;50.0;-4.951720722951226;31.99145299145299;31.99145299145299;32.0;32.0;1;1
40.803;0.0;50.0;-4.951720722951226;31.99145299145299;31.99145299145299;32.0;32.0;1;1
40.906;0.0;50.0;-4.951720722951226;31.99145299145299;31.99145299145299;32.0;32.0;1;1
41.008;0.0;50.0;-4.951720722951226;31.99145299145299;31.99145299145299;32.0;32.0;1;1
41.109;0.0;50.0;-4.951720722951226;31.99145299145299;31.99145299145299;32.0;32.0;1;1
41.21;0.0;50.0;-4.951720722951226;31.99145299145299;31.99145299145299;32.0;32.0;1;1
41.315;0.0;50.0;-4.951720722951226;31.99145299145299;31.99145299145299;32.0;32.0;1;1
41.416;0.0;50.0;-4.951720722951226;31.99145299145299;31.99145299145299;32.0;32.0;1;1
41.52;0.0;50.0;-4.951720722951226;31.99145299145299;31.99145299145299;32.0;32.0;1;1
41.621;0.0;50.0;-4.827927704877445;31.99145299145299;31.99145299145299;32.0;32.0;1;1
41.722;0.0;50.0;-4.394652141619213;31.99145299145299;31.99145299145299;32.0;32.0;1;1
41.83;0.0;50.0;-3.8994800693240905;31.99145299145299;31.99145299145299;32.0;32.0;1;1
41.943;0.0;50.0;-3.1567219608814066;31.99145299145299;31.99145299145299;32.0;32.0;1;1
42.045;0.0;50.0;-2.661549888586284;31.99145299145299;31.99145299145299;32.0;32.0;1;1
42.147;0.0;50.0;-2.1663778162911616;31.99145299145299;31.99145299145299;32.0;32.0;1;1
42.25;0.0;50.0;-1.6712057439960388;31.99145299145299;31.99145299145299;32.0;32.0;1;1
42.352;0.0;50.0;-1.176033671700916;31.99145299145299;31.99145299145299;32.0;32.0;1;1
42.461;0.0;50.0;-0.6808615994057936;31.99145299145299;31.99145299145299;32.0;32.0;1;1
42.562;0.0;50.0;-0.18568952711067097;31.99145299145299;31.94017094017094;32.0;32.0;1;1
42.67;0.0;50.0;0.0;31.99145299145299;31.94017094017094;32.0;32.0;1;1
42.771;0.0;50.0;0.0;31.99145299145299;31.94017094017094;32.0;32.0;1;1
42.874;0.0;50.0;0.0;31.99145299145299;31.94017094017094;32.0;32.0;1;1
42.974;0.0;50.0;0.0;31.99145299145299;31.94017094017094;32.0;32.0;1;1
43.076;0.0;50.0;0.0;31.99145299145299;31.94017094017094;32.0;32.0;1;1
43.177;0.0;50.0;0.0;31.99145299145299;31.94017094017094;32.0;32.0;1;1
43.281;0.0;50.0;0.0;31.99145299145299;31.94017094017094;32.0;32.0;1;1
43.392;0.0;50.0;0.0;31.99145299145299;31.94017094017094;32.0;32.0;1;1
43.512;0.0;50.0;0.0;31.99145299145299;31.94017094017094;32.0;32.0;1;1
43.614;0.0;50.0;0.0;31.99145299145299;31.99145299145299;32.0;32.0;1;1
43.715;0.0;50.0;0.0;31.99145299145299;31.99145299145299;32.0;32.0;1;1
43.826;0.0;50.0;0.0;31.99145299145299;31.99145299145299;32.0;32.0;1;1
43.931;0.0;50.0;0.0;31.99145299145299;31.99145299145299;32.0;32.0;1;1
44.032;0.0;50.0;0.0;31.99145299145299;31.99145299145299;32.0;32.0;1;1
44.134;0.0;50.0;0.0;31.99145299145299;31.99145299145299;32.0;32.0;1;1
44.235;0.0;50.0;0.0;31.99145299145299;31.99145299145299;32.0;32.0;1;1
44.335;0.0;50.0;0.0;31.99145299145299;31.99145299145299;32.0;32.0;1;1
44.436;0.0;50.0;0.0;31.99145299145299;31.99145299145299;32.0;32.0;1;1
44.543;0.0;50.0;0.0;31.99145299145299;31.99145299145299;32.0;32.0;1;1
44.648;0.0;50.0;0.0;31.99145299145299;31.99145299145299;32.0;32.0;1;1
44.751;0.0;50.0;0.0;31.99145299145299;31.99145299145299;32.0;32.0;1;1
44.853;0.0;50.0;0.0;31.99145299145299;31.99145299145299;32.0;32.0;1;1
44.955;0.0;50.0;0.0;31.99145299145299;31.99145299145299;32.0;32.0;1;1
45.056;0.0;50.0;0.0;31.99145299145299;31.99145299145299;32.0;32.0;1;1
45.164;0.0;50.0;0.0;31.99145299145299;31.99145299145299;32.0;32.0;1;1
45.274;0.0;50.0;0.0;31.99145299145299;31.99145299145299;32.0;32.0;1;1
45.375;0.0;50.0;0.0;31.99145299145299;31.99145299145299;32.0;32.0;1;1
45.486;0.0;50.0;0.0;31.99145299145299;31.99145299145299;32.0;32.0;1;1
45.614;0.0;50.0;0.0;31.99145299145299;31.94017094017094;32.0;32.0;1;1
45.723;0.0;50.0;0.0;31.99145299145299;31.94017094017094;32.0;32.0;1;1
45.834;0.0;50.0;0.0;31.99145299145299;31.94017094017094;32.0;32.0;1;1
45.936;0.0;50.0;0.0;31.99145299145299;31.94017094017094;32.0;32.0;1;1
46.058;0.0;50.0;0.0;31.99145299145299;31.94017094017094;32.0;32.0;1;1
46.168;0.0;50.0;0.0;31.99145299145299;31.94017094017094;32.0;32.0;1;1
46.28;0.0;50.0;0.0;31.99145299145299;31.94017094017094;32.0;32.0;1;1
46.392;0.0;50.0;0.0;31.99145299145299;31.94017094017094;32.0;32.0;1;1
46.505;0.0;50.0;0.0;31.99145299145299;31.94017094017094;32.0;32.0;1;1
46.612;0.0;50.0;0.0;31.99145299145299;31.99145299145299;32.0;32.0;1;1
46.729;0.0;50.0;0.0;31.99145299145299;31.99145299145299;32.0;32.0;1;1
46.833;0.0;50.0;0.0;31.99145299145299;31.99145299145299;32.0;32.0;1;1
46.939;0.0;50.0;0.0;31.99145299145299;31.99145299145299;32.0;32.0;1;1
47.046;0.0;50.0;0.12379301807378065;31.99145299145299;31.99145299145299;32.0;32.0;1;1
47.156;0.0;50.0;0.3094825451844516;31.99145299145299;31.99145299145299;32.0;32.0;1;1
47.267;0.0;50.0;0.4951720722951226;31.99145299145299;31.99145299145299;32.0;32.0;1;1
47.378;0.0;50.0;0.6808615994057936;31.99145299145299;31.99145299145299;32.0;32.0;1;1
47.483;0.0;50.0;0.9903441445902452;31.99145299145299;31.99145299145299;32.0;32.0;1;1
47.585;0.0;50.0;1.176033671700916;31.99145299145299;31.99145299145299;32.0;32.0;1;1
47.694;0.0;50.0;1.4236197078484774;31.99145299145299;31.94017094017094;32.0;32.0;1;1
47.807;0.0;50.0;1.6093092349591485;31.99145299145299;31.94017094017094;32.0;32.0;1;1
47.922;0.0;50.0;1.7949987620698193;31.99145299145299;31.94017094017094;32.0;32.0;1;1
48.032;0.0;50.0;2.104481307254271;31.99145299145299;31.94017094017094;32.0;32.0;1;1
48.143;0.0;50.0;2.290170834364942;31.99145299145299;31.94017094017094;32.0;32.0;1;1
48.255;0.0;50.0;2.475860361475613;31.99145299145299;31.94017094017094;32.0;32.0;1;1
48.37;0.0;50.0;2.661549888586284;31.99145299145299;31.94017094017094;32.0;32.0;1;1
48.476;0.0;50.0;2.9710324337707354;31.99145299145299;31.94017094017094;32.0;32.0;1;1
48.581;0.0;50.0;3.1567219608814066;31.99145299145299;31.94017094017094;32.0;32.0;1;1
48.683;0.0;50.0;3.404307997028968;31.99145299145299;31.99145299145299;32.0;32.0;1;1
48.793;0.0;50.0;3.5899975241396387;31.99145299145299;31.99145299145299;32.0;32.0;1;1
48.906;0.0;50.0;3.77568705125031;31.99145299145299;31.99145299145299;32.0;32.0;1;1
49.015;0.0;50.0;3.961376578360981;31.99145299145299;31.99145299145299;32.0;32.0;1;1
49.13;0.0;50.0;4.1470661054716516;31.99145299145299;31.99145299145299;32.0;32.0;1;1
49.239;0.0;50.0;4.456548650656103;31.99145299145299;31.99145299145299;32.0;32.0;1;1
49.352;0.0;50.0;4.6422381777667745;31.99145299145299;31.99145299145299;32.0;32.0;1;1
49.456;0.0;50.0;4.889824213914336;31.99145299145299;31.99145299145299;32.0;32.0;1;1
49.577;0.0;50.0;4.951720722951226;31.99145299145299;31.99145299145299;32.0;32.0;1;1
49.678;0.0;50.0;4.951720722951226;31.99145299145299;31.99145299145299;32.0;32.0;1;1
49.779;0.0;50.0;4.951720722951226;31.99145299145299;31.99145299145299;32.0;32.0;1;1
49.89;0.0;50.0;4.951720722951226;31.99145299145299;31.99145299145299;32.0;32.0;1;1
49.999;0.0;50.0;4.951720722951226;31.99145299145299;31.99145299145299;32.0;32.0;1;1
50.109;0.0;50.0;4.951720722951226;31.99145299145299;31.99145299145299;32.0;32.0;1;1
50.215;0.0;50.0;4.951720722951226;31.99145299145299;31.99145299145299;32.0;32.0;1;1
50.339;0.0;50.0;4.951720722951226;31.99145299145299;31.99145299145299;32.0;32.0;1;1
50.443;0.0;50.0;4.951720722951226;31.99145299145299;31.99145299145299;32.0;32.0;1;1
50.552;0.0;50.0;4.951720722951226;31.99145299145299;31.99145299145299;32.0;32.0;1;1
50.667;0.0;50.0;4.951720722951226;31.99145299145299;31.99145299145299;32.0;32.0;1;1
50.777;0.0;50.0;4.951720722951226;31.99145299145299;31.99145299145299;32.0;32.0;1;1
50.878;0.0;50.0;4.951720722951226;31.99145299145299;31.99145299145299;32.0;32.0;1;1
50.979;0.0;50.0;4.951720722951226;31.99145299145299;31.99145299145299;32.0;32.0;1;1
51.084;0.0;50.0;4.951720722951226;31.99145299145299;31.99145299145299;32.0;32.0;1;1
51.184;0.0;50.0;4.951720722951226;31.99145299145299;31.99145299145299;32.0;32.0;1;1
51.305;0.0;50.0;4.951720722951226;31.99145299145299;31.99145299145299;32.0;32.0;1;1
51.417;0.0;50.0;4.951720722951226;31.99145299145299;31.99145299145299;32.0;32.0;1;1
51.518;0.0;50.0;4.951720722951226;31.99145299145299;31.99145299145299;32.0;32.0;1;1
51.62;0.0;50.0;4.951720722951226;31.99145299145299;31.94017094017094;32.0;32.0;1;1
51.72;0.0;50.0;4.766031195840555;31.99145299145299;31.94017094017094;32.0;32.0;1;1
51.823;0.0;50.0;4.518445159692994;31.99145299145299;31.94017094017094;32.0;32.0;1;1
51.924;0.0;50.0;4.332755632582323;31.99145299145299;31.94017094017094;32.0;32.0;1;1
52.024;0.0;50.0;4.1470661054716516;31.99145299145299;31.94017094017094;32.0;32.0;1;1
52.128;0.0;50.0;3.961376578360981;31.99145299145299;31.94017094017094;32.0;32.0;1;1
52.23;0.0;50.0;3.77568705125031;31.99145299145299;31.94017094017094;32.0;32.0;1;1
52.331;0.0;50.0;3.5281010151027483;31.99145299145299;31.94017094017094;32.0;32.0;1;1
52.432;0.0;50.0;3.3424114879920777;31.99145299145299;31.94017094017094;32.0;32.0;1;1
52.54;0.0;50.0;3.1567219608814066;31.99145299145299;31.94017094017094;32.0;32.0;1;1
52.653;0.0;50.0;2.9710324337707354;31.99145299145299;31.94017094017094;32.0;32.0;1;1
52.757;0.0;50.0;2.785342906660065;31.99145299145299;31.94017094017094;32.0;32.0;1;1
52.865;0.0;50.0;2.5377568705125033;31.99145299145299;31.94017094017094;32.0;32.0;1;1
52.97;0.0;50.0;2.290170834364942;31.99145299145299;31.94017094017094;32.0;32.0;1;1
53.086;0.0;50.0;2.1663778162911616;31.99145299145299;31.94017094017094;32.0;32.0;1;1
53.187;0.0;50.0;1.8568952711067097;31.99145299145299;31.94017094017094;32.0;32.0;1;1
53.303;0.0;50.0;1.7949987620698193;31.99145299145299;31.94017094017094;32.0;32.0;1;1
53.404;0.0;50.0;1.4855162168853677;31.99145299145299;31.94017094017094;32.0;32.0;1;1
53.508;0.0;50.0;1.2998266897746968;31.99145299145299;31.94017094017094;32.0;32.0;1;1
53.626;0.0;50.0;0.9903441445902452;31.99145299145299;31.99145299145299;32.0;32.0;1;1
53.746;0.0;50.0;0.8046546174795742;31.99145299145299;31.99145299145299;32.0;32.0;1;1
53.847;0.0;50.0;0.5570685813320129;31.99145299145299;31.99145299145299;32.0;32.0;1;1
53.964;0.0;50.0;0.37137905422134193;31.99145299145299;31.99145299145299;32.0;32.0;1;1
54.064;0.0;50.0;0.061896509036890326;31.99145299145299;31.99145299145299;32.0;32.0;1;1
54.166;0.0;50.0;0.0;31.99145299145299;31.99145299145299;32.0;32.0;1;1
54.271;0.0;50.0;-0.3094825451844516;31.99145299145299;31.99145299145299;32.0;32.0;1;1
54.406;0.0;50.0;-0.43327556325823224;31.99145299145299;31.99145299145299;32.0;32.0;1;1
54.506;0.0;50.0;-0.6808615994057936;31.99145299145299;31.99145299145299;32.0;32.0;1;1
54.609;0.0;50.0;-0.9284476355533549;31.99145299145299;31.94017094017094;32.0;32.0;1;1
54.726;0.0;50.0;-1.176033671700916;31.99145299145299;31.94017094017094;32.0;32.0;1;1
54.829;0.0;50.0;-1.2998266897746968;31.99145299145299;31.94017094017094;32.0;32.0;1;1
54.933;0.0;50.0;-1.6093092349591485;31.99145299145299;31.94017094017094;32.0;32.0;1;1
55.034;0.0;50.0;-1.7949987620698193;31.99145299145299;31.94017094017094;32.0;32.0;1;1
55.143;0.0;50.0;-1.9806882891804904;31.99145299145299;31.94017094017094;32.0;32.0;1;1
55.251;0.0;50.0;-2.1663778162911616;31.99145299145299;31.94017094017094;32.0;32.0;1;1
55.362;0.0;50.0;-2.4139638524387226;31.99145299145299;31.94017094017094;32.0;32.0;1;1
55.471;0.0;50.0;-2.5996533795493937;31.99145299145299;31.94017094017094;32.0;32.0;1;1
55.582;0.0;50.0;-2.785342906660065;31.99145299145299;31.94017094017094;32.0;32.0;1;1
55.691;0.0;50.0;-3.094825451844516;31.99145299145299;31.99145299145299;32.0;32.0;1;1
55.803;0.0;50.0;-3.2805149789551873;31.99145299145299;31.99145299145299;32.0;32.0;1;1
55.909;0.0;50.0;-3.466204506065858;31.99145299145299;31.99145299145299;32.0;32.0;1;1
56.023;0.0;50.0;-3.651894033176529;31.99145299145299;31.99145299145299;32.0;32.0;1;1
56.128;0.0;50.0;-3.961376578360981;31.99145299145299;31.99145299145299;32.0;32.0;1;1
56.235;0.0;50.0;-4.1470661054716516;31.99145299145299;31.99145299145299;32.0;32.0;1;1
56.349;0.0;50.0;-4.394652141619213;31.99145299145299;31.99145299145299;32.0;32.0;1;1
56.463;0.0;50.0;-4.580341668729884;31.99145299145299;31.99145299145299;32.0;32.0;1;1
56.571;0.0;50.0;-4.766031195840555;31.99145299145299;31.99145299145299;32.0;32.0;1;1
56.679;0.0;50.0;-4.951720722951226;31.99145299145299;31.94017094017094;32.0;32.0;1;1
56.791;0.0;50.0;-4.951720722951226;31.99145299145299;31.94017094017094;32.0;32.0;1;1
56.895;0.0;50.0;-4.951720722951226;31.99145299145299;31.94017094017094;32.0;32.0;1;1
56.995;0.0;50.0;-4.951720722951226;31.99145299145299;31.94017094017094;32.0;32.0;1;1
57.096;0.0;50.0;-4.951720722951226;31.99145299145299;31.94017094017094;32.0;32.0;1;1
57.198;0.0;50.0;-4.951720722951226;31.99145299145299;31.94017094017094;32.0;32.0;1;1
57.301;0.0;50.0;-4.951720722951226;31.99145299145299;31.94017094017094;32.0;32.0;1;1
57.402;0.0;50.0;-4.951720722951226;31.99145299145299;31.94017094017094;32.0;32.0;1;1
57.512;0.0;50.0;-4.951720722951226;31.99145299145299;31.94017094017094;32.0;32.0;1;1
57.613;0.0;50.0;-4.951720722951226;31.99145299145299;31.94017094017094;32.0;32.0;1;1
57.718;0.0;50.0;-4.951720722951226;31.99145299145299;31.94017094017094;32.0;32.0;1;1
57.827;0.0;50.0;-4.951720722951226;31.99145299145299;31.94017094017094;32.0;32.0;1;1
57.927;0.0;50.0;-4.951720722951226;31.99145299145299;31.94017094017094;32.0;32.0;1;1
58.031;0.0;50.0;-4.951720722951226;31.99145299145299;31.94017094017094;32.0;32.0;1;1
58.131;0.0;50.0;-4.951720722951226;31.99145299145299;31.94017094017094;32.0;32.0;1;1
58.232;0.0;50.0;-4.951720722951226;31.99145299145299;31.94017094017094;32.0;32.0;1;1
58.336;0.0;50.0;-4.951720722951226;31.99145299145299;31.94017094017094;32.0;32.0;1;1
58.454;0.0;50.0;-4.951720722951226;31.99145299145299;31.94017094017094;32.0;32.0;1;1
58.566;0.0;50.0;-4.951720722951226;31.99145299145299;31.94017094017094;32.0;32.0;1;1
58.669;0.0;50.0;-4.951720722951226;31.99145299145299;31.99145299145299;32.0;32.0;1;1
58.769;0.0;50.0;-4.951720722951226;31.99145299145299;31.99145299145299;32.0;32.0;1;1
58.87;0.0;50.0;-4.951720722951226;31.99145299145299;31.99145299145299;32.0;32.0;1;1
58.977;0.0;50.0;-4.951720722951226;31.99145299145299;31.99145299145299;32.0;32.0;1;1
59.087;0.0;50.0;-4.951720722951226;31.99145299145299;31.99145299145299;32.0;32.0;1;1
59.199;0.0;50.0;-4.951720722951226;31.99145299145299;31.99145299145299;32.0;32.0;1;1
59.305;0.0;50.0;-4.951720722951226;31.99145299145299;31.99145299145299;32.0;32.0;1;1
59.406;0.0;50.0;-4.951720722951226;31.99145299145299;31.99145299145299;32.0;32.0;1;1
59.506;0.0;50.0;-4.951720722951226;31.99145299145299;31.99145299145299;32.0;32.0;1;1
59.607;0.0;50.0;-4.951720722951226;31.99145299145299;31.99145299145299;32.0;32.0;1;1
59.707;0.0;50.0;-4.951720722951226;31.99145299145299;31.99145299145299;32.0;32.0;1;1
59.816;0.0;50.0;-4.951720722951226;31.99145299145299;31.99145299145299;32.0;32.0;1;1
59.922;0.0;50.0;-4.951720722951226;31.99145299145299;31.99145299145299;32.0;32.0;1;1
60.029;0.0;50.0;-4.951720722951226;31.99145299145299;31.99145299145299;32.0;32.0;1;1
60.129;0.0;50.0;-4.951720722951226;31.99145299145299;31.99145299145299;32.0;32.0;1;1
60.235;0.0;50.0;-4.951720722951226;31.99145299145299;31.99145299145299;32.0;32.0;1;1
60.335;0.0;50.0;-4.951720722951226;31.99145299145299;31.99145299145299;32.0;32.0;1;1
60.442;0.0;50.0;-4.951720722951226;31.99145299145299;31.99145299145299;32.0;32.0;1;1
60.548;0.0;50.0;-4.951720722951226;31.99145299145299;31.99145299145299;32.0;32.0;1;1
60.662;0.0;50.0;-4.951720722951226;31.99145299145299;31.99145299145299;32.0;32.0;1;1
60.77;0.0;50.0;-4.951720722951226;31.99145299145299;31.99145299145299;32.0;32.0;1;1
60.887;0.0;50.0;-4.951720722951226;31.99145299145299;31.99145299145299;32.0;32.0;1;1
60.991;0.0;50.0;-4.951720722951226;31.99145299145299;31.99145299145299;32.0;32.0;1;1
61.092;0.0;50.0;-4.951720722951226;31.99145299145299;31.99145299145299;32.0;32.0;1;1
61.198;0.0;50.0;-4.951720722951226;31.99145299145299;31.99145299145299;32.0;32.0;1;1
61.308;0.0;50.0;-4.951720722951226;31.99145299145299;31.99145299145299;32.0;32.0;1;1
61.423;0.0;50.0;-4.951720722951226;31.99145299145299;31.99145299145299;32.0;32.0;1;1
61.53;0.0;50.0;-4.951720722951226;31.99145299145299;31.99145299145299;32.0;32.0;1;1
61.644;0.0;50.0;-4.951720722951226;31.99145299145299;31.99145299145299;32.0;32.0;1;1
61.749;0.0;50.0;-4.951720722951226;31.99145299145299;31.99145299145299;32.0;32.0;1;1
61.851;0.0;50.0;-4.951720722951226;31.99145299145299;31.99145299145299;32.0;32.0;1;1
61.96;0.0;50.0;-4.951720722951226;31.99145299145299;31.99145299145299;32.0;32.0;1;1
62.076;0.0;50.0;-4.951720722951226;31.99145299145299;31.99145299145299;32.0;32.0;1;1
62.182;0.0;50.0;-4.951720722951226;31.99145299145299;31.99145299145299;32.0;32.0;1;1
62.296;0.0;50.0;-4.951720722951226;31.99145299145299;31.99145299145299;32.0;32.0;1;1
62.404;0.0;50.0;-4.951720722951226;31.99145299145299;31.99145299145299;32.0;32.0;1;1
62.515;0.0;50.0;-4.951720722951226;31.99145299145299;31.99145299145299;32.0;32.0;1;1
62.624;0.0;50.0;-4.951720722951226;31.99145299145299;31.99145299145299;32.0;32.0;1;1
62.736;0.0;50.0;-4.951720722951226;31.99145299145299;31.99145299145299;32.0;32.0;1;1
62.847;0.0;50.0;-4.951720722951226;31.99145299145299;31.99145299145299;32.0;32.0;1;1
62.957;0.0;50.0;-4.951720722951226;31.99145299145299;31.99145299145299;32.0;32.0;1;1
63.073;0.0;50.0;-4.951720722951226;31.99145299145299;31.99145299145299;32.0;32.0;1;1
63.18;0.0;50.0;-4.951720722951226;31.99145299145299;31.99145299145299;32.0;32.0;1;1
63.294;0.0;50.0;-4.951720722951226;31.99145299145299;31.99145299145299;32.0;32.0;1;1
63.396;0.0;50.0;-4.951720722951226;31.99145299145299;31.99145299145299;32.0;32.0;1;1
63.497;0.0;50.0;-4.951720722951226;31.99145299145299;31.99145299145299;32.0;32.0;1;1
63.61;0.0;50.0;-4.951720722951226;31.99145299145299;31.99145299145299;32.0;32.0;1;1
63.722;0.0;50.0;-4.951720722951226;31.99145299145299;31.94017094017094;32.0;32.0;1;1
63.829;0.0;50.0;-4.951720722951226;31.99145299145299;31.94017094017094;32.0;32.0;1;1
63.943;0.0;50.0;-4.951720722951226;31.99145299145299;31.94017094017094;32.0;32.0;1;1
64.053;0.0;50.0;-4.951720722951226;31.99145299145299;31.94017094017094;32.0;32.0;1;1
64.168;0.0;50.0;-4.951720722951226;31.99145299145299;31.94017094017094;32.0;32.0;1;1
64.274;0.0;50.0;-4.951720722951226;31.99145299145299;31.94017094017094;32.0;32.0;1;1
64.389;0.0;50.0;-4.951720722951226;31.99145299145299;31.94017094017094;32.0;32.0;1;1
64.494;0.0;50.0;-4.951720722951226;31.99145299145299;31.94017094017094;32.0;32.0;1;1
64.614;0.0;50.0;-4.951720722951226;31.99145299145299;31.94017094017094;32.0;32.0;1;1
64.717;0.0;50.0;-4.951720722951226;31.99145299145299;31.99145299145299;32.0;32.0;1;1
64.83;0.0;50.0;-4.951720722951226;31.99145299145299;31.99145299145299;32.0;32.0;1;1
64.938;0.0;50.0;-4.951720722951226;31.99145299145299;31.99145299145299;32.0;32.0;1;1
65.05;0.0;50.0;-4.951720722951226;31.99145299145299;31.99145299145299;32.0;32.0;1;1
65.162;0.0;50.0;-4.951720722951226;31.99145299145299;31.99145299145299;32.0;32.0;1;1
65.28;0.0;50.0;-4.951720722951226;31.99145299145299;31.99145299145299;32.0;32.0;1;1
65.386;0.0;50.0;-4.889824213914336;31.99145299145299;31.99145299145299;32.0;32.0;1;1
65.497;0.0;50.0;-4.456548650656103;31.99145299145299;31.99145299145299;32.0;32.0;1;1
65.607;0.0;50.0;-3.5899975241396387;31.99145299145299;31.99145299145299;32.0;32.0;1;1
65.718;0.0;50.0;-2.290170834364942;31.99145299145299;31.94017094017094;32.0;32.0;1;1
65.83;0.0;50.0;-1.1141371626640257;31.99145299145299;31.94017094017094;32.0;32.0;1;1
65.944;0.0;50.0;-0.12379301807378065;31.99145299145299;31.94017094017094;32.0;32.0;1;1
66.054;0.0;49.89375;0.0;31.99145299145299;31.94017094017094;32.0;32.0;1;1
66.162;0.0;49.39;0.0;31.99145299145299;31.94017094017094;32.0;32.0;1;1
66.262;0.0;48.87875;0.0;31.99145299145299;31.94017094017094;32.0;32.0;1;1
66.369;0.0;48.3675;0.0;31.99145299145299;31.94017094017094;32.0;32.0;1;1
66.479;0.0;47.86125;0.0;31.99145299145299;31.94017094017094;32.0;32.0;1;1
66.595;0.0;47.09;0.0;31.99145299145299;31.94017094017094;32.0;32.0;1;1
66.701;0.0;46.5725;0.0;31.99145299145299;31.99145299145299;32.0;32.0;1;1
66.813;0.0;46.06125;0.0;31.99145299145299;31.99145299145299;32.0;32.0;1;1
66.926;0.0;45.54375;0.0;31.99145299145299;31.99145299145299;32.0;32.0;1;1
67.033;0.0;45.02625;0.0;31.99145299145299;31.99145299145299;32.0;32.0;1;1
67.149;0.0;44.2575;0.0;31.99145299145299;31.99145299145299;32.0;32.0;1;1
67.26;0.0;43.74125;0.0;31.99145299145299;31.99145299145299;32.0;32.0;1;1
67.367;0.0;43.23125;0.0;31.99145299145299;31.99145299145299;32.0;32.0;1;1
67.468;0.0;42.4575;0.0;31.99145299145299;31.99145299145299;32.0;32.0;1;1
67.575;0.0;42.2;0.0;31.99145299145299;31.99145299145299;32.0;32.0;1;1
67.687;0.0;41.68375;0.0;31.99145299145299;31.99145299145299;32.0;32.0;1;1
67.797;0.0;40.91;0.0;31.99145299145299;31.99145299145299;32.0;32.0;1;1
67.899;0.0;40.39875;0.0;31.99145299145299;31.99145299145299;32.0;32.0;1;1
68.008;0.0;39.8825;0.0;31.99145299145299;31.99145299145299;32.0;32.0;1;1
68.111;0.0;39.36875;0.0;31.99145299145299;31.99145299145299;32.0;32.0;1;1
68.212;0.0;38.6025;0.0;31.99145299145299;31.99145299145299;32.0;32.0;1;1
68.312;0.0;38.08875;0.0;31.99145299145299;31.99145299145299;32.0;32.0;1;1
68.416;0.0;37.83125;0.0;31.99145299145299;31.99145299145299;32.0;32.0;1;1
68.517;0.0;37.065;0.0;31.99145299145299;31.99145299145299;32.0;32.0;1;1
68.619;0.0;36.8075;0.0;31.99145299145299;31.99145299145299;32.0;32.0;1;1
68.735;0.0;36.03625;0.0;31.99145299145299;31.94017094017094;32.0;32.0;1;1
68.857;0.0;35.52625;0.0;31.99145299145299;31.94017094017094;32.0;32.0;1;1
68.958;0.0;35.0125;0.0;31.99145299145299;31.94017094017094;32.0;32.0;1;1
69.072;0.0;34.4975;0.0;31.99145299145299;31.94017094017094;32.0;32.0;1;1
69.172;0.0;33.725;0.0;31.99145299145299;31.94017094017094;32.0;32.0;1;1
69.295;0.0;33.21125;0.0;31.99145299145299;31.94017094017094;32.0;32.0;1;1
69.396;0.0;32.70125;0.0;31.99145299145299;31.94017094017094;32.0;32.0;1;1
69.499;0.0;32.18625;0.0;31.99145299145299;31.94017094017094;32.0;32.0;1;1
69.608;0.0;31.6725;0.0;31.99145299145299;31.99145299145299;32.0;32.0;1;1
69.732;0.0;31.1625;0.0;31.99145299145299;31.99145299145299;32.0;32.0;1;1
69.834;0.0;30.39;0.0;31.99145299145299;31.99145299145299;32.0;32.0;1;1
69.943;0.0;29.88;0.0;31.99145299145299;31.99145299145299;32.0;32.0;1;1
70.054;0.0;29.365;0.0;31.99145299145299;31.99145299145299;32.0;32.0;1;1
70.161;0.0;28.845;0.0;31.99145299145299;31.99145299145299;32.0;32.0;1;1
70.276;0.0;28.07125;0.0;31.99145299145299;31.99145299145299;32.0;32.0;1;1
70.381;0.0;27.55125;0.0;31.99145299145299;31.99145299145299;32.0;32.0;1;1
70.498;0.0;27.0375;0.0;31.99145299145299;31.99145299145299;32.0;32.0;1;1
70.615;0.0;26.5175;0.0;31.99145299145299;31.99145299145299;32.0;32.0;1;1
70.717;0.0;25.9975;0.0;31.99145299145299;31.99145299145299;32.0;32.0;1;1
70.82;0.0;25.4825;0.0;31.99145299145299;31.99145299145299;32.0;32.0;1;1
70.939;0.0;24.70375;0.0;31.99145299145299;31.99145299145299;32.0;32.0;1;1
71.056;0.0;24.1825;0.0;31.99145299145299;31.99145299145299;32.0;32.0;1;1
71.159;0.0;23.6675;0.0;31.99145299145299;31.99145299145299;32.0;32.0;1;1
71.261;0.0;23.1475;0.0;31.99145299145299;31.99145299145299;32.0;32.0;1;1
71.369;0.0;22.62875;0.0;31.99145299145299;31.99145299145299;32.0;32.0;1;1
71.486;0.0;22.11375;0.0;31.99145299145299;31.99145299145299;32.0;32.0;1;1
71.597;0.0;21.335;0.0;31.99145299145299;31.99145299145299;32.0;32.0;1;1
71.713;0.0;20.82;0.0;31.99145299145299;31.99145299145299;32.0;32.0;1;1
71.814;0.0;20.3;0.0;31.99145299145299;31.99145299145299;32.0;32.0;1;1
71.915;0.0;19.78;0.0;31.99145299145299;31.99145299145299;32.0;32.0;1;1
72.016;0.0;19.26;0.0;31.99145299145299;31.99145299145299;32.0;32.0;1;1
72.119;0.0;18.73875;0.0;31.99145299145299;31.99145299145299;32.0;32.0;1;1
72.22;0.0;17.96375;0.0;31.99145299145299;31.99145299145299;32.0;32.0;1;1
72.332;0.0;17.70375;0.0;31.99145299145299;31.99145299145299;32.0;32.0;1;1
72.433;0.0;16.925;0.0;31.99145299145299;31.99145299145299;32.0;32.0;1;1
72.537;0.0;16.665;0.0;31.99145299145299;31.99145299145299;32.0;32.0;1;1
72.655;0.0;15.89;0.0;31.99145299145299;31.99145299145299;32.0;32.0;1;1
72.756;0.0;15.36875;0.0;31.99145299145299;31.94017094017094;32.0;32.0;1;1
72.866;0.0;14.85375;0.0;31.99145299145299;31.94017094017094;32.0;32.0;1;1
72.977;0.0;14.33375;0.0;31.99145299145299;31.94017094017094;32.0;32.0;1;1
73.09;0.0;13.55375;0.0;31.99145299145299;31.94017094017094;32.0;32.0;1;1
73.198;0.0;13.29875;0.0;31.99145299145299;31.94017094017094;32.0;32.0;1;1
73.298;0.0;12.5175;0.0;31.99145299145299;31.94017094017094;32.0;32.0;1;1
73.399;0.0;11.9975;0.0;31.99145299145299;31.94017094017094;32.0;32.0;1;1
73.504;0.0;11.47625;0.0;31.99145299145299;31.94017094017094;32.0;32.0;1;1
73.609;0.0;10.95625;0.0;31.99145299145299;31.94017094017094;32.0;32.0;1;1
73.712;0.0;10.44;0.0;31.99145299145299;31.99145299145299;32.0;32.0;1;1
73.824;0.0;9.91875;0.0;31.99145299145299;31.99145299145299;32.0;32.0;1;1
73.925;0.0;9.13;0.0;31.99145299145299;31.99145299145299;32.0;32.0;1;1
74.027;0.0;8.8725;0.0;31.99145299145299;31.99145299145299;32.0;32.0;1;1
74.127;0.0;8.34875;0.0;31.99145299145299;31.99145299145299;32.0;32.0;1;1
74.228;0.0;7.56125;0.0;31.99145299145299;31.99145299145299;32.0;32.0;1;1
74.34;0.0;7.30375;0.0;31.99145299145299;31.99145299145299;32.0;32.0;1;1
74.442;0.0;6.77875;0.0;31.99145299145299;31.99145299145299;32.0;32.0;1;1
74.542;0.0;5.99125;0.0;31.99145299145299;31.99145299145299;32.0;32.0;1;1
74.647;0.0;5.4725;0.0;31.99145299145299;31.94017094017094;32.0;32.0;1;1
74.76;0.0;5.21;0.0;31.99145299145299;31.94017094017094;32.0;32.0;1;1
74.861;0.0;4.4275;0.0;31.99145299145299;31.94017094017094;32.0;32.0;1;1
74.967;0.0;3.9025;0.0;31.99145299145299;31.94017094017094;32.0;32.0;1;1
75.074;0.0;3.3775;0.0;31.99145299145299;31.94017094017094;32.0;32.0;1;1
75.175;0.0;2.85875;0.0;31.99145299145299;31.94017094017094;32.0;32.0;1;1
75.28;0.0;2.3375;0.0;31.99145299145299;31.94017094017094;32.0;32.0;1;1
75.387;0.0;1.8275;0.0;31.99145299145299;31.94017094017094;32.0;32.0;1;1
75.5;0.0;1.32125;0.0;31.99145299145299;31.94017094017094;32.0;32.0;1;1
75.609;0.0;0.81125;0.0;31.99145299145299;31.94017094017094;32.0;32.0;1;1
75.723;0.0;0.06625;0.0;31.99145299145299;31.94017094017094;32.0;32.0;1;1
75.835;0.0;0.0;0.0;31.99145299145299;31.94017094017094;32.0;32.0;1;1
75.948;0.0;0.0;0.0;31.99145299145299;31.94017094017094;32.0;32.0;1;1
76.058;0.0;0.0;0.0;31.99145299145299;31.94017094017094;32.0;32.0;1;1
76.162;0.0;0.0;0.0;31.99145299145299;31.94017094017094;32.0;32.0;1;1
76.267;0.0;0.0;0.0;31.99145299145299;31.94017094017094;32.0;32.0;1;1
76.376;0.0;0.0;0.0;31.99145299145299;31.94017094017094;32.0;32.0;1;1
76.486;0.0;0.0;0.0;31.99145299145299;31.94017094017094;32.0;32.0;1;1
76.588;0.0;0.0;0.0;31.99145299145299;31.94017094017094;32.0;32.0;1;1
76.69;0.0;0.0;0.0;31.99145299145299;31.99145299145299;32.0;32.0;1;1
76.792;0.0;0.0;0.0;31.99145299145299;31.99145299145299;32.0;32.0;1;1
76.892;0.0;0.0;0.0;31.99145299145299;31.99145299145299;32.0;32.0;1;1
76.993;0.0;0.0;0.0;31.99145299145299;31.99145299145299;32.0;32.0;1;1
77.093;0.0;0.0;0.0;31.99145299145299;31.99145299145299;32.0;32.0;1;1
77.195;0.0;0.0;0.0;31.99145299145299;31.99145299145299;32.0;32.0;1;1
77.299;0.0;0.0;0.0;31.99145299145299;31.99145299145299;32.0;32.0;1;1
77.401;0.0;0.0;0.0;31.99145299145299;31.99145299145299;32.0;32.0;1;1
77.51;0.0;0.0;0.0;31.99145299145299;31.99145299145299;32.0;32.0;1;1
77.611;0.0;0.0;0.0;31.99145299145299;31.99145299145299;32.0;32.0;1;1
77.715;0.0;0.0;0.0;31.99145299145299;31.99145299145299;32.0;32.0;1;1
77.823;0.0;0.0;0.0;31.99145299145299;31.99145299145299;32.0;32.0;1;1
77.93;0.0;0.0;0.0;31.99145299145299;31.99145299145299;32.0;32.0;1;1
78.048;0.0;0.0;0.0;31.99145299145299;31.99145299145299;32.0;32.0;1;1
78.16;0.0;0.0;0.0;31.99145299145299;31.99145299145299;32.0;32.0;1;1
78.267;0.0;0.0;0.0;31.99145299145299;31.99145299145299;32.0;32.0;1;1
78.381;0.0;0.0;0.0;31.99145299145299;31.99145299145299;32.0;32.0;1;1
78.493;0.0;0.0;0.0;31.99145299145299;31.99145299145299;32.0;32.0;1;1
78.605;0.0;0.0;0.0;31.99145299145299;31.99145299145299;32.0;32.0;1;1
78.715;0.0;0.0;0.0;31.99145299145299;31.99145299145299;32.0;32.0;1;1
78.816;0.0;0.0;0.0;31.99145299145299;31.99145299145299;32.0;32.0;1;1
78.923;0.0;0.0;0.0;31.99145299145299;31.99145299145299;32.0;32.0;1;1
79.034;0.0;0.0;0.0;31.99145299145299;31.99145299145299;32.0;32.0;1;1
79.142;0.0;0.0;0.0;31.99145299145299;31.99145299145299;32.0;32.0;1;1
79.261;0.0;0.0;0.0;31.99145299145299;31.99145299145299;32.0;32.0;1;1
79.364;0.0;0.0;0.0;31.99145299145299;31.99145299145299;32.0;32.0;1;1
79.482;0.0;0.0;0.0;31.99145299145299;31.99145299145299;32.0;32.0;1;1
79.589;0.0;0.0;0.0;31.99145299145299;31.99145299145299;32.0;32.0;1;1
79.693;0.0;0.0;0.0;31.99145299145299;31.99145299145299;32.0;32.0;1;1
79.798;0.0;0.0;0.0;31.99145299145299;31.99145299145299;32.0;32.0;1;1
79.931;0.0;0.0;0.0;31.99145299145299;31.99145299145299;32.0;32.0;1;1
80.038;0.0;0.0;0.0;31.99145299145299;31.99145299145299;32.0;32.0;1;1
80.139;0.0;0.0;0.0;31.99145299145299;31.99145299145299;32.0;32.0;1;1
80.24;0.0;0.0;0.0;31.99145299145299;31.99145299145299;32.0;32.0;1;1
80.356;0.0;0.0;0.0;31.99145299145299;31.99145299145299;32.0;32.0;1;1
80.463;0.0;0.0;0.0;31.99145299145299;31.99145299145299;32.0;32.0;1;1
80.578;0.0;0.0;0.0;31.99145299145299;31.99145299145299;32.0;32.0;1;1
80.691;0.0;0.0;0.0;31.99145299145299;31.99145299145299;32.0;32.0;1;1
80.795;0.0;0.0;0.0;31.99145299145299;31.94017094017094;32.0;32.0;1;1
80.912;0.0;0.0;0.0;31.99145299145299;31.94017094017094;32.0;32.0;1;1
81.021;0.0;0.0;0.0;31.99145299145299;31.94017094017094;32.0;32.0;1;1
81.137;0.0;0.0;0.0;31.99145299145299;31.94017094017094;32.0;32.0;1;1
81.249;0.0;0.0;0.0;31.99145299145299;31.94017094017094;32.0;32.0;1;1
81.359;0.0;0.0;0.0;31.99145299145299;31.94017094017094;32.0;32.0;1;1
81.472;0.0;0.0;0.0;31.99145299145299;31.94017094017094;32.0;32.0;1;1
81.581;0.0;0.0;0.0;31.99145299145299;31.94017094017094;32.0;32.0;1;1
81.682;0.0;0.0;0.0;31.99145299145299;31.99145299145299;32.0;32.0;1;1
81.786;0.0;0.0;0.0;31.99145299145299;31.99145299145299;32.0;32.0;1;1
81.896;0.0;0.0;0.0;31.99145299145299;31.99145299145299;32.0;32.0;1;1
82.01;0.0;0.36375;0.0;31.99145299145299;31.99145299145299;32.0;32.0;1;1
82.121;0.0;0.8775;0.0;31.99145299145299;31.99145299145299;32.0;32.0;1;1
82.232;0.0;1.39;0.0;31.99145299145299;31.99145299145299;32.0;32.0;1;1
82.341;0.0;2.16125;0.0;31.99145299145299;31.99145299145299;32.0;32.0;1;1
82.451;0.0;2.66875;0.0;31.99145299145299;31.99145299145299;32.0;32.0;1;1
82.571;0.0;3.18;0.0;31.99145299145299;31.99145299145299;32.0;32.0;1;1
82.675;0.0;3.6925;0.0;31.99145299145299;31.99145299145299;32.0;32.0;1;1
82.783;0.0;4.1975;0.0;31.99145299145299;31.94017094017094;32.0;32.0;1;1
82.896;0.0;4.965;0.0;31.99145299145299;31.94017094017094;32.0;32.0;1;1
83.014;0.0;5.72625;0.0;31.99145299145299;31.94017094017094;32.0;32.0;1;1
83.116;0.0;5.9825;0.0;31.99145299145299;31.94017094017094;32.0;32.0;1;1
83.222;0.0;6.75125;0.0;31.99145299145299;31.94017094017094;32.0;32.0;1;1
83.323;0.0;7.0075;0.0;31.99145299145299;31.94017094017094;32.0;32.0;1;1
83.432;0.0;7.77;0.0;31.99145299145299;31.94017094017094;32.0;32.0;1;1
83.54;0.0;8.2825;0.0;31.99145299145299;31.94017094017094;32.0;32.0;1;1
83.648;0.0;8.78875;0.0;31.99145299145299;31.94017094017094;32.0;32.0;1;1
83.759;0.0;9.30125;0.0;31.99145299145299;31.99145299145299;32.0;32.0;1;1
83.861;0.0;9.8125;0.0;31.99145299145299;31.99145299145299;32.0;32.0;1;1
83.965;0.0;10.57125;0.0;31.99145299145299;31.99145299145299;32.0;32.0;1;1
84.073;0.0;10.82625;0.0;31.99145299145299;31.99145299145299;32.0;32.0;1;1
84.175;0.0;11.58625;0.0;31.99145299145299;31.99145299145299;32.0;32.0;1;1
84.284;0.0;12.095;0.0;31.99145299145299;31.99145299145299;32.0;32.0;1;1
84.396;0.0;12.605;0.0;31.99145299145299;31.99145299145299;32.0;32.0;1;1
84.502;0.0;13.10875;0.0;31.99145299145299;31.99145299145299;32.0;32.0;1;1
84.611;0.0;13.61875;0.0;31.99145299145299;31.99145299145299;32.0;32.0;1;1
84.713;0.0;14.1275;0.0;31.99145299145299;31.94017094017094;32.0;32.0;1;1
84.815;0.0;14.88625;0.0;31.99145299145299;31.94017094017094;32.0;32.0;1;1
84.918;0.0;15.39625;0.0;31.99145299145299;31.94017094017094;32.0;32.0;1;1
85.018;0.0;15.91;0.0;31.99145299145299;31.94017094017094;32.0;32.0;1;1
85.129;0.0;16.1675;0.0;31.99145299145299;31.94017094017094;32.0;32.0;1;1
85.23;0.0;16.94;0.0;31.99145299145299;31.94017094017094;32.0;32.0;1;1
85.334;0.0;17.1975;0.0;31.99145299145299;31.94017094017094;32.0;32.0;1;1
85.436;0.0;17.7075;0.0;31.99145299145299;31.94017094017094;32.0;32.0;1;1
85.539;0.0;18.48125;0.0;31.99145299145299;31.94017094017094;32.0;32.0;1;1
85.652;0.0;18.99125;0.0;31.99145299145299;31.94017094017094;32.0;32.0;1;1
85.756;0.0;19.50625;0.0;31.99145299145299;31.94017094017094;32.0;32.0;1;1
85.869;0.0;20.02125;0.0;31.99145299145299;31.94017094017094;32.0;32.0;1;1
85.976;0.0;20.5325;0.0;31.99145299145299;31.94017094017094;32.0;32.0;1;1
86.093;0.0;21.31625;0.0;31.99145299145299;31.94017094017094;32.0;32.0;1;1
86.197;0.0;21.83625;0.0;31.99145299145299;31.94017094017094;32.0;32.0;1;1
86.316;0.0;22.3525;0.0;31.99145299145299;31.94017094017094;32.0;32.0;1;1
86.419;0.0;22.87375;0.0;31.99145299145299;31.94017094017094;32.0;32.0;1;1
86.52;0.0;23.65625;0.0;31.99145299145299;31.94017094017094;32.0;32.0;1;1
86.639;0.0;24.1775;0.0;31.99145299145299;31.94017094017094;32.0;32.0;1;1
86.753;0.0;24.69875;0.0;31.99145299145299;31.94017094017094;32.0;32.0;1;1
86.858;0.0;25.21625;0.0;31.99145299145299;31.94017094017094;32.0;32.0;1;1
86.981;0.0;25.7375;0.0;31.99145299145299;31.94017094017094;32.0;32.0;1;1
87.096;0.0;26.51375;0.0;31.99145299145299;31.94017094017094;32.0;32.0;1;1
87.214;0.0;27.03625;0.0;31.99145299145299;31.94017094017094;32.0;32.0;1;1
87.336;0.0;27.5575;0.0;31.99145299145299;31.94017094017094;32.0;32.0;1;1
87.437;0.0;28.335;0.0;31.99145299145299;31.94017094017094;32.0;32.0;1;1
87.557;0.0;28.8575;0.0;31.99145299145299;31.94017094017094;32.0;32.0;1;1
87.658;0.0;29.37875;0.0;31.99145299145299;31.94017094017094;32.0;32.0;1;1
87.762;0.0;29.895;0.0;31.99145299145299;31.99145299145299;32.0;32.0;1;1
87.868;0.0;30.4175;0.0;31.99145299145299;31.99145299145299;32.0;32.0;1;1
87.978;0.0;30.93375;0.0;31.99145299145299;31.99145299145299;32.0;32.0;1;1
88.093;0.0;31.45625;0.0;31.99145299145299;31.99145299145299;32.0;32.0;1;1
88.198;0.0;31.97875;0.0;31.99145299145299;31.99145299145299;32.0;32.0;1;1
88.309;0.0;32.765;0.0;31.99145299145299;31.99145299145299;32.0;32.0;1;1
88.429;0.0;33.55625;0.0;31.99145299145299;31.99145299145299;32.0;32.0;1;1
88.53;0.0;34.07875;0.0;31.99145299145299;31.99145299145299;32.0;32.0;1;1
88.641;0.0;34.3425;0.0;31.99145299145299;31.99145299145299;32.0;32.0;1;1
88.749;0.0;34.85375;0.0;31.99145299145299;31.94017094017094;32.0;32.0;1;1
88.864;0.0;35.61125;0.0;31.99145299145299;31.94017094017094;32.0;32.0;1;1
88.969;0.0;36.12;0.0;31.99145299145299;31.94017094017094;32.0;32.0;1;1
89.079;0.0;36.63;0.0;31.99145299145299;31.94017094017094;32.0;32.0;1;1
89.191;0.0;37.1325;0.0;31.99145299145299;31.94017094017094;32.0;32.0;1;1
89.302;0.0;37.64125;0.0;31.99145299145299;31.94017094017094;32.0;32.0;1;1
89.414;0.0;38.405;0.0;31.99145299145299;31.94017094017094;32.0;32.0;1;1
89.522;0.0;38.915;0.0;31.99145299145299;31.94017094017094;32.0;32.0;1;1
89.64;0.0;39.42375;0.0;31.99145299145299;31.94017094017094;32.0;32.0;1;1
89.744;0.0;39.9275;0.0;31.99145299145299;31.94017094017094;32.0;32.0;1;1
89.858;0.0;40.4375;0.0;31.99145299145299;31.94017094017094;32.0;32.0;1;1
89.967;0.0;41.20375;0.0;31.99145299145299;31.94017094017094;32.0;32.0;1;1
90.078;0.0;41.70875;0.0;31.99145299145299;31.94017094017094;32.0;32.0;1;1
90.178;0.0;42.21875;0.0;31.99145299145299;31.94017094017094;32.0;32.0;1;1
90.28;0.0;42.72875;0.0;31.99145299145299;31.94017094017094;32.0;32.0;1;1
90.399;0.0;43.235;0.0;31.99145299145299;31.94017094017094;32.0;32.0;1;1
90.503;0.0;43.745;0.0;31.99145299145299;31.94017094017094;32.0;32.0;1;1
90.614;0.0;44.5075;0.0;31.99145299145299;31.94017094017094;32.0;32.0;1;1
90.728;0.0;45.0175;0.0;31.99145299145299;31.94017094017094;32.0;32.0;1;1
90.838;0.0;45.52625;0.0;31.99145299145299;31.94017094017094;32.0;32.0;1;1
90.951;0.0;46.03625;0.0;31.99145299145299;31.94017094017094;32.0;32.0;1;1
91.062;0.0;46.54625;0.0;31.99145299145299;31.94017094017094;32.0;32.0;1;1
91.172;0.0;47.30625;0.0;31.99145299145299;31.94017094017094;32.0;32.0;1;1
91.28;0.0;47.8175;0.0;31.99145299145299;31.94017094017094;32.0;32.0;1;1
91.388;0.0;48.33;0.0;31.99145299145299;31.94017094017094;32.0;32.0;1;1
91.499;0.0;48.83625;0.0;31.99145299145299;31.94017094017094;32.0;32.0;1;1
91.609;0.0;49.3475;0.0;31.99145299145299;31.94017094017094;32.0;32.0;1;1
91.721;0.0;49.9975;0.0;31.99145299145299;31.94017094017094;32.0;32.0;1;1
91.835;0.0;50.0;0.0;31.99145299145299;31.99145299145299;32.0;32.0;1;1
91.946;0.0;50.0;0.0;31.99145299145299;31.99145299145299;32.0;32.0;1;1
92.052;0.0;50.0;0.0;31.99145299145299;31.99145299145299;32.0;32.0;1;1
92.153;0.0;50.0;0.0;31.99145299145299;31.99145299145299;32.0;32.0;1;1
92.258;0.0;50.0;0.0;31.99145299145299;31.99145299145299;32.0;32.0;1;1
92.373;0.0;50.0;0.0;31.99145299145299;31.99145299145299;32.0;32.0;1;1
92.483;0.0;50.0;0.0;31.99145299145299;31.99145299145299;32.0;32.0;1;1
92.597;0.0;50.0;0.0;31.99145299145299;31.99145299145299;32.0;32.0;1;1
92.707;0.0;50.0;0.0;31.99145299145299;31.99145299145299;32.0;32.0;1;1
92.819;0.0;50.0;0.0;31.99145299145299;31.94017094017094;32.0;32.0;1;1
92.932;0.0;50.0;0.0;31.99145299145299;31.94017094017094;32.0;32.0;1;1
93.044;0.0;50.0;0.0;31.99145299145299;31.94017094017094;32.0;32.0;1;1
93.145;0.0;50.0;0.0;31.99145299145299;31.94017094017094;32.0;32.0;1;1
93.249;0.0;50.0;0.0;31.99145299145299;31.94017094017094;32.0;32.0;1;1
93.364;0.0;50.0;0.0;31.99145299145299;31.94017094017094;32.0;32.0;1;1
93.47;0.0;50.0;0.0;31.99145299145299;31.94017094017094;32.0;32.0;1;1
93.581;0.0;50.0;0.0;31.99145299145299;31.94017094017094;32.0;32.0;1;1
93.69;0.0;50.0;0.0;31.99145299145299;31.94017094017094;32.0;32.0;1;1
93.804;0.0;50.0;0.0;31.99145299145299;31.94017094017094;32.0;32.0;1;1
93.904;0.0;50.0;0.0;31.99145299145299;31.94017094017094;32.0;32.0;1;1
94.008;0.0;50.0;0.0;31.99145299145299;31.94017094017094;32.0;32.0;1;1
94.124;0.0;50.0;0.0;31.99145299145299;31.94017094017094;32.0;32.0;1;1
94.23;0.0;50.0;0.0;31.99145299145299;31.94017094017094;32.0;32.0;1;1
94.338;0.0;50.0;0.0;31.99145299145299;31.94017094017094;32.0;32.0;1;1
94.455;0.0;50.0;0.0;31.99145299145299;31.94017094017094;32.0;32.0;1;1
94.566;0.0;50.0;0.0;31.99145299145299;31.94017094017094;32.0;32.0;1;1
94.674;0.0;50.0;0.0;31.99145299145299;31.94017094017094;32.0;32.0;1;1
94.792;0.0;50.0;0.0;31.99145299145299;31.99145299145299;32.0;32.0;1;1
94.897;0.0;50.0;0.0;31.99145299145299;31.99145299145299;32.0;32.0;1;1
95.006;0.0;50.0;0.0;31.99145299145299;31.99145299145299;32.0;32.0;1;1
95.116;0.0;50.0;0.0;31.99145299145299;31.99145299145299;32.0;32.0;1;1
95.216;0.0;50.0;0.0;31.99145299145299;31.99145299145299;32.0;32.0;1;1
95.335;0.0;50.0;0.0;31.99145299145299;31.99145299145299;32.0;32.0;1;1
95.436;0.0;50.0;0.0;31.99145299145299;31.99145299145299;32.0;32.0;1;1
95.547;0.0;50.0;0.0;31.99145299145299;31.99145299145299;32.0;32.0;1;1
95.659;0.0;50.0;0.0;31.99145299145299;31.99145299145299;32.0;32.0;1;1
95.771;0.0;50.0;0.0;31.99145299145299;31.94017094017094;32.0;32.0;1;1
95.877;0.0;50.0;0.0;31.99145299145299;31.94017094017094;32.0;32.0;1;1
95.99;0.0;50.0;0.0;31.99145299145299;31.94017094017094;32.0;32.0;1;1
96.106;0.0;50.0;0.0;31.99145299145299;31.94017094017094;32.0;32.0;1;1
96.207;0.0;50.0;0.0;31.99145299145299;31.94017094017094;32.0;32.0;1;1
96.308;0.0;50.0;0.0;31.99145299145299;31.94017094017094;32.0;32.0;1;1
96.424;0.0;50.0;0.0;31.99145299145299;31.94017094017094;32.0;32.0;1;1
96.534;0.0;50.0;0.0;31.99145299145299;31.94017094017094;32.0;32.0;1;1
96.642;0.0;50.0;0.0;31.99145299145299;31.94017094017094;32.0;32.0;1;1
96.747;0.0;50.0;0.0;31.99145299145299;31.99145299145299;32.0;32.0;1;1
96.848;0.0;50.0;0.0;31.99145299145299;31.99145299145299;32.0;32.0;1;1
96.948;0.0;50.0;0.0;31.99145299145299;31.99145299145299;32.0;32.0;1;1
97.087;0.0;50.0;0.0;31.99145299145299;31.99145299145299;32.0;32.0;1;1
97.199;0.0;50.0;0.0;31.99145299145299;31.99145299145299;32.0;32.0;1;1
97.3;0.0;50.0;0.0;31.99145299145299;31.99145299145299;32.0;32.0;1;1
97.412;0.0;50.0;0.0;31.99145299145299;31.99145299145299;32.0;32.0;1;1
97.515;0.0;50.0;0.0;31.99145299145299;31.99145299145299;32.0;32.0;1;1
97.631;0.0;50.0;0.0;31.99145299145299;31.99145299145299;32.0;32.0;1;1
97.736;0.0;50.0;0.0;31.99145299145299;31.94017094017094;32.0;32.0;1;1
97.853;0.0;50.0;0.0;31.99145299145299;31.94017094017094;32.0;32.0;1;1
97.964;0.0;50.0;0.0;31.99145299145299;31.94017094017094;32.0;32.0;1;1
98.065;0.0;50.0;0.0;31.99145299145299;31.94017094017094;32.0;32.0;1;1
98.171;0.0;50.0;0.0;31.99145299145299;31.94017094017094;32.0;32.0;1;1
98.277;0.0;50.0;0.0;31.99145299145299;31.94017094017094;32.0;32.0;1;1
98.39;0.0;50.0;0.0;31.99145299145299;31.94017094017094;32.0;32.0;1;1
98.493;0.0;50.0;0.0;31.99145299145299;31.94017094017094;32.0;32.0;1;1
98.594;0.0;50.0;0.0;31.99145299145299;31.94017094017094;32.0;32.0;1;1
98.705;0.0;50.0;0.0;31.99145299145299;31.94017094017094;32.0;32.0;1;1
98.814;0.0;50.0;0.0;31.99145299145299;31.99145299145299;32.0;32.0;1;1
98.925;0.0;50.0;0.0;31.99145299145299;31.99145299145299;32.0;32.0;1;1
99.033;0.0;50.0;0.0;31.99145299145299;31.99145299145299;32.0;32.0;1;1
99.147;0.0;50.0;0.0;31.99145299145299;31.99145299145299;32.0;32.0;1;1
99.254;0.0;50.0;0.0;31.99145299145299;31.99145299145299;32.0;32.0;1;1
99.374;0.0;50.0;0.0;31.99145299145299;31.99145299145299;32.0;32.0;1;1
99.475;0.0;50.0;0.0;31.99145299145299;31.99145299145299;32.0;32.0;1;1
99.589;0.0;50.0;0.0;31.99145299145299;31.99145299145299;32.0;32.0;1;1
99.695;0.0;50.0;0.0;31.99145299145299;31.99145299145299;32.0;32.0;1;1
99.81;0.0;50.0;0.0;31.99145299145299;31.94017094017094;32.0;32.0;1;1
99.917;0.0;50.0;0.0;31.99145299145299;31.94017094017094;32.0;32.0;1;1
100.02;0.0;50.0;0.0;31.99145299145299;31.94017094017094;32.0;32.0;1;1
100.12;0.0;50.0;0.0;31.99145299145299;31.94017094017094;32.0;32.0;1;1
100.224;0.0;50.0;0.0;31.99145299145299;31.94017094017094;32.0;32.0;1;1
100.325;0.0;50.0;0.0;31.99145299145299;31.94017094017094;32.0;32.0;1;1
100.44;0.0;50.0;0.0;31.99145299145299;31.94017094017094;32.0;32.0;1;1
100.541;0.0;50.0;0.0;31.99145299145299;31.94017094017094;32.0;32.0;1;1
100.664;0.0;50.0;0.0;31.99145299145299;31.94017094017094;32.0;32.0;1;1
100.772;0.0;50.0;0.0;31.99145299145299;31.94017094017094;32.0;32.0;1;1
100.878;0.0;50.0;0.0;31.99145299145299;31.94017094017094;32.0;32.0;1;1
100.979;0.0;50.0;0.0;31.99145299145299;31.94017094017094;32.0;32.0;1;1
101.087;0.0;50.0;0.0;31.99145299145299;31.94017094017094;32.0;32.0;1;1
101.202;0.0;50.0;0.0;31.99145299145299;31.94017094017094;32.0;32.0;1;1
101.319;0.0;50.0;0.0;31.99145299145299;31.94017094017094;32.0;32.0;1;1
101.421;0.0;50.0;0.0;31.99145299145299;31.94017094017094;32.0;32.0;1;1
101.542;0.0;50.0;0.0;31.99145299145299;31.94017094017094;32.0;32.0;1;1
101.643;0.0;50.0;0.0;31.99145299145299;31.94017094017094;32.0;32.0;1;1
101.759;0.0;50.0;0.0;31.99145299145299;31.99145299145299;32.0;32.0;1;1
101.861;0.0;50.0;0.0;31.99145299145299;31.99145299145299;32.0;32.0;1;1
101.963;0.0;50.0;0.0;31.99145299145299;31.99145299145299;32.0;32.0;1;1
102.067;0.0;50.0;0.0;31.99145299145299;31.99145299145299;32.0;32.0;1;1
102.17;0.0;50.0;0.0;31.99145299145299;31.99145299145299;32.0;32.0;1;1
102.279;0.0;50.0;0.0;31.99145299145299;31.99145299145299;32.0;32.0;1;1
102.4;0.0;50.0;0.0;31.99145299145299;31.99145299145299;32.0;32.0;1;1
102.518;0.0;50.0;0.0;31.99145299145299;31.99145299145299;32.0;32.0;1;1
102.632;0.0;50.0;0.0;31.99145299145299;31.99145299145299;32.0;32.0;1;1
102.734;0.0;50.0;0.0;31.99145299145299;31.94017094017094;32.0;32.0;1;1
102.837;0.0;50.0;0.0;31.99145299145299;31.94017094017094;32.0;32.0;1;1
102.942;0.0;50.0;0.0;31.99145299145299;31.94017094017094;32.0;32.0;1;1
103.052;0.0;50.0;0.0;31.99145299145299;31.94017094017094;32.0;32.0;1;1
103.164;0.0;50.0;0.0;31.99145299145299;31.94017094017094;32.0;32.0;1;1
103.268;0.0;50.0;0.0;31.99145299145299;31.94017094017094;32.0;32.0;1;1
103.381;0.0;50.0;0.0;31.99145299145299;31.94017094017094;32.0;32.0;1;1
103.488;0.0;50.0;0.0;31.99145299145299;31.94017094017094;32.0;32.0;1;1
103.597;0.0;50.0;0.0;31.99145299145299;31.94017094017094;32.0;32.0;1;1
103.707;0.0;50.0;0.0;31.99145299145299;31.94017094017094;32.0;32.0;1;1
103.808;0.0;50.0;0.0;31.99145299145299;31.94017094017094;32.0;32.0;1;1
103.908;0.0;50.0;0.0;31.99145299145299;31.94017094017094;32.0;32.0;1;1
104.02;0.0;50.0;0.0;31.99145299145299;31.94017094017094;32.0;32.0;1;1
104.121;0.0;50.0;0.0;31.99145299145299;31.94017094017094;32.0;32.0;1;1
104.226;0.0;50.0;0.0;31.99145299145299;31.94017094017094;32.0;32.0;1;1
104.327;0.0;50.0;0.0;31.99145299145299;31.94017094017094;32.0;32.0;1;1
104.433;0.0;50.0;0.0;31.99145299145299;31.94017094017094;32.0;32.0;1;1
104.542;0.0;50.0;0.0;31.99145299145299;31.94017094017094;32.0;32.0;1;1
104.652;0.0;50.0;0.0;31.99145299145299;31.94017094017094;32.0;32.0;1;1
104.764;0.0;50.0;0.0;31.99145299145299;31.99145299145299;32.0;32.0;1;1
104.873;0.0;50.0;0.0;31.99145299145299;31.99145299145299;32.0;32.0;1;1
104.974;0.0;50.0;0.0;31.99145299145299;31.99145299145299;32.0;32.0;1;1
105.075;0.0;50.0;0.0;31.99145299145299;31.99145299145299;32.0;32.0;1;1
105.186;0.0;50.0;0.0;31.99145299145299;31.99145299145299;32.0;32.0;1;1
105.291;0.0;50.0;0.0;31.99145299145299;31.99145299145299;32.0;32.0;1;1
105.391;0.0;50.0;0.0;31.99145299145299;31.99145299145299;32.0;32.0;1;1
105.497;0.0;50.0;0.0;31.99145299145299;31.99145299145299;32.0;32.0;1;1
105.605;0.0;50.0;0.0;31.99145299145299;31.99145299145299;32.0;32.0;1;1
105.711;0.0;50.0;0.0;31.99145299145299;31.99145299145299;32.0;32.0;1;1
105.814;0.0;50.0;0.0;31.99145299145299;31.94017094017094;32.0;32.0;1;1
105.917;0.0;50.0;0.0;31.99145299145299;31.94017094017094;32.0;32.0;1;1
106.028;0.0;50.0;0.0;31.99145299145299;31.94017094017094;32.0;32.0;1;1
106.129;0.0;50.0;0.0;31.99145299145299;31.94017094017094;32.0;32.0;1;1
106.234;0.0;50.0;0.0;31.99145299145299;31.94017094017094;32.0;32.0;1;1
106.334;0.0;50.0;0.0;31.99145299145299;31.94017094017094;32.0;32.0;1;1
106.447;0.0;50.0;0.0;31.99145299145299;31.94017094017094;32.0;32.0;1;1
106.55;0.0;50.0;0.0;31.99145299145299;31.94017094017094;32.0;32.0;1;1
106.66;0.0;50.0;0.0;31.99145299145299;31.94017094017094;32.0;32.0;1;1
106.764;0.0;50.0;0.0;31.99145299145299;31.94017094017094;32.0;32.0;1;1
106.87;0.0;50.0;0.0;31.99145299145299;31.94017094017094;32.0;32.0;1;1
106.981;0.0;50.0;0.0;31.99145299145299;31.94017094017094;32.0;32.0;1;1
107.083;0.0;50.0;0.0;31.99145299145299;31.94017094017094;32.0;32.0;1;1
107.19;0.0;50.0;0.0;31.99145299145299;31.94017094017094;32.0;32.0;1;1
107.293;0.0;50.0;0.0;31.99145299145299;31.94017094017094;32.0;32.0;1;1
107.394;0.0;50.0;0.0;31.99145299145299;31.94017094017094;32.0;32.0;1;1
107.502;0.0;50.0;0.0;31.99145299145299;31.94017094017094;32.0;32.0;1;1
107.611;0.0;50.0;0.0;31.99145299145299;31.94017094017094;32.0;32.0;1;1
107.727;0.0;50.0;0.0;31.99145299145299;31.94017094017094;32.0;32.0;1;1
107.837;0.0;50.0;0.0;31.99145299145299;31.94017094017094;32.0;32.0;1;1
107.947;0.0;50.0;0.0;31.99145299145299;31.94017094017094;32.0;32.0;1;1
108.047;0.0;50.0;0.0;31.99145299145299;31.94017094017094;32.0;32.0;1;1
108.168;0.0;50.0;0.0;31.99145299145299;31.94017094017094;32.0;32.0;1;1
108.283;0.0;50.0;0.0;31.99145299145299;31.94017094017094;32.0;32.0;1;1
108.386;0.0;50.0;0.0;31.99145299145299;31.94017094017094;32.0;32.0;1;1
108.491;0.0;50.0;0.0;31.99145299145299;31.94017094017094;32.0;32.0;1;1
108.6;0.0;50.0;0.0;31.99145299145299;31.94017094017094;32.0;32.0;1;1
108.727;0.0;50.0;0.0;31.99145299145299;31.94017094017094;32.0;32.0;1;1
108.837;0.0;50.0;0.0;31.99145299145299;31.94017094017094;32.0;32.0;1;1
108.949;0.0;50.0;0.0;31.99145299145299;31.94017094017094;32.0;32.0;1;1
109.057;0.0;50.0;0.0;31.99145299145299;31.94017094017094;32.0;32.0;1;1
109.158;0.0;50.0;0.0;31.99145299145299;31.94017094017094;32.0;32.0;1;1
109.261;0.0;50.0;0.0;31.99145299145299;31.94017094017094;32.0;32.0;1;1
109.362;0.0;50.0;0.0;31.99145299145299;31.94017094017094;32.0;32.0;1;1
109.462;0.0;50.0;0.0;31.99145299145299;31.94017094017094;32.0;32.0;1;1
109.565;0.0;50.0;0.0;31.99145299145299;31.94017094017094;32.0;32.0;1;1
109.666;0.0;50.0;0.0;31.99145299145299;31.94017094017094;32.0;32.0;1;1
109.767;0.0;50.0;0.0;31.99145299145299;31.94017094017094;32.0;32.0;1;1
109.867;0.0;50.0;0.0;31.99145299145299;31.94017094017094;32.0;32.0;1;1
109.973;0.0;50.0;0.0;31.99145299145299;31.94017094017094;32.0;32.0;1;1
110.074;0.0;50.0;0.0;31.99145299145299;31.94017094017094;32.0;32.0;1;1
110.175;0.0;50.0;0.0;31.99145299145299;31.94017094017094;32.0;32.0;1;1
110.275;0.0;50.0;0.0;31.99145299145299;31.94017094017094;32.0;32.0;1;1
110.383;0.0;50.0;0.0;31.99145299145299;31.94017094017094;32.0;32.0;1;1
110.488;0.0;50.0;0.0;31.99145299145299;31.94017094017094;32.0;32.0;1;1
110.606;0.0;50.0;0.0;31.99145299145299;31.94017094017094;32.0;32.0;1;1
110.711;0.0;50.0;0.0;31.99145299145299;31.94017094017094;32.0;32.0;1;1
110.812;0.0;50.0;0.0;31.99145299145299;31.94017094017094;32.0;32.0;1;1
110.917;0.0;50.0;0.0;31.99145299145299;31.94017094017094;32.0;32.0;1;1
111.02;0.0;50.0;0.0;31.99145299145299;31.94017094017094;32.0;32.0;1;1
111.124;0.0;50.0;0.0;31.99145299145299;31.94017094017094;32.0;32.0;1;1
111.235;0.0;50.0;0.0;31.99145299145299;31.94017094017094;32.0;32.0;1;1
111.345;0.0;50.0;0.0;31.99145299145299;31.94017094017094;32.0;32.0;1;1
111.461;0.0;50.0;0.0;31.99145299145299;31.94017094017094;32.0;32.0;1;1
111.568;0.0;50.0;0.0;31.99145299145299;31.94017094017094;32.0;32.0;1;1
111.683;0.0;50.0;0.0;31.99145299145299;31.94017094017094;32.0;32.0;1;1
111.785;0.0;50.0;0.0;31.99145299145299;31.94017094017094;32.0;32.0;1;1
111.889;0.0;50.0;0.0;31.99145299145299;31.94017094017094;32.0;32.0;1;1
111.997;0.0;50.0;0.0;31.99145299145299;31.94017094017094;32.0;32.0;1;1
112.111;0.0;50.0;0.0;31.99145299145299;31.94017094017094;32.0;32.0;1;1
112.223;0.0;50.0;0.0;31.99145299145299;31.94017094017094;32.0;32.0;1;1
112.329;0.0;50.0;0.0;31.99145299145299;31.94017094017094;32.0;32.0;1;1
112.441;0.0;50.0;0.0;31.99145299145299;31.94017094017094;32.0;32.0;1;1
112.556;0.0;50.0;0.0;31.99145299145299;31.94017094017094;32.0;32.0;1;1
112.662;0.0;50.0;0.0;31.99145299145299;31.94017094017094;32.0;32.0;1;1
112.775;0.0;50.0;0.0;31.99145299145299;31.94017094017094;32.0;32.0;1;1
112.886;0.0;50.0;0.0;31.99145299145299;31.94017094017094;32.0;32.0;1;1
112.989;0.0;50.0;0.0;31.99145299145299;31.94017094017094;32.0;32.0;1;1
113.105;0.0;50.0;0.0;31.99145299145299;31.94017094017094;32.0;32.0;1;1
113.207;0.0;50.0;0.0;31.99145299145299;31.94017094017094;32.0;32.0;1;1
113.309;0.0;50.0;0.0;31.99145299145299;31.94017094017094;32.0;32.0;1;1
113.413;0.0;50.0;0.0;31.99145299145299;31.94017094017094;32.0;32.0;1;1
113.515;0.0;50.0;0.0;31.99145299145299;31.94017094017094;32.0;32.0;1;1
113.617;0.0;50.0;0.0;31.99145299145299;31.94017094017094;32.0;32.0;1;1
113.721;0.0;50.0;0.0;31.99145299145299;31.94017094017094;32.0;32.0;1;1
113.823;0.0;50.0;0.0;31.99145299145299;31.94017094017094;32.0;32.0;1;1
113.934;0.0;50.0;0.0;31.99145299145299;31.94017094017094;32.0;32.0;1;1
114.041;0.0;50.0;0.0;31.99145299145299;31.94017094017094;32.0;32.0;1;1
114.144;0.0;50.0;0.0;31.99145299145299;31.94017094017094;32.0;32.0;1;1
114.248;0.0;50.0;0.0;31.99145299145299;31.94017094017094;32.0;32.0;1;1
114.352;0.0;50.0;0.0;31.99145299145299;31.94017094017094;32.0;32.0;1;1
114.46;0.0;50.0;0.0;31.99145299145299;31.94017094017094;32.0;32.0;1;1
114.586;0.0;50.0;0.0;31.99145299145299;31.94017094017094;32.0;32.0;1;1
114.697;0.0;50.0;0.0;31.99145299145299;31.94017094017094;32.0;32.0;1;1
114.799;0.0;50.0;0.0;31.99145299145299;31.94017094017094;32.0;32.0;1;1
114.901;0.0;50.0;0.0;31.99145299145299;31.94017094017094;32.0;32.0;1;1
115.002;0.0;50.0;0.0;31.99145299145299;31.94017094017094;32.0;32.0;1;1
115.103;0.0;50.0;0.0;31.99145299145299;31.94017094017094;32.0;32.0;1;1
115.203;0.0;50.0;0.0;31.99145299145299;31.94017094017094;32.0;32.0;1;1
115.305;0.0;50.0;0.0;31.99145299145299;31.94017094017094;32.0;32.0;1;1
115.406;0.0;50.0;0.0;31.99145299145299;31.94017094017094;32.0;32.0;1;1
115.522;0.0;50.0;0.0;31.99145299145299;31.94017094017094;32.0;32.0;1;1
115.647;0.0;50.0;0.0;31.99145299145299;31.94017094017094;32.0;32.0;1;1
115.76;0.0;50.0;0.0;31.99145299145299;31.94017094017094;32.0;32.0;1;1
115.864;0.0;50.0;0.0;31.99145299145299;31.94017094017094;32.0;32.0;1;1
115.972;0.0;50.0;0.0;31.99145299145299;31.94017094017094;32.0;32.0;1;1
116.084;0.0;50.0;0.0;31.99145299145299;31.94017094017094;32.0;32.0;1;1
116.227;0.0;50.0;0.0;31.99145299145299;31.94017094017094;32.0;32.0;1;1
116.334;0.0;50.0;0.0;31.99145299145299;31.94017094017094;32.0;32.0;1;1
116.457;0.0;50.0;0.0;31.99145299145299;31.94017094017094;32.0;32.0;1;1
116.562;0.0;50.0;0.0;31.99145299145299;31.94017094017094;32.0;32.0;1;1
116.665;0.0;50.0;0.0;31.99145299145299;31.94017094017094;32.0;32.0;1;1
116.774;0.0;50.0;0.0;31.99145299145299;31.94017094017094;32.0;32.0;1;1
116.887;0.0;50.0;0.0;31.99145299145299;31.94017094017094;32.0;32.0;1;1
116.998;0.0;50.0;0.0;31.99145299145299;31.94017094017094;32.0;32.0;1;1
117.127;0.0;50.0;0.0;31.99145299145299;31.94017094017094;32.0;32.0;1;1
117.234;0.0;50.0;0.0;31.99145299145299;31.94017094017094;32.0;32.0;1;1
117.344;0.0;50.0;0.0;31.99145299145299;31.94017094017094;32.0;32.0;1;1
117.446;0.0;50.0;0.0;31.99145299145299;31.94017094017094;32.0;32.0;1;1
117.562;0.0;50.0;0.0;31.99145299145299;31.94017094017094;32.0;32.0;1;1
117.666;0.0;50.0;0.0;31.99145299145299;31.94017094017094;32.0;32.0;1;1
117.768;0.0;50.0;0.0;31.99145299145299;31.94017094017094;32.0;32.0;1;1
117.879;0.0;50.0;0.0;31.99145299145299;31.94017094017094;32.0;32.0;1;1
118.002;0.0;50.0;0.0;31.99145299145299;31.94017094017094;32.0;32.0;1;1
118.108;0.0;50.0;0.0;31.99145299145299;31.94017094017094;32.0;32.0;1;1
118.224;0.0;50.0;0.0;31.99145299145299;31.94017094017094;32.0;32.0;1;1
118.33;0.0;50.0;0.0;31.99145299145299;31.94017094017094;32.0;32.0;1;1
118.44;0.0;50.0;0.0;31.99145299145299;31.94017094017094;32.0;32.0;1;1
118.552;0.0;50.0;0.0;31.99145299145299;31.94017094017094;32.0;32.0;1;1
118.673;0.0;50.0;0.0;31.99145299145299;31.94017094017094;32.0;32.0;1;1
118.774;0.0;50.0;0.0;31.99145299145299;31.94017094017094;32.0;32.0;1;1
118.883;0.0;50.0;0.0;31.99145299145299;31.94017094017094;32.0;32.0;1;1
118.986;0.0;50.0;0.0;31.99145299145299;31.94017094017094;32.0;32.0;1;1
119.104;0.0;50.0;0.0;31.99145299145299;31.94017094017094;32.0;32.0;1;1
119.221;0.0;50.0;0.0;31.99145299145299;31.94017094017094;32.0;32.0;1;1
119.333;0.0;50.0;0.0;31.99145299145299;31.94017094017094;32.0;32.0;1;1
119.448;0.0;50.0;0.0;31.99145299145299;31.94017094017094;32.0;32.0;1;1
119.555;0.0;50.0;0.0;31.99145299145299;31.94017094017094;32.0;32.0;1;1
119.665;0.0;50.0;0.0;31.99145299145299;31.94017094017094;32.0;32.0;1;1
119.769;0.0;50.0;0.0;31.99145299145299;31.94017094017094;32.0;32.0;1;1
119.874;0.0;50.0;0.0;31.99145299145299;31.94017094017094;32.0;32.0;1;1
119.975;0.0;50.0;0.0;31.99145299145299;31.94017094017094;32.0;32.0;1;1
120.076;0.0;50.0;0.0;31.99145299145299;31.94017094017094;32.0;32.0;1;1
120.184;0.0;50.0;0.0;31.99145299145299;31.94017094017094;32.0;32.0;1;1
120.287;0.0;50.0;0.0;31.99145299145299;31.94017094017094;32.0;32.0;1;1
120.393;0.0;50.0;0.0;31.99145299145299;31.94017094017094;32.0;32.0;1;1
120.509;0.0;50.0;0.0;31.99145299145299;31.94017094017094;32.0;32.0;1;1
120.616;0.0;50.0;0.0;31.99145299145299;31.94017094017094;32.0;32.0;1;1
120.721;0.0;50.0;0.0;31.99145299145299;31.94017094017094;32.0;32.0;1;1
120.823;0.0;50.0;0.0;31.99145299145299;31.94017094017094;32.0;32.0;1;1
120.932;0.0;50.0;0.0;31.99145299145299;31.94017094017094;32.0;32.0;1;1
121.033;0.0;50.0;0.0;31.99145299145299;31.94017094017094;32.0;32.0;1;1
121.135;0.0;50.0;0.0;31.99145299145299;31.94017094017094;32.0;32.0;1;1
121.235;0.0;50.0;0.0;31.99145299145299;31.94017094017094;32.0;32.0;1;1
121.343;0.0;50.0;0.0;31.99145299145299;31.94017094017094;32.0;32.0;1;1
121.453;0.0;50.0;0.0;31.99145299145299;31.94017094017094;32.0;32.0;1;1
121.558;0.0;50.0;0.0;31.99145299145299;31.94017094017094;32.0;32.0;1;1
121.664;0.0;50.0;0.0;31.99145299145299;31.94017094017094;32.0;32.0;1;1
121.764;0.0;50.0;0.0;31.99145299145299;31.94017094017094;32.0;32.0;1;1
121.867;0.0;50.0;0.0;31.99145299145299;31.94017094017094;32.0;32.0;1;1
121.968;0.0;50.0;0.0;31.99145299145299;31.94017094017094;32.0;32.0;1;1
122.071;0.0;50.0;0.0;31.99145299145299;31.94017094017094;32.0;32.0;1;1
122.179;0.0;50.0;0.0;31.99145299145299;31.94017094017094;32.0;32.0;1;1
122.286;0.0;50.0;0.0;31.99145299145299;31.94017094017094;32.0;32.0;1;1
122.386;0.0;50.0;0.0;31.99145299145299;31.94017094017094;32.0;32.0;1;1
122.487;0.0;50.0;0.0;31.99145299145299;31.94017094017094;32.0;32.0;1;1
122.588;0.0;50.0;0.0;31.99145299145299;31.94017094017094;32.0;32.0;1;1
122.689;0.0;50.0;0.0;31.99145299145299;31.94017094017094;32.0;32.0;1;1
122.79;0.0;50.0;0.0;31.99145299145299;31.94017094017094;32.0;32.0;1;1
122.89;0.0;50.0;0.0;31.99145299145299;31.94017094017094;32.0;32.0;1;1
122.991;0.0;50.0;0.0;31.99145299145299;31.94017094017094;32.0;32.0;1;1
123.098;0.0;50.0;0.0;31.99145299145299;31.94017094017094;32.0;32.0;1;1
123.215;0.0;50.0;0.0;31.99145299145299;31.94017094017094;32.0;32.0;1;1
123.323;0.0;50.0;0.0;31.99145299145299;31.94017094017094;32.0;32.0;1;1
123.424;0.0;50.0;0.0;31.99145299145299;31.94017094017094;32.0;32.0;1;1
123.531;0.0;50.0;0.0;31.99145299145299;31.94017094017094;32.0;32.0;1;1
123.64;0.0;50.0;0.0;31.99145299145299;31.94017094017094;32.0;32.0;1;1
123.741;0.0;50.0;0.0;31.99145299145299;31.94017094017094;32.0;32.0;1;1
123.845;0.0;50.0;0.0;31.99145299145299;31.94017094017094;32.0;32.0;1;1
123.945;0.0;50.0;0.0;31.99145299145299;31.94017094017094;32.0;32.0;1;1
124.046;0.0;50.0;0.0;31.99145299145299;31.94017094017094;32.0;32.0;1;1
124.147;0.0;50.0;0.0;31.99145299145299;31.94017094017094;32.0;32.0;1;1
124.248;0.0;50.0;0.0;31.99145299145299;31.94017094017094;32.0;32.0;1;1
124.348;0.0;50.0;0.0;31.99145299145299;31.94017094017094;32.0;32.0;1;1
124.449;0.0;50.0;0.0;31.99145299145299;31.94017094017094;32.0;32.0;1;1
124.559;0.0;50.0;0.0;31.99145299145299;31.94017094017094;32.0;32.0;1;1
124.667;0.0;50.0;0.0;31.99145299145299;31.94017094017094;32.0;32.0;1;1
124.776;0.0;50.0;0.0;31.99145299145299;31.94017094017094;32.0;32.0;1;1
124.877;0.0;50.0;0.0;31.99145299145299;31.94017094017094;32.0;32.0;1;1
124.978;0.0;50.0;0.0;31.99145299145299;31.94017094017094;32.0;32.0;1;1
125.081;0.0;50.0;0.0;31.99145299145299;31.94017094017094;32.0;32.0;1;1
125.181;0.0;50.0;0.0;31.99145299145299;31.94017094017094;32.0;32.0;1;1
125.296;0.0;50.0;0.0;31.99145299145299;31.94017094017094;32.0;32.0;1;1
125.403;0.0;50.0;0.0;31.99145299145299;31.94017094017094;32.0;32.0;1;1
125.515;0.0;50.0;0.0;31.99145299145299;31.94017094017094;32.0;32.0;1;1
125.631;0.0;50.0;0.0;31.99145299145299;31.94017094017094;32.0;32.0;1;1
125.735;0.0;50.0;0.0;31.99145299145299;31.94017094017094;32.0;32.0;1;1
125.852;0.0;50.0;0.0;31.99145299145299;31.94017094017094;32.0;32.0;1;1
125.959;0.0;50.0;0.0;31.99145299145299;31.94017094017094;32.0;32.0;1;1
126.073;0.0;50.0;0.0;31.99145299145299;31.94017094017094;32.0;32.0;1;1
126.182;0.0;50.0;0.0;31.99145299145299;31.94017094017094;32.0;32.0;1;1
126.302;0.0;50.0;0.0;31.99145299145299;31.94017094017094;32.0;32.0;1;1
126.406;0.0;50.0;0.0;31.99145299145299;31.94017094017094;32.0;32.0;1;1
126.507;0.0;50.0;0.0;31.99145299145299;31.94017094017094;32.0;32.0;1;1
126.61;0.0;50.0;0.0;31.99145299145299;31.94017094017094;32.0;32.0;1;1
126.712;0.0;50.0;0.0;31.99145299145299;31.94017094017094;32.0;32.0;1;1
126.83;0.1;50.0;0.0;31.99145299145299;31.99145299145299;32.0;32.0;1;1
126.939;0.605;50.0;0.0;31.99145299145299;31.99145299145299;32.0;32.0;1;1
127.052;1.11;50.0;0.0;31.99145299145299;31.99145299145299;32.0;32.0;1;1
127.163;1.62125;50.0;0.0;31.99145299145299;31.99145299145299;32.0;32.0;1;1
127.283;2.12625;50.0;0.0;31.99145299145299;31.99145299145299;32.0;32.0;1;1
127.384;2.89125;50.0;0.0;31.99145299145299;31.99145299145299;32.0;32.0;1;1
127.485;3.40125;50.0;0.0;31.99145299145299;31.99145299145299;32.0;32.0;1;1
127.591;3.905;50.0;0.0;31.99145299145299;31.99145299145299;32.0;32.0;1;1
127.691;4.41375;50.0;0.0;31.99145299145299;31.99145299145299;32.0;32.0;1;1
127.816;4.9125;50.0;0.0;31.99145299145299;31.99145299145299;32.0;32.0;1;1
127.921;5.0;50.0;0.0;31.99145299145299;31.94017094017094;32.0;32.0;1;1
128.025;5.0;50.0;0.0;31.99145299145299;31.94017094017094;32.0;32.0;1;1
128.13;5.0;50.0;0.0;31.99145299145299;31.94017094017094;32.0;32.0;1;1
128.235;5.0;50.0;0.0;31.99145299145299;31.94017094017094;32.0;32.0;1;1
128.352;5.0;50.0;0.0;31.99145299145299;31.94017094017094;32.0;32.0;1;1
128.456;5.0;50.0;0.0;31.99145299145299;31.94017094017094;32.0;32.0;1;1
128.576;5.0;50.0;0.0;31.99145299145299;31.94017094017094;32.0;32.0;1;1
128.678;5.0;50.0;0.0;31.99145299145299;31.94017094017094;32.0;32.0;1;1
128.78;5.0;50.0;0.0;31.99145299145299;31.94017094017094;32.0;32.0;1;1
128.881;5.0;50.0;0.0;31.99145299145299;31.94017094017094;32.0;32.0;1;1
128.984;5.0;50.0;0.0;31.99145299145299;31.94017094017094;32.0;32.0;1;1
129.088;5.0;50.0;0.0;31.99145299145299;31.94017094017094;32.0;32.0;1;1
129.198;5.0;50.0;0.0;31.99145299145299;31.94017094017094;32.0;32.0;1;1
129.299;5.0;50.0;0.0;31.99145299145299;31.94017094017094;32.0;32.0;1;1
129.402;5.0;50.0;0.0;31.99145299145299;31.94017094017094;32.0;32.0;1;1
129.503;5.0;50.0;0.0;31.99145299145299;31.94017094017094;32.0;32.0;1;1
129.606;5.0;50.0;0.0;31.99145299145299;31.94017094017094;32.0;32.0;1;1
129.709;5.0;50.0;0.0;31.99145299145299;31.94017094017094;32.0;32.0;1;1
129.814;5.0;50.0;0.0;31.99145299145299;31.94017094017094;32.0;32.0;1;1
129.932;5.0;50.0;0.0;31.99145299145299;31.94017094017094;32.0;32.0;1;1
130.032;4.97125;50.0;0.0;31.99145299145299;31.94017094017094;32.0;32.0;1;1
130.145;4.77375;50.0;0.0;31.99145299145299;31.94017094017094;32.0;32.0;1;1
130.257;4.0075;50.0;0.0;31.99145299145299;31.94017094017094;32.0;32.0;1;1
130.39;3.49875;50.0;0.0;31.99145299145299;31.94017094017094;32.0;32.0;1;1
130.507;2.74125;50.0;0.0;31.99145299145299;31.94017094017094;32.0;32.0;1;1
130.615;2.2325;50.0;0.0;31.99145299145299;31.94017094017094;32.0;32.0;1;1
130.728;1.725;50.0;0.0;31.99145299145299;31.94017094017094;32.0;32.0;1;1
130.837;1.47625;50.0;0.0;31.99145299145299;31.94017094017094;32.0;32.0;1;1
130.939;0.46125;50.0;0.0;31.99145299145299;31.94017094017094;32.0;32.0;1;1
131.059;0.0225;50.0;0.0;31.99145299145299;31.94017094017094;32.0;32.0;1;1
131.163;0.0;50.0;0.0;31.99145299145299;31.94017094017094;32.0;32.0;1;1
131.279;0.0;50.0;0.0;31.99145299145299;31.94017094017094;32.0;32.0;1;1
131.38;0.0;50.0;0.0;31.99145299145299;31.94017094017094;32.0;32.0;1;1
131.482;0.0;50.0;0.0;31.99145299145299;31.94017094017094;32.0;32.0;1;1
131.59;0.0;50.0;0.0;31.99145299145299;31.94017094017094;32.0;32.0;1;1
131.697;0.0;50.0;0.0;31.99145299145299;31.94017094017094;32.0;32.0;1;1
131.822;0.0;50.0;0.0;31.99145299145299;31.94017094017094;32.0;32.0;1;1
131.927;0.0;50.0;0.0;31.99145299145299;31.94017094017094;32.0;32.0;1;1
132.044;0.0;50.0;0.0;31.99145299145299;31.94017094017094;32.0;32.0;1;1
132.151;0.0;50.0;0.0;31.99145299145299;31.94017094017094;32.0;32.0;1;1
132.263;0.0;50.0;0.0;31.99145299145299;31.94017094017094;32.0;32.0;1;1
132.365;0.0;50.0;0.0;31.99145299145299;31.94017094017094;32.0;32.0;1;1
132.475;0.0;50.0;0.0;31.99145299145299;31.94017094017094;32.0;32.0;1;1
132.576;0.0;50.0;0.0;31.99145299145299;31.94017094017094;32.0;32.0;1;1
132.678;0.0;50.0;0.0;31.99145299145299;31.94017094017094;32.0;32.0;1;1
132.788;0.0;50.0;0.0;31.99145299145299;31.94017094017094;32.0;32.0;1;1
132.891;0.0;50.0;0.0;31.99145299145299;31.99145299145299;32.0;32.0;1;1
133.023;0.0;50.0;0.0;31.99145299145299;31.99145299145299;32.0;32.0;1;1
133.135;0.0;50.0;0.0;31.99145299145299;31.99145299145299;32.0;32.0;1;1
133.247;0.0;50.0;0.0;31.99145299145299;31.99145299145299;32.0;32.0;1;1
133.358;0.16875;50.0;0.0;31.99145299145299;31.99145299145299;32.0;32.0;1;1
133.483;0.68375;50.0;0.0;31.99145299145299;31.99145299145299;32.0;32.0;1;1
133.591;1.45;50.0;0.0;31.99145299145299;31.99145299145299;32.0;32.0;1;1
133.697;1.7;50.0;0.0;31.99145299145299;31.99145299145299;32.0;32.0;1;1
133.82;2.46625;50.0;0.0;31.99145299145299;31.99145299145299;32.0;32.0;1;1
133.937;3.23375;50.0;0.0;31.99145299145299;31.94017094017094;32.0;32.0;1;1
134.064;3.75;50.0;0.0;31.99145299145299;31.94017094017094;32.0;32.0;1;1
134.166;4.26625;50.0;0.0;31.99145299145299;31.94017094017094;32.0;32.0;1;1
134.281;4.7775;50.0;0.0;31.99145299145299;31.94017094017094;32.0;32.0;1;1
134.383;5.29375;50.0;0.0;31.99145299145299;31.94017094017094;32.0;32.0;1;1
134.487;5.80875;50.0;0.0;31.99145299145299;31.94017094017094;32.0;32.0;1;1
134.609;6.58;50.0;0.0;31.99145299145299;31.94017094017094;32.0;32.0;1;1
134.727;7.095;50.0;0.0;31.99145299145299;31.94017094017094;32.0;32.0;1;1
134.833;7.60375;50.0;0.0;31.99145299145299;31.94017094017094;32.0;32.0;1;1
134.964;8.36875;50.0;0.0;31.99145299145299;31.94017094017094;32.0;32.0;1;1
135.068;8.8775;50.0;0.0;31.99145299145299;31.94017094017094;32.0;32.0;1;1
135.169;9.3825;50.0;0.0;31.99145299145299;31.94017094017094;32.0;32.0;1;1
135.272;9.88875;50.0;0.0;31.99145299145299;31.94017094017094;32.0;32.0;1;1
135.389;10.0;50.0;0.0;31.99145299145299;31.94017094017094;32.0;32.0;1;1
135.509;10.0;50.0;0.0;31.99145299145299;31.94017094017094;32.0;32.0;1;1
135.609;10.0;50.0;0.0;31.99145299145299;31.94017094017094;32.0;32.0;1;1
135.73;10.0;50.0;0.0;31.99145299145299;31.94017094017094;32.0;32.0;1;1
135.841;10.0;50.0;0.0;31.99145299145299;31.94017094017094;32.0;32.0;1;1
135.942;10.0;50.0;0.0;31.99145299145299;31.94017094017094;32.0;32.0;1;1
136.043;10.0;50.0;0.0;31.99145299145299;31.94017094017094;32.0;32.0;1;1
136.156;10.0;50.0;0.0;31.99145299145299;31.94017094017094;32.0;32.0;1;1
136.257;10.0;50.0;0.0;31.99145299145299;31.94017094017094;32.0;32.0;1;1
136.375;10.0;50.0;0.0;31.99145299145299;31.94017094017094;32.0;32.0;1;1
136.482;10.0;50.0;0.0;31.99145299145299;31.94017094017094;32.0;32.0;1;1
136.596;10.0;50.0;0.0;31.99145299145299;31.94017094017094;32.0;32.0;1;1
136.696;10.0;50.0;0.0;31.99145299145299;31.94017094017094;32.0;32.0;1;1
136.825;10.0;50.0;0.0;31.99145299145299;31.94017094017094;32.0;32.0;1;1
136.925;10.0;50.0;0.0;31.99145299145299;31.94017094017094;32.0;32.0;1;1
137.026;10.0;50.0;0.0;31.99145299145299;31.94017094017094;32.0;32.0;1;1
137.153;10.0;50.0;0.0;31.99145299145299;31.94017094017094;32.0;32.0;1;1
137.254;10.0;50.0;0.0;31.99145299145299;31.94017094017094;32.0;32.0;1;1
137.356;10.0;50.0;0.0;31.99145299145299;31.94017094017094;32.0;32.0;1;1
137.466;10.0;50.0;0.0;31.99145299145299;31.94017094017094;32.0;32.0;1;1
137.567;9.8525;50.0;0.0;31.99145299145299;31.94017094017094;32.0;32.0;1;1
137.67;9.34;50.0;0.0;31.99145299145299;31.94017094017094;32.0;32.0;1;1
137.78;8.8375;50.0;0.0;31.99145299145299;31.94017094017094;32.0;32.0;1;1
137.891;8.32875;50.0;0.0;31.99145299145299;31.94017094017094;32.0;32.0;1;1
138.004;7.82;50.0;0.0;31.99145299145299;31.94017094017094;32.0;32.0;1;1
138.108;7.31375;50.0;0.0;31.99145299145299;31.94017094017094;32.0;32.0;1;1
138.226;6.5425;50.0;0.0;31.99145299145299;31.94017094017094;32.0;32.0;1;1
138.331;6.03375;50.0;0.0;31.99145299145299;31.94017094017094;32.0;32.0;1;1
138.446;5.51875;50.0;0.0;31.99145299145299;31.94017094017094;32.0;32.0;1;1
138.554;5.00375;50.0;0.0;31.99145299145299;31.94017094017094;32.0;32.0;1;1
138.668;4.49625;50.0;0.0;31.99145299145299;31.94017094017094;32.0;32.0;1;1
138.779;3.7275;50.0;0.0;31.99145299145299;31.94017094017094;32.0;32.0;1;1
138.89;3.215;50.0;0.0;31.99145299145299;31.94017094017094;32.0;32.0;1;1
139.003;2.70125;50.0;0.0;31.99145299145299;31.94017094017094;32.0;32.0;1;1
139.114;2.18875;50.0;0.0;31.99145299145299;31.94017094017094;32.0;32.0;1;1
139.227;1.42375;50.0;0.0;31.99145299145299;31.94017094017094;32.0;32.0;1;1
139.333;0.91125;50.0;0.0;31.99145299145299;31.94017094017094;32.0;32.0;1;1
139.448;0.3975;50.0;0.0;31.99145299145299;31.94017094017094;32.0;32.0;1;1
139.56;-0.11125;50.0;0.0;31.99145299145299;31.94017094017094;32.0;32.0;1;1
139.672;-0.6225;50.0;0.0;31.99145299145299;31.94017094017094;32.0;32.0;1;1
139.778;-1.38375;50.0;0.0;31.99145299145299;31.94017094017094;32.0;32.0;1;1
139.892;-1.895;50.0;0.0;31.99145299145299;31.94017094017094;32.0;32.0;1;1
140.003;-2.4075;50.0;0.0;31.99145299145299;31.94017094017094;32.0;32.0;1;1
140.111;-2.91375;50.0;0.0;31.99145299145299;31.94017094017094;32.0;32.0;1;1
140.222;-3.425;50.0;0.0;31.99145299145299;31.94017094017094;32.0;32.0;1;1
140.333;-4.1875;50.0;0.0;31.99145299145299;31.94017094017094;32.0;32.0;1;1
140.447;-4.69875;50.0;0.0;31.99145299145299;31.94017094017094;32.0;32.0;1;1
140.547;-5.46625;50.0;0.0;31.99145299145299;31.94017094017094;32.0;32.0;1;1
140.658;-5.7175;50.0;0.0;31.99145299145299;31.94017094017094;32.0;32.0;1;1
140.766;-6.485;50.0;0.0;31.99145299145299;31.94017094017094;32.0;32.0;1;1
140.881;-6.74125;50.0;0.0;31.99145299145299;31.94017094017094;32.0;32.0;1;1
140.988;-7.50375;50.0;0.0;31.99145299145299;31.94017094017094;32.0;32.0;1;1
141.101;-8.01125;50.0;0.0;31.99145299145299;31.94017094017094;32.0;32.0;1;1
141.213;-8.52;50.0;0.0;31.99145299145299;31.94017094017094;32.0;32.0;1;1
141.323;-9.02125;50.0;0.0;31.99145299145299;31.94017094017094;32.0;32.0;1;1
141.423;-9.78625;50.0;0.0;31.99145299145299;31.94017094017094;32.0;32.0;1;1
141.529;-10.0;50.0;0.0;31.99145299145299;31.94017094017094;32.0;32.0;1;1
141.642;-10.0;50.0;0.0;31.99145299145299;31.94017094017094;32.0;32.0;1;1
141.758;-10.0;50.0;0.0;31.99145299145299;31.94017094017094;32.0;32.0;1;1
141.862;-10.0;50.0;0.0;31.99145299145299;31.94017094017094;32.0;32.0;1;1
141.977;-10.0;50.0;0.0;31.99145299145299;31.94017094017094;32.0;32.0;1;1
142.087;-10.0;50.0;0.0;31.99145299145299;31.94017094017094;32.0;32.0;1;1
142.196;-10.0;50.0;0.0;31.99145299145299;31.94017094017094;32.0;32.0;1;1
142.308;-10.0;50.0;0.0;31.99145299145299;31.94017094017094;32.0;32.0;1;1
142.409;-10.0;50.0;0.0;31.99145299145299;31.94017094017094;32.0;32.0;1;1
142.513;-10.0;50.0;0.0;31.99145299145299;31.94017094017094;32.0;32.0;1;1
142.632;-10.0;50.0;0.0;31.99145299145299;31.94017094017094;32.0;32.0;1;1
142.736;-10.0;50.0;0.0;31.99145299145299;31.94017094017094;32.0;32.0;1;1
142.84;-10.0;50.0;0.0;31.99145299145299;31.94017094017094;32.0;32.0;1;1
142.94;-10.0;50.0;0.0;31.99145299145299;31.94017094017094;32.0;32.0;1;1
143.044;-10.0;50.0;0.0;31.99145299145299;31.94017094017094;32.0;32.0;1;1
143.145;-10.0;50.0;0.0;31.99145299145299;31.94017094017094;32.0;32.0;1;1
143.246;-10.0;50.0;0.0;31.99145299145299;31.94017094017094;32.0;32.0;1;1
143.347;-10.0;50.0;0.0;31.99145299145299;31.94017094017094;32.0;32.0;1;1
143.453;-10.0;50.0;0.0;31.99145299145299;31.94017094017094;32.0;32.0;1;1
143.554;-10.0;50.0;0.0;31.99145299145299;31.94017094017094;32.0;32.0;1;1
143.656;-9.945;50.0;0.0;31.99145299145299;31.94017094017094;32.0;32.0;1;1
143.759;-9.20625;50.0;0.0;31.99145299145299;31.94017094017094;32.0;32.0;1;1
143.864;-8.95625;50.0;0.0;31.99145299145299;31.94017094017094;32.0;32.0;1;1
143.966;-8.19125;50.0;0.0;31.99145299145299;31.94017094017094;32.0;32.0;1;1
144.08;-7.935;50.0;0.0;31.99145299145299;31.94017094017094;32.0;32.0;1;1
144.184;-7.17125;50.0;0.0;31.99145299145299;31.94017094017094;32.0;32.0;1;1
144.3;-6.655;50.0;0.0;31.99145299145299;31.94017094017094;32.0;32.0;1;1
144.407;-6.13875;50.0;0.0;31.99145299145299;31.94017094017094;32.0;32.0;1;1
144.523;-5.6275;50.0;0.0;31.99145299145299;31.94017094017094;32.0;32.0;1;1
144.624;-4.85375;50.0;0.0;31.99145299145299;31.94017094017094;32.0;32.0;1;1
144.739;-4.34375;50.0;0.0;31.99145299145299;31.94017094017094;32.0;32.0;1;1
144.854;-3.82875;50.0;0.0;31.99145299145299;31.94017094017094;32.0;32.0;1;1
144.978;-3.31375;50.0;0.0;31.99145299145299;31.94017094017094;32.0;32.0;1;1
145.103;-2.5475;50.0;0.0;31.99145299145299;31.94017094017094;32.0;32.0;1;1
145.218;-2.2925;50.0;0.0;31.99145299145299;31.94017094017094;32.0;32.0;1;1
145.336;-1.2775;50.0;0.0;31.99145299145299;31.94017094017094;32.0;32.0;1;1
145.446;-0.76875;50.0;0.0;31.99145299145299;31.94017094017094;32.0;32.0;1;1
145.555;-0.25625;50.0;0.0;31.99145299145299;31.94017094017094;32.0;32.0;1;1
145.657;0.0;50.0;0.0;31.99145299145299;31.94017094017094;32.0;32.0;1;1
145.759;0.0;50.0;0.0;31.99145299145299;31.94017094017094;32.0;32.0;1;1
145.872;0.0;50.0;0.0;31.99145299145299;31.94017094017094;32.0;32.0;1;1
145.984;0.0;50.0;0.0;31.99145299145299;31.94017094017094;32.0;32.0;1;1
146.092;0.0;50.0;0.0;31.99145299145299;31.94017094017094;32.0;32.0;1;1
146.2;0.0;50.0;0.0;31.99145299145299;31.94017094017094;32.0;32.0;1;1
146.312;0.0;50.0;0.0;31.99145299145299;31.94017094017094;32.0;32.0;1;1
146.423;0.0;50.0;0.0;31.99145299145299;31.94017094017094;32.0;32.0;1;1
146.54;0.0;50.0;0.0;31.99145299145299;31.94017094017094;32.0;32.0;1;1
146.641;0.0;50.0;0.0;31.99145299145299;31.94017094017094;32.0;32.0;1;1
146.761;0.0;50.0;0.0;31.99145299145299;31.94017094017094;32.0;32.0;1;1
146.863;0.0;50.0;0.0;31.99145299145299;31.94017094017094;32.0;32.0;1;1
146.973;0.0;50.0;0.0;31.99145299145299;31.99145299145299;32.0;32.0;1;1
147.083;0.0;50.0;0.0;31.99145299145299;31.99145299145299;32.0;32.0;1;1
147.188;0.0;50.0;0.0;31.99145299145299;31.99145299145299;32.0;32.0;1;1
147.305;0.0;50.0;0.0;31.99145299145299;31.99145299145299;32.0;32.0;1;1
147.421;0.0;50.0;0.0;31.99145299145299;31.99145299145299;32.0;32.0;1;1
147.529;0.0;50.0;0.0;31.99145299145299;31.99145299145299;32.0;32.0;1;1
147.648;0.0;50.0;0.0;31.99145299145299;31.99145299145299;32.0;32.0;1;1
147.753;0.0;50.0;0.0;31.99145299145299;31.99145299145299;32.0;32.0;1;1
147.853;0.0;50.0;0.0;31.99145299145299;31.99145299145299;32.0;32.0;1;1
147.966;0.0;50.0;0.0;31.99145299145299;31.99145299145299;32.0;32.0;1;1
148.078;0.0;50.0;0.0;31.99145299145299;31.99145299145299;32.0;32.0;1;1
148.18;0.0;50.0;0.0;31.99145299145299;31.99145299145299;32.0;32.0;1;1
148.288;0.0;50.0;0.0;31.99145299145299;31.99145299145299;32.0;32.0;1;1
148.401;0.0;50.0;0.0;31.99145299145299;31.99145299145299;32.0;32.0;1;1
148.519;0.0;50.0;0.0;31.99145299145299;31.99145299145299;32.0;32.0;1;1
148.631;0.0;50.0;0.0;31.99145299145299;31.99145299145299;32.0;32.0;1;1
148.739;0.0;50.0;0.0;31.99145299145299;31.99145299145299;32.0;32.0;1;1
148.841;0.0;50.0;0.0;31.99145299145299;31.99145299145299;32.0;32.0;1;1
148.953;0.0;50.0;0.0;31.99145299145299;31.94017094017094;32.0;32.0;1;1
149.066;0.0;50.0;0.0;31.99145299145299;31.94017094017094;32.0;32.0;1;1
149.178;0.0;50.0;0.0;31.99145299145299;31.94017094017094;32.0;32.0;1;1
149.29;0.0;50.0;0.0;31.99145299145299;31.94017094017094;32.0;32.0;1;1
149.392;0.0;50.0;0.0;31.99145299145299;31.94017094017094;32.0;32.0;1;1
149.497;0.0;50.0;0.0;31.99145299145299;31.94017094017094;32.0;32.0;1;1
149.614;0.0;50.0;0.0;31.99145299145299;31.94017094017094;32.0;32.0;1;1
149.714;0.0;50.0;0.0;31.99145299145299;31.94017094017094;32.0;32.0;1;1
149.817;0.0;50.0;0.0;31.99145299145299;31.94017094017094;32.0;32.0;1;1
149.928;0.0;50.0;0.0;31.99145299145299;31.99145299145299;32.0;32.0;1;1
150.038;0.0425;50.0;0.0;31.99145299145299;31.99145299145299;32.0;32.0;1;1
150.158;0.77125;50.0;0.0;31.99145299145299;31.99145299145299;32.0;32.0;1;1
150.267;1.02625;50.0;0.0;31.99145299145299;31.99145299145299;32.0;32.0;1;1
150.371;1.7875;50.0;0.0;31.99145299145299;31.99145299145299;32.0;32.0;1;1
150.479;2.2975;50.0;0.0;31.99145299145299;31.99145299145299;32.0;32.0;1;1
150.582;2.81125;50.0;0.0;31.99145299145299;31.99145299145299;32.0;32.0;1;1
150.694;3.3275;50.0;0.0;31.99145299145299;31.99145299145299;32.0;32.0;1;1
150.795;4.0975;50.0;0.0;31.99145299145299;31.99145299145299;32.0;32.0;1;1
150.906;4.355;50.0;0.0;31.99145299145299;31.94017094017094;32.0;32.0;1;1
151.007;5.13;50.0;0.0;31.99145299145299;31.94017094017094;32.0;32.0;1;1
151.116;5.63875;50.0;0.0;31.99145299145299;31.94017094017094;32.0;32.0;1;1
151.216;6.15375;50.0;0.0;31.99145299145299;31.94017094017094;32.0;32.0;1;1
151.326;6.66875;50.0;0.0;31.99145299145299;31.94017094017094;32.0;32.0;1;1
151.438;7.435;50.0;0.0;31.99145299145299;31.94017094017094;32.0;32.0;1;1
151.547;7.69125;50.0;0.0;31.99145299145299;31.94017094017094;32.0;32.0;1;1
151.671;8.45625;50.0;0.0;31.99145299145299;31.94017094017094;32.0;32.0;1;1
151.772;8.96;50.0;0.0;31.99145299145299;31.94017094017094;32.0;32.0;1;1
151.888;9.47;50.0;0.0;31.99145299145299;31.94017094017094;32.0;32.0;1;1
152.004;9.9475;50.0;0.0;31.99145299145299;31.99145299145299;32.0;32.0;1;1
152.107;10.0;50.0;0.0;31.99145299145299;31.99145299145299;32.0;32.0;1;1
152.211;10.0;50.0;0.0;31.99145299145299;31.99145299145299;32.0;32.0;1;1
152.322;10.0;50.0;0.0;31.99145299145299;31.99145299145299;32.0;32.0;1;1
152.428;10.0;50.0;0.0;31.99145299145299;31.99145299145299;32.0;32.0;1;1
152.539;10.0;50.0;0.0;31.99145299145299;31.99145299145299;32.0;32.0;1;1
152.65;10.0;50.0;0.0;31.99145299145299;31.99145299145299;32.0;32.0;1;1
152.762;10.0;50.0;0.0;31.99145299145299;31.99145299145299;32.0;32.0;1;1
152.863;10.0;50.0;0.0;31.99145299145299;31.99145299145299;32.0;32.0;1;1
152.97;10.0;50.0;0.0;31.99145299145299;31.94017094017094;32.0;32.0;1;1
153.082;10.0;50.0;0.0;31.99145299145299;31.94017094017094;32.0;32.0;1;1
153.191;10.0;50.0;0.0;31.99145299145299;31.94017094017094;32.0;32.0;1;1
153.304;10.0;50.0;0.0;31.99145299145299;31.94017094017094;32.0;32.0;1;1
153.415;10.0;50.0;0.0;31.99145299145299;31.94017094017094;32.0;32.0;1;1
153.525;10.0;50.0;0.0;31.99145299145299;31.94017094017094;32.0;32.0;1;1
153.636;10.0;50.0;0.0;31.99145299145299;31.94017094017094;32.0;32.0;1;1
153.749;10.0;50.0;0.0;31.99145299145299;31.94017094017094;32.0;32.0;1;1
153.861;10.0;50.0;0.0;31.99145299145299;31.94017094017094;32.0;32.0;1;1
153.971;10.0;50.0;0.0;31.99145299145299;31.94017094017094;32.0;32.0;1;1
154.084;10.0;50.0;0.0;31.99145299145299;31.94017094017094;32.0;32.0;1;1
154.185;9.88375;50.0;0.0;31.99145299145299;31.94017094017094;32.0;32.0;1;1
154.301;9.375;50.0;0.0;31.99145299145299;31.94017094017094;32.0;32.0;1;1
154.407;8.86625;50.0;0.0;31.99145299145299;31.94017094017094;32.0;32.0;1;1
154.513;8.3625;50.0;0.0;31.99145299145299;31.94017094017094;32.0;32.0;1;1
154.633;7.85375;50.0;0.0;31.99145299145299;31.94017094017094;32.0;32.0;1;1
154.749;7.09125;50.0;0.0;31.99145299145299;31.94017094017094;32.0;32.0;1;1
154.859;6.5775;50.0;0.0;31.99145299145299;31.94017094017094;32.0;32.0;1;1
154.972;6.06375;50.0;0.0;31.99145299145299;31.94017094017094;32.0;32.0;1;1
155.083;5.55375;50.0;0.0;31.99145299145299;31.94017094017094;32.0;32.0;1;1
155.194;5.03875;50.0;0.0;31.99145299145299;31.94017094017094;32.0;32.0;1;1
155.304;4.27;50.0;0.0;31.99145299145299;31.94017094017094;32.0;32.0;1;1
155.413;3.7625;50.0;0.0;31.99145299145299;31.94017094017094;32.0;32.0;1;1
155.529;3.24875;50.0;0.0;31.99145299145299;31.94017094017094;32.0;32.0;1;1
155.637;2.73625;50.0;0.0;31.99145299145299;31.94017094017094;32.0;32.0;1;1
155.779;1.97125;50.0;0.0;31.99145299145299;31.94017094017094;32.0;32.0;1;1
155.888;1.2025;50.0;0.0;31.99145299145299;31.94017094017094;32.0;32.0;1;1
155.991;0.945;50.0;0.0;31.99145299145299;31.94017094017094;32.0;32.0;1;1
156.11;0.175;50.0;0.0;31.99145299145299;31.94017094017094;32.0;32.0;1;1
156.223;-0.3325;50.0;0.0;31.99145299145299;31.94017094017094;32.0;32.0;1;1
156.333;-1.09875;50.0;0.0;31.99145299145299;31.94017094017094;32.0;32.0;1;1
156.434;-1.61;50.0;0.0;31.99145299145299;31.94017094017094;32.0;32.0;1;1
156.535;-2.11625;50.0;0.0;31.99145299145299;31.94017094017094;32.0;32.0;1;1
156.642;-2.3725;50.0;0.0;31.99145299145299;31.94017094017094;32.0;32.0;1;1
156.745;-3.14;50.0;0.0;31.99145299145299;31.94017094017094;32.0;32.0;1;1
156.847;-3.39125;50.0;0.0;31.99145299145299;31.94017094017094;32.0;32.0;1;1
156.958;-4.1575;50.0;0.0;31.99145299145299;31.94017094017094;32.0;32.0;1;1
157.067;-4.67;50.0;0.0;31.99145299145299;31.94017094017094;32.0;32.0;1;1
157.181;-5.17625;50.0;0.0;31.99145299145299;31.94017094017094;32.0;32.0;1;1
157.308;-5.6875;50.0;0.0;31.99145299145299;31.94017094017094;32.0;32.0;1;1
157.416;-6.45625;50.0;0.0;31.99145299145299;31.94017094017094;32.0;32.0;1;1
157.524;-6.9675;50.0;0.0;31.99145299145299;31.94017094017094;32.0;32.0;1;1
157.626;-7.48;50.0;0.0;31.99145299145299;31.94017094017094;32.0;32.0;1;1
157.727;-7.9825;50.0;0.0;31.99145299145299;31.94017094017094;32.0;32.0;1;1
157.828;-8.745;50.0;0.0;31.99145299145299;31.94017094017094;32.0;32.0;1;1
157.937;-8.9975;50.0;0.0;31.99145299145299;31.94017094017094;32.0;32.0;1;1
158.038;-9.7575;50.0;0.0;31.99145299145299;31.94017094017094;32.0;32.0;1;1
158.147;-10.0;50.0;0.0;31.99145299145299;31.94017094017094;32.0;32.0;1;1
158.263;-10.0;50.0;0.0;31.99145299145299;31.94017094017094;32.0;32.0;1;1
158.37;-10.0;50.0;0.0;31.99145299145299;31.94017094017094;32.0;32.0;1;1
158.482;-10.0;50.0;0.0;31.99145299145299;31.94017094017094;32.0;32.0;1;1
158.587;-10.0;50.0;0.0;31.99145299145299;31.94017094017094;32.0;32.0;1;1
158.701;-10.0;50.0;0.0;31.99145299145299;31.94017094017094;32.0;32.0;1;1
158.81;-10.0;50.0;0.0;31.99145299145299;31.94017094017094;32.0;32.0;1;1
158.929;-10.0;50.0;0.0;31.99145299145299;31.94017094017094;32.0;32.0;1;1
159.038;-10.0;50.0;0.0;31.99145299145299;31.94017094017094;32.0;32.0;1;1
159.163;-10.0;50.0;0.0;31.99145299145299;31.94017094017094;32.0;32.0;1;1
159.267;-10.0;50.0;0.0;31.99145299145299;31.94017094017094;32.0;32.0;1;1
159.372;-10.0;50.0;0.0;31.99145299145299;31.94017094017094;32.0;32.0;1;1
159.479;-10.0;50.0;0.0;31.99145299145299;31.94017094017094;32.0;32.0;1;1
159.611;-10.0;50.0;0.0;31.99145299145299;31.94017094017094;32.0;32.0;1;1
159.723;-10.0;50.0;0.0;31.99145299145299;31.94017094017094;32.0;32.0;1;1
159.841;-10.0;50.0;0.0;31.99145299145299;31.94017094017094;32.0;32.0;1;1
159.958;-10.0;50.0;0.0;31.99145299145299;31.99145299145299;32.0;32.0;1;1
160.084;-10.0;50.0;0.0;31.99145299145299;31.99145299145299;32.0;32.0;1;1
160.192;-10.0;50.0;0.0;31.99145299145299;31.99145299145299;32.0;32.0;1;1
160.307;-9.88;50.0;0.0;31.99145299145299;31.99145299145299;32.0;32.0;1;1
160.417;-9.62625;50.0;0.0;31.99145299145299;31.99145299145299;32.0;32.0;1;1
160.545;-8.86;50.0;0.0;31.99145299145299;31.99145299145299;32.0;32.0;1;1
160.648;-8.09875;50.0;0.0;31.99145299145299;31.99145299145299;32.0;32.0;1;1
160.75;-7.58875;50.0;0.0;31.99145299145299;31.99145299145299;32.0;32.0;1;1
160.854;-7.33125;50.0;0.0;31.99145299145299;31.99145299145299;32.0;32.0;1;1
160.956;-6.5625;50.0;0.0;31.99145299145299;31.94017094017094;32.0;32.0;1;1
161.061;-6.04625;50.0;0.0;31.99145299145299;31.94017094017094;32.0;32.0;1;1
161.185;-5.7875;50.0;0.0;31.99145299145299;31.94017094017094;32.0;32.0;1;1
161.296;-5.0175;50.0;0.0;31.99145299145299;31.94017094017094;32.0;32.0;1;1
161.414;-4.24625;50.0;0.0;31.99145299145299;31.94017094017094;32.0;32.0;1;1
161.526;-3.73625;50.0;0.0;31.99145299145299;31.94017094017094;32.0;32.0;1;1
161.63;-3.47875;50.0;0.0;31.99145299145299;31.94017094017094;32.0;32.0;1;1
161.75;-2.45;50.0;0.0;31.99145299145299;31.94017094017094;32.0;32.0;1;1
161.854;-1.94;50.0;0.0;31.99145299145299;31.94017094017094;32.0;32.0;1;1
161.958;-1.685;50.0;0.0;31.99145299145299;31.94017094017094;32.0;32.0;1;1
162.085;-0.92625;50.0;0.0;31.99145299145299;31.94017094017094;32.0;32.0;1;1
162.197;-0.67125;50.0;0.0;31.99145299145299;31.94017094017094;32.0;32.0;1;1
162.317;0.0;50.0;0.0;31.99145299145299;31.94017094017094;32.0;32.0;1;1
162.432;0.0;50.0;0.0;31.99145299145299;31.94017094017094;32.0;32.0;1;1
162.534;0.0;50.0;0.0;31.99145299145299;31.94017094017094;32.0;32.0;1;1
162.636;0.0;50.0;0.0;31.99145299145299;31.94017094017094;32.0;32.0;1;1
162.743;0.0;50.0;0.0;31.99145299145299;31.94017094017094;32.0;32.0;1;1
162.86;0.0;50.0;0.0;31.99145299145299;31.94017094017094;32.0;32.0;1;1
162.974;0.0;50.0;0.0;31.99145299145299;31.94017094017094;32.0;32.0;1;1
163.076;0.0;50.0;0.0;31.99145299145299;31.94017094017094;32.0;32.0;1;1
163.185;0.0;50.0;0.0;31.99145299145299;31.94017094017094;32.0;32.0;1;1
163.287;0.0;50.0;0.0;31.99145299145299;31.94017094017094;32.0;32.0;1;1
163.417;0.0;50.0;0.0;31.99145299145299;31.94017094017094;32.0;32.0;1;1
163.517;0.0;50.0;0.0;31.99145299145299;31.94017094017094;32.0;32.0;1;1
163.62;0.0;50.0;0.0;31.99145299145299;31.94017094017094;32.0;32.0;1;1
163.725;0.0;50.0;0.0;31.99145299145299;31.94017094017094;32.0;32.0;1;1
163.829;0.0;50.0;0.0;31.99145299145299;31.94017094017094;32.0;32.0;1;1
163.946;0.0;50.0;0.0;31.99145299145299;31.94017094017094;32.0;32.0;1;1
164.055;0.0;50.0;0.0;31.99145299145299;31.94017094017094;32.0;32.0;1;1
164.167;0.0;50.0;0.0;31.99145299145299;31.94017094017094;32.0;32.0;1;1
164.275;0.0;50.0;0.0;31.99145299145299;31.94017094017094;32.0;32.0;1;1
164.394;0.0;50.0;0.0;31.99145299145299;31.94017094017094;32.0;32.0;1;1
164.496;0.0;50.0;0.0;31.99145299145299;31.94017094017094;32.0;32.0;1;1
164.6;0.0;50.0;0.0;31.99145299145299;31.94017094017094;32.0;32.0;1;1
164.72;0.0;50.0;0.0;31.99145299145299;31.94017094017094;32.0;32.0;1;1
164.831;0.0;50.0;0.0;31.99145299145299;31.94017094017094;32.0;32.0;1;1
164.931;0.0;50.0;0.0;31.99145299145299;31.94017094017094;32.0;32.0;1;1
165.032;0.0;50.0;0.0;31.99145299145299;31.94017094017094;32.0;32.0;1;1
165.138;0.0;50.0;0.0;31.99145299145299;31.94017094017094;32.0;32.0;1;1
165.238;0.0;50.0;0.0;31.99145299145299;31.94017094017094;32.0;32.0;1;1
165.354;0.0;50.0;0.0;31.99145299145299;31.94017094017094;32.0;32.0;1;1
165.455;0.0;50.0;0.0;31.99145299145299;31.94017094017094;32.0;32.0;1;1
165.569;0.0;50.0;0.0;31.99145299145299;31.94017094017094;32.0;32.0;1;1
165.669;0.0;50.0;0.0;31.99145299145299;31.94017094017094;32.0;32.0;1;1
165.77;0.0;50.0;0.0;31.99145299145299;31.94017094017094;32.0;32.0;1;1
165.87;0.0;50.0;0.0;31.99145299145299;31.94017094017094;32.0;32.0;1;1
165.972;0.0;50.0;0.0;31.99145299145299;31.99145299145299;32.0;32.0;1;1
166.078;0.0;50.0;0.0;31.99145299145299;31.99145299145299;32.0;32.0;1;1
166.179;0.0;50.0;0.0;31.99145299145299;31.99145299145299;32.0;32.0;1;1
166.287;0.0;50.0;0.0;31.99145299145299;31.99145299145299;32.0;32.0;1;1
166.388;0.0;50.0;0.0;31.99145299145299;31.99145299145299;32.0;32.0;1;1
166.489;0.0;50.0;0.0;31.99145299145299;31.99145299145299;32.0;32.0;1;1
166.589;0.0;50.0;0.0;31.99145299145299;31.99145299145299;32.0;32.0;1;1
166.699;0.135;50.0;0.0;31.99145299145299;31.99145299145299;32.0;32.0;1;1
166.802;0.64875;50.0;0.0;31.99145299145299;31.99145299145299;32.0;32.0;1;1
166.917;1.15875;50.0;0.0;31.99145299145299;31.94017094017094;32.0;32.0;1;1
167.017;1.91875;50.0;0.0;31.99145299145299;31.94017094017094;32.0;32.0;1;1
167.118;2.43;50.0;0.0;31.99145299145299;31.94017094017094;32.0;32.0;1;1
167.219;2.945;50.0;0.0;31.99145299145299;31.94017094017094;32.0;32.0;1;1
167.321;3.1975;50.0;0.0;31.99145299145299;31.94017094017094;32.0;32.0;1;1
167.425;3.9725;50.0;0.0;31.99145299145299;31.94017094017094;32.0;32.0;1;1
167.531;4.23;50.0;0.0;31.99145299145299;31.94017094017094;32.0;32.0;1;1
167.631;5.0;50.0;0.0;31.99145299145299;31.94017094017094;32.0;32.0;1;1
167.743;5.515;50.0;0.0;31.99145299145299;31.94017094017094;32.0;32.0;1;1
167.847;6.02375;50.0;0.0;31.99145299145299;31.94017094017094;32.0;32.0;1;1
167.947;6.53875;50.0;0.0;31.99145299145299;31.94017094017094;32.0;32.0;1;1
168.053;7.05375;50.0;0.0;31.99145299145299;31.94017094017094;32.0;32.0;1;1
168.154;7.8175;50.0;0.0;31.99145299145299;31.94017094017094;32.0;32.0;1;1
168.254;8.0725;50.0;0.0;31.99145299145299;31.94017094017094;32.0;32.0;1;1
168.355;8.5825;50.0;0.0;31.99145299145299;31.94017094017094;32.0;32.0;1;1
168.456;9.08625;50.0;0.0;31.99145299145299;31.94017094017094;32.0;32.0;1;1
168.558;9.59625;50.0;0.0;31.99145299145299;31.94017094017094;32.0;32.0;1;1
168.659;9.995;50.0;0.0;31.99145299145299;31.94017094017094;32.0;32.0;1;1
168.765;10.0;50.0;0.0;31.99145299145299;31.94017094017094;32.0;32.0;1;1
168.868;10.0;50.0;0.0;31.99145299145299;31.94017094017094;32.0;32.0;1;1
168.968;10.0;50.0;0.0;31.99145299145299;31.94017094017094;32.0;32.0;1;1
169.09;10.0;50.0;0.0;31.99145299145299;31.94017094017094;32.0;32.0;1;1
169.191;10.0;50.0;0.0;31.99145299145299;31.94017094017094;32.0;32.0;1;1
169.293;10.0;50.0;0.0;31.99145299145299;31.94017094017094;32.0;32.0;1;1
169.405;10.0;50.0;0.0;31.99145299145299;31.94017094017094;32.0;32.0;1;1
169.511;10.0;50.0;0.0;31.99145299145299;31.94017094017094;32.0;32.0;1;1
169.621;10.0;50.0;0.0;31.99145299145299;31.94017094017094;32.0;32.0;1;1
169.722;10.0;50.0;0.0;31.99145299145299;31.94017094017094;32.0;32.0;1;1
169.825;10.0;50.0;0.0;31.99145299145299;31.94017094017094;32.0;32.0;1;1
169.925;10.0;50.0;0.0;31.99145299145299;31.94017094017094;32.0;32.0;1;1
170.026;10.0;50.0;0.0;31.99145299145299;31.99145299145299;32.0;32.0;1;1
170.126;10.0;50.0;0.0;31.99145299145299;31.99145299145299;32.0;32.0;1;1
170.227;10.0;50.0;0.0;31.99145299145299;31.99145299145299;32.0;32.0;1;1
170.335;10.0;50.0;0.0;31.99145299145299;31.99145299145299;32.0;32.0;1;1
170.436;10.0;50.0;0.0;31.99145299145299;31.99145299145299;32.0;32.0;1;1
170.544;10.0;50.0;0.0;31.99145299145299;31.99145299145299;32.0;32.0;1;1
170.653;10.0;50.0;0.0;31.99145299145299;31.99145299145299;32.0;32.0;1;1
170.76;10.0;50.0;0.0;31.99145299145299;31.99145299145299;32.0;32.0;1;1
170.867;10.0;50.0;0.0;31.99145299145299;31.99145299145299;32.0;32.0;1;1
170.968;9.495;50.0;0.0;31.99145299145299;31.94017094017094;32.0;32.0;1;1
171.076;9.245;50.0;0.0;31.99145299145299;31.94017094017094;32.0;32.0;1;1
171.176;8.4825;50.0;0.0;31.99145299145299;31.94017094017094;32.0;32.0;1;1
171.277;7.97375;50.0;0.0;31.99145299145299;31.94017094017094;32.0;32.0;1;1
171.386;7.72375;50.0;0.0;31.99145299145299;31.94017094017094;32.0;32.0;1;1
171.499;7.2125;50.0;0.0;31.99145299145299;31.94017094017094;32.0;32.0;1;1
171.609;6.44125;50.0;0.0;31.99145299145299;31.94017094017094;32.0;32.0;1;1
171.732;5.9325;50.0;0.0;31.99145299145299;31.94017094017094;32.0;32.0;1;1
171.836;5.16;50.0;0.0;31.99145299145299;31.94017094017094;32.0;32.0;1;1
171.936;4.9075;50.0;0.0;31.99145299145299;31.94017094017094;32.0;32.0;1;1
172.04;4.395;50.0;0.0;31.99145299145299;31.94017094017094;32.0;32.0;1;1
172.159;3.62625;50.0;0.0;31.99145299145299;31.94017094017094;32.0;32.0;1;1
172.269;3.11875;50.0;0.0;31.99145299145299;31.94017094017094;32.0;32.0;1;1
172.392;2.605;50.0;0.0;31.99145299145299;31.94017094017094;32.0;32.0;1;1
172.512;2.0925;50.0;0.0;31.99145299145299;31.94017094017094;32.0;32.0;1;1
172.618;1.3275;50.0;0.0;31.99145299145299;31.94017094017094;32.0;32.0;1;1
172.718;0.815;50.0;0.0;31.99145299145299;31.94017094017094;32.0;32.0;1;1
172.823;0.30625;50.0;0.0;31.99145299145299;31.94017094017094;32.0;32.0;1;1
172.94;-0.2075;50.0;0.0;31.99145299145299;31.94017094017094;32.0;32.0;1;1
173.044;-0.71875;50.0;0.0;31.99145299145299;31.99145299145299;32.0;32.0;1;1
173.15;-1.48;50.0;0.0;31.99145299145299;31.99145299145299;32.0;32.0;1;1
173.261;-1.99125;50.0;0.0;31.99145299145299;31.99145299145299;32.0;32.0;1;1
173.387;-2.75875;50.0;0.0;31.99145299145299;31.99145299145299;32.0;32.0;1;1
173.502;-3.015;50.0;0.0;31.99145299145299;31.99145299145299;32.0;32.0;1;1
173.606;-3.7825;50.0;0.0;31.99145299145299;31.99145299145299;32.0;32.0;1;1
173.72;-4.28875;50.0;0.0;31.99145299145299;31.99145299145299;32.0;32.0;1;1
173.825;-4.8;50.0;0.0;31.99145299145299;31.99145299145299;32.0;32.0;1;1
173.944;-5.3125;50.0;0.0;31.99145299145299;31.99145299145299;32.0;32.0;1;1
174.046;-6.075;50.0;0.0;31.99145299145299;31.94017094017094;32.0;32.0;1;1
174.159;-6.33;50.0;0.0;31.99145299145299;31.94017094017094;32.0;32.0;1;1
174.265;-7.0925;50.0;0.0;31.99145299145299;31.94017094017094;32.0;32.0;1;1
174.377;-7.34875;50.0;0.0;31.99145299145299;31.94017094017094;32.0;32.0;1;1
174.478;-8.36625;50.0;0.0;31.99145299145299;31.94017094017094;32.0;32.0;1;1
174.582;-8.615;50.0;0.0;31.99145299145299;31.94017094017094;32.0;32.0;1;1
174.689;-9.1225;50.0;0.0;31.99145299145299;31.94017094017094;32.0;32.0;1;1
174.793;-9.63125;50.0;0.0;31.99145299145299;31.94017094017094;32.0;32.0;1;1
174.896;-9.99875;50.0;0.0;31.99145299145299;31.94017094017094;32.0;32.0;1;1
175.039;-10.0;50.0;0.0;31.99145299145299;31.94017094017094;32.0;32.0;1;1
175.18;-10.0;50.0;0.0;31.99145299145299;31.94017094017094;32.0;32.0;1;1
175.289;-10.0;50.0;0.0;31.99145299145299;31.94017094017094;32.0;32.0;1;1
175.402;-10.0;50.0;0.0;31.99145299145299;31.94017094017094;32.0;32.0;1;1
175.517;-10.0;50.0;0.0;31.99145299145299;31.94017094017094;32.0;32.0;1;1
175.632;-10.0;50.0;0.0;31.99145299145299;31.94017094017094;32.0;32.0;1;1
175.736;-10.0;50.0;0.0;31.99145299145299;31.94017094017094;32.0;32.0;1;1
175.843;-10.0;50.0;0.0;31.99145299145299;31.94017094017094;32.0;32.0;1;1
175.955;-10.0;50.0;0.0;31.99145299145299;31.94017094017094;32.0;32.0;1;1
176.058;-10.0;50.0;0.0;31.99145299145299;31.94017094017094;32.0;32.0;1;1
176.175;-10.0;50.0;0.0;31.99145299145299;31.94017094017094;32.0;32.0;1;1
176.277;-10.0;50.0;0.0;31.99145299145299;31.94017094017094;32.0;32.0;1;1
176.387;-10.0;50.0;0.0;31.99145299145299;31.94017094017094;32.0;32.0;1;1
176.497;-10.0;50.0;0.0;31.99145299145299;31.94017094017094;32.0;32.0;1;1
176.619;-10.0;50.0;0.0;31.99145299145299;31.94017094017094;32.0;32.0;1;1
176.725;-10.0;50.0;0.0;31.99145299145299;31.94017094017094;32.0;32.0;1;1
176.838;-10.0;50.0;0.0;31.99145299145299;31.94017094017094;32.0;32.0;1;1
176.939;-10.0;50.0;0.0;31.99145299145299;31.94017094017094;32.0;32.0;1;1
177.056;-10.0;50.0;0.0;31.99145299145299;31.94017094017094;32.0;32.0;1;1
177.166;-10.0;50.0;0.0;31.99145299145299;31.94017094017094;32.0;32.0;1;1
177.277;-9.80375;50.0;0.0;31.99145299145299;31.94017094017094;32.0;32.0;1;1
177.396;-9.545;50.0;0.0;31.99145299145299;31.94017094017094;32.0;32.0;1;1
177.507;-8.53;50.0;0.0;31.99145299145299;31.94017094017094;32.0;32.0;1;1
177.608;-8.01875;50.0;0.0;31.99145299145299;31.94017094017094;32.0;32.0;1;1
177.711;-7.5075;50.0;0.0;31.99145299145299;31.94017094017094;32.0;32.0;1;1
177.815;-6.9925;50.0;0.0;31.99145299145299;31.94017094017094;32.0;32.0;1;1
177.971;-6.73375;50.0;0.0;31.99145299145299;31.94017094017094;32.0;32.0;1;1
178.098;-5.7075;50.0;0.0;31.99145299145299;31.94017094017094;32.0;32.0;1;1
178.199;-5.19;50.0;0.0;31.99145299145299;31.94017094017094;32.0;32.0;1;1
178.302;-4.675;50.0;0.0;31.99145299145299;31.94017094017094;32.0;32.0;1;1
178.42;-3.9075;50.0;0.0;31.99145299145299;31.94017094017094;32.0;32.0;1;1
178.537;-3.3925;50.0;0.0;31.99145299145299;31.94017094017094;32.0;32.0;1;1
178.64;-2.88375;50.0;0.0;31.99145299145299;31.94017094017094;32.0;32.0;1;1
178.759;-2.37;50.0;0.0;31.99145299145299;31.94017094017094;32.0;32.0;1;1
178.898;-1.86;50.0;0.0;31.99145299145299;31.94017094017094;32.0;32.0;1;1
179.004;-1.10125;50.0;0.0;31.99145299145299;31.94017094017094;32.0;32.0;1;1
179.118;-0.59125;50.0;0.0;31.99145299145299;31.94017094017094;32.0;32.0;1;1
179.221;0.0;50.0;0.0;31.99145299145299;31.94017094017094;32.0;32.0;1;1
179.332;0.0;50.0;0.0;31.99145299145299;31.94017094017094;32.0;32.0;1;1
179.444;0.0;50.0;0.0;31.99145299145299;31.94017094017094;32.0;32.0;1;1
179.545;0.0;50.0;0.0;31.99145299145299;31.94017094017094;32.0;32.0;1;1
179.654;0.0;50.0;0.0;31.99145299145299;31.94017094017094;32.0;32.0;1;1
179.755;0.0;50.0;0.0;31.99145299145299;31.94017094017094;32.0;32.0;1;1
179.86;0.0;50.0;0.0;31.99145299145299;31.94017094017094;32.0;32.0;1;1
179.969;0.0;50.0;0.0;31.99145299145299;31.94017094017094;32.0;32.0;1;1
180.094;0.0;50.0;0.0;31.99145299145299;31.94017094017094;32.0;32.0;1;1
180.208;0.0;50.0;0.0;31.99145299145299;31.94017094017094;32.0;32.0;1;1
180.313;0.0;50.0;0.0;31.99145299145299;31.94017094017094;32.0;32.0;1;1
180.417;0.0;50.0;0.0;31.99145299145299;31.94017094017094;32.0;32.0;1;1
180.532;0.0;50.0;0.0;31.99145299145299;31.94017094017094;32.0;32.0;1;1
180.642;0.0;50.0;0.0;31.99145299145299;31.94017094017094;32.0;32.0;1;1
180.752;0.0;50.0;0.0;31.99145299145299;31.94017094017094;32.0;32.0;1;1
180.869;0.0;50.0;0.0;31.99145299145299;31.94017094017094;32.0;32.0;1;1
180.972;0.0;50.0;0.0;31.99145299145299;31.94017094017094;32.0;32.0;1;1
181.073;0.0;50.0;0.0;31.99145299145299;31.94017094017094;32.0;32.0;1;1
181.178;0.0;50.0;0.0;31.99145299145299;31.94017094017094;32.0;32.0;1;1
181.289;0.0;50.0;0.0;31.99145299145299;31.94017094017094;32.0;32.0;1;1
181.391;0.0;50.0;0.0;31.99145299145299;31.94017094017094;32.0;32.0;1;1
181.493;0.0;50.0;0.0;31.99145299145299;31.94017094017094;32.0;32.0;1;1
181.594;0.0;50.0;0.0;31.99145299145299;31.94017094017094;32.0;32.0;1;1
181.703;0.0;50.0;0.0;31.99145299145299;31.94017094017094;32.0;32.0;1;1
181.811;0.0;50.0;0.0;31.99145299145299;31.94017094017094;32.0;32.0;1;1
181.915;0.0;50.0;0.0;31.99145299145299;31.94017094017094;32.0;32.0;1;1
182.016;0.0;50.0;0.0;31.99145299145299;31.94017094017094;32.0;32.0;1;1
182.117;0.0;50.0;0.0;31.99145299145299;31.94017094017094;32.0;32.0;1;1
182.219;0.0;50.0;0.0;31.99145299145299;31.94017094017094;32.0;32.0;1;1
182.334;0.0;50.0;0.0;31.99145299145299;31.94017094017094;32.0;32.0;1;1
182.434;0.0;50.0;0.0;31.99145299145299;31.94017094017094;32.0;32.0;1;1
182.543;0.0;50.0;0.0;31.99145299145299;31.94017094017094;32.0;32.0;1;1
182.649;0.0;50.0;0.0;31.99145299145299;31.94017094017094;32.0;32.0;1;1
182.75;0.0;50.0;0.0;31.99145299145299;31.94017094017094;32.0;32.0;1;1
182.85;0.0;50.0;0.0;31.99145299145299;31.94017094017094;32.0;32.0;1;1
182.951;0.0;50.0;0.0;31.99145299145299;31.99145299145299;32.0;32.0;1;1
183.056;0.0;50.0;0.0;31.99145299145299;31.99145299145299;32.0;32.0;1;1
183.172;0.0;50.0;0.0;31.99145299145299;31.99145299145299;32.0;32.0;1;1
183.273;0.0;50.0;0.0;31.99145299145299;31.99145299145299;32.0;32.0;1;1
183.387;0.0;50.0;0.0;31.99145299145299;31.99145299145299;32.0;32.0;1;1
183.492;0.0;50.0;0.0;31.99145299145299;31.99145299145299;32.0;32.0;1;1
183.596;0.0175;50.0;0.0;31.99145299145299;31.99145299145299;32.0;32.0;1;1
183.722;0.455;50.0;0.0;31.99145299145299;31.99145299145299;32.0;32.0;1;1
183.823;1.21625;50.0;0.0;31.99145299145299;31.99145299145299;32.0;32.0;1;1
183.931;1.72625;50.0;0.0;31.99145299145299;31.99145299145299;32.0;32.0;1;1
184.046;2.2375;50.0;0.0;31.99145299145299;31.99145299145299;32.0;32.0;1;1
184.156;2.745;50.0;0.0;31.99145299145299;31.99145299145299;32.0;32.0;1;1
184.265;3.26125;50.0;0.0;31.99145299145299;31.99145299145299;32.0;32.0;1;1
184.374;3.7775;50.0;0.0;31.99145299145299;31.99145299145299;32.0;32.0;1;1
184.486;4.28875;50.0;0.0;31.99145299145299;31.99145299145299;32.0;32.0;1;1
184.596;5.06375;50.0;0.0;31.99145299145299;31.99145299145299;32.0;32.0;1;1
184.709;5.5775;50.0;0.0;31.99145299145299;31.99145299145299;32.0;32.0;1;1
184.821;6.0875;50.0;0.0;31.99145299145299;31.99145299145299;32.0;32.0;1;1
184.929;6.6025;50.0;0.0;31.99145299145299;31.99145299145299;32.0;32.0;1;1
185.045;7.36875;50.0;0.0;31.99145299145299;31.94017094017094;32.0;32.0;1;1
185.153;7.88;50.0;0.0;31.99145299145299;31.94017094017094;32.0;32.0;1;1
185.254;8.39;50.0;0.0;31.99145299145299;31.94017094017094;32.0;32.0;1;1
185.361;8.89375;50.0;0.0;31.99145299145299;31.94017094017094;32.0;32.0;1;1
185.477;9.40375;50.0;0.0;31.99145299145299;31.94017094017094;32.0;32.0;1;1
185.584;9.905;50.0;0.0;31.99145299145299;31.94017094017094;32.0;32.0;1;1
185.693;10.0;50.0;0.0;31.99145299145299;31.94017094017094;32.0;32.0;1;1
185.805;10.0;50.0;0.0;31.99145299145299;31.94017094017094;32.0;32.0;1;1
185.918;10.0;50.0;0.0;31.99145299145299;31.94017094017094;32.0;32.0;1;1
186.028;10.0;50.0;0.0;31.99145299145299;31.99145299145299;32.0;32.0;1;1
186.139;10.0;50.0;0.0;31.99145299145299;31.99145299145299;32.0;32.0;1;1
186.255;10.0;50.0;0.0;31.99145299145299;31.99145299145299;32.0;32.0;1;1
186.362;10.0;50.0;0.0;31.99145299145299;31.99145299145299;32.0;32.0;1;1
186.475;10.0;50.0;0.0;31.99145299145299;31.99145299145299;32.0;32.0;1;1
186.584;10.0;50.0;0.0;31.99145299145299;31.99145299145299;32.0;32.0;1;1
186.699;10.0;50.0;0.0;31.99145299145299;31.99145299145299;32.0;32.0;1;1
186.816;10.0;50.0;0.0;31.99145299145299;31.99145299145299;32.0;32.0;1;1
186.919;10.0;50.0;0.0;31.99145299145299;31.99145299145299;32.0;32.0;1;1
187.03;10.0;50.0;0.0;31.99145299145299;31.94017094017094;32.0;32.0;1;1
187.142;10.0;50.0;0.0;31.99145299145299;31.94017094017094;32.0;32.0;1;1
187.252;10.0;50.0;0.0;31.99145299145299;31.94017094017094;32.0;32.0;1;1
187.362;10.0;50.0;0.0;31.99145299145299;31.94017094017094;32.0;32.0;1;1
187.476;10.0;50.0;0.0;31.99145299145299;31.94017094017094;32.0;32.0;1;1
187.585;10.0;50.0;0.0;31.99145299145299;31.94017094017094;32.0;32.0;1;1
187.699;10.0;50.0;0.0;31.99145299145299;31.94017094017094;32.0;32.0;1;1
187.811;10.0;50.0;0.0;31.99145299145299;31.94017094017094;32.0;32.0;1;1
187.919;9.87875;50.0;0.0;31.99145299145299;31.94017094017094;32.0;32.0;1;1
188.045;9.37;50.0;0.0;31.99145299145299;31.94017094017094;32.0;32.0;1;1
188.146;8.6075;50.0;0.0;31.99145299145299;31.94017094017094;32.0;32.0;1;1
188.269;8.10375;50.0;0.0;31.99145299145299;31.94017094017094;32.0;32.0;1;1
188.37;7.595;50.0;0.0;31.99145299145299;31.94017094017094;32.0;32.0;1;1
188.488;7.08125;50.0;0.0;31.99145299145299;31.94017094017094;32.0;32.0;1;1
188.588;6.315;50.0;0.0;31.99145299145299;31.94017094017094;32.0;32.0;1;1
188.707;5.80125;50.0;0.0;31.99145299145299;31.94017094017094;32.0;32.0;1;1
188.807;5.29125;50.0;0.0;31.99145299145299;31.94017094017094;32.0;32.0;1;1
188.91;4.7775;50.0;0.0;31.99145299145299;31.94017094017094;32.0;32.0;1;1
189.029;4.00875;50.0;0.0;31.99145299145299;31.99145299145299;32.0;32.0;1;1
189.131;3.7575;50.0;0.0;31.99145299145299;31.99145299145299;32.0;32.0;1;1
189.249;2.9875;50.0;0.0;31.99145299145299;31.99145299145299;32.0;32.0;1;1
189.352;2.48;50.0;0.0;31.99145299145299;31.99145299145299;32.0;32.0;1;1
189.456;1.9675;50.0;0.0;31.99145299145299;31.99145299145299;32.0;32.0;1;1
189.559;1.45375;50.0;0.0;31.99145299145299;31.99145299145299;32.0;32.0;1;1
189.663;0.94625;50.0;0.0;31.99145299145299;31.99145299145299;32.0;32.0;1;1
189.825;0.4325;50.0;0.0;31.99145299145299;31.99145299145299;32.0;32.0;1;1
189.93;-0.3375;50.0;0.0;31.99145299145299;31.99145299145299;32.0;32.0;1;1
190.047;-0.8425;50.0;0.0;31.99145299145299;31.99145299145299;32.0;32.0;1;1
190.15;-1.61;50.0;0.0;31.99145299145299;31.99145299145299;32.0;32.0;1;1
190.266;-1.86625;50.0;0.0;31.99145299145299;31.99145299145299;32.0;32.0;1;1
190.392;-2.6275;50.0;0.0;31.99145299145299;31.99145299145299;32.0;32.0;1;1
190.502;-3.39625;50.0;0.0;31.99145299145299;31.99145299145299;32.0;32.0;1;1
190.614;-3.90125;50.0;0.0;31.99145299145299;31.99145299145299;32.0;32.0;1;1
190.715;-4.41375;50.0;0.0;31.99145299145299;31.99145299145299;32.0;32.0;1;1
190.821;-4.925;50.0;0.0;31.99145299145299;31.99145299145299;32.0;32.0;1;1
190.938;-5.4375;50.0;0.0;31.99145299145299;31.99145299145299;32.0;32.0;1;1
191.04;-5.6925;50.0;0.0;31.99145299145299;31.94017094017094;32.0;32.0;1;1
191.151;-6.71125;50.0;0.0;31.99145299145299;31.94017094017094;32.0;32.0;1;1
191.272;-6.9675;50.0;0.0;31.99145299145299;31.94017094017094;32.0;32.0;1;1
191.381;-7.73375;50.0;0.0;31.99145299145299;31.94017094017094;32.0;32.0;1;1
191.495;-8.23625;50.0;0.0;31.99145299145299;31.94017094017094;32.0;32.0;1;1
191.606;-8.9975;50.0;0.0;31.99145299145299;31.94017094017094;32.0;32.0;1;1
191.709;-9.5;50.0;0.0;31.99145299145299;31.94017094017094;32.0;32.0;1;1
191.81;-9.96375;50.0;0.0;31.99145299145299;31.94017094017094;32.0;32.0;1;1
191.926;-10.0;50.0;0.0;31.99145299145299;31.94017094017094;32.0;32.0;1;1
192.029;-10.0;50.0;0.0;31.99145299145299;31.94017094017094;32.0;32.0;1;1
192.147;-10.0;50.0;0.0;31.99145299145299;31.94017094017094;32.0;32.0;1;1
192.248;-10.0;50.0;0.0;31.99145299145299;31.94017094017094;32.0;32.0;1;1
192.353;-10.0;50.0;0.0;31.99145299145299;31.94017094017094;32.0;32.0;1;1
192.464;-10.0;50.0;0.0;31.99145299145299;31.94017094017094;32.0;32.0;1;1
192.577;-10.0;50.0;0.0;31.99145299145299;31.94017094017094;32.0;32.0;1;1
192.69;-10.0;50.0;0.0;31.99145299145299;31.94017094017094;32.0;32.0;1;1
192.8;-10.0;50.0;0.0;31.99145299145299;31.94017094017094;32.0;32.0;1;1
192.907;-10.0;50.0;0.0;31.99145299145299;31.94017094017094;32.0;32.0;1;1
193.015;-10.0;50.0;0.0;31.99145299145299;31.99145299145299;32.0;32.0;1;1
193.12;-10.0;50.0;0.0;31.99145299145299;31.99145299145299;32.0;32.0;1;1
193.238;-10.0;50.0;0.0;31.99145299145299;31.99145299145299;32.0;32.0;1;1
193.357;-10.0;50.0;0.0;31.99145299145299;31.99145299145299;32.0;32.0;1;1
193.459;-10.0;50.0;0.0;31.99145299145299;31.99145299145299;32.0;32.0;1;1
193.568;-10.0;50.0;0.0;31.99145299145299;31.99145299145299;32.0;32.0;1;1
193.683;-10.0;50.0;0.0;31.99145299145299;31.99145299145299;32.0;32.0;1;1
193.785;-10.0;50.0;0.0;31.99145299145299;31.99145299145299;32.0;32.0;1;1
193.895;-10.0;50.0;0.0;31.99145299145299;31.99145299145299;32.0;32.0;1;1
193.998;-10.0;50.0;0.0;31.99145299145299;31.94017094017094;32.0;32.0;1;1
194.099;-9.71125;50.0;0.0;31.99145299145299;31.94017094017094;32.0;32.0;1;1
194.215;-9.455;50.0;0.0;31.99145299145299;31.94017094017094;32.0;32.0;1;1
194.331;-8.695;50.0;0.0;31.99145299145299;31.94017094017094;32.0;32.0;1;1
194.436;-8.43875;50.0;0.0;31.99145299145299;31.94017094017094;32.0;32.0;1;1
194.55;-7.6725;50.0;0.0;31.99145299145299;31.94017094017094;32.0;32.0;1;1
194.667;-7.16375;50.0;0.0;31.99145299145299;31.94017094017094;32.0;32.0;1;1
194.781;-6.39;50.0;0.0;31.99145299145299;31.94017094017094;32.0;32.0;1;1
194.882;-5.87375;50.0;0.0;31.99145299145299;31.94017094017094;32.0;32.0;1;1
194.989;-5.3625;50.0;0.0;31.99145299145299;31.94017094017094;32.0;32.0;1;1
195.091;-5.10375;50.0;0.0;31.99145299145299;31.94017094017094;32.0;32.0;1;1
195.194;-4.33125;50.0;0.0;31.99145299145299;31.94017094017094;32.0;32.0;1;1
195.302;-3.81625;50.0;0.0;31.99145299145299;31.94017094017094;32.0;32.0;1;1
195.409;-3.04375;50.0;0.0;31.99145299145299;31.94017094017094;32.0;32.0;1;1
195.516;-2.7925;50.0;0.0;31.99145299145299;31.94017094017094;32.0;32.0;1;1
195.626;-2.025;50.0;0.0;31.99145299145299;31.94017094017094;32.0;32.0;1;1
195.738;-1.77;50.0;0.0;31.99145299145299;31.94017094017094;32.0;32.0;1;1
195.839;-1.01125;50.0;0.0;31.99145299145299;31.94017094017094;32.0;32.0;1;1
195.946;-0.50125;50.0;0.0;31.99145299145299;31.94017094017094;32.0;32.0;1;1
196.05;0.0;50.0;0.0;31.99145299145299;31.99145299145299;32.0;32.0;1;1
196.168;0.0;50.0;0.0;31.99145299145299;31.99145299145299;32.0;32.0;1;1
196.273;0.0;50.0;0.0;31.99145299145299;31.99145299145299;32.0;32.0;1;1
196.391;0.0;50.0;0.0;31.99145299145299;31.99145299145299;32.0;32.0;1;1
196.492;0.0;50.0;0.0;31.99145299145299;31.99145299145299;32.0;32.0;1;1
196.596;0.0;50.0;0.0;31.99145299145299;31.99145299145299;32.0;32.0;1;1
196.708;0.0;50.0;0.0;31.99145299145299;31.99145299145299;32.0;32.0;1;1
196.823;0.0;50.0;0.0;31.99145299145299;31.99145299145299;32.0;32.0;1;1
196.928;0.0;50.0;0.0;31.99145299145299;31.99145299145299;32.0;32.0;1;1
197.048;0.0;50.0;0.0;31.99145299145299;31.99145299145299;32.0;32.0;1;1
197.15;0.0;50.0;0.0;31.99145299145299;31.99145299145299;32.0;32.0;1;1
197.261;0.0;50.0;0.0;31.99145299145299;31.99145299145299;32.0;32.0;1;1
197.362;0.0;50.0;0.0;31.99145299145299;31.99145299145299;32.0;32.0;1;1
197.468;0.0;50.0;0.0;31.99145299145299;31.99145299145299;32.0;32.0;1;1
197.579;0.0;50.0;0.0;31.99145299145299;31.99145299145299;32.0;32.0;1;1
197.685;0.0;50.0;0.0;31.99145299145299;31.99145299145299;32.0;32.0;1;1
197.792;0.0;50.0;0.0;31.99145299145299;31.99145299145299;32.0;32.0;1;1
197.893;0.0;50.0;0.0;31.99145299145299;31.99145299145299;32.0;32.0;1;1
197.993;0.0;50.0;0.0;31.99145299145299;31.94017094017094;32.0;32.0;1;1
198.093;0.0;50.0;0.0;31.99145299145299;31.94017094017094;32.0;32.0;1;1
198.204;0.0;50.0;0.0;31.99145299145299;31.94017094017094;32.0;32.0;1;1
198.304;0.0;50.0;0.0;31.99145299145299;31.94017094017094;32.0;32.0;1;1
198.405;0.0;50.0;0.0;31.99145299145299;31.94017094017094;32.0;32.0;1;1
198.506;0.0;50.0;0.0;31.99145299145299;31.94017094017094;32.0;32.0;1;1
198.607;0.0;50.0;0.0;31.99145299145299;31.94017094017094;32.0;32.0;1;1
198.709;0.0;50.0;0.0;31.99145299145299;31.94017094017094;32.0;32.0;1;1
198.815;0.0;50.0;0.0;31.99145299145299;31.94017094017094;32.0;32.0;1;1
198.915;0.0;50.0;0.0;31.99145299145299;31.94017094017094;32.0;32.0;1;1
199.018;0.0;50.0;0.0;31.99145299145299;31.94017094017094;32.0;32.0;1;1
199.13;0.0;50.0;0.0;31.99145299145299;31.94017094017094;32.0;32.0;1;1
199.242;0.0;50.0;0.0;31.99145299145299;31.94017094017094;32.0;32.0;1;1
199.355;0.0;50.0;0.0;31.99145299145299;31.94017094017094;32.0;32.0;1;1
199.497;0.0;50.0;0.0;31.99145299145299;31.94017094017094;32.0;32.0;1;1
199.603;0.0;50.0;0.0;31.99145299145299;31.94017094017094;32.0;32.0;1;1
199.712;0.0;50.0;0.0;31.99145299145299;31.94017094017094;32.0;32.0;1;1
199.816;0.0;50.0;0.0;31.99145299145299;31.94017094017094;32.0;32.0;1;1
199.918;0.0;50.0;0.0;31.99145299145299;31.94017094017094;32.0;32.0;1;1
200.02;0.0;50.0;0.0;31.99145299145299;31.99145299145299;32.0;32.0;1;1
200.127;0.0;50.0;0.0;31.99145299145299;31.99145299145299;32.0;32.0;1;1
200.246;0.0;50.0;0.0;31.99145299145299;31.99145299145299;32.0;32.0;1;1
200.355;0.0;50.0;0.0;31.99145299145299;31.99145299145299;32.0;32.0;1;1
200.464;0.0975;50.0;0.0;31.99145299145299;31.99145299145299;32.0;32.0;1;1
200.569;0.60125;50.0;0.0;31.99145299145299;31.99145299145299;32.0;32.0;1;1
200.686;1.36625;50.0;0.0;31.99145299145299;31.99145299145299;32.0;32.0;1;1
200.788;1.6175;50.0;0.0;31.99145299145299;31.99145299145299;32.0;32.0;1;1
200.889;2.38375;50.0;0.0;31.99145299145299;31.99145299145299;32.0;32.0;1;1
201.002;2.8975;50.0;0.0;31.99145299145299;31.99145299145299;32.0;32.0;1;1
201.11;3.41375;50.0;0.0;31.99145299145299;31.94017094017094;32.0;32.0;1;1
201.23;3.93;50.0;0.0;31.99145299145299;31.94017094017094;32.0;32.0;1;1
201.334;4.7;50.0;0.0;31.99145299145299;31.94017094017094;32.0;32.0;1;1
201.445;4.95875;50.0;0.0;31.99145299145299;31.94017094017094;32.0;32.0;1;1
201.557;5.73;50.0;0.0;31.99145299145299;31.94017094017094;32.0;32.0;1;1
201.667;6.24;50.0;0.0;31.99145299145299;31.94017094017094;32.0;32.0;1;1
201.778;6.755;50.0;0.0;31.99145299145299;31.94017094017094;32.0;32.0;1;1
201.889;7.27;50.0;0.0;31.99145299145299;31.94017094017094;32.0;32.0;1;1
202.0;8.03125;50.0;0.0;31.99145299145299;31.94017094017094;32.0;32.0;1;1
202.111;8.54125;50.0;0.0;31.99145299145299;31.99145299145299;32.0;32.0;1;1
202.22;9.045;50.0;0.0;31.99145299145299;31.99145299145299;32.0;32.0;1;1
202.332;9.555;50.0;0.0;31.99145299145299;31.99145299145299;32.0;32.0;1;1
202.442;9.98375;50.0;0.0;31.99145299145299;31.99145299145299;32.0;32.0;1;1
202.553;10.0;50.0;0.0;31.99145299145299;31.99145299145299;32.0;32.0;1;1
202.664;10.0;50.0;0.0;31.99145299145299;31.99145299145299;32.0;32.0;1;1
202.775;10.0;50.0;0.0;31.99145299145299;31.99145299145299;32.0;32.0;1;1
202.887;10.0;50.0;0.0;31.99145299145299;31.99145299145299;32.0;32.0;1;1
202.997;10.0;50.0;0.0;31.99145299145299;31.99145299145299;32.0;32.0;1;1
203.102;10.0;50.0;0.0;31.99145299145299;31.94017094017094;32.0;32.0;1;1
203.225;10.0;50.0;0.0;31.99145299145299;31.94017094017094;32.0;32.0;1;1
203.343;10.0;50.0;0.0;31.99145299145299;31.94017094017094;32.0;32.0;1;1
203.445;10.0;50.0;0.0;31.99145299145299;31.94017094017094;32.0;32.0;1;1
203.547;10.0;50.0;0.0;31.99145299145299;31.94017094017094;32.0;32.0;1;1
203.653;10.0;50.0;0.0;31.99145299145299;31.94017094017094;32.0;32.0;1;1
203.758;10.0;50.0;0.0;31.99145299145299;31.94017094017094;32.0;32.0;1;1
203.877;10.0;50.0;0.0;31.99145299145299;31.94017094017094;32.0;32.0;1;1
203.999;10.0;50.0;0.0;31.99145299145299;31.94017094017094;32.0;32.0;1;1
204.14;10.0;50.0;0.0;31.99145299145299;31.94017094017094;32.0;32.0;1;1
204.251;10.0;50.0;0.0;31.99145299145299;31.94017094017094;32.0;32.0;1;1
204.363;10.0;50.0;0.0;31.99145299145299;31.94017094017094;32.0;32.0;1;1
204.468;10.0;50.0;0.0;31.99145299145299;31.94017094017094;32.0;32.0;1;1
204.57;10.0;50.0;0.0;31.99145299145299;31.94017094017094;32.0;32.0;1;1
204.687;10.0;50.0;0.0;31.99145299145299;31.94017094017094;32.0;32.0;1;1
204.811;9.7725;50.0;0.0;31.99145299145299;31.94017094017094;32.0;32.0;1;1
204.93;9.515;50.0;0.0;31.99145299145299;31.94017094017094;32.0;32.0;1;1
205.047;8.4975;50.0;0.0;31.99145299145299;31.99145299145299;32.0;32.0;1;1
205.16;7.99375;50.0;0.0;31.99145299145299;31.99145299145299;32.0;32.0;1;1
205.269;7.485;50.0;0.0;31.99145299145299;31.99145299145299;32.0;32.0;1;1
205.37;6.97125;50.0;0.0;31.99145299145299;31.99145299145299;32.0;32.0;1;1
205.474;6.71375;50.0;0.0;31.99145299145299;31.99145299145299;32.0;32.0;1;1
205.585;5.9425;50.0;0.0;31.99145299145299;31.99145299145299;32.0;32.0;1;1
205.701;5.17625;50.0;0.0;31.99145299145299;31.99145299145299;32.0;32.0;1;1
205.81;4.6625;50.0;0.0;31.99145299145299;31.99145299145299;32.0;32.0;1;1
205.914;4.40625;50.0;0.0;31.99145299145299;31.99145299145299;32.0;32.0;1;1
206.029;3.64125;50.0;0.0;31.99145299145299;31.99145299145299;32.0;32.0;1;1
206.135;3.385;50.0;0.0;31.99145299145299;31.94017094017094;32.0;32.0;1;1
206.25;2.365;50.0;0.0;31.99145299145299;31.94017094017094;32.0;32.0;1;1
206.363;2.1075;50.0;0.0;31.99145299145299;31.94017094017094;32.0;32.0;1;1
206.482;1.33875;50.0;0.0;31.99145299145299;31.94017094017094;32.0;32.0;1;1
206.587;1.08125;50.0;0.0;31.99145299145299;31.94017094017094;32.0;32.0;1;1
206.706;0.06;50.0;0.0;31.99145299145299;31.94017094017094;32.0;32.0;1;1
206.807;-0.4475;50.0;0.0;31.99145299145299;31.94017094017094;32.0;32.0;1;1
206.91;-0.95875;50.0;0.0;31.99145299145299;31.94017094017094;32.0;32.0;1;1
207.015;-1.47;50.0;0.0;31.99145299145299;31.94017094017094;32.0;32.0;1;1
207.13;-2.23125;50.0;0.0;31.99145299145299;31.94017094017094;32.0;32.0;1;1
207.232;-2.4875;50.0;0.0;31.99145299145299;31.94017094017094;32.0;32.0;1;1
207.338;-2.99875;50.0;0.0;31.99145299145299;31.94017094017094;32.0;32.0;1;1
207.456;-3.255;50.0;0.0;31.99145299145299;31.94017094017094;32.0;32.0;1;1
207.561;-4.2725;50.0;0.0;31.99145299145299;31.94017094017094;32.0;32.0;1;1
207.662;-4.785;50.0;0.0;31.99145299145299;31.94017094017094;32.0;32.0;1;1
207.767;-5.035;50.0;0.0;31.99145299145299;31.94017094017094;32.0;32.0;1;1
207.884;-5.80375;50.0;0.0;31.99145299145299;31.94017094017094;32.0;32.0;1;1
207.998;-6.315;50.0;0.0;31.99145299145299;31.94017094017094;32.0;32.0;1;1
208.111;-7.0775;50.0;0.0;31.99145299145299;31.99145299145299;32.0;32.0;1;1
208.223;-7.33375;50.0;0.0;31.99145299145299;31.99145299145299;32.0;32.0;1;1
208.353;-8.09625;50.0;0.0;31.99145299145299;31.99145299145299;32.0;32.0;1;1
208.453;-8.85875;50.0;0.0;31.99145299145299;31.99145299145299;32.0;32.0;1;1
208.555;-9.36125;50.0;0.0;31.99145299145299;31.99145299145299;32.0;32.0;1;1
208.659;-9.87;50.0;0.0;31.99145299145299;31.99145299145299;32.0;32.0;1;1
208.77;-9.9975;50.0;0.0;31.99145299145299;31.99145299145299;32.0;32.0;1;1
208.887;-10.0;50.0;0.0;31.99145299145299;31.99145299145299;32.0;32.0;1;1
208.999;-10.0;50.0;0.0;31.99145299145299;31.99145299145299;32.0;32.0;1;1
209.122;-10.0;50.0;0.0;31.99145299145299;31.99145299145299;32.0;32.0;1;1
209.224;-10.0;50.0;0.0;31.99145299145299;31.99145299145299;32.0;32.0;1;1
209.333;-10.0;50.0;0.0;31.99145299145299;31.99145299145299;32.0;32.0;1;1
209.444;-10.0;50.0;0.0;31.99145299145299;31.99145299145299;32.0;32.0;1;1
209.547;-10.0;50.0;0.0;31.99145299145299;31.99145299145299;32.0;32.0;1;1
209.652;-10.0;50.0;0.0;31.99145299145299;31.99145299145299;32.0;32.0;1;1
209.77;-10.0;50.0;0.0;31.99145299145299;31.99145299145299;32.0;32.0;1;1
209.872;-10.0;50.0;0.0;31.99145299145299;31.99145299145299;32.0;32.0;1;1
209.976;-10.0;50.0;0.0;31.99145299145299;31.99145299145299;32.0;32.0;1;1
210.088;-10.0;50.0;0.0;31.99145299145299;31.99145299145299;32.0;32.0;1;1
210.196;-10.0;50.0;0.0;31.99145299145299;31.99145299145299;32.0;32.0;1;1
210.307;-10.0;50.0;0.0;31.99145299145299;31.99145299145299;32.0;32.0;1;1
210.428;-10.0;50.0;0.0;31.99145299145299;31.99145299145299;32.0;32.0;1;1
210.531;-10.0;50.0;0.0;31.99145299145299;31.99145299145299;32.0;32.0;1;1
210.633;-10.0;50.0;0.0;31.99145299145299;31.99145299145299;32.0;32.0;1;1
210.743;-10.0;50.0;0.0;31.99145299145299;31.99145299145299;32.0;32.0;1;1
210.856;-10.0;50.0;0.0;31.99145299145299;31.99145299145299;32.0;32.0;1;1
210.962;-10.0;50.0;0.0;31.99145299145299;31.99145299145299;32.0;32.0;1;1
211.07;-9.77625;50.0;0.0;31.99145299145299;31.99145299145299;32.0;32.0;1;1
211.174;-9.51875;50.0;0.0;31.99145299145299;31.99145299145299;32.0;32.0;1;1
211.276;-8.75875;50.0;0.0;31.99145299145299;31.99145299145299;32.0;32.0;1;1
211.39;-8.2475;50.0;0.0;31.99145299145299;31.99145299145299;32.0;32.0;1;1
211.497;-7.7425;50.0;0.0;31.99145299145299;31.99145299145299;32.0;32.0;1;1
211.606;-7.22875;50.0;0.0;31.99145299145299;31.99145299145299;32.0;32.0;1;1
211.711;-6.455;50.0;0.0;31.99145299145299;31.99145299145299;32.0;32.0;1;1
211.817;-6.20125;50.0;0.0;31.99145299145299;31.99145299145299;32.0;32.0;1;1
211.944;-5.4275;50.0;0.0;31.99145299145299;31.99145299145299;32.0;32.0;1;1
212.049;-4.91;50.0;0.0;31.99145299145299;31.94017094017094;32.0;32.0;1;1
212.149;-4.40125;50.0;0.0;31.99145299145299;31.94017094017094;32.0;32.0;1;1
212.275;-3.88625;50.0;0.0;31.99145299145299;31.94017094017094;32.0;32.0;1;1
212.409;-3.12;50.0;0.0;31.99145299145299;31.94017094017094;32.0;32.0;1;1
212.51;-2.605;50.0;0.0;31.99145299145299;31.94017094017094;32.0;32.0;1;1
212.611;-1.83875;50.0;0.0;31.99145299145299;31.94017094017094;32.0;32.0;1;1
212.712;-1.58375;50.0;0.0;31.99145299145299;31.94017094017094;32.0;32.0;1;1
212.812;-0.82;50.0;0.0;31.99145299145299;31.94017094017094;32.0;32.0;1;1
212.914;-0.565;50.0;0.0;31.99145299145299;31.94017094017094;32.0;32.0;1;1
213.014;0.0;50.0;0.0;31.99145299145299;31.99145299145299;32.0;32.0;1;1
213.115;0.0;50.0;0.0;31.99145299145299;31.99145299145299;32.0;32.0;1;1
213.232;0.0;50.0;0.0;31.99145299145299;31.99145299145299;32.0;32.0;1;1
213.342;0.0;50.0;0.0;31.99145299145299;31.99145299145299;32.0;32.0;1;1
213.448;0.0;50.0;0.0;31.99145299145299;31.99145299145299;32.0;32.0;1;1
213.563;0.0;50.0;0.0;31.99145299145299;31.99145299145299;32.0;32.0;1;1
213.67;0.0;50.0;0.0;31.99145299145299;31.99145299145299;32.0;32.0;1;1
213.781;0.0;50.0;0.0;31.99145299145299;31.99145299145299;32.0;32.0;1;1
213.891;0.0;50.0;0.0;31.99145299145299;31.99145299145299;32.0;32.0;1;1
214.003;0.0;50.0;0.0;31.99145299145299;31.99145299145299;32.0;32.0;1;1
214.113;0.0;50.0;0.0;31.94017094017094;31.99145299145299;32.0;32.0;1;1
214.226;0.0;50.0;0.0;31.94017094017094;31.99145299145299;32.0;32.0;1;1
214.333;0.0;50.0;0.0;31.94017094017094;31.99145299145299;32.0;32.0;1;1
214.446;0.0;50.0;0.0;31.94017094017094;31.99145299145299;32.0;32.0;1;1
214.559;0.0;50.0;0.0;31.94017094017094;31.99145299145299;32.0;32.0;1;1
214.677;0.0;50.0;0.0;31.94017094017094;31.99145299145299;32.0;32.0;1;1
214.79;0.0;50.0;0.0;31.94017094017094;31.99145299145299;32.0;32.0;1;1
214.89;0.0;50.0;0.0;31.94017094017094;31.99145299145299;32.0;32.0;1;1
214.992;0.0;50.0;0.0;31.99145299145299;31.99145299145299;32.0;32.0;1;1
215.097;0.0;50.0;0.0;31.99145299145299;31.99145299145299;32.0;32.0;1;1
215.206;0.0;50.0;0.0;31.99145299145299;31.99145299145299;32.0;32.0;1;1
215.318;0.07625;50.0;0.0;31.99145299145299;31.99145299145299;32.0;32.0;1;1
215.427;0.57375;50.0;0.0;31.99145299145299;31.99145299145299;32.0;32.0;1;1
215.538;1.08375;50.0;0.0;31.99145299145299;31.99145299145299;32.0;32.0;1;1
215.647;1.84375;50.0;0.0;31.99145299145299;31.99145299145299;32.0;32.0;1;1
215.76;2.355;50.0;0.0;31.99145299145299;31.99145299145299;32.0;32.0;1;1
215.87;2.86;50.0;0.0;31.99145299145299;31.99145299145299;32.0;32.0;1;1
215.983;3.36875;50.0;0.0;31.99145299145299;31.99145299145299;32.0;32.0;1;1
216.096;4.1325;50.0;0.0;31.99145299145299;31.94017094017094;32.0;32.0;1;1
216.197;4.6375;50.0;0.0;31.99145299145299;31.94017094017094;32.0;32.0;1;1
216.3;5.0;50.0;0.0;31.99145299145299;31.94017094017094;32.0;32.0;1;1
216.423;5.0;50.0;0.0;31.99145299145299;31.94017094017094;32.0;32.0;1;1
216.531;5.0;50.0;0.0;31.99145299145299;31.94017094017094;32.0;32.0;1;1
216.642;5.0;50.0;0.0;31.99145299145299;31.94017094017094;32.0;32.0;1;1
216.753;5.0;50.0;0.0;31.99145299145299;31.94017094017094;32.0;32.0;1;1
216.87;5.0;50.0;0.0;31.99145299145299;31.94017094017094;32.0;32.0;1;1
216.974;5.0;50.0;0.0;31.99145299145299;31.94017094017094;32.0;32.0;1;1
217.085;5.0;50.0;0.0;31.99145299145299;31.99145299145299;32.0;32.0;1;1
217.196;5.0;50.0;0.0;31.99145299145299;31.99145299145299;32.0;32.0;1;1
217.308;5.0;50.0;0.0;31.99145299145299;31.99145299145299;32.0;32.0;1;1
217.418;5.0;50.0;0.0;31.99145299145299;31.99145299145299;32.0;32.0;1;1
217.519;5.0;50.0;0.0;31.99145299145299;31.99145299145299;32.0;32.0;1;1
217.625;5.0;50.0;0.0;31.99145299145299;31.99145299145299;32.0;32.0;1;1
217.737;5.0;50.0;0.0;31.99145299145299;31.99145299145299;32.0;32.0;1;1
217.848;5.0;50.0;0.0;31.99145299145299;31.99145299145299;32.0;32.0;1;1
217.958;5.0;50.0;0.0;31.99145299145299;31.99145299145299;32.0;32.0;1;1
218.069;5.0;50.0;0.0;31.99145299145299;31.99145299145299;32.0;32.0;1;1
218.194;5.0;50.0;0.0;31.99145299145299;31.99145299145299;32.0;32.0;1;1
218.298;5.0;50.0;0.0;31.99145299145299;31.99145299145299;32.0;32.0;1;1
218.434;5.0;50.0;0.0;31.99145299145299;31.99145299145299;32.0;32.0;1;1
218.537;4.81625;50.0;0.0;31.99145299145299;31.99145299145299;32.0;32.0;1;1
218.66;4.55875;50.0;0.0;31.99145299145299;31.99145299145299;32.0;32.0;1;1
218.767;3.80125;50.0;0.0;31.99145299145299;31.99145299145299;32.0;32.0;1;1
218.885;3.2925;50.0;0.0;31.99145299145299;31.99145299145299;32.0;32.0;1;1
218.996;2.7825;50.0;0.0;31.99145299145299;31.99145299145299;32.0;32.0;1;1
219.099;2.02625;50.0;0.0;31.99145299145299;31.99145299145299;32.0;32.0;1;1
219.208;1.51875;50.0;0.0;31.99145299145299;31.99145299145299;32.0;32.0;1;1
219.313;1.265;50.0;0.0;31.99145299145299;31.99145299145299;32.0;32.0;1;1
219.431;0.50875;50.0;0.0;31.99145299145299;31.99145299145299;32.0;32.0;1;1
219.533;0.04125;50.0;0.0;31.99145299145299;31.99145299145299;32.0;32.0;1;1
219.649;0.0;50.0;0.0;31.99145299145299;31.99145299145299;32.0;32.0;1;1
219.753;0.0;50.0;0.0;31.99145299145299;31.99145299145299;32.0;32.0;1;1
219.885;0.0;50.0;0.0;31.99145299145299;31.99145299145299;32.0;32.0;1;1
219.988;0.0;50.0;0.0;31.99145299145299;31.99145299145299;32.0;32.0;1;1
220.1;0.0;50.0;0.0;31.99145299145299;31.94017094017094;32.0;32.0;1;1
220.216;0.0;50.0;0.0;31.99145299145299;31.94017094017094;32.0;32.0;1;1
220.336;0.0;50.0;0.0;31.99145299145299;31.94017094017094;32.0;32.0;1;1
220.444;0.0;50.0;0.0;31.99145299145299;31.94017094017094;32.0;32.0;1;1
220.556;0.0;50.0;0.0;31.99145299145299;31.94017094017094;32.0;32.0;1;1
220.663;0.0;50.0;0.0;31.99145299145299;31.94017094017094;32.0;32.0;1;1
220.767;0.0;50.0;0.0;31.99145299145299;31.94017094017094;32.0;32.0;1;1
220.88;0.0;50.0;0.0;31.99145299145299;31.94017094017094;32.0;32.0;1;1
220.997;0.0;50.0;0.0;31.99145299145299;31.94017094017094;32.0;32.0;1;1
221.134;0.0;50.0;0.0;31.99145299145299;31.99145299145299;32.0;32.0;1;1
221.254;0.0;50.0;0.0;31.99145299145299;31.99145299145299;32.0;32.0;1;1
221.359;0.0;50.0;0.0;31.99145299145299;31.99145299145299;32.0;32.0;1;1
221.481;0.0;50.0;0.0;31.99145299145299;31.99145299145299;32.0;32.0;1;1
221.583;0.0;50.0;0.0;31.99145299145299;31.99145299145299;32.0;32.0;1;1
221.705;0.0;50.0;0.0;31.99145299145299;31.99145299145299;32.0;32.0;1;1
221.812;0.0;50.0;0.0;31.99145299145299;31.99145299145299;32.0;32.0;1;1
221.92;0.0;50.0;0.0;31.99145299145299;31.99145299145299;32.0;32.0;1;1
222.028;0.0;50.0;0.0;31.99145299145299;31.99145299145299;32.0;32.0;1;1
222.132;0.0;50.0;0.0;31.99145299145299;31.94017094017094;32.0;32.0;1;1
222.237;0.0;50.0;0.0;31.99145299145299;31.94017094017094;32.0;32.0;1;1
222.36;0.0;50.0;0.0;31.99145299145299;31.94017094017094;32.0;32.0;1;1
222.473;0.0;50.0;0.0;31.99145299145299;31.94017094017094;32.0;32.0;1;1
222.594;0.0;50.0;0.0;31.99145299145299;31.94017094017094;32.0;32.0;1;1
222.711;0.0;50.0;0.0;31.99145299145299;31.94017094017094;32.0;32.0;1;1
222.814;0.0;50.0;0.0;31.99145299145299;31.94017094017094;32.0;32.0;1;1
222.927;0.0;50.0;0.0;31.99145299145299;31.94017094017094;32.0;32.0;1;1
223.035;0.0;50.0;0.0;31.99145299145299;31.94017094017094;32.0;32.0;1;1
223.151;0.0;50.0;0.0;31.99145299145299;31.94017094017094;32.0;32.0;1;1
223.252;0.0;50.0;0.0;31.99145299145299;31.94017094017094;32.0;32.0;1;1
223.367;0.0;50.0;0.0;31.99145299145299;31.94017094017094;32.0;32.0;1;1
223.473;0.0;50.0;0.0;31.99145299145299;31.94017094017094;32.0;32.0;1;1
223.575;0.0;50.0;0.0;31.99145299145299;31.94017094017094;32.0;32.0;1;1
223.698;0.0;50.0;0.0;31.99145299145299;31.94017094017094;32.0;32.0;1;1
223.843;0.0;50.0;0.0;31.99145299145299;31.94017094017094;32.0;32.0;1;1
223.945;0.0;50.0;0.0;31.99145299145299;31.94017094017094;32.0;32.0;1;1
224.046;0.0;50.0;0.0;31.99145299145299;31.94017094017094;32.0;32.0;1;1
224.147;0.0;50.0;0.0;31.99145299145299;31.99145299145299;32.0;32.0;1;1
224.266;0.0;50.0;0.0;31.99145299145299;31.99145299145299;32.0;32.0;1;1
224.383;0.0;50.0;0.0;31.99145299145299;31.99145299145299;32.0;32.0;1;1
224.506;0.0;50.0;0.0;31.99145299145299;31.99145299145299;32.0;32.0;1;1
224.619;0.0;50.0;0.0;31.99145299145299;31.99145299145299;32.0;32.0;1;1
224.722;0.0;50.0;0.0;31.99145299145299;31.99145299145299;32.0;32.0;1;1
224.827;0.0;50.0;0.0;31.99145299145299;31.99145299145299;32.0;32.0;1;1
224.93;0.0;50.0;0.0;31.99145299145299;31.99145299145299;32.0;32.0;1;1
225.038;0.0;50.0;0.0;31.99145299145299;31.99145299145299;32.0;32.0;1;1
225.165;0.0;50.0;0.0;31.99145299145299;31.94017094017094;32.0;32.0;1;1
225.277;0.0;50.0;0.0;31.99145299145299;31.94017094017094;32.0;32.0;1;1
225.379;0.0;50.0;0.0;31.99145299145299;31.94017094017094;32.0;32.0;1;1
225.48;0.0;50.0;0.0;31.99145299145299;31.94017094017094;32.0;32.0;1;1
225.593;0.0;50.0;0.0;31.99145299145299;31.94017094017094;32.0;32.0;1;1
225.695;0.0;50.0;0.0;31.99145299145299;31.94017094017094;32.0;32.0;1;1
225.81;0.0;50.0;0.0;31.99145299145299;31.94017094017094;32.0;32.0;1;1
225.926;0.0;50.0;0.0;31.99145299145299;31.94017094017094;32.0;32.0;1;1
226.03;0.0;50.0;0.0;31.99145299145299;31.94017094017094;32.0;32.0;1;1
226.156;0.0;50.0;0.0;31.99145299145299;31.99145299145299;32.0;32.0;1;1
226.268;0.0;50.0;0.0;31.99145299145299;31.99145299145299;32.0;32.0;1;1
226.375;0.0;50.0;0.0;31.99145299145299;31.99145299145299;32.0;32.0;1;1
226.486;0.0;50.0;0.0;31.99145299145299;31.99145299145299;32.0;32.0;1;1
226.587;0.0;50.0;0.0;31.99145299145299;31.99145299145299;32.0;32.0;1;1
226.697;0.0;50.0;0.0;31.99145299145299;31.99145299145299;32.0;32.0;1;1
226.798;0.0;50.0;0.0;31.99145299145299;31.99145299145299;32.0;32.0;1;1
226.914;0.0;50.0;0.0;31.99145299145299;31.99145299145299;32.0;32.0;1;1
227.015;0.0;50.0;0.0;31.99145299145299;31.99145299145299;32.0;32.0;1;1
227.131;0.0;50.0;0.0;31.99145299145299;31.99145299145299;32.0;32.0;1;1
227.246;0.0;50.0;0.0;31.99145299145299;31.99145299145299;32.0;32.0;1;1
227.352;0.0;50.0;0.0;31.99145299145299;31.99145299145299;32.0;32.0;1;1
227.458;0.0;50.0;0.0;31.99145299145299;31.99145299145299;32.0;32.0;1;1
227.56;0.0;50.0;0.0;31.99145299145299;31.99145299145299;32.0;32.0;1;1
227.66;0.0;50.0;0.0;31.99145299145299;31.99145299145299;32.0;32.0;1;1
227.774;0.0;50.0;0.0;31.99145299145299;31.99145299145299;32.0;32.0;1;1
227.89;0.0;50.0;0.0;31.99145299145299;31.99145299145299;32.0;32.0;1;1
227.993;0.0;50.0;0.0;31.99145299145299;31.99145299145299;32.0;32.0;1;1
228.096;0.0;50.0;0.0;31.99145299145299;31.99145299145299;32.0;32.0;1;1
228.207;0.0;50.0;0.0;31.99145299145299;31.99145299145299;32.0;32.0;1;1
228.317;0.0;50.0;0.0;31.99145299145299;31.99145299145299;32.0;32.0;1;1
228.418;0.0;50.0;0.0;31.99145299145299;31.99145299145299;32.0;32.0;1;1
228.521;0.0;50.0;0.0;31.99145299145299;31.99145299145299;32.0;32.0;1;1
228.636;0.0;50.0;0.0;31.99145299145299;31.99145299145299;32.0;32.0;1;1
228.746;0.0;50.0;0.0;31.99145299145299;31.99145299145299;32.0;32.0;1;1
228.855;0.0;50.0;0.0;31.99145299145299;31.99145299145299;32.0;32.0;1;1
228.969;0.0;50.0;0.0;31.99145299145299;31.99145299145299;32.0;32.0;1;1
